AgentCode,AgencyName,LOB,State,ZipCode,PeriodStart,PeriodEnd,LossRatio,EarnedPremium,IncurredLoss,CommissionAmount,CommissionWrittenPremium,EligibleForRenewal,Renewals,PoliciesActive,NewCount,RewriteCount,Submitted,Quoted,Bound,SubmissionQuality,RetentionRate,ExpenseRatio,EP_utility_peer,DeclinedWithdrawn,DeclinedWithdrawnReason,HitRatio,CloseRatio
120000,Clearwater Insurance Services,Workers Comp,NJ,7030,1/1/2026,1/31/2026,0.466,456.05,2454,156.17,3419.29,1,3,2,0,0,8,6,4,0.5,0.8654,0.348,0.973440518,2,,0.6667,0.5
120000,Clearwater Insurance Services,Workers Comp,NJ,7030,10/1/2025,10/31/2025,0.501,1256.8,1024.3,499.61,1286.39,1,0,1,0,0,3,2,1,0.3333,0.8827,0.348,0.973440518,1,Declined,0.5,0.3333
120000,Clearwater Insurance Services,Workers Comp,NJ,7030,11/1/2025,11/30/2025,0.5001,3700.57,1741.13,465.75,8072.41,3,3,1,0,0,3,2,1,0.3333,0.8744,0.348,0.973440518,1,Declined,0.5,0.3333
120000,Clearwater Insurance Services,Workers Comp,NJ,7030,12/1/2025,12/31/2025,0.4863,9098.66,1594.98,489.34,4648.89,1,2,1,0,0,5,4,2,0.4,0.8792,0.348,0.973440518,1,,0.5,0.4
120000,Clearwater Insurance Services,Workers Comp,NJ,7030,2/1/2026,2/28/2026,0.5053,1602.57,1351.98,786.85,2350.48,2,1,2,0,0,3,2,1,0.3333,0.8859,0.348,0.973440518,1,,0.5,0.3333
120000,Clearwater Insurance Services,Workers Comp,NJ,7030,3/1/2026,3/31/2026,0.4985,623.55,867.84,240.25,1573.2,0,0,1,0,0,3,2,1,0.3333,0.8734,0.348,0.973440518,1,Declined,0.5,0.3333
120000,Clearwater Insurance Services,Workers Comp,NJ,7030,4/1/2025,4/30/2025,0.4825,5264.56,1234.4,206.95,5058.53,2,1,1,0,0,6,5,3,0.5,0.8646,0.348,0.973440518,1,,0.6,0.5
120000,Clearwater Insurance Services,Workers Comp,NJ,7030,5/1/2025,5/31/2025,0.4929,1264.47,1358.38,629.93,3005.93,0,0,1,1,0,5,3,2,0.4,0.8697,0.348,0.973440518,2,Declined,0.6667,0.4
120000,Clearwater Insurance Services,Workers Comp,NJ,7030,6/1/2025,6/30/2025,0.4648,7619.72,476.6,829.45,2826.81,1,1,1,1,0,3,2,1,0.3333,0.8679,0.348,0.973440518,1,Withdrawn,0.5,0.3333
120000,Clearwater Insurance Services,Workers Comp,NJ,7030,7/1/2025,7/31/2025,0.49,5697.15,628.62,882.76,4070.06,1,0,1,0,0,6,5,3,0.5,0.8711,0.348,0.973440518,1,Withdrawn,0.6,0.5
120000,Clearwater Insurance Services,Workers Comp,NJ,7030,8/1/2025,8/31/2025,0.5873,1015.23,964.46,172.53,2647.93,1,1,1,0,0,3,2,1,0.3333,0.8812,0.348,0.973440518,1,Declined,0.5,0.3333
120000,Clearwater Insurance Services,Workers Comp,NJ,7030,9/1/2025,9/30/2025,0.4723,6310.43,2087.64,258.12,4949.84,1,0,1,0,0,5,3,2,0.4,0.8809,0.348,0.973440518,2,Declined,0.6667,0.4
120001,Highmark Insurance Group,Commercial Auto,NJ,7102,1/1/2026,1/31/2026,0.7754,116,0,157.86,2170.72,0,0,0,0,0,3,2,1,0.3333,0.7898,0.3191,0.851130116,1,,0.5,0.3333
120001,Highmark Insurance Group,Commercial Auto,NJ,7102,10/1/2025,10/31/2025,0.7571,725.38,0,71.81,234.6,2,0,0,0,0,3,2,1,0.3333,0.7697,0.3191,0.851130116,1,,0.5,0.3333
120001,Highmark Insurance Group,Commercial Auto,NJ,7102,11/1/2025,11/30/2025,0.7283,1245.97,0,88.68,1411.6,0,0,0,0,0,3,2,1,0.3333,0.7716,0.3191,0.851130116,1,,0.5,0.3333
120001,Highmark Insurance Group,Commercial Auto,NJ,7102,12/1/2025,12/31/2025,0.7594,1977.78,0,59.45,1284.46,1,0,2,0,0,3,2,1,0.3333,0.7682,0.3191,0.851130116,1,Withdrawn,0.5,0.3333
120001,Highmark Insurance Group,Commercial Auto,NJ,7102,2/1/2026,2/28/2026,0.744,512.46,0,229.61,967.38,0,0,1,1,0,3,2,1,0.3333,0.7714,0.3191,0.851130116,1,Declined,0.5,0.3333
120001,Highmark Insurance Group,Commercial Auto,NJ,7102,3/1/2026,3/31/2026,0.7291,763.18,0,87.13,159.04,1,2,1,0,0,3,2,1,0.3333,0.774,0.3191,0.851130116,1,,0.5,0.3333
120001,Highmark Insurance Group,Commercial Auto,NJ,7102,4/1/2025,4/30/2025,0.7755,1156.83,0,67.71,1900.88,0,0,0,0,0,3,2,1,0.3333,0.7614,0.3191,0.851130116,1,Withdrawn,0.5,0.3333
120001,Highmark Insurance Group,Commercial Auto,NJ,7102,5/1/2025,5/31/2025,0.7527,1142.49,0,110.94,807.42,0,0,0,0,0,16,10,6,0.375,0.7675,0.3191,0.851130116,6,Withdrawn,0.6,0.375
120001,Highmark Insurance Group,Commercial Auto,NJ,7102,6/1/2025,6/30/2025,0.7617,993.41,0,55.79,266.17,1,0,1,0,0,3,2,1,0.3333,0.7771,0.3191,0.851130116,1,,0.5,0.3333
120001,Highmark Insurance Group,Commercial Auto,NJ,7102,7/1/2025,7/31/2025,0.7641,277.43,0,221.61,485.48,0,1,1,1,0,3,2,1,0.3333,0.7674,0.3191,0.851130116,1,,0.5,0.3333
120001,Highmark Insurance Group,Commercial Auto,NJ,7102,8/1/2025,8/31/2025,0.7736,2166.62,0,71.33,723.97,0,0,0,0,0,3,2,1,0.3333,0.7724,0.3191,0.851130116,1,Declined,0.5,0.3333
120001,Highmark Insurance Group,Commercial Auto,NJ,7102,9/1/2025,9/30/2025,0.7358,383,0,37.58,1048.83,1,0,0,1,0,4,3,2,0.5,0.7774,0.3191,0.851130116,1,Withdrawn,0.6667,0.5
120002,Heritage Agency Group,Business Owners Policy,NJ,8401,1/1/2026,1/31/2026,0.5221,508.43,0,41.61,425.27,0,0,1,1,0,3,2,1,0.3333,0.7685,0.3076,0.8734351,1,Withdrawn,0.5,0.3333
120002,Heritage Agency Group,Business Owners Policy,NJ,8401,10/1/2025,10/31/2025,0.5487,1353.82,0,175.71,1808.32,0,0,0,1,0,8,3,1,0.125,0.781,0.3076,0.8734351,5,,0.3333,0.125
120002,Heritage Agency Group,Business Owners Policy,NJ,8401,11/1/2025,11/30/2025,0.501,639.76,0,106.05,919.34,1,0,1,0,0,3,2,1,0.3333,0.7684,0.3076,0.8734351,1,Declined,0.5,0.3333
120002,Heritage Agency Group,Business Owners Policy,NJ,8401,12/1/2025,12/31/2025,0.5276,201.15,0,83.49,1918.13,1,0,0,0,0,3,2,1,0.3333,0.776,0.3076,0.8734351,1,Withdrawn,0.5,0.3333
120002,Heritage Agency Group,Business Owners Policy,NJ,8401,2/1/2026,2/28/2026,0.4661,1761.5,0,176.34,676.17,1,0,1,0,0,3,2,1,0.3333,0.7517,0.3076,0.8734351,1,Withdrawn,0.5,0.3333
120002,Heritage Agency Group,Business Owners Policy,NJ,8401,3/1/2026,3/31/2026,0.525,1115.17,0,36.39,285.96,0,1,1,1,0,3,2,1,0.3333,0.728,0.3076,0.8734351,1,,0.5,0.3333
120002,Heritage Agency Group,Business Owners Policy,NJ,8401,4/1/2025,4/30/2025,0.4476,1366.69,0,63.51,761.89,1,0,1,0,0,4,3,2,0.5,0.7238,0.3076,0.8734351,1,Declined,0.6667,0.5
120002,Heritage Agency Group,Business Owners Policy,NJ,8401,5/1/2025,5/31/2025,0.4836,235.43,0,194,705.45,1,0,0,0,0,4,2,1,0.25,0.7365,0.3076,0.8734351,2,,0.5,0.25
120002,Heritage Agency Group,Business Owners Policy,NJ,8401,6/1/2025,6/30/2025,0.4329,3207.75,0,128.32,699.08,1,0,1,1,0,3,2,1,0.3333,0.7527,0.3076,0.8734351,1,Declined,0.5,0.3333
120002,Heritage Agency Group,Business Owners Policy,NJ,8401,7/1/2025,7/31/2025,0.4563,1635.78,0,196.01,504.69,1,0,0,1,0,3,2,1,0.3333,0.7474,0.3076,0.8734351,1,,0.5,0.3333
120002,Heritage Agency Group,Business Owners Policy,NJ,8401,8/1/2025,8/31/2025,0.4529,1762.47,0,72.18,3226.15,1,1,2,0,0,4,3,2,0.5,0.7362,0.3076,0.8734351,1,Withdrawn,0.6667,0.5
120002,Heritage Agency Group,Business Owners Policy,NJ,8401,9/1/2025,9/30/2025,0.5607,853.75,0,212.24,2079.73,1,1,1,0,0,3,2,1,0.3333,0.7674,0.3076,0.8734351,1,Withdrawn,0.5,0.3333
120003,Tri-State Insurance Group,Workers Comp,NJ,7601,1/1/2026,1/31/2026,0.5129,1623.12,0,141.01,5607.33,0,1,1,0,0,4,3,2,0.5,0.8799,0.3043,0.886776207,1,Withdrawn,0.6667,0.5
120003,Tri-State Insurance Group,Workers Comp,NJ,7601,10/1/2025,10/31/2025,0.4575,2663.82,0,223.64,1491.01,0,0,0,0,0,3,2,1,0.3333,0.868,0.3043,0.886776207,1,,0.5,0.3333
120003,Tri-State Insurance Group,Workers Comp,NJ,7601,11/1/2025,11/30/2025,0.4795,1543.96,0,52.14,771,0,0,0,0,0,3,2,1,0.3333,0.882,0.3043,0.886776207,1,Withdrawn,0.5,0.3333
120003,Tri-State Insurance Group,Workers Comp,NJ,7601,12/1/2025,12/31/2025,0.5325,1332.98,0,365.62,1630.09,0,1,1,0,0,3,2,1,0.3333,0.8936,0.3043,0.886776207,1,,0.5,0.3333
120003,Tri-State Insurance Group,Workers Comp,NJ,7601,2/1/2026,2/28/2026,0.4276,1425.34,0,5.38,366.77,0,1,0,0,0,3,2,1,0.3333,0.8847,0.3043,0.886776207,1,Declined,0.5,0.3333
120003,Tri-State Insurance Group,Workers Comp,NJ,7601,3/1/2026,3/31/2026,0.5083,729.38,0,53.49,2373.1,1,0,1,0,0,3,2,1,0.3333,0.8639,0.3043,0.886776207,1,,0.5,0.3333
120003,Tri-State Insurance Group,Workers Comp,NJ,7601,4/1/2025,4/30/2025,0.5194,1228.76,0,188.54,640.01,1,1,0,0,0,3,2,1,0.3333,0.8587,0.3043,0.886776207,1,,0.5,0.3333
120003,Tri-State Insurance Group,Workers Comp,NJ,7601,5/1/2025,5/31/2025,0.5043,2291.1,0,107.54,279.79,1,0,1,0,0,4,3,2,0.5,0.8732,0.3043,0.886776207,1,Withdrawn,0.6667,0.5
120003,Tri-State Insurance Group,Workers Comp,NJ,7601,6/1/2025,6/30/2025,0.6197,1544.32,0,145.12,290.29,1,0,0,0,0,3,2,1,0.3333,0.8877,0.3043,0.886776207,1,Declined,0.5,0.3333
120003,Tri-State Insurance Group,Workers Comp,NJ,7601,7/1/2025,7/31/2025,0.5274,2312.09,0,68.25,1492.49,0,0,0,0,0,5,3,2,0.4,0.8788,0.3043,0.886776207,2,,0.6667,0.4
120003,Tri-State Insurance Group,Workers Comp,NJ,7601,8/1/2025,8/31/2025,0.6342,63.33,0,195.01,721.42,0,0,0,0,0,3,2,1,0.3333,0.8654,0.3043,0.886776207,1,,0.5,0.3333
120003,Tri-State Insurance Group,Workers Comp,NJ,7601,9/1/2025,9/30/2025,0.5134,193.86,0,139.47,1288.76,0,0,0,0,0,5,3,1,0.2,0.8637,0.3043,0.886776207,2,,0.3333,0.2
120004,Meridian & Associates,Commercial Auto,PA,19103,1/1/2026,1/31/2026,0.74,3145.02,1164.99,950.65,3174.31,0,0,1,2,0,3,2,1,0.3333,0.7843,0.2803,1,1,Declined,0.5,0.3333
120004,Meridian & Associates,Commercial Auto,PA,19103,10/1/2025,10/31/2025,0.7702,7134.47,3004.47,284.93,2823.56,1,1,1,1,0,5,3,2,0.4,0.7703,0.2803,1,2,Declined,0.6667,0.4
120004,Meridian & Associates,Commercial Auto,PA,19103,11/1/2025,11/30/2025,0.7611,13215.6,575.96,222.91,7449.69,1,0,3,1,0,3,2,1,0.3333,0.7807,0.2803,1,1,,0.5,0.3333
120004,Meridian & Associates,Commercial Auto,PA,19103,12/1/2025,12/31/2025,0.7347,6593.43,6569.93,179.17,3035.93,1,1,2,0,0,8,3,2,0.25,0.7749,0.2803,1,5,Declined,0.6667,0.25
120004,Meridian & Associates,Commercial Auto,PA,19103,2/1/2026,2/28/2026,0.7479,4080.92,4328.34,694.67,1555.38,1,1,0,0,0,6,5,1,0.1667,0.7805,0.2803,1,1,,0.2,0.1667
120004,Meridian & Associates,Commercial Auto,PA,19103,3/1/2026,3/31/2026,0.7637,7537.23,2286.11,491.04,4825.69,2,0,1,1,0,7,5,4,0.5714,0.7745,0.2803,1,2,,0.8,0.5714
120004,Meridian & Associates,Commercial Auto,PA,19103,4/1/2025,4/30/2025,0.7687,1976.92,2391.17,170.86,1929.45,2,0,5,0,0,3,2,1,0.3333,0.7661,0.2803,1,1,,0.5,0.3333
120004,Meridian & Associates,Commercial Auto,PA,19103,5/1/2025,5/31/2025,0.7614,1812.22,2908.11,341.98,3796.31,2,4,0,0,0,3,2,1,0.3333,0.7771,0.2803,1,1,Withdrawn,0.5,0.3333
120004,Meridian & Associates,Commercial Auto,PA,19103,6/1/2025,6/30/2025,0.7499,10378.46,2916.51,203.71,3010.02,1,0,2,1,0,5,2,1,0.2,0.759,0.2803,1,3,Declined,0.5,0.2
120004,Meridian & Associates,Commercial Auto,PA,19103,7/1/2025,7/31/2025,0.7673,4582.14,1143.07,166.2,352.56,3,0,1,0,0,3,2,1,0.3333,0.7706,0.2803,1,1,Withdrawn,0.5,0.3333
120004,Meridian & Associates,Commercial Auto,PA,19103,8/1/2025,8/31/2025,0.7578,3918.18,677.83,491.05,577.77,1,1,0,0,0,7,5,3,0.4286,0.7816,0.2803,1,2,,0.6,0.4286
120004,Meridian & Associates,Commercial Auto,PA,19103,9/1/2025,9/30/2025,0.7378,975.42,1842.91,799.38,2819.34,2,2,1,0,0,3,2,1,0.3333,0.7754,0.2803,1,1,,0.5,0.3333
120005,Nexus Insurance Services,Business Owners Policy,PA,15222,1/1/2026,1/31/2026,0.4875,1319.71,347.54,103.08,2195.19,1,0,0,0,0,6,4,1,0.1667,0.7659,0.3395,0.882728076,2,,0.25,0.1667
120005,Nexus Insurance Services,Business Owners Policy,PA,15222,10/1/2025,10/31/2025,0.4647,471.53,526.41,106.74,729.95,0,0,1,1,0,4,3,2,0.5,0.7622,0.3395,0.882728076,1,Withdrawn,0.6667,0.5
120005,Nexus Insurance Services,Business Owners Policy,PA,15222,11/1/2025,11/30/2025,0.5177,1494.54,520.67,370.29,3296.36,0,1,1,0,0,7,6,1,0.1429,0.7437,0.3395,0.882728076,1,Withdrawn,0.1667,0.1429
120005,Nexus Insurance Services,Business Owners Policy,PA,15222,12/1/2025,12/31/2025,0.489,504.54,725.53,100.23,874.27,0,1,0,0,0,3,2,1,0.3333,0.7489,0.3395,0.882728076,1,,0.5,0.3333
120005,Nexus Insurance Services,Business Owners Policy,PA,15222,2/1/2026,2/28/2026,0.4798,798.78,208.24,47.84,963.89,1,0,1,0,0,5,4,3,0.6,0.7431,0.3395,0.882728076,1,Declined,0.75,0.6
120005,Nexus Insurance Services,Business Owners Policy,PA,15222,3/1/2026,3/31/2026,0.432,2142.66,64.34,138.22,403.31,1,0,0,0,0,3,2,1,0.3333,0.741,0.3395,0.882728076,1,,0.5,0.3333
120005,Nexus Insurance Services,Business Owners Policy,PA,15222,4/1/2025,4/30/2025,0.5124,2775.68,603.98,291.71,2187.93,1,1,0,1,0,3,2,1,0.3333,0.7368,0.3395,0.882728076,1,,0.5,0.3333
120005,Nexus Insurance Services,Business Owners Policy,PA,15222,5/1/2025,5/31/2025,0.55,490.39,340.26,29.48,1179.6,1,0,0,0,0,3,2,1,0.3333,0.7465,0.3395,0.882728076,1,Withdrawn,0.5,0.3333
120005,Nexus Insurance Services,Business Owners Policy,PA,15222,6/1/2025,6/30/2025,0.5059,600.83,827.57,281.95,1426.52,0,0,0,0,0,3,2,1,0.3333,0.754,0.3395,0.882728076,1,,0.5,0.3333
120005,Nexus Insurance Services,Business Owners Policy,PA,15222,7/1/2025,7/31/2025,0.513,1188.56,99.26,136.84,457.37,0,0,1,0,0,3,2,1,0.3333,0.7394,0.3395,0.882728076,1,Withdrawn,0.5,0.3333
120005,Nexus Insurance Services,Business Owners Policy,PA,15222,8/1/2025,8/31/2025,0.5159,3007.41,195.08,165.34,1765.46,0,0,1,0,0,3,2,1,0.3333,0.7721,0.3395,0.882728076,1,,0.5,0.3333
120005,Nexus Insurance Services,Business Owners Policy,PA,15222,9/1/2025,9/30/2025,0.5114,1420.29,169.64,208.78,735.07,1,1,1,0,0,3,2,1,0.3333,0.7499,0.3395,0.882728076,1,Withdrawn,0.5,0.3333
120006,Alliance Risk Advisors,Workers Comp,PA,17101,1/1/2026,1/31/2026,0.5678,1930.13,113.29,295.9,2374.79,1,0,3,0,0,3,2,1,0.3333,0.8766,0.2831,0.974081257,1,,0.5,0.3333
120006,Alliance Risk Advisors,Workers Comp,PA,17101,10/1/2025,10/31/2025,0.4875,4305.13,113.46,588.59,3746.73,0,1,2,0,0,3,2,1,0.3333,0.8599,0.2831,0.974081257,1,Withdrawn,0.5,0.3333
120006,Alliance Risk Advisors,Workers Comp,PA,17101,11/1/2025,11/30/2025,0.4711,3778.67,112.51,71.33,4755.36,3,0,0,0,0,3,2,1,0.3333,0.8666,0.2831,0.974081257,1,,0.5,0.3333
120006,Alliance Risk Advisors,Workers Comp,PA,17101,12/1/2025,12/31/2025,0.5395,2212.71,77.49,177.66,1680.1,0,1,0,1,0,5,3,2,0.4,0.8796,0.2831,0.974081257,2,Withdrawn,0.6667,0.4
120006,Alliance Risk Advisors,Workers Comp,PA,17101,2/1/2026,2/28/2026,0.4241,4490.93,139.06,169.85,439.26,1,0,1,1,0,3,2,1,0.3333,0.8837,0.2831,0.974081257,1,Withdrawn,0.5,0.3333
120006,Alliance Risk Advisors,Workers Comp,PA,17101,3/1/2026,3/31/2026,0.525,8198.12,96.71,323.5,1542.46,2,0,0,0,0,9,8,7,0.7778,0.8836,0.2831,0.974081257,1,,0.875,0.7778
120006,Alliance Risk Advisors,Workers Comp,PA,17101,4/1/2025,4/30/2025,0.4535,2421.54,89.53,295.83,5748.35,1,0,0,1,0,3,2,1,0.3333,0.8777,0.2831,0.974081257,1,,0.5,0.3333
120006,Alliance Risk Advisors,Workers Comp,PA,17101,5/1/2025,5/31/2025,0.4864,2529.57,217.28,220.53,164.23,1,1,2,1,0,3,2,1,0.3333,0.8857,0.2831,0.974081257,1,,0.5,0.3333
120006,Alliance Risk Advisors,Workers Comp,PA,17101,6/1/2025,6/30/2025,0.5184,2130.14,178.33,112.15,2910.16,2,1,2,1,0,3,2,1,0.3333,0.8777,0.2831,0.974081257,1,Declined,0.5,0.3333
120006,Alliance Risk Advisors,Workers Comp,PA,17101,7/1/2025,7/31/2025,0.4854,1953.96,129.4,585.59,3419.99,0,0,2,1,0,5,4,2,0.4,0.8819,0.2831,0.974081257,1,,0.5,0.4
120006,Alliance Risk Advisors,Workers Comp,PA,17101,8/1/2025,8/31/2025,0.4775,5636.5,256.38,354.62,2986.64,0,0,1,0,0,3,2,1,0.3333,0.8844,0.2831,0.974081257,1,Withdrawn,0.5,0.3333
120006,Alliance Risk Advisors,Workers Comp,PA,17101,9/1/2025,9/30/2025,0.4726,4632.42,196.06,283.45,2565.53,2,1,0,0,0,3,2,1,0.3333,0.8808,0.2831,0.974081257,1,,0.5,0.3333
120007,Gateway Insurance Partners,Commercial Auto,PA,18501,1/1/2026,1/31/2026,0.7442,501.19,0,107.76,799.84,1,0,0,0,0,8,6,3,0.375,0.7551,0.3408,0.886200836,2,Declined,0.5,0.375
120007,Gateway Insurance Partners,Commercial Auto,PA,18501,10/1/2025,10/31/2025,0.761,1268.45,0,122.34,189.67,0,0,0,1,0,4,2,1,0.25,0.7807,0.3408,0.886200836,2,Withdrawn,0.5,0.25
120007,Gateway Insurance Partners,Commercial Auto,PA,18501,11/1/2025,11/30/2025,0.7629,1642.27,0,59.25,185.66,0,0,2,0,0,4,3,2,0.5,0.7786,0.3408,0.886200836,1,,0.6667,0.5
120007,Gateway Insurance Partners,Commercial Auto,PA,18501,12/1/2025,12/31/2025,0.7961,4622.12,0,147.68,1739.74,1,1,0,1,0,3,2,1,0.3333,0.7721,0.3408,0.886200836,1,Withdrawn,0.5,0.3333
120007,Gateway Insurance Partners,Commercial Auto,PA,18501,2/1/2026,2/28/2026,0.7513,916.94,0,269.89,1467.52,1,0,1,0,0,3,2,1,0.3333,0.7763,0.3408,0.886200836,1,,0.5,0.3333
120007,Gateway Insurance Partners,Commercial Auto,PA,18501,3/1/2026,3/31/2026,0.7634,330.18,0,233.79,455.08,1,0,0,0,0,3,2,1,0.3333,0.7739,0.3408,0.886200836,1,,0.5,0.3333
120007,Gateway Insurance Partners,Commercial Auto,PA,18501,4/1/2025,4/30/2025,0.7558,648.08,0,90.92,555.83,2,0,0,0,0,4,3,1,0.25,0.7862,0.3408,0.886200836,1,Withdrawn,0.3333,0.25
120007,Gateway Insurance Partners,Commercial Auto,PA,18501,5/1/2025,5/31/2025,0.7766,1791.83,0,263.38,3988.62,1,0,1,1,0,4,2,1,0.25,0.7697,0.3408,0.886200836,2,Withdrawn,0.5,0.25
120007,Gateway Insurance Partners,Commercial Auto,PA,18501,6/1/2025,6/30/2025,0.7599,487.86,0,58.04,1091.36,0,1,1,1,0,3,2,1,0.3333,0.7892,0.3408,0.886200836,1,,0.5,0.3333
120007,Gateway Insurance Partners,Commercial Auto,PA,18501,7/1/2025,7/31/2025,0.7324,1052.32,0,246.85,1299.06,1,0,1,0,0,3,2,1,0.3333,0.7676,0.3408,0.886200836,1,Declined,0.5,0.3333
120007,Gateway Insurance Partners,Commercial Auto,PA,18501,8/1/2025,8/31/2025,0.7676,1816.59,0,157.35,2938.06,0,0,1,0,0,3,2,1,0.3333,0.7677,0.3408,0.886200836,1,,0.5,0.3333
120007,Gateway Insurance Partners,Commercial Auto,PA,18501,9/1/2025,9/30/2025,0.7589,1767.45,0,319.06,2134.84,0,1,1,1,0,3,2,1,0.3333,0.7803,0.3408,0.886200836,1,Withdrawn,0.5,0.3333
120008,Capitol Insurance Services,Business Owners Policy,NY,10001,1/1/2026,1/31/2026,0.501,6282.24,0,160.06,592.87,0,0,1,1,0,3,2,1,0.3333,0.7387,0.3675,0.932745171,1,,0.5,0.3333
120008,Capitol Insurance Services,Business Owners Policy,NY,10001,10/1/2025,10/31/2025,0.4962,1795.87,0,206.41,995.3,1,0,0,1,0,6,3,1,0.1667,0.7549,0.3675,0.932745171,3,Withdrawn,0.3333,0.1667
120008,Capitol Insurance Services,Business Owners Policy,NY,10001,11/1/2025,11/30/2025,0.4973,2291.74,0,367.92,3349.43,1,1,2,1,0,3,2,1,0.3333,0.7655,0.3675,0.932745171,1,Declined,0.5,0.3333
120008,Capitol Insurance Services,Business Owners Policy,NY,10001,12/1/2025,12/31/2025,0.5216,3045.01,0,365.47,2280.7,1,2,0,0,0,3,2,1,0.3333,0.7433,0.3675,0.932745171,1,Withdrawn,0.5,0.3333
120008,Capitol Insurance Services,Business Owners Policy,NY,10001,2/1/2026,2/28/2026,0.4908,2081.57,0,510.6,1559.16,2,0,1,0,0,3,2,1,0.3333,0.7731,0.3675,0.932745171,1,,0.5,0.3333
120008,Capitol Insurance Services,Business Owners Policy,NY,10001,3/1/2026,3/31/2026,0.4715,1093.11,0,357.58,716.2,0,0,2,0,0,4,2,1,0.25,0.7458,0.3675,0.932745171,2,Withdrawn,0.5,0.25
120008,Capitol Insurance Services,Business Owners Policy,NY,10001,4/1/2025,4/30/2025,0.4899,2718.37,0,340.23,1146.71,0,2,1,0,0,3,2,1,0.3333,0.7479,0.3675,0.932745171,1,Declined,0.5,0.3333
120008,Capitol Insurance Services,Business Owners Policy,NY,10001,5/1/2025,5/31/2025,0.5221,3489.78,0,149.67,3990.64,3,0,2,0,0,3,2,1,0.3333,0.7254,0.3675,0.932745171,1,,0.5,0.3333
120008,Capitol Insurance Services,Business Owners Policy,NY,10001,6/1/2025,6/30/2025,0.509,1846.33,0,278.93,1602.51,2,1,0,0,0,11,10,7,0.6364,0.7759,0.3675,0.932745171,1,Declined,0.7,0.6364
120008,Capitol Insurance Services,Business Owners Policy,NY,10001,7/1/2025,7/31/2025,0.5115,344.92,0,125.86,4744.68,2,2,2,0,0,3,2,1,0.3333,0.7587,0.3675,0.932745171,1,,0.5,0.3333
120008,Capitol Insurance Services,Business Owners Policy,NY,10001,8/1/2025,8/31/2025,0.522,2290.95,0,481.01,3340.48,1,1,2,0,0,3,2,1,0.3333,0.751,0.3675,0.932745171,1,,0.5,0.3333
120008,Capitol Insurance Services,Business Owners Policy,NY,10001,9/1/2025,9/30/2025,0.4768,804.8,0,785.14,3218.12,1,0,1,0,0,5,4,3,0.6,0.7637,0.3675,0.932745171,1,,0.75,0.6
120009,Sterling Risk Advisors,Workers Comp,NY,11201,1/1/2026,1/31/2026,0.5392,1182.75,0,241.75,572.37,0,1,3,0,0,3,2,1,0.3333,0.8764,0.3636,0.9336506,1,Withdrawn,0.5,0.3333
120009,Sterling Risk Advisors,Workers Comp,NY,11201,10/1/2025,10/31/2025,0.4493,5847.84,0,297.15,1262.21,1,1,0,0,0,6,3,2,0.3333,0.8675,0.3636,0.9336506,3,,0.6667,0.3333
120009,Sterling Risk Advisors,Workers Comp,NY,11201,11/1/2025,11/30/2025,0.4622,6497.44,0,514.77,7463.48,1,1,0,0,0,3,2,1,0.3333,0.8691,0.3636,0.9336506,1,,0.5,0.3333
120009,Sterling Risk Advisors,Workers Comp,NY,11201,12/1/2025,12/31/2025,0.5157,4712.15,0,372.43,4835.24,1,0,1,0,0,4,3,2,0.5,0.8663,0.3636,0.9336506,1,Withdrawn,0.6667,0.5
120009,Sterling Risk Advisors,Workers Comp,NY,11201,2/1/2026,2/28/2026,0.4827,3709.68,0,311.77,170.74,1,0,1,0,0,3,2,1,0.3333,0.8832,0.3636,0.9336506,1,,0.5,0.3333
120009,Sterling Risk Advisors,Workers Comp,NY,11201,3/1/2026,3/31/2026,0.5205,516.66,0,171.12,3804.71,0,0,2,0,0,3,2,1,0.3333,0.8828,0.3636,0.9336506,1,Declined,0.5,0.3333
120009,Sterling Risk Advisors,Workers Comp,NY,11201,4/1/2025,4/30/2025,0.4676,870.54,0,385.53,991.64,2,2,0,0,0,5,3,1,0.2,0.8822,0.3636,0.9336506,2,,0.3333,0.2
120009,Sterling Risk Advisors,Workers Comp,NY,11201,5/1/2025,5/31/2025,0.4502,377.62,0,60.56,1629.05,0,1,1,0,0,4,3,1,0.25,0.8835,0.3636,0.9336506,1,,0.3333,0.25
120009,Sterling Risk Advisors,Workers Comp,NY,11201,6/1/2025,6/30/2025,0.4595,1431.42,0,732.72,1265.23,1,1,1,0,0,3,2,1,0.3333,0.8771,0.3636,0.9336506,1,Withdrawn,0.5,0.3333
120009,Sterling Risk Advisors,Workers Comp,NY,11201,7/1/2025,7/31/2025,0.4912,1173.55,0,225.04,950.61,1,1,0,0,0,5,4,2,0.4,0.8788,0.3636,0.9336506,1,,0.5,0.4
120009,Sterling Risk Advisors,Workers Comp,NY,11201,8/1/2025,8/31/2025,0.5141,1378.23,0,398.15,2527.17,1,0,1,0,0,3,2,1,0.3333,0.8634,0.3636,0.9336506,1,Withdrawn,0.5,0.3333
120009,Sterling Risk Advisors,Workers Comp,NY,11201,9/1/2025,9/30/2025,0.6036,667.46,0,256.11,2892.89,1,1,0,1,0,3,2,1,0.3333,0.8685,0.3636,0.9336506,1,Withdrawn,0.5,0.3333
120010,Landmark Risk Management,Commercial Auto,NY,10301,1/1/2026,1/31/2026,0.7487,2423.43,1003.48,242.08,2924.21,1,0,2,0,0,4,3,2,0.5,0.7663,0.3504,0.940923971,1,Withdrawn,0.6667,0.5
120010,Landmark Risk Management,Commercial Auto,NY,10301,10/1/2025,10/31/2025,0.7669,3934.24,218.81,199.46,1719.22,1,1,0,0,0,5,4,2,0.4,0.7857,0.3504,0.940923971,1,Declined,0.5,0.4
120010,Landmark Risk Management,Commercial Auto,NY,10301,11/1/2025,11/30/2025,0.7593,774.35,671.28,423.51,2368.31,0,0,0,0,0,4,3,1,0.25,0.7767,0.3504,0.940923971,1,Withdrawn,0.3333,0.25
120010,Landmark Risk Management,Commercial Auto,NY,10301,12/1/2025,12/31/2025,0.7541,1850.94,223.81,318.18,3989.41,1,1,2,0,0,3,2,1,0.3333,0.7629,0.3504,0.940923971,1,Declined,0.5,0.3333
120010,Landmark Risk Management,Commercial Auto,NY,10301,2/1/2026,2/28/2026,0.7364,1595.02,1288.93,259.98,519.01,0,1,0,0,0,10,8,6,0.6,0.7679,0.3504,0.940923971,2,Withdrawn,0.75,0.6
120010,Landmark Risk Management,Commercial Auto,NY,10301,3/1/2026,3/31/2026,0.7804,4823.61,324.3,172.44,2797.52,1,2,1,1,0,3,2,1,0.3333,0.769,0.3504,0.940923971,1,,0.5,0.3333
120010,Landmark Risk Management,Commercial Auto,NY,10301,4/1/2025,4/30/2025,0.7358,3577.62,2425.99,289.83,1659.33,2,1,2,1,0,3,2,1,0.3333,0.7837,0.3504,0.940923971,1,,0.5,0.3333
120010,Landmark Risk Management,Commercial Auto,NY,10301,5/1/2025,5/31/2025,0.7625,2226.86,2316.15,478.33,4406.27,1,0,2,0,0,3,2,1,0.3333,0.7876,0.3504,0.940923971,1,,0.5,0.3333
120010,Landmark Risk Management,Commercial Auto,NY,10301,6/1/2025,6/30/2025,0.7828,2822.91,1969.08,543.56,1873.61,2,0,0,1,0,4,3,2,0.5,0.7748,0.3504,0.940923971,1,,0.6667,0.5
120010,Landmark Risk Management,Commercial Auto,NY,10301,7/1/2025,7/31/2025,0.7648,4179.26,452.73,169.54,790.15,0,0,1,0,0,6,5,4,0.6667,0.7841,0.3504,0.940923971,1,Withdrawn,0.8,0.6667
120010,Landmark Risk Management,Commercial Auto,NY,10301,8/1/2025,8/31/2025,0.7873,1102.55,2553.63,528.44,3009.7,1,0,1,1,0,3,2,1,0.3333,0.7774,0.3504,0.940923971,1,,0.5,0.3333
120010,Landmark Risk Management,Commercial Auto,NY,10301,9/1/2025,9/30/2025,0.7721,1413.2,2882.66,372.95,4360.28,2,1,1,0,0,3,2,1,0.3333,0.7841,0.3504,0.940923971,1,,0.5,0.3333
120011,Keystone Risk Consultants,Business Owners Policy,NY,14201,1/1/2026,1/31/2026,0.5017,1661.93,0,145.13,2049.92,4,1,2,1,0,4,3,2,0.5,0.7168,0.3244,0.915813939,1,,0.6667,0.5
120011,Keystone Risk Consultants,Business Owners Policy,NY,14201,10/1/2025,10/31/2025,0.4731,742.56,0,143.39,1739.85,1,0,1,0,0,3,2,1,0.3333,0.7502,0.3244,0.915813939,1,,0.5,0.3333
120011,Keystone Risk Consultants,Business Owners Policy,NY,14201,11/1/2025,11/30/2025,0.5364,4939.84,0,35.44,4741.16,0,0,1,0,0,3,2,1,0.3333,0.7503,0.3244,0.915813939,1,Declined,0.5,0.3333
120011,Keystone Risk Consultants,Business Owners Policy,NY,14201,12/1/2025,12/31/2025,0.5252,2918.56,0,293.43,199.87,3,0,2,1,0,3,2,1,0.3333,0.7512,0.3244,0.915813939,1,,0.5,0.3333
120011,Keystone Risk Consultants,Business Owners Policy,NY,14201,2/1/2026,2/28/2026,0.5092,3267.52,0,302.1,817.03,0,0,1,0,0,3,2,1,0.3333,0.7759,0.3244,0.915813939,1,Withdrawn,0.5,0.3333
120011,Keystone Risk Consultants,Business Owners Policy,NY,14201,3/1/2026,3/31/2026,0.4516,1010.49,0,106.48,467.41,1,0,0,0,0,9,3,2,0.2222,0.7433,0.3244,0.915813939,6,Withdrawn,0.6667,0.2222
120011,Keystone Risk Consultants,Business Owners Policy,NY,14201,4/1/2025,4/30/2025,0.4532,1555.19,0,130.04,4804.09,0,1,1,1,0,3,2,1,0.3333,0.7606,0.3244,0.915813939,1,,0.5,0.3333
120011,Keystone Risk Consultants,Business Owners Policy,NY,14201,5/1/2025,5/31/2025,0.5642,969.9,0,38.67,2837.61,2,1,2,0,0,3,2,1,0.3333,0.7372,0.3244,0.915813939,1,Withdrawn,0.5,0.3333
120011,Keystone Risk Consultants,Business Owners Policy,NY,14201,6/1/2025,6/30/2025,0.5355,915.37,0,233.05,630.74,2,0,1,2,0,3,2,1,0.3333,0.7148,0.3244,0.915813939,1,Withdrawn,0.5,0.3333
120011,Keystone Risk Consultants,Business Owners Policy,NY,14201,7/1/2025,7/31/2025,0.4569,1687.2,0,349.18,1703.48,0,1,0,0,0,3,2,1,0.3333,0.731,0.3244,0.915813939,1,,0.5,0.3333
120011,Keystone Risk Consultants,Business Owners Policy,NY,14201,8/1/2025,8/31/2025,0.5359,2674.53,0,107.71,1018.93,0,1,0,1,0,3,2,1,0.3333,0.7273,0.3244,0.915813939,1,Withdrawn,0.5,0.3333
120011,Keystone Risk Consultants,Business Owners Policy,NY,14201,9/1/2025,9/30/2025,0.4676,976.31,0,740.49,1156.35,1,1,3,0,0,6,5,4,0.6667,0.7395,0.3244,0.915813939,1,,0.8,0.6667
120012,Patriot Insurance Partners,Workers Comp,NJ,7030,1/1/2026,1/31/2026,0.4515,441.85,55.77,184.19,1222.87,0,0,0,0,0,4,3,1,0.25,0.884,0.3156,0.916390528,1,Withdrawn,0.3333,0.25
120012,Patriot Insurance Partners,Workers Comp,NJ,7030,10/1/2025,10/31/2025,0.6105,3146.37,157.2,394.29,2661,0,0,0,0,0,3,2,1,0.3333,0.8647,0.3156,0.916390528,1,,0.5,0.3333
120012,Patriot Insurance Partners,Workers Comp,NJ,7030,11/1/2025,11/30/2025,0.4577,2455.45,132.73,54.53,2544.94,3,0,3,1,0,3,2,1,0.3333,0.8685,0.3156,0.916390528,1,,0.5,0.3333
120012,Patriot Insurance Partners,Workers Comp,NJ,7030,12/1/2025,12/31/2025,0.4503,2627.64,73.13,101.96,699.67,2,1,1,0,0,3,2,1,0.3333,0.8727,0.3156,0.916390528,1,Declined,0.5,0.3333
120012,Patriot Insurance Partners,Workers Comp,NJ,7030,2/1/2026,2/28/2026,0.4391,2980.83,117.22,254.56,2559.57,1,2,1,0,0,5,3,1,0.2,0.8751,0.3156,0.916390528,2,Withdrawn,0.3333,0.2
120012,Patriot Insurance Partners,Workers Comp,NJ,7030,3/1/2026,3/31/2026,0.5052,864.01,39.51,84.89,370.14,0,0,1,1,0,3,2,1,0.3333,0.8696,0.3156,0.916390528,1,Withdrawn,0.5,0.3333
120012,Patriot Insurance Partners,Workers Comp,NJ,7030,4/1/2025,4/30/2025,0.4695,866.67,115.1,154.38,583.95,1,0,1,0,0,3,2,1,0.3333,0.8872,0.3156,0.916390528,1,,0.5,0.3333
120012,Patriot Insurance Partners,Workers Comp,NJ,7030,5/1/2025,5/31/2025,0.5255,1361.8,38.22,142.72,2788.44,1,0,1,0,0,3,2,1,0.3333,0.8887,0.3156,0.916390528,1,,0.5,0.3333
120012,Patriot Insurance Partners,Workers Comp,NJ,7030,6/1/2025,6/30/2025,0.4155,3065.97,17.53,498.94,1593.95,2,1,3,0,0,5,4,3,0.6,0.8807,0.3156,0.916390528,1,,0.75,0.6
120012,Patriot Insurance Partners,Workers Comp,NJ,7030,7/1/2025,7/31/2025,0.6023,3425.73,92.64,115.53,439.85,0,1,0,1,0,6,2,1,0.1667,0.8772,0.3156,0.916390528,4,Withdrawn,0.5,0.1667
120012,Patriot Insurance Partners,Workers Comp,NJ,7030,8/1/2025,8/31/2025,0.5165,766.82,45.2,200.33,2898.7,1,1,1,0,0,8,4,3,0.375,0.8666,0.3156,0.916390528,4,Withdrawn,0.75,0.375
120012,Patriot Insurance Partners,Workers Comp,NJ,7030,9/1/2025,9/30/2025,0.4711,1464.39,76.46,320.89,4649.12,1,2,0,0,0,3,2,1,0.3333,0.8742,0.3156,0.916390528,1,Withdrawn,0.5,0.3333
120013,Meridian Insurance Partners,Commercial Auto,NJ,7102,1/1/2026,1/31/2026,0.7662,4040.23,249.77,359.55,5398.43,0,0,1,0,0,3,2,1,0.3333,0.7881,0.3005,0.973010854,1,,0.5,0.3333
120013,Meridian Insurance Partners,Commercial Auto,NJ,7102,10/1/2025,10/31/2025,0.7683,2838.12,167.06,391.79,4173.62,1,0,1,0,0,3,2,1,0.3333,0.7714,0.3005,0.973010854,1,,0.5,0.3333
120013,Meridian Insurance Partners,Commercial Auto,NJ,7102,11/1/2025,11/30/2025,0.7527,4139.83,70.18,236.62,1949.63,1,0,3,0,0,8,6,5,0.625,0.7776,0.3005,0.973010854,2,Withdrawn,0.8333,0.625
120013,Meridian Insurance Partners,Commercial Auto,NJ,7102,12/1/2025,12/31/2025,0.7677,1316.54,149.28,125.53,4045.38,0,1,1,0,0,4,3,1,0.25,0.7828,0.3005,0.973010854,1,,0.3333,0.25
120013,Meridian Insurance Partners,Commercial Auto,NJ,7102,2/1/2026,2/28/2026,0.7538,2208.47,184.68,483.8,2441.03,1,0,1,1,0,3,2,1,0.3333,0.7683,0.3005,0.973010854,1,Withdrawn,0.5,0.3333
120013,Meridian Insurance Partners,Commercial Auto,NJ,7102,3/1/2026,3/31/2026,0.7457,2790.45,29.41,395.1,1685.99,2,4,2,0,0,3,2,1,0.3333,0.7688,0.3005,0.973010854,1,Declined,0.5,0.3333
120013,Meridian Insurance Partners,Commercial Auto,NJ,7102,4/1/2025,4/30/2025,0.7608,4799.57,71.58,726.03,6358.24,1,1,1,0,0,3,2,1,0.3333,0.7713,0.3005,0.973010854,1,,0.5,0.3333
120013,Meridian Insurance Partners,Commercial Auto,NJ,7102,5/1/2025,5/31/2025,0.7412,3366.62,139.51,289.3,5468.79,3,1,1,0,0,3,2,1,0.3333,0.7699,0.3005,0.973010854,1,,0.5,0.3333
120013,Meridian Insurance Partners,Commercial Auto,NJ,7102,6/1/2025,6/30/2025,0.7578,2719.95,343.56,607.44,472.98,0,0,0,1,0,3,2,1,0.3333,0.7801,0.3005,0.973010854,1,,0.5,0.3333
120013,Meridian Insurance Partners,Commercial Auto,NJ,7102,7/1/2025,7/31/2025,0.7678,4756.73,207.43,104.15,1451.07,1,1,0,1,0,3,2,1,0.3333,0.7748,0.3005,0.973010854,1,Declined,0.5,0.3333
120013,Meridian Insurance Partners,Commercial Auto,NJ,7102,8/1/2025,8/31/2025,0.794,5280.39,79.94,274.78,2078.8,1,1,0,0,0,10,8,7,0.7,0.7727,0.3005,0.973010854,2,Withdrawn,0.875,0.7
120013,Meridian Insurance Partners,Commercial Auto,NJ,7102,9/1/2025,9/30/2025,0.7562,5446.16,46.55,241.85,4685.14,2,0,2,0,0,3,2,1,0.3333,0.7714,0.3005,0.973010854,1,,0.5,0.3333
120014,Horizon Risk Consultants,Business Owners Policy,NJ,8401,1/1/2026,1/31/2026,0.4674,2874.97,1960.83,364.12,1185.16,2,0,1,0,0,6,5,2,0.3333,0.7658,0.3609,0.970486284,1,Declined,0.4,0.3333
120014,Horizon Risk Consultants,Business Owners Policy,NJ,8401,10/1/2025,10/31/2025,0.5071,2203.3,395.04,406.87,1713.2,1,0,2,0,0,3,2,1,0.3333,0.7286,0.3609,0.970486284,1,Withdrawn,0.5,0.3333
120014,Horizon Risk Consultants,Business Owners Policy,NJ,8401,11/1/2025,11/30/2025,0.5319,1286.26,1717.07,453.39,4838.46,1,0,2,0,0,7,6,4,0.5714,0.7459,0.3609,0.970486284,1,Withdrawn,0.6667,0.5714
120014,Horizon Risk Consultants,Business Owners Policy,NJ,8401,12/1/2025,12/31/2025,0.5321,2316.12,1271.75,623.31,2208.25,1,0,1,0,0,5,2,1,0.2,0.7468,0.3609,0.970486284,3,Declined,0.5,0.2
120014,Horizon Risk Consultants,Business Owners Policy,NJ,8401,2/1/2026,2/28/2026,0.5291,5265.85,2045.49,341.03,3796.97,3,1,1,1,0,4,3,2,0.5,0.7215,0.3609,0.970486284,1,Withdrawn,0.6667,0.5
120014,Horizon Risk Consultants,Business Owners Policy,NJ,8401,3/1/2026,3/31/2026,0.4844,6468.96,3435.19,362.24,4656.92,1,1,0,1,0,3,2,1,0.3333,0.7349,0.3609,0.970486284,1,,0.5,0.3333
120014,Horizon Risk Consultants,Business Owners Policy,NJ,8401,4/1/2025,4/30/2025,0.4971,3877.71,1653.23,368.28,2845.46,2,1,1,2,0,3,2,1,0.3333,0.7458,0.3609,0.970486284,1,,0.5,0.3333
120014,Horizon Risk Consultants,Business Owners Policy,NJ,8401,5/1/2025,5/31/2025,0.4748,3107.92,966.99,246.41,4739.37,0,0,0,1,0,3,2,1,0.3333,0.7692,0.3609,0.970486284,1,,0.5,0.3333
120014,Horizon Risk Consultants,Business Owners Policy,NJ,8401,6/1/2025,6/30/2025,0.5082,4321.47,1403.58,794.22,5261.99,1,1,1,1,0,5,4,1,0.2,0.7692,0.3609,0.970486284,1,Withdrawn,0.25,0.2
120014,Horizon Risk Consultants,Business Owners Policy,NJ,8401,7/1/2025,7/31/2025,0.5216,4642.73,531.89,810.07,2237.01,1,1,2,0,0,3,2,1,0.3333,0.7294,0.3609,0.970486284,1,,0.5,0.3333
120014,Horizon Risk Consultants,Business Owners Policy,NJ,8401,8/1/2025,8/31/2025,0.48,4302.75,2385.96,830.78,7305.69,1,1,3,2,0,3,2,1,0.3333,0.7402,0.3609,0.970486284,1,Withdrawn,0.5,0.3333
120014,Horizon Risk Consultants,Business Owners Policy,NJ,8401,9/1/2025,9/30/2025,0.4893,1840.02,1270.07,293.44,1719.58,1,0,1,1,0,3,2,1,0.3333,0.7801,0.3609,0.970486284,1,,0.5,0.3333
120015,Bridgepoint & Associates,Workers Comp,NJ,7601,1/1/2026,1/31/2026,0.4311,2260.83,365.13,232.25,1735.5,2,0,1,1,0,9,6,1,0.1111,0.8674,0.2741,0.950669067,3,,0.1667,0.1111
120015,Bridgepoint & Associates,Workers Comp,NJ,7601,10/1/2025,10/31/2025,0.4516,2789.51,316.19,181.09,1861.3,1,0,0,1,0,5,2,1,0.2,0.8846,0.2741,0.950669067,3,Withdrawn,0.5,0.2
120015,Bridgepoint & Associates,Workers Comp,NJ,7601,11/1/2025,11/30/2025,0.4211,6828.38,978.9,177.09,3787.91,0,0,0,0,0,3,2,1,0.3333,0.8661,0.2741,0.950669067,1,,0.5,0.3333
120015,Bridgepoint & Associates,Workers Comp,NJ,7601,12/1/2025,12/31/2025,0.5725,3486.56,1469.12,20.88,2005.04,0,0,2,1,0,3,2,1,0.3333,0.8718,0.2741,0.950669067,1,,0.5,0.3333
120015,Bridgepoint & Associates,Workers Comp,NJ,7601,2/1/2026,2/28/2026,0.4573,1589.8,203.19,193,980.42,1,0,2,0,0,3,2,1,0.3333,0.8887,0.2741,0.950669067,1,Withdrawn,0.5,0.3333
120015,Bridgepoint & Associates,Workers Comp,NJ,7601,3/1/2026,3/31/2026,0.6288,3034.42,1279.1,233.58,1739.24,1,1,1,0,0,3,2,1,0.3333,0.8824,0.2741,0.950669067,1,,0.5,0.3333
120015,Bridgepoint & Associates,Workers Comp,NJ,7601,4/1/2025,4/30/2025,0.4416,1968.19,1630.3,137.89,1087.96,1,1,2,0,0,3,2,1,0.3333,0.8661,0.2741,0.950669067,1,,0.5,0.3333
120015,Bridgepoint & Associates,Workers Comp,NJ,7601,5/1/2025,5/31/2025,0.4926,1918.46,852.82,58.2,1248.88,2,1,0,0,0,3,2,1,0.3333,0.8537,0.2741,0.950669067,1,Declined,0.5,0.3333
120015,Bridgepoint & Associates,Workers Comp,NJ,7601,6/1/2025,6/30/2025,0.5622,932.66,2038.61,277.26,1431.84,0,1,2,1,0,3,2,1,0.3333,0.8828,0.2741,0.950669067,1,Declined,0.5,0.3333
120015,Bridgepoint & Associates,Workers Comp,NJ,7601,7/1/2025,7/31/2025,0.5259,3448.5,1207.44,138.68,1969.16,2,1,1,0,0,3,2,1,0.3333,0.868,0.2741,0.950669067,1,,0.5,0.3333
120015,Bridgepoint & Associates,Workers Comp,NJ,7601,8/1/2025,8/31/2025,0.5699,4091.29,324.61,230.35,2072.8,2,0,0,0,0,9,8,5,0.5556,0.8701,0.2741,0.950669067,1,Withdrawn,0.625,0.5556
120015,Bridgepoint & Associates,Workers Comp,NJ,7601,9/1/2025,9/30/2025,0.4918,1845.86,3335.22,255.98,863.46,0,1,1,0,0,3,2,1,0.3333,0.8861,0.2741,0.950669067,1,Withdrawn,0.5,0.3333
120016,Crestview Insurance Services,Commercial Auto,PA,19103,1/1/2026,1/31/2026,0.7673,128.32,0,116.77,1253.09,0,0,1,0,0,4,2,1,0.25,0.7779,0.3377,0.83026375,2,,0.5,0.25
120016,Crestview Insurance Services,Commercial Auto,PA,19103,10/1/2025,10/31/2025,0.7499,1387.32,0,49.24,48.89,0,0,0,0,0,5,4,1,0.2,0.7854,0.3377,0.83026375,1,,0.25,0.2
120016,Crestview Insurance Services,Commercial Auto,PA,19103,11/1/2025,11/30/2025,0.7587,126.81,0,81.75,651.04,1,0,1,1,0,4,3,1,0.25,0.7767,0.3377,0.83026375,1,,0.3333,0.25
120016,Crestview Insurance Services,Commercial Auto,PA,19103,12/1/2025,12/31/2025,0.7465,927.59,0,293.35,1577.52,1,0,0,0,0,9,7,6,0.6667,0.7658,0.3377,0.83026375,2,,0.8571,0.6667
120016,Crestview Insurance Services,Commercial Auto,PA,19103,2/1/2026,2/28/2026,0.7484,417.24,0,75.38,552.8,2,1,0,0,0,3,2,1,0.3333,0.7797,0.3377,0.83026375,1,Withdrawn,0.5,0.3333
120016,Crestview Insurance Services,Commercial Auto,PA,19103,3/1/2026,3/31/2026,0.7796,988.51,0,105.37,1047.34,0,0,1,1,0,3,2,1,0.3333,0.768,0.3377,0.83026375,1,,0.5,0.3333
120016,Crestview Insurance Services,Commercial Auto,PA,19103,4/1/2025,4/30/2025,0.7391,632.33,0,29.05,579.02,0,0,1,0,0,3,2,1,0.3333,0.7767,0.3377,0.83026375,1,Withdrawn,0.5,0.3333
120016,Crestview Insurance Services,Commercial Auto,PA,19103,5/1/2025,5/31/2025,0.761,309.55,0,165.74,606.59,0,0,0,1,0,3,2,1,0.3333,0.7878,0.3377,0.83026375,1,,0.5,0.3333
120016,Crestview Insurance Services,Commercial Auto,PA,19103,6/1/2025,6/30/2025,0.7565,441.61,0,12.44,432.94,1,0,0,0,0,3,2,1,0.3333,0.7779,0.3377,0.83026375,1,,0.5,0.3333
120016,Crestview Insurance Services,Commercial Auto,PA,19103,7/1/2025,7/31/2025,0.7607,2150.06,0,54.4,1265.84,1,0,1,0,0,3,2,1,0.3333,0.7793,0.3377,0.83026375,1,Withdrawn,0.5,0.3333
120016,Crestview Insurance Services,Commercial Auto,PA,19103,8/1/2025,8/31/2025,0.7592,632.04,0,11.54,174.48,0,1,1,0,0,3,2,1,0.3333,0.7763,0.3377,0.83026375,1,Withdrawn,0.5,0.3333
120016,Crestview Insurance Services,Commercial Auto,PA,19103,9/1/2025,9/30/2025,0.7488,971.99,0,107.27,592.98,0,0,0,0,0,3,2,1,0.3333,0.7697,0.3377,0.83026375,1,Withdrawn,0.5,0.3333
120017,Premier & Associates,Business Owners Policy,PA,15222,1/1/2026,1/31/2026,0.5135,4514.1,0,117.85,1316.29,0,0,2,0,0,3,2,1,0.3333,0.7787,0.3417,0.940724231,1,Declined,0.5,0.3333
120017,Premier & Associates,Business Owners Policy,PA,15222,10/1/2025,10/31/2025,0.4992,1657.39,0,163.53,499.48,0,0,0,0,0,3,2,1,0.3333,0.7683,0.3417,0.940724231,1,,0.5,0.3333
120017,Premier & Associates,Business Owners Policy,PA,15222,11/1/2025,11/30/2025,0.4577,1166,0,363.22,715.84,2,1,0,0,0,6,5,4,0.6667,0.7534,0.3417,0.940724231,1,,0.8,0.6667
120017,Premier & Associates,Business Owners Policy,PA,15222,12/1/2025,12/31/2025,0.4917,1268.94,0,88.73,2974.12,0,0,1,1,0,3,2,1,0.3333,0.7623,0.3417,0.940724231,1,,0.5,0.3333
120017,Premier & Associates,Business Owners Policy,PA,15222,2/1/2026,2/28/2026,0.4418,1287.32,0,742.46,2720.89,1,2,1,0,0,3,2,1,0.3333,0.7686,0.3417,0.940724231,1,Declined,0.5,0.3333
120017,Premier & Associates,Business Owners Policy,PA,15222,3/1/2026,3/31/2026,0.5323,1793.34,0,764.92,3421.27,0,1,1,0,0,5,4,3,0.6,0.7384,0.3417,0.940724231,1,,0.75,0.6
120017,Premier & Associates,Business Owners Policy,PA,15222,4/1/2025,4/30/2025,0.5194,2044.19,0,204.93,673.98,1,1,1,0,0,3,2,1,0.3333,0.7486,0.3417,0.940724231,1,,0.5,0.3333
120017,Premier & Associates,Business Owners Policy,PA,15222,5/1/2025,5/31/2025,0.4868,3916.02,0,282.14,2462,1,1,1,0,0,3,2,1,0.3333,0.7456,0.3417,0.940724231,1,Declined,0.5,0.3333
120017,Premier & Associates,Business Owners Policy,PA,15222,6/1/2025,6/30/2025,0.4496,5991.44,0,80.32,1514.1,2,0,4,0,0,4,3,1,0.25,0.7696,0.3417,0.940724231,1,Withdrawn,0.3333,0.25
120017,Premier & Associates,Business Owners Policy,PA,15222,7/1/2025,7/31/2025,0.543,510.12,0,397.1,2359.5,1,2,1,0,0,3,2,1,0.3333,0.7536,0.3417,0.940724231,1,Withdrawn,0.5,0.3333
120017,Premier & Associates,Business Owners Policy,PA,15222,8/1/2025,8/31/2025,0.4699,3150.64,0,340.72,5037.68,2,0,0,0,0,3,2,1,0.3333,0.7604,0.3417,0.940724231,1,Declined,0.5,0.3333
120017,Premier & Associates,Business Owners Policy,PA,15222,9/1/2025,9/30/2025,0.5603,3357.17,0,252.8,1406.87,2,1,0,0,0,3,2,1,0.3333,0.7817,0.3417,0.940724231,1,,0.5,0.3333
120018,Liberty Insurance Co.,Workers Comp,PA,17101,1/1/2026,1/31/2026,0.5479,4787.35,25.41,239.23,5014.6,0,0,2,0,0,3,2,1,0.3333,0.8901,0.2916,0.956363424,1,,0.5,0.3333
120018,Liberty Insurance Co.,Workers Comp,PA,17101,10/1/2025,10/31/2025,0.5681,1484.09,157.78,273.1,3988.36,1,0,1,1,0,5,4,3,0.6,0.864,0.2916,0.956363424,1,,0.75,0.6
120018,Liberty Insurance Co.,Workers Comp,PA,17101,11/1/2025,11/30/2025,0.5289,3835.51,46.31,253.17,1542.23,1,1,2,0,0,3,2,1,0.3333,0.864,0.2916,0.956363424,1,,0.5,0.3333
120018,Liberty Insurance Co.,Workers Comp,PA,17101,12/1/2025,12/31/2025,0.585,5028.94,22.28,138.28,2213.36,0,0,1,0,0,3,2,1,0.3333,0.8848,0.2916,0.956363424,1,Withdrawn,0.5,0.3333
120018,Liberty Insurance Co.,Workers Comp,PA,17101,2/1/2026,2/28/2026,0.577,1172.65,92.94,271.93,361.77,1,0,0,0,0,7,3,1,0.1429,0.8759,0.2916,0.956363424,4,,0.3333,0.1429
120018,Liberty Insurance Co.,Workers Comp,PA,17101,3/1/2026,3/31/2026,0.4447,1498.87,99.35,131.05,1566.37,0,2,1,0,0,4,3,2,0.5,0.8686,0.2916,0.956363424,1,Declined,0.6667,0.5
120018,Liberty Insurance Co.,Workers Comp,PA,17101,4/1/2025,4/30/2025,0.4831,2153.39,103.27,715.15,4719.68,1,1,1,0,0,3,2,1,0.3333,0.8654,0.2916,0.956363424,1,Withdrawn,0.5,0.3333
120018,Liberty Insurance Co.,Workers Comp,PA,17101,5/1/2025,5/31/2025,0.4571,1930.93,86.79,365.47,4078.27,2,0,2,1,0,3,2,1,0.3333,0.8729,0.2916,0.956363424,1,,0.5,0.3333
120018,Liberty Insurance Co.,Workers Comp,PA,17101,6/1/2025,6/30/2025,0.5299,2287.01,20.84,227.41,3424.63,1,0,0,0,0,5,2,1,0.2,0.8735,0.2916,0.956363424,3,Withdrawn,0.5,0.2
120018,Liberty Insurance Co.,Workers Comp,PA,17101,7/1/2025,7/31/2025,0.4533,1934.24,19.18,64.83,1353.63,3,0,0,0,0,3,2,1,0.3333,0.8673,0.2916,0.956363424,1,,0.5,0.3333
120018,Liberty Insurance Co.,Workers Comp,PA,17101,8/1/2025,8/31/2025,0.5077,2134.64,74.98,240.32,1316.45,0,1,0,0,0,3,2,1,0.3333,0.8661,0.2916,0.956363424,1,,0.5,0.3333
120018,Liberty Insurance Co.,Workers Comp,PA,17101,9/1/2025,9/30/2025,0.459,8153.46,40.35,300.47,1559.75,1,1,1,1,0,3,2,1,0.3333,0.8781,0.2916,0.956363424,1,Withdrawn,0.5,0.3333
120019,Guardian Insurance Agency,Commercial Auto,PA,18501,1/1/2026,1/31/2026,0.7508,3536.45,1618.15,282,2207.79,2,1,1,0,0,3,2,1,0.3333,0.7782,0.3603,0.963794954,1,,0.5,0.3333
120019,Guardian Insurance Agency,Commercial Auto,PA,18501,10/1/2025,10/31/2025,0.7544,1394.59,1207.98,127.2,5472.82,1,1,1,0,0,3,2,1,0.3333,0.7704,0.3603,0.963794954,1,Declined,0.5,0.3333
120019,Guardian Insurance Agency,Commercial Auto,PA,18501,11/1/2025,11/30/2025,0.7473,908.84,1851.05,49.81,3079.29,0,1,0,0,0,3,2,1,0.3333,0.7808,0.3603,0.963794954,1,,0.5,0.3333
120019,Guardian Insurance Agency,Commercial Auto,PA,18501,12/1/2025,12/31/2025,0.7627,5007.02,2410.34,1036.24,2136.85,1,0,1,0,0,3,2,1,0.3333,0.7729,0.3603,0.963794954,1,Withdrawn,0.5,0.3333
120019,Guardian Insurance Agency,Commercial Auto,PA,18501,2/1/2026,2/28/2026,0.774,1580.81,1819.03,436.12,4547.7,2,2,1,0,0,3,2,1,0.3333,0.7847,0.3603,0.963794954,1,,0.5,0.3333
120019,Guardian Insurance Agency,Commercial Auto,PA,18501,3/1/2026,3/31/2026,0.7577,8554.77,1199.4,582.81,4370.08,0,1,0,1,0,9,8,7,0.7778,0.7761,0.3603,0.963794954,1,,0.875,0.7778
120019,Guardian Insurance Agency,Commercial Auto,PA,18501,4/1/2025,4/30/2025,0.7522,3258.1,1419.66,76.32,670.7,1,0,1,0,0,3,2,1,0.3333,0.7716,0.3603,0.963794954,1,,0.5,0.3333
120019,Guardian Insurance Agency,Commercial Auto,PA,18501,5/1/2025,5/31/2025,0.756,1176.14,220.6,381.74,1938.1,1,0,1,0,0,3,2,1,0.3333,0.78,0.3603,0.963794954,1,,0.5,0.3333
120019,Guardian Insurance Agency,Commercial Auto,PA,18501,6/1/2025,6/30/2025,0.743,4791.44,1160.66,631.49,7741.45,1,1,1,0,0,6,4,3,0.5,0.7792,0.3603,0.963794954,2,Declined,0.75,0.5
120019,Guardian Insurance Agency,Commercial Auto,PA,18501,7/1/2025,7/31/2025,0.7729,3352.55,547.59,574.43,1093.9,0,0,1,0,0,3,2,1,0.3333,0.7789,0.3603,0.963794954,1,Declined,0.5,0.3333
120019,Guardian Insurance Agency,Commercial Auto,PA,18501,8/1/2025,8/31/2025,0.755,3273.26,750.17,323.05,999.33,0,1,1,0,0,3,2,1,0.3333,0.7794,0.3603,0.963794954,1,,0.5,0.3333
120019,Guardian Insurance Agency,Commercial Auto,PA,18501,9/1/2025,9/30/2025,0.7448,2662.47,625.03,955.84,4819.09,1,0,1,0,0,3,2,1,0.3333,0.7743,0.3603,0.963794954,1,Withdrawn,0.5,0.3333
120020,Nexus Insurance Co.,Business Owners Policy,NY,10001,1/1/2026,1/31/2026,0.467,735.16,99.53,212.92,2478.73,0,1,1,0,0,6,3,2,0.3333,0.7325,0.3492,0.912658019,3,,0.6667,0.3333
120020,Nexus Insurance Co.,Business Owners Policy,NY,10001,10/1/2025,10/31/2025,0.5012,1022.08,131.45,582.45,801.12,0,0,2,0,0,5,4,2,0.4,0.7223,0.3492,0.912658019,1,Withdrawn,0.5,0.4
120020,Nexus Insurance Co.,Business Owners Policy,NY,10001,11/1/2025,11/30/2025,0.4379,2801.18,63.91,50.44,430.46,0,1,1,0,0,6,3,1,0.1667,0.7665,0.3492,0.912658019,3,Withdrawn,0.3333,0.1667
120020,Nexus Insurance Co.,Business Owners Policy,NY,10001,12/1/2025,12/31/2025,0.5357,1634.86,128.07,109.38,692.44,0,1,1,1,0,3,2,1,0.3333,0.7402,0.3492,0.912658019,1,Declined,0.5,0.3333
120020,Nexus Insurance Co.,Business Owners Policy,NY,10001,2/1/2026,2/28/2026,0.4583,180.82,14.51,89.62,2086.9,0,0,0,0,0,3,2,1,0.3333,0.7448,0.3492,0.912658019,1,Withdrawn,0.5,0.3333
120020,Nexus Insurance Co.,Business Owners Policy,NY,10001,3/1/2026,3/31/2026,0.5025,409.59,45.56,182.49,855.64,1,1,1,0,0,3,2,1,0.3333,0.727,0.3492,0.912658019,1,Declined,0.5,0.3333
120020,Nexus Insurance Co.,Business Owners Policy,NY,10001,4/1/2025,4/30/2025,0.4889,1372.35,20.72,598.63,876.89,1,0,0,0,0,3,2,1,0.3333,0.7494,0.3492,0.912658019,1,,0.5,0.3333
120020,Nexus Insurance Co.,Business Owners Policy,NY,10001,5/1/2025,5/31/2025,0.4522,4423.91,16.93,107.58,1822.54,2,0,0,0,0,3,2,1,0.3333,0.7458,0.3492,0.912658019,1,,0.5,0.3333
120020,Nexus Insurance Co.,Business Owners Policy,NY,10001,6/1/2025,6/30/2025,0.4571,2140.94,54.92,242.76,4344.92,1,0,1,0,0,3,2,1,0.3333,0.7832,0.3492,0.912658019,1,,0.5,0.3333
120020,Nexus Insurance Co.,Business Owners Policy,NY,10001,7/1/2025,7/31/2025,0.5244,622.25,151.22,394.55,1633.42,1,1,1,0,0,3,2,1,0.3333,0.7706,0.3492,0.912658019,1,Withdrawn,0.5,0.3333
120020,Nexus Insurance Co.,Business Owners Policy,NY,10001,8/1/2025,8/31/2025,0.5098,4731.87,21,132.96,2298.21,1,0,1,0,0,5,2,1,0.2,0.7259,0.3492,0.912658019,3,Withdrawn,0.5,0.2
120020,Nexus Insurance Co.,Business Owners Policy,NY,10001,9/1/2025,9/30/2025,0.5138,2450.02,156.61,198.34,2437.17,2,2,0,0,0,6,5,3,0.5,0.7347,0.3492,0.912658019,1,Withdrawn,0.6,0.5
120021,Highmark Risk Solutions,Workers Comp,NY,11201,1/1/2026,1/31/2026,0.5587,2637.84,0,491.36,1229.84,1,0,2,0,0,3,2,1,0.3333,0.8787,0.2836,0.944781964,1,Withdrawn,0.5,0.3333
120021,Highmark Risk Solutions,Workers Comp,NY,11201,10/1/2025,10/31/2025,0.4279,3391.99,0,149.81,3835.3,1,0,0,1,0,3,2,1,0.3333,0.8663,0.2836,0.944781964,1,Declined,0.5,0.3333
120021,Highmark Risk Solutions,Workers Comp,NY,11201,11/1/2025,11/30/2025,0.4704,5885.09,0,224.31,3999.78,2,1,2,1,0,5,2,1,0.2,0.8725,0.2836,0.944781964,3,,0.5,0.2
120021,Highmark Risk Solutions,Workers Comp,NY,11201,12/1/2025,12/31/2025,0.5684,4776.93,0,193.4,2039.76,0,1,0,0,0,4,3,1,0.25,0.8739,0.2836,0.944781964,1,,0.3333,0.25
120021,Highmark Risk Solutions,Workers Comp,NY,11201,2/1/2026,2/28/2026,0.4735,336.92,0,185.51,1156.7,2,0,0,1,0,3,2,1,0.3333,0.8734,0.2836,0.944781964,1,Withdrawn,0.5,0.3333
120021,Highmark Risk Solutions,Workers Comp,NY,11201,3/1/2026,3/31/2026,0.4467,955.27,0,33.03,571.35,0,0,0,0,0,3,2,1,0.3333,0.8798,0.2836,0.944781964,1,,0.5,0.3333
120021,Highmark Risk Solutions,Workers Comp,NY,11201,4/1/2025,4/30/2025,0.5629,2651.01,0,485.11,1604.65,1,1,1,0,0,6,3,2,0.3333,0.8868,0.2836,0.944781964,3,,0.6667,0.3333
120021,Highmark Risk Solutions,Workers Comp,NY,11201,5/1/2025,5/31/2025,0.5213,1179.03,0,40.45,1993.38,1,0,1,0,0,4,3,1,0.25,0.8801,0.2836,0.944781964,1,,0.3333,0.25
120021,Highmark Risk Solutions,Workers Comp,NY,11201,6/1/2025,6/30/2025,0.6275,3400.23,0,306.43,563.53,1,0,2,0,0,5,4,2,0.4,0.88,0.2836,0.944781964,1,Withdrawn,0.5,0.4
120021,Highmark Risk Solutions,Workers Comp,NY,11201,7/1/2025,7/31/2025,0.569,182.78,0,94.13,1168.97,0,2,0,0,0,3,2,1,0.3333,0.882,0.2836,0.944781964,1,,0.5,0.3333
120021,Highmark Risk Solutions,Workers Comp,NY,11201,8/1/2025,8/31/2025,0.5462,3117.23,0,292.57,1866.28,0,0,1,0,0,3,2,1,0.3333,0.8919,0.2836,0.944781964,1,Withdrawn,0.5,0.3333
120021,Highmark Risk Solutions,Workers Comp,NY,11201,9/1/2025,9/30/2025,0.4928,3539.36,0,38.44,828.56,0,0,0,0,0,3,2,1,0.3333,0.8783,0.2836,0.944781964,1,Withdrawn,0.5,0.3333
120022,Vantage Insurance Services,Commercial Auto,NY,10301,1/1/2026,1/31/2026,0.7507,727.22,0,531.59,2163.17,0,0,1,0,0,3,2,1,0.3333,0.7663,0.3049,0.933355748,1,,0.5,0.3333
120022,Vantage Insurance Services,Commercial Auto,NY,10301,10/1/2025,10/31/2025,0.7582,3011.1,0,78.94,991.43,2,0,0,0,0,9,4,3,0.3333,0.7736,0.3049,0.933355748,5,Withdrawn,0.75,0.3333
120022,Vantage Insurance Services,Commercial Auto,NY,10301,11/1/2025,11/30/2025,0.7549,3109.42,0,277.68,1608.16,0,1,0,0,0,3,2,1,0.3333,0.7787,0.3049,0.933355748,1,,0.5,0.3333
120022,Vantage Insurance Services,Commercial Auto,NY,10301,12/1/2025,12/31/2025,0.7715,1179.44,0,174.99,2469.03,0,0,0,1,0,3,2,1,0.3333,0.7852,0.3049,0.933355748,1,,0.5,0.3333
120022,Vantage Insurance Services,Commercial Auto,NY,10301,2/1/2026,2/28/2026,0.7487,3243.55,0,258.05,1124.71,0,0,1,0,0,6,5,4,0.6667,0.773,0.3049,0.933355748,1,Withdrawn,0.8,0.6667
120022,Vantage Insurance Services,Commercial Auto,NY,10301,3/1/2026,3/31/2026,0.7637,3307.46,0,215.02,1449.54,0,2,1,0,0,3,2,1,0.3333,0.772,0.3049,0.933355748,1,,0.5,0.3333
120022,Vantage Insurance Services,Commercial Auto,NY,10301,4/1/2025,4/30/2025,0.7634,518.34,0,96.5,5507.22,1,1,1,0,0,3,2,1,0.3333,0.7779,0.3049,0.933355748,1,Withdrawn,0.5,0.3333
120022,Vantage Insurance Services,Commercial Auto,NY,10301,5/1/2025,5/31/2025,0.7781,1520,0,95.75,1057.64,1,0,0,1,0,3,2,1,0.3333,0.7746,0.3049,0.933355748,1,,0.5,0.3333
120022,Vantage Insurance Services,Commercial Auto,NY,10301,6/1/2025,6/30/2025,0.7769,6464.57,0,58.66,2611.28,0,0,0,0,0,3,2,1,0.3333,0.7776,0.3049,0.933355748,1,,0.5,0.3333
120022,Vantage Insurance Services,Commercial Auto,NY,10301,7/1/2025,7/31/2025,0.7829,2454.16,0,511.98,1596.07,1,0,1,0,0,7,3,1,0.1429,0.7772,0.3049,0.933355748,4,,0.3333,0.1429
120022,Vantage Insurance Services,Commercial Auto,NY,10301,8/1/2025,8/31/2025,0.78,623.51,0,193.89,5152.2,1,0,2,0,0,3,2,1,0.3333,0.7772,0.3049,0.933355748,1,Withdrawn,0.5,0.3333
120022,Vantage Insurance Services,Commercial Auto,NY,10301,9/1/2025,9/30/2025,0.7575,2114.87,0,320.89,2324.61,1,0,0,0,0,3,2,1,0.3333,0.7908,0.3049,0.933355748,1,,0.5,0.3333
120023,Guardian Insurance Group,Business Owners Policy,NY,14201,1/1/2026,1/31/2026,0.5015,3047.05,0,355.62,5547.23,1,1,1,0,0,5,4,1,0.2,0.7319,0.3014,0.961026242,1,Withdrawn,0.25,0.2
120023,Guardian Insurance Group,Business Owners Policy,NY,14201,10/1/2025,10/31/2025,0.535,4679.76,0,103.74,795.82,1,0,0,0,0,3,2,1,0.3333,0.7775,0.3014,0.961026242,1,,0.5,0.3333
120023,Guardian Insurance Group,Business Owners Policy,NY,14201,11/1/2025,11/30/2025,0.5138,2860.76,0,285.11,8096.95,0,0,1,0,0,3,2,1,0.3333,0.7515,0.3014,0.961026242,1,Declined,0.5,0.3333
120023,Guardian Insurance Group,Business Owners Policy,NY,14201,12/1/2025,12/31/2025,0.4884,1066.41,0,177.21,1498.04,0,0,1,0,0,3,2,1,0.3333,0.7279,0.3014,0.961026242,1,Withdrawn,0.5,0.3333
120023,Guardian Insurance Group,Business Owners Policy,NY,14201,2/1/2026,2/28/2026,0.4645,3744.05,0,457.07,505.95,1,2,1,0,0,3,2,1,0.3333,0.74,0.3014,0.961026242,1,Declined,0.5,0.3333
120023,Guardian Insurance Group,Business Owners Policy,NY,14201,3/1/2026,3/31/2026,0.5285,5628.36,0,470.98,3831.76,0,1,0,0,0,3,2,1,0.3333,0.7436,0.3014,0.961026242,1,,0.5,0.3333
120023,Guardian Insurance Group,Business Owners Policy,NY,14201,4/1/2025,4/30/2025,0.5171,1321.89,0,377.25,1731.21,0,0,3,0,0,4,3,2,0.5,0.7561,0.3014,0.961026242,1,Withdrawn,0.6667,0.5
120023,Guardian Insurance Group,Business Owners Policy,NY,14201,5/1/2025,5/31/2025,0.5507,4142.35,0,95.25,502.83,2,2,1,0,0,3,2,1,0.3333,0.7532,0.3014,0.961026242,1,Withdrawn,0.5,0.3333
120023,Guardian Insurance Group,Business Owners Policy,NY,14201,6/1/2025,6/30/2025,0.4423,1612.73,0,310.6,699.14,3,0,1,0,0,4,3,2,0.5,0.7665,0.3014,0.961026242,1,,0.6667,0.5
120023,Guardian Insurance Group,Business Owners Policy,NY,14201,7/1/2025,7/31/2025,0.5029,2391.54,0,411.12,5180.37,0,0,0,1,0,3,2,1,0.3333,0.7802,0.3014,0.961026242,1,Declined,0.5,0.3333
120023,Guardian Insurance Group,Business Owners Policy,NY,14201,8/1/2025,8/31/2025,0.4948,3942.32,0,523.44,2690.92,1,0,1,0,0,3,2,1,0.3333,0.745,0.3014,0.961026242,1,,0.5,0.3333
120023,Guardian Insurance Group,Business Owners Policy,NY,14201,9/1/2025,9/30/2025,0.4428,3876.38,0,165.43,1684.16,1,0,0,0,0,6,5,3,0.5,0.7423,0.3014,0.961026242,1,,0.6,0.5
120024,Summit Insurance Partners,Workers Comp,NJ,7030,1/1/2026,1/31/2026,0.5662,3063.77,2178.72,185,668.33,1,0,1,0,0,3,2,1,0.3333,0.8835,0.3544,0.873027598,1,,0.5,0.3333
120024,Summit Insurance Partners,Workers Comp,NJ,7030,10/1/2025,10/31/2025,0.5087,2084.93,649.25,179.93,419.08,0,0,0,0,0,3,2,1,0.3333,0.8796,0.3544,0.873027598,1,Withdrawn,0.5,0.3333
120024,Summit Insurance Partners,Workers Comp,NJ,7030,11/1/2025,11/30/2025,0.5299,1289.24,526.89,148.9,1305.74,0,0,0,1,0,3,2,1,0.3333,0.8595,0.3544,0.873027598,1,Withdrawn,0.5,0.3333
120024,Summit Insurance Partners,Workers Comp,NJ,7030,12/1/2025,12/31/2025,0.4929,435.64,2838.12,136.49,2161.44,0,1,1,0,0,3,2,1,0.3333,0.878,0.3544,0.873027598,1,,0.5,0.3333
120024,Summit Insurance Partners,Workers Comp,NJ,7030,2/1/2026,2/28/2026,0.5233,1381.24,1725.88,70.83,1083.75,0,1,1,0,0,4,3,2,0.5,0.8876,0.3544,0.873027598,1,Declined,0.6667,0.5
120024,Summit Insurance Partners,Workers Comp,NJ,7030,3/1/2026,3/31/2026,0.4731,2704.39,1753.63,48.95,976.97,0,0,1,1,0,3,2,1,0.3333,0.8751,0.3544,0.873027598,1,,0.5,0.3333
120024,Summit Insurance Partners,Workers Comp,NJ,7030,4/1/2025,4/30/2025,0.4749,439.77,1069.2,167.09,2580.37,1,0,0,0,0,5,3,2,0.4,0.8861,0.3544,0.873027598,2,Withdrawn,0.6667,0.4
120024,Summit Insurance Partners,Workers Comp,NJ,7030,5/1/2025,5/31/2025,0.4514,441.58,764.76,134.04,125.47,0,1,0,0,0,3,2,1,0.3333,0.8764,0.3544,0.873027598,1,,0.5,0.3333
120024,Summit Insurance Partners,Workers Comp,NJ,7030,6/1/2025,6/30/2025,0.4455,669.61,314.96,117.5,2153.3,1,0,1,0,0,3,2,1,0.3333,0.8828,0.3544,0.873027598,1,Declined,0.5,0.3333
120024,Summit Insurance Partners,Workers Comp,NJ,7030,7/1/2025,7/31/2025,0.4202,284.97,636.15,261.59,1620.99,0,0,1,0,0,3,2,1,0.3333,0.8772,0.3544,0.873027598,1,,0.5,0.3333
120024,Summit Insurance Partners,Workers Comp,NJ,7030,8/1/2025,8/31/2025,0.5518,1094.13,2364.68,291.09,1172.71,2,0,0,0,0,3,2,1,0.3333,0.8705,0.3544,0.873027598,1,Withdrawn,0.5,0.3333
120024,Summit Insurance Partners,Workers Comp,NJ,7030,9/1/2025,9/30/2025,0.5311,687.05,895.77,202.68,308.17,1,1,0,0,0,5,4,3,0.6,0.875,0.3544,0.873027598,1,,0.75,0.6
120025,Landmark Brokerage,Commercial Auto,NJ,7102,1/1/2026,1/31/2026,0.7875,3417.44,1795.86,789.9,3022.4,0,0,0,0,0,3,2,1,0.3333,0.7759,0.2826,0.952398492,1,Declined,0.5,0.3333
120025,Landmark Brokerage,Commercial Auto,NJ,7102,10/1/2025,10/31/2025,0.7471,2819.86,2107.07,325.61,980.47,2,1,2,0,0,3,2,1,0.3333,0.7779,0.2826,0.952398492,1,,0.5,0.3333
120025,Landmark Brokerage,Commercial Auto,NJ,7102,11/1/2025,11/30/2025,0.7561,961.32,1217.11,148.44,963.27,1,0,2,0,0,4,3,2,0.5,0.7836,0.2826,0.952398492,1,,0.6667,0.5
120025,Landmark Brokerage,Commercial Auto,NJ,7102,12/1/2025,12/31/2025,0.7369,1238.26,288.27,83.81,3765.21,0,1,1,0,0,3,2,1,0.3333,0.7814,0.2826,0.952398492,1,,0.5,0.3333
120025,Landmark Brokerage,Commercial Auto,NJ,7102,2/1/2026,2/28/2026,0.7422,258.24,1229.8,102.9,1933.35,0,0,0,1,0,3,2,1,0.3333,0.7713,0.2826,0.952398492,1,Withdrawn,0.5,0.3333
120025,Landmark Brokerage,Commercial Auto,NJ,7102,3/1/2026,3/31/2026,0.7625,746.46,779.42,205.71,2670.39,1,2,0,0,0,3,2,1,0.3333,0.7788,0.2826,0.952398492,1,,0.5,0.3333
120025,Landmark Brokerage,Commercial Auto,NJ,7102,4/1/2025,4/30/2025,0.7454,3065.31,2271.64,97.75,327.01,1,0,1,0,0,4,3,1,0.25,0.7697,0.2826,0.952398492,1,Withdrawn,0.3333,0.25
120025,Landmark Brokerage,Commercial Auto,NJ,7102,5/1/2025,5/31/2025,0.7796,6634.13,2306.26,22.91,721.38,1,1,2,0,0,4,3,1,0.25,0.7564,0.2826,0.952398492,1,Declined,0.3333,0.25
120025,Landmark Brokerage,Commercial Auto,NJ,7102,6/1/2025,6/30/2025,0.7525,6679.75,1846.94,121.98,1117.93,1,0,1,0,0,3,2,1,0.3333,0.7732,0.2826,0.952398492,1,Withdrawn,0.5,0.3333
120025,Landmark Brokerage,Commercial Auto,NJ,7102,7/1/2025,7/31/2025,0.7481,4260.66,2728.75,186.83,93.87,1,1,1,1,0,3,2,1,0.3333,0.7635,0.2826,0.952398492,1,,0.5,0.3333
120025,Landmark Brokerage,Commercial Auto,NJ,7102,8/1/2025,8/31/2025,0.7585,1407.9,1870.16,364.24,2343.04,1,1,1,0,0,3,2,1,0.3333,0.7738,0.2826,0.952398492,1,,0.5,0.3333
120025,Landmark Brokerage,Commercial Auto,NJ,7102,9/1/2025,9/30/2025,0.7316,3360.77,1570.51,289.79,2658.47,2,1,0,0,0,9,7,6,0.6667,0.7724,0.2826,0.952398492,2,Withdrawn,0.8571,0.6667
120026,Pinnacle Risk Solutions,Business Owners Policy,NJ,8401,1/1/2026,1/31/2026,0.5383,3225.97,1349.52,226.21,2574.47,0,1,0,0,0,6,5,2,0.3333,0.768,0.3318,0.91640597,1,Withdrawn,0.4,0.3333
120026,Pinnacle Risk Solutions,Business Owners Policy,NJ,8401,10/1/2025,10/31/2025,0.4887,694.3,573.79,87.09,1383.43,1,0,1,0,0,4,2,1,0.25,0.7732,0.3318,0.91640597,2,Declined,0.5,0.25
120026,Pinnacle Risk Solutions,Business Owners Policy,NJ,8401,11/1/2025,11/30/2025,0.4983,388.82,844.91,446.47,1520.95,1,1,0,0,0,3,2,1,0.3333,0.7415,0.3318,0.91640597,1,Withdrawn,0.5,0.3333
120026,Pinnacle Risk Solutions,Business Owners Policy,NJ,8401,12/1/2025,12/31/2025,0.4552,1812.09,903.47,65.32,669.52,2,0,2,0,0,3,2,1,0.3333,0.7479,0.3318,0.91640597,1,Declined,0.5,0.3333
120026,Pinnacle Risk Solutions,Business Owners Policy,NJ,8401,2/1/2026,2/28/2026,0.5473,393,1226.59,131.56,229.32,1,1,0,0,0,5,4,1,0.2,0.7422,0.3318,0.91640597,1,Withdrawn,0.25,0.2
120026,Pinnacle Risk Solutions,Business Owners Policy,NJ,8401,3/1/2026,3/31/2026,0.5437,2613.17,186,138.29,1712.23,2,1,1,1,0,6,5,4,0.6667,0.7564,0.3318,0.91640597,1,,0.8,0.6667
120026,Pinnacle Risk Solutions,Business Owners Policy,NJ,8401,4/1/2025,4/30/2025,0.5152,4225.28,622.95,178.92,3322.4,0,0,1,1,0,3,2,1,0.3333,0.7578,0.3318,0.91640597,1,Withdrawn,0.5,0.3333
120026,Pinnacle Risk Solutions,Business Owners Policy,NJ,8401,5/1/2025,5/31/2025,0.4902,1594.34,1328.02,436.58,2655.52,2,1,3,0,0,3,2,1,0.3333,0.7313,0.3318,0.91640597,1,,0.5,0.3333
120026,Pinnacle Risk Solutions,Business Owners Policy,NJ,8401,6/1/2025,6/30/2025,0.5069,2754.84,541.08,154.27,2395.81,0,1,1,1,0,3,2,1,0.3333,0.7497,0.3318,0.91640597,1,Withdrawn,0.5,0.3333
120026,Pinnacle Risk Solutions,Business Owners Policy,NJ,8401,7/1/2025,7/31/2025,0.5132,955.81,1293.44,498,1611.68,1,1,1,0,0,3,2,1,0.3333,0.7514,0.3318,0.91640597,1,,0.5,0.3333
120026,Pinnacle Risk Solutions,Business Owners Policy,NJ,8401,8/1/2025,8/31/2025,0.5401,835.95,332.77,270.49,886.68,1,0,1,0,0,3,2,1,0.3333,0.7288,0.3318,0.91640597,1,,0.5,0.3333
120026,Pinnacle Risk Solutions,Business Owners Policy,NJ,8401,9/1/2025,9/30/2025,0.4828,3977.94,280.31,78.26,3948.88,0,0,0,0,0,4,3,1,0.25,0.7466,0.3318,0.91640597,1,Withdrawn,0.3333,0.25
120027,Guardian Insurance Partners,Workers Comp,NJ,7601,1/1/2026,1/31/2026,0.5374,2533.66,0,94.38,893.53,3,1,2,0,0,3,2,1,0.3333,0.8777,0.2757,0.942543058,1,Withdrawn,0.5,0.3333
120027,Guardian Insurance Partners,Workers Comp,NJ,7601,10/1/2025,10/31/2025,0.5531,5305.8,0,32.86,687.15,0,0,0,1,0,3,2,1,0.3333,0.8789,0.2757,0.942543058,1,Declined,0.5,0.3333
120027,Guardian Insurance Partners,Workers Comp,NJ,7601,11/1/2025,11/30/2025,0.4658,1929.63,0,331.41,886.89,1,0,1,1,0,5,4,2,0.4,0.8759,0.2757,0.942543058,1,,0.5,0.4
120027,Guardian Insurance Partners,Workers Comp,NJ,7601,12/1/2025,12/31/2025,0.4703,4971.76,0,248.59,1840.2,0,1,1,0,0,8,6,5,0.625,0.8722,0.2757,0.942543058,2,Withdrawn,0.8333,0.625
120027,Guardian Insurance Partners,Workers Comp,NJ,7601,2/1/2026,2/28/2026,0.4912,706.02,0,348.07,1536.86,0,0,1,0,0,3,2,1,0.3333,0.8731,0.2757,0.942543058,1,,0.5,0.3333
120027,Guardian Insurance Partners,Workers Comp,NJ,7601,3/1/2026,3/31/2026,0.5268,4390.59,0,101.38,1377.22,0,1,0,0,0,3,2,1,0.3333,0.8784,0.2757,0.942543058,1,,0.5,0.3333
120027,Guardian Insurance Partners,Workers Comp,NJ,7601,4/1/2025,4/30/2025,0.4405,5568.11,0,112.66,2150.55,0,0,1,0,0,3,2,1,0.3333,0.8681,0.2757,0.942543058,1,Withdrawn,0.5,0.3333
120027,Guardian Insurance Partners,Workers Comp,NJ,7601,5/1/2025,5/31/2025,0.4849,1644.8,0,105.51,428.63,1,0,1,1,0,3,2,1,0.3333,0.87,0.2757,0.942543058,1,Declined,0.5,0.3333
120027,Guardian Insurance Partners,Workers Comp,NJ,7601,6/1/2025,6/30/2025,0.5704,1485.55,0,97.7,1421.99,1,1,0,0,0,9,8,5,0.5556,0.881,0.2757,0.942543058,1,,0.625,0.5556
120027,Guardian Insurance Partners,Workers Comp,NJ,7601,7/1/2025,7/31/2025,0.5458,1389.12,0,88.89,1000.51,3,0,1,1,0,3,2,1,0.3333,0.8799,0.2757,0.942543058,1,Declined,0.5,0.3333
120027,Guardian Insurance Partners,Workers Comp,NJ,7601,8/1/2025,8/31/2025,0.4779,1259.28,0,128.82,299.02,0,0,1,1,0,4,3,1,0.25,0.874,0.2757,0.942543058,1,,0.3333,0.25
120027,Guardian Insurance Partners,Workers Comp,NJ,7601,9/1/2025,9/30/2025,0.5239,90.85,0,269.89,4636.83,1,0,1,0,0,3,2,1,0.3333,0.8892,0.2757,0.942543058,1,,0.5,0.3333
120028,Harbor Insurance Partners,Commercial Auto,PA,19103,1/1/2026,1/31/2026,0.7303,1137.28,96.72,1325.19,698.22,1,0,0,0,1,7,6,4,0.5714,0.7636,0.3591,1,1,Withdrawn,0.6667,0.5714
120028,Harbor Insurance Partners,Commercial Auto,PA,19103,10/1/2025,10/31/2025,0.7772,9475.23,33.41,629.91,5437.11,3,2,0,0,0,3,2,1,0.3333,0.7651,0.3591,1,1,Declined,0.5,0.3333
120028,Harbor Insurance Partners,Commercial Auto,PA,19103,11/1/2025,11/30/2025,0.7388,9083.97,145.73,83.02,6780.5,2,1,0,0,0,3,2,1,0.3333,0.7645,0.3591,1,1,Withdrawn,0.5,0.3333
120028,Harbor Insurance Partners,Commercial Auto,PA,19103,12/1/2025,12/31/2025,0.7677,4100.01,135.58,908.21,13293.85,1,1,1,1,0,3,2,1,0.3333,0.7695,0.3591,1,1,Declined,0.5,0.3333
120028,Harbor Insurance Partners,Commercial Auto,PA,19103,2/1/2026,2/28/2026,0.765,2549.31,110.18,993.65,1624.64,0,1,1,0,0,8,7,6,0.75,0.766,0.3591,1,1,,0.8571,0.75
120028,Harbor Insurance Partners,Commercial Auto,PA,19103,3/1/2026,3/31/2026,0.7625,4372.28,166.58,109.28,2337.9,2,1,2,1,0,3,2,1,0.3333,0.7744,0.3591,1,1,,0.5,0.3333
120028,Harbor Insurance Partners,Commercial Auto,PA,19103,4/1/2025,4/30/2025,0.7779,3609.62,189.47,1079.48,14681.65,1,0,1,0,0,3,2,1,0.3333,0.7709,0.3591,1,1,,0.5,0.3333
120028,Harbor Insurance Partners,Commercial Auto,PA,19103,5/1/2025,5/31/2025,0.7574,5766.52,269.62,458.15,542.64,0,0,2,0,0,3,2,1,0.3333,0.7621,0.3591,1,1,,0.5,0.3333
120028,Harbor Insurance Partners,Commercial Auto,PA,19103,6/1/2025,6/30/2025,0.7679,5624.89,108.52,1524.24,3172.24,1,0,1,0,0,3,2,1,0.3333,0.7803,0.3591,1,1,Withdrawn,0.5,0.3333
120028,Harbor Insurance Partners,Commercial Auto,PA,19103,7/1/2025,7/31/2025,0.7415,3880.14,164.36,528.77,7200.04,0,0,1,0,0,3,2,1,0.3333,0.7851,0.3591,1,1,Declined,0.5,0.3333
120028,Harbor Insurance Partners,Commercial Auto,PA,19103,8/1/2025,8/31/2025,0.7438,10161.81,430.49,560.14,1127.95,0,2,2,0,0,3,2,1,0.3333,0.7733,0.3591,1,1,Withdrawn,0.5,0.3333
120028,Harbor Insurance Partners,Commercial Auto,PA,19103,9/1/2025,9/30/2025,0.7733,2743.3,33.76,316.91,5454.31,2,1,2,0,0,3,2,1,0.3333,0.7829,0.3591,1,1,Withdrawn,0.5,0.3333
120029,Summit Risk Management,Business Owners Policy,PA,15222,1/1/2026,1/31/2026,0.5394,1275.7,0,253.8,1692.56,1,0,2,0,0,3,2,1,0.3333,0.7632,0.3204,0.880045649,1,,0.5,0.3333
120029,Summit Risk Management,Business Owners Policy,PA,15222,10/1/2025,10/31/2025,0.4922,2576.97,0,138.39,3241.56,1,0,0,0,0,3,2,1,0.3333,0.7584,0.3204,0.880045649,1,,0.5,0.3333
120029,Summit Risk Management,Business Owners Policy,PA,15222,11/1/2025,11/30/2025,0.5073,1328.5,0,205.95,1313.91,1,1,0,1,0,7,6,3,0.4286,0.7205,0.3204,0.880045649,1,,0.5,0.4286
120029,Summit Risk Management,Business Owners Policy,PA,15222,12/1/2025,12/31/2025,0.4805,2318.78,0,288.27,1760.99,0,1,0,0,0,3,2,1,0.3333,0.7406,0.3204,0.880045649,1,Withdrawn,0.5,0.3333
120029,Summit Risk Management,Business Owners Policy,PA,15222,2/1/2026,2/28/2026,0.5009,2424.43,0,54.39,551.02,0,1,0,1,0,3,2,1,0.3333,0.7609,0.3204,0.880045649,1,,0.5,0.3333
120029,Summit Risk Management,Business Owners Policy,PA,15222,3/1/2026,3/31/2026,0.4702,969.88,0,37.74,507.97,0,1,1,0,0,3,2,1,0.3333,0.7494,0.3204,0.880045649,1,Withdrawn,0.5,0.3333
120029,Summit Risk Management,Business Owners Policy,PA,15222,4/1/2025,4/30/2025,0.5179,173.03,0,154.75,700.21,1,1,2,0,0,3,2,1,0.3333,0.7635,0.3204,0.880045649,1,Withdrawn,0.5,0.3333
120029,Summit Risk Management,Business Owners Policy,PA,15222,5/1/2025,5/31/2025,0.537,27.54,0,85,312.93,1,1,1,0,0,5,4,1,0.2,0.7577,0.3204,0.880045649,1,Withdrawn,0.25,0.2
120029,Summit Risk Management,Business Owners Policy,PA,15222,6/1/2025,6/30/2025,0.5295,271.01,0,51.44,1735.93,1,0,2,0,0,3,2,1,0.3333,0.7383,0.3204,0.880045649,1,,0.5,0.3333
120029,Summit Risk Management,Business Owners Policy,PA,15222,7/1/2025,7/31/2025,0.5171,606.85,0,183.72,835.78,0,0,0,0,0,3,2,1,0.3333,0.7358,0.3204,0.880045649,1,,0.5,0.3333
120029,Summit Risk Management,Business Owners Policy,PA,15222,8/1/2025,8/31/2025,0.4992,3060.24,0,102.17,1080.88,3,0,2,0,0,3,2,1,0.3333,0.7209,0.3204,0.880045649,1,,0.5,0.3333
120029,Summit Risk Management,Business Owners Policy,PA,15222,9/1/2025,9/30/2025,0.5143,711.28,0,181.84,1048.98,1,0,0,0,0,4,3,2,0.5,0.7412,0.3204,0.880045649,1,Declined,0.6667,0.5
120030,Nexus Agency Group,Workers Comp,PA,17101,1/1/2026,1/31/2026,0.4283,1547.8,57.15,207.66,1695.28,1,1,1,0,0,3,2,1,0.3333,0.88,0.3525,0.909046595,1,Withdrawn,0.5,0.3333
120030,Nexus Agency Group,Workers Comp,PA,17101,10/1/2025,10/31/2025,0.5491,1420.37,65.51,108.62,356.71,1,0,1,1,0,3,2,1,0.3333,0.875,0.3525,0.909046595,1,Declined,0.5,0.3333
120030,Nexus Agency Group,Workers Comp,PA,17101,11/1/2025,11/30/2025,0.5069,3178.61,39.63,642.89,2434.51,0,1,2,0,0,3,2,1,0.3333,0.8766,0.3525,0.909046595,1,,0.5,0.3333
120030,Nexus Agency Group,Workers Comp,PA,17101,12/1/2025,12/31/2025,0.5815,946.95,32.69,715.9,676.38,1,0,1,0,0,3,2,1,0.3333,0.8762,0.3525,0.909046595,1,,0.5,0.3333
120030,Nexus Agency Group,Workers Comp,PA,17101,2/1/2026,2/28/2026,0.4349,3037.29,22.51,281.43,1228.65,1,0,0,0,0,4,3,1,0.25,0.8644,0.3525,0.909046595,1,Declined,0.3333,0.25
120030,Nexus Agency Group,Workers Comp,PA,17101,3/1/2026,3/31/2026,0.4838,806.66,40.11,170.81,1636.38,1,1,1,1,0,10,7,6,0.6,0.8809,0.3525,0.909046595,3,Declined,0.8571,0.6
120030,Nexus Agency Group,Workers Comp,PA,17101,4/1/2025,4/30/2025,0.4521,1570.01,103.04,127.36,5501.25,2,1,1,0,0,4,3,2,0.5,0.864,0.3525,0.909046595,1,,0.6667,0.5
120030,Nexus Agency Group,Workers Comp,PA,17101,5/1/2025,5/31/2025,0.4598,1142.25,68.22,133.45,1984.63,1,0,1,0,0,4,3,1,0.25,0.8773,0.3525,0.909046595,1,,0.3333,0.25
120030,Nexus Agency Group,Workers Comp,PA,17101,6/1/2025,6/30/2025,0.5276,2482.47,127.07,156.62,2230.46,2,0,2,0,0,3,2,1,0.3333,0.8763,0.3525,0.909046595,1,Withdrawn,0.5,0.3333
120030,Nexus Agency Group,Workers Comp,PA,17101,7/1/2025,7/31/2025,0.4844,2634.64,162.28,45.71,183.04,2,1,1,1,0,3,2,1,0.3333,0.8809,0.3525,0.909046595,1,,0.5,0.3333
120030,Nexus Agency Group,Workers Comp,PA,17101,8/1/2025,8/31/2025,0.4315,1125.93,39.55,142.25,1959.6,1,0,1,1,0,3,2,1,0.3333,0.865,0.3525,0.909046595,1,,0.5,0.3333
120030,Nexus Agency Group,Workers Comp,PA,17101,9/1/2025,9/30/2025,0.5576,1756.17,37.39,119.92,1135.79,0,3,1,0,0,3,2,1,0.3333,0.8709,0.3525,0.909046595,1,,0.5,0.3333
120031,Keystone Insurance Group,Commercial Auto,PA,18501,1/1/2026,1/31/2026,0.7423,1543.38,0,25.19,579.96,0,0,1,0,0,3,2,1,0.3333,0.7701,0.3363,0.82338256,1,Withdrawn,0.5,0.3333
120031,Keystone Insurance Group,Commercial Auto,PA,18501,10/1/2025,10/31/2025,0.741,263.62,0,173.74,644.1,1,0,0,0,0,7,6,4,0.5714,0.779,0.3363,0.82338256,1,,0.6667,0.5714
120031,Keystone Insurance Group,Commercial Auto,PA,18501,11/1/2025,11/30/2025,0.7713,676.09,0,145.64,300.24,0,0,1,0,0,3,2,1,0.3333,0.7788,0.3363,0.82338256,1,,0.5,0.3333
120031,Keystone Insurance Group,Commercial Auto,PA,18501,12/1/2025,12/31/2025,0.7803,255.16,0,30.04,1229.88,1,1,0,0,0,3,2,1,0.3333,0.777,0.3363,0.82338256,1,Declined,0.5,0.3333
120031,Keystone Insurance Group,Commercial Auto,PA,18501,2/1/2026,2/28/2026,0.7857,298.29,0,34.09,262.12,1,0,1,1,0,5,4,2,0.4,0.7693,0.3363,0.82338256,1,,0.5,0.4
120031,Keystone Insurance Group,Commercial Auto,PA,18501,3/1/2026,3/31/2026,0.7224,1425.68,0,179.63,949.66,1,0,0,0,0,3,2,1,0.3333,0.7825,0.3363,0.82338256,1,,0.5,0.3333
120031,Keystone Insurance Group,Commercial Auto,PA,18501,4/1/2025,4/30/2025,0.7708,464.96,0,7.3,796.23,0,0,0,0,0,3,2,1,0.3333,0.7797,0.3363,0.82338256,1,Declined,0.5,0.3333
120031,Keystone Insurance Group,Commercial Auto,PA,18501,5/1/2025,5/31/2025,0.7752,907.22,0,81.87,528.75,0,0,0,0,0,3,2,1,0.3333,0.7691,0.3363,0.82338256,1,,0.5,0.3333
120031,Keystone Insurance Group,Commercial Auto,PA,18501,6/1/2025,6/30/2025,0.7392,165.92,0,80.09,959.95,0,0,0,0,0,3,2,1,0.3333,0.7783,0.3363,0.82338256,1,Withdrawn,0.5,0.3333
120031,Keystone Insurance Group,Commercial Auto,PA,18501,7/1/2025,7/31/2025,0.7812,1396.99,0,50.84,364.41,0,0,1,0,0,6,5,3,0.5,0.7625,0.3363,0.82338256,1,Declined,0.6,0.5
120031,Keystone Insurance Group,Commercial Auto,PA,18501,8/1/2025,8/31/2025,0.7701,524.76,0,116.98,740.62,0,1,0,0,0,3,2,1,0.3333,0.7891,0.3363,0.82338256,1,,0.5,0.3333
120031,Keystone Insurance Group,Commercial Auto,PA,18501,9/1/2025,9/30/2025,0.7778,527.94,0,91.38,1094.09,0,1,0,0,0,3,2,1,0.3333,0.7721,0.3363,0.82338256,1,,0.5,0.3333
120032,Eagle Insurance Agency,Business Owners Policy,NY,10001,1/1/2026,1/31/2026,0.5171,448.93,1.84,89.1,58.16,0,0,1,0,0,3,2,1,0.3333,0.7275,0.3264,0.832634357,1,,0.5,0.3333
120032,Eagle Insurance Agency,Business Owners Policy,NY,10001,10/1/2025,10/31/2025,0.5041,735.45,17.05,87.77,594.07,1,0,1,0,0,3,2,1,0.3333,0.7473,0.3264,0.832634357,1,,0.5,0.3333
120032,Eagle Insurance Agency,Business Owners Policy,NY,10001,11/1/2025,11/30/2025,0.4842,879.54,33.89,44.12,542.84,2,1,1,0,0,3,2,1,0.3333,0.743,0.3264,0.832634357,1,,0.5,0.3333
120032,Eagle Insurance Agency,Business Owners Policy,NY,10001,12/1/2025,12/31/2025,0.4966,531.08,15.54,129.56,327.97,0,1,0,0,0,8,6,4,0.5,0.7467,0.3264,0.832634357,2,Withdrawn,0.6667,0.5
120032,Eagle Insurance Agency,Business Owners Policy,NY,10001,2/1/2026,2/28/2026,0.4599,289.27,40.26,98.11,156.03,1,1,0,0,0,3,2,1,0.3333,0.7445,0.3264,0.832634357,1,Declined,0.5,0.3333
120032,Eagle Insurance Agency,Business Owners Policy,NY,10001,3/1/2026,3/31/2026,0.4926,1030.14,18.38,59.39,1320.76,0,0,0,0,0,3,2,1,0.3333,0.7685,0.3264,0.832634357,1,,0.5,0.3333
120032,Eagle Insurance Agency,Business Owners Policy,NY,10001,4/1/2025,4/30/2025,0.4925,821.05,101.95,171.81,448.95,0,0,1,0,0,3,2,1,0.3333,0.7655,0.3264,0.832634357,1,,0.5,0.3333
120032,Eagle Insurance Agency,Business Owners Policy,NY,10001,5/1/2025,5/31/2025,0.4419,2546.23,74.52,29.97,1046.12,1,0,0,0,0,6,5,3,0.5,0.7586,0.3264,0.832634357,1,Withdrawn,0.6,0.5
120032,Eagle Insurance Agency,Business Owners Policy,NY,10001,6/1/2025,6/30/2025,0.4901,58.05,25.66,42.45,1806.94,1,1,1,1,0,3,2,1,0.3333,0.7362,0.3264,0.832634357,1,,0.5,0.3333
120032,Eagle Insurance Agency,Business Owners Policy,NY,10001,7/1/2025,7/31/2025,0.4923,1384.08,12.2,152.68,386.73,0,0,1,0,0,3,2,1,0.3333,0.7142,0.3264,0.832634357,1,Withdrawn,0.5,0.3333
120032,Eagle Insurance Agency,Business Owners Policy,NY,10001,8/1/2025,8/31/2025,0.4995,301.86,87.96,91.47,354.78,1,0,1,0,0,5,4,3,0.6,0.757,0.3264,0.832634357,1,,0.75,0.6
120032,Eagle Insurance Agency,Business Owners Policy,NY,10001,9/1/2025,9/30/2025,0.506,328.08,5.71,61.74,1359.1,1,1,1,0,0,3,2,1,0.3333,0.7535,0.3264,0.832634357,1,,0.5,0.3333
120033,Crestview Insurance Services,Workers Comp,NY,11201,1/1/2026,1/31/2026,0.4447,1965.92,68.23,174.87,4437.45,1,1,1,0,0,3,2,1,0.3333,0.8661,0.3176,0.977363563,1,,0.5,0.3333
120033,Crestview Insurance Services,Workers Comp,NY,11201,10/1/2025,10/31/2025,0.4521,5341.3,224.23,195.13,2047.55,3,1,0,1,0,3,2,1,0.3333,0.8756,0.3176,0.977363563,1,Withdrawn,0.5,0.3333
120033,Crestview Insurance Services,Workers Comp,NY,11201,11/1/2025,11/30/2025,0.4735,7007.71,412.82,1403.97,5928.29,2,0,1,0,0,3,2,1,0.3333,0.875,0.3176,0.977363563,1,,0.5,0.3333
120033,Crestview Insurance Services,Workers Comp,NY,11201,12/1/2025,12/31/2025,0.5775,3127.4,237.33,104.03,4155.08,0,0,0,1,0,3,2,1,0.3333,0.8788,0.3176,0.977363563,1,Withdrawn,0.5,0.3333
120033,Crestview Insurance Services,Workers Comp,NY,11201,2/1/2026,2/28/2026,0.4822,1155.19,52.11,76.69,4295.85,2,1,2,0,0,3,2,1,0.3333,0.8695,0.3176,0.977363563,1,,0.5,0.3333
120033,Crestview Insurance Services,Workers Comp,NY,11201,3/1/2026,3/31/2026,0.5265,4277.9,253.82,1248.28,2107.83,2,1,2,1,0,6,5,4,0.6667,0.8761,0.3176,0.977363563,1,Declined,0.8,0.6667
120033,Crestview Insurance Services,Workers Comp,NY,11201,4/1/2025,4/30/2025,0.5092,1524.55,140.04,505.29,7214.8,1,1,1,1,0,3,2,1,0.3333,0.8741,0.3176,0.977363563,1,Withdrawn,0.5,0.3333
120033,Crestview Insurance Services,Workers Comp,NY,11201,5/1/2025,5/31/2025,0.4368,6356.88,215.73,194.99,1907.65,1,1,0,0,0,5,2,1,0.2,0.8761,0.3176,0.977363563,3,Withdrawn,0.5,0.2
120033,Crestview Insurance Services,Workers Comp,NY,11201,6/1/2025,6/30/2025,0.4545,365.45,72.12,191.92,1632.45,0,1,3,1,0,3,2,1,0.3333,0.8719,0.3176,0.977363563,1,,0.5,0.3333
120033,Crestview Insurance Services,Workers Comp,NY,11201,7/1/2025,7/31/2025,0.4483,3084.08,230.38,208.75,1545.89,0,0,1,0,0,4,3,2,0.5,0.8798,0.3176,0.977363563,1,,0.6667,0.5
120033,Crestview Insurance Services,Workers Comp,NY,11201,8/1/2025,8/31/2025,0.5606,4980.94,163.97,460.72,9010.73,1,1,2,0,0,3,2,1,0.3333,0.8694,0.3176,0.977363563,1,Declined,0.5,0.3333
120033,Crestview Insurance Services,Workers Comp,NY,11201,9/1/2025,9/30/2025,0.5256,6655.51,598.24,219.76,1559.26,0,0,0,0,0,3,2,1,0.3333,0.8635,0.3176,0.977363563,1,Withdrawn,0.5,0.3333
120034,Premier Insurance Services,Commercial Auto,NY,10301,1/1/2026,1/31/2026,0.7647,2023.06,0,113.9,1164.49,0,1,1,0,0,3,2,1,0.3333,0.778,0.3703,0.929651903,1,,0.5,0.3333
120034,Premier Insurance Services,Commercial Auto,NY,10301,10/1/2025,10/31/2025,0.7416,2091.54,0,488.72,2586.24,1,2,3,1,0,3,2,1,0.3333,0.7632,0.3703,0.929651903,1,Declined,0.5,0.3333
120034,Premier Insurance Services,Commercial Auto,NY,10301,11/1/2025,11/30/2025,0.7407,1053.83,0,210.14,1550.71,2,0,0,0,0,3,2,1,0.3333,0.7658,0.3703,0.929651903,1,Withdrawn,0.5,0.3333
120034,Premier Insurance Services,Commercial Auto,NY,10301,12/1/2025,12/31/2025,0.787,3521.74,0,137.92,3645.57,0,0,0,0,0,4,2,1,0.25,0.7692,0.3703,0.929651903,2,Declined,0.5,0.25
120034,Premier Insurance Services,Commercial Auto,NY,10301,2/1/2026,2/28/2026,0.7546,1582.63,0,337.59,2832.43,2,0,0,0,0,9,7,6,0.6667,0.7884,0.3703,0.929651903,2,,0.8571,0.6667
120034,Premier Insurance Services,Commercial Auto,NY,10301,3/1/2026,3/31/2026,0.7752,1842.65,0,43.07,1406.21,1,1,1,0,0,6,4,3,0.5,0.7743,0.3703,0.929651903,2,Withdrawn,0.75,0.5
120034,Premier Insurance Services,Commercial Auto,NY,10301,4/1/2025,4/30/2025,0.7732,2889.92,0,301.5,1184.01,0,0,1,1,0,3,2,1,0.3333,0.758,0.3703,0.929651903,1,Withdrawn,0.5,0.3333
120034,Premier Insurance Services,Commercial Auto,NY,10301,5/1/2025,5/31/2025,0.7592,363.31,0,959.04,1756.67,0,1,1,1,0,9,8,6,0.6667,0.7724,0.3703,0.929651903,1,Withdrawn,0.75,0.6667
120034,Premier Insurance Services,Commercial Auto,NY,10301,6/1/2025,6/30/2025,0.7679,6463.31,0,224.92,3818.49,3,1,2,0,0,3,2,1,0.3333,0.7729,0.3703,0.929651903,1,,0.5,0.3333
120034,Premier Insurance Services,Commercial Auto,NY,10301,7/1/2025,7/31/2025,0.7592,1962.1,0,885.4,2964,2,0,1,0,1,4,3,1,0.25,0.7754,0.3703,0.929651903,1,,0.3333,0.25
120034,Premier Insurance Services,Commercial Auto,NY,10301,8/1/2025,8/31/2025,0.7743,1738.86,0,197.15,1194.44,2,1,2,0,0,4,3,2,0.5,0.767,0.3703,0.929651903,1,,0.6667,0.5
120034,Premier Insurance Services,Commercial Auto,NY,10301,9/1/2025,9/30/2025,0.7691,1613.72,0,122.36,1543.46,1,0,2,0,0,3,2,1,0.3333,0.7751,0.3703,0.929651903,1,,0.5,0.3333
120035,Eagle Insurance Services,Business Owners Policy,NY,14201,1/1/2026,1/31/2026,0.4719,452.31,0,43.67,2490.68,1,0,1,0,0,3,2,1,0.3333,0.7469,0.3684,0.878218022,1,,0.5,0.3333
120035,Eagle Insurance Services,Business Owners Policy,NY,14201,10/1/2025,10/31/2025,0.4787,619.86,0,200.87,1496.01,1,0,1,0,0,3,2,1,0.3333,0.7529,0.3684,0.878218022,1,,0.5,0.3333
120035,Eagle Insurance Services,Business Owners Policy,NY,14201,11/1/2025,11/30/2025,0.5045,304.02,0,180.18,2229.23,0,1,0,0,0,3,2,1,0.3333,0.748,0.3684,0.878218022,1,Withdrawn,0.5,0.3333
120035,Eagle Insurance Services,Business Owners Policy,NY,14201,12/1/2025,12/31/2025,0.5597,723.22,0,140.89,1381.67,1,1,0,1,0,10,6,1,0.1,0.7645,0.3684,0.878218022,4,Declined,0.1667,0.1
120035,Eagle Insurance Services,Business Owners Policy,NY,14201,2/1/2026,2/28/2026,0.5353,605.67,0,66.84,925,0,1,0,0,0,5,4,3,0.6,0.7542,0.3684,0.878218022,1,Withdrawn,0.75,0.6
120035,Eagle Insurance Services,Business Owners Policy,NY,14201,3/1/2026,3/31/2026,0.4307,3015.75,0,348.04,1645.38,1,0,1,0,0,3,2,1,0.3333,0.7323,0.3684,0.878218022,1,Withdrawn,0.5,0.3333
120035,Eagle Insurance Services,Business Owners Policy,NY,14201,4/1/2025,4/30/2025,0.5079,1425.12,0,53.41,627.22,1,0,0,1,0,4,3,2,0.5,0.771,0.3684,0.878218022,1,Declined,0.6667,0.5
120035,Eagle Insurance Services,Business Owners Policy,NY,14201,5/1/2025,5/31/2025,0.4932,955.89,0,440.37,496.29,1,1,1,0,0,3,2,1,0.3333,0.7355,0.3684,0.878218022,1,,0.5,0.3333
120035,Eagle Insurance Services,Business Owners Policy,NY,14201,6/1/2025,6/30/2025,0.5652,632.22,0,170.64,637.45,0,0,0,0,0,4,3,1,0.25,0.7508,0.3684,0.878218022,1,,0.3333,0.25
120035,Eagle Insurance Services,Business Owners Policy,NY,14201,7/1/2025,7/31/2025,0.5039,1310.82,0,291.84,352.93,1,0,0,0,0,3,2,1,0.3333,0.7781,0.3684,0.878218022,1,,0.5,0.3333
120035,Eagle Insurance Services,Business Owners Policy,NY,14201,8/1/2025,8/31/2025,0.494,1412.99,0,270.2,998.82,0,0,1,0,0,3,2,1,0.3333,0.7347,0.3684,0.878218022,1,,0.5,0.3333
120035,Eagle Insurance Services,Business Owners Policy,NY,14201,9/1/2025,9/30/2025,0.5588,3973.48,0,65.13,2150.67,0,0,2,1,0,3,2,1,0.3333,0.7557,0.3684,0.878218022,1,,0.5,0.3333
120036,Eagle Agency Group,Workers Comp,NJ,7030,1/1/2026,1/31/2026,0.5213,1617.89,0,113.8,2271.18,0,0,0,0,0,3,2,1,0.3333,0.8698,0.2784,0.918913743,1,Declined,0.5,0.3333
120036,Eagle Agency Group,Workers Comp,NJ,7030,10/1/2025,10/31/2025,0.433,1501.99,0,163.84,1070.49,0,0,1,0,0,9,6,1,0.1111,0.876,0.2784,0.918913743,3,,0.1667,0.1111
120036,Eagle Agency Group,Workers Comp,NJ,7030,11/1/2025,11/30/2025,0.4739,3025.81,0,137.27,1264.46,1,1,0,0,0,4,2,1,0.25,0.8695,0.2784,0.918913743,2,,0.5,0.25
120036,Eagle Agency Group,Workers Comp,NJ,7030,12/1/2025,12/31/2025,0.5248,2075.03,0,241.09,1789.38,2,0,1,1,0,3,2,1,0.3333,0.8812,0.2784,0.918913743,1,,0.5,0.3333
120036,Eagle Agency Group,Workers Comp,NJ,7030,2/1/2026,2/28/2026,0.5839,206.94,0,377.96,1132.44,2,0,2,0,0,3,2,1,0.3333,0.8661,0.2784,0.918913743,1,Withdrawn,0.5,0.3333
120036,Eagle Agency Group,Workers Comp,NJ,7030,3/1/2026,3/31/2026,0.4632,3515.21,0,141.32,69.66,0,1,1,0,0,4,3,1,0.25,0.8736,0.2784,0.918913743,1,,0.3333,0.25
120036,Eagle Agency Group,Workers Comp,NJ,7030,4/1/2025,4/30/2025,0.5117,1658.16,0,101.47,1010.67,1,0,2,1,0,3,2,1,0.3333,0.8904,0.2784,0.918913743,1,Withdrawn,0.5,0.3333
120036,Eagle Agency Group,Workers Comp,NJ,7030,5/1/2025,5/31/2025,0.4642,2978.87,0,4.29,1462.45,1,0,1,1,0,3,2,1,0.3333,0.8748,0.2784,0.918913743,1,Declined,0.5,0.3333
120036,Eagle Agency Group,Workers Comp,NJ,7030,6/1/2025,6/30/2025,0.4555,1894.7,0,31.23,409.01,1,0,1,1,0,3,2,1,0.3333,0.8648,0.2784,0.918913743,1,Withdrawn,0.5,0.3333
120036,Eagle Agency Group,Workers Comp,NJ,7030,7/1/2025,7/31/2025,0.5132,1989.04,0,122.84,1558.83,1,0,1,0,0,3,2,1,0.3333,0.8692,0.2784,0.918913743,1,,0.5,0.3333
120036,Eagle Agency Group,Workers Comp,NJ,7030,8/1/2025,8/31/2025,0.4417,1594.51,0,62.49,1000.14,1,0,0,1,0,4,3,2,0.5,0.8698,0.2784,0.918913743,1,Withdrawn,0.6667,0.5
120036,Eagle Agency Group,Workers Comp,NJ,7030,9/1/2025,9/30/2025,0.4387,2068.76,0,150.39,597.52,0,0,0,1,0,3,2,1,0.3333,0.8738,0.2784,0.918913743,1,,0.5,0.3333
120037,Clearwater Risk Consultants,Commercial Auto,NJ,7102,1/1/2026,1/31/2026,0.7654,8969.68,0,693.15,1561.16,1,1,1,1,0,3,2,1,0.3333,0.7814,0.3221,1,1,Withdrawn,0.5,0.3333
120037,Clearwater Risk Consultants,Commercial Auto,NJ,7102,10/1/2025,10/31/2025,0.7658,7359.48,0,885.38,2510.41,2,0,5,1,0,11,10,3,0.2727,0.7718,0.3221,1,1,Withdrawn,0.3,0.2727
120037,Clearwater Risk Consultants,Commercial Auto,NJ,7102,11/1/2025,11/30/2025,0.7569,10880.97,0,268.36,5315.77,1,2,0,1,0,3,2,1,0.3333,0.7681,0.3221,1,1,,0.5,0.3333
120037,Clearwater Risk Consultants,Commercial Auto,NJ,7102,12/1/2025,12/31/2025,0.7694,9220.59,0,176.31,7393.79,2,0,1,0,0,5,2,1,0.2,0.7701,0.3221,1,3,Declined,0.5,0.2
120037,Clearwater Risk Consultants,Commercial Auto,NJ,7102,2/1/2026,2/28/2026,0.7621,1798.75,0,266.7,2888.29,3,2,0,0,0,4,3,1,0.25,0.7694,0.3221,1,1,,0.3333,0.25
120037,Clearwater Risk Consultants,Commercial Auto,NJ,7102,3/1/2026,3/31/2026,0.7692,11010.87,0,757.55,5347.3,4,0,2,1,0,3,2,1,0.3333,0.7691,0.3221,1,1,Withdrawn,0.5,0.3333
120037,Clearwater Risk Consultants,Commercial Auto,NJ,7102,4/1/2025,4/30/2025,0.7577,860.86,0,439.27,1599.25,3,1,2,0,0,4,3,2,0.5,0.7788,0.3221,1,1,,0.6667,0.5
120037,Clearwater Risk Consultants,Commercial Auto,NJ,7102,5/1/2025,5/31/2025,0.7441,4611.25,0,685.51,7070.34,0,0,1,0,0,3,2,1,0.3333,0.7786,0.3221,1,1,,0.5,0.3333
120037,Clearwater Risk Consultants,Commercial Auto,NJ,7102,6/1/2025,6/30/2025,0.7873,3263.71,0,1405.5,9466.81,1,2,1,0,0,9,5,4,0.4444,0.7741,0.3221,1,4,,0.8,0.4444
120037,Clearwater Risk Consultants,Commercial Auto,NJ,7102,7/1/2025,7/31/2025,0.7831,2869.66,0,942.77,7474.13,0,1,2,0,1,5,2,1,0.2,0.759,0.3221,1,3,Withdrawn,0.5,0.2
120037,Clearwater Risk Consultants,Commercial Auto,NJ,7102,8/1/2025,8/31/2025,0.7461,4947.3,0,900.27,7809.21,0,1,1,1,0,4,2,1,0.25,0.7638,0.3221,1,2,Declined,0.5,0.25
120037,Clearwater Risk Consultants,Commercial Auto,NJ,7102,9/1/2025,9/30/2025,0.7715,10919.57,0,1096.18,7512.43,1,1,2,1,0,3,2,1,0.3333,0.7856,0.3221,1,1,Withdrawn,0.5,0.3333
120038,Tri-State & Associates,Business Owners Policy,NJ,8401,1/1/2026,1/31/2026,0.5144,2390.82,0,584.66,1565.18,1,1,1,1,0,3,2,1,0.3333,0.7523,0.2973,0.991176332,1,Withdrawn,0.5,0.3333
120038,Tri-State & Associates,Business Owners Policy,NJ,8401,10/1/2025,10/31/2025,0.514,4605.49,0,410.4,10502.58,0,1,4,0,0,3,2,1,0.3333,0.7479,0.2973,0.991176332,1,Declined,0.5,0.3333
120038,Tri-State & Associates,Business Owners Policy,NJ,8401,11/1/2025,11/30/2025,0.5475,13516.34,0,85.36,1541.11,0,1,0,0,0,3,2,1,0.3333,0.7744,0.2973,0.991176332,1,,0.5,0.3333
120038,Tri-State & Associates,Business Owners Policy,NJ,8401,12/1/2025,12/31/2025,0.5248,2281.2,0,418.68,4471.89,1,1,0,0,0,6,5,1,0.1667,0.7479,0.2973,0.991176332,1,,0.2,0.1667
120038,Tri-State & Associates,Business Owners Policy,NJ,8401,2/1/2026,2/28/2026,0.4804,4346.7,0,387.6,3601.97,1,0,0,0,0,3,2,1,0.3333,0.7372,0.2973,0.991176332,1,,0.5,0.3333
120038,Tri-State & Associates,Business Owners Policy,NJ,8401,3/1/2026,3/31/2026,0.5129,2702.18,0,42.14,1251.87,1,0,0,0,0,8,7,5,0.625,0.7682,0.2973,0.991176332,1,,0.7143,0.625
120038,Tri-State & Associates,Business Owners Policy,NJ,8401,4/1/2025,4/30/2025,0.4546,8604.99,0,159.27,559.07,2,1,1,1,0,3,2,1,0.3333,0.7543,0.2973,0.991176332,1,,0.5,0.3333
120038,Tri-State & Associates,Business Owners Policy,NJ,8401,5/1/2025,5/31/2025,0.4528,2370.88,0,649.52,2728.68,1,1,2,0,0,3,2,1,0.3333,0.7528,0.2973,0.991176332,1,Declined,0.5,0.3333
120038,Tri-State & Associates,Business Owners Policy,NJ,8401,6/1/2025,6/30/2025,0.4932,1780.3,0,744.37,2547.93,4,0,0,0,0,3,2,1,0.3333,0.7607,0.2973,0.991176332,1,Withdrawn,0.5,0.3333
120038,Tri-State & Associates,Business Owners Policy,NJ,8401,7/1/2025,7/31/2025,0.4551,4249.39,0,418.07,1734.64,1,1,3,0,0,5,4,3,0.6,0.7383,0.2973,0.991176332,1,Withdrawn,0.75,0.6
120038,Tri-State & Associates,Business Owners Policy,NJ,8401,8/1/2025,8/31/2025,0.5104,1726.69,0,555.79,7068.65,2,2,1,0,0,3,2,1,0.3333,0.7377,0.2973,0.991176332,1,,0.5,0.3333
120038,Tri-State & Associates,Business Owners Policy,NJ,8401,9/1/2025,9/30/2025,0.4956,4776.83,0,600.06,2074.44,0,0,2,0,0,10,7,6,0.6,0.7472,0.2973,0.991176332,3,,0.8571,0.6
120039,Landmark Insurance Group,Workers Comp,NJ,7601,1/1/2026,1/31/2026,0.6024,850.71,459.12,288.54,887.4,2,1,1,1,0,8,7,6,0.75,0.8703,0.3348,0.916408879,1,,0.8571,0.75
120039,Landmark Insurance Group,Workers Comp,NJ,7601,10/1/2025,10/31/2025,0.5158,3979.84,327.33,415,2933.8,0,1,0,0,0,3,2,1,0.3333,0.8879,0.3348,0.916408879,1,Withdrawn,0.5,0.3333
120039,Landmark Insurance Group,Workers Comp,NJ,7601,11/1/2025,11/30/2025,0.4905,223.11,558.3,190.94,3451.64,1,1,0,1,0,3,2,1,0.3333,0.8744,0.3348,0.916408879,1,Declined,0.5,0.3333
120039,Landmark Insurance Group,Workers Comp,NJ,7601,12/1/2025,12/31/2025,0.5247,1304.65,1017.06,174.34,1150.59,0,0,1,0,0,3,2,1,0.3333,0.8834,0.3348,0.916408879,1,Declined,0.5,0.3333
120039,Landmark Insurance Group,Workers Comp,NJ,7601,2/1/2026,2/28/2026,0.5721,1535.81,938.39,125.23,2007.84,2,1,1,0,0,3,2,1,0.3333,0.87,0.3348,0.916408879,1,,0.5,0.3333
120039,Landmark Insurance Group,Workers Comp,NJ,7601,3/1/2026,3/31/2026,0.4775,1024.83,304.01,209.71,1867.95,1,0,2,0,0,3,2,1,0.3333,0.8849,0.3348,0.916408879,1,Declined,0.5,0.3333
120039,Landmark Insurance Group,Workers Comp,NJ,7601,4/1/2025,4/30/2025,0.4587,1551.1,159.63,304.15,1715.42,0,0,0,0,0,6,4,3,0.5,0.8874,0.3348,0.916408879,2,Withdrawn,0.75,0.5
120039,Landmark Insurance Group,Workers Comp,NJ,7601,5/1/2025,5/31/2025,0.4546,4706.64,788.36,363.15,1416.02,0,0,1,0,0,3,2,1,0.3333,0.8684,0.3348,0.916408879,1,,0.5,0.3333
120039,Landmark Insurance Group,Workers Comp,NJ,7601,6/1/2025,6/30/2025,0.5563,431.91,344.94,268.78,1577.48,1,0,0,0,0,5,4,2,0.4,0.8666,0.3348,0.916408879,1,,0.5,0.4
120039,Landmark Insurance Group,Workers Comp,NJ,7601,7/1/2025,7/31/2025,0.4541,3606.51,432.49,54.46,510.38,0,0,1,1,0,3,2,1,0.3333,0.8715,0.3348,0.916408879,1,,0.5,0.3333
120039,Landmark Insurance Group,Workers Comp,NJ,7601,8/1/2025,8/31/2025,0.4949,1242.17,1079.38,104.66,4206.46,1,0,1,1,0,3,2,1,0.3333,0.8632,0.3348,0.916408879,1,Declined,0.5,0.3333
120039,Landmark Insurance Group,Workers Comp,NJ,7601,9/1/2025,9/30/2025,0.5664,3014.98,82.2,277.62,1747.28,0,0,0,0,0,3,2,1,0.3333,0.8704,0.3348,0.916408879,1,,0.5,0.3333
120040,Cornerstone Risk Advisors,Commercial Auto,PA,19103,1/1/2026,1/31/2026,0.759,2622.96,0,197.74,1196.15,2,0,1,1,0,3,2,1,0.3333,0.763,0.2931,0.875263389,1,Declined,0.5,0.3333
120040,Cornerstone Risk Advisors,Commercial Auto,PA,19103,10/1/2025,10/31/2025,0.7632,1065.59,0,254.51,109.98,0,0,1,0,0,3,2,1,0.3333,0.7833,0.2931,0.875263389,1,Withdrawn,0.5,0.3333
120040,Cornerstone Risk Advisors,Commercial Auto,PA,19103,11/1/2025,11/30/2025,0.7556,1033.48,0,99.14,807.45,1,1,1,0,0,7,5,3,0.4286,0.7858,0.2931,0.875263389,2,,0.6,0.4286
120040,Cornerstone Risk Advisors,Commercial Auto,PA,19103,12/1/2025,12/31/2025,0.7767,1693.5,0,40.48,2103.69,0,1,1,0,0,3,2,1,0.3333,0.785,0.2931,0.875263389,1,,0.5,0.3333
120040,Cornerstone Risk Advisors,Commercial Auto,PA,19103,2/1/2026,2/28/2026,0.7693,836.26,0,54.22,1432.6,0,0,0,1,0,6,4,3,0.5,0.7614,0.2931,0.875263389,2,Withdrawn,0.75,0.5
120040,Cornerstone Risk Advisors,Commercial Auto,PA,19103,3/1/2026,3/31/2026,0.7189,1961.77,0,134.06,129.28,0,0,1,1,0,3,2,1,0.3333,0.7784,0.2931,0.875263389,1,Withdrawn,0.5,0.3333
120040,Cornerstone Risk Advisors,Commercial Auto,PA,19103,4/1/2025,4/30/2025,0.7417,1234.15,0,64.79,494.94,1,0,0,0,0,4,3,2,0.5,0.7953,0.2931,0.875263389,1,Declined,0.6667,0.5
120040,Cornerstone Risk Advisors,Commercial Auto,PA,19103,5/1/2025,5/31/2025,0.7341,859.8,0,167.94,1470.8,0,0,1,0,0,3,2,1,0.3333,0.7851,0.2931,0.875263389,1,,0.5,0.3333
120040,Cornerstone Risk Advisors,Commercial Auto,PA,19103,6/1/2025,6/30/2025,0.7765,813.61,0,151.65,2023.39,1,0,1,0,0,3,2,1,0.3333,0.7666,0.2931,0.875263389,1,,0.5,0.3333
120040,Cornerstone Risk Advisors,Commercial Auto,PA,19103,7/1/2025,7/31/2025,0.7579,922.84,0,34.33,727.66,1,0,0,1,0,3,2,1,0.3333,0.772,0.2931,0.875263389,1,,0.5,0.3333
120040,Cornerstone Risk Advisors,Commercial Auto,PA,19103,8/1/2025,8/31/2025,0.7535,469.27,0,68.87,641.68,1,0,0,0,0,3,2,1,0.3333,0.7889,0.2931,0.875263389,1,Withdrawn,0.5,0.3333
120040,Cornerstone Risk Advisors,Commercial Auto,PA,19103,9/1/2025,9/30/2025,0.7727,1425.43,0,92.58,3348.24,1,1,1,0,0,4,3,2,0.5,0.7795,0.2931,0.875263389,1,,0.6667,0.5
120041,Coastal Insurance Co.,Business Owners Policy,PA,15222,1/1/2026,1/31/2026,0.4851,1976.73,2318.67,309.68,2027.84,0,0,1,0,0,3,2,1,0.3333,0.7798,0.3171,0.91140114,1,Withdrawn,0.5,0.3333
120041,Coastal Insurance Co.,Business Owners Policy,PA,15222,10/1/2025,10/31/2025,0.4688,564.44,1009.3,334.03,2172.08,1,1,2,1,0,4,3,2,0.5,0.7237,0.3171,0.91140114,1,Declined,0.6667,0.5
120041,Coastal Insurance Co.,Business Owners Policy,PA,15222,11/1/2025,11/30/2025,0.4841,4435.85,880.57,91.42,2136.65,3,1,2,0,0,3,2,1,0.3333,0.7662,0.3171,0.91140114,1,,0.5,0.3333
120041,Coastal Insurance Co.,Business Owners Policy,PA,15222,12/1/2025,12/31/2025,0.4953,983.64,900.51,108.49,1120.31,0,0,1,1,0,3,2,1,0.3333,0.7266,0.3171,0.91140114,1,,0.5,0.3333
120041,Coastal Insurance Co.,Business Owners Policy,PA,15222,2/1/2026,2/28/2026,0.4608,1257.26,1599.6,263.55,1314.77,2,0,2,0,0,3,2,1,0.3333,0.7712,0.3171,0.91140114,1,Withdrawn,0.5,0.3333
120041,Coastal Insurance Co.,Business Owners Policy,PA,15222,3/1/2026,3/31/2026,0.5167,84.59,2483.05,89.47,229.54,1,1,1,0,0,5,4,3,0.6,0.7596,0.3171,0.91140114,1,,0.75,0.6
120041,Coastal Insurance Co.,Business Owners Policy,PA,15222,4/1/2025,4/30/2025,0.5289,2114.23,866.34,269.73,1129.55,0,2,1,0,0,4,3,2,0.5,0.7212,0.3171,0.91140114,1,,0.6667,0.5
120041,Coastal Insurance Co.,Business Owners Policy,PA,15222,5/1/2025,5/31/2025,0.5398,3811.92,1492.91,445.66,1865.62,2,0,0,0,0,3,2,1,0.3333,0.776,0.3171,0.91140114,1,Declined,0.5,0.3333
120041,Coastal Insurance Co.,Business Owners Policy,PA,15222,6/1/2025,6/30/2025,0.4953,2930.26,2456.12,134.6,214.39,3,1,0,1,0,3,2,1,0.3333,0.7465,0.3171,0.91140114,1,,0.5,0.3333
120041,Coastal Insurance Co.,Business Owners Policy,PA,15222,7/1/2025,7/31/2025,0.4672,275.2,511.78,94.17,1812.57,1,1,1,0,0,3,2,1,0.3333,0.7668,0.3171,0.91140114,1,,0.5,0.3333
120041,Coastal Insurance Co.,Business Owners Policy,PA,15222,8/1/2025,8/31/2025,0.461,1752.25,842.74,157.05,6016.36,1,0,2,0,0,3,2,1,0.3333,0.7528,0.3171,0.91140114,1,Withdrawn,0.5,0.3333
120041,Coastal Insurance Co.,Business Owners Policy,PA,15222,9/1/2025,9/30/2025,0.4743,2029.88,346.31,92.42,461.32,0,0,1,0,0,7,6,1,0.1429,0.7663,0.3171,0.91140114,1,Withdrawn,0.1667,0.1429
120042,Patriot Agency Group,Workers Comp,PA,17101,1/1/2026,1/31/2026,0.474,5104.55,1049.24,122.23,402.21,1,0,1,0,0,5,4,3,0.6,0.8694,0.3124,0.875871614,1,,0.75,0.6
120042,Patriot Agency Group,Workers Comp,PA,17101,10/1/2025,10/31/2025,0.5205,388.43,462.71,201.91,623.34,0,0,1,0,0,3,2,1,0.3333,0.8837,0.3124,0.875871614,1,Withdrawn,0.5,0.3333
120042,Patriot Agency Group,Workers Comp,PA,17101,11/1/2025,11/30/2025,0.4434,486.98,1005.49,24.69,1365.5,1,1,1,0,0,3,2,1,0.3333,0.8853,0.3124,0.875871614,1,Declined,0.5,0.3333
120042,Patriot Agency Group,Workers Comp,PA,17101,12/1/2025,12/31/2025,0.4834,1172.7,3223.4,194.54,784.98,1,1,1,0,0,3,2,1,0.3333,0.8665,0.3124,0.875871614,1,Withdrawn,0.5,0.3333
120042,Patriot Agency Group,Workers Comp,PA,17101,2/1/2026,2/28/2026,0.5245,1403.84,4109.81,252.11,1576.24,0,0,0,0,0,3,2,1,0.3333,0.8767,0.3124,0.875871614,1,,0.5,0.3333
120042,Patriot Agency Group,Workers Comp,PA,17101,3/1/2026,3/31/2026,0.5117,832.64,3150.05,200.64,1852.62,0,1,1,1,0,5,4,1,0.2,0.8767,0.3124,0.875871614,1,Withdrawn,0.25,0.2
120042,Patriot Agency Group,Workers Comp,PA,17101,4/1/2025,4/30/2025,0.4158,1007.34,1393.16,153.67,773.99,1,1,0,0,0,3,2,1,0.3333,0.8734,0.3124,0.875871614,1,,0.5,0.3333
120042,Patriot Agency Group,Workers Comp,PA,17101,5/1/2025,5/31/2025,0.4855,239.28,1922.3,114.66,964.88,1,0,1,1,0,3,2,1,0.3333,0.8732,0.3124,0.875871614,1,Withdrawn,0.5,0.3333
120042,Patriot Agency Group,Workers Comp,PA,17101,6/1/2025,6/30/2025,0.4869,1303.9,644.78,82.61,635.68,0,1,1,0,0,3,2,1,0.3333,0.8885,0.3124,0.875871614,1,,0.5,0.3333
120042,Patriot Agency Group,Workers Comp,PA,17101,7/1/2025,7/31/2025,0.6103,923.23,3165.2,50.32,577.97,2,1,1,0,0,10,6,1,0.1,0.8716,0.3124,0.875871614,4,,0.1667,0.1
120042,Patriot Agency Group,Workers Comp,PA,17101,8/1/2025,8/31/2025,0.5572,1890.41,267.73,88.16,572.71,1,0,2,0,0,3,2,1,0.3333,0.8769,0.3124,0.875871614,1,Declined,0.5,0.3333
120042,Patriot Agency Group,Workers Comp,PA,17101,9/1/2025,9/30/2025,0.5148,285.48,290.86,97.57,1397.01,2,0,0,0,0,6,4,2,0.3333,0.8735,0.3124,0.875871614,2,Declined,0.5,0.3333
120043,Liberty Insurance Agency,Commercial Auto,PA,18501,1/1/2026,1/31/2026,0.7636,2602.5,0,491.16,842.88,0,0,2,0,0,4,3,2,0.5,0.7655,0.3105,0.957049906,1,,0.6667,0.5
120043,Liberty Insurance Agency,Commercial Auto,PA,18501,10/1/2025,10/31/2025,0.759,1085.14,0,716.86,2029.82,1,0,2,0,0,3,2,1,0.3333,0.7811,0.3105,0.957049906,1,,0.5,0.3333
120043,Liberty Insurance Agency,Commercial Auto,PA,18501,11/1/2025,11/30/2025,0.748,1599.24,0,94.25,2037.1,2,0,1,0,0,4,3,2,0.5,0.76,0.3105,0.957049906,1,,0.6667,0.5
120043,Liberty Insurance Agency,Commercial Auto,PA,18501,12/1/2025,12/31/2025,0.7494,3943.05,0,331.17,1207.18,1,0,0,0,0,3,2,1,0.3333,0.7886,0.3105,0.957049906,1,,0.5,0.3333
120043,Liberty Insurance Agency,Commercial Auto,PA,18501,2/1/2026,2/28/2026,0.7664,4697.13,0,593.41,6209.73,0,2,0,0,0,3,2,1,0.3333,0.783,0.3105,0.957049906,1,Withdrawn,0.5,0.3333
120043,Liberty Insurance Agency,Commercial Auto,PA,18501,3/1/2026,3/31/2026,0.7752,1089.14,0,207.8,7581.46,2,0,1,1,0,7,6,1,0.1429,0.773,0.3105,0.957049906,1,Withdrawn,0.1667,0.1429
120043,Liberty Insurance Agency,Commercial Auto,PA,18501,4/1/2025,4/30/2025,0.7878,93.7,0,365.34,2468.32,2,0,1,1,0,3,2,1,0.3333,0.766,0.3105,0.957049906,1,Declined,0.5,0.3333
120043,Liberty Insurance Agency,Commercial Auto,PA,18501,5/1/2025,5/31/2025,0.7746,7685.71,0,294.05,2993.99,0,1,1,0,0,3,2,1,0.3333,0.7825,0.3105,0.957049906,1,,0.5,0.3333
120043,Liberty Insurance Agency,Commercial Auto,PA,18501,6/1/2025,6/30/2025,0.7745,3958.35,0,191.99,2134.66,1,1,0,1,0,4,3,2,0.5,0.7868,0.3105,0.957049906,1,Declined,0.6667,0.5
120043,Liberty Insurance Agency,Commercial Auto,PA,18501,7/1/2025,7/31/2025,0.7724,5025.48,0,317.84,2007.94,1,0,1,0,0,3,2,1,0.3333,0.7781,0.3105,0.957049906,1,Withdrawn,0.5,0.3333
120043,Liberty Insurance Agency,Commercial Auto,PA,18501,8/1/2025,8/31/2025,0.7659,1096.79,0,119.98,1550.07,0,2,1,0,0,3,2,1,0.3333,0.7662,0.3105,0.957049906,1,,0.5,0.3333
120043,Liberty Insurance Agency,Commercial Auto,PA,18501,9/1/2025,9/30/2025,0.7446,3800.31,0,69.57,5373.08,1,1,1,0,0,3,2,1,0.3333,0.7673,0.3105,0.957049906,1,,0.5,0.3333
120044,Benchmark Brokerage,Business Owners Policy,NY,10001,1/1/2026,1/31/2026,0.4684,3138.25,3921.75,138.4,1807.93,2,3,3,0,0,4,3,2,0.5,0.7601,0.2791,0.966061886,1,Declined,0.6667,0.5
120044,Benchmark Brokerage,Business Owners Policy,NY,10001,10/1/2025,10/31/2025,0.5077,5174.41,6900.65,141.23,1228.7,1,2,0,0,0,3,2,1,0.3333,0.7554,0.2791,0.966061886,1,,0.5,0.3333
120044,Benchmark Brokerage,Business Owners Policy,NY,10001,11/1/2025,11/30/2025,0.5147,970.52,6762.72,517.03,1477.31,2,0,1,0,0,3,2,1,0.3333,0.752,0.2791,0.966061886,1,Withdrawn,0.5,0.3333
120044,Benchmark Brokerage,Business Owners Policy,NY,10001,12/1/2025,12/31/2025,0.5109,789.18,5325.08,65.35,4103.74,0,0,1,0,0,4,2,1,0.25,0.7494,0.2791,0.966061886,2,Declined,0.5,0.25
120044,Benchmark Brokerage,Business Owners Policy,NY,10001,2/1/2026,2/28/2026,0.496,2205.4,8349.85,149.44,957.68,0,1,2,0,0,6,5,1,0.1667,0.7382,0.2791,0.966061886,1,Withdrawn,0.2,0.1667
120044,Benchmark Brokerage,Business Owners Policy,NY,10001,3/1/2026,3/31/2026,0.501,2122.76,4198.15,68.73,516.54,2,0,0,0,0,6,5,4,0.6667,0.7213,0.2791,0.966061886,1,Declined,0.8,0.6667
120044,Benchmark Brokerage,Business Owners Policy,NY,10001,4/1/2025,4/30/2025,0.5096,795.48,5710.19,221.2,1159.65,2,3,0,0,0,3,2,1,0.3333,0.7557,0.2791,0.966061886,1,Declined,0.5,0.3333
120044,Benchmark Brokerage,Business Owners Policy,NY,10001,5/1/2025,5/31/2025,0.5054,6284.47,4240.28,96.59,2334.12,1,1,2,1,0,7,6,4,0.5714,0.7635,0.2791,0.966061886,1,,0.6667,0.5714
120044,Benchmark Brokerage,Business Owners Policy,NY,10001,6/1/2025,6/30/2025,0.5258,5068.13,15684.69,218.75,506.1,1,0,1,0,0,8,7,6,0.75,0.7443,0.2791,0.966061886,1,Withdrawn,0.8571,0.75
120044,Benchmark Brokerage,Business Owners Policy,NY,10001,7/1/2025,7/31/2025,0.5462,7643.13,11940.07,443.54,671.18,1,1,2,0,0,3,2,1,0.3333,0.7567,0.2791,0.966061886,1,,0.5,0.3333
120044,Benchmark Brokerage,Business Owners Policy,NY,10001,8/1/2025,8/31/2025,0.5238,5136.3,10827.99,47.33,6395.65,1,0,1,0,0,3,2,1,0.3333,0.7448,0.2791,0.966061886,1,,0.5,0.3333
120044,Benchmark Brokerage,Business Owners Policy,NY,10001,9/1/2025,9/30/2025,0.5081,1164.02,6732.1,758.38,1550.64,1,0,1,0,0,3,2,1,0.3333,0.7336,0.2791,0.966061886,1,Withdrawn,0.5,0.3333
120045,Summit Risk Solutions,Workers Comp,NY,11201,1/1/2026,1/31/2026,0.4382,205.58,2342.67,60.55,443.85,1,1,1,1,0,5,4,3,0.6,0.8741,0.3092,0.864737632,1,Withdrawn,0.75,0.6
120045,Summit Risk Solutions,Workers Comp,NY,11201,10/1/2025,10/31/2025,0.4712,1005.45,2554.5,120,587.25,0,0,1,0,0,3,2,1,0.3333,0.8694,0.3092,0.864737632,1,,0.5,0.3333
120045,Summit Risk Solutions,Workers Comp,NY,11201,11/1/2025,11/30/2025,0.5004,117.35,1339.46,186.88,976.61,0,1,1,0,0,3,2,1,0.3333,0.8924,0.3092,0.864737632,1,,0.5,0.3333
120045,Summit Risk Solutions,Workers Comp,NY,11201,12/1/2025,12/31/2025,0.5141,614.24,5922.7,172.25,1726.71,1,0,0,1,0,3,2,1,0.3333,0.8739,0.3092,0.864737632,1,Withdrawn,0.5,0.3333
120045,Summit Risk Solutions,Workers Comp,NY,11201,2/1/2026,2/28/2026,0.5364,1745.95,2469.24,56.84,360.01,0,0,0,0,0,6,2,1,0.1667,0.8654,0.3092,0.864737632,4,Withdrawn,0.5,0.1667
120045,Summit Risk Solutions,Workers Comp,NY,11201,3/1/2026,3/31/2026,0.5021,1920.06,4507.66,132.17,738.7,0,0,0,0,0,3,2,1,0.3333,0.8867,0.3092,0.864737632,1,,0.5,0.3333
120045,Summit Risk Solutions,Workers Comp,NY,11201,4/1/2025,4/30/2025,0.5118,1365.47,2847.14,189.02,2014.49,0,0,1,0,0,3,2,1,0.3333,0.876,0.3092,0.864737632,1,Withdrawn,0.5,0.3333
120045,Summit Risk Solutions,Workers Comp,NY,11201,5/1/2025,5/31/2025,0.549,1996.03,3222.55,142.39,710.13,1,1,1,1,0,3,2,1,0.3333,0.877,0.3092,0.864737632,1,,0.5,0.3333
120045,Summit Risk Solutions,Workers Comp,NY,11201,6/1/2025,6/30/2025,0.563,2129.95,2034.08,114.45,2083.99,0,0,1,0,0,3,2,1,0.3333,0.8823,0.3092,0.864737632,1,,0.5,0.3333
120045,Summit Risk Solutions,Workers Comp,NY,11201,7/1/2025,7/31/2025,0.4824,483.99,2026.23,69.31,1616.41,2,0,0,0,0,6,5,2,0.3333,0.8716,0.3092,0.864737632,1,,0.4,0.3333
120045,Summit Risk Solutions,Workers Comp,NY,11201,8/1/2025,8/31/2025,0.4812,1451.47,3654.32,76.94,767.08,0,0,0,0,0,3,2,1,0.3333,0.8715,0.3092,0.864737632,1,Withdrawn,0.5,0.3333
120045,Summit Risk Solutions,Workers Comp,NY,11201,9/1/2025,9/30/2025,0.5308,272.32,3656.34,43.25,1282.63,1,0,0,0,0,3,2,1,0.3333,0.8794,0.3092,0.864737632,1,,0.5,0.3333
120046,Coastal Insurance Agency,Commercial Auto,NY,10301,1/1/2026,1/31/2026,0.7614,617.02,1703.07,112.29,783.37,0,0,1,0,0,3,2,1,0.3333,0.7776,0.3008,0.820441119,1,,0.5,0.3333
120046,Coastal Insurance Agency,Commercial Auto,NY,10301,10/1/2025,10/31/2025,0.7623,698.71,1339.45,49.34,306.69,1,0,1,0,0,4,3,2,0.5,0.7757,0.3008,0.820441119,1,,0.6667,0.5
120046,Coastal Insurance Agency,Commercial Auto,NY,10301,11/1/2025,11/30/2025,0.7695,721.29,818.08,5.64,505.95,1,0,0,0,0,3,2,1,0.3333,0.7803,0.3008,0.820441119,1,Withdrawn,0.5,0.3333
120046,Coastal Insurance Agency,Commercial Auto,NY,10301,12/1/2025,12/31/2025,0.7669,295.15,2836.67,69.22,221.76,0,0,0,1,0,3,2,1,0.3333,0.7841,0.3008,0.820441119,1,,0.5,0.3333
120046,Coastal Insurance Agency,Commercial Auto,NY,10301,2/1/2026,2/28/2026,0.7711,740.63,2546.59,104.71,58.99,0,0,2,1,0,4,3,2,0.5,0.7775,0.3008,0.820441119,1,Withdrawn,0.6667,0.5
120046,Coastal Insurance Agency,Commercial Auto,NY,10301,3/1/2026,3/31/2026,0.7502,669.16,2543.32,200.79,627.15,0,1,0,0,0,5,3,1,0.2,0.7731,0.3008,0.820441119,2,Declined,0.3333,0.2
120046,Coastal Insurance Agency,Commercial Auto,NY,10301,4/1/2025,4/30/2025,0.7511,643.63,4054.31,90.84,1217.24,0,0,1,0,0,4,3,1,0.25,0.7745,0.3008,0.820441119,1,,0.3333,0.25
120046,Coastal Insurance Agency,Commercial Auto,NY,10301,5/1/2025,5/31/2025,0.7572,356.71,1419.42,19.81,242.49,1,1,0,0,0,3,2,1,0.3333,0.773,0.3008,0.820441119,1,,0.5,0.3333
120046,Coastal Insurance Agency,Commercial Auto,NY,10301,6/1/2025,6/30/2025,0.7923,609.2,3529.41,26.14,1892.02,0,0,0,0,0,3,2,1,0.3333,0.7641,0.3008,0.820441119,1,Declined,0.5,0.3333
120046,Coastal Insurance Agency,Commercial Auto,NY,10301,7/1/2025,7/31/2025,0.7456,643.1,1205.11,35.83,638.23,1,0,0,0,0,3,2,1,0.3333,0.7756,0.3008,0.820441119,1,Declined,0.5,0.3333
120046,Coastal Insurance Agency,Commercial Auto,NY,10301,8/1/2025,8/31/2025,0.7641,891.05,1809.78,36.86,675.3,1,0,0,0,0,3,2,1,0.3333,0.7716,0.3008,0.820441119,1,Withdrawn,0.5,0.3333
120046,Coastal Insurance Agency,Commercial Auto,NY,10301,9/1/2025,9/30/2025,0.749,1295.74,1076.67,41.89,593.81,0,0,0,0,0,4,2,1,0.25,0.7802,0.3008,0.820441119,2,Withdrawn,0.5,0.25
120047,Crossroads Brokerage,Business Owners Policy,NY,14201,1/1/2026,1/31/2026,0.4435,5527.36,131.39,90.77,2494.82,1,1,0,0,1,4,3,2,0.5,0.7572,0.3046,0.95621436,1,Withdrawn,0.6667,0.5
120047,Crossroads Brokerage,Business Owners Policy,NY,14201,10/1/2025,10/31/2025,0.4902,3557.24,512.94,736.35,3412.17,1,1,2,0,0,3,2,1,0.3333,0.7332,0.3046,0.95621436,1,Withdrawn,0.5,0.3333
120047,Crossroads Brokerage,Business Owners Policy,NY,14201,11/1/2025,11/30/2025,0.5046,3008.27,428.62,212.46,3215.45,2,1,0,0,0,5,4,2,0.4,0.7637,0.3046,0.95621436,1,,0.5,0.4
120047,Crossroads Brokerage,Business Owners Policy,NY,14201,12/1/2025,12/31/2025,0.5234,2296.76,57.64,421.61,610.47,0,0,1,1,0,3,2,1,0.3333,0.7398,0.3046,0.95621436,1,,0.5,0.3333
120047,Crossroads Brokerage,Business Owners Policy,NY,14201,2/1/2026,2/28/2026,0.524,2759.74,73.01,685.81,2455.95,4,1,1,0,0,4,3,2,0.5,0.7371,0.3046,0.95621436,1,,0.6667,0.5
120047,Crossroads Brokerage,Business Owners Policy,NY,14201,3/1/2026,3/31/2026,0.461,2344.66,1090.02,211.83,688.6,2,0,0,0,0,3,2,1,0.3333,0.7601,0.3046,0.95621436,1,Withdrawn,0.5,0.3333
120047,Crossroads Brokerage,Business Owners Policy,NY,14201,4/1/2025,4/30/2025,0.4665,974.17,719.17,87.48,2265.36,1,0,1,0,0,3,2,1,0.3333,0.7789,0.3046,0.95621436,1,Withdrawn,0.5,0.3333
120047,Crossroads Brokerage,Business Owners Policy,NY,14201,5/1/2025,5/31/2025,0.519,3364.34,501.45,115.44,2887.73,0,0,4,0,0,3,2,1,0.3333,0.7549,0.3046,0.95621436,1,,0.5,0.3333
120047,Crossroads Brokerage,Business Owners Policy,NY,14201,6/1/2025,6/30/2025,0.4844,2786.79,373.27,91.87,2209.43,0,0,1,0,0,5,4,3,0.6,0.7708,0.3046,0.95621436,1,Withdrawn,0.75,0.6
120047,Crossroads Brokerage,Business Owners Policy,NY,14201,7/1/2025,7/31/2025,0.4729,6770.33,282.28,568.4,2424.57,1,0,1,1,0,3,2,1,0.3333,0.753,0.3046,0.95621436,1,Declined,0.5,0.3333
120047,Crossroads Brokerage,Business Owners Policy,NY,14201,8/1/2025,8/31/2025,0.4806,336.82,150.15,178.19,1440.67,0,0,0,1,0,3,2,1,0.3333,0.762,0.3046,0.95621436,1,,0.5,0.3333
120047,Crossroads Brokerage,Business Owners Policy,NY,14201,9/1/2025,9/30/2025,0.5071,2615.06,374.59,213.04,2980.64,0,1,1,1,0,4,3,1,0.25,0.7601,0.3046,0.95621436,1,,0.3333,0.25
120048,Pinnacle Risk Solutions,Workers Comp,NJ,7030,1/1/2026,1/31/2026,0.5071,2268.69,1156.9,175.42,1111.17,0,1,0,0,0,3,2,1,0.3333,0.8843,0.2939,0.953441797,1,,0.5,0.3333
120048,Pinnacle Risk Solutions,Workers Comp,NJ,7030,10/1/2025,10/31/2025,0.4851,1078.34,1655.87,400.01,802.79,1,2,1,0,0,6,5,4,0.6667,0.875,0.2939,0.953441797,1,,0.8,0.6667
120048,Pinnacle Risk Solutions,Workers Comp,NJ,7030,11/1/2025,11/30/2025,0.5132,3242.61,219.46,128.35,1809.24,1,0,0,0,0,8,5,1,0.125,0.8742,0.2939,0.953441797,3,Declined,0.2,0.125
120048,Pinnacle Risk Solutions,Workers Comp,NJ,7030,12/1/2025,12/31/2025,0.669,2923.4,413.88,369.94,3450.4,2,0,2,0,0,3,2,1,0.3333,0.8807,0.2939,0.953441797,1,Declined,0.5,0.3333
120048,Pinnacle Risk Solutions,Workers Comp,NJ,7030,2/1/2026,2/28/2026,0.4418,4323.53,495.2,277.21,1257.92,1,1,2,0,0,3,2,1,0.3333,0.8627,0.2939,0.953441797,1,,0.5,0.3333
120048,Pinnacle Risk Solutions,Workers Comp,NJ,7030,3/1/2026,3/31/2026,0.4965,655.32,785.65,138.53,2856.33,0,1,2,0,0,3,2,1,0.3333,0.883,0.2939,0.953441797,1,,0.5,0.3333
120048,Pinnacle Risk Solutions,Workers Comp,NJ,7030,4/1/2025,4/30/2025,0.5613,3227.88,1934.26,102.24,2564.48,2,1,3,1,0,3,2,1,0.3333,0.8758,0.2939,0.953441797,1,,0.5,0.3333
120048,Pinnacle Risk Solutions,Workers Comp,NJ,7030,5/1/2025,5/31/2025,0.6074,5468.89,1835.13,499.33,3406.36,1,0,0,0,0,5,4,1,0.2,0.878,0.2939,0.953441797,1,Withdrawn,0.25,0.2
120048,Pinnacle Risk Solutions,Workers Comp,NJ,7030,6/1/2025,6/30/2025,0.4917,5015.26,1778.85,340.18,4247.92,0,0,1,0,0,3,2,1,0.3333,0.8825,0.2939,0.953441797,1,Withdrawn,0.5,0.3333
120048,Pinnacle Risk Solutions,Workers Comp,NJ,7030,7/1/2025,7/31/2025,0.4771,2434.14,487.34,253.82,1206.27,1,1,0,1,0,3,2,1,0.3333,0.8735,0.2939,0.953441797,1,Declined,0.5,0.3333
120048,Pinnacle Risk Solutions,Workers Comp,NJ,7030,8/1/2025,8/31/2025,0.4257,2367.47,713.21,485.72,5221.28,2,1,1,0,0,5,4,3,0.6,0.8734,0.2939,0.953441797,1,,0.75,0.6
120048,Pinnacle Risk Solutions,Workers Comp,NJ,7030,9/1/2025,9/30/2025,0.493,2246.16,784.02,80.19,323.03,1,0,0,0,0,4,3,1,0.25,0.8737,0.2939,0.953441797,1,Withdrawn,0.3333,0.25
120049,Clearwater Risk Solutions,Commercial Auto,NJ,7102,1/1/2026,1/31/2026,0.7404,166.47,0,596.86,905.49,0,0,0,0,0,4,3,2,0.5,0.7805,0.3935,0.906987595,1,,0.6667,0.5
120049,Clearwater Risk Solutions,Commercial Auto,NJ,7102,10/1/2025,10/31/2025,0.7473,764.14,0,330.25,1105.02,1,1,0,0,0,4,3,1,0.25,0.7715,0.3935,0.906987595,1,,0.3333,0.25
120049,Clearwater Risk Solutions,Commercial Auto,NJ,7102,11/1/2025,11/30/2025,0.7799,2002.75,0,90.87,394.42,1,1,0,1,0,6,4,3,0.5,0.7673,0.3935,0.906987595,2,,0.75,0.5
120049,Clearwater Risk Solutions,Commercial Auto,NJ,7102,12/1/2025,12/31/2025,0.7712,1413.78,0,42.72,1413.03,1,0,1,0,0,6,5,4,0.6667,0.759,0.3935,0.906987595,1,Withdrawn,0.8,0.6667
120049,Clearwater Risk Solutions,Commercial Auto,NJ,7102,2/1/2026,2/28/2026,0.7522,2813.42,0,424.95,400.22,0,1,0,0,0,4,3,1,0.25,0.7745,0.3935,0.906987595,1,,0.3333,0.25
120049,Clearwater Risk Solutions,Commercial Auto,NJ,7102,3/1/2026,3/31/2026,0.7526,1370.71,0,87.91,1081.2,0,1,1,0,0,3,2,1,0.3333,0.7724,0.3935,0.906987595,1,Withdrawn,0.5,0.3333
120049,Clearwater Risk Solutions,Commercial Auto,NJ,7102,4/1/2025,4/30/2025,0.744,2703.76,0,129.66,2234.2,0,0,1,0,0,3,2,1,0.3333,0.7667,0.3935,0.906987595,1,Withdrawn,0.5,0.3333
120049,Clearwater Risk Solutions,Commercial Auto,NJ,7102,5/1/2025,5/31/2025,0.7499,1809.6,0,426.77,2321.63,1,0,1,0,0,3,2,1,0.3333,0.7771,0.3935,0.906987595,1,,0.5,0.3333
120049,Clearwater Risk Solutions,Commercial Auto,NJ,7102,6/1/2025,6/30/2025,0.7376,2133.63,0,309.87,4461.44,0,0,1,0,0,3,2,1,0.3333,0.7845,0.3935,0.906987595,1,Withdrawn,0.5,0.3333
120049,Clearwater Risk Solutions,Commercial Auto,NJ,7102,7/1/2025,7/31/2025,0.7512,1343.06,0,506.33,1297.53,0,0,0,0,0,3,2,1,0.3333,0.7679,0.3935,0.906987595,1,,0.5,0.3333
120049,Clearwater Risk Solutions,Commercial Auto,NJ,7102,8/1/2025,8/31/2025,0.766,1829.61,0,88.42,1427.68,0,0,0,0,0,3,2,1,0.3333,0.7756,0.3935,0.906987595,1,Withdrawn,0.5,0.3333
120049,Clearwater Risk Solutions,Commercial Auto,NJ,7102,9/1/2025,9/30/2025,0.743,2814.18,0,380.55,4123.25,1,0,0,0,0,4,2,1,0.25,0.7741,0.3935,0.906987595,2,,0.5,0.25
120050,Vantage Risk Consultants,Business Owners Policy,NJ,8401,1/1/2026,1/31/2026,0.5443,1474.21,0,45.92,832.02,0,0,2,0,0,5,4,2,0.4,0.7539,0.3113,0.929546651,1,Declined,0.5,0.4
120050,Vantage Risk Consultants,Business Owners Policy,NJ,8401,10/1/2025,10/31/2025,0.453,1742.87,0,646.69,3485.12,1,1,0,0,0,3,2,1,0.3333,0.7453,0.3113,0.929546651,1,,0.5,0.3333
120050,Vantage Risk Consultants,Business Owners Policy,NJ,8401,11/1/2025,11/30/2025,0.5308,1659.45,0,274.15,569.98,2,0,3,0,0,5,2,1,0.2,0.7788,0.3113,0.929546651,3,,0.5,0.2
120050,Vantage Risk Consultants,Business Owners Policy,NJ,8401,12/1/2025,12/31/2025,0.4807,6860.12,0,58.24,1200.93,1,0,2,1,0,10,7,6,0.6,0.7444,0.3113,0.929546651,3,,0.8571,0.6
120050,Vantage Risk Consultants,Business Owners Policy,NJ,8401,2/1/2026,2/28/2026,0.5285,1862.23,0,213.27,3557,1,1,0,0,0,3,2,1,0.3333,0.7433,0.3113,0.929546651,1,,0.5,0.3333
120050,Vantage Risk Consultants,Business Owners Policy,NJ,8401,3/1/2026,3/31/2026,0.4734,779.69,0,124.87,309.76,2,0,1,0,0,4,3,2,0.5,0.7487,0.3113,0.929546651,1,Withdrawn,0.6667,0.5
120050,Vantage Risk Consultants,Business Owners Policy,NJ,8401,4/1/2025,4/30/2025,0.5429,913.19,0,71.5,3890.68,0,1,0,0,0,3,2,1,0.3333,0.7329,0.3113,0.929546651,1,Withdrawn,0.5,0.3333
120050,Vantage Risk Consultants,Business Owners Policy,NJ,8401,5/1/2025,5/31/2025,0.4453,1780.67,0,179.21,390.52,1,0,1,0,0,3,2,1,0.3333,0.7519,0.3113,0.929546651,1,Withdrawn,0.5,0.3333
120050,Vantage Risk Consultants,Business Owners Policy,NJ,8401,6/1/2025,6/30/2025,0.4561,3004.94,0,805.7,980.75,1,1,0,0,0,3,2,1,0.3333,0.7519,0.3113,0.929546651,1,,0.5,0.3333
120050,Vantage Risk Consultants,Business Owners Policy,NJ,8401,7/1/2025,7/31/2025,0.5083,3086.51,0,71.71,662.78,2,1,1,1,0,3,2,1,0.3333,0.7471,0.3113,0.929546651,1,,0.5,0.3333
120050,Vantage Risk Consultants,Business Owners Policy,NJ,8401,8/1/2025,8/31/2025,0.4432,3005.25,0,245.89,1275.55,0,1,2,1,0,5,4,3,0.6,0.7515,0.3113,0.929546651,1,Declined,0.75,0.6
120050,Vantage Risk Consultants,Business Owners Policy,NJ,8401,9/1/2025,9/30/2025,0.5357,946.18,0,81.96,6395.97,1,1,0,1,0,3,2,1,0.3333,0.7588,0.3113,0.929546651,1,,0.5,0.3333
120051,Eagle & Associates,Workers Comp,NJ,7601,1/1/2026,1/31/2026,0.4471,1305.25,0,238.99,237.38,1,0,0,1,0,3,2,1,0.3333,0.8823,0.3383,0.843742935,1,Withdrawn,0.5,0.3333
120051,Eagle & Associates,Workers Comp,NJ,7601,10/1/2025,10/31/2025,0.4998,133.33,0,165.61,239.98,0,1,0,0,0,3,2,1,0.3333,0.8851,0.3383,0.843742935,1,,0.5,0.3333
120051,Eagle & Associates,Workers Comp,NJ,7601,11/1/2025,11/30/2025,0.4802,380.12,0,96.07,845.77,0,0,1,0,0,3,2,1,0.3333,0.8776,0.3383,0.843742935,1,Declined,0.5,0.3333
120051,Eagle & Associates,Workers Comp,NJ,7601,12/1/2025,12/31/2025,0.493,786.11,0,175.43,547.28,0,0,0,0,0,3,2,1,0.3333,0.8836,0.3383,0.843742935,1,Withdrawn,0.5,0.3333
120051,Eagle & Associates,Workers Comp,NJ,7601,2/1/2026,2/28/2026,0.5531,1488.04,0,124.42,603.49,1,0,1,0,0,4,3,2,0.5,0.883,0.3383,0.843742935,1,Declined,0.6667,0.5
120051,Eagle & Associates,Workers Comp,NJ,7601,3/1/2026,3/31/2026,0.5201,77.21,0,88.49,274.43,0,0,0,0,0,3,2,1,0.3333,0.8801,0.3383,0.843742935,1,Withdrawn,0.5,0.3333
120051,Eagle & Associates,Workers Comp,NJ,7601,4/1/2025,4/30/2025,0.4566,537.54,0,40.09,2097.82,1,0,1,0,0,7,5,4,0.5714,0.8657,0.3383,0.843742935,2,Declined,0.8,0.5714
120051,Eagle & Associates,Workers Comp,NJ,7601,5/1/2025,5/31/2025,0.5516,2175.04,0,79.55,564.2,2,1,0,0,0,4,3,2,0.5,0.8949,0.3383,0.843742935,1,,0.6667,0.5
120051,Eagle & Associates,Workers Comp,NJ,7601,6/1/2025,6/30/2025,0.5291,1069.06,0,106.2,977.76,1,1,1,0,0,3,2,1,0.3333,0.8655,0.3383,0.843742935,1,,0.5,0.3333
120051,Eagle & Associates,Workers Comp,NJ,7601,7/1/2025,7/31/2025,0.4598,936.73,0,22.99,1573.56,0,1,0,1,0,3,2,1,0.3333,0.879,0.3383,0.843742935,1,,0.5,0.3333
120051,Eagle & Associates,Workers Comp,NJ,7601,8/1/2025,8/31/2025,0.4466,1241.57,0,81.94,616.48,0,0,1,0,0,6,5,3,0.5,0.8723,0.3383,0.843742935,1,,0.6,0.5
120051,Eagle & Associates,Workers Comp,NJ,7601,9/1/2025,9/30/2025,0.4474,437.47,0,61.02,1989.32,0,0,1,0,0,3,2,1,0.3333,0.8706,0.3383,0.843742935,1,,0.5,0.3333
120052,Coastal Agency Group,Commercial Auto,PA,19103,1/1/2026,1/31/2026,0.7546,559.04,3154.72,34.28,907.27,1,0,0,0,0,3,2,1,0.3333,0.7731,0.3234,0.89542216,1,,0.5,0.3333
120052,Coastal Agency Group,Commercial Auto,PA,19103,10/1/2025,10/31/2025,0.7593,1018.41,6585.75,297.25,866.03,1,0,0,0,0,4,2,1,0.25,0.7861,0.3234,0.89542216,2,Withdrawn,0.5,0.25
120052,Coastal Agency Group,Commercial Auto,PA,19103,11/1/2025,11/30/2025,0.744,1745.81,3424.42,168.72,747.86,1,1,3,0,0,3,2,1,0.3333,0.7758,0.3234,0.89542216,1,,0.5,0.3333
120052,Coastal Agency Group,Commercial Auto,PA,19103,12/1/2025,12/31/2025,0.7441,835.69,2169.19,191.68,2117.39,1,1,0,0,0,4,3,2,0.5,0.7741,0.3234,0.89542216,1,,0.6667,0.5
120052,Coastal Agency Group,Commercial Auto,PA,19103,2/1/2026,2/28/2026,0.7717,449.61,997.54,170.65,1068.49,0,0,1,1,0,5,4,1,0.2,0.7827,0.3234,0.89542216,1,,0.25,0.2
120052,Coastal Agency Group,Commercial Auto,PA,19103,3/1/2026,3/31/2026,0.7518,938.15,2834.32,376.08,683.62,1,1,0,1,0,3,2,1,0.3333,0.7806,0.3234,0.89542216,1,Withdrawn,0.5,0.3333
120052,Coastal Agency Group,Commercial Auto,PA,19103,4/1/2025,4/30/2025,0.7525,2865.4,1844.54,145.66,1703.08,1,1,1,0,0,3,2,1,0.3333,0.7725,0.3234,0.89542216,1,,0.5,0.3333
120052,Coastal Agency Group,Commercial Auto,PA,19103,5/1/2025,5/31/2025,0.7658,3767.19,1599.21,292.73,438.31,0,1,1,0,0,3,2,1,0.3333,0.7595,0.3234,0.89542216,1,Declined,0.5,0.3333
120052,Coastal Agency Group,Commercial Auto,PA,19103,6/1/2025,6/30/2025,0.7579,3264.99,1958.25,100.41,2179.07,0,0,0,1,0,6,3,2,0.3333,0.7839,0.3234,0.89542216,3,Withdrawn,0.6667,0.3333
120052,Coastal Agency Group,Commercial Auto,PA,19103,7/1/2025,7/31/2025,0.7646,904.96,1373.5,86.09,1434.01,1,0,1,0,0,7,3,2,0.2857,0.7871,0.3234,0.89542216,4,,0.6667,0.2857
120052,Coastal Agency Group,Commercial Auto,PA,19103,8/1/2025,8/31/2025,0.7749,1257.3,4653.29,142.28,717.95,1,0,2,0,0,3,2,1,0.3333,0.7754,0.3234,0.89542216,1,,0.5,0.3333
120052,Coastal Agency Group,Commercial Auto,PA,19103,9/1/2025,9/30/2025,0.7863,1034.03,1106.88,81.83,1868.84,2,0,1,0,0,3,2,1,0.3333,0.7785,0.3234,0.89542216,1,,0.5,0.3333
120053,Liberty Insurance Agency,Business Owners Policy,PA,15222,1/1/2026,1/31/2026,0.5024,5066.7,2187.62,682.98,1346.8,0,1,3,0,0,5,4,2,0.4,0.746,0.2865,0.975397037,1,,0.5,0.4
120053,Liberty Insurance Agency,Business Owners Policy,PA,15222,10/1/2025,10/31/2025,0.496,1823.08,6261.77,731.61,6083.81,2,1,1,0,0,3,2,1,0.3333,0.7365,0.2865,0.975397037,1,Declined,0.5,0.3333
120053,Liberty Insurance Agency,Business Owners Policy,PA,15222,11/1/2025,11/30/2025,0.4812,3873.71,5734.44,281.93,1783.03,1,2,2,0,0,5,4,2,0.4,0.7151,0.2865,0.975397037,1,,0.5,0.4
120053,Liberty Insurance Agency,Business Owners Policy,PA,15222,12/1/2025,12/31/2025,0.5367,2511.03,12110.43,98.65,304.11,1,0,1,1,0,5,3,1,0.2,0.7618,0.2865,0.975397037,2,,0.3333,0.2
120053,Liberty Insurance Agency,Business Owners Policy,PA,15222,2/1/2026,2/28/2026,0.4969,4291.46,12486.82,168.12,3507.07,1,0,0,0,0,4,3,2,0.5,0.7267,0.2865,0.975397037,1,,0.6667,0.5
120053,Liberty Insurance Agency,Business Owners Policy,PA,15222,3/1/2026,3/31/2026,0.4423,5807.98,7624.88,57.77,1591.88,1,0,0,0,0,6,5,4,0.6667,0.7423,0.2865,0.975397037,1,,0.8,0.6667
120053,Liberty Insurance Agency,Business Owners Policy,PA,15222,4/1/2025,4/30/2025,0.4677,5656.07,3530.74,252.76,4216.06,0,2,1,0,0,3,2,1,0.3333,0.737,0.2865,0.975397037,1,Declined,0.5,0.3333
120053,Liberty Insurance Agency,Business Owners Policy,PA,15222,5/1/2025,5/31/2025,0.5402,1197.22,355.16,198.31,2578.37,1,0,0,0,0,3,2,1,0.3333,0.7463,0.2865,0.975397037,1,,0.5,0.3333
120053,Liberty Insurance Agency,Business Owners Policy,PA,15222,6/1/2025,6/30/2025,0.5541,2160.15,9549.61,300.41,2664.5,1,0,0,0,0,3,2,1,0.3333,0.7485,0.2865,0.975397037,1,,0.5,0.3333
120053,Liberty Insurance Agency,Business Owners Policy,PA,15222,7/1/2025,7/31/2025,0.449,2248.17,19802.94,135.62,1619.52,1,2,1,0,0,3,2,1,0.3333,0.7587,0.2865,0.975397037,1,Withdrawn,0.5,0.3333
120053,Liberty Insurance Agency,Business Owners Policy,PA,15222,8/1/2025,8/31/2025,0.5125,3370.57,1971.51,507.29,2345.58,2,1,2,0,0,3,2,1,0.3333,0.7201,0.2865,0.975397037,1,Declined,0.5,0.3333
120053,Liberty Insurance Agency,Business Owners Policy,PA,15222,9/1/2025,9/30/2025,0.4777,6857.28,11930.34,194.93,3345.98,1,1,1,0,0,3,2,1,0.3333,0.7526,0.2865,0.975397037,1,Withdrawn,0.5,0.3333
120054,Keystone Insurance Agency,Workers Comp,PA,17101,1/1/2026,1/31/2026,0.5315,728.77,0,36.29,1607.52,1,0,0,0,0,3,2,1,0.3333,0.8867,0.3862,0.829950794,1,Declined,0.5,0.3333
120054,Keystone Insurance Agency,Workers Comp,PA,17101,10/1/2025,10/31/2025,0.5036,1183.13,0,33.37,920.19,0,0,1,0,0,4,3,2,0.5,0.8836,0.3862,0.829950794,1,,0.6667,0.5
120054,Keystone Insurance Agency,Workers Comp,PA,17101,11/1/2025,11/30/2025,0.4886,749.89,0,110.83,1068.8,0,0,1,0,0,3,2,1,0.3333,0.8761,0.3862,0.829950794,1,,0.5,0.3333
120054,Keystone Insurance Agency,Workers Comp,PA,17101,12/1/2025,12/31/2025,0.5471,1121.66,0,20.83,469.25,1,0,0,0,0,6,5,3,0.5,0.8797,0.3862,0.829950794,1,Declined,0.6,0.5
120054,Keystone Insurance Agency,Workers Comp,PA,17101,2/1/2026,2/28/2026,0.4182,157.61,0,264.76,302.27,0,0,0,0,0,3,2,1,0.3333,0.8683,0.3862,0.829950794,1,Declined,0.5,0.3333
120054,Keystone Insurance Agency,Workers Comp,PA,17101,3/1/2026,3/31/2026,0.4154,1705.45,0,236.31,565.69,1,0,1,0,0,3,2,1,0.3333,0.8731,0.3862,0.829950794,1,Withdrawn,0.5,0.3333
120054,Keystone Insurance Agency,Workers Comp,PA,17101,4/1/2025,4/30/2025,0.4404,555.87,0,232.38,434.51,0,0,0,1,0,5,3,2,0.4,0.8817,0.3862,0.829950794,2,,0.6667,0.4
120054,Keystone Insurance Agency,Workers Comp,PA,17101,5/1/2025,5/31/2025,0.5256,916.33,0,246.86,1081.1,0,1,0,0,0,3,2,1,0.3333,0.8689,0.3862,0.829950794,1,,0.5,0.3333
120054,Keystone Insurance Agency,Workers Comp,PA,17101,6/1/2025,6/30/2025,0.4947,260.63,0,36.89,1064.33,0,0,0,0,0,4,2,1,0.25,0.8616,0.3862,0.829950794,2,,0.5,0.25
120054,Keystone Insurance Agency,Workers Comp,PA,17101,7/1/2025,7/31/2025,0.5976,472.24,0,24.84,204.17,1,0,0,0,0,3,2,1,0.3333,0.8807,0.3862,0.829950794,1,,0.5,0.3333
120054,Keystone Insurance Agency,Workers Comp,PA,17101,8/1/2025,8/31/2025,0.4768,552.92,0,49.13,868.61,0,0,1,0,0,3,2,1,0.3333,0.8786,0.3862,0.829950794,1,Declined,0.5,0.3333
120054,Keystone Insurance Agency,Workers Comp,PA,17101,9/1/2025,9/30/2025,0.6391,677.6,0,121.55,174.87,0,1,0,0,0,3,2,1,0.3333,0.8829,0.3862,0.829950794,1,,0.5,0.3333
120055,Nexus Risk Solutions,Commercial Auto,PA,18501,1/1/2026,1/31/2026,0.7837,348.46,70.96,25.42,595.23,1,1,0,0,0,6,2,1,0.1667,0.7674,0.309,0.814301168,4,,0.5,0.1667
120055,Nexus Risk Solutions,Commercial Auto,PA,18501,10/1/2025,10/31/2025,0.766,937.72,104.23,129.2,1960.51,0,0,0,1,0,3,2,1,0.3333,0.7753,0.309,0.814301168,1,Withdrawn,0.5,0.3333
120055,Nexus Risk Solutions,Commercial Auto,PA,18501,11/1/2025,11/30/2025,0.7876,953.62,160.44,31.72,1413,0,0,1,0,0,4,3,1,0.25,0.7767,0.309,0.814301168,1,Withdrawn,0.3333,0.25
120055,Nexus Risk Solutions,Commercial Auto,PA,18501,12/1/2025,12/31/2025,0.766,423.73,55.83,44.18,514.44,0,0,0,0,0,3,2,1,0.3333,0.7632,0.309,0.814301168,1,,0.5,0.3333
120055,Nexus Risk Solutions,Commercial Auto,PA,18501,2/1/2026,2/28/2026,0.7528,705.39,153.25,153.77,242.44,0,0,0,0,0,3,2,1,0.3333,0.7844,0.309,0.814301168,1,Withdrawn,0.5,0.3333
120055,Nexus Risk Solutions,Commercial Auto,PA,18501,3/1/2026,3/31/2026,0.7321,521.95,190.92,2,145.38,0,0,0,0,0,3,2,1,0.3333,0.7884,0.309,0.814301168,1,,0.5,0.3333
120055,Nexus Risk Solutions,Commercial Auto,PA,18501,4/1/2025,4/30/2025,0.7504,474.3,120.99,47.26,427.39,0,0,0,0,0,7,6,4,0.5714,0.7775,0.309,0.814301168,1,,0.6667,0.5714
120055,Nexus Risk Solutions,Commercial Auto,PA,18501,5/1/2025,5/31/2025,0.7618,438.08,111.63,69.11,301.79,1,0,1,0,0,3,2,1,0.3333,0.7816,0.309,0.814301168,1,,0.5,0.3333
120055,Nexus Risk Solutions,Commercial Auto,PA,18501,6/1/2025,6/30/2025,0.7709,1179.65,270,9.16,287.41,1,1,0,0,0,3,2,1,0.3333,0.7637,0.309,0.814301168,1,,0.5,0.3333
120055,Nexus Risk Solutions,Commercial Auto,PA,18501,7/1/2025,7/31/2025,0.7723,541.81,29.16,117.71,715.97,0,0,0,0,0,3,2,1,0.3333,0.7802,0.309,0.814301168,1,Declined,0.5,0.3333
120055,Nexus Risk Solutions,Commercial Auto,PA,18501,8/1/2025,8/31/2025,0.7608,736.35,148.57,108.37,166.14,0,0,1,0,0,7,6,4,0.5714,0.7698,0.309,0.814301168,1,Withdrawn,0.6667,0.5714
120055,Nexus Risk Solutions,Commercial Auto,PA,18501,9/1/2025,9/30/2025,0.7711,386.81,58.34,42.87,262.53,0,0,0,0,0,3,2,1,0.3333,0.7898,0.309,0.814301168,1,,0.5,0.3333
120056,Gateway Risk Advisors,Business Owners Policy,NY,10001,1/1/2026,1/31/2026,0.4623,1312.12,159.1,68.54,2088.18,0,0,0,1,0,3,2,1,0.3333,0.7571,0.3201,0.981065775,1,,0.5,0.3333
120056,Gateway Risk Advisors,Business Owners Policy,NY,10001,10/1/2025,10/31/2025,0.5582,5547.28,1694.66,548.03,2651.92,1,0,2,0,0,9,8,7,0.7778,0.7411,0.3201,0.981065775,1,Withdrawn,0.875,0.7778
120056,Gateway Risk Advisors,Business Owners Policy,NY,10001,11/1/2025,11/30/2025,0.539,3506.27,729.82,248.72,7934.13,1,0,1,0,0,3,2,1,0.3333,0.7703,0.3201,0.981065775,1,,0.5,0.3333
120056,Gateway Risk Advisors,Business Owners Policy,NY,10001,12/1/2025,12/31/2025,0.54,4636.32,956.46,429.78,4856.16,0,1,1,0,0,5,3,1,0.2,0.7321,0.3201,0.981065775,2,Withdrawn,0.3333,0.2
120056,Gateway Risk Advisors,Business Owners Policy,NY,10001,2/1/2026,2/28/2026,0.5634,5226.85,739.97,179.96,2211.22,1,2,1,0,0,3,2,1,0.3333,0.7397,0.3201,0.981065775,1,,0.5,0.3333
120056,Gateway Risk Advisors,Business Owners Policy,NY,10001,3/1/2026,3/31/2026,0.4626,7380.5,1075.52,201.58,4526.18,1,0,1,0,0,3,2,1,0.3333,0.7522,0.3201,0.981065775,1,Declined,0.5,0.3333
120056,Gateway Risk Advisors,Business Owners Policy,NY,10001,4/1/2025,4/30/2025,0.4911,5546.45,956.38,493.83,1852.72,0,1,1,0,0,3,2,1,0.3333,0.744,0.3201,0.981065775,1,Withdrawn,0.5,0.3333
120056,Gateway Risk Advisors,Business Owners Policy,NY,10001,5/1/2025,5/31/2025,0.443,732.7,679.93,150.7,3157.51,2,1,0,1,0,7,3,2,0.2857,0.7611,0.3201,0.981065775,4,,0.6667,0.2857
120056,Gateway Risk Advisors,Business Owners Policy,NY,10001,6/1/2025,6/30/2025,0.5733,749.87,430.66,530.42,1585.96,0,1,1,0,0,3,2,1,0.3333,0.72,0.3201,0.981065775,1,,0.5,0.3333
120056,Gateway Risk Advisors,Business Owners Policy,NY,10001,7/1/2025,7/31/2025,0.5614,3832.87,2453.76,644.04,4419.7,1,1,0,1,0,3,2,1,0.3333,0.7272,0.3201,0.981065775,1,Withdrawn,0.5,0.3333
120056,Gateway Risk Advisors,Business Owners Policy,NY,10001,8/1/2025,8/31/2025,0.5106,5408.76,721.83,925.54,4871.32,2,0,1,0,0,3,2,1,0.3333,0.7738,0.3201,0.981065775,1,Declined,0.5,0.3333
120056,Gateway Risk Advisors,Business Owners Policy,NY,10001,9/1/2025,9/30/2025,0.4822,3865.08,870.34,841.91,7590.07,1,0,1,0,0,3,2,1,0.3333,0.7352,0.3201,0.981065775,1,,0.5,0.3333
120057,Benchmark Agency Group,Workers Comp,NY,11201,1/1/2026,1/31/2026,0.4725,2281.03,0,405.97,1397.39,0,0,0,0,0,3,2,1,0.3333,0.8788,0.3749,0.925970838,1,,0.5,0.3333
120057,Benchmark Agency Group,Workers Comp,NY,11201,10/1/2025,10/31/2025,0.5308,3622.37,0,615.01,1781.47,1,0,1,0,0,5,3,1,0.2,0.8811,0.3749,0.925970838,2,,0.3333,0.2
120057,Benchmark Agency Group,Workers Comp,NY,11201,11/1/2025,11/30/2025,0.5131,6574.17,0,222.43,2271.48,1,0,0,1,0,3,2,1,0.3333,0.8756,0.3749,0.925970838,1,Declined,0.5,0.3333
120057,Benchmark Agency Group,Workers Comp,NY,11201,12/1/2025,12/31/2025,0.5261,1861.33,0,168.98,1294.69,1,0,0,0,0,3,2,1,0.3333,0.8838,0.3749,0.925970838,1,Declined,0.5,0.3333
120057,Benchmark Agency Group,Workers Comp,NY,11201,2/1/2026,2/28/2026,0.4253,1219.89,0,265.56,2598.99,1,0,0,1,1,3,2,1,0.3333,0.8865,0.3749,0.925970838,1,Declined,0.5,0.3333
120057,Benchmark Agency Group,Workers Comp,NY,11201,3/1/2026,3/31/2026,0.652,2694.52,0,349.21,959.9,0,1,1,0,0,5,3,1,0.2,0.8697,0.3749,0.925970838,2,,0.3333,0.2
120057,Benchmark Agency Group,Workers Comp,NY,11201,4/1/2025,4/30/2025,0.4623,3420.91,0,108.53,1777.05,1,0,1,0,0,4,2,1,0.25,0.8862,0.3749,0.925970838,2,,0.5,0.25
120057,Benchmark Agency Group,Workers Comp,NY,11201,5/1/2025,5/31/2025,0.5453,143.39,0,405.51,576.8,0,0,1,1,0,4,2,1,0.25,0.8706,0.3749,0.925970838,2,Withdrawn,0.5,0.25
120057,Benchmark Agency Group,Workers Comp,NY,11201,6/1/2025,6/30/2025,0.4975,1103.56,0,430.24,3714.08,1,1,1,0,0,3,2,1,0.3333,0.8829,0.3749,0.925970838,1,Withdrawn,0.5,0.3333
120057,Benchmark Agency Group,Workers Comp,NY,11201,7/1/2025,7/31/2025,0.5508,603.56,0,238.9,1432.07,1,1,0,0,0,5,2,1,0.2,0.8763,0.3749,0.925970838,3,,0.5,0.2
120057,Benchmark Agency Group,Workers Comp,NY,11201,8/1/2025,8/31/2025,0.4369,1279.85,0,561.07,3992.04,0,0,1,0,0,3,2,1,0.3333,0.877,0.3749,0.925970838,1,Declined,0.5,0.3333
120057,Benchmark Agency Group,Workers Comp,NY,11201,9/1/2025,9/30/2025,0.5535,1266.56,0,114.28,4275.18,0,0,1,0,0,4,2,1,0.25,0.8716,0.3749,0.925970838,2,,0.5,0.25
120058,Broadstreet Agency Group,Commercial Auto,NY,10301,1/1/2026,1/31/2026,0.7562,3932.42,0,622.34,1219.69,2,0,0,1,0,5,4,1,0.2,0.775,0.3643,0.936832545,1,,0.25,0.2
120058,Broadstreet Agency Group,Commercial Auto,NY,10301,10/1/2025,10/31/2025,0.7555,341.75,0,225.24,351.13,1,0,1,0,0,3,2,1,0.3333,0.7619,0.3643,0.936832545,1,Withdrawn,0.5,0.3333
120058,Broadstreet Agency Group,Commercial Auto,NY,10301,11/1/2025,11/30/2025,0.7545,4714,0,421.42,4045.98,0,0,1,1,0,4,3,2,0.5,0.7773,0.3643,0.936832545,1,Declined,0.6667,0.5
120058,Broadstreet Agency Group,Commercial Auto,NY,10301,12/1/2025,12/31/2025,0.7702,574.84,0,279.86,546.91,1,1,1,0,0,3,2,1,0.3333,0.7556,0.3643,0.936832545,1,Declined,0.5,0.3333
120058,Broadstreet Agency Group,Commercial Auto,NY,10301,2/1/2026,2/28/2026,0.785,912.38,0,37.07,2931.3,0,0,3,0,0,3,2,1,0.3333,0.7712,0.3643,0.936832545,1,,0.5,0.3333
120058,Broadstreet Agency Group,Commercial Auto,NY,10301,3/1/2026,3/31/2026,0.7609,6187.73,0,432.99,2844.81,1,1,0,1,0,3,2,1,0.3333,0.7844,0.3643,0.936832545,1,,0.5,0.3333
120058,Broadstreet Agency Group,Commercial Auto,NY,10301,4/1/2025,4/30/2025,0.7895,918.26,0,385.02,1084.69,0,1,3,0,0,5,4,2,0.4,0.7783,0.3643,0.936832545,1,,0.5,0.4
120058,Broadstreet Agency Group,Commercial Auto,NY,10301,5/1/2025,5/31/2025,0.7682,599.44,0,168.41,950.77,3,1,2,0,0,7,6,2,0.2857,0.769,0.3643,0.936832545,1,Withdrawn,0.3333,0.2857
120058,Broadstreet Agency Group,Commercial Auto,NY,10301,6/1/2025,6/30/2025,0.766,2299.4,0,478.86,2166.25,1,0,0,0,0,3,2,1,0.3333,0.7911,0.3643,0.936832545,1,,0.5,0.3333
120058,Broadstreet Agency Group,Commercial Auto,NY,10301,7/1/2025,7/31/2025,0.7592,3825.78,0,27.45,6724.36,1,1,1,1,0,3,2,1,0.3333,0.7683,0.3643,0.936832545,1,Declined,0.5,0.3333
120058,Broadstreet Agency Group,Commercial Auto,NY,10301,8/1/2025,8/31/2025,0.7681,830.1,0,580.22,4825.77,1,1,1,0,0,3,2,1,0.3333,0.7857,0.3643,0.936832545,1,Withdrawn,0.5,0.3333
120058,Broadstreet Agency Group,Commercial Auto,NY,10301,9/1/2025,9/30/2025,0.7263,4237.96,0,467.33,1297.99,2,1,0,0,1,6,3,2,0.3333,0.77,0.3643,0.936832545,3,Declined,0.6667,0.3333
120059,Clearwater Insurance Group,Business Owners Policy,NY,14201,1/1/2026,1/31/2026,0.5017,734.12,0,417.6,1074.91,0,0,0,0,0,4,2,1,0.25,0.7811,0.3032,0.892285677,2,,0.5,0.25
120059,Clearwater Insurance Group,Business Owners Policy,NY,14201,10/1/2025,10/31/2025,0.4854,727.09,0,126.59,695.45,1,1,1,0,0,3,2,1,0.3333,0.7476,0.3032,0.892285677,1,Declined,0.5,0.3333
120059,Clearwater Insurance Group,Business Owners Policy,NY,14201,11/1/2025,11/30/2025,0.5002,1140.85,0,179,113.1,0,0,2,1,0,3,2,1,0.3333,0.7559,0.3032,0.892285677,1,Declined,0.5,0.3333
120059,Clearwater Insurance Group,Business Owners Policy,NY,14201,12/1/2025,12/31/2025,0.513,2081.68,0,40.77,3718.11,1,1,1,1,0,3,2,1,0.3333,0.7489,0.3032,0.892285677,1,Declined,0.5,0.3333
120059,Clearwater Insurance Group,Business Owners Policy,NY,14201,2/1/2026,2/28/2026,0.5493,1045.1,0,109.4,940.24,1,0,0,0,0,5,4,2,0.4,0.7229,0.3032,0.892285677,1,,0.5,0.4
120059,Clearwater Insurance Group,Business Owners Policy,NY,14201,3/1/2026,3/31/2026,0.4934,2950.5,0,75.42,267.73,1,0,2,0,0,3,2,1,0.3333,0.7425,0.3032,0.892285677,1,Declined,0.5,0.3333
120059,Clearwater Insurance Group,Business Owners Policy,NY,14201,4/1/2025,4/30/2025,0.5221,893.82,0,132.5,1201.74,1,0,1,0,0,3,2,1,0.3333,0.7588,0.3032,0.892285677,1,,0.5,0.3333
120059,Clearwater Insurance Group,Business Owners Policy,NY,14201,5/1/2025,5/31/2025,0.4915,2167.33,0,161.07,2594.76,1,1,0,0,0,3,2,1,0.3333,0.7679,0.3032,0.892285677,1,,0.5,0.3333
120059,Clearwater Insurance Group,Business Owners Policy,NY,14201,6/1/2025,6/30/2025,0.47,526.69,0,244.53,289.48,1,0,1,0,0,3,2,1,0.3333,0.7446,0.3032,0.892285677,1,Declined,0.5,0.3333
120059,Clearwater Insurance Group,Business Owners Policy,NY,14201,7/1/2025,7/31/2025,0.4752,664.59,0,51.7,1937.82,0,1,0,0,0,4,3,1,0.25,0.7621,0.3032,0.892285677,1,Declined,0.3333,0.25
120059,Clearwater Insurance Group,Business Owners Policy,NY,14201,8/1/2025,8/31/2025,0.5142,968.36,0,135.88,1134.96,1,0,0,0,0,4,3,2,0.5,0.735,0.3032,0.892285677,1,,0.6667,0.5
120059,Clearwater Insurance Group,Business Owners Policy,NY,14201,9/1/2025,9/30/2025,0.474,4109.3,0,99.23,3456.71,0,0,0,1,0,5,4,3,0.6,0.735,0.3032,0.892285677,1,,0.75,0.6
120060,Patriot Risk Consultants,Workers Comp,NJ,7030,1/1/2026,1/31/2026,0.5269,1168,2073.34,223.44,3813.01,2,0,1,0,0,8,6,5,0.625,0.8862,0.3371,0.968732832,2,Withdrawn,0.8333,0.625
120060,Patriot Risk Consultants,Workers Comp,NJ,7030,10/1/2025,10/31/2025,0.4809,1689.09,2834.85,268.53,2157.12,1,2,3,1,0,3,2,1,0.3333,0.8874,0.3371,0.968732832,1,Withdrawn,0.5,0.3333
120060,Patriot Risk Consultants,Workers Comp,NJ,7030,11/1/2025,11/30/2025,0.4691,3007.41,586.96,137.02,1749.71,0,0,1,0,0,3,2,1,0.3333,0.8806,0.3371,0.968732832,1,,0.5,0.3333
120060,Patriot Risk Consultants,Workers Comp,NJ,7030,12/1/2025,12/31/2025,0.4896,3946.88,1247.31,291.1,5631.61,2,1,0,0,0,4,3,2,0.5,0.8752,0.3371,0.968732832,1,Declined,0.6667,0.5
120060,Patriot Risk Consultants,Workers Comp,NJ,7030,2/1/2026,2/28/2026,0.5484,492.06,753.83,1006.9,2542.87,1,2,3,0,0,5,4,3,0.6,0.8798,0.3371,0.968732832,1,,0.75,0.6
120060,Patriot Risk Consultants,Workers Comp,NJ,7030,3/1/2026,3/31/2026,0.4586,3769.49,318.38,199.91,3398.85,1,0,1,0,0,3,2,1,0.3333,0.8548,0.3371,0.968732832,1,,0.5,0.3333
120060,Patriot Risk Consultants,Workers Comp,NJ,7030,4/1/2025,4/30/2025,0.5244,1022.67,236.04,1100.6,4854.01,3,2,1,0,0,5,4,3,0.6,0.8723,0.3371,0.968732832,1,,0.75,0.6
120060,Patriot Risk Consultants,Workers Comp,NJ,7030,5/1/2025,5/31/2025,0.4657,7169.06,1493.74,680.77,2625.08,2,0,1,1,0,3,2,1,0.3333,0.8887,0.3371,0.968732832,1,Withdrawn,0.5,0.3333
120060,Patriot Risk Consultants,Workers Comp,NJ,7030,6/1/2025,6/30/2025,0.491,8586.27,1022.16,402.56,5563.47,1,2,1,0,0,3,2,1,0.3333,0.8866,0.3371,0.968732832,1,,0.5,0.3333
120060,Patriot Risk Consultants,Workers Comp,NJ,7030,7/1/2025,7/31/2025,0.5009,3374.93,2705.95,296.48,5010.03,0,1,1,0,0,3,2,1,0.3333,0.861,0.3371,0.968732832,1,,0.5,0.3333
120060,Patriot Risk Consultants,Workers Comp,NJ,7030,8/1/2025,8/31/2025,0.5068,4364.53,728.84,201.44,3875.54,1,0,0,1,0,7,6,5,0.7143,0.8789,0.3371,0.968732832,1,,0.8333,0.7143
120060,Patriot Risk Consultants,Workers Comp,NJ,7030,9/1/2025,9/30/2025,0.4326,3106.96,1108.82,216.47,476.05,0,1,1,0,0,3,2,1,0.3333,0.8797,0.3371,0.968732832,1,Declined,0.5,0.3333
120061,Landmark Insurance Co.,Commercial Auto,NJ,7102,1/1/2026,1/31/2026,0.7689,7548.08,1395.86,236.12,1649.73,1,1,1,0,0,3,2,1,0.3333,0.7682,0.3521,0.938480609,1,Declined,0.5,0.3333
120061,Landmark Insurance Co.,Commercial Auto,NJ,7102,10/1/2025,10/31/2025,0.762,237.75,964.45,483.04,2948.32,1,0,0,0,0,6,5,4,0.6667,0.7747,0.3521,0.938480609,1,Withdrawn,0.8,0.6667
120061,Landmark Insurance Co.,Commercial Auto,NJ,7102,11/1/2025,11/30/2025,0.7741,2364.99,1145.19,778.1,877.5,1,0,2,1,0,3,2,1,0.3333,0.7666,0.3521,0.938480609,1,Declined,0.5,0.3333
120061,Landmark Insurance Co.,Commercial Auto,NJ,7102,12/1/2025,12/31/2025,0.7889,2161.51,970.3,53.4,3655.21,1,1,0,0,0,4,2,1,0.25,0.7687,0.3521,0.938480609,2,,0.5,0.25
120061,Landmark Insurance Co.,Commercial Auto,NJ,7102,2/1/2026,2/28/2026,0.7474,520.35,1152.11,644.7,1851.34,3,1,2,0,0,4,3,1,0.25,0.7799,0.3521,0.938480609,1,,0.3333,0.25
120061,Landmark Insurance Co.,Commercial Auto,NJ,7102,3/1/2026,3/31/2026,0.7603,2289.42,2884.27,303.47,1357.07,2,1,3,0,0,3,2,1,0.3333,0.7704,0.3521,0.938480609,1,,0.5,0.3333
120061,Landmark Insurance Co.,Commercial Auto,NJ,7102,4/1/2025,4/30/2025,0.7555,1003.81,724.9,254.82,1076.58,0,2,0,0,0,3,2,1,0.3333,0.7728,0.3521,0.938480609,1,Declined,0.5,0.3333
120061,Landmark Insurance Co.,Commercial Auto,NJ,7102,5/1/2025,5/31/2025,0.7296,2370.96,1509.98,116.86,1522.64,1,0,0,1,0,4,3,2,0.5,0.7784,0.3521,0.938480609,1,,0.6667,0.5
120061,Landmark Insurance Co.,Commercial Auto,NJ,7102,6/1/2025,6/30/2025,0.7778,1621.65,2169.21,357.57,4475.69,0,1,1,0,0,6,4,3,0.5,0.7776,0.3521,0.938480609,2,,0.75,0.5
120061,Landmark Insurance Co.,Commercial Auto,NJ,7102,7/1/2025,7/31/2025,0.7585,5623.76,882.66,263.65,1056.44,1,1,1,0,0,3,2,1,0.3333,0.7776,0.3521,0.938480609,1,Withdrawn,0.5,0.3333
120061,Landmark Insurance Co.,Commercial Auto,NJ,7102,8/1/2025,8/31/2025,0.7461,2446.4,1453.59,314.31,2571.99,1,1,1,0,0,3,2,1,0.3333,0.7807,0.3521,0.938480609,1,Declined,0.5,0.3333
120061,Landmark Insurance Co.,Commercial Auto,NJ,7102,9/1/2025,9/30/2025,0.7472,1721.86,470.87,111.94,6116.99,1,0,2,0,0,4,3,2,0.5,0.7779,0.3521,0.938480609,1,Declined,0.6667,0.5
120062,Harbor Insurance Agency,Business Owners Policy,NJ,8401,1/1/2026,1/31/2026,0.4687,2539.08,0,38.59,42.14,0,1,1,0,0,3,2,1,0.3333,0.7484,0.3289,0.859471249,1,,0.5,0.3333
120062,Harbor Insurance Agency,Business Owners Policy,NJ,8401,10/1/2025,10/31/2025,0.4946,1088.34,0,237.06,1589.18,1,1,1,0,0,3,2,1,0.3333,0.761,0.3289,0.859471249,1,,0.5,0.3333
120062,Harbor Insurance Agency,Business Owners Policy,NJ,8401,11/1/2025,11/30/2025,0.4783,676.51,0,194.86,394.17,0,0,1,0,0,6,5,3,0.5,0.7176,0.3289,0.859471249,1,Withdrawn,0.6,0.5
120062,Harbor Insurance Agency,Business Owners Policy,NJ,8401,12/1/2025,12/31/2025,0.4894,651.53,0,161.06,635.89,1,0,2,0,0,3,2,1,0.3333,0.7566,0.3289,0.859471249,1,,0.5,0.3333
120062,Harbor Insurance Agency,Business Owners Policy,NJ,8401,2/1/2026,2/28/2026,0.5087,1602.81,0,106.3,419.49,0,1,0,0,0,3,2,1,0.3333,0.7555,0.3289,0.859471249,1,,0.5,0.3333
120062,Harbor Insurance Agency,Business Owners Policy,NJ,8401,3/1/2026,3/31/2026,0.5278,845.06,0,186.58,1571.28,0,0,1,1,0,3,2,1,0.3333,0.7466,0.3289,0.859471249,1,Withdrawn,0.5,0.3333
120062,Harbor Insurance Agency,Business Owners Policy,NJ,8401,4/1/2025,4/30/2025,0.4776,127.72,0,84.22,419.97,0,0,0,1,0,5,4,2,0.4,0.7377,0.3289,0.859471249,1,,0.5,0.4
120062,Harbor Insurance Agency,Business Owners Policy,NJ,8401,5/1/2025,5/31/2025,0.5302,681.98,0,48.69,1634.47,1,0,0,0,0,5,4,3,0.6,0.7398,0.3289,0.859471249,1,,0.75,0.6
120062,Harbor Insurance Agency,Business Owners Policy,NJ,8401,6/1/2025,6/30/2025,0.4933,572.14,0,146.33,1493.6,0,0,0,1,0,3,2,1,0.3333,0.7549,0.3289,0.859471249,1,Withdrawn,0.5,0.3333
120062,Harbor Insurance Agency,Business Owners Policy,NJ,8401,7/1/2025,7/31/2025,0.5051,447.15,0,25.95,561.26,1,0,0,0,0,5,4,2,0.4,0.7622,0.3289,0.859471249,1,Declined,0.5,0.4
120062,Harbor Insurance Agency,Business Owners Policy,NJ,8401,8/1/2025,8/31/2025,0.5129,2071.77,0,114.03,1379.95,2,1,0,0,0,3,2,1,0.3333,0.7688,0.3289,0.859471249,1,,0.5,0.3333
120062,Harbor Insurance Agency,Business Owners Policy,NJ,8401,9/1/2025,9/30/2025,0.4489,1255.91,0,87.34,2418.6,1,0,1,0,0,3,2,1,0.3333,0.7218,0.3289,0.859471249,1,Withdrawn,0.5,0.3333
120063,Coastal Insurance Group,Workers Comp,NJ,7601,1/1/2026,1/31/2026,0.4952,323.36,0,433.87,2003.41,0,1,1,0,0,4,3,2,0.5,0.8772,0.35,0.910016333,1,,0.6667,0.5
120063,Coastal Insurance Group,Workers Comp,NJ,7601,10/1/2025,10/31/2025,0.5446,542.95,0,712.14,1216,0,1,1,1,0,6,2,1,0.1667,0.8811,0.35,0.910016333,4,Withdrawn,0.5,0.1667
120063,Coastal Insurance Group,Workers Comp,NJ,7601,11/1/2025,11/30/2025,0.4343,793.74,0,63.84,588.9,1,1,2,0,0,3,2,1,0.3333,0.8808,0.35,0.910016333,1,,0.5,0.3333
120063,Coastal Insurance Group,Workers Comp,NJ,7601,12/1/2025,12/31/2025,0.4643,2078.54,0,406.69,2637.74,1,1,0,0,0,3,2,1,0.3333,0.8818,0.35,0.910016333,1,,0.5,0.3333
120063,Coastal Insurance Group,Workers Comp,NJ,7601,2/1/2026,2/28/2026,0.4974,2571.08,0,188.2,2086.01,1,0,0,0,0,3,2,1,0.3333,0.8684,0.35,0.910016333,1,Withdrawn,0.5,0.3333
120063,Coastal Insurance Group,Workers Comp,NJ,7601,3/1/2026,3/31/2026,0.4362,909.32,0,169.9,493.01,2,0,1,1,0,3,2,1,0.3333,0.8657,0.35,0.910016333,1,Declined,0.5,0.3333
120063,Coastal Insurance Group,Workers Comp,NJ,7601,4/1/2025,4/30/2025,0.5239,801.8,0,384.78,3931.54,0,0,0,0,0,5,2,1,0.2,0.8746,0.35,0.910016333,3,,0.5,0.2
120063,Coastal Insurance Group,Workers Comp,NJ,7601,5/1/2025,5/31/2025,0.4117,5174.42,0,226.15,1390.71,1,0,1,0,0,3,2,1,0.3333,0.8614,0.35,0.910016333,1,,0.5,0.3333
120063,Coastal Insurance Group,Workers Comp,NJ,7601,6/1/2025,6/30/2025,0.5152,4149.93,0,18.66,1694.56,0,0,1,1,0,4,2,1,0.25,0.8809,0.35,0.910016333,2,Declined,0.5,0.25
120063,Coastal Insurance Group,Workers Comp,NJ,7601,7/1/2025,7/31/2025,0.4745,2148.54,0,47.94,1512.47,1,1,1,0,0,3,2,1,0.3333,0.8759,0.35,0.910016333,1,Withdrawn,0.5,0.3333
120063,Coastal Insurance Group,Workers Comp,NJ,7601,8/1/2025,8/31/2025,0.4411,1889.77,0,152.22,2111.05,2,1,1,0,0,3,2,1,0.3333,0.8699,0.35,0.910016333,1,,0.5,0.3333
120063,Coastal Insurance Group,Workers Comp,NJ,7601,9/1/2025,9/30/2025,0.5242,497.49,0,31.93,1765.35,1,0,1,0,0,3,2,1,0.3333,0.88,0.35,0.910016333,1,,0.5,0.3333
120064,Harbor Insurance Co.,Commercial Auto,PA,19103,1/1/2026,1/31/2026,0.7339,1304.55,0,445.02,7279.69,0,1,2,0,0,6,3,1,0.1667,0.7696,0.3166,0.971119147,3,,0.3333,0.1667
120064,Harbor Insurance Co.,Commercial Auto,PA,19103,10/1/2025,10/31/2025,0.7781,1768.51,0,488.94,322.48,2,1,1,0,0,3,2,1,0.3333,0.7865,0.3166,0.971119147,1,Withdrawn,0.5,0.3333
120064,Harbor Insurance Co.,Commercial Auto,PA,19103,11/1/2025,11/30/2025,0.7758,5271.48,0,559.12,1979.06,0,0,1,0,0,5,2,1,0.2,0.7663,0.3166,0.971119147,3,Declined,0.5,0.2
120064,Harbor Insurance Co.,Commercial Auto,PA,19103,12/1/2025,12/31/2025,0.74,2258.4,0,38.55,3338.24,1,0,1,1,0,3,2,1,0.3333,0.7663,0.3166,0.971119147,1,Withdrawn,0.5,0.3333
120064,Harbor Insurance Co.,Commercial Auto,PA,19103,2/1/2026,2/28/2026,0.7708,4886.86,0,424.36,2319.56,2,0,1,0,0,3,2,1,0.3333,0.7735,0.3166,0.971119147,1,,0.5,0.3333
120064,Harbor Insurance Co.,Commercial Auto,PA,19103,3/1/2026,3/31/2026,0.7601,3750.09,0,86.2,5077.48,1,1,0,0,0,4,3,2,0.5,0.7664,0.3166,0.971119147,1,,0.6667,0.5
120064,Harbor Insurance Co.,Commercial Auto,PA,19103,4/1/2025,4/30/2025,0.7608,2120.71,0,564.65,5277.92,0,0,3,0,0,3,2,1,0.3333,0.7844,0.3166,0.971119147,1,Withdrawn,0.5,0.3333
120064,Harbor Insurance Co.,Commercial Auto,PA,19103,5/1/2025,5/31/2025,0.7693,1589.75,0,924.28,2931.24,1,0,1,0,0,3,2,1,0.3333,0.7794,0.3166,0.971119147,1,,0.5,0.3333
120064,Harbor Insurance Co.,Commercial Auto,PA,19103,6/1/2025,6/30/2025,0.7432,5564.92,0,294.16,2499.84,2,1,0,1,0,3,2,1,0.3333,0.7739,0.3166,0.971119147,1,Withdrawn,0.5,0.3333
120064,Harbor Insurance Co.,Commercial Auto,PA,19103,7/1/2025,7/31/2025,0.746,2043.54,0,195.6,4452.13,1,1,1,0,0,4,2,1,0.25,0.7788,0.3166,0.971119147,2,,0.5,0.25
120064,Harbor Insurance Co.,Commercial Auto,PA,19103,8/1/2025,8/31/2025,0.7629,5379.79,0,472.42,4425.89,1,1,0,1,0,3,2,1,0.3333,0.7783,0.3166,0.971119147,1,,0.5,0.3333
120064,Harbor Insurance Co.,Commercial Auto,PA,19103,9/1/2025,9/30/2025,0.7806,6865.92,0,102.69,1143.74,1,0,1,1,0,4,3,1,0.25,0.7726,0.3166,0.971119147,1,Withdrawn,0.3333,0.25
120065,Summit Risk Advisors,Business Owners Policy,PA,15222,1/1/2026,1/31/2026,0.5143,3090.13,282.58,140.53,2049.13,3,1,2,0,0,3,2,1,0.3333,0.7519,0.331,0.94419927,1,,0.5,0.3333
120065,Summit Risk Advisors,Business Owners Policy,PA,15222,10/1/2025,10/31/2025,0.5093,8545.73,318.64,383.87,1087.94,0,0,1,1,0,5,4,3,0.6,0.7705,0.331,0.94419927,1,,0.75,0.6
120065,Summit Risk Advisors,Business Owners Policy,PA,15222,11/1/2025,11/30/2025,0.4306,687.56,259.74,332.48,3459.41,2,1,3,0,0,3,2,1,0.3333,0.744,0.331,0.94419927,1,Declined,0.5,0.3333
120065,Summit Risk Advisors,Business Owners Policy,PA,15222,12/1/2025,12/31/2025,0.5111,1826.87,484.14,484.52,311.13,0,0,1,0,0,3,2,1,0.3333,0.7755,0.331,0.94419927,1,,0.5,0.3333
120065,Summit Risk Advisors,Business Owners Policy,PA,15222,2/1/2026,2/28/2026,0.4889,3387.99,243.04,363.06,1301.86,1,0,0,0,0,3,2,1,0.3333,0.76,0.331,0.94419927,1,Withdrawn,0.5,0.3333
120065,Summit Risk Advisors,Business Owners Policy,PA,15222,3/1/2026,3/31/2026,0.472,469.15,1144.69,326.31,604.63,0,0,0,0,0,7,6,5,0.7143,0.7416,0.331,0.94419927,1,Withdrawn,0.8333,0.7143
120065,Summit Risk Advisors,Business Owners Policy,PA,15222,4/1/2025,4/30/2025,0.4926,1536.73,1113.21,269.12,2756.74,1,2,2,0,0,3,2,1,0.3333,0.7449,0.331,0.94419927,1,,0.5,0.3333
120065,Summit Risk Advisors,Business Owners Policy,PA,15222,5/1/2025,5/31/2025,0.5058,3537.18,169.26,295.02,4963.69,1,0,2,1,0,5,2,1,0.2,0.7681,0.331,0.94419927,3,Withdrawn,0.5,0.2
120065,Summit Risk Advisors,Business Owners Policy,PA,15222,6/1/2025,6/30/2025,0.5,1774.67,400.13,48.61,5518.2,1,0,0,1,1,3,2,1,0.3333,0.7595,0.331,0.94419927,1,,0.5,0.3333
120065,Summit Risk Advisors,Business Owners Policy,PA,15222,7/1/2025,7/31/2025,0.4814,3463.46,130.74,235.09,2292.86,0,0,1,0,0,5,4,2,0.4,0.7562,0.331,0.94419927,1,Withdrawn,0.5,0.4
120065,Summit Risk Advisors,Business Owners Policy,PA,15222,8/1/2025,8/31/2025,0.5108,3085.79,377.41,334.28,2824.82,2,0,1,1,0,3,2,1,0.3333,0.7307,0.331,0.94419927,1,Withdrawn,0.5,0.3333
120065,Summit Risk Advisors,Business Owners Policy,PA,15222,9/1/2025,9/30/2025,0.4909,443.96,197.52,456.77,765.15,2,1,0,0,0,5,4,2,0.4,0.7406,0.331,0.94419927,1,,0.5,0.4
120066,Crestview & Associates,Workers Comp,PA,17101,1/1/2026,1/31/2026,0.4746,2322.4,206.39,95.9,5396.23,1,1,1,1,0,3,2,1,0.3333,0.8783,0.3346,0.959263184,1,Withdrawn,0.5,0.3333
120066,Crestview & Associates,Workers Comp,PA,17101,10/1/2025,10/31/2025,0.615,1530.45,1175.23,589.18,1381.04,0,1,2,0,0,3,2,1,0.3333,0.8633,0.3346,0.959263184,1,,0.5,0.3333
120066,Crestview & Associates,Workers Comp,PA,17101,11/1/2025,11/30/2025,0.4974,4319.43,1727.76,776.48,2185.99,1,2,1,1,0,3,2,1,0.3333,0.8767,0.3346,0.959263184,1,Withdrawn,0.5,0.3333
120066,Crestview & Associates,Workers Comp,PA,17101,12/1/2025,12/31/2025,0.5706,1349.87,183.5,199.64,2613.73,2,1,2,0,0,3,2,1,0.3333,0.8829,0.3346,0.959263184,1,Declined,0.5,0.3333
120066,Crestview & Associates,Workers Comp,PA,17101,2/1/2026,2/28/2026,0.6339,857.58,622.41,712.57,3056.66,1,0,0,0,0,4,3,2,0.5,0.8889,0.3346,0.959263184,1,,0.6667,0.5
120066,Crestview & Associates,Workers Comp,PA,17101,3/1/2026,3/31/2026,0.4596,1551.4,2646.24,562.33,2765.61,1,1,2,0,0,3,2,1,0.3333,0.8751,0.3346,0.959263184,1,,0.5,0.3333
120066,Crestview & Associates,Workers Comp,PA,17101,4/1/2025,4/30/2025,0.4305,105.54,1494.73,246.09,4479.72,1,1,0,0,0,3,2,1,0.3333,0.8844,0.3346,0.959263184,1,Withdrawn,0.5,0.3333
120066,Crestview & Associates,Workers Comp,PA,17101,5/1/2025,5/31/2025,0.4537,8461.57,3165.34,564.47,4034.34,1,0,0,0,0,3,2,1,0.3333,0.8752,0.3346,0.959263184,1,Withdrawn,0.5,0.3333
120066,Crestview & Associates,Workers Comp,PA,17101,6/1/2025,6/30/2025,0.5355,6491.74,2035.56,329.04,669.11,2,1,1,0,0,5,4,1,0.2,0.8875,0.3346,0.959263184,1,Withdrawn,0.25,0.2
120066,Crestview & Associates,Workers Comp,PA,17101,7/1/2025,7/31/2025,0.4169,8351.24,558.07,21.59,2791.45,1,1,1,0,0,6,4,1,0.1667,0.8799,0.3346,0.959263184,2,,0.25,0.1667
120066,Crestview & Associates,Workers Comp,PA,17101,8/1/2025,8/31/2025,0.5423,1018.19,1464.45,274.51,2669.74,1,0,1,0,0,3,2,1,0.3333,0.8761,0.3346,0.959263184,1,Declined,0.5,0.3333
120066,Crestview & Associates,Workers Comp,PA,17101,9/1/2025,9/30/2025,0.4463,1219.51,2713.78,73.2,5300.66,1,1,2,0,0,3,2,1,0.3333,0.8842,0.3346,0.959263184,1,,0.5,0.3333
120067,Sterling Risk Advisors,Commercial Auto,PA,18501,1/1/2026,1/31/2026,0.7346,2216.74,722.54,222.1,1603.63,1,1,1,0,0,3,2,1,0.3333,0.7782,0.3564,0.883866229,1,Declined,0.5,0.3333
120067,Sterling Risk Advisors,Commercial Auto,PA,18501,10/1/2025,10/31/2025,0.7778,352.01,807.03,109.79,756.2,0,0,1,1,0,3,2,1,0.3333,0.7688,0.3564,0.883866229,1,Withdrawn,0.5,0.3333
120067,Sterling Risk Advisors,Commercial Auto,PA,18501,11/1/2025,11/30/2025,0.7503,2384.28,3439.71,162.58,889.24,0,0,1,0,0,6,5,1,0.1667,0.7644,0.3564,0.883866229,1,Withdrawn,0.2,0.1667
120067,Sterling Risk Advisors,Commercial Auto,PA,18501,12/1/2025,12/31/2025,0.7512,318.58,662.04,140.39,1758.7,1,0,0,0,0,4,3,2,0.5,0.7875,0.3564,0.883866229,1,,0.6667,0.5
120067,Sterling Risk Advisors,Commercial Auto,PA,18501,2/1/2026,2/28/2026,0.7261,912.46,1348.14,129.25,277.04,1,0,0,0,0,3,2,1,0.3333,0.785,0.3564,0.883866229,1,,0.5,0.3333
120067,Sterling Risk Advisors,Commercial Auto,PA,18501,3/1/2026,3/31/2026,0.7657,502.51,1898.06,91.42,390.05,1,0,0,0,0,3,2,1,0.3333,0.7779,0.3564,0.883866229,1,,0.5,0.3333
120067,Sterling Risk Advisors,Commercial Auto,PA,18501,4/1/2025,4/30/2025,0.7677,2665.35,3245.71,283.79,992.81,0,1,1,0,0,3,2,1,0.3333,0.7743,0.3564,0.883866229,1,Withdrawn,0.5,0.3333
120067,Sterling Risk Advisors,Commercial Auto,PA,18501,5/1/2025,5/31/2025,0.7461,1814.86,625.81,420.25,5360.98,1,0,1,0,0,3,2,1,0.3333,0.7827,0.3564,0.883866229,1,,0.5,0.3333
120067,Sterling Risk Advisors,Commercial Auto,PA,18501,6/1/2025,6/30/2025,0.7516,1906.25,2533.53,35.97,1541.89,0,1,0,0,0,3,2,1,0.3333,0.7734,0.3564,0.883866229,1,,0.5,0.3333
120067,Sterling Risk Advisors,Commercial Auto,PA,18501,7/1/2025,7/31/2025,0.7538,1470.49,1892.51,335.69,179.32,1,1,0,0,0,3,2,1,0.3333,0.7829,0.3564,0.883866229,1,Declined,0.5,0.3333
120067,Sterling Risk Advisors,Commercial Auto,PA,18501,8/1/2025,8/31/2025,0.7422,1238.87,383.38,192.09,778.93,0,0,0,1,0,3,2,1,0.3333,0.7717,0.3564,0.883866229,1,Withdrawn,0.5,0.3333
120067,Sterling Risk Advisors,Commercial Auto,PA,18501,9/1/2025,9/30/2025,0.764,636.47,1231.91,78.85,1890.08,0,0,1,0,0,5,3,1,0.2,0.7795,0.3564,0.883866229,2,,0.3333,0.2
120068,Tri-State Insurance Group,Business Owners Policy,NY,10001,1/1/2026,1/31/2026,0.516,1821,0,139.84,242.73,1,0,1,0,0,3,2,1,0.3333,0.7673,0.3305,0.890796493,1,,0.5,0.3333
120068,Tri-State Insurance Group,Business Owners Policy,NY,10001,10/1/2025,10/31/2025,0.4698,2252.66,0,169.7,1044.82,1,0,1,0,0,3,2,1,0.3333,0.7131,0.3305,0.890796493,1,Withdrawn,0.5,0.3333
120068,Tri-State Insurance Group,Business Owners Policy,NY,10001,11/1/2025,11/30/2025,0.5371,1528.31,0,206.75,1318.36,2,0,0,0,0,3,2,1,0.3333,0.7684,0.3305,0.890796493,1,Declined,0.5,0.3333
120068,Tri-State Insurance Group,Business Owners Policy,NY,10001,12/1/2025,12/31/2025,0.4494,786.67,0,243.49,451.75,0,1,1,1,0,4,3,2,0.5,0.7384,0.3305,0.890796493,1,Withdrawn,0.6667,0.5
120068,Tri-State Insurance Group,Business Owners Policy,NY,10001,2/1/2026,2/28/2026,0.4665,2709.24,0,129.44,941.52,0,1,0,0,0,4,3,1,0.25,0.7755,0.3305,0.890796493,1,,0.3333,0.25
120068,Tri-State Insurance Group,Business Owners Policy,NY,10001,3/1/2026,3/31/2026,0.521,2615.3,0,294.19,2600.31,0,0,0,0,0,3,2,1,0.3333,0.7595,0.3305,0.890796493,1,,0.5,0.3333
120068,Tri-State Insurance Group,Business Owners Policy,NY,10001,4/1/2025,4/30/2025,0.5081,258.82,0,49.67,1086.2,0,0,1,0,0,6,5,3,0.5,0.7579,0.3305,0.890796493,1,Withdrawn,0.6,0.5
120068,Tri-State Insurance Group,Business Owners Policy,NY,10001,5/1/2025,5/31/2025,0.4664,414.62,0,37.3,2970.27,0,0,0,0,0,3,2,1,0.3333,0.7583,0.3305,0.890796493,1,Declined,0.5,0.3333
120068,Tri-State Insurance Group,Business Owners Policy,NY,10001,6/1/2025,6/30/2025,0.5182,751.07,0,61.86,833.1,1,0,1,1,0,4,3,1,0.25,0.7213,0.3305,0.890796493,1,,0.3333,0.25
120068,Tri-State Insurance Group,Business Owners Policy,NY,10001,7/1/2025,7/31/2025,0.5735,2370.11,0,472.24,3393.37,0,0,0,0,0,3,2,1,0.3333,0.7412,0.3305,0.890796493,1,,0.5,0.3333
120068,Tri-State Insurance Group,Business Owners Policy,NY,10001,8/1/2025,8/31/2025,0.4708,1600.68,0,81.49,1148.65,1,1,1,0,0,3,2,1,0.3333,0.7468,0.3305,0.890796493,1,,0.5,0.3333
120068,Tri-State Insurance Group,Business Owners Policy,NY,10001,9/1/2025,9/30/2025,0.5298,608.81,0,151.4,1686.21,0,0,0,1,0,5,2,1,0.2,0.7154,0.3305,0.890796493,3,Withdrawn,0.5,0.2
120069,Crossroads Risk Management,Workers Comp,NY,11201,1/1/2026,1/31/2026,0.4358,534.06,0,63.24,4672.47,0,0,1,0,0,3,2,1,0.3333,0.8669,0.3065,0.948111298,1,Withdrawn,0.5,0.3333
120069,Crossroads Risk Management,Workers Comp,NY,11201,10/1/2025,10/31/2025,0.524,404.99,0,477.65,624.24,0,1,1,0,0,3,2,1,0.3333,0.8694,0.3065,0.948111298,1,Declined,0.5,0.3333
120069,Crossroads Risk Management,Workers Comp,NY,11201,11/1/2025,11/30/2025,0.521,1726.55,0,111.9,2521.57,1,0,0,1,0,3,2,1,0.3333,0.8687,0.3065,0.948111298,1,,0.5,0.3333
120069,Crossroads Risk Management,Workers Comp,NY,11201,12/1/2025,12/31/2025,0.4936,3560.64,0,418.17,752.36,2,1,1,1,0,3,2,1,0.3333,0.8694,0.3065,0.948111298,1,,0.5,0.3333
120069,Crossroads Risk Management,Workers Comp,NY,11201,2/1/2026,2/28/2026,0.4617,1717.28,0,287.51,2192.81,0,1,2,1,0,3,2,1,0.3333,0.862,0.3065,0.948111298,1,,0.5,0.3333
120069,Crossroads Risk Management,Workers Comp,NY,11201,3/1/2026,3/31/2026,0.4222,590.59,0,174.56,1560.31,0,1,1,0,0,3,2,1,0.3333,0.8694,0.3065,0.948111298,1,Withdrawn,0.5,0.3333
120069,Crossroads Risk Management,Workers Comp,NY,11201,4/1/2025,4/30/2025,0.4182,1421.2,0,247.03,4293.03,1,1,2,0,0,3,2,1,0.3333,0.8804,0.3065,0.948111298,1,,0.5,0.3333
120069,Crossroads Risk Management,Workers Comp,NY,11201,5/1/2025,5/31/2025,0.5209,8079.89,0,318.76,951.95,2,1,0,0,0,6,4,2,0.3333,0.873,0.3065,0.948111298,2,Withdrawn,0.5,0.3333
120069,Crossroads Risk Management,Workers Comp,NY,11201,6/1/2025,6/30/2025,0.4719,1960.04,0,508.03,59.05,2,1,0,0,0,5,4,3,0.6,0.8764,0.3065,0.948111298,1,Declined,0.75,0.6
120069,Crossroads Risk Management,Workers Comp,NY,11201,7/1/2025,7/31/2025,0.541,7320.27,0,217.12,2919.01,0,0,1,0,0,5,4,2,0.4,0.8758,0.3065,0.948111298,1,Withdrawn,0.5,0.4
120069,Crossroads Risk Management,Workers Comp,NY,11201,8/1/2025,8/31/2025,0.4739,4005.08,0,296.01,4610.41,2,1,2,0,0,3,2,1,0.3333,0.8645,0.3065,0.948111298,1,,0.5,0.3333
120069,Crossroads Risk Management,Workers Comp,NY,11201,9/1/2025,9/30/2025,0.4712,1926.74,0,220.62,1053.9,2,0,1,0,0,3,2,1,0.3333,0.871,0.3065,0.948111298,1,,0.5,0.3333
120070,Highmark Risk Advisors,Commercial Auto,NY,10301,1/1/2026,1/31/2026,0.7933,866.88,4276.71,118.72,180.99,0,0,1,0,0,3,2,1,0.3333,0.7785,0.3151,0.875474225,1,,0.5,0.3333
120070,Highmark Risk Advisors,Commercial Auto,NY,10301,10/1/2025,10/31/2025,0.7752,2209.68,1853.49,29.58,822.87,1,0,0,0,0,3,2,1,0.3333,0.769,0.3151,0.875474225,1,Withdrawn,0.5,0.3333
120070,Highmark Risk Advisors,Commercial Auto,NY,10301,11/1/2025,11/30/2025,0.764,1116.26,13347.11,55.72,402.22,0,1,0,0,0,7,4,3,0.4286,0.7664,0.3151,0.875474225,3,,0.75,0.4286
120070,Highmark Risk Advisors,Commercial Auto,NY,10301,12/1/2025,12/31/2025,0.7549,1372.08,13235.37,64.03,702.58,1,0,0,1,0,3,2,1,0.3333,0.7659,0.3151,0.875474225,1,Withdrawn,0.5,0.3333
120070,Highmark Risk Advisors,Commercial Auto,NY,10301,2/1/2026,2/28/2026,0.7484,1638.48,9904.09,27.61,910.75,2,1,0,0,0,7,6,4,0.5714,0.7841,0.3151,0.875474225,1,Withdrawn,0.6667,0.5714
120070,Highmark Risk Advisors,Commercial Auto,NY,10301,3/1/2026,3/31/2026,0.7743,1273.68,11065.83,301.9,1267.3,1,1,0,0,0,3,2,1,0.3333,0.7862,0.3151,0.875474225,1,Withdrawn,0.5,0.3333
120070,Highmark Risk Advisors,Commercial Auto,NY,10301,4/1/2025,4/30/2025,0.7422,1204.46,1636.27,66.2,3253.93,0,0,1,1,0,3,2,1,0.3333,0.7696,0.3151,0.875474225,1,,0.5,0.3333
120070,Highmark Risk Advisors,Commercial Auto,NY,10301,5/1/2025,5/31/2025,0.7741,1911.79,4543.59,54.87,484.79,1,1,2,0,0,3,2,1,0.3333,0.778,0.3151,0.875474225,1,Withdrawn,0.5,0.3333
120070,Highmark Risk Advisors,Commercial Auto,NY,10301,6/1/2025,6/30/2025,0.7711,2032.87,4967.86,134.92,824.62,1,1,2,0,0,4,3,2,0.5,0.771,0.3151,0.875474225,1,,0.6667,0.5
120070,Highmark Risk Advisors,Commercial Auto,NY,10301,7/1/2025,7/31/2025,0.7642,378.44,2698.13,221.41,1784.61,2,0,1,0,0,3,2,1,0.3333,0.7743,0.3151,0.875474225,1,,0.5,0.3333
120070,Highmark Risk Advisors,Commercial Auto,NY,10301,8/1/2025,8/31/2025,0.7775,599.75,11068.84,250.76,1650.29,0,0,2,0,0,3,2,1,0.3333,0.7666,0.3151,0.875474225,1,Withdrawn,0.5,0.3333
120070,Highmark Risk Advisors,Commercial Auto,NY,10301,9/1/2025,9/30/2025,0.7665,368.92,3591.33,273.09,1169.76,1,1,1,0,0,7,6,3,0.4286,0.7696,0.3151,0.875474225,1,,0.5,0.4286
120071,Capitol Insurance Services,Business Owners Policy,NY,14201,1/1/2026,1/31/2026,0.4944,5428.14,55.63,51.4,1325.69,1,1,1,0,0,3,2,1,0.3333,0.7582,0.3246,0.971480925,1,Declined,0.5,0.3333
120071,Capitol Insurance Services,Business Owners Policy,NY,14201,10/1/2025,10/31/2025,0.467,1817.71,274.69,598.41,6344.89,1,1,0,0,0,5,4,1,0.2,0.7496,0.3246,0.971480925,1,,0.25,0.2
120071,Capitol Insurance Services,Business Owners Policy,NY,14201,11/1/2025,11/30/2025,0.506,6984.15,291.2,90.08,6137.42,1,0,1,1,0,3,2,1,0.3333,0.7522,0.3246,0.971480925,1,,0.5,0.3333
120071,Capitol Insurance Services,Business Owners Policy,NY,14201,12/1/2025,12/31/2025,0.5275,1443.53,116.54,289.65,3665.43,2,0,0,1,0,4,3,2,0.5,0.765,0.3246,0.971480925,1,,0.6667,0.5
120071,Capitol Insurance Services,Business Owners Policy,NY,14201,2/1/2026,2/28/2026,0.545,3156.09,299.36,1404,838.37,1,0,2,1,0,3,2,1,0.3333,0.7633,0.3246,0.971480925,1,,0.5,0.3333
120071,Capitol Insurance Services,Business Owners Policy,NY,14201,3/1/2026,3/31/2026,0.4634,2812.29,113.63,480.83,4301.21,1,1,2,1,0,6,3,1,0.1667,0.7291,0.3246,0.971480925,3,Declined,0.3333,0.1667
120071,Capitol Insurance Services,Business Owners Policy,NY,14201,4/1/2025,4/30/2025,0.4964,865.69,243.17,205.1,1996.95,1,0,1,1,0,3,2,1,0.3333,0.751,0.3246,0.971480925,1,Declined,0.5,0.3333
120071,Capitol Insurance Services,Business Owners Policy,NY,14201,5/1/2025,5/31/2025,0.4976,3110.99,67.44,288.36,1721.92,1,1,0,0,0,6,4,1,0.1667,0.7522,0.3246,0.971480925,2,Declined,0.25,0.1667
120071,Capitol Insurance Services,Business Owners Policy,NY,14201,6/1/2025,6/30/2025,0.4948,4508.26,188.19,788.16,1053.16,2,0,1,0,0,5,4,1,0.2,0.7246,0.3246,0.971480925,1,Withdrawn,0.25,0.2
120071,Capitol Insurance Services,Business Owners Policy,NY,14201,7/1/2025,7/31/2025,0.5423,7175.9,132.25,179.22,2621.8,1,1,2,0,0,4,3,2,0.5,0.7622,0.3246,0.971480925,1,,0.6667,0.5
120071,Capitol Insurance Services,Business Owners Policy,NY,14201,8/1/2025,8/31/2025,0.5127,3824.22,193.63,419.45,7995.25,0,1,0,1,0,3,2,1,0.3333,0.7625,0.3246,0.971480925,1,,0.5,0.3333
120071,Capitol Insurance Services,Business Owners Policy,NY,14201,9/1/2025,9/30/2025,0.4545,1847.95,277.93,46.17,4972.83,0,0,2,0,0,3,2,1,0.3333,0.767,0.3246,0.971480925,1,,0.5,0.3333
120072,Tri-State Agency Group,Workers Comp,NJ,7030,1/1/2026,1/31/2026,0.422,4327.49,406.41,202.77,8704.93,0,0,1,1,0,3,2,1,0.3333,0.8743,0.2992,0.934210818,1,Declined,0.5,0.3333
120072,Tri-State Agency Group,Workers Comp,NJ,7030,10/1/2025,10/31/2025,0.4778,2996.7,813.49,293.26,2537.24,1,1,1,0,0,3,2,1,0.3333,0.8869,0.2992,0.934210818,1,,0.5,0.3333
120072,Tri-State Agency Group,Workers Comp,NJ,7030,11/1/2025,11/30/2025,0.436,2282.8,345.4,274.09,786.54,1,1,0,1,0,3,2,1,0.3333,0.8753,0.2992,0.934210818,1,,0.5,0.3333
120072,Tri-State Agency Group,Workers Comp,NJ,7030,12/1/2025,12/31/2025,0.501,2980.13,733.23,480.32,950.48,0,0,1,1,0,5,4,3,0.6,0.8649,0.2992,0.934210818,1,Declined,0.75,0.6
120072,Tri-State Agency Group,Workers Comp,NJ,7030,2/1/2026,2/28/2026,0.5874,4245.72,182.75,96.06,709.25,0,1,2,0,0,3,2,1,0.3333,0.8647,0.2992,0.934210818,1,Withdrawn,0.5,0.3333
120072,Tri-State Agency Group,Workers Comp,NJ,7030,3/1/2026,3/31/2026,0.5663,1833.64,258.89,220.24,1671.56,1,0,1,1,0,3,2,1,0.3333,0.8746,0.2992,0.934210818,1,,0.5,0.3333
120072,Tri-State Agency Group,Workers Comp,NJ,7030,4/1/2025,4/30/2025,0.5208,995.3,829.63,298.35,5148.19,3,0,1,0,0,5,3,2,0.4,0.8779,0.2992,0.934210818,2,Withdrawn,0.6667,0.4
120072,Tri-State Agency Group,Workers Comp,NJ,7030,5/1/2025,5/31/2025,0.4751,2546.43,914.71,146.13,3175.33,1,0,0,0,0,3,2,1,0.3333,0.8782,0.2992,0.934210818,1,,0.5,0.3333
120072,Tri-State Agency Group,Workers Comp,NJ,7030,6/1/2025,6/30/2025,0.4962,1198.55,135.24,148.85,462.93,0,1,1,0,0,3,2,1,0.3333,0.8814,0.2992,0.934210818,1,,0.5,0.3333
120072,Tri-State Agency Group,Workers Comp,NJ,7030,7/1/2025,7/31/2025,0.5866,1254.54,251.99,347.96,1122.21,1,0,0,1,0,6,3,1,0.1667,0.8914,0.2992,0.934210818,3,Withdrawn,0.3333,0.1667
120072,Tri-State Agency Group,Workers Comp,NJ,7030,8/1/2025,8/31/2025,0.4829,756.89,503.8,108.01,1398.35,1,0,1,0,0,3,2,1,0.3333,0.8774,0.2992,0.934210818,1,Declined,0.5,0.3333
120072,Tri-State Agency Group,Workers Comp,NJ,7030,9/1/2025,9/30/2025,0.4976,3122.2,78.4,132.69,1873.38,1,1,1,0,0,4,3,2,0.5,0.8644,0.2992,0.934210818,1,Withdrawn,0.6667,0.5
120073,Pinnacle Risk Solutions,Commercial Auto,NJ,7102,1/1/2026,1/31/2026,0.7853,458.53,0,153.28,2734.4,0,0,1,0,0,3,2,1,0.3333,0.7893,0.3126,0.899464706,1,,0.5,0.3333
120073,Pinnacle Risk Solutions,Commercial Auto,NJ,7102,10/1/2025,10/31/2025,0.7768,994.01,0,279.99,1830.09,0,1,1,0,0,3,2,1,0.3333,0.7827,0.3126,0.899464706,1,,0.5,0.3333
120073,Pinnacle Risk Solutions,Commercial Auto,NJ,7102,11/1/2025,11/30/2025,0.7579,638.64,0,168.9,186.82,0,1,1,0,0,3,2,1,0.3333,0.7826,0.3126,0.899464706,1,,0.5,0.3333
120073,Pinnacle Risk Solutions,Commercial Auto,NJ,7102,12/1/2025,12/31/2025,0.7647,636.66,0,92.95,584.67,2,0,1,0,0,3,2,1,0.3333,0.7778,0.3126,0.899464706,1,,0.5,0.3333
120073,Pinnacle Risk Solutions,Commercial Auto,NJ,7102,2/1/2026,2/28/2026,0.746,2343.57,0,306.71,1245.83,2,0,0,0,0,5,4,2,0.4,0.7789,0.3126,0.899464706,1,,0.5,0.4
120073,Pinnacle Risk Solutions,Commercial Auto,NJ,7102,3/1/2026,3/31/2026,0.7421,892.99,0,147.8,2319.87,0,1,1,0,0,5,3,1,0.2,0.7663,0.3126,0.899464706,2,Withdrawn,0.3333,0.2
120073,Pinnacle Risk Solutions,Commercial Auto,NJ,7102,4/1/2025,4/30/2025,0.7644,943.81,0,212.13,359.12,0,1,0,0,0,3,2,1,0.3333,0.7752,0.3126,0.899464706,1,,0.5,0.3333
120073,Pinnacle Risk Solutions,Commercial Auto,NJ,7102,5/1/2025,5/31/2025,0.7414,2017.18,0,72.1,3262.49,1,0,1,0,0,4,3,2,0.5,0.7693,0.3126,0.899464706,1,,0.6667,0.5
120073,Pinnacle Risk Solutions,Commercial Auto,NJ,7102,6/1/2025,6/30/2025,0.7691,964.65,0,258.58,110.79,0,0,0,0,0,5,4,2,0.4,0.7632,0.3126,0.899464706,1,Declined,0.5,0.4
120073,Pinnacle Risk Solutions,Commercial Auto,NJ,7102,7/1/2025,7/31/2025,0.7438,4469.18,0,186.02,749.78,2,0,1,0,0,3,2,1,0.3333,0.7809,0.3126,0.899464706,1,Declined,0.5,0.3333
120073,Pinnacle Risk Solutions,Commercial Auto,NJ,7102,8/1/2025,8/31/2025,0.7452,707.8,0,116.06,1849.43,0,1,0,0,0,3,2,1,0.3333,0.7666,0.3126,0.899464706,1,,0.5,0.3333
120073,Pinnacle Risk Solutions,Commercial Auto,NJ,7102,9/1/2025,9/30/2025,0.7501,4419.77,0,63.56,2588.68,0,0,0,0,0,7,5,3,0.4286,0.7746,0.3126,0.899464706,2,Withdrawn,0.6,0.4286
120074,Clearwater Insurance Group,Business Owners Policy,NJ,8401,1/1/2026,1/31/2026,0.4599,1834.2,161.5,586.96,5996.49,1,0,1,0,0,3,2,1,0.3333,0.7542,0.3095,0.967008982,1,Withdrawn,0.5,0.3333
120074,Clearwater Insurance Group,Business Owners Policy,NJ,8401,10/1/2025,10/31/2025,0.5388,1582.29,1218.63,67.42,952.04,1,0,1,0,1,3,2,1,0.3333,0.7592,0.3095,0.967008982,1,Declined,0.5,0.3333
120074,Clearwater Insurance Group,Business Owners Policy,NJ,8401,11/1/2025,11/30/2025,0.543,4456.36,1746.77,55.74,8469.35,0,1,1,0,0,3,2,1,0.3333,0.7317,0.3095,0.967008982,1,Withdrawn,0.5,0.3333
120074,Clearwater Insurance Group,Business Owners Policy,NJ,8401,12/1/2025,12/31/2025,0.4813,1944.07,685.94,144.5,1115.58,2,0,1,0,0,3,2,1,0.3333,0.7589,0.3095,0.967008982,1,Withdrawn,0.5,0.3333
120074,Clearwater Insurance Group,Business Owners Policy,NJ,8401,2/1/2026,2/28/2026,0.5314,3709.91,336.99,218.03,6303.84,0,1,0,1,0,7,4,2,0.2857,0.7593,0.3095,0.967008982,3,,0.5,0.2857
120074,Clearwater Insurance Group,Business Owners Policy,NJ,8401,3/1/2026,3/31/2026,0.5326,2457.19,1493.29,390.2,2220.68,2,0,0,1,0,3,2,1,0.3333,0.7668,0.3095,0.967008982,1,Withdrawn,0.5,0.3333
120074,Clearwater Insurance Group,Business Owners Policy,NJ,8401,4/1/2025,4/30/2025,0.5131,1899.17,981.48,228.17,3190.85,0,0,0,0,0,3,2,1,0.3333,0.7444,0.3095,0.967008982,1,,0.5,0.3333
120074,Clearwater Insurance Group,Business Owners Policy,NJ,8401,5/1/2025,5/31/2025,0.4738,10051.95,922.23,675.59,2779.74,0,1,1,0,0,9,8,3,0.3333,0.734,0.3095,0.967008982,1,,0.375,0.3333
120074,Clearwater Insurance Group,Business Owners Policy,NJ,8401,6/1/2025,6/30/2025,0.5009,4277.01,503.15,522.38,1284.27,1,0,3,0,0,3,2,1,0.3333,0.7215,0.3095,0.967008982,1,Declined,0.5,0.3333
120074,Clearwater Insurance Group,Business Owners Policy,NJ,8401,7/1/2025,7/31/2025,0.4856,3102.53,1646.92,574.23,1540.87,2,0,1,0,0,3,2,1,0.3333,0.7581,0.3095,0.967008982,1,,0.5,0.3333
120074,Clearwater Insurance Group,Business Owners Policy,NJ,8401,8/1/2025,8/31/2025,0.5416,3546.11,1037.54,55.38,1247.04,0,0,0,1,0,3,2,1,0.3333,0.757,0.3095,0.967008982,1,Withdrawn,0.5,0.3333
120074,Clearwater Insurance Group,Business Owners Policy,NJ,8401,9/1/2025,9/30/2025,0.5278,2054.61,1249.89,692.68,2814.65,1,1,1,1,0,3,2,1,0.3333,0.7706,0.3095,0.967008982,1,Declined,0.5,0.3333
120075,Patriot Risk Solutions,Workers Comp,NJ,7601,1/1/2026,1/31/2026,0.5137,2708.6,0,169.72,1828.14,1,1,0,0,0,3,2,1,0.3333,0.8709,0.3693,0.904815069,1,Withdrawn,0.5,0.3333
120075,Patriot Risk Solutions,Workers Comp,NJ,7601,10/1/2025,10/31/2025,0.45,2224.94,0,403.88,1040.01,1,0,0,0,0,3,2,1,0.3333,0.8839,0.3693,0.904815069,1,,0.5,0.3333
120075,Patriot Risk Solutions,Workers Comp,NJ,7601,11/1/2025,11/30/2025,0.5025,2227.94,0,189.63,2827.96,0,0,1,0,0,5,4,1,0.2,0.8731,0.3693,0.904815069,1,Withdrawn,0.25,0.2
120075,Patriot Risk Solutions,Workers Comp,NJ,7601,12/1/2025,12/31/2025,0.5834,2035.42,0,222.19,3062.75,2,1,2,0,0,3,2,1,0.3333,0.8884,0.3693,0.904815069,1,Withdrawn,0.5,0.3333
120075,Patriot Risk Solutions,Workers Comp,NJ,7601,2/1/2026,2/28/2026,0.4742,305.63,0,547.69,1128.78,1,1,1,0,0,3,2,1,0.3333,0.883,0.3693,0.904815069,1,Withdrawn,0.5,0.3333
120075,Patriot Risk Solutions,Workers Comp,NJ,7601,3/1/2026,3/31/2026,0.5007,2670.78,0,391.74,393.9,0,0,1,0,0,3,2,1,0.3333,0.8832,0.3693,0.904815069,1,Withdrawn,0.5,0.3333
120075,Patriot Risk Solutions,Workers Comp,NJ,7601,4/1/2025,4/30/2025,0.5879,925.23,0,267.66,1177.09,1,0,1,1,0,3,2,1,0.3333,0.8694,0.3693,0.904815069,1,,0.5,0.3333
120075,Patriot Risk Solutions,Workers Comp,NJ,7601,5/1/2025,5/31/2025,0.4622,2354.03,0,267.41,177.04,2,0,1,0,0,4,3,2,0.5,0.8706,0.3693,0.904815069,1,,0.6667,0.5
120075,Patriot Risk Solutions,Workers Comp,NJ,7601,6/1/2025,6/30/2025,0.5158,1644.44,0,267.13,587.24,1,0,0,0,0,4,2,1,0.25,0.8638,0.3693,0.904815069,2,,0.5,0.25
120075,Patriot Risk Solutions,Workers Comp,NJ,7601,7/1/2025,7/31/2025,0.5895,835.27,0,164.13,2766.84,1,1,0,1,0,5,4,3,0.6,0.8766,0.3693,0.904815069,1,Withdrawn,0.75,0.6
120075,Patriot Risk Solutions,Workers Comp,NJ,7601,8/1/2025,8/31/2025,0.4602,1297.27,0,85.68,1755.91,0,0,1,0,0,4,3,2,0.5,0.8724,0.3693,0.904815069,1,,0.6667,0.5
120075,Patriot Risk Solutions,Workers Comp,NJ,7601,9/1/2025,9/30/2025,0.4407,1436.56,0,79.87,2622.08,0,1,2,0,0,4,2,1,0.25,0.8695,0.3693,0.904815069,2,,0.5,0.25
120076,Liberty Risk Management,Commercial Auto,PA,19103,1/1/2026,1/31/2026,0.7304,229.53,0,117.01,789.4,1,0,0,1,0,7,3,1,0.1429,0.7753,0.282,0.844645746,4,,0.3333,0.1429
120076,Liberty Risk Management,Commercial Auto,PA,19103,10/1/2025,10/31/2025,0.7611,525.67,0,35.49,487.61,0,0,0,0,0,3,2,1,0.3333,0.7783,0.282,0.844645746,1,Withdrawn,0.5,0.3333
120076,Liberty Risk Management,Commercial Auto,PA,19103,11/1/2025,11/30/2025,0.7526,1332.14,0,51.04,147.23,1,1,1,0,0,4,3,2,0.5,0.7676,0.282,0.844645746,1,,0.6667,0.5
120076,Liberty Risk Management,Commercial Auto,PA,19103,12/1/2025,12/31/2025,0.7616,1324.04,0,31.64,903.74,1,1,1,0,0,4,3,1,0.25,0.7717,0.282,0.844645746,1,Withdrawn,0.3333,0.25
120076,Liberty Risk Management,Commercial Auto,PA,19103,2/1/2026,2/28/2026,0.7482,1751.4,0,18.69,1577.04,1,0,0,0,0,5,3,2,0.4,0.7756,0.282,0.844645746,2,,0.6667,0.4
120076,Liberty Risk Management,Commercial Auto,PA,19103,3/1/2026,3/31/2026,0.7596,975.44,0,54.83,430.55,0,0,0,0,0,3,2,1,0.3333,0.7721,0.282,0.844645746,1,Declined,0.5,0.3333
120076,Liberty Risk Management,Commercial Auto,PA,19103,4/1/2025,4/30/2025,0.7503,525.18,0,35.59,171.74,0,0,1,0,0,3,2,1,0.3333,0.7686,0.282,0.844645746,1,Declined,0.5,0.3333
120076,Liberty Risk Management,Commercial Auto,PA,19103,5/1/2025,5/31/2025,0.7641,280.4,0,93.89,516.11,0,1,0,0,0,4,3,2,0.5,0.7775,0.282,0.844645746,1,,0.6667,0.5
120076,Liberty Risk Management,Commercial Auto,PA,19103,6/1/2025,6/30/2025,0.7654,979.9,0,164.91,1034.1,0,0,0,0,0,3,2,1,0.3333,0.7748,0.282,0.844645746,1,,0.5,0.3333
120076,Liberty Risk Management,Commercial Auto,PA,19103,7/1/2025,7/31/2025,0.7566,578.61,0,75.99,388.65,1,0,0,0,0,3,2,1,0.3333,0.7727,0.282,0.844645746,1,,0.5,0.3333
120076,Liberty Risk Management,Commercial Auto,PA,19103,8/1/2025,8/31/2025,0.7716,1262.65,0,36.95,421.7,1,0,1,1,0,3,2,1,0.3333,0.7714,0.282,0.844645746,1,,0.5,0.3333
120076,Liberty Risk Management,Commercial Auto,PA,19103,9/1/2025,9/30/2025,0.775,907.81,0,120.15,164.36,0,0,2,0,0,4,3,2,0.5,0.7684,0.282,0.844645746,1,,0.6667,0.5
120077,Premier Insurance Partners,Business Owners Policy,PA,15222,1/1/2026,1/31/2026,0.513,483.42,0,59.28,1961.12,0,1,2,0,0,3,2,1,0.3333,0.7335,0.3326,0.921710416,1,,0.5,0.3333
120077,Premier Insurance Partners,Business Owners Policy,PA,15222,10/1/2025,10/31/2025,0.5619,1846.41,0,215.15,1485.04,1,0,0,0,0,5,3,2,0.4,0.765,0.3326,0.921710416,2,Withdrawn,0.6667,0.4
120077,Premier Insurance Partners,Business Owners Policy,PA,15222,11/1/2025,11/30/2025,0.5468,2195.04,0,105.89,1163.31,1,1,1,0,0,4,3,1,0.25,0.7438,0.3326,0.921710416,1,Declined,0.3333,0.25
120077,Premier Insurance Partners,Business Owners Policy,PA,15222,12/1/2025,12/31/2025,0.5139,4018.07,0,302.75,1995.17,1,2,1,0,0,3,2,1,0.3333,0.7683,0.3326,0.921710416,1,Declined,0.5,0.3333
120077,Premier Insurance Partners,Business Owners Policy,PA,15222,2/1/2026,2/28/2026,0.5214,1067.1,0,270.15,966,1,1,1,0,0,3,2,1,0.3333,0.7791,0.3326,0.921710416,1,Declined,0.5,0.3333
120077,Premier Insurance Partners,Business Owners Policy,PA,15222,3/1/2026,3/31/2026,0.458,2331.95,0,438.93,1434.06,1,0,0,0,0,5,4,2,0.4,0.7298,0.3326,0.921710416,1,,0.5,0.4
120077,Premier Insurance Partners,Business Owners Policy,PA,15222,4/1/2025,4/30/2025,0.4987,696.55,0,177.04,1639.87,0,1,1,0,0,3,2,1,0.3333,0.7677,0.3326,0.921710416,1,,0.5,0.3333
120077,Premier Insurance Partners,Business Owners Policy,PA,15222,5/1/2025,5/31/2025,0.4884,2657.46,0,236.27,3432.06,1,1,1,0,0,3,2,1,0.3333,0.7489,0.3326,0.921710416,1,,0.5,0.3333
120077,Premier Insurance Partners,Business Owners Policy,PA,15222,6/1/2025,6/30/2025,0.4672,1916.33,0,293.17,2897.48,1,0,1,0,0,10,9,7,0.7,0.7542,0.3326,0.921710416,1,Withdrawn,0.7778,0.7
120077,Premier Insurance Partners,Business Owners Policy,PA,15222,7/1/2025,7/31/2025,0.5374,5120.21,0,159.53,543.82,0,0,1,0,0,3,2,1,0.3333,0.7264,0.3326,0.921710416,1,Withdrawn,0.5,0.3333
120077,Premier Insurance Partners,Business Owners Policy,PA,15222,8/1/2025,8/31/2025,0.5617,1383.55,0,429.7,1486.91,1,0,0,0,0,3,2,1,0.3333,0.7474,0.3326,0.921710416,1,,0.5,0.3333
120077,Premier Insurance Partners,Business Owners Policy,PA,15222,9/1/2025,9/30/2025,0.5076,1163.33,0,207.72,5474.85,1,1,0,0,0,3,2,1,0.3333,0.7792,0.3326,0.921710416,1,,0.5,0.3333
120078,Benchmark Insurance Group,Workers Comp,PA,17101,1/1/2026,1/31/2026,0.5037,1450.16,2063.41,433.19,1306.8,1,1,0,0,0,3,2,1,0.3333,0.8712,0.3295,0.909848386,1,,0.5,0.3333
120078,Benchmark Insurance Group,Workers Comp,PA,17101,10/1/2025,10/31/2025,0.456,1110.91,1095.93,69.79,3579.87,1,0,1,0,0,3,2,1,0.3333,0.871,0.3295,0.909848386,1,,0.5,0.3333
120078,Benchmark Insurance Group,Workers Comp,PA,17101,11/1/2025,11/30/2025,0.4584,1380.14,519.93,107.84,761.46,0,1,1,0,0,3,2,1,0.3333,0.8832,0.3295,0.909848386,1,,0.5,0.3333
120078,Benchmark Insurance Group,Workers Comp,PA,17101,12/1/2025,12/31/2025,0.4371,2105.69,1175.26,151.28,915.11,0,0,2,0,0,3,2,1,0.3333,0.859,0.3295,0.909848386,1,Declined,0.5,0.3333
120078,Benchmark Insurance Group,Workers Comp,PA,17101,2/1/2026,2/28/2026,0.468,4145.66,1744.81,97.24,2011.27,1,0,0,0,0,3,2,1,0.3333,0.8772,0.3295,0.909848386,1,Declined,0.5,0.3333
120078,Benchmark Insurance Group,Workers Comp,PA,17101,3/1/2026,3/31/2026,0.5429,1232.32,1461.24,291.73,1092.59,1,1,0,0,0,3,2,1,0.3333,0.8744,0.3295,0.909848386,1,,0.5,0.3333
120078,Benchmark Insurance Group,Workers Comp,PA,17101,4/1/2025,4/30/2025,0.4589,574.55,1793.75,113.44,1117.45,1,0,0,1,0,5,2,1,0.2,0.8782,0.3295,0.909848386,3,,0.5,0.2
120078,Benchmark Insurance Group,Workers Comp,PA,17101,5/1/2025,5/31/2025,0.4595,3931.07,108.92,38.92,3481.1,1,0,0,0,0,3,2,1,0.3333,0.8743,0.3295,0.909848386,1,Declined,0.5,0.3333
120078,Benchmark Insurance Group,Workers Comp,PA,17101,6/1/2025,6/30/2025,0.5473,1849.72,3132.07,262.86,1569.54,0,0,1,1,0,3,2,1,0.3333,0.8667,0.3295,0.909848386,1,,0.5,0.3333
120078,Benchmark Insurance Group,Workers Comp,PA,17101,7/1/2025,7/31/2025,0.449,622.69,56.87,232.11,1893,1,0,1,0,0,5,4,1,0.2,0.8836,0.3295,0.909848386,1,,0.25,0.2
120078,Benchmark Insurance Group,Workers Comp,PA,17101,8/1/2025,8/31/2025,0.5176,1696.49,955.44,137.15,988.64,0,1,0,0,0,5,3,1,0.2,0.8857,0.3295,0.909848386,2,Withdrawn,0.3333,0.2
120078,Benchmark Insurance Group,Workers Comp,PA,17101,9/1/2025,9/30/2025,0.5039,1741.22,537.75,556.76,2577.76,0,0,1,0,0,6,5,2,0.3333,0.8872,0.3295,0.909848386,1,,0.4,0.3333
120079,Clearwater Insurance Services,Commercial Auto,PA,18501,1/1/2026,1/31/2026,0.7354,220.4,134.35,62.25,162.14,0,1,0,1,0,3,2,1,0.3333,0.777,0.3084,0.814301168,1,,0.5,0.3333
120079,Clearwater Insurance Services,Commercial Auto,PA,18501,10/1/2025,10/31/2025,0.7759,679.88,87.81,33.94,583.46,0,0,1,0,0,3,2,1,0.3333,0.7668,0.3084,0.814301168,1,Declined,0.5,0.3333
120079,Clearwater Insurance Services,Commercial Auto,PA,18501,11/1/2025,11/30/2025,0.769,761.99,95.57,21.97,1452.42,1,0,0,0,0,3,2,1,0.3333,0.7791,0.3084,0.814301168,1,,0.5,0.3333
120079,Clearwater Insurance Services,Commercial Auto,PA,18501,12/1/2025,12/31/2025,0.7549,705.2,89.69,35.39,201.36,0,0,0,0,0,3,2,1,0.3333,0.778,0.3084,0.814301168,1,,0.5,0.3333
120079,Clearwater Insurance Services,Commercial Auto,PA,18501,2/1/2026,2/28/2026,0.7596,1338.86,126.12,101.11,224.14,0,0,1,1,0,3,2,1,0.3333,0.7733,0.3084,0.814301168,1,Withdrawn,0.5,0.3333
120079,Clearwater Insurance Services,Commercial Auto,PA,18501,3/1/2026,3/31/2026,0.7636,52.13,123.01,95.89,883.29,0,0,0,0,0,6,4,2,0.3333,0.7698,0.3084,0.814301168,2,Declined,0.5,0.3333
120079,Clearwater Insurance Services,Commercial Auto,PA,18501,4/1/2025,4/30/2025,0.76,935.19,39.46,9.37,712.32,0,0,0,0,0,3,2,1,0.3333,0.7651,0.3084,0.814301168,1,,0.5,0.3333
120079,Clearwater Insurance Services,Commercial Auto,PA,18501,5/1/2025,5/31/2025,0.7334,622.41,161.5,178.63,833.9,0,0,0,0,0,4,3,1,0.25,0.7667,0.3084,0.814301168,1,Withdrawn,0.3333,0.25
120079,Clearwater Insurance Services,Commercial Auto,PA,18501,6/1/2025,6/30/2025,0.7458,201.38,166.19,88.8,298.33,1,0,1,0,0,3,2,1,0.3333,0.7742,0.3084,0.814301168,1,Declined,0.5,0.3333
120079,Clearwater Insurance Services,Commercial Auto,PA,18501,7/1/2025,7/31/2025,0.7468,741.29,127.48,31,187.98,1,0,0,0,0,8,5,1,0.125,0.7781,0.3084,0.814301168,3,Declined,0.2,0.125
120079,Clearwater Insurance Services,Commercial Auto,PA,18501,8/1/2025,8/31/2025,0.7564,628.65,91.11,73.78,626.25,0,0,1,0,0,3,2,1,0.3333,0.7815,0.3084,0.814301168,1,,0.5,0.3333
120079,Clearwater Insurance Services,Commercial Auto,PA,18501,9/1/2025,9/30/2025,0.7508,760.49,37.49,48.64,866.64,1,0,0,0,0,3,2,1,0.3333,0.7751,0.3084,0.814301168,1,,0.5,0.3333
120080,Summit Agency Group,Business Owners Policy,NY,10001,1/1/2026,1/31/2026,0.5009,2056.45,786.05,137.49,2705.95,0,1,1,1,0,3,2,1,0.3333,0.7498,0.3079,0.922728579,1,,0.5,0.3333
120080,Summit Agency Group,Business Owners Policy,NY,10001,10/1/2025,10/31/2025,0.4651,1969.86,2256.24,180.08,1004.6,3,1,0,1,0,7,5,4,0.5714,0.7495,0.3079,0.922728579,2,Withdrawn,0.8,0.5714
120080,Summit Agency Group,Business Owners Policy,NY,10001,11/1/2025,11/30/2025,0.5107,1118.08,319.47,124.25,1503.65,1,1,2,0,0,6,5,4,0.6667,0.7508,0.3079,0.922728579,1,,0.8,0.6667
120080,Summit Agency Group,Business Owners Policy,NY,10001,12/1/2025,12/31/2025,0.5279,1049.85,1444.85,386.84,3279.86,1,0,0,1,0,3,2,1,0.3333,0.7259,0.3079,0.922728579,1,,0.5,0.3333
120080,Summit Agency Group,Business Owners Policy,NY,10001,2/1/2026,2/28/2026,0.4852,4238.34,511.29,278.44,1828.35,1,0,1,0,0,4,2,1,0.25,0.7635,0.3079,0.922728579,2,Declined,0.5,0.25
120080,Summit Agency Group,Business Owners Policy,NY,10001,3/1/2026,3/31/2026,0.4849,5088.04,1590.45,191.61,695.91,2,0,2,0,0,4,3,1,0.25,0.7311,0.3079,0.922728579,1,Declined,0.3333,0.25
120080,Summit Agency Group,Business Owners Policy,NY,10001,4/1/2025,4/30/2025,0.5064,628.05,5706.21,514.88,2275.39,1,1,0,0,0,3,2,1,0.3333,0.7461,0.3079,0.922728579,1,Withdrawn,0.5,0.3333
120080,Summit Agency Group,Business Owners Policy,NY,10001,5/1/2025,5/31/2025,0.5051,3381.79,328.54,91.16,1362.8,1,1,1,0,0,3,2,1,0.3333,0.7273,0.3079,0.922728579,1,Withdrawn,0.5,0.3333
120080,Summit Agency Group,Business Owners Policy,NY,10001,6/1/2025,6/30/2025,0.4692,2291.52,4179.64,146.54,1498.56,0,0,2,0,0,3,2,1,0.3333,0.7357,0.3079,0.922728579,1,,0.5,0.3333
120080,Summit Agency Group,Business Owners Policy,NY,10001,7/1/2025,7/31/2025,0.5307,1262.61,4864.28,232.76,1369.38,1,0,1,0,0,4,3,2,0.5,0.7222,0.3079,0.922728579,1,,0.6667,0.5
120080,Summit Agency Group,Business Owners Policy,NY,10001,8/1/2025,8/31/2025,0.4785,393.05,491.05,121.73,1574.65,1,1,1,0,0,3,2,1,0.3333,0.738,0.3079,0.922728579,1,Declined,0.5,0.3333
120080,Summit Agency Group,Business Owners Policy,NY,10001,9/1/2025,9/30/2025,0.4741,1681.53,2930.25,161.08,1339.16,0,1,1,0,0,3,2,1,0.3333,0.7621,0.3079,0.922728579,1,Withdrawn,0.5,0.3333
120081,Broadstreet Insurance Services,Workers Comp,NY,11201,1/1/2026,1/31/2026,0.4328,5047.01,0,166.31,4023.57,1,0,1,1,0,4,2,1,0.25,0.8768,0.3186,0.927005649,2,Declined,0.5,0.25
120081,Broadstreet Insurance Services,Workers Comp,NY,11201,10/1/2025,10/31/2025,0.6512,447.65,0,123.47,1710.49,0,0,0,0,0,3,2,1,0.3333,0.8775,0.3186,0.927005649,1,,0.5,0.3333
120081,Broadstreet Insurance Services,Workers Comp,NY,11201,11/1/2025,11/30/2025,0.422,3049.94,0,246.36,3343.33,0,0,0,1,0,4,3,2,0.5,0.8736,0.3186,0.927005649,1,,0.6667,0.5
120081,Broadstreet Insurance Services,Workers Comp,NY,11201,12/1/2025,12/31/2025,0.497,2226.66,0,84.29,2643.63,0,0,2,0,0,6,4,1,0.1667,0.8797,0.3186,0.927005649,2,Withdrawn,0.25,0.1667
120081,Broadstreet Insurance Services,Workers Comp,NY,11201,2/1/2026,2/28/2026,0.5758,1229.09,0,778.5,763.88,2,1,2,0,0,6,5,4,0.6667,0.8841,0.3186,0.927005649,1,,0.8,0.6667
120081,Broadstreet Insurance Services,Workers Comp,NY,11201,3/1/2026,3/31/2026,0.4706,3117.94,0,360.31,682.97,0,0,0,0,0,3,2,1,0.3333,0.8799,0.3186,0.927005649,1,,0.5,0.3333
120081,Broadstreet Insurance Services,Workers Comp,NY,11201,4/1/2025,4/30/2025,0.5697,1684.15,0,102.62,1353.59,1,1,1,0,0,3,2,1,0.3333,0.8875,0.3186,0.927005649,1,Withdrawn,0.5,0.3333
120081,Broadstreet Insurance Services,Workers Comp,NY,11201,5/1/2025,5/31/2025,0.5245,3298.54,0,207.05,1701.55,2,0,0,0,0,3,2,1,0.3333,0.8809,0.3186,0.927005649,1,,0.5,0.3333
120081,Broadstreet Insurance Services,Workers Comp,NY,11201,6/1/2025,6/30/2025,0.4618,1742.93,0,375.39,3635.84,2,1,1,1,0,3,2,1,0.3333,0.8604,0.3186,0.927005649,1,,0.5,0.3333
120081,Broadstreet Insurance Services,Workers Comp,NY,11201,7/1/2025,7/31/2025,0.5056,374.36,0,184.21,3156.54,0,1,1,0,1,3,2,1,0.3333,0.8828,0.3186,0.927005649,1,Withdrawn,0.5,0.3333
120081,Broadstreet Insurance Services,Workers Comp,NY,11201,8/1/2025,8/31/2025,0.5566,3982.28,0,173.87,1255.16,1,1,0,0,0,4,3,2,0.5,0.8618,0.3186,0.927005649,1,,0.6667,0.5
120081,Broadstreet Insurance Services,Workers Comp,NY,11201,9/1/2025,9/30/2025,0.5673,168.56,0,86.65,1924.37,1,0,2,0,0,3,2,1,0.3333,0.874,0.3186,0.927005649,1,,0.5,0.3333
120082,Patriot Insurance Services,Commercial Auto,NY,10301,1/1/2026,1/31/2026,0.7792,1913.3,420.65,282.94,1971.1,0,1,0,0,0,3,2,1,0.3333,0.7609,0.3274,0.883988875,1,,0.5,0.3333
120082,Patriot Insurance Services,Commercial Auto,NY,10301,10/1/2025,10/31/2025,0.7472,1945.54,415.7,173.08,360.09,1,1,0,0,0,3,2,1,0.3333,0.7792,0.3274,0.883988875,1,Declined,0.5,0.3333
120082,Patriot Insurance Services,Commercial Auto,NY,10301,11/1/2025,11/30/2025,0.7724,1704.95,177.05,47.42,452.15,1,1,0,0,0,3,2,1,0.3333,0.7893,0.3274,0.883988875,1,,0.5,0.3333
120082,Patriot Insurance Services,Commercial Auto,NY,10301,12/1/2025,12/31/2025,0.7199,2755.41,599.5,297.46,765.26,0,0,1,0,0,3,2,1,0.3333,0.7566,0.3274,0.883988875,1,,0.5,0.3333
120082,Patriot Insurance Services,Commercial Auto,NY,10301,2/1/2026,2/28/2026,0.7517,589.07,652.48,64.81,442.15,0,1,0,0,0,4,3,2,0.5,0.7743,0.3274,0.883988875,1,Declined,0.6667,0.5
120082,Patriot Insurance Services,Commercial Auto,NY,10301,3/1/2026,3/31/2026,0.7468,585.06,392.7,187.48,2561.05,0,0,0,0,0,3,2,1,0.3333,0.7558,0.3274,0.883988875,1,,0.5,0.3333
120082,Patriot Insurance Services,Commercial Auto,NY,10301,4/1/2025,4/30/2025,0.7603,266.15,180.42,205.09,689.65,0,0,1,0,0,6,4,2,0.3333,0.7771,0.3274,0.883988875,2,,0.5,0.3333
120082,Patriot Insurance Services,Commercial Auto,NY,10301,5/1/2025,5/31/2025,0.7578,1668.38,159.32,65.36,3304.82,0,1,1,0,0,4,3,2,0.5,0.768,0.3274,0.883988875,1,,0.6667,0.5
120082,Patriot Insurance Services,Commercial Auto,NY,10301,6/1/2025,6/30/2025,0.7616,507.07,64.17,95.7,504.53,1,0,0,0,0,3,2,1,0.3333,0.7732,0.3274,0.883988875,1,,0.5,0.3333
120082,Patriot Insurance Services,Commercial Auto,NY,10301,7/1/2025,7/31/2025,0.7733,1376.18,421.29,121.08,633.97,1,0,0,0,0,3,2,1,0.3333,0.7869,0.3274,0.883988875,1,,0.5,0.3333
120082,Patriot Insurance Services,Commercial Auto,NY,10301,8/1/2025,8/31/2025,0.7765,221.17,87.69,251.68,4333.07,0,0,1,0,0,5,4,3,0.6,0.7594,0.3274,0.883988875,1,,0.75,0.6
120082,Patriot Insurance Services,Commercial Auto,NY,10301,9/1/2025,9/30/2025,0.7783,2908.72,750.17,77.17,423.16,1,0,1,0,0,6,4,3,0.5,0.7783,0.3274,0.883988875,2,Declined,0.75,0.5
120083,Crestview Risk Management,Business Owners Policy,NY,14201,1/1/2026,1/31/2026,0.4822,4234.97,67,308.37,720.86,2,0,1,1,0,3,2,1,0.3333,0.7541,0.3411,0.916532354,1,,0.5,0.3333
120083,Crestview Risk Management,Business Owners Policy,NY,14201,10/1/2025,10/31/2025,0.5063,103.56,32.94,145.56,3452.88,1,1,0,0,0,3,2,1,0.3333,0.7402,0.3411,0.916532354,1,Withdrawn,0.5,0.3333
120083,Crestview Risk Management,Business Owners Policy,NY,14201,11/1/2025,11/30/2025,0.5377,1140.84,102.45,277.38,891.47,0,0,0,0,0,5,4,3,0.6,0.7823,0.3411,0.916532354,1,Withdrawn,0.75,0.6
120083,Crestview Risk Management,Business Owners Policy,NY,14201,12/1/2025,12/31/2025,0.4805,924.7,13.43,209.06,852.66,2,1,1,1,0,6,4,2,0.3333,0.7481,0.3411,0.916532354,2,Withdrawn,0.5,0.3333
120083,Crestview Risk Management,Business Owners Policy,NY,14201,2/1/2026,2/28/2026,0.5012,1326.08,108.27,283.2,2191.4,2,2,0,0,0,4,3,1,0.25,0.7427,0.3411,0.916532354,1,Withdrawn,0.3333,0.25
120083,Crestview Risk Management,Business Owners Policy,NY,14201,3/1/2026,3/31/2026,0.4383,1296.65,97.15,144.78,3981.97,1,0,1,0,0,10,9,5,0.5,0.7315,0.3411,0.916532354,1,Withdrawn,0.5556,0.5
120083,Crestview Risk Management,Business Owners Policy,NY,14201,4/1/2025,4/30/2025,0.4617,926.69,60.15,356.1,1812.92,0,0,0,1,0,3,2,1,0.3333,0.7416,0.3411,0.916532354,1,Declined,0.5,0.3333
120083,Crestview Risk Management,Business Owners Policy,NY,14201,5/1/2025,5/31/2025,0.4804,2758.26,20.25,151.46,4274.47,0,1,2,0,0,3,2,1,0.3333,0.7761,0.3411,0.916532354,1,,0.5,0.3333
120083,Crestview Risk Management,Business Owners Policy,NY,14201,6/1/2025,6/30/2025,0.4928,4570.85,133.07,130.95,1764.61,3,1,2,1,0,3,2,1,0.3333,0.752,0.3411,0.916532354,1,,0.5,0.3333
120083,Crestview Risk Management,Business Owners Policy,NY,14201,7/1/2025,7/31/2025,0.4988,1218.96,38.18,431.36,1429.04,2,0,3,1,0,3,2,1,0.3333,0.7283,0.3411,0.916532354,1,,0.5,0.3333
120083,Crestview Risk Management,Business Owners Policy,NY,14201,8/1/2025,8/31/2025,0.4795,468.58,62.99,271.04,149.65,1,1,2,0,0,7,5,3,0.4286,0.7528,0.3411,0.916532354,2,,0.6,0.4286
120083,Crestview Risk Management,Business Owners Policy,NY,14201,9/1/2025,9/30/2025,0.4933,4533.97,72.76,188.83,1211.29,0,1,2,0,0,3,2,1,0.3333,0.7265,0.3411,0.916532354,1,Withdrawn,0.5,0.3333
120084,Pinnacle Insurance Co.,Workers Comp,NJ,7030,1/1/2026,1/31/2026,0.4823,1585.13,0,37.43,941.33,1,0,2,0,0,4,3,2,0.5,0.8695,0.2733,0.902765271,1,,0.6667,0.5
120084,Pinnacle Insurance Co.,Workers Comp,NJ,7030,10/1/2025,10/31/2025,0.4469,838.08,0,133.69,1165.95,0,0,1,0,0,3,2,1,0.3333,0.8702,0.2733,0.902765271,1,Withdrawn,0.5,0.3333
120084,Pinnacle Insurance Co.,Workers Comp,NJ,7030,11/1/2025,11/30/2025,0.4755,2789.78,0,107.4,231.75,2,0,1,0,0,6,5,4,0.6667,0.8755,0.2733,0.902765271,1,,0.8,0.6667
120084,Pinnacle Insurance Co.,Workers Comp,NJ,7030,12/1/2025,12/31/2025,0.6249,1499.15,0,195.43,1060.01,0,1,0,0,0,3,2,1,0.3333,0.8739,0.2733,0.902765271,1,,0.5,0.3333
120084,Pinnacle Insurance Co.,Workers Comp,NJ,7030,2/1/2026,2/28/2026,0.5144,996.24,0,193.8,919.78,0,1,1,0,0,5,4,3,0.6,0.8815,0.2733,0.902765271,1,Withdrawn,0.75,0.6
120084,Pinnacle Insurance Co.,Workers Comp,NJ,7030,3/1/2026,3/31/2026,0.4388,1053.91,0,21.48,1043.64,1,1,1,0,0,3,2,1,0.3333,0.8582,0.2733,0.902765271,1,Declined,0.5,0.3333
120084,Pinnacle Insurance Co.,Workers Comp,NJ,7030,4/1/2025,4/30/2025,0.5551,1806.76,0,17.57,1665.27,1,0,0,0,0,3,2,1,0.3333,0.8768,0.2733,0.902765271,1,,0.5,0.3333
120084,Pinnacle Insurance Co.,Workers Comp,NJ,7030,5/1/2025,5/31/2025,0.537,463.25,0,134.92,462.57,0,0,0,0,0,3,2,1,0.3333,0.8748,0.2733,0.902765271,1,,0.5,0.3333
120084,Pinnacle Insurance Co.,Workers Comp,NJ,7030,6/1/2025,6/30/2025,0.5272,1402.12,0,51.36,817.58,1,0,0,0,0,3,2,1,0.3333,0.8792,0.2733,0.902765271,1,Withdrawn,0.5,0.3333
120084,Pinnacle Insurance Co.,Workers Comp,NJ,7030,7/1/2025,7/31/2025,0.5488,1531.25,0,187.82,772.56,2,1,1,1,0,5,4,2,0.4,0.8746,0.2733,0.902765271,1,,0.5,0.4
120084,Pinnacle Insurance Co.,Workers Comp,NJ,7030,8/1/2025,8/31/2025,0.4612,5321.15,0,140.08,1291.59,0,0,1,0,0,6,4,3,0.5,0.8794,0.2733,0.902765271,2,,0.75,0.5
120084,Pinnacle Insurance Co.,Workers Comp,NJ,7030,9/1/2025,9/30/2025,0.5066,919.27,0,35.66,340.06,0,1,0,0,0,3,2,1,0.3333,0.8674,0.2733,0.902765271,1,Withdrawn,0.5,0.3333
120085,Bridgepoint Risk Solutions,Commercial Auto,NJ,7102,1/1/2026,1/31/2026,0.7795,1033.15,81.07,22.6,2366.56,1,0,1,1,0,3,2,1,0.3333,0.7792,0.3484,0.843316723,1,Declined,0.5,0.3333
120085,Bridgepoint Risk Solutions,Commercial Auto,NJ,7102,10/1/2025,10/31/2025,0.7694,1029.19,213.04,40.11,558.5,2,0,1,0,0,3,2,1,0.3333,0.7697,0.3484,0.843316723,1,Declined,0.5,0.3333
120085,Bridgepoint Risk Solutions,Commercial Auto,NJ,7102,11/1/2025,11/30/2025,0.7703,1108.15,290.8,141.01,1033.03,0,1,0,0,0,4,3,2,0.5,0.7804,0.3484,0.843316723,1,,0.6667,0.5
120085,Bridgepoint Risk Solutions,Commercial Auto,NJ,7102,12/1/2025,12/31/2025,0.7528,373.25,158.12,206.98,1185.78,2,1,1,0,0,3,2,1,0.3333,0.762,0.3484,0.843316723,1,Withdrawn,0.5,0.3333
120085,Bridgepoint Risk Solutions,Commercial Auto,NJ,7102,2/1/2026,2/28/2026,0.7555,2375.23,35.82,31.03,880.03,1,1,1,1,0,3,2,1,0.3333,0.7723,0.3484,0.843316723,1,,0.5,0.3333
120085,Bridgepoint Risk Solutions,Commercial Auto,NJ,7102,3/1/2026,3/31/2026,0.7513,377.21,23.45,93.48,89.81,0,1,1,0,0,3,2,1,0.3333,0.7688,0.3484,0.843316723,1,,0.5,0.3333
120085,Bridgepoint Risk Solutions,Commercial Auto,NJ,7102,4/1/2025,4/30/2025,0.7625,513.12,37.73,184.53,729.1,0,0,2,0,0,3,2,1,0.3333,0.7783,0.3484,0.843316723,1,Declined,0.5,0.3333
120085,Bridgepoint Risk Solutions,Commercial Auto,NJ,7102,5/1/2025,5/31/2025,0.7434,292.11,87.34,64.77,321.51,0,1,1,0,0,5,4,1,0.2,0.7881,0.3484,0.843316723,1,Declined,0.25,0.2
120085,Bridgepoint Risk Solutions,Commercial Auto,NJ,7102,6/1/2025,6/30/2025,0.772,723.88,18.63,171.4,696.07,0,0,0,0,0,3,2,1,0.3333,0.7654,0.3484,0.843316723,1,Declined,0.5,0.3333
120085,Bridgepoint Risk Solutions,Commercial Auto,NJ,7102,7/1/2025,7/31/2025,0.7721,1290.73,19.31,216.14,1412.66,0,0,0,0,0,6,5,4,0.6667,0.7727,0.3484,0.843316723,1,Withdrawn,0.8,0.6667
120085,Bridgepoint Risk Solutions,Commercial Auto,NJ,7102,8/1/2025,8/31/2025,0.7546,761.45,26.57,68.14,733.14,1,1,0,0,0,3,2,1,0.3333,0.7707,0.3484,0.843316723,1,,0.5,0.3333
120085,Bridgepoint Risk Solutions,Commercial Auto,NJ,7102,9/1/2025,9/30/2025,0.7652,640.65,195.46,110.93,511.93,1,0,0,0,0,8,3,1,0.125,0.7784,0.3484,0.843316723,5,,0.3333,0.125
120086,Highmark Brokerage,Business Owners Policy,NJ,8401,1/1/2026,1/31/2026,0.4961,1585.68,220.44,58.5,1768.36,1,0,1,0,0,3,2,1,0.3333,0.7718,0.2879,0.914910508,1,Declined,0.5,0.3333
120086,Highmark Brokerage,Business Owners Policy,NJ,8401,10/1/2025,10/31/2025,0.52,2172.75,216.88,378.29,918.28,0,0,1,0,0,3,2,1,0.3333,0.7503,0.2879,0.914910508,1,Declined,0.5,0.3333
120086,Highmark Brokerage,Business Owners Policy,NJ,8401,11/1/2025,11/30/2025,0.5104,498.48,448.2,185.25,3233.59,0,1,2,1,0,3,2,1,0.3333,0.7761,0.2879,0.914910508,1,Declined,0.5,0.3333
120086,Highmark Brokerage,Business Owners Policy,NJ,8401,12/1/2025,12/31/2025,0.5205,1749.27,58.19,84.7,1570.94,1,1,1,0,0,3,2,1,0.3333,0.7203,0.2879,0.914910508,1,,0.5,0.3333
120086,Highmark Brokerage,Business Owners Policy,NJ,8401,2/1/2026,2/28/2026,0.5217,1888.22,339.56,125.81,799.29,4,0,0,0,0,4,3,1,0.25,0.7396,0.2879,0.914910508,1,Withdrawn,0.3333,0.25
120086,Highmark Brokerage,Business Owners Policy,NJ,8401,3/1/2026,3/31/2026,0.4964,2117.5,320.86,65.23,406.58,0,0,0,0,0,3,2,1,0.3333,0.745,0.2879,0.914910508,1,,0.5,0.3333
120086,Highmark Brokerage,Business Owners Policy,NJ,8401,4/1/2025,4/30/2025,0.4933,3004.55,503.34,110.73,652.77,2,0,0,0,0,3,2,1,0.3333,0.7452,0.2879,0.914910508,1,,0.5,0.3333
120086,Highmark Brokerage,Business Owners Policy,NJ,8401,5/1/2025,5/31/2025,0.4844,1956.11,116.52,173.16,1347.88,0,1,3,0,0,9,3,2,0.2222,0.7454,0.2879,0.914910508,6,Withdrawn,0.6667,0.2222
120086,Highmark Brokerage,Business Owners Policy,NJ,8401,6/1/2025,6/30/2025,0.4609,534.27,324.41,136.34,488.49,0,0,0,0,0,3,2,1,0.3333,0.7418,0.2879,0.914910508,1,,0.5,0.3333
120086,Highmark Brokerage,Business Owners Policy,NJ,8401,7/1/2025,7/31/2025,0.4874,3874.61,392.89,130.71,692.81,1,0,0,1,0,3,2,1,0.3333,0.7498,0.2879,0.914910508,1,Withdrawn,0.5,0.3333
120086,Highmark Brokerage,Business Owners Policy,NJ,8401,8/1/2025,8/31/2025,0.4685,454.43,58.84,150.93,1090.87,0,1,0,0,0,5,3,1,0.2,0.7814,0.2879,0.914910508,2,,0.3333,0.2
120086,Highmark Brokerage,Business Owners Policy,NJ,8401,9/1/2025,9/30/2025,0.5674,3253.31,173.97,315.17,2609.67,0,0,1,0,0,3,2,1,0.3333,0.7599,0.2879,0.914910508,1,Withdrawn,0.5,0.3333
120087,Pinnacle Brokerage,Workers Comp,NJ,7601,1/1/2026,1/31/2026,0.5898,2031.02,908.47,105.79,512.57,0,0,0,0,0,4,3,2,0.5,0.8782,0.2586,0.916135322,1,Declined,0.6667,0.5
120087,Pinnacle Brokerage,Workers Comp,NJ,7601,10/1/2025,10/31/2025,0.5103,2045.83,90.74,108.62,2205.76,1,0,0,0,0,3,2,1,0.3333,0.8661,0.2586,0.916135322,1,Declined,0.5,0.3333
120087,Pinnacle Brokerage,Workers Comp,NJ,7601,11/1/2025,11/30/2025,0.5248,676.5,347.58,104.19,127.82,0,0,0,0,0,5,3,1,0.2,0.8679,0.2586,0.916135322,2,Withdrawn,0.3333,0.2
120087,Pinnacle Brokerage,Workers Comp,NJ,7601,12/1/2025,12/31/2025,0.5693,1137.37,77.61,179.63,209.55,0,1,1,0,0,6,5,3,0.5,0.8619,0.2586,0.916135322,1,,0.6,0.5
120087,Pinnacle Brokerage,Workers Comp,NJ,7601,2/1/2026,2/28/2026,0.509,4115.31,38.61,37.75,955.04,1,0,0,0,0,3,2,1,0.3333,0.8799,0.2586,0.916135322,1,,0.5,0.3333
120087,Pinnacle Brokerage,Workers Comp,NJ,7601,3/1/2026,3/31/2026,0.4191,2574.52,1288.51,83.54,255.82,0,0,0,0,0,5,4,2,0.4,0.8718,0.2586,0.916135322,1,Declined,0.5,0.4
120087,Pinnacle Brokerage,Workers Comp,NJ,7601,4/1/2025,4/30/2025,0.4261,2738.99,365.53,12.73,768.26,0,0,1,0,0,3,2,1,0.3333,0.8853,0.2586,0.916135322,1,,0.5,0.3333
120087,Pinnacle Brokerage,Workers Comp,NJ,7601,5/1/2025,5/31/2025,0.4808,1243.39,599.12,27.15,845.27,1,0,0,1,0,3,2,1,0.3333,0.8678,0.2586,0.916135322,1,,0.5,0.3333
120087,Pinnacle Brokerage,Workers Comp,NJ,7601,6/1/2025,6/30/2025,0.5308,1285.03,172.78,69.79,891.65,1,0,1,0,0,4,2,1,0.25,0.8703,0.2586,0.916135322,2,Withdrawn,0.5,0.25
120087,Pinnacle Brokerage,Workers Comp,NJ,7601,7/1/2025,7/31/2025,0.4689,2307.24,165.55,35.59,1077.95,0,1,0,0,0,4,3,2,0.5,0.8833,0.2586,0.916135322,1,,0.6667,0.5
120087,Pinnacle Brokerage,Workers Comp,NJ,7601,8/1/2025,8/31/2025,0.5576,2921.06,132.59,137.59,452.93,1,0,1,0,0,3,2,1,0.3333,0.8713,0.2586,0.916135322,1,,0.5,0.3333
120087,Pinnacle Brokerage,Workers Comp,NJ,7601,9/1/2025,9/30/2025,0.5454,325.59,138.02,129.01,150.88,0,1,1,0,0,3,2,1,0.3333,0.8792,0.2586,0.916135322,1,Declined,0.5,0.3333
120088,Horizon Risk Consultants,Commercial Auto,PA,19103,1/1/2026,1/31/2026,0.7749,1232.17,221.72,335,2000.73,2,1,2,1,0,3,2,1,0.3333,0.7626,0.3136,0.920490353,1,,0.5,0.3333
120088,Horizon Risk Consultants,Commercial Auto,PA,19103,10/1/2025,10/31/2025,0.7939,3184.85,336.31,108.69,1008.24,0,1,2,0,0,4,3,2,0.5,0.7844,0.3136,0.920490353,1,,0.6667,0.5
120088,Horizon Risk Consultants,Commercial Auto,PA,19103,11/1/2025,11/30/2025,0.7611,2277.28,680.48,29.03,1511.34,0,1,0,0,0,3,2,1,0.3333,0.7797,0.3136,0.920490353,1,,0.5,0.3333
120088,Horizon Risk Consultants,Commercial Auto,PA,19103,12/1/2025,12/31/2025,0.7347,801.73,310.44,222.21,2490.13,1,1,0,0,0,6,5,2,0.3333,0.7849,0.3136,0.920490353,1,,0.4,0.3333
120088,Horizon Risk Consultants,Commercial Auto,PA,19103,2/1/2026,2/28/2026,0.7349,4484.77,758.4,174.93,2068.67,1,0,1,0,0,3,2,1,0.3333,0.7767,0.3136,0.920490353,1,Withdrawn,0.5,0.3333
120088,Horizon Risk Consultants,Commercial Auto,PA,19103,3/1/2026,3/31/2026,0.7579,4274.42,114.78,802.7,4013.88,1,0,1,1,0,4,3,2,0.5,0.7718,0.3136,0.920490353,1,Withdrawn,0.6667,0.5
120088,Horizon Risk Consultants,Commercial Auto,PA,19103,4/1/2025,4/30/2025,0.7479,1980.98,444.12,196,200.29,3,0,0,0,0,3,2,1,0.3333,0.7678,0.3136,0.920490353,1,,0.5,0.3333
120088,Horizon Risk Consultants,Commercial Auto,PA,19103,5/1/2025,5/31/2025,0.7547,778.69,187.99,129.51,519.36,0,0,1,0,0,7,5,1,0.1429,0.7716,0.3136,0.920490353,2,Withdrawn,0.2,0.1429
120088,Horizon Risk Consultants,Commercial Auto,PA,19103,6/1/2025,6/30/2025,0.7428,470.03,127.1,78.74,1503.53,0,0,0,0,0,3,2,1,0.3333,0.7819,0.3136,0.920490353,1,Declined,0.5,0.3333
120088,Horizon Risk Consultants,Commercial Auto,PA,19103,7/1/2025,7/31/2025,0.7877,1720.55,340.17,211.18,1153.34,0,1,1,0,0,3,2,1,0.3333,0.7707,0.3136,0.920490353,1,,0.5,0.3333
120088,Horizon Risk Consultants,Commercial Auto,PA,19103,8/1/2025,8/31/2025,0.7772,2886.35,153.01,135.57,1134.93,3,1,2,0,0,3,2,1,0.3333,0.7604,0.3136,0.920490353,1,Withdrawn,0.5,0.3333
120088,Horizon Risk Consultants,Commercial Auto,PA,19103,9/1/2025,9/30/2025,0.7192,456.47,368.83,174.74,2156.78,1,1,2,0,0,3,2,1,0.3333,0.7774,0.3136,0.920490353,1,Withdrawn,0.5,0.3333
120089,Alliance Risk Solutions,Business Owners Policy,PA,15222,1/1/2026,1/31/2026,0.5359,176.34,346.3,72,205.81,1,0,0,0,0,3,2,1,0.3333,0.7372,0.2883,0.898359131,1,Declined,0.5,0.3333
120089,Alliance Risk Solutions,Business Owners Policy,PA,15222,10/1/2025,10/31/2025,0.5052,1321.07,63.93,551.56,821.48,0,0,2,0,0,3,2,1,0.3333,0.7539,0.2883,0.898359131,1,,0.5,0.3333
120089,Alliance Risk Solutions,Business Owners Policy,PA,15222,11/1/2025,11/30/2025,0.5292,2726.97,182.11,126.04,1614.72,1,0,1,1,0,5,3,2,0.4,0.7542,0.2883,0.898359131,2,,0.6667,0.4
120089,Alliance Risk Solutions,Business Owners Policy,PA,15222,12/1/2025,12/31/2025,0.5178,988.48,50.86,83.8,1919.85,1,0,2,0,0,5,2,1,0.2,0.7518,0.2883,0.898359131,3,,0.5,0.2
120089,Alliance Risk Solutions,Business Owners Policy,PA,15222,2/1/2026,2/28/2026,0.4969,2175.69,170.69,46.56,2516.04,1,1,0,0,0,3,2,1,0.3333,0.7423,0.2883,0.898359131,1,,0.5,0.3333
120089,Alliance Risk Solutions,Business Owners Policy,PA,15222,3/1/2026,3/31/2026,0.5203,3334.74,295,190.27,288.36,0,1,1,0,0,3,2,1,0.3333,0.7287,0.2883,0.898359131,1,Withdrawn,0.5,0.3333
120089,Alliance Risk Solutions,Business Owners Policy,PA,15222,4/1/2025,4/30/2025,0.4758,1038.64,172.89,196.08,655.12,0,1,1,0,0,6,5,3,0.5,0.7374,0.2883,0.898359131,1,Declined,0.6,0.5
120089,Alliance Risk Solutions,Business Owners Policy,PA,15222,5/1/2025,5/31/2025,0.4974,742.8,129.5,39.22,166.47,1,0,1,0,0,3,2,1,0.3333,0.7378,0.2883,0.898359131,1,,0.5,0.3333
120089,Alliance Risk Solutions,Business Owners Policy,PA,15222,6/1/2025,6/30/2025,0.5053,435.77,103.62,21.95,1415.18,1,1,1,0,0,3,2,1,0.3333,0.7341,0.2883,0.898359131,1,,0.5,0.3333
120089,Alliance Risk Solutions,Business Owners Policy,PA,15222,7/1/2025,7/31/2025,0.4309,843.45,19.21,195.41,505.7,2,0,0,1,0,3,2,1,0.3333,0.7447,0.2883,0.898359131,1,,0.5,0.3333
120089,Alliance Risk Solutions,Business Owners Policy,PA,15222,8/1/2025,8/31/2025,0.536,4092.45,115.5,53.22,883.21,0,0,0,0,0,4,3,2,0.5,0.7503,0.2883,0.898359131,1,,0.6667,0.5
120089,Alliance Risk Solutions,Business Owners Policy,PA,15222,9/1/2025,9/30/2025,0.4708,1375.22,211.45,29.74,1612.75,1,0,0,0,0,3,2,1,0.3333,0.7379,0.2883,0.898359131,1,Declined,0.5,0.3333
120090,Crossroads Insurance Co.,Workers Comp,PA,17101,1/1/2026,1/31/2026,0.5276,1980.74,437.45,717.89,3157.53,2,0,0,0,0,3,2,1,0.3333,0.8788,0.2986,0.966011184,1,,0.5,0.3333
120090,Crossroads Insurance Co.,Workers Comp,PA,17101,10/1/2025,10/31/2025,0.4844,1992.38,107.29,642.59,2059.12,0,1,1,0,0,3,2,1,0.3333,0.8623,0.2986,0.966011184,1,,0.5,0.3333
120090,Crossroads Insurance Co.,Workers Comp,PA,17101,11/1/2025,11/30/2025,0.4758,1948.74,1519.95,210.62,7212.51,0,1,2,1,0,3,2,1,0.3333,0.8807,0.2986,0.966011184,1,,0.5,0.3333
120090,Crossroads Insurance Co.,Workers Comp,PA,17101,12/1/2025,12/31/2025,0.4679,4206.66,1048.71,140.28,1148.86,0,0,2,0,0,3,2,1,0.3333,0.872,0.2986,0.966011184,1,Withdrawn,0.5,0.3333
120090,Crossroads Insurance Co.,Workers Comp,PA,17101,2/1/2026,2/28/2026,0.4677,5106.97,448.37,366.64,3089.4,0,2,2,0,0,4,2,1,0.25,0.8689,0.2986,0.966011184,2,Declined,0.5,0.25
120090,Crossroads Insurance Co.,Workers Comp,PA,17101,3/1/2026,3/31/2026,0.5092,2464.78,1131.97,354.79,1812.52,2,1,2,0,0,8,7,4,0.5,0.8666,0.2986,0.966011184,1,,0.5714,0.5
120090,Crossroads Insurance Co.,Workers Comp,PA,17101,4/1/2025,4/30/2025,0.5182,4264.38,121.39,144.42,1605.14,2,0,0,0,0,5,3,1,0.2,0.8738,0.2986,0.966011184,2,Withdrawn,0.3333,0.2
120090,Crossroads Insurance Co.,Workers Comp,PA,17101,5/1/2025,5/31/2025,0.5179,2504.1,340.28,267.21,5415.33,0,0,0,0,0,3,2,1,0.3333,0.8723,0.2986,0.966011184,1,Withdrawn,0.5,0.3333
120090,Crossroads Insurance Co.,Workers Comp,PA,17101,6/1/2025,6/30/2025,0.5009,1733.75,332.38,374.97,2964.55,2,0,0,0,0,3,2,1,0.3333,0.87,0.2986,0.966011184,1,,0.5,0.3333
120090,Crossroads Insurance Co.,Workers Comp,PA,17101,7/1/2025,7/31/2025,0.4669,4538.46,739.74,487.94,3306.03,1,0,0,0,0,3,2,1,0.3333,0.8712,0.2986,0.966011184,1,,0.5,0.3333
120090,Crossroads Insurance Co.,Workers Comp,PA,17101,8/1/2025,8/31/2025,0.4993,5199.21,1231.23,73.44,1713.62,1,0,1,0,0,4,3,2,0.5,0.8704,0.2986,0.966011184,1,Withdrawn,0.6667,0.5
120090,Crossroads Insurance Co.,Workers Comp,PA,17101,9/1/2025,9/30/2025,0.5305,4529.34,282.75,115.64,3984.9,0,2,0,1,0,3,2,1,0.3333,0.8811,0.2986,0.966011184,1,Declined,0.5,0.3333
120091,Crestview Risk Management,Commercial Auto,PA,18501,1/1/2026,1/31/2026,0.7826,7290.55,0,139.42,1826.78,1,1,1,0,0,3,2,1,0.3333,0.7863,0.3011,0.918366971,1,,0.5,0.3333
120091,Crestview Risk Management,Commercial Auto,PA,18501,10/1/2025,10/31/2025,0.7393,4164.54,0,65.5,558.96,0,0,1,0,0,4,3,2,0.5,0.7805,0.3011,0.918366971,1,Declined,0.6667,0.5
120091,Crestview Risk Management,Commercial Auto,PA,18501,11/1/2025,11/30/2025,0.7895,1197.71,0,299.06,975.57,2,0,1,0,0,3,2,1,0.3333,0.764,0.3011,0.918366971,1,Withdrawn,0.5,0.3333
120091,Crestview Risk Management,Commercial Auto,PA,18501,12/1/2025,12/31/2025,0.7386,473.74,0,175.45,1146.31,1,0,1,0,0,3,2,1,0.3333,0.7783,0.3011,0.918366971,1,,0.5,0.3333
120091,Crestview Risk Management,Commercial Auto,PA,18501,2/1/2026,2/28/2026,0.7755,113.99,0,298.55,1418.6,0,1,0,0,0,3,2,1,0.3333,0.7679,0.3011,0.918366971,1,,0.5,0.3333
120091,Crestview Risk Management,Commercial Auto,PA,18501,3/1/2026,3/31/2026,0.7509,2994.42,0,91.03,959.86,0,0,1,0,0,3,2,1,0.3333,0.7906,0.3011,0.918366971,1,,0.5,0.3333
120091,Crestview Risk Management,Commercial Auto,PA,18501,4/1/2025,4/30/2025,0.76,2713.21,0,29.4,820.35,1,0,0,0,0,3,2,1,0.3333,0.7762,0.3011,0.918366971,1,,0.5,0.3333
120091,Crestview Risk Management,Commercial Auto,PA,18501,5/1/2025,5/31/2025,0.7544,323.76,0,378.97,3347.42,1,0,1,0,0,4,3,1,0.25,0.7806,0.3011,0.918366971,1,Withdrawn,0.3333,0.25
120091,Crestview Risk Management,Commercial Auto,PA,18501,6/1/2025,6/30/2025,0.7769,609.17,0,477.6,602.34,0,1,0,0,0,3,2,1,0.3333,0.7762,0.3011,0.918366971,1,Declined,0.5,0.3333
120091,Crestview Risk Management,Commercial Auto,PA,18501,7/1/2025,7/31/2025,0.7743,748.85,0,211.44,534.34,1,1,1,1,0,4,3,2,0.5,0.7794,0.3011,0.918366971,1,,0.6667,0.5
120091,Crestview Risk Management,Commercial Auto,PA,18501,8/1/2025,8/31/2025,0.7509,2415.9,0,35.46,808.22,1,0,1,0,0,3,2,1,0.3333,0.7602,0.3011,0.918366971,1,,0.5,0.3333
120091,Crestview Risk Management,Commercial Auto,PA,18501,9/1/2025,9/30/2025,0.7638,936.63,0,126.84,2105.51,0,1,0,0,0,7,6,5,0.7143,0.7807,0.3011,0.918366971,1,,0.8333,0.7143
120092,Prestige Insurance Co.,Business Owners Policy,NY,10001,1/1/2026,1/31/2026,0.518,1751.38,362.82,392.93,6730.78,0,1,2,0,0,3,2,1,0.3333,0.7287,0.3282,1,1,,0.5,0.3333
120092,Prestige Insurance Co.,Business Owners Policy,NY,10001,10/1/2025,10/31/2025,0.4739,1651.29,1150.25,358.34,3102.72,0,1,2,0,0,8,6,5,0.625,0.7365,0.3282,1,2,Declined,0.8333,0.625
120092,Prestige Insurance Co.,Business Owners Policy,NY,10001,11/1/2025,11/30/2025,0.5216,7344.05,386.15,443.87,3734.05,2,1,1,0,0,7,6,2,0.2857,0.7603,0.3282,1,1,Declined,0.3333,0.2857
120092,Prestige Insurance Co.,Business Owners Policy,NY,10001,12/1/2025,12/31/2025,0.5243,4165.57,476.83,551.3,1883.98,1,1,2,0,0,3,2,1,0.3333,0.7257,0.3282,1,1,Withdrawn,0.5,0.3333
120092,Prestige Insurance Co.,Business Owners Policy,NY,10001,2/1/2026,2/28/2026,0.5105,4381.71,1262.72,250.09,8995.23,1,1,0,0,0,5,4,3,0.6,0.7448,0.3282,1,1,Declined,0.75,0.6
120092,Prestige Insurance Co.,Business Owners Policy,NY,10001,3/1/2026,3/31/2026,0.4778,6866.19,387.15,826.12,13242.62,2,0,1,0,0,10,8,7,0.7,0.7264,0.3282,1,2,,0.875,0.7
120092,Prestige Insurance Co.,Business Owners Policy,NY,10001,4/1/2025,4/30/2025,0.5105,7677.55,810.01,806.29,4593.49,1,1,2,0,0,7,4,3,0.4286,0.7744,0.3282,1,3,Declined,0.75,0.4286
120092,Prestige Insurance Co.,Business Owners Policy,NY,10001,5/1/2025,5/31/2025,0.4964,12075.65,365.58,570.81,5362.94,2,1,1,1,0,3,2,1,0.3333,0.741,0.3282,1,1,Declined,0.5,0.3333
120092,Prestige Insurance Co.,Business Owners Policy,NY,10001,6/1/2025,6/30/2025,0.4928,7432.06,329.63,535.36,5880.75,0,1,1,1,0,3,2,1,0.3333,0.7544,0.3282,1,1,,0.5,0.3333
120092,Prestige Insurance Co.,Business Owners Policy,NY,10001,7/1/2025,7/31/2025,0.5161,4496.71,714.04,452.96,5882.22,2,1,3,0,0,3,2,1,0.3333,0.745,0.3282,1,1,,0.5,0.3333
120092,Prestige Insurance Co.,Business Owners Policy,NY,10001,8/1/2025,8/31/2025,0.5225,6403.99,662.3,1338.79,1147.5,1,1,0,1,0,3,2,1,0.3333,0.7668,0.3282,1,1,Withdrawn,0.5,0.3333
120092,Prestige Insurance Co.,Business Owners Policy,NY,10001,9/1/2025,9/30/2025,0.5198,2250.55,1829.53,1042.47,5392.61,4,1,1,1,0,6,5,4,0.6667,0.7454,0.3282,1,1,Withdrawn,0.8,0.6667
120093,Benchmark Insurance Group,Workers Comp,NY,11201,1/1/2026,1/31/2026,0.4753,1894.11,192.78,86.16,979.48,1,1,3,0,0,6,5,4,0.6667,0.8826,0.3414,0.926090663,1,,0.8,0.6667
120093,Benchmark Insurance Group,Workers Comp,NY,11201,10/1/2025,10/31/2025,0.5237,1776.68,133.76,356.67,849.09,0,1,1,0,0,3,2,1,0.3333,0.8754,0.3414,0.926090663,1,Declined,0.5,0.3333
120093,Benchmark Insurance Group,Workers Comp,NY,11201,11/1/2025,11/30/2025,0.5167,1179.18,317.56,128.52,3135.37,1,0,2,0,0,3,2,1,0.3333,0.8638,0.3414,0.926090663,1,,0.5,0.3333
120093,Benchmark Insurance Group,Workers Comp,NY,11201,12/1/2025,12/31/2025,0.5329,1079.26,303.27,144.47,320.19,1,0,0,0,0,6,4,2,0.3333,0.8704,0.3414,0.926090663,2,Withdrawn,0.5,0.3333
120093,Benchmark Insurance Group,Workers Comp,NY,11201,2/1/2026,2/28/2026,0.4992,3510.27,317,74,1900.67,1,1,0,2,0,3,2,1,0.3333,0.8746,0.3414,0.926090663,1,Declined,0.5,0.3333
120093,Benchmark Insurance Group,Workers Comp,NY,11201,3/1/2026,3/31/2026,0.4768,670.44,512.29,109,5591.9,1,1,1,0,0,3,2,1,0.3333,0.8699,0.3414,0.926090663,1,,0.5,0.3333
120093,Benchmark Insurance Group,Workers Comp,NY,11201,4/1/2025,4/30/2025,0.5474,3603.53,476.59,182.76,5194.43,1,0,0,1,0,3,2,1,0.3333,0.8725,0.3414,0.926090663,1,,0.5,0.3333
120093,Benchmark Insurance Group,Workers Comp,NY,11201,5/1/2025,5/31/2025,0.5404,1079.72,1190.14,473.87,306.78,1,0,0,1,0,5,4,3,0.6,0.8628,0.3414,0.926090663,1,Declined,0.75,0.6
120093,Benchmark Insurance Group,Workers Comp,NY,11201,6/1/2025,6/30/2025,0.4695,1754.48,196.19,223.17,1473.18,1,0,1,0,0,3,2,1,0.3333,0.8697,0.3414,0.926090663,1,Withdrawn,0.5,0.3333
120093,Benchmark Insurance Group,Workers Comp,NY,11201,7/1/2025,7/31/2025,0.4502,1760.77,481.73,612.81,1098.2,0,0,0,0,0,3,2,1,0.3333,0.8809,0.3414,0.926090663,1,Withdrawn,0.5,0.3333
120093,Benchmark Insurance Group,Workers Comp,NY,11201,8/1/2025,8/31/2025,0.5789,937.06,840.73,123.78,2358.09,1,0,1,0,1,3,2,1,0.3333,0.8895,0.3414,0.926090663,1,,0.5,0.3333
120093,Benchmark Insurance Group,Workers Comp,NY,11201,9/1/2025,9/30/2025,0.558,6859.97,261.82,716,2483.24,2,0,2,1,0,3,2,1,0.3333,0.8724,0.3414,0.926090663,1,,0.5,0.3333
120094,Highmark Agency Group,Commercial Auto,NY,10301,1/1/2026,1/31/2026,0.7463,1197.65,138.26,33.77,1207.88,0,0,1,1,0,8,7,5,0.625,0.7712,0.3476,0.857363301,1,,0.7143,0.625
120094,Highmark Agency Group,Commercial Auto,NY,10301,10/1/2025,10/31/2025,0.7789,115.98,47.23,95.28,428.2,1,0,0,0,0,3,2,1,0.3333,0.7855,0.3476,0.857363301,1,Withdrawn,0.5,0.3333
120094,Highmark Agency Group,Commercial Auto,NY,10301,11/1/2025,11/30/2025,0.7632,220.35,43.41,135.83,1302.7,1,0,1,1,0,8,6,5,0.625,0.7788,0.3476,0.857363301,2,Declined,0.8333,0.625
120094,Highmark Agency Group,Commercial Auto,NY,10301,12/1/2025,12/31/2025,0.7792,1266.98,33.49,177.28,1052.47,1,1,1,0,0,3,2,1,0.3333,0.7746,0.3476,0.857363301,1,,0.5,0.3333
120094,Highmark Agency Group,Commercial Auto,NY,10301,2/1/2026,2/28/2026,0.7441,911.65,106.09,310.1,582.48,1,1,1,0,0,3,2,1,0.3333,0.7787,0.3476,0.857363301,1,,0.5,0.3333
120094,Highmark Agency Group,Commercial Auto,NY,10301,3/1/2026,3/31/2026,0.7692,816.21,48.43,106.81,1254.79,0,1,1,0,0,3,2,1,0.3333,0.7615,0.3476,0.857363301,1,Declined,0.5,0.3333
120094,Highmark Agency Group,Commercial Auto,NY,10301,4/1/2025,4/30/2025,0.7729,2009.77,81.98,36.57,649.24,1,0,1,0,0,3,2,1,0.3333,0.7736,0.3476,0.857363301,1,,0.5,0.3333
120094,Highmark Agency Group,Commercial Auto,NY,10301,5/1/2025,5/31/2025,0.7837,690.26,25.86,106.55,489.38,0,0,1,0,0,3,2,1,0.3333,0.7852,0.3476,0.857363301,1,Withdrawn,0.5,0.3333
120094,Highmark Agency Group,Commercial Auto,NY,10301,6/1/2025,6/30/2025,0.7466,233.02,146.26,167.94,692.53,2,0,0,0,0,3,2,1,0.3333,0.7797,0.3476,0.857363301,1,Withdrawn,0.5,0.3333
120094,Highmark Agency Group,Commercial Auto,NY,10301,7/1/2025,7/31/2025,0.7781,1994.71,123.53,44.29,1498.26,2,0,1,0,0,3,2,1,0.3333,0.7642,0.3476,0.857363301,1,,0.5,0.3333
120094,Highmark Agency Group,Commercial Auto,NY,10301,8/1/2025,8/31/2025,0.7455,1774.45,37.65,265.27,1081.45,0,0,0,1,0,3,2,1,0.3333,0.7809,0.3476,0.857363301,1,,0.5,0.3333
120094,Highmark Agency Group,Commercial Auto,NY,10301,9/1/2025,9/30/2025,0.757,1041.54,27.88,86.69,1139.65,0,1,1,0,0,3,2,1,0.3333,0.7787,0.3476,0.857363301,1,Declined,0.5,0.3333
120095,Alliance Risk Consultants,Business Owners Policy,NY,14201,1/1/2026,1/31/2026,0.5174,1264.49,804.83,264.99,2658.53,0,0,1,0,0,8,7,5,0.625,0.7769,0.3231,0.967814023,1,Withdrawn,0.7143,0.625
120095,Alliance Risk Consultants,Business Owners Policy,NY,14201,10/1/2025,10/31/2025,0.5145,5430.49,89.09,83.41,1615.46,1,1,2,0,0,7,6,5,0.7143,0.7639,0.3231,0.967814023,1,Declined,0.8333,0.7143
120095,Alliance Risk Consultants,Business Owners Policy,NY,14201,11/1/2025,11/30/2025,0.5263,3073.3,132.56,543.58,8415.95,1,1,0,1,0,6,5,4,0.6667,0.7727,0.3231,0.967814023,1,,0.8,0.6667
120095,Alliance Risk Consultants,Business Owners Policy,NY,14201,12/1/2025,12/31/2025,0.4422,8743.93,269.69,92.1,3114.2,2,0,3,0,0,4,3,2,0.5,0.7437,0.3231,0.967814023,1,,0.6667,0.5
120095,Alliance Risk Consultants,Business Owners Policy,NY,14201,2/1/2026,2/28/2026,0.4844,493.01,670.51,312.79,704.26,3,1,3,0,0,4,3,2,0.5,0.7488,0.3231,0.967814023,1,,0.6667,0.5
120095,Alliance Risk Consultants,Business Owners Policy,NY,14201,3/1/2026,3/31/2026,0.4673,7187.67,1682.68,1107.34,3123.42,0,2,1,1,0,3,2,1,0.3333,0.7578,0.3231,0.967814023,1,Declined,0.5,0.3333
120095,Alliance Risk Consultants,Business Owners Policy,NY,14201,4/1/2025,4/30/2025,0.5249,542.84,641.92,230.2,2668.25,4,0,1,1,0,7,6,5,0.7143,0.7309,0.3231,0.967814023,1,,0.8333,0.7143
120095,Alliance Risk Consultants,Business Owners Policy,NY,14201,5/1/2025,5/31/2025,0.5237,6663.74,1202.86,80.38,5115.23,0,1,2,0,0,4,3,1,0.25,0.74,0.3231,0.967814023,1,,0.3333,0.25
120095,Alliance Risk Consultants,Business Owners Policy,NY,14201,6/1/2025,6/30/2025,0.5076,3117.91,661.42,629.44,4818.15,2,1,0,0,0,7,6,2,0.2857,0.7681,0.3231,0.967814023,1,,0.3333,0.2857
120095,Alliance Risk Consultants,Business Owners Policy,NY,14201,7/1/2025,7/31/2025,0.5209,1874.96,344.22,79.69,1053.3,4,1,2,1,0,3,2,1,0.3333,0.747,0.3231,0.967814023,1,Withdrawn,0.5,0.3333
120095,Alliance Risk Consultants,Business Owners Policy,NY,14201,8/1/2025,8/31/2025,0.5049,2051.2,194.9,469.8,1984.73,0,1,3,1,0,8,5,4,0.5,0.7407,0.3231,0.967814023,3,,0.8,0.5
120095,Alliance Risk Consultants,Business Owners Policy,NY,14201,9/1/2025,9/30/2025,0.5541,835.19,285.6,720.45,4967.46,1,1,0,0,0,3,2,1,0.3333,0.7386,0.3231,0.967814023,1,Withdrawn,0.5,0.3333
120096,Bridgepoint & Associates,Workers Comp,NJ,7030,1/1/2026,1/31/2026,0.4276,1016.97,1236.49,207.49,1143.63,0,1,0,1,0,4,2,1,0.25,0.8552,0.3354,0.852754507,2,Declined,0.5,0.25
120096,Bridgepoint & Associates,Workers Comp,NJ,7030,10/1/2025,10/31/2025,0.4458,714.42,1288.23,38.98,1717.46,0,1,0,0,0,4,3,1,0.25,0.8752,0.3354,0.852754507,1,Withdrawn,0.3333,0.25
120096,Bridgepoint & Associates,Workers Comp,NJ,7030,11/1/2025,11/30/2025,0.5401,795.33,225.74,81.13,838.53,1,0,0,0,0,3,2,1,0.3333,0.8819,0.3354,0.852754507,1,,0.5,0.3333
120096,Bridgepoint & Associates,Workers Comp,NJ,7030,12/1/2025,12/31/2025,0.5556,1578.94,666.38,29.98,597.34,1,0,1,0,0,3,2,1,0.3333,0.8653,0.3354,0.852754507,1,,0.5,0.3333
120096,Bridgepoint & Associates,Workers Comp,NJ,7030,2/1/2026,2/28/2026,0.4456,721.27,547.06,92.82,1148.46,1,0,1,0,0,3,2,1,0.3333,0.8819,0.3354,0.852754507,1,,0.5,0.3333
120096,Bridgepoint & Associates,Workers Comp,NJ,7030,3/1/2026,3/31/2026,0.5558,763.49,766.01,61.02,1048.17,1,0,1,0,0,3,2,1,0.3333,0.8703,0.3354,0.852754507,1,,0.5,0.3333
120096,Bridgepoint & Associates,Workers Comp,NJ,7030,4/1/2025,4/30/2025,0.4782,15.54,453.98,230.85,1701.07,0,0,1,0,0,3,2,1,0.3333,0.8721,0.3354,0.852754507,1,,0.5,0.3333
120096,Bridgepoint & Associates,Workers Comp,NJ,7030,5/1/2025,5/31/2025,0.4361,1901.03,350.28,90.17,1000.63,1,1,1,0,0,3,2,1,0.3333,0.856,0.3354,0.852754507,1,,0.5,0.3333
120096,Bridgepoint & Associates,Workers Comp,NJ,7030,6/1/2025,6/30/2025,0.4432,931.9,333.28,154.89,437.4,1,0,0,0,0,3,2,1,0.3333,0.8748,0.3354,0.852754507,1,Withdrawn,0.5,0.3333
120096,Bridgepoint & Associates,Workers Comp,NJ,7030,7/1/2025,7/31/2025,0.4976,1729.92,876.59,174.56,134.31,1,0,0,0,0,7,3,2,0.2857,0.8699,0.3354,0.852754507,4,Declined,0.6667,0.2857
120096,Bridgepoint & Associates,Workers Comp,NJ,7030,8/1/2025,8/31/2025,0.4697,943.72,849.06,138.07,546.81,1,0,2,0,0,5,4,3,0.6,0.863,0.3354,0.852754507,1,Withdrawn,0.75,0.6
120096,Bridgepoint & Associates,Workers Comp,NJ,7030,9/1/2025,9/30/2025,0.516,554.31,151.33,92.44,587,0,1,1,1,0,3,2,1,0.3333,0.872,0.3354,0.852754507,1,Declined,0.5,0.3333
120097,Meridian Agency Group,Commercial Auto,NJ,7102,1/1/2026,1/31/2026,0.7265,4730.36,0,1048.29,2718.15,1,1,2,0,0,5,4,1,0.2,0.7742,0.3461,1,1,Withdrawn,0.25,0.2
120097,Meridian Agency Group,Commercial Auto,NJ,7102,10/1/2025,10/31/2025,0.7572,3706.39,0,900.24,5913.44,1,0,2,0,0,5,4,2,0.4,0.7715,0.3461,1,1,Withdrawn,0.5,0.4
120097,Meridian Agency Group,Commercial Auto,NJ,7102,11/1/2025,11/30/2025,0.7869,6268.45,0,868.03,4368.02,0,1,0,0,0,4,3,2,0.5,0.7698,0.3461,1,1,,0.6667,0.5
120097,Meridian Agency Group,Commercial Auto,NJ,7102,12/1/2025,12/31/2025,0.745,9957.3,0,573.09,4937.38,2,0,1,0,0,4,3,1,0.25,0.7781,0.3461,1,1,Withdrawn,0.3333,0.25
120097,Meridian Agency Group,Commercial Auto,NJ,7102,2/1/2026,2/28/2026,0.7345,6500.22,0,280.87,849.46,2,2,0,1,0,5,3,2,0.4,0.7754,0.3461,1,2,,0.6667,0.4
120097,Meridian Agency Group,Commercial Auto,NJ,7102,3/1/2026,3/31/2026,0.7562,2264.53,0,251,12714.66,0,1,0,1,0,3,2,1,0.3333,0.7777,0.3461,1,1,,0.5,0.3333
120097,Meridian Agency Group,Commercial Auto,NJ,7102,4/1/2025,4/30/2025,0.743,731.75,0,1122.63,6746.5,1,1,0,0,0,3,2,1,0.3333,0.7709,0.3461,1,1,Declined,0.5,0.3333
120097,Meridian Agency Group,Commercial Auto,NJ,7102,5/1/2025,5/31/2025,0.7668,4037.11,0,1095.77,11372.45,1,1,4,0,0,3,2,1,0.3333,0.7705,0.3461,1,1,Withdrawn,0.5,0.3333
120097,Meridian Agency Group,Commercial Auto,NJ,7102,6/1/2025,6/30/2025,0.7456,12580.02,0,790.22,4484.07,2,0,2,0,0,3,2,1,0.3333,0.7796,0.3461,1,1,,0.5,0.3333
120097,Meridian Agency Group,Commercial Auto,NJ,7102,7/1/2025,7/31/2025,0.7563,7546.34,0,237.38,1020.76,1,0,1,1,0,3,2,1,0.3333,0.7787,0.3461,1,1,Withdrawn,0.5,0.3333
120097,Meridian Agency Group,Commercial Auto,NJ,7102,8/1/2025,8/31/2025,0.7474,4497.3,0,730.83,375.24,2,1,1,0,0,5,3,2,0.4,0.7812,0.3461,1,2,,0.6667,0.4
120097,Meridian Agency Group,Commercial Auto,NJ,7102,9/1/2025,9/30/2025,0.7706,4513.6,0,618.6,10448.76,1,2,1,0,0,3,2,1,0.3333,0.7748,0.3461,1,1,Withdrawn,0.5,0.3333
120098,Cornerstone Insurance Agency,Business Owners Policy,NJ,8401,1/1/2026,1/31/2026,0.487,1455.6,139.88,383.77,2589.61,2,0,1,0,0,3,2,1,0.3333,0.7219,0.3465,0.961965071,1,,0.5,0.3333
120098,Cornerstone Insurance Agency,Business Owners Policy,NJ,8401,10/1/2025,10/31/2025,0.4877,5099.53,195.4,374.57,2015.54,0,0,1,0,0,4,3,1,0.25,0.7206,0.3465,0.961965071,1,,0.3333,0.25
120098,Cornerstone Insurance Agency,Business Owners Policy,NJ,8401,11/1/2025,11/30/2025,0.5133,2002.61,489.99,928.97,2494.08,0,1,1,0,0,6,3,1,0.1667,0.7537,0.3465,0.961965071,3,,0.3333,0.1667
120098,Cornerstone Insurance Agency,Business Owners Policy,NJ,8401,12/1/2025,12/31/2025,0.4562,2128.55,49.82,237.23,2018.83,1,2,1,0,0,4,3,2,0.5,0.7482,0.3465,0.961965071,1,Declined,0.6667,0.5
120098,Cornerstone Insurance Agency,Business Owners Policy,NJ,8401,2/1/2026,2/28/2026,0.4913,3620.82,39.16,721.33,2606.27,1,1,0,1,0,4,3,2,0.5,0.7446,0.3465,0.961965071,1,,0.6667,0.5
120098,Cornerstone Insurance Agency,Business Owners Policy,NJ,8401,3/1/2026,3/31/2026,0.4804,1879.05,239.58,243.35,2164.39,0,0,1,1,0,3,2,1,0.3333,0.7497,0.3465,0.961965071,1,Withdrawn,0.5,0.3333
120098,Cornerstone Insurance Agency,Business Owners Policy,NJ,8401,4/1/2025,4/30/2025,0.4958,2731.64,350.47,55.1,2246.26,1,1,1,0,0,3,2,1,0.3333,0.7281,0.3465,0.961965071,1,Withdrawn,0.5,0.3333
120098,Cornerstone Insurance Agency,Business Owners Policy,NJ,8401,5/1/2025,5/31/2025,0.4693,1979.79,35.94,102.43,1352.44,2,1,1,0,0,3,2,1,0.3333,0.7624,0.3465,0.961965071,1,Withdrawn,0.5,0.3333
120098,Cornerstone Insurance Agency,Business Owners Policy,NJ,8401,6/1/2025,6/30/2025,0.4733,3541.58,168.7,459.51,1971.69,2,0,1,0,0,4,2,1,0.25,0.7584,0.3465,0.961965071,2,,0.5,0.25
120098,Cornerstone Insurance Agency,Business Owners Policy,NJ,8401,7/1/2025,7/31/2025,0.4989,2977.54,61.35,346.29,7871.27,0,1,0,1,0,4,3,2,0.5,0.7275,0.3465,0.961965071,1,Declined,0.6667,0.5
120098,Cornerstone Insurance Agency,Business Owners Policy,NJ,8401,8/1/2025,8/31/2025,0.5243,6401.41,196.32,467.79,7435.3,2,0,1,0,0,3,2,1,0.3333,0.7523,0.3465,0.961965071,1,,0.5,0.3333
120098,Cornerstone Insurance Agency,Business Owners Policy,NJ,8401,9/1/2025,9/30/2025,0.5214,4892.54,240.74,579.41,3944.98,0,1,2,0,0,3,2,1,0.3333,0.7689,0.3465,0.961965071,1,,0.5,0.3333
120099,Pinnacle Brokerage,Workers Comp,NJ,7601,1/1/2026,1/31/2026,0.4514,1657.08,2708.02,168.14,587.87,0,1,1,0,0,10,3,2,0.2,0.8622,0.3496,0.907880009,7,Declined,0.6667,0.2
120099,Pinnacle Brokerage,Workers Comp,NJ,7601,10/1/2025,10/31/2025,0.4492,3299.42,1864.73,489.85,2015.31,0,0,2,0,0,3,2,1,0.3333,0.8815,0.3496,0.907880009,1,Withdrawn,0.5,0.3333
120099,Pinnacle Brokerage,Workers Comp,NJ,7601,11/1/2025,11/30/2025,0.4502,1308.2,4044.27,289.04,3254.21,0,0,1,0,0,3,2,1,0.3333,0.862,0.3496,0.907880009,1,Declined,0.5,0.3333
120099,Pinnacle Brokerage,Workers Comp,NJ,7601,12/1/2025,12/31/2025,0.4669,1666.16,3178.37,68.02,1006.84,1,0,0,0,0,3,2,1,0.3333,0.8687,0.3496,0.907880009,1,,0.5,0.3333
120099,Pinnacle Brokerage,Workers Comp,NJ,7601,2/1/2026,2/28/2026,0.4723,1335.84,4023.56,263.69,1307.17,2,1,0,1,0,4,3,2,0.5,0.8751,0.3496,0.907880009,1,,0.6667,0.5
120099,Pinnacle Brokerage,Workers Comp,NJ,7601,3/1/2026,3/31/2026,0.4372,525.03,8721.27,73.39,1961.66,1,1,0,0,0,3,2,1,0.3333,0.8783,0.3496,0.907880009,1,,0.5,0.3333
120099,Pinnacle Brokerage,Workers Comp,NJ,7601,4/1/2025,4/30/2025,0.5236,667.04,6705.02,68.33,2455,1,0,2,0,0,3,2,1,0.3333,0.8833,0.3496,0.907880009,1,Withdrawn,0.5,0.3333
120099,Pinnacle Brokerage,Workers Comp,NJ,7601,5/1/2025,5/31/2025,0.4504,975.66,4648.45,141.3,1692.6,1,0,1,0,0,3,2,1,0.3333,0.8824,0.3496,0.907880009,1,,0.5,0.3333
120099,Pinnacle Brokerage,Workers Comp,NJ,7601,6/1/2025,6/30/2025,0.5515,6346.65,2027.76,331.17,1747.42,1,0,1,1,0,3,2,1,0.3333,0.8789,0.3496,0.907880009,1,Withdrawn,0.5,0.3333
120099,Pinnacle Brokerage,Workers Comp,NJ,7601,7/1/2025,7/31/2025,0.4811,416.8,7217.56,612.43,198.81,0,0,1,0,0,3,2,1,0.3333,0.8642,0.3496,0.907880009,1,Withdrawn,0.5,0.3333
120099,Pinnacle Brokerage,Workers Comp,NJ,7601,8/1/2025,8/31/2025,0.4958,558.92,10897.25,160.95,872.33,1,0,0,1,0,4,2,1,0.25,0.883,0.3496,0.907880009,2,,0.5,0.25
120099,Pinnacle Brokerage,Workers Comp,NJ,7601,9/1/2025,9/30/2025,0.424,2616.76,3653.05,99.47,3408.31,1,1,0,0,0,3,2,1,0.3333,0.8784,0.3496,0.907880009,1,,0.5,0.3333
120100,Benchmark Insurance Group,Commercial Auto,PA,19103,1/1/2026,1/31/2026,0.7555,2052.72,76.51,219.64,589.13,2,0,0,0,0,8,7,6,0.75,0.7629,0.3134,0.9318885,1,,0.8571,0.75
120100,Benchmark Insurance Group,Commercial Auto,PA,19103,10/1/2025,10/31/2025,0.7593,5136.69,189.87,119.3,3970.63,0,0,2,1,0,4,3,2,0.5,0.7715,0.3134,0.9318885,1,Declined,0.6667,0.5
120100,Benchmark Insurance Group,Commercial Auto,PA,19103,11/1/2025,11/30/2025,0.7861,117.26,8.62,251.5,2359.03,1,1,1,0,0,3,2,1,0.3333,0.7823,0.3134,0.9318885,1,,0.5,0.3333
120100,Benchmark Insurance Group,Commercial Auto,PA,19103,12/1/2025,12/31/2025,0.7655,1969.47,32.56,99.06,1569.04,1,2,3,0,0,3,2,1,0.3333,0.7657,0.3134,0.9318885,1,,0.5,0.3333
120100,Benchmark Insurance Group,Commercial Auto,PA,19103,2/1/2026,2/28/2026,0.7476,2999.24,46.59,269.64,1249.22,1,0,2,0,0,5,3,1,0.2,0.7701,0.3134,0.9318885,2,,0.3333,0.2
120100,Benchmark Insurance Group,Commercial Auto,PA,19103,3/1/2026,3/31/2026,0.7645,4344.76,22.83,222.53,1767.3,2,1,0,1,0,4,3,2,0.5,0.7573,0.3134,0.9318885,1,Declined,0.6667,0.5
120100,Benchmark Insurance Group,Commercial Auto,PA,19103,4/1/2025,4/30/2025,0.7679,1198.96,32.96,647.92,562.39,1,1,1,0,0,3,2,1,0.3333,0.7732,0.3134,0.9318885,1,,0.5,0.3333
120100,Benchmark Insurance Group,Commercial Auto,PA,19103,5/1/2025,5/31/2025,0.7455,3887.5,28.41,53.17,668.93,1,0,2,0,0,3,2,1,0.3333,0.7794,0.3134,0.9318885,1,Declined,0.5,0.3333
120100,Benchmark Insurance Group,Commercial Auto,PA,19103,6/1/2025,6/30/2025,0.7717,2227.17,38.28,215.63,2637.97,1,1,1,1,0,6,4,2,0.3333,0.7877,0.3134,0.9318885,2,,0.5,0.3333
120100,Benchmark Insurance Group,Commercial Auto,PA,19103,7/1/2025,7/31/2025,0.7629,570.13,172.84,558.97,2113.28,1,1,0,0,0,3,2,1,0.3333,0.782,0.3134,0.9318885,1,,0.5,0.3333
120100,Benchmark Insurance Group,Commercial Auto,PA,19103,8/1/2025,8/31/2025,0.755,2227.59,66.76,216.54,1603.5,0,1,1,0,0,4,3,1,0.25,0.7751,0.3134,0.9318885,1,Withdrawn,0.3333,0.25
120100,Benchmark Insurance Group,Commercial Auto,PA,19103,9/1/2025,9/30/2025,0.7524,1090.22,23.71,67.04,5300.91,2,0,0,1,0,3,2,1,0.3333,0.768,0.3134,0.9318885,1,Withdrawn,0.5,0.3333
120101,Vantage Insurance Services,Business Owners Policy,PA,15222,1/1/2026,1/31/2026,0.4921,2750.82,72.27,60.86,2615.93,2,0,0,1,0,3,2,1,0.3333,0.7309,0.3316,0.913408802,1,,0.5,0.3333
120101,Vantage Insurance Services,Business Owners Policy,PA,15222,10/1/2025,10/31/2025,0.5255,2537.75,60.39,285.93,409.01,1,1,2,0,0,4,3,1,0.25,0.7585,0.3316,0.913408802,1,,0.3333,0.25
120101,Vantage Insurance Services,Business Owners Policy,PA,15222,11/1/2025,11/30/2025,0.4991,350.59,34.34,170.27,1445.25,1,0,0,0,0,3,2,1,0.3333,0.7415,0.3316,0.913408802,1,,0.5,0.3333
120101,Vantage Insurance Services,Business Owners Policy,PA,15222,12/1/2025,12/31/2025,0.4909,2319.18,109.41,167.76,1955.54,1,0,0,0,0,3,2,1,0.3333,0.7473,0.3316,0.913408802,1,Withdrawn,0.5,0.3333
120101,Vantage Insurance Services,Business Owners Policy,PA,15222,2/1/2026,2/28/2026,0.4714,4003.3,15.61,85.35,3173.52,0,1,1,0,0,8,5,4,0.5,0.7562,0.3316,0.913408802,3,Withdrawn,0.8,0.5
120101,Vantage Insurance Services,Business Owners Policy,PA,15222,3/1/2026,3/31/2026,0.4636,1686.8,38.48,183.55,1754.99,1,1,1,0,0,3,2,1,0.3333,0.7384,0.3316,0.913408802,1,Withdrawn,0.5,0.3333
120101,Vantage Insurance Services,Business Owners Policy,PA,15222,4/1/2025,4/30/2025,0.506,894.5,39.56,66.69,1756.07,1,1,1,0,0,3,2,1,0.3333,0.7792,0.3316,0.913408802,1,,0.5,0.3333
120101,Vantage Insurance Services,Business Owners Policy,PA,15222,5/1/2025,5/31/2025,0.5183,959.9,28.33,57.77,4370.19,0,0,1,0,0,4,2,1,0.25,0.7626,0.3316,0.913408802,2,,0.5,0.25
120101,Vantage Insurance Services,Business Owners Policy,PA,15222,6/1/2025,6/30/2025,0.4697,771.7,28.93,638.23,2040.8,1,0,2,0,0,4,3,2,0.5,0.7499,0.3316,0.913408802,1,Withdrawn,0.6667,0.5
120101,Vantage Insurance Services,Business Owners Policy,PA,15222,7/1/2025,7/31/2025,0.5403,1029.75,127.57,554.56,720.34,1,1,0,0,0,3,2,1,0.3333,0.7474,0.3316,0.913408802,1,,0.5,0.3333
120101,Vantage Insurance Services,Business Owners Policy,PA,15222,8/1/2025,8/31/2025,0.4902,2226.47,55.64,230.97,1492.4,0,0,2,1,0,5,4,3,0.6,0.7626,0.3316,0.913408802,1,,0.75,0.6
120101,Vantage Insurance Services,Business Owners Policy,PA,15222,9/1/2025,9/30/2025,0.502,3180.76,14.79,115.29,436.24,1,1,0,0,0,3,2,1,0.3333,0.7784,0.3316,0.913408802,1,Withdrawn,0.5,0.3333
120102,Meridian Risk Solutions,Workers Comp,PA,17101,1/1/2026,1/31/2026,0.5097,1967.86,0,201.88,916.87,1,0,0,0,0,3,2,1,0.3333,0.8738,0.3194,0.894649525,1,Withdrawn,0.5,0.3333
120102,Meridian Risk Solutions,Workers Comp,PA,17101,10/1/2025,10/31/2025,0.4603,595.35,0,326.89,1037.45,1,0,1,0,0,3,2,1,0.3333,0.8633,0.3194,0.894649525,1,,0.5,0.3333
120102,Meridian Risk Solutions,Workers Comp,PA,17101,11/1/2025,11/30/2025,0.5359,1571.02,0,30.25,1280.14,0,0,1,0,0,3,2,1,0.3333,0.8737,0.3194,0.894649525,1,Declined,0.5,0.3333
120102,Meridian Risk Solutions,Workers Comp,PA,17101,12/1/2025,12/31/2025,0.4792,4520.17,0,211.65,1660.84,0,1,0,0,0,3,2,1,0.3333,0.8627,0.3194,0.894649525,1,,0.5,0.3333
120102,Meridian Risk Solutions,Workers Comp,PA,17101,2/1/2026,2/28/2026,0.4814,1472.61,0,498.71,582.23,0,0,0,1,0,3,2,1,0.3333,0.8756,0.3194,0.894649525,1,,0.5,0.3333
120102,Meridian Risk Solutions,Workers Comp,PA,17101,3/1/2026,3/31/2026,0.4635,1378.23,0,80.94,2915.61,0,0,1,1,0,3,2,1,0.3333,0.8904,0.3194,0.894649525,1,Withdrawn,0.5,0.3333
120102,Meridian Risk Solutions,Workers Comp,PA,17101,4/1/2025,4/30/2025,0.5018,1064.5,0,62.78,668.09,1,0,0,0,0,7,6,5,0.7143,0.8804,0.3194,0.894649525,1,,0.8333,0.7143
120102,Meridian Risk Solutions,Workers Comp,PA,17101,5/1/2025,5/31/2025,0.4627,1881.68,0,32.64,1463.23,0,0,0,0,0,3,2,1,0.3333,0.878,0.3194,0.894649525,1,Withdrawn,0.5,0.3333
120102,Meridian Risk Solutions,Workers Comp,PA,17101,6/1/2025,6/30/2025,0.5466,934.74,0,110.95,2572.29,0,0,1,1,0,4,3,2,0.5,0.8762,0.3194,0.894649525,1,,0.6667,0.5
120102,Meridian Risk Solutions,Workers Comp,PA,17101,7/1/2025,7/31/2025,0.4653,714.17,0,50.56,700.72,0,0,0,0,0,6,3,2,0.3333,0.8673,0.3194,0.894649525,3,,0.6667,0.3333
120102,Meridian Risk Solutions,Workers Comp,PA,17101,8/1/2025,8/31/2025,0.4563,1025.29,0,389.47,3992.98,0,0,0,0,0,3,2,1,0.3333,0.8868,0.3194,0.894649525,1,,0.5,0.3333
120102,Meridian Risk Solutions,Workers Comp,PA,17101,9/1/2025,9/30/2025,0.4211,1357.46,0,35.6,692.63,1,0,0,0,0,3,2,1,0.3333,0.883,0.3194,0.894649525,1,,0.5,0.3333
120103,Benchmark Insurance Co.,Commercial Auto,PA,18501,1/1/2026,1/31/2026,0.7615,3994.1,164.78,216.79,2580.93,0,0,0,1,0,4,2,1,0.25,0.764,0.3229,0.925635904,2,,0.5,0.25
120103,Benchmark Insurance Co.,Commercial Auto,PA,18501,10/1/2025,10/31/2025,0.7485,415.17,48.69,127.14,1535.65,0,1,1,0,0,3,2,1,0.3333,0.7831,0.3229,0.925635904,1,Withdrawn,0.5,0.3333
120103,Benchmark Insurance Co.,Commercial Auto,PA,18501,11/1/2025,11/30/2025,0.7393,3306.45,129.53,113.73,1098.65,0,1,0,0,0,3,2,1,0.3333,0.779,0.3229,0.925635904,1,,0.5,0.3333
120103,Benchmark Insurance Co.,Commercial Auto,PA,18501,12/1/2025,12/31/2025,0.7552,3916.6,222.18,200.38,179.39,3,1,1,0,0,3,2,1,0.3333,0.7669,0.3229,0.925635904,1,Withdrawn,0.5,0.3333
120103,Benchmark Insurance Co.,Commercial Auto,PA,18501,2/1/2026,2/28/2026,0.7342,584.08,166.28,467.48,1271.02,1,1,2,0,0,3,2,1,0.3333,0.7691,0.3229,0.925635904,1,,0.5,0.3333
120103,Benchmark Insurance Co.,Commercial Auto,PA,18501,3/1/2026,3/31/2026,0.7771,2662.33,74.94,566.29,1052.84,2,1,1,0,0,3,2,1,0.3333,0.784,0.3229,0.925635904,1,,0.5,0.3333
120103,Benchmark Insurance Co.,Commercial Auto,PA,18501,4/1/2025,4/30/2025,0.7694,5391.52,354.48,269.82,2185.3,0,1,1,0,0,3,2,1,0.3333,0.7624,0.3229,0.925635904,1,Withdrawn,0.5,0.3333
120103,Benchmark Insurance Co.,Commercial Auto,PA,18501,5/1/2025,5/31/2025,0.7718,786.45,249.29,396.94,8758.49,1,0,1,0,0,7,4,3,0.4286,0.7762,0.3229,0.925635904,3,,0.75,0.4286
120103,Benchmark Insurance Co.,Commercial Auto,PA,18501,6/1/2025,6/30/2025,0.7355,2000.96,66.48,122.28,2271.45,1,0,1,0,0,3,2,1,0.3333,0.7744,0.3229,0.925635904,1,Withdrawn,0.5,0.3333
120103,Benchmark Insurance Co.,Commercial Auto,PA,18501,7/1/2025,7/31/2025,0.7753,930.85,737.91,79.36,304.02,1,0,1,0,0,4,3,2,0.5,0.7746,0.3229,0.925635904,1,,0.6667,0.5
120103,Benchmark Insurance Co.,Commercial Auto,PA,18501,8/1/2025,8/31/2025,0.7641,1461.01,147.22,209.91,1661.54,0,0,1,0,0,3,2,1,0.3333,0.7936,0.3229,0.925635904,1,Declined,0.5,0.3333
120103,Benchmark Insurance Co.,Commercial Auto,PA,18501,9/1/2025,9/30/2025,0.787,525.9,164.58,121.06,1509.65,2,0,1,1,1,3,2,1,0.3333,0.7773,0.3229,0.925635904,1,Withdrawn,0.5,0.3333
120104,Landmark & Associates,Business Owners Policy,NY,10001,1/1/2026,1/31/2026,0.4742,2364.98,74.64,369.91,827.03,3,0,2,1,0,5,4,3,0.6,0.7607,0.3332,0.894892176,1,,0.75,0.6
120104,Landmark & Associates,Business Owners Policy,NY,10001,10/1/2025,10/31/2025,0.536,2161.78,107.26,68.91,1329.45,1,1,0,0,0,3,2,1,0.3333,0.7558,0.3332,0.894892176,1,,0.5,0.3333
120104,Landmark & Associates,Business Owners Policy,NY,10001,11/1/2025,11/30/2025,0.4238,1980.47,247.07,117.62,1983.56,1,0,1,1,0,3,2,1,0.3333,0.7384,0.3332,0.894892176,1,,0.5,0.3333
120104,Landmark & Associates,Business Owners Policy,NY,10001,12/1/2025,12/31/2025,0.4678,1151.93,202.42,160.71,2695.7,1,1,1,0,0,3,2,1,0.3333,0.7675,0.3332,0.894892176,1,,0.5,0.3333
120104,Landmark & Associates,Business Owners Policy,NY,10001,2/1/2026,2/28/2026,0.4879,385.77,293.93,196.41,1186.97,0,0,0,0,0,5,3,2,0.4,0.7266,0.3332,0.894892176,2,Declined,0.6667,0.4
120104,Landmark & Associates,Business Owners Policy,NY,10001,3/1/2026,3/31/2026,0.4246,2363.08,236.41,63.04,1251.3,0,1,0,0,0,3,2,1,0.3333,0.7619,0.3332,0.894892176,1,,0.5,0.3333
120104,Landmark & Associates,Business Owners Policy,NY,10001,4/1/2025,4/30/2025,0.4567,969.7,291.69,83.72,491.99,1,0,1,1,0,3,2,1,0.3333,0.7342,0.3332,0.894892176,1,Withdrawn,0.5,0.3333
120104,Landmark & Associates,Business Owners Policy,NY,10001,5/1/2025,5/31/2025,0.4883,1623.52,630.45,200.06,969.56,1,0,0,0,0,3,2,1,0.3333,0.7447,0.3332,0.894892176,1,Withdrawn,0.5,0.3333
120104,Landmark & Associates,Business Owners Policy,NY,10001,6/1/2025,6/30/2025,0.5307,2132.88,101,445.19,1881.56,0,0,2,1,0,3,2,1,0.3333,0.7379,0.3332,0.894892176,1,Declined,0.5,0.3333
120104,Landmark & Associates,Business Owners Policy,NY,10001,7/1/2025,7/31/2025,0.4584,934.73,254.73,178.43,2241.17,0,1,1,0,0,4,3,2,0.5,0.7489,0.3332,0.894892176,1,Withdrawn,0.6667,0.5
120104,Landmark & Associates,Business Owners Policy,NY,10001,8/1/2025,8/31/2025,0.5501,1286.91,310.29,46.78,515.83,1,2,2,0,0,6,3,2,0.3333,0.7272,0.3332,0.894892176,3,Withdrawn,0.6667,0.3333
120104,Landmark & Associates,Business Owners Policy,NY,10001,9/1/2025,9/30/2025,0.4578,1176.65,365.14,244.48,3158.28,1,0,0,0,0,3,2,1,0.3333,0.7296,0.3332,0.894892176,1,,0.5,0.3333
120105,Gateway Insurance Partners,Workers Comp,NY,11201,1/1/2026,1/31/2026,0.4899,4713.96,1100.49,173.12,5269.1,0,0,2,0,1,5,3,2,0.4,0.8765,0.3714,0.940986514,2,Withdrawn,0.6667,0.4
120105,Gateway Insurance Partners,Workers Comp,NY,11201,10/1/2025,10/31/2025,0.5109,204.88,2552.65,675.81,851.88,0,0,1,0,0,3,2,1,0.3333,0.8698,0.3714,0.940986514,1,,0.5,0.3333
120105,Gateway Insurance Partners,Workers Comp,NY,11201,11/1/2025,11/30/2025,0.4573,754.16,2312.45,312.2,2142.09,2,1,2,0,0,5,4,3,0.6,0.8688,0.3714,0.940986514,1,Declined,0.75,0.6
120105,Gateway Insurance Partners,Workers Comp,NY,11201,12/1/2025,12/31/2025,0.568,6422.41,339.68,141.67,3895.27,0,1,0,0,0,3,2,1,0.3333,0.8867,0.3714,0.940986514,1,Withdrawn,0.5,0.3333
120105,Gateway Insurance Partners,Workers Comp,NY,11201,2/1/2026,2/28/2026,0.5296,2873.11,1776,340.26,2167.69,0,0,0,0,0,4,3,2,0.5,0.8788,0.3714,0.940986514,1,Withdrawn,0.6667,0.5
120105,Gateway Insurance Partners,Workers Comp,NY,11201,3/1/2026,3/31/2026,0.4892,641.22,1935.03,262.08,2213.76,1,0,0,0,0,3,2,1,0.3333,0.8908,0.3714,0.940986514,1,Withdrawn,0.5,0.3333
120105,Gateway Insurance Partners,Workers Comp,NY,11201,4/1/2025,4/30/2025,0.5545,1725.59,574.48,1180.42,2418.04,0,1,0,0,0,3,2,1,0.3333,0.8776,0.3714,0.940986514,1,,0.5,0.3333
120105,Gateway Insurance Partners,Workers Comp,NY,11201,5/1/2025,5/31/2025,0.5412,2132.3,1175.51,256.9,1024.98,1,0,1,0,0,3,2,1,0.3333,0.8885,0.3714,0.940986514,1,,0.5,0.3333
120105,Gateway Insurance Partners,Workers Comp,NY,11201,6/1/2025,6/30/2025,0.5067,4309.68,5221.62,254.25,3463.15,2,1,1,1,0,3,2,1,0.3333,0.8772,0.3714,0.940986514,1,Withdrawn,0.5,0.3333
120105,Gateway Insurance Partners,Workers Comp,NY,11201,7/1/2025,7/31/2025,0.4781,1947.4,1346.9,442.85,2307.35,1,1,1,1,0,6,5,4,0.6667,0.8784,0.3714,0.940986514,1,,0.8,0.6667
120105,Gateway Insurance Partners,Workers Comp,NY,11201,8/1/2025,8/31/2025,0.5721,3499.07,2219.71,267.38,2875.39,0,0,0,0,0,3,2,1,0.3333,0.8849,0.3714,0.940986514,1,,0.5,0.3333
120105,Gateway Insurance Partners,Workers Comp,NY,11201,9/1/2025,9/30/2025,0.4731,1521.32,1132.41,256.8,2116.4,2,0,1,1,0,3,2,1,0.3333,0.8796,0.3714,0.940986514,1,,0.5,0.3333
120106,Tri-State Insurance Co.,Commercial Auto,NY,10301,1/1/2026,1/31/2026,0.7623,3823.55,0,192.26,2190.99,0,2,1,0,0,4,3,1,0.25,0.7812,0.3236,0.959591099,1,,0.3333,0.25
120106,Tri-State Insurance Co.,Commercial Auto,NY,10301,10/1/2025,10/31/2025,0.7425,2648.53,0,473,1153.7,1,0,2,0,0,3,2,1,0.3333,0.7773,0.3236,0.959591099,1,,0.5,0.3333
120106,Tri-State Insurance Co.,Commercial Auto,NY,10301,11/1/2025,11/30/2025,0.7499,3862.44,0,68.61,3071.23,1,1,1,0,0,3,2,1,0.3333,0.762,0.3236,0.959591099,1,,0.5,0.3333
120106,Tri-State Insurance Co.,Commercial Auto,NY,10301,12/1/2025,12/31/2025,0.7482,6596.43,0,577.56,6712.57,0,1,0,0,0,4,3,1,0.25,0.7669,0.3236,0.959591099,1,Withdrawn,0.3333,0.25
120106,Tri-State Insurance Co.,Commercial Auto,NY,10301,2/1/2026,2/28/2026,0.7802,2251.24,0,53.82,2052.64,0,1,0,0,0,8,6,3,0.375,0.7673,0.3236,0.959591099,2,,0.5,0.375
120106,Tri-State Insurance Co.,Commercial Auto,NY,10301,3/1/2026,3/31/2026,0.7619,3312.55,0,57.31,2610.56,1,0,1,0,0,6,2,1,0.1667,0.7724,0.3236,0.959591099,4,,0.5,0.1667
120106,Tri-State Insurance Co.,Commercial Auto,NY,10301,4/1/2025,4/30/2025,0.7551,1376.65,0,443.86,4710.17,0,0,1,0,0,3,2,1,0.3333,0.7826,0.3236,0.959591099,1,Withdrawn,0.5,0.3333
120106,Tri-State Insurance Co.,Commercial Auto,NY,10301,5/1/2025,5/31/2025,0.7489,5684.04,0,418.67,8531.76,1,0,0,0,0,3,2,1,0.3333,0.779,0.3236,0.959591099,1,,0.5,0.3333
120106,Tri-State Insurance Co.,Commercial Auto,NY,10301,6/1/2025,6/30/2025,0.7671,1111.29,0,419.16,640.08,0,1,0,0,0,3,2,1,0.3333,0.7692,0.3236,0.959591099,1,,0.5,0.3333
120106,Tri-State Insurance Co.,Commercial Auto,NY,10301,7/1/2025,7/31/2025,0.7516,122.85,0,648.49,3817.29,0,0,1,0,0,3,2,1,0.3333,0.7751,0.3236,0.959591099,1,Withdrawn,0.5,0.3333
120106,Tri-State Insurance Co.,Commercial Auto,NY,10301,8/1/2025,8/31/2025,0.7348,3992.94,0,534.28,1515.79,3,0,0,0,0,3,2,1,0.3333,0.7741,0.3236,0.959591099,1,,0.5,0.3333
120106,Tri-State Insurance Co.,Commercial Auto,NY,10301,9/1/2025,9/30/2025,0.7384,2931.98,0,339.6,245.39,0,0,0,0,0,3,2,1,0.3333,0.7774,0.3236,0.959591099,1,,0.5,0.3333
120107,Premier Risk Management,Business Owners Policy,NY,14201,1/1/2026,1/31/2026,0.4789,370.19,1194.17,94.09,1935.29,2,0,0,0,0,4,3,1,0.25,0.7173,0.3386,0.892637253,1,Withdrawn,0.3333,0.25
120107,Premier Risk Management,Business Owners Policy,NY,14201,10/1/2025,10/31/2025,0.5503,1279.48,992.64,235.19,1746.97,0,1,0,1,0,6,5,4,0.6667,0.768,0.3386,0.892637253,1,Withdrawn,0.8,0.6667
120107,Premier Risk Management,Business Owners Policy,NY,14201,11/1/2025,11/30/2025,0.4963,1830.71,1475.62,522.02,1218.96,0,1,0,1,0,3,2,1,0.3333,0.7654,0.3386,0.892637253,1,,0.5,0.3333
120107,Premier Risk Management,Business Owners Policy,NY,14201,12/1/2025,12/31/2025,0.5038,3504.77,431.11,85.5,1568.68,1,1,1,0,0,3,2,1,0.3333,0.7505,0.3386,0.892637253,1,,0.5,0.3333
120107,Premier Risk Management,Business Owners Policy,NY,14201,2/1/2026,2/28/2026,0.5131,2900.27,958.92,218.4,496.97,0,1,3,0,0,3,2,1,0.3333,0.7606,0.3386,0.892637253,1,Declined,0.5,0.3333
120107,Premier Risk Management,Business Owners Policy,NY,14201,3/1/2026,3/31/2026,0.4339,368.85,462.71,232.3,2454.82,0,0,0,1,0,6,4,2,0.3333,0.7238,0.3386,0.892637253,2,,0.5,0.3333
120107,Premier Risk Management,Business Owners Policy,NY,14201,4/1/2025,4/30/2025,0.4344,1039.7,864.66,71.09,824.42,0,1,1,0,0,3,2,1,0.3333,0.7266,0.3386,0.892637253,1,,0.5,0.3333
120107,Premier Risk Management,Business Owners Policy,NY,14201,5/1/2025,5/31/2025,0.4988,654.76,1846.79,70.49,1803.93,1,1,3,0,0,3,2,1,0.3333,0.7618,0.3386,0.892637253,1,,0.5,0.3333
120107,Premier Risk Management,Business Owners Policy,NY,14201,6/1/2025,6/30/2025,0.4943,566.92,589.6,123.51,3993.69,2,0,1,0,0,5,2,1,0.2,0.7634,0.3386,0.892637253,3,Withdrawn,0.5,0.2
120107,Premier Risk Management,Business Owners Policy,NY,14201,7/1/2025,7/31/2025,0.4559,725.68,419.37,165.72,384.6,1,1,1,0,0,3,2,1,0.3333,0.7495,0.3386,0.892637253,1,,0.5,0.3333
120107,Premier Risk Management,Business Owners Policy,NY,14201,8/1/2025,8/31/2025,0.4987,3626.7,307.38,58.95,553.91,1,0,0,0,0,3,2,1,0.3333,0.7446,0.3386,0.892637253,1,,0.5,0.3333
120107,Premier Risk Management,Business Owners Policy,NY,14201,9/1/2025,9/30/2025,0.4997,1211.07,1798.21,316.77,1096.86,3,1,1,0,0,3,2,1,0.3333,0.7466,0.3386,0.892637253,1,Withdrawn,0.5,0.3333
120108,Alliance & Associates,Workers Comp,NJ,7030,1/1/2026,1/31/2026,0.5214,2588.31,2467.19,53.88,1103.27,1,0,2,0,0,3,2,1,0.3333,0.8759,0.2716,0.946891977,1,Withdrawn,0.5,0.3333
120108,Alliance & Associates,Workers Comp,NJ,7030,10/1/2025,10/31/2025,0.4814,4916.36,1824.75,325.93,607.46,0,1,1,0,0,11,8,1,0.0909,0.8834,0.2716,0.946891977,3,Withdrawn,0.125,0.0909
120108,Alliance & Associates,Workers Comp,NJ,7030,11/1/2025,11/30/2025,0.4557,5438.36,1995.7,2.46,2282.89,2,0,2,0,0,3,2,1,0.3333,0.8743,0.2716,0.946891977,1,,0.5,0.3333
120108,Alliance & Associates,Workers Comp,NJ,7030,12/1/2025,12/31/2025,0.4432,2571.18,6686.95,186.91,1427.74,1,0,1,1,0,3,2,1,0.3333,0.8735,0.2716,0.946891977,1,Withdrawn,0.5,0.3333
120108,Alliance & Associates,Workers Comp,NJ,7030,2/1/2026,2/28/2026,0.4435,4206.61,4800.23,352.76,243.16,1,1,0,0,0,3,2,1,0.3333,0.8763,0.2716,0.946891977,1,,0.5,0.3333
120108,Alliance & Associates,Workers Comp,NJ,7030,3/1/2026,3/31/2026,0.4699,1340.44,2435.7,193.56,1566.3,2,1,2,0,0,11,10,8,0.7273,0.8631,0.2716,0.946891977,1,,0.8,0.7273
120108,Alliance & Associates,Workers Comp,NJ,7030,4/1/2025,4/30/2025,0.4661,598.74,3078.09,82.01,2071.1,1,2,2,0,0,4,3,2,0.5,0.8581,0.2716,0.946891977,1,,0.6667,0.5
120108,Alliance & Associates,Workers Comp,NJ,7030,5/1/2025,5/31/2025,0.4927,1453.04,9057.29,121.92,1784,1,1,2,0,0,3,2,1,0.3333,0.8749,0.2716,0.946891977,1,,0.5,0.3333
120108,Alliance & Associates,Workers Comp,NJ,7030,6/1/2025,6/30/2025,0.5223,1415.88,3195.71,250.19,946.77,0,0,1,1,0,3,2,1,0.3333,0.8766,0.2716,0.946891977,1,Withdrawn,0.5,0.3333
120108,Alliance & Associates,Workers Comp,NJ,7030,7/1/2025,7/31/2025,0.4962,2083.62,4640.94,184.43,548.94,1,0,1,0,0,7,6,3,0.4286,0.874,0.2716,0.946891977,1,Withdrawn,0.5,0.4286
120108,Alliance & Associates,Workers Comp,NJ,7030,8/1/2025,8/31/2025,0.6262,3505.51,3862.66,52.63,3122.46,1,1,0,1,0,3,2,1,0.3333,0.8667,0.2716,0.946891977,1,Withdrawn,0.5,0.3333
120108,Alliance & Associates,Workers Comp,NJ,7030,9/1/2025,9/30/2025,0.438,2687.05,1106.27,163.45,1182.55,4,1,1,0,0,3,2,1,0.3333,0.8875,0.2716,0.946891977,1,,0.5,0.3333
120109,Bridgepoint Risk Management,Commercial Auto,NJ,7102,1/1/2026,1/31/2026,0.7524,1573.82,40.17,20.07,3654.96,0,0,0,0,0,3,2,1,0.3333,0.7812,0.3616,0.958717289,1,,0.5,0.3333
120109,Bridgepoint Risk Management,Commercial Auto,NJ,7102,10/1/2025,10/31/2025,0.7594,3784.87,3367,176.99,595.08,1,1,1,0,0,3,2,1,0.3333,0.7847,0.3616,0.958717289,1,Declined,0.5,0.3333
120109,Bridgepoint Risk Management,Commercial Auto,NJ,7102,11/1/2025,11/30/2025,0.743,4302.63,2200.52,354.5,951.57,0,1,1,0,0,4,2,1,0.25,0.7706,0.3616,0.958717289,2,Withdrawn,0.5,0.25
120109,Bridgepoint Risk Management,Commercial Auto,NJ,7102,12/1/2025,12/31/2025,0.7264,2041.77,13123.15,885.84,3640.71,1,0,0,0,0,3,2,1,0.3333,0.7758,0.3616,0.958717289,1,,0.5,0.3333
120109,Bridgepoint Risk Management,Commercial Auto,NJ,7102,2/1/2026,2/28/2026,0.7497,1925.22,10376.82,830.84,2185.66,1,1,1,0,0,3,2,1,0.3333,0.7698,0.3616,0.958717289,1,,0.5,0.3333
120109,Bridgepoint Risk Management,Commercial Auto,NJ,7102,3/1/2026,3/31/2026,0.7647,1836.95,5404.64,575.89,4959.96,0,1,1,0,0,3,2,1,0.3333,0.7754,0.3616,0.958717289,1,Declined,0.5,0.3333
120109,Bridgepoint Risk Management,Commercial Auto,NJ,7102,4/1/2025,4/30/2025,0.7402,2429.88,6379.45,484.94,458.46,2,1,1,0,0,3,2,1,0.3333,0.7607,0.3616,0.958717289,1,Withdrawn,0.5,0.3333
120109,Bridgepoint Risk Management,Commercial Auto,NJ,7102,5/1/2025,5/31/2025,0.7541,95.83,7351.91,217.89,2663.37,0,0,1,0,0,6,5,4,0.6667,0.768,0.3616,0.958717289,1,,0.8,0.6667
120109,Bridgepoint Risk Management,Commercial Auto,NJ,7102,6/1/2025,6/30/2025,0.7288,2655.97,8469.73,158.22,5822.62,1,0,0,0,0,3,2,1,0.3333,0.773,0.3616,0.958717289,1,Withdrawn,0.5,0.3333
120109,Bridgepoint Risk Management,Commercial Auto,NJ,7102,7/1/2025,7/31/2025,0.7366,8233.58,12106.18,949.96,7500.34,1,0,0,0,0,4,2,1,0.25,0.7676,0.3616,0.958717289,2,,0.5,0.25
120109,Bridgepoint Risk Management,Commercial Auto,NJ,7102,8/1/2025,8/31/2025,0.7712,3787.34,11786.19,122.54,945.31,0,1,2,0,0,6,3,2,0.3333,0.7667,0.3616,0.958717289,3,Withdrawn,0.6667,0.3333
120109,Bridgepoint Risk Management,Commercial Auto,NJ,7102,9/1/2025,9/30/2025,0.7765,4686.45,4510.15,404.8,3976.27,1,2,0,0,0,3,2,1,0.3333,0.7635,0.3616,0.958717289,1,,0.5,0.3333
120110,Highmark Brokerage,Business Owners Policy,NJ,8401,1/1/2026,1/31/2026,0.5164,1529.82,656.2,54.64,818.24,1,0,0,0,0,3,2,1,0.3333,0.7465,0.2697,0.890132948,1,Declined,0.5,0.3333
120110,Highmark Brokerage,Business Owners Policy,NJ,8401,10/1/2025,10/31/2025,0.4327,1382.96,9005.12,121.53,981.31,0,0,1,1,0,8,5,1,0.125,0.7768,0.2697,0.890132948,3,Withdrawn,0.2,0.125
120110,Highmark Brokerage,Business Owners Policy,NJ,8401,11/1/2025,11/30/2025,0.4819,2568.98,5480.73,154.65,801.34,0,1,1,0,0,3,2,1,0.3333,0.7785,0.2697,0.890132948,1,,0.5,0.3333
120110,Highmark Brokerage,Business Owners Policy,NJ,8401,12/1/2025,12/31/2025,0.5086,2375.51,1836.9,51.16,851.22,1,0,1,1,0,3,2,1,0.3333,0.7323,0.2697,0.890132948,1,,0.5,0.3333
120110,Highmark Brokerage,Business Owners Policy,NJ,8401,2/1/2026,2/28/2026,0.5601,1730.21,1203.6,74.18,583.97,1,1,0,0,0,4,3,2,0.5,0.7247,0.2697,0.890132948,1,,0.6667,0.5
120110,Highmark Brokerage,Business Owners Policy,NJ,8401,3/1/2026,3/31/2026,0.5638,279.79,3305.94,54.73,732.28,0,0,1,0,0,3,2,1,0.3333,0.7394,0.2697,0.890132948,1,,0.5,0.3333
120110,Highmark Brokerage,Business Owners Policy,NJ,8401,4/1/2025,4/30/2025,0.5144,2293.77,3679.69,150.66,73.77,0,0,0,1,0,3,2,1,0.3333,0.7335,0.2697,0.890132948,1,Withdrawn,0.5,0.3333
120110,Highmark Brokerage,Business Owners Policy,NJ,8401,5/1/2025,5/31/2025,0.5081,515.55,2029.56,89.08,761.74,1,0,0,0,0,5,2,1,0.2,0.7611,0.2697,0.890132948,3,,0.5,0.2
120110,Highmark Brokerage,Business Owners Policy,NJ,8401,6/1/2025,6/30/2025,0.4875,2083.89,2930.43,65.43,1282.41,1,0,1,0,0,3,2,1,0.3333,0.7571,0.2697,0.890132948,1,Withdrawn,0.5,0.3333
120110,Highmark Brokerage,Business Owners Policy,NJ,8401,7/1/2025,7/31/2025,0.4981,1807.37,4249.36,30.93,899.66,1,0,2,0,0,4,2,1,0.25,0.7674,0.2697,0.890132948,2,Declined,0.5,0.25
120110,Highmark Brokerage,Business Owners Policy,NJ,8401,8/1/2025,8/31/2025,0.5046,332.2,2432.16,55.46,1391.03,1,0,1,0,0,3,2,1,0.3333,0.7469,0.2697,0.890132948,1,,0.5,0.3333
120110,Highmark Brokerage,Business Owners Policy,NJ,8401,9/1/2025,9/30/2025,0.4856,688.6,1818.74,42.32,546.52,1,0,0,1,0,3,2,1,0.3333,0.7375,0.2697,0.890132948,1,,0.5,0.3333
120111,Alliance Agency Group,Workers Comp,NJ,7601,1/1/2026,1/31/2026,0.4383,1784.61,0,277.42,2345.75,1,1,0,0,0,3,2,1,0.3333,0.8729,0.2892,1,1,Declined,0.5,0.3333
120111,Alliance Agency Group,Workers Comp,NJ,7601,10/1/2025,10/31/2025,0.4814,10239.68,0,717.68,3196.11,2,0,1,0,0,6,5,2,0.3333,0.8753,0.2892,1,1,,0.4,0.3333
120111,Alliance Agency Group,Workers Comp,NJ,7601,11/1/2025,11/30/2025,0.5115,5573.31,0,534.73,547.7,2,1,1,0,0,3,2,1,0.3333,0.8831,0.2892,1,1,Declined,0.5,0.3333
120111,Alliance Agency Group,Workers Comp,NJ,7601,12/1/2025,12/31/2025,0.4746,3968.59,0,413.08,2365.39,0,1,1,0,0,6,3,2,0.3333,0.8766,0.2892,1,3,Withdrawn,0.6667,0.3333
120111,Alliance Agency Group,Workers Comp,NJ,7601,2/1/2026,2/28/2026,0.4965,4551.23,0,229.39,2938.62,1,1,0,0,0,6,2,1,0.1667,0.8732,0.2892,1,4,,0.5,0.1667
120111,Alliance Agency Group,Workers Comp,NJ,7601,3/1/2026,3/31/2026,0.4284,1312.34,0,125.21,3063.74,1,1,1,1,0,3,2,1,0.3333,0.8764,0.2892,1,1,,0.5,0.3333
120111,Alliance Agency Group,Workers Comp,NJ,7601,4/1/2025,4/30/2025,0.413,2214.07,0,328.35,3554.55,0,0,2,0,0,3,2,1,0.3333,0.8862,0.2892,1,1,,0.5,0.3333
120111,Alliance Agency Group,Workers Comp,NJ,7601,5/1/2025,5/31/2025,0.4762,14985.94,0,622.28,4920.76,1,2,2,0,0,3,2,1,0.3333,0.8832,0.2892,1,1,,0.5,0.3333
120111,Alliance Agency Group,Workers Comp,NJ,7601,6/1/2025,6/30/2025,0.5607,893.4,0,337.16,3595.3,1,1,1,0,0,4,3,2,0.5,0.8769,0.2892,1,1,Withdrawn,0.6667,0.5
120111,Alliance Agency Group,Workers Comp,NJ,7601,7/1/2025,7/31/2025,0.5233,6057.85,0,232.48,10032.4,1,0,0,0,0,3,2,1,0.3333,0.876,0.2892,1,1,Declined,0.5,0.3333
120111,Alliance Agency Group,Workers Comp,NJ,7601,8/1/2025,8/31/2025,0.4628,2456.45,0,377.57,5992.37,0,1,1,0,0,3,2,1,0.3333,0.8786,0.2892,1,1,Withdrawn,0.5,0.3333
120111,Alliance Agency Group,Workers Comp,NJ,7601,9/1/2025,9/30/2025,0.5102,6418.94,0,906.21,2731.78,2,0,2,0,0,3,2,1,0.3333,0.8609,0.2892,1,1,,0.5,0.3333
120112,Highmark Insurance Group,Commercial Auto,PA,19103,1/1/2026,1/31/2026,0.7621,6021.22,146.01,171.42,1090.71,1,0,0,0,0,3,2,1,0.3333,0.7775,0.2564,0.972248199,1,,0.5,0.3333
120112,Highmark Insurance Group,Commercial Auto,PA,19103,10/1/2025,10/31/2025,0.7502,333.05,371.76,325.33,3171.48,0,0,1,1,0,4,2,1,0.25,0.7721,0.2564,0.972248199,2,Withdrawn,0.5,0.25
120112,Highmark Insurance Group,Commercial Auto,PA,19103,11/1/2025,11/30/2025,0.7448,10092.23,37.43,78.4,2296.55,0,0,1,0,0,3,2,1,0.3333,0.7805,0.2564,0.972248199,1,Withdrawn,0.5,0.3333
120112,Highmark Insurance Group,Commercial Auto,PA,19103,12/1/2025,12/31/2025,0.7752,4964.25,130.04,102.24,117.92,1,0,0,0,0,4,3,2,0.5,0.7741,0.2564,0.972248199,1,,0.6667,0.5
120112,Highmark Insurance Group,Commercial Auto,PA,19103,2/1/2026,2/28/2026,0.78,2693.17,65.77,215.59,1078.71,1,0,1,0,0,6,5,4,0.6667,0.7739,0.2564,0.972248199,1,,0.8,0.6667
120112,Highmark Insurance Group,Commercial Auto,PA,19103,3/1/2026,3/31/2026,0.7637,1358.97,122.89,221.19,1774.47,1,1,1,0,0,3,2,1,0.3333,0.7789,0.2564,0.972248199,1,Withdrawn,0.5,0.3333
120112,Highmark Insurance Group,Commercial Auto,PA,19103,4/1/2025,4/30/2025,0.7716,3076.21,136.56,294.28,830.78,0,0,0,0,0,7,6,5,0.7143,0.773,0.2564,0.972248199,1,,0.8333,0.7143
120112,Highmark Insurance Group,Commercial Auto,PA,19103,5/1/2025,5/31/2025,0.7595,2152.34,242,84.38,222.99,1,0,0,0,0,3,2,1,0.3333,0.7611,0.2564,0.972248199,1,Withdrawn,0.5,0.3333
120112,Highmark Insurance Group,Commercial Auto,PA,19103,6/1/2025,6/30/2025,0.7479,438.08,161.6,152.1,1996.81,0,1,0,0,0,3,2,1,0.3333,0.7756,0.2564,0.972248199,1,,0.5,0.3333
120112,Highmark Insurance Group,Commercial Auto,PA,19103,7/1/2025,7/31/2025,0.7461,5750.58,515.32,214.92,533.32,0,0,0,0,0,3,2,1,0.3333,0.7747,0.2564,0.972248199,1,Withdrawn,0.5,0.3333
120112,Highmark Insurance Group,Commercial Auto,PA,19103,8/1/2025,8/31/2025,0.7264,4126.86,144.66,4.26,503.32,1,1,0,0,0,3,2,1,0.3333,0.7769,0.2564,0.972248199,1,Withdrawn,0.5,0.3333
120112,Highmark Insurance Group,Commercial Auto,PA,19103,9/1/2025,9/30/2025,0.7485,2331.6,34.33,12.72,806.9,0,0,2,0,0,3,2,1,0.3333,0.7756,0.2564,0.972248199,1,,0.5,0.3333
120113,Liberty Agency Group,Business Owners Policy,PA,15222,1/1/2026,1/31/2026,0.488,1093.33,0,77.36,213.96,1,0,0,0,0,4,3,2,0.5,0.7277,0.3313,0.837268154,1,,0.6667,0.5
120113,Liberty Agency Group,Business Owners Policy,PA,15222,10/1/2025,10/31/2025,0.5651,306.68,0,60.42,1038.06,0,0,0,0,0,3,2,1,0.3333,0.7421,0.3313,0.837268154,1,Withdrawn,0.5,0.3333
120113,Liberty Agency Group,Business Owners Policy,PA,15222,11/1/2025,11/30/2025,0.4484,577.76,0,93.61,1152.3,0,0,1,0,0,4,3,1,0.25,0.7305,0.3313,0.837268154,1,Withdrawn,0.3333,0.25
120113,Liberty Agency Group,Business Owners Policy,PA,15222,12/1/2025,12/31/2025,0.483,1382.45,0,24,734.23,1,1,0,1,0,3,2,1,0.3333,0.7544,0.3313,0.837268154,1,,0.5,0.3333
120113,Liberty Agency Group,Business Owners Policy,PA,15222,2/1/2026,2/28/2026,0.4571,835.97,0,96.1,1892.36,1,0,0,0,0,3,2,1,0.3333,0.7348,0.3313,0.837268154,1,Withdrawn,0.5,0.3333
120113,Liberty Agency Group,Business Owners Policy,PA,15222,3/1/2026,3/31/2026,0.5323,1496.3,0,119.93,402.11,0,0,1,0,0,3,2,1,0.3333,0.7652,0.3313,0.837268154,1,,0.5,0.3333
120113,Liberty Agency Group,Business Owners Policy,PA,15222,4/1/2025,4/30/2025,0.4803,449.63,0,113.17,1206.36,0,1,0,0,0,3,2,1,0.3333,0.7413,0.3313,0.837268154,1,Withdrawn,0.5,0.3333
120113,Liberty Agency Group,Business Owners Policy,PA,15222,5/1/2025,5/31/2025,0.4788,959.24,0,164.76,676.64,0,0,0,0,0,3,2,1,0.3333,0.7554,0.3313,0.837268154,1,,0.5,0.3333
120113,Liberty Agency Group,Business Owners Policy,PA,15222,6/1/2025,6/30/2025,0.4697,1690.44,0,113.47,2206.5,1,0,1,0,0,8,7,6,0.75,0.7399,0.3313,0.837268154,1,,0.8571,0.75
120113,Liberty Agency Group,Business Owners Policy,PA,15222,7/1/2025,7/31/2025,0.5257,321.14,0,169.44,150.82,0,1,1,1,0,3,2,1,0.3333,0.73,0.3313,0.837268154,1,,0.5,0.3333
120113,Liberty Agency Group,Business Owners Policy,PA,15222,8/1/2025,8/31/2025,0.5508,530.58,0,31.16,66.16,1,0,0,0,0,4,3,2,0.5,0.7572,0.3313,0.837268154,1,Withdrawn,0.6667,0.5
120113,Liberty Agency Group,Business Owners Policy,PA,15222,9/1/2025,9/30/2025,0.5088,198.59,0,70.7,102.61,0,0,1,0,0,5,4,2,0.4,0.7371,0.3313,0.837268154,1,,0.5,0.4
120114,Guardian Risk Advisors,Workers Comp,PA,17101,1/1/2026,1/31/2026,0.5992,1591.54,293.99,61.35,1191.54,1,0,0,0,0,3,2,1,0.3333,0.8684,0.2912,0.889619289,1,Withdrawn,0.5,0.3333
120114,Guardian Risk Advisors,Workers Comp,PA,17101,10/1/2025,10/31/2025,0.4884,1340.03,105.07,38.44,582.58,1,1,1,0,0,3,2,1,0.3333,0.8879,0.2912,0.889619289,1,,0.5,0.3333
120114,Guardian Risk Advisors,Workers Comp,PA,17101,11/1/2025,11/30/2025,0.4632,2386.52,92.37,127.49,873.12,1,0,0,1,0,3,2,1,0.3333,0.876,0.2912,0.889619289,1,Withdrawn,0.5,0.3333
120114,Guardian Risk Advisors,Workers Comp,PA,17101,12/1/2025,12/31/2025,0.5073,1875.14,41.98,40.57,298.29,1,1,0,0,0,3,2,1,0.3333,0.8605,0.2912,0.889619289,1,,0.5,0.3333
120114,Guardian Risk Advisors,Workers Comp,PA,17101,2/1/2026,2/28/2026,0.4188,2340.73,47.07,268.06,2240.63,0,1,1,1,0,6,5,4,0.6667,0.8752,0.2912,0.889619289,1,,0.8,0.6667
120114,Guardian Risk Advisors,Workers Comp,PA,17101,3/1/2026,3/31/2026,0.5213,1465.71,47.44,74.52,1006.33,1,0,1,1,0,3,2,1,0.3333,0.8743,0.2912,0.889619289,1,Withdrawn,0.5,0.3333
120114,Guardian Risk Advisors,Workers Comp,PA,17101,4/1/2025,4/30/2025,0.4885,1185.54,245.25,190.72,468.99,0,0,0,0,0,8,4,2,0.25,0.8753,0.2912,0.889619289,4,,0.5,0.25
120114,Guardian Risk Advisors,Workers Comp,PA,17101,5/1/2025,5/31/2025,0.5674,834.78,46.71,190.63,3032.59,1,0,1,0,0,3,2,1,0.3333,0.8786,0.2912,0.889619289,1,,0.5,0.3333
120114,Guardian Risk Advisors,Workers Comp,PA,17101,6/1/2025,6/30/2025,0.4455,1305.66,133.19,89.15,3360.03,0,0,1,0,0,3,2,1,0.3333,0.8719,0.2912,0.889619289,1,Withdrawn,0.5,0.3333
120114,Guardian Risk Advisors,Workers Comp,PA,17101,7/1/2025,7/31/2025,0.4309,1270.75,79.97,124.36,1262.6,0,0,1,0,0,3,2,1,0.3333,0.8693,0.2912,0.889619289,1,Declined,0.5,0.3333
120114,Guardian Risk Advisors,Workers Comp,PA,17101,8/1/2025,8/31/2025,0.5381,295.85,285.66,221.2,642.38,1,1,1,0,0,3,2,1,0.3333,0.8643,0.2912,0.889619289,1,Withdrawn,0.5,0.3333
120114,Guardian Risk Advisors,Workers Comp,PA,17101,9/1/2025,9/30/2025,0.4972,1597.46,200,118.42,1435.77,2,1,2,0,0,4,2,1,0.25,0.8745,0.2912,0.889619289,2,,0.5,0.25
120115,Eagle Insurance Group,Commercial Auto,PA,18501,1/1/2026,1/31/2026,0.7726,3322.34,0,438.33,2025.97,1,1,0,0,0,3,2,1,0.3333,0.7892,0.292,0.942267618,1,Declined,0.5,0.3333
120115,Eagle Insurance Group,Commercial Auto,PA,18501,10/1/2025,10/31/2025,0.7626,1246.65,0,105.17,296.76,1,0,2,0,0,3,2,1,0.3333,0.7766,0.292,0.942267618,1,,0.5,0.3333
120115,Eagle Insurance Group,Commercial Auto,PA,18501,11/1/2025,11/30/2025,0.7777,4550.26,0,192.39,2511.06,1,0,2,0,0,4,3,2,0.5,0.7811,0.292,0.942267618,1,Withdrawn,0.6667,0.5
120115,Eagle Insurance Group,Commercial Auto,PA,18501,12/1/2025,12/31/2025,0.7517,1858.74,0,86.57,2071.54,0,0,3,0,0,3,2,1,0.3333,0.7771,0.292,0.942267618,1,,0.5,0.3333
120115,Eagle Insurance Group,Commercial Auto,PA,18501,2/1/2026,2/28/2026,0.7553,5223.78,0,134.27,2061.98,2,1,0,0,0,3,2,1,0.3333,0.7703,0.292,0.942267618,1,,0.5,0.3333
120115,Eagle Insurance Group,Commercial Auto,PA,18501,3/1/2026,3/31/2026,0.7585,2625.2,0,231.53,112.51,1,0,1,1,0,4,3,2,0.5,0.7838,0.292,0.942267618,1,Declined,0.6667,0.5
120115,Eagle Insurance Group,Commercial Auto,PA,18501,4/1/2025,4/30/2025,0.7562,5026.32,0,214.3,1467.61,0,0,0,0,0,3,2,1,0.3333,0.7808,0.292,0.942267618,1,,0.5,0.3333
120115,Eagle Insurance Group,Commercial Auto,PA,18501,5/1/2025,5/31/2025,0.7714,331.64,0,63.15,899.41,1,1,3,1,0,3,2,1,0.3333,0.7685,0.292,0.942267618,1,Declined,0.5,0.3333
120115,Eagle Insurance Group,Commercial Auto,PA,18501,6/1/2025,6/30/2025,0.752,1403.5,0,142.1,457.63,0,1,1,1,0,3,2,1,0.3333,0.7754,0.292,0.942267618,1,,0.5,0.3333
120115,Eagle Insurance Group,Commercial Auto,PA,18501,7/1/2025,7/31/2025,0.7507,2412.62,0,504.72,2624.58,3,1,1,1,0,3,2,1,0.3333,0.7803,0.292,0.942267618,1,,0.5,0.3333
120115,Eagle Insurance Group,Commercial Auto,PA,18501,8/1/2025,8/31/2025,0.7284,1064.06,0,465.9,3105.9,2,0,0,0,0,11,8,6,0.5455,0.7624,0.292,0.942267618,3,Declined,0.75,0.5455
120115,Eagle Insurance Group,Commercial Auto,PA,18501,9/1/2025,9/30/2025,0.7485,2115.6,0,192.28,2672.9,2,0,1,0,0,4,3,2,0.5,0.7871,0.292,0.942267618,1,Withdrawn,0.6667,0.5
120116,Crossroads Insurance Services,Business Owners Policy,NY,10001,1/1/2026,1/31/2026,0.5136,541.3,0,288.06,2637.38,1,0,0,1,0,3,2,1,0.3333,0.7419,0.3284,0.92181876,1,,0.5,0.3333
120116,Crossroads Insurance Services,Business Owners Policy,NY,10001,10/1/2025,10/31/2025,0.454,4070.14,0,86.51,2511.39,1,0,1,0,0,3,2,1,0.3333,0.7607,0.3284,0.92181876,1,,0.5,0.3333
120116,Crossroads Insurance Services,Business Owners Policy,NY,10001,11/1/2025,11/30/2025,0.4984,479.07,0,27.45,1156.13,1,2,1,0,0,3,2,1,0.3333,0.7662,0.3284,0.92181876,1,,0.5,0.3333
120116,Crossroads Insurance Services,Business Owners Policy,NY,10001,12/1/2025,12/31/2025,0.5298,1034.37,0,339.37,860.69,0,0,1,0,0,6,2,1,0.1667,0.7617,0.3284,0.92181876,4,,0.5,0.1667
120116,Crossroads Insurance Services,Business Owners Policy,NY,10001,2/1/2026,2/28/2026,0.5486,1173.17,0,39.83,1490.68,3,0,1,1,0,3,2,1,0.3333,0.7696,0.3284,0.92181876,1,Withdrawn,0.5,0.3333
120116,Crossroads Insurance Services,Business Owners Policy,NY,10001,3/1/2026,3/31/2026,0.4836,3720.62,0,149.88,3348.81,0,1,1,0,0,4,3,2,0.5,0.7506,0.3284,0.92181876,1,,0.6667,0.5
120116,Crossroads Insurance Services,Business Owners Policy,NY,10001,4/1/2025,4/30/2025,0.5159,3247.8,0,244.88,2469.79,0,0,2,1,0,3,2,1,0.3333,0.7657,0.3284,0.92181876,1,Declined,0.5,0.3333
120116,Crossroads Insurance Services,Business Owners Policy,NY,10001,5/1/2025,5/31/2025,0.5302,3101.72,0,280.61,1088.12,3,1,0,1,0,5,3,2,0.4,0.7274,0.3284,0.92181876,2,Declined,0.6667,0.4
120116,Crossroads Insurance Services,Business Owners Policy,NY,10001,6/1/2025,6/30/2025,0.5662,1046.48,0,304.14,3479.99,0,0,0,0,0,3,2,1,0.3333,0.7562,0.3284,0.92181876,1,,0.5,0.3333
120116,Crossroads Insurance Services,Business Owners Policy,NY,10001,7/1/2025,7/31/2025,0.4399,1978.65,0,212.89,2393.45,1,1,2,0,0,4,2,1,0.25,0.7654,0.3284,0.92181876,2,Withdrawn,0.5,0.25
120116,Crossroads Insurance Services,Business Owners Policy,NY,10001,8/1/2025,8/31/2025,0.4686,2020.05,0,401.24,2611.93,1,1,1,0,0,4,3,2,0.5,0.7361,0.3284,0.92181876,1,Withdrawn,0.6667,0.5
120116,Crossroads Insurance Services,Business Owners Policy,NY,10001,9/1/2025,9/30/2025,0.4488,2495.67,0,461.72,860.68,0,1,1,0,0,3,2,1,0.3333,0.7628,0.3284,0.92181876,1,Declined,0.5,0.3333
120117,Crestview Insurance Agency,Workers Comp,NY,11201,1/1/2026,1/31/2026,0.4445,1427.22,0,51.28,1133.07,1,0,1,0,0,3,2,1,0.3333,0.8768,0.2465,0.931061584,1,,0.5,0.3333
120117,Crestview Insurance Agency,Workers Comp,NY,11201,10/1/2025,10/31/2025,0.4744,1021.63,0,129.58,2309.49,0,1,1,0,0,4,3,2,0.5,0.8727,0.2465,0.931061584,1,,0.6667,0.5
120117,Crestview Insurance Agency,Workers Comp,NY,11201,11/1/2025,11/30/2025,0.4351,585.13,0,17.05,1360.69,0,0,1,0,0,3,2,1,0.3333,0.875,0.2465,0.931061584,1,Declined,0.5,0.3333
120117,Crestview Insurance Agency,Workers Comp,NY,11201,12/1/2025,12/31/2025,0.5057,2375.55,0,7.6,208.03,0,0,0,0,0,3,2,1,0.3333,0.8585,0.2465,0.931061584,1,Declined,0.5,0.3333
120117,Crestview Insurance Agency,Workers Comp,NY,11201,2/1/2026,2/28/2026,0.5988,1374.46,0,118.59,93.8,1,1,1,0,0,3,2,1,0.3333,0.8787,0.2465,0.931061584,1,Withdrawn,0.5,0.3333
120117,Crestview Insurance Agency,Workers Comp,NY,11201,3/1/2026,3/31/2026,0.5301,3501.05,0,79.33,337.44,1,0,0,0,0,4,2,1,0.25,0.8739,0.2465,0.931061584,2,,0.5,0.25
120117,Crestview Insurance Agency,Workers Comp,NY,11201,4/1/2025,4/30/2025,0.4779,181.9,0,95.2,1032.78,1,0,0,0,0,3,2,1,0.3333,0.864,0.2465,0.931061584,1,,0.5,0.3333
120117,Crestview Insurance Agency,Workers Comp,NY,11201,5/1/2025,5/31/2025,0.4574,4206.58,0,63.17,995.84,0,1,0,0,0,3,2,1,0.3333,0.8807,0.2465,0.931061584,1,,0.5,0.3333
120117,Crestview Insurance Agency,Workers Comp,NY,11201,6/1/2025,6/30/2025,0.4513,1655.35,0,114.9,845,0,0,1,0,0,3,2,1,0.3333,0.8765,0.2465,0.931061584,1,Withdrawn,0.5,0.3333
120117,Crestview Insurance Agency,Workers Comp,NY,11201,7/1/2025,7/31/2025,0.5276,2506.41,0,28.24,335.77,0,0,0,0,0,4,3,2,0.5,0.8853,0.2465,0.931061584,1,,0.6667,0.5
120117,Crestview Insurance Agency,Workers Comp,NY,11201,8/1/2025,8/31/2025,0.5775,6614.25,0,7.22,1328.55,1,0,0,0,0,4,3,1,0.25,0.8788,0.2465,0.931061584,1,,0.3333,0.25
120117,Crestview Insurance Agency,Workers Comp,NY,11201,9/1/2025,9/30/2025,0.4436,2120.67,0,68.92,398.56,0,0,0,0,0,3,2,1,0.3333,0.8758,0.2465,0.931061584,1,Withdrawn,0.5,0.3333
120118,Gateway Insurance Services,Commercial Auto,NY,10301,1/1/2026,1/31/2026,0.7883,621.3,530.96,121.62,1458.19,0,0,1,0,0,3,2,1,0.3333,0.7719,0.3725,0.830623413,1,,0.5,0.3333
120118,Gateway Insurance Services,Commercial Auto,NY,10301,10/1/2025,10/31/2025,0.7513,823.64,62.11,113.91,487.77,0,0,0,0,0,3,2,1,0.3333,0.7896,0.3725,0.830623413,1,,0.5,0.3333
120118,Gateway Insurance Services,Commercial Auto,NY,10301,11/1/2025,11/30/2025,0.7745,251.34,560.3,62.46,370.41,0,1,1,0,0,3,2,1,0.3333,0.7648,0.3725,0.830623413,1,,0.5,0.3333
120118,Gateway Insurance Services,Commercial Auto,NY,10301,12/1/2025,12/31/2025,0.7371,1173.14,284.3,77.67,1197.59,1,0,0,0,0,6,5,4,0.6667,0.77,0.3725,0.830623413,1,Declined,0.8,0.6667
120118,Gateway Insurance Services,Commercial Auto,NY,10301,2/1/2026,2/28/2026,0.773,2595.82,122.9,124.77,1272.89,0,1,1,0,0,3,2,1,0.3333,0.7722,0.3725,0.830623413,1,,0.5,0.3333
120118,Gateway Insurance Services,Commercial Auto,NY,10301,3/1/2026,3/31/2026,0.7623,286.25,146.2,86.06,908.85,2,1,0,0,0,3,2,1,0.3333,0.7665,0.3725,0.830623413,1,Withdrawn,0.5,0.3333
120118,Gateway Insurance Services,Commercial Auto,NY,10301,4/1/2025,4/30/2025,0.7706,517.22,95.86,207.73,352.94,0,1,0,0,0,5,3,1,0.2,0.7752,0.3725,0.830623413,2,,0.3333,0.2
120118,Gateway Insurance Services,Commercial Auto,NY,10301,5/1/2025,5/31/2025,0.7671,164.8,489.14,68.62,956.55,1,0,1,1,0,6,4,1,0.1667,0.7814,0.3725,0.830623413,2,Withdrawn,0.25,0.1667
120118,Gateway Insurance Services,Commercial Auto,NY,10301,6/1/2025,6/30/2025,0.7344,300.95,232.72,185.88,716.65,0,1,0,0,0,3,2,1,0.3333,0.7682,0.3725,0.830623413,1,,0.5,0.3333
120118,Gateway Insurance Services,Commercial Auto,NY,10301,7/1/2025,7/31/2025,0.7609,1326.48,112.24,75.55,492.76,0,0,0,0,0,3,2,1,0.3333,0.7679,0.3725,0.830623413,1,Withdrawn,0.5,0.3333
120118,Gateway Insurance Services,Commercial Auto,NY,10301,8/1/2025,8/31/2025,0.7814,708.43,398.81,171.86,624.31,1,0,1,0,0,3,2,1,0.3333,0.7711,0.3725,0.830623413,1,Withdrawn,0.5,0.3333
120118,Gateway Insurance Services,Commercial Auto,NY,10301,9/1/2025,9/30/2025,0.7498,380.07,262.01,62.04,310.53,1,0,1,0,0,3,2,1,0.3333,0.7781,0.3725,0.830623413,1,Withdrawn,0.5,0.3333
120119,Keystone Risk Consultants,Business Owners Policy,NY,14201,1/1/2026,1/31/2026,0.4741,1295.01,72.17,258.83,2961.52,1,0,1,1,0,3,2,1,0.3333,0.7399,0.298,0.908853711,1,Declined,0.5,0.3333
120119,Keystone Risk Consultants,Business Owners Policy,NY,14201,10/1/2025,10/31/2025,0.5306,722.87,163.43,180.79,1630.83,0,0,1,0,0,3,2,1,0.3333,0.7554,0.298,0.908853711,1,,0.5,0.3333
120119,Keystone Risk Consultants,Business Owners Policy,NY,14201,11/1/2025,11/30/2025,0.5729,888.25,37.69,157.39,2260.04,1,0,0,1,0,3,2,1,0.3333,0.7668,0.298,0.908853711,1,,0.5,0.3333
120119,Keystone Risk Consultants,Business Owners Policy,NY,14201,12/1/2025,12/31/2025,0.4783,3892.55,72.51,193.31,4001.64,1,0,2,1,0,3,2,1,0.3333,0.7444,0.298,0.908853711,1,Withdrawn,0.5,0.3333
120119,Keystone Risk Consultants,Business Owners Policy,NY,14201,2/1/2026,2/28/2026,0.4824,1083.01,183.69,18.38,1029.29,1,0,0,0,0,3,2,1,0.3333,0.7529,0.298,0.908853711,1,Declined,0.5,0.3333
120119,Keystone Risk Consultants,Business Owners Policy,NY,14201,3/1/2026,3/31/2026,0.5148,2875.69,28.23,283.04,924.76,1,1,1,0,0,3,2,1,0.3333,0.7463,0.298,0.908853711,1,,0.5,0.3333
120119,Keystone Risk Consultants,Business Owners Policy,NY,14201,4/1/2025,4/30/2025,0.4603,2090.57,58.43,243.42,1532.17,2,1,1,0,0,3,2,1,0.3333,0.7408,0.298,0.908853711,1,Withdrawn,0.5,0.3333
120119,Keystone Risk Consultants,Business Owners Policy,NY,14201,5/1/2025,5/31/2025,0.5243,1060.69,59.52,125.84,2636.31,0,0,1,0,0,7,6,4,0.5714,0.7499,0.298,0.908853711,1,,0.6667,0.5714
120119,Keystone Risk Consultants,Business Owners Policy,NY,14201,6/1/2025,6/30/2025,0.4372,2820.17,63.2,87.48,2489.2,0,0,0,0,0,3,2,1,0.3333,0.7717,0.298,0.908853711,1,Declined,0.5,0.3333
120119,Keystone Risk Consultants,Business Owners Policy,NY,14201,7/1/2025,7/31/2025,0.49,1845.61,35.19,104.87,721.29,1,1,1,0,0,5,3,2,0.4,0.7684,0.298,0.908853711,2,,0.6667,0.4
120119,Keystone Risk Consultants,Business Owners Policy,NY,14201,8/1/2025,8/31/2025,0.5274,638.43,61.69,211.66,784.01,0,1,0,0,0,5,4,1,0.2,0.7611,0.298,0.908853711,1,,0.25,0.2
120119,Keystone Risk Consultants,Business Owners Policy,NY,14201,9/1/2025,9/30/2025,0.5353,2390.49,102.39,205.34,632.28,0,0,0,1,0,5,4,2,0.4,0.7357,0.298,0.908853711,1,,0.5,0.4
120120,Cornerstone Risk Management,Workers Comp,NJ,7030,1/1/2026,1/31/2026,0.5507,2082.95,410.22,578.32,4404.63,1,1,1,1,0,3,2,1,0.3333,0.8844,0.3401,0.937754288,1,Withdrawn,0.5,0.3333
120120,Cornerstone Risk Management,Workers Comp,NJ,7030,10/1/2025,10/31/2025,0.5166,775.41,228.12,175.34,1853.91,1,0,3,1,0,3,2,1,0.3333,0.8808,0.3401,0.937754288,1,Withdrawn,0.5,0.3333
120120,Cornerstone Risk Management,Workers Comp,NJ,7030,11/1/2025,11/30/2025,0.5482,3771.5,225.59,165.97,2957.38,0,0,0,1,0,3,2,1,0.3333,0.8839,0.3401,0.937754288,1,,0.5,0.3333
120120,Cornerstone Risk Management,Workers Comp,NJ,7030,12/1/2025,12/31/2025,0.5165,2501.92,335.91,170.69,796.76,0,0,1,0,0,5,3,2,0.4,0.8647,0.3401,0.937754288,2,Declined,0.6667,0.4
120120,Cornerstone Risk Management,Workers Comp,NJ,7030,2/1/2026,2/28/2026,0.4516,2670.64,361.67,381.42,1496.56,1,0,0,1,0,5,4,1,0.2,0.8683,0.3401,0.937754288,1,,0.25,0.2
120120,Cornerstone Risk Management,Workers Comp,NJ,7030,3/1/2026,3/31/2026,0.4196,1004.09,141.92,290.55,1393.04,2,0,1,0,0,4,3,1,0.25,0.8763,0.3401,0.937754288,1,,0.3333,0.25
120120,Cornerstone Risk Management,Workers Comp,NJ,7030,4/1/2025,4/30/2025,0.4973,2842.25,272.86,533.83,2605.06,2,1,0,0,0,3,2,1,0.3333,0.8748,0.3401,0.937754288,1,Declined,0.5,0.3333
120120,Cornerstone Risk Management,Workers Comp,NJ,7030,5/1/2025,5/31/2025,0.5709,5069.44,218.69,146.81,3335.08,1,1,2,0,0,3,2,1,0.3333,0.8728,0.3401,0.937754288,1,Declined,0.5,0.3333
120120,Cornerstone Risk Management,Workers Comp,NJ,7030,6/1/2025,6/30/2025,0.4825,1161.4,406.75,633.44,2818.14,1,1,2,0,0,5,4,3,0.6,0.8695,0.3401,0.937754288,1,,0.75,0.6
120120,Cornerstone Risk Management,Workers Comp,NJ,7030,7/1/2025,7/31/2025,0.5367,2858.88,51.36,293.7,4011.31,0,1,0,0,0,3,2,1,0.3333,0.8746,0.3401,0.937754288,1,,0.5,0.3333
120120,Cornerstone Risk Management,Workers Comp,NJ,7030,8/1/2025,8/31/2025,0.491,1682.52,327.8,77.72,2454.53,2,1,1,0,0,3,2,1,0.3333,0.8813,0.3401,0.937754288,1,,0.5,0.3333
120120,Cornerstone Risk Management,Workers Comp,NJ,7030,9/1/2025,9/30/2025,0.523,3251.91,35.85,189.19,1546.51,1,1,1,1,0,3,2,1,0.3333,0.8819,0.3401,0.937754288,1,Declined,0.5,0.3333
120121,Liberty Risk Management,Commercial Auto,NJ,7102,1/1/2026,1/31/2026,0.7401,1083.62,0,171.63,1308.66,0,0,0,0,0,3,2,1,0.3333,0.7705,0.3269,0.827346608,1,,0.5,0.3333
120121,Liberty Risk Management,Commercial Auto,NJ,7102,10/1/2025,10/31/2025,0.7577,247.18,0,88.4,217.87,0,0,0,0,0,3,2,1,0.3333,0.7646,0.3269,0.827346608,1,Withdrawn,0.5,0.3333
120121,Liberty Risk Management,Commercial Auto,NJ,7102,11/1/2025,11/30/2025,0.7437,1138.71,0,109.49,346.07,0,0,0,0,0,4,3,2,0.5,0.7719,0.3269,0.827346608,1,,0.6667,0.5
120121,Liberty Risk Management,Commercial Auto,NJ,7102,12/1/2025,12/31/2025,0.7565,370.43,0,66.9,277.39,0,1,1,0,0,3,2,1,0.3333,0.7695,0.3269,0.827346608,1,Declined,0.5,0.3333
120121,Liberty Risk Management,Commercial Auto,NJ,7102,2/1/2026,2/28/2026,0.7633,318.91,0,73.67,913.61,1,0,0,0,0,4,3,2,0.5,0.769,0.3269,0.827346608,1,,0.6667,0.5
120121,Liberty Risk Management,Commercial Auto,NJ,7102,3/1/2026,3/31/2026,0.7682,543.34,0,38.22,1335.72,0,0,1,1,0,5,3,1,0.2,0.777,0.3269,0.827346608,2,Declined,0.3333,0.2
120121,Liberty Risk Management,Commercial Auto,NJ,7102,4/1/2025,4/30/2025,0.7518,249.12,0,52.23,151.14,2,1,0,0,0,5,2,1,0.2,0.7618,0.3269,0.827346608,3,,0.5,0.2
120121,Liberty Risk Management,Commercial Auto,NJ,7102,5/1/2025,5/31/2025,0.7915,759.82,0,5.28,281.63,0,0,1,0,0,3,2,1,0.3333,0.7792,0.3269,0.827346608,1,,0.5,0.3333
120121,Liberty Risk Management,Commercial Auto,NJ,7102,6/1/2025,6/30/2025,0.7357,76.79,0,24.76,496.64,1,1,0,0,0,4,3,1,0.25,0.7738,0.3269,0.827346608,1,,0.3333,0.25
120121,Liberty Risk Management,Commercial Auto,NJ,7102,7/1/2025,7/31/2025,0.778,339.16,0,82.74,736.27,1,0,1,0,0,3,2,1,0.3333,0.783,0.3269,0.827346608,1,,0.5,0.3333
120121,Liberty Risk Management,Commercial Auto,NJ,7102,8/1/2025,8/31/2025,0.7358,2343.56,0,168.99,1284.64,0,0,1,0,0,3,2,1,0.3333,0.7624,0.3269,0.827346608,1,Withdrawn,0.5,0.3333
120121,Liberty Risk Management,Commercial Auto,NJ,7102,9/1/2025,9/30/2025,0.7503,1355.38,0,117.71,444.39,0,0,0,0,0,3,2,1,0.3333,0.784,0.3269,0.827346608,1,Withdrawn,0.5,0.3333
120122,Highmark Insurance Group,Business Owners Policy,NJ,8401,1/1/2026,1/31/2026,0.4922,3489.78,212.64,655.52,4903.29,2,1,2,0,0,3,2,1,0.3333,0.7323,0.2888,0.951967446,1,,0.5,0.3333
120122,Highmark Insurance Group,Business Owners Policy,NJ,8401,10/1/2025,10/31/2025,0.5237,3427.57,70.74,291.98,446.2,0,0,0,0,0,3,2,1,0.3333,0.7512,0.2888,0.951967446,1,,0.5,0.3333
120122,Highmark Insurance Group,Business Owners Policy,NJ,8401,11/1/2025,11/30/2025,0.5191,3842.57,75.37,76.16,4211.72,2,1,0,0,0,3,2,1,0.3333,0.754,0.2888,0.951967446,1,,0.5,0.3333
120122,Highmark Insurance Group,Business Owners Policy,NJ,8401,12/1/2025,12/31/2025,0.5352,2645.39,263.67,142.15,2594.81,0,1,0,1,0,3,2,1,0.3333,0.7554,0.2888,0.951967446,1,Withdrawn,0.5,0.3333
120122,Highmark Insurance Group,Business Owners Policy,NJ,8401,2/1/2026,2/28/2026,0.4813,2580.14,168.7,259.49,928.78,0,0,2,0,0,3,2,1,0.3333,0.7279,0.2888,0.951967446,1,,0.5,0.3333
120122,Highmark Insurance Group,Business Owners Policy,NJ,8401,3/1/2026,3/31/2026,0.5201,2681.69,218.18,94.01,3413.48,1,1,1,0,0,4,2,1,0.25,0.7405,0.2888,0.951967446,2,Declined,0.5,0.25
120122,Highmark Insurance Group,Business Owners Policy,NJ,8401,4/1/2025,4/30/2025,0.5318,384.63,88.77,472.27,397.62,1,0,0,0,0,3,2,1,0.3333,0.7278,0.2888,0.951967446,1,Withdrawn,0.5,0.3333
120122,Highmark Insurance Group,Business Owners Policy,NJ,8401,5/1/2025,5/31/2025,0.4921,3815.81,108.32,158.01,739.9,1,0,0,0,0,4,3,2,0.5,0.7629,0.2888,0.951967446,1,,0.6667,0.5
120122,Highmark Insurance Group,Business Owners Policy,NJ,8401,6/1/2025,6/30/2025,0.4658,2606.2,165.26,149,449.73,1,1,2,0,0,9,7,4,0.4444,0.7766,0.2888,0.951967446,2,Declined,0.5714,0.4444
120122,Highmark Insurance Group,Business Owners Policy,NJ,8401,7/1/2025,7/31/2025,0.4888,2186.71,238.75,245.13,3583.21,1,2,1,0,0,3,2,1,0.3333,0.7383,0.2888,0.951967446,1,,0.5,0.3333
120122,Highmark Insurance Group,Business Owners Policy,NJ,8401,8/1/2025,8/31/2025,0.5678,5206.13,372.07,105.05,1333.34,1,1,0,0,0,3,2,1,0.3333,0.7467,0.2888,0.951967446,1,Withdrawn,0.5,0.3333
120122,Highmark Insurance Group,Business Owners Policy,NJ,8401,9/1/2025,9/30/2025,0.4993,1818.9,268.2,258.66,2658.11,0,0,2,0,0,3,2,1,0.3333,0.7297,0.2888,0.951967446,1,,0.5,0.3333
120123,Coastal Insurance Group,Workers Comp,NJ,7601,1/1/2026,1/31/2026,0.5223,8382.43,299.76,665.08,2845.91,1,1,0,0,0,3,2,1,0.3333,0.8721,0.2904,1,1,Declined,0.5,0.3333
120123,Coastal Insurance Group,Workers Comp,NJ,7601,10/1/2025,10/31/2025,0.5667,4855.37,389.18,177.35,4353.51,1,2,1,0,0,5,4,3,0.6,0.8751,0.2904,1,1,,0.75,0.6
120123,Coastal Insurance Group,Workers Comp,NJ,7601,11/1/2025,11/30/2025,0.4349,10596.22,412.48,143.79,5077.8,2,1,2,0,0,14,13,12,0.8571,0.867,0.2904,1,1,Withdrawn,0.9231,0.8571
120123,Coastal Insurance Group,Workers Comp,NJ,7601,12/1/2025,12/31/2025,0.4161,11402.44,322.1,811.37,8080.3,3,0,2,1,0,3,2,1,0.3333,0.8663,0.2904,1,1,Withdrawn,0.5,0.3333
120123,Coastal Insurance Group,Workers Comp,NJ,7601,2/1/2026,2/28/2026,0.5019,6035.13,11.97,259.61,2293.72,1,2,3,0,0,3,2,1,0.3333,0.8838,0.2904,1,1,,0.5,0.3333
120123,Coastal Insurance Group,Workers Comp,NJ,7601,3/1/2026,3/31/2026,0.4733,820.64,496.36,1266.77,7121.7,1,1,3,1,0,3,2,1,0.3333,0.8761,0.2904,1,1,,0.5,0.3333
120123,Coastal Insurance Group,Workers Comp,NJ,7601,4/1/2025,4/30/2025,0.5778,8907.71,402.8,285.71,4411.93,0,0,0,1,0,3,2,1,0.3333,0.872,0.2904,1,1,Withdrawn,0.5,0.3333
120123,Coastal Insurance Group,Workers Comp,NJ,7601,5/1/2025,5/31/2025,0.5412,7425.13,325.97,218.3,4767.89,1,1,1,0,0,5,3,2,0.4,0.8648,0.2904,1,2,,0.6667,0.4
120123,Coastal Insurance Group,Workers Comp,NJ,7601,6/1/2025,6/30/2025,0.4876,2383.37,17.43,995.51,6674.26,1,2,1,0,0,3,2,1,0.3333,0.8784,0.2904,1,1,Withdrawn,0.5,0.3333
120123,Coastal Insurance Group,Workers Comp,NJ,7601,7/1/2025,7/31/2025,0.4609,11360.2,973.28,592.35,4468.77,1,1,2,0,0,3,2,1,0.3333,0.8741,0.2904,1,1,,0.5,0.3333
120123,Coastal Insurance Group,Workers Comp,NJ,7601,8/1/2025,8/31/2025,0.4348,2311.07,35.94,567.31,3471.4,1,0,0,0,0,3,2,1,0.3333,0.8798,0.2904,1,1,,0.5,0.3333
120123,Coastal Insurance Group,Workers Comp,NJ,7601,9/1/2025,9/30/2025,0.4907,2232.98,338.74,717.93,3523.53,3,1,1,0,0,3,2,1,0.3333,0.8771,0.2904,1,1,Withdrawn,0.5,0.3333
120124,Crestview Risk Consultants,Commercial Auto,PA,19103,1/1/2026,1/31/2026,0.761,447.52,263.5,495.72,220.87,1,0,1,0,0,3,2,1,0.3333,0.7822,0.3535,0.93341885,1,,0.5,0.3333
120124,Crestview Risk Consultants,Commercial Auto,PA,19103,10/1/2025,10/31/2025,0.7734,679.15,867.16,316.96,7290.21,0,1,0,1,0,3,2,1,0.3333,0.7784,0.3535,0.93341885,1,Declined,0.5,0.3333
120124,Crestview Risk Consultants,Commercial Auto,PA,19103,11/1/2025,11/30/2025,0.7849,541.51,957.21,678.24,1832.42,1,0,1,1,0,3,2,1,0.3333,0.7873,0.3535,0.93341885,1,Withdrawn,0.5,0.3333
120124,Crestview Risk Consultants,Commercial Auto,PA,19103,12/1/2025,12/31/2025,0.7854,1424.79,444.27,122.97,278.56,1,0,1,1,0,10,7,5,0.5,0.777,0.3535,0.93341885,3,,0.7143,0.5
120124,Crestview Risk Consultants,Commercial Auto,PA,19103,2/1/2026,2/28/2026,0.776,3240.59,578.28,159.9,1734.39,0,2,1,0,0,3,2,1,0.3333,0.7737,0.3535,0.93341885,1,,0.5,0.3333
120124,Crestview Risk Consultants,Commercial Auto,PA,19103,3/1/2026,3/31/2026,0.7695,2532.42,139.17,409.06,4139.85,1,0,2,1,0,3,2,1,0.3333,0.7706,0.3535,0.93341885,1,Withdrawn,0.5,0.3333
120124,Crestview Risk Consultants,Commercial Auto,PA,19103,4/1/2025,4/30/2025,0.7722,2421.29,527.2,177.59,4695.3,2,0,3,0,0,3,2,1,0.3333,0.7804,0.3535,0.93341885,1,,0.5,0.3333
120124,Crestview Risk Consultants,Commercial Auto,PA,19103,5/1/2025,5/31/2025,0.7717,924.99,456.37,352.16,977.41,0,0,0,0,0,10,8,7,0.7,0.7835,0.3535,0.93341885,2,Declined,0.875,0.7
120124,Crestview Risk Consultants,Commercial Auto,PA,19103,6/1/2025,6/30/2025,0.78,730.65,448.67,254.8,3175.01,1,1,2,1,0,4,2,1,0.25,0.7698,0.3535,0.93341885,2,,0.5,0.25
120124,Crestview Risk Consultants,Commercial Auto,PA,19103,7/1/2025,7/31/2025,0.735,7069.7,785.24,330.03,1444.73,3,1,1,1,0,3,2,1,0.3333,0.7747,0.3535,0.93341885,1,Withdrawn,0.5,0.3333
120124,Crestview Risk Consultants,Commercial Auto,PA,19103,8/1/2025,8/31/2025,0.7698,134.62,812.28,21.95,950.07,2,0,1,0,0,3,2,1,0.3333,0.787,0.3535,0.93341885,1,,0.5,0.3333
120124,Crestview Risk Consultants,Commercial Auto,PA,19103,9/1/2025,9/30/2025,0.7563,8146.01,461.62,422.37,983.03,1,1,0,0,0,3,2,1,0.3333,0.7833,0.3535,0.93341885,1,,0.5,0.3333
120125,Nexus Insurance Agency,Business Owners Policy,PA,15222,1/1/2026,1/31/2026,0.4408,1103.68,494.88,210.76,2108.08,1,0,1,1,0,4,3,2,0.5,0.7412,0.3074,0.905042976,1,,0.6667,0.5
120125,Nexus Insurance Agency,Business Owners Policy,PA,15222,10/1/2025,10/31/2025,0.4629,383.97,1336.79,87.89,1845.7,1,0,0,0,0,3,2,1,0.3333,0.7445,0.3074,0.905042976,1,Declined,0.5,0.3333
120125,Nexus Insurance Agency,Business Owners Policy,PA,15222,11/1/2025,11/30/2025,0.5279,866.58,3183.24,57.36,1067.04,1,1,1,0,0,3,2,1,0.3333,0.7689,0.3074,0.905042976,1,,0.5,0.3333
120125,Nexus Insurance Agency,Business Owners Policy,PA,15222,12/1/2025,12/31/2025,0.4607,2720.76,543.82,134.89,2238.1,2,0,1,1,0,3,2,1,0.3333,0.7519,0.3074,0.905042976,1,Declined,0.5,0.3333
120125,Nexus Insurance Agency,Business Owners Policy,PA,15222,2/1/2026,2/28/2026,0.5146,732.23,452.94,250.2,988.38,0,0,0,0,0,3,2,1,0.3333,0.7336,0.3074,0.905042976,1,,0.5,0.3333
120125,Nexus Insurance Agency,Business Owners Policy,PA,15222,3/1/2026,3/31/2026,0.5293,1205.57,1017.69,338.11,739.5,0,1,0,0,0,7,6,4,0.5714,0.7615,0.3074,0.905042976,1,,0.6667,0.5714
120125,Nexus Insurance Agency,Business Owners Policy,PA,15222,4/1/2025,4/30/2025,0.4644,1484.4,315.85,187.44,849.49,0,1,0,0,0,3,2,1,0.3333,0.737,0.3074,0.905042976,1,,0.5,0.3333
120125,Nexus Insurance Agency,Business Owners Policy,PA,15222,5/1/2025,5/31/2025,0.5753,863.7,1316.47,76.67,741.86,1,1,2,0,0,3,2,1,0.3333,0.7234,0.3074,0.905042976,1,Declined,0.5,0.3333
120125,Nexus Insurance Agency,Business Owners Policy,PA,15222,6/1/2025,6/30/2025,0.4992,7597.01,356.4,385.49,1330.31,1,0,2,0,0,3,2,1,0.3333,0.7611,0.3074,0.905042976,1,,0.5,0.3333
120125,Nexus Insurance Agency,Business Owners Policy,PA,15222,7/1/2025,7/31/2025,0.4613,1412.17,162.35,267.34,1474.55,0,0,0,1,0,3,2,1,0.3333,0.7846,0.3074,0.905042976,1,Declined,0.5,0.3333
120125,Nexus Insurance Agency,Business Owners Policy,PA,15222,8/1/2025,8/31/2025,0.4988,2215.55,303.86,102.72,2054.71,1,0,0,0,0,5,2,1,0.2,0.7615,0.3074,0.905042976,3,,0.5,0.2
120125,Nexus Insurance Agency,Business Owners Policy,PA,15222,9/1/2025,9/30/2025,0.4559,132.28,51.02,1.67,2280.18,0,0,1,0,0,5,4,2,0.4,0.7445,0.3074,0.905042976,1,Declined,0.5,0.4
120126,Harbor Risk Management,Workers Comp,PA,17101,1/1/2026,1/31/2026,0.5298,993.77,2456.49,317.55,1390.09,1,0,0,0,0,3,2,1,0.3333,0.8788,0.3488,0.941137733,1,Withdrawn,0.5,0.3333
120126,Harbor Risk Management,Workers Comp,PA,17101,10/1/2025,10/31/2025,0.4632,1172.98,505.16,110.57,1256.28,2,1,1,0,0,3,2,1,0.3333,0.8732,0.3488,0.941137733,1,Declined,0.5,0.3333
120126,Harbor Risk Management,Workers Comp,PA,17101,11/1/2025,11/30/2025,0.4974,2972.79,491.61,597.79,1684.23,1,0,2,0,0,7,3,1,0.1429,0.8656,0.3488,0.941137733,4,Declined,0.3333,0.1429
120126,Harbor Risk Management,Workers Comp,PA,17101,12/1/2025,12/31/2025,0.4621,2324.69,2005.59,376.44,1681,1,0,1,0,0,3,2,1,0.3333,0.8704,0.3488,0.941137733,1,,0.5,0.3333
120126,Harbor Risk Management,Workers Comp,PA,17101,2/1/2026,2/28/2026,0.5129,2790.53,759.44,210.99,3792.88,1,0,1,0,0,5,3,2,0.4,0.8882,0.3488,0.941137733,2,,0.6667,0.4
120126,Harbor Risk Management,Workers Comp,PA,17101,3/1/2026,3/31/2026,0.4647,2280.1,610.04,383.12,1715.33,0,1,0,0,0,3,2,1,0.3333,0.8557,0.3488,0.941137733,1,,0.5,0.3333
120126,Harbor Risk Management,Workers Comp,PA,17101,4/1/2025,4/30/2025,0.4125,2057.85,2238.44,107.55,1420.74,0,1,2,0,0,5,4,2,0.4,0.86,0.3488,0.941137733,1,Declined,0.5,0.4
120126,Harbor Risk Management,Workers Comp,PA,17101,5/1/2025,5/31/2025,0.5455,476.12,1192.1,771.16,1170.34,1,1,0,1,0,3,2,1,0.3333,0.8692,0.3488,0.941137733,1,,0.5,0.3333
120126,Harbor Risk Management,Workers Comp,PA,17101,6/1/2025,6/30/2025,0.585,675.83,102.55,491.66,2177.41,2,0,0,0,0,3,2,1,0.3333,0.8911,0.3488,0.941137733,1,Declined,0.5,0.3333
120126,Harbor Risk Management,Workers Comp,PA,17101,7/1/2025,7/31/2025,0.527,597.06,183.44,241.59,8955.3,0,0,0,0,0,3,2,1,0.3333,0.88,0.3488,0.941137733,1,Withdrawn,0.5,0.3333
120126,Harbor Risk Management,Workers Comp,PA,17101,8/1/2025,8/31/2025,0.4829,11688.62,1210.21,249.74,2615.03,1,1,2,1,0,5,3,2,0.4,0.8843,0.3488,0.941137733,2,,0.6667,0.4
120126,Harbor Risk Management,Workers Comp,PA,17101,9/1/2025,9/30/2025,0.5344,2765.86,776.2,107.6,2154.23,0,0,1,1,0,3,2,1,0.3333,0.8641,0.3488,0.941137733,1,,0.5,0.3333
120127,Heritage Insurance Co.,Commercial Auto,PA,18501,1/1/2026,1/31/2026,0.7425,3626.65,613.22,205.87,1095.21,1,1,2,0,0,3,2,1,0.3333,0.7768,0.3259,0.906567418,1,Declined,0.5,0.3333
120127,Heritage Insurance Co.,Commercial Auto,PA,18501,10/1/2025,10/31/2025,0.7699,807.26,297.87,241.6,745.5,2,0,0,0,0,5,4,1,0.2,0.7825,0.3259,0.906567418,1,,0.25,0.2
120127,Heritage Insurance Co.,Commercial Auto,PA,18501,11/1/2025,11/30/2025,0.7326,2200.7,99.65,92.68,1289.04,0,0,0,0,0,3,2,1,0.3333,0.7758,0.3259,0.906567418,1,Withdrawn,0.5,0.3333
120127,Heritage Insurance Co.,Commercial Auto,PA,18501,12/1/2025,12/31/2025,0.7517,991.13,80.37,78.5,4958.39,2,1,0,0,0,3,2,1,0.3333,0.7734,0.3259,0.906567418,1,,0.5,0.3333
120127,Heritage Insurance Co.,Commercial Auto,PA,18501,2/1/2026,2/28/2026,0.7616,1473.01,47.72,121.06,862.77,1,1,1,1,0,5,3,1,0.2,0.7782,0.3259,0.906567418,2,,0.3333,0.2
120127,Heritage Insurance Co.,Commercial Auto,PA,18501,3/1/2026,3/31/2026,0.767,623.17,10.66,179,181.14,0,0,1,0,0,3,2,1,0.3333,0.7875,0.3259,0.906567418,1,Declined,0.5,0.3333
120127,Heritage Insurance Co.,Commercial Auto,PA,18501,4/1/2025,4/30/2025,0.7929,3629.78,124.65,232.88,2967.62,2,0,0,0,0,3,2,1,0.3333,0.7761,0.3259,0.906567418,1,,0.5,0.3333
120127,Heritage Insurance Co.,Commercial Auto,PA,18501,5/1/2025,5/31/2025,0.7458,2515.71,60.38,143.06,2380.19,0,0,2,1,0,3,2,1,0.3333,0.7745,0.3259,0.906567418,1,Declined,0.5,0.3333
120127,Heritage Insurance Co.,Commercial Auto,PA,18501,6/1/2025,6/30/2025,0.7652,1359.21,89.07,374.61,567.63,1,0,1,1,0,3,2,1,0.3333,0.7822,0.3259,0.906567418,1,,0.5,0.3333
120127,Heritage Insurance Co.,Commercial Auto,PA,18501,7/1/2025,7/31/2025,0.7406,2879.39,194.64,598.55,2162.87,0,0,1,0,0,6,4,3,0.5,0.7685,0.3259,0.906567418,2,Withdrawn,0.75,0.5
120127,Heritage Insurance Co.,Commercial Auto,PA,18501,8/1/2025,8/31/2025,0.7618,726.61,130.84,27.12,2432.36,0,0,0,1,0,3,2,1,0.3333,0.7841,0.3259,0.906567418,1,Withdrawn,0.5,0.3333
120127,Heritage Insurance Co.,Commercial Auto,PA,18501,9/1/2025,9/30/2025,0.7473,235.05,421.84,85.78,1103.44,0,0,1,0,0,3,2,1,0.3333,0.781,0.3259,0.906567418,1,,0.5,0.3333
120128,Keystone Insurance Partners,Business Owners Policy,NY,10001,1/1/2026,1/31/2026,0.452,1304.54,383.59,91.42,1132.65,2,1,1,1,0,11,10,8,0.7273,0.7661,0.3002,0.928396256,1,Withdrawn,0.8,0.7273
120128,Keystone Insurance Partners,Business Owners Policy,NY,10001,10/1/2025,10/31/2025,0.5496,1876.92,128.96,149.09,733.01,1,1,0,1,0,3,2,1,0.3333,0.7675,0.3002,0.928396256,1,,0.5,0.3333
120128,Keystone Insurance Partners,Business Owners Policy,NY,10001,11/1/2025,11/30/2025,0.5128,1638.8,164.26,143.04,243.86,0,2,1,1,0,3,2,1,0.3333,0.7625,0.3002,0.928396256,1,Declined,0.5,0.3333
120128,Keystone Insurance Partners,Business Owners Policy,NY,10001,12/1/2025,12/31/2025,0.5599,859.58,650.42,176.78,1750.9,2,0,1,0,0,3,2,1,0.3333,0.7665,0.3002,0.928396256,1,,0.5,0.3333
120128,Keystone Insurance Partners,Business Owners Policy,NY,10001,2/1/2026,2/28/2026,0.4422,717.25,285.33,159.95,2794.08,1,0,1,0,0,9,6,1,0.1111,0.7304,0.3002,0.928396256,3,,0.1667,0.1111
120128,Keystone Insurance Partners,Business Owners Policy,NY,10001,3/1/2026,3/31/2026,0.5053,2935.54,123.15,1006.13,2332.16,1,0,1,0,0,3,2,1,0.3333,0.7426,0.3002,0.928396256,1,Declined,0.5,0.3333
120128,Keystone Insurance Partners,Business Owners Policy,NY,10001,4/1/2025,4/30/2025,0.5231,3893.43,84.56,161.78,362.17,0,0,2,0,0,3,2,1,0.3333,0.7481,0.3002,0.928396256,1,Withdrawn,0.5,0.3333
120128,Keystone Insurance Partners,Business Owners Policy,NY,10001,5/1/2025,5/31/2025,0.54,4357.3,85.9,113.22,2351.95,0,0,2,1,0,3,2,1,0.3333,0.7466,0.3002,0.928396256,1,,0.5,0.3333
120128,Keystone Insurance Partners,Business Owners Policy,NY,10001,6/1/2025,6/30/2025,0.5016,1552.49,209.11,39.17,1968.14,1,0,1,1,0,3,2,1,0.3333,0.7645,0.3002,0.928396256,1,Withdrawn,0.5,0.3333
120128,Keystone Insurance Partners,Business Owners Policy,NY,10001,7/1/2025,7/31/2025,0.5001,2280.25,296.88,290.86,6675.05,1,1,0,0,0,3,2,1,0.3333,0.7728,0.3002,0.928396256,1,,0.5,0.3333
120128,Keystone Insurance Partners,Business Owners Policy,NY,10001,8/1/2025,8/31/2025,0.4473,1875.65,147.86,66.88,3773.23,1,0,1,0,0,3,2,1,0.3333,0.7295,0.3002,0.928396256,1,Withdrawn,0.5,0.3333
120128,Keystone Insurance Partners,Business Owners Policy,NY,10001,9/1/2025,9/30/2025,0.5041,3483.15,128.96,189.91,2657.7,1,1,0,0,0,3,2,1,0.3333,0.7523,0.3002,0.928396256,1,Withdrawn,0.5,0.3333
120129,Crossroads Agency Group,Workers Comp,NY,11201,1/1/2026,1/31/2026,0.466,1804.62,311.01,138.08,1308.9,1,1,1,0,0,3,2,1,0.3333,0.8843,0.3667,0.932653271,1,,0.5,0.3333
120129,Crossroads Agency Group,Workers Comp,NY,11201,10/1/2025,10/31/2025,0.5318,1944.64,529.06,526.81,915.51,0,1,1,0,0,3,2,1,0.3333,0.8694,0.3667,0.932653271,1,,0.5,0.3333
120129,Crossroads Agency Group,Workers Comp,NY,11201,11/1/2025,11/30/2025,0.5089,2279.54,841.08,785.64,2928.42,2,1,1,1,0,3,2,1,0.3333,0.8756,0.3667,0.932653271,1,,0.5,0.3333
120129,Crossroads Agency Group,Workers Comp,NY,11201,12/1/2025,12/31/2025,0.4336,1723.16,349.19,188.7,4031.05,2,0,1,0,0,3,2,1,0.3333,0.8881,0.3667,0.932653271,1,Declined,0.5,0.3333
120129,Crossroads Agency Group,Workers Comp,NY,11201,2/1/2026,2/28/2026,0.5127,4682.86,236.27,297.8,4513.2,0,0,2,0,1,3,2,1,0.3333,0.8777,0.3667,0.932653271,1,,0.5,0.3333
120129,Crossroads Agency Group,Workers Comp,NY,11201,3/1/2026,3/31/2026,0.4779,251.11,119.97,267.63,1789.65,1,0,0,0,0,3,2,1,0.3333,0.8749,0.3667,0.932653271,1,Declined,0.5,0.3333
120129,Crossroads Agency Group,Workers Comp,NY,11201,4/1/2025,4/30/2025,0.5204,649.38,601.92,60.59,2976.25,2,0,0,1,0,4,3,2,0.5,0.8727,0.3667,0.932653271,1,Withdrawn,0.6667,0.5
120129,Crossroads Agency Group,Workers Comp,NY,11201,5/1/2025,5/31/2025,0.4726,7882.03,557.61,469.61,200.8,0,0,2,0,0,6,4,3,0.5,0.8747,0.3667,0.932653271,2,Withdrawn,0.75,0.5
120129,Crossroads Agency Group,Workers Comp,NY,11201,6/1/2025,6/30/2025,0.5079,1081.85,1616.13,394.82,2750.76,0,0,1,0,0,3,2,1,0.3333,0.8817,0.3667,0.932653271,1,,0.5,0.3333
120129,Crossroads Agency Group,Workers Comp,NY,11201,7/1/2025,7/31/2025,0.4792,2615.08,1180.49,399.33,3288.26,0,0,0,1,0,3,2,1,0.3333,0.8809,0.3667,0.932653271,1,Declined,0.5,0.3333
120129,Crossroads Agency Group,Workers Comp,NY,11201,8/1/2025,8/31/2025,0.546,721.64,1454.28,515.81,1281.58,1,0,0,1,0,8,7,6,0.75,0.873,0.3667,0.932653271,1,Withdrawn,0.8571,0.75
120129,Crossroads Agency Group,Workers Comp,NY,11201,9/1/2025,9/30/2025,0.5361,2420.45,249.06,51.17,2071.98,0,0,0,1,0,3,2,1,0.3333,0.8826,0.3667,0.932653271,1,,0.5,0.3333
120130,Coastal Risk Consultants,Commercial Auto,NY,10301,1/1/2026,1/31/2026,0.7579,1822.61,31.96,155.1,1621.5,0,0,1,1,0,3,2,1,0.3333,0.7635,0.3778,0.887041704,1,,0.5,0.3333
120130,Coastal Risk Consultants,Commercial Auto,NY,10301,10/1/2025,10/31/2025,0.758,1624.47,183.13,163.62,890.92,0,0,1,0,0,4,2,1,0.25,0.7856,0.3778,0.887041704,2,Withdrawn,0.5,0.25
120130,Coastal Risk Consultants,Commercial Auto,NY,10301,11/1/2025,11/30/2025,0.7638,875.16,329.33,329.45,690.1,0,1,1,0,0,5,4,1,0.2,0.7714,0.3778,0.887041704,1,Withdrawn,0.25,0.2
120130,Coastal Risk Consultants,Commercial Auto,NY,10301,12/1/2025,12/31/2025,0.7377,496.47,72.54,193.94,1900.37,1,0,0,0,0,5,4,3,0.6,0.7843,0.3778,0.887041704,1,,0.75,0.6
120130,Coastal Risk Consultants,Commercial Auto,NY,10301,2/1/2026,2/28/2026,0.7742,2504.1,45.56,222.83,2656.39,1,0,0,0,0,4,3,1,0.25,0.7686,0.3778,0.887041704,1,,0.3333,0.25
120130,Coastal Risk Consultants,Commercial Auto,NY,10301,3/1/2026,3/31/2026,0.7383,1415.17,322.36,48.99,1409.53,1,1,0,0,0,3,2,1,0.3333,0.775,0.3778,0.887041704,1,,0.5,0.3333
120130,Coastal Risk Consultants,Commercial Auto,NY,10301,4/1/2025,4/30/2025,0.7647,1430.6,118.8,124.86,2573.86,1,0,1,0,0,3,2,1,0.3333,0.7646,0.3778,0.887041704,1,Withdrawn,0.5,0.3333
120130,Coastal Risk Consultants,Commercial Auto,NY,10301,5/1/2025,5/31/2025,0.7647,351.14,251.05,219.36,747.19,1,0,1,1,0,5,3,2,0.4,0.7761,0.3778,0.887041704,2,Declined,0.6667,0.4
120130,Coastal Risk Consultants,Commercial Auto,NY,10301,6/1/2025,6/30/2025,0.7638,3191.81,171.75,600.87,199.39,0,0,0,0,0,3,2,1,0.3333,0.7706,0.3778,0.887041704,1,,0.5,0.3333
120130,Coastal Risk Consultants,Commercial Auto,NY,10301,7/1/2025,7/31/2025,0.7592,384.66,263.52,278.16,343.21,0,1,0,0,0,3,2,1,0.3333,0.7697,0.3778,0.887041704,1,Declined,0.5,0.3333
120130,Coastal Risk Consultants,Commercial Auto,NY,10301,8/1/2025,8/31/2025,0.768,728.38,227.6,124.48,2448.72,0,0,1,0,0,4,2,1,0.25,0.7822,0.3778,0.887041704,2,,0.5,0.25
120130,Coastal Risk Consultants,Commercial Auto,NY,10301,9/1/2025,9/30/2025,0.775,2176.99,113.57,121.06,704.76,1,0,0,0,0,3,2,1,0.3333,0.7834,0.3778,0.887041704,1,,0.5,0.3333
120131,Capitol Risk Solutions,Business Owners Policy,NY,14201,1/1/2026,1/31/2026,0.4871,676.82,0,68.81,1238.51,2,2,1,1,0,3,2,1,0.3333,0.7381,0.3196,0.851928806,1,,0.5,0.3333
120131,Capitol Risk Solutions,Business Owners Policy,NY,14201,10/1/2025,10/31/2025,0.53,819.53,0,13.6,365.18,0,0,1,0,0,4,3,2,0.5,0.7503,0.3196,0.851928806,1,,0.6667,0.5
120131,Capitol Risk Solutions,Business Owners Policy,NY,14201,11/1/2025,11/30/2025,0.4728,1051.17,0,35.89,2198.25,1,0,0,0,0,3,2,1,0.3333,0.7356,0.3196,0.851928806,1,Withdrawn,0.5,0.3333
120131,Capitol Risk Solutions,Business Owners Policy,NY,14201,12/1/2025,12/31/2025,0.4909,1307.98,0,82.9,290.99,2,0,2,0,0,3,2,1,0.3333,0.7598,0.3196,0.851928806,1,,0.5,0.3333
120131,Capitol Risk Solutions,Business Owners Policy,NY,14201,2/1/2026,2/28/2026,0.4849,1708.94,0,55.06,270.74,0,1,2,0,0,4,3,1,0.25,0.7539,0.3196,0.851928806,1,,0.3333,0.25
120131,Capitol Risk Solutions,Business Owners Policy,NY,14201,3/1/2026,3/31/2026,0.4796,258.03,0,174.92,1934.89,1,0,1,0,0,3,2,1,0.3333,0.7371,0.3196,0.851928806,1,Withdrawn,0.5,0.3333
120131,Capitol Risk Solutions,Business Owners Policy,NY,14201,4/1/2025,4/30/2025,0.5324,1611.32,0,200.89,1005.61,0,1,2,0,0,8,6,5,0.625,0.7573,0.3196,0.851928806,2,Declined,0.8333,0.625
120131,Capitol Risk Solutions,Business Owners Policy,NY,14201,5/1/2025,5/31/2025,0.5644,397.7,0,150.9,1245.79,0,1,0,0,0,3,2,1,0.3333,0.7626,0.3196,0.851928806,1,,0.5,0.3333
120131,Capitol Risk Solutions,Business Owners Policy,NY,14201,6/1/2025,6/30/2025,0.5433,1540.44,0,257.38,533.89,1,0,1,0,0,5,3,2,0.4,0.7505,0.3196,0.851928806,2,,0.6667,0.4
120131,Capitol Risk Solutions,Business Owners Policy,NY,14201,7/1/2025,7/31/2025,0.5402,935.1,0,110.38,322.86,2,0,0,0,0,3,2,1,0.3333,0.7396,0.3196,0.851928806,1,Withdrawn,0.5,0.3333
120131,Capitol Risk Solutions,Business Owners Policy,NY,14201,8/1/2025,8/31/2025,0.4945,623.4,0,54.63,94.08,0,1,0,0,0,3,2,1,0.3333,0.7623,0.3196,0.851928806,1,,0.5,0.3333
120131,Capitol Risk Solutions,Business Owners Policy,NY,14201,9/1/2025,9/30/2025,0.5066,631.09,0,66.56,1088.68,1,1,0,0,0,3,2,1,0.3333,0.7515,0.3196,0.851928806,1,Withdrawn,0.5,0.3333
120132,Premier Insurance Agency,Workers Comp,NJ,7030,1/1/2026,1/31/2026,0.5912,2081.99,701.64,71.7,229.05,1,1,1,0,0,3,2,1,0.3333,0.8762,0.3329,0.902769327,1,Declined,0.5,0.3333
120132,Premier Insurance Agency,Workers Comp,NJ,7030,10/1/2025,10/31/2025,0.502,1723.55,1460.87,366.69,641.16,0,1,1,0,0,3,2,1,0.3333,0.8741,0.3329,0.902769327,1,,0.5,0.3333
120132,Premier Insurance Agency,Workers Comp,NJ,7030,11/1/2025,11/30/2025,0.4809,1794.33,901.76,154.42,663.39,0,1,2,1,0,5,4,3,0.6,0.8801,0.3329,0.902769327,1,,0.75,0.6
120132,Premier Insurance Agency,Workers Comp,NJ,7030,12/1/2025,12/31/2025,0.5252,4977.14,1774.91,244.35,3717.88,1,1,1,0,0,3,2,1,0.3333,0.8837,0.3329,0.902769327,1,,0.5,0.3333
120132,Premier Insurance Agency,Workers Comp,NJ,7030,2/1/2026,2/28/2026,0.4105,1712.52,5207.07,70.02,923.94,1,0,2,1,0,8,7,1,0.125,0.8818,0.3329,0.902769327,1,Declined,0.1429,0.125
120132,Premier Insurance Agency,Workers Comp,NJ,7030,3/1/2026,3/31/2026,0.495,2300.55,1222.43,295.58,561.81,2,0,0,0,0,3,2,1,0.3333,0.8847,0.3329,0.902769327,1,Withdrawn,0.5,0.3333
120132,Premier Insurance Agency,Workers Comp,NJ,7030,4/1/2025,4/30/2025,0.5011,1627.46,2080.88,108.72,175.32,1,1,0,0,0,3,2,1,0.3333,0.8759,0.3329,0.902769327,1,Declined,0.5,0.3333
120132,Premier Insurance Agency,Workers Comp,NJ,7030,5/1/2025,5/31/2025,0.5929,474.87,1042.27,231.21,1667.87,1,0,2,0,0,3,2,1,0.3333,0.8748,0.3329,0.902769327,1,,0.5,0.3333
120132,Premier Insurance Agency,Workers Comp,NJ,7030,6/1/2025,6/30/2025,0.4706,208.88,2686.3,171.34,1784.98,1,1,0,0,0,5,4,3,0.6,0.8646,0.3329,0.902769327,1,,0.75,0.6
120132,Premier Insurance Agency,Workers Comp,NJ,7030,7/1/2025,7/31/2025,0.5303,2169.87,2808.94,101.62,2086.18,3,0,1,0,0,3,2,1,0.3333,0.8723,0.3329,0.902769327,1,,0.5,0.3333
120132,Premier Insurance Agency,Workers Comp,NJ,7030,8/1/2025,8/31/2025,0.5118,513.42,3180.58,402.92,2983.82,0,0,1,0,0,3,2,1,0.3333,0.8759,0.3329,0.902769327,1,Withdrawn,0.5,0.3333
120132,Premier Insurance Agency,Workers Comp,NJ,7030,9/1/2025,9/30/2025,0.4639,622.41,3872.89,135.99,2892.49,0,1,0,0,0,4,3,1,0.25,0.8861,0.3329,0.902769327,1,Withdrawn,0.3333,0.25
120133,Keystone & Associates,Commercial Auto,NJ,7102,1/1/2026,1/31/2026,0.7632,7918.96,231.21,831.37,1185,1,1,0,1,0,5,2,1,0.2,0.7777,0.3427,0.993766295,3,Declined,0.5,0.2
120133,Keystone & Associates,Commercial Auto,NJ,7102,10/1/2025,10/31/2025,0.7709,5283.51,1514.8,678.76,1088.09,3,0,1,0,0,10,9,8,0.8,0.7857,0.3427,0.993766295,1,Withdrawn,0.8889,0.8
120133,Keystone & Associates,Commercial Auto,NJ,7102,11/1/2025,11/30/2025,0.7596,3317.64,740.19,550.34,3887.93,2,0,1,1,0,3,2,1,0.3333,0.785,0.3427,0.993766295,1,Withdrawn,0.5,0.3333
120133,Keystone & Associates,Commercial Auto,NJ,7102,12/1/2025,12/31/2025,0.7648,5674.91,383.1,287.85,11121.21,2,1,2,1,0,8,7,2,0.25,0.7672,0.3427,0.993766295,1,,0.2857,0.25
120133,Keystone & Associates,Commercial Auto,NJ,7102,2/1/2026,2/28/2026,0.7804,704.31,1361.71,286.21,1473.46,4,2,1,0,0,7,6,4,0.5714,0.7841,0.3427,0.993766295,1,Withdrawn,0.6667,0.5714
120133,Keystone & Associates,Commercial Auto,NJ,7102,3/1/2026,3/31/2026,0.7703,4226.76,726.9,801.01,5828,0,0,2,0,0,10,7,2,0.2,0.7841,0.3427,0.993766295,3,,0.2857,0.2
120133,Keystone & Associates,Commercial Auto,NJ,7102,4/1/2025,4/30/2025,0.7684,9449.31,657.11,556.7,3152.32,0,0,6,1,0,3,2,1,0.3333,0.7664,0.3427,0.993766295,1,Withdrawn,0.5,0.3333
120133,Keystone & Associates,Commercial Auto,NJ,7102,5/1/2025,5/31/2025,0.7442,775.68,268.5,877.12,8912.66,1,1,2,1,0,3,2,1,0.3333,0.7704,0.3427,0.993766295,1,,0.5,0.3333
120133,Keystone & Associates,Commercial Auto,NJ,7102,6/1/2025,6/30/2025,0.7393,3241.52,180.41,483.7,4388.32,2,0,2,1,0,5,4,3,0.6,0.7669,0.3427,0.993766295,1,,0.75,0.6
120133,Keystone & Associates,Commercial Auto,NJ,7102,7/1/2025,7/31/2025,0.7484,2043.79,1433.71,420.45,5874.36,1,1,0,1,0,3,2,1,0.3333,0.7641,0.3427,0.993766295,1,,0.5,0.3333
120133,Keystone & Associates,Commercial Auto,NJ,7102,8/1/2025,8/31/2025,0.7304,3817.54,1697.08,363.55,2791.36,1,0,1,1,0,5,3,2,0.4,0.7701,0.3427,0.993766295,2,,0.6667,0.4
120133,Keystone & Associates,Commercial Auto,NJ,7102,9/1/2025,9/30/2025,0.7682,8437.12,326.1,680.2,1218.44,2,2,1,0,0,3,2,1,0.3333,0.7798,0.3427,0.993766295,1,,0.5,0.3333
120134,Horizon Insurance Group,Business Owners Policy,NJ,8401,1/1/2026,1/31/2026,0.5191,3113.28,0,100.08,1428.88,2,0,1,0,0,7,6,2,0.2857,0.7621,0.2707,0.93212192,1,Declined,0.3333,0.2857
120134,Horizon Insurance Group,Business Owners Policy,NJ,8401,10/1/2025,10/31/2025,0.4834,2212.02,0,106.04,892.9,1,1,2,0,0,3,2,1,0.3333,0.7689,0.2707,0.93212192,1,Declined,0.5,0.3333
120134,Horizon Insurance Group,Business Owners Policy,NJ,8401,11/1/2025,11/30/2025,0.5385,1273.09,0,165.07,675.96,0,0,0,0,0,3,2,1,0.3333,0.7611,0.2707,0.93212192,1,,0.5,0.3333
120134,Horizon Insurance Group,Business Owners Policy,NJ,8401,12/1/2025,12/31/2025,0.5422,3730.22,0,138.77,423.79,0,0,0,0,0,6,2,1,0.1667,0.7503,0.2707,0.93212192,4,,0.5,0.1667
120134,Horizon Insurance Group,Business Owners Policy,NJ,8401,2/1/2026,2/28/2026,0.4766,760.91,0,162.09,429.39,0,1,1,1,0,3,2,1,0.3333,0.7651,0.2707,0.93212192,1,,0.5,0.3333
120134,Horizon Insurance Group,Business Owners Policy,NJ,8401,3/1/2026,3/31/2026,0.5262,1968.92,0,197.1,1914.07,1,1,0,0,0,3,2,1,0.3333,0.745,0.2707,0.93212192,1,,0.5,0.3333
120134,Horizon Insurance Group,Business Owners Policy,NJ,8401,4/1/2025,4/30/2025,0.5307,1995.44,0,85.97,284.54,0,1,1,0,0,3,2,1,0.3333,0.7373,0.2707,0.93212192,1,,0.5,0.3333
120134,Horizon Insurance Group,Business Owners Policy,NJ,8401,5/1/2025,5/31/2025,0.5183,2365.41,0,44.48,256.23,1,1,2,0,0,3,2,1,0.3333,0.7715,0.2707,0.93212192,1,,0.5,0.3333
120134,Horizon Insurance Group,Business Owners Policy,NJ,8401,6/1/2025,6/30/2025,0.4756,4213.19,0,162.73,346.77,0,0,1,1,0,3,2,1,0.3333,0.7499,0.2707,0.93212192,1,Declined,0.5,0.3333
120134,Horizon Insurance Group,Business Owners Policy,NJ,8401,7/1/2025,7/31/2025,0.47,340.07,0,56.75,3060.44,2,0,1,0,0,3,2,1,0.3333,0.766,0.2707,0.93212192,1,,0.5,0.3333
120134,Horizon Insurance Group,Business Owners Policy,NJ,8401,8/1/2025,8/31/2025,0.4326,1421.35,0,154.66,1238.75,3,0,1,0,0,3,2,1,0.3333,0.7633,0.2707,0.93212192,1,Withdrawn,0.5,0.3333
120134,Horizon Insurance Group,Business Owners Policy,NJ,8401,9/1/2025,9/30/2025,0.4653,4499.22,0,218.1,1480.56,0,0,0,0,0,4,3,1,0.25,0.7555,0.2707,0.93212192,1,Withdrawn,0.3333,0.25
120135,Benchmark & Associates,Workers Comp,NJ,7601,1/1/2026,1/31/2026,0.4231,2545.97,0,92.1,1346.27,0,0,1,0,0,3,2,1,0.3333,0.8752,0.3054,0.925905711,1,Withdrawn,0.5,0.3333
120135,Benchmark & Associates,Workers Comp,NJ,7601,10/1/2025,10/31/2025,0.5543,2980.45,0,132.38,1690.69,0,1,0,0,0,3,2,1,0.3333,0.8668,0.3054,0.925905711,1,Declined,0.5,0.3333
120135,Benchmark & Associates,Workers Comp,NJ,7601,11/1/2025,11/30/2025,0.4742,1525.09,0,253.34,1739.31,1,0,3,1,0,3,2,1,0.3333,0.8666,0.3054,0.925905711,1,,0.5,0.3333
120135,Benchmark & Associates,Workers Comp,NJ,7601,12/1/2025,12/31/2025,0.5407,1014.78,0,366.23,942.38,1,0,0,0,0,3,2,1,0.3333,0.8798,0.3054,0.925905711,1,Withdrawn,0.5,0.3333
120135,Benchmark & Associates,Workers Comp,NJ,7601,2/1/2026,2/28/2026,0.5163,980.73,0,561.01,971.37,1,1,1,1,0,4,3,2,0.5,0.8753,0.3054,0.925905711,1,,0.6667,0.5
120135,Benchmark & Associates,Workers Comp,NJ,7601,3/1/2026,3/31/2026,0.4931,5564.37,0,125.47,765.23,0,0,1,1,0,5,4,3,0.6,0.8719,0.3054,0.925905711,1,,0.75,0.6
120135,Benchmark & Associates,Workers Comp,NJ,7601,4/1/2025,4/30/2025,0.5295,1541.64,0,60.91,1971.89,2,0,1,1,0,3,2,1,0.3333,0.8748,0.3054,0.925905711,1,Declined,0.5,0.3333
120135,Benchmark & Associates,Workers Comp,NJ,7601,5/1/2025,5/31/2025,0.4728,1736,0,112.65,1084.3,1,0,1,0,0,4,2,1,0.25,0.871,0.3054,0.925905711,2,Declined,0.5,0.25
120135,Benchmark & Associates,Workers Comp,NJ,7601,6/1/2025,6/30/2025,0.5584,929.85,0,222.55,7079.24,0,0,0,1,0,3,2,1,0.3333,0.8699,0.3054,0.925905711,1,Withdrawn,0.5,0.3333
120135,Benchmark & Associates,Workers Comp,NJ,7601,7/1/2025,7/31/2025,0.4351,3392.66,0,251.9,364.83,1,0,1,0,0,3,2,1,0.3333,0.8754,0.3054,0.925905711,1,,0.5,0.3333
120135,Benchmark & Associates,Workers Comp,NJ,7601,8/1/2025,8/31/2025,0.4985,733.48,0,153.56,670.5,1,1,0,0,0,3,2,1,0.3333,0.8818,0.3054,0.925905711,1,Declined,0.5,0.3333
120135,Benchmark & Associates,Workers Comp,NJ,7601,9/1/2025,9/30/2025,0.4942,3107.48,0,269.35,2879.66,1,0,0,0,0,7,6,4,0.5714,0.8754,0.3054,0.925905711,1,,0.6667,0.5714
120136,Clearwater Risk Consultants,Commercial Auto,PA,19103,1/1/2026,1/31/2026,0.766,1162.84,584.13,323.82,750.34,1,0,0,0,0,3,2,1,0.3333,0.7671,0.3052,0.900457098,1,,0.5,0.3333
120136,Clearwater Risk Consultants,Commercial Auto,PA,19103,10/1/2025,10/31/2025,0.7699,166.16,647.14,87.71,1982.29,2,0,1,0,0,3,2,1,0.3333,0.7612,0.3052,0.900457098,1,Declined,0.5,0.3333
120136,Clearwater Risk Consultants,Commercial Auto,PA,19103,11/1/2025,11/30/2025,0.7621,500.1,590.95,74.6,2506.73,0,0,0,0,0,3,2,1,0.3333,0.7778,0.3052,0.900457098,1,Declined,0.5,0.3333
120136,Clearwater Risk Consultants,Commercial Auto,PA,19103,12/1/2025,12/31/2025,0.7394,839.53,478.16,80.02,1146.62,0,0,3,1,0,3,2,1,0.3333,0.7691,0.3052,0.900457098,1,,0.5,0.3333
120136,Clearwater Risk Consultants,Commercial Auto,PA,19103,2/1/2026,2/28/2026,0.7627,5297.17,856.13,10.12,170.41,1,1,0,1,0,3,2,1,0.3333,0.7651,0.3052,0.900457098,1,,0.5,0.3333
120136,Clearwater Risk Consultants,Commercial Auto,PA,19103,3/1/2026,3/31/2026,0.7608,1403.63,225.18,122.23,1063.41,0,1,1,0,0,5,4,3,0.6,0.7803,0.3052,0.900457098,1,,0.75,0.6
120136,Clearwater Risk Consultants,Commercial Auto,PA,19103,4/1/2025,4/30/2025,0.7354,2313.71,368.53,242.66,906.21,3,1,0,0,0,3,2,1,0.3333,0.7847,0.3052,0.900457098,1,Withdrawn,0.5,0.3333
120136,Clearwater Risk Consultants,Commercial Auto,PA,19103,5/1/2025,5/31/2025,0.7605,934.34,17.72,202.58,1915.64,0,0,2,0,0,4,3,2,0.5,0.7846,0.3052,0.900457098,1,Declined,0.6667,0.5
120136,Clearwater Risk Consultants,Commercial Auto,PA,19103,6/1/2025,6/30/2025,0.7573,3373.89,1175.17,156.03,1494.45,1,1,1,0,0,4,3,1,0.25,0.7672,0.3052,0.900457098,1,Declined,0.3333,0.25
120136,Clearwater Risk Consultants,Commercial Auto,PA,19103,7/1/2025,7/31/2025,0.7488,573.98,287.45,423.38,937.69,2,0,1,1,0,3,2,1,0.3333,0.782,0.3052,0.900457098,1,,0.5,0.3333
120136,Clearwater Risk Consultants,Commercial Auto,PA,19103,8/1/2025,8/31/2025,0.7483,721.37,1459.09,42.07,2657.94,1,0,1,1,0,4,3,1,0.25,0.7662,0.3052,0.900457098,1,Withdrawn,0.3333,0.25
120136,Clearwater Risk Consultants,Commercial Auto,PA,19103,9/1/2025,9/30/2025,0.7471,2413.61,1406.55,195.95,3351.95,0,0,1,1,0,5,4,2,0.4,0.7736,0.3052,0.900457098,1,,0.5,0.4
120137,Clearwater Insurance Agency,Business Owners Policy,PA,15222,1/1/2026,1/31/2026,0.5488,773.38,39.01,210.36,916.18,1,0,2,0,0,3,2,1,0.3333,0.7704,0.3357,0.900459132,1,,0.5,0.3333
120137,Clearwater Insurance Agency,Business Owners Policy,PA,15222,10/1/2025,10/31/2025,0.4759,484.21,44.43,15.98,480.56,1,0,0,0,0,3,2,1,0.3333,0.7742,0.3357,0.900459132,1,Declined,0.5,0.3333
120137,Clearwater Insurance Agency,Business Owners Policy,PA,15222,11/1/2025,11/30/2025,0.4991,3119.52,10.03,230.01,1366.85,0,1,0,0,0,3,2,1,0.3333,0.7601,0.3357,0.900459132,1,,0.5,0.3333
120137,Clearwater Insurance Agency,Business Owners Policy,PA,15222,12/1/2025,12/31/2025,0.5445,1307.9,20.84,358.14,1935.43,1,1,0,1,0,3,2,1,0.3333,0.7488,0.3357,0.900459132,1,,0.5,0.3333
120137,Clearwater Insurance Agency,Business Owners Policy,PA,15222,2/1/2026,2/28/2026,0.4829,1810.01,19.35,55.66,1352.73,1,1,0,1,0,3,2,1,0.3333,0.7341,0.3357,0.900459132,1,Declined,0.5,0.3333
120137,Clearwater Insurance Agency,Business Owners Policy,PA,15222,3/1/2026,3/31/2026,0.5151,1997.76,15.31,96.72,2329.9,0,0,2,0,0,3,2,1,0.3333,0.7684,0.3357,0.900459132,1,,0.5,0.3333
120137,Clearwater Insurance Agency,Business Owners Policy,PA,15222,4/1/2025,4/30/2025,0.4942,920.77,11.1,63.36,1326.9,1,1,1,0,0,3,2,1,0.3333,0.7502,0.3357,0.900459132,1,,0.5,0.3333
120137,Clearwater Insurance Agency,Business Owners Policy,PA,15222,5/1/2025,5/31/2025,0.5174,1799.37,18.23,200.22,1080.03,1,1,0,0,0,4,3,1,0.25,0.7277,0.3357,0.900459132,1,,0.3333,0.25
120137,Clearwater Insurance Agency,Business Owners Policy,PA,15222,6/1/2025,6/30/2025,0.5307,948.04,6.91,505.6,1286.49,1,0,0,0,0,5,4,2,0.4,0.7317,0.3357,0.900459132,1,Declined,0.5,0.4
120137,Clearwater Insurance Agency,Business Owners Policy,PA,15222,7/1/2025,7/31/2025,0.5428,1887.33,24.45,231.12,2339.78,0,0,1,0,0,4,2,1,0.25,0.7615,0.3357,0.900459132,2,,0.5,0.25
120137,Clearwater Insurance Agency,Business Owners Policy,PA,15222,8/1/2025,8/31/2025,0.5464,2496.97,25.84,214.71,1233.68,0,0,1,0,0,6,5,3,0.5,0.738,0.3357,0.900459132,1,Declined,0.6,0.5
120137,Clearwater Insurance Agency,Business Owners Policy,PA,15222,9/1/2025,9/30/2025,0.4705,2155.51,14.46,178.16,1052.24,1,0,1,0,0,4,2,1,0.25,0.7419,0.3357,0.900459132,2,Withdrawn,0.5,0.25
120138,Broadstreet Risk Advisors,Workers Comp,PA,17101,1/1/2026,1/31/2026,0.4394,6019.86,201.78,555.55,5656.43,4,0,2,0,0,13,10,8,0.6154,0.8766,0.3071,0.975640398,3,Withdrawn,0.8,0.6154
120138,Broadstreet Risk Advisors,Workers Comp,PA,17101,10/1/2025,10/31/2025,0.5127,6491.69,15.63,533.56,4693.02,3,0,4,0,0,3,2,1,0.3333,0.8748,0.3071,0.975640398,1,Declined,0.5,0.3333
120138,Broadstreet Risk Advisors,Workers Comp,PA,17101,11/1/2025,11/30/2025,0.4715,2009.4,34.63,512.64,1909.97,1,0,2,0,0,3,2,1,0.3333,0.8808,0.3071,0.975640398,1,Withdrawn,0.5,0.3333
120138,Broadstreet Risk Advisors,Workers Comp,PA,17101,12/1/2025,12/31/2025,0.4918,4539.29,150.88,446.85,4877.97,1,0,0,1,0,5,2,1,0.2,0.8925,0.3071,0.975640398,3,Declined,0.5,0.2
120138,Broadstreet Risk Advisors,Workers Comp,PA,17101,2/1/2026,2/28/2026,0.4591,734.23,121.22,335.81,2524.68,0,1,2,0,0,3,2,1,0.3333,0.885,0.3071,0.975640398,1,Withdrawn,0.5,0.3333
120138,Broadstreet Risk Advisors,Workers Comp,PA,17101,3/1/2026,3/31/2026,0.4739,5833.63,396.9,362.57,2397.07,0,1,2,0,0,3,2,1,0.3333,0.8845,0.3071,0.975640398,1,,0.5,0.3333
120138,Broadstreet Risk Advisors,Workers Comp,PA,17101,4/1/2025,4/30/2025,0.4803,3536.62,542.98,284.27,5986.32,0,2,2,2,0,8,6,4,0.5,0.8763,0.3071,0.975640398,2,,0.6667,0.5
120138,Broadstreet Risk Advisors,Workers Comp,PA,17101,5/1/2025,5/31/2025,0.5372,1792.46,323.51,213.82,2299.05,4,1,2,1,0,4,2,1,0.25,0.8775,0.3071,0.975640398,2,,0.5,0.25
120138,Broadstreet Risk Advisors,Workers Comp,PA,17101,6/1/2025,6/30/2025,0.4976,2835.56,267.53,723.33,3781.57,2,2,2,2,0,3,2,1,0.3333,0.8731,0.3071,0.975640398,1,,0.5,0.3333
120138,Broadstreet Risk Advisors,Workers Comp,PA,17101,7/1/2025,7/31/2025,0.4201,2584.65,165.65,272.5,1853.12,2,1,0,0,0,7,3,1,0.1429,0.8781,0.3071,0.975640398,4,Declined,0.3333,0.1429
120138,Broadstreet Risk Advisors,Workers Comp,PA,17101,8/1/2025,8/31/2025,0.5897,6812.71,282.04,20.13,694.94,2,1,1,0,0,6,4,3,0.5,0.8766,0.3071,0.975640398,2,Withdrawn,0.75,0.5
120138,Broadstreet Risk Advisors,Workers Comp,PA,17101,9/1/2025,9/30/2025,0.4512,1793.38,199.23,298.64,966.96,0,0,0,1,0,6,5,4,0.6667,0.8633,0.3071,0.975640398,1,Withdrawn,0.8,0.6667
120139,Harbor Insurance Partners,Commercial Auto,PA,18501,1/1/2026,1/31/2026,0.7736,1541.96,912.12,682.85,1458.87,2,1,4,0,0,3,2,1,0.3333,0.7692,0.3239,0.961198981,1,,0.5,0.3333
120139,Harbor Insurance Partners,Commercial Auto,PA,18501,10/1/2025,10/31/2025,0.7716,2981.25,559.96,235.03,2143.01,2,0,1,0,0,3,2,1,0.3333,0.7827,0.3239,0.961198981,1,Withdrawn,0.5,0.3333
120139,Harbor Insurance Partners,Commercial Auto,PA,18501,11/1/2025,11/30/2025,0.7606,7116.19,654.22,364.16,1270.12,0,1,0,1,0,3,2,1,0.3333,0.7659,0.3239,0.961198981,1,,0.5,0.3333
120139,Harbor Insurance Partners,Commercial Auto,PA,18501,12/1/2025,12/31/2025,0.7664,1496.44,819.55,234.77,3943.52,0,0,1,1,0,5,4,3,0.6,0.7813,0.3239,0.961198981,1,Withdrawn,0.75,0.6
120139,Harbor Insurance Partners,Commercial Auto,PA,18501,2/1/2026,2/28/2026,0.7545,3354.48,676.94,281.83,2373.38,1,1,0,0,0,9,5,3,0.3333,0.785,0.3239,0.961198981,4,Withdrawn,0.6,0.3333
120139,Harbor Insurance Partners,Commercial Auto,PA,18501,3/1/2026,3/31/2026,0.7549,5825.71,133.61,70.29,3931.05,1,1,1,0,0,3,2,1,0.3333,0.784,0.3239,0.961198981,1,Declined,0.5,0.3333
120139,Harbor Insurance Partners,Commercial Auto,PA,18501,4/1/2025,4/30/2025,0.7734,959.67,103.35,370.82,8273.95,1,0,1,0,0,5,3,2,0.4,0.7741,0.3239,0.961198981,2,,0.6667,0.4
120139,Harbor Insurance Partners,Commercial Auto,PA,18501,5/1/2025,5/31/2025,0.768,3153.07,413.98,379.1,5596.65,1,0,2,0,0,4,3,1,0.25,0.7858,0.3239,0.961198981,1,,0.3333,0.25
120139,Harbor Insurance Partners,Commercial Auto,PA,18501,6/1/2025,6/30/2025,0.7644,3948.5,432.2,447.15,1424.86,1,1,1,0,0,3,2,1,0.3333,0.77,0.3239,0.961198981,1,,0.5,0.3333
120139,Harbor Insurance Partners,Commercial Auto,PA,18501,7/1/2025,7/31/2025,0.7663,1671.64,99.86,256.67,2651.96,2,1,2,0,0,3,2,1,0.3333,0.7679,0.3239,0.961198981,1,,0.5,0.3333
120139,Harbor Insurance Partners,Commercial Auto,PA,18501,8/1/2025,8/31/2025,0.7549,2240.94,123.49,384.51,2269.61,2,0,1,1,0,3,2,1,0.3333,0.7715,0.3239,0.961198981,1,Declined,0.5,0.3333
120139,Harbor Insurance Partners,Commercial Auto,PA,18501,9/1/2025,9/30/2025,0.7654,4096.5,295.77,607.22,2189.49,1,1,0,1,0,3,2,1,0.3333,0.7737,0.3239,0.961198981,1,,0.5,0.3333
120140,Guardian Insurance Partners,Business Owners Policy,NY,10001,1/1/2026,1/31/2026,0.513,1443.41,363.92,291.29,1834.14,1,1,0,0,0,3,2,1,0.3333,0.7672,0.3144,0.924162016,1,Withdrawn,0.5,0.3333
120140,Guardian Insurance Partners,Business Owners Policy,NY,10001,10/1/2025,10/31/2025,0.4868,1704.27,329.02,504.68,1884.3,0,0,1,1,0,4,2,1,0.25,0.7584,0.3144,0.924162016,2,,0.5,0.25
120140,Guardian Insurance Partners,Business Owners Policy,NY,10001,11/1/2025,11/30/2025,0.4972,4019.42,640.55,160.13,2224.48,2,0,0,0,0,5,4,1,0.2,0.7426,0.3144,0.924162016,1,,0.25,0.2
120140,Guardian Insurance Partners,Business Owners Policy,NY,10001,12/1/2025,12/31/2025,0.4777,1409.01,438.59,92.99,1025.98,0,0,3,0,0,3,2,1,0.3333,0.7316,0.3144,0.924162016,1,,0.5,0.3333
120140,Guardian Insurance Partners,Business Owners Policy,NY,10001,2/1/2026,2/28/2026,0.5441,829.42,227.04,241.25,3909.07,1,2,0,0,0,3,2,1,0.3333,0.7481,0.3144,0.924162016,1,Declined,0.5,0.3333
120140,Guardian Insurance Partners,Business Owners Policy,NY,10001,3/1/2026,3/31/2026,0.495,2243.46,249.38,193.79,417.2,0,1,1,0,0,3,2,1,0.3333,0.7466,0.3144,0.924162016,1,Declined,0.5,0.3333
120140,Guardian Insurance Partners,Business Owners Policy,NY,10001,4/1/2025,4/30/2025,0.4569,1859.81,541.05,36.5,3450.42,1,1,1,0,0,5,3,1,0.2,0.7417,0.3144,0.924162016,2,Withdrawn,0.3333,0.2
120140,Guardian Insurance Partners,Business Owners Policy,NY,10001,5/1/2025,5/31/2025,0.4866,1024.23,89.11,192.31,2245.99,1,0,1,0,0,9,8,4,0.4444,0.7476,0.3144,0.924162016,1,Withdrawn,0.5,0.4444
120140,Guardian Insurance Partners,Business Owners Policy,NY,10001,6/1/2025,6/30/2025,0.4821,6635.43,121.32,302.99,1899.78,0,1,1,0,0,3,2,1,0.3333,0.7596,0.3144,0.924162016,1,,0.5,0.3333
120140,Guardian Insurance Partners,Business Owners Policy,NY,10001,7/1/2025,7/31/2025,0.5233,1392.63,262.76,402.96,2579.91,1,0,0,1,0,3,2,1,0.3333,0.7669,0.3144,0.924162016,1,Withdrawn,0.5,0.3333
120140,Guardian Insurance Partners,Business Owners Policy,NY,10001,8/1/2025,8/31/2025,0.4494,1937.36,224.41,52.44,832.32,1,0,0,1,0,3,2,1,0.3333,0.7449,0.3144,0.924162016,1,,0.5,0.3333
120140,Guardian Insurance Partners,Business Owners Policy,NY,10001,9/1/2025,9/30/2025,0.5082,1059.91,93.08,250.16,3254.77,2,0,2,1,0,3,2,1,0.3333,0.7506,0.3144,0.924162016,1,Declined,0.5,0.3333
120141,Vantage & Associates,Workers Comp,NY,11201,1/1/2026,1/31/2026,0.5137,2057.77,246.05,143.43,4182.7,1,2,1,1,0,3,2,1,0.3333,0.8717,0.353,0.953855625,1,Declined,0.5,0.3333
120141,Vantage & Associates,Workers Comp,NY,11201,10/1/2025,10/31/2025,0.4996,2322.17,343.15,392.67,1705.06,2,0,1,0,0,3,2,1,0.3333,0.857,0.353,0.953855625,1,,0.5,0.3333
120141,Vantage & Associates,Workers Comp,NY,11201,11/1/2025,11/30/2025,0.4665,2559.95,9.81,714.64,2185.85,3,0,1,0,0,3,2,1,0.3333,0.8618,0.353,0.953855625,1,Withdrawn,0.5,0.3333
120141,Vantage & Associates,Workers Comp,NY,11201,12/1/2025,12/31/2025,0.4348,3683.72,40.21,862.25,1363.13,1,0,1,1,0,3,2,1,0.3333,0.865,0.353,0.953855625,1,,0.5,0.3333
120141,Vantage & Associates,Workers Comp,NY,11201,2/1/2026,2/28/2026,0.5628,2625.9,242.42,508.82,3642.73,1,1,2,0,0,4,3,1,0.25,0.8875,0.353,0.953855625,1,Withdrawn,0.3333,0.25
120141,Vantage & Associates,Workers Comp,NY,11201,3/1/2026,3/31/2026,0.4483,4916.32,306.12,242.07,3051.43,1,0,1,0,1,3,2,1,0.3333,0.8777,0.353,0.953855625,1,,0.5,0.3333
120141,Vantage & Associates,Workers Comp,NY,11201,4/1/2025,4/30/2025,0.5155,3517.42,58.58,196.83,3811,2,1,1,1,0,3,2,1,0.3333,0.8679,0.353,0.953855625,1,Withdrawn,0.5,0.3333
120141,Vantage & Associates,Workers Comp,NY,11201,5/1/2025,5/31/2025,0.481,4116.44,242.33,42.64,3261.64,1,0,1,0,0,6,4,3,0.5,0.8775,0.353,0.953855625,2,Declined,0.75,0.5
120141,Vantage & Associates,Workers Comp,NY,11201,6/1/2025,6/30/2025,0.5221,889.19,50.53,283.01,1384.28,0,1,0,1,0,5,3,2,0.4,0.8599,0.353,0.953855625,2,Declined,0.6667,0.4
120141,Vantage & Associates,Workers Comp,NY,11201,7/1/2025,7/31/2025,0.574,3043.29,40.1,825.23,6137.13,0,1,1,1,0,3,2,1,0.3333,0.8749,0.353,0.953855625,1,Withdrawn,0.5,0.3333
120141,Vantage & Associates,Workers Comp,NY,11201,8/1/2025,8/31/2025,0.4168,2377.68,127.39,169.82,2759.23,0,0,3,0,0,5,2,1,0.2,0.8812,0.353,0.953855625,3,,0.5,0.2
120141,Vantage & Associates,Workers Comp,NY,11201,9/1/2025,9/30/2025,0.4398,3302.41,335.02,301.36,1772.93,1,0,0,0,0,3,2,1,0.3333,0.8756,0.353,0.953855625,1,Withdrawn,0.5,0.3333
120142,Broadstreet Insurance Group,Commercial Auto,NY,10301,1/1/2026,1/31/2026,0.7402,605.64,1839.96,351.33,3821.42,1,0,0,0,0,3,2,1,0.3333,0.7775,0.2797,0.963452936,1,Withdrawn,0.5,0.3333
120142,Broadstreet Insurance Group,Commercial Auto,NY,10301,10/1/2025,10/31/2025,0.7542,5711.77,1074.94,138.93,6517.2,0,1,1,0,0,3,2,1,0.3333,0.7681,0.2797,0.963452936,1,Declined,0.5,0.3333
120142,Broadstreet Insurance Group,Commercial Auto,NY,10301,11/1/2025,11/30/2025,0.7585,8316.24,476.26,148.99,1743.06,1,1,2,0,0,3,2,1,0.3333,0.7653,0.2797,0.963452936,1,,0.5,0.3333
120142,Broadstreet Insurance Group,Commercial Auto,NY,10301,12/1/2025,12/31/2025,0.7753,2247.19,323.03,141.6,2442.08,2,1,0,0,0,3,2,1,0.3333,0.7788,0.2797,0.963452936,1,,0.5,0.3333
120142,Broadstreet Insurance Group,Commercial Auto,NY,10301,2/1/2026,2/28/2026,0.7254,1972.83,1081.19,466.31,2448.94,0,0,0,0,0,3,2,1,0.3333,0.7845,0.2797,0.963452936,1,Withdrawn,0.5,0.3333
120142,Broadstreet Insurance Group,Commercial Auto,NY,10301,3/1/2026,3/31/2026,0.7462,3595.89,2977.5,118.34,812.45,0,1,0,0,0,3,2,1,0.3333,0.7674,0.2797,0.963452936,1,,0.5,0.3333
120142,Broadstreet Insurance Group,Commercial Auto,NY,10301,4/1/2025,4/30/2025,0.7579,3119.67,56.97,206.73,438.45,0,0,1,0,0,3,2,1,0.3333,0.7756,0.2797,0.963452936,1,Withdrawn,0.5,0.3333
120142,Broadstreet Insurance Group,Commercial Auto,NY,10301,5/1/2025,5/31/2025,0.7644,6923.63,2023.09,478.24,5195.03,1,1,1,0,0,7,4,1,0.1429,0.7699,0.2797,0.963452936,3,,0.25,0.1429
120142,Broadstreet Insurance Group,Commercial Auto,NY,10301,6/1/2025,6/30/2025,0.7289,1151.18,1439.5,112.47,1334.21,0,0,1,1,0,7,5,4,0.5714,0.775,0.2797,0.963452936,2,,0.8,0.5714
120142,Broadstreet Insurance Group,Commercial Auto,NY,10301,7/1/2025,7/31/2025,0.7383,2501.31,898.94,155.5,1859.8,1,0,0,0,0,3,2,1,0.3333,0.768,0.2797,0.963452936,1,,0.5,0.3333
120142,Broadstreet Insurance Group,Commercial Auto,NY,10301,8/1/2025,8/31/2025,0.7433,2187.21,3178.08,344.07,2448.38,1,0,1,0,0,6,5,3,0.5,0.7601,0.2797,0.963452936,1,Declined,0.6,0.5
120142,Broadstreet Insurance Group,Commercial Auto,NY,10301,9/1/2025,9/30/2025,0.7598,1015.81,1641.24,304.14,639.41,1,0,1,0,0,3,2,1,0.3333,0.7636,0.2797,0.963452936,1,,0.5,0.3333
120143,Alliance Insurance Group,Business Owners Policy,NY,14201,1/1/2026,1/31/2026,0.5237,1107.78,206.36,33.97,935.81,0,1,0,0,0,3,2,1,0.3333,0.7498,0.3368,0.877567513,1,,0.5,0.3333
120143,Alliance Insurance Group,Business Owners Policy,NY,14201,10/1/2025,10/31/2025,0.5504,1212.38,126.31,237.57,2893.52,2,1,0,1,0,3,2,1,0.3333,0.7628,0.3368,0.877567513,1,,0.5,0.3333
120143,Alliance Insurance Group,Business Owners Policy,NY,14201,11/1/2025,11/30/2025,0.4638,436.65,170.92,55.43,897.61,2,1,0,1,0,3,2,1,0.3333,0.7552,0.3368,0.877567513,1,Declined,0.5,0.3333
120143,Alliance Insurance Group,Business Owners Policy,NY,14201,12/1/2025,12/31/2025,0.4876,753.03,147.74,361.16,249.11,0,0,2,0,0,3,2,1,0.3333,0.7364,0.3368,0.877567513,1,,0.5,0.3333
120143,Alliance Insurance Group,Business Owners Policy,NY,14201,2/1/2026,2/28/2026,0.4793,2945.09,204.22,83.85,1153.97,1,0,1,0,0,3,2,1,0.3333,0.7676,0.3368,0.877567513,1,Declined,0.5,0.3333
120143,Alliance Insurance Group,Business Owners Policy,NY,14201,3/1/2026,3/31/2026,0.4884,2314.06,167.39,137.05,1352.95,2,1,1,0,0,3,2,1,0.3333,0.7432,0.3368,0.877567513,1,Declined,0.5,0.3333
120143,Alliance Insurance Group,Business Owners Policy,NY,14201,4/1/2025,4/30/2025,0.4527,793.27,166.53,145.09,58.89,1,1,1,1,0,3,2,1,0.3333,0.7331,0.3368,0.877567513,1,,0.5,0.3333
120143,Alliance Insurance Group,Business Owners Policy,NY,14201,5/1/2025,5/31/2025,0.5072,1872.53,181.27,138.18,2831.8,0,1,1,0,0,10,8,4,0.4,0.7561,0.3368,0.877567513,2,,0.5,0.4
120143,Alliance Insurance Group,Business Owners Policy,NY,14201,6/1/2025,6/30/2025,0.5138,349.53,165.57,278.08,671.01,1,0,1,0,0,6,5,4,0.6667,0.7806,0.3368,0.877567513,1,Withdrawn,0.8,0.6667
120143,Alliance Insurance Group,Business Owners Policy,NY,14201,7/1/2025,7/31/2025,0.5186,212.78,274.53,200.72,2476.25,0,0,1,0,0,3,2,1,0.3333,0.7582,0.3368,0.877567513,1,Declined,0.5,0.3333
120143,Alliance Insurance Group,Business Owners Policy,NY,14201,8/1/2025,8/31/2025,0.539,2287.31,201.73,32.7,406.03,0,0,1,0,0,7,6,1,0.1429,0.7667,0.3368,0.877567513,1,Declined,0.1667,0.1429
120143,Alliance Insurance Group,Business Owners Policy,NY,14201,9/1/2025,9/30/2025,0.5641,1037.09,272.69,141.66,1080.34,1,0,1,0,0,3,2,1,0.3333,0.7672,0.3368,0.877567513,1,Declined,0.5,0.3333
120144,Broadstreet Risk Solutions,Workers Comp,NJ,7030,1/1/2026,1/31/2026,0.4895,1698.09,276.67,38.3,4044.91,0,1,1,0,0,3,2,1,0.3333,0.8782,0.3121,0.933792829,1,,0.5,0.3333
120144,Broadstreet Risk Solutions,Workers Comp,NJ,7030,10/1/2025,10/31/2025,0.5406,2102.54,492.86,330.66,6847.41,1,1,2,0,0,3,2,1,0.3333,0.8663,0.3121,0.933792829,1,,0.5,0.3333
120144,Broadstreet Risk Solutions,Workers Comp,NJ,7030,11/1/2025,11/30/2025,0.5261,3762.88,850.97,165.93,1927.22,0,1,0,0,0,3,2,1,0.3333,0.8715,0.3121,0.933792829,1,,0.5,0.3333
120144,Broadstreet Risk Solutions,Workers Comp,NJ,7030,12/1/2025,12/31/2025,0.4539,1427.87,720.93,311.7,1521.81,2,0,0,0,0,3,2,1,0.3333,0.8732,0.3121,0.933792829,1,,0.5,0.3333
120144,Broadstreet Risk Solutions,Workers Comp,NJ,7030,2/1/2026,2/28/2026,0.5529,684.42,582.13,213.41,2270.99,2,1,0,1,0,6,3,2,0.3333,0.8886,0.3121,0.933792829,3,Withdrawn,0.6667,0.3333
120144,Broadstreet Risk Solutions,Workers Comp,NJ,7030,3/1/2026,3/31/2026,0.4503,5462.09,1449.23,344.53,833.51,0,0,0,0,1,4,3,2,0.5,0.8694,0.3121,0.933792829,1,,0.6667,0.5
120144,Broadstreet Risk Solutions,Workers Comp,NJ,7030,4/1/2025,4/30/2025,0.5546,1588.73,572.13,95.17,1796.8,0,0,2,1,0,4,3,2,0.5,0.8766,0.3121,0.933792829,1,Withdrawn,0.6667,0.5
120144,Broadstreet Risk Solutions,Workers Comp,NJ,7030,5/1/2025,5/31/2025,0.5733,2479.98,750.17,33.51,4209.8,0,0,2,0,0,3,2,1,0.3333,0.8885,0.3121,0.933792829,1,Withdrawn,0.5,0.3333
120144,Broadstreet Risk Solutions,Workers Comp,NJ,7030,6/1/2025,6/30/2025,0.5011,3122.9,363.07,555.26,1071.97,1,0,1,1,0,3,2,1,0.3333,0.873,0.3121,0.933792829,1,Withdrawn,0.5,0.3333
120144,Broadstreet Risk Solutions,Workers Comp,NJ,7030,7/1/2025,7/31/2025,0.4593,976.98,373.34,262.48,684.18,1,0,2,1,0,8,6,2,0.25,0.8739,0.3121,0.933792829,2,Withdrawn,0.3333,0.25
120144,Broadstreet Risk Solutions,Workers Comp,NJ,7030,8/1/2025,8/31/2025,0.5635,1230.79,868.17,483.46,1271.88,3,0,1,0,0,3,2,1,0.3333,0.8697,0.3121,0.933792829,1,,0.5,0.3333
120144,Broadstreet Risk Solutions,Workers Comp,NJ,7030,9/1/2025,9/30/2025,0.4924,3872.41,574.92,139.83,1181.31,2,0,1,1,0,3,2,1,0.3333,0.8878,0.3121,0.933792829,1,,0.5,0.3333
120145,Guardian Agency Group,Commercial Auto,NJ,7102,1/1/2026,1/31/2026,0.7568,931.27,575.87,308.71,220.46,0,0,0,0,0,3,2,1,0.3333,0.7852,0.4,0.838697672,1,,0.5,0.3333
120145,Guardian Agency Group,Commercial Auto,NJ,7102,10/1/2025,10/31/2025,0.7618,371.2,1070.74,215.64,1489.46,0,0,0,0,0,5,4,3,0.6,0.7735,0.4,0.838697672,1,,0.75,0.6
120145,Guardian Agency Group,Commercial Auto,NJ,7102,11/1/2025,11/30/2025,0.7584,920.64,214.76,90.47,614.54,1,0,1,1,0,5,3,1,0.2,0.7765,0.4,0.838697672,2,Withdrawn,0.3333,0.2
120145,Guardian Agency Group,Commercial Auto,NJ,7102,12/1/2025,12/31/2025,0.7534,979.01,132.25,138.81,734.76,0,0,1,0,0,4,2,1,0.25,0.7613,0.4,0.838697672,2,,0.5,0.25
120145,Guardian Agency Group,Commercial Auto,NJ,7102,2/1/2026,2/28/2026,0.7584,1370.21,712.78,50.07,1201.01,1,1,0,0,0,3,2,1,0.3333,0.7729,0.4,0.838697672,1,Declined,0.5,0.3333
120145,Guardian Agency Group,Commercial Auto,NJ,7102,3/1/2026,3/31/2026,0.7688,803.21,910.89,69.95,829.48,0,0,1,0,0,3,2,1,0.3333,0.7698,0.4,0.838697672,1,Declined,0.5,0.3333
120145,Guardian Agency Group,Commercial Auto,NJ,7102,4/1/2025,4/30/2025,0.7624,1013.36,1248.65,4.84,249.51,0,0,1,0,0,3,2,1,0.3333,0.7893,0.4,0.838697672,1,,0.5,0.3333
120145,Guardian Agency Group,Commercial Auto,NJ,7102,5/1/2025,5/31/2025,0.7747,673.29,108.22,286.57,323.76,0,1,0,0,0,5,3,2,0.4,0.7613,0.4,0.838697672,2,,0.6667,0.4
120145,Guardian Agency Group,Commercial Auto,NJ,7102,6/1/2025,6/30/2025,0.7569,1007.95,782.44,199.16,443.44,1,1,0,0,0,3,2,1,0.3333,0.766,0.4,0.838697672,1,,0.5,0.3333
120145,Guardian Agency Group,Commercial Auto,NJ,7102,7/1/2025,7/31/2025,0.7655,551.22,1097.31,89.86,1722.75,1,0,0,0,0,3,2,1,0.3333,0.7738,0.4,0.838697672,1,Declined,0.5,0.3333
120145,Guardian Agency Group,Commercial Auto,NJ,7102,8/1/2025,8/31/2025,0.7754,561.31,748.48,157.85,1085.13,1,0,0,0,0,3,2,1,0.3333,0.774,0.4,0.838697672,1,,0.5,0.3333
120145,Guardian Agency Group,Commercial Auto,NJ,7102,9/1/2025,9/30/2025,0.7623,815.18,3217.87,96.53,669.86,0,0,1,0,0,3,2,1,0.3333,0.7806,0.4,0.838697672,1,Declined,0.5,0.3333
120146,Liberty Risk Consultants,Business Owners Policy,NJ,8401,1/1/2026,1/31/2026,0.5453,213.31,0,35.28,512.28,2,1,1,0,0,3,2,1,0.3333,0.7723,0.2999,0.862531899,1,Declined,0.5,0.3333
120146,Liberty Risk Consultants,Business Owners Policy,NJ,8401,10/1/2025,10/31/2025,0.4777,616.47,0,49.08,2859.29,1,0,1,0,0,3,2,1,0.3333,0.7525,0.2999,0.862531899,1,,0.5,0.3333
120146,Liberty Risk Consultants,Business Owners Policy,NJ,8401,11/1/2025,11/30/2025,0.4977,182.69,0,65.26,923.23,0,0,2,1,0,5,4,3,0.6,0.7319,0.2999,0.862531899,1,,0.75,0.6
120146,Liberty Risk Consultants,Business Owners Policy,NJ,8401,12/1/2025,12/31/2025,0.5275,777.96,0,184.81,1574.97,0,0,0,1,0,3,2,1,0.3333,0.7474,0.2999,0.862531899,1,,0.5,0.3333
120146,Liberty Risk Consultants,Business Owners Policy,NJ,8401,2/1/2026,2/28/2026,0.4374,260.78,0,136.33,931.68,1,1,1,0,0,3,2,1,0.3333,0.7673,0.2999,0.862531899,1,Declined,0.5,0.3333
120146,Liberty Risk Consultants,Business Owners Policy,NJ,8401,3/1/2026,3/31/2026,0.5178,954.39,0,299.99,629.94,0,1,1,0,0,3,2,1,0.3333,0.7436,0.2999,0.862531899,1,,0.5,0.3333
120146,Liberty Risk Consultants,Business Owners Policy,NJ,8401,4/1/2025,4/30/2025,0.5152,2076.91,0,76.68,410.91,0,0,1,0,0,4,3,2,0.5,0.7251,0.2999,0.862531899,1,,0.6667,0.5
120146,Liberty Risk Consultants,Business Owners Policy,NJ,8401,5/1/2025,5/31/2025,0.4714,3199.93,0,216.35,238.39,1,0,0,1,0,4,3,2,0.5,0.7221,0.2999,0.862531899,1,,0.6667,0.5
120146,Liberty Risk Consultants,Business Owners Policy,NJ,8401,6/1/2025,6/30/2025,0.4484,1273.11,0,65.77,584.58,2,0,0,0,0,3,2,1,0.3333,0.7182,0.2999,0.862531899,1,Declined,0.5,0.3333
120146,Liberty Risk Consultants,Business Owners Policy,NJ,8401,7/1/2025,7/31/2025,0.5046,1349.19,0,36.46,2023.32,1,0,1,0,0,4,3,1,0.25,0.7474,0.2999,0.862531899,1,Withdrawn,0.3333,0.25
120146,Liberty Risk Consultants,Business Owners Policy,NJ,8401,8/1/2025,8/31/2025,0.5216,1058.4,0,75.92,1076.24,1,0,1,0,0,5,4,2,0.4,0.7532,0.2999,0.862531899,1,Withdrawn,0.5,0.4
120146,Liberty Risk Consultants,Business Owners Policy,NJ,8401,9/1/2025,9/30/2025,0.5116,1026.22,0,13.58,600.93,0,1,0,0,0,4,2,1,0.25,0.76,0.2999,0.862531899,2,,0.5,0.25
120147,Meridian Risk Advisors,Workers Comp,NJ,7601,1/1/2026,1/31/2026,0.6215,691.96,77.91,137.88,982.21,0,0,0,0,0,3,2,1,0.3333,0.8836,0.3184,0.849865515,1,Withdrawn,0.5,0.3333
120147,Meridian Risk Advisors,Workers Comp,NJ,7601,10/1/2025,10/31/2025,0.5918,576.73,570.29,25.14,494.25,0,0,0,0,0,3,2,1,0.3333,0.8699,0.3184,0.849865515,1,Declined,0.5,0.3333
120147,Meridian Risk Advisors,Workers Comp,NJ,7601,11/1/2025,11/30/2025,0.4437,1384.32,285.03,22.61,1491.38,0,0,1,0,0,7,4,3,0.4286,0.8839,0.3184,0.849865515,3,,0.75,0.4286
120147,Meridian Risk Advisors,Workers Comp,NJ,7601,12/1/2025,12/31/2025,0.5107,440.48,518.33,156.84,1103.08,1,0,0,0,0,4,3,2,0.5,0.8601,0.3184,0.849865515,1,Withdrawn,0.6667,0.5
120147,Meridian Risk Advisors,Workers Comp,NJ,7601,2/1/2026,2/28/2026,0.5508,198.81,265.44,140.2,1622.71,0,0,0,0,0,4,3,2,0.5,0.8735,0.3184,0.849865515,1,,0.6667,0.5
120147,Meridian Risk Advisors,Workers Comp,NJ,7601,3/1/2026,3/31/2026,0.5478,226.63,364.3,25.28,1120.11,1,1,1,0,0,3,2,1,0.3333,0.8861,0.3184,0.849865515,1,,0.5,0.3333
120147,Meridian Risk Advisors,Workers Comp,NJ,7601,4/1/2025,4/30/2025,0.5724,2335.64,151.05,32.1,700.86,1,1,0,0,0,3,2,1,0.3333,0.8767,0.3184,0.849865515,1,,0.5,0.3333
120147,Meridian Risk Advisors,Workers Comp,NJ,7601,5/1/2025,5/31/2025,0.5023,1047.75,816.64,123.61,835.53,1,0,0,0,0,3,2,1,0.3333,0.8846,0.3184,0.849865515,1,,0.5,0.3333
120147,Meridian Risk Advisors,Workers Comp,NJ,7601,6/1/2025,6/30/2025,0.5268,1316.51,92.43,147.04,632.5,0,0,1,0,0,3,2,1,0.3333,0.8757,0.3184,0.849865515,1,,0.5,0.3333
120147,Meridian Risk Advisors,Workers Comp,NJ,7601,7/1/2025,7/31/2025,0.5496,1018.81,190.58,167.61,852.85,0,0,1,0,0,3,2,1,0.3333,0.861,0.3184,0.849865515,1,,0.5,0.3333
120147,Meridian Risk Advisors,Workers Comp,NJ,7601,8/1/2025,8/31/2025,0.4601,745.04,240.8,127.78,103.97,1,0,0,1,0,4,3,1,0.25,0.8709,0.3184,0.849865515,1,Withdrawn,0.3333,0.25
120147,Meridian Risk Advisors,Workers Comp,NJ,7601,9/1/2025,9/30/2025,0.5049,1319.8,462.44,131.53,385.73,0,0,1,0,0,4,3,1,0.25,0.8648,0.3184,0.849865515,1,Withdrawn,0.3333,0.25
120148,Guardian Insurance Partners,Commercial Auto,PA,19103,1/1/2026,1/31/2026,0.7682,4302.32,0,138.35,2409.08,1,1,1,1,0,4,3,2,0.5,0.7777,0.3209,0.936205532,1,Declined,0.6667,0.5
120148,Guardian Insurance Partners,Commercial Auto,PA,19103,10/1/2025,10/31/2025,0.7343,100.99,0,389.43,918.93,1,1,1,1,0,3,2,1,0.3333,0.7806,0.3209,0.936205532,1,Declined,0.5,0.3333
120148,Guardian Insurance Partners,Commercial Auto,PA,19103,11/1/2025,11/30/2025,0.77,3356.52,0,169.98,2821.07,1,0,1,0,0,3,2,1,0.3333,0.7811,0.3209,0.936205532,1,,0.5,0.3333
120148,Guardian Insurance Partners,Commercial Auto,PA,19103,12/1/2025,12/31/2025,0.7656,1082.25,0,214.39,5826.84,1,0,0,1,0,3,2,1,0.3333,0.7689,0.3209,0.936205532,1,,0.5,0.3333
120148,Guardian Insurance Partners,Commercial Auto,PA,19103,2/1/2026,2/28/2026,0.7697,2335.99,0,457.74,3004.81,0,1,1,0,0,3,2,1,0.3333,0.7777,0.3209,0.936205532,1,,0.5,0.3333
120148,Guardian Insurance Partners,Commercial Auto,PA,19103,3/1/2026,3/31/2026,0.7548,7620.34,0,29.47,2833.98,2,0,2,1,0,3,2,1,0.3333,0.7753,0.3209,0.936205532,1,Withdrawn,0.5,0.3333
120148,Guardian Insurance Partners,Commercial Auto,PA,19103,4/1/2025,4/30/2025,0.7692,1359.43,0,381.38,533.1,0,0,0,0,0,3,2,1,0.3333,0.7751,0.3209,0.936205532,1,,0.5,0.3333
120148,Guardian Insurance Partners,Commercial Auto,PA,19103,5/1/2025,5/31/2025,0.7414,520.06,0,130.25,1108.73,1,1,3,0,0,4,2,1,0.25,0.7657,0.3209,0.936205532,2,,0.5,0.25
120148,Guardian Insurance Partners,Commercial Auto,PA,19103,6/1/2025,6/30/2025,0.7705,571.21,0,331.85,3767.67,1,0,1,1,0,4,3,2,0.5,0.7662,0.3209,0.936205532,1,Withdrawn,0.6667,0.5
120148,Guardian Insurance Partners,Commercial Auto,PA,19103,7/1/2025,7/31/2025,0.749,706.76,0,475.71,1204.13,0,1,0,0,0,4,2,1,0.25,0.7745,0.3209,0.936205532,2,Declined,0.5,0.25
120148,Guardian Insurance Partners,Commercial Auto,PA,19103,8/1/2025,8/31/2025,0.7488,2872.81,0,97.18,3498.08,2,1,1,0,0,8,7,5,0.625,0.7806,0.3209,0.936205532,1,Withdrawn,0.7143,0.625
120148,Guardian Insurance Partners,Commercial Auto,PA,19103,9/1/2025,9/30/2025,0.7508,4343.81,0,407.76,1246.07,2,0,1,1,0,5,3,1,0.2,0.7787,0.3209,0.936205532,2,Declined,0.3333,0.2
120149,Landmark Insurance Co.,Business Owners Policy,PA,15222,1/1/2026,1/31/2026,0.4876,1000.75,358.8,160.48,7913.4,1,0,1,0,0,11,7,2,0.1818,0.7498,0.2875,1,4,Declined,0.2857,0.1818
120149,Landmark Insurance Co.,Business Owners Policy,PA,15222,10/1/2025,10/31/2025,0.4995,5075.45,101.17,185,2426.92,0,0,2,1,0,6,5,2,0.3333,0.7799,0.2875,1,1,Withdrawn,0.4,0.3333
120149,Landmark Insurance Co.,Business Owners Policy,PA,15222,11/1/2025,11/30/2025,0.4826,4968.5,415.38,501.28,952.24,1,0,0,1,0,7,6,5,0.7143,0.7474,0.2875,1,1,,0.8333,0.7143
120149,Landmark Insurance Co.,Business Owners Policy,PA,15222,12/1/2025,12/31/2025,0.4914,1968.4,47.16,469.73,6209,2,0,2,0,0,3,2,1,0.3333,0.74,0.2875,1,1,,0.5,0.3333
120149,Landmark Insurance Co.,Business Owners Policy,PA,15222,2/1/2026,2/28/2026,0.5048,5032.45,88.46,379.59,2166.71,1,1,1,1,0,3,2,1,0.3333,0.7308,0.2875,1,1,,0.5,0.3333
120149,Landmark Insurance Co.,Business Owners Policy,PA,15222,3/1/2026,3/31/2026,0.4722,2678.56,112.56,167.16,5539.91,2,1,2,0,0,3,2,1,0.3333,0.7565,0.2875,1,1,Withdrawn,0.5,0.3333
120149,Landmark Insurance Co.,Business Owners Policy,PA,15222,4/1/2025,4/30/2025,0.5017,8069.35,451.97,177.78,3410.02,1,1,0,0,0,3,2,1,0.3333,0.7773,0.2875,1,1,,0.5,0.3333
120149,Landmark Insurance Co.,Business Owners Policy,PA,15222,5/1/2025,5/31/2025,0.479,5226.88,82.06,710.9,5488.93,0,0,2,0,0,3,2,1,0.3333,0.7599,0.2875,1,1,Withdrawn,0.5,0.3333
120149,Landmark Insurance Co.,Business Owners Policy,PA,15222,6/1/2025,6/30/2025,0.5018,6284.14,330.62,527.41,966.77,2,0,0,0,0,3,2,1,0.3333,0.7339,0.2875,1,1,Declined,0.5,0.3333
120149,Landmark Insurance Co.,Business Owners Policy,PA,15222,7/1/2025,7/31/2025,0.565,16127.85,401.31,543.21,1589.33,2,1,2,1,0,3,2,1,0.3333,0.72,0.2875,1,1,Declined,0.5,0.3333
120149,Landmark Insurance Co.,Business Owners Policy,PA,15222,8/1/2025,8/31/2025,0.4885,2990.28,445.62,984.74,7195.88,1,1,1,1,0,3,2,1,0.3333,0.7756,0.2875,1,1,Withdrawn,0.5,0.3333
120149,Landmark Insurance Co.,Business Owners Policy,PA,15222,9/1/2025,9/30/2025,0.4605,2900.35,110.75,318.24,2768.27,2,1,2,0,0,4,3,2,0.5,0.7438,0.2875,1,1,,0.6667,0.5
120150,Prestige Insurance Co.,Workers Comp,PA,17101,1/1/2026,1/31/2026,0.5657,681.97,0,266.21,566.03,0,1,1,0,0,5,4,3,0.6,0.8724,0.3169,0.886981378,1,Withdrawn,0.75,0.6
120150,Prestige Insurance Co.,Workers Comp,PA,17101,10/1/2025,10/31/2025,0.4701,954.04,0,53.55,2787.14,1,0,0,0,0,3,2,1,0.3333,0.8685,0.3169,0.886981378,1,,0.5,0.3333
120150,Prestige Insurance Co.,Workers Comp,PA,17101,11/1/2025,11/30/2025,0.5653,2794.92,0,150.77,2152.2,2,1,0,1,0,3,2,1,0.3333,0.8633,0.3169,0.886981378,1,,0.5,0.3333
120150,Prestige Insurance Co.,Workers Comp,PA,17101,12/1/2025,12/31/2025,0.4628,2119.41,0,53.68,684.02,1,0,1,0,0,3,2,1,0.3333,0.8858,0.3169,0.886981378,1,Withdrawn,0.5,0.3333
120150,Prestige Insurance Co.,Workers Comp,PA,17101,2/1/2026,2/28/2026,0.5249,1315.21,0,117.42,1614.28,1,0,1,0,0,7,4,3,0.4286,0.8637,0.3169,0.886981378,3,Withdrawn,0.75,0.4286
120150,Prestige Insurance Co.,Workers Comp,PA,17101,3/1/2026,3/31/2026,0.4796,943.5,0,190.27,1150.27,0,0,1,1,0,3,2,1,0.3333,0.8764,0.3169,0.886981378,1,,0.5,0.3333
120150,Prestige Insurance Co.,Workers Comp,PA,17101,4/1/2025,4/30/2025,0.4375,736.36,0,125.91,2888.13,0,0,0,0,0,8,7,5,0.625,0.8649,0.3169,0.886981378,1,,0.7143,0.625
120150,Prestige Insurance Co.,Workers Comp,PA,17101,5/1/2025,5/31/2025,0.4635,482.19,0,138.76,1717.82,0,0,1,0,0,3,2,1,0.3333,0.8806,0.3169,0.886981378,1,,0.5,0.3333
120150,Prestige Insurance Co.,Workers Comp,PA,17101,6/1/2025,6/30/2025,0.4757,736.72,0,151.28,711.45,0,1,1,1,0,3,2,1,0.3333,0.8696,0.3169,0.886981378,1,,0.5,0.3333
120150,Prestige Insurance Co.,Workers Comp,PA,17101,7/1/2025,7/31/2025,0.4291,2669.05,0,110.32,1026.83,1,0,0,0,0,4,2,1,0.25,0.8747,0.3169,0.886981378,2,Withdrawn,0.5,0.25
120150,Prestige Insurance Co.,Workers Comp,PA,17101,8/1/2025,8/31/2025,0.6547,2196.67,0,276.66,1123.84,0,0,0,0,0,3,2,1,0.3333,0.8741,0.3169,0.886981378,1,Withdrawn,0.5,0.3333
120150,Prestige Insurance Co.,Workers Comp,PA,17101,9/1/2025,9/30/2025,0.4671,1360.26,0,190.88,568.29,1,0,1,1,0,3,2,1,0.3333,0.8764,0.3169,0.886981378,1,Withdrawn,0.5,0.3333
120151,Nexus Brokerage,Commercial Auto,PA,18501,1/1/2026,1/31/2026,0.7637,759.98,2299.29,142.69,1005.28,2,0,0,0,0,3,2,1,0.3333,0.7791,0.2924,0.90713981,1,Declined,0.5,0.3333
120151,Nexus Brokerage,Commercial Auto,PA,18501,10/1/2025,10/31/2025,0.7582,265.15,3849.07,187.58,1180.53,0,0,0,0,0,3,2,1,0.3333,0.7787,0.2924,0.90713981,1,,0.5,0.3333
120151,Nexus Brokerage,Commercial Auto,PA,18501,11/1/2025,11/30/2025,0.7555,1558.38,13269.27,47.89,196.5,1,1,1,0,0,4,3,2,0.5,0.788,0.2924,0.90713981,1,,0.6667,0.5
120151,Nexus Brokerage,Commercial Auto,PA,18501,12/1/2025,12/31/2025,0.7771,1961.73,3311.23,47.77,1067.25,1,0,0,0,0,3,2,1,0.3333,0.7688,0.2924,0.90713981,1,Withdrawn,0.5,0.3333
120151,Nexus Brokerage,Commercial Auto,PA,18501,2/1/2026,2/28/2026,0.7338,5482.94,3084.01,89.04,1597.8,0,0,1,0,0,4,3,2,0.5,0.7725,0.2924,0.90713981,1,,0.6667,0.5
120151,Nexus Brokerage,Commercial Auto,PA,18501,3/1/2026,3/31/2026,0.7764,1903.83,8800.49,167.28,1698.9,1,1,1,0,0,3,2,1,0.3333,0.7882,0.2924,0.90713981,1,,0.5,0.3333
120151,Nexus Brokerage,Commercial Auto,PA,18501,4/1/2025,4/30/2025,0.739,965.33,1915.55,196.13,2087.77,0,1,1,0,0,4,3,2,0.5,0.7774,0.2924,0.90713981,1,Declined,0.6667,0.5
120151,Nexus Brokerage,Commercial Auto,PA,18501,5/1/2025,5/31/2025,0.7312,1384.02,3709.38,256.06,1339.81,1,0,0,0,0,3,2,1,0.3333,0.7866,0.2924,0.90713981,1,Declined,0.5,0.3333
120151,Nexus Brokerage,Commercial Auto,PA,18501,6/1/2025,6/30/2025,0.7769,1401.52,5490.23,193.18,545.22,1,2,1,0,0,8,5,4,0.5,0.7608,0.2924,0.90713981,3,Withdrawn,0.8,0.5
120151,Nexus Brokerage,Commercial Auto,PA,18501,7/1/2025,7/31/2025,0.7487,770.71,8021.24,210.77,916.05,1,0,1,0,0,3,2,1,0.3333,0.7656,0.2924,0.90713981,1,,0.5,0.3333
120151,Nexus Brokerage,Commercial Auto,PA,18501,8/1/2025,8/31/2025,0.7607,744.33,2212.96,194.35,2408.14,0,0,2,0,0,3,2,1,0.3333,0.7658,0.2924,0.90713981,1,Withdrawn,0.5,0.3333
120151,Nexus Brokerage,Commercial Auto,PA,18501,9/1/2025,9/30/2025,0.7522,4002.6,12748.17,160.67,1346.54,0,1,0,1,0,3,2,1,0.3333,0.7799,0.2924,0.90713981,1,Declined,0.5,0.3333
120152,Gateway & Associates,Business Owners Policy,NY,10001,1/1/2026,1/31/2026,0.5614,4098.95,0,125.75,1391.38,0,1,1,0,1,5,3,1,0.2,0.781,0.3271,0.930266913,2,,0.3333,0.2
120152,Gateway & Associates,Business Owners Policy,NY,10001,10/1/2025,10/31/2025,0.5267,1336.48,0,113.9,2086.58,2,1,1,0,0,3,2,1,0.3333,0.766,0.3271,0.930266913,1,Withdrawn,0.5,0.3333
120152,Gateway & Associates,Business Owners Policy,NY,10001,11/1/2025,11/30/2025,0.5076,700.75,0,52.44,3626.66,1,0,0,0,0,4,2,1,0.25,0.7521,0.3271,0.930266913,2,Declined,0.5,0.25
120152,Gateway & Associates,Business Owners Policy,NY,10001,12/1/2025,12/31/2025,0.4863,602.79,0,431.34,1967.63,0,0,0,0,0,4,3,2,0.5,0.7479,0.3271,0.930266913,1,Declined,0.6667,0.5
120152,Gateway & Associates,Business Owners Policy,NY,10001,2/1/2026,2/28/2026,0.5187,2121.96,0,273.88,773.04,2,0,1,0,0,5,3,2,0.4,0.7493,0.3271,0.930266913,2,Withdrawn,0.6667,0.4
120152,Gateway & Associates,Business Owners Policy,NY,10001,3/1/2026,3/31/2026,0.4895,4566.91,0,298.47,4372.09,0,0,0,0,0,3,2,1,0.3333,0.7379,0.3271,0.930266913,1,,0.5,0.3333
120152,Gateway & Associates,Business Owners Policy,NY,10001,4/1/2025,4/30/2025,0.5241,628.74,0,836.1,3332.52,2,0,1,0,0,3,2,1,0.3333,0.7414,0.3271,0.930266913,1,Withdrawn,0.5,0.3333
120152,Gateway & Associates,Business Owners Policy,NY,10001,5/1/2025,5/31/2025,0.5477,4358.23,0,116.09,2413.04,1,0,3,0,0,3,2,1,0.3333,0.7622,0.3271,0.930266913,1,,0.5,0.3333
120152,Gateway & Associates,Business Owners Policy,NY,10001,6/1/2025,6/30/2025,0.5202,3114.26,0,59.06,836.14,1,2,0,0,0,3,2,1,0.3333,0.7633,0.3271,0.930266913,1,,0.5,0.3333
120152,Gateway & Associates,Business Owners Policy,NY,10001,7/1/2025,7/31/2025,0.5138,2459.16,0,523.25,321.57,0,1,1,1,0,4,3,1,0.25,0.785,0.3271,0.930266913,1,,0.3333,0.25
120152,Gateway & Associates,Business Owners Policy,NY,10001,8/1/2025,8/31/2025,0.5082,825.26,0,174.26,1541.53,0,0,1,1,0,3,2,1,0.3333,0.7398,0.3271,0.930266913,1,Declined,0.5,0.3333
120152,Gateway & Associates,Business Owners Policy,NY,10001,9/1/2025,9/30/2025,0.4847,2517.15,0,93.77,4260.89,1,1,1,0,0,3,2,1,0.3333,0.744,0.3271,0.930266913,1,,0.5,0.3333
120153,Summit Risk Solutions,Workers Comp,NY,11201,1/1/2026,1/31/2026,0.4472,4391.35,432.92,95.83,1002.29,1,0,1,1,0,4,3,2,0.5,0.8785,0.2507,0.93429995,1,Withdrawn,0.6667,0.5
120153,Summit Risk Solutions,Workers Comp,NY,11201,10/1/2025,10/31/2025,0.4391,1510.09,1550.46,87.1,837.18,1,1,1,0,0,5,4,3,0.6,0.8666,0.2507,0.93429995,1,Declined,0.75,0.6
120153,Summit Risk Solutions,Workers Comp,NY,11201,11/1/2025,11/30/2025,0.5335,1721.04,820.5,57.67,3679.85,1,0,0,0,0,4,3,2,0.5,0.8598,0.2507,0.93429995,1,Declined,0.6667,0.5
120153,Summit Risk Solutions,Workers Comp,NY,11201,12/1/2025,12/31/2025,0.5806,2353.24,213.23,54.87,361.51,0,1,1,0,0,3,2,1,0.3333,0.8674,0.2507,0.93429995,1,,0.5,0.3333
120153,Summit Risk Solutions,Workers Comp,NY,11201,2/1/2026,2/28/2026,0.4394,373.6,171.01,107.79,119.03,1,2,1,0,0,3,2,1,0.3333,0.8695,0.2507,0.93429995,1,,0.5,0.3333
120153,Summit Risk Solutions,Workers Comp,NY,11201,3/1/2026,3/31/2026,0.443,7837.38,167.62,44.7,91.11,0,0,1,0,0,3,2,1,0.3333,0.8765,0.2507,0.93429995,1,,0.5,0.3333
120153,Summit Risk Solutions,Workers Comp,NY,11201,4/1/2025,4/30/2025,0.487,3079.04,979.78,25.72,467.34,1,0,1,0,0,3,2,1,0.3333,0.8669,0.2507,0.93429995,1,Withdrawn,0.5,0.3333
120153,Summit Risk Solutions,Workers Comp,NY,11201,5/1/2025,5/31/2025,0.4483,914.13,743.4,42.8,566.08,2,0,0,0,0,3,2,1,0.3333,0.8697,0.2507,0.93429995,1,,0.5,0.3333
120153,Summit Risk Solutions,Workers Comp,NY,11201,6/1/2025,6/30/2025,0.4809,1966.47,238.07,273.39,956.15,1,1,1,0,0,3,2,1,0.3333,0.8729,0.2507,0.93429995,1,Withdrawn,0.5,0.3333
120153,Summit Risk Solutions,Workers Comp,NY,11201,7/1/2025,7/31/2025,0.4949,1204.46,162.78,78.37,210.06,1,1,1,0,0,4,2,1,0.25,0.8798,0.2507,0.93429995,2,,0.5,0.25
120153,Summit Risk Solutions,Workers Comp,NY,11201,8/1/2025,8/31/2025,0.5158,2541.27,937.18,33.35,574.99,1,0,1,0,0,3,2,1,0.3333,0.8612,0.2507,0.93429995,1,,0.5,0.3333
120153,Summit Risk Solutions,Workers Comp,NY,11201,9/1/2025,9/30/2025,0.5092,676.27,635.19,81.65,219.43,0,1,1,0,0,4,3,1,0.25,0.8824,0.2507,0.93429995,1,Declined,0.3333,0.25
120154,Coastal Insurance Services,Commercial Auto,NY,10301,1/1/2026,1/31/2026,0.754,1723.1,0,306.56,32.13,0,0,1,0,0,5,4,3,0.6,0.7821,0.3297,0.971312698,1,,0.75,0.6
120154,Coastal Insurance Services,Commercial Auto,NY,10301,10/1/2025,10/31/2025,0.7422,4996.49,0,663.66,2238.91,1,0,1,0,0,3,2,1,0.3333,0.7837,0.3297,0.971312698,1,,0.5,0.3333
120154,Coastal Insurance Services,Commercial Auto,NY,10301,11/1/2025,11/30/2025,0.7306,905.56,0,601.04,2434.06,0,1,1,0,0,3,2,1,0.3333,0.7708,0.3297,0.971312698,1,Withdrawn,0.5,0.3333
120154,Coastal Insurance Services,Commercial Auto,NY,10301,12/1/2025,12/31/2025,0.7535,8636.96,0,423.98,6681.92,1,1,0,0,0,3,2,1,0.3333,0.7683,0.3297,0.971312698,1,Withdrawn,0.5,0.3333
120154,Coastal Insurance Services,Commercial Auto,NY,10301,2/1/2026,2/28/2026,0.7512,2175.48,0,388.9,2885.97,2,0,1,0,0,5,3,2,0.4,0.7853,0.3297,0.971312698,2,Withdrawn,0.6667,0.4
120154,Coastal Insurance Services,Commercial Auto,NY,10301,3/1/2026,3/31/2026,0.7361,4240.04,0,257.45,2172.85,1,1,1,0,0,3,2,1,0.3333,0.7726,0.3297,0.971312698,1,,0.5,0.3333
120154,Coastal Insurance Services,Commercial Auto,NY,10301,4/1/2025,4/30/2025,0.7546,2640.8,0,173.43,7067.08,1,1,1,1,0,3,2,1,0.3333,0.7764,0.3297,0.971312698,1,,0.5,0.3333
120154,Coastal Insurance Services,Commercial Auto,NY,10301,5/1/2025,5/31/2025,0.7685,4397.8,0,233.32,2018.77,2,0,2,0,0,3,2,1,0.3333,0.7851,0.3297,0.971312698,1,Withdrawn,0.5,0.3333
120154,Coastal Insurance Services,Commercial Auto,NY,10301,6/1/2025,6/30/2025,0.7658,1831.79,0,726.56,6487.31,1,1,1,1,0,3,2,1,0.3333,0.771,0.3297,0.971312698,1,,0.5,0.3333
120154,Coastal Insurance Services,Commercial Auto,NY,10301,7/1/2025,7/31/2025,0.7727,4697.79,0,538.21,5625.03,0,0,1,1,0,4,2,1,0.25,0.7887,0.3297,0.971312698,2,Withdrawn,0.5,0.25
120154,Coastal Insurance Services,Commercial Auto,NY,10301,8/1/2025,8/31/2025,0.7524,1182.63,0,254.29,1391.57,0,1,1,0,0,4,2,1,0.25,0.7825,0.3297,0.971312698,2,Declined,0.5,0.25
120154,Coastal Insurance Services,Commercial Auto,NY,10301,9/1/2025,9/30/2025,0.761,5467.16,0,336.18,3373.05,2,1,0,0,0,3,2,1,0.3333,0.7654,0.3297,0.971312698,1,,0.5,0.3333
120155,Landmark Insurance Co.,Business Owners Policy,NY,14201,1/1/2026,1/31/2026,0.5003,4514.53,7818.63,63.5,1211.11,1,0,0,1,0,3,2,1,0.3333,0.7768,0.2725,0.964839103,1,Withdrawn,0.5,0.3333
120155,Landmark Insurance Co.,Business Owners Policy,NY,14201,10/1/2025,10/31/2025,0.5009,4943.96,798.52,64.29,707.94,1,0,1,0,0,3,2,1,0.3333,0.7528,0.2725,0.964839103,1,Withdrawn,0.5,0.3333
120155,Landmark Insurance Co.,Business Owners Policy,NY,14201,11/1/2025,11/30/2025,0.5305,273.21,2088.79,148.75,2260.71,1,1,2,1,0,3,2,1,0.3333,0.7456,0.2725,0.964839103,1,Declined,0.5,0.3333
120155,Landmark Insurance Co.,Business Owners Policy,NY,14201,12/1/2025,12/31/2025,0.4713,638.24,3139.77,398.34,983.22,2,0,1,0,0,3,2,1,0.3333,0.7528,0.2725,0.964839103,1,,0.5,0.3333
120155,Landmark Insurance Co.,Business Owners Policy,NY,14201,2/1/2026,2/28/2026,0.5247,5575.89,2241.59,174.11,1720.98,1,1,1,0,0,9,8,7,0.7778,0.7519,0.2725,0.964839103,1,Declined,0.875,0.7778
120155,Landmark Insurance Co.,Business Owners Policy,NY,14201,3/1/2026,3/31/2026,0.5275,9101.2,1931.83,152.83,1358.48,2,0,2,1,0,3,2,1,0.3333,0.7402,0.2725,0.964839103,1,Declined,0.5,0.3333
120155,Landmark Insurance Co.,Business Owners Policy,NY,14201,4/1/2025,4/30/2025,0.4996,428.89,1715.22,575.53,2179.81,2,0,3,0,0,6,5,2,0.3333,0.7356,0.2725,0.964839103,1,,0.4,0.3333
120155,Landmark Insurance Co.,Business Owners Policy,NY,14201,5/1/2025,5/31/2025,0.5013,321.88,158.68,125.77,713.7,0,1,0,0,0,3,2,1,0.3333,0.7668,0.2725,0.964839103,1,,0.5,0.3333
120155,Landmark Insurance Co.,Business Owners Policy,NY,14201,6/1/2025,6/30/2025,0.4625,6747.2,2395.19,119.61,3022.01,2,0,1,1,0,3,2,1,0.3333,0.7346,0.2725,0.964839103,1,,0.5,0.3333
120155,Landmark Insurance Co.,Business Owners Policy,NY,14201,7/1/2025,7/31/2025,0.4457,2985.74,245.87,76.51,3112.61,1,1,1,0,0,4,3,2,0.5,0.7649,0.2725,0.964839103,1,Declined,0.6667,0.5
120155,Landmark Insurance Co.,Business Owners Policy,NY,14201,8/1/2025,8/31/2025,0.5531,1077.66,2035.19,248.36,1397.14,0,1,1,1,0,8,7,4,0.5,0.7337,0.2725,0.964839103,1,Declined,0.5714,0.5
120155,Landmark Insurance Co.,Business Owners Policy,NY,14201,9/1/2025,9/30/2025,0.491,3343.54,1100.7,266.98,1009.32,0,0,0,0,0,3,2,1,0.3333,0.7358,0.2725,0.964839103,1,,0.5,0.3333
120156,Sterling Insurance Group,Workers Comp,NJ,7030,1/1/2026,1/31/2026,0.4862,1428.71,0,131.28,2612.79,1,1,1,0,0,8,4,3,0.375,0.8661,0.3082,0.926662514,4,Declined,0.75,0.375
120156,Sterling Insurance Group,Workers Comp,NJ,7030,10/1/2025,10/31/2025,0.5558,1462.51,0,521.65,672.39,1,0,0,0,0,3,2,1,0.3333,0.8805,0.3082,0.926662514,1,Declined,0.5,0.3333
120156,Sterling Insurance Group,Workers Comp,NJ,7030,11/1/2025,11/30/2025,0.4481,2313.39,0,91.24,781.12,1,1,0,0,0,3,2,1,0.3333,0.8812,0.3082,0.926662514,1,Declined,0.5,0.3333
120156,Sterling Insurance Group,Workers Comp,NJ,7030,12/1/2025,12/31/2025,0.4768,2029.34,0,393.67,358.78,2,0,1,0,0,3,2,1,0.3333,0.8668,0.3082,0.926662514,1,,0.5,0.3333
120156,Sterling Insurance Group,Workers Comp,NJ,7030,2/1/2026,2/28/2026,0.4567,2098.05,0,112.23,939.67,0,1,1,0,0,4,3,1,0.25,0.8898,0.3082,0.926662514,1,Declined,0.3333,0.25
120156,Sterling Insurance Group,Workers Comp,NJ,7030,3/1/2026,3/31/2026,0.4375,3757.58,0,82.33,4993.31,1,0,2,0,0,3,2,1,0.3333,0.8585,0.3082,0.926662514,1,,0.5,0.3333
120156,Sterling Insurance Group,Workers Comp,NJ,7030,4/1/2025,4/30/2025,0.5733,1309.63,0,415.39,1101.93,2,1,1,0,0,3,2,1,0.3333,0.8685,0.3082,0.926662514,1,Declined,0.5,0.3333
120156,Sterling Insurance Group,Workers Comp,NJ,7030,5/1/2025,5/31/2025,0.6074,7013.35,0,358.58,4213.99,0,2,1,0,0,5,4,3,0.6,0.8824,0.3082,0.926662514,1,,0.75,0.6
120156,Sterling Insurance Group,Workers Comp,NJ,7030,6/1/2025,6/30/2025,0.495,617.59,0,299.31,1711.88,0,0,1,0,0,3,2,1,0.3333,0.8816,0.3082,0.926662514,1,,0.5,0.3333
120156,Sterling Insurance Group,Workers Comp,NJ,7030,7/1/2025,7/31/2025,0.4942,1140.58,0,98.78,3180.6,1,1,0,0,0,3,2,1,0.3333,0.8727,0.3082,0.926662514,1,,0.5,0.3333
120156,Sterling Insurance Group,Workers Comp,NJ,7030,8/1/2025,8/31/2025,0.4531,1627.46,0,62.59,1167.97,0,1,1,0,0,3,2,1,0.3333,0.8786,0.3082,0.926662514,1,,0.5,0.3333
120156,Sterling Insurance Group,Workers Comp,NJ,7030,9/1/2025,9/30/2025,0.4759,1471.74,0,114.09,1369.88,1,0,1,0,0,7,3,1,0.1429,0.8665,0.3082,0.926662514,4,Withdrawn,0.3333,0.1429
120157,Heritage Risk Management,Commercial Auto,NJ,7102,1/1/2026,1/31/2026,0.772,135.8,0,55.04,944.25,1,0,1,0,0,9,8,5,0.5556,0.7897,0.3068,0.833775334,1,,0.625,0.5556
120157,Heritage Risk Management,Commercial Auto,NJ,7102,10/1/2025,10/31/2025,0.7588,1152.51,0,169.59,185.44,2,0,0,1,0,3,2,1,0.3333,0.7672,0.3068,0.833775334,1,,0.5,0.3333
120157,Heritage Risk Management,Commercial Auto,NJ,7102,11/1/2025,11/30/2025,0.7814,551.73,0,33.65,1724.06,1,0,1,0,0,5,4,3,0.6,0.7664,0.3068,0.833775334,1,Withdrawn,0.75,0.6
120157,Heritage Risk Management,Commercial Auto,NJ,7102,12/1/2025,12/31/2025,0.7637,892.21,0,77.4,677.43,1,0,1,0,0,3,2,1,0.3333,0.7856,0.3068,0.833775334,1,Withdrawn,0.5,0.3333
120157,Heritage Risk Management,Commercial Auto,NJ,7102,2/1/2026,2/28/2026,0.7706,237.68,0,97.81,859.19,1,0,1,0,0,3,2,1,0.3333,0.7748,0.3068,0.833775334,1,Withdrawn,0.5,0.3333
120157,Heritage Risk Management,Commercial Auto,NJ,7102,3/1/2026,3/31/2026,0.7306,577.97,0,65.68,1419.45,0,1,0,0,0,4,3,2,0.5,0.7666,0.3068,0.833775334,1,Declined,0.6667,0.5
120157,Heritage Risk Management,Commercial Auto,NJ,7102,4/1/2025,4/30/2025,0.7664,319.52,0,200.58,409.71,0,1,0,1,0,3,2,1,0.3333,0.7727,0.3068,0.833775334,1,,0.5,0.3333
120157,Heritage Risk Management,Commercial Auto,NJ,7102,5/1/2025,5/31/2025,0.7694,520.2,0,45.19,215.72,0,0,1,0,0,5,4,2,0.4,0.7747,0.3068,0.833775334,1,Declined,0.5,0.4
120157,Heritage Risk Management,Commercial Auto,NJ,7102,6/1/2025,6/30/2025,0.784,658.95,0,71.87,875.74,0,0,0,0,0,3,2,1,0.3333,0.7749,0.3068,0.833775334,1,,0.5,0.3333
120157,Heritage Risk Management,Commercial Auto,NJ,7102,7/1/2025,7/31/2025,0.7652,1985.64,0,60.78,1315.73,0,0,2,0,0,3,2,1,0.3333,0.7711,0.3068,0.833775334,1,Declined,0.5,0.3333
120157,Heritage Risk Management,Commercial Auto,NJ,7102,8/1/2025,8/31/2025,0.7692,743.1,0,55.53,240.76,0,0,0,1,0,3,2,1,0.3333,0.7889,0.3068,0.833775334,1,,0.5,0.3333
120157,Heritage Risk Management,Commercial Auto,NJ,7102,9/1/2025,9/30/2025,0.7473,1696.4,0,22.83,231.42,1,0,0,0,0,3,2,1,0.3333,0.789,0.3068,0.833775334,1,Withdrawn,0.5,0.3333
120158,Pinnacle Risk Solutions,Business Owners Policy,NJ,8401,1/1/2026,1/31/2026,0.5267,5083.22,11.54,456.84,5226.48,1,1,1,0,0,8,4,2,0.25,0.7648,0.3179,0.976225457,4,,0.5,0.25
120158,Pinnacle Risk Solutions,Business Owners Policy,NJ,8401,10/1/2025,10/31/2025,0.5502,4312.76,124.01,260.15,2590.91,0,1,2,0,0,8,7,5,0.625,0.7617,0.3179,0.976225457,1,,0.7143,0.625
120158,Pinnacle Risk Solutions,Business Owners Policy,NJ,8401,11/1/2025,11/30/2025,0.4757,2873.86,26.83,1107.76,11393.29,2,0,1,0,0,3,2,1,0.3333,0.7535,0.3179,0.976225457,1,,0.5,0.3333
120158,Pinnacle Risk Solutions,Business Owners Policy,NJ,8401,12/1/2025,12/31/2025,0.4889,2658.51,45.54,113.65,2335.72,1,0,2,0,0,3,2,1,0.3333,0.753,0.3179,0.976225457,1,,0.5,0.3333
120158,Pinnacle Risk Solutions,Business Owners Policy,NJ,8401,2/1/2026,2/28/2026,0.4842,3909.56,16.12,633.07,2280.99,0,1,1,0,0,3,2,1,0.3333,0.7702,0.3179,0.976225457,1,Withdrawn,0.5,0.3333
120158,Pinnacle Risk Solutions,Business Owners Policy,NJ,8401,3/1/2026,3/31/2026,0.4391,5595.66,58.41,280.83,3993.72,1,1,1,0,0,4,3,2,0.5,0.7511,0.3179,0.976225457,1,,0.6667,0.5
120158,Pinnacle Risk Solutions,Business Owners Policy,NJ,8401,4/1/2025,4/30/2025,0.5429,2602.14,17.32,596.2,6616.32,0,0,0,0,0,3,2,1,0.3333,0.7257,0.3179,0.976225457,1,,0.5,0.3333
120158,Pinnacle Risk Solutions,Business Owners Policy,NJ,8401,5/1/2025,5/31/2025,0.4578,1434.94,4.68,283.9,2314.88,2,0,1,0,0,3,2,1,0.3333,0.7386,0.3179,0.976225457,1,Withdrawn,0.5,0.3333
120158,Pinnacle Risk Solutions,Business Owners Policy,NJ,8401,6/1/2025,6/30/2025,0.5336,8145.03,12.22,71.66,1937.12,0,0,0,1,0,3,2,1,0.3333,0.7417,0.3179,0.976225457,1,Withdrawn,0.5,0.3333
120158,Pinnacle Risk Solutions,Business Owners Policy,NJ,8401,7/1/2025,7/31/2025,0.5204,3870.62,38.81,113.42,4212.2,1,1,0,0,0,3,2,1,0.3333,0.7385,0.3179,0.976225457,1,,0.5,0.3333
120158,Pinnacle Risk Solutions,Business Owners Policy,NJ,8401,8/1/2025,8/31/2025,0.485,2216.71,7.65,420.03,1101.3,1,1,0,0,0,3,2,1,0.3333,0.7645,0.3179,0.976225457,1,,0.5,0.3333
120158,Pinnacle Risk Solutions,Business Owners Policy,NJ,8401,9/1/2025,9/30/2025,0.5107,2570.42,17.86,613.05,1004.36,1,1,1,1,0,3,2,1,0.3333,0.7461,0.3179,0.976225457,1,Withdrawn,0.5,0.3333
120159,Heritage Insurance Partners,Workers Comp,NJ,7601,1/1/2026,1/31/2026,0.5313,2293.12,0,102.82,707.11,1,0,0,0,0,6,5,4,0.6667,0.8689,0.304,0.917440053,1,,0.8,0.6667
120159,Heritage Insurance Partners,Workers Comp,NJ,7601,10/1/2025,10/31/2025,0.4268,614.05,0,113.74,1440.03,1,1,1,0,0,4,2,1,0.25,0.8782,0.304,0.917440053,2,Withdrawn,0.5,0.25
120159,Heritage Insurance Partners,Workers Comp,NJ,7601,11/1/2025,11/30/2025,0.5589,4172.46,0,82.36,2015.14,0,0,0,0,0,3,2,1,0.3333,0.8737,0.304,0.917440053,1,Declined,0.5,0.3333
120159,Heritage Insurance Partners,Workers Comp,NJ,7601,12/1/2025,12/31/2025,0.4405,2813.12,0,302.39,1570.29,0,0,0,0,0,4,3,1,0.25,0.8557,0.304,0.917440053,1,Declined,0.3333,0.25
120159,Heritage Insurance Partners,Workers Comp,NJ,7601,2/1/2026,2/28/2026,0.4215,1935.4,0,201.13,445.4,1,0,0,1,0,3,2,1,0.3333,0.8875,0.304,0.917440053,1,,0.5,0.3333
120159,Heritage Insurance Partners,Workers Comp,NJ,7601,3/1/2026,3/31/2026,0.5658,2979.15,0,307.79,2080.54,1,1,1,0,0,3,2,1,0.3333,0.8643,0.304,0.917440053,1,Withdrawn,0.5,0.3333
120159,Heritage Insurance Partners,Workers Comp,NJ,7601,4/1/2025,4/30/2025,0.495,1664.3,0,277.19,1215.71,1,1,1,0,0,4,3,2,0.5,0.8599,0.304,0.917440053,1,,0.6667,0.5
120159,Heritage Insurance Partners,Workers Comp,NJ,7601,5/1/2025,5/31/2025,0.5224,452.34,0,420.77,549.79,0,0,2,0,0,3,2,1,0.3333,0.8888,0.304,0.917440053,1,,0.5,0.3333
120159,Heritage Insurance Partners,Workers Comp,NJ,7601,6/1/2025,6/30/2025,0.6066,1820.32,0,262.87,1273.86,1,1,2,0,0,3,2,1,0.3333,0.8823,0.304,0.917440053,1,,0.5,0.3333
120159,Heritage Insurance Partners,Workers Comp,NJ,7601,7/1/2025,7/31/2025,0.5963,1568.03,0,89.49,458.71,1,0,0,1,0,3,2,1,0.3333,0.8746,0.304,0.917440053,1,Declined,0.5,0.3333
120159,Heritage Insurance Partners,Workers Comp,NJ,7601,8/1/2025,8/31/2025,0.4719,3132.56,0,43.89,1030.39,1,0,0,0,0,3,2,1,0.3333,0.8717,0.304,0.917440053,1,,0.5,0.3333
120159,Heritage Insurance Partners,Workers Comp,NJ,7601,9/1/2025,9/30/2025,0.4633,294.73,0,142.77,2223.62,1,0,2,0,0,8,7,6,0.75,0.8884,0.304,0.917440053,1,,0.8571,0.75
120160,Crossroads Insurance Co.,Commercial Auto,PA,19103,1/1/2026,1/31/2026,0.7513,5356,1670.37,193.06,213.31,0,1,0,0,0,3,2,1,0.3333,0.762,0.3241,0.962237882,1,,0.5,0.3333
120160,Crossroads Insurance Co.,Commercial Auto,PA,19103,10/1/2025,10/31/2025,0.7482,2937.77,1149.94,313.03,4785.2,1,0,1,0,0,3,2,1,0.3333,0.7792,0.3241,0.962237882,1,,0.5,0.3333
120160,Crossroads Insurance Co.,Commercial Auto,PA,19103,11/1/2025,11/30/2025,0.7654,1814.89,1524.04,386.97,563.62,0,0,0,0,0,4,2,1,0.25,0.7749,0.3241,0.962237882,2,,0.5,0.25
120160,Crossroads Insurance Co.,Commercial Auto,PA,19103,12/1/2025,12/31/2025,0.7626,5144.84,2835.48,695.71,7709.3,0,1,3,1,0,4,3,1,0.25,0.7861,0.3241,0.962237882,1,Withdrawn,0.3333,0.25
120160,Crossroads Insurance Co.,Commercial Auto,PA,19103,2/1/2026,2/28/2026,0.7446,3771.75,2463.44,250.34,2660.5,0,1,0,0,0,4,3,2,0.5,0.7885,0.3241,0.962237882,1,Withdrawn,0.6667,0.5
120160,Crossroads Insurance Co.,Commercial Auto,PA,19103,3/1/2026,3/31/2026,0.7655,713.01,1083.41,215.32,1397.09,0,1,1,0,0,3,2,1,0.3333,0.7744,0.3241,0.962237882,1,Declined,0.5,0.3333
120160,Crossroads Insurance Co.,Commercial Auto,PA,19103,4/1/2025,4/30/2025,0.7402,2642.72,1014.63,420.94,791.86,0,1,1,0,0,6,3,1,0.1667,0.7902,0.3241,0.962237882,3,Declined,0.3333,0.1667
120160,Crossroads Insurance Co.,Commercial Auto,PA,19103,5/1/2025,5/31/2025,0.7508,1391.77,614.45,197.63,1052.65,1,0,2,0,0,3,2,1,0.3333,0.7874,0.3241,0.962237882,1,,0.5,0.3333
120160,Crossroads Insurance Co.,Commercial Auto,PA,19103,6/1/2025,6/30/2025,0.7172,4868.39,2226.45,493.53,4528.84,2,1,0,1,0,4,3,2,0.5,0.7859,0.3241,0.962237882,1,Declined,0.6667,0.5
120160,Crossroads Insurance Co.,Commercial Auto,PA,19103,7/1/2025,7/31/2025,0.7491,5048.32,1097.22,138.24,3084.71,3,0,1,0,0,3,2,1,0.3333,0.7634,0.3241,0.962237882,1,Withdrawn,0.5,0.3333
120160,Crossroads Insurance Co.,Commercial Auto,PA,19103,8/1/2025,8/31/2025,0.7277,3530.05,1289.53,486.12,2004.43,2,0,1,1,0,3,2,1,0.3333,0.7677,0.3241,0.962237882,1,,0.5,0.3333
120160,Crossroads Insurance Co.,Commercial Auto,PA,19103,9/1/2025,9/30/2025,0.7561,1607.3,786.75,576.52,8852.79,3,0,2,0,0,4,2,1,0.25,0.7702,0.3241,0.962237882,2,Withdrawn,0.5,0.25
120161,Patriot Agency Group,Business Owners Policy,PA,15222,1/1/2026,1/31/2026,0.5386,334.44,357.88,56.4,398.01,1,0,1,0,0,3,2,1,0.3333,0.7553,0.3458,0.862876835,1,Declined,0.5,0.3333
120161,Patriot Agency Group,Business Owners Policy,PA,15222,10/1/2025,10/31/2025,0.4975,282.64,657.58,81.39,1063.41,0,1,1,0,0,3,2,1,0.3333,0.7411,0.3458,0.862876835,1,,0.5,0.3333
120161,Patriot Agency Group,Business Owners Policy,PA,15222,11/1/2025,11/30/2025,0.4501,1756.48,1485.19,198.41,492.27,0,1,0,1,0,3,2,1,0.3333,0.7449,0.3458,0.862876835,1,Withdrawn,0.5,0.3333
120161,Patriot Agency Group,Business Owners Policy,PA,15222,12/1/2025,12/31/2025,0.5786,740.02,136.35,132.29,382.21,1,1,1,0,0,3,2,1,0.3333,0.7345,0.3458,0.862876835,1,Declined,0.5,0.3333
120161,Patriot Agency Group,Business Owners Policy,PA,15222,2/1/2026,2/28/2026,0.4773,1817.94,1399.55,322.02,497.43,1,0,0,0,0,3,2,1,0.3333,0.7414,0.3458,0.862876835,1,Declined,0.5,0.3333
120161,Patriot Agency Group,Business Owners Policy,PA,15222,3/1/2026,3/31/2026,0.4391,1665.32,926.62,90.4,1201.48,1,0,0,0,0,8,6,4,0.5,0.7357,0.3458,0.862876835,2,,0.6667,0.5
120161,Patriot Agency Group,Business Owners Policy,PA,15222,4/1/2025,4/30/2025,0.5139,282.75,833.61,69.03,922.31,0,0,1,0,0,3,2,1,0.3333,0.7456,0.3458,0.862876835,1,,0.5,0.3333
120161,Patriot Agency Group,Business Owners Policy,PA,15222,5/1/2025,5/31/2025,0.4646,1193.3,146.09,173.39,1091.17,1,1,2,1,0,6,5,1,0.1667,0.7492,0.3458,0.862876835,1,Withdrawn,0.2,0.1667
120161,Patriot Agency Group,Business Owners Policy,PA,15222,6/1/2025,6/30/2025,0.5206,1333.57,766.89,124.98,624.61,1,0,0,0,0,3,2,1,0.3333,0.7379,0.3458,0.862876835,1,Withdrawn,0.5,0.3333
120161,Patriot Agency Group,Business Owners Policy,PA,15222,7/1/2025,7/31/2025,0.4431,1061.66,66.86,113.91,1810.37,1,0,1,1,0,3,2,1,0.3333,0.7156,0.3458,0.862876835,1,Withdrawn,0.5,0.3333
120161,Patriot Agency Group,Business Owners Policy,PA,15222,8/1/2025,8/31/2025,0.5057,1019.08,1110.71,106.64,917.04,1,1,1,0,0,4,3,2,0.5,0.7339,0.3458,0.862876835,1,Withdrawn,0.6667,0.5
120161,Patriot Agency Group,Business Owners Policy,PA,15222,9/1/2025,9/30/2025,0.4442,1551.46,4.2,179.45,3638.35,0,0,0,0,0,3,2,1,0.3333,0.7589,0.3458,0.862876835,1,Withdrawn,0.5,0.3333
120162,Broadstreet Risk Advisors,Workers Comp,PA,17101,1/1/2026,1/31/2026,0.5603,262.49,0,81.99,266.11,1,0,0,0,0,6,5,4,0.6667,0.8743,0.2651,0.906628253,1,,0.8,0.6667
120162,Broadstreet Risk Advisors,Workers Comp,PA,17101,10/1/2025,10/31/2025,0.4586,2197.29,0,63.6,718.32,0,0,0,0,0,3,2,1,0.3333,0.8656,0.2651,0.906628253,1,Withdrawn,0.5,0.3333
120162,Broadstreet Risk Advisors,Workers Comp,PA,17101,11/1/2025,11/30/2025,0.5363,3794.26,0,60.08,653.43,0,0,2,0,0,3,2,1,0.3333,0.8715,0.2651,0.906628253,1,Withdrawn,0.5,0.3333
120162,Broadstreet Risk Advisors,Workers Comp,PA,17101,12/1/2025,12/31/2025,0.4811,444.86,0,77.43,1694.27,0,1,1,0,0,3,2,1,0.3333,0.863,0.2651,0.906628253,1,Withdrawn,0.5,0.3333
120162,Broadstreet Risk Advisors,Workers Comp,PA,17101,2/1/2026,2/28/2026,0.5297,399.3,0,33.9,1305.75,0,0,0,0,0,3,2,1,0.3333,0.8837,0.2651,0.906628253,1,Declined,0.5,0.3333
120162,Broadstreet Risk Advisors,Workers Comp,PA,17101,3/1/2026,3/31/2026,0.4844,4321.02,0,99.01,1215.51,0,0,1,1,0,4,3,2,0.5,0.8677,0.2651,0.906628253,1,,0.6667,0.5
120162,Broadstreet Risk Advisors,Workers Comp,PA,17101,4/1/2025,4/30/2025,0.4675,902.21,0,93.51,635.66,1,1,0,1,0,6,3,2,0.3333,0.8735,0.2651,0.906628253,3,Declined,0.6667,0.3333
120162,Broadstreet Risk Advisors,Workers Comp,PA,17101,5/1/2025,5/31/2025,0.4772,893.09,0,143.73,333.8,0,0,0,0,0,3,2,1,0.3333,0.8791,0.2651,0.906628253,1,Declined,0.5,0.3333
120162,Broadstreet Risk Advisors,Workers Comp,PA,17101,6/1/2025,6/30/2025,0.4271,414.23,0,163.41,367.83,0,0,1,0,0,3,2,1,0.3333,0.8622,0.2651,0.906628253,1,,0.5,0.3333
120162,Broadstreet Risk Advisors,Workers Comp,PA,17101,7/1/2025,7/31/2025,0.5325,2914.1,0,90.91,1834.76,1,1,0,0,0,7,6,3,0.4286,0.8685,0.2651,0.906628253,1,Withdrawn,0.5,0.4286
120162,Broadstreet Risk Advisors,Workers Comp,PA,17101,8/1/2025,8/31/2025,0.5146,796.49,0,92.1,578.96,1,0,0,0,0,3,2,1,0.3333,0.8644,0.2651,0.906628253,1,,0.5,0.3333
120162,Broadstreet Risk Advisors,Workers Comp,PA,17101,9/1/2025,9/30/2025,0.4922,3742.41,0,12.74,521.65,2,0,1,0,0,3,2,1,0.3333,0.8745,0.2651,0.906628253,1,,0.5,0.3333
120163,Clearwater & Associates,Commercial Auto,PA,18501,1/1/2026,1/31/2026,0.7523,2793.13,2031.23,782.91,3128.69,1,0,2,0,0,3,2,1,0.3333,0.7777,0.3469,0.932261503,1,Withdrawn,0.5,0.3333
120163,Clearwater & Associates,Commercial Auto,PA,18501,10/1/2025,10/31/2025,0.7499,1697.8,1038.81,285.35,922.7,4,0,1,0,0,3,2,1,0.3333,0.7785,0.3469,0.932261503,1,Withdrawn,0.5,0.3333
120163,Clearwater & Associates,Commercial Auto,PA,18501,11/1/2025,11/30/2025,0.7489,832.14,6845.88,595.24,1765.14,1,1,0,1,0,3,2,1,0.3333,0.7661,0.3469,0.932261503,1,Declined,0.5,0.3333
120163,Clearwater & Associates,Commercial Auto,PA,18501,12/1/2025,12/31/2025,0.7451,2065.22,3374.86,281.02,450.05,1,0,1,0,0,4,3,2,0.5,0.7767,0.3469,0.932261503,1,Withdrawn,0.6667,0.5
120163,Clearwater & Associates,Commercial Auto,PA,18501,2/1/2026,2/28/2026,0.7747,2498.76,685.42,207.8,5834.93,0,1,1,0,0,3,2,1,0.3333,0.7893,0.3469,0.932261503,1,,0.5,0.3333
120163,Clearwater & Associates,Commercial Auto,PA,18501,3/1/2026,3/31/2026,0.7533,670.22,3680,100.43,1766.81,0,1,0,0,0,6,5,4,0.6667,0.7642,0.3469,0.932261503,1,Withdrawn,0.8,0.6667
120163,Clearwater & Associates,Commercial Auto,PA,18501,4/1/2025,4/30/2025,0.7657,2107.12,824.36,181.86,8451.94,0,1,3,0,0,3,2,1,0.3333,0.7634,0.3469,0.932261503,1,,0.5,0.3333
120163,Clearwater & Associates,Commercial Auto,PA,18501,5/1/2025,5/31/2025,0.7442,285.15,2822.47,93.1,969.49,0,0,0,1,0,3,2,1,0.3333,0.7771,0.3469,0.932261503,1,,0.5,0.3333
120163,Clearwater & Associates,Commercial Auto,PA,18501,6/1/2025,6/30/2025,0.7821,1696.18,2555.6,110.24,1134.49,1,1,3,1,0,4,3,2,0.5,0.7582,0.3469,0.932261503,1,,0.6667,0.5
120163,Clearwater & Associates,Commercial Auto,PA,18501,7/1/2025,7/31/2025,0.7421,7200.91,3585.12,690.99,776.38,2,1,0,0,0,5,3,1,0.2,0.7763,0.3469,0.932261503,2,,0.3333,0.2
120163,Clearwater & Associates,Commercial Auto,PA,18501,8/1/2025,8/31/2025,0.7641,399.17,4200.91,132.75,2362.25,1,1,0,0,0,4,3,1,0.25,0.7737,0.3469,0.932261503,1,Declined,0.3333,0.25
120163,Clearwater & Associates,Commercial Auto,PA,18501,9/1/2025,9/30/2025,0.7383,5690.11,4596.27,80.12,373.04,0,0,0,1,0,3,2,1,0.3333,0.7743,0.3469,0.932261503,1,,0.5,0.3333
120164,Premier Insurance Group,Business Owners Policy,NY,10001,1/1/2026,1/31/2026,0.4625,660.72,0,32.51,410.44,0,1,0,0,0,3,2,1,0.3333,0.77,0.3087,0.814301168,1,,0.5,0.3333
120164,Premier Insurance Group,Business Owners Policy,NY,10001,10/1/2025,10/31/2025,0.5148,468.39,0,55.52,372.51,0,1,0,0,0,5,3,2,0.4,0.7591,0.3087,0.814301168,2,Withdrawn,0.6667,0.4
120164,Premier Insurance Group,Business Owners Policy,NY,10001,11/1/2025,11/30/2025,0.4984,436.3,0,42.51,1374.34,2,0,1,0,0,7,6,4,0.5714,0.7443,0.3087,0.814301168,1,Declined,0.6667,0.5714
120164,Premier Insurance Group,Business Owners Policy,NY,10001,12/1/2025,12/31/2025,0.5032,269.17,0,66.67,132.41,0,1,1,0,0,4,2,1,0.25,0.7245,0.3087,0.814301168,2,Withdrawn,0.5,0.25
120164,Premier Insurance Group,Business Owners Policy,NY,10001,2/1/2026,2/28/2026,0.5507,718.06,0,32.75,383.48,0,1,1,0,0,3,2,1,0.3333,0.7297,0.3087,0.814301168,1,Declined,0.5,0.3333
120164,Premier Insurance Group,Business Owners Policy,NY,10001,3/1/2026,3/31/2026,0.489,1470.38,0,114.64,177.27,1,0,1,0,0,3,2,1,0.3333,0.7261,0.3087,0.814301168,1,,0.5,0.3333
120164,Premier Insurance Group,Business Owners Policy,NY,10001,4/1/2025,4/30/2025,0.485,893.13,0,1.58,962.53,0,0,0,0,0,6,5,4,0.6667,0.7688,0.3087,0.814301168,1,,0.8,0.6667
120164,Premier Insurance Group,Business Owners Policy,NY,10001,5/1/2025,5/31/2025,0.5635,269.85,0,77.31,339.41,0,0,0,0,0,3,2,1,0.3333,0.736,0.3087,0.814301168,1,,0.5,0.3333
120164,Premier Insurance Group,Business Owners Policy,NY,10001,6/1/2025,6/30/2025,0.5083,623.29,0,158.42,391.82,0,0,0,0,0,3,2,1,0.3333,0.7605,0.3087,0.814301168,1,,0.5,0.3333
120164,Premier Insurance Group,Business Owners Policy,NY,10001,7/1/2025,7/31/2025,0.4581,497.17,0,25.98,261.2,0,0,1,0,0,4,3,2,0.5,0.7593,0.3087,0.814301168,1,,0.6667,0.5
120164,Premier Insurance Group,Business Owners Policy,NY,10001,8/1/2025,8/31/2025,0.5109,235.48,0,144.54,550.48,1,0,0,0,0,3,2,1,0.3333,0.7574,0.3087,0.814301168,1,,0.5,0.3333
120164,Premier Insurance Group,Business Owners Policy,NY,10001,9/1/2025,9/30/2025,0.5335,1105.93,0,28.34,1676.34,1,0,0,0,0,3,2,1,0.3333,0.7618,0.3087,0.814301168,1,,0.5,0.3333
120165,Capitol Risk Management,Workers Comp,NY,11201,1/1/2026,1/31/2026,0.4622,1502.95,1048.18,40.77,1448.49,1,0,0,0,0,4,3,2,0.5,0.8871,0.3131,0.919898091,1,Withdrawn,0.6667,0.5
120165,Capitol Risk Management,Workers Comp,NY,11201,10/1/2025,10/31/2025,0.5003,1234.62,900.36,198.8,1248.69,1,1,2,0,0,3,2,1,0.3333,0.8619,0.3131,0.919898091,1,Withdrawn,0.5,0.3333
120165,Capitol Risk Management,Workers Comp,NY,11201,11/1/2025,11/30/2025,0.501,2518.77,561.55,349.17,2494.58,1,0,1,0,0,3,2,1,0.3333,0.8633,0.3131,0.919898091,1,,0.5,0.3333
120165,Capitol Risk Management,Workers Comp,NY,11201,12/1/2025,12/31/2025,0.4206,834.28,423.88,352.19,663.3,0,0,2,0,0,3,2,1,0.3333,0.8814,0.3131,0.919898091,1,Withdrawn,0.5,0.3333
120165,Capitol Risk Management,Workers Comp,NY,11201,2/1/2026,2/28/2026,0.4898,1271.53,2317.25,159.05,1174.42,0,1,0,0,0,6,5,4,0.6667,0.8759,0.3131,0.919898091,1,Withdrawn,0.8,0.6667
120165,Capitol Risk Management,Workers Comp,NY,11201,3/1/2026,3/31/2026,0.4488,1753.76,611.86,168.28,7616.68,1,0,0,1,0,6,4,3,0.5,0.8794,0.3131,0.919898091,2,Withdrawn,0.75,0.5
120165,Capitol Risk Management,Workers Comp,NY,11201,4/1/2025,4/30/2025,0.512,1596.07,500.42,281.2,165.81,1,0,1,1,0,4,2,1,0.25,0.8833,0.3131,0.919898091,2,,0.5,0.25
120165,Capitol Risk Management,Workers Comp,NY,11201,5/1/2025,5/31/2025,0.5381,1993.95,1746.92,152.28,951.95,1,0,1,1,0,3,2,1,0.3333,0.8665,0.3131,0.919898091,1,Declined,0.5,0.3333
120165,Capitol Risk Management,Workers Comp,NY,11201,6/1/2025,6/30/2025,0.474,3780.43,1015.63,104.02,3006.99,1,1,2,1,0,3,2,1,0.3333,0.8698,0.3131,0.919898091,1,,0.5,0.3333
120165,Capitol Risk Management,Workers Comp,NY,11201,7/1/2025,7/31/2025,0.5081,2923.07,1263.51,276.94,1722.9,1,1,2,1,0,4,2,1,0.25,0.8774,0.3131,0.919898091,2,,0.5,0.25
120165,Capitol Risk Management,Workers Comp,NY,11201,8/1/2025,8/31/2025,0.5725,1114.32,2383.8,56.91,1711.89,3,1,1,0,0,3,2,1,0.3333,0.8694,0.3131,0.919898091,1,Withdrawn,0.5,0.3333
120165,Capitol Risk Management,Workers Comp,NY,11201,9/1/2025,9/30/2025,0.5295,3865.39,2078.46,437.82,2183.44,1,2,0,0,0,3,2,1,0.3333,0.8877,0.3131,0.919898091,1,Withdrawn,0.5,0.3333
120166,Harbor Risk Consultants,Commercial Auto,NY,10301,1/1/2026,1/31/2026,0.7481,1929.78,0,322.71,2481.28,1,0,2,0,0,5,4,3,0.6,0.7598,0.2935,0.948551622,1,,0.75,0.6
120166,Harbor Risk Consultants,Commercial Auto,NY,10301,10/1/2025,10/31/2025,0.776,3090,0,596.49,4307.57,1,1,1,0,0,3,2,1,0.3333,0.7785,0.2935,0.948551622,1,Withdrawn,0.5,0.3333
120166,Harbor Risk Consultants,Commercial Auto,NY,10301,11/1/2025,11/30/2025,0.7437,480.45,0,106.09,37.4,0,0,1,1,0,4,3,1,0.25,0.7731,0.2935,0.948551622,1,Declined,0.3333,0.25
120166,Harbor Risk Consultants,Commercial Auto,NY,10301,12/1/2025,12/31/2025,0.7801,4911.51,0,337.14,2458.11,2,0,0,0,0,3,2,1,0.3333,0.7701,0.2935,0.948551622,1,,0.5,0.3333
120166,Harbor Risk Consultants,Commercial Auto,NY,10301,2/1/2026,2/28/2026,0.7452,2470.2,0,69.51,5263.6,1,0,1,1,0,3,2,1,0.3333,0.763,0.2935,0.948551622,1,,0.5,0.3333
120166,Harbor Risk Consultants,Commercial Auto,NY,10301,3/1/2026,3/31/2026,0.7652,687.77,0,125.65,449.17,1,1,3,0,0,4,3,2,0.5,0.778,0.2935,0.948551622,1,,0.6667,0.5
120166,Harbor Risk Consultants,Commercial Auto,NY,10301,4/1/2025,4/30/2025,0.7471,3265.8,0,117.91,1855,1,1,1,1,0,3,2,1,0.3333,0.7703,0.2935,0.948551622,1,Declined,0.5,0.3333
120166,Harbor Risk Consultants,Commercial Auto,NY,10301,5/1/2025,5/31/2025,0.7657,3664.86,0,58.89,325.02,0,2,0,0,0,3,2,1,0.3333,0.779,0.2935,0.948551622,1,,0.5,0.3333
120166,Harbor Risk Consultants,Commercial Auto,NY,10301,6/1/2025,6/30/2025,0.7465,3816.62,0,425.13,333.26,0,0,0,0,0,5,2,1,0.2,0.7891,0.2935,0.948551622,3,Withdrawn,0.5,0.2
120166,Harbor Risk Consultants,Commercial Auto,NY,10301,7/1/2025,7/31/2025,0.7805,3636.07,0,215.04,927.35,1,1,1,0,0,3,2,1,0.3333,0.7776,0.2935,0.948551622,1,Withdrawn,0.5,0.3333
120166,Harbor Risk Consultants,Commercial Auto,NY,10301,8/1/2025,8/31/2025,0.7741,1277.81,0,413.67,6564,1,0,0,0,0,3,2,1,0.3333,0.7812,0.2935,0.948551622,1,Declined,0.5,0.3333
120166,Harbor Risk Consultants,Commercial Auto,NY,10301,9/1/2025,9/30/2025,0.7642,4177.62,0,257.07,602.3,2,1,1,0,0,6,5,2,0.3333,0.7804,0.2935,0.948551622,1,Declined,0.4,0.3333
120167,Vantage Brokerage,Business Owners Policy,NY,14201,1/1/2026,1/31/2026,0.5464,4198.69,0,202.56,945.04,2,0,0,0,0,3,2,1,0.3333,0.7509,0.2949,0.949775881,1,Withdrawn,0.5,0.3333
120167,Vantage Brokerage,Business Owners Policy,NY,14201,10/1/2025,10/31/2025,0.4179,5048.82,0,26.5,1874.43,1,1,1,0,0,3,2,1,0.3333,0.7409,0.2949,0.949775881,1,,0.5,0.3333
120167,Vantage Brokerage,Business Owners Policy,NY,14201,11/1/2025,11/30/2025,0.4659,3403.9,0,144.36,3097.87,1,0,0,0,0,3,2,1,0.3333,0.7443,0.2949,0.949775881,1,,0.5,0.3333
120167,Vantage Brokerage,Business Owners Policy,NY,14201,12/1/2025,12/31/2025,0.499,1842.55,0,567.57,2840.03,0,1,2,0,0,3,2,1,0.3333,0.7627,0.2949,0.949775881,1,Declined,0.5,0.3333
120167,Vantage Brokerage,Business Owners Policy,NY,14201,2/1/2026,2/28/2026,0.475,1992.57,0,522.09,2368.96,1,0,2,1,0,3,2,1,0.3333,0.7372,0.2949,0.949775881,1,Withdrawn,0.5,0.3333
120167,Vantage Brokerage,Business Owners Policy,NY,14201,3/1/2026,3/31/2026,0.5267,4254.91,0,378.01,3139.97,0,1,1,0,0,6,5,4,0.6667,0.7428,0.2949,0.949775881,1,Declined,0.8,0.6667
120167,Vantage Brokerage,Business Owners Policy,NY,14201,4/1/2025,4/30/2025,0.5324,1229.5,0,263.25,2239.45,1,1,0,0,0,10,7,5,0.5,0.7387,0.2949,0.949775881,3,Declined,0.7143,0.5
120167,Vantage Brokerage,Business Owners Policy,NY,14201,5/1/2025,5/31/2025,0.4755,1289.6,0,208.79,3796.93,1,1,0,1,0,3,2,1,0.3333,0.7398,0.2949,0.949775881,1,Declined,0.5,0.3333
120167,Vantage Brokerage,Business Owners Policy,NY,14201,6/1/2025,6/30/2025,0.4566,2539.31,0,128.98,2581.94,1,1,0,0,0,3,2,1,0.3333,0.7402,0.2949,0.949775881,1,,0.5,0.3333
120167,Vantage Brokerage,Business Owners Policy,NY,14201,7/1/2025,7/31/2025,0.5458,3733.55,0,264.56,3225.92,0,0,1,0,0,4,2,1,0.25,0.7601,0.2949,0.949775881,2,,0.5,0.25
120167,Vantage Brokerage,Business Owners Policy,NY,14201,8/1/2025,8/31/2025,0.4709,2812.94,0,317.61,430.2,1,1,1,0,0,3,2,1,0.3333,0.7648,0.2949,0.949775881,1,Declined,0.5,0.3333
120167,Vantage Brokerage,Business Owners Policy,NY,14201,9/1/2025,9/30/2025,0.5113,1514.35,0,114.09,3713.84,1,0,2,0,0,3,2,1,0.3333,0.7742,0.2949,0.949775881,1,,0.5,0.3333
120168,Heritage & Associates,Workers Comp,NJ,7030,1/1/2026,1/31/2026,0.5158,4933.22,240.86,249.19,3664.67,1,1,2,1,0,10,9,8,0.8,0.8825,0.29,0.969631912,1,Declined,0.8889,0.8
120168,Heritage & Associates,Workers Comp,NJ,7030,10/1/2025,10/31/2025,0.6405,5266.74,1150.36,201.94,2528.56,0,0,2,1,0,4,3,1,0.25,0.8812,0.29,0.969631912,1,,0.3333,0.25
120168,Heritage & Associates,Workers Comp,NJ,7030,11/1/2025,11/30/2025,0.4633,3257.2,802.7,149.84,9095.5,1,0,2,0,0,3,2,1,0.3333,0.8823,0.29,0.969631912,1,,0.5,0.3333
120168,Heritage & Associates,Workers Comp,NJ,7030,12/1/2025,12/31/2025,0.4694,1250.37,372.04,163.45,6009.21,1,1,1,0,0,6,5,4,0.6667,0.8851,0.29,0.969631912,1,,0.8,0.6667
120168,Heritage & Associates,Workers Comp,NJ,7030,2/1/2026,2/28/2026,0.4507,1335.15,332.42,405.95,3218.12,1,0,0,2,0,6,4,1,0.1667,0.8691,0.29,0.969631912,2,,0.25,0.1667
120168,Heritage & Associates,Workers Comp,NJ,7030,3/1/2026,3/31/2026,0.4694,5783.73,390.05,214.84,2169.2,1,2,3,1,0,7,5,2,0.2857,0.8792,0.29,0.969631912,2,Declined,0.4,0.2857
120168,Heritage & Associates,Workers Comp,NJ,7030,4/1/2025,4/30/2025,0.4878,880.88,1511.83,677.14,1795,2,3,3,1,0,3,2,1,0.3333,0.8695,0.29,0.969631912,1,Withdrawn,0.5,0.3333
120168,Heritage & Associates,Workers Comp,NJ,7030,5/1/2025,5/31/2025,0.4493,2007.79,399.64,237.54,2119.78,2,0,0,0,0,3,2,1,0.3333,0.8922,0.29,0.969631912,1,Declined,0.5,0.3333
120168,Heritage & Associates,Workers Comp,NJ,7030,6/1/2025,6/30/2025,0.5435,1311.62,184.28,940.29,5824.78,1,1,1,0,0,3,2,1,0.3333,0.8667,0.29,0.969631912,1,Withdrawn,0.5,0.3333
120168,Heritage & Associates,Workers Comp,NJ,7030,7/1/2025,7/31/2025,0.444,8785.01,430.94,56.4,2276.38,1,1,1,0,0,3,2,1,0.3333,0.8799,0.29,0.969631912,1,Withdrawn,0.5,0.3333
120168,Heritage & Associates,Workers Comp,NJ,7030,8/1/2025,8/31/2025,0.4404,4277.41,501.25,22.61,2710.99,2,0,1,0,0,4,3,2,0.5,0.8683,0.29,0.969631912,1,Declined,0.6667,0.5
120168,Heritage & Associates,Workers Comp,NJ,7030,9/1/2025,9/30/2025,0.427,3021.97,163.85,298.78,698.9,3,0,0,1,0,3,2,1,0.3333,0.8907,0.29,0.969631912,1,,0.5,0.3333
120169,Harbor Brokerage,Commercial Auto,NJ,7102,1/1/2026,1/31/2026,0.7842,763.48,0,530.95,1646.97,0,0,0,1,0,3,2,1,0.3333,0.7793,0.3737,0.918084085,1,,0.5,0.3333
120169,Harbor Brokerage,Commercial Auto,NJ,7102,10/1/2025,10/31/2025,0.7614,1651.99,0,331.9,3039.53,0,0,1,0,0,6,4,3,0.5,0.7655,0.3737,0.918084085,2,Declined,0.75,0.5
120169,Harbor Brokerage,Commercial Auto,NJ,7102,11/1/2025,11/30/2025,0.7311,1166.21,0,206.29,2848.27,1,1,0,0,0,3,2,1,0.3333,0.7769,0.3737,0.918084085,1,Declined,0.5,0.3333
120169,Harbor Brokerage,Commercial Auto,NJ,7102,12/1/2025,12/31/2025,0.7329,542.57,0,307.37,1026.47,1,1,0,0,0,3,2,1,0.3333,0.7881,0.3737,0.918084085,1,Withdrawn,0.5,0.3333
120169,Harbor Brokerage,Commercial Auto,NJ,7102,2/1/2026,2/28/2026,0.7698,1656.41,0,103.6,3568.03,0,1,1,0,0,5,4,3,0.6,0.7782,0.3737,0.918084085,1,,0.75,0.6
120169,Harbor Brokerage,Commercial Auto,NJ,7102,3/1/2026,3/31/2026,0.7697,1495.44,0,159.78,1747.72,2,0,0,0,0,3,2,1,0.3333,0.7654,0.3737,0.918084085,1,Declined,0.5,0.3333
120169,Harbor Brokerage,Commercial Auto,NJ,7102,4/1/2025,4/30/2025,0.7429,4468.31,0,271.72,1043.53,0,0,1,0,0,3,2,1,0.3333,0.769,0.3737,0.918084085,1,,0.5,0.3333
120169,Harbor Brokerage,Commercial Auto,NJ,7102,5/1/2025,5/31/2025,0.7733,4004.49,0,367.78,2801.16,0,0,1,0,0,3,2,1,0.3333,0.7884,0.3737,0.918084085,1,,0.5,0.3333
120169,Harbor Brokerage,Commercial Auto,NJ,7102,6/1/2025,6/30/2025,0.7649,224.25,0,120.5,3622.16,1,0,1,1,0,3,2,1,0.3333,0.766,0.3737,0.918084085,1,,0.5,0.3333
120169,Harbor Brokerage,Commercial Auto,NJ,7102,7/1/2025,7/31/2025,0.7468,1805.25,0,638.41,904.41,1,0,2,0,0,6,4,2,0.3333,0.7756,0.3737,0.918084085,2,Withdrawn,0.5,0.3333
120169,Harbor Brokerage,Commercial Auto,NJ,7102,8/1/2025,8/31/2025,0.7704,3283.56,0,206.74,866.52,0,1,1,0,0,3,2,1,0.3333,0.7899,0.3737,0.918084085,1,,0.5,0.3333
120169,Harbor Brokerage,Commercial Auto,NJ,7102,9/1/2025,9/30/2025,0.7874,2846.12,0,305.66,527.19,2,1,0,0,0,5,4,2,0.4,0.7837,0.3737,0.918084085,1,,0.5,0.4
120170,Keystone Insurance Partners,Business Owners Policy,NJ,8401,1/1/2026,1/31/2026,0.5232,1195.8,0,120.72,1129.19,2,1,1,0,0,7,4,3,0.4286,0.746,0.2637,1,3,Declined,0.75,0.4286
120170,Keystone Insurance Partners,Business Owners Policy,NJ,8401,10/1/2025,10/31/2025,0.4737,1601.86,0,384.57,2769.74,3,0,1,0,0,5,4,1,0.2,0.765,0.2637,1,1,Withdrawn,0.25,0.2
120170,Keystone Insurance Partners,Business Owners Policy,NJ,8401,11/1/2025,11/30/2025,0.4737,7373.1,0,591.73,2041.46,1,0,3,0,0,3,2,1,0.3333,0.7722,0.2637,1,1,,0.5,0.3333
120170,Keystone Insurance Partners,Business Owners Policy,NJ,8401,12/1/2025,12/31/2025,0.4694,5353.27,0,604.8,436.07,0,1,1,0,0,3,2,1,0.3333,0.7632,0.2637,1,1,Declined,0.5,0.3333
120170,Keystone Insurance Partners,Business Owners Policy,NJ,8401,2/1/2026,2/28/2026,0.4851,4390.61,0,290.27,2647.13,0,1,0,1,0,3,2,1,0.3333,0.7396,0.2637,1,1,,0.5,0.3333
120170,Keystone Insurance Partners,Business Owners Policy,NJ,8401,3/1/2026,3/31/2026,0.4786,4693.17,0,31.99,11816.93,2,1,0,0,0,3,2,1,0.3333,0.7497,0.2637,1,1,Declined,0.5,0.3333
120170,Keystone Insurance Partners,Business Owners Policy,NJ,8401,4/1/2025,4/30/2025,0.4871,15938.66,0,232.02,2673.29,1,0,1,1,0,10,6,1,0.1,0.7422,0.2637,1,4,Declined,0.1667,0.1
120170,Keystone Insurance Partners,Business Owners Policy,NJ,8401,5/1/2025,5/31/2025,0.4599,9259.39,0,281.93,4482.49,1,1,0,0,0,3,2,1,0.3333,0.7376,0.2637,1,1,Withdrawn,0.5,0.3333
120170,Keystone Insurance Partners,Business Owners Policy,NJ,8401,6/1/2025,6/30/2025,0.5066,8844.42,0,435.06,800.02,1,0,1,0,0,3,2,1,0.3333,0.7799,0.2637,1,1,,0.5,0.3333
120170,Keystone Insurance Partners,Business Owners Policy,NJ,8401,7/1/2025,7/31/2025,0.4946,3478.37,0,127.75,732.12,0,1,2,0,0,3,2,1,0.3333,0.7475,0.2637,1,1,Withdrawn,0.5,0.3333
120170,Keystone Insurance Partners,Business Owners Policy,NJ,8401,8/1/2025,8/31/2025,0.5163,4298.54,0,418.07,571.16,1,1,3,1,0,3,2,1,0.3333,0.723,0.2637,1,1,Withdrawn,0.5,0.3333
120170,Keystone Insurance Partners,Business Owners Policy,NJ,8401,9/1/2025,9/30/2025,0.472,8098.33,0,47.67,3374.53,1,0,0,0,0,3,2,1,0.3333,0.7703,0.2637,1,1,,0.5,0.3333
120171,Nexus Insurance Co.,Workers Comp,NJ,7601,1/1/2026,1/31/2026,0.4287,1868.28,0,259.02,264.48,1,0,0,0,0,3,2,1,0.3333,0.8829,0.2815,0.877925527,1,Declined,0.5,0.3333
120171,Nexus Insurance Co.,Workers Comp,NJ,7601,10/1/2025,10/31/2025,0.6513,332.63,0,119.55,158.03,0,1,1,0,0,5,4,1,0.2,0.8778,0.2815,0.877925527,1,,0.25,0.2
120171,Nexus Insurance Co.,Workers Comp,NJ,7601,11/1/2025,11/30/2025,0.4732,546.96,0,73.14,571.3,0,0,1,0,0,3,2,1,0.3333,0.8748,0.2815,0.877925527,1,,0.5,0.3333
120171,Nexus Insurance Co.,Workers Comp,NJ,7601,12/1/2025,12/31/2025,0.4846,1611.1,0,46.01,539.58,1,1,0,0,0,4,3,2,0.5,0.8619,0.2815,0.877925527,1,Withdrawn,0.6667,0.5
120171,Nexus Insurance Co.,Workers Comp,NJ,7601,2/1/2026,2/28/2026,0.4549,2197.29,0,27.82,746.6,1,0,1,0,0,3,2,1,0.3333,0.8826,0.2815,0.877925527,1,,0.5,0.3333
120171,Nexus Insurance Co.,Workers Comp,NJ,7601,3/1/2026,3/31/2026,0.4937,1360.23,0,72.16,1698.21,1,0,0,0,0,3,2,1,0.3333,0.8792,0.2815,0.877925527,1,,0.5,0.3333
120171,Nexus Insurance Co.,Workers Comp,NJ,7601,4/1/2025,4/30/2025,0.5085,2324.87,0,82.08,419.17,0,1,0,0,0,7,5,3,0.4286,0.8793,0.2815,0.877925527,2,,0.6,0.4286
120171,Nexus Insurance Co.,Workers Comp,NJ,7601,5/1/2025,5/31/2025,0.5279,1276.84,0,89.2,465.29,0,0,0,0,0,3,2,1,0.3333,0.8785,0.2815,0.877925527,1,,0.5,0.3333
120171,Nexus Insurance Co.,Workers Comp,NJ,7601,6/1/2025,6/30/2025,0.4742,596.84,0,156.46,559.66,0,0,1,0,0,3,2,1,0.3333,0.8754,0.2815,0.877925527,1,Withdrawn,0.5,0.3333
120171,Nexus Insurance Co.,Workers Comp,NJ,7601,7/1/2025,7/31/2025,0.4754,912.63,0,141.49,1899.18,1,0,0,0,0,5,4,2,0.4,0.8769,0.2815,0.877925527,1,,0.5,0.4
120171,Nexus Insurance Co.,Workers Comp,NJ,7601,8/1/2025,8/31/2025,0.5141,2131.8,0,72.09,1707.91,0,0,0,0,0,4,3,2,0.5,0.8638,0.2815,0.877925527,1,,0.6667,0.5
120171,Nexus Insurance Co.,Workers Comp,NJ,7601,9/1/2025,9/30/2025,0.4824,222.39,0,42.14,656.06,0,0,1,1,0,3,2,1,0.3333,0.861,0.2815,0.877925527,1,Withdrawn,0.5,0.3333
120172,Highmark Insurance Group,Commercial Auto,PA,19103,1/1/2026,1/31/2026,0.7486,3560.61,567.43,54.03,379.56,1,1,1,0,0,3,2,1,0.3333,0.7858,0.2856,0.918677895,1,Withdrawn,0.5,0.3333
120172,Highmark Insurance Group,Commercial Auto,PA,19103,10/1/2025,10/31/2025,0.7381,2030.45,212.97,41.72,800.05,0,0,0,1,0,8,7,6,0.75,0.7825,0.2856,0.918677895,1,Withdrawn,0.8571,0.75
120172,Highmark Insurance Group,Commercial Auto,PA,19103,11/1/2025,11/30/2025,0.7501,453.33,658.46,116.7,1555.07,1,1,1,1,0,3,2,1,0.3333,0.7761,0.2856,0.918677895,1,,0.5,0.3333
120172,Highmark Insurance Group,Commercial Auto,PA,19103,12/1/2025,12/31/2025,0.772,3026.56,310.46,26.01,3082.75,0,1,0,0,0,5,4,1,0.2,0.7664,0.2856,0.918677895,1,Withdrawn,0.25,0.2
120172,Highmark Insurance Group,Commercial Auto,PA,19103,2/1/2026,2/28/2026,0.7556,304.33,327.96,98.14,1734.82,1,0,1,0,0,3,2,1,0.3333,0.7647,0.2856,0.918677895,1,Withdrawn,0.5,0.3333
120172,Highmark Insurance Group,Commercial Auto,PA,19103,3/1/2026,3/31/2026,0.7512,1323.41,656.01,24.1,1107.72,0,0,1,0,0,7,5,2,0.2857,0.7666,0.2856,0.918677895,2,Withdrawn,0.4,0.2857
120172,Highmark Insurance Group,Commercial Auto,PA,19103,4/1/2025,4/30/2025,0.7556,2572.75,1041.16,198.58,243.05,0,0,1,0,0,3,2,1,0.3333,0.7887,0.2856,0.918677895,1,,0.5,0.3333
120172,Highmark Insurance Group,Commercial Auto,PA,19103,5/1/2025,5/31/2025,0.7389,3637.08,1383.14,175.03,321.42,0,1,0,0,0,3,2,1,0.3333,0.7963,0.2856,0.918677895,1,,0.5,0.3333
120172,Highmark Insurance Group,Commercial Auto,PA,19103,6/1/2025,6/30/2025,0.7632,398.06,853.26,107.05,1071.62,1,0,0,0,0,3,2,1,0.3333,0.782,0.2856,0.918677895,1,,0.5,0.3333
120172,Highmark Insurance Group,Commercial Auto,PA,19103,7/1/2025,7/31/2025,0.7812,2389.43,192.66,783.98,1342.45,1,0,1,0,0,3,2,1,0.3333,0.776,0.2856,0.918677895,1,Withdrawn,0.5,0.3333
120172,Highmark Insurance Group,Commercial Auto,PA,19103,8/1/2025,8/31/2025,0.7746,2097.79,443.47,76.9,760.12,1,0,0,0,0,3,2,1,0.3333,0.778,0.2856,0.918677895,1,,0.5,0.3333
120172,Highmark Insurance Group,Commercial Auto,PA,19103,9/1/2025,9/30/2025,0.7493,2270.7,1201.71,222.3,1309.83,1,0,1,0,0,3,2,1,0.3333,0.7809,0.2856,0.918677895,1,,0.5,0.3333
120173,Coastal Risk Solutions,Business Owners Policy,PA,15222,1/1/2026,1/31/2026,0.5146,1030.88,0,84.44,2789.06,0,0,1,0,0,3,2,1,0.3333,0.7394,0.3365,0.890512303,1,,0.5,0.3333
120173,Coastal Risk Solutions,Business Owners Policy,PA,15222,10/1/2025,10/31/2025,0.4511,2621.36,0,76.75,3709.58,1,1,2,1,0,3,2,1,0.3333,0.7477,0.3365,0.890512303,1,Declined,0.5,0.3333
120173,Coastal Risk Solutions,Business Owners Policy,PA,15222,11/1/2025,11/30/2025,0.4666,1124.21,0,64.79,400.72,2,1,0,1,0,3,2,1,0.3333,0.7655,0.3365,0.890512303,1,Declined,0.5,0.3333
120173,Coastal Risk Solutions,Business Owners Policy,PA,15222,12/1/2025,12/31/2025,0.4624,1057.39,0,15.27,688.24,0,1,0,0,0,3,2,1,0.3333,0.7509,0.3365,0.890512303,1,Withdrawn,0.5,0.3333
120173,Coastal Risk Solutions,Business Owners Policy,PA,15222,2/1/2026,2/28/2026,0.5241,524.9,0,150.21,926.92,3,0,1,0,0,4,3,2,0.5,0.7464,0.3365,0.890512303,1,Declined,0.6667,0.5
120173,Coastal Risk Solutions,Business Owners Policy,PA,15222,3/1/2026,3/31/2026,0.5725,1473.63,0,536.33,2740.51,0,1,0,1,0,3,2,1,0.3333,0.7317,0.3365,0.890512303,1,Declined,0.5,0.3333
120173,Coastal Risk Solutions,Business Owners Policy,PA,15222,4/1/2025,4/30/2025,0.4912,757.57,0,236.51,1218.3,0,0,1,0,0,3,2,1,0.3333,0.7344,0.3365,0.890512303,1,Withdrawn,0.5,0.3333
120173,Coastal Risk Solutions,Business Owners Policy,PA,15222,5/1/2025,5/31/2025,0.4816,2534.14,0,52.08,1436.17,0,0,0,0,0,3,2,1,0.3333,0.7546,0.3365,0.890512303,1,,0.5,0.3333
120173,Coastal Risk Solutions,Business Owners Policy,PA,15222,6/1/2025,6/30/2025,0.5156,1245.54,0,282.17,1441.48,0,0,0,1,0,3,2,1,0.3333,0.7516,0.3365,0.890512303,1,Withdrawn,0.5,0.3333
120173,Coastal Risk Solutions,Business Owners Policy,PA,15222,7/1/2025,7/31/2025,0.5405,1335.83,0,192.01,358.97,0,0,1,0,0,3,2,1,0.3333,0.7509,0.3365,0.890512303,1,,0.5,0.3333
120173,Coastal Risk Solutions,Business Owners Policy,PA,15222,8/1/2025,8/31/2025,0.4998,2058.55,0,17.34,582.57,1,0,1,0,0,6,5,3,0.5,0.7331,0.3365,0.890512303,1,,0.6,0.5
120173,Coastal Risk Solutions,Business Owners Policy,PA,15222,9/1/2025,9/30/2025,0.4417,1898.08,0,418.44,1369.56,1,0,1,0,0,9,8,5,0.5556,0.7443,0.3365,0.890512303,1,,0.625,0.5556
120174,Meridian Risk Advisors,Workers Comp,PA,17101,1/1/2026,1/31/2026,0.5199,5322.07,2161.13,144.62,2216.56,0,1,1,0,0,4,3,2,0.5,0.8784,0.2956,0.97101932,1,Withdrawn,0.6667,0.5
120174,Meridian Risk Advisors,Workers Comp,PA,17101,10/1/2025,10/31/2025,0.4479,1046.69,3895.76,144.75,1107.51,2,2,1,2,0,7,5,4,0.5714,0.8772,0.2956,0.97101932,2,,0.8,0.5714
120174,Meridian Risk Advisors,Workers Comp,PA,17101,11/1/2025,11/30/2025,0.6044,3032.38,2373.48,581.41,2118.57,2,1,1,0,0,7,3,2,0.2857,0.8701,0.2956,0.97101932,4,Withdrawn,0.6667,0.2857
120174,Meridian Risk Advisors,Workers Comp,PA,17101,12/1/2025,12/31/2025,0.5238,1202.68,5301.21,70.53,1558.58,1,0,2,0,0,3,2,1,0.3333,0.8857,0.2956,0.97101932,1,Withdrawn,0.5,0.3333
120174,Meridian Risk Advisors,Workers Comp,PA,17101,2/1/2026,2/28/2026,0.5233,1062.37,2008.36,332.96,1889.86,4,0,0,0,0,5,4,1,0.2,0.8692,0.2956,0.97101932,1,,0.25,0.2
120174,Meridian Risk Advisors,Workers Comp,PA,17101,3/1/2026,3/31/2026,0.4635,3221.32,167.23,72.22,1439.23,1,1,2,1,0,3,2,1,0.3333,0.8685,0.2956,0.97101932,1,Withdrawn,0.5,0.3333
120174,Meridian Risk Advisors,Workers Comp,PA,17101,4/1/2025,4/30/2025,0.4874,2108.98,1625.54,458.23,5673.39,2,0,3,1,0,3,2,1,0.3333,0.8691,0.2956,0.97101932,1,,0.5,0.3333
120174,Meridian Risk Advisors,Workers Comp,PA,17101,5/1/2025,5/31/2025,0.4985,9957.3,1168.19,422.21,2059.33,2,0,0,0,0,7,6,5,0.7143,0.8705,0.2956,0.97101932,1,,0.8333,0.7143
120174,Meridian Risk Advisors,Workers Comp,PA,17101,6/1/2025,6/30/2025,0.4556,5431.28,1599.32,848.39,413.79,0,0,2,0,0,3,2,1,0.3333,0.8806,0.2956,0.97101932,1,Declined,0.5,0.3333
120174,Meridian Risk Advisors,Workers Comp,PA,17101,7/1/2025,7/31/2025,0.4828,3016.96,2534.59,117.81,1091.7,1,1,1,1,0,4,3,2,0.5,0.884,0.2956,0.97101932,1,Withdrawn,0.6667,0.5
120174,Meridian Risk Advisors,Workers Comp,PA,17101,8/1/2025,8/31/2025,0.5166,5918.46,1041.2,263.69,4816.82,1,1,3,0,0,9,8,6,0.6667,0.8689,0.2956,0.97101932,1,Declined,0.75,0.6667
120174,Meridian Risk Advisors,Workers Comp,PA,17101,9/1/2025,9/30/2025,0.4616,1437.13,884.82,518.42,4953.61,0,1,0,1,0,3,2,1,0.3333,0.8803,0.2956,0.97101932,1,,0.5,0.3333
120175,Broadstreet Agency Group,Commercial Auto,PA,18501,1/1/2026,1/31/2026,0.7441,316.41,187.57,105.69,1690.7,0,1,0,0,0,3,2,1,0.3333,0.7701,0.3351,0.913514747,1,Withdrawn,0.5,0.3333
120175,Broadstreet Agency Group,Commercial Auto,PA,18501,10/1/2025,10/31/2025,0.7636,839.91,401.3,142.76,1086.66,2,0,1,0,0,3,2,1,0.3333,0.7672,0.3351,0.913514747,1,,0.5,0.3333
120175,Broadstreet Agency Group,Commercial Auto,PA,18501,11/1/2025,11/30/2025,0.7486,1137.25,269.04,286.14,3311.41,1,1,1,0,0,3,2,1,0.3333,0.7838,0.3351,0.913514747,1,Withdrawn,0.5,0.3333
120175,Broadstreet Agency Group,Commercial Auto,PA,18501,12/1/2025,12/31/2025,0.7709,1355.57,159.58,152.94,1984.82,2,0,0,0,0,3,2,1,0.3333,0.7824,0.3351,0.913514747,1,Declined,0.5,0.3333
120175,Broadstreet Agency Group,Commercial Auto,PA,18501,2/1/2026,2/28/2026,0.7824,4572.33,74.32,694.11,3618.96,0,0,1,1,0,3,2,1,0.3333,0.7801,0.3351,0.913514747,1,Withdrawn,0.5,0.3333
120175,Broadstreet Agency Group,Commercial Auto,PA,18501,3/1/2026,3/31/2026,0.7642,2566.65,148.55,144.78,550.68,1,1,1,0,0,3,2,1,0.3333,0.7855,0.3351,0.913514747,1,Withdrawn,0.5,0.3333
120175,Broadstreet Agency Group,Commercial Auto,PA,18501,4/1/2025,4/30/2025,0.7563,879.92,235.32,36.31,702.68,2,0,1,0,0,3,2,1,0.3333,0.7895,0.3351,0.913514747,1,,0.5,0.3333
120175,Broadstreet Agency Group,Commercial Auto,PA,18501,5/1/2025,5/31/2025,0.7528,1940.48,506.89,156.7,2224.41,1,0,1,0,0,4,2,1,0.25,0.7828,0.3351,0.913514747,2,Declined,0.5,0.25
120175,Broadstreet Agency Group,Commercial Auto,PA,18501,6/1/2025,6/30/2025,0.7693,6972.66,76.17,360.34,716.12,0,1,1,1,0,4,3,2,0.5,0.7785,0.3351,0.913514747,1,Withdrawn,0.6667,0.5
120175,Broadstreet Agency Group,Commercial Auto,PA,18501,7/1/2025,7/31/2025,0.7886,1495.92,681.52,341.15,1822.6,0,0,4,1,0,3,2,1,0.3333,0.7822,0.3351,0.913514747,1,,0.5,0.3333
120175,Broadstreet Agency Group,Commercial Auto,PA,18501,8/1/2025,8/31/2025,0.7498,432.56,9.52,147.72,2919.43,0,1,0,1,0,4,3,2,0.5,0.7727,0.3351,0.913514747,1,,0.6667,0.5
120175,Broadstreet Agency Group,Commercial Auto,PA,18501,9/1/2025,9/30/2025,0.733,228.3,109.84,127.5,1672.56,2,1,0,0,0,7,5,1,0.1429,0.7712,0.3351,0.913514747,2,,0.2,0.1429
120176,Pinnacle & Associates,Business Owners Policy,NY,10001,1/1/2026,1/31/2026,0.5411,555.21,152.61,46.49,279.51,1,1,1,0,0,3,2,1,0.3333,0.7512,0.31,0.869871107,1,,0.5,0.3333
120176,Pinnacle & Associates,Business Owners Policy,NY,10001,10/1/2025,10/31/2025,0.4761,1138.29,322.16,129.06,1241.05,1,0,1,1,0,3,2,1,0.3333,0.7462,0.31,0.869871107,1,,0.5,0.3333
120176,Pinnacle & Associates,Business Owners Policy,NY,10001,11/1/2025,11/30/2025,0.4973,2450.87,41.66,82.26,188.8,1,1,1,0,0,4,3,2,0.5,0.7286,0.31,0.869871107,1,,0.6667,0.5
120176,Pinnacle & Associates,Business Owners Policy,NY,10001,12/1/2025,12/31/2025,0.508,1192.2,174.97,114.36,466.45,1,0,0,0,0,3,2,1,0.3333,0.7463,0.31,0.869871107,1,,0.5,0.3333
120176,Pinnacle & Associates,Business Owners Policy,NY,10001,2/1/2026,2/28/2026,0.5069,515.11,107.1,85.4,386.35,1,1,0,0,0,5,3,1,0.2,0.7558,0.31,0.869871107,2,Withdrawn,0.3333,0.2
120176,Pinnacle & Associates,Business Owners Policy,NY,10001,3/1/2026,3/31/2026,0.55,2423.03,44.07,86.07,674.26,0,0,0,0,0,3,2,1,0.3333,0.7669,0.31,0.869871107,1,Withdrawn,0.5,0.3333
120176,Pinnacle & Associates,Business Owners Policy,NY,10001,4/1/2025,4/30/2025,0.4988,1504.41,191,242.24,2581.72,1,1,2,0,0,3,2,1,0.3333,0.7398,0.31,0.869871107,1,,0.5,0.3333
120176,Pinnacle & Associates,Business Owners Policy,NY,10001,5/1/2025,5/31/2025,0.4907,650.88,370.19,158.14,2126.29,1,0,0,0,0,5,4,3,0.6,0.7828,0.31,0.869871107,1,Withdrawn,0.75,0.6
120176,Pinnacle & Associates,Business Owners Policy,NY,10001,6/1/2025,6/30/2025,0.4433,408.33,184.5,143.64,1019.22,0,1,0,0,0,5,4,1,0.2,0.7521,0.31,0.869871107,1,,0.25,0.2
120176,Pinnacle & Associates,Business Owners Policy,NY,10001,7/1/2025,7/31/2025,0.5015,1607.22,252.21,9.49,2651.03,0,0,1,0,0,4,3,1,0.25,0.7706,0.31,0.869871107,1,Declined,0.3333,0.25
120176,Pinnacle & Associates,Business Owners Policy,NY,10001,8/1/2025,8/31/2025,0.5227,583.68,96.01,207.18,1070.43,0,0,1,0,0,3,2,1,0.3333,0.754,0.31,0.869871107,1,,0.5,0.3333
120176,Pinnacle & Associates,Business Owners Policy,NY,10001,9/1/2025,9/30/2025,0.5211,1050.45,200.26,145.84,1394.57,0,1,0,0,0,3,2,1,0.3333,0.7316,0.31,0.869871107,1,,0.5,0.3333
120177,Eagle & Associates,Workers Comp,NY,11201,1/1/2026,1/31/2026,0.468,2996.8,5175.6,284.41,749.61,2,1,2,1,0,5,4,3,0.6,0.8721,0.2928,0.939514339,1,Declined,0.75,0.6
120177,Eagle & Associates,Workers Comp,NY,11201,10/1/2025,10/31/2025,0.4513,4074.52,8515.8,65.65,2081.33,1,1,0,2,0,3,2,1,0.3333,0.8848,0.2928,0.939514339,1,Withdrawn,0.5,0.3333
120177,Eagle & Associates,Workers Comp,NY,11201,11/1/2025,11/30/2025,0.487,1826.47,766.11,119.04,1094.62,1,0,1,0,0,5,4,3,0.6,0.8799,0.2928,0.939514339,1,,0.75,0.6
120177,Eagle & Associates,Workers Comp,NY,11201,12/1/2025,12/31/2025,0.4598,4116.76,13827.49,234.54,3989,1,1,1,1,0,5,4,1,0.2,0.8604,0.2928,0.939514339,1,Withdrawn,0.25,0.2
120177,Eagle & Associates,Workers Comp,NY,11201,2/1/2026,2/28/2026,0.54,1807.95,16207.08,51.97,1440.11,2,0,3,0,0,3,2,1,0.3333,0.8704,0.2928,0.939514339,1,Withdrawn,0.5,0.3333
120177,Eagle & Associates,Workers Comp,NY,11201,3/1/2026,3/31/2026,0.4335,3261.11,5863.76,572.92,670.4,1,2,3,0,0,5,4,2,0.4,0.875,0.2928,0.939514339,1,Withdrawn,0.5,0.4
120177,Eagle & Associates,Workers Comp,NY,11201,4/1/2025,4/30/2025,0.4646,2384.53,12735.8,368.23,5947.03,2,1,0,0,0,4,2,1,0.25,0.8748,0.2928,0.939514339,2,Withdrawn,0.5,0.25
120177,Eagle & Associates,Workers Comp,NY,11201,5/1/2025,5/31/2025,0.5327,3603.57,5651.86,238.66,2664.13,2,0,3,1,0,5,4,1,0.2,0.8725,0.2928,0.939514339,1,,0.25,0.2
120177,Eagle & Associates,Workers Comp,NY,11201,6/1/2025,6/30/2025,0.4987,1780.7,9345.27,248.37,820.13,0,1,1,0,0,5,2,1,0.2,0.8829,0.2928,0.939514339,3,Withdrawn,0.5,0.2
120177,Eagle & Associates,Workers Comp,NY,11201,7/1/2025,7/31/2025,0.4146,2278.18,10212.33,162.73,313.63,1,1,2,0,0,10,4,2,0.2,0.8721,0.2928,0.939514339,6,Declined,0.5,0.2
120177,Eagle & Associates,Workers Comp,NY,11201,8/1/2025,8/31/2025,0.5538,812.97,6505.18,166.85,2420.01,3,1,1,0,0,3,2,1,0.3333,0.8667,0.2928,0.939514339,1,,0.5,0.3333
120177,Eagle & Associates,Workers Comp,NY,11201,9/1/2025,9/30/2025,0.5345,1308.47,582.62,211.2,3937.89,1,0,0,1,0,3,2,1,0.3333,0.8907,0.2928,0.939514339,1,,0.5,0.3333
120178,Vantage Insurance Co.,Commercial Auto,NY,10301,1/1/2026,1/31/2026,0.7527,3762.38,1197.1,376.55,6545.03,1,0,2,1,0,5,3,1,0.2,0.7733,0.2976,0.984381272,2,,0.3333,0.2
120178,Vantage Insurance Co.,Commercial Auto,NY,10301,10/1/2025,10/31/2025,0.7181,1071,1069.85,377.2,3230.75,0,0,0,0,0,6,3,1,0.1667,0.7733,0.2976,0.984381272,3,,0.3333,0.1667
120178,Vantage Insurance Co.,Commercial Auto,NY,10301,11/1/2025,11/30/2025,0.7837,2543.62,803.29,157.31,4692.11,2,0,4,0,0,3,2,1,0.3333,0.7826,0.2976,0.984381272,1,Withdrawn,0.5,0.3333
120178,Vantage Insurance Co.,Commercial Auto,NY,10301,12/1/2025,12/31/2025,0.7453,2334.63,34.39,516.46,1119.28,2,2,0,1,0,3,2,1,0.3333,0.778,0.2976,0.984381272,1,,0.5,0.3333
120178,Vantage Insurance Co.,Commercial Auto,NY,10301,2/1/2026,2/28/2026,0.7678,6720.15,1123.37,304.51,1331.18,0,1,0,1,0,3,2,1,0.3333,0.7811,0.2976,0.984381272,1,Withdrawn,0.5,0.3333
120178,Vantage Insurance Co.,Commercial Auto,NY,10301,3/1/2026,3/31/2026,0.7364,5173.76,1846.97,180.31,3215.74,2,0,1,0,0,3,2,1,0.3333,0.783,0.2976,0.984381272,1,Withdrawn,0.5,0.3333
120178,Vantage Insurance Co.,Commercial Auto,NY,10301,4/1/2025,4/30/2025,0.7485,1224.03,1307.14,548.54,2845.04,0,0,0,1,0,3,2,1,0.3333,0.7831,0.2976,0.984381272,1,Withdrawn,0.5,0.3333
120178,Vantage Insurance Co.,Commercial Auto,NY,10301,5/1/2025,5/31/2025,0.7785,1211.37,542.33,288.18,2934.62,1,1,1,1,0,9,6,1,0.1111,0.7731,0.2976,0.984381272,3,Withdrawn,0.1667,0.1111
120178,Vantage Insurance Co.,Commercial Auto,NY,10301,6/1/2025,6/30/2025,0.7496,10090.12,329.41,454.16,998.88,2,0,2,0,0,3,2,1,0.3333,0.7624,0.2976,0.984381272,1,Withdrawn,0.5,0.3333
120178,Vantage Insurance Co.,Commercial Auto,NY,10301,7/1/2025,7/31/2025,0.766,9454.06,1229.31,185.5,3507.72,1,0,2,0,0,6,5,3,0.5,0.7795,0.2976,0.984381272,1,Declined,0.6,0.5
120178,Vantage Insurance Co.,Commercial Auto,NY,10301,8/1/2025,8/31/2025,0.7603,1766.55,1016.86,908.88,2583.12,2,1,0,1,0,3,2,1,0.3333,0.7838,0.2976,0.984381272,1,,0.5,0.3333
120178,Vantage Insurance Co.,Commercial Auto,NY,10301,9/1/2025,9/30/2025,0.7217,4163.84,659.84,411.58,2835.61,0,0,1,0,0,3,2,1,0.3333,0.7714,0.2976,0.984381272,1,,0.5,0.3333
120179,Meridian Insurance Services,Business Owners Policy,NY,14201,1/1/2026,1/31/2026,0.5246,8039.65,429.71,177.34,5214.05,1,0,2,1,0,6,5,4,0.6667,0.7807,0.3512,0.9505036,1,,0.8,0.6667
120179,Meridian Insurance Services,Business Owners Policy,NY,14201,10/1/2025,10/31/2025,0.5197,1509.06,332.82,167.71,1657.16,1,1,1,0,0,3,2,1,0.3333,0.7661,0.3512,0.9505036,1,,0.5,0.3333
120179,Meridian Insurance Services,Business Owners Policy,NY,14201,11/1/2025,11/30/2025,0.4901,4207.56,206.21,436.99,3164.77,1,0,1,0,0,4,3,2,0.5,0.7622,0.3512,0.9505036,1,Declined,0.6667,0.5
120179,Meridian Insurance Services,Business Owners Policy,NY,14201,12/1/2025,12/31/2025,0.503,536.09,47.72,468.17,5713.39,1,0,1,1,0,3,2,1,0.3333,0.7355,0.3512,0.9505036,1,,0.5,0.3333
120179,Meridian Insurance Services,Business Owners Policy,NY,14201,2/1/2026,2/28/2026,0.4749,5950.69,310.93,565.79,5027.74,1,1,0,0,0,3,2,1,0.3333,0.761,0.3512,0.9505036,1,Withdrawn,0.5,0.3333
120179,Meridian Insurance Services,Business Owners Policy,NY,14201,3/1/2026,3/31/2026,0.5271,5058.22,411.37,51.15,546.01,1,0,0,1,0,3,2,1,0.3333,0.773,0.3512,0.9505036,1,,0.5,0.3333
120179,Meridian Insurance Services,Business Owners Policy,NY,14201,4/1/2025,4/30/2025,0.5274,1639.15,512.44,212.78,406.46,1,1,2,0,0,4,3,1,0.25,0.7576,0.3512,0.9505036,1,,0.3333,0.25
120179,Meridian Insurance Services,Business Owners Policy,NY,14201,5/1/2025,5/31/2025,0.4621,1171.52,132.9,310.74,3461.73,2,1,0,0,0,3,2,1,0.3333,0.7676,0.3512,0.9505036,1,Declined,0.5,0.3333
120179,Meridian Insurance Services,Business Owners Policy,NY,14201,6/1/2025,6/30/2025,0.5211,1388.56,66.53,95.16,3005.91,1,1,1,0,0,4,2,1,0.25,0.7452,0.3512,0.9505036,2,Withdrawn,0.5,0.25
120179,Meridian Insurance Services,Business Owners Policy,NY,14201,7/1/2025,7/31/2025,0.5261,657.11,134.35,289.55,485.33,1,1,2,1,0,7,6,5,0.7143,0.7497,0.3512,0.9505036,1,Withdrawn,0.8333,0.7143
120179,Meridian Insurance Services,Business Owners Policy,NY,14201,8/1/2025,8/31/2025,0.5103,177.75,324.92,287.12,2039.27,1,0,2,0,0,5,4,2,0.4,0.7694,0.3512,0.9505036,1,,0.5,0.4
120179,Meridian Insurance Services,Business Owners Policy,NY,14201,9/1/2025,9/30/2025,0.4492,3797.02,95.4,1384.44,1855.39,2,1,2,0,0,3,2,1,0.3333,0.7235,0.3512,0.9505036,1,Withdrawn,0.5,0.3333
120180,Liberty Insurance Group,Workers Comp,NJ,7030,1/1/2026,1/31/2026,0.5504,4541.67,759.97,125.52,300.03,2,2,3,1,0,11,10,8,0.7273,0.8755,0.2861,1,1,,0.8,0.7273
120180,Liberty Insurance Group,Workers Comp,NJ,7030,10/1/2025,10/31/2025,0.4702,3002.07,408.5,47.16,6538.42,2,1,3,0,0,6,4,3,0.5,0.8777,0.2861,1,2,Declined,0.75,0.5
120180,Liberty Insurance Group,Workers Comp,NJ,7030,11/1/2025,11/30/2025,0.4654,12802.22,1670.45,193.15,6912.25,2,1,0,0,0,8,3,1,0.125,0.8733,0.2861,1,5,Declined,0.3333,0.125
120180,Liberty Insurance Group,Workers Comp,NJ,7030,12/1/2025,12/31/2025,0.5234,2209.45,3130.3,213.37,11501.14,2,2,0,0,0,5,3,2,0.4,0.8823,0.2861,1,2,Withdrawn,0.6667,0.4
120180,Liberty Insurance Group,Workers Comp,NJ,7030,2/1/2026,2/28/2026,0.4281,13555.9,188.74,1336.4,5159.29,2,0,2,0,0,3,2,1,0.3333,0.8762,0.2861,1,1,Withdrawn,0.5,0.3333
120180,Liberty Insurance Group,Workers Comp,NJ,7030,3/1/2026,3/31/2026,0.4604,8936.3,922.97,734.99,2203.48,2,1,2,1,0,3,2,1,0.3333,0.8741,0.2861,1,1,,0.5,0.3333
120180,Liberty Insurance Group,Workers Comp,NJ,7030,4/1/2025,4/30/2025,0.5838,3473.34,182.59,476.57,4792.43,0,1,2,0,0,4,2,1,0.25,0.8828,0.2861,1,2,,0.5,0.25
120180,Liberty Insurance Group,Workers Comp,NJ,7030,5/1/2025,5/31/2025,0.566,9123.24,645.51,1073.2,782.01,2,2,0,1,0,3,2,1,0.3333,0.8782,0.2861,1,1,,0.5,0.3333
120180,Liberty Insurance Group,Workers Comp,NJ,7030,6/1/2025,6/30/2025,0.4773,6482.75,801.05,196.31,1041.36,2,3,1,0,0,6,3,2,0.3333,0.8778,0.2861,1,3,Withdrawn,0.6667,0.3333
120180,Liberty Insurance Group,Workers Comp,NJ,7030,7/1/2025,7/31/2025,0.5014,1614.15,1048.67,556.48,12402.92,0,0,3,0,0,3,2,1,0.3333,0.8777,0.2861,1,1,Withdrawn,0.5,0.3333
120180,Liberty Insurance Group,Workers Comp,NJ,7030,8/1/2025,8/31/2025,0.5673,2209.99,1557.61,388.42,2632.19,2,1,2,0,0,4,3,2,0.5,0.8796,0.2861,1,1,,0.6667,0.5
120180,Liberty Insurance Group,Workers Comp,NJ,7030,9/1/2025,9/30/2025,0.6114,8761.61,705.65,799.85,1811.78,1,0,1,1,0,6,5,2,0.3333,0.8713,0.2861,1,1,Withdrawn,0.4,0.3333
120181,Vantage Risk Solutions,Commercial Auto,NJ,7102,1/1/2026,1/31/2026,0.7604,1988.88,1143.73,619.33,1511.08,1,1,0,0,0,3,2,1,0.3333,0.7685,0.3251,0.997704885,1,Withdrawn,0.5,0.3333
120181,Vantage Risk Solutions,Commercial Auto,NJ,7102,10/1/2025,10/31/2025,0.7649,3897.32,680.08,219.09,2872.9,1,1,0,1,0,5,4,2,0.4,0.7883,0.3251,0.997704885,1,Declined,0.5,0.4
120181,Vantage Risk Solutions,Commercial Auto,NJ,7102,11/1/2025,11/30/2025,0.7554,4812.54,389.63,310.44,10444.27,0,0,4,1,0,4,3,1,0.25,0.7805,0.3251,0.997704885,1,,0.3333,0.25
120181,Vantage Risk Solutions,Commercial Auto,NJ,7102,12/1/2025,12/31/2025,0.726,5915.02,284.38,604.27,3924.33,2,0,1,0,0,3,2,1,0.3333,0.7891,0.3251,0.997704885,1,Declined,0.5,0.3333
120181,Vantage Risk Solutions,Commercial Auto,NJ,7102,2/1/2026,2/28/2026,0.7588,5328.21,218.65,267.9,4468.41,0,1,0,1,0,4,3,2,0.5,0.7733,0.3251,0.997704885,1,,0.6667,0.5
120181,Vantage Risk Solutions,Commercial Auto,NJ,7102,3/1/2026,3/31/2026,0.7664,2978.41,933.13,810,4165.51,2,0,1,1,0,3,2,1,0.3333,0.776,0.3251,0.997704885,1,,0.5,0.3333
120181,Vantage Risk Solutions,Commercial Auto,NJ,7102,4/1/2025,4/30/2025,0.7921,4226.77,197.56,986.01,611.86,1,0,1,0,0,4,2,1,0.25,0.7737,0.3251,0.997704885,2,Withdrawn,0.5,0.25
120181,Vantage Risk Solutions,Commercial Auto,NJ,7102,5/1/2025,5/31/2025,0.7698,9637.95,362.45,566.49,5004.79,1,0,0,0,0,3,2,1,0.3333,0.7728,0.3251,0.997704885,1,,0.5,0.3333
120181,Vantage Risk Solutions,Commercial Auto,NJ,7102,6/1/2025,6/30/2025,0.7554,11234.84,1718.15,978.94,5129.26,0,1,1,0,0,4,3,2,0.5,0.7837,0.3251,0.997704885,1,,0.6667,0.5
120181,Vantage Risk Solutions,Commercial Auto,NJ,7102,7/1/2025,7/31/2025,0.7242,1993.05,818.38,134.21,1919.78,0,0,0,1,0,3,2,1,0.3333,0.7723,0.3251,0.997704885,1,Declined,0.5,0.3333
120181,Vantage Risk Solutions,Commercial Auto,NJ,7102,8/1/2025,8/31/2025,0.7265,2093.86,614.65,676.61,9071.87,3,0,2,2,0,3,2,1,0.3333,0.7921,0.3251,0.997704885,1,Withdrawn,0.5,0.3333
120181,Vantage Risk Solutions,Commercial Auto,NJ,7102,9/1/2025,9/30/2025,0.7513,3210.48,1384.37,286.16,8193.27,0,0,1,0,0,3,2,1,0.3333,0.7744,0.3251,0.997704885,1,,0.5,0.3333
120182,Liberty Insurance Agency,Business Owners Policy,NJ,8401,1/1/2026,1/31/2026,0.5129,2152.99,0,377.47,6905.65,1,0,0,1,0,3,2,1,0.3333,0.7719,0.3116,1,1,Withdrawn,0.5,0.3333
120182,Liberty Insurance Agency,Business Owners Policy,NJ,8401,10/1/2025,10/31/2025,0.5388,2989.72,0,189.23,5175,2,0,0,0,0,3,2,1,0.3333,0.7309,0.3116,1,1,Withdrawn,0.5,0.3333
120182,Liberty Insurance Agency,Business Owners Policy,NJ,8401,11/1/2025,11/30/2025,0.4713,10781.47,0,309.13,1726.68,0,0,1,1,0,5,3,1,0.2,0.7388,0.3116,1,2,Withdrawn,0.3333,0.2
120182,Liberty Insurance Agency,Business Owners Policy,NJ,8401,12/1/2025,12/31/2025,0.5084,5229.9,0,1016.47,8979.93,1,0,1,0,0,6,5,4,0.6667,0.7432,0.3116,1,1,,0.8,0.6667
120182,Liberty Insurance Agency,Business Owners Policy,NJ,8401,2/1/2026,2/28/2026,0.5298,6066.62,0,116.24,6828.18,0,1,1,0,0,4,3,1,0.25,0.7384,0.3116,1,1,Declined,0.3333,0.25
120182,Liberty Insurance Agency,Business Owners Policy,NJ,8401,3/1/2026,3/31/2026,0.4837,4379.64,0,680.93,4588.6,0,1,2,0,0,4,3,2,0.5,0.7347,0.3116,1,1,,0.6667,0.5
120182,Liberty Insurance Agency,Business Owners Policy,NJ,8401,4/1/2025,4/30/2025,0.5016,2911.41,0,508.11,2385.78,1,1,0,0,0,3,2,1,0.3333,0.7369,0.3116,1,1,,0.5,0.3333
120182,Liberty Insurance Agency,Business Owners Policy,NJ,8401,5/1/2025,5/31/2025,0.4502,7146.9,0,490.61,6052.9,1,0,0,0,0,3,2,1,0.3333,0.7531,0.3116,1,1,,0.5,0.3333
120182,Liberty Insurance Agency,Business Owners Policy,NJ,8401,6/1/2025,6/30/2025,0.5178,4204.18,0,1177.36,3430.72,0,1,2,0,1,4,2,1,0.25,0.7768,0.3116,1,2,Withdrawn,0.5,0.25
120182,Liberty Insurance Agency,Business Owners Policy,NJ,8401,7/1/2025,7/31/2025,0.5001,5896.18,0,44.03,3335.62,1,1,1,0,0,3,2,1,0.3333,0.7393,0.3116,1,1,,0.5,0.3333
120182,Liberty Insurance Agency,Business Owners Policy,NJ,8401,8/1/2025,8/31/2025,0.4749,4467.68,0,600.99,4429.77,1,0,0,0,0,3,2,1,0.3333,0.7388,0.3116,1,1,Withdrawn,0.5,0.3333
120182,Liberty Insurance Agency,Business Owners Policy,NJ,8401,9/1/2025,9/30/2025,0.5393,2904.2,0,656.11,779.33,2,0,2,0,0,3,2,1,0.3333,0.7666,0.3116,1,1,,0.5,0.3333
120183,Heritage Brokerage,Workers Comp,NJ,7601,1/1/2026,1/31/2026,0.4667,1148.52,1401.35,369.45,3826.2,0,1,1,0,0,3,2,1,0.3333,0.8781,0.3814,0.925808493,1,,0.5,0.3333
120183,Heritage Brokerage,Workers Comp,NJ,7601,10/1/2025,10/31/2025,0.5719,2571.72,771.77,154.66,1756.77,2,0,1,0,0,3,2,1,0.3333,0.8777,0.3814,0.925808493,1,Declined,0.5,0.3333
120183,Heritage Brokerage,Workers Comp,NJ,7601,11/1/2025,11/30/2025,0.5196,2444.07,936.28,359.49,814.05,0,0,1,0,0,4,3,1,0.25,0.8774,0.3814,0.925808493,1,,0.3333,0.25
120183,Heritage Brokerage,Workers Comp,NJ,7601,12/1/2025,12/31/2025,0.4925,1795.88,1135.54,391.89,1395.58,1,0,1,1,0,5,4,1,0.2,0.8728,0.3814,0.925808493,1,Withdrawn,0.25,0.2
120183,Heritage Brokerage,Workers Comp,NJ,7601,2/1/2026,2/28/2026,0.5085,1206.12,300.32,233.71,2106.07,0,2,0,0,0,5,2,1,0.2,0.8627,0.3814,0.925808493,3,,0.5,0.2
120183,Heritage Brokerage,Workers Comp,NJ,7601,3/1/2026,3/31/2026,0.5069,4826.82,424.5,278.96,3061.79,1,0,1,0,0,3,2,1,0.3333,0.8753,0.3814,0.925808493,1,Withdrawn,0.5,0.3333
120183,Heritage Brokerage,Workers Comp,NJ,7601,4/1/2025,4/30/2025,0.5062,6509.64,280.99,29.89,4148.62,0,1,0,0,0,4,3,1,0.25,0.89,0.3814,0.925808493,1,,0.3333,0.25
120183,Heritage Brokerage,Workers Comp,NJ,7601,5/1/2025,5/31/2025,0.6123,1360.12,1387.84,524.42,654.93,1,0,1,0,0,4,3,2,0.5,0.8743,0.3814,0.925808493,1,Declined,0.6667,0.5
120183,Heritage Brokerage,Workers Comp,NJ,7601,6/1/2025,6/30/2025,0.4462,636.04,696.05,287.96,477.68,1,0,0,0,0,3,2,1,0.3333,0.8774,0.3814,0.925808493,1,,0.5,0.3333
120183,Heritage Brokerage,Workers Comp,NJ,7601,7/1/2025,7/31/2025,0.4834,1828.85,116.26,65.43,3424.92,1,1,1,0,0,3,2,1,0.3333,0.8847,0.3814,0.925808493,1,,0.5,0.3333
120183,Heritage Brokerage,Workers Comp,NJ,7601,8/1/2025,8/31/2025,0.4427,448.59,291.75,310.32,3075.51,0,1,1,1,0,6,3,2,0.3333,0.8662,0.3814,0.925808493,3,,0.6667,0.3333
120183,Heritage Brokerage,Workers Comp,NJ,7601,9/1/2025,9/30/2025,0.4409,1248.33,64.48,998.6,1282.58,1,0,0,0,0,3,2,1,0.3333,0.8639,0.3814,0.925808493,1,Withdrawn,0.5,0.3333
120184,Sterling Risk Advisors,Commercial Auto,PA,19103,1/1/2026,1/31/2026,0.772,977.17,120.12,68,667.86,1,0,0,0,0,3,2,1,0.3333,0.779,0.3023,0.88751025,1,Withdrawn,0.5,0.3333
120184,Sterling Risk Advisors,Commercial Auto,PA,19103,10/1/2025,10/31/2025,0.7651,912.71,18.05,81.48,499.59,0,0,2,1,0,4,2,1,0.25,0.764,0.3023,0.88751025,2,Withdrawn,0.5,0.25
120184,Sterling Risk Advisors,Commercial Auto,PA,19103,11/1/2025,11/30/2025,0.7388,421.78,99.57,129.82,84.71,0,0,1,0,0,3,2,1,0.3333,0.7691,0.3023,0.88751025,1,Declined,0.5,0.3333
120184,Sterling Risk Advisors,Commercial Auto,PA,19103,12/1/2025,12/31/2025,0.7657,334.54,33.47,223.38,1196.18,1,0,1,0,0,3,2,1,0.3333,0.7749,0.3023,0.88751025,1,,0.5,0.3333
120184,Sterling Risk Advisors,Commercial Auto,PA,19103,2/1/2026,2/28/2026,0.7386,1327.8,101.56,163.64,1365.35,0,1,0,0,0,3,2,1,0.3333,0.7653,0.3023,0.88751025,1,Declined,0.5,0.3333
120184,Sterling Risk Advisors,Commercial Auto,PA,19103,3/1/2026,3/31/2026,0.7832,4747.4,4.47,38.3,1534.68,2,0,1,0,0,3,2,1,0.3333,0.7701,0.3023,0.88751025,1,Declined,0.5,0.3333
120184,Sterling Risk Advisors,Commercial Auto,PA,19103,4/1/2025,4/30/2025,0.7558,2104.11,64.19,197.98,1174.75,1,1,0,1,0,4,3,2,0.5,0.7646,0.3023,0.88751025,1,,0.6667,0.5
120184,Sterling Risk Advisors,Commercial Auto,PA,19103,5/1/2025,5/31/2025,0.7616,2352.61,82.62,339.29,2602.23,1,0,2,1,0,3,2,1,0.3333,0.769,0.3023,0.88751025,1,Withdrawn,0.5,0.3333
120184,Sterling Risk Advisors,Commercial Auto,PA,19103,6/1/2025,6/30/2025,0.7656,754.34,85.76,47.91,826.62,1,1,0,1,0,3,2,1,0.3333,0.7689,0.3023,0.88751025,1,Withdrawn,0.5,0.3333
120184,Sterling Risk Advisors,Commercial Auto,PA,19103,7/1/2025,7/31/2025,0.7687,109.02,51.37,233.86,3769.39,1,1,0,0,0,4,3,2,0.5,0.7685,0.3023,0.88751025,1,,0.6667,0.5
120184,Sterling Risk Advisors,Commercial Auto,PA,19103,8/1/2025,8/31/2025,0.7751,459.65,31,125.17,1695.11,1,0,2,1,0,3,2,1,0.3333,0.769,0.3023,0.88751025,1,,0.5,0.3333
120184,Sterling Risk Advisors,Commercial Auto,PA,19103,9/1/2025,9/30/2025,0.7379,2588.14,15.65,26.83,955.89,1,0,1,0,0,3,2,1,0.3333,0.766,0.3023,0.88751025,1,Withdrawn,0.5,0.3333
120185,Horizon Agency Group,Business Owners Policy,PA,15222,1/1/2026,1/31/2026,0.5417,898.24,0,37.02,469.25,0,1,1,0,0,3,2,1,0.3333,0.7305,0.3141,0.859735329,1,,0.5,0.3333
120185,Horizon Agency Group,Business Owners Policy,PA,15222,10/1/2025,10/31/2025,0.5084,1825.39,0,172.92,208.52,1,1,0,0,0,4,2,1,0.25,0.7312,0.3141,0.859735329,2,Withdrawn,0.5,0.25
120185,Horizon Agency Group,Business Owners Policy,PA,15222,11/1/2025,11/30/2025,0.5063,262.8,0,147.74,1012.19,1,1,1,0,0,5,3,2,0.4,0.752,0.3141,0.859735329,2,,0.6667,0.4
120185,Horizon Agency Group,Business Owners Policy,PA,15222,12/1/2025,12/31/2025,0.4995,1268.25,0,90.38,2792.06,0,0,1,0,0,3,2,1,0.3333,0.7289,0.3141,0.859735329,1,,0.5,0.3333
120185,Horizon Agency Group,Business Owners Policy,PA,15222,2/1/2026,2/28/2026,0.5171,1113.77,0,151.81,926.21,0,0,0,0,0,4,3,2,0.5,0.7579,0.3141,0.859735329,1,Declined,0.6667,0.5
120185,Horizon Agency Group,Business Owners Policy,PA,15222,3/1/2026,3/31/2026,0.5108,494.55,0,110.07,862.21,0,0,1,0,0,3,2,1,0.3333,0.754,0.3141,0.859735329,1,,0.5,0.3333
120185,Horizon Agency Group,Business Owners Policy,PA,15222,4/1/2025,4/30/2025,0.5106,1453.49,0,49.87,805,0,1,0,0,0,4,3,2,0.5,0.746,0.3141,0.859735329,1,Withdrawn,0.6667,0.5
120185,Horizon Agency Group,Business Owners Policy,PA,15222,5/1/2025,5/31/2025,0.4616,589.84,0,19.9,1321.49,0,0,0,0,0,3,2,1,0.3333,0.7539,0.3141,0.859735329,1,,0.5,0.3333
120185,Horizon Agency Group,Business Owners Policy,PA,15222,6/1/2025,6/30/2025,0.4707,48.94,0,128.86,1090.46,1,0,1,0,0,5,4,3,0.6,0.7484,0.3141,0.859735329,1,,0.75,0.6
120185,Horizon Agency Group,Business Owners Policy,PA,15222,7/1/2025,7/31/2025,0.495,601.83,0,248.45,1745.02,0,0,0,0,0,8,7,2,0.25,0.7752,0.3141,0.859735329,1,Withdrawn,0.2857,0.25
120185,Horizon Agency Group,Business Owners Policy,PA,15222,8/1/2025,8/31/2025,0.4781,2057.19,0,153.71,182.7,1,0,0,0,0,3,2,1,0.3333,0.7401,0.3141,0.859735329,1,,0.5,0.3333
120185,Horizon Agency Group,Business Owners Policy,PA,15222,9/1/2025,9/30/2025,0.4796,1982.19,0,26.22,1181.37,1,1,0,0,0,3,2,1,0.3333,0.7442,0.3141,0.859735329,1,Withdrawn,0.5,0.3333
120186,Pinnacle Insurance Group,Workers Comp,PA,17101,1/1/2026,1/31/2026,0.5565,1647.73,0,354.56,3159,0,1,1,0,0,3,2,1,0.3333,0.8826,0.3254,0.906011671,1,,0.5,0.3333
120186,Pinnacle Insurance Group,Workers Comp,PA,17101,10/1/2025,10/31/2025,0.529,396.45,0,457.49,1630.42,1,1,1,0,0,3,2,1,0.3333,0.8676,0.3254,0.906011671,1,Withdrawn,0.5,0.3333
120186,Pinnacle Insurance Group,Workers Comp,PA,17101,11/1/2025,11/30/2025,0.4549,1041.51,0,163.62,1830.33,0,0,1,0,0,4,3,2,0.5,0.8745,0.3254,0.906011671,1,,0.6667,0.5
120186,Pinnacle Insurance Group,Workers Comp,PA,17101,12/1/2025,12/31/2025,0.4722,1703.19,0,122.15,2825.24,1,0,1,0,0,8,4,2,0.25,0.8863,0.3254,0.906011671,4,,0.5,0.25
120186,Pinnacle Insurance Group,Workers Comp,PA,17101,2/1/2026,2/28/2026,0.5982,1243.69,0,236.14,1132.43,0,0,1,0,0,3,2,1,0.3333,0.876,0.3254,0.906011671,1,,0.5,0.3333
120186,Pinnacle Insurance Group,Workers Comp,PA,17101,3/1/2026,3/31/2026,0.5152,1460.07,0,300.92,960.38,1,0,0,0,0,3,2,1,0.3333,0.876,0.3254,0.906011671,1,Withdrawn,0.5,0.3333
120186,Pinnacle Insurance Group,Workers Comp,PA,17101,4/1/2025,4/30/2025,0.5665,1304.08,0,111.43,1510.32,0,0,1,0,0,7,5,2,0.2857,0.866,0.3254,0.906011671,2,,0.4,0.2857
120186,Pinnacle Insurance Group,Workers Comp,PA,17101,5/1/2025,5/31/2025,0.4631,2310.38,0,173.05,1002.03,2,1,0,0,0,3,2,1,0.3333,0.8623,0.3254,0.906011671,1,Withdrawn,0.5,0.3333
120186,Pinnacle Insurance Group,Workers Comp,PA,17101,6/1/2025,6/30/2025,0.5163,4249.84,0,191.18,1796.7,0,1,1,1,0,3,2,1,0.3333,0.8853,0.3254,0.906011671,1,Withdrawn,0.5,0.3333
120186,Pinnacle Insurance Group,Workers Comp,PA,17101,7/1/2025,7/31/2025,0.6105,1585.76,0,176.62,3694.64,0,0,0,0,0,3,2,1,0.3333,0.8696,0.3254,0.906011671,1,,0.5,0.3333
120186,Pinnacle Insurance Group,Workers Comp,PA,17101,8/1/2025,8/31/2025,0.4449,1913.72,0,42.13,698.67,1,0,0,1,0,3,2,1,0.3333,0.8683,0.3254,0.906011671,1,Withdrawn,0.5,0.3333
120186,Pinnacle Insurance Group,Workers Comp,PA,17101,9/1/2025,9/30/2025,0.4537,2083.06,0,32.32,699.32,1,1,0,0,0,3,2,1,0.3333,0.8634,0.3254,0.906011671,1,,0.5,0.3333
120187,Bridgepoint Agency Group,Commercial Auto,PA,18501,1/1/2026,1/31/2026,0.7666,563.96,749.54,100.64,2026.53,1,1,1,0,0,3,2,1,0.3333,0.7756,0.3651,0.84533189,1,,0.5,0.3333
120187,Bridgepoint Agency Group,Commercial Auto,PA,18501,10/1/2025,10/31/2025,0.7611,186.76,306.14,91.12,400.27,0,0,1,1,0,3,2,1,0.3333,0.7767,0.3651,0.84533189,1,Declined,0.5,0.3333
120187,Bridgepoint Agency Group,Commercial Auto,PA,18501,11/1/2025,11/30/2025,0.7539,985.46,228.15,216.66,291.38,0,0,1,0,0,3,2,1,0.3333,0.78,0.3651,0.84533189,1,,0.5,0.3333
120187,Bridgepoint Agency Group,Commercial Auto,PA,18501,12/1/2025,12/31/2025,0.7691,419.72,310.26,176.27,1067.37,0,0,0,1,0,8,7,2,0.25,0.7691,0.3651,0.84533189,1,Declined,0.2857,0.25
120187,Bridgepoint Agency Group,Commercial Auto,PA,18501,2/1/2026,2/28/2026,0.7529,872.21,966.25,63.6,867.44,0,0,0,0,0,4,2,1,0.25,0.7813,0.3651,0.84533189,2,,0.5,0.25
120187,Bridgepoint Agency Group,Commercial Auto,PA,18501,3/1/2026,3/31/2026,0.7765,795.16,416.81,162.66,487.92,0,0,0,0,0,5,4,2,0.4,0.7693,0.3651,0.84533189,1,Declined,0.5,0.4
120187,Bridgepoint Agency Group,Commercial Auto,PA,18501,4/1/2025,4/30/2025,0.7695,715.44,577.84,196.52,813.36,0,0,0,0,0,3,2,1,0.3333,0.7825,0.3651,0.84533189,1,,0.5,0.3333
120187,Bridgepoint Agency Group,Commercial Auto,PA,18501,5/1/2025,5/31/2025,0.7392,192.44,73.65,87.97,2066.27,0,0,0,0,0,3,2,1,0.3333,0.7664,0.3651,0.84533189,1,,0.5,0.3333
120187,Bridgepoint Agency Group,Commercial Auto,PA,18501,6/1/2025,6/30/2025,0.7464,993.9,216.12,230.35,923.75,1,0,0,0,0,3,2,1,0.3333,0.782,0.3651,0.84533189,1,,0.5,0.3333
120187,Bridgepoint Agency Group,Commercial Auto,PA,18501,7/1/2025,7/31/2025,0.77,1722.89,176.67,76.44,932.51,1,0,0,0,0,3,2,1,0.3333,0.758,0.3651,0.84533189,1,,0.5,0.3333
120187,Bridgepoint Agency Group,Commercial Auto,PA,18501,8/1/2025,8/31/2025,0.7563,1370.24,281.17,114.52,560.42,1,0,1,1,0,3,2,1,0.3333,0.7837,0.3651,0.84533189,1,Withdrawn,0.5,0.3333
120187,Bridgepoint Agency Group,Commercial Auto,PA,18501,9/1/2025,9/30/2025,0.7738,1935.32,205.46,25.33,316.28,0,0,0,0,0,4,2,1,0.25,0.7706,0.3651,0.84533189,2,,0.5,0.25
120188,Prestige Risk Solutions,Business Owners Policy,NY,10001,1/1/2026,1/31/2026,0.4922,1220.33,0,304.59,641.59,0,1,1,0,0,3,2,1,0.3333,0.7715,0.3574,0.84803174,1,,0.5,0.3333
120188,Prestige Risk Solutions,Business Owners Policy,NY,10001,10/1/2025,10/31/2025,0.4925,126.4,0,28.16,1089.44,0,0,0,0,0,5,3,1,0.2,0.7423,0.3574,0.84803174,2,,0.3333,0.2
120188,Prestige Risk Solutions,Business Owners Policy,NY,10001,11/1/2025,11/30/2025,0.4585,1773.31,0,132.14,288.86,0,1,1,0,0,4,3,2,0.5,0.7229,0.3574,0.84803174,1,,0.6667,0.5
120188,Prestige Risk Solutions,Business Owners Policy,NY,10001,12/1/2025,12/31/2025,0.5018,451.32,0,68.09,1710.72,1,0,0,0,0,3,2,1,0.3333,0.7352,0.3574,0.84803174,1,,0.5,0.3333
120188,Prestige Risk Solutions,Business Owners Policy,NY,10001,2/1/2026,2/28/2026,0.5243,1182.04,0,198.4,1327.83,0,0,0,1,0,3,2,1,0.3333,0.7485,0.3574,0.84803174,1,Declined,0.5,0.3333
120188,Prestige Risk Solutions,Business Owners Policy,NY,10001,3/1/2026,3/31/2026,0.4883,900.04,0,103.69,614.61,1,0,0,0,0,3,2,1,0.3333,0.723,0.3574,0.84803174,1,Withdrawn,0.5,0.3333
120188,Prestige Risk Solutions,Business Owners Policy,NY,10001,4/1/2025,4/30/2025,0.536,562.3,0,57.85,604.29,0,0,1,0,0,4,3,2,0.5,0.738,0.3574,0.84803174,1,Withdrawn,0.6667,0.5
120188,Prestige Risk Solutions,Business Owners Policy,NY,10001,5/1/2025,5/31/2025,0.5639,2326.13,0,95.04,1445.03,2,1,0,1,0,3,2,1,0.3333,0.7565,0.3574,0.84803174,1,Withdrawn,0.5,0.3333
120188,Prestige Risk Solutions,Business Owners Policy,NY,10001,6/1/2025,6/30/2025,0.5192,410.33,0,130.17,1875.22,0,0,0,0,0,3,2,1,0.3333,0.7538,0.3574,0.84803174,1,Declined,0.5,0.3333
120188,Prestige Risk Solutions,Business Owners Policy,NY,10001,7/1/2025,7/31/2025,0.4615,1013.9,0,227.64,335.55,1,0,2,0,0,3,2,1,0.3333,0.7577,0.3574,0.84803174,1,Withdrawn,0.5,0.3333
120188,Prestige Risk Solutions,Business Owners Policy,NY,10001,8/1/2025,8/31/2025,0.5174,110.04,0,52.68,931.68,1,0,1,0,0,3,2,1,0.3333,0.7267,0.3574,0.84803174,1,,0.5,0.3333
120188,Prestige Risk Solutions,Business Owners Policy,NY,10001,9/1/2025,9/30/2025,0.4921,1000.99,0,101.31,212.31,0,0,0,1,0,4,3,2,0.5,0.732,0.3574,0.84803174,1,Withdrawn,0.6667,0.5
120189,Horizon Brokerage,Workers Comp,NY,11201,1/1/2026,1/31/2026,0.4306,223.43,0,85.92,916.29,1,0,0,0,0,4,3,2,0.5,0.8797,0.342,0.908890248,1,,0.6667,0.5
120189,Horizon Brokerage,Workers Comp,NY,11201,10/1/2025,10/31/2025,0.5149,784.91,0,75.29,1252.94,1,0,1,1,0,3,2,1,0.3333,0.8879,0.342,0.908890248,1,,0.5,0.3333
120189,Horizon Brokerage,Workers Comp,NY,11201,11/1/2025,11/30/2025,0.5292,1510.21,0,227.69,1053.31,0,1,1,0,0,3,2,1,0.3333,0.8815,0.342,0.908890248,1,Declined,0.5,0.3333
120189,Horizon Brokerage,Workers Comp,NY,11201,12/1/2025,12/31/2025,0.482,826.72,0,255.83,2616.65,1,1,1,0,0,3,2,1,0.3333,0.8685,0.342,0.908890248,1,,0.5,0.3333
120189,Horizon Brokerage,Workers Comp,NY,11201,2/1/2026,2/28/2026,0.5437,1852.88,0,87.93,1022.63,1,1,2,0,0,3,2,1,0.3333,0.8834,0.342,0.908890248,1,Withdrawn,0.5,0.3333
120189,Horizon Brokerage,Workers Comp,NY,11201,3/1/2026,3/31/2026,0.4564,3360.57,0,320.95,2570.73,0,1,2,0,0,3,2,1,0.3333,0.8781,0.342,0.908890248,1,Withdrawn,0.5,0.3333
120189,Horizon Brokerage,Workers Comp,NY,11201,4/1/2025,4/30/2025,0.4214,2338.03,0,129.63,3650.9,1,1,0,0,0,3,2,1,0.3333,0.8823,0.342,0.908890248,1,Declined,0.5,0.3333
120189,Horizon Brokerage,Workers Comp,NY,11201,5/1/2025,5/31/2025,0.5249,4202.08,0,115.48,1048.71,3,1,1,0,0,3,2,1,0.3333,0.8832,0.342,0.908890248,1,,0.5,0.3333
120189,Horizon Brokerage,Workers Comp,NY,11201,6/1/2025,6/30/2025,0.454,3709.98,0,696.17,1824.5,0,2,2,1,0,6,5,2,0.3333,0.8726,0.342,0.908890248,1,Withdrawn,0.4,0.3333
120189,Horizon Brokerage,Workers Comp,NY,11201,7/1/2025,7/31/2025,0.4657,1235.05,0,322.65,3204.6,1,0,0,0,0,3,2,1,0.3333,0.869,0.342,0.908890248,1,,0.5,0.3333
120189,Horizon Brokerage,Workers Comp,NY,11201,8/1/2025,8/31/2025,0.4507,802.05,0,209.19,1358.95,1,1,1,0,0,3,2,1,0.3333,0.8698,0.342,0.908890248,1,,0.5,0.3333
120189,Horizon Brokerage,Workers Comp,NY,11201,9/1/2025,9/30/2025,0.4351,766.1,0,152.1,1091.8,1,0,0,0,0,7,6,4,0.5714,0.8805,0.342,0.908890248,1,,0.6667,0.5714
120190,Vantage Risk Advisors,Commercial Auto,NY,10301,1/1/2026,1/31/2026,0.7753,2532.61,607.08,193.13,161.33,0,0,0,0,0,8,6,3,0.375,0.7645,0.2942,0.932790714,2,Withdrawn,0.5,0.375
120190,Vantage Risk Advisors,Commercial Auto,NY,10301,10/1/2025,10/31/2025,0.7643,1090.69,634.6,160.37,2141.94,1,0,1,1,0,3,2,1,0.3333,0.7886,0.2942,0.932790714,1,Withdrawn,0.5,0.3333
120190,Vantage Risk Advisors,Commercial Auto,NY,10301,11/1/2025,11/30/2025,0.7755,8504.41,164.07,376.12,3764.35,4,0,1,0,0,3,2,1,0.3333,0.7662,0.2942,0.932790714,1,,0.5,0.3333
120190,Vantage Risk Advisors,Commercial Auto,NY,10301,12/1/2025,12/31/2025,0.7825,4283.17,541.97,107.6,1898.81,0,1,0,0,0,3,2,1,0.3333,0.7721,0.2942,0.932790714,1,,0.5,0.3333
120190,Vantage Risk Advisors,Commercial Auto,NY,10301,2/1/2026,2/28/2026,0.7696,1684.3,628.39,115.3,1927.99,0,0,0,0,0,3,2,1,0.3333,0.7752,0.2942,0.932790714,1,,0.5,0.3333
120190,Vantage Risk Advisors,Commercial Auto,NY,10301,3/1/2026,3/31/2026,0.7804,2849.68,944.26,292.32,3891.67,1,1,0,0,0,6,5,4,0.6667,0.791,0.2942,0.932790714,1,,0.8,0.6667
120190,Vantage Risk Advisors,Commercial Auto,NY,10301,4/1/2025,4/30/2025,0.7556,1960.89,3029.13,258.85,3864.07,0,0,1,1,0,3,2,1,0.3333,0.7616,0.2942,0.932790714,1,,0.5,0.3333
120190,Vantage Risk Advisors,Commercial Auto,NY,10301,5/1/2025,5/31/2025,0.7832,1045.73,424.17,191.98,1386.75,0,1,1,0,0,3,2,1,0.3333,0.7657,0.2942,0.932790714,1,,0.5,0.3333
120190,Vantage Risk Advisors,Commercial Auto,NY,10301,6/1/2025,6/30/2025,0.7575,1586.83,183.66,324.62,252.5,0,0,2,0,0,3,2,1,0.3333,0.7641,0.2942,0.932790714,1,,0.5,0.3333
120190,Vantage Risk Advisors,Commercial Auto,NY,10301,7/1/2025,7/31/2025,0.7344,286.96,2320.19,27.23,743.12,2,1,0,1,0,7,4,2,0.2857,0.7812,0.2942,0.932790714,3,Declined,0.5,0.2857
120190,Vantage Risk Advisors,Commercial Auto,NY,10301,8/1/2025,8/31/2025,0.7679,1041.31,136.94,225.43,1913.21,1,0,2,0,0,3,2,1,0.3333,0.7856,0.2942,0.932790714,1,,0.5,0.3333
120190,Vantage Risk Advisors,Commercial Auto,NY,10301,9/1/2025,9/30/2025,0.765,1232.16,295.82,323.2,2053.17,1,1,2,1,0,4,3,1,0.25,0.7683,0.2942,0.932790714,1,Withdrawn,0.3333,0.25
120191,Capitol Risk Consultants,Business Owners Policy,NY,14201,1/1/2026,1/31/2026,0.5043,856.89,190.38,514.8,2790.4,2,0,2,0,0,3,2,1,0.3333,0.7666,0.3404,0.925000449,1,Declined,0.5,0.3333
120191,Capitol Risk Consultants,Business Owners Policy,NY,14201,10/1/2025,10/31/2025,0.5482,446.83,377.68,316.88,1522.44,1,1,1,0,0,3,2,1,0.3333,0.7504,0.3404,0.925000449,1,Declined,0.5,0.3333
120191,Capitol Risk Consultants,Business Owners Policy,NY,14201,11/1/2025,11/30/2025,0.4947,2344.01,452.58,518.27,1769.11,1,1,2,0,0,3,2,1,0.3333,0.755,0.3404,0.925000449,1,,0.5,0.3333
120191,Capitol Risk Consultants,Business Owners Policy,NY,14201,12/1/2025,12/31/2025,0.4849,3182.49,37.34,35.32,3762.97,0,0,1,0,0,8,7,6,0.75,0.7236,0.3404,0.925000449,1,,0.8571,0.75
120191,Capitol Risk Consultants,Business Owners Policy,NY,14201,2/1/2026,2/28/2026,0.5029,2880.36,381.36,72.33,2362.94,1,1,0,0,0,3,2,1,0.3333,0.7671,0.3404,0.925000449,1,,0.5,0.3333
120191,Capitol Risk Consultants,Business Owners Policy,NY,14201,3/1/2026,3/31/2026,0.4875,4487.09,216.94,63.41,1829.29,1,0,1,0,0,4,3,1,0.25,0.7574,0.3404,0.925000449,1,,0.3333,0.25
120191,Capitol Risk Consultants,Business Owners Policy,NY,14201,4/1/2025,4/30/2025,0.527,626.91,253.1,684.61,951.77,0,1,0,1,0,7,5,1,0.1429,0.7453,0.3404,0.925000449,2,,0.2,0.1429
120191,Capitol Risk Consultants,Business Owners Policy,NY,14201,5/1/2025,5/31/2025,0.4879,779.86,213.66,113.15,1991.61,0,1,0,0,0,3,2,1,0.3333,0.7626,0.3404,0.925000449,1,,0.5,0.3333
120191,Capitol Risk Consultants,Business Owners Policy,NY,14201,6/1/2025,6/30/2025,0.4662,856.23,514.44,498.74,805.25,0,0,0,1,0,3,2,1,0.3333,0.7366,0.3404,0.925000449,1,Withdrawn,0.5,0.3333
120191,Capitol Risk Consultants,Business Owners Policy,NY,14201,7/1/2025,7/31/2025,0.5224,1343.39,51.3,172.77,2854.02,2,0,1,1,0,3,2,1,0.3333,0.7561,0.3404,0.925000449,1,,0.5,0.3333
120191,Capitol Risk Consultants,Business Owners Policy,NY,14201,8/1/2025,8/31/2025,0.5437,5525.46,168.39,117.61,4226.04,0,0,1,0,0,3,2,1,0.3333,0.7462,0.3404,0.925000449,1,Withdrawn,0.5,0.3333
120191,Capitol Risk Consultants,Business Owners Policy,NY,14201,9/1/2025,9/30/2025,0.4596,2465.26,401.45,67.13,928.94,2,2,1,0,0,3,2,1,0.3333,0.7529,0.3404,0.925000449,1,Declined,0.5,0.3333
120192,Sterling Risk Solutions,Workers Comp,NJ,7030,1/1/2026,1/31/2026,0.432,812.16,644.82,104.34,565.42,2,0,0,0,0,3,2,1,0.3333,0.8759,0.3118,0.87043041,1,Declined,0.5,0.3333
120192,Sterling Risk Solutions,Workers Comp,NJ,7030,10/1/2025,10/31/2025,0.4573,373.53,1044.34,67.16,360.66,2,0,1,1,0,4,2,1,0.25,0.876,0.3118,0.87043041,2,,0.5,0.25
120192,Sterling Risk Solutions,Workers Comp,NJ,7030,11/1/2025,11/30/2025,0.5423,412.1,1108.26,325.25,139.1,0,0,0,0,0,4,3,2,0.5,0.8785,0.3118,0.87043041,1,Withdrawn,0.6667,0.5
120192,Sterling Risk Solutions,Workers Comp,NJ,7030,12/1/2025,12/31/2025,0.4838,1127.05,478.44,65.41,1845.62,1,0,2,0,0,6,5,1,0.1667,0.8721,0.3118,0.87043041,1,Withdrawn,0.2,0.1667
120192,Sterling Risk Solutions,Workers Comp,NJ,7030,2/1/2026,2/28/2026,0.5355,2407.86,1083.79,29.61,849.27,1,1,2,0,0,3,2,1,0.3333,0.8778,0.3118,0.87043041,1,Declined,0.5,0.3333
120192,Sterling Risk Solutions,Workers Comp,NJ,7030,3/1/2026,3/31/2026,0.5185,588.28,563.21,115.83,2037.78,0,0,3,1,0,3,2,1,0.3333,0.8772,0.3118,0.87043041,1,Declined,0.5,0.3333
120192,Sterling Risk Solutions,Workers Comp,NJ,7030,4/1/2025,4/30/2025,0.4855,1419.03,242.44,346.04,1039.7,2,0,0,0,0,4,3,2,0.5,0.8814,0.3118,0.87043041,1,,0.6667,0.5
120192,Sterling Risk Solutions,Workers Comp,NJ,7030,5/1/2025,5/31/2025,0.4195,1082.51,567.96,109.25,1164.54,1,1,2,1,0,3,2,1,0.3333,0.8721,0.3118,0.87043041,1,Declined,0.5,0.3333
120192,Sterling Risk Solutions,Workers Comp,NJ,7030,6/1/2025,6/30/2025,0.5634,1276.68,2051.65,90.06,1398.53,1,1,1,1,0,3,2,1,0.3333,0.8739,0.3118,0.87043041,1,Withdrawn,0.5,0.3333
120192,Sterling Risk Solutions,Workers Comp,NJ,7030,7/1/2025,7/31/2025,0.4903,2388.55,661.93,112.31,1566.82,1,0,1,1,0,3,2,1,0.3333,0.8843,0.3118,0.87043041,1,,0.5,0.3333
120192,Sterling Risk Solutions,Workers Comp,NJ,7030,8/1/2025,8/31/2025,0.4511,1016.96,1356.91,32.88,809.48,0,0,0,1,0,3,2,1,0.3333,0.8765,0.3118,0.87043041,1,Withdrawn,0.5,0.3333
120192,Sterling Risk Solutions,Workers Comp,NJ,7030,9/1/2025,9/30/2025,0.488,1261.72,1181.78,84.15,1522.83,1,1,0,0,0,3,2,1,0.3333,0.8763,0.3118,0.87043041,1,Withdrawn,0.5,0.3333
120193,Vantage Insurance Services,Commercial Auto,NJ,7102,1/1/2026,1/31/2026,0.7561,2019.77,1641.28,52.66,935.06,2,1,2,0,0,3,2,1,0.3333,0.7814,0.3392,0.949741721,1,Withdrawn,0.5,0.3333
120193,Vantage Insurance Services,Commercial Auto,NJ,7102,10/1/2025,10/31/2025,0.7711,3517.9,3418.12,134.72,1247.86,1,1,3,1,0,3,2,1,0.3333,0.771,0.3392,0.949741721,1,,0.5,0.3333
120193,Vantage Insurance Services,Commercial Auto,NJ,7102,11/1/2025,11/30/2025,0.7583,1297.6,1659.99,312.07,2710.44,0,1,0,0,0,7,4,3,0.4286,0.7857,0.3392,0.949741721,3,Withdrawn,0.75,0.4286
120193,Vantage Insurance Services,Commercial Auto,NJ,7102,12/1/2025,12/31/2025,0.7373,511.78,820.63,460.52,2557.64,0,1,0,0,0,5,4,3,0.6,0.7692,0.3392,0.949741721,1,,0.75,0.6
120193,Vantage Insurance Services,Commercial Auto,NJ,7102,2/1/2026,2/28/2026,0.7635,3062.94,1291.57,922.3,842.84,1,0,1,0,0,3,2,1,0.3333,0.7776,0.3392,0.949741721,1,Withdrawn,0.5,0.3333
120193,Vantage Insurance Services,Commercial Auto,NJ,7102,3/1/2026,3/31/2026,0.7683,1530.41,2348.33,423.77,6445.87,0,0,1,0,0,3,2,1,0.3333,0.7659,0.3392,0.949741721,1,Withdrawn,0.5,0.3333
120193,Vantage Insurance Services,Commercial Auto,NJ,7102,4/1/2025,4/30/2025,0.7525,1791.47,1773.41,357.08,7381.96,2,1,1,0,0,3,2,1,0.3333,0.7809,0.3392,0.949741721,1,Declined,0.5,0.3333
120193,Vantage Insurance Services,Commercial Auto,NJ,7102,5/1/2025,5/31/2025,0.7636,8304.03,1500.58,207.45,4583.1,1,1,0,0,0,3,2,1,0.3333,0.7715,0.3392,0.949741721,1,,0.5,0.3333
120193,Vantage Insurance Services,Commercial Auto,NJ,7102,6/1/2025,6/30/2025,0.7533,1343.39,398.11,240.47,1783.48,1,0,1,0,0,3,2,1,0.3333,0.7753,0.3392,0.949741721,1,,0.5,0.3333
120193,Vantage Insurance Services,Commercial Auto,NJ,7102,7/1/2025,7/31/2025,0.7776,2516.1,601.62,172.85,464.56,1,1,0,0,0,5,4,2,0.4,0.7664,0.3392,0.949741721,1,Declined,0.5,0.4
120193,Vantage Insurance Services,Commercial Auto,NJ,7102,8/1/2025,8/31/2025,0.7592,1655.69,548.64,190.84,2694.49,1,0,2,1,0,5,4,2,0.4,0.7659,0.3392,0.949741721,1,Declined,0.5,0.4
120193,Vantage Insurance Services,Commercial Auto,NJ,7102,9/1/2025,9/30/2025,0.7635,6296.91,530.55,652.29,1685.85,2,2,1,0,0,3,2,1,0.3333,0.7623,0.3392,0.949741721,1,,0.5,0.3333
120194,Harbor & Associates,Business Owners Policy,NJ,8401,1/1/2026,1/31/2026,0.5013,4253.71,85.43,615.07,2186,1,1,2,0,0,8,7,4,0.5,0.733,0.3324,0.9716739,1,,0.5714,0.5
120194,Harbor & Associates,Business Owners Policy,NJ,8401,10/1/2025,10/31/2025,0.5198,1301.38,110.47,280.07,6192.82,2,0,1,1,0,3,2,1,0.3333,0.7665,0.3324,0.9716739,1,,0.5,0.3333
120194,Harbor & Associates,Business Owners Policy,NJ,8401,11/1/2025,11/30/2025,0.5424,2488.38,38.88,391.82,3858.33,2,0,2,0,0,4,3,2,0.5,0.7537,0.3324,0.9716739,1,Declined,0.6667,0.5
120194,Harbor & Associates,Business Owners Policy,NJ,8401,12/1/2025,12/31/2025,0.513,429.8,96.63,335.59,4183.7,2,2,1,1,0,3,2,1,0.3333,0.7525,0.3324,0.9716739,1,Withdrawn,0.5,0.3333
120194,Harbor & Associates,Business Owners Policy,NJ,8401,2/1/2026,2/28/2026,0.5092,11774.28,293.27,134.89,1385.57,0,1,2,0,0,5,3,1,0.2,0.7418,0.3324,0.9716739,2,Withdrawn,0.3333,0.2
120194,Harbor & Associates,Business Owners Policy,NJ,8401,3/1/2026,3/31/2026,0.5334,1446.44,110.84,723.78,6639.01,0,1,2,0,0,3,2,1,0.3333,0.7533,0.3324,0.9716739,1,Withdrawn,0.5,0.3333
120194,Harbor & Associates,Business Owners Policy,NJ,8401,4/1/2025,4/30/2025,0.4914,1161.13,557.13,467.6,4775.95,1,1,0,0,0,3,2,1,0.3333,0.7204,0.3324,0.9716739,1,,0.5,0.3333
120194,Harbor & Associates,Business Owners Policy,NJ,8401,5/1/2025,5/31/2025,0.4749,5870.54,344.25,1044.86,2237.29,3,2,2,2,0,3,2,1,0.3333,0.7359,0.3324,0.9716739,1,Withdrawn,0.5,0.3333
120194,Harbor & Associates,Business Owners Policy,NJ,8401,6/1/2025,6/30/2025,0.5484,5165.83,118.37,199.89,4706.95,1,0,1,0,0,3,2,1,0.3333,0.7545,0.3324,0.9716739,1,Withdrawn,0.5,0.3333
120194,Harbor & Associates,Business Owners Policy,NJ,8401,7/1/2025,7/31/2025,0.4348,257.63,215.84,176.45,1441.88,0,1,1,0,0,3,2,1,0.3333,0.733,0.3324,0.9716739,1,,0.5,0.3333
120194,Harbor & Associates,Business Owners Policy,NJ,8401,8/1/2025,8/31/2025,0.5173,5375.02,172.97,176.43,2254.05,1,1,0,0,0,5,3,1,0.2,0.7749,0.3324,0.9716739,2,,0.3333,0.2
120194,Harbor & Associates,Business Owners Policy,NJ,8401,9/1/2025,9/30/2025,0.4702,3541.95,490.3,464.59,3204.54,1,0,0,0,0,3,2,1,0.3333,0.7811,0.3324,0.9716739,1,Declined,0.5,0.3333
120195,Nexus Risk Management,Workers Comp,NJ,7601,1/1/2026,1/31/2026,0.5374,245.43,239.31,105.98,1046.47,1,1,1,1,0,4,3,2,0.5,0.868,0.3308,0.881586778,1,Declined,0.6667,0.5
120195,Nexus Risk Management,Workers Comp,NJ,7601,10/1/2025,10/31/2025,0.5281,2119.25,489.68,96.83,2303.73,1,1,0,1,0,3,2,1,0.3333,0.8657,0.3308,0.881586778,1,,0.5,0.3333
120195,Nexus Risk Management,Workers Comp,NJ,7601,11/1/2025,11/30/2025,0.4824,647.89,632.38,240.43,206.67,1,1,1,0,0,4,3,2,0.5,0.8764,0.3308,0.881586778,1,Withdrawn,0.6667,0.5
120195,Nexus Risk Management,Workers Comp,NJ,7601,12/1/2025,12/31/2025,0.4627,1578.43,631.09,65.95,848.99,1,0,1,0,0,4,3,1,0.25,0.8651,0.3308,0.881586778,1,Withdrawn,0.3333,0.25
120195,Nexus Risk Management,Workers Comp,NJ,7601,2/1/2026,2/28/2026,0.4329,1119.39,798.55,145.46,394.56,1,0,1,0,0,4,3,1,0.25,0.8645,0.3308,0.881586778,1,Withdrawn,0.3333,0.25
120195,Nexus Risk Management,Workers Comp,NJ,7601,3/1/2026,3/31/2026,0.5497,620.64,386.95,107.4,386.68,0,1,1,0,0,3,2,1,0.3333,0.8708,0.3308,0.881586778,1,,0.5,0.3333
120195,Nexus Risk Management,Workers Comp,NJ,7601,4/1/2025,4/30/2025,0.446,256.79,450.51,277.86,1023.95,0,0,1,0,0,6,2,1,0.1667,0.8696,0.3308,0.881586778,4,,0.5,0.1667
120195,Nexus Risk Management,Workers Comp,NJ,7601,5/1/2025,5/31/2025,0.4612,2203.25,1168.22,133.93,2897.03,1,0,0,0,0,3,2,1,0.3333,0.8802,0.3308,0.881586778,1,,0.5,0.3333
120195,Nexus Risk Management,Workers Comp,NJ,7601,6/1/2025,6/30/2025,0.4507,2097.47,249.16,438.79,497.04,2,0,0,1,0,3,2,1,0.3333,0.8713,0.3308,0.881586778,1,,0.5,0.3333
120195,Nexus Risk Management,Workers Comp,NJ,7601,7/1/2025,7/31/2025,0.4541,3529.48,373.35,54.27,2536.44,0,0,1,0,0,3,2,1,0.3333,0.8673,0.3308,0.881586778,1,,0.5,0.3333
120195,Nexus Risk Management,Workers Comp,NJ,7601,8/1/2025,8/31/2025,0.5403,1333.97,140.25,89.03,3305.35,0,0,0,0,0,3,2,1,0.3333,0.8631,0.3308,0.881586778,1,Declined,0.5,0.3333
120195,Nexus Risk Management,Workers Comp,NJ,7601,9/1/2025,9/30/2025,0.4477,260.96,996.69,88.93,566.04,0,1,1,0,0,3,2,1,0.3333,0.8811,0.3308,0.881586778,1,Withdrawn,0.5,0.3333
120196,Keystone Risk Management,Commercial Auto,PA,19103,1/1/2026,1/31/2026,0.7646,3821.63,502.02,153.43,626.82,1,1,1,0,0,3,2,1,0.3333,0.7724,0.2686,0.932503106,1,,0.5,0.3333
120196,Keystone Risk Management,Commercial Auto,PA,19103,10/1/2025,10/31/2025,0.76,2081.76,1413.17,98.54,2326.2,0,0,1,1,0,3,2,1,0.3333,0.7837,0.2686,0.932503106,1,Withdrawn,0.5,0.3333
120196,Keystone Risk Management,Commercial Auto,PA,19103,11/1/2025,11/30/2025,0.7555,5015.7,1035.65,192.94,2692.09,1,0,1,0,0,3,2,1,0.3333,0.7766,0.2686,0.932503106,1,,0.5,0.3333
120196,Keystone Risk Management,Commercial Auto,PA,19103,12/1/2025,12/31/2025,0.773,2327.09,94.11,57.49,283.04,1,0,1,0,0,3,2,1,0.3333,0.771,0.2686,0.932503106,1,,0.5,0.3333
120196,Keystone Risk Management,Commercial Auto,PA,19103,2/1/2026,2/28/2026,0.7763,719.49,427.35,56.19,627.3,2,1,0,1,0,3,2,1,0.3333,0.7746,0.2686,0.932503106,1,,0.5,0.3333
120196,Keystone Risk Management,Commercial Auto,PA,19103,3/1/2026,3/31/2026,0.7483,2570.97,791.5,102.29,2132.01,1,0,2,0,0,3,2,1,0.3333,0.774,0.2686,0.932503106,1,,0.5,0.3333
120196,Keystone Risk Management,Commercial Auto,PA,19103,4/1/2025,4/30/2025,0.7759,3796.74,100.91,118.39,1828.27,2,1,1,0,0,7,5,1,0.1429,0.7807,0.2686,0.932503106,2,,0.2,0.1429
120196,Keystone Risk Management,Commercial Auto,PA,19103,5/1/2025,5/31/2025,0.7584,1798.13,633.06,187.7,1833.53,1,0,1,0,0,4,3,2,0.5,0.7718,0.2686,0.932503106,1,Withdrawn,0.6667,0.5
120196,Keystone Risk Management,Commercial Auto,PA,19103,6/1/2025,6/30/2025,0.747,1311.97,161.31,168.35,741.15,2,0,1,0,0,8,2,1,0.125,0.7767,0.2686,0.932503106,6,Declined,0.5,0.125
120196,Keystone Risk Management,Commercial Auto,PA,19103,7/1/2025,7/31/2025,0.7758,1735.69,1252.12,37.5,123.95,0,0,2,0,0,3,2,1,0.3333,0.7685,0.2686,0.932503106,1,Declined,0.5,0.3333
120196,Keystone Risk Management,Commercial Auto,PA,19103,8/1/2025,8/31/2025,0.7534,2429.89,219.06,65.66,98.36,0,1,1,0,0,3,2,1,0.3333,0.7788,0.2686,0.932503106,1,,0.5,0.3333
120196,Keystone Risk Management,Commercial Auto,PA,19103,9/1/2025,9/30/2025,0.7495,401.07,480.44,226.23,2447.38,1,1,0,0,0,3,2,1,0.3333,0.7674,0.2686,0.932503106,1,Declined,0.5,0.3333
120197,Cornerstone Insurance Agency,Business Owners Policy,PA,15222,1/1/2026,1/31/2026,0.4705,3748.67,257.6,131.18,500.22,1,0,1,1,0,3,2,1,0.3333,0.7431,0.2622,0.985501467,1,Declined,0.5,0.3333
120197,Cornerstone Insurance Agency,Business Owners Policy,PA,15222,10/1/2025,10/31/2025,0.4987,6145.91,270.65,217.41,2040.64,0,2,0,0,0,4,3,2,0.5,0.7426,0.2622,0.985501467,1,,0.6667,0.5
120197,Cornerstone Insurance Agency,Business Owners Policy,PA,15222,11/1/2025,11/30/2025,0.5101,1123.74,181.27,508.98,242.7,1,0,1,1,0,3,2,1,0.3333,0.7683,0.2622,0.985501467,1,Withdrawn,0.5,0.3333
120197,Cornerstone Insurance Agency,Business Owners Policy,PA,15222,12/1/2025,12/31/2025,0.5047,5862.34,117.45,81.82,1543.61,3,1,2,0,0,5,3,1,0.2,0.771,0.2622,0.985501467,2,,0.3333,0.2
120197,Cornerstone Insurance Agency,Business Owners Policy,PA,15222,2/1/2026,2/28/2026,0.47,5038,102.7,414.11,2010.43,1,1,2,0,0,3,2,1,0.3333,0.7472,0.2622,0.985501467,1,,0.5,0.3333
120197,Cornerstone Insurance Agency,Business Owners Policy,PA,15222,3/1/2026,3/31/2026,0.5334,4823.82,167.85,227.56,352.84,2,0,3,0,0,7,5,2,0.2857,0.7517,0.2622,0.985501467,2,Declined,0.4,0.2857
120197,Cornerstone Insurance Agency,Business Owners Policy,PA,15222,4/1/2025,4/30/2025,0.4938,3615.9,201.81,120.42,1832.55,2,0,1,0,0,3,2,1,0.3333,0.7484,0.2622,0.985501467,1,Withdrawn,0.5,0.3333
120197,Cornerstone Insurance Agency,Business Owners Policy,PA,15222,5/1/2025,5/31/2025,0.4971,1789.83,139.56,41.19,1858.21,0,0,0,0,0,4,2,1,0.25,0.7522,0.2622,0.985501467,2,Withdrawn,0.5,0.25
120197,Cornerstone Insurance Agency,Business Owners Policy,PA,15222,6/1/2025,6/30/2025,0.4525,3448.75,519.84,116.09,1369.7,2,1,1,0,0,6,5,4,0.6667,0.7462,0.2622,0.985501467,1,Withdrawn,0.8,0.6667
120197,Cornerstone Insurance Agency,Business Owners Policy,PA,15222,7/1/2025,7/31/2025,0.4789,7633.33,32.42,105.96,2557.45,1,0,1,1,0,6,3,1,0.1667,0.729,0.2622,0.985501467,3,,0.3333,0.1667
120197,Cornerstone Insurance Agency,Business Owners Policy,PA,15222,8/1/2025,8/31/2025,0.5221,2322.86,257.26,70.65,2917.76,1,0,1,1,0,5,4,2,0.4,0.7438,0.2622,0.985501467,1,,0.5,0.4
120197,Cornerstone Insurance Agency,Business Owners Policy,PA,15222,9/1/2025,9/30/2025,0.5161,4575.25,160.61,332.53,2725.77,0,1,1,1,0,3,2,1,0.3333,0.7516,0.2622,0.985501467,1,Withdrawn,0.5,0.3333
120198,Broadstreet Insurance Co.,Workers Comp,PA,17101,1/1/2026,1/31/2026,0.4743,2672.97,0,403.37,1958.17,1,0,2,0,0,3,2,1,0.3333,0.8813,0.2896,0.912571873,1,,0.5,0.3333
120198,Broadstreet Insurance Co.,Workers Comp,PA,17101,10/1/2025,10/31/2025,0.5034,1920.78,0,184.78,2087.67,1,0,0,1,0,7,5,4,0.5714,0.8769,0.2896,0.912571873,2,Withdrawn,0.8,0.5714
120198,Broadstreet Insurance Co.,Workers Comp,PA,17101,11/1/2025,11/30/2025,0.4643,1848.49,0,68.48,1486.88,0,0,1,0,0,3,2,1,0.3333,0.8686,0.2896,0.912571873,1,Declined,0.5,0.3333
120198,Broadstreet Insurance Co.,Workers Comp,PA,17101,12/1/2025,12/31/2025,0.5349,1279.96,0,64.63,461.14,2,1,0,0,0,3,2,1,0.3333,0.8714,0.2896,0.912571873,1,,0.5,0.3333
120198,Broadstreet Insurance Co.,Workers Comp,PA,17101,2/1/2026,2/28/2026,0.4539,1239.05,0,130.06,759.99,0,0,0,0,0,3,2,1,0.3333,0.8798,0.2896,0.912571873,1,,0.5,0.3333
120198,Broadstreet Insurance Co.,Workers Comp,PA,17101,3/1/2026,3/31/2026,0.6357,562.76,0,122.54,1867.04,0,1,2,1,0,6,5,4,0.6667,0.8671,0.2896,0.912571873,1,Withdrawn,0.8,0.6667
120198,Broadstreet Insurance Co.,Workers Comp,PA,17101,4/1/2025,4/30/2025,0.4748,2286.53,0,245.56,1582.36,3,1,0,0,0,6,5,2,0.3333,0.8749,0.2896,0.912571873,1,Withdrawn,0.4,0.3333
120198,Broadstreet Insurance Co.,Workers Comp,PA,17101,5/1/2025,5/31/2025,0.4588,3405.99,0,81.58,1025.75,0,1,2,0,0,3,2,1,0.3333,0.8822,0.2896,0.912571873,1,Declined,0.5,0.3333
120198,Broadstreet Insurance Co.,Workers Comp,PA,17101,6/1/2025,6/30/2025,0.5179,3338.39,0,132.28,2303.75,0,0,1,0,0,3,2,1,0.3333,0.8659,0.2896,0.912571873,1,,0.5,0.3333
120198,Broadstreet Insurance Co.,Workers Comp,PA,17101,7/1/2025,7/31/2025,0.5734,642.14,0,180.06,3040.98,0,0,0,0,0,3,2,1,0.3333,0.8724,0.2896,0.912571873,1,,0.5,0.3333
120198,Broadstreet Insurance Co.,Workers Comp,PA,17101,8/1/2025,8/31/2025,0.466,1418.28,0,118.68,688.41,0,1,0,0,0,3,2,1,0.3333,0.8872,0.2896,0.912571873,1,,0.5,0.3333
120198,Broadstreet Insurance Co.,Workers Comp,PA,17101,9/1/2025,9/30/2025,0.491,1888.39,0,194.59,446.62,1,0,0,0,0,3,2,1,0.3333,0.8764,0.2896,0.912571873,1,Withdrawn,0.5,0.3333
120199,Alliance Insurance Agency,Commercial Auto,PA,18501,1/1/2026,1/31/2026,0.7524,4976.35,0,494.8,954.14,0,0,1,1,0,3,2,1,0.3333,0.7715,0.3451,0.911472102,1,Declined,0.5,0.3333
120199,Alliance Insurance Agency,Commercial Auto,PA,18501,10/1/2025,10/31/2025,0.7324,3969.42,0,140.82,891.5,1,0,2,0,0,4,3,2,0.5,0.7899,0.3451,0.911472102,1,,0.6667,0.5
120199,Alliance Insurance Agency,Commercial Auto,PA,18501,11/1/2025,11/30/2025,0.7462,1816.37,0,422.6,730.41,1,0,2,0,0,4,3,2,0.5,0.7786,0.3451,0.911472102,1,Withdrawn,0.6667,0.5
120199,Alliance Insurance Agency,Commercial Auto,PA,18501,12/1/2025,12/31/2025,0.7588,1551.35,0,25.18,357.75,0,0,0,1,0,3,2,1,0.3333,0.7773,0.3451,0.911472102,1,,0.5,0.3333
120199,Alliance Insurance Agency,Commercial Auto,PA,18501,2/1/2026,2/28/2026,0.7654,1622.49,0,271.75,3440.46,2,0,1,1,0,3,2,1,0.3333,0.78,0.3451,0.911472102,1,Declined,0.5,0.3333
120199,Alliance Insurance Agency,Commercial Auto,PA,18501,3/1/2026,3/31/2026,0.7664,802.29,0,320.93,6697.43,1,0,0,0,0,6,2,1,0.1667,0.7675,0.3451,0.911472102,4,,0.5,0.1667
120199,Alliance Insurance Agency,Commercial Auto,PA,18501,4/1/2025,4/30/2025,0.7247,730.21,0,452.33,1169.67,0,0,0,1,0,4,3,2,0.5,0.7774,0.3451,0.911472102,1,Declined,0.6667,0.5
120199,Alliance Insurance Agency,Commercial Auto,PA,18501,5/1/2025,5/31/2025,0.7561,1324.5,0,256.1,1116.38,0,0,1,0,0,3,2,1,0.3333,0.7694,0.3451,0.911472102,1,,0.5,0.3333
120199,Alliance Insurance Agency,Commercial Auto,PA,18501,6/1/2025,6/30/2025,0.7695,3180.73,0,91.54,856.78,0,1,0,0,0,3,2,1,0.3333,0.7685,0.3451,0.911472102,1,,0.5,0.3333
120199,Alliance Insurance Agency,Commercial Auto,PA,18501,7/1/2025,7/31/2025,0.7413,1594.72,0,132.08,4132.28,3,0,1,1,0,3,2,1,0.3333,0.7852,0.3451,0.911472102,1,Declined,0.5,0.3333
120199,Alliance Insurance Agency,Commercial Auto,PA,18501,8/1/2025,8/31/2025,0.7215,108.94,0,84.11,250.12,1,0,1,0,0,3,2,1,0.3333,0.78,0.3451,0.911472102,1,,0.5,0.3333
120199,Alliance Insurance Agency,Commercial Auto,PA,18501,9/1/2025,9/30/2025,0.7789,556.2,0,109.07,838.1,1,1,1,1,0,3,2,1,0.3333,0.7632,0.3451,0.911472102,1,Withdrawn,0.5,0.3333
120200,Benchmark Insurance Agency,Business Owners Policy,NY,10001,1/1/2026,1/31/2026,0.4714,1570.66,577.51,81.06,29.82,1,0,1,0,0,3,2,1,0.3333,0.7627,0.3424,0.902726147,1,,0.5,0.3333
120200,Benchmark Insurance Agency,Business Owners Policy,NY,10001,10/1/2025,10/31/2025,0.4214,1062.53,100.05,108.82,2272.45,1,1,3,1,0,3,2,1,0.3333,0.7332,0.3424,0.902726147,1,,0.5,0.3333
120200,Benchmark Insurance Agency,Business Owners Policy,NY,10001,11/1/2025,11/30/2025,0.5051,2117.66,177.62,246.57,1470.16,2,0,1,1,0,3,2,1,0.3333,0.747,0.3424,0.902726147,1,,0.5,0.3333
120200,Benchmark Insurance Agency,Business Owners Policy,NY,10001,12/1/2025,12/31/2025,0.4883,1419.45,49.48,52.09,2139.28,0,0,0,0,0,3,2,1,0.3333,0.7718,0.3424,0.902726147,1,,0.5,0.3333
120200,Benchmark Insurance Agency,Business Owners Policy,NY,10001,2/1/2026,2/28/2026,0.5467,1443.86,122.56,291.7,2314.62,0,0,0,0,0,3,2,1,0.3333,0.728,0.3424,0.902726147,1,,0.5,0.3333
120200,Benchmark Insurance Agency,Business Owners Policy,NY,10001,3/1/2026,3/31/2026,0.518,695.07,153.17,195.11,367.3,1,1,0,0,0,3,2,1,0.3333,0.7312,0.3424,0.902726147,1,Declined,0.5,0.3333
120200,Benchmark Insurance Agency,Business Owners Policy,NY,10001,4/1/2025,4/30/2025,0.5038,2101.24,685.25,130.37,452.07,1,1,1,1,0,3,2,1,0.3333,0.7276,0.3424,0.902726147,1,Withdrawn,0.5,0.3333
120200,Benchmark Insurance Agency,Business Owners Policy,NY,10001,5/1/2025,5/31/2025,0.5167,1718.46,339.76,437.06,2359.98,1,0,2,0,0,3,2,1,0.3333,0.7524,0.3424,0.902726147,1,,0.5,0.3333
120200,Benchmark Insurance Agency,Business Owners Policy,NY,10001,6/1/2025,6/30/2025,0.5321,996.35,107.08,282,430.32,1,0,1,0,0,3,2,1,0.3333,0.7381,0.3424,0.902726147,1,Declined,0.5,0.3333
120200,Benchmark Insurance Agency,Business Owners Policy,NY,10001,7/1/2025,7/31/2025,0.4771,4802.63,222.29,247.12,2787.51,0,0,0,0,0,3,2,1,0.3333,0.7725,0.3424,0.902726147,1,Withdrawn,0.5,0.3333
120200,Benchmark Insurance Agency,Business Owners Policy,NY,10001,8/1/2025,8/31/2025,0.4715,354.01,449.58,275.37,620.36,0,0,0,0,0,5,2,1,0.2,0.7578,0.3424,0.902726147,3,Withdrawn,0.5,0.2
120200,Benchmark Insurance Agency,Business Owners Policy,NY,10001,9/1/2025,9/30/2025,0.5104,1915.49,321.32,160.62,4182.26,1,1,0,1,0,5,4,1,0.2,0.7479,0.3424,0.902726147,1,Withdrawn,0.25,0.2
120201,Premier Insurance Services,Workers Comp,NY,11201,1/1/2026,1/31/2026,0.4911,692.77,0,87.75,1300.06,0,0,0,0,0,4,3,2,0.5,0.868,0.2778,0.878974292,1,Withdrawn,0.6667,0.5
120201,Premier Insurance Services,Workers Comp,NY,11201,10/1/2025,10/31/2025,0.5108,574.18,0,19.55,302.85,1,0,0,0,0,4,2,1,0.25,0.8923,0.2778,0.878974292,2,,0.5,0.25
120201,Premier Insurance Services,Workers Comp,NY,11201,11/1/2025,11/30/2025,0.4445,1306.97,0,122.02,750.53,1,1,0,0,0,3,2,1,0.3333,0.8591,0.2778,0.878974292,1,Declined,0.5,0.3333
120201,Premier Insurance Services,Workers Comp,NY,11201,12/1/2025,12/31/2025,0.4911,1022.59,0,137.99,1604.21,1,0,1,1,0,3,2,1,0.3333,0.8796,0.2778,0.878974292,1,Withdrawn,0.5,0.3333
120201,Premier Insurance Services,Workers Comp,NY,11201,2/1/2026,2/28/2026,0.4364,1376.71,0,80.43,822.69,0,1,0,0,0,3,2,1,0.3333,0.8626,0.2778,0.878974292,1,,0.5,0.3333
120201,Premier Insurance Services,Workers Comp,NY,11201,3/1/2026,3/31/2026,0.4673,4203.72,0,86.34,746.51,0,0,1,1,0,4,3,2,0.5,0.8804,0.2778,0.878974292,1,,0.6667,0.5
120201,Premier Insurance Services,Workers Comp,NY,11201,4/1/2025,4/30/2025,0.5314,1515.59,0,134.13,517.9,1,0,2,0,0,7,2,1,0.1429,0.8708,0.2778,0.878974292,5,,0.5,0.1429
120201,Premier Insurance Services,Workers Comp,NY,11201,5/1/2025,5/31/2025,0.4967,1649.13,0,124.16,682.95,0,0,1,0,0,4,2,1,0.25,0.8749,0.2778,0.878974292,2,,0.5,0.25
120201,Premier Insurance Services,Workers Comp,NY,11201,6/1/2025,6/30/2025,0.5197,592.86,0,88.16,261.5,1,0,1,0,0,3,2,1,0.3333,0.8799,0.2778,0.878974292,1,,0.5,0.3333
120201,Premier Insurance Services,Workers Comp,NY,11201,7/1/2025,7/31/2025,0.5335,1794,0,61.46,379.25,1,1,0,0,0,3,2,1,0.3333,0.8731,0.2778,0.878974292,1,,0.5,0.3333
120201,Premier Insurance Services,Workers Comp,NY,11201,8/1/2025,8/31/2025,0.4704,649.28,0,62.1,706.81,1,1,1,0,0,3,2,1,0.3333,0.872,0.2778,0.878974292,1,,0.5,0.3333
120201,Premier Insurance Services,Workers Comp,NY,11201,9/1/2025,9/30/2025,0.5216,182.25,0,25.27,84.93,1,0,1,0,0,3,2,1,0.3333,0.8792,0.2778,0.878974292,1,Declined,0.5,0.3333
120202,Gateway Insurance Agency,Commercial Auto,NY,10301,1/1/2026,1/31/2026,0.7659,846.47,275.25,162.87,3183.3,2,0,0,0,0,4,3,2,0.5,0.7688,0.3437,0.88458275,1,Declined,0.6667,0.5
120202,Gateway Insurance Agency,Commercial Auto,NY,10301,10/1/2025,10/31/2025,0.74,926.43,257,278.11,1582.55,1,1,0,0,0,3,2,1,0.3333,0.7708,0.3437,0.88458275,1,Declined,0.5,0.3333
120202,Gateway Insurance Agency,Commercial Auto,NY,10301,11/1/2025,11/30/2025,0.7522,132.44,138.35,156.89,737.38,0,0,0,0,0,3,2,1,0.3333,0.7869,0.3437,0.88458275,1,Declined,0.5,0.3333
120202,Gateway Insurance Agency,Commercial Auto,NY,10301,12/1/2025,12/31/2025,0.7462,1329.71,423.95,98.51,429.5,2,2,2,0,0,3,2,1,0.3333,0.7717,0.3437,0.88458275,1,Declined,0.5,0.3333
120202,Gateway Insurance Agency,Commercial Auto,NY,10301,2/1/2026,2/28/2026,0.7693,2605.46,402.85,4.31,257.96,0,0,2,0,0,3,2,1,0.3333,0.7859,0.3437,0.88458275,1,Withdrawn,0.5,0.3333
120202,Gateway Insurance Agency,Commercial Auto,NY,10301,3/1/2026,3/31/2026,0.7412,770.15,504.9,235.97,3249.24,0,1,2,0,0,4,3,2,0.5,0.7617,0.3437,0.88458275,1,,0.6667,0.5
120202,Gateway Insurance Agency,Commercial Auto,NY,10301,4/1/2025,4/30/2025,0.7599,1495.18,29.08,169.71,1240.89,1,0,1,1,0,3,2,1,0.3333,0.7588,0.3437,0.88458275,1,Declined,0.5,0.3333
120202,Gateway Insurance Agency,Commercial Auto,NY,10301,5/1/2025,5/31/2025,0.7707,104.72,385.7,170.24,981.66,1,0,1,0,0,3,2,1,0.3333,0.7803,0.3437,0.88458275,1,,0.5,0.3333
120202,Gateway Insurance Agency,Commercial Auto,NY,10301,6/1/2025,6/30/2025,0.755,624.44,279.6,327.64,730.37,1,0,0,1,0,3,2,1,0.3333,0.7787,0.3437,0.88458275,1,,0.5,0.3333
120202,Gateway Insurance Agency,Commercial Auto,NY,10301,7/1/2025,7/31/2025,0.7733,1742.7,263.8,6.37,885.39,1,0,0,0,0,5,4,2,0.4,0.7663,0.3437,0.88458275,1,,0.5,0.4
120202,Gateway Insurance Agency,Commercial Auto,NY,10301,8/1/2025,8/31/2025,0.7516,3885.2,201.6,274.76,2529.97,1,1,1,1,0,5,4,1,0.2,0.7725,0.3437,0.88458275,1,,0.25,0.2
120202,Gateway Insurance Agency,Commercial Auto,NY,10301,9/1/2025,9/30/2025,0.7832,2085.68,425.02,175.81,157.26,0,1,1,0,0,3,2,1,0.3333,0.779,0.3437,0.88458275,1,Withdrawn,0.5,0.3333
120203,Cornerstone Risk Management,Business Owners Policy,NY,14201,1/1/2026,1/31/2026,0.4871,5093.4,107.76,238.85,1399.3,1,1,1,0,0,3,2,1,0.3333,0.7404,0.3374,1,1,Withdrawn,0.5,0.3333
120203,Cornerstone Risk Management,Business Owners Policy,NY,14201,10/1/2025,10/31/2025,0.4792,9103.34,280.19,173.66,6465.34,1,0,1,0,0,3,2,1,0.3333,0.7349,0.3374,1,1,Declined,0.5,0.3333
120203,Cornerstone Risk Management,Business Owners Policy,NY,14201,11/1/2025,11/30/2025,0.529,2435.58,37.95,1569.75,7300.46,2,0,0,1,0,5,4,3,0.6,0.7314,0.3374,1,1,,0.75,0.6
120203,Cornerstone Risk Management,Business Owners Policy,NY,14201,12/1/2025,12/31/2025,0.4897,9652.29,109.62,460.66,9420.78,0,1,1,0,0,8,4,3,0.375,0.7442,0.3374,1,4,,0.75,0.375
120203,Cornerstone Risk Management,Business Owners Policy,NY,14201,2/1/2026,2/28/2026,0.4805,3344.28,100.4,418.24,4923.85,1,1,1,0,0,3,2,1,0.3333,0.7634,0.3374,1,1,,0.5,0.3333
120203,Cornerstone Risk Management,Business Owners Policy,NY,14201,3/1/2026,3/31/2026,0.4667,3703.44,143.47,516.95,6084.2,0,0,1,0,0,3,2,1,0.3333,0.7496,0.3374,1,1,Declined,0.5,0.3333
120203,Cornerstone Risk Management,Business Owners Policy,NY,14201,4/1/2025,4/30/2025,0.5465,2298.03,15.73,565.93,1714.49,2,0,0,0,0,3,2,1,0.3333,0.7425,0.3374,1,1,Declined,0.5,0.3333
120203,Cornerstone Risk Management,Business Owners Policy,NY,14201,5/1/2025,5/31/2025,0.4721,2973.38,83.96,194.39,8084.05,0,0,1,0,0,7,3,1,0.1429,0.7367,0.3374,1,4,,0.3333,0.1429
120203,Cornerstone Risk Management,Business Owners Policy,NY,14201,6/1/2025,6/30/2025,0.4496,7152.62,150.11,781.92,850.63,1,1,1,0,0,3,2,1,0.3333,0.7509,0.3374,1,1,,0.5,0.3333
120203,Cornerstone Risk Management,Business Owners Policy,NY,14201,7/1/2025,7/31/2025,0.5307,4063.23,85.7,406.72,3498.58,0,1,0,0,0,4,3,2,0.5,0.7248,0.3374,1,1,Withdrawn,0.6667,0.5
120203,Cornerstone Risk Management,Business Owners Policy,NY,14201,8/1/2025,8/31/2025,0.5294,3921.73,162.65,288.17,3708.65,1,1,1,0,0,5,2,1,0.2,0.7541,0.3374,1,3,Declined,0.5,0.2
120203,Cornerstone Risk Management,Business Owners Policy,NY,14201,9/1/2025,9/30/2025,0.5131,6096.85,112.48,1598.77,6387.84,0,2,1,0,0,3,2,1,0.3333,0.7217,0.3374,1,1,,0.5,0.3333
120204,Broadstreet Insurance Co.,Workers Comp,NJ,7030,1/1/2026,1/31/2026,0.4694,3262.04,8757.63,1020.46,3606.21,1,1,2,0,0,7,3,2,0.2857,0.8948,0.3226,0.98287264,4,,0.6667,0.2857
120204,Broadstreet Insurance Co.,Workers Comp,NJ,7030,10/1/2025,10/31/2025,0.5782,1591.79,1630.07,429.3,7274.66,2,0,0,0,0,3,2,1,0.3333,0.8814,0.3226,0.98287264,1,Withdrawn,0.5,0.3333
120204,Broadstreet Insurance Co.,Workers Comp,NJ,7030,11/1/2025,11/30/2025,0.5151,3444.76,841.64,399.6,1927.87,0,0,0,0,0,3,2,1,0.3333,0.8779,0.3226,0.98287264,1,Withdrawn,0.5,0.3333
120204,Broadstreet Insurance Co.,Workers Comp,NJ,7030,12/1/2025,12/31/2025,0.4879,8556.17,12014.52,467.42,1586.18,0,3,2,0,0,4,3,2,0.5,0.879,0.3226,0.98287264,1,Declined,0.6667,0.5
120204,Broadstreet Insurance Co.,Workers Comp,NJ,7030,2/1/2026,2/28/2026,0.4579,7384.23,21498.18,136.58,7202.5,1,3,1,0,0,7,6,4,0.5714,0.8685,0.3226,0.98287264,1,,0.6667,0.5714
120204,Broadstreet Insurance Co.,Workers Comp,NJ,7030,3/1/2026,3/31/2026,0.4904,4896.98,5702.68,358.33,2320.72,1,1,1,0,0,3,2,1,0.3333,0.882,0.3226,0.98287264,1,,0.5,0.3333
120204,Broadstreet Insurance Co.,Workers Comp,NJ,7030,4/1/2025,4/30/2025,0.4666,2291.09,10163.72,188.87,4596.75,2,0,3,1,0,5,2,1,0.2,0.8792,0.3226,0.98287264,3,Withdrawn,0.5,0.2
120204,Broadstreet Insurance Co.,Workers Comp,NJ,7030,5/1/2025,5/31/2025,0.54,2390.92,8326.81,654.72,3734.35,3,0,1,0,0,3,2,1,0.3333,0.8832,0.3226,0.98287264,1,,0.5,0.3333
120204,Broadstreet Insurance Co.,Workers Comp,NJ,7030,6/1/2025,6/30/2025,0.4632,4864.42,3109.79,424.73,5682.42,2,1,1,0,0,3,2,1,0.3333,0.8652,0.3226,0.98287264,1,,0.5,0.3333
120204,Broadstreet Insurance Co.,Workers Comp,NJ,7030,7/1/2025,7/31/2025,0.4682,3200.49,4711.1,458.4,4293.08,1,1,2,0,0,3,2,1,0.3333,0.8652,0.3226,0.98287264,1,,0.5,0.3333
120204,Broadstreet Insurance Co.,Workers Comp,NJ,7030,8/1/2025,8/31/2025,0.5543,1010.42,3621.63,468.73,601.07,2,1,0,0,0,3,2,1,0.3333,0.8762,0.3226,0.98287264,1,Declined,0.5,0.3333
120204,Broadstreet Insurance Co.,Workers Comp,NJ,7030,9/1/2025,9/30/2025,0.4534,5808.61,10032.56,412.68,5016.3,0,0,2,1,0,8,7,6,0.75,0.862,0.3226,0.98287264,1,Withdrawn,0.8571,0.75
120205,Tri-State Agency Group,Commercial Auto,NJ,7102,1/1/2026,1/31/2026,0.7805,3358.92,0,257.98,3313.47,0,1,0,0,0,3,2,1,0.3333,0.776,0.3256,0.973280697,1,,0.5,0.3333
120205,Tri-State Agency Group,Commercial Auto,NJ,7102,10/1/2025,10/31/2025,0.7697,5649.02,0,922.63,1959.39,1,0,2,0,0,3,2,1,0.3333,0.7699,0.3256,0.973280697,1,Withdrawn,0.5,0.3333
120205,Tri-State Agency Group,Commercial Auto,NJ,7102,11/1/2025,11/30/2025,0.7779,3629.92,0,348.74,8123.7,1,0,2,1,0,3,2,1,0.3333,0.7733,0.3256,0.973280697,1,Declined,0.5,0.3333
120205,Tri-State Agency Group,Commercial Auto,NJ,7102,12/1/2025,12/31/2025,0.7716,1805.81,0,565.37,5227.85,1,0,0,0,0,3,2,1,0.3333,0.7794,0.3256,0.973280697,1,Declined,0.5,0.3333
120205,Tri-State Agency Group,Commercial Auto,NJ,7102,2/1/2026,2/28/2026,0.7507,2779.01,0,240.14,2363.95,0,1,1,1,0,3,2,1,0.3333,0.7755,0.3256,0.973280697,1,,0.5,0.3333
120205,Tri-State Agency Group,Commercial Auto,NJ,7102,3/1/2026,3/31/2026,0.7417,1078.76,0,255.33,3083.24,2,0,1,1,0,3,2,1,0.3333,0.7708,0.3256,0.973280697,1,,0.5,0.3333
120205,Tri-State Agency Group,Commercial Auto,NJ,7102,4/1/2025,4/30/2025,0.7339,5217.31,0,185.29,677.99,2,1,1,0,0,8,7,4,0.5,0.7652,0.3256,0.973280697,1,,0.5714,0.5
120205,Tri-State Agency Group,Commercial Auto,NJ,7102,5/1/2025,5/31/2025,0.7545,1702.82,0,373.57,4448.98,0,0,1,0,0,3,2,1,0.3333,0.7701,0.3256,0.973280697,1,,0.5,0.3333
120205,Tri-State Agency Group,Commercial Auto,NJ,7102,6/1/2025,6/30/2025,0.7758,7374.61,0,724.76,3794.16,2,1,1,0,0,3,2,1,0.3333,0.7811,0.3256,0.973280697,1,Declined,0.5,0.3333
120205,Tri-State Agency Group,Commercial Auto,NJ,7102,7/1/2025,7/31/2025,0.769,3869.25,0,557.67,6012.43,1,0,1,1,0,3,2,1,0.3333,0.7799,0.3256,0.973280697,1,Withdrawn,0.5,0.3333
120205,Tri-State Agency Group,Commercial Auto,NJ,7102,8/1/2025,8/31/2025,0.7615,4325.8,0,220.14,2320.86,1,1,1,0,0,5,4,2,0.4,0.7801,0.3256,0.973280697,1,Withdrawn,0.5,0.4
120205,Tri-State Agency Group,Commercial Auto,NJ,7102,9/1/2025,9/30/2025,0.7528,3041.53,0,293.77,1182.58,1,1,1,0,0,5,4,3,0.6,0.7732,0.3256,0.973280697,1,,0.75,0.6
120206,Clearwater Risk Management,Business Owners Policy,NJ,8401,1/1/2026,1/31/2026,0.4666,802.05,0,61.76,1406.87,1,0,1,1,0,3,2,1,0.3333,0.7323,0.3164,0.845776605,1,Withdrawn,0.5,0.3333
120206,Clearwater Risk Management,Business Owners Policy,NJ,8401,10/1/2025,10/31/2025,0.5091,1157.38,0,104.45,321.16,0,0,2,1,0,3,2,1,0.3333,0.7295,0.3164,0.845776605,1,Withdrawn,0.5,0.3333
120206,Clearwater Risk Management,Business Owners Policy,NJ,8401,11/1/2025,11/30/2025,0.4841,363.46,0,135.55,1046.43,0,0,0,0,0,4,3,2,0.5,0.7382,0.3164,0.845776605,1,Declined,0.6667,0.5
120206,Clearwater Risk Management,Business Owners Policy,NJ,8401,12/1/2025,12/31/2025,0.5449,1588.77,0,106.85,977.25,1,1,1,1,0,3,2,1,0.3333,0.7411,0.3164,0.845776605,1,,0.5,0.3333
120206,Clearwater Risk Management,Business Owners Policy,NJ,8401,2/1/2026,2/28/2026,0.5047,1493.07,0,108.47,2106.06,1,0,0,0,0,3,2,1,0.3333,0.7398,0.3164,0.845776605,1,Withdrawn,0.5,0.3333
120206,Clearwater Risk Management,Business Owners Policy,NJ,8401,3/1/2026,3/31/2026,0.4979,1220.13,0,56.32,1803.15,1,0,0,0,0,3,2,1,0.3333,0.729,0.3164,0.845776605,1,,0.5,0.3333
120206,Clearwater Risk Management,Business Owners Policy,NJ,8401,4/1/2025,4/30/2025,0.5195,607.48,0,181.66,556.04,1,0,0,1,0,3,2,1,0.3333,0.7628,0.3164,0.845776605,1,,0.5,0.3333
120206,Clearwater Risk Management,Business Owners Policy,NJ,8401,5/1/2025,5/31/2025,0.4624,870.99,0,83.34,190.73,1,0,1,0,0,6,4,3,0.5,0.7627,0.3164,0.845776605,2,,0.75,0.5
120206,Clearwater Risk Management,Business Owners Policy,NJ,8401,6/1/2025,6/30/2025,0.4696,399.17,0,11.12,901.92,0,0,0,0,0,3,2,1,0.3333,0.7611,0.3164,0.845776605,1,Withdrawn,0.5,0.3333
120206,Clearwater Risk Management,Business Owners Policy,NJ,8401,7/1/2025,7/31/2025,0.5485,250.41,0,72.64,559.94,1,0,0,1,0,6,5,4,0.6667,0.738,0.3164,0.845776605,1,,0.8,0.6667
120206,Clearwater Risk Management,Business Owners Policy,NJ,8401,8/1/2025,8/31/2025,0.4864,1631.7,0,150.72,611.47,0,1,1,0,0,3,2,1,0.3333,0.742,0.3164,0.845776605,1,Withdrawn,0.5,0.3333
120206,Clearwater Risk Management,Business Owners Policy,NJ,8401,9/1/2025,9/30/2025,0.515,421.54,0,86.6,325.13,0,0,1,0,0,4,3,1,0.25,0.7606,0.3164,0.845776605,1,,0.3333,0.25
120207,Liberty Risk Advisors,Workers Comp,NJ,7601,1/1/2026,1/31/2026,0.4796,1390.13,122.67,396.37,4865.87,1,0,0,1,0,3,2,1,0.3333,0.8786,0.3037,0.949735264,1,,0.5,0.3333
120207,Liberty Risk Advisors,Workers Comp,NJ,7601,10/1/2025,10/31/2025,0.472,3265.6,226.88,440,8717.96,0,1,1,0,0,3,2,1,0.3333,0.8796,0.3037,0.949735264,1,,0.5,0.3333
120207,Liberty Risk Advisors,Workers Comp,NJ,7601,11/1/2025,11/30/2025,0.4963,7301.69,196.94,502.72,1240.81,1,0,0,1,0,3,2,1,0.3333,0.8778,0.3037,0.949735264,1,,0.5,0.3333
120207,Liberty Risk Advisors,Workers Comp,NJ,7601,12/1/2025,12/31/2025,0.5595,1900.53,103.84,219.59,5053.41,1,0,1,0,0,3,2,1,0.3333,0.8734,0.3037,0.949735264,1,Declined,0.5,0.3333
120207,Liberty Risk Advisors,Workers Comp,NJ,7601,2/1/2026,2/28/2026,0.444,417.27,304.12,360.62,734.9,0,0,1,0,0,8,4,2,0.25,0.8686,0.3037,0.949735264,4,,0.5,0.25
120207,Liberty Risk Advisors,Workers Comp,NJ,7601,3/1/2026,3/31/2026,0.4373,3216.42,48.03,216.17,520.93,1,0,0,0,0,3,2,1,0.3333,0.8657,0.3037,0.949735264,1,,0.5,0.3333
120207,Liberty Risk Advisors,Workers Comp,NJ,7601,4/1/2025,4/30/2025,0.5535,7456.4,563.04,65.71,549.14,0,0,1,0,0,3,2,1,0.3333,0.8741,0.3037,0.949735264,1,,0.5,0.3333
120207,Liberty Risk Advisors,Workers Comp,NJ,7601,5/1/2025,5/31/2025,0.5864,2332.88,222.54,433.09,2378.87,0,0,1,0,0,7,3,1,0.1429,0.8799,0.3037,0.949735264,4,Withdrawn,0.3333,0.1429
120207,Liberty Risk Advisors,Workers Comp,NJ,7601,6/1/2025,6/30/2025,0.4878,1420.57,236.7,117.22,2383.05,0,1,0,1,0,3,2,1,0.3333,0.8728,0.3037,0.949735264,1,,0.5,0.3333
120207,Liberty Risk Advisors,Workers Comp,NJ,7601,7/1/2025,7/31/2025,0.5272,3124.96,213.34,93.42,1366.2,1,1,0,0,0,3,2,1,0.3333,0.8814,0.3037,0.949735264,1,,0.5,0.3333
120207,Liberty Risk Advisors,Workers Comp,NJ,7601,8/1/2025,8/31/2025,0.4698,1542.33,1127.47,468.68,2061.92,0,0,1,0,0,5,4,3,0.6,0.8725,0.3037,0.949735264,1,,0.75,0.6
120207,Liberty Risk Advisors,Workers Comp,NJ,7601,9/1/2025,9/30/2025,0.6058,476.81,112.42,24.29,3972.53,1,0,0,0,0,3,2,1,0.3333,0.8778,0.3037,0.949735264,1,Withdrawn,0.5,0.3333
120208,Benchmark Brokerage,Commercial Auto,PA,19103,1/1/2026,1/31/2026,0.7733,2673.87,0,297.49,1557.21,0,3,0,1,0,5,4,3,0.6,0.7791,0.3189,0.948558272,1,,0.75,0.6
120208,Benchmark Brokerage,Commercial Auto,PA,19103,10/1/2025,10/31/2025,0.7849,568.4,0,338.3,1374,2,0,0,0,0,3,2,1,0.3333,0.7736,0.3189,0.948558272,1,,0.5,0.3333
120208,Benchmark Brokerage,Commercial Auto,PA,19103,11/1/2025,11/30/2025,0.7664,4210.4,0,487.01,3093.41,0,0,4,0,0,3,2,1,0.3333,0.7624,0.3189,0.948558272,1,,0.5,0.3333
120208,Benchmark Brokerage,Commercial Auto,PA,19103,12/1/2025,12/31/2025,0.76,2362.61,0,175.03,3629.3,1,1,0,0,0,3,2,1,0.3333,0.7834,0.3189,0.948558272,1,,0.5,0.3333
120208,Benchmark Brokerage,Commercial Auto,PA,19103,2/1/2026,2/28/2026,0.7856,4205.52,0,481.32,1792.31,2,1,1,0,0,3,2,1,0.3333,0.7804,0.3189,0.948558272,1,Withdrawn,0.5,0.3333
120208,Benchmark Brokerage,Commercial Auto,PA,19103,3/1/2026,3/31/2026,0.7523,944.06,0,232.54,1877.95,1,0,1,1,0,4,3,1,0.25,0.7776,0.3189,0.948558272,1,,0.3333,0.25
120208,Benchmark Brokerage,Commercial Auto,PA,19103,4/1/2025,4/30/2025,0.761,3541.71,0,220.96,1026.51,1,0,1,0,0,3,2,1,0.3333,0.7669,0.3189,0.948558272,1,Withdrawn,0.5,0.3333
120208,Benchmark Brokerage,Commercial Auto,PA,19103,5/1/2025,5/31/2025,0.7863,1154.45,0,341.75,4082.77,1,1,1,0,0,8,3,2,0.25,0.7776,0.3189,0.948558272,5,,0.6667,0.25
120208,Benchmark Brokerage,Commercial Auto,PA,19103,6/1/2025,6/30/2025,0.7258,2665.56,0,231.54,282.38,1,1,1,0,0,4,3,1,0.25,0.7707,0.3189,0.948558272,1,Declined,0.3333,0.25
120208,Benchmark Brokerage,Commercial Auto,PA,19103,7/1/2025,7/31/2025,0.7721,3767,0,444.94,3524.63,1,1,1,0,0,3,2,1,0.3333,0.7721,0.3189,0.948558272,1,Withdrawn,0.5,0.3333
120208,Benchmark Brokerage,Commercial Auto,PA,19103,8/1/2025,8/31/2025,0.78,2448.2,0,52.33,5100.45,0,0,1,0,0,3,2,1,0.3333,0.781,0.3189,0.948558272,1,Withdrawn,0.5,0.3333
120208,Benchmark Brokerage,Commercial Auto,PA,19103,9/1/2025,9/30/2025,0.763,4869.15,0,362.45,1712.63,1,0,0,0,0,3,2,1,0.3333,0.7788,0.3189,0.948558272,1,Withdrawn,0.5,0.3333
120209,Eagle Risk Management,Business Owners Policy,PA,15222,1/1/2026,1/31/2026,0.4679,1214.35,2049.16,72.12,432.48,0,0,0,1,0,3,2,1,0.3333,0.7506,0.3181,0.867711879,1,Withdrawn,0.5,0.3333
120209,Eagle Risk Management,Business Owners Policy,PA,15222,10/1/2025,10/31/2025,0.5153,1679.44,116.68,16.18,1443.42,0,0,1,0,0,3,2,1,0.3333,0.7491,0.3181,0.867711879,1,Withdrawn,0.5,0.3333
120209,Eagle Risk Management,Business Owners Policy,PA,15222,11/1/2025,11/30/2025,0.5179,242.67,88.81,133.81,551.7,1,1,0,0,0,3,2,1,0.3333,0.7208,0.3181,0.867711879,1,,0.5,0.3333
120209,Eagle Risk Management,Business Owners Policy,PA,15222,12/1/2025,12/31/2025,0.4576,686.58,1050.44,54.53,922.53,0,0,1,1,0,3,2,1,0.3333,0.7437,0.3181,0.867711879,1,Withdrawn,0.5,0.3333
120209,Eagle Risk Management,Business Owners Policy,PA,15222,2/1/2026,2/28/2026,0.5362,2314.8,1626.86,228.25,1791.81,1,0,0,1,0,3,2,1,0.3333,0.7793,0.3181,0.867711879,1,Declined,0.5,0.3333
120209,Eagle Risk Management,Business Owners Policy,PA,15222,3/1/2026,3/31/2026,0.4943,982.67,1045.15,139.6,736.25,0,0,1,0,0,3,2,1,0.3333,0.7719,0.3181,0.867711879,1,,0.5,0.3333
120209,Eagle Risk Management,Business Owners Policy,PA,15222,4/1/2025,4/30/2025,0.4299,1396.06,290.98,328.46,789.57,1,1,2,0,0,4,3,1,0.25,0.754,0.3181,0.867711879,1,Declined,0.3333,0.25
120209,Eagle Risk Management,Business Owners Policy,PA,15222,5/1/2025,5/31/2025,0.5028,969.09,128.3,56.54,862.75,0,0,0,1,0,5,3,2,0.4,0.7464,0.3181,0.867711879,2,,0.6667,0.4
120209,Eagle Risk Management,Business Owners Policy,PA,15222,6/1/2025,6/30/2025,0.4832,1413.71,994.84,152.42,1737.45,1,0,1,0,0,6,5,4,0.6667,0.737,0.3181,0.867711879,1,,0.8,0.6667
120209,Eagle Risk Management,Business Owners Policy,PA,15222,7/1/2025,7/31/2025,0.5133,560.63,229.91,163.18,1859.49,1,0,1,0,0,3,2,1,0.3333,0.7674,0.3181,0.867711879,1,,0.5,0.3333
120209,Eagle Risk Management,Business Owners Policy,PA,15222,8/1/2025,8/31/2025,0.4684,726.74,865.46,139.43,833.33,1,0,1,1,0,3,2,1,0.3333,0.7665,0.3181,0.867711879,1,,0.5,0.3333
120209,Eagle Risk Management,Business Owners Policy,PA,15222,9/1/2025,9/30/2025,0.4891,1562.99,1241.13,19.17,1415.23,2,0,0,0,0,8,7,4,0.5,0.7759,0.3181,0.867711879,1,,0.5714,0.5
120210,Crossroads Risk Advisors,Workers Comp,PA,17101,1/1/2026,1/31/2026,0.4406,6899.66,197.74,318.1,2561.09,2,2,0,0,0,3,2,1,0.3333,0.8695,0.2841,0.936938781,1,Declined,0.5,0.3333
120210,Crossroads Risk Advisors,Workers Comp,PA,17101,10/1/2025,10/31/2025,0.4159,5734.14,159.59,260.6,905.2,1,0,1,0,0,3,2,1,0.3333,0.8712,0.2841,0.936938781,1,,0.5,0.3333
120210,Crossroads Risk Advisors,Workers Comp,PA,17101,11/1/2025,11/30/2025,0.4973,1758.4,252.99,185.33,1580.42,2,1,1,0,0,3,2,1,0.3333,0.8737,0.2841,0.936938781,1,Declined,0.5,0.3333
120210,Crossroads Risk Advisors,Workers Comp,PA,17101,12/1/2025,12/31/2025,0.4707,551.57,111.19,241.29,6506.39,2,0,3,0,0,5,3,1,0.2,0.8738,0.2841,0.936938781,2,,0.3333,0.2
120210,Crossroads Risk Advisors,Workers Comp,PA,17101,2/1/2026,2/28/2026,0.5364,719.7,279.43,173.85,1175.48,0,2,0,0,0,3,2,1,0.3333,0.8621,0.2841,0.936938781,1,,0.5,0.3333
120210,Crossroads Risk Advisors,Workers Comp,PA,17101,3/1/2026,3/31/2026,0.5358,1990.74,321.16,153.86,600.2,1,0,1,1,0,3,2,1,0.3333,0.8716,0.2841,0.936938781,1,Declined,0.5,0.3333
120210,Crossroads Risk Advisors,Workers Comp,PA,17101,4/1/2025,4/30/2025,0.614,2372.04,195.21,107.69,1744.42,1,1,2,0,0,3,2,1,0.3333,0.8704,0.2841,0.936938781,1,Declined,0.5,0.3333
120210,Crossroads Risk Advisors,Workers Comp,PA,17101,5/1/2025,5/31/2025,0.5141,3392.01,232.08,30.6,1660.53,1,1,0,0,0,8,3,1,0.125,0.8773,0.2841,0.936938781,5,,0.3333,0.125
120210,Crossroads Risk Advisors,Workers Comp,PA,17101,6/1/2025,6/30/2025,0.5583,2315.99,184.26,124.36,1596.85,0,0,1,1,0,3,2,1,0.3333,0.8623,0.2841,0.936938781,1,Withdrawn,0.5,0.3333
120210,Crossroads Risk Advisors,Workers Comp,PA,17101,7/1/2025,7/31/2025,0.4708,1430.35,233.64,167.74,1249.5,0,0,1,0,0,3,2,1,0.3333,0.8704,0.2841,0.936938781,1,Declined,0.5,0.3333
120210,Crossroads Risk Advisors,Workers Comp,PA,17101,8/1/2025,8/31/2025,0.5212,1639.56,222.16,365.88,686.35,1,1,1,0,0,7,2,1,0.1429,0.8654,0.2841,0.936938781,5,,0.5,0.1429
120210,Crossroads Risk Advisors,Workers Comp,PA,17101,9/1/2025,9/30/2025,0.4396,604.19,510.02,209.02,784.48,1,0,1,0,0,3,2,1,0.3333,0.8792,0.2841,0.936938781,1,,0.5,0.3333
120211,Cornerstone & Associates,Commercial Auto,PA,18501,1/1/2026,1/31/2026,0.7702,2016.66,2844.61,341.07,3202.51,0,0,1,0,0,3,2,1,0.3333,0.7752,0.3026,0.904567506,1,,0.5,0.3333
120211,Cornerstone & Associates,Commercial Auto,PA,18501,10/1/2025,10/31/2025,0.7899,2549.53,6508.69,25.21,489.38,1,0,2,1,0,5,3,1,0.2,0.7645,0.3026,0.904567506,2,Withdrawn,0.3333,0.2
120211,Cornerstone & Associates,Commercial Auto,PA,18501,11/1/2025,11/30/2025,0.7539,663.42,3374.19,130.25,1801.85,0,1,0,0,0,3,2,1,0.3333,0.7872,0.3026,0.904567506,1,,0.5,0.3333
120211,Cornerstone & Associates,Commercial Auto,PA,18501,12/1/2025,12/31/2025,0.7663,3327.08,3750.17,18.83,2181.37,1,0,1,0,0,3,2,1,0.3333,0.7777,0.3026,0.904567506,1,Withdrawn,0.5,0.3333
120211,Cornerstone & Associates,Commercial Auto,PA,18501,2/1/2026,2/28/2026,0.7596,772.22,2208.49,366.94,189.21,3,1,0,0,0,3,2,1,0.3333,0.7781,0.3026,0.904567506,1,,0.5,0.3333
120211,Cornerstone & Associates,Commercial Auto,PA,18501,3/1/2026,3/31/2026,0.7751,1513.46,2782.9,311.83,1319.69,1,0,2,0,0,3,2,1,0.3333,0.7662,0.3026,0.904567506,1,,0.5,0.3333
120211,Cornerstone & Associates,Commercial Auto,PA,18501,4/1/2025,4/30/2025,0.7767,3130.25,6093.76,65.18,414.55,0,0,0,0,0,3,2,1,0.3333,0.781,0.3026,0.904567506,1,Declined,0.5,0.3333
120211,Cornerstone & Associates,Commercial Auto,PA,18501,5/1/2025,5/31/2025,0.7805,1684.13,10036.33,128.44,680.09,1,0,0,0,0,4,3,2,0.5,0.7919,0.3026,0.904567506,1,,0.6667,0.5
120211,Cornerstone & Associates,Commercial Auto,PA,18501,6/1/2025,6/30/2025,0.7709,914.82,6172.61,245.76,1330.78,0,1,1,0,0,3,2,1,0.3333,0.7727,0.3026,0.904567506,1,,0.5,0.3333
120211,Cornerstone & Associates,Commercial Auto,PA,18501,7/1/2025,7/31/2025,0.7675,2000.21,9725.34,160.7,1683.53,1,1,1,0,0,7,3,2,0.2857,0.7756,0.3026,0.904567506,4,,0.6667,0.2857
120211,Cornerstone & Associates,Commercial Auto,PA,18501,8/1/2025,8/31/2025,0.7191,1844.14,8323.5,130.12,1083.94,1,0,0,0,0,3,2,1,0.3333,0.7723,0.3026,0.904567506,1,Withdrawn,0.5,0.3333
120211,Cornerstone & Associates,Commercial Auto,PA,18501,9/1/2025,9/30/2025,0.765,194.08,8805.3,98.12,2080.27,0,1,1,1,0,3,2,1,0.3333,0.7844,0.3026,0.904567506,1,Withdrawn,0.5,0.3333
120212,Gateway Risk Consultants,Business Owners Policy,NY,10001,1/1/2026,1/31/2026,0.5002,3717.81,1939.03,625.72,1887.14,4,1,1,1,0,3,2,1,0.3333,0.7442,0.3174,0.940688046,1,Declined,0.5,0.3333
120212,Gateway Risk Consultants,Business Owners Policy,NY,10001,10/1/2025,10/31/2025,0.5196,594.74,440.92,105.62,981.47,0,0,2,0,0,5,4,3,0.6,0.7466,0.3174,0.940688046,1,Withdrawn,0.75,0.6
120212,Gateway Risk Consultants,Business Owners Policy,NY,10001,11/1/2025,11/30/2025,0.498,1253.62,286.67,165.75,2297.49,1,0,2,1,0,3,2,1,0.3333,0.7602,0.3174,0.940688046,1,Withdrawn,0.5,0.3333
120212,Gateway Risk Consultants,Business Owners Policy,NY,10001,12/1/2025,12/31/2025,0.4528,3097.73,791.85,293.67,2197.69,1,0,2,0,0,6,5,4,0.6667,0.7597,0.3174,0.940688046,1,Withdrawn,0.8,0.6667
120212,Gateway Risk Consultants,Business Owners Policy,NY,10001,2/1/2026,2/28/2026,0.5239,682.12,2043.85,158.2,1503.41,1,1,1,1,0,4,3,2,0.5,0.7536,0.3174,0.940688046,1,,0.6667,0.5
120212,Gateway Risk Consultants,Business Owners Policy,NY,10001,3/1/2026,3/31/2026,0.5102,3682.9,1568.78,417.57,8945,1,0,1,0,0,3,2,1,0.3333,0.7581,0.3174,0.940688046,1,,0.5,0.3333
120212,Gateway Risk Consultants,Business Owners Policy,NY,10001,4/1/2025,4/30/2025,0.4487,5354.44,793.21,429.51,3365.07,1,1,1,0,0,6,4,1,0.1667,0.7407,0.3174,0.940688046,2,Declined,0.25,0.1667
120212,Gateway Risk Consultants,Business Owners Policy,NY,10001,5/1/2025,5/31/2025,0.5207,4276.83,1810.37,309.39,492.98,1,1,1,1,0,4,2,1,0.25,0.7536,0.3174,0.940688046,2,,0.5,0.25
120212,Gateway Risk Consultants,Business Owners Policy,NY,10001,6/1/2025,6/30/2025,0.515,1313.07,1214.84,311.57,3593.38,2,0,2,1,0,3,2,1,0.3333,0.7424,0.3174,0.940688046,1,Withdrawn,0.5,0.3333
120212,Gateway Risk Consultants,Business Owners Policy,NY,10001,7/1/2025,7/31/2025,0.503,1299.46,967.62,251.23,1247.72,0,0,1,0,0,5,4,3,0.6,0.7571,0.3174,0.940688046,1,,0.75,0.6
120212,Gateway Risk Consultants,Business Owners Policy,NY,10001,8/1/2025,8/31/2025,0.5114,899.3,1824.87,205.97,914.98,1,1,0,0,0,3,2,1,0.3333,0.7567,0.3174,0.940688046,1,,0.5,0.3333
120212,Gateway Risk Consultants,Business Owners Policy,NY,10001,9/1/2025,9/30/2025,0.5255,4472.47,1975.12,49.94,1872.02,2,1,1,1,0,7,4,2,0.2857,0.7323,0.3174,0.940688046,3,,0.5,0.2857
120213,Prestige Risk Consultants,Workers Comp,NY,11201,1/1/2026,1/31/2026,0.4631,1548.21,204.27,196.53,8494.93,2,0,1,1,0,8,7,2,0.25,0.8664,0.2946,0.966713037,1,,0.2857,0.25
120213,Prestige Risk Consultants,Workers Comp,NY,11201,10/1/2025,10/31/2025,0.5514,3340.84,297.98,432.46,235.99,1,0,1,0,0,3,2,1,0.3333,0.8775,0.2946,0.966713037,1,Withdrawn,0.5,0.3333
120213,Prestige Risk Consultants,Workers Comp,NY,11201,11/1/2025,11/30/2025,0.4955,1785.35,245.9,43.73,2660.61,0,0,1,0,0,4,2,1,0.25,0.8667,0.2946,0.966713037,2,Withdrawn,0.5,0.25
120213,Prestige Risk Consultants,Workers Comp,NY,11201,12/1/2025,12/31/2025,0.4827,4250.37,383.96,348.39,2280.23,2,0,2,0,0,5,4,3,0.6,0.8929,0.2946,0.966713037,1,,0.75,0.6
120213,Prestige Risk Consultants,Workers Comp,NY,11201,2/1/2026,2/28/2026,0.4361,5051.58,169.93,227.99,1771.6,0,1,0,0,0,5,4,3,0.6,0.8773,0.2946,0.966713037,1,,0.75,0.6
120213,Prestige Risk Consultants,Workers Comp,NY,11201,3/1/2026,3/31/2026,0.4353,3606.55,546.74,573.51,1413.69,0,1,1,0,0,3,2,1,0.3333,0.8717,0.2946,0.966713037,1,,0.5,0.3333
120213,Prestige Risk Consultants,Workers Comp,NY,11201,4/1/2025,4/30/2025,0.5808,3736.22,332.95,237.48,5349.4,0,0,0,1,0,3,2,1,0.3333,0.8646,0.2946,0.966713037,1,Declined,0.5,0.3333
120213,Prestige Risk Consultants,Workers Comp,NY,11201,5/1/2025,5/31/2025,0.4843,1387.38,126.8,399.08,4700.43,1,0,0,1,0,3,2,1,0.3333,0.8717,0.2946,0.966713037,1,,0.5,0.3333
120213,Prestige Risk Consultants,Workers Comp,NY,11201,6/1/2025,6/30/2025,0.4886,3643.78,151.37,285.84,5092.72,1,1,0,0,0,3,2,1,0.3333,0.8832,0.2946,0.966713037,1,Withdrawn,0.5,0.3333
120213,Prestige Risk Consultants,Workers Comp,NY,11201,7/1/2025,7/31/2025,0.5345,3729.23,188.39,170.39,1590.84,1,0,4,0,0,3,2,1,0.3333,0.8628,0.2946,0.966713037,1,Withdrawn,0.5,0.3333
120213,Prestige Risk Consultants,Workers Comp,NY,11201,8/1/2025,8/31/2025,0.5128,732.25,429.5,500.26,4661.43,2,2,0,0,0,3,2,1,0.3333,0.878,0.2946,0.966713037,1,Withdrawn,0.5,0.3333
120213,Prestige Risk Consultants,Workers Comp,NY,11201,9/1/2025,9/30/2025,0.4587,7970.88,621.3,353.84,1553.64,0,0,0,0,0,3,2,1,0.3333,0.8718,0.2946,0.966713037,1,Withdrawn,0.5,0.3333
120214,Pinnacle Insurance Co.,Commercial Auto,NY,10301,1/1/2026,1/31/2026,0.7927,808.51,218.47,101.44,704.74,1,0,0,0,0,3,2,1,0.3333,0.789,0.3389,0.838430166,1,,0.5,0.3333
120214,Pinnacle Insurance Co.,Commercial Auto,NY,10301,10/1/2025,10/31/2025,0.7678,1454.83,587.08,87.22,1822.23,1,0,1,0,0,4,3,1,0.25,0.7761,0.3389,0.838430166,1,Withdrawn,0.3333,0.25
120214,Pinnacle Insurance Co.,Commercial Auto,NY,10301,11/1/2025,11/30/2025,0.7824,1051.76,228.96,227.21,1809.99,1,0,1,0,0,3,2,1,0.3333,0.7701,0.3389,0.838430166,1,Withdrawn,0.5,0.3333
120214,Pinnacle Insurance Co.,Commercial Auto,NY,10301,12/1/2025,12/31/2025,0.7301,363.25,996.3,47.69,513.11,0,0,1,0,0,4,3,1,0.25,0.7778,0.3389,0.838430166,1,Declined,0.3333,0.25
120214,Pinnacle Insurance Co.,Commercial Auto,NY,10301,2/1/2026,2/28/2026,0.751,1258.87,299.59,146.17,42.04,0,0,2,0,0,3,2,1,0.3333,0.7783,0.3389,0.838430166,1,,0.5,0.3333
120214,Pinnacle Insurance Co.,Commercial Auto,NY,10301,3/1/2026,3/31/2026,0.7161,846.1,159.05,96.58,876.51,2,1,0,1,0,3,2,1,0.3333,0.7765,0.3389,0.838430166,1,,0.5,0.3333
120214,Pinnacle Insurance Co.,Commercial Auto,NY,10301,4/1/2025,4/30/2025,0.7662,1096.23,122.35,41.09,73.63,1,1,2,0,0,9,8,4,0.4444,0.7644,0.3389,0.838430166,1,,0.5,0.4444
120214,Pinnacle Insurance Co.,Commercial Auto,NY,10301,5/1/2025,5/31/2025,0.7831,298.64,82.38,73.68,835.26,0,1,0,0,0,3,2,1,0.3333,0.7613,0.3389,0.838430166,1,,0.5,0.3333
120214,Pinnacle Insurance Co.,Commercial Auto,NY,10301,6/1/2025,6/30/2025,0.7633,546.25,621.73,193.01,724.14,0,1,0,0,0,3,2,1,0.3333,0.7696,0.3389,0.838430166,1,,0.5,0.3333
120214,Pinnacle Insurance Co.,Commercial Auto,NY,10301,7/1/2025,7/31/2025,0.7568,599.62,78.51,87.75,157.66,0,0,0,0,0,5,3,2,0.4,0.7731,0.3389,0.838430166,2,,0.6667,0.4
120214,Pinnacle Insurance Co.,Commercial Auto,NY,10301,8/1/2025,8/31/2025,0.7465,1425.73,241.21,72.63,696.33,0,0,0,0,0,3,2,1,0.3333,0.7736,0.3389,0.838430166,1,Withdrawn,0.5,0.3333
120214,Pinnacle Insurance Co.,Commercial Auto,NY,10301,9/1/2025,9/30/2025,0.7668,218.73,111.25,36.73,1397.98,1,1,0,0,0,3,2,1,0.3333,0.7808,0.3389,0.838430166,1,Declined,0.5,0.3333
120215,Capitol Risk Consultants,Business Owners Policy,NY,14201,1/1/2026,1/31/2026,0.4835,313.83,451.49,156.36,926.81,1,0,0,1,0,5,4,2,0.4,0.7464,0.3063,0.926057031,1,Withdrawn,0.5,0.4
120215,Capitol Risk Consultants,Business Owners Policy,NY,14201,10/1/2025,10/31/2025,0.4875,1682.11,311.17,177.36,2074.44,3,0,0,1,0,3,2,1,0.3333,0.7355,0.3063,0.926057031,1,,0.5,0.3333
120215,Capitol Risk Consultants,Business Owners Policy,NY,14201,11/1/2025,11/30/2025,0.5133,3120.1,147.45,111.39,1401.57,0,0,3,1,0,8,3,2,0.25,0.78,0.3063,0.926057031,5,,0.6667,0.25
120215,Capitol Risk Consultants,Business Owners Policy,NY,14201,12/1/2025,12/31/2025,0.5128,2572.59,352.67,234,1145.28,0,0,0,1,0,3,2,1,0.3333,0.7617,0.3063,0.926057031,1,,0.5,0.3333
120215,Capitol Risk Consultants,Business Owners Policy,NY,14201,2/1/2026,2/28/2026,0.5131,3167.01,330.84,484.56,3079.36,1,1,0,1,0,3,2,1,0.3333,0.7313,0.3063,0.926057031,1,,0.5,0.3333
120215,Capitol Risk Consultants,Business Owners Policy,NY,14201,3/1/2026,3/31/2026,0.5502,3543.4,779.26,377.35,1380.95,1,0,2,1,0,5,4,3,0.6,0.7311,0.3063,0.926057031,1,Withdrawn,0.75,0.6
120215,Capitol Risk Consultants,Business Owners Policy,NY,14201,4/1/2025,4/30/2025,0.4754,1589.89,643.64,375.35,3069.8,0,0,0,0,0,3,2,1,0.3333,0.7579,0.3063,0.926057031,1,Declined,0.5,0.3333
120215,Capitol Risk Consultants,Business Owners Policy,NY,14201,5/1/2025,5/31/2025,0.5117,2204.48,891,182.3,920.1,3,0,0,0,0,3,2,1,0.3333,0.7635,0.3063,0.926057031,1,Withdrawn,0.5,0.3333
120215,Capitol Risk Consultants,Business Owners Policy,NY,14201,6/1/2025,6/30/2025,0.4911,2382.99,202.49,207.44,2724.44,0,0,2,0,0,3,2,1,0.3333,0.7568,0.3063,0.926057031,1,Withdrawn,0.5,0.3333
120215,Capitol Risk Consultants,Business Owners Policy,NY,14201,7/1/2025,7/31/2025,0.4947,700.62,407.44,174.88,1515.51,1,1,1,1,0,6,5,4,0.6667,0.7732,0.3063,0.926057031,1,,0.8,0.6667
120215,Capitol Risk Consultants,Business Owners Policy,NY,14201,8/1/2025,8/31/2025,0.4591,3207.82,312.16,63.48,1275.88,1,0,1,0,0,3,2,1,0.3333,0.7705,0.3063,0.926057031,1,Withdrawn,0.5,0.3333
120215,Capitol Risk Consultants,Business Owners Policy,NY,14201,9/1/2025,9/30/2025,0.4734,1610.99,610.66,72.3,1365.24,0,1,2,0,0,3,2,1,0.3333,0.7525,0.3063,0.926057031,1,,0.5,0.3333
120216,Broadstreet Insurance Partners,Workers Comp,NJ,7030,1/1/2026,1/31/2026,0.4797,1620.23,0,236.08,2595.64,1,1,1,0,0,3,2,1,0.3333,0.879,0.2983,0.924832403,1,Withdrawn,0.5,0.3333
120216,Broadstreet Insurance Partners,Workers Comp,NJ,7030,10/1/2025,10/31/2025,0.4714,3944.67,0,289.31,1372.37,1,1,2,0,0,9,4,1,0.1111,0.8774,0.2983,0.924832403,5,,0.25,0.1111
120216,Broadstreet Insurance Partners,Workers Comp,NJ,7030,11/1/2025,11/30/2025,0.5311,1803.89,0,23.4,3031.63,0,0,1,0,0,3,2,1,0.3333,0.8796,0.2983,0.924832403,1,,0.5,0.3333
120216,Broadstreet Insurance Partners,Workers Comp,NJ,7030,12/1/2025,12/31/2025,0.4905,6904.29,0,183.33,2005.46,0,1,2,0,0,3,2,1,0.3333,0.8817,0.2983,0.924832403,1,Withdrawn,0.5,0.3333
120216,Broadstreet Insurance Partners,Workers Comp,NJ,7030,2/1/2026,2/28/2026,0.485,2284.48,0,258.28,1346.49,2,1,1,0,0,3,2,1,0.3333,0.8569,0.2983,0.924832403,1,,0.5,0.3333
120216,Broadstreet Insurance Partners,Workers Comp,NJ,7030,3/1/2026,3/31/2026,0.5402,2017.66,0,105.56,4950.68,0,1,1,1,0,3,2,1,0.3333,0.8785,0.2983,0.924832403,1,Withdrawn,0.5,0.3333
120216,Broadstreet Insurance Partners,Workers Comp,NJ,7030,4/1/2025,4/30/2025,0.4804,1982.61,0,296.61,1266.04,2,0,0,1,0,3,2,1,0.3333,0.8628,0.2983,0.924832403,1,Declined,0.5,0.3333
120216,Broadstreet Insurance Partners,Workers Comp,NJ,7030,5/1/2025,5/31/2025,0.4195,459.1,0,455.8,1052.29,1,1,2,0,0,3,2,1,0.3333,0.8681,0.2983,0.924832403,1,Withdrawn,0.5,0.3333
120216,Broadstreet Insurance Partners,Workers Comp,NJ,7030,6/1/2025,6/30/2025,0.4571,676.39,0,48.01,2800.13,0,0,0,0,0,3,2,1,0.3333,0.8773,0.2983,0.924832403,1,,0.5,0.3333
120216,Broadstreet Insurance Partners,Workers Comp,NJ,7030,7/1/2025,7/31/2025,0.4671,495.68,0,83.92,3373.61,2,1,1,0,0,3,2,1,0.3333,0.8628,0.2983,0.924832403,1,,0.5,0.3333
120216,Broadstreet Insurance Partners,Workers Comp,NJ,7030,8/1/2025,8/31/2025,0.5077,1437.16,0,222.58,178.75,1,0,0,0,0,3,2,1,0.3333,0.8644,0.2983,0.924832403,1,,0.5,0.3333
120216,Broadstreet Insurance Partners,Workers Comp,NJ,7030,9/1/2025,9/30/2025,0.5211,2121.06,0,266.61,1246.91,1,1,0,0,0,3,2,1,0.3333,0.8868,0.2983,0.924832403,1,,0.5,0.3333
120217,Landmark Insurance Agency,Commercial Auto,NJ,7102,1/1/2026,1/31/2026,0.7724,498.51,266.15,338.3,1213.59,1,0,1,0,0,4,3,2,0.5,0.773,0.3893,0.896630825,1,,0.6667,0.5
120217,Landmark Insurance Agency,Commercial Auto,NJ,7102,10/1/2025,10/31/2025,0.7693,260.18,1134.71,81.76,1879.58,1,0,0,0,0,3,2,1,0.3333,0.7686,0.3893,0.896630825,1,,0.5,0.3333
120217,Landmark Insurance Agency,Commercial Auto,NJ,7102,11/1/2025,11/30/2025,0.7491,2583.87,222.14,623.5,944.83,1,1,0,0,0,3,2,1,0.3333,0.7635,0.3893,0.896630825,1,Withdrawn,0.5,0.3333
120217,Landmark Insurance Agency,Commercial Auto,NJ,7102,12/1/2025,12/31/2025,0.7596,1870.45,272.46,362.56,1980.43,0,1,1,0,0,5,3,2,0.4,0.7855,0.3893,0.896630825,2,Declined,0.6667,0.4
120217,Landmark Insurance Agency,Commercial Auto,NJ,7102,2/1/2026,2/28/2026,0.7357,868.8,283.27,69.18,1636.22,0,2,1,0,0,4,2,1,0.25,0.7882,0.3893,0.896630825,2,,0.5,0.25
120217,Landmark Insurance Agency,Commercial Auto,NJ,7102,3/1/2026,3/31/2026,0.7705,2813.18,237.7,73.36,1235.39,1,1,0,0,0,3,2,1,0.3333,0.7738,0.3893,0.896630825,1,,0.5,0.3333
120217,Landmark Insurance Agency,Commercial Auto,NJ,7102,4/1/2025,4/30/2025,0.7625,722.8,301.82,56,2168.42,1,0,0,0,0,4,3,2,0.5,0.7859,0.3893,0.896630825,1,,0.6667,0.5
120217,Landmark Insurance Agency,Commercial Auto,NJ,7102,5/1/2025,5/31/2025,0.7287,1294.5,141.47,182.15,765.52,0,0,1,0,0,3,2,1,0.3333,0.7827,0.3893,0.896630825,1,Withdrawn,0.5,0.3333
120217,Landmark Insurance Agency,Commercial Auto,NJ,7102,6/1/2025,6/30/2025,0.7387,2382.62,1068.38,172.87,3267.89,1,0,1,0,0,3,2,1,0.3333,0.7754,0.3893,0.896630825,1,Withdrawn,0.5,0.3333
120217,Landmark Insurance Agency,Commercial Auto,NJ,7102,7/1/2025,7/31/2025,0.7716,2074.62,349.61,182.21,850.59,0,0,0,0,0,4,3,1,0.25,0.7834,0.3893,0.896630825,1,Withdrawn,0.3333,0.25
120217,Landmark Insurance Agency,Commercial Auto,NJ,7102,8/1/2025,8/31/2025,0.7813,1315.09,454.4,594.95,917.94,0,1,1,0,0,3,2,1,0.3333,0.7828,0.3893,0.896630825,1,,0.5,0.3333
120217,Landmark Insurance Agency,Commercial Auto,NJ,7102,9/1/2025,9/30/2025,0.7797,2205.04,247.73,300.1,2029.26,1,1,1,0,0,3,2,1,0.3333,0.7727,0.3893,0.896630825,1,Declined,0.5,0.3333
120218,Nexus Brokerage,Business Owners Policy,NJ,8401,1/1/2026,1/31/2026,0.4777,9653.55,33.23,719.54,2571.98,0,1,1,0,0,3,2,1,0.3333,0.7558,0.3219,0.975878466,1,Withdrawn,0.5,0.3333
120218,Nexus Brokerage,Business Owners Policy,NJ,8401,10/1/2025,10/31/2025,0.5168,2661.31,38.53,491.39,46.62,1,2,1,0,0,4,2,1,0.25,0.7308,0.3219,0.975878466,2,Withdrawn,0.5,0.25
120218,Nexus Brokerage,Business Owners Policy,NJ,8401,11/1/2025,11/30/2025,0.4947,3975.51,12.44,170.24,1284.17,2,0,1,0,0,4,3,2,0.5,0.7541,0.3219,0.975878466,1,,0.6667,0.5
120218,Nexus Brokerage,Business Owners Policy,NJ,8401,12/1/2025,12/31/2025,0.4689,2779.2,40.73,241.26,2687.37,0,1,2,1,0,3,2,1,0.3333,0.7613,0.3219,0.975878466,1,Withdrawn,0.5,0.3333
120218,Nexus Brokerage,Business Owners Policy,NJ,8401,2/1/2026,2/28/2026,0.4729,5537.61,11.68,236.91,9185.37,1,0,0,0,0,3,2,1,0.3333,0.7422,0.3219,0.975878466,1,,0.5,0.3333
120218,Nexus Brokerage,Business Owners Policy,NJ,8401,3/1/2026,3/31/2026,0.5211,1190.71,45.89,424.34,1850.05,0,0,2,0,0,3,2,1,0.3333,0.7321,0.3219,0.975878466,1,Withdrawn,0.5,0.3333
120218,Nexus Brokerage,Business Owners Policy,NJ,8401,4/1/2025,4/30/2025,0.4804,945.63,29.9,399.53,432.57,0,1,0,0,0,3,2,1,0.3333,0.7821,0.3219,0.975878466,1,Withdrawn,0.5,0.3333
120218,Nexus Brokerage,Business Owners Policy,NJ,8401,5/1/2025,5/31/2025,0.4962,673.43,10.73,674.41,2698.92,0,0,0,0,0,4,3,2,0.5,0.788,0.3219,0.975878466,1,Declined,0.6667,0.5
120218,Nexus Brokerage,Business Owners Policy,NJ,8401,6/1/2025,6/30/2025,0.4911,1770.45,26.72,133.01,3820.76,3,1,1,0,0,5,4,3,0.6,0.7305,0.3219,0.975878466,1,,0.75,0.6
120218,Nexus Brokerage,Business Owners Policy,NJ,8401,7/1/2025,7/31/2025,0.5123,7251.78,13.34,158.18,11002.23,1,1,0,0,0,4,3,2,0.5,0.7507,0.3219,0.975878466,1,Declined,0.6667,0.5
120218,Nexus Brokerage,Business Owners Policy,NJ,8401,8/1/2025,8/31/2025,0.4813,3739.53,33.79,475.65,1607.23,3,0,3,0,0,3,2,1,0.3333,0.7488,0.3219,0.975878466,1,Declined,0.5,0.3333
120218,Nexus Brokerage,Business Owners Policy,NJ,8401,9/1/2025,9/30/2025,0.5245,4922.53,23.54,878.61,3165.5,0,0,0,0,0,3,2,1,0.3333,0.7731,0.3219,0.975878466,1,,0.5,0.3333
120219,Bridgepoint Insurance Co.,Workers Comp,NJ,7601,1/1/2026,1/31/2026,0.5233,2079.65,119.87,415.1,4804.26,1,0,1,0,0,6,2,1,0.1667,0.8796,0.306,0.927586796,4,,0.5,0.1667
120219,Bridgepoint Insurance Co.,Workers Comp,NJ,7601,10/1/2025,10/31/2025,0.4404,4250.79,198.19,446.85,1084.34,0,0,2,1,0,4,3,1,0.25,0.8656,0.306,0.927586796,1,Withdrawn,0.3333,0.25
120219,Bridgepoint Insurance Co.,Workers Comp,NJ,7601,11/1/2025,11/30/2025,0.419,450.68,149.76,774.98,409.78,0,0,0,0,0,3,2,1,0.3333,0.8835,0.306,0.927586796,1,,0.5,0.3333
120219,Bridgepoint Insurance Co.,Workers Comp,NJ,7601,12/1/2025,12/31/2025,0.4804,2446.08,293.29,29.18,2994.61,2,0,1,1,0,5,4,3,0.6,0.863,0.306,0.927586796,1,,0.75,0.6
120219,Bridgepoint Insurance Co.,Workers Comp,NJ,7601,2/1/2026,2/28/2026,0.4562,478.65,58.7,147.26,1443.43,2,1,1,0,0,3,2,1,0.3333,0.8925,0.306,0.927586796,1,Withdrawn,0.5,0.3333
120219,Bridgepoint Insurance Co.,Workers Comp,NJ,7601,3/1/2026,3/31/2026,0.474,1375.51,75.84,17.96,1763.85,0,1,1,0,0,3,2,1,0.3333,0.8866,0.306,0.927586796,1,Declined,0.5,0.3333
120219,Bridgepoint Insurance Co.,Workers Comp,NJ,7601,4/1/2025,4/30/2025,0.4857,2954.54,40.66,55.26,2480.47,0,2,1,0,0,3,2,1,0.3333,0.8814,0.306,0.927586796,1,Withdrawn,0.5,0.3333
120219,Bridgepoint Insurance Co.,Workers Comp,NJ,7601,5/1/2025,5/31/2025,0.4328,3355.83,182.24,75.72,1504.98,1,0,0,1,0,3,2,1,0.3333,0.8816,0.306,0.927586796,1,Withdrawn,0.5,0.3333
120219,Bridgepoint Insurance Co.,Workers Comp,NJ,7601,6/1/2025,6/30/2025,0.4741,2302.49,282.82,83.19,1257.89,0,2,1,0,0,3,2,1,0.3333,0.8703,0.306,0.927586796,1,,0.5,0.3333
120219,Bridgepoint Insurance Co.,Workers Comp,NJ,7601,7/1/2025,7/31/2025,0.5174,960.7,133.13,165.83,2483.33,0,0,1,0,0,3,2,1,0.3333,0.8711,0.306,0.927586796,1,Declined,0.5,0.3333
120219,Bridgepoint Insurance Co.,Workers Comp,NJ,7601,8/1/2025,8/31/2025,0.6145,3892.52,81.62,113.12,2615.87,1,0,1,0,0,3,2,1,0.3333,0.8795,0.306,0.927586796,1,,0.5,0.3333
120219,Bridgepoint Insurance Co.,Workers Comp,NJ,7601,9/1/2025,9/30/2025,0.4363,1990.5,149.76,334.27,3695.13,3,1,0,0,0,4,2,1,0.25,0.8677,0.306,0.927586796,2,,0.5,0.25
120220,Eagle Risk Consultants,Commercial Auto,PA,19103,1/1/2026,1/31/2026,0.7541,6933.66,476.39,536.54,1598.97,1,1,0,0,0,3,2,1,0.3333,0.7644,0.3343,0.983538852,1,,0.5,0.3333
120220,Eagle Risk Consultants,Commercial Auto,PA,19103,10/1/2025,10/31/2025,0.7809,542.47,691.88,342.36,3887.66,2,1,2,1,0,4,3,1,0.25,0.7612,0.3343,0.983538852,1,Withdrawn,0.3333,0.25
120220,Eagle Risk Consultants,Commercial Auto,PA,19103,11/1/2025,11/30/2025,0.7541,4834.67,1022.85,977.2,6833.42,0,1,0,0,0,4,2,1,0.25,0.7733,0.3343,0.983538852,2,,0.5,0.25
120220,Eagle Risk Consultants,Commercial Auto,PA,19103,12/1/2025,12/31/2025,0.751,5255.23,298.86,704.34,6065.41,1,1,1,0,0,4,2,1,0.25,0.7844,0.3343,0.983538852,2,Withdrawn,0.5,0.25
120220,Eagle Risk Consultants,Commercial Auto,PA,19103,2/1/2026,2/28/2026,0.7616,3444.74,193.07,667.34,2404.46,2,0,2,0,0,3,2,1,0.3333,0.783,0.3343,0.983538852,1,Declined,0.5,0.3333
120220,Eagle Risk Consultants,Commercial Auto,PA,19103,3/1/2026,3/31/2026,0.781,6375.89,653.76,128.96,5250.42,1,2,1,0,0,3,2,1,0.3333,0.7721,0.3343,0.983538852,1,Withdrawn,0.5,0.3333
120220,Eagle Risk Consultants,Commercial Auto,PA,19103,4/1/2025,4/30/2025,0.7744,2067.8,642.99,328.54,3612.51,1,0,1,0,0,3,2,1,0.3333,0.771,0.3343,0.983538852,1,Withdrawn,0.5,0.3333
120220,Eagle Risk Consultants,Commercial Auto,PA,19103,5/1/2025,5/31/2025,0.7641,4363.14,972.41,46.07,2870.69,0,0,2,0,0,4,2,1,0.25,0.7806,0.3343,0.983538852,2,,0.5,0.25
120220,Eagle Risk Consultants,Commercial Auto,PA,19103,6/1/2025,6/30/2025,0.7765,5206.33,602.14,297.37,3174.1,1,0,0,1,0,5,3,2,0.4,0.7764,0.3343,0.983538852,2,Declined,0.6667,0.4
120220,Eagle Risk Consultants,Commercial Auto,PA,19103,7/1/2025,7/31/2025,0.7803,548.26,1238.39,567.81,4632.43,1,0,1,0,0,7,6,4,0.5714,0.7712,0.3343,0.983538852,1,Withdrawn,0.6667,0.5714
120220,Eagle Risk Consultants,Commercial Auto,PA,19103,8/1/2025,8/31/2025,0.7627,4524.38,706.09,554.33,3241.71,2,0,1,1,0,3,2,1,0.3333,0.7704,0.3343,0.983538852,1,Withdrawn,0.5,0.3333
120220,Eagle Risk Consultants,Commercial Auto,PA,19103,9/1/2025,9/30/2025,0.7633,4962.97,226.33,649.19,4707.24,1,2,2,0,0,3,2,1,0.3333,0.7665,0.3343,0.983538852,1,,0.5,0.3333
120221,Harbor Risk Management,Business Owners Policy,PA,15222,1/1/2026,1/31/2026,0.4413,274.33,3179.4,79.29,1183.02,2,1,1,0,0,3,2,1,0.3333,0.7615,0.3103,0.894930935,1,,0.5,0.3333
120221,Harbor Risk Management,Business Owners Policy,PA,15222,10/1/2025,10/31/2025,0.5061,3923.4,1291.26,231.72,706.04,1,1,1,0,0,3,2,1,0.3333,0.7805,0.3103,0.894930935,1,Withdrawn,0.5,0.3333
120221,Harbor Risk Management,Business Owners Policy,PA,15222,11/1/2025,11/30/2025,0.4399,402.6,2359.02,94.22,2580.52,0,0,0,0,0,3,2,1,0.3333,0.7708,0.3103,0.894930935,1,Withdrawn,0.5,0.3333
120221,Harbor Risk Management,Business Owners Policy,PA,15222,12/1/2025,12/31/2025,0.4901,2453.25,2061.74,7.21,2736,0,0,0,1,0,12,11,4,0.3333,0.7414,0.3103,0.894930935,1,,0.3636,0.3333
120221,Harbor Risk Management,Business Owners Policy,PA,15222,2/1/2026,2/28/2026,0.5318,516.99,1685.86,176.38,1937.75,2,0,1,1,0,3,2,1,0.3333,0.7216,0.3103,0.894930935,1,Withdrawn,0.5,0.3333
120221,Harbor Risk Management,Business Owners Policy,PA,15222,3/1/2026,3/31/2026,0.5113,1238.42,2613.22,289.39,1294.86,1,0,2,0,0,5,4,3,0.6,0.7439,0.3103,0.894930935,1,,0.75,0.6
120221,Harbor Risk Management,Business Owners Policy,PA,15222,4/1/2025,4/30/2025,0.5015,190.18,1912.6,177.53,1635.42,2,0,0,0,0,4,2,1,0.25,0.7655,0.3103,0.894930935,2,Withdrawn,0.5,0.25
120221,Harbor Risk Management,Business Owners Policy,PA,15222,5/1/2025,5/31/2025,0.4974,1449.23,1301.56,72.36,453.39,1,1,0,0,0,3,2,1,0.3333,0.7657,0.3103,0.894930935,1,Declined,0.5,0.3333
120221,Harbor Risk Management,Business Owners Policy,PA,15222,6/1/2025,6/30/2025,0.46,964.13,1022.58,290.82,961.2,1,0,1,0,0,3,2,1,0.3333,0.7279,0.3103,0.894930935,1,Withdrawn,0.5,0.3333
120221,Harbor Risk Management,Business Owners Policy,PA,15222,7/1/2025,7/31/2025,0.4684,2098.65,4271.49,97.44,253.44,0,0,1,0,0,3,2,1,0.3333,0.7722,0.3103,0.894930935,1,,0.5,0.3333
120221,Harbor Risk Management,Business Owners Policy,PA,15222,8/1/2025,8/31/2025,0.4768,3158.67,1013.66,126.82,2062.48,0,1,2,1,0,7,5,3,0.4286,0.7659,0.3103,0.894930935,2,,0.6,0.4286
120221,Harbor Risk Management,Business Owners Policy,PA,15222,9/1/2025,9/30/2025,0.4561,1870.44,1076.34,266.63,1892.27,0,0,1,1,0,3,2,1,0.3333,0.7424,0.3103,0.894930935,1,Withdrawn,0.5,0.3333
120222,Premier Brokerage,Workers Comp,PA,17101,1/1/2026,1/31/2026,0.5317,9798.96,0,465.86,1591.93,0,0,1,0,0,3,2,1,0.3333,0.882,0.33,0.969596074,1,Withdrawn,0.5,0.3333
120222,Premier Brokerage,Workers Comp,PA,17101,10/1/2025,10/31/2025,0.5184,3353.87,0,216.77,832.55,0,1,1,1,0,3,2,1,0.3333,0.8801,0.33,0.969596074,1,Declined,0.5,0.3333
120222,Premier Brokerage,Workers Comp,PA,17101,11/1/2025,11/30/2025,0.5188,2223.39,0,265.24,3255.99,0,2,0,0,0,3,2,1,0.3333,0.8744,0.33,0.969596074,1,Declined,0.5,0.3333
120222,Premier Brokerage,Workers Comp,PA,17101,12/1/2025,12/31/2025,0.5067,2193.11,0,77.54,5396.91,2,0,1,0,0,5,3,1,0.2,0.8685,0.33,0.969596074,2,,0.3333,0.2
120222,Premier Brokerage,Workers Comp,PA,17101,2/1/2026,2/28/2026,0.421,1806.72,0,695.68,5188.45,0,1,0,0,0,3,2,1,0.3333,0.8905,0.33,0.969596074,1,Withdrawn,0.5,0.3333
120222,Premier Brokerage,Workers Comp,PA,17101,3/1/2026,3/31/2026,0.4592,10094.2,0,1411.24,1791.42,0,0,2,0,0,3,2,1,0.3333,0.8785,0.33,0.969596074,1,Withdrawn,0.5,0.3333
120222,Premier Brokerage,Workers Comp,PA,17101,4/1/2025,4/30/2025,0.5388,1423.01,0,66.42,9056.24,0,0,2,1,0,7,6,5,0.7143,0.8734,0.33,0.969596074,1,Withdrawn,0.8333,0.7143
120222,Premier Brokerage,Workers Comp,PA,17101,5/1/2025,5/31/2025,0.4626,1350.99,0,50.64,3557.33,2,0,0,0,0,7,6,3,0.4286,0.8781,0.33,0.969596074,1,,0.5,0.4286
120222,Premier Brokerage,Workers Comp,PA,17101,6/1/2025,6/30/2025,0.4733,1721.44,0,720.89,1767.74,2,1,0,0,0,4,3,2,0.5,0.8727,0.33,0.969596074,1,,0.6667,0.5
120222,Premier Brokerage,Workers Comp,PA,17101,7/1/2025,7/31/2025,0.6212,1811.12,0,276.49,5063.09,1,0,1,1,0,3,2,1,0.3333,0.869,0.33,0.969596074,1,,0.5,0.3333
120222,Premier Brokerage,Workers Comp,PA,17101,8/1/2025,8/31/2025,0.4926,3404.79,0,427.03,2293.13,0,0,0,0,0,3,2,1,0.3333,0.8801,0.33,0.969596074,1,Withdrawn,0.5,0.3333
120222,Premier Brokerage,Workers Comp,PA,17101,9/1/2025,9/30/2025,0.5112,2912.92,0,144.74,783.45,2,0,1,0,0,4,3,1,0.25,0.8664,0.33,0.969596074,1,,0.3333,0.25
120223,Horizon Insurance Partners,Commercial Auto,PA,18501,1/1/2026,1/31/2026,0.7609,1279.78,5361.69,57.59,3346.47,0,1,1,0,0,3,2,1,0.3333,0.7799,0.3302,0.955360428,1,,0.5,0.3333
120223,Horizon Insurance Partners,Commercial Auto,PA,18501,10/1/2025,10/31/2025,0.768,1604.45,1824.67,199.01,361.06,1,1,1,0,0,4,3,2,0.5,0.7692,0.3302,0.955360428,1,,0.6667,0.5
120223,Horizon Insurance Partners,Commercial Auto,PA,18501,11/1/2025,11/30/2025,0.7704,2648.24,5186.73,103.99,5938.31,1,1,1,1,0,3,2,1,0.3333,0.7727,0.3302,0.955360428,1,Declined,0.5,0.3333
120223,Horizon Insurance Partners,Commercial Auto,PA,18501,12/1/2025,12/31/2025,0.766,2790.56,17757.38,258.65,2184.7,0,0,1,0,0,4,2,1,0.25,0.7814,0.3302,0.955360428,2,Withdrawn,0.5,0.25
120223,Horizon Insurance Partners,Commercial Auto,PA,18501,2/1/2026,2/28/2026,0.764,3984.01,986.85,262.71,1817.62,1,0,0,0,0,3,2,1,0.3333,0.7782,0.3302,0.955360428,1,,0.5,0.3333
120223,Horizon Insurance Partners,Commercial Auto,PA,18501,3/1/2026,3/31/2026,0.7643,3033.53,5831.05,165.58,1420.45,3,0,0,0,0,3,2,1,0.3333,0.7912,0.3302,0.955360428,1,Declined,0.5,0.3333
120223,Horizon Insurance Partners,Commercial Auto,PA,18501,4/1/2025,4/30/2025,0.7639,5651.01,5490.05,112.13,2696.32,0,1,0,0,0,3,2,1,0.3333,0.7553,0.3302,0.955360428,1,Withdrawn,0.5,0.3333
120223,Horizon Insurance Partners,Commercial Auto,PA,18501,5/1/2025,5/31/2025,0.7872,3406.2,11243.72,554.38,3259.44,0,2,2,0,0,3,2,1,0.3333,0.7872,0.3302,0.955360428,1,Declined,0.5,0.3333
120223,Horizon Insurance Partners,Commercial Auto,PA,18501,6/1/2025,6/30/2025,0.7707,3156.52,15088.87,764.4,1930.86,1,0,0,1,0,3,2,1,0.3333,0.7719,0.3302,0.955360428,1,,0.5,0.3333
120223,Horizon Insurance Partners,Commercial Auto,PA,18501,7/1/2025,7/31/2025,0.7651,2334.2,5703.78,198.58,1782.17,1,0,2,1,0,6,5,4,0.6667,0.7697,0.3302,0.955360428,1,,0.8,0.6667
120223,Horizon Insurance Partners,Commercial Auto,PA,18501,8/1/2025,8/31/2025,0.7842,2045.1,10982.14,848.33,2543.67,2,0,1,0,0,4,3,2,0.5,0.7734,0.3302,0.955360428,1,Declined,0.6667,0.5
120223,Horizon Insurance Partners,Commercial Auto,PA,18501,9/1/2025,9/30/2025,0.7185,4068.73,9931.97,606.29,8721.26,0,1,1,0,0,4,3,2,0.5,0.7789,0.3302,0.955360428,1,Withdrawn,0.6667,0.5
120224,Prestige Brokerage,Business Owners Policy,NY,10001,1/1/2026,1/31/2026,0.5158,1564.9,780.88,136.39,1650.72,2,1,0,0,0,3,2,1,0.3333,0.7444,0.2989,0.94325187,1,,0.5,0.3333
120224,Prestige Brokerage,Business Owners Policy,NY,10001,10/1/2025,10/31/2025,0.4681,2478.48,1146.54,178.5,2143.23,0,0,2,0,0,4,2,1,0.25,0.756,0.2989,0.94325187,2,,0.5,0.25
120224,Prestige Brokerage,Business Owners Policy,NY,10001,11/1/2025,11/30/2025,0.4673,1250.95,188.03,531.31,1027.78,3,0,1,0,0,5,2,1,0.2,0.7628,0.2989,0.94325187,3,,0.5,0.2
120224,Prestige Brokerage,Business Owners Policy,NY,10001,12/1/2025,12/31/2025,0.5136,1747.37,193.14,74.2,772.15,0,0,1,0,0,5,4,2,0.4,0.7456,0.2989,0.94325187,1,Declined,0.5,0.4
120224,Prestige Brokerage,Business Owners Policy,NY,10001,2/1/2026,2/28/2026,0.4659,1466.66,1753.38,119.3,3911.64,1,0,0,0,0,6,5,4,0.6667,0.7379,0.2989,0.94325187,1,Declined,0.8,0.6667
120224,Prestige Brokerage,Business Owners Policy,NY,10001,3/1/2026,3/31/2026,0.4979,2476.89,1858.01,102.59,3095.95,1,1,0,0,0,3,2,1,0.3333,0.7423,0.2989,0.94325187,1,,0.5,0.3333
120224,Prestige Brokerage,Business Owners Policy,NY,10001,4/1/2025,4/30/2025,0.4704,5503.94,505.93,96.85,1159.67,0,2,2,0,0,3,2,1,0.3333,0.7505,0.2989,0.94325187,1,,0.5,0.3333
120224,Prestige Brokerage,Business Owners Policy,NY,10001,5/1/2025,5/31/2025,0.4619,1520.69,377.34,438.32,754,1,1,2,0,0,3,2,1,0.3333,0.7703,0.2989,0.94325187,1,Declined,0.5,0.3333
120224,Prestige Brokerage,Business Owners Policy,NY,10001,6/1/2025,6/30/2025,0.5017,4775.89,304.71,651.78,1173.22,2,0,1,0,0,6,5,3,0.5,0.732,0.2989,0.94325187,1,,0.6,0.5
120224,Prestige Brokerage,Business Owners Policy,NY,10001,7/1/2025,7/31/2025,0.5051,3750.69,779.92,423.43,1307.11,1,1,2,0,0,3,2,1,0.3333,0.7686,0.2989,0.94325187,1,Withdrawn,0.5,0.3333
120224,Prestige Brokerage,Business Owners Policy,NY,10001,8/1/2025,8/31/2025,0.5221,1825.87,813.36,88.72,1466.81,1,1,1,1,0,6,5,4,0.6667,0.7295,0.2989,0.94325187,1,,0.8,0.6667
120224,Prestige Brokerage,Business Owners Policy,NY,10001,9/1/2025,9/30/2025,0.5011,3157.24,22.24,193.66,5182.59,2,1,2,1,0,5,2,1,0.2,0.7624,0.2989,0.94325187,3,,0.5,0.2
120225,Benchmark Insurance Partners,Workers Comp,NY,11201,1/1/2026,1/31/2026,0.4812,596.95,0,122.98,611.23,0,0,1,1,0,9,8,2,0.2222,0.8672,0.3398,0.824720768,1,,0.25,0.2222
120225,Benchmark Insurance Partners,Workers Comp,NY,11201,10/1/2025,10/31/2025,0.4337,667.6,0,42.84,1591.87,1,1,1,0,0,4,3,2,0.5,0.8646,0.3398,0.824720768,1,,0.6667,0.5
120225,Benchmark Insurance Partners,Workers Comp,NY,11201,11/1/2025,11/30/2025,0.4826,803.33,0,85.3,369.29,0,0,1,0,0,3,2,1,0.3333,0.8686,0.3398,0.824720768,1,,0.5,0.3333
120225,Benchmark Insurance Partners,Workers Comp,NY,11201,12/1/2025,12/31/2025,0.4476,432.21,0,108.85,272.72,0,1,1,0,0,6,2,1,0.1667,0.8804,0.3398,0.824720768,4,Withdrawn,0.5,0.1667
120225,Benchmark Insurance Partners,Workers Comp,NY,11201,2/1/2026,2/28/2026,0.5146,470.31,0,40.27,778.41,1,0,0,0,0,3,2,1,0.3333,0.8685,0.3398,0.824720768,1,,0.5,0.3333
120225,Benchmark Insurance Partners,Workers Comp,NY,11201,3/1/2026,3/31/2026,0.4574,204.66,0,19,754.91,0,0,0,0,0,3,2,1,0.3333,0.8753,0.3398,0.824720768,1,,0.5,0.3333
120225,Benchmark Insurance Partners,Workers Comp,NY,11201,4/1/2025,4/30/2025,0.5014,698.83,0,43.23,692.79,0,1,1,0,0,3,2,1,0.3333,0.8858,0.3398,0.824720768,1,Withdrawn,0.5,0.3333
120225,Benchmark Insurance Partners,Workers Comp,NY,11201,5/1/2025,5/31/2025,0.4376,294.48,0,180.48,1285.25,0,0,0,0,0,3,2,1,0.3333,0.8856,0.3398,0.824720768,1,,0.5,0.3333
120225,Benchmark Insurance Partners,Workers Comp,NY,11201,6/1/2025,6/30/2025,0.509,1966.23,0,87.84,312.1,1,0,0,0,0,3,2,1,0.3333,0.877,0.3398,0.824720768,1,,0.5,0.3333
120225,Benchmark Insurance Partners,Workers Comp,NY,11201,7/1/2025,7/31/2025,0.4875,623.45,0,151.84,565.1,1,0,0,0,0,3,2,1,0.3333,0.8877,0.3398,0.824720768,1,Declined,0.5,0.3333
120225,Benchmark Insurance Partners,Workers Comp,NY,11201,8/1/2025,8/31/2025,0.5457,1077.38,0,151.35,638.14,1,1,1,0,0,3,2,1,0.3333,0.8614,0.3398,0.824720768,1,Declined,0.5,0.3333
120225,Benchmark Insurance Partners,Workers Comp,NY,11201,9/1/2025,9/30/2025,0.4591,739.69,0,13.44,193.79,1,0,0,0,0,3,2,1,0.3333,0.8723,0.3398,0.824720768,1,,0.5,0.3333
120226,Premier Insurance Partners,Commercial Auto,NY,10301,1/1/2026,1/31/2026,0.7522,2494.3,0,69.83,3109.97,0,0,1,0,0,3,2,1,0.3333,0.7727,0.3199,0.939114003,1,Withdrawn,0.5,0.3333
120226,Premier Insurance Partners,Commercial Auto,NY,10301,10/1/2025,10/31/2025,0.769,2872.95,0,465.7,774.13,1,0,2,0,0,3,2,1,0.3333,0.7785,0.3199,0.939114003,1,,0.5,0.3333
120226,Premier Insurance Partners,Commercial Auto,NY,10301,11/1/2025,11/30/2025,0.7687,1299.75,0,199.29,1468.29,1,0,0,0,0,3,2,1,0.3333,0.7786,0.3199,0.939114003,1,Withdrawn,0.5,0.3333
120226,Premier Insurance Partners,Commercial Auto,NY,10301,12/1/2025,12/31/2025,0.7377,4808.46,0,198.42,2141.49,2,1,0,1,0,3,2,1,0.3333,0.7726,0.3199,0.939114003,1,Withdrawn,0.5,0.3333
120226,Premier Insurance Partners,Commercial Auto,NY,10301,2/1/2026,2/28/2026,0.7838,3403.09,0,223.92,381.48,1,0,2,0,0,5,4,3,0.6,0.7794,0.3199,0.939114003,1,,0.75,0.6
120226,Premier Insurance Partners,Commercial Auto,NY,10301,3/1/2026,3/31/2026,0.7508,429.11,0,317.86,2984.29,1,1,0,0,0,3,2,1,0.3333,0.7624,0.3199,0.939114003,1,,0.5,0.3333
120226,Premier Insurance Partners,Commercial Auto,NY,10301,4/1/2025,4/30/2025,0.7681,1211.78,0,749.53,2856.46,0,1,1,0,0,4,2,1,0.25,0.7673,0.3199,0.939114003,2,Withdrawn,0.5,0.25
120226,Premier Insurance Partners,Commercial Auto,NY,10301,5/1/2025,5/31/2025,0.7589,1664.58,0,231.63,4829.07,1,1,1,1,0,4,3,1,0.25,0.7707,0.3199,0.939114003,1,Withdrawn,0.3333,0.25
120226,Premier Insurance Partners,Commercial Auto,NY,10301,6/1/2025,6/30/2025,0.7587,1846.31,0,234.52,1170.38,1,0,0,0,0,3,2,1,0.3333,0.7842,0.3199,0.939114003,1,Declined,0.5,0.3333
120226,Premier Insurance Partners,Commercial Auto,NY,10301,7/1/2025,7/31/2025,0.7742,5373.38,0,386.13,1058.43,1,0,2,1,0,3,2,1,0.3333,0.7794,0.3199,0.939114003,1,,0.5,0.3333
120226,Premier Insurance Partners,Commercial Auto,NY,10301,8/1/2025,8/31/2025,0.7392,1182.96,0,95.27,5946.94,0,0,0,0,0,3,2,1,0.3333,0.7798,0.3199,0.939114003,1,Withdrawn,0.5,0.3333
120226,Premier Insurance Partners,Commercial Auto,NY,10301,9/1/2025,9/30/2025,0.7669,3532.65,0,143.38,2898.66,0,1,0,0,0,6,4,3,0.5,0.7906,0.3199,0.939114003,2,,0.75,0.5
120227,Heritage & Associates,Business Owners Policy,NY,14201,1/1/2026,1/31/2026,0.4714,1539.07,0,73.6,1535.7,1,1,1,0,0,3,2,1,0.3333,0.7226,0.3554,0.949294747,1,,0.5,0.3333
120227,Heritage & Associates,Business Owners Policy,NY,14201,10/1/2025,10/31/2025,0.5231,1125.38,0,28.73,739.91,1,2,0,0,0,7,5,2,0.2857,0.7396,0.3554,0.949294747,2,Withdrawn,0.4,0.2857
120227,Heritage & Associates,Business Owners Policy,NY,14201,11/1/2025,11/30/2025,0.5277,2717.33,0,1015.99,3361.22,1,0,0,0,0,5,4,3,0.6,0.7379,0.3554,0.949294747,1,,0.75,0.6
120227,Heritage & Associates,Business Owners Policy,NY,14201,12/1/2025,12/31/2025,0.5127,2221.15,0,208.36,4081.41,0,1,1,0,0,3,2,1,0.3333,0.7426,0.3554,0.949294747,1,Declined,0.5,0.3333
120227,Heritage & Associates,Business Owners Policy,NY,14201,2/1/2026,2/28/2026,0.4849,1417.69,0,387.15,1885.48,1,0,1,0,0,3,2,1,0.3333,0.7291,0.3554,0.949294747,1,Withdrawn,0.5,0.3333
120227,Heritage & Associates,Business Owners Policy,NY,14201,3/1/2026,3/31/2026,0.4812,296.59,0,340.03,1247.93,1,0,1,0,0,3,2,1,0.3333,0.7686,0.3554,0.949294747,1,,0.5,0.3333
120227,Heritage & Associates,Business Owners Policy,NY,14201,4/1/2025,4/30/2025,0.4912,5896.77,0,315,3373.73,1,0,1,0,0,3,2,1,0.3333,0.7634,0.3554,0.949294747,1,Withdrawn,0.5,0.3333
120227,Heritage & Associates,Business Owners Policy,NY,14201,5/1/2025,5/31/2025,0.4366,4728.41,0,631.94,2998.08,0,0,0,0,0,3,2,1,0.3333,0.7462,0.3554,0.949294747,1,Declined,0.5,0.3333
120227,Heritage & Associates,Business Owners Policy,NY,14201,6/1/2025,6/30/2025,0.5222,1470.86,0,86.32,1732.56,1,0,0,0,0,3,2,1,0.3333,0.7707,0.3554,0.949294747,1,,0.5,0.3333
120227,Heritage & Associates,Business Owners Policy,NY,14201,7/1/2025,7/31/2025,0.4371,5805.86,0,659.65,3187.61,0,1,1,0,0,3,2,1,0.3333,0.7384,0.3554,0.949294747,1,Withdrawn,0.5,0.3333
120227,Heritage & Associates,Business Owners Policy,NY,14201,8/1/2025,8/31/2025,0.4954,2649.13,0,355.08,3475.99,0,0,0,0,0,9,6,3,0.3333,0.7473,0.3554,0.949294747,3,,0.5,0.3333
120227,Heritage & Associates,Business Owners Policy,NY,14201,9/1/2025,9/30/2025,0.5348,3814.01,0,394.2,6062.63,0,1,1,1,0,3,2,1,0.3333,0.7408,0.3554,0.949294747,1,Withdrawn,0.5,0.3333
120228,Cornerstone Insurance Agency,Workers Comp,NJ,7030,1/1/2026,1/31/2026,0.537,7944.72,0,189.96,2052.74,2,1,1,1,0,3,2,1,0.3333,0.8631,0.3161,0.986731039,1,,0.5,0.3333
120228,Cornerstone Insurance Agency,Workers Comp,NJ,7030,10/1/2025,10/31/2025,0.4602,4560.29,0,146.12,1748.05,1,0,2,0,0,3,2,1,0.3333,0.8671,0.3161,0.986731039,1,,0.5,0.3333
120228,Cornerstone Insurance Agency,Workers Comp,NJ,7030,11/1/2025,11/30/2025,0.4999,4795.12,0,1066.34,3246.79,0,1,1,0,0,6,5,3,0.5,0.8711,0.3161,0.986731039,1,Declined,0.6,0.5
120228,Cornerstone Insurance Agency,Workers Comp,NJ,7030,12/1/2025,12/31/2025,0.4657,1463.08,0,35.48,4023.07,1,1,1,1,0,7,4,2,0.2857,0.8732,0.3161,0.986731039,3,Withdrawn,0.5,0.2857
120228,Cornerstone Insurance Agency,Workers Comp,NJ,7030,2/1/2026,2/28/2026,0.5446,1040.69,0,276.87,3364.69,0,1,1,0,0,3,2,1,0.3333,0.8775,0.3161,0.986731039,1,,0.5,0.3333
120228,Cornerstone Insurance Agency,Workers Comp,NJ,7030,3/1/2026,3/31/2026,0.4859,5169.58,0,833.32,1131.17,2,0,1,0,0,6,4,2,0.3333,0.8807,0.3161,0.986731039,2,Declined,0.5,0.3333
120228,Cornerstone Insurance Agency,Workers Comp,NJ,7030,4/1/2025,4/30/2025,0.5327,797.26,0,696.47,2903.24,1,0,1,0,0,3,2,1,0.3333,0.8921,0.3161,0.986731039,1,Declined,0.5,0.3333
120228,Cornerstone Insurance Agency,Workers Comp,NJ,7030,5/1/2025,5/31/2025,0.4819,5185.58,0,477.09,1078.99,2,1,2,1,0,5,4,3,0.6,0.8829,0.3161,0.986731039,1,Declined,0.75,0.6
120228,Cornerstone Insurance Agency,Workers Comp,NJ,7030,6/1/2025,6/30/2025,0.4984,8270.57,0,217.05,4418.91,0,0,0,0,0,3,2,1,0.3333,0.8855,0.3161,0.986731039,1,,0.5,0.3333
120228,Cornerstone Insurance Agency,Workers Comp,NJ,7030,7/1/2025,7/31/2025,0.5743,4734.35,0,203.89,3913.64,0,1,1,0,0,4,3,2,0.5,0.8931,0.3161,0.986731039,1,Withdrawn,0.6667,0.5
120228,Cornerstone Insurance Agency,Workers Comp,NJ,7030,8/1/2025,8/31/2025,0.4596,5584.42,0,1068.37,3283.41,2,2,1,0,0,3,2,1,0.3333,0.8703,0.3161,0.986731039,1,,0.5,0.3333
120228,Cornerstone Insurance Agency,Workers Comp,NJ,7030,9/1/2025,9/30/2025,0.5368,1264.21,0,225.84,10719.61,2,0,1,0,0,3,2,1,0.3333,0.8698,0.3161,0.986731039,1,Withdrawn,0.5,0.3333
120229,Prestige Insurance Co.,Commercial Auto,NJ,7102,1/1/2026,1/31/2026,0.7522,440.2,2360.4,142.73,1497.34,0,0,1,0,0,7,6,5,0.7143,0.7812,0.2663,0.917670708,1,Declined,0.8333,0.7143
120229,Prestige Insurance Co.,Commercial Auto,NJ,7102,10/1/2025,10/31/2025,0.7486,1127.34,1902.84,113.76,393.66,1,0,0,1,0,3,2,1,0.3333,0.7669,0.2663,0.917670708,1,Declined,0.5,0.3333
120229,Prestige Insurance Co.,Commercial Auto,NJ,7102,11/1/2025,11/30/2025,0.7775,864.16,459.67,63.53,475.94,1,0,2,0,0,3,2,1,0.3333,0.7797,0.2663,0.917670708,1,,0.5,0.3333
120229,Prestige Insurance Co.,Commercial Auto,NJ,7102,12/1/2025,12/31/2025,0.7512,1061.66,528.79,128.33,834.45,0,0,0,0,0,3,2,1,0.3333,0.7636,0.2663,0.917670708,1,Withdrawn,0.5,0.3333
120229,Prestige Insurance Co.,Commercial Auto,NJ,7102,2/1/2026,2/28/2026,0.7274,4870.14,897.98,135.11,3374.86,0,0,0,1,0,5,4,2,0.4,0.7838,0.2663,0.917670708,1,Withdrawn,0.5,0.4
120229,Prestige Insurance Co.,Commercial Auto,NJ,7102,3/1/2026,3/31/2026,0.7349,767.04,1174.05,42.29,266.38,0,1,1,0,0,3,2,1,0.3333,0.7775,0.2663,0.917670708,1,,0.5,0.3333
120229,Prestige Insurance Co.,Commercial Auto,NJ,7102,4/1/2025,4/30/2025,0.7777,565.98,926.18,94.22,864.4,1,1,1,1,0,3,2,1,0.3333,0.7689,0.2663,0.917670708,1,,0.5,0.3333
120229,Prestige Insurance Co.,Commercial Auto,NJ,7102,5/1/2025,5/31/2025,0.7718,2622.99,971.01,114.32,1071.49,1,0,1,0,0,5,4,3,0.6,0.7615,0.2663,0.917670708,1,,0.75,0.6
120229,Prestige Insurance Co.,Commercial Auto,NJ,7102,6/1/2025,6/30/2025,0.759,1803.71,1285.06,171.29,1092.06,2,1,1,0,0,3,2,1,0.3333,0.7813,0.2663,0.917670708,1,Declined,0.5,0.3333
120229,Prestige Insurance Co.,Commercial Auto,NJ,7102,7/1/2025,7/31/2025,0.76,5272.99,1206.03,89.28,384.75,1,0,0,0,0,3,2,1,0.3333,0.7694,0.2663,0.917670708,1,Withdrawn,0.5,0.3333
120229,Prestige Insurance Co.,Commercial Auto,NJ,7102,8/1/2025,8/31/2025,0.7511,795.01,1630.08,76.79,513.24,2,1,1,1,0,3,2,1,0.3333,0.7791,0.2663,0.917670708,1,Withdrawn,0.5,0.3333
120229,Prestige Insurance Co.,Commercial Auto,NJ,7102,9/1/2025,9/30/2025,0.7765,3608.57,295.09,61.72,492.26,0,0,1,0,0,5,4,3,0.6,0.7743,0.2663,0.917670708,1,,0.75,0.6
120230,Sterling Risk Advisors,Business Owners Policy,NJ,8401,1/1/2026,1/31/2026,0.507,3055.09,269.77,330.24,3877.14,0,1,1,1,0,3,2,1,0.3333,0.7323,0.3211,0.906035194,1,,0.5,0.3333
120230,Sterling Risk Advisors,Business Owners Policy,NJ,8401,10/1/2025,10/31/2025,0.452,1558.67,59.47,136.21,226.26,2,0,2,0,0,5,4,3,0.6,0.7432,0.3211,0.906035194,1,Withdrawn,0.75,0.6
120230,Sterling Risk Advisors,Business Owners Policy,NJ,8401,11/1/2025,11/30/2025,0.5286,784.09,122.4,220.24,492.81,1,0,0,0,0,3,2,1,0.3333,0.745,0.3211,0.906035194,1,Declined,0.5,0.3333
120230,Sterling Risk Advisors,Business Owners Policy,NJ,8401,12/1/2025,12/31/2025,0.4828,4163.86,33.77,104.5,2795.17,1,0,1,1,0,5,4,3,0.6,0.7682,0.3211,0.906035194,1,,0.75,0.6
120230,Sterling Risk Advisors,Business Owners Policy,NJ,8401,2/1/2026,2/28/2026,0.511,766.92,89.64,110.87,5716.64,3,1,1,0,0,3,2,1,0.3333,0.7344,0.3211,0.906035194,1,Withdrawn,0.5,0.3333
120230,Sterling Risk Advisors,Business Owners Policy,NJ,8401,3/1/2026,3/31/2026,0.5312,1656.77,150.44,303.86,884.39,0,2,1,0,0,3,2,1,0.3333,0.7574,0.3211,0.906035194,1,,0.5,0.3333
120230,Sterling Risk Advisors,Business Owners Policy,NJ,8401,4/1/2025,4/30/2025,0.5201,557.42,54.21,71.48,473.79,0,0,0,1,0,7,5,3,0.4286,0.7083,0.3211,0.906035194,2,Declined,0.6,0.4286
120230,Sterling Risk Advisors,Business Owners Policy,NJ,8401,5/1/2025,5/31/2025,0.4728,309.38,163.22,226.58,1721.72,1,0,2,0,0,3,2,1,0.3333,0.74,0.3211,0.906035194,1,,0.5,0.3333
120230,Sterling Risk Advisors,Business Owners Policy,NJ,8401,6/1/2025,6/30/2025,0.5168,1750.58,26.73,181.21,728.69,2,0,0,0,0,3,2,1,0.3333,0.7608,0.3211,0.906035194,1,,0.5,0.3333
120230,Sterling Risk Advisors,Business Owners Policy,NJ,8401,7/1/2025,7/31/2025,0.4389,3644.5,115.05,173.46,956.99,0,1,2,1,0,6,3,2,0.3333,0.7581,0.3211,0.906035194,3,,0.6667,0.3333
120230,Sterling Risk Advisors,Business Owners Policy,NJ,8401,8/1/2025,8/31/2025,0.4545,455.54,95.38,317.11,722.44,1,1,1,0,0,4,3,1,0.25,0.7612,0.3211,0.906035194,1,,0.3333,0.25
120230,Sterling Risk Advisors,Business Owners Policy,NJ,8401,9/1/2025,9/30/2025,0.4986,2242.07,123.89,141.98,2118.27,0,0,0,0,0,3,2,1,0.3333,0.7608,0.3211,0.906035194,1,,0.5,0.3333
120231,Cornerstone Insurance Co.,Workers Comp,NJ,7601,1/1/2026,1/31/2026,0.4949,2710.5,0,171.34,4056.46,1,1,1,0,0,3,2,1,0.3333,0.8635,0.3249,0.930138785,1,,0.5,0.3333
120231,Cornerstone Insurance Co.,Workers Comp,NJ,7601,10/1/2025,10/31/2025,0.4821,690.29,0,175.16,3093.87,0,1,0,0,0,4,3,2,0.5,0.8787,0.3249,0.930138785,1,,0.6667,0.5
120231,Cornerstone Insurance Co.,Workers Comp,NJ,7601,11/1/2025,11/30/2025,0.4622,4216.02,0,45.94,1140.35,0,1,0,1,0,3,2,1,0.3333,0.8792,0.3249,0.930138785,1,Declined,0.5,0.3333
120231,Cornerstone Insurance Co.,Workers Comp,NJ,7601,12/1/2025,12/31/2025,0.4481,2063.74,0,127.95,3192.29,2,0,0,0,0,3,2,1,0.3333,0.879,0.3249,0.930138785,1,Withdrawn,0.5,0.3333
120231,Cornerstone Insurance Co.,Workers Comp,NJ,7601,2/1/2026,2/28/2026,0.5111,3287.25,0,989.16,911.13,0,0,2,1,0,3,2,1,0.3333,0.8802,0.3249,0.930138785,1,Declined,0.5,0.3333
120231,Cornerstone Insurance Co.,Workers Comp,NJ,7601,3/1/2026,3/31/2026,0.5685,4783.7,0,73.04,2159.97,0,0,2,0,1,12,9,6,0.5,0.8852,0.3249,0.930138785,3,Withdrawn,0.6667,0.5
120231,Cornerstone Insurance Co.,Workers Comp,NJ,7601,4/1/2025,4/30/2025,0.4185,1849.52,0,177.99,2766.49,0,1,0,0,0,3,2,1,0.3333,0.8663,0.3249,0.930138785,1,Withdrawn,0.5,0.3333
120231,Cornerstone Insurance Co.,Workers Comp,NJ,7601,5/1/2025,5/31/2025,0.5107,1807.49,0,101.3,1640.28,2,1,0,0,0,3,2,1,0.3333,0.8668,0.3249,0.930138785,1,Declined,0.5,0.3333
120231,Cornerstone Insurance Co.,Workers Comp,NJ,7601,6/1/2025,6/30/2025,0.4463,2148.8,0,96.58,1474.29,1,0,0,0,0,3,2,1,0.3333,0.8771,0.3249,0.930138785,1,,0.5,0.3333
120231,Cornerstone Insurance Co.,Workers Comp,NJ,7601,7/1/2025,7/31/2025,0.4294,1534.89,0,339.98,3746.39,2,0,2,0,0,3,2,1,0.3333,0.8832,0.3249,0.930138785,1,Withdrawn,0.5,0.3333
120231,Cornerstone Insurance Co.,Workers Comp,NJ,7601,8/1/2025,8/31/2025,0.4939,1207.75,0,533.09,1181.77,1,1,1,0,0,3,2,1,0.3333,0.8714,0.3249,0.930138785,1,,0.5,0.3333
120231,Cornerstone Insurance Co.,Workers Comp,NJ,7601,9/1/2025,9/30/2025,0.5148,992.26,0,242.91,1928.92,0,0,1,0,0,4,3,2,0.5,0.8647,0.3249,0.930138785,1,,0.6667,0.5
120232,Alliance Risk Advisors,Commercial Auto,PA,19103,1/1/2026,1/31/2026,0.7581,1364.02,0,43.91,1271.96,1,0,2,1,0,6,5,2,0.3333,0.7721,0.3292,0.860879975,1,,0.4,0.3333
120232,Alliance Risk Advisors,Commercial Auto,PA,19103,10/1/2025,10/31/2025,0.7404,456.01,0,77.84,1286.02,0,1,1,0,0,3,2,1,0.3333,0.7772,0.3292,0.860879975,1,Withdrawn,0.5,0.3333
120232,Alliance Risk Advisors,Commercial Auto,PA,19103,11/1/2025,11/30/2025,0.7649,742.4,0,49.52,210.86,1,0,0,0,0,6,5,4,0.6667,0.7784,0.3292,0.860879975,1,,0.8,0.6667
120232,Alliance Risk Advisors,Commercial Auto,PA,19103,12/1/2025,12/31/2025,0.7734,999.53,0,53.87,1693.4,0,1,0,0,0,3,2,1,0.3333,0.7805,0.3292,0.860879975,1,,0.5,0.3333
120232,Alliance Risk Advisors,Commercial Auto,PA,19103,2/1/2026,2/28/2026,0.7577,2171.75,0,181.47,2738.07,0,1,1,0,0,3,2,1,0.3333,0.7705,0.3292,0.860879975,1,,0.5,0.3333
120232,Alliance Risk Advisors,Commercial Auto,PA,19103,3/1/2026,3/31/2026,0.737,1744.7,0,58.18,411.57,1,1,0,1,0,3,2,1,0.3333,0.7573,0.3292,0.860879975,1,Declined,0.5,0.3333
120232,Alliance Risk Advisors,Commercial Auto,PA,19103,4/1/2025,4/30/2025,0.7616,608.61,0,80.12,313.46,1,0,1,0,0,6,5,1,0.1667,0.7825,0.3292,0.860879975,1,,0.2,0.1667
120232,Alliance Risk Advisors,Commercial Auto,PA,19103,5/1/2025,5/31/2025,0.7574,1042.97,0,74.39,1371.5,0,0,0,0,0,3,2,1,0.3333,0.7762,0.3292,0.860879975,1,,0.5,0.3333
120232,Alliance Risk Advisors,Commercial Auto,PA,19103,6/1/2025,6/30/2025,0.765,882.31,0,249.65,428.73,1,0,1,0,0,3,2,1,0.3333,0.7794,0.3292,0.860879975,1,,0.5,0.3333
120232,Alliance Risk Advisors,Commercial Auto,PA,19103,7/1/2025,7/31/2025,0.7355,495.5,0,411.8,1266.83,0,0,0,0,0,3,2,1,0.3333,0.7849,0.3292,0.860879975,1,Withdrawn,0.5,0.3333
120232,Alliance Risk Advisors,Commercial Auto,PA,19103,8/1/2025,8/31/2025,0.7567,1113.41,0,151.15,520.16,1,0,0,0,0,3,2,1,0.3333,0.7727,0.3292,0.860879975,1,,0.5,0.3333
120232,Alliance Risk Advisors,Commercial Auto,PA,19103,9/1/2025,9/30/2025,0.7732,1134.62,0,23.66,1243.27,1,1,1,0,0,3,2,1,0.3333,0.7699,0.3292,0.860879975,1,Withdrawn,0.5,0.3333
120233,Sterling Insurance Services,Business Owners Policy,PA,15222,1/1/2026,1/31/2026,0.4939,1846.91,1680.86,108.32,721.3,1,0,1,0,0,3,2,1,0.3333,0.7713,0.3539,0.853183212,1,,0.5,0.3333
120233,Sterling Insurance Services,Business Owners Policy,PA,15222,10/1/2025,10/31/2025,0.4707,319.85,313.32,61.02,828.33,1,0,0,0,0,3,2,1,0.3333,0.7411,0.3539,0.853183212,1,Declined,0.5,0.3333
120233,Sterling Insurance Services,Business Owners Policy,PA,15222,11/1/2025,11/30/2025,0.4838,260.43,562.41,67.66,332.04,1,0,1,0,0,3,2,1,0.3333,0.7159,0.3539,0.853183212,1,Withdrawn,0.5,0.3333
120233,Sterling Insurance Services,Business Owners Policy,PA,15222,12/1/2025,12/31/2025,0.501,702.45,558.62,166.17,919.37,0,1,0,0,0,3,2,1,0.3333,0.7487,0.3539,0.853183212,1,Withdrawn,0.5,0.3333
120233,Sterling Insurance Services,Business Owners Policy,PA,15222,2/1/2026,2/28/2026,0.495,460.95,908.46,231.53,1926.02,0,1,1,1,0,3,2,1,0.3333,0.748,0.3539,0.853183212,1,,0.5,0.3333
120233,Sterling Insurance Services,Business Owners Policy,PA,15222,3/1/2026,3/31/2026,0.5061,2665.5,318.49,144.96,733.15,1,1,0,0,0,7,5,4,0.5714,0.7701,0.3539,0.853183212,2,,0.8,0.5714
120233,Sterling Insurance Services,Business Owners Policy,PA,15222,4/1/2025,4/30/2025,0.4954,375.4,1364.2,48.35,1289.85,0,1,1,0,0,3,2,1,0.3333,0.7568,0.3539,0.853183212,1,Withdrawn,0.5,0.3333
120233,Sterling Insurance Services,Business Owners Policy,PA,15222,5/1/2025,5/31/2025,0.535,1958.48,148.1,127.87,1648.1,0,0,0,0,0,3,2,1,0.3333,0.7825,0.3539,0.853183212,1,,0.5,0.3333
120233,Sterling Insurance Services,Business Owners Policy,PA,15222,6/1/2025,6/30/2025,0.4675,1404.07,744,105.64,271.1,1,1,0,0,0,3,2,1,0.3333,0.7445,0.3539,0.853183212,1,Withdrawn,0.5,0.3333
120233,Sterling Insurance Services,Business Owners Policy,PA,15222,7/1/2025,7/31/2025,0.4809,293.79,2449.57,219.59,373.25,1,0,0,0,0,7,3,2,0.2857,0.7571,0.3539,0.853183212,4,Withdrawn,0.6667,0.2857
120233,Sterling Insurance Services,Business Owners Policy,PA,15222,8/1/2025,8/31/2025,0.485,933.68,1235.95,53.83,1024.88,1,0,3,0,0,3,2,1,0.3333,0.7525,0.3539,0.853183212,1,Declined,0.5,0.3333
120233,Sterling Insurance Services,Business Owners Policy,PA,15222,9/1/2025,9/30/2025,0.4576,500.39,1090.54,218.74,1416.77,0,0,0,0,0,3,2,1,0.3333,0.7308,0.3539,0.853183212,1,Withdrawn,0.5,0.3333
120234,Prestige Risk Advisors,Workers Comp,PA,17101,1/1/2026,1/31/2026,0.4793,7909.75,0,299.41,6647.96,1,1,1,0,0,6,4,1,0.1667,0.8741,0.3057,0.956616304,2,Withdrawn,0.25,0.1667
120234,Prestige Risk Advisors,Workers Comp,PA,17101,10/1/2025,10/31/2025,0.5441,2039.95,0,551.75,2853.32,2,0,0,1,0,5,4,3,0.6,0.8659,0.3057,0.956616304,1,,0.75,0.6
120234,Prestige Risk Advisors,Workers Comp,PA,17101,11/1/2025,11/30/2025,0.4927,1689.56,0,453.7,1258.72,0,0,1,0,0,3,2,1,0.3333,0.8743,0.3057,0.956616304,1,,0.5,0.3333
120234,Prestige Risk Advisors,Workers Comp,PA,17101,12/1/2025,12/31/2025,0.5225,6952.68,0,449.81,1987.9,0,0,0,0,0,4,3,1,0.25,0.8707,0.3057,0.956616304,1,Withdrawn,0.3333,0.25
120234,Prestige Risk Advisors,Workers Comp,PA,17101,2/1/2026,2/28/2026,0.4446,2176.55,0,40.92,878.73,1,0,2,0,0,3,2,1,0.3333,0.8769,0.3057,0.956616304,1,Declined,0.5,0.3333
120234,Prestige Risk Advisors,Workers Comp,PA,17101,3/1/2026,3/31/2026,0.5058,4019.74,0,162.31,1615.37,1,0,1,0,0,3,2,1,0.3333,0.8676,0.3057,0.956616304,1,,0.5,0.3333
120234,Prestige Risk Advisors,Workers Comp,PA,17101,4/1/2025,4/30/2025,0.4255,2784.26,0,388.66,1894.09,1,1,1,1,0,3,2,1,0.3333,0.8775,0.3057,0.956616304,1,,0.5,0.3333
120234,Prestige Risk Advisors,Workers Comp,PA,17101,5/1/2025,5/31/2025,0.4916,244.91,0,111.6,5150.35,0,1,2,0,0,3,2,1,0.3333,0.8705,0.3057,0.956616304,1,Declined,0.5,0.3333
120234,Prestige Risk Advisors,Workers Comp,PA,17101,6/1/2025,6/30/2025,0.4617,2402.12,0,280.52,1695.18,0,1,0,0,0,3,2,1,0.3333,0.8864,0.3057,0.956616304,1,,0.5,0.3333
120234,Prestige Risk Advisors,Workers Comp,PA,17101,7/1/2025,7/31/2025,0.4789,2579.67,0,365.43,4636.45,2,0,0,0,0,3,2,1,0.3333,0.878,0.3057,0.956616304,1,Declined,0.5,0.3333
120234,Prestige Risk Advisors,Workers Comp,PA,17101,8/1/2025,8/31/2025,0.6417,1369.21,0,319.94,678.41,1,1,0,0,0,3,2,1,0.3333,0.8815,0.3057,0.956616304,1,Withdrawn,0.5,0.3333
120234,Prestige Risk Advisors,Workers Comp,PA,17101,9/1/2025,9/30/2025,0.5139,2333.91,0,226.15,638.84,0,1,1,0,0,3,2,1,0.3333,0.8745,0.3057,0.956616304,1,Withdrawn,0.5,0.3333
120235,Horizon Risk Advisors,Commercial Auto,PA,18501,1/1/2026,1/31/2026,0.7487,1217.53,0,292.25,985.9,0,1,0,0,0,3,2,1,0.3333,0.7718,0.3321,0.877224253,1,,0.5,0.3333
120235,Horizon Risk Advisors,Commercial Auto,PA,18501,10/1/2025,10/31/2025,0.748,639.41,0,189.51,1750.15,0,1,1,0,0,3,2,1,0.3333,0.7833,0.3321,0.877224253,1,,0.5,0.3333
120235,Horizon Risk Advisors,Commercial Auto,PA,18501,11/1/2025,11/30/2025,0.7478,2556.23,0,125.8,402.27,1,1,0,0,0,3,2,1,0.3333,0.7771,0.3321,0.877224253,1,Withdrawn,0.5,0.3333
120235,Horizon Risk Advisors,Commercial Auto,PA,18501,12/1/2025,12/31/2025,0.7512,1276.85,0,93.36,2232.19,0,0,0,0,0,6,5,3,0.5,0.7817,0.3321,0.877224253,1,Declined,0.6,0.5
120235,Horizon Risk Advisors,Commercial Auto,PA,18501,2/1/2026,2/28/2026,0.7648,2875.38,0,102.97,1320.71,1,0,1,0,0,3,2,1,0.3333,0.7786,0.3321,0.877224253,1,,0.5,0.3333
120235,Horizon Risk Advisors,Commercial Auto,PA,18501,3/1/2026,3/31/2026,0.76,518.13,0,196.25,933.3,2,0,0,0,0,3,2,1,0.3333,0.7659,0.3321,0.877224253,1,Withdrawn,0.5,0.3333
120235,Horizon Risk Advisors,Commercial Auto,PA,18501,4/1/2025,4/30/2025,0.7572,1378.59,0,41.82,1455.23,0,0,0,1,0,4,3,2,0.5,0.7604,0.3321,0.877224253,1,,0.6667,0.5
120235,Horizon Risk Advisors,Commercial Auto,PA,18501,5/1/2025,5/31/2025,0.7757,1352.86,0,114.19,275.99,1,0,1,1,0,4,2,1,0.25,0.7729,0.3321,0.877224253,2,Declined,0.5,0.25
120235,Horizon Risk Advisors,Commercial Auto,PA,18501,6/1/2025,6/30/2025,0.7625,852.31,0,232.46,785.91,0,0,1,0,0,3,2,1,0.3333,0.7668,0.3321,0.877224253,1,,0.5,0.3333
120235,Horizon Risk Advisors,Commercial Auto,PA,18501,7/1/2025,7/31/2025,0.7693,1426.28,0,132.85,1366.64,0,0,1,1,0,3,2,1,0.3333,0.7697,0.3321,0.877224253,1,Withdrawn,0.5,0.3333
120235,Horizon Risk Advisors,Commercial Auto,PA,18501,8/1/2025,8/31/2025,0.7823,579.26,0,219.1,2034.83,1,0,1,0,0,5,4,2,0.4,0.7698,0.3321,0.877224253,1,Withdrawn,0.5,0.4
120235,Horizon Risk Advisors,Commercial Auto,PA,18501,9/1/2025,9/30/2025,0.7745,591.02,0,27.9,1720.73,1,0,1,1,0,3,2,1,0.3333,0.7795,0.3321,0.877224253,1,,0.5,0.3333
120236,Coastal Risk Management,Business Owners Policy,NY,10001,1/1/2026,1/31/2026,0.5375,986.71,332.73,95.66,822.09,2,1,0,0,0,3,2,1,0.3333,0.7442,0.358,0.896517619,1,,0.5,0.3333
120236,Coastal Risk Management,Business Owners Policy,NY,10001,10/1/2025,10/31/2025,0.4825,4037.92,821.52,144.33,1002.2,0,0,2,1,0,4,3,2,0.5,0.7763,0.358,0.896517619,1,,0.6667,0.5
120236,Coastal Risk Management,Business Owners Policy,NY,10001,11/1/2025,11/30/2025,0.4928,848.55,1086.09,317.32,1288.43,1,1,1,0,0,3,2,1,0.3333,0.7466,0.358,0.896517619,1,,0.5,0.3333
120236,Coastal Risk Management,Business Owners Policy,NY,10001,12/1/2025,12/31/2025,0.5338,823.19,226.53,410.06,903.38,1,0,1,0,0,3,2,1,0.3333,0.7445,0.358,0.896517619,1,Declined,0.5,0.3333
120236,Coastal Risk Management,Business Owners Policy,NY,10001,2/1/2026,2/28/2026,0.5004,1967.15,367.03,589.75,896.2,2,0,0,0,0,4,3,2,0.5,0.7377,0.358,0.896517619,1,Withdrawn,0.6667,0.5
120236,Coastal Risk Management,Business Owners Policy,NY,10001,3/1/2026,3/31/2026,0.5516,764.25,632.9,271.28,779.81,1,1,1,0,0,3,2,1,0.3333,0.7359,0.358,0.896517619,1,Withdrawn,0.5,0.3333
120236,Coastal Risk Management,Business Owners Policy,NY,10001,4/1/2025,4/30/2025,0.483,1505.27,397.36,40.02,5695.38,0,0,0,0,0,6,5,3,0.5,0.752,0.358,0.896517619,1,Declined,0.6,0.5
120236,Coastal Risk Management,Business Owners Policy,NY,10001,5/1/2025,5/31/2025,0.4914,950.04,564.44,327.47,1221.12,0,1,1,1,0,3,2,1,0.3333,0.748,0.358,0.896517619,1,Withdrawn,0.5,0.3333
120236,Coastal Risk Management,Business Owners Policy,NY,10001,6/1/2025,6/30/2025,0.46,618.85,391.72,124.92,940.73,1,0,1,0,0,3,2,1,0.3333,0.7353,0.358,0.896517619,1,,0.5,0.3333
120236,Coastal Risk Management,Business Owners Policy,NY,10001,7/1/2025,7/31/2025,0.4753,2144.76,52.22,144.17,1971.31,1,0,1,0,0,7,4,1,0.1429,0.7243,0.358,0.896517619,3,Withdrawn,0.25,0.1429
120236,Coastal Risk Management,Business Owners Policy,NY,10001,8/1/2025,8/31/2025,0.522,2725.19,289.44,45.14,1730.93,0,0,0,1,0,3,2,1,0.3333,0.7341,0.358,0.896517619,1,Withdrawn,0.5,0.3333
120236,Coastal Risk Management,Business Owners Policy,NY,10001,9/1/2025,9/30/2025,0.5518,1494.31,443.81,46.26,1614.61,0,1,1,1,0,3,2,1,0.3333,0.762,0.358,0.896517619,1,,0.5,0.3333
120237,Heritage Risk Consultants,Workers Comp,NY,11201,1/1/2026,1/31/2026,0.5208,4094.94,591.87,286.37,1170.66,0,0,0,0,0,4,2,1,0.25,0.8808,0.3335,0.871039944,2,Declined,0.5,0.25
120237,Heritage Risk Consultants,Workers Comp,NY,11201,10/1/2025,10/31/2025,0.4928,1354.52,456.71,16.15,837.19,0,0,2,0,0,3,2,1,0.3333,0.8725,0.3335,0.871039944,1,,0.5,0.3333
120237,Heritage Risk Consultants,Workers Comp,NY,11201,11/1/2025,11/30/2025,0.4597,1538.48,180.05,5.79,180.18,1,0,1,0,0,4,3,2,0.5,0.8859,0.3335,0.871039944,1,Withdrawn,0.6667,0.5
120237,Heritage Risk Consultants,Workers Comp,NY,11201,12/1/2025,12/31/2025,0.4595,792.74,525.82,39.31,732.86,0,0,0,0,0,3,2,1,0.3333,0.8598,0.3335,0.871039944,1,,0.5,0.3333
120237,Heritage Risk Consultants,Workers Comp,NY,11201,2/1/2026,2/28/2026,0.4632,366.91,692.03,28.74,1730.61,0,1,1,1,0,3,2,1,0.3333,0.8652,0.3335,0.871039944,1,Declined,0.5,0.3333
120237,Heritage Risk Consultants,Workers Comp,NY,11201,3/1/2026,3/31/2026,0.4962,1216.15,492.93,114.65,504.89,1,1,1,0,0,3,2,1,0.3333,0.8739,0.3335,0.871039944,1,Declined,0.5,0.3333
120237,Heritage Risk Consultants,Workers Comp,NY,11201,4/1/2025,4/30/2025,0.4365,480.63,1034.9,78.71,1261.65,0,1,1,0,0,8,4,3,0.375,0.8698,0.3335,0.871039944,4,,0.75,0.375
120237,Heritage Risk Consultants,Workers Comp,NY,11201,5/1/2025,5/31/2025,0.4993,371.33,724.23,249.75,289.14,1,0,0,0,0,3,2,1,0.3333,0.8723,0.3335,0.871039944,1,,0.5,0.3333
120237,Heritage Risk Consultants,Workers Comp,NY,11201,6/1/2025,6/30/2025,0.4384,261.69,1315.62,260.52,3694.26,1,0,0,0,0,3,2,1,0.3333,0.8724,0.3335,0.871039944,1,,0.5,0.3333
120237,Heritage Risk Consultants,Workers Comp,NY,11201,7/1/2025,7/31/2025,0.4863,666.83,1115.95,373.99,941.24,1,0,0,0,0,3,2,1,0.3333,0.8726,0.3335,0.871039944,1,,0.5,0.3333
120237,Heritage Risk Consultants,Workers Comp,NY,11201,8/1/2025,8/31/2025,0.4436,1616.93,472.62,126.31,1825.67,1,0,0,1,0,3,2,1,0.3333,0.8603,0.3335,0.871039944,1,,0.5,0.3333
120237,Heritage Risk Consultants,Workers Comp,NY,11201,9/1/2025,9/30/2025,0.4544,1500.43,618.97,94.13,927.63,0,0,0,0,0,4,2,1,0.25,0.8717,0.3335,0.871039944,2,,0.5,0.25
120238,Horizon & Associates,Commercial Auto,NY,10301,1/1/2026,1/31/2026,0.7703,3550.6,426.47,554.51,810.19,0,1,0,0,0,3,2,1,0.3333,0.7753,0.3337,0.967253997,1,,0.5,0.3333
120238,Horizon & Associates,Commercial Auto,NY,10301,10/1/2025,10/31/2025,0.7678,582.93,3781.53,702.9,437.18,0,1,1,1,0,3,2,1,0.3333,0.7739,0.3337,0.967253997,1,,0.5,0.3333
120238,Horizon & Associates,Commercial Auto,NY,10301,11/1/2025,11/30/2025,0.7748,2222.16,656.21,299.34,1967.98,2,1,0,1,0,3,2,1,0.3333,0.778,0.3337,0.967253997,1,Declined,0.5,0.3333
120238,Horizon & Associates,Commercial Auto,NY,10301,12/1/2025,12/31/2025,0.7559,1958.27,36.39,397.49,7473.24,0,1,0,0,0,4,2,1,0.25,0.768,0.3337,0.967253997,2,,0.5,0.25
120238,Horizon & Associates,Commercial Auto,NY,10301,2/1/2026,2/28/2026,0.7676,1814.89,2404.28,54.29,3126.19,2,0,1,0,0,7,5,3,0.4286,0.78,0.3337,0.967253997,2,Declined,0.6,0.4286
120238,Horizon & Associates,Commercial Auto,NY,10301,3/1/2026,3/31/2026,0.7854,4186,1320.02,336.27,1065.57,1,1,2,0,0,3,2,1,0.3333,0.7823,0.3337,0.967253997,1,,0.5,0.3333
120238,Horizon & Associates,Commercial Auto,NY,10301,4/1/2025,4/30/2025,0.7778,2196.11,462.49,160.84,4259.93,1,0,1,1,0,5,3,2,0.4,0.7909,0.3337,0.967253997,2,Withdrawn,0.6667,0.4
120238,Horizon & Associates,Commercial Auto,NY,10301,5/1/2025,5/31/2025,0.7734,7017.12,1959.32,304.96,1533.37,1,0,1,0,0,6,4,2,0.3333,0.7781,0.3337,0.967253997,2,Declined,0.5,0.3333
120238,Horizon & Associates,Commercial Auto,NY,10301,6/1/2025,6/30/2025,0.7735,3182.78,2246.68,553.46,2086.95,1,0,0,1,0,3,2,1,0.3333,0.7646,0.3337,0.967253997,1,,0.5,0.3333
120238,Horizon & Associates,Commercial Auto,NY,10301,7/1/2025,7/31/2025,0.7744,5143.43,295.94,363.97,2895.74,2,0,1,1,0,3,2,1,0.3333,0.777,0.3337,0.967253997,1,Withdrawn,0.5,0.3333
120238,Horizon & Associates,Commercial Auto,NY,10301,8/1/2025,8/31/2025,0.7636,928.9,315.64,567.09,11005.66,0,0,2,0,0,3,2,1,0.3333,0.7777,0.3337,0.967253997,1,Declined,0.5,0.3333
120238,Horizon & Associates,Commercial Auto,NY,10301,9/1/2025,9/30/2025,0.7571,8242.45,67.64,532.54,3793.54,2,0,3,1,0,3,2,1,0.3333,0.7705,0.3337,0.967253997,1,Declined,0.5,0.3333
120239,Guardian Risk Solutions,Business Owners Policy,NY,14201,1/1/2026,1/31/2026,0.5121,883.61,0,47.07,132.38,1,0,1,0,0,3,2,1,0.3333,0.7341,0.336,0.893831613,1,,0.5,0.3333
120239,Guardian Risk Solutions,Business Owners Policy,NY,14201,10/1/2025,10/31/2025,0.515,591.7,0,31.97,1972.27,0,1,2,0,0,11,9,8,0.7273,0.749,0.336,0.893831613,2,Declined,0.8889,0.7273
120239,Guardian Risk Solutions,Business Owners Policy,NY,14201,11/1/2025,11/30/2025,0.4682,1951,0,153.29,1127.7,0,2,0,1,0,3,2,1,0.3333,0.7338,0.336,0.893831613,1,Withdrawn,0.5,0.3333
120239,Guardian Risk Solutions,Business Owners Policy,NY,14201,12/1/2025,12/31/2025,0.4533,2241.64,0,152.87,707.34,0,0,1,0,0,3,2,1,0.3333,0.7554,0.336,0.893831613,1,,0.5,0.3333
120239,Guardian Risk Solutions,Business Owners Policy,NY,14201,2/1/2026,2/28/2026,0.5025,387.9,0,434.72,2673.66,2,1,1,0,0,3,2,1,0.3333,0.7403,0.336,0.893831613,1,,0.5,0.3333
120239,Guardian Risk Solutions,Business Owners Policy,NY,14201,3/1/2026,3/31/2026,0.4976,4007.31,0,44.32,2314.66,0,0,0,0,0,3,2,1,0.3333,0.7729,0.336,0.893831613,1,Withdrawn,0.5,0.3333
120239,Guardian Risk Solutions,Business Owners Policy,NY,14201,4/1/2025,4/30/2025,0.5193,868.67,0,86.62,3077.59,2,0,1,0,0,3,2,1,0.3333,0.7336,0.336,0.893831613,1,Withdrawn,0.5,0.3333
120239,Guardian Risk Solutions,Business Owners Policy,NY,14201,5/1/2025,5/31/2025,0.5118,2136,0,353.33,1258.06,1,1,2,1,0,6,3,1,0.1667,0.7625,0.336,0.893831613,3,,0.3333,0.1667
120239,Guardian Risk Solutions,Business Owners Policy,NY,14201,6/1/2025,6/30/2025,0.4869,1938.19,0,252.48,895.6,1,0,1,0,0,3,2,1,0.3333,0.7388,0.336,0.893831613,1,,0.5,0.3333
120239,Guardian Risk Solutions,Business Owners Policy,NY,14201,7/1/2025,7/31/2025,0.497,744.89,0,265.75,2744.85,1,0,1,0,0,7,4,2,0.2857,0.7468,0.336,0.893831613,3,,0.5,0.2857
120239,Guardian Risk Solutions,Business Owners Policy,NY,14201,8/1/2025,8/31/2025,0.4988,1555.4,0,244.09,382.26,1,1,0,1,0,3,2,1,0.3333,0.7409,0.336,0.893831613,1,Declined,0.5,0.3333
120239,Guardian Risk Solutions,Business Owners Policy,NY,14201,9/1/2025,9/30/2025,0.5399,1011.49,0,131.08,1031.43,1,1,0,0,0,3,2,1,0.3333,0.7537,0.336,0.893831613,1,,0.5,0.3333
120240,Summit Brokerage,Workers Comp,NJ,7030,1/1/2026,1/31/2026,0.512,1882.72,1079.21,302.99,4348.6,0,1,1,0,0,3,2,1,0.3333,0.8719,0.2996,0.934539612,1,Declined,0.5,0.3333
120240,Summit Brokerage,Workers Comp,NJ,7030,10/1/2025,10/31/2025,0.4541,1201.44,857.14,483.68,1328.64,0,1,1,0,0,3,2,1,0.3333,0.8681,0.2996,0.934539612,1,,0.5,0.3333
120240,Summit Brokerage,Workers Comp,NJ,7030,11/1/2025,11/30/2025,0.4459,3325.09,854.3,378.9,3121.69,1,1,1,0,0,3,2,1,0.3333,0.8637,0.2996,0.934539612,1,,0.5,0.3333
120240,Summit Brokerage,Workers Comp,NJ,7030,12/1/2025,12/31/2025,0.4714,3083.48,2728.98,74.74,2658.79,0,0,1,0,0,3,2,1,0.3333,0.8749,0.2996,0.934539612,1,,0.5,0.3333
120240,Summit Brokerage,Workers Comp,NJ,7030,2/1/2026,2/28/2026,0.5423,3390.54,957.26,302.27,2801.14,1,1,0,0,0,3,2,1,0.3333,0.8689,0.2996,0.934539612,1,,0.5,0.3333
120240,Summit Brokerage,Workers Comp,NJ,7030,3/1/2026,3/31/2026,0.6202,3130.16,1454.23,93.93,2862.6,2,1,1,0,0,3,2,1,0.3333,0.8804,0.2996,0.934539612,1,Declined,0.5,0.3333
120240,Summit Brokerage,Workers Comp,NJ,7030,4/1/2025,4/30/2025,0.4469,394.67,1285.1,49.08,3885.25,0,0,0,0,0,11,10,1,0.0909,0.8592,0.2996,0.934539612,1,,0.1,0.0909
120240,Summit Brokerage,Workers Comp,NJ,7030,5/1/2025,5/31/2025,0.6006,6266.75,1402.77,223.23,984.22,0,0,0,0,0,3,2,1,0.3333,0.8647,0.2996,0.934539612,1,,0.5,0.3333
120240,Summit Brokerage,Workers Comp,NJ,7030,6/1/2025,6/30/2025,0.4858,2308.97,304.27,45.6,2518.74,0,0,0,0,0,4,3,1,0.25,0.8862,0.2996,0.934539612,1,Withdrawn,0.3333,0.25
120240,Summit Brokerage,Workers Comp,NJ,7030,7/1/2025,7/31/2025,0.4381,2440.68,1211.26,241.14,340.64,1,0,0,0,0,3,2,1,0.3333,0.8763,0.2996,0.934539612,1,Withdrawn,0.5,0.3333
120240,Summit Brokerage,Workers Comp,NJ,7030,8/1/2025,8/31/2025,0.4368,1087.79,400.5,382.71,1889.79,1,0,1,0,0,4,3,1,0.25,0.8774,0.2996,0.934539612,1,Withdrawn,0.3333,0.25
120240,Summit Brokerage,Workers Comp,NJ,7030,9/1/2025,9/30/2025,0.4527,131.34,474.34,183.23,1903.53,1,2,1,0,0,5,4,2,0.4,0.8692,0.2996,0.934539612,1,,0.5,0.4
120241,Sterling Insurance Partners,Commercial Auto,NJ,7102,1/1/2026,1/31/2026,0.7684,799.43,593.5,25.3,1757.06,0,1,0,0,0,3,2,1,0.3333,0.7776,0.338,0.928544549,1,Declined,0.5,0.3333
120241,Sterling Insurance Partners,Commercial Auto,NJ,7102,10/1/2025,10/31/2025,0.7617,1890.81,1266.1,180.94,4598.77,1,2,0,0,0,5,4,3,0.6,0.7745,0.338,0.928544549,1,,0.75,0.6
120241,Sterling Insurance Partners,Commercial Auto,NJ,7102,11/1/2025,11/30/2025,0.7621,1224.12,330.3,268.09,3580.94,1,1,0,0,0,3,2,1,0.3333,0.775,0.338,0.928544549,1,Declined,0.5,0.3333
120241,Sterling Insurance Partners,Commercial Auto,NJ,7102,12/1/2025,12/31/2025,0.7634,1257.88,589.47,39.83,1276.34,2,1,1,1,0,6,5,3,0.5,0.7775,0.338,0.928544549,1,,0.6,0.5
120241,Sterling Insurance Partners,Commercial Auto,NJ,7102,2/1/2026,2/28/2026,0.764,2257.96,143.07,398.76,3838.05,2,0,2,0,0,5,4,3,0.6,0.7763,0.338,0.928544549,1,Declined,0.75,0.6
120241,Sterling Insurance Partners,Commercial Auto,NJ,7102,3/1/2026,3/31/2026,0.732,1155.05,329.93,113.21,2102.92,1,0,2,0,0,3,2,1,0.3333,0.7846,0.338,0.928544549,1,Declined,0.5,0.3333
120241,Sterling Insurance Partners,Commercial Auto,NJ,7102,4/1/2025,4/30/2025,0.7521,2109.46,58.46,390.82,802.25,0,1,1,0,0,3,2,1,0.3333,0.7748,0.338,0.928544549,1,,0.5,0.3333
120241,Sterling Insurance Partners,Commercial Auto,NJ,7102,5/1/2025,5/31/2025,0.7329,2610.52,415.23,483.24,843.87,0,0,0,0,0,5,4,2,0.4,0.788,0.338,0.928544549,1,Withdrawn,0.5,0.4
120241,Sterling Insurance Partners,Commercial Auto,NJ,7102,6/1/2025,6/30/2025,0.7789,4063.41,474.48,283.76,2413.88,1,0,1,0,0,3,2,1,0.3333,0.7644,0.338,0.928544549,1,Declined,0.5,0.3333
120241,Sterling Insurance Partners,Commercial Auto,NJ,7102,7/1/2025,7/31/2025,0.7501,982.14,779.12,604.99,1544.73,0,0,1,0,0,3,2,1,0.3333,0.7874,0.338,0.928544549,1,,0.5,0.3333
120241,Sterling Insurance Partners,Commercial Auto,NJ,7102,8/1/2025,8/31/2025,0.7568,5662.48,162.97,303,725.77,1,1,1,1,0,3,2,1,0.3333,0.7757,0.338,0.928544549,1,Declined,0.5,0.3333
120241,Sterling Insurance Partners,Commercial Auto,NJ,7102,9/1/2025,9/30/2025,0.7655,2805.28,1124.65,157.31,2920.72,1,0,1,0,0,3,2,1,0.3333,0.7713,0.338,0.928544549,1,,0.5,0.3333
120242,Bridgepoint Brokerage,Business Owners Policy,NJ,8401,1/1/2026,1/31/2026,0.5035,6055.17,290.37,277.56,1869.38,0,0,1,0,0,3,2,1,0.3333,0.771,0.2764,0.970228796,1,Withdrawn,0.5,0.3333
120242,Bridgepoint Brokerage,Business Owners Policy,NJ,8401,10/1/2025,10/31/2025,0.4575,3097.15,1688.33,189.4,1398.49,2,1,0,0,0,3,2,1,0.3333,0.7643,0.2764,0.970228796,1,,0.5,0.3333
120242,Bridgepoint Brokerage,Business Owners Policy,NJ,8401,11/1/2025,11/30/2025,0.4775,1226.02,1714.04,93.96,1058.2,1,0,0,0,0,3,2,1,0.3333,0.7611,0.2764,0.970228796,1,,0.5,0.3333
120242,Bridgepoint Brokerage,Business Owners Policy,NJ,8401,12/1/2025,12/31/2025,0.495,820.41,1451.47,153.08,2049.96,0,0,1,0,0,5,4,3,0.6,0.7594,0.2764,0.970228796,1,,0.75,0.6
120242,Bridgepoint Brokerage,Business Owners Policy,NJ,8401,2/1/2026,2/28/2026,0.5111,4215.19,599.43,133.04,2000.44,2,0,0,0,0,3,2,1,0.3333,0.7445,0.2764,0.970228796,1,,0.5,0.3333
120242,Bridgepoint Brokerage,Business Owners Policy,NJ,8401,3/1/2026,3/31/2026,0.4664,878.85,1266.77,94.97,1685.43,0,0,1,0,0,3,2,1,0.3333,0.7339,0.2764,0.970228796,1,Declined,0.5,0.3333
120242,Bridgepoint Brokerage,Business Owners Policy,NJ,8401,4/1/2025,4/30/2025,0.5158,1042.31,1069.53,278.3,127.36,0,1,1,0,0,3,2,1,0.3333,0.7313,0.2764,0.970228796,1,Withdrawn,0.5,0.3333
120242,Bridgepoint Brokerage,Business Owners Policy,NJ,8401,5/1/2025,5/31/2025,0.5258,3309.21,700.41,596.09,2906.38,0,1,0,0,0,8,7,4,0.5,0.735,0.2764,0.970228796,1,Declined,0.5714,0.5
120242,Bridgepoint Brokerage,Business Owners Policy,NJ,8401,6/1/2025,6/30/2025,0.5226,1643.71,1303.56,53.16,1104.35,0,1,1,0,0,5,4,1,0.2,0.7558,0.2764,0.970228796,1,,0.25,0.2
120242,Bridgepoint Brokerage,Business Owners Policy,NJ,8401,7/1/2025,7/31/2025,0.5117,8832.6,1125.51,33.45,4944.95,1,0,0,0,0,4,3,1,0.25,0.7855,0.2764,0.970228796,1,Declined,0.3333,0.25
120242,Bridgepoint Brokerage,Business Owners Policy,NJ,8401,8/1/2025,8/31/2025,0.4993,4869.48,1390.17,484.54,1934.14,0,1,0,0,0,3,2,1,0.3333,0.7411,0.2764,0.970228796,1,Withdrawn,0.5,0.3333
120242,Bridgepoint Brokerage,Business Owners Policy,NJ,8401,9/1/2025,9/30/2025,0.5053,6397.93,349.39,285.32,935.47,1,0,2,0,0,5,2,1,0.2,0.7848,0.2764,0.970228796,3,Withdrawn,0.5,0.2
120243,Tri-State & Associates,Workers Comp,NJ,7601,1/1/2026,1/31/2026,0.5549,7760.4,8737.75,498.27,1691.51,0,0,1,0,0,3,2,1,0.3333,0.8741,0.3159,0.961737861,1,,0.5,0.3333
120243,Tri-State & Associates,Workers Comp,NJ,7601,10/1/2025,10/31/2025,0.4644,3374.18,3953.62,116.1,2235.63,1,1,2,1,0,3,2,1,0.3333,0.8639,0.3159,0.961737861,1,,0.5,0.3333
120243,Tri-State & Associates,Workers Comp,NJ,7601,11/1/2025,11/30/2025,0.4918,1362.41,2701.96,441.3,1013.8,1,1,1,0,0,3,2,1,0.3333,0.8796,0.3159,0.961737861,1,Declined,0.5,0.3333
120243,Tri-State & Associates,Workers Comp,NJ,7601,12/1/2025,12/31/2025,0.5187,4845.83,792.88,284.57,867.19,2,1,0,0,0,3,2,1,0.3333,0.8749,0.3159,0.961737861,1,Declined,0.5,0.3333
120243,Tri-State & Associates,Workers Comp,NJ,7601,2/1/2026,2/28/2026,0.4949,1385.6,2806.17,83.58,6998.13,1,1,1,0,0,3,2,1,0.3333,0.8704,0.3159,0.961737861,1,Declined,0.5,0.3333
120243,Tri-State & Associates,Workers Comp,NJ,7601,3/1/2026,3/31/2026,0.4474,2400.52,2198.32,115.76,685.23,1,0,1,0,0,8,7,5,0.625,0.8744,0.3159,0.961737861,1,,0.7143,0.625
120243,Tri-State & Associates,Workers Comp,NJ,7601,4/1/2025,4/30/2025,0.5759,398.05,936.26,493.46,1780.96,1,1,1,0,0,4,3,2,0.5,0.8837,0.3159,0.961737861,1,Declined,0.6667,0.5
120243,Tri-State & Associates,Workers Comp,NJ,7601,5/1/2025,5/31/2025,0.626,1876.74,2648.2,90.81,855.85,1,1,1,0,0,3,2,1,0.3333,0.8844,0.3159,0.961737861,1,,0.5,0.3333
120243,Tri-State & Associates,Workers Comp,NJ,7601,6/1/2025,6/30/2025,0.5355,4404.31,2497.35,207.7,6091.22,0,0,0,0,0,3,2,1,0.3333,0.8664,0.3159,0.961737861,1,,0.5,0.3333
120243,Tri-State & Associates,Workers Comp,NJ,7601,7/1/2025,7/31/2025,0.5356,5031.78,3158.02,395.49,4356.47,1,1,1,0,0,4,3,1,0.25,0.8643,0.3159,0.961737861,1,Withdrawn,0.3333,0.25
120243,Tri-State & Associates,Workers Comp,NJ,7601,8/1/2025,8/31/2025,0.5616,2072.72,1176.59,925.7,1370.31,2,0,1,0,0,6,5,4,0.6667,0.88,0.3159,0.961737861,1,,0.8,0.6667
120243,Tri-State & Associates,Workers Comp,NJ,7601,9/1/2025,9/30/2025,0.5104,3701.65,573.86,476.06,2026.18,0,0,1,1,0,3,2,1,0.3333,0.8747,0.3159,0.961737861,1,,0.5,0.3333
120244,Eagle Insurance Agency,Commercial Auto,PA,19103,1/1/2026,1/31/2026,0.7761,1448.9,841.53,73.51,278.29,1,0,1,0,0,4,2,1,0.25,0.7628,0.2966,0.898631776,2,Withdrawn,0.5,0.25
120244,Eagle Insurance Agency,Commercial Auto,PA,19103,10/1/2025,10/31/2025,0.7592,770.1,3586.4,172.41,2755.95,1,1,0,0,0,3,2,1,0.3333,0.7857,0.2966,0.898631776,1,,0.5,0.3333
120244,Eagle Insurance Agency,Commercial Auto,PA,19103,11/1/2025,11/30/2025,0.7707,2146.4,540.7,434.96,249.75,1,0,0,1,0,3,2,1,0.3333,0.7749,0.2966,0.898631776,1,,0.5,0.3333
120244,Eagle Insurance Agency,Commercial Auto,PA,19103,12/1/2025,12/31/2025,0.7574,1899.13,450.36,69.71,470.66,0,0,0,0,0,3,2,1,0.3333,0.7656,0.2966,0.898631776,1,Declined,0.5,0.3333
120244,Eagle Insurance Agency,Commercial Auto,PA,19103,2/1/2026,2/28/2026,0.7785,1212.67,878.32,198.26,2421.64,1,0,1,1,0,3,2,1,0.3333,0.7667,0.2966,0.898631776,1,Declined,0.5,0.3333
120244,Eagle Insurance Agency,Commercial Auto,PA,19103,3/1/2026,3/31/2026,0.7467,225.45,2149.6,73.03,2633.84,0,0,1,1,0,3,2,1,0.3333,0.7817,0.2966,0.898631776,1,,0.5,0.3333
120244,Eagle Insurance Agency,Commercial Auto,PA,19103,4/1/2025,4/30/2025,0.7656,1202.43,434.92,214.04,2496.63,0,0,0,0,0,6,5,3,0.5,0.7817,0.2966,0.898631776,1,Declined,0.6,0.5
120244,Eagle Insurance Agency,Commercial Auto,PA,19103,5/1/2025,5/31/2025,0.7828,1068.59,3667.92,111.43,1678.48,0,0,1,0,0,3,2,1,0.3333,0.7711,0.2966,0.898631776,1,,0.5,0.3333
120244,Eagle Insurance Agency,Commercial Auto,PA,19103,6/1/2025,6/30/2025,0.7851,2403.24,800.15,244.37,1081.17,0,0,0,0,0,7,4,2,0.2857,0.7769,0.2966,0.898631776,3,Withdrawn,0.5,0.2857
120244,Eagle Insurance Agency,Commercial Auto,PA,19103,7/1/2025,7/31/2025,0.757,2744.25,827.33,30.24,1655.07,0,1,0,0,0,3,2,1,0.3333,0.7816,0.2966,0.898631776,1,Withdrawn,0.5,0.3333
120244,Eagle Insurance Agency,Commercial Auto,PA,19103,8/1/2025,8/31/2025,0.7896,2545.3,1988.79,160.48,2917.91,1,0,1,0,0,3,2,1,0.3333,0.7757,0.2966,0.898631776,1,,0.5,0.3333
120244,Eagle Insurance Agency,Commercial Auto,PA,19103,9/1/2025,9/30/2025,0.7759,1642.89,962.75,39.02,669.96,0,0,0,0,0,7,4,2,0.2857,0.7835,0.2966,0.898631776,3,Withdrawn,0.5,0.2857
120245,Bridgepoint Insurance Services,Business Owners Policy,PA,15222,1/1/2026,1/31/2026,0.5599,1523.37,228.92,334.81,675.31,0,0,0,0,0,4,3,2,0.5,0.7359,0.3763,0.879014369,1,Declined,0.6667,0.5
120245,Bridgepoint Insurance Services,Business Owners Policy,PA,15222,10/1/2025,10/31/2025,0.5364,1003.87,215.81,73.99,1129.7,0,0,0,0,0,4,3,1,0.25,0.7722,0.3763,0.879014369,1,,0.3333,0.25
120245,Bridgepoint Insurance Services,Business Owners Policy,PA,15222,11/1/2025,11/30/2025,0.4995,1464.03,296.4,120.37,2815.55,0,0,1,0,0,4,3,2,0.5,0.7431,0.3763,0.879014369,1,,0.6667,0.5
120245,Bridgepoint Insurance Services,Business Owners Policy,PA,15222,12/1/2025,12/31/2025,0.4949,661.2,1509.25,264.41,425.98,0,0,0,0,0,3,2,1,0.3333,0.7523,0.3763,0.879014369,1,,0.5,0.3333
120245,Bridgepoint Insurance Services,Business Owners Policy,PA,15222,2/1/2026,2/28/2026,0.531,603.75,105.65,465.3,683.84,1,0,0,0,0,3,2,1,0.3333,0.7436,0.3763,0.879014369,1,,0.5,0.3333
120245,Bridgepoint Insurance Services,Business Owners Policy,PA,15222,3/1/2026,3/31/2026,0.4784,3567.69,416.16,155.2,1592.43,0,0,0,0,0,4,3,2,0.5,0.7519,0.3763,0.879014369,1,,0.6667,0.5
120245,Bridgepoint Insurance Services,Business Owners Policy,PA,15222,4/1/2025,4/30/2025,0.4935,1004.92,669.21,247.37,1689.52,1,1,1,0,0,3,2,1,0.3333,0.7461,0.3763,0.879014369,1,,0.5,0.3333
120245,Bridgepoint Insurance Services,Business Owners Policy,PA,15222,5/1/2025,5/31/2025,0.5371,382.69,696.72,140.5,574.65,1,0,0,0,0,3,2,1,0.3333,0.7594,0.3763,0.879014369,1,Withdrawn,0.5,0.3333
120245,Bridgepoint Insurance Services,Business Owners Policy,PA,15222,6/1/2025,6/30/2025,0.4874,2047,395.15,94.83,1995.42,0,0,0,1,0,3,2,1,0.3333,0.7571,0.3763,0.879014369,1,Withdrawn,0.5,0.3333
120245,Bridgepoint Insurance Services,Business Owners Policy,PA,15222,7/1/2025,7/31/2025,0.5256,958.45,316.66,45.98,820.58,0,0,0,0,0,3,2,1,0.3333,0.7469,0.3763,0.879014369,1,Declined,0.5,0.3333
120245,Bridgepoint Insurance Services,Business Owners Policy,PA,15222,8/1/2025,8/31/2025,0.4961,1294.98,500.57,125.66,1885.98,0,0,0,0,0,4,3,2,0.5,0.7504,0.3763,0.879014369,1,,0.6667,0.5
120245,Bridgepoint Insurance Services,Business Owners Policy,PA,15222,9/1/2025,9/30/2025,0.5112,1054.95,373.47,292.31,1277.94,0,1,1,0,0,3,2,1,0.3333,0.7217,0.3763,0.879014369,1,,0.5,0.3333
120246,Tri-State Insurance Partners,Workers Comp,PA,17101,1/1/2026,1/31/2026,0.5128,4142.71,58.45,433.84,3612.83,2,0,0,0,0,3,2,1,0.3333,0.8745,0.3035,0.981203295,1,,0.5,0.3333
120246,Tri-State Insurance Partners,Workers Comp,PA,17101,10/1/2025,10/31/2025,0.4489,3363.16,111.48,611.5,815.01,2,1,2,1,0,3,2,1,0.3333,0.8748,0.3035,0.981203295,1,Declined,0.5,0.3333
120246,Tri-State Insurance Partners,Workers Comp,PA,17101,11/1/2025,11/30/2025,0.51,4849.61,66.29,255.2,4471.11,1,0,2,0,0,3,2,1,0.3333,0.8644,0.3035,0.981203295,1,,0.5,0.3333
120246,Tri-State Insurance Partners,Workers Comp,PA,17101,12/1/2025,12/31/2025,0.507,3000.89,85.08,366.45,4896.41,2,1,2,0,0,6,2,1,0.1667,0.866,0.3035,0.981203295,4,Withdrawn,0.5,0.1667
120246,Tri-State Insurance Partners,Workers Comp,PA,17101,2/1/2026,2/28/2026,0.6515,1698.9,15.42,296.68,3700.3,1,1,1,0,1,4,3,2,0.5,0.8673,0.3035,0.981203295,1,,0.6667,0.5
120246,Tri-State Insurance Partners,Workers Comp,PA,17101,3/1/2026,3/31/2026,0.5433,3963.25,105.22,417.56,715.09,2,0,0,1,0,3,2,1,0.3333,0.8825,0.3035,0.981203295,1,Withdrawn,0.5,0.3333
120246,Tri-State Insurance Partners,Workers Comp,PA,17101,4/1/2025,4/30/2025,0.5132,7136.09,26.3,252.95,3321.53,1,0,1,2,0,6,5,4,0.6667,0.8744,0.3035,0.981203295,1,,0.8,0.6667
120246,Tri-State Insurance Partners,Workers Comp,PA,17101,5/1/2025,5/31/2025,0.484,8249.03,47.49,871.96,3653.65,0,0,2,1,0,12,6,2,0.1667,0.8789,0.3035,0.981203295,6,Withdrawn,0.3333,0.1667
120246,Tri-State Insurance Partners,Workers Comp,PA,17101,6/1/2025,6/30/2025,0.5175,4123.23,39.95,1.56,3579.9,1,1,4,0,0,3,2,1,0.3333,0.8731,0.3035,0.981203295,1,,0.5,0.3333
120246,Tri-State Insurance Partners,Workers Comp,PA,17101,7/1/2025,7/31/2025,0.491,3681.25,76.99,127.78,5577.95,0,0,0,1,0,3,2,1,0.3333,0.8821,0.3035,0.981203295,1,Declined,0.5,0.3333
120246,Tri-State Insurance Partners,Workers Comp,PA,17101,8/1/2025,8/31/2025,0.4433,2218.18,48.21,608.69,2545.47,1,0,0,0,0,4,3,1,0.25,0.8815,0.3035,0.981203295,1,,0.3333,0.25
120246,Tri-State Insurance Partners,Workers Comp,PA,17101,9/1/2025,9/30/2025,0.6452,1390.93,12.68,465.39,2723.29,2,2,1,0,0,3,2,1,0.3333,0.8857,0.3035,0.981203295,1,Withdrawn,0.5,0.3333
120247,Horizon Risk Consultants,Commercial Auto,PA,18501,1/1/2026,1/31/2026,0.763,1140.86,270.92,137.93,846.3,1,1,1,0,0,3,2,1,0.3333,0.7785,0.3266,0.897045739,1,Declined,0.5,0.3333
120247,Horizon Risk Consultants,Commercial Auto,PA,18501,10/1/2025,10/31/2025,0.7573,384.61,763.07,154.91,2073.38,2,0,1,0,0,8,7,4,0.5,0.7809,0.3266,0.897045739,1,Withdrawn,0.5714,0.5
120247,Horizon Risk Consultants,Commercial Auto,PA,18501,11/1/2025,11/30/2025,0.7563,1406.2,1129.99,93,1114.34,1,1,2,0,0,3,2,1,0.3333,0.7819,0.3266,0.897045739,1,,0.5,0.3333
120247,Horizon Risk Consultants,Commercial Auto,PA,18501,12/1/2025,12/31/2025,0.7609,2906.39,285.7,443.35,1587.61,1,0,1,1,0,3,2,1,0.3333,0.7688,0.3266,0.897045739,1,,0.5,0.3333
120247,Horizon Risk Consultants,Commercial Auto,PA,18501,2/1/2026,2/28/2026,0.7702,373.76,73.19,431.33,895.82,0,1,1,0,0,4,2,1,0.25,0.7792,0.3266,0.897045739,2,,0.5,0.25
120247,Horizon Risk Consultants,Commercial Auto,PA,18501,3/1/2026,3/31/2026,0.742,2402.26,412.41,51.77,1861.3,2,1,1,1,0,3,2,1,0.3333,0.7778,0.3266,0.897045739,1,,0.5,0.3333
120247,Horizon Risk Consultants,Commercial Auto,PA,18501,4/1/2025,4/30/2025,0.7742,1563.23,715.31,25.03,975.06,0,1,1,0,0,6,4,2,0.3333,0.7729,0.3266,0.897045739,2,Declined,0.5,0.3333
120247,Horizon Risk Consultants,Commercial Auto,PA,18501,5/1/2025,5/31/2025,0.7881,835.45,467.19,57.96,2739.85,1,0,0,0,0,4,3,2,0.5,0.7737,0.3266,0.897045739,1,,0.6667,0.5
120247,Horizon Risk Consultants,Commercial Auto,PA,18501,6/1/2025,6/30/2025,0.7733,880.87,801.83,160.39,1299.72,2,0,0,1,0,3,2,1,0.3333,0.7765,0.3266,0.897045739,1,Withdrawn,0.5,0.3333
120247,Horizon Risk Consultants,Commercial Auto,PA,18501,7/1/2025,7/31/2025,0.7781,472.07,330.55,269.17,964.41,0,0,0,0,0,3,2,1,0.3333,0.7764,0.3266,0.897045739,1,Declined,0.5,0.3333
120247,Horizon Risk Consultants,Commercial Auto,PA,18501,8/1/2025,8/31/2025,0.7348,2400.07,428.3,281.54,1698.87,0,0,2,0,0,3,2,1,0.3333,0.7846,0.3266,0.897045739,1,,0.5,0.3333
120247,Horizon Risk Consultants,Commercial Auto,PA,18501,9/1/2025,9/30/2025,0.771,4210.16,689.21,40.51,2100.79,0,0,0,0,0,3,2,1,0.3333,0.778,0.3266,0.897045739,1,,0.5,0.3333
120248,Patriot Risk Consultants,Business Owners Policy,NY,10001,1/1/2026,1/31/2026,0.5332,2010.79,465.07,271.29,1095.86,3,0,1,0,0,3,2,1,0.3333,0.7474,0.3214,0.923651901,1,Declined,0.5,0.3333
120248,Patriot Risk Consultants,Business Owners Policy,NY,10001,10/1/2025,10/31/2025,0.4839,2768.12,60.89,65.39,2417.26,1,1,0,0,0,3,2,1,0.3333,0.7671,0.3214,0.923651901,1,,0.5,0.3333
120248,Patriot Risk Consultants,Business Owners Policy,NY,10001,11/1/2025,11/30/2025,0.5495,2188.2,70.06,177.91,1724.9,2,1,1,0,0,6,3,2,0.3333,0.7408,0.3214,0.923651901,3,,0.6667,0.3333
120248,Patriot Risk Consultants,Business Owners Policy,NY,10001,12/1/2025,12/31/2025,0.474,944.53,135.46,113.24,3011.58,1,1,1,0,0,3,2,1,0.3333,0.7465,0.3214,0.923651901,1,Withdrawn,0.5,0.3333
120248,Patriot Risk Consultants,Business Owners Policy,NY,10001,2/1/2026,2/28/2026,0.5613,581.92,79.5,283.52,1901.83,1,3,2,0,0,3,2,1,0.3333,0.7489,0.3214,0.923651901,1,,0.5,0.3333
120248,Patriot Risk Consultants,Business Owners Policy,NY,10001,3/1/2026,3/31/2026,0.4574,2560.07,190.21,853.59,742.94,0,0,1,1,0,11,9,4,0.3636,0.7447,0.3214,0.923651901,2,,0.4444,0.3636
120248,Patriot Risk Consultants,Business Owners Policy,NY,10001,4/1/2025,4/30/2025,0.5169,1781.28,67.56,121.23,1659.19,1,1,0,0,0,3,2,1,0.3333,0.7545,0.3214,0.923651901,1,Withdrawn,0.5,0.3333
120248,Patriot Risk Consultants,Business Owners Policy,NY,10001,5/1/2025,5/31/2025,0.5271,532.17,123.89,313.79,3235.94,0,0,2,0,0,3,2,1,0.3333,0.7571,0.3214,0.923651901,1,,0.5,0.3333
120248,Patriot Risk Consultants,Business Owners Policy,NY,10001,6/1/2025,6/30/2025,0.4468,4164.19,172.99,47.1,3175.69,0,0,0,1,0,3,2,1,0.3333,0.7468,0.3214,0.923651901,1,,0.5,0.3333
120248,Patriot Risk Consultants,Business Owners Policy,NY,10001,7/1/2025,7/31/2025,0.5011,1108.88,73.55,181.07,2528.89,0,2,0,0,0,3,2,1,0.3333,0.7517,0.3214,0.923651901,1,Withdrawn,0.5,0.3333
120248,Patriot Risk Consultants,Business Owners Policy,NY,10001,8/1/2025,8/31/2025,0.5191,5641.39,150.36,186.25,3440.76,0,0,2,0,0,3,2,1,0.3333,0.7355,0.3214,0.923651901,1,Withdrawn,0.5,0.3333
120248,Patriot Risk Consultants,Business Owners Policy,NY,10001,9/1/2025,9/30/2025,0.4998,1134.04,297.46,201.43,480.74,2,0,1,0,0,3,2,1,0.3333,0.7466,0.3214,0.923651901,1,,0.5,0.3333
120249,Nexus Brokerage,Workers Comp,NY,11201,1/1/2026,1/31/2026,0.498,649.84,0,363.83,109.91,1,1,1,0,0,3,2,1,0.3333,0.8732,0.3434,0.904670919,1,,0.5,0.3333
120249,Nexus Brokerage,Workers Comp,NY,11201,10/1/2025,10/31/2025,0.4175,5197.13,0,173.54,983.89,1,1,2,0,0,3,2,1,0.3333,0.8825,0.3434,0.904670919,1,,0.5,0.3333
120249,Nexus Brokerage,Workers Comp,NY,11201,11/1/2025,11/30/2025,0.4638,544.89,0,122.74,2172.16,0,1,2,0,0,4,3,2,0.5,0.8691,0.3434,0.904670919,1,Withdrawn,0.6667,0.5
120249,Nexus Brokerage,Workers Comp,NY,11201,12/1/2025,12/31/2025,0.4855,963.9,0,338.74,4021.02,0,0,0,0,0,3,2,1,0.3333,0.8703,0.3434,0.904670919,1,Withdrawn,0.5,0.3333
120249,Nexus Brokerage,Workers Comp,NY,11201,2/1/2026,2/28/2026,0.4803,1681.25,0,60.88,961.07,1,1,0,0,0,3,2,1,0.3333,0.8681,0.3434,0.904670919,1,,0.5,0.3333
120249,Nexus Brokerage,Workers Comp,NY,11201,3/1/2026,3/31/2026,0.5613,4135.72,0,140.42,4164.58,1,0,1,1,0,3,2,1,0.3333,0.8711,0.3434,0.904670919,1,,0.5,0.3333
120249,Nexus Brokerage,Workers Comp,NY,11201,4/1/2025,4/30/2025,0.4497,1468.66,0,114.47,2066.39,1,1,1,1,0,3,2,1,0.3333,0.881,0.3434,0.904670919,1,Declined,0.5,0.3333
120249,Nexus Brokerage,Workers Comp,NY,11201,5/1/2025,5/31/2025,0.5412,723.97,0,70.81,705.59,2,1,1,0,0,3,2,1,0.3333,0.8865,0.3434,0.904670919,1,Withdrawn,0.5,0.3333
120249,Nexus Brokerage,Workers Comp,NY,11201,6/1/2025,6/30/2025,0.4143,1760.58,0,762.15,1372.28,1,0,0,0,0,4,3,2,0.5,0.8833,0.3434,0.904670919,1,,0.6667,0.5
120249,Nexus Brokerage,Workers Comp,NY,11201,7/1/2025,7/31/2025,0.524,752.09,0,100.22,413.69,1,1,0,0,0,3,2,1,0.3333,0.8836,0.3434,0.904670919,1,,0.5,0.3333
120249,Nexus Brokerage,Workers Comp,NY,11201,8/1/2025,8/31/2025,0.4646,2541.1,0,195.32,2096.84,0,0,0,0,0,3,2,1,0.3333,0.8754,0.3434,0.904670919,1,,0.5,0.3333
120249,Nexus Brokerage,Workers Comp,NY,11201,9/1/2025,9/30/2025,0.4689,214.29,0,124.87,1566,0,0,1,0,0,11,10,6,0.5455,0.8851,0.3434,0.904670919,1,,0.6,0.5455
120250,Crossroads Risk Solutions,Commercial Auto,NY,10301,1/1/2026,1/31/2026,0.742,1608.43,0,210.89,1970.89,0,0,0,1,0,3,2,1,0.3333,0.7686,0.297,0.871052968,1,Withdrawn,0.5,0.3333
120250,Crossroads Risk Solutions,Commercial Auto,NY,10301,10/1/2025,10/31/2025,0.7685,1637.76,0,243.62,1157.4,0,1,0,0,0,3,2,1,0.3333,0.7728,0.297,0.871052968,1,Withdrawn,0.5,0.3333
120250,Crossroads Risk Solutions,Commercial Auto,NY,10301,11/1/2025,11/30/2025,0.7479,2974.79,0,34.36,768.37,0,1,1,0,0,4,3,1,0.25,0.7758,0.297,0.871052968,1,,0.3333,0.25
120250,Crossroads Risk Solutions,Commercial Auto,NY,10301,12/1/2025,12/31/2025,0.7548,741.95,0,170.76,379.88,1,0,0,1,0,5,3,1,0.2,0.782,0.297,0.871052968,2,Withdrawn,0.3333,0.2
120250,Crossroads Risk Solutions,Commercial Auto,NY,10301,2/1/2026,2/28/2026,0.7149,466.99,0,114.22,1500.77,2,0,1,1,0,4,3,1,0.25,0.7704,0.297,0.871052968,1,,0.3333,0.25
120250,Crossroads Risk Solutions,Commercial Auto,NY,10301,3/1/2026,3/31/2026,0.7588,811.66,0,57.19,103.01,2,0,2,0,0,5,3,1,0.2,0.7888,0.297,0.871052968,2,Withdrawn,0.3333,0.2
120250,Crossroads Risk Solutions,Commercial Auto,NY,10301,4/1/2025,4/30/2025,0.777,1613.64,0,137.24,2479.54,0,0,1,0,0,3,2,1,0.3333,0.7715,0.297,0.871052968,1,Withdrawn,0.5,0.3333
120250,Crossroads Risk Solutions,Commercial Auto,NY,10301,5/1/2025,5/31/2025,0.7548,1252.01,0,44.17,989.73,1,1,1,0,0,3,2,1,0.3333,0.7807,0.297,0.871052968,1,Withdrawn,0.5,0.3333
120250,Crossroads Risk Solutions,Commercial Auto,NY,10301,6/1/2025,6/30/2025,0.7733,1092.3,0,96.07,1330.78,0,0,1,1,0,3,2,1,0.3333,0.7723,0.297,0.871052968,1,Withdrawn,0.5,0.3333
120250,Crossroads Risk Solutions,Commercial Auto,NY,10301,7/1/2025,7/31/2025,0.768,701.5,0,51.74,2182.57,2,0,1,1,0,3,2,1,0.3333,0.7735,0.297,0.871052968,1,,0.5,0.3333
120250,Crossroads Risk Solutions,Commercial Auto,NY,10301,8/1/2025,8/31/2025,0.7459,111.04,0,65.28,157.21,1,0,2,0,0,3,2,1,0.3333,0.7808,0.297,0.871052968,1,Withdrawn,0.5,0.3333
120250,Crossroads Risk Solutions,Commercial Auto,NY,10301,9/1/2025,9/30/2025,0.7582,1251.55,0,124.55,515.35,2,1,1,0,0,8,4,3,0.375,0.7811,0.297,0.871052968,4,Declined,0.75,0.375
120251,Alliance Brokerage,Business Owners Policy,NY,14201,1/1/2026,1/31/2026,0.4646,1216.93,0,14.04,716.71,1,0,0,0,0,4,3,2,0.5,0.7508,0.3216,0.814301168,1,,0.6667,0.5
120251,Alliance Brokerage,Business Owners Policy,NY,14201,10/1/2025,10/31/2025,0.5105,437.76,0,65.28,1102.32,0,0,0,0,0,3,2,1,0.3333,0.7352,0.3216,0.814301168,1,Withdrawn,0.5,0.3333
120251,Alliance Brokerage,Business Owners Policy,NY,14201,11/1/2025,11/30/2025,0.5642,668.48,0,72.93,866.31,0,0,1,0,0,3,2,1,0.3333,0.745,0.3216,0.814301168,1,,0.5,0.3333
120251,Alliance Brokerage,Business Owners Policy,NY,14201,12/1/2025,12/31/2025,0.4637,471.97,0,78.88,1158.14,0,0,0,0,0,3,2,1,0.3333,0.7519,0.3216,0.814301168,1,,0.5,0.3333
120251,Alliance Brokerage,Business Owners Policy,NY,14201,2/1/2026,2/28/2026,0.5318,750.79,0,54.07,257.97,0,1,0,0,0,3,2,1,0.3333,0.7683,0.3216,0.814301168,1,,0.5,0.3333
120251,Alliance Brokerage,Business Owners Policy,NY,14201,3/1/2026,3/31/2026,0.5499,294.62,0,196.68,867.47,1,0,1,0,0,3,2,1,0.3333,0.76,0.3216,0.814301168,1,Declined,0.5,0.3333
120251,Alliance Brokerage,Business Owners Policy,NY,14201,4/1/2025,4/30/2025,0.5132,421.17,0,141.21,431.88,0,0,1,1,0,3,2,1,0.3333,0.7274,0.3216,0.814301168,1,Withdrawn,0.5,0.3333
120251,Alliance Brokerage,Business Owners Policy,NY,14201,5/1/2025,5/31/2025,0.5295,638.08,0,17.1,176.27,1,0,0,0,0,6,3,2,0.3333,0.7371,0.3216,0.814301168,3,,0.6667,0.3333
120251,Alliance Brokerage,Business Owners Policy,NY,14201,6/1/2025,6/30/2025,0.4753,847.5,0,36.68,226.66,0,0,0,0,0,5,3,1,0.2,0.7645,0.3216,0.814301168,2,Declined,0.3333,0.2
120251,Alliance Brokerage,Business Owners Policy,NY,14201,7/1/2025,7/31/2025,0.5166,730.2,0,65.68,611.42,0,0,0,0,0,3,2,1,0.3333,0.7484,0.3216,0.814301168,1,,0.5,0.3333
120251,Alliance Brokerage,Business Owners Policy,NY,14201,8/1/2025,8/31/2025,0.4547,303.67,0,29.48,933.08,0,1,1,1,0,10,3,2,0.2,0.7153,0.3216,0.814301168,7,,0.6667,0.2
120251,Alliance Brokerage,Business Owners Policy,NY,14201,9/1/2025,9/30/2025,0.5138,866.7,0,75.78,299.64,1,0,0,0,0,3,2,1,0.3333,0.7437,0.3216,0.814301168,1,Withdrawn,0.5,0.3333
120252,Cornerstone Risk Management,Workers Comp,NJ,7030,1/1/2026,1/31/2026,0.5401,1116.97,1189.29,418.41,4675.15,3,0,1,0,0,5,4,2,0.4,0.8784,0.3154,0.959129619,1,Withdrawn,0.5,0.4
120252,Cornerstone Risk Management,Workers Comp,NJ,7030,10/1/2025,10/31/2025,0.4867,2580.72,315.01,204.94,2261.94,2,1,3,0,0,5,3,2,0.4,0.8599,0.3154,0.959129619,2,,0.6667,0.4
120252,Cornerstone Risk Management,Workers Comp,NJ,7030,11/1/2025,11/30/2025,0.4538,3618.11,265.26,66.06,1799.6,2,0,1,1,0,3,2,1,0.3333,0.8621,0.3154,0.959129619,1,,0.5,0.3333
120252,Cornerstone Risk Management,Workers Comp,NJ,7030,12/1/2025,12/31/2025,0.5183,1274.17,437.46,880.18,1560.37,0,2,2,1,0,5,3,2,0.4,0.8848,0.3154,0.959129619,2,,0.6667,0.4
120252,Cornerstone Risk Management,Workers Comp,NJ,7030,2/1/2026,2/28/2026,0.4804,3765.2,250.84,543.43,1180.86,2,1,2,1,0,3,2,1,0.3333,0.8845,0.3154,0.959129619,1,,0.5,0.3333
120252,Cornerstone Risk Management,Workers Comp,NJ,7030,3/1/2026,3/31/2026,0.5306,3682.15,1625.69,130.99,1704.28,2,1,1,0,0,5,4,3,0.6,0.8877,0.3154,0.959129619,1,Declined,0.75,0.6
120252,Cornerstone Risk Management,Workers Comp,NJ,7030,4/1/2025,4/30/2025,0.5587,11911.4,160.85,421.71,2191.31,1,1,1,0,0,3,2,1,0.3333,0.875,0.3154,0.959129619,1,Withdrawn,0.5,0.3333
120252,Cornerstone Risk Management,Workers Comp,NJ,7030,5/1/2025,5/31/2025,0.4973,5351.14,1109.27,236.29,4874.62,3,0,3,2,0,3,2,1,0.3333,0.8707,0.3154,0.959129619,1,,0.5,0.3333
120252,Cornerstone Risk Management,Workers Comp,NJ,7030,6/1/2025,6/30/2025,0.5282,356.34,906.41,269.92,6652.26,2,2,2,0,0,5,4,3,0.6,0.8734,0.3154,0.959129619,1,,0.75,0.6
120252,Cornerstone Risk Management,Workers Comp,NJ,7030,7/1/2025,7/31/2025,0.4239,624.52,214.3,625.18,2450.42,0,1,0,1,0,9,8,2,0.2222,0.867,0.3154,0.959129619,1,Withdrawn,0.25,0.2222
120252,Cornerstone Risk Management,Workers Comp,NJ,7030,8/1/2025,8/31/2025,0.591,1084.24,279.92,75.36,4575.9,1,0,0,2,0,10,5,3,0.3,0.8733,0.3154,0.959129619,5,Declined,0.6,0.3
120252,Cornerstone Risk Management,Workers Comp,NJ,7030,9/1/2025,9/30/2025,0.4568,2158.88,1953.97,135.88,3113.42,1,0,3,0,0,3,2,1,0.3333,0.8703,0.3154,0.959129619,1,,0.5,0.3333
120253,Prestige Agency Group,Commercial Auto,NJ,7102,1/1/2026,1/31/2026,0.7302,1917.16,0,255.92,2322.25,0,0,1,0,0,3,2,1,0.3333,0.7797,0.3836,0.925203521,1,Withdrawn,0.5,0.3333
120253,Prestige Agency Group,Commercial Auto,NJ,7102,10/1/2025,10/31/2025,0.7479,3462.88,0,345.81,427.51,1,1,1,0,0,5,4,1,0.2,0.7732,0.3836,0.925203521,1,,0.25,0.2
120253,Prestige Agency Group,Commercial Auto,NJ,7102,11/1/2025,11/30/2025,0.7489,971.1,0,326.01,2363.91,2,0,0,0,0,3,2,1,0.3333,0.7744,0.3836,0.925203521,1,Declined,0.5,0.3333
120253,Prestige Agency Group,Commercial Auto,NJ,7102,12/1/2025,12/31/2025,0.761,1687.13,0,172.59,1274.44,0,0,0,0,0,9,7,2,0.2222,0.7668,0.3836,0.925203521,2,,0.2857,0.2222
120253,Prestige Agency Group,Commercial Auto,NJ,7102,2/1/2026,2/28/2026,0.7401,3547.85,0,463.68,581.97,2,1,2,0,0,3,2,1,0.3333,0.7571,0.3836,0.925203521,1,,0.5,0.3333
120253,Prestige Agency Group,Commercial Auto,NJ,7102,3/1/2026,3/31/2026,0.7689,4412.21,0,251.14,3727.9,0,1,1,0,0,6,2,1,0.1667,0.7687,0.3836,0.925203521,4,Declined,0.5,0.1667
120253,Prestige Agency Group,Commercial Auto,NJ,7102,4/1/2025,4/30/2025,0.7448,4249.9,0,211.37,2829.17,0,1,0,1,0,3,2,1,0.3333,0.7772,0.3836,0.925203521,1,,0.5,0.3333
120253,Prestige Agency Group,Commercial Auto,NJ,7102,5/1/2025,5/31/2025,0.7398,974.34,0,268.04,2260.64,0,1,1,0,0,3,2,1,0.3333,0.7882,0.3836,0.925203521,1,,0.5,0.3333
120253,Prestige Agency Group,Commercial Auto,NJ,7102,6/1/2025,6/30/2025,0.7748,759.64,0,159.65,1544.1,1,1,1,0,0,5,4,2,0.4,0.7716,0.3836,0.925203521,1,Withdrawn,0.5,0.4
120253,Prestige Agency Group,Commercial Auto,NJ,7102,7/1/2025,7/31/2025,0.7698,803.57,0,385.18,2096.35,0,0,1,0,0,3,2,1,0.3333,0.7661,0.3836,0.925203521,1,Withdrawn,0.5,0.3333
120253,Prestige Agency Group,Commercial Auto,NJ,7102,8/1/2025,8/31/2025,0.7517,2153.58,0,669.47,3481.24,1,1,0,1,0,3,2,1,0.3333,0.7691,0.3836,0.925203521,1,Declined,0.5,0.3333
120253,Prestige Agency Group,Commercial Auto,NJ,7102,9/1/2025,9/30/2025,0.7528,913.01,0,483.82,2942.89,2,0,1,0,0,3,2,1,0.3333,0.7741,0.3836,0.925203521,1,Declined,0.5,0.3333
120254,Cornerstone Insurance Services,Business Owners Policy,NJ,8401,1/1/2026,1/31/2026,0.4652,1206.68,0,105.4,6862.15,2,1,2,0,0,3,2,1,0.3333,0.7495,0.3622,0.94184805,1,Withdrawn,0.5,0.3333
120254,Cornerstone Insurance Services,Business Owners Policy,NJ,8401,10/1/2025,10/31/2025,0.5169,905.3,0,38.99,1989.62,0,0,1,1,0,5,4,3,0.6,0.7662,0.3622,0.94184805,1,Declined,0.75,0.6
120254,Cornerstone Insurance Services,Business Owners Policy,NJ,8401,11/1/2025,11/30/2025,0.5123,5046.63,0,405.23,4563.38,3,1,0,0,0,10,7,6,0.6,0.7394,0.3622,0.94184805,3,,0.8571,0.6
120254,Cornerstone Insurance Services,Business Owners Policy,NJ,8401,12/1/2025,12/31/2025,0.4899,1302.21,0,50.55,3350.06,1,0,1,1,0,5,3,1,0.2,0.7582,0.3622,0.94184805,2,Declined,0.3333,0.2
120254,Cornerstone Insurance Services,Business Owners Policy,NJ,8401,2/1/2026,2/28/2026,0.5182,956.64,0,227.1,1536.11,1,0,1,0,0,3,2,1,0.3333,0.7418,0.3622,0.94184805,1,Declined,0.5,0.3333
120254,Cornerstone Insurance Services,Business Owners Policy,NJ,8401,3/1/2026,3/31/2026,0.4582,2425.81,0,331.53,1150.89,0,1,1,0,0,3,2,1,0.3333,0.7485,0.3622,0.94184805,1,,0.5,0.3333
120254,Cornerstone Insurance Services,Business Owners Policy,NJ,8401,4/1/2025,4/30/2025,0.4773,4830.74,0,405.84,87.93,1,1,1,0,0,3,2,1,0.3333,0.7385,0.3622,0.94184805,1,Withdrawn,0.5,0.3333
120254,Cornerstone Insurance Services,Business Owners Policy,NJ,8401,5/1/2025,5/31/2025,0.5088,5721.06,0,817.6,2005.62,1,2,1,0,0,3,2,1,0.3333,0.7497,0.3622,0.94184805,1,,0.5,0.3333
120254,Cornerstone Insurance Services,Business Owners Policy,NJ,8401,6/1/2025,6/30/2025,0.4792,2190.04,0,377.65,432.6,1,0,1,0,0,3,2,1,0.3333,0.7717,0.3622,0.94184805,1,,0.5,0.3333
120254,Cornerstone Insurance Services,Business Owners Policy,NJ,8401,7/1/2025,7/31/2025,0.4314,1564.55,0,772.99,1709.55,0,0,2,0,0,5,3,2,0.4,0.7481,0.3622,0.94184805,2,,0.6667,0.4
120254,Cornerstone Insurance Services,Business Owners Policy,NJ,8401,8/1/2025,8/31/2025,0.5488,2858.28,0,341.72,1922.85,0,0,0,0,0,3,2,1,0.3333,0.737,0.3622,0.94184805,1,,0.5,0.3333
120254,Cornerstone Insurance Services,Business Owners Policy,NJ,8401,9/1/2025,9/30/2025,0.5008,2029.43,0,439.24,4670.42,1,1,0,0,0,3,2,1,0.3333,0.7671,0.3622,0.94184805,1,,0.5,0.3333
120255,Guardian Brokerage,Workers Comp,NJ,7601,1/1/2026,1/31/2026,0.4873,3961.22,0,158.22,6944.97,0,0,1,0,0,3,2,1,0.3333,0.8756,0.3454,0.968699414,1,,0.5,0.3333
120255,Guardian Brokerage,Workers Comp,NJ,7601,10/1/2025,10/31/2025,0.4723,5531.08,0,948.35,1691.06,2,1,1,1,0,3,2,1,0.3333,0.8732,0.3454,0.968699414,1,,0.5,0.3333
120255,Guardian Brokerage,Workers Comp,NJ,7601,11/1/2025,11/30/2025,0.4658,4513.76,0,509.43,4273.79,0,2,1,0,0,4,3,1,0.25,0.8849,0.3454,0.968699414,1,Withdrawn,0.3333,0.25
120255,Guardian Brokerage,Workers Comp,NJ,7601,12/1/2025,12/31/2025,0.5883,3512.9,0,684.63,3094.28,1,2,2,1,0,3,2,1,0.3333,0.8707,0.3454,0.968699414,1,Withdrawn,0.5,0.3333
120255,Guardian Brokerage,Workers Comp,NJ,7601,2/1/2026,2/28/2026,0.476,5902.17,0,790.17,1169.77,1,0,2,0,0,4,3,2,0.5,0.855,0.3454,0.968699414,1,Withdrawn,0.6667,0.5
120255,Guardian Brokerage,Workers Comp,NJ,7601,3/1/2026,3/31/2026,0.5212,5249.84,0,355.23,4075.86,1,0,1,1,0,5,2,1,0.2,0.8759,0.3454,0.968699414,3,,0.5,0.2
120255,Guardian Brokerage,Workers Comp,NJ,7601,4/1/2025,4/30/2025,0.4946,981.77,0,221.31,7126.43,2,2,1,0,0,7,6,4,0.5714,0.8934,0.3454,0.968699414,1,Declined,0.6667,0.5714
120255,Guardian Brokerage,Workers Comp,NJ,7601,5/1/2025,5/31/2025,0.5123,1996.67,0,198.6,308.79,2,2,1,1,0,10,8,2,0.2,0.8854,0.3454,0.968699414,2,,0.25,0.2
120255,Guardian Brokerage,Workers Comp,NJ,7601,6/1/2025,6/30/2025,0.5376,755.82,0,401.74,2702.55,2,0,0,0,0,3,2,1,0.3333,0.8796,0.3454,0.968699414,1,Declined,0.5,0.3333
120255,Guardian Brokerage,Workers Comp,NJ,7601,7/1/2025,7/31/2025,0.4642,2979.33,0,254.78,1574.07,0,0,1,0,0,3,2,1,0.3333,0.8683,0.3454,0.968699414,1,,0.5,0.3333
120255,Guardian Brokerage,Workers Comp,NJ,7601,8/1/2025,8/31/2025,0.5218,5523.12,0,405.5,1163.56,0,1,2,0,0,4,2,1,0.25,0.885,0.3454,0.968699414,2,,0.5,0.25
120255,Guardian Brokerage,Workers Comp,NJ,7601,9/1/2025,9/30/2025,0.5316,774.37,0,328.34,6740.44,4,0,2,0,0,3,2,1,0.3333,0.8648,0.3454,0.968699414,1,,0.5,0.3333
120256,Heritage Risk Advisors,Commercial Auto,PA,19103,1/1/2026,1/31/2026,0.7481,2072.56,0,193.66,553.26,2,0,1,0,0,3,2,1,0.3333,0.766,0.3108,0.951423232,1,,0.5,0.3333
120256,Heritage Risk Advisors,Commercial Auto,PA,19103,10/1/2025,10/31/2025,0.7564,7810.43,0,243.99,3820.39,0,1,0,0,0,3,2,1,0.3333,0.7869,0.3108,0.951423232,1,Withdrawn,0.5,0.3333
120256,Heritage Risk Advisors,Commercial Auto,PA,19103,11/1/2025,11/30/2025,0.7864,5158.22,0,91.27,2354.96,0,1,0,0,0,4,3,2,0.5,0.7563,0.3108,0.951423232,1,,0.6667,0.5
120256,Heritage Risk Advisors,Commercial Auto,PA,19103,12/1/2025,12/31/2025,0.7687,3610.13,0,465.43,1343.51,0,0,1,1,0,3,2,1,0.3333,0.7822,0.3108,0.951423232,1,Withdrawn,0.5,0.3333
120256,Heritage Risk Advisors,Commercial Auto,PA,19103,2/1/2026,2/28/2026,0.7407,2372.94,0,413.12,3864.58,0,0,2,0,0,3,2,1,0.3333,0.7741,0.3108,0.951423232,1,,0.5,0.3333
120256,Heritage Risk Advisors,Commercial Auto,PA,19103,3/1/2026,3/31/2026,0.7225,1699.79,0,207.5,5133.36,1,1,0,0,0,4,2,1,0.25,0.7811,0.3108,0.951423232,2,Declined,0.5,0.25
120256,Heritage Risk Advisors,Commercial Auto,PA,19103,4/1/2025,4/30/2025,0.7652,2361.11,0,878.01,2459.15,1,1,1,0,0,3,2,1,0.3333,0.7683,0.3108,0.951423232,1,Withdrawn,0.5,0.3333
120256,Heritage Risk Advisors,Commercial Auto,PA,19103,5/1/2025,5/31/2025,0.776,1584.65,0,208.96,2140.36,1,0,1,0,0,3,2,1,0.3333,0.7744,0.3108,0.951423232,1,Withdrawn,0.5,0.3333
120256,Heritage Risk Advisors,Commercial Auto,PA,19103,6/1/2025,6/30/2025,0.7539,1136.29,0,190.93,3905.56,0,1,1,0,0,4,3,2,0.5,0.7652,0.3108,0.951423232,1,,0.6667,0.5
120256,Heritage Risk Advisors,Commercial Auto,PA,19103,7/1/2025,7/31/2025,0.7523,1573.38,0,204.52,3934.58,2,0,1,1,0,3,2,1,0.3333,0.772,0.3108,0.951423232,1,Withdrawn,0.5,0.3333
120256,Heritage Risk Advisors,Commercial Auto,PA,19103,8/1/2025,8/31/2025,0.7793,3660.49,0,351.63,3812.52,0,1,0,0,0,4,3,2,0.5,0.7664,0.3108,0.951423232,1,,0.6667,0.5
120256,Heritage Risk Advisors,Commercial Auto,PA,19103,9/1/2025,9/30/2025,0.7408,1438.85,0,123.7,1156.61,1,0,0,0,0,9,5,3,0.3333,0.7742,0.3108,0.951423232,4,,0.6,0.3333
120257,Landmark & Associates,Business Owners Policy,PA,15222,1/1/2026,1/31/2026,0.4893,677.96,19569.88,52.92,254.15,0,0,1,0,0,3,2,1,0.3333,0.7398,0.302,0.838211418,1,,0.5,0.3333
120257,Landmark & Associates,Business Owners Policy,PA,15222,10/1/2025,10/31/2025,0.4422,322.07,5518.08,46.44,241.98,2,0,0,0,0,3,2,1,0.3333,0.757,0.302,0.838211418,1,,0.5,0.3333
120257,Landmark & Associates,Business Owners Policy,PA,15222,11/1/2025,11/30/2025,0.5431,399.92,20635.98,64.93,249.45,2,0,1,0,0,3,2,1,0.3333,0.7269,0.302,0.838211418,1,Withdrawn,0.5,0.3333
120257,Landmark & Associates,Business Owners Policy,PA,15222,12/1/2025,12/31/2025,0.5386,2257.57,4641.16,90.79,585.74,1,1,1,0,0,10,9,7,0.7,0.7378,0.302,0.838211418,1,,0.7778,0.7
120257,Landmark & Associates,Business Owners Policy,PA,15222,2/1/2026,2/28/2026,0.5423,908.42,6825.7,32.63,913.81,0,0,2,0,0,3,2,1,0.3333,0.7324,0.302,0.838211418,1,,0.5,0.3333
120257,Landmark & Associates,Business Owners Policy,PA,15222,3/1/2026,3/31/2026,0.5205,298.91,4136.21,138.06,437.24,0,0,0,1,0,6,5,4,0.6667,0.7456,0.302,0.838211418,1,Withdrawn,0.8,0.6667
120257,Landmark & Associates,Business Owners Policy,PA,15222,4/1/2025,4/30/2025,0.5487,422.96,3894.94,55.81,1949.23,1,0,0,0,0,3,2,1,0.3333,0.7324,0.302,0.838211418,1,Withdrawn,0.5,0.3333
120257,Landmark & Associates,Business Owners Policy,PA,15222,5/1/2025,5/31/2025,0.5415,1973.85,3966.44,94.44,166.2,0,0,0,0,0,3,2,1,0.3333,0.7605,0.302,0.838211418,1,,0.5,0.3333
120257,Landmark & Associates,Business Owners Policy,PA,15222,6/1/2025,6/30/2025,0.4665,959.49,2904.86,38.68,1777.3,1,1,0,0,0,3,2,1,0.3333,0.7544,0.302,0.838211418,1,Withdrawn,0.5,0.3333
120257,Landmark & Associates,Business Owners Policy,PA,15222,7/1/2025,7/31/2025,0.494,1251.44,8199.77,151.28,888.78,1,1,0,0,0,9,7,1,0.1111,0.7244,0.302,0.838211418,2,Withdrawn,0.1429,0.1111
120257,Landmark & Associates,Business Owners Policy,PA,15222,8/1/2025,8/31/2025,0.4834,351.41,10622.6,123.51,629.37,0,1,1,0,0,3,2,1,0.3333,0.7443,0.302,0.838211418,1,Declined,0.5,0.3333
120257,Landmark & Associates,Business Owners Policy,PA,15222,9/1/2025,9/30/2025,0.4797,120.6,4473.28,82.04,773.38,1,1,3,0,0,3,2,1,0.3333,0.7559,0.302,0.838211418,1,,0.5,0.3333
120258,Summit Insurance Agency,Workers Comp,PA,17101,1/1/2026,1/31/2026,0.5097,939.79,0,70.63,345.03,0,0,1,1,0,3,2,1,0.3333,0.8725,0.287,0.835921244,1,Withdrawn,0.5,0.3333
120258,Summit Insurance Agency,Workers Comp,PA,17101,10/1/2025,10/31/2025,0.5254,120.78,0,43.9,1180.47,1,0,0,0,0,3,2,1,0.3333,0.8714,0.287,0.835921244,1,,0.5,0.3333
120258,Summit Insurance Agency,Workers Comp,PA,17101,11/1/2025,11/30/2025,0.6016,1078.02,0,18.7,798.48,3,0,1,1,0,3,2,1,0.3333,0.8679,0.287,0.835921244,1,Withdrawn,0.5,0.3333
120258,Summit Insurance Agency,Workers Comp,PA,17101,12/1/2025,12/31/2025,0.4426,1058.54,0,106.18,418.87,0,0,0,0,0,6,5,3,0.5,0.8653,0.287,0.835921244,1,Withdrawn,0.6,0.5
120258,Summit Insurance Agency,Workers Comp,PA,17101,2/1/2026,2/28/2026,0.4527,1017.38,0,129.72,1119.84,1,0,0,1,0,3,2,1,0.3333,0.877,0.287,0.835921244,1,Declined,0.5,0.3333
120258,Summit Insurance Agency,Workers Comp,PA,17101,3/1/2026,3/31/2026,0.4894,641.41,0,108.29,384.13,0,0,0,0,0,3,2,1,0.3333,0.8795,0.287,0.835921244,1,,0.5,0.3333
120258,Summit Insurance Agency,Workers Comp,PA,17101,4/1/2025,4/30/2025,0.5095,1214.63,0,45.28,958.65,1,0,2,0,0,3,2,1,0.3333,0.8695,0.287,0.835921244,1,,0.5,0.3333
120258,Summit Insurance Agency,Workers Comp,PA,17101,5/1/2025,5/31/2025,0.5453,1116.64,0,101.72,1471.38,0,0,1,1,0,4,2,1,0.25,0.8699,0.287,0.835921244,2,Withdrawn,0.5,0.25
120258,Summit Insurance Agency,Workers Comp,PA,17101,6/1/2025,6/30/2025,0.4404,187.49,0,7.66,198.24,1,1,1,0,0,6,3,1,0.1667,0.8858,0.287,0.835921244,3,,0.3333,0.1667
120258,Summit Insurance Agency,Workers Comp,PA,17101,7/1/2025,7/31/2025,0.454,1102.48,0,17.1,483.02,1,1,1,1,0,3,2,1,0.3333,0.8706,0.287,0.835921244,1,,0.5,0.3333
120258,Summit Insurance Agency,Workers Comp,PA,17101,8/1/2025,8/31/2025,0.5207,669.73,0,16.22,354.3,0,0,1,0,0,5,3,2,0.4,0.8767,0.287,0.835921244,2,,0.6667,0.4
120258,Summit Insurance Agency,Workers Comp,PA,17101,9/1/2025,9/30/2025,0.5822,550.7,0,115.37,1326.94,1,0,1,0,0,3,2,1,0.3333,0.8785,0.287,0.835921244,1,Withdrawn,0.5,0.3333
120259,Crestview Agency Group,Commercial Auto,PA,18501,1/1/2026,1/31/2026,0.7463,469.98,0,318.08,925.5,0,0,0,0,0,3,2,1,0.3333,0.7701,0.3569,0.873559207,1,Declined,0.5,0.3333
120259,Crestview Agency Group,Commercial Auto,PA,18501,10/1/2025,10/31/2025,0.7396,1883.98,0,165.75,912.65,1,1,0,0,0,6,5,4,0.6667,0.7865,0.3569,0.873559207,1,,0.8,0.6667
120259,Crestview Agency Group,Commercial Auto,PA,18501,11/1/2025,11/30/2025,0.7391,585.33,0,101.59,488.02,1,1,1,0,0,6,4,1,0.1667,0.7706,0.3569,0.873559207,2,,0.25,0.1667
120259,Crestview Agency Group,Commercial Auto,PA,18501,12/1/2025,12/31/2025,0.7624,2082.07,0,157.03,352.89,1,0,0,0,0,3,2,1,0.3333,0.7717,0.3569,0.873559207,1,,0.5,0.3333
120259,Crestview Agency Group,Commercial Auto,PA,18501,2/1/2026,2/28/2026,0.7306,673.01,0,316.74,2663.64,1,1,2,0,0,3,2,1,0.3333,0.7839,0.3569,0.873559207,1,Declined,0.5,0.3333
120259,Crestview Agency Group,Commercial Auto,PA,18501,3/1/2026,3/31/2026,0.7243,501.09,0,265.24,248.76,0,1,1,1,0,3,2,1,0.3333,0.7708,0.3569,0.873559207,1,Withdrawn,0.5,0.3333
120259,Crestview Agency Group,Commercial Auto,PA,18501,4/1/2025,4/30/2025,0.7446,2654.13,0,131.43,2148.8,1,0,1,0,0,4,2,1,0.25,0.7941,0.3569,0.873559207,2,,0.5,0.25
120259,Crestview Agency Group,Commercial Auto,PA,18501,5/1/2025,5/31/2025,0.7603,1021.31,0,167.49,610.99,1,1,0,0,0,3,2,1,0.3333,0.779,0.3569,0.873559207,1,Withdrawn,0.5,0.3333
120259,Crestview Agency Group,Commercial Auto,PA,18501,6/1/2025,6/30/2025,0.7771,98.45,0,97.33,2318.12,1,2,1,0,0,3,2,1,0.3333,0.7642,0.3569,0.873559207,1,Withdrawn,0.5,0.3333
120259,Crestview Agency Group,Commercial Auto,PA,18501,7/1/2025,7/31/2025,0.7605,2807.46,0,55.29,933.5,0,0,1,0,0,3,2,1,0.3333,0.7817,0.3569,0.873559207,1,,0.5,0.3333
120259,Crestview Agency Group,Commercial Auto,PA,18501,8/1/2025,8/31/2025,0.7456,621.66,0,114.82,1676.47,0,0,0,0,0,4,3,2,0.5,0.7875,0.3569,0.873559207,1,,0.6667,0.5
120259,Crestview Agency Group,Commercial Auto,PA,18501,9/1/2025,9/30/2025,0.7456,1263.2,0,76.59,1382.33,1,0,1,0,0,3,2,1,0.3333,0.7655,0.3569,0.873559207,1,,0.5,0.3333
120260,Crestview Insurance Agency,Business Owners Policy,NY,10001,1/1/2026,1/31/2026,0.4739,1183.4,1719.47,351.9,1590.46,1,0,1,1,0,6,5,3,0.5,0.7242,0.334,0.955878334,1,,0.6,0.5
120260,Crestview Insurance Agency,Business Owners Policy,NY,10001,10/1/2025,10/31/2025,0.5317,3333.71,822.67,230.78,3605.12,1,2,2,1,0,5,4,3,0.6,0.7421,0.334,0.955878334,1,Declined,0.75,0.6
120260,Crestview Insurance Agency,Business Owners Policy,NY,10001,11/1/2025,11/30/2025,0.4687,655.53,1537.52,710.44,2471.39,1,1,2,0,0,5,4,3,0.6,0.7634,0.334,0.955878334,1,Withdrawn,0.75,0.6
120260,Crestview Insurance Agency,Business Owners Policy,NY,10001,12/1/2025,12/31/2025,0.5283,1746,2289.94,111.37,2011.52,2,2,0,0,0,3,2,1,0.3333,0.7561,0.334,0.955878334,1,Declined,0.5,0.3333
120260,Crestview Insurance Agency,Business Owners Policy,NY,10001,2/1/2026,2/28/2026,0.4891,795.78,1835.93,125.54,7054.64,0,2,0,1,0,3,2,1,0.3333,0.7514,0.334,0.955878334,1,,0.5,0.3333
120260,Crestview Insurance Agency,Business Owners Policy,NY,10001,3/1/2026,3/31/2026,0.4907,1703.82,756.6,870.66,1981.38,2,1,0,0,0,5,3,2,0.4,0.7535,0.334,0.955878334,2,Withdrawn,0.6667,0.4
120260,Crestview Insurance Agency,Business Owners Policy,NY,10001,4/1/2025,4/30/2025,0.5494,5657.63,807.27,87.93,1086.91,3,1,0,0,0,6,5,2,0.3333,0.7503,0.334,0.955878334,1,Withdrawn,0.4,0.3333
120260,Crestview Insurance Agency,Business Owners Policy,NY,10001,5/1/2025,5/31/2025,0.5396,2095.77,166.67,952.03,2336.31,1,1,2,1,0,3,2,1,0.3333,0.7257,0.334,0.955878334,1,,0.5,0.3333
120260,Crestview Insurance Agency,Business Owners Policy,NY,10001,6/1/2025,6/30/2025,0.4864,6126.98,906.44,39.48,4532.78,1,1,2,0,0,10,9,3,0.3,0.761,0.334,0.955878334,1,,0.3333,0.3
120260,Crestview Insurance Agency,Business Owners Policy,NY,10001,7/1/2025,7/31/2025,0.5012,2095.57,424.9,274.56,2041.28,2,1,4,0,0,4,3,2,0.5,0.7449,0.334,0.955878334,1,Withdrawn,0.6667,0.5
120260,Crestview Insurance Agency,Business Owners Policy,NY,10001,8/1/2025,8/31/2025,0.4809,3978.95,758.46,121.84,1927.12,2,0,0,0,0,4,3,1,0.25,0.7531,0.334,0.955878334,1,Declined,0.3333,0.25
120260,Crestview Insurance Agency,Business Owners Policy,NY,10001,9/1/2025,9/30/2025,0.5149,6834.54,968.79,402.75,5568.77,0,0,3,0,0,3,2,1,0.3333,0.7433,0.334,0.955878334,1,Withdrawn,0.5,0.3333
120261,Meridian Risk Advisors,Workers Comp,NY,11201,1/1/2026,1/31/2026,0.4337,1384.89,97.16,465.2,1347.98,1,1,1,1,0,3,2,1,0.3333,0.8695,0.344,0.932511428,1,Declined,0.5,0.3333
120261,Meridian Risk Advisors,Workers Comp,NY,11201,10/1/2025,10/31/2025,0.4827,579.27,523.17,48.32,1341.92,1,0,0,0,0,3,2,1,0.3333,0.8712,0.344,0.932511428,1,Withdrawn,0.5,0.3333
120261,Meridian Risk Advisors,Workers Comp,NY,11201,11/1/2025,11/30/2025,0.4325,7224.95,122.16,40.73,2457.03,0,0,1,0,0,4,3,2,0.5,0.8622,0.344,0.932511428,1,Withdrawn,0.6667,0.5
120261,Meridian Risk Advisors,Workers Comp,NY,11201,12/1/2025,12/31/2025,0.5473,4144.55,37.44,38.06,1233.36,0,1,1,0,0,5,3,2,0.4,0.872,0.344,0.932511428,2,Withdrawn,0.6667,0.4
120261,Meridian Risk Advisors,Workers Comp,NY,11201,2/1/2026,2/28/2026,0.4475,1152.98,223.56,98.92,508.4,0,0,0,0,0,5,3,2,0.4,0.8825,0.344,0.932511428,2,,0.6667,0.4
120261,Meridian Risk Advisors,Workers Comp,NY,11201,3/1/2026,3/31/2026,0.5328,309.43,282.01,442.32,901.39,1,0,2,0,0,3,2,1,0.3333,0.8755,0.344,0.932511428,1,,0.5,0.3333
120261,Meridian Risk Advisors,Workers Comp,NY,11201,4/1/2025,4/30/2025,0.5432,1383.77,373.17,534.52,2423.44,1,0,0,0,0,5,4,2,0.4,0.8712,0.344,0.932511428,1,Withdrawn,0.5,0.4
120261,Meridian Risk Advisors,Workers Comp,NY,11201,5/1/2025,5/31/2025,0.5156,4149.38,235.67,82.48,2965.48,0,0,1,0,0,3,2,1,0.3333,0.8729,0.344,0.932511428,1,,0.5,0.3333
120261,Meridian Risk Advisors,Workers Comp,NY,11201,6/1/2025,6/30/2025,0.4864,1617,525.44,753.68,2832.34,1,0,0,0,0,3,2,1,0.3333,0.8616,0.344,0.932511428,1,,0.5,0.3333
120261,Meridian Risk Advisors,Workers Comp,NY,11201,7/1/2025,7/31/2025,0.4113,2816.55,471,418.54,2106.98,2,1,0,1,0,4,2,1,0.25,0.8647,0.344,0.932511428,2,Declined,0.5,0.25
120261,Meridian Risk Advisors,Workers Comp,NY,11201,8/1/2025,8/31/2025,0.5185,1873.76,256.4,482.42,9221.8,0,2,0,0,0,5,4,3,0.6,0.8731,0.344,0.932511428,1,,0.75,0.6
120261,Meridian Risk Advisors,Workers Comp,NY,11201,9/1/2025,9/30/2025,0.4961,1376.16,480.75,93.81,672.57,0,0,1,0,0,3,2,1,0.3333,0.875,0.344,0.932511428,1,Declined,0.5,0.3333
120262,Highmark Risk Advisors,Commercial Auto,NY,10301,1/1/2026,1/31/2026,0.7632,5702.79,0,441.78,2666.28,1,0,1,0,0,3,2,1,0.3333,0.7768,0.3559,0.922342963,1,Declined,0.5,0.3333
120262,Highmark Risk Advisors,Commercial Auto,NY,10301,10/1/2025,10/31/2025,0.7647,1603.65,0,263.66,2745.24,3,1,1,0,0,3,2,1,0.3333,0.7738,0.3559,0.922342963,1,,0.5,0.3333
120262,Highmark Risk Advisors,Commercial Auto,NY,10301,11/1/2025,11/30/2025,0.7302,3642.26,0,65.73,857.42,0,1,1,0,0,3,2,1,0.3333,0.7691,0.3559,0.922342963,1,Declined,0.5,0.3333
120262,Highmark Risk Advisors,Commercial Auto,NY,10301,12/1/2025,12/31/2025,0.77,3248.37,0,313.03,1520.01,1,0,0,0,0,4,3,1,0.25,0.7804,0.3559,0.922342963,1,Withdrawn,0.3333,0.25
120262,Highmark Risk Advisors,Commercial Auto,NY,10301,2/1/2026,2/28/2026,0.73,1171.23,0,61.11,1603.24,2,0,0,0,0,4,3,1,0.25,0.7829,0.3559,0.922342963,1,Declined,0.3333,0.25
120262,Highmark Risk Advisors,Commercial Auto,NY,10301,3/1/2026,3/31/2026,0.7627,1900.11,0,340.4,1701.05,1,0,3,0,0,6,5,3,0.5,0.7855,0.3559,0.922342963,1,,0.6,0.5
120262,Highmark Risk Advisors,Commercial Auto,NY,10301,4/1/2025,4/30/2025,0.7445,2641.11,0,387.21,3113.9,1,1,1,0,0,3,2,1,0.3333,0.7851,0.3559,0.922342963,1,Withdrawn,0.5,0.3333
120262,Highmark Risk Advisors,Commercial Auto,NY,10301,5/1/2025,5/31/2025,0.7547,1355.86,0,488.67,779.6,1,1,1,1,0,3,2,1,0.3333,0.7861,0.3559,0.922342963,1,,0.5,0.3333
120262,Highmark Risk Advisors,Commercial Auto,NY,10301,6/1/2025,6/30/2025,0.7669,628.98,0,184.03,1353.5,0,2,1,0,0,3,2,1,0.3333,0.7698,0.3559,0.922342963,1,,0.5,0.3333
120262,Highmark Risk Advisors,Commercial Auto,NY,10301,7/1/2025,7/31/2025,0.7521,2189.29,0,443.79,4488.3,1,1,2,1,0,4,3,1,0.25,0.7769,0.3559,0.922342963,1,,0.3333,0.25
120262,Highmark Risk Advisors,Commercial Auto,NY,10301,8/1/2025,8/31/2025,0.7632,590.51,0,56.76,1939.87,1,1,0,1,0,3,2,1,0.3333,0.7807,0.3559,0.922342963,1,Withdrawn,0.5,0.3333
120262,Highmark Risk Advisors,Commercial Auto,NY,10301,9/1/2025,9/30/2025,0.7689,378.69,0,302.51,1669.67,0,0,1,0,0,3,2,1,0.3333,0.7723,0.3559,0.922342963,1,,0.5,0.3333
120263,Heritage Risk Consultants,Business Owners Policy,NY,14201,1/1/2026,1/31/2026,0.5365,1664.52,436.72,517.26,3930.47,1,1,1,0,0,3,2,1,0.3333,0.7435,0.3508,0.919962397,1,Withdrawn,0.5,0.3333
120263,Heritage Risk Consultants,Business Owners Policy,NY,14201,10/1/2025,10/31/2025,0.4687,2986.55,1560.12,577.45,1067.23,2,1,1,0,0,3,2,1,0.3333,0.7404,0.3508,0.919962397,1,,0.5,0.3333
120263,Heritage Risk Consultants,Business Owners Policy,NY,14201,11/1/2025,11/30/2025,0.4377,3853.7,359.36,161.73,3797.34,1,0,1,0,0,3,2,1,0.3333,0.7647,0.3508,0.919962397,1,,0.5,0.3333
120263,Heritage Risk Consultants,Business Owners Policy,NY,14201,12/1/2025,12/31/2025,0.5164,1447.87,397.6,179.38,1148.4,1,0,1,1,0,3,2,1,0.3333,0.7357,0.3508,0.919962397,1,Withdrawn,0.5,0.3333
120263,Heritage Risk Consultants,Business Owners Policy,NY,14201,2/1/2026,2/28/2026,0.5006,2207.3,34.02,119.23,1572.44,1,0,1,0,1,3,2,1,0.3333,0.7438,0.3508,0.919962397,1,Declined,0.5,0.3333
120263,Heritage Risk Consultants,Business Owners Policy,NY,14201,3/1/2026,3/31/2026,0.5616,4101.91,111.27,18.85,2327.89,1,1,1,0,0,7,3,2,0.2857,0.7399,0.3508,0.919962397,4,Withdrawn,0.6667,0.2857
120263,Heritage Risk Consultants,Business Owners Policy,NY,14201,4/1/2025,4/30/2025,0.5029,1043.21,651.16,215.24,2194.78,1,1,1,0,0,3,2,1,0.3333,0.7343,0.3508,0.919962397,1,,0.5,0.3333
120263,Heritage Risk Consultants,Business Owners Policy,NY,14201,5/1/2025,5/31/2025,0.5081,753.37,524.51,595.29,1206.13,1,1,0,0,0,3,2,1,0.3333,0.7649,0.3508,0.919962397,1,,0.5,0.3333
120263,Heritage Risk Consultants,Business Owners Policy,NY,14201,6/1/2025,6/30/2025,0.4813,828.01,382.15,132.79,1824.36,0,1,1,0,0,6,5,3,0.5,0.7404,0.3508,0.919962397,1,,0.6,0.5
120263,Heritage Risk Consultants,Business Owners Policy,NY,14201,7/1/2025,7/31/2025,0.5459,1667.66,125.94,150.09,1780.01,0,0,2,0,0,6,5,4,0.6667,0.7641,0.3508,0.919962397,1,,0.8,0.6667
120263,Heritage Risk Consultants,Business Owners Policy,NY,14201,8/1/2025,8/31/2025,0.5195,1189.47,237.32,251.61,1468.17,2,0,0,0,0,3,2,1,0.3333,0.734,0.3508,0.919962397,1,Withdrawn,0.5,0.3333
120263,Heritage Risk Consultants,Business Owners Policy,NY,14201,9/1/2025,9/30/2025,0.5178,2662.8,143.78,257.98,1479.67,1,1,2,1,0,3,2,1,0.3333,0.7682,0.3508,0.919962397,1,Withdrawn,0.5,0.3333
120264,Horizon Insurance Partners,Workers Comp,NJ,7030,1/1/2026,1/31/2026,0.5039,1393.95,241.05,328.86,729.98,1,0,1,0,0,3,2,1,0.3333,0.8636,0.3287,0.913666996,1,Withdrawn,0.5,0.3333
120264,Horizon Insurance Partners,Workers Comp,NJ,7030,10/1/2025,10/31/2025,0.5113,1946.38,298.3,33.4,2326.47,1,0,0,1,0,5,4,3,0.6,0.8706,0.3287,0.913666996,1,,0.75,0.6
120264,Horizon Insurance Partners,Workers Comp,NJ,7030,11/1/2025,11/30/2025,0.4601,2330.21,278.79,102.26,160.31,1,0,2,0,0,4,2,1,0.25,0.8772,0.3287,0.913666996,2,,0.5,0.25
120264,Horizon Insurance Partners,Workers Comp,NJ,7030,12/1/2025,12/31/2025,0.5358,3174.08,445.48,222.64,394.18,0,1,0,1,0,3,2,1,0.3333,0.8635,0.3287,0.913666996,1,,0.5,0.3333
120264,Horizon Insurance Partners,Workers Comp,NJ,7030,2/1/2026,2/28/2026,0.4554,993.27,189.02,77.96,368.58,1,1,1,0,0,3,2,1,0.3333,0.8759,0.3287,0.913666996,1,Declined,0.5,0.3333
120264,Horizon Insurance Partners,Workers Comp,NJ,7030,3/1/2026,3/31/2026,0.5012,1393.21,192.53,534.15,1851.55,0,0,0,0,0,5,4,3,0.6,0.8697,0.3287,0.913666996,1,Withdrawn,0.75,0.6
120264,Horizon Insurance Partners,Workers Comp,NJ,7030,4/1/2025,4/30/2025,0.5588,5216.39,684.5,127.58,1615.37,0,0,1,0,0,5,4,2,0.4,0.8521,0.3287,0.913666996,1,Withdrawn,0.5,0.4
120264,Horizon Insurance Partners,Workers Comp,NJ,7030,5/1/2025,5/31/2025,0.5347,897.59,83.82,510.2,4449.77,1,1,2,1,0,3,2,1,0.3333,0.8678,0.3287,0.913666996,1,Withdrawn,0.5,0.3333
120264,Horizon Insurance Partners,Workers Comp,NJ,7030,6/1/2025,6/30/2025,0.4767,2659.92,1422.89,146.44,2602.21,1,0,1,1,0,4,3,2,0.5,0.874,0.3287,0.913666996,1,,0.6667,0.5
120264,Horizon Insurance Partners,Workers Comp,NJ,7030,7/1/2025,7/31/2025,0.4879,760.34,637.18,256.5,3412.7,1,0,0,0,0,3,2,1,0.3333,0.8688,0.3287,0.913666996,1,,0.5,0.3333
120264,Horizon Insurance Partners,Workers Comp,NJ,7030,8/1/2025,8/31/2025,0.4907,264.58,406.67,108.99,1583.47,0,1,0,0,0,3,2,1,0.3333,0.8742,0.3287,0.913666996,1,Withdrawn,0.5,0.3333
120264,Horizon Insurance Partners,Workers Comp,NJ,7030,9/1/2025,9/30/2025,0.5065,1746.09,301.69,145.57,3281.42,1,0,0,0,0,3,2,1,0.3333,0.8787,0.3287,0.913666996,1,Withdrawn,0.5,0.3333
120265,Gateway Insurance Co.,Commercial Auto,NJ,7102,1/1/2026,1/31/2026,0.7742,1336.54,2417.96,387.36,2951.81,0,1,2,0,0,3,2,1,0.3333,0.763,0.3549,0.946418147,1,Declined,0.5,0.3333
120265,Gateway Insurance Co.,Commercial Auto,NJ,7102,10/1/2025,10/31/2025,0.7395,3414.01,773.22,193.54,1593.09,0,1,0,1,0,3,2,1,0.3333,0.783,0.3549,0.946418147,1,Withdrawn,0.5,0.3333
120265,Gateway Insurance Co.,Commercial Auto,NJ,7102,11/1/2025,11/30/2025,0.7804,3986.84,615.03,163.58,877.79,1,1,1,0,0,3,2,1,0.3333,0.782,0.3549,0.946418147,1,Withdrawn,0.5,0.3333
120265,Gateway Insurance Co.,Commercial Auto,NJ,7102,12/1/2025,12/31/2025,0.7578,5024.97,1385.8,84.91,513.27,2,1,1,0,0,4,2,1,0.25,0.7774,0.3549,0.946418147,2,,0.5,0.25
120265,Gateway Insurance Co.,Commercial Auto,NJ,7102,2/1/2026,2/28/2026,0.7704,1280.14,1756.33,120.82,6614.82,1,1,1,0,0,6,3,2,0.3333,0.7708,0.3549,0.946418147,3,,0.6667,0.3333
120265,Gateway Insurance Co.,Commercial Auto,NJ,7102,3/1/2026,3/31/2026,0.771,988.65,1009.24,267.49,3340.47,1,0,1,0,0,3,2,1,0.3333,0.7802,0.3549,0.946418147,1,Declined,0.5,0.3333
120265,Gateway Insurance Co.,Commercial Auto,NJ,7102,4/1/2025,4/30/2025,0.7766,1294.71,1107.56,121.29,4817.02,1,0,1,1,0,5,4,3,0.6,0.7634,0.3549,0.946418147,1,,0.75,0.6
120265,Gateway Insurance Co.,Commercial Auto,NJ,7102,5/1/2025,5/31/2025,0.7581,2802.04,842.64,217.91,373.98,0,0,0,1,0,3,2,1,0.3333,0.7881,0.3549,0.946418147,1,,0.5,0.3333
120265,Gateway Insurance Co.,Commercial Auto,NJ,7102,6/1/2025,6/30/2025,0.7658,4592.78,281.69,296.29,459.77,1,0,0,0,0,3,2,1,0.3333,0.7732,0.3549,0.946418147,1,Withdrawn,0.5,0.3333
120265,Gateway Insurance Co.,Commercial Auto,NJ,7102,7/1/2025,7/31/2025,0.7545,1968.27,666.87,849.15,3163.56,0,0,0,1,0,3,2,1,0.3333,0.7694,0.3549,0.946418147,1,Withdrawn,0.5,0.3333
120265,Gateway Insurance Co.,Commercial Auto,NJ,7102,8/1/2025,8/31/2025,0.7835,3987.88,789.01,1206.04,4051.65,2,0,2,0,0,3,2,1,0.3333,0.7793,0.3549,0.946418147,1,Withdrawn,0.5,0.3333
120265,Gateway Insurance Co.,Commercial Auto,NJ,7102,9/1/2025,9/30/2025,0.77,1958.01,1544.53,444.55,3599.33,1,0,1,0,0,3,2,1,0.3333,0.765,0.3549,0.946418147,1,Declined,0.5,0.3333
120266,Summit Insurance Agency,Business Owners Policy,NJ,8401,1/1/2026,1/31/2026,0.4649,1506.47,423.45,284.73,485.61,1,0,0,0,0,4,2,1,0.25,0.7471,0.3517,0.920924644,2,Withdrawn,0.5,0.25
120266,Summit Insurance Agency,Business Owners Policy,NJ,8401,10/1/2025,10/31/2025,0.5334,717.75,252.9,169.89,1479.84,0,1,1,0,0,3,2,1,0.3333,0.7262,0.3517,0.920924644,1,,0.5,0.3333
120266,Summit Insurance Agency,Business Owners Policy,NJ,8401,11/1/2025,11/30/2025,0.4646,3764.4,1885.83,272.63,1865.15,1,0,0,0,0,4,3,2,0.5,0.7628,0.3517,0.920924644,1,Declined,0.6667,0.5
120266,Summit Insurance Agency,Business Owners Policy,NJ,8401,12/1/2025,12/31/2025,0.4535,1976.55,279.72,655.19,1317.92,0,0,1,0,0,4,2,1,0.25,0.7526,0.3517,0.920924644,2,,0.5,0.25
120266,Summit Insurance Agency,Business Owners Policy,NJ,8401,2/1/2026,2/28/2026,0.5477,772.05,640.37,208.26,2222.26,0,0,1,1,1,3,2,1,0.3333,0.7361,0.3517,0.920924644,1,Withdrawn,0.5,0.3333
120266,Summit Insurance Agency,Business Owners Policy,NJ,8401,3/1/2026,3/31/2026,0.5208,2182.65,102.03,295.83,2030.18,1,0,1,1,0,4,3,2,0.5,0.7443,0.3517,0.920924644,1,Withdrawn,0.6667,0.5
120266,Summit Insurance Agency,Business Owners Policy,NJ,8401,4/1/2025,4/30/2025,0.4769,4669.18,353.07,287.14,1295.84,1,1,2,0,0,6,5,4,0.6667,0.7487,0.3517,0.920924644,1,,0.8,0.6667
120266,Summit Insurance Agency,Business Owners Policy,NJ,8401,5/1/2025,5/31/2025,0.4473,1360.57,939.77,94.46,5027.03,0,1,1,1,0,3,2,1,0.3333,0.7702,0.3517,0.920924644,1,Declined,0.5,0.3333
120266,Summit Insurance Agency,Business Owners Policy,NJ,8401,6/1/2025,6/30/2025,0.4684,1224.3,2851.62,113.64,1068.18,2,0,1,0,0,3,2,1,0.3333,0.7295,0.3517,0.920924644,1,Withdrawn,0.5,0.3333
120266,Summit Insurance Agency,Business Owners Policy,NJ,8401,7/1/2025,7/31/2025,0.4972,2604.07,3382.55,223.39,2239.9,2,0,1,0,0,4,3,1,0.25,0.7222,0.3517,0.920924644,1,,0.3333,0.25
120266,Summit Insurance Agency,Business Owners Policy,NJ,8401,8/1/2025,8/31/2025,0.4917,3144.36,855.84,344.09,1406.81,0,0,1,0,0,3,2,1,0.3333,0.7647,0.3517,0.920924644,1,,0.5,0.3333
120266,Summit Insurance Agency,Business Owners Policy,NJ,8401,9/1/2025,9/30/2025,0.4893,743.3,650.86,275.33,2759.56,2,1,0,0,0,3,2,1,0.3333,0.7651,0.3517,0.920924644,1,Withdrawn,0.5,0.3333
120267,Prestige Risk Solutions,Workers Comp,NJ,7601,1/1/2026,1/31/2026,0.45,4666.05,2761.7,316.38,3202.41,2,2,1,1,0,8,6,2,0.25,0.8805,0.2771,1,2,Declined,0.3333,0.25
120267,Prestige Risk Solutions,Workers Comp,NJ,7601,10/1/2025,10/31/2025,0.5014,4431.64,2310.37,157.51,608.02,0,1,0,0,0,3,2,1,0.3333,0.8719,0.2771,1,1,,0.5,0.3333
120267,Prestige Risk Solutions,Workers Comp,NJ,7601,11/1/2025,11/30/2025,0.5764,8377.83,55.97,400.94,2045.57,1,0,2,0,0,3,2,1,0.3333,0.8758,0.2771,1,1,Declined,0.5,0.3333
120267,Prestige Risk Solutions,Workers Comp,NJ,7601,12/1/2025,12/31/2025,0.4445,2657.18,519.68,142.85,2358,2,1,2,1,0,3,2,1,0.3333,0.8857,0.2771,1,1,,0.5,0.3333
120267,Prestige Risk Solutions,Workers Comp,NJ,7601,2/1/2026,2/28/2026,0.4613,2287.27,525.12,391.52,2238.97,2,1,2,0,0,3,2,1,0.3333,0.8832,0.2771,1,1,Withdrawn,0.5,0.3333
120267,Prestige Risk Solutions,Workers Comp,NJ,7601,3/1/2026,3/31/2026,0.4746,5135.54,1990.69,334.55,5443.16,0,0,0,0,0,10,4,3,0.3,0.8704,0.2771,1,6,,0.75,0.3
120267,Prestige Risk Solutions,Workers Comp,NJ,7601,4/1/2025,4/30/2025,0.5136,6495.23,413.67,128.92,1246.56,0,1,1,0,0,3,2,1,0.3333,0.8771,0.2771,1,1,,0.5,0.3333
120267,Prestige Risk Solutions,Workers Comp,NJ,7601,5/1/2025,5/31/2025,0.5374,3853.96,747.26,118.62,2591.92,2,1,2,0,0,3,2,1,0.3333,0.8687,0.2771,1,1,Withdrawn,0.5,0.3333
120267,Prestige Risk Solutions,Workers Comp,NJ,7601,6/1/2025,6/30/2025,0.4818,1052.11,2298.37,198.32,1276.97,1,0,1,1,0,3,2,1,0.3333,0.8676,0.2771,1,1,Declined,0.5,0.3333
120267,Prestige Risk Solutions,Workers Comp,NJ,7601,7/1/2025,7/31/2025,0.4762,2774.62,192.6,220.24,9351.76,1,1,1,1,0,3,2,1,0.3333,0.8837,0.2771,1,1,Declined,0.5,0.3333
120267,Prestige Risk Solutions,Workers Comp,NJ,7601,8/1/2025,8/31/2025,0.4835,11411.43,203.35,380.66,2873.33,0,0,1,0,0,4,3,2,0.5,0.8892,0.2771,1,1,,0.6667,0.5
120267,Prestige Risk Solutions,Workers Comp,NJ,7601,9/1/2025,9/30/2025,0.4711,5875.8,932.16,988.27,361.41,4,0,2,1,0,9,6,4,0.4444,0.8688,0.2771,1,3,Withdrawn,0.6667,0.4444
120268,Patriot Risk Consultants,Commercial Auto,PA,19103,1/1/2026,1/31/2026,0.7636,386.93,0,170.43,1519.11,0,1,0,0,0,3,2,1,0.3333,0.7903,0.3206,0.885894427,1,Withdrawn,0.5,0.3333
120268,Patriot Risk Consultants,Commercial Auto,PA,19103,10/1/2025,10/31/2025,0.7583,400.06,0,37.85,495.58,1,0,3,0,0,3,2,1,0.3333,0.7789,0.3206,0.885894427,1,Declined,0.5,0.3333
120268,Patriot Risk Consultants,Commercial Auto,PA,19103,11/1/2025,11/30/2025,0.7829,1179.1,0,234.72,372.65,0,1,0,0,0,5,4,3,0.6,0.7731,0.3206,0.885894427,1,,0.75,0.6
120268,Patriot Risk Consultants,Commercial Auto,PA,19103,12/1/2025,12/31/2025,0.7581,1606.18,0,73.44,1733.21,1,1,1,0,0,4,3,2,0.5,0.7835,0.3206,0.885894427,1,Withdrawn,0.6667,0.5
120268,Patriot Risk Consultants,Commercial Auto,PA,19103,2/1/2026,2/28/2026,0.7338,585.54,0,103.62,1430.32,1,0,1,1,0,4,3,2,0.5,0.7847,0.3206,0.885894427,1,,0.6667,0.5
120268,Patriot Risk Consultants,Commercial Auto,PA,19103,3/1/2026,3/31/2026,0.7679,2075.45,0,32.49,1019.26,0,1,0,0,0,7,3,2,0.2857,0.7642,0.3206,0.885894427,4,Declined,0.6667,0.2857
120268,Patriot Risk Consultants,Commercial Auto,PA,19103,4/1/2025,4/30/2025,0.7681,1205.66,0,349.47,824.22,2,0,0,0,0,3,2,1,0.3333,0.7704,0.3206,0.885894427,1,,0.5,0.3333
120268,Patriot Risk Consultants,Commercial Auto,PA,19103,5/1/2025,5/31/2025,0.7678,430.01,0,279.32,692.68,1,0,1,0,0,3,2,1,0.3333,0.7712,0.3206,0.885894427,1,,0.5,0.3333
120268,Patriot Risk Consultants,Commercial Auto,PA,19103,6/1/2025,6/30/2025,0.729,1903.75,0,162.8,1662.26,1,0,1,0,0,3,2,1,0.3333,0.7745,0.3206,0.885894427,1,,0.5,0.3333
120268,Patriot Risk Consultants,Commercial Auto,PA,19103,7/1/2025,7/31/2025,0.7627,2065.42,0,102.6,2399.08,0,0,0,1,0,3,2,1,0.3333,0.7719,0.3206,0.885894427,1,Declined,0.5,0.3333
120268,Patriot Risk Consultants,Commercial Auto,PA,19103,8/1/2025,8/31/2025,0.7595,2303.87,0,76.52,899.06,1,1,1,0,0,3,2,1,0.3333,0.7856,0.3206,0.885894427,1,,0.5,0.3333
120268,Patriot Risk Consultants,Commercial Auto,PA,19103,9/1/2025,9/30/2025,0.7627,2646.72,0,230.22,2918.54,1,0,1,0,0,3,2,1,0.3333,0.7686,0.3206,0.885894427,1,,0.5,0.3333
120269,Patriot Agency Group,Business Owners Policy,PA,15222,1/1/2026,1/31/2026,0.4753,5941.21,4171.56,135.5,3873.45,0,0,0,0,0,3,2,1,0.3333,0.7518,0.3111,0.905299069,1,,0.5,0.3333
120269,Patriot Agency Group,Business Owners Policy,PA,15222,10/1/2025,10/31/2025,0.5138,572.29,674.28,350.82,845.66,0,0,2,0,0,3,2,1,0.3333,0.7226,0.3111,0.905299069,1,Withdrawn,0.5,0.3333
120269,Patriot Agency Group,Business Owners Policy,PA,15222,11/1/2025,11/30/2025,0.5064,1349.41,2272.7,87.31,3652.16,2,2,2,0,0,3,2,1,0.3333,0.7715,0.3111,0.905299069,1,Withdrawn,0.5,0.3333
120269,Patriot Agency Group,Business Owners Policy,PA,15222,12/1/2025,12/31/2025,0.5086,1489.98,1747.92,215.09,209.42,0,2,1,0,0,5,3,1,0.2,0.7461,0.3111,0.905299069,2,Withdrawn,0.3333,0.2
120269,Patriot Agency Group,Business Owners Policy,PA,15222,2/1/2026,2/28/2026,0.4747,718.83,153.39,43.08,1213.08,1,1,1,0,0,3,2,1,0.3333,0.7416,0.3111,0.905299069,1,,0.5,0.3333
120269,Patriot Agency Group,Business Owners Policy,PA,15222,3/1/2026,3/31/2026,0.5296,2033.83,2015.47,33.8,2318.95,0,1,1,0,0,3,2,1,0.3333,0.7462,0.3111,0.905299069,1,,0.5,0.3333
120269,Patriot Agency Group,Business Owners Policy,PA,15222,4/1/2025,4/30/2025,0.4861,1184.64,6938.89,223.3,1278.31,2,1,1,0,0,3,2,1,0.3333,0.7442,0.3111,0.905299069,1,,0.5,0.3333
120269,Patriot Agency Group,Business Owners Policy,PA,15222,5/1/2025,5/31/2025,0.4608,1761.02,2710.19,211.9,1078.4,2,1,0,0,0,3,2,1,0.3333,0.7548,0.3111,0.905299069,1,,0.5,0.3333
120269,Patriot Agency Group,Business Owners Policy,PA,15222,6/1/2025,6/30/2025,0.509,890.18,1933.36,254.69,1035.3,2,0,1,0,0,4,3,1,0.25,0.7363,0.3111,0.905299069,1,Withdrawn,0.3333,0.25
120269,Patriot Agency Group,Business Owners Policy,PA,15222,7/1/2025,7/31/2025,0.5273,882.51,2138.82,158.09,207.17,1,1,0,0,0,3,2,1,0.3333,0.7329,0.3111,0.905299069,1,,0.5,0.3333
120269,Patriot Agency Group,Business Owners Policy,PA,15222,8/1/2025,8/31/2025,0.5038,201.91,147.24,286.6,160.9,0,0,1,0,0,6,4,2,0.3333,0.768,0.3111,0.905299069,2,,0.5,0.3333
120269,Patriot Agency Group,Business Owners Policy,PA,15222,9/1/2025,9/30/2025,0.5647,3750.44,2864.7,153.68,1587.4,1,0,1,0,0,8,4,2,0.25,0.7528,0.3111,0.905299069,4,,0.5,0.25
120270,Bridgepoint Brokerage,Workers Comp,PA,17101,1/1/2026,1/31/2026,0.4925,4600.95,173.32,475.4,4745.08,3,1,2,1,0,3,2,1,0.3333,0.8788,0.2851,0.984171659,1,,0.5,0.3333
120270,Bridgepoint Brokerage,Workers Comp,PA,17101,10/1/2025,10/31/2025,0.4817,3975.76,2583.7,711.92,788.45,5,1,3,1,0,4,2,1,0.25,0.8734,0.2851,0.984171659,2,,0.5,0.25
120270,Bridgepoint Brokerage,Workers Comp,PA,17101,11/1/2025,11/30/2025,0.4819,3644.55,1367.11,432.65,2688.26,1,0,1,0,0,10,9,8,0.8,0.8713,0.2851,0.984171659,1,Declined,0.8889,0.8
120270,Bridgepoint Brokerage,Workers Comp,PA,17101,12/1/2025,12/31/2025,0.4439,2788.45,298.82,238.73,475.66,2,0,0,0,0,3,2,1,0.3333,0.8748,0.2851,0.984171659,1,Withdrawn,0.5,0.3333
120270,Bridgepoint Brokerage,Workers Comp,PA,17101,2/1/2026,2/28/2026,0.4809,3237.59,1048.56,732.51,3589.29,0,1,1,2,0,4,3,2,0.5,0.8639,0.2851,0.984171659,1,Declined,0.6667,0.5
120270,Bridgepoint Brokerage,Workers Comp,PA,17101,3/1/2026,3/31/2026,0.5464,1905.33,136.64,131.77,7167.35,1,0,1,0,0,3,2,1,0.3333,0.8748,0.2851,0.984171659,1,,0.5,0.3333
120270,Bridgepoint Brokerage,Workers Comp,PA,17101,4/1/2025,4/30/2025,0.5037,3466.44,1841.26,231.76,6031.62,0,2,0,0,0,7,6,5,0.7143,0.8696,0.2851,0.984171659,1,Declined,0.8333,0.7143
120270,Bridgepoint Brokerage,Workers Comp,PA,17101,5/1/2025,5/31/2025,0.5459,4183.31,784.3,80.28,2578.78,1,0,2,1,0,3,2,1,0.3333,0.8873,0.2851,0.984171659,1,Withdrawn,0.5,0.3333
120270,Bridgepoint Brokerage,Workers Comp,PA,17101,6/1/2025,6/30/2025,0.4438,2029.33,912.73,161.1,1136.06,1,0,0,1,0,5,4,1,0.2,0.874,0.2851,0.984171659,1,,0.25,0.2
120270,Bridgepoint Brokerage,Workers Comp,PA,17101,7/1/2025,7/31/2025,0.4222,4912.71,601.11,259.61,5744.11,2,1,3,0,0,3,2,1,0.3333,0.8719,0.2851,0.984171659,1,,0.5,0.3333
120270,Bridgepoint Brokerage,Workers Comp,PA,17101,8/1/2025,8/31/2025,0.4228,4877.45,1965.94,189.22,1953.02,0,1,2,0,0,3,2,1,0.3333,0.8758,0.2851,0.984171659,1,,0.5,0.3333
120270,Bridgepoint Brokerage,Workers Comp,PA,17101,9/1/2025,9/30/2025,0.4666,9779.79,548.61,298.6,3991.45,1,0,2,1,0,8,6,5,0.625,0.865,0.2851,0.984171659,2,,0.8333,0.625
120271,Crossroads Brokerage,Commercial Auto,PA,18501,1/1/2026,1/31/2026,0.7867,1202.94,978.95,464.36,4191.75,0,0,1,0,0,5,4,2,0.4,0.7827,0.2675,0.991714712,1,,0.5,0.4
120271,Crossroads Brokerage,Commercial Auto,PA,18501,10/1/2025,10/31/2025,0.7472,2022.59,680.31,265.95,1482.75,2,1,0,0,0,5,4,3,0.6,0.7737,0.2675,0.991714712,1,,0.75,0.6
120271,Crossroads Brokerage,Commercial Auto,PA,18501,11/1/2025,11/30/2025,0.7563,4621.14,484.16,297.29,2174.09,0,1,1,0,0,3,2,1,0.3333,0.7655,0.2675,0.991714712,1,Withdrawn,0.5,0.3333
120271,Crossroads Brokerage,Commercial Auto,PA,18501,12/1/2025,12/31/2025,0.7625,5462.19,791.13,113.8,1711.27,2,1,1,0,0,3,2,1,0.3333,0.7724,0.2675,0.991714712,1,Withdrawn,0.5,0.3333
120271,Crossroads Brokerage,Commercial Auto,PA,18501,2/1/2026,2/28/2026,0.7401,8643,272.87,362.72,4970.45,1,1,0,0,0,4,2,1,0.25,0.7684,0.2675,0.991714712,2,,0.5,0.25
120271,Crossroads Brokerage,Commercial Auto,PA,18501,3/1/2026,3/31/2026,0.7576,8069.26,222.55,152.37,229.24,2,1,3,0,0,4,3,2,0.5,0.7746,0.2675,0.991714712,1,Withdrawn,0.6667,0.5
120271,Crossroads Brokerage,Commercial Auto,PA,18501,4/1/2025,4/30/2025,0.744,1934.6,582.26,54.13,1810.45,1,0,2,2,0,3,2,1,0.3333,0.7709,0.2675,0.991714712,1,Withdrawn,0.5,0.3333
120271,Crossroads Brokerage,Commercial Auto,PA,18501,5/1/2025,5/31/2025,0.7841,9188.73,1768.5,208.62,1373.4,2,0,0,1,0,4,3,2,0.5,0.7855,0.2675,0.991714712,1,Declined,0.6667,0.5
120271,Crossroads Brokerage,Commercial Auto,PA,18501,6/1/2025,6/30/2025,0.768,8086.57,438.03,103.95,1446.44,1,0,1,1,0,7,5,3,0.4286,0.7633,0.2675,0.991714712,2,Declined,0.6,0.4286
120271,Crossroads Brokerage,Commercial Auto,PA,18501,7/1/2025,7/31/2025,0.7569,1133.1,523.31,87.24,1506.45,1,0,1,0,0,3,2,1,0.3333,0.7805,0.2675,0.991714712,1,,0.5,0.3333
120271,Crossroads Brokerage,Commercial Auto,PA,18501,8/1/2025,8/31/2025,0.7889,1351.56,105.24,393.15,5088.23,0,0,0,0,0,3,2,1,0.3333,0.7783,0.2675,0.991714712,1,Withdrawn,0.5,0.3333
120271,Crossroads Brokerage,Commercial Auto,PA,18501,9/1/2025,9/30/2025,0.7663,1952.5,920.72,279.64,1904.8,0,1,2,0,0,3,2,1,0.3333,0.7702,0.2675,0.991714712,1,,0.5,0.3333
120272,Gateway Brokerage,Business Owners Policy,NY,10001,1/1/2026,1/31/2026,0.5544,2583.35,178.34,362.99,905.61,1,0,0,0,0,3,2,1,0.3333,0.744,0.3629,0.932604737,1,,0.5,0.3333
120272,Gateway Brokerage,Business Owners Policy,NY,10001,10/1/2025,10/31/2025,0.4985,924.05,380.05,146,2082.09,1,1,0,0,0,3,2,1,0.3333,0.7232,0.3629,0.932604737,1,Declined,0.5,0.3333
120272,Gateway Brokerage,Business Owners Policy,NY,10001,11/1/2025,11/30/2025,0.5064,626.44,40.13,277.3,4466.73,0,0,0,0,0,3,2,1,0.3333,0.7515,0.3629,0.932604737,1,,0.5,0.3333
120272,Gateway Brokerage,Business Owners Policy,NY,10001,12/1/2025,12/31/2025,0.4882,2708.79,232.55,924.21,1109.23,0,1,2,0,0,3,2,1,0.3333,0.7464,0.3629,0.932604737,1,,0.5,0.3333
120272,Gateway Brokerage,Business Owners Policy,NY,10001,2/1/2026,2/28/2026,0.4581,1663.54,101.25,361.22,2648.64,2,1,1,0,0,3,2,1,0.3333,0.7212,0.3629,0.932604737,1,,0.5,0.3333
120272,Gateway Brokerage,Business Owners Policy,NY,10001,3/1/2026,3/31/2026,0.4613,2476.02,63.89,248.48,3042.45,0,0,1,0,0,3,2,1,0.3333,0.7297,0.3629,0.932604737,1,Withdrawn,0.5,0.3333
120272,Gateway Brokerage,Business Owners Policy,NY,10001,4/1/2025,4/30/2025,0.4843,4573.35,537.12,93.21,544.05,0,0,2,0,1,4,2,1,0.25,0.7752,0.3629,0.932604737,2,,0.5,0.25
120272,Gateway Brokerage,Business Owners Policy,NY,10001,5/1/2025,5/31/2025,0.5103,2226.57,51.82,193.95,2347.96,0,1,1,0,0,3,2,1,0.3333,0.7365,0.3629,0.932604737,1,Declined,0.5,0.3333
120272,Gateway Brokerage,Business Owners Policy,NY,10001,6/1/2025,6/30/2025,0.5506,1552.56,67.26,202.32,1004,1,0,0,0,0,3,2,1,0.3333,0.7298,0.3629,0.932604737,1,,0.5,0.3333
120272,Gateway Brokerage,Business Owners Policy,NY,10001,7/1/2025,7/31/2025,0.4411,2645.88,107.3,246.25,1395.79,1,1,1,0,0,6,4,3,0.5,0.7638,0.3629,0.932604737,2,,0.75,0.5
120272,Gateway Brokerage,Business Owners Policy,NY,10001,8/1/2025,8/31/2025,0.5108,1810.1,85.01,560.68,2591.75,2,1,1,0,0,7,6,5,0.7143,0.7233,0.3629,0.932604737,1,Withdrawn,0.8333,0.7143
120272,Gateway Brokerage,Business Owners Policy,NY,10001,9/1/2025,9/30/2025,0.4786,4250.76,84.32,286.18,2417.24,1,1,0,0,0,3,2,1,0.3333,0.7452,0.3629,0.932604737,1,,0.5,0.3333
120273,Capitol Insurance Partners,Workers Comp,NY,11201,1/1/2026,1/31/2026,0.4185,1043.23,34.91,30.57,1753.79,2,1,0,0,0,3,2,1,0.3333,0.8743,0.3447,0.899971641,1,,0.5,0.3333
120273,Capitol Insurance Partners,Workers Comp,NY,11201,10/1/2025,10/31/2025,0.4727,798.86,104.59,419.17,2105.01,0,0,2,0,0,3,2,1,0.3333,0.8799,0.3447,0.899971641,1,,0.5,0.3333
120273,Capitol Insurance Partners,Workers Comp,NY,11201,11/1/2025,11/30/2025,0.4784,1911.01,110.96,65.2,3609.36,0,0,1,0,0,4,3,2,0.5,0.8718,0.3447,0.899971641,1,Withdrawn,0.6667,0.5
120273,Capitol Insurance Partners,Workers Comp,NY,11201,12/1/2025,12/31/2025,0.522,1446.99,53.71,34.94,969.43,1,0,0,0,0,3,2,1,0.3333,0.8606,0.3447,0.899971641,1,,0.5,0.3333
120273,Capitol Insurance Partners,Workers Comp,NY,11201,2/1/2026,2/28/2026,0.514,968.19,67.03,219.72,1200.34,0,0,0,1,0,4,2,1,0.25,0.8786,0.3447,0.899971641,2,Declined,0.5,0.25
120273,Capitol Insurance Partners,Workers Comp,NY,11201,3/1/2026,3/31/2026,0.5056,1487.57,150.13,131.56,976.19,1,0,0,0,0,3,2,1,0.3333,0.861,0.3447,0.899971641,1,,0.5,0.3333
120273,Capitol Insurance Partners,Workers Comp,NY,11201,4/1/2025,4/30/2025,0.4704,543.21,96.64,239.63,1881.41,1,1,1,0,0,3,2,1,0.3333,0.8789,0.3447,0.899971641,1,,0.5,0.3333
120273,Capitol Insurance Partners,Workers Comp,NY,11201,5/1/2025,5/31/2025,0.4753,4070.83,123.21,253.05,946.93,1,1,1,0,1,3,2,1,0.3333,0.8775,0.3447,0.899971641,1,,0.5,0.3333
120273,Capitol Insurance Partners,Workers Comp,NY,11201,6/1/2025,6/30/2025,0.4536,2371.34,51.25,126.21,1786.35,0,0,1,0,0,5,4,3,0.6,0.8743,0.3447,0.899971641,1,,0.75,0.6
120273,Capitol Insurance Partners,Workers Comp,NY,11201,7/1/2025,7/31/2025,0.4946,1664.88,120.42,525.77,922.01,2,1,1,0,0,6,5,3,0.5,0.8714,0.3447,0.899971641,1,,0.6,0.5
120273,Capitol Insurance Partners,Workers Comp,NY,11201,8/1/2025,8/31/2025,0.4541,735.47,121.57,13.57,1436.62,0,0,1,0,0,4,3,2,0.5,0.8727,0.3447,0.899971641,1,Declined,0.6667,0.5
120273,Capitol Insurance Partners,Workers Comp,NY,11201,9/1/2025,9/30/2025,0.4331,2554,285.97,408.85,2008.14,0,1,0,1,0,3,2,1,0.3333,0.8646,0.3447,0.899971641,1,Withdrawn,0.5,0.3333
120274,Crestview Risk Solutions,Commercial Auto,NY,10301,1/1/2026,1/31/2026,0.738,683.38,8.72,85,249.73,1,0,1,0,0,3,2,1,0.3333,0.7651,0.3139,0.850947039,1,Withdrawn,0.5,0.3333
120274,Crestview Risk Solutions,Commercial Auto,NY,10301,10/1/2025,10/31/2025,0.7374,656.46,21.73,117.82,180.89,0,2,0,0,0,3,2,1,0.3333,0.7665,0.3139,0.850947039,1,Withdrawn,0.5,0.3333
120274,Crestview Risk Solutions,Commercial Auto,NY,10301,11/1/2025,11/30/2025,0.777,1980.26,55.1,58.48,430.75,1,0,1,0,0,3,2,1,0.3333,0.7661,0.3139,0.850947039,1,Declined,0.5,0.3333
120274,Crestview Risk Solutions,Commercial Auto,NY,10301,12/1/2025,12/31/2025,0.7669,745.59,129.73,132.81,1714.18,0,2,0,1,0,3,2,1,0.3333,0.7773,0.3139,0.850947039,1,,0.5,0.3333
120274,Crestview Risk Solutions,Commercial Auto,NY,10301,2/1/2026,2/28/2026,0.7373,447.84,160.43,61.21,1143.31,2,0,0,0,0,4,2,1,0.25,0.7789,0.3139,0.850947039,2,,0.5,0.25
120274,Crestview Risk Solutions,Commercial Auto,NY,10301,3/1/2026,3/31/2026,0.7494,602.82,86.14,145.58,92.85,1,0,1,0,0,3,2,1,0.3333,0.7698,0.3139,0.850947039,1,,0.5,0.3333
120274,Crestview Risk Solutions,Commercial Auto,NY,10301,4/1/2025,4/30/2025,0.7601,924.93,94.52,123,2116.6,1,0,0,0,0,6,4,3,0.5,0.7656,0.3139,0.850947039,2,,0.75,0.5
120274,Crestview Risk Solutions,Commercial Auto,NY,10301,5/1/2025,5/31/2025,0.7756,258.94,12.42,27.77,1478.43,0,0,0,0,0,7,6,3,0.4286,0.7812,0.3139,0.850947039,1,Withdrawn,0.5,0.4286
120274,Crestview Risk Solutions,Commercial Auto,NY,10301,6/1/2025,6/30/2025,0.7676,805.23,167.89,17.22,1851.13,1,1,0,0,0,3,2,1,0.3333,0.7747,0.3139,0.850947039,1,Declined,0.5,0.3333
120274,Crestview Risk Solutions,Commercial Auto,NY,10301,7/1/2025,7/31/2025,0.7621,1586.58,96.76,106.06,833.24,0,1,2,0,0,3,2,1,0.3333,0.7684,0.3139,0.850947039,1,Withdrawn,0.5,0.3333
120274,Crestview Risk Solutions,Commercial Auto,NY,10301,8/1/2025,8/31/2025,0.7642,524.27,108.52,144.94,391.93,2,0,1,0,0,3,2,1,0.3333,0.7658,0.3139,0.850947039,1,Withdrawn,0.5,0.3333
120274,Crestview Risk Solutions,Commercial Auto,NY,10301,9/1/2025,9/30/2025,0.7439,2221.23,29.42,193.42,733.83,0,1,3,0,0,5,4,2,0.4,0.7722,0.3139,0.850947039,1,,0.5,0.4
120275,Patriot Risk Advisors,Business Owners Policy,NY,14201,1/1/2026,1/31/2026,0.5145,4280.95,316.03,23.41,909.78,1,0,1,1,0,3,2,1,0.3333,0.7436,0.3017,0.958036849,1,,0.5,0.3333
120275,Patriot Risk Advisors,Business Owners Policy,NY,14201,10/1/2025,10/31/2025,0.5178,1440.39,155.55,71.42,1590.29,3,1,0,1,0,10,9,7,0.7,0.7779,0.3017,0.958036849,1,Withdrawn,0.7778,0.7
120275,Patriot Risk Advisors,Business Owners Policy,NY,14201,11/1/2025,11/30/2025,0.5303,4076.39,55.58,794.8,4490.75,0,0,2,0,0,5,3,2,0.4,0.7434,0.3017,0.958036849,2,Declined,0.6667,0.4
120275,Patriot Risk Advisors,Business Owners Policy,NY,14201,12/1/2025,12/31/2025,0.4672,3913.87,163.02,350.22,1514.97,2,1,0,0,0,3,2,1,0.3333,0.7505,0.3017,0.958036849,1,Declined,0.5,0.3333
120275,Patriot Risk Advisors,Business Owners Policy,NY,14201,2/1/2026,2/28/2026,0.5114,2205.11,818.14,165.57,1959.52,1,0,0,0,0,7,6,3,0.4286,0.7525,0.3017,0.958036849,1,,0.5,0.4286
120275,Patriot Risk Advisors,Business Owners Policy,NY,14201,3/1/2026,3/31/2026,0.4714,1700.65,338.53,386.63,2462.12,0,1,3,0,0,4,3,2,0.5,0.7571,0.3017,0.958036849,1,Withdrawn,0.6667,0.5
120275,Patriot Risk Advisors,Business Owners Policy,NY,14201,4/1/2025,4/30/2025,0.5203,620.68,746.57,218.75,1232.21,1,1,3,0,0,3,2,1,0.3333,0.7661,0.3017,0.958036849,1,,0.5,0.3333
120275,Patriot Risk Advisors,Business Owners Policy,NY,14201,5/1/2025,5/31/2025,0.5243,3780.17,405.8,210.7,2980.77,0,1,0,1,0,5,3,2,0.4,0.7305,0.3017,0.958036849,2,,0.6667,0.4
120275,Patriot Risk Advisors,Business Owners Policy,NY,14201,6/1/2025,6/30/2025,0.5058,5246.89,105.82,262.08,4557.86,2,0,0,2,0,3,2,1,0.3333,0.7494,0.3017,0.958036849,1,,0.5,0.3333
120275,Patriot Risk Advisors,Business Owners Policy,NY,14201,7/1/2025,7/31/2025,0.5147,3943.82,1164.12,217.61,5799.19,2,2,2,1,0,3,2,1,0.3333,0.7472,0.3017,0.958036849,1,,0.5,0.3333
120275,Patriot Risk Advisors,Business Owners Policy,NY,14201,8/1/2025,8/31/2025,0.4709,2358.03,265.05,552.05,4925.81,0,0,3,1,0,3,2,1,0.3333,0.7585,0.3017,0.958036849,1,,0.5,0.3333
120275,Patriot Risk Advisors,Business Owners Policy,NY,14201,9/1/2025,9/30/2025,0.5381,3509.27,768.61,368.85,4482.89,4,1,2,0,0,4,2,1,0.25,0.7669,0.3017,0.958036849,2,Declined,0.5,0.25
120276,Meridian Risk Consultants,Workers Comp,NJ,7030,1/1/2026,1/31/2026,0.4567,3779.36,1637.71,293.98,6551.09,3,0,1,1,0,3,2,1,0.3333,0.8686,0.296,0.974425099,1,,0.5,0.3333
120276,Meridian Risk Consultants,Workers Comp,NJ,7030,10/1/2025,10/31/2025,0.514,1021.67,428.29,114.74,2010.63,2,0,1,0,0,3,2,1,0.3333,0.8705,0.296,0.974425099,1,Withdrawn,0.5,0.3333
120276,Meridian Risk Consultants,Workers Comp,NJ,7030,11/1/2025,11/30/2025,0.5707,7881.58,384.33,113.81,2085.44,1,1,2,1,0,3,2,1,0.3333,0.8666,0.296,0.974425099,1,,0.5,0.3333
120276,Meridian Risk Consultants,Workers Comp,NJ,7030,12/1/2025,12/31/2025,0.4798,6675.43,96.67,641.58,998.28,0,0,1,0,0,3,2,1,0.3333,0.8682,0.296,0.974425099,1,Withdrawn,0.5,0.3333
120276,Meridian Risk Consultants,Workers Comp,NJ,7030,2/1/2026,2/28/2026,0.5491,4448.54,120.94,258.35,925.08,1,1,2,0,0,3,2,1,0.3333,0.8844,0.296,0.974425099,1,,0.5,0.3333
120276,Meridian Risk Consultants,Workers Comp,NJ,7030,3/1/2026,3/31/2026,0.5463,1314.54,326.49,481.44,2270.45,1,1,0,0,0,4,3,1,0.25,0.874,0.296,0.974425099,1,Declined,0.3333,0.25
120276,Meridian Risk Consultants,Workers Comp,NJ,7030,4/1/2025,4/30/2025,0.5962,2261.55,3616.46,305.12,13150.92,0,0,0,0,0,3,2,1,0.3333,0.8691,0.296,0.974425099,1,Withdrawn,0.5,0.3333
120276,Meridian Risk Consultants,Workers Comp,NJ,7030,5/1/2025,5/31/2025,0.4596,1620.95,1169.68,432.17,4503.53,0,0,1,0,0,12,10,5,0.4167,0.8724,0.296,0.974425099,2,,0.5,0.4167
120276,Meridian Risk Consultants,Workers Comp,NJ,7030,6/1/2025,6/30/2025,0.5899,245.63,145.36,245.87,1514.67,0,1,0,0,0,3,2,1,0.3333,0.8715,0.296,0.974425099,1,,0.5,0.3333
120276,Meridian Risk Consultants,Workers Comp,NJ,7030,7/1/2025,7/31/2025,0.5242,3848.74,576.71,124.39,5146.85,0,0,1,0,0,6,4,2,0.3333,0.8702,0.296,0.974425099,2,Declined,0.5,0.3333
120276,Meridian Risk Consultants,Workers Comp,NJ,7030,8/1/2025,8/31/2025,0.4647,4924.06,668.88,399.97,1783.8,1,0,0,1,0,3,2,1,0.3333,0.8716,0.296,0.974425099,1,,0.5,0.3333
120276,Meridian Risk Consultants,Workers Comp,NJ,7030,9/1/2025,9/30/2025,0.4867,6365.06,892.98,755.49,2550.46,1,0,1,1,0,4,2,1,0.25,0.8736,0.296,0.974425099,2,,0.5,0.25
120277,Pinnacle Insurance Agency,Commercial Auto,NJ,7102,1/1/2026,1/31/2026,0.7514,2474.8,0,51.5,1163.47,0,0,0,0,0,3,2,1,0.3333,0.7869,0.2749,0.894509407,1,Withdrawn,0.5,0.3333
120277,Pinnacle Insurance Agency,Commercial Auto,NJ,7102,10/1/2025,10/31/2025,0.7284,1434.23,0,28.64,754.18,0,0,1,1,0,3,2,1,0.3333,0.7669,0.2749,0.894509407,1,,0.5,0.3333
120277,Pinnacle Insurance Agency,Commercial Auto,NJ,7102,11/1/2025,11/30/2025,0.7564,4473.28,0,133.68,449.67,2,0,0,0,0,5,4,2,0.4,0.7686,0.2749,0.894509407,1,,0.5,0.4
120277,Pinnacle Insurance Agency,Commercial Auto,NJ,7102,12/1/2025,12/31/2025,0.7831,901.92,0,424.28,799.91,1,0,0,1,0,4,3,2,0.5,0.7654,0.2749,0.894509407,1,,0.6667,0.5
120277,Pinnacle Insurance Agency,Commercial Auto,NJ,7102,2/1/2026,2/28/2026,0.745,2062.63,0,53.89,311.95,1,0,1,0,0,3,2,1,0.3333,0.7736,0.2749,0.894509407,1,Withdrawn,0.5,0.3333
120277,Pinnacle Insurance Agency,Commercial Auto,NJ,7102,3/1/2026,3/31/2026,0.755,511.43,0,138.39,538.08,0,0,0,1,0,7,6,2,0.2857,0.7658,0.2749,0.894509407,1,Withdrawn,0.3333,0.2857
120277,Pinnacle Insurance Agency,Commercial Auto,NJ,7102,4/1/2025,4/30/2025,0.7717,654.97,0,25.95,904.63,0,1,2,0,0,3,2,1,0.3333,0.7818,0.2749,0.894509407,1,,0.5,0.3333
120277,Pinnacle Insurance Agency,Commercial Auto,NJ,7102,5/1/2025,5/31/2025,0.7475,2787.31,0,35.53,1938.83,0,0,0,1,0,3,2,1,0.3333,0.7796,0.2749,0.894509407,1,,0.5,0.3333
120277,Pinnacle Insurance Agency,Commercial Auto,NJ,7102,6/1/2025,6/30/2025,0.7339,544.21,0,149.76,1220.29,0,0,1,0,0,3,2,1,0.3333,0.7778,0.2749,0.894509407,1,Withdrawn,0.5,0.3333
120277,Pinnacle Insurance Agency,Commercial Auto,NJ,7102,7/1/2025,7/31/2025,0.7388,1126.89,0,14.14,1097.41,2,1,1,0,0,3,2,1,0.3333,0.7893,0.2749,0.894509407,1,Declined,0.5,0.3333
120277,Pinnacle Insurance Agency,Commercial Auto,NJ,7102,8/1/2025,8/31/2025,0.752,1380.3,0,12.86,615.65,1,0,1,0,0,5,4,3,0.6,0.7771,0.2749,0.894509407,1,Withdrawn,0.75,0.6
120277,Pinnacle Insurance Agency,Commercial Auto,NJ,7102,9/1/2025,9/30/2025,0.7583,102.69,0,84.92,329.76,1,0,1,0,0,3,2,1,0.3333,0.7709,0.2749,0.894509407,1,Withdrawn,0.5,0.3333
120278,Eagle Risk Management,Business Owners Policy,NJ,8401,1/1/2026,1/31/2026,0.5492,2686.02,38.99,113.97,1586.3,0,0,1,0,0,6,5,4,0.6667,0.7505,0.2908,0.913370305,1,,0.8,0.6667
120278,Eagle Risk Management,Business Owners Policy,NJ,8401,10/1/2025,10/31/2025,0.4793,926.51,24.78,149.26,1225.69,0,0,0,0,0,3,2,1,0.3333,0.7544,0.2908,0.913370305,1,,0.5,0.3333
120278,Eagle Risk Management,Business Owners Policy,NJ,8401,11/1/2025,11/30/2025,0.5422,1304.27,12.84,271.34,2704.23,0,0,0,0,0,3,2,1,0.3333,0.7539,0.2908,0.913370305,1,,0.5,0.3333
120278,Eagle Risk Management,Business Owners Policy,NJ,8401,12/1/2025,12/31/2025,0.4994,1639.5,19.48,277.06,636.26,0,0,1,0,0,3,2,1,0.3333,0.7502,0.2908,0.913370305,1,,0.5,0.3333
120278,Eagle Risk Management,Business Owners Policy,NJ,8401,2/1/2026,2/28/2026,0.5027,4467.96,31.96,119.22,1875.67,0,1,0,0,0,4,3,2,0.5,0.7314,0.2908,0.913370305,1,,0.6667,0.5
120278,Eagle Risk Management,Business Owners Policy,NJ,8401,3/1/2026,3/31/2026,0.5106,730.8,12.1,30.98,1697.36,0,0,1,0,0,3,2,1,0.3333,0.7433,0.2908,0.913370305,1,Declined,0.5,0.3333
120278,Eagle Risk Management,Business Owners Policy,NJ,8401,4/1/2025,4/30/2025,0.5431,3157.8,19.94,108.18,3149.07,1,1,1,0,0,3,2,1,0.3333,0.7305,0.2908,0.913370305,1,Withdrawn,0.5,0.3333
120278,Eagle Risk Management,Business Owners Policy,NJ,8401,5/1/2025,5/31/2025,0.4603,3460.06,21.21,39.52,2307.43,1,0,1,0,0,6,5,1,0.1667,0.7198,0.2908,0.913370305,1,Withdrawn,0.2,0.1667
120278,Eagle Risk Management,Business Owners Policy,NJ,8401,6/1/2025,6/30/2025,0.5022,768.11,97.25,182.64,1806.22,0,1,1,1,0,5,3,1,0.2,0.7558,0.2908,0.913370305,2,Declined,0.3333,0.2
120278,Eagle Risk Management,Business Owners Policy,NJ,8401,7/1/2025,7/31/2025,0.4413,931.07,34.9,206.4,1164.89,2,0,0,0,0,3,2,1,0.3333,0.7813,0.2908,0.913370305,1,Withdrawn,0.5,0.3333
120278,Eagle Risk Management,Business Owners Policy,NJ,8401,8/1/2025,8/31/2025,0.4825,1017.91,42.99,340.28,3582.49,1,1,0,1,0,4,3,2,0.5,0.776,0.2908,0.913370305,1,Withdrawn,0.6667,0.5
120278,Eagle Risk Management,Business Owners Policy,NJ,8401,9/1/2025,9/30/2025,0.4676,1611.91,41.83,149.45,966.31,1,0,0,0,0,3,2,1,0.3333,0.7521,0.2908,0.913370305,1,,0.5,0.3333
120279,Gateway Insurance Group,Workers Comp,NJ,7601,1/1/2026,1/31/2026,0.4582,3162.2,67.56,566.27,395.77,1,1,0,0,0,3,2,1,0.3333,0.8711,0.3585,0.944563214,1,,0.5,0.3333
120279,Gateway Insurance Group,Workers Comp,NJ,7601,10/1/2025,10/31/2025,0.4307,3073.47,24.25,206.02,5800.87,0,0,0,1,0,3,2,1,0.3333,0.8729,0.3585,0.944563214,1,Withdrawn,0.5,0.3333
120279,Gateway Insurance Group,Workers Comp,NJ,7601,11/1/2025,11/30/2025,0.5171,597.93,206.95,500.16,4283.91,1,1,2,0,0,3,2,1,0.3333,0.8853,0.3585,0.944563214,1,Withdrawn,0.5,0.3333
120279,Gateway Insurance Group,Workers Comp,NJ,7601,12/1/2025,12/31/2025,0.5117,2391.3,149.54,146.97,338.75,0,1,0,0,0,3,2,1,0.3333,0.8758,0.3585,0.944563214,1,Declined,0.5,0.3333
120279,Gateway Insurance Group,Workers Comp,NJ,7601,2/1/2026,2/28/2026,0.5057,862.47,29.52,66.62,3534.62,1,0,1,0,0,5,4,2,0.4,0.8713,0.3585,0.944563214,1,,0.5,0.4
120279,Gateway Insurance Group,Workers Comp,NJ,7601,3/1/2026,3/31/2026,0.485,1571.68,76.02,380.38,1496.15,1,0,0,0,0,3,2,1,0.3333,0.877,0.3585,0.944563214,1,Withdrawn,0.5,0.3333
120279,Gateway Insurance Group,Workers Comp,NJ,7601,4/1/2025,4/30/2025,0.4233,1185.15,116.26,487.68,2105.42,0,0,0,1,0,3,2,1,0.3333,0.8851,0.3585,0.944563214,1,Declined,0.5,0.3333
120279,Gateway Insurance Group,Workers Comp,NJ,7601,5/1/2025,5/31/2025,0.4962,3075.45,11.34,642.79,3142.26,1,1,1,0,0,6,5,2,0.3333,0.8856,0.3585,0.944563214,1,,0.4,0.3333
120279,Gateway Insurance Group,Workers Comp,NJ,7601,6/1/2025,6/30/2025,0.547,8003.33,54.23,545.44,1847.39,2,0,1,0,0,3,2,1,0.3333,0.871,0.3585,0.944563214,1,Withdrawn,0.5,0.3333
120279,Gateway Insurance Group,Workers Comp,NJ,7601,7/1/2025,7/31/2025,0.4474,2693.08,106.16,272.35,446.09,1,0,3,0,0,5,4,3,0.6,0.8699,0.3585,0.944563214,1,,0.75,0.6
120279,Gateway Insurance Group,Workers Comp,NJ,7601,8/1/2025,8/31/2025,0.5022,625.5,66.36,103.43,2342.33,2,1,3,1,0,3,2,1,0.3333,0.8747,0.3585,0.944563214,1,,0.5,0.3333
120279,Gateway Insurance Group,Workers Comp,NJ,7601,9/1/2025,9/30/2025,0.4383,4735.21,68.97,418.83,5967.85,1,2,0,0,0,5,4,3,0.6,0.8652,0.3585,0.944563214,1,,0.75,0.6
120280,Guardian Insurance Group,Commercial Auto,PA,19103,1/1/2026,1/31/2026,0.7489,2173.69,652.06,166.8,3220.97,1,1,0,0,0,3,2,1,0.3333,0.7647,0.3149,0.924568508,1,Withdrawn,0.5,0.3333
120280,Guardian Insurance Group,Commercial Auto,PA,19103,10/1/2025,10/31/2025,0.7581,4181.48,767.14,519.06,809.05,1,1,2,0,0,3,2,1,0.3333,0.7602,0.3149,0.924568508,1,Withdrawn,0.5,0.3333
120280,Guardian Insurance Group,Commercial Auto,PA,19103,11/1/2025,11/30/2025,0.7832,3478.1,88.3,273.39,3105.55,1,1,2,0,0,3,2,1,0.3333,0.7644,0.3149,0.924568508,1,Declined,0.5,0.3333
120280,Guardian Insurance Group,Commercial Auto,PA,19103,12/1/2025,12/31/2025,0.7761,2137.24,229.91,72.77,1062.03,0,1,0,0,0,3,2,1,0.3333,0.788,0.3149,0.924568508,1,,0.5,0.3333
120280,Guardian Insurance Group,Commercial Auto,PA,19103,2/1/2026,2/28/2026,0.7611,3142.06,1475.75,60.84,953.94,1,0,0,0,0,3,2,1,0.3333,0.7782,0.3149,0.924568508,1,,0.5,0.3333
120280,Guardian Insurance Group,Commercial Auto,PA,19103,3/1/2026,3/31/2026,0.7533,1040.92,691.52,53.92,3944.71,0,2,2,0,0,4,3,2,0.5,0.7844,0.3149,0.924568508,1,Declined,0.6667,0.5
120280,Guardian Insurance Group,Commercial Auto,PA,19103,4/1/2025,4/30/2025,0.7781,3631.16,2025.67,195.41,2065.34,0,1,1,0,0,3,2,1,0.3333,0.7803,0.3149,0.924568508,1,,0.5,0.3333
120280,Guardian Insurance Group,Commercial Auto,PA,19103,5/1/2025,5/31/2025,0.753,3314.95,1822.06,54.75,1794.09,0,0,1,0,0,5,2,1,0.2,0.7677,0.3149,0.924568508,3,,0.5,0.2
120280,Guardian Insurance Group,Commercial Auto,PA,19103,6/1/2025,6/30/2025,0.737,893.49,273.45,264.47,2170.76,1,0,1,1,0,7,6,4,0.5714,0.7732,0.3149,0.924568508,1,Withdrawn,0.6667,0.5714
120280,Guardian Insurance Group,Commercial Auto,PA,19103,7/1/2025,7/31/2025,0.7499,866.38,1092.59,55.4,1523.35,2,1,1,0,0,4,3,2,0.5,0.7821,0.3149,0.924568508,1,Withdrawn,0.6667,0.5
120280,Guardian Insurance Group,Commercial Auto,PA,19103,8/1/2025,8/31/2025,0.7777,468.14,2641.73,913.57,2198.04,1,0,1,0,0,3,2,1,0.3333,0.7714,0.3149,0.924568508,1,,0.5,0.3333
120280,Guardian Insurance Group,Commercial Auto,PA,19103,9/1/2025,9/30/2025,0.7657,345.1,765.54,110.73,2230.41,3,1,0,0,0,5,4,3,0.6,0.7752,0.3149,0.924568508,1,,0.75,0.6
120281,Sterling Risk Consultants,Business Owners Policy,PA,15222,1/1/2026,1/31/2026,0.5563,1881,0,249.05,238.68,1,1,0,0,0,3,2,1,0.3333,0.7566,0.3795,0.913173834,1,,0.5,0.3333
120281,Sterling Risk Consultants,Business Owners Policy,PA,15222,10/1/2025,10/31/2025,0.5482,1281.74,0,126.69,1848.01,1,1,0,0,0,4,3,2,0.5,0.7622,0.3795,0.913173834,1,Withdrawn,0.6667,0.5
120281,Sterling Risk Consultants,Business Owners Policy,PA,15222,11/1/2025,11/30/2025,0.5048,1489.78,0,718.76,577.65,1,0,0,0,0,3,2,1,0.3333,0.7662,0.3795,0.913173834,1,,0.5,0.3333
120281,Sterling Risk Consultants,Business Owners Policy,PA,15222,12/1/2025,12/31/2025,0.5215,1443.84,0,218.11,1681.46,0,0,0,0,0,3,2,1,0.3333,0.7714,0.3795,0.913173834,1,Declined,0.5,0.3333
120281,Sterling Risk Consultants,Business Owners Policy,PA,15222,2/1/2026,2/28/2026,0.4635,646.57,0,350.4,1656.67,0,0,1,0,0,3,2,1,0.3333,0.7572,0.3795,0.913173834,1,,0.5,0.3333
120281,Sterling Risk Consultants,Business Owners Policy,PA,15222,3/1/2026,3/31/2026,0.4921,6299.54,0,236.46,541.03,0,0,0,0,0,3,2,1,0.3333,0.7376,0.3795,0.913173834,1,,0.5,0.3333
120281,Sterling Risk Consultants,Business Owners Policy,PA,15222,4/1/2025,4/30/2025,0.4986,861.93,0,120.21,2590.54,1,0,1,0,0,7,6,4,0.5714,0.7766,0.3795,0.913173834,1,,0.6667,0.5714
120281,Sterling Risk Consultants,Business Owners Policy,PA,15222,5/1/2025,5/31/2025,0.4737,2445.45,0,215.2,5490.16,0,1,0,0,0,4,3,2,0.5,0.7293,0.3795,0.913173834,1,,0.6667,0.5
120281,Sterling Risk Consultants,Business Owners Policy,PA,15222,6/1/2025,6/30/2025,0.5168,2810.63,0,205.12,1215.19,0,1,0,0,0,3,2,1,0.3333,0.7416,0.3795,0.913173834,1,Withdrawn,0.5,0.3333
120281,Sterling Risk Consultants,Business Owners Policy,PA,15222,7/1/2025,7/31/2025,0.4732,1980.7,0,320.16,2910.31,0,1,1,0,0,3,2,1,0.3333,0.7437,0.3795,0.913173834,1,,0.5,0.3333
120281,Sterling Risk Consultants,Business Owners Policy,PA,15222,8/1/2025,8/31/2025,0.5313,1048.19,0,436.86,1816.81,1,0,1,0,0,4,3,2,0.5,0.7513,0.3795,0.913173834,1,,0.6667,0.5
120281,Sterling Risk Consultants,Business Owners Policy,PA,15222,9/1/2025,9/30/2025,0.5048,463.62,0,269.44,2086.48,0,0,1,0,0,5,2,1,0.2,0.7368,0.3795,0.913173834,3,Declined,0.5,0.2
120282,Summit Insurance Partners,Workers Comp,PA,17101,1/1/2026,1/31/2026,0.5127,374.15,0,89.64,521.91,1,0,2,1,0,5,3,2,0.4,0.8828,0.2963,0.88815381,2,,0.6667,0.4
120282,Summit Insurance Partners,Workers Comp,PA,17101,10/1/2025,10/31/2025,0.5237,161.46,0,46.22,3247.77,2,1,1,0,0,3,2,1,0.3333,0.8805,0.2963,0.88815381,1,Declined,0.5,0.3333
120282,Summit Insurance Partners,Workers Comp,PA,17101,11/1/2025,11/30/2025,0.5184,950.64,0,218.49,633.02,1,0,0,0,0,5,3,2,0.4,0.8728,0.2963,0.88815381,2,Withdrawn,0.6667,0.4
120282,Summit Insurance Partners,Workers Comp,PA,17101,12/1/2025,12/31/2025,0.4325,669.26,0,205.56,222.94,1,1,0,0,0,3,2,1,0.3333,0.8903,0.2963,0.88815381,1,Withdrawn,0.5,0.3333
120282,Summit Insurance Partners,Workers Comp,PA,17101,2/1/2026,2/28/2026,0.4492,160.56,0,192.74,871.86,1,0,1,2,0,3,2,1,0.3333,0.8802,0.2963,0.88815381,1,,0.5,0.3333
120282,Summit Insurance Partners,Workers Comp,PA,17101,3/1/2026,3/31/2026,0.4915,1577.67,0,33.77,1640.14,1,0,2,0,0,3,2,1,0.3333,0.8684,0.2963,0.88815381,1,,0.5,0.3333
120282,Summit Insurance Partners,Workers Comp,PA,17101,4/1/2025,4/30/2025,0.4381,1352.35,0,195.06,3601.35,0,0,1,0,0,5,3,1,0.2,0.883,0.2963,0.88815381,2,,0.3333,0.2
120282,Summit Insurance Partners,Workers Comp,PA,17101,5/1/2025,5/31/2025,0.4383,3160.42,0,156.1,524.71,0,0,1,0,0,3,2,1,0.3333,0.8766,0.2963,0.88815381,1,,0.5,0.3333
120282,Summit Insurance Partners,Workers Comp,PA,17101,6/1/2025,6/30/2025,0.4676,2959.54,0,117.32,621.45,0,0,0,0,0,3,2,1,0.3333,0.8719,0.2963,0.88815381,1,Withdrawn,0.5,0.3333
120282,Summit Insurance Partners,Workers Comp,PA,17101,7/1/2025,7/31/2025,0.4833,636.9,0,97.8,845.89,0,0,0,0,0,3,2,1,0.3333,0.8711,0.2963,0.88815381,1,Withdrawn,0.5,0.3333
120282,Summit Insurance Partners,Workers Comp,PA,17101,8/1/2025,8/31/2025,0.4762,4082.6,0,87.71,1242.71,1,0,0,0,0,3,2,1,0.3333,0.8716,0.2963,0.88815381,1,Withdrawn,0.5,0.3333
120282,Summit Insurance Partners,Workers Comp,PA,17101,9/1/2025,9/30/2025,0.4877,1124.93,0,180.43,2684.12,0,1,0,1,0,7,6,2,0.2857,0.8759,0.2963,0.88815381,1,,0.3333,0.2857
120283,Capitol Insurance Partners,Commercial Auto,PA,18501,1/1/2026,1/31/2026,0.7393,9355.03,0,114.65,3541.5,0,1,0,0,0,3,2,1,0.3333,0.7647,0.2538,0.996412582,1,Declined,0.5,0.3333
120283,Capitol Insurance Partners,Commercial Auto,PA,18501,10/1/2025,10/31/2025,0.7702,5193.7,0,111.77,3168.14,0,0,2,0,0,3,2,1,0.3333,0.7704,0.2538,0.996412582,1,Declined,0.5,0.3333
120283,Capitol Insurance Partners,Commercial Auto,PA,18501,11/1/2025,11/30/2025,0.7937,2337.01,0,292.99,678.19,2,1,1,0,0,4,3,2,0.5,0.7701,0.2538,0.996412582,1,Withdrawn,0.6667,0.5
120283,Capitol Insurance Partners,Commercial Auto,PA,18501,12/1/2025,12/31/2025,0.756,377.12,0,292.3,1298.4,1,0,1,0,0,5,4,2,0.4,0.7751,0.2538,0.996412582,1,Withdrawn,0.5,0.4
120283,Capitol Insurance Partners,Commercial Auto,PA,18501,2/1/2026,2/28/2026,0.748,5240.73,0,80.61,924.36,1,0,0,0,0,3,2,1,0.3333,0.7717,0.2538,0.996412582,1,,0.5,0.3333
120283,Capitol Insurance Partners,Commercial Auto,PA,18501,3/1/2026,3/31/2026,0.7364,8303.72,0,92.54,2249.71,0,0,0,1,0,3,2,1,0.3333,0.7816,0.2538,0.996412582,1,,0.5,0.3333
120283,Capitol Insurance Partners,Commercial Auto,PA,18501,4/1/2025,4/30/2025,0.7623,2460.36,0,105.27,1429.14,1,1,0,0,0,6,3,2,0.3333,0.7713,0.2538,0.996412582,3,Withdrawn,0.6667,0.3333
120283,Capitol Insurance Partners,Commercial Auto,PA,18501,5/1/2025,5/31/2025,0.7849,6323.74,0,156.19,741.91,0,1,1,0,0,3,2,1,0.3333,0.7819,0.2538,0.996412582,1,,0.5,0.3333
120283,Capitol Insurance Partners,Commercial Auto,PA,18501,6/1/2025,6/30/2025,0.776,4605.12,0,284.28,1903.19,1,0,1,0,0,3,2,1,0.3333,0.7666,0.2538,0.996412582,1,Declined,0.5,0.3333
120283,Capitol Insurance Partners,Commercial Auto,PA,18501,7/1/2025,7/31/2025,0.7615,4313.86,0,319.49,1980.27,1,0,1,0,0,3,2,1,0.3333,0.774,0.2538,0.996412582,1,Withdrawn,0.5,0.3333
120283,Capitol Insurance Partners,Commercial Auto,PA,18501,8/1/2025,8/31/2025,0.7545,5942.24,0,401.06,2376.63,0,1,1,0,0,9,5,4,0.4444,0.781,0.2538,0.996412582,4,,0.8,0.4444
120283,Capitol Insurance Partners,Commercial Auto,PA,18501,9/1/2025,9/30/2025,0.7578,2057.01,0,108.55,1193.95,2,0,1,0,0,3,2,1,0.3333,0.7812,0.2538,0.996412582,1,,0.5,0.3333
120284,Keystone Agency Group,Business Owners Policy,NY,10001,1/1/2026,1/31/2026,0.5221,3552.22,199.7,224.14,1709.5,0,0,1,0,0,3,2,1,0.3333,0.7469,0.3129,0.883456025,1,Declined,0.5,0.3333
120284,Keystone Agency Group,Business Owners Policy,NY,10001,10/1/2025,10/31/2025,0.4613,1673.73,254.8,109.05,1108.57,1,0,0,1,0,6,3,2,0.3333,0.751,0.3129,0.883456025,3,Withdrawn,0.6667,0.3333
120284,Keystone Agency Group,Business Owners Policy,NY,10001,11/1/2025,11/30/2025,0.5458,467.17,274.42,67.71,1827.99,1,0,0,0,0,3,2,1,0.3333,0.7474,0.3129,0.883456025,1,Withdrawn,0.5,0.3333
120284,Keystone Agency Group,Business Owners Policy,NY,10001,12/1/2025,12/31/2025,0.5283,2278.46,948.65,246.72,263.9,0,1,2,0,0,4,3,1,0.25,0.7468,0.3129,0.883456025,1,,0.3333,0.25
120284,Keystone Agency Group,Business Owners Policy,NY,10001,2/1/2026,2/28/2026,0.5179,590.98,232.17,80.87,2151.45,2,0,1,1,0,3,2,1,0.3333,0.7782,0.3129,0.883456025,1,,0.5,0.3333
120284,Keystone Agency Group,Business Owners Policy,NY,10001,3/1/2026,3/31/2026,0.5399,1199.18,312.4,282.09,456.89,1,1,0,1,0,6,4,1,0.1667,0.7722,0.3129,0.883456025,2,Withdrawn,0.25,0.1667
120284,Keystone Agency Group,Business Owners Policy,NY,10001,4/1/2025,4/30/2025,0.5003,384.79,267.44,21.86,1581.71,1,0,0,0,0,3,2,1,0.3333,0.751,0.3129,0.883456025,1,Declined,0.5,0.3333
120284,Keystone Agency Group,Business Owners Policy,NY,10001,5/1/2025,5/31/2025,0.5191,845.32,243.59,138.2,731.87,0,1,1,1,0,3,2,1,0.3333,0.74,0.3129,0.883456025,1,,0.5,0.3333
120284,Keystone Agency Group,Business Owners Policy,NY,10001,6/1/2025,6/30/2025,0.4923,1983.76,44.85,261.85,344.89,1,0,1,0,0,3,2,1,0.3333,0.7542,0.3129,0.883456025,1,,0.5,0.3333
120284,Keystone Agency Group,Business Owners Policy,NY,10001,7/1/2025,7/31/2025,0.4658,1499.51,104.37,85.92,1397.79,2,1,1,0,0,3,2,1,0.3333,0.7462,0.3129,0.883456025,1,,0.5,0.3333
120284,Keystone Agency Group,Business Owners Policy,NY,10001,8/1/2025,8/31/2025,0.5047,632.49,278.92,162.89,447.79,1,1,2,0,0,3,2,1,0.3333,0.7593,0.3129,0.883456025,1,Withdrawn,0.5,0.3333
120284,Keystone Agency Group,Business Owners Policy,NY,10001,9/1/2025,9/30/2025,0.5332,1237.46,282.91,45.53,1322.72,0,0,1,0,0,3,2,1,0.3333,0.7564,0.3129,0.883456025,1,,0.5,0.3333
120285,Landmark Insurance Agency,Workers Comp,NY,11201,1/1/2026,1/31/2026,0.4704,148.11,0,427.03,1163.32,0,1,2,0,0,3,2,1,0.3333,0.8792,0.343,0.871993968,1,Withdrawn,0.5,0.3333
120285,Landmark Insurance Agency,Workers Comp,NY,11201,10/1/2025,10/31/2025,0.4924,2171.51,0,60.47,430.14,1,0,0,0,0,4,3,2,0.5,0.8679,0.343,0.871993968,1,,0.6667,0.5
120285,Landmark Insurance Agency,Workers Comp,NY,11201,11/1/2025,11/30/2025,0.533,636.46,0,44.61,1592.29,0,0,0,0,0,5,2,1,0.2,0.8745,0.343,0.871993968,3,Declined,0.5,0.2
120285,Landmark Insurance Agency,Workers Comp,NY,11201,12/1/2025,12/31/2025,0.4825,685.62,0,258.61,1125.74,1,0,0,0,0,3,2,1,0.3333,0.8775,0.343,0.871993968,1,Declined,0.5,0.3333
120285,Landmark Insurance Agency,Workers Comp,NY,11201,2/1/2026,2/28/2026,0.5246,832.72,0,140.03,1452.82,1,0,1,1,0,4,2,1,0.25,0.8654,0.343,0.871993968,2,,0.5,0.25
120285,Landmark Insurance Agency,Workers Comp,NY,11201,3/1/2026,3/31/2026,0.4118,2902.81,0,122.12,1253.84,0,1,1,0,0,5,3,2,0.4,0.8618,0.343,0.871993968,2,Withdrawn,0.6667,0.4
120285,Landmark Insurance Agency,Workers Comp,NY,11201,4/1/2025,4/30/2025,0.4634,3280.65,0,166.86,1223.08,1,0,1,0,0,3,2,1,0.3333,0.8894,0.343,0.871993968,1,Withdrawn,0.5,0.3333
120285,Landmark Insurance Agency,Workers Comp,NY,11201,5/1/2025,5/31/2025,0.46,315.11,0,14.69,2005.97,0,1,1,0,0,3,2,1,0.3333,0.876,0.343,0.871993968,1,,0.5,0.3333
120285,Landmark Insurance Agency,Workers Comp,NY,11201,6/1/2025,6/30/2025,0.5002,358.36,0,166.78,805.86,1,1,1,0,0,3,2,1,0.3333,0.8888,0.343,0.871993968,1,,0.5,0.3333
120285,Landmark Insurance Agency,Workers Comp,NY,11201,7/1/2025,7/31/2025,0.5021,962.11,0,172.38,1284.28,1,1,1,1,0,3,2,1,0.3333,0.8717,0.343,0.871993968,1,Declined,0.5,0.3333
120285,Landmark Insurance Agency,Workers Comp,NY,11201,8/1/2025,8/31/2025,0.4767,753.63,0,146,744.79,1,0,0,0,0,6,4,3,0.5,0.8812,0.343,0.871993968,2,Declined,0.75,0.5
120285,Landmark Insurance Agency,Workers Comp,NY,11201,9/1/2025,9/30/2025,0.5169,1364.7,0,70.88,1329.66,1,0,0,1,0,3,2,1,0.3333,0.8814,0.343,0.871993968,1,,0.5,0.3333
120286,Vantage Risk Management,Commercial Auto,NY,10301,1/1/2026,1/31/2026,0.7437,1980.15,0,768.94,7886.4,0,1,2,0,0,3,2,1,0.3333,0.7718,0.2953,1,1,,0.5,0.3333
120286,Vantage Risk Management,Commercial Auto,NY,10301,10/1/2025,10/31/2025,0.7681,6410.82,0,557.55,4127.26,1,0,1,0,0,4,3,1,0.25,0.7841,0.2953,1,1,,0.3333,0.25
120286,Vantage Risk Management,Commercial Auto,NY,10301,11/1/2025,11/30/2025,0.7505,1908.13,0,429.33,7276.22,3,1,0,0,0,5,4,1,0.2,0.7668,0.2953,1,1,,0.25,0.2
120286,Vantage Risk Management,Commercial Auto,NY,10301,12/1/2025,12/31/2025,0.7615,4492.36,0,402.73,6167.74,1,1,1,0,0,3,2,1,0.3333,0.7619,0.2953,1,1,Withdrawn,0.5,0.3333
120286,Vantage Risk Management,Commercial Auto,NY,10301,2/1/2026,2/28/2026,0.7462,7445.82,0,829.54,9426.59,2,2,0,0,0,10,7,1,0.1,0.777,0.2953,1,3,,0.1429,0.1
120286,Vantage Risk Management,Commercial Auto,NY,10301,3/1/2026,3/31/2026,0.7497,10245.85,0,79.22,1748.61,0,1,1,0,0,3,2,1,0.3333,0.7607,0.2953,1,1,,0.5,0.3333
120286,Vantage Risk Management,Commercial Auto,NY,10301,4/1/2025,4/30/2025,0.7753,957.56,0,587.42,1429.28,1,0,1,0,0,3,2,1,0.3333,0.781,0.2953,1,1,Declined,0.5,0.3333
120286,Vantage Risk Management,Commercial Auto,NY,10301,5/1/2025,5/31/2025,0.7578,6902.25,0,372.58,3537.98,0,1,2,0,0,3,2,1,0.3333,0.771,0.2953,1,1,,0.5,0.3333
120286,Vantage Risk Management,Commercial Auto,NY,10301,6/1/2025,6/30/2025,0.7541,8134.78,0,1374.62,558.68,1,1,0,0,0,3,2,1,0.3333,0.7673,0.2953,1,1,Declined,0.5,0.3333
120286,Vantage Risk Management,Commercial Auto,NY,10301,7/1/2025,7/31/2025,0.7626,10874.17,0,392.16,2467.11,1,1,2,0,0,3,2,1,0.3333,0.766,0.2953,1,1,Withdrawn,0.5,0.3333
120286,Vantage Risk Management,Commercial Auto,NY,10301,8/1/2025,8/31/2025,0.7419,8915,0,617.38,4694.87,0,0,1,0,0,5,4,3,0.6,0.7652,0.2953,1,1,,0.75,0.6
120286,Vantage Risk Management,Commercial Auto,NY,10301,9/1/2025,9/30/2025,0.7514,3401.97,0,235.78,5021.4,1,0,0,0,0,3,2,1,0.3333,0.7769,0.2953,1,1,,0.5,0.3333
120287,Capitol Risk Solutions,Business Owners Policy,NY,14201,1/1/2026,1/31/2026,0.5141,2078.96,0,40.81,2027.89,1,0,2,0,0,3,2,1,0.3333,0.7461,0.2809,0.904334374,1,,0.5,0.3333
120287,Capitol Risk Solutions,Business Owners Policy,NY,14201,10/1/2025,10/31/2025,0.5451,970.59,0,440.79,250.02,1,0,1,0,0,3,2,1,0.3333,0.7552,0.2809,0.904334374,1,,0.5,0.3333
120287,Capitol Risk Solutions,Business Owners Policy,NY,14201,11/1/2025,11/30/2025,0.5142,210.09,0,34.05,2125.86,1,1,1,0,0,3,2,1,0.3333,0.7594,0.2809,0.904334374,1,,0.5,0.3333
120287,Capitol Risk Solutions,Business Owners Policy,NY,14201,12/1/2025,12/31/2025,0.5182,3319.59,0,62.77,1728.96,0,1,0,0,0,4,3,2,0.5,0.7826,0.2809,0.904334374,1,Declined,0.6667,0.5
120287,Capitol Risk Solutions,Business Owners Policy,NY,14201,2/1/2026,2/28/2026,0.5185,1371.45,0,81.56,831.5,1,0,0,0,0,5,4,2,0.4,0.756,0.2809,0.904334374,1,,0.5,0.4
120287,Capitol Risk Solutions,Business Owners Policy,NY,14201,3/1/2026,3/31/2026,0.5603,192.99,0,19.04,196.04,0,0,0,0,0,6,5,4,0.6667,0.727,0.2809,0.904334374,1,Withdrawn,0.8,0.6667
120287,Capitol Risk Solutions,Business Owners Policy,NY,14201,4/1/2025,4/30/2025,0.4781,1283.49,0,105.79,1138.31,0,0,0,1,0,5,2,1,0.2,0.7387,0.2809,0.904334374,3,Withdrawn,0.5,0.2
120287,Capitol Risk Solutions,Business Owners Policy,NY,14201,5/1/2025,5/31/2025,0.5122,1285.81,0,87.47,967.6,1,0,1,0,0,3,2,1,0.3333,0.7412,0.2809,0.904334374,1,,0.5,0.3333
120287,Capitol Risk Solutions,Business Owners Policy,NY,14201,6/1/2025,6/30/2025,0.5185,2022.09,0,91.62,622.96,0,0,0,0,0,3,2,1,0.3333,0.7548,0.2809,0.904334374,1,,0.5,0.3333
120287,Capitol Risk Solutions,Business Owners Policy,NY,14201,7/1/2025,7/31/2025,0.4563,5728.48,0,157.78,125.24,1,0,1,1,0,3,2,1,0.3333,0.7278,0.2809,0.904334374,1,,0.5,0.3333
120287,Capitol Risk Solutions,Business Owners Policy,NY,14201,8/1/2025,8/31/2025,0.4962,1529.71,0,270.1,1634.74,0,0,0,0,0,3,2,1,0.3333,0.747,0.2809,0.904334374,1,,0.5,0.3333
120287,Capitol Risk Solutions,Business Owners Policy,NY,14201,9/1/2025,9/30/2025,0.5045,564.05,0,185.62,903.14,0,1,0,0,0,3,2,1,0.3333,0.7615,0.2809,0.904334374,1,,0.5,0.3333
120288,Capitol Insurance Partners,Workers Comp,NJ,7030,1/1/2026,1/31/2026,0.4724,342.89,0,34.96,823.46,0,1,0,0,0,3,2,1,0.3333,0.8914,0.3261,0.851461136,1,,0.5,0.3333
120288,Capitol Insurance Partners,Workers Comp,NJ,7030,10/1/2025,10/31/2025,0.6358,345.26,0,146.62,837.71,1,0,0,0,0,5,3,2,0.4,0.8604,0.3261,0.851461136,2,Withdrawn,0.6667,0.4
120288,Capitol Insurance Partners,Workers Comp,NJ,7030,11/1/2025,11/30/2025,0.6275,3216.71,0,48.81,431.09,0,1,1,0,0,3,2,1,0.3333,0.8805,0.3261,0.851461136,1,,0.5,0.3333
120288,Capitol Insurance Partners,Workers Comp,NJ,7030,12/1/2025,12/31/2025,0.4765,2366.98,0,70.55,879.49,0,0,0,0,0,3,2,1,0.3333,0.8781,0.3261,0.851461136,1,Declined,0.5,0.3333
120288,Capitol Insurance Partners,Workers Comp,NJ,7030,2/1/2026,2/28/2026,0.5,461.12,0,69.05,136.57,0,0,0,0,0,3,2,1,0.3333,0.8828,0.3261,0.851461136,1,Declined,0.5,0.3333
120288,Capitol Insurance Partners,Workers Comp,NJ,7030,3/1/2026,3/31/2026,0.5168,485.79,0,68.94,488.97,1,0,1,0,0,7,4,2,0.2857,0.8657,0.3261,0.851461136,3,Withdrawn,0.5,0.2857
120288,Capitol Insurance Partners,Workers Comp,NJ,7030,4/1/2025,4/30/2025,0.4773,750.07,0,483.72,868.15,1,0,1,0,0,3,2,1,0.3333,0.8761,0.3261,0.851461136,1,,0.5,0.3333
120288,Capitol Insurance Partners,Workers Comp,NJ,7030,5/1/2025,5/31/2025,0.4827,1291.12,0,57.82,2310.71,1,0,0,1,0,3,2,1,0.3333,0.8757,0.3261,0.851461136,1,,0.5,0.3333
120288,Capitol Insurance Partners,Workers Comp,NJ,7030,6/1/2025,6/30/2025,0.4823,521.3,0,129.89,1538.91,1,1,1,0,0,3,2,1,0.3333,0.8722,0.3261,0.851461136,1,Withdrawn,0.5,0.3333
120288,Capitol Insurance Partners,Workers Comp,NJ,7030,7/1/2025,7/31/2025,0.5531,266.1,0,139.8,363.39,0,0,2,1,0,3,2,1,0.3333,0.8679,0.3261,0.851461136,1,,0.5,0.3333
120288,Capitol Insurance Partners,Workers Comp,NJ,7030,8/1/2025,8/31/2025,0.473,1282.11,0,16.37,678.71,1,0,0,0,0,4,3,1,0.25,0.8825,0.3261,0.851461136,1,,0.3333,0.25
120288,Capitol Insurance Partners,Workers Comp,NJ,7030,9/1/2025,9/30/2025,0.4564,172.84,0,33.37,1939.18,1,1,1,0,0,6,5,3,0.5,0.8812,0.3261,0.851461136,1,Withdrawn,0.6,0.5
120289,Coastal Agency Group,Commercial Auto,NJ,7102,1/1/2026,1/31/2026,0.7198,6147.5,487.57,665.53,2727.12,0,1,1,0,0,3,2,1,0.3333,0.7838,0.3444,1,1,Withdrawn,0.5,0.3333
120289,Coastal Agency Group,Commercial Auto,NJ,7102,10/1/2025,10/31/2025,0.7622,2050.89,425.24,623.37,6187.53,1,1,2,1,0,6,3,2,0.3333,0.762,0.3444,1,3,,0.6667,0.3333
120289,Coastal Agency Group,Commercial Auto,NJ,7102,11/1/2025,11/30/2025,0.7361,10745.15,240.06,286.43,3100.85,1,1,1,1,0,5,3,1,0.2,0.7746,0.3444,1,2,,0.3333,0.2
120289,Coastal Agency Group,Commercial Auto,NJ,7102,12/1/2025,12/31/2025,0.7521,11503.94,509.82,959.39,1173.82,2,0,0,0,0,3,2,1,0.3333,0.7759,0.3444,1,1,,0.5,0.3333
120289,Coastal Agency Group,Commercial Auto,NJ,7102,2/1/2026,2/28/2026,0.7431,3271.59,194.8,283.1,1519.3,0,0,1,0,0,5,4,3,0.6,0.7787,0.3444,1,1,,0.75,0.6
120289,Coastal Agency Group,Commercial Auto,NJ,7102,3/1/2026,3/31/2026,0.7433,3012.19,911.95,395.52,2893.86,1,0,0,0,0,3,2,1,0.3333,0.7818,0.3444,1,1,,0.5,0.3333
120289,Coastal Agency Group,Commercial Auto,NJ,7102,4/1/2025,4/30/2025,0.7752,3288.93,367.17,906.55,6064.41,0,1,2,0,0,3,2,1,0.3333,0.7811,0.3444,1,1,Declined,0.5,0.3333
120289,Coastal Agency Group,Commercial Auto,NJ,7102,5/1/2025,5/31/2025,0.7578,2346.11,158.78,766.75,786.05,1,0,0,0,0,3,2,1,0.3333,0.7694,0.3444,1,1,,0.5,0.3333
120289,Coastal Agency Group,Commercial Auto,NJ,7102,6/1/2025,6/30/2025,0.7836,2034.87,378.48,470.77,12341.66,2,1,1,1,0,4,2,1,0.25,0.7769,0.3444,1,2,,0.5,0.25
120289,Coastal Agency Group,Commercial Auto,NJ,7102,7/1/2025,7/31/2025,0.7515,7026.21,623.16,1033.79,9411.83,0,0,1,1,0,3,2,1,0.3333,0.7569,0.3444,1,1,Withdrawn,0.5,0.3333
120289,Coastal Agency Group,Commercial Auto,NJ,7102,8/1/2025,8/31/2025,0.7478,3757.61,641.25,938.44,6214.42,2,1,0,0,0,3,2,1,0.3333,0.7764,0.3444,1,1,Declined,0.5,0.3333
120289,Coastal Agency Group,Commercial Auto,NJ,7102,9/1/2025,9/30/2025,0.7607,3595.35,527.48,43.54,6359.49,0,0,1,0,0,3,2,1,0.3333,0.782,0.3444,1,1,,0.5,0.3333
120290,Harbor Brokerage,Business Owners Policy,NJ,8401,1/1/2026,1/31/2026,0.5185,1667.36,73.3,65.6,7198.39,0,1,1,1,0,3,2,1,0.3333,0.7474,0.3029,0.947205403,1,,0.5,0.3333
120290,Harbor Brokerage,Business Owners Policy,NJ,8401,10/1/2025,10/31/2025,0.5099,1790.64,140.75,274.99,1147.92,1,1,0,1,0,3,2,1,0.3333,0.7571,0.3029,0.947205403,1,,0.5,0.3333
120290,Harbor Brokerage,Business Owners Policy,NJ,8401,11/1/2025,11/30/2025,0.4922,968.3,148.85,258.49,2339.25,1,1,0,1,0,3,2,1,0.3333,0.7644,0.3029,0.947205403,1,,0.5,0.3333
120290,Harbor Brokerage,Business Owners Policy,NJ,8401,12/1/2025,12/31/2025,0.4665,2922.52,70.24,132.02,4346.48,2,2,1,1,0,3,2,1,0.3333,0.7393,0.3029,0.947205403,1,Declined,0.5,0.3333
120290,Harbor Brokerage,Business Owners Policy,NJ,8401,2/1/2026,2/28/2026,0.5257,3208.9,29.67,255.05,1455.21,2,1,3,0,0,3,2,1,0.3333,0.7373,0.3029,0.947205403,1,Withdrawn,0.5,0.3333
120290,Harbor Brokerage,Business Owners Policy,NJ,8401,3/1/2026,3/31/2026,0.4752,2059.22,73.26,227.18,2988.55,1,0,0,0,0,4,3,2,0.5,0.7537,0.3029,0.947205403,1,,0.6667,0.5
120290,Harbor Brokerage,Business Owners Policy,NJ,8401,4/1/2025,4/30/2025,0.481,3066.51,397.04,399.77,2085.37,1,0,2,0,0,3,2,1,0.3333,0.7797,0.3029,0.947205403,1,,0.5,0.3333
120290,Harbor Brokerage,Business Owners Policy,NJ,8401,5/1/2025,5/31/2025,0.4703,1503.92,44.14,729.13,1622.19,1,1,2,0,0,5,3,2,0.4,0.7418,0.3029,0.947205403,2,,0.6667,0.4
120290,Harbor Brokerage,Business Owners Policy,NJ,8401,6/1/2025,6/30/2025,0.5105,2425.07,150.91,98.05,4472.22,1,0,1,0,0,3,2,1,0.3333,0.7462,0.3029,0.947205403,1,,0.5,0.3333
120290,Harbor Brokerage,Business Owners Policy,NJ,8401,7/1/2025,7/31/2025,0.5114,2040.96,60.69,393.38,933.01,2,1,2,0,0,3,2,1,0.3333,0.7764,0.3029,0.947205403,1,,0.5,0.3333
120290,Harbor Brokerage,Business Owners Policy,NJ,8401,8/1/2025,8/31/2025,0.5247,6858.99,89.29,149.65,1635.19,0,1,1,0,0,11,10,3,0.2727,0.7343,0.3029,0.947205403,1,,0.3,0.2727
120290,Harbor Brokerage,Business Owners Policy,NJ,8401,9/1/2025,9/30/2025,0.537,4405.82,154.39,247.57,2694.43,1,0,0,0,0,3,2,1,0.3333,0.7593,0.3029,0.947205403,1,Withdrawn,0.5,0.3333
120291,Sterling Insurance Co.,Workers Comp,NJ,7601,1/1/2026,1/31/2026,0.4969,1492.86,490.25,233.92,6469.36,2,2,2,0,0,3,2,1,0.3333,0.8606,0.3597,0.974201006,1,Withdrawn,0.5,0.3333
120291,Sterling Insurance Co.,Workers Comp,NJ,7601,10/1/2025,10/31/2025,0.5879,414.57,1324.05,488.31,5487.84,2,1,4,0,0,3,2,1,0.3333,0.8755,0.3597,0.974201006,1,Declined,0.5,0.3333
120291,Sterling Insurance Co.,Workers Comp,NJ,7601,11/1/2025,11/30/2025,0.5145,7670.89,2032.44,889.14,1298.9,3,1,0,1,0,3,2,1,0.3333,0.8789,0.3597,0.974201006,1,Withdrawn,0.5,0.3333
120291,Sterling Insurance Co.,Workers Comp,NJ,7601,12/1/2025,12/31/2025,0.5074,6044.03,838.21,948.04,7416.25,3,0,1,1,0,5,4,2,0.4,0.867,0.3597,0.974201006,1,,0.5,0.4
120291,Sterling Insurance Co.,Workers Comp,NJ,7601,2/1/2026,2/28/2026,0.4701,1007.57,8226.47,231.98,1293.41,4,2,3,0,0,3,2,1,0.3333,0.8725,0.3597,0.974201006,1,,0.5,0.3333
120291,Sterling Insurance Co.,Workers Comp,NJ,7601,3/1/2026,3/31/2026,0.5379,604.39,6674.23,628.9,2005.49,0,0,0,2,0,3,2,1,0.3333,0.8796,0.3597,0.974201006,1,Declined,0.5,0.3333
120291,Sterling Insurance Co.,Workers Comp,NJ,7601,4/1/2025,4/30/2025,0.5782,2448.5,2368.82,302.4,1608.7,2,0,2,1,0,4,3,1,0.25,0.8664,0.3597,0.974201006,1,,0.3333,0.25
120291,Sterling Insurance Co.,Workers Comp,NJ,7601,5/1/2025,5/31/2025,0.5381,6532.36,2869.28,1053.44,2125.47,1,2,0,0,0,6,5,4,0.6667,0.8761,0.3597,0.974201006,1,Declined,0.8,0.6667
120291,Sterling Insurance Co.,Workers Comp,NJ,7601,6/1/2025,6/30/2025,0.5288,6348.94,1546.26,288.9,4108.31,0,1,1,0,0,3,2,1,0.3333,0.8638,0.3597,0.974201006,1,,0.5,0.3333
120291,Sterling Insurance Co.,Workers Comp,NJ,7601,7/1/2025,7/31/2025,0.5362,4629.3,4702.23,473.22,3707.62,0,2,3,0,0,15,6,2,0.1333,0.8779,0.3597,0.974201006,9,,0.3333,0.1333
120291,Sterling Insurance Co.,Workers Comp,NJ,7601,8/1/2025,8/31/2025,0.5365,823.77,1347.41,97.54,2229.54,0,1,2,0,0,4,3,2,0.5,0.8726,0.3597,0.974201006,1,,0.6667,0.5
120291,Sterling Insurance Co.,Workers Comp,NJ,7601,9/1/2025,9/30/2025,0.5195,6260.83,2591.86,462.31,5364.63,2,0,1,0,0,11,9,4,0.3636,0.8604,0.3597,0.974201006,2,,0.4444,0.3636
120292,Prestige Risk Advisors,Commercial Auto,PA,19103,1/1/2026,1/31/2026,0.7437,727.52,2308.09,172.6,441.23,1,0,1,0,0,3,2,1,0.3333,0.7657,0.3276,0.869001341,1,,0.5,0.3333
120292,Prestige Risk Advisors,Commercial Auto,PA,19103,10/1/2025,10/31/2025,0.7817,637.2,501.17,262.98,958.65,1,1,1,1,0,3,2,1,0.3333,0.769,0.3276,0.869001341,1,Withdrawn,0.5,0.3333
120292,Prestige Risk Advisors,Commercial Auto,PA,19103,11/1/2025,11/30/2025,0.7498,1280.67,3210.54,92.35,423.2,1,0,1,0,0,3,2,1,0.3333,0.7756,0.3276,0.869001341,1,,0.5,0.3333
120292,Prestige Risk Advisors,Commercial Auto,PA,19103,12/1/2025,12/31/2025,0.7255,656.53,1189.19,144.74,891.68,0,1,1,0,0,4,2,1,0.25,0.7781,0.3276,0.869001341,2,Withdrawn,0.5,0.25
120292,Prestige Risk Advisors,Commercial Auto,PA,19103,2/1/2026,2/28/2026,0.7453,2309.25,4470.01,104.74,2021.97,1,0,1,0,0,3,2,1,0.3333,0.7726,0.3276,0.869001341,1,Withdrawn,0.5,0.3333
120292,Prestige Risk Advisors,Commercial Auto,PA,19103,3/1/2026,3/31/2026,0.7535,2044.53,2503.06,92.73,640.95,1,1,1,0,0,5,4,2,0.4,0.7726,0.3276,0.869001341,1,,0.5,0.4
120292,Prestige Risk Advisors,Commercial Auto,PA,19103,4/1/2025,4/30/2025,0.7733,289.31,7655.33,183.72,2160.76,1,1,0,0,0,3,2,1,0.3333,0.7806,0.3276,0.869001341,1,Withdrawn,0.5,0.3333
120292,Prestige Risk Advisors,Commercial Auto,PA,19103,5/1/2025,5/31/2025,0.737,594.75,2197.95,30.99,136.93,0,0,0,1,0,3,2,1,0.3333,0.7886,0.3276,0.869001341,1,,0.5,0.3333
120292,Prestige Risk Advisors,Commercial Auto,PA,19103,6/1/2025,6/30/2025,0.773,1047.85,3117.22,130.78,2902.79,1,0,1,1,0,3,2,1,0.3333,0.7724,0.3276,0.869001341,1,,0.5,0.3333
120292,Prestige Risk Advisors,Commercial Auto,PA,19103,7/1/2025,7/31/2025,0.7551,1292.61,6555.5,49.05,1110.59,0,0,1,0,0,5,3,2,0.4,0.7757,0.3276,0.869001341,2,,0.6667,0.4
120292,Prestige Risk Advisors,Commercial Auto,PA,19103,8/1/2025,8/31/2025,0.7421,749.8,3696.71,261.38,1025.7,0,0,1,0,0,7,3,1,0.1429,0.7774,0.3276,0.869001341,4,Withdrawn,0.3333,0.1429
120292,Prestige Risk Advisors,Commercial Auto,PA,19103,9/1/2025,9/30/2025,0.7558,2315.81,3605.81,60.33,1231.38,2,1,0,1,0,3,2,1,0.3333,0.7808,0.3276,0.869001341,1,,0.5,0.3333
120293,Crossroads & Associates,Business Owners Policy,PA,15222,1/1/2026,1/31/2026,0.495,1511.41,0,124.58,1428.01,0,0,1,0,0,3,2,1,0.3333,0.7361,0.3659,0.937961713,1,,0.5,0.3333
120293,Crossroads & Associates,Business Owners Policy,PA,15222,10/1/2025,10/31/2025,0.504,1329.11,0,950.01,1572.38,1,0,0,0,0,3,2,1,0.3333,0.7477,0.3659,0.937961713,1,Withdrawn,0.5,0.3333
120293,Crossroads & Associates,Business Owners Policy,PA,15222,11/1/2025,11/30/2025,0.5267,2267.18,0,218.36,4579.26,0,1,1,0,0,3,2,1,0.3333,0.744,0.3659,0.937961713,1,,0.5,0.3333
120293,Crossroads & Associates,Business Owners Policy,PA,15222,12/1/2025,12/31/2025,0.5331,181.07,0,471.03,3197.73,1,1,1,1,0,4,2,1,0.25,0.7512,0.3659,0.937961713,2,Withdrawn,0.5,0.25
120293,Crossroads & Associates,Business Owners Policy,PA,15222,2/1/2026,2/28/2026,0.536,2390.36,0,793.83,645.57,0,1,1,0,0,3,2,1,0.3333,0.7636,0.3659,0.937961713,1,,0.5,0.3333
120293,Crossroads & Associates,Business Owners Policy,PA,15222,3/1/2026,3/31/2026,0.4979,2755.37,0,447.61,821.49,1,0,1,0,0,6,3,2,0.3333,0.7569,0.3659,0.937961713,3,Withdrawn,0.6667,0.3333
120293,Crossroads & Associates,Business Owners Policy,PA,15222,4/1/2025,4/30/2025,0.4927,4535.31,0,79.78,7436.69,1,0,1,0,0,3,2,1,0.3333,0.7577,0.3659,0.937961713,1,,0.5,0.3333
120293,Crossroads & Associates,Business Owners Policy,PA,15222,5/1/2025,5/31/2025,0.493,1794.35,0,201.93,1535.04,2,1,0,0,0,9,8,3,0.3333,0.736,0.3659,0.937961713,1,Withdrawn,0.375,0.3333
120293,Crossroads & Associates,Business Owners Policy,PA,15222,6/1/2025,6/30/2025,0.4808,2956.1,0,243.31,3748.85,1,0,1,0,0,5,2,1,0.2,0.7556,0.3659,0.937961713,3,Declined,0.5,0.2
120293,Crossroads & Associates,Business Owners Policy,PA,15222,7/1/2025,7/31/2025,0.5018,2708.87,0,467.56,720.59,0,0,1,0,0,3,2,1,0.3333,0.7499,0.3659,0.937961713,1,Withdrawn,0.5,0.3333
120293,Crossroads & Associates,Business Owners Policy,PA,15222,8/1/2025,8/31/2025,0.4494,998.41,0,121.27,429.68,1,1,0,0,0,3,2,1,0.3333,0.7449,0.3659,0.937961713,1,Withdrawn,0.5,0.3333
120293,Crossroads & Associates,Business Owners Policy,PA,15222,9/1/2025,9/30/2025,0.5338,6313.04,0,202.95,3086.1,1,0,1,1,0,3,2,1,0.3333,0.7443,0.3659,0.937961713,1,Declined,0.5,0.3333
120294,Bridgepoint & Associates,Workers Comp,PA,17101,1/1/2026,1/31/2026,0.4132,2612.57,707.45,141.93,1296.58,1,0,0,0,0,3,2,1,0.3333,0.8786,0.3279,0.867741013,1,,0.5,0.3333
120294,Bridgepoint & Associates,Workers Comp,PA,17101,10/1/2025,10/31/2025,0.5321,1030.46,2504.28,67.59,281.38,1,1,0,1,0,3,2,1,0.3333,0.8838,0.3279,0.867741013,1,,0.5,0.3333
120294,Bridgepoint & Associates,Workers Comp,PA,17101,11/1/2025,11/30/2025,0.5691,456.43,3130.71,58.68,428.76,0,0,1,0,0,3,2,1,0.3333,0.8766,0.3279,0.867741013,1,,0.5,0.3333
120294,Bridgepoint & Associates,Workers Comp,PA,17101,12/1/2025,12/31/2025,0.4631,1599.4,1272.42,151.87,2173.81,0,1,2,0,0,8,7,5,0.625,0.8792,0.3279,0.867741013,1,,0.7143,0.625
120294,Bridgepoint & Associates,Workers Comp,PA,17101,2/1/2026,2/28/2026,0.4711,763.37,575.83,106.48,1949.1,1,0,0,1,0,5,3,2,0.4,0.8661,0.3279,0.867741013,2,,0.6667,0.4
120294,Bridgepoint & Associates,Workers Comp,PA,17101,3/1/2026,3/31/2026,0.5371,2535.32,566.75,155.58,152.23,1,0,1,0,0,3,2,1,0.3333,0.8842,0.3279,0.867741013,1,Withdrawn,0.5,0.3333
120294,Bridgepoint & Associates,Workers Comp,PA,17101,4/1/2025,4/30/2025,0.5139,352.34,490.65,148.48,530.05,0,1,1,0,0,5,3,2,0.4,0.8735,0.3279,0.867741013,2,Withdrawn,0.6667,0.4
120294,Bridgepoint & Associates,Workers Comp,PA,17101,5/1/2025,5/31/2025,0.5728,1639.29,826.44,132.1,1362.11,0,0,0,0,0,3,2,1,0.3333,0.8813,0.3279,0.867741013,1,Withdrawn,0.5,0.3333
120294,Bridgepoint & Associates,Workers Comp,PA,17101,6/1/2025,6/30/2025,0.4428,759.07,1142.99,59.97,3674.5,2,0,0,0,0,3,2,1,0.3333,0.8798,0.3279,0.867741013,1,,0.5,0.3333
120294,Bridgepoint & Associates,Workers Comp,PA,17101,7/1/2025,7/31/2025,0.417,1415.14,420.17,191.26,389.86,0,1,1,0,0,3,2,1,0.3333,0.8709,0.3279,0.867741013,1,Declined,0.5,0.3333
120294,Bridgepoint & Associates,Workers Comp,PA,17101,8/1/2025,8/31/2025,0.5215,499.27,575.05,239.15,791.04,1,1,0,0,0,3,2,1,0.3333,0.8792,0.3279,0.867741013,1,Withdrawn,0.5,0.3333
120294,Bridgepoint & Associates,Workers Comp,PA,17101,9/1/2025,9/30/2025,0.4604,91.47,803.83,111.67,724.71,0,0,1,0,0,3,2,1,0.3333,0.8819,0.3279,0.867741013,1,,0.5,0.3333
120295,Tri-State Insurance Services,Commercial Auto,PA,18501,1/1/2026,1/31/2026,0.7249,3090.06,0,163.92,887.67,1,0,1,0,0,4,2,1,0.25,0.7745,0.2846,0.929192919,2,Declined,0.5,0.25
120295,Tri-State Insurance Services,Commercial Auto,PA,18501,10/1/2025,10/31/2025,0.7546,674.11,0,216.2,915.17,1,1,0,0,0,3,2,1,0.3333,0.788,0.2846,0.929192919,1,Withdrawn,0.5,0.3333
120295,Tri-State Insurance Services,Commercial Auto,PA,18501,11/1/2025,11/30/2025,0.7729,3129.77,0,85.65,2215.86,0,0,1,0,0,5,3,2,0.4,0.7712,0.2846,0.929192919,2,Declined,0.6667,0.4
120295,Tri-State Insurance Services,Commercial Auto,PA,18501,12/1/2025,12/31/2025,0.7404,1237.42,0,85,2720.18,1,2,1,0,0,6,4,2,0.3333,0.7908,0.2846,0.929192919,2,Declined,0.5,0.3333
120295,Tri-State Insurance Services,Commercial Auto,PA,18501,2/1/2026,2/28/2026,0.7701,1297.36,0,289.36,1672.71,0,1,0,0,0,3,2,1,0.3333,0.7843,0.2846,0.929192919,1,,0.5,0.3333
120295,Tri-State Insurance Services,Commercial Auto,PA,18501,3/1/2026,3/31/2026,0.7734,645.55,0,133.26,1972.89,1,0,1,0,0,5,4,3,0.6,0.7686,0.2846,0.929192919,1,,0.75,0.6
120295,Tri-State Insurance Services,Commercial Auto,PA,18501,4/1/2025,4/30/2025,0.774,2340.26,0,286.29,1420.1,1,0,0,0,0,7,5,4,0.5714,0.7671,0.2846,0.929192919,2,,0.8,0.5714
120295,Tri-State Insurance Services,Commercial Auto,PA,18501,5/1/2025,5/31/2025,0.7833,1855.68,0,174.32,3089.96,3,1,1,1,0,3,2,1,0.3333,0.785,0.2846,0.929192919,1,Declined,0.5,0.3333
120295,Tri-State Insurance Services,Commercial Auto,PA,18501,6/1/2025,6/30/2025,0.7536,4867.46,0,75.22,3374.65,1,1,1,0,0,3,2,1,0.3333,0.78,0.2846,0.929192919,1,Withdrawn,0.5,0.3333
120295,Tri-State Insurance Services,Commercial Auto,PA,18501,7/1/2025,7/31/2025,0.7545,4524.09,0,110.46,599.5,0,1,0,0,0,3,2,1,0.3333,0.7846,0.2846,0.929192919,1,,0.5,0.3333
120295,Tri-State Insurance Services,Commercial Auto,PA,18501,8/1/2025,8/31/2025,0.7519,1805.25,0,77.26,1504.7,0,0,1,0,0,3,2,1,0.3333,0.7833,0.2846,0.929192919,1,,0.5,0.3333
120295,Tri-State Insurance Services,Commercial Auto,PA,18501,9/1/2025,9/30/2025,0.7668,1543.17,0,454,1722.24,0,0,2,0,0,3,2,1,0.3333,0.7743,0.2846,0.929192919,1,Declined,0.5,0.3333
120296,Premier Insurance Services,Business Owners Policy,NY,10001,1/1/2026,1/31/2026,0.4964,4401.22,851.78,36.24,1086.77,1,1,0,0,0,3,2,1,0.3333,0.7207,0.3146,0.936402216,1,,0.5,0.3333
120296,Premier Insurance Services,Business Owners Policy,NY,10001,10/1/2025,10/31/2025,0.4863,3965.12,233.23,365.81,647.36,1,1,1,1,0,3,2,1,0.3333,0.7348,0.3146,0.936402216,1,,0.5,0.3333
120296,Premier Insurance Services,Business Owners Policy,NY,10001,11/1/2025,11/30/2025,0.4621,5780.95,526.81,528.81,3510.97,0,0,1,0,0,3,2,1,0.3333,0.7447,0.3146,0.936402216,1,,0.5,0.3333
120296,Premier Insurance Services,Business Owners Policy,NY,10001,12/1/2025,12/31/2025,0.4774,428.32,188.3,320.93,2714.97,1,0,1,0,0,3,2,1,0.3333,0.7493,0.3146,0.936402216,1,,0.5,0.3333
120296,Premier Insurance Services,Business Owners Policy,NY,10001,2/1/2026,2/28/2026,0.4845,3064.96,387.91,353.28,1259.6,1,1,1,1,0,4,3,1,0.25,0.7518,0.3146,0.936402216,1,,0.3333,0.25
120296,Premier Insurance Services,Business Owners Policy,NY,10001,3/1/2026,3/31/2026,0.5292,605.61,2247.08,73.32,6032.76,1,0,0,0,0,3,2,1,0.3333,0.7583,0.3146,0.936402216,1,Withdrawn,0.5,0.3333
120296,Premier Insurance Services,Business Owners Policy,NY,10001,4/1/2025,4/30/2025,0.5369,322.55,2039.1,52.32,2669.73,1,0,0,0,0,5,2,1,0.2,0.7201,0.3146,0.936402216,3,Withdrawn,0.5,0.2
120296,Premier Insurance Services,Business Owners Policy,NY,10001,5/1/2025,5/31/2025,0.486,5640.51,382.18,27.61,2099.62,0,1,1,1,0,3,2,1,0.3333,0.7451,0.3146,0.936402216,1,Withdrawn,0.5,0.3333
120296,Premier Insurance Services,Business Owners Policy,NY,10001,6/1/2025,6/30/2025,0.5202,732.29,511.91,337.6,2640.66,1,0,1,0,0,3,2,1,0.3333,0.7572,0.3146,0.936402216,1,,0.5,0.3333
120296,Premier Insurance Services,Business Owners Policy,NY,10001,7/1/2025,7/31/2025,0.4747,1242.37,391.81,133.23,869.08,1,1,2,0,0,3,2,1,0.3333,0.7608,0.3146,0.936402216,1,Withdrawn,0.5,0.3333
120296,Premier Insurance Services,Business Owners Policy,NY,10001,8/1/2025,8/31/2025,0.5065,2159.65,379.49,742.18,1994.86,0,0,1,0,0,4,3,2,0.5,0.7606,0.3146,0.936402216,1,Declined,0.6667,0.5
120296,Premier Insurance Services,Business Owners Policy,NY,10001,9/1/2025,9/30/2025,0.4779,892.02,1815.57,144.12,3134.84,1,0,0,0,0,7,4,2,0.2857,0.7394,0.3146,0.936402216,3,Withdrawn,0.5,0.2857
120297,Tri-State Risk Management,Workers Comp,NY,11201,1/1/2026,1/31/2026,0.509,2774.17,0,246.7,987.17,0,0,1,0,0,4,3,1,0.25,0.8747,0.2605,0.976160528,1,Withdrawn,0.3333,0.25
120297,Tri-State Risk Management,Workers Comp,NY,11201,10/1/2025,10/31/2025,0.4783,4416.93,0,170.49,721.85,1,2,0,0,0,3,2,1,0.3333,0.8742,0.2605,0.976160528,1,Declined,0.5,0.3333
120297,Tri-State Risk Management,Workers Comp,NY,11201,11/1/2025,11/30/2025,0.4545,2954.16,0,184.53,3391.81,1,0,0,0,0,8,7,6,0.75,0.8861,0.2605,0.976160528,1,Withdrawn,0.8571,0.75
120297,Tri-State Risk Management,Workers Comp,NY,11201,12/1/2025,12/31/2025,0.4294,7087.97,0,85.82,618.78,1,0,0,0,0,3,2,1,0.3333,0.8749,0.2605,0.976160528,1,,0.5,0.3333
120297,Tri-State Risk Management,Workers Comp,NY,11201,2/1/2026,2/28/2026,0.4507,4426.22,0,111.63,2456.25,0,0,1,1,0,6,4,3,0.5,0.8733,0.2605,0.976160528,2,,0.75,0.5
120297,Tri-State Risk Management,Workers Comp,NY,11201,3/1/2026,3/31/2026,0.4667,2319.91,0,237.3,621.96,1,0,1,0,0,3,2,1,0.3333,0.8743,0.2605,0.976160528,1,,0.5,0.3333
120297,Tri-State Risk Management,Workers Comp,NY,11201,4/1/2025,4/30/2025,0.5918,5714.73,0,60.08,2996.83,1,1,1,0,0,3,2,1,0.3333,0.8715,0.2605,0.976160528,1,Declined,0.5,0.3333
120297,Tri-State Risk Management,Workers Comp,NY,11201,5/1/2025,5/31/2025,0.4442,1647.94,0,499.07,920.61,1,0,1,0,0,5,4,3,0.6,0.8716,0.2605,0.976160528,1,Withdrawn,0.75,0.6
120297,Tri-State Risk Management,Workers Comp,NY,11201,6/1/2025,6/30/2025,0.5426,5566,0,198.94,549.88,0,2,2,0,0,3,2,1,0.3333,0.8797,0.2605,0.976160528,1,,0.5,0.3333
120297,Tri-State Risk Management,Workers Comp,NY,11201,7/1/2025,7/31/2025,0.58,4480.32,0,92.36,1136.88,1,1,0,1,0,3,2,1,0.3333,0.8727,0.2605,0.976160528,1,,0.5,0.3333
120297,Tri-State Risk Management,Workers Comp,NY,11201,8/1/2025,8/31/2025,0.4719,2632.33,0,62.18,1938.4,1,0,2,0,0,4,3,1,0.25,0.8622,0.2605,0.976160528,1,Withdrawn,0.3333,0.25
120297,Tri-State Risk Management,Workers Comp,NY,11201,9/1/2025,9/30/2025,0.4556,1220.48,0,170.33,1872.84,1,0,0,0,0,3,2,1,0.3333,0.874,0.2605,0.976160528,1,,0.5,0.3333
120298,Keystone Insurance Services,Commercial Auto,NY,10301,1/1/2026,1/31/2026,0.7351,2036.66,1159.13,156.52,2510.63,1,1,1,1,0,4,3,2,0.5,0.7733,0.3472,0.924101251,1,,0.6667,0.5
120298,Keystone Insurance Services,Commercial Auto,NY,10301,10/1/2025,10/31/2025,0.7655,183.29,678.93,614.25,2145.3,0,1,1,0,0,4,2,1,0.25,0.7691,0.3472,0.924101251,2,,0.5,0.25
120298,Keystone Insurance Services,Commercial Auto,NY,10301,11/1/2025,11/30/2025,0.7682,1430.45,399.01,277.42,1018.28,1,1,1,0,0,4,2,1,0.25,0.7769,0.3472,0.924101251,2,,0.5,0.25
120298,Keystone Insurance Services,Commercial Auto,NY,10301,12/1/2025,12/31/2025,0.7582,1009.69,1357.46,44.81,1194.61,0,1,3,0,0,4,3,2,0.5,0.7642,0.3472,0.924101251,1,Withdrawn,0.6667,0.5
120298,Keystone Insurance Services,Commercial Auto,NY,10301,2/1/2026,2/28/2026,0.7452,3622.1,343.41,128.51,3161.5,2,0,1,1,0,3,2,1,0.3333,0.7716,0.3472,0.924101251,1,Declined,0.5,0.3333
120298,Keystone Insurance Services,Commercial Auto,NY,10301,3/1/2026,3/31/2026,0.7643,1866.44,709.11,454.83,2105.55,4,0,0,1,0,3,2,1,0.3333,0.7699,0.3472,0.924101251,1,Declined,0.5,0.3333
120298,Keystone Insurance Services,Commercial Auto,NY,10301,4/1/2025,4/30/2025,0.7631,4486.62,1448.74,368.57,952.2,0,2,1,0,0,3,2,1,0.3333,0.7769,0.3472,0.924101251,1,,0.5,0.3333
120298,Keystone Insurance Services,Commercial Auto,NY,10301,5/1/2025,5/31/2025,0.7814,2126.09,1066.96,78.82,4145.89,2,0,2,0,0,3,2,1,0.3333,0.78,0.3472,0.924101251,1,Declined,0.5,0.3333
120298,Keystone Insurance Services,Commercial Auto,NY,10301,6/1/2025,6/30/2025,0.7427,716.27,887.35,124.47,795.03,0,0,0,0,0,3,2,1,0.3333,0.7846,0.3472,0.924101251,1,Declined,0.5,0.3333
120298,Keystone Insurance Services,Commercial Auto,NY,10301,7/1/2025,7/31/2025,0.7867,1196.11,1007.7,201.03,2321.01,1,1,2,1,0,3,2,1,0.3333,0.7767,0.3472,0.924101251,1,Withdrawn,0.5,0.3333
120298,Keystone Insurance Services,Commercial Auto,NY,10301,8/1/2025,8/31/2025,0.7538,2985.78,237.63,749.42,3695.5,1,1,1,0,0,4,2,1,0.25,0.7793,0.3472,0.924101251,2,,0.5,0.25
120298,Keystone Insurance Services,Commercial Auto,NY,10301,9/1/2025,9/30/2025,0.7611,3881.81,878.95,60.4,1311.21,2,1,1,0,0,3,2,1,0.3333,0.7665,0.3472,0.924101251,1,,0.5,0.3333
120299,Alliance Risk Management,Business Owners Policy,NY,14201,1/1/2026,1/31/2026,0.5207,5584.69,0,77.92,3595.72,1,0,1,0,0,3,2,1,0.3333,0.7317,0.3098,0.959667435,1,Declined,0.5,0.3333
120299,Alliance Risk Management,Business Owners Policy,NY,14201,10/1/2025,10/31/2025,0.5266,6413.68,0,28.7,3023.34,2,0,1,0,0,6,5,4,0.6667,0.7734,0.3098,0.959667435,1,Declined,0.8,0.6667
120299,Alliance Risk Management,Business Owners Policy,NY,14201,11/1/2025,11/30/2025,0.5309,403.84,0,494.17,5063.44,2,0,1,1,0,3,2,1,0.3333,0.731,0.3098,0.959667435,1,Declined,0.5,0.3333
120299,Alliance Risk Management,Business Owners Policy,NY,14201,12/1/2025,12/31/2025,0.5204,1606.91,0,104.6,3471.71,1,1,2,2,0,18,5,3,0.1667,0.7649,0.3098,0.959667435,13,Withdrawn,0.6,0.1667
120299,Alliance Risk Management,Business Owners Policy,NY,14201,2/1/2026,2/28/2026,0.4709,643.9,0,71.3,1420.44,0,0,0,0,0,3,2,1,0.3333,0.7706,0.3098,0.959667435,1,,0.5,0.3333
120299,Alliance Risk Management,Business Owners Policy,NY,14201,3/1/2026,3/31/2026,0.5101,4773.14,0,442.03,2951.37,1,1,2,0,0,3,2,1,0.3333,0.748,0.3098,0.959667435,1,Withdrawn,0.5,0.3333
120299,Alliance Risk Management,Business Owners Policy,NY,14201,4/1/2025,4/30/2025,0.4717,349.41,0,451.01,1890.11,1,1,0,0,0,3,2,1,0.3333,0.7399,0.3098,0.959667435,1,,0.5,0.3333
120299,Alliance Risk Management,Business Owners Policy,NY,14201,5/1/2025,5/31/2025,0.4991,509.55,0,846.46,3417.56,1,0,2,0,0,3,2,1,0.3333,0.7734,0.3098,0.959667435,1,Withdrawn,0.5,0.3333
120299,Alliance Risk Management,Business Owners Policy,NY,14201,6/1/2025,6/30/2025,0.484,1803.53,0,480.61,1185.93,2,1,2,0,0,3,2,1,0.3333,0.7418,0.3098,0.959667435,1,Withdrawn,0.5,0.3333
120299,Alliance Risk Management,Business Owners Policy,NY,14201,7/1/2025,7/31/2025,0.4873,9015.47,0,57.51,3010.81,4,1,2,2,0,4,2,1,0.25,0.7371,0.3098,0.959667435,2,Withdrawn,0.5,0.25
120299,Alliance Risk Management,Business Owners Policy,NY,14201,8/1/2025,8/31/2025,0.4717,3405.2,0,425.52,1899.44,0,1,2,1,0,4,3,2,0.5,0.7519,0.3098,0.959667435,1,Withdrawn,0.6667,0.5
120299,Alliance Risk Management,Business Owners Policy,NY,14201,9/1/2025,9/30/2025,0.5331,3236.8,0,406.34,2502.83,1,1,1,1,0,3,2,1,0.3333,0.7631,0.3098,0.959667435,1,,0.5,0.3333
