PolicyNumber,CarrierCode,AgentCode,TransactionType,PolicyEffectiveDate,PolicyExpirationDate,TransactionEffectiveDate,TermLengthMonths,LineOfBusiness,Subline,InsuredName,InsuredPrimaryEmail,RiskLocationAddress,State,InsuredMailingAddress,RatedDriverCount,VehicleCount,DwellingYearBuilt,ConstructionType,ProtectionClass,Limit_BI,Limit_PD,Deductible_Collision,Deductible_Comprehensive,TermPremium,WrittenPremium,EarnedPremium,BillingPlan,CancellationDate,ReinstatementDate,RewriteIndicator,eDocIndicator,UnearnedPremium
BVN7537617,TRAV,120192,Endorsement,4/1/2025,4/1/2026,4/29/2025,12,Umbrella,Personal Umbrella,Kevin Perez,kevin.perez@example.com,"882 Jennifer Lock, South Catherinemouth, VI 69218",VI,"882 Jennifer Lock, South Catherinemouth, VI 69218",,,,,,,,,,358.39,-5.46,269.04,Agency Bill,,,FALSE,TRUE,89.35
LEK5069502,TRAV,120223,New,4/1/2025,4/1/2026,4/1/2025,12,Personal Auto,Private Passenger Auto,David Schmidt,david.schmidt@customer.net,"9987 Ryan Rapid Apt. 328, North Walter, HI 19151",HI,"9987 Ryan Rapid Apt. 328, North Walter, HI 19151",2,1,,,,50/100,100000,1000,500,1269.61,1269.61,953.08,Direct Bill,,,FALSE,TRUE,316.53
HEX8534092,TRAV,120241,Renewal,4/1/2025,4/1/2026,4/1/2025,12,Homeowners,HO3,Darrell Barr,darrell.barr@policyhub.org,"88773 Holly Meadow, Alecborough, MO 96883",MO,"498 Jennifer Squares Apt. 066, East Alexa, OH 85375",,,1993,Frame,6,,,,,3221.99,3221.99,2418.7,Direct Bill,,,FALSE,TRUE,803.29
DFK5066287,ALLS,120176,Renewal,4/1/2025,4/1/2026,4/1/2025,12,WC,Workers Compensation,Jessica Gutierrez,jessica.gutierrez@policyhub.org,"1423 Jacob Tunnel, Floresmouth, KY 80002",KY,"224 Olson Port, Riddlehaven, PA 79856",,,,,,,,,,5287.49,5287.49,3969.24,Agency Bill,,,FALSE,TRUE,1318.25
HFV6294771,ALLS,120174,Cancel,4/1/2025,10/18/2025,10/18/2025,12,Package,Commercial Package,Pam Garcia,pam.garcia@insmail.com,"734 Walker Meadows, South John, UT 82181",UT,"734 Walker Meadows, South John, UT 82181",,,,Frame,6,,,,,4412.36,0,4412.36,Direct Bill,11/12/2023,,FALSE,TRUE,0
XPK1706867,PRGS,120267,New,4/1/2025,4/1/2026,4/1/2025,12,Personal Auto,Private Passenger Auto,Kristy Hudson,kristy.hudson@customer.net,"9171 Travis Extensions, North Joshua, FM 06564",FM,"9171 Travis Extensions, North Joshua, FM 06564",2,3,,,,50/100,100000,500,250,4000,4000,3002.74,Direct Bill,,,FALSE,TRUE,997.26
TDK3284508,PRGS,120075,Renewal,4/1/2025,4/1/2026,4/1/2025,12,BOP,Businessowners,Michael Brown,michael.brown@customer.net,"09560 Mitchell Islands Suite 932, Vargasburgh, MI 91597",MI,"09560 Mitchell Islands Suite 932, Vargasburgh, MI 91597",,,,Non-Combustible,10,,,,,9423.16,9423.16,7073.82,Agency Bill,,,FALSE,FALSE,2349.34
RUX0992625,ALLS,120163,Renewal,4/1/2025,4/1/2026,4/1/2025,12,Homeowners,HO3,Luke Rios,luke.rios@mail.com,"53577 Knapp Rue, Jennifershire, GA 85436",GA,"66814 Anthony Valley, New Richardville, HI 96076",,,1998,Frame,6,,,,,1636.2,1636.2,1228.27,Agency Bill,,,FALSE,TRUE,407.93
WYN9779813,AMFA,120192,New,4/1/2025,4/1/2026,4/1/2025,12,Personal Auto,Private Passenger Auto,Kevin Wilson,kevin.wilson@customer.net,"1939 Robert Knoll, North Vickie, KY 69933",KY,"1939 Robert Knoll, North Vickie, KY 69933",1,1,,,,50/100,100000,500,500,683.65,683.65,513.21,Direct Bill,,,FALSE,TRUE,170.44
RGR7818730,AMFA,120219,Renewal,4/1/2025,4/1/2026,4/1/2025,12,Umbrella,Personal Umbrella,Thomas Valenzuela,thomas.valenzuela@insmail.com,"44595 Melanie Vista Suite 157, Brianport, AL 09017",AL,"44595 Melanie Vista Suite 157, Brianport, AL 09017",,,,,,,,,,231.68,231.68,173.92,Direct Bill,,,FALSE,TRUE,57.76
BZW5002091,NATI,120262,Renewal,4/1/2025,4/1/2026,4/1/2025,12,Homeowners,HO3,Jacob Santiago,jacob.santiago@insmail.com,"3999 Diaz Crescent Apt. 721, Wagnermouth, TX 19154",TX,"3999 Diaz Crescent Apt. 721, Wagnermouth, TX 19154",,,1965,Masonry Veneer,4,,,,,1394.86,1394.86,1047.1,Direct Bill,,,FALSE,TRUE,347.76
JEG2836010,HART,120093,Renewal,4/1/2025,4/1/2026,4/1/2025,12,WC,Workers Compensation,Jesse Salazar,jesse.salazar@insmail.com,"6085 Ryan Tunnel Suite 487, West Jessica, NM 09933",NM,"6085 Ryan Tunnel Suite 487, West Jessica, NM 09933",,,,,,,,,,3909.51,3909.51,2934.81,Agency Bill,,,FALSE,TRUE,974.7
ZRJ0171264,PRGS,120139,Renewal,4/1/2025,4/1/2026,4/1/2025,12,Personal Auto,Private Passenger Auto,Lauren Nguyen,lauren.nguyen@mail.com,"506 Michelle Mountain, Port Davidfurt, TX 26010",TX,"506 Michelle Mountain, Port Davidfurt, TX 26010",2,1,,,,50/100,250000,250,2500,2422.1,2422.1,1818.23,Direct Bill,,,FALSE,TRUE,603.87
YKA9823210,NATI,120192,Renewal,4/1/2025,4/1/2026,4/1/2025,12,Personal Auto,Private Passenger Auto,Christopher Jones,christopher.jones@policyhub.org,"6678 Coleman Viaduct, South Gailland, DC 62579",DC,"6678 Coleman Viaduct, South Gailland, DC 62579",4,4,,,,50/100,100000,250,500,1915.46,1915.46,1437.91,Direct Bill,,,FALSE,TRUE,477.55
XUA2006579,ALLS,120143,New,4/1/2025,4/1/2026,4/1/2025,12,Personal Auto,Private Passenger Auto,Catherine Rodriguez,catherine.rodriguez@mail.com,"3847 Wells Forks Suite 283, Kathleenville, LA 62086",LA,"3847 Wells Forks Suite 283, Kathleenville, LA 62086",3,1,,,,25/50,100000,1000,1000,1539.01,1539.01,1155.31,Direct Bill,,,FALSE,TRUE,383.7
AKZ4596526,AMFA,120255,Renewal,4/1/2025,4/1/2026,4/1/2025,12,BOP,Businessowners,Gregory Stokes,gregory.stokes@policyhub.org,"33254 Anderson Motorway Apt. 291, Baxtershire, AZ 82377",AZ,"33254 Anderson Motorway Apt. 291, Baxtershire, AZ 82377",,,,Frame,8,,,,,4101.34,4101.34,3078.81,Agency Bill,,,FALSE,TRUE,1022.53
TZD2937538,PRGS,120205,Renewal,4/1/2025,4/1/2026,4/1/2025,12,Homeowners,HO3,Mark Mendoza,mark.mendoza@mail.com,"893 Martinez Plains, Port Courtney, NH 39672",NH,"237 Susan Burg Suite 213, Tylerport, MI 75702",,,1989,Masonry,8,,,,,1679.08,1679.08,1260.46,Agency Bill,,,FALSE,FALSE,418.62
KEK3297248,ALLS,120291,Renewal,4/1/2025,4/1/2026,4/1/2025,12,BOP,Businessowners,Erica Jackson,erica.jackson@customer.net,"1579 Michael Canyon Suite 963, Lake Jennifer, FL 19740",FL,"1579 Michael Canyon Suite 963, Lake Jennifer, FL 19740",,,,Frame,5,,,,,3357.26,3357.26,2520.24,Direct Bill,,,FALSE,TRUE,837.02
AYC4650886,NATI,120026,Renewal,4/1/2025,4/1/2026,4/1/2025,12,Homeowners,HO3,Sarah Rogers,sarah.rogers@mail.com,"5248 Denise Ranch Suite 562, New Wanda, DC 99304",DC,"5248 Denise Ranch Suite 562, New Wanda, DC 99304",,,2001,Frame,3,,,,,1978.86,1978.86,1485.5,Direct Bill,,,FALSE,TRUE,493.36
THN6839723,HART,120268,Endorsement,4/1/2025,4/1/2026,2/9/2026,12,Umbrella,Personal Umbrella,Melissa Jones,melissa.jones@customer.net,"6607 Stephanie Spurs, Lake Julie, GU 19365",GU,"6607 Stephanie Spurs, Lake Julie, GU 19365",,,,,,,,,,314.46,0.78,236.06,Agency Bill,,,FALSE,TRUE,78.4
UBN0903964,ALLS,120110,New,4/1/2025,4/1/2026,4/1/2025,12,Personal Auto,Private Passenger Auto,Travis Mason,travis.mason@customer.net,"337 Brittney Crescent, Lake Jennifer, KS 31272",KS,"289 Joseph Cliff Suite 314, New Destiny, NJ 38492",3,1,,,,25/50,50000,1000,500,1600.13,1600.13,1201.19,Direct Bill,,,FALSE,TRUE,398.94
HRD5856976,ALLS,120283,Renewal,4/1/2025,4/1/2026,4/1/2025,12,Homeowners,HO3,Laura Perkins,laura.perkins@example.com,"6339 Lyons Road, New Johnhaven, OK 05097",OK,"6339 Lyons Road, New Johnhaven, OK 05097",,,1982,Masonry,7,,,,,3696.24,3696.24,2774.71,Direct Bill,,,FALSE,TRUE,921.53
ECR6646240,ALLS,120215,Renewal,4/1/2025,4/1/2026,4/1/2025,12,Personal Auto,Private Passenger Auto,Andrea Woodard,andrea.woodard@insmail.com,"3140 Huber Ridge, Lisaborough, LA 88547",LA,"3140 Huber Ridge, Lisaborough, LA 88547",2,3,,,,50/100,100000,1000,500,1724.82,1724.82,1294.8,Direct Bill,,,FALSE,TRUE,430.02
CHM2995807,CHUB,120178,Renewal,4/1/2025,4/1/2026,4/1/2025,12,WC,Workers Compensation,Bradley Jones,bradley.jones@insmail.com,"407 Davis Village Suite 729, Carolfort, NH 27506",NH,"407 Davis Village Suite 729, Carolfort, NH 27506",,,,,,,,,,2000,2000,1501.37,Direct Bill,,,FALSE,FALSE,498.63
BRL3677367,TRAV,120115,Renewal,4/1/2025,4/1/2026,4/1/2025,12,BOP,Businessowners,Christina Mercado,christina.mercado@mail.com,"630 Brian Well Suite 019, Stephenfurt, MS 13748",MS,"630 Brian Well Suite 019, Stephenfurt, MS 13748",,,,Non-Combustible,9,,,,,1500,1500,1126.03,Direct Bill,,,FALSE,TRUE,373.97
JAM3576748,TRAV,120174,Renewal,4/1/2025,4/1/2026,4/1/2025,12,BOP,Businessowners,Steven Gill,steven.gill@customer.net,"114 Rachael Cliff Suite 261, Port Julie, NY 75537",NY,"114 Rachael Cliff Suite 261, Port Julie, NY 75537",,,,Joisted Masonry,3,,,,,1500,1500,1126.03,Direct Bill,,,FALSE,TRUE,373.97
WBR9020529,CHUB,120184,New,4/1/2025,4/1/2026,4/1/2025,12,Personal Auto,Private Passenger Auto,Taylor Stone,taylor.stone@policyhub.org,"99607 Kyle Terrace, Dominguezshire, AL 26221",AL,"71965 Gonzales Isle, North Stacey, UT 99029",1,2,,,,50/100,100000,500,500,1480.22,1480.22,1111.18,Direct Bill,,,FALSE,TRUE,369.04
HAW6272673,CHUB,120296,Renewal,4/1/2025,4/1/2026,4/1/2025,12,Homeowners,HO3,Brenda Pittman,brenda.pittman@customer.net,"88924 Clarence Crossroad, North Richardmouth, FL 60139",FL,"88924 Clarence Crossroad, North Richardmouth, FL 60139",,,1981,Frame,4,,,,,1062.2,1062.2,797.38,Direct Bill,,,FALSE,TRUE,264.82
SLL4963986,HART,120009,Renewal,4/1/2025,4/1/2026,4/1/2025,12,Homeowners,HO3,Joan Pittman,joan.pittman@customer.net,"575 Denise Ville Apt. 683, North Amanda, TX 56336",TX,"70364 Howell Unions Suite 365, Juanborough, MH 25102",,,1980,Frame,8,,,,,1017.58,1017.58,763.88,Direct Bill,,,FALSE,TRUE,253.7
NBB5542618,CHUB,120044,Renewal,4/1/2025,4/1/2026,4/1/2025,12,Homeowners,HO3,Carol Jones,carol.jones@example.com,"29693 Leslie Station Apt. 585, Port Amy, MO 41488",MO,"29693 Leslie Station Apt. 585, Port Amy, MO 41488",,,1976,Masonry,2,,,,,1751.7,1751.7,1314.97,Agency Bill,,,FALSE,TRUE,436.73
DVM6980516,FARM,120041,New,4/1/2025,4/1/2026,4/1/2025,12,Personal Auto,Private Passenger Auto,Michelle Simpson,michelle.simpson@insmail.com,"663 Kevin Village Apt. 832, Zavalaton, FL 86037",FL,"663 Kevin Village Apt. 832, Zavalaton, FL 86037",3,3,,,,25/50,250000,1000,500,2554.75,2554.75,1917.81,Direct Bill,,,FALSE,TRUE,636.94
LEV9399261,ALLS,120021,New,4/1/2025,4/1/2026,4/1/2025,12,Personal Auto,Private Passenger Auto,Andrea Hale,andrea.hale@mail.com,"00364 Taylor Islands Apt. 477, Josephmouth, RI 46561",RI,"00364 Taylor Islands Apt. 477, Josephmouth, RI 46561",2,2,,,,25/50,250000,1000,500,1773.89,1773.89,1331.63,Direct Bill,,,FALSE,TRUE,442.26
JEW1395623,PRGS,120102,New,4/1/2025,4/1/2026,4/1/2025,12,Personal Auto,Private Passenger Auto,Troy Perez,troy.perez@policyhub.org,"17159 Wang Passage, Lake April, WA 11303",WA,"58985 Julie Cape, North Dylanshire, MI 69042",3,1,,,,25/50,50000,1000,500,1139,1139,855.03,Direct Bill,,,FALSE,TRUE,283.97
JUS6307856,ALLS,120071,Renewal,4/1/2025,4/1/2026,4/1/2025,12,Homeowners,HO3,Alicia Pena,alicia.pena@customer.net,"239 Patty Tunnel Suite 506, Robertbury, CO 00619",CO,"793 Colleen Forks Suite 270, Ericborough, MA 67924",,,2014,Frame,5,,,,,1108.48,1108.48,832.12,Direct Bill,,,FALSE,TRUE,276.36
FTD1887351,NATI,120262,Renewal,4/1/2025,4/1/2026,4/1/2025,12,BOP,Businessowners,Kristen Keith,kristen.keith@mail.com,"406 Darryl Knoll, West Leeville, WA 36180",WA,"406 Darryl Knoll, West Leeville, WA 36180",,,,Non-Combustible,4,,,,,4529.63,4529.63,3400.32,Direct Bill,,,FALSE,TRUE,1129.31
JMA0696161,LIBM,120282,New,4/1/2025,4/1/2026,4/1/2025,12,Personal Auto,Private Passenger Auto,Amber Torres,amber.torres@example.com,"4341 Sanchez Springs, South Christopher, NE 68476",NE,"25881 Reed Highway, East Mark, KS 39567",2,3,,,,50/100,100000,500,1000,846.81,846.81,635.69,Direct Bill,,,FALSE,TRUE,211.12
WHX3625956,GEIC,120235,New,4/1/2025,4/1/2026,4/1/2025,12,Personal Auto,Private Passenger Auto,John Frazier,john.frazier@policyhub.org,"19271 Mercado Passage, New Amandamouth, ME 83313",ME,"544 Christopher Centers, New Mariamouth, MT 46937",2,5,,,,50/100,100000,500,250,3398.1,3398.1,2550.9,Agency Bill,,,FALSE,FALSE,847.2
HGM9377321,TRAV,120182,New,4/1/2025,4/1/2026,4/1/2025,12,Personal Auto,Private Passenger Auto,Mary Lee,mary.lee@example.com,"9719 Kimberly Station, North Melaniehaven, IL 59630",IL,"9719 Kimberly Station, North Melaniehaven, IL 59630",4,4,,,,25/50,100000,500,500,916.16,916.16,687.75,Direct Bill,,,FALSE,TRUE,228.41
BSX1108673,GEIC,120275,New,4/1/2025,4/1/2026,4/1/2025,12,Personal Auto,Private Passenger Auto,Lisa Hicks,lisa.hicks@mail.com,"548 Justin Square, West Karen, PW 44843",PW,"24082 Natalie Burgs, North Anne, HI 90086",1,2,,,,25/50,250000,1000,1000,827.36,827.36,621.09,Direct Bill,,,FALSE,TRUE,206.27
JGY2074323,NATI,120066,New,4/1/2025,4/1/2026,4/1/2025,12,Personal Auto,Private Passenger Auto,Desiree Hughes,desiree.hughes@policyhub.org,"385 Michelle Views, Taylorstad, ND 85239",ND,"53512 Evans Freeway Apt. 154, Lake Michaela, AL 68850",1,1,,,,25/50,250000,2500,500,550.78,550.78,413.46,Direct Bill,,,FALSE,TRUE,137.32
MGF1557649,ALLS,120050,New,4/1/2025,4/1/2026,4/1/2025,12,Personal Auto,Private Passenger Auto,Maria Kelly,maria.kelly@policyhub.org,"5540 Compton Ramp Apt. 710, Lake Lauraberg, KS 47860",KS,"5540 Compton Ramp Apt. 710, Lake Lauraberg, KS 47860",3,1,,,,50/100,250000,1000,1000,814.98,814.98,611.79,Agency Bill,,,FALSE,TRUE,203.19
BGS9210213,GEIC,120179,New,4/1/2025,4/1/2026,4/1/2025,12,Personal Auto,Private Passenger Auto,Richard Benson,richard.benson@policyhub.org,"2568 Herrera Locks Apt. 852, Dorseyfurt, KS 61358",KS,"2568 Herrera Locks Apt. 852, Dorseyfurt, KS 61358",1,3,,,,25/50,250000,1000,250,1978.37,1978.37,1485.13,Direct Bill,,,FALSE,TRUE,493.24
BAW5597011,LIBM,120075,Renewal,4/1/2025,4/1/2026,4/1/2025,12,BOP,Businessowners,John Henry,john.henry@policyhub.org,"9172 Ramirez Pines Apt. 257, Tonihaven, VA 48115",VA,"9172 Ramirez Pines Apt. 257, Tonihaven, VA 48115",,,,Non-Combustible,3,,,,,3626.85,3626.85,2722.62,Direct Bill,,,FALSE,TRUE,904.23
FHK1788367,PRGS,120251,Renewal,4/1/2025,4/1/2026,4/1/2025,12,Umbrella,Personal Umbrella,Alexis Dixon,alexis.dixon@policyhub.org,"8272 Emily Cliffs, West John, OR 84005",OR,"7811 Garcia Vista Suite 666, Brittanystad, HI 39783",,,,,,,,,,249.44,249.44,187.25,Direct Bill,,,FALSE,TRUE,62.19
CFZ5702895,CHUB,120173,New,4/1/2025,4/1/2026,4/1/2025,12,Personal Auto,Private Passenger Auto,Veronica Kim,veronica.kim@insmail.com,"080 Ball Loaf, Stuartton, NC 55339",NC,"080 Ball Loaf, Stuartton, NC 55339",2,1,,,,25/50,50000,500,1000,2207.67,2207.67,1657.26,Direct Bill,,,FALSE,TRUE,550.41
VXJ8897017,PRGS,120076,Renewal,4/1/2025,4/1/2026,4/1/2025,12,Personal Auto,Private Passenger Auto,Christopher Collier,christopher.collier@customer.net,"283 Nicole Fields, Abigailfort, AL 94151",AL,"283 Nicole Fields, Abigailfort, AL 94151",2,2,,,,50/100,100000,500,500,1159.7,1159.7,870.57,Direct Bill,,,FALSE,TRUE,289.13
RCD0713647,TRAV,120247,New,4/1/2025,4/1/2026,4/1/2025,12,Personal Auto,Private Passenger Auto,Jimmy Morgan,jimmy.morgan@policyhub.org,"186 Richardson Port, Welchburgh, OK 14366",OK,"186 Richardson Port, Welchburgh, OK 14366",2,2,,,,25/50,250000,2500,1000,1129.71,1129.71,848.06,Direct Bill,,,FALSE,TRUE,281.65
TGR0436842,ALLS,120056,Renewal,4/1/2025,4/1/2026,4/1/2025,12,WC,Workers Compensation,Eric Browning,eric.browning@customer.net,"807 Pamela Rapid Apt. 936, North Jasmine, NE 24260",NE,"807 Pamela Rapid Apt. 936, North Jasmine, NE 24260",,,,,,,,,,17313.54,17313.54,12997.01,Direct Bill,,,FALSE,TRUE,4316.53
RCL7396460,PRGS,120299,New,4/1/2025,4/1/2026,4/1/2025,12,Personal Auto,Private Passenger Auto,Carrie Carroll,carrie.carroll@example.com,"6706 Brittney Spring, West Matthew, MA 47764",MA,"6706 Brittney Spring, West Matthew, MA 47764",2,1,,,,25/50,100000,500,500,486.74,486.74,365.39,Agency Bill,,,FALSE,TRUE,121.35
NDB1981171,TRAV,120041,Renewal,4/1/2025,4/1/2026,4/1/2025,12,Homeowners,HO3,Justin Frazier,justin.frazier@example.com,"67473 Mary Coves Suite 488, Lake Jessica, ND 31766",ND,"67473 Mary Coves Suite 488, Lake Jessica, ND 31766",,,2013,Joisted Masonry,6,,,,,1666.55,1666.55,1251.05,Agency Bill,,,FALSE,FALSE,415.5
BBT8636064,FARM,120124,New,4/1/2025,4/1/2026,4/1/2025,12,Personal Auto,Private Passenger Auto,Denise Ortega,denise.ortega@example.com,"67230 Katherine Manor, Castillohaven, NC 28778",NC,"67230 Katherine Manor, Castillohaven, NC 28778",1,2,,,,50/100,100000,2500,1000,918.81,918.81,689.74,Agency Bill,,,FALSE,TRUE,229.07
ZER5933591,AMFA,120188,Renewal,4/1/2025,4/1/2026,4/1/2025,12,Homeowners,HO3,David Pena,david.pena@insmail.com,"7805 Andrew Road Apt. 813, Brianaburgh, FL 34888",FL,"7805 Andrew Road Apt. 813, Brianaburgh, FL 34888",,,2004,Frame,8,,,,,2516.76,2516.76,1889.29,Direct Bill,,,FALSE,TRUE,627.47
UGP9507783,AMFA,120235,New,4/1/2025,4/1/2026,4/1/2025,12,Personal Auto,Private Passenger Auto,Paul Gonzalez,paul.gonzalez@insmail.com,"45133 Foster Union Suite 686, West Tony, FL 56957",FL,"5029 Elizabeth Mountain, Harperchester, FL 64780",1,4,,,,50/100,100000,500,500,1718.64,1718.64,1290.16,Direct Bill,,,FALSE,TRUE,428.48
JWL5858730,ALLS,120012,New,4/1/2025,4/1/2026,4/1/2025,12,Personal Auto,Private Passenger Auto,Sean Watkins,sean.watkins@mail.com,"6557 Phillip Ville, New Brandon, AR 67852",AR,"6557 Phillip Ville, New Brandon, AR 67852",1,1,,,,25/50,250000,500,1000,1313.24,1313.24,985.83,Agency Bill,,,FALSE,FALSE,327.41
BXG5239253,ALLS,120280,Renewal,4/1/2025,4/1/2026,4/1/2025,12,Homeowners,HO3,Olivia Castro,olivia.castro@mail.com,"465 Rachel Curve Apt. 929, Thompsonfort, NC 08357",NC,"465 Rachel Curve Apt. 929, Thompsonfort, NC 08357",,,1979,Frame,5,,,,,3040.25,3040.25,2282.27,Agency Bill,,,FALSE,FALSE,757.98
MBK7572583,PRGS,120236,Renewal,4/1/2025,4/1/2026,4/1/2025,12,BOP,Businessowners,Amy Oconnor,amy.oconnor@policyhub.org,"53246 Ariel Orchard Apt. 606, New Jennifer, VA 35478",VA,"53246 Ariel Orchard Apt. 606, New Jennifer, VA 35478",,,,Frame,8,,,,,3220.43,3220.43,2417.53,Agency Bill,,,FALSE,FALSE,802.9
AYK9615935,CHUB,120064,New,4/1/2025,4/1/2026,4/1/2025,12,Personal Auto,Private Passenger Auto,Douglas Thomas,douglas.thomas@insmail.com,"198 Luis Tunnel Apt. 819, Johnsville, CT 69970",CT,"198 Luis Tunnel Apt. 819, Johnsville, CT 69970",4,2,,,,50/100,100000,1000,1000,1378.83,1378.83,1035.07,Agency Bill,,,FALSE,TRUE,343.76
BAA6321428,PRGS,120226,New,4/1/2025,4/1/2026,4/1/2025,12,Personal Auto,Private Passenger Auto,Cassandra Serrano,cassandra.serrano@insmail.com,"149 Morris Haven Suite 047, Brandonborough, ME 45901",ME,"149 Morris Haven Suite 047, Brandonborough, ME 45901",2,1,,,,25/50,250000,500,500,951.86,951.86,714.55,Agency Bill,,,FALSE,TRUE,237.31
ZUE6443107,TRAV,120268,Renewal,4/1/2025,4/1/2026,4/1/2025,12,Homeowners,HO3,Albert Hernandez,albert.hernandez@mail.com,"450 James Islands, Davisshire, LA 64458",LA,"232 Coleman Harbor, Mariofurt, MT 27340",,,2011,Non-Combustible,2,,,,,925.31,925.31,694.62,Agency Bill,,,FALSE,TRUE,230.69
DYN8263981,PRGS,120148,Renewal,4/1/2025,4/1/2026,4/1/2025,12,Homeowners,HO3,Deborah Beasley,deborah.beasley@mail.com,"0536 Coleman Radial Apt. 144, North Brendaport, ID 53141",ID,"0536 Coleman Radial Apt. 144, North Brendaport, ID 53141",,,1986,Frame,4,,,,,565.89,565.89,424.81,Agency Bill,,,FALSE,TRUE,141.08
CEH4014926,GEIC,120180,Renewal,4/1/2025,4/1/2026,4/1/2025,12,Homeowners,HO3,Evelyn Carter,evelyn.carter@example.com,"74681 Mendoza Village, New Alicia, MT 92132",MT,"74681 Mendoza Village, New Alicia, MT 92132",,,1978,Frame,4,,,,,500,500,375.34,Direct Bill,,,FALSE,TRUE,124.66
JDW2488773,ALLS,120146,New,4/1/2025,4/1/2026,4/1/2025,12,Personal Auto,Private Passenger Auto,Amber Mooney,amber.mooney@customer.net,"4630 Campos Burg Apt. 008, North Peterville, IL 16223",IL,"4630 Campos Burg Apt. 008, North Peterville, IL 16223",3,1,,,,25/50,250000,1000,1000,1807.77,1807.77,1357.07,Agency Bill,,,FALSE,FALSE,450.7
UEM8536988,ALLS,120014,New,4/1/2025,4/1/2026,4/1/2025,12,Personal Auto,Private Passenger Auto,Kristen Herrera,kristen.herrera@insmail.com,"5894 Gregory Centers, Bradleyville, MO 85330",MO,"5894 Gregory Centers, Bradleyville, MO 85330",3,1,,,,50/100,25000,1000,1000,2306.61,2306.61,1731.54,Direct Bill,,,FALSE,TRUE,575.07
LTM1662455,ALLS,120108,Renewal,4/1/2025,4/1/2026,4/1/2025,12,Homeowners,HO3,Ashley Mcgee,ashley.mcgee@example.com,"187 Patrick Stream Apt. 479, West Anthony, NH 13614",NH,"187 Patrick Stream Apt. 479, West Anthony, NH 13614",,,1987,Masonry,6,,,,,1179.65,1179.65,885.55,Direct Bill,,,FALSE,TRUE,294.1
WTZ7784974,HART,120275,Renewal,4/1/2025,4/1/2026,4/1/2025,12,Homeowners,HO3,Kevin Roberts,kevin.roberts@policyhub.org,"7725 Kimberly Fork Apt. 480, East Shannon, ND 56381",ND,"5683 Crystal Greens, New Mary, NV 59669",,,1979,Fire Resistive,7,,,,,3034.07,3034.07,2277.63,Agency Bill,,,FALSE,TRUE,756.44
PXJ3442140,PRGS,120122,Renewal,4/1/2025,4/1/2026,4/1/2025,12,BOP,Businessowners,Kelly Hodges,kelly.hodges@customer.net,"389 Fleming Trail Apt. 615, Lake Dustin, WI 97794",WI,"389 Fleming Trail Apt. 615, Lake Dustin, WI 97794",,,,Masonry Veneer,7,,,,,1993,1993,1496.12,Direct Bill,,,FALSE,TRUE,496.88
MGW2932803,HART,120069,New,4/1/2025,4/1/2026,4/1/2025,12,Personal Auto,Private Passenger Auto,Michael Patterson,michael.patterson@example.com,"2550 Barry Mall, Tiffanyland, MI 02699",MI,"2550 Barry Mall, Tiffanyland, MI 02699",3,2,,,,25/50,50000,500,2500,1342.41,1342.41,1007.73,Agency Bill,,,FALSE,TRUE,334.68
KLR4468689,PRGS,120116,New,4/1/2025,4/1/2026,4/1/2025,12,Personal Auto,Private Passenger Auto,Denise Murillo,denise.murillo@policyhub.org,"1158 Joseph Field, East Juliehaven, MD 83152",MD,"1158 Joseph Field, East Juliehaven, MD 83152",2,2,,,,25/50,50000,1000,1000,2943.19,2943.19,2209.41,Agency Bill,,,FALSE,TRUE,733.78
CMZ7324321,TRAV,120135,Renewal,4/1/2025,4/1/2026,4/1/2025,12,WC,Workers Compensation,Adam Rhodes,adam.rhodes@mail.com,"229 Thompson Trail Suite 355, East Angel, UT 50625",UT,"229 Thompson Trail Suite 355, East Angel, UT 50625",,,,,,,,,,3825.72,3825.72,2871.91,Direct Bill,,,FALSE,TRUE,953.81
ACU3074084,FARM,120193,Renewal,4/1/2025,4/1/2026,4/1/2025,12,Homeowners,HO3,Elaine Hayes,elaine.hayes@example.com,"971 Jonathan Freeway Suite 494, West Ryanberg, PR 07860",PR,"971 Jonathan Freeway Suite 494, West Ryanberg, PR 07860",,,1992,Joisted Masonry,8,,,,,2499.63,2499.63,1876.43,Agency Bill,,,FALSE,FALSE,623.2
BZX3856666,CHUB,120239,Renewal,4/1/2025,4/1/2026,4/1/2025,12,Homeowners,HO3,Barbara Clark,barbara.clark@example.com,"07006 Webb Walks Suite 421, Lake Karenmouth, IL 46536",IL,"07006 Webb Walks Suite 421, Lake Karenmouth, IL 46536",,,1987,Frame,6,,,,,3651.79,3651.79,2741.34,Agency Bill,,,FALSE,TRUE,910.45
SCV4205098,HART,120168,Renewal,4/1/2025,4/1/2026,4/1/2025,12,Personal Auto,Private Passenger Auto,Steve Anthony,steve.anthony@example.com,"354 Tiffany Garden Suite 611, North Loretta, IL 18741",IL,"354 Tiffany Garden Suite 611, North Loretta, IL 18741",1,3,,,,50/100,50000,2500,1000,2214.01,2214.01,1662.02,Direct Bill,,,FALSE,TRUE,551.99
CEV5444718,TRAV,120298,Renewal,4/1/2025,4/1/2026,4/1/2025,12,BOP,Businessowners,James Robinson,james.robinson@customer.net,"068 Barry Bridge, Robertshire, MA 52661",MA,"068 Barry Bridge, Robertshire, MA 52661",,,,Frame,4,,,,,1500,1500,1126.03,Direct Bill,,,FALSE,TRUE,373.97
CEY9920978,AMFA,120177,New,4/1/2025,4/1/2026,4/1/2025,12,Personal Auto,Private Passenger Auto,Brian Smith,brian.smith@customer.net,"90320 Derrick Shoal Apt. 094, Jacksonberg, SC 10055",SC,"90320 Derrick Shoal Apt. 094, Jacksonberg, SC 10055",2,3,,,,50/100,100000,500,250,883.26,883.26,663.05,Agency Bill,,,FALSE,TRUE,220.21
EKT2014519,PRGS,120144,Rewrite,4/1/2025,4/1/2026,4/1/2025,12,Package,Commercial Package,Lance Proctor,lance.proctor@mail.com,"4759 Craig Islands, Gibsonfort, MO 04769",MO,"4759 Craig Islands, Gibsonfort, MO 04769",,,,Masonry Veneer,5,,,,,5362.63,5362.63,4025.65,Direct Bill,,,TRUE,FALSE,1336.98
XDS2712432,GEIC,120229,New,4/1/2025,4/1/2026,4/1/2025,12,Personal Auto,Private Passenger Auto,Gary Henry,gary.henry@insmail.com,"203 Sean Prairie, East Lisabury, CT 81179",CT,"4198 Hall Mills Apt. 413, North Erikamouth, AK 79740",2,4,,,,50/100,100000,500,500,1005.38,1005.38,754.72,Agency Bill,,,FALSE,TRUE,250.66
HYB2030956,LIBM,120257,Endorsement,4/1/2025,4/1/2026,12/26/2025,12,Umbrella,Personal Umbrella,Zachary Duncan,zachary.duncan@policyhub.org,"454 Watkins Plaza, East Trevorbury, AR 36124",AR,"63019 Steven Lodge Apt. 353, Skinnertown, WY 13635",,,,,,,,,,189.8,4.05,142.48,Agency Bill,,,FALSE,TRUE,47.32
ZDB5576399,PRGS,120010,New,4/1/2025,4/1/2026,4/1/2025,12,Personal Auto,Private Passenger Auto,Matthew Scott,matthew.scott@mail.com,"58098 Johnson Shore Apt. 567, West Chad, MD 34401",MD,"58098 Johnson Shore Apt. 567, West Chad, MD 34401",1,2,,,,50/100,250000,250,1000,2471.29,2471.29,1855.16,Direct Bill,,,FALSE,TRUE,616.13
RBS1676786,GEIC,120242,Renewal,4/1/2025,4/1/2026,4/1/2025,12,Homeowners,HO3,Laura Valenzuela,laura.valenzuela@insmail.com,"00522 Little Corner Apt. 523, Rebeccachester, CO 84521",CO,"00522 Little Corner Apt. 523, Rebeccachester, CO 84521",,,1987,Masonry Veneer,5,,,,,834.67,834.67,626.57,Direct Bill,,,FALSE,TRUE,208.1
KUW8079040,PRGS,120249,Renewal,4/1/2025,4/1/2026,4/1/2025,12,WC,Workers Compensation,Deborah Owens,deborah.owens@mail.com,"6786 Powell Radial, New Brittany, SC 50100",SC,"6786 Powell Radial, New Brittany, SC 50100",,,,,,,,,,4911.02,4911.02,3686.63,Agency Bill,,,FALSE,TRUE,1224.39
PZY4687674,ALLS,120031,New,4/1/2025,4/1/2026,4/1/2025,12,Personal Auto,Private Passenger Auto,Kimberly Smith,kimberly.smith@customer.net,"707 Villarreal Drive Apt. 782, Marshallburgh, VA 47798",VA,"707 Villarreal Drive Apt. 782, Marshallburgh, VA 47798",2,3,,,,25/50,100000,250,250,1553.78,1553.78,1166.4,Direct Bill,,,FALSE,TRUE,387.38
WFT8788758,TRAV,120006,New,4/1/2025,4/1/2026,4/1/2025,12,Personal Auto,Private Passenger Auto,Derek Larson,derek.larson@policyhub.org,"46941 Ashley Circles, Randyville, ND 32243",ND,"46941 Ashley Circles, Randyville, ND 32243",2,3,,,,50/100,250000,1000,500,1645.66,1645.66,1235.37,Direct Bill,,,FALSE,TRUE,410.29
PSC1742113,LIBM,120129,New,4/1/2025,4/1/2026,4/1/2025,12,Personal Auto,Private Passenger Auto,Luis Morales,luis.morales@mail.com,"7456 Acevedo View, North Donaldfort, AZ 11116",AZ,"7456 Acevedo View, North Donaldfort, AZ 11116",2,1,,,,50/100,250000,500,1000,1204.45,1204.45,904.16,Direct Bill,,,FALSE,TRUE,300.29
DRA5099442,NATI,120298,Renewal,4/1/2025,4/1/2026,4/1/2025,12,Homeowners,HO3,David Rivera,david.rivera@customer.net,"471 Michael Fords Suite 878, Levychester, NY 77201",NY,"471 Michael Fords Suite 878, Levychester, NY 77201",,,1951,Masonry Veneer,5,,,,,1685.7,1685.7,1265.43,Direct Bill,,,FALSE,FALSE,420.27
FJA5783485,HART,120141,Renewal,4/1/2025,4/1/2026,4/1/2025,12,Homeowners,HO3,David Bishop,david.bishop@mail.com,"62118 Mcdonald Mill Apt. 817, Lake Peterfort, MA 45992",MA,"62118 Mcdonald Mill Apt. 817, Lake Peterfort, MA 45992",,,1971,Masonry Veneer,9,,,,,2113.09,2113.09,1586.26,Direct Bill,,,FALSE,TRUE,526.83
ZJW0774408,AMFA,120190,Renewal,4/1/2025,4/1/2026,4/1/2025,12,Homeowners,HO3,Cynthia Turner,cynthia.turner@mail.com,"48425 Cathy Canyon, Marktown, NH 27604",NH,"48425 Cathy Canyon, Marktown, NH 27604",,,2010,Joisted Masonry,7,,,,,2380.49,2380.49,1787,Direct Bill,,,FALSE,TRUE,593.49
JTR1192826,GEIC,120113,Renewal,4/1/2025,4/1/2026,4/1/2025,12,Homeowners,HO3,Daniel Harris,daniel.harris@example.com,"090 Pacheco Green Apt. 496, Port Jeffrey, CO 63052",CO,"090 Pacheco Green Apt. 496, Port Jeffrey, CO 63052",,,1974,Frame,3,,,,,2597.9,2597.9,1950.2,Direct Bill,,,FALSE,TRUE,647.7
XRR7386351,AMFA,120179,Renewal,4/1/2025,4/1/2026,4/1/2025,12,BOP,Businessowners,Molly Davis,molly.davis@customer.net,"354 Sherri Alley Apt. 487, Nicholsonchester, PR 20482",PR,"354 Sherri Alley Apt. 487, Nicholsonchester, PR 20482",,,,Frame,4,,,,,4699.28,4699.28,3527.68,Agency Bill,,,FALSE,TRUE,1171.6
ZHE2133147,TRAV,120143,Renewal,4/1/2025,4/1/2026,4/1/2025,12,Personal Auto,Private Passenger Auto,Bryan Brown,bryan.brown@example.com,"33929 Amy Ports, Kelleyton, IN 27318",IN,"33929 Amy Ports, Kelleyton, IN 27318",2,2,,,,50/100,250000,250,250,551.44,551.44,413.96,Direct Bill,,,FALSE,TRUE,137.48
HLP8226097,FARM,120163,Renewal,4/1/2025,4/1/2026,4/1/2025,12,BOP,Businessowners,Regina Moore,regina.moore@insmail.com,"156 Lucas Track, Bryanttown, DC 67389",DC,"156 Lucas Track, Bryanttown, DC 67389",,,,Non-Combustible,7,,,,,1500,1500,1126.03,Agency Bill,,,FALSE,FALSE,373.97
EEF4508979,PRGS,120060,Renewal,4/1/2025,4/1/2026,4/1/2025,12,WC,Workers Compensation,Christian Obrien,christian.obrien@insmail.com,"09156 Matthew Summit, North Alan, LA 90113",LA,"09156 Matthew Summit, North Alan, LA 90113",,,,,,,,,,2397.87,2397.87,1800.04,Direct Bill,,,FALSE,TRUE,597.83
JMG8427060,GEIC,120083,Renewal,4/1/2025,4/1/2026,4/1/2025,12,Homeowners,HO3,Lisa Lowe,lisa.lowe@insmail.com,"695 Jeffrey Summit Suite 744, Lake Kevinborough, AS 20858",AS,"695 Jeffrey Summit Suite 744, Lake Kevinborough, AS 20858",,,2011,Masonry Veneer,8,,,,,896.9,896.9,673.29,Agency Bill,,,FALSE,TRUE,223.61
ZZS6051524,GEIC,120209,Endorsement,4/1/2025,4/1/2026,8/23/2025,12,Umbrella,Personal Umbrella,Michael Wong,michael.wong@policyhub.org,"0125 Taylor Trace Suite 458, Jonesborough, PW 73029",PW,"0125 Taylor Trace Suite 458, Jonesborough, PW 73029",,,,,,,,,,366.97,7.77,275.48,Agency Bill,,,FALSE,FALSE,91.49
YPN6589763,LIBM,120043,Renewal,4/1/2025,4/1/2026,4/1/2025,12,Personal Auto,Private Passenger Auto,Cindy Hayes,cindy.hayes@policyhub.org,"4671 Robin Rest Apt. 588, Richardville, OK 79426",OK,"4671 Robin Rest Apt. 588, Richardville, OK 79426",2,1,,,,50/100,50000,500,500,785.02,785.02,589.3,Agency Bill,,,FALSE,TRUE,195.72
WLB6618054,GEIC,120204,Renewal,4/1/2025,4/1/2026,4/1/2025,12,Homeowners,HO3,Manuel Wilson,manuel.wilson@customer.net,"28108 Zoe Plains Suite 525, North Samanthaside, WV 21116",WV,"7482 Donna Shore Suite 545, North Karen, AK 68810",,,1978,Non-Combustible,5,,,,,972.95,972.95,730.38,Direct Bill,,,FALSE,TRUE,242.57
YVX7192549,TRAV,120077,Renewal,4/1/2025,4/1/2026,4/1/2025,12,BOP,Businessowners,Julia Garner,julia.garner@mail.com,"407 Brandon Divide, South Lisa, AK 03315",AK,"407 Brandon Divide, South Lisa, AK 03315",,,,Joisted Masonry,8,,,,,1500,1500,1126.03,Direct Bill,,,FALSE,TRUE,373.97
VUW2080023,GEIC,120202,Renewal,4/1/2025,4/1/2026,4/1/2025,12,Homeowners,HO3,Carol Bennett,carol.bennett@example.com,"46911 Samantha Tunnel Suite 730, East Mitchellmouth, VT 34320",VT,"46911 Samantha Tunnel Suite 730, East Mitchellmouth, VT 34320",,,1993,Frame,6,,,,,1321.83,1321.83,992.28,Direct Bill,,,FALSE,TRUE,329.55
CZK4427231,AMFA,120006,Renewal,4/1/2025,4/1/2026,4/1/2025,12,Homeowners,HO3,Brandon Lee,brandon.lee@policyhub.org,"286 Ayers Bridge Apt. 999, Josephbury, CT 27914",CT,"286 Ayers Bridge Apt. 999, Josephbury, CT 27914",,,2011,Frame,7,,,,,1049.06,1049.06,787.51,Direct Bill,,,FALSE,TRUE,261.55
WVA4443679,PRGS,120006,Endorsement,4/1/2025,4/1/2026,11/18/2025,12,Umbrella,Personal Umbrella,Mary Ross,mary.ross@mail.com,"009 Jesse Isle Suite 626, North Jenniferland, PA 07234",PA,"009 Jesse Isle Suite 626, North Jenniferland, PA 07234",,,,,,,,,,648.85,-12.97,487.08,Direct Bill,,,FALSE,TRUE,161.77
WBY4515503,LIBM,120222,New,4/1/2025,4/1/2026,4/1/2025,12,Personal Auto,Private Passenger Auto,Mary Castro,mary.castro@example.com,"346 David Summit, East James, NV 93584",NV,"346 David Summit, East James, NV 93584",1,1,,,,25/50,250000,500,500,2563.77,2563.77,1924.58,Agency Bill,,,FALSE,TRUE,639.19
FVP1665965,HART,120167,New,4/1/2025,4/1/2026,4/1/2025,12,Personal Auto,Private Passenger Auto,Joseph Smith,joseph.smith@insmail.com,"199 Charles Drive, Ronaldview, MI 93559",MI,"199 Charles Drive, Ronaldview, MI 93559",3,2,,,,50/100,100000,500,250,1289.22,1289.22,967.8,Agency Bill,,,FALSE,TRUE,321.42
CNP3246591,CHUB,120140,Renewal,4/1/2025,4/1/2026,4/1/2025,12,Homeowners,HO3,Barbara Ayers,barbara.ayers@policyhub.org,"19721 Davis Island, West Bryan, TN 06043",TN,"19721 Davis Island, West Bryan, TN 06043",,,1977,Frame,5,,,,,4077.93,4077.93,3061.24,Direct Bill,,,FALSE,TRUE,1016.69
YVW4164414,PRGS,120160,Renewal,4/1/2025,4/1/2026,4/1/2025,12,BOP,Businessowners,Thomas Mullins,thomas.mullins@mail.com,"2679 Perry Lakes Apt. 197, Christopherburgh, AL 49791",AL,"2679 Perry Lakes Apt. 197, Christopherburgh, AL 49791",,,,Masonry,3,,,,,15000,15000,11260.27,Agency Bill,,,FALSE,TRUE,3739.73
SKT4859391,HART,120278,Renewal,4/1/2025,4/1/2026,4/1/2025,12,Personal Auto,Private Passenger Auto,Edward Harper,edward.harper@customer.net,"4551 Martinez Prairie, Ginabury, NC 33624",NC,"4551 Martinez Prairie, Ginabury, NC 33624",2,1,,,,50/100,100000,500,500,1128.68,1128.68,847.28,Direct Bill,,,FALSE,FALSE,281.4
APY1849698,TRAV,120171,Renewal,4/1/2025,4/1/2026,4/1/2025,12,Homeowners,HO3,James Ho,james.ho@insmail.com,"74137 Wells Circle Apt. 929, Edwardsfort, MI 06926",MI,"74137 Wells Circle Apt. 929, Edwardsfort, MI 06926",,,1985,Joisted Masonry,7,,,,,2286.59,2286.59,1716.51,Direct Bill,,,FALSE,TRUE,570.08
GYB3599950,TRAV,120133,New,4/1/2025,4/1/2026,4/1/2025,12,Personal Auto,Private Passenger Auto,Christina Medina,christina.medina@mail.com,"638 Brett Expressway, South Amy, OR 88000",OR,"638 Brett Expressway, South Amy, OR 88000",4,3,,,,50/100,50000,2500,2500,1557.85,1557.85,1169.45,Direct Bill,,,FALSE,TRUE,388.4
APZ1376113,ALLS,120120,New,4/1/2025,4/1/2026,4/1/2025,12,Personal Auto,Private Passenger Auto,Jeremy Fernandez,jeremy.fernandez@example.com,"2173 Williams Trafficway Apt. 678, North Ashleyland, VT 39298",VT,"2173 Williams Trafficway Apt. 678, North Ashleyland, VT 39298",2,3,,,,50/100,50000,1000,500,1858.29,1858.29,1394.99,Direct Bill,,,FALSE,TRUE,463.3
BSU9928959,ALLS,120085,New,4/1/2025,4/1/2026,4/1/2025,12,Personal Auto,Private Passenger Auto,Kimberly Smith,kimberly.smith@policyhub.org,"95242 Mendez Ville Suite 343, Padillatown, DC 52781",DC,"95242 Mendez Ville Suite 343, Padillatown, DC 52781",4,1,,,,50/100,100000,500,500,950.97,950.97,713.88,Agency Bill,,,FALSE,TRUE,237.09
UVA5493619,TRAV,120193,Endorsement,4/1/2025,4/1/2026,11/20/2025,12,Umbrella,Personal Umbrella,Melvin Anthony,melvin.anthony@mail.com,"037 Andrew Mills, New Beverlymouth, OH 11458",OH,"037 Andrew Mills, New Beverlymouth, OH 11458",,,,,,,,,,533,-22.39,400.12,Direct Bill,,,FALSE,TRUE,132.88
PGL1653917,NATI,120013,Renewal,4/1/2025,4/1/2026,4/1/2025,12,WC,Workers Compensation,John Freeman,john.freeman@customer.net,"81074 Martha Overpass, Pricemouth, WA 03703",WA,"81074 Martha Overpass, Pricemouth, WA 03703",,,,,,,,,,5361.89,5361.89,4025.09,Direct Bill,,,FALSE,FALSE,1336.8
KPJ0152286,HART,120291,New,4/1/2025,4/1/2026,4/1/2025,12,Personal Auto,Private Passenger Auto,Jody Petersen,jody.petersen@mail.com,"3069 Katie Road Apt. 420, Lake Brittneychester, NV 66973",NV,"3069 Katie Road Apt. 420, Lake Brittneychester, NV 66973",2,5,,,,25/50,100000,1000,500,1729.85,1729.85,1298.57,Direct Bill,,,FALSE,TRUE,431.28
HFP8017440,ALLS,120006,New,4/1/2025,4/1/2026,4/1/2025,12,Personal Auto,Private Passenger Auto,Natasha Valdez,natasha.valdez@insmail.com,"51354 Sarah Lodge, North Elizabeth, HI 35926",HI,"51354 Sarah Lodge, North Elizabeth, HI 35926",2,1,,,,50/100,100000,500,2500,831.93,831.93,624.52,Direct Bill,,,FALSE,TRUE,207.41
EFA3413057,TRAV,120029,Endorsement,4/1/2025,4/1/2026,7/21/2025,12,Umbrella,Personal Umbrella,Kristi Rogers,kristi.rogers@customer.net,"34066 Romero Forest Suite 888, Jonesberg, GA 57008",GA,"34066 Romero Forest Suite 888, Jonesberg, GA 57008",,,,,,,,,,601.13,17.86,451.26,Agency Bill,,,FALSE,FALSE,149.87
TUT9197629,TRAV,120254,Renewal,4/1/2025,4/1/2026,4/1/2025,12,BOP,Businessowners,Nancy Lyons,nancy.lyons@example.com,"607 Mills Ferry, New Robert, HI 01106",HI,"607 Mills Ferry, New Robert, HI 01106",,,,Masonry Veneer,5,,,,,4419.36,4419.36,3317.55,Agency Bill,,,FALSE,FALSE,1101.81
TLE1557194,PRGS,120264,Renewal,4/1/2025,4/1/2026,4/1/2025,12,BOP,Businessowners,Jose Mcbride,jose.mcbride@mail.com,"4523 Andrew Views, South Kevinstad, SC 05137",SC,"4523 Andrew Views, South Kevinstad, SC 05137",,,,Joisted Masonry,7,,,,,5389.22,5389.22,4045.61,Agency Bill,,,FALSE,FALSE,1343.61
RHZ0197466,GEIC,120178,New,4/1/2025,4/1/2026,4/1/2025,12,Personal Auto,Private Passenger Auto,Gregory Pittman,gregory.pittman@example.com,"415 Lori Ville, Port Carla, AR 38372",AR,"415 Lori Ville, Port Carla, AR 38372",2,1,,,,25/50,100000,1000,1000,1093.7,1093.7,821.02,Agency Bill,,,FALSE,TRUE,272.68
KSK3385557,CHUB,120216,New,4/1/2025,4/1/2026,4/1/2025,12,Personal Auto,Private Passenger Auto,Ernest Barrera,ernest.barrera@mail.com,"08589 Aaron Village Apt. 269, Beckerfort, AR 94697",AR,"08589 Aaron Village Apt. 269, Beckerfort, AR 94697",1,2,,,,50/100,100000,500,2500,1277.84,1277.84,959.26,Agency Bill,,,FALSE,TRUE,318.58
HWV2814620,NATI,120233,New,4/1/2025,4/1/2026,4/1/2025,12,Personal Auto,Private Passenger Auto,Michael Graham,michael.graham@customer.net,"982 James Dam Apt. 319, North James, KS 36005",KS,"982 James Dam Apt. 319, North James, KS 36005",2,4,,,,25/50,50000,1000,2500,3488.48,3488.48,2618.75,Direct Bill,,,FALSE,TRUE,869.73
DBU9008544,AMFA,120060,Renewal,4/1/2025,4/1/2026,4/1/2025,12,Homeowners,HO3,Jennifer Dixon,jennifer.dixon@customer.net,"76525 Smith Haven Suite 762, East Kristiport, SC 61347",SC,"76525 Smith Haven Suite 762, East Kristiport, SC 61347",,,1991,Masonry Veneer,5,,,,,1581.53,1581.53,1187.23,Direct Bill,,,FALSE,TRUE,394.3
RUL0013538,GEIC,120258,Renewal,4/1/2025,4/1/2026,4/1/2025,12,WC,Workers Compensation,Kristen Wallace,kristen.wallace@mail.com,"6775 Drake Oval, Loweryfort, DC 13208",DC,"6775 Drake Oval, Loweryfort, DC 13208",,,,,,,,,,2000,2000,1501.37,Direct Bill,,,FALSE,TRUE,498.63
YPP0110091,GEIC,120113,Renewal,4/1/2025,4/1/2026,4/1/2025,12,Homeowners,HO3,Adam Cox,adam.cox@customer.net,"8396 Atkins Cliffs Suite 238, East Staceychester, NC 48612",NC,"8396 Atkins Cliffs Suite 238, East Staceychester, NC 48612",,,1986,Masonry,6,,,,,1690.93,1690.93,1269.36,Direct Bill,,,FALSE,TRUE,421.57
LVF5272544,PRGS,120189,Renewal,4/1/2025,4/1/2026,4/1/2025,12,Homeowners,HO3,Scott Jimenez,scott.jimenez@mail.com,"9864 Joel Street, Rebeccaville, PA 42816",PA,"9864 Joel Street, Rebeccaville, PA 42816",,,1980,Masonry,3,,,,,1169.05,1169.05,877.59,Direct Bill,,,FALSE,TRUE,291.46
ZEW2043706,TRAV,120299,New,4/1/2025,4/1/2026,4/1/2025,12,Personal Auto,Private Passenger Auto,Nicholas Murillo,nicholas.murillo@example.com,"31514 Timothy Unions Suite 846, Port Michael, KS 94407",KS,"31514 Timothy Unions Suite 846, Port Michael, KS 94407",2,3,,,,50/100,100000,500,1000,1569.91,1569.91,1178.51,Direct Bill,,,FALSE,FALSE,391.4
FKH0606183,GEIC,120203,Renewal,4/1/2025,4/1/2026,4/1/2025,12,Personal Auto,Private Passenger Auto,Kimberly Hamilton,kimberly.hamilton@customer.net,"697 Hartman Vista, Romerotown, OH 44815",OH,"697 Hartman Vista, Romerotown, OH 44815",2,2,,,,50/100,100000,500,500,1630.85,1630.85,1224.25,Direct Bill,,,FALSE,TRUE,406.6
EEZ1508933,NATI,120220,New,4/1/2025,4/1/2026,4/1/2025,12,Personal Auto,Private Passenger Auto,Benjamin Williams,benjamin.williams@example.com,"947 Jones Bypass, Pamelachester, LA 12168",LA,"947 Jones Bypass, Pamelachester, LA 12168",1,2,,,,25/50,250000,2500,500,1907.26,1907.26,1431.75,Direct Bill,,,FALSE,TRUE,475.51
TUV6271386,LIBM,120155,Renewal,4/1/2025,4/1/2026,4/1/2025,12,Homeowners,HO3,Jessica Roach,jessica.roach@mail.com,"332 Smith Ridges Suite 973, New Shawnside, MH 03636",MH,"332 Smith Ridges Suite 973, New Shawnside, MH 03636",,,2012,Fire Resistive,6,,,,,1302.35,1302.35,977.65,Agency Bill,,,FALSE,TRUE,324.7
WLG4205315,TRAV,120152,Rewrite,4/1/2025,4/1/2026,4/1/2025,12,Package,Commercial Package,Heidi Chambers,heidi.chambers@customer.net,"65061 Jason Spring Apt. 096, Clarkland, VI 17258",VI,"65061 Jason Spring Apt. 096, Clarkland, VI 17258",,,,Non-Combustible,2,,,,,3000,3000,2252.05,Direct Bill,,,TRUE,TRUE,747.95
KZU5077914,HART,120188,Renewal,4/1/2025,4/1/2026,4/1/2025,12,Homeowners,HO3,Mary Kelly,mary.kelly@example.com,"8513 April Viaduct Suite 598, Lake Christianville, SC 78079",SC,"8513 April Viaduct Suite 598, Lake Christianville, SC 78079",,,1967,Non-Combustible,6,,,,,630.68,630.68,473.44,Direct Bill,,,FALSE,TRUE,157.24
LLW5933553,AMFA,120044,Renewal,4/1/2025,4/1/2026,4/1/2025,12,Personal Auto,Private Passenger Auto,Megan Mcdonald,megan.mcdonald@insmail.com,"606 Steven Forks Apt. 772, Griffintown, NC 16968",NC,"606 Steven Forks Apt. 772, Griffintown, NC 16968",1,3,,,,50/100,50000,1000,500,867.11,867.11,650.93,Direct Bill,,,FALSE,TRUE,216.18
AXD7605066,GEIC,120260,Renewal,4/1/2025,4/1/2026,4/1/2025,12,Homeowners,HO3,Stephanie Martin,stephanie.martin@policyhub.org,"988 Michael Stravenue Apt. 011, West Angela, HI 52688",HI,"179 Chandler Cliffs, Mathewside, NC 11155",,,1990,Frame,7,,,,,6591.89,6591.89,4948.43,Agency Bill,,,FALSE,TRUE,1643.46
TFC6473401,FARM,120297,New,4/1/2025,4/1/2026,4/1/2025,12,Personal Auto,Private Passenger Auto,Duane Kidd,duane.kidd@insmail.com,"2761 Price Bridge, New Sara, GU 37321",GU,"77710 Robles Parkway, Kaylabury, VT 88134",3,2,,,,25/50,100000,250,500,2588.8,2588.8,1943.37,Agency Bill,,,FALSE,TRUE,645.43
EGA4075899,ALLS,120061,Renewal,4/1/2025,4/1/2026,4/1/2025,12,Homeowners,HO3,Cynthia Williams,cynthia.williams@insmail.com,"8992 Hoover Prairie Suite 307, Rhondafort, MO 11268",MO,"8992 Hoover Prairie Suite 307, Rhondafort, MO 11268",,,1957,Frame,5,,,,,2346.07,2346.07,1761.16,Direct Bill,,,FALSE,TRUE,584.91
KXF5566460,LIBM,120100,Renewal,4/1/2025,4/1/2026,4/1/2025,12,BOP,Businessowners,Robert Newton,robert.newton@example.com,"89872 David Forge Apt. 303, Garyfurt, NY 20832",NY,"89872 David Forge Apt. 303, Garyfurt, NY 20832",,,,Frame,10,,,,,1500,1500,1126.03,Direct Bill,,,FALSE,TRUE,373.97
ETJ1556243,ALLS,120235,Renewal,4/1/2025,4/1/2026,4/1/2025,12,Homeowners,HO3,Leah Thompson,leah.thompson@insmail.com,"80244 Taylor Shore, North Benjaminfort, FL 31989",FL,"80244 Taylor Shore, North Benjaminfort, FL 31989",,,1998,Non-Combustible,6,,,,,2001.5,2001.5,1502.5,Direct Bill,,,FALSE,TRUE,499
CPW2861152,HART,120180,Renewal,4/1/2025,4/1/2026,4/1/2025,12,BOP,Businessowners,Sherri Kennedy,sherri.kennedy@example.com,"475 George Meadow, Sheilaport, SD 21513",SD,"475 George Meadow, Sheilaport, SD 21513",,,,Non-Combustible,5,,,,,2020.34,2020.34,1516.64,Direct Bill,,,FALSE,TRUE,503.7
MAR1954894,PRGS,120020,Renewal,4/1/2025,4/1/2026,4/1/2025,12,Homeowners,HO3,Margaret Farley,margaret.farley@insmail.com,"48024 Gardner Trace, Dunlaphaven, GU 46406",GU,"48024 Gardner Trace, Dunlaphaven, GU 46406",,,1990,Masonry Veneer,6,,,,,1585.48,1585.48,1190.2,Direct Bill,,,FALSE,FALSE,395.28
AHF1278489,ALLS,120028,Renewal,4/1/2025,4/1/2026,4/1/2025,12,Homeowners,HO3,Michelle Lewis,michelle.lewis@policyhub.org,"956 Strong Crossing, Angelaberg, NY 86945",NY,"956 Strong Crossing, Angelaberg, NY 86945",,,1975,Frame,9,,,,,750.81,750.81,563.62,Agency Bill,,,FALSE,TRUE,187.19
CGH5795914,FARM,120289,Renewal,4/1/2025,4/1/2026,4/1/2025,12,BOP,Businessowners,Jessica Brown,jessica.brown@customer.net,"2941 Cunningham Trail, Williammouth, NM 33687",NM,"78551 Nash Lakes, New Toddtown, WA 55616",,,,Joisted Masonry,9,,,,,8023.9,8023.9,6023.42,Direct Bill,,,FALSE,TRUE,2000.48
TJY1168255,FARM,120064,New,4/1/2025,4/1/2026,4/1/2025,12,Personal Auto,Private Passenger Auto,Laurie Pena,laurie.pena@example.com,"89489 Frank Mission Apt. 510, Sandersbury, AR 22907",AR,"89489 Frank Mission Apt. 510, Sandersbury, AR 22907",3,3,,,,50/100,50000,500,250,2479.04,2479.04,1860.98,Direct Bill,,,FALSE,TRUE,618.06
YUD3282936,GEIC,120092,Renewal,4/1/2025,4/1/2026,4/1/2025,12,Umbrella,Personal Umbrella,Kimberly Fischer,kimberly.fischer@customer.net,"699 Walker Skyway, New Jamie, LA 17696",LA,"699 Walker Skyway, New Jamie, LA 17696",,,,,,,,,,512.82,512.82,384.97,Direct Bill,,,FALSE,TRUE,127.85
DDU5898584,NATI,120069,New,4/1/2025,4/1/2026,4/1/2025,12,Personal Auto,Private Passenger Auto,Harold Garrett,harold.garrett@customer.net,"3885 Diane Shoal Apt. 698, Lake Chloe, ND 28909",ND,"3885 Diane Shoal Apt. 698, Lake Chloe, ND 28909",2,2,,,,25/50,100000,1000,500,2519.41,2519.41,1891.28,Direct Bill,,,FALSE,TRUE,628.13
VXH0599831,PRGS,120098,Renewal,4/1/2025,4/1/2026,4/1/2025,12,Homeowners,HO3,Benjamin Jenkins,benjamin.jenkins@insmail.com,"43520 Jennifer Ridge, Martinchester, WI 64551",WI,"43520 Jennifer Ridge, Martinchester, WI 64551",,,1978,Masonry,5,,,,,2071.71,2071.71,1555.2,Direct Bill,,,FALSE,TRUE,516.51
TEC9837287,NATI,120056,Renewal,4/1/2025,4/1/2026,4/1/2025,12,Homeowners,HO3,Alexis Sanchez,alexis.sanchez@policyhub.org,"761 Mary Green, Gregoryside, IL 37590",IL,"761 Mary Green, Gregoryside, IL 37590",,,2003,Frame,4,,,,,1644.74,1644.74,1234.68,Direct Bill,,,FALSE,TRUE,410.06
JKH1033535,TRAV,120086,Cancel,4/1/2025,11/14/2025,11/14/2025,12,Package,Commercial Package,Jordan Miller,jordan.miller@insmail.com,"81927 Owens Rapids Apt. 259, New Christinemouth, FL 58663",FL,"81927 Owens Rapids Apt. 259, New Christinemouth, FL 58663",,,,Frame,8,,,,,6915.86,0,6915.86,Agency Bill,10/5/2023,,FALSE,FALSE,0
JXB7077706,NATI,120275,New,4/1/2025,4/1/2026,4/1/2025,12,Personal Auto,Private Passenger Auto,Ernest Phillips,ernest.phillips@example.com,"2465 Steven Walks Apt. 194, North Duane, NY 76479",NY,"2465 Steven Walks Apt. 194, North Duane, NY 76479",3,1,,,,25/50,100000,500,250,978.17,978.17,734.3,Agency Bill,,,FALSE,TRUE,243.87
JBW9673785,CHUB,120010,New,4/1/2025,4/1/2026,4/1/2025,12,Personal Auto,Private Passenger Auto,Nichole Willis,nichole.willis@example.com,"447 Lauren Trail Suite 343, Amandahaven, PR 91711",PR,"447 Lauren Trail Suite 343, Amandahaven, PR 91711",3,2,,,,50/100,100000,250,1000,1122.94,1122.94,842.97,Direct Bill,,,FALSE,TRUE,279.97
LAC2679723,PRGS,120002,New,4/1/2025,4/1/2026,4/1/2025,12,Personal Auto,Private Passenger Auto,Charles Davenport,charles.davenport@insmail.com,"8640 Christine Crossroad Apt. 545, Wrightburgh, IL 88833",IL,"8640 Christine Crossroad Apt. 545, Wrightburgh, IL 88833",2,1,,,,25/50,50000,2500,500,1019.21,1019.21,765.11,Agency Bill,,,FALSE,FALSE,254.1
HFH4841629,HART,120048,Renewal,4/1/2025,4/1/2026,4/1/2025,12,Homeowners,HO3,Nicholas Rios,nicholas.rios@mail.com,"39285 Smith Path Suite 551, Cathyside, CO 47223",CO,"39285 Smith Path Suite 551, Cathyside, CO 47223",,,1985,Fire Resistive,8,,,,,2153.75,2153.75,1616.79,Direct Bill,,,FALSE,TRUE,536.96
UPW0721793,TRAV,120165,Renewal,4/1/2025,4/1/2026,4/1/2025,12,Homeowners,HO3,Nicholas Williams,nicholas.williams@example.com,"67827 James Trafficway Suite 286, Adrienneland, WA 61250",WA,"67827 James Trafficway Suite 286, Adrienneland, WA 61250",,,1976,Masonry Veneer,10,,,,,2652.03,2652.03,1990.84,Direct Bill,,,FALSE,TRUE,661.19
AWH2887022,TRAV,120115,Endorsement,4/1/2025,4/1/2026,9/3/2025,12,Umbrella,Personal Umbrella,Billy Weeks,billy.weeks@policyhub.org,"1488 Parker Squares Suite 909, North Coreyberg, ME 04840",ME,"811 Wallace Field Apt. 295, North Aaronland, MS 73072",,,,,,,,,,452.12,-3.55,339.4,Direct Bill,,,FALSE,FALSE,112.72
MEB0390636,LIBM,120256,New,4/1/2025,4/1/2026,4/1/2025,12,Personal Auto,Private Passenger Auto,Katherine Robinson,katherine.robinson@example.com,"3617 Mcgee Road, Lake William, CO 05166",CO,"3617 Mcgee Road, Lake William, CO 05166",3,3,,,,25/50,50000,2500,250,1679.67,1679.67,1260.9,Direct Bill,,,FALSE,TRUE,418.77
ZRR4365083,ALLS,120086,New,4/1/2025,4/1/2026,4/1/2025,12,Personal Auto,Private Passenger Auto,Ann Barber,ann.barber@customer.net,"54782 Davis Summit Suite 003, New Katherine, AS 32240",AS,"718 Keith Junction Apt. 330, Oliverbury, TX 60046",2,2,,,,25/50,50000,500,500,1102.72,1102.72,827.8,Direct Bill,,,FALSE,TRUE,274.92
LXP8398030,CHUB,120037,Renewal,4/1/2025,4/1/2026,4/1/2025,12,Homeowners,HO3,Timothy Hill,timothy.hill@customer.net,"2977 Ryan Run, North Sarahside, MI 57209",MI,"2977 Ryan Run, North Sarahside, MI 57209",,,2002,Frame,7,,,,,2062.6,2062.6,1548.36,Direct Bill,,,FALSE,TRUE,514.24
AEE0257223,PRGS,120269,Cancel,4/1/2025,9/20/2025,9/20/2025,12,Package,Commercial Package,Tina Pineda,tina.pineda@mail.com,"0519 Poole Meadow, Goodwinmouth, FM 22162",FM,"0519 Poole Meadow, Goodwinmouth, FM 22162",,,,Fire Resistive,10,,,,,3000,0,3000,Direct Bill,9/10/2024,,FALSE,TRUE,0
UXK5336264,HART,120149,Renewal,4/1/2025,4/1/2026,4/1/2025,12,WC,Workers Compensation,Rose Watson,rose.watson@mail.com,"3375 Vanessa Circles, Port Xavier, CA 98231",CA,"3375 Vanessa Circles, Port Xavier, CA 98231",,,,,,,,,,25000,25000,18767.12,Agency Bill,,,FALSE,FALSE,6232.88
ANN0078624,LIBM,120069,Renewal,4/1/2025,4/1/2026,4/1/2025,12,Homeowners,HO3,Nicole Jenkins,nicole.jenkins@insmail.com,"6432 Pope Pines, Barrettmouth, AS 64468",AS,"6432 Pope Pines, Barrettmouth, AS 64468",,,2000,Masonry Veneer,7,,,,,954.45,954.45,716.49,Direct Bill,,,FALSE,FALSE,237.96
GYF5965130,GEIC,120116,Renewal,4/1/2025,4/1/2026,4/1/2025,12,Personal Auto,Private Passenger Auto,Brian Anderson,brian.anderson@mail.com,"5722 Hernandez Forest Suite 383, North Christinehaven, NJ 73307",NJ,"776 Paul Locks, South Erika, VA 65727",2,2,,,,50/100,100000,1000,1000,1697.58,1697.58,1274.35,Direct Bill,,,FALSE,TRUE,423.23
ZAN2023382,PRGS,120090,Renewal,4/1/2025,4/1/2026,4/1/2025,12,Homeowners,HO3,Jeffrey Lane,jeffrey.lane@policyhub.org,"2257 Jackson Points, Courtneyshire, NH 16942",NH,"2257 Jackson Points, Courtneyshire, NH 16942",,,1968,Frame,4,,,,,2049.68,2049.68,1538.66,Direct Bill,,,FALSE,TRUE,511.02
LTJ3734177,LIBM,120282,New,4/1/2025,4/1/2026,4/1/2025,12,Personal Auto,Private Passenger Auto,Valerie Lopez,valerie.lopez@policyhub.org,"278 Hobbs Bridge, Rodriguezburgh, AL 72594",AL,"278 Hobbs Bridge, Rodriguezburgh, AL 72594",2,1,,,,25/50,50000,1000,500,1777.11,1777.11,1334.05,Direct Bill,,,FALSE,TRUE,443.06
RNY6135845,PRGS,120136,Endorsement,4/1/2025,4/1/2026,9/17/2025,12,Umbrella,Personal Umbrella,Bonnie Harmon,bonnie.harmon@customer.net,"93443 Mariah Village, New Jason, OR 69508",OR,"93443 Mariah Village, New Jason, OR 69508",,,,,,,,,,150,8.89,112.6,Direct Bill,,,FALSE,TRUE,37.4
KHT6983870,GEIC,120274,Renewal,4/1/2025,4/1/2026,4/1/2025,12,Personal Auto,Private Passenger Auto,Michael Salazar,michael.salazar@mail.com,"34446 Giles Way Suite 476, New Matthew, TX 46894",TX,"34446 Giles Way Suite 476, New Matthew, TX 46894",3,3,,,,50/100,100000,2500,500,1552.18,1552.18,1165.2,Direct Bill,,,FALSE,TRUE,386.98
HCY8199245,HART,120036,Cancel,4/1/2025,7/16/2025,7/16/2025,12,Package,Commercial Package,Joshua Ware,joshua.ware@example.com,"7312 Debra Mews Suite 050, Stevenside, MT 73581",MT,"7312 Debra Mews Suite 050, Stevenside, MT 73581",,,,Masonry,9,,,,,4699.51,0,4699.51,Agency Bill,7/7/2022,,FALSE,FALSE,0
ADB0987612,ALLS,120104,Renewal,4/1/2025,4/1/2026,4/1/2025,12,BOP,Businessowners,Robert Baker,robert.baker@customer.net,"08956 Burns Views, North Tracey, IL 54482",IL,"7457 Kent Freeway, West Andrew, RI 37430",,,,Frame,7,,,,,3356.11,3356.11,2519.38,Direct Bill,,,FALSE,TRUE,836.73
VDX6971285,FARM,120040,New,4/1/2025,4/1/2026,4/1/2025,12,Personal Auto,Private Passenger Auto,James Mayo,james.mayo@example.com,"6861 Matthew Forges Apt. 549, West William, MS 79761",MS,"6861 Matthew Forges Apt. 549, West William, MS 79761",2,1,,,,25/50,100000,1000,1000,1399.62,1399.62,1050.67,Direct Bill,,,FALSE,TRUE,348.95
PLX7179207,HART,120274,Renewal,4/1/2025,4/1/2026,4/1/2025,12,Personal Auto,Private Passenger Auto,Marissa Combs,marissa.combs@insmail.com,"8350 Barbara Hollow Suite 150, Jeffmouth, NC 73204",NC,"150 Miller Cliffs Suite 155, Port Christian, AK 15651",1,1,,,,50/100,100000,500,1000,1231.32,1231.32,924.33,Agency Bill,,,FALSE,FALSE,306.99
MFY8981577,PRGS,120075,Endorsement,4/1/2025,4/1/2026,1/21/2026,12,Umbrella,Personal Umbrella,Cindy Collins,cindy.collins@customer.net,"562 Hunter Forge Apt. 690, Dennisshire, CO 28087",CO,"045 Richmond Drive, East Karenville, FM 94540",,,,,,,,,,248.66,11.23,186.67,Direct Bill,,,FALSE,TRUE,61.99
XDS8437908,ALLS,120009,Renewal,4/1/2025,4/1/2026,4/1/2025,12,Homeowners,HO3,Julie Mathews,julie.mathews@customer.net,"458 Heather Lane, Jacksonborough, WY 23626",WY,"458 Heather Lane, Jacksonborough, WY 23626",,,1992,Masonry Veneer,7,,,,,821.13,821.13,616.41,Direct Bill,,,FALSE,TRUE,204.72
GVL6481935,ALLS,120230,Renewal,4/1/2025,4/1/2026,4/1/2025,12,Homeowners,HO3,Jeffery Dunn,jeffery.dunn@example.com,"60374 Susan Prairie Suite 262, West Melissa, IN 18896",IN,"60374 Susan Prairie Suite 262, West Melissa, IN 18896",,,1995,Masonry Veneer,5,,,,,901.99,901.99,677.11,Direct Bill,,,FALSE,TRUE,224.88
LZT1730071,NATI,120012,Renewal,4/1/2025,4/1/2026,4/1/2025,12,Homeowners,HO3,Lisa Curtis,lisa.curtis@customer.net,"04974 Marshall Spring Apt. 615, Russellmouth, CT 90173",CT,"04974 Marshall Spring Apt. 615, Russellmouth, CT 90173",,,1998,Non-Combustible,7,,,,,597.83,597.83,448.78,Direct Bill,,,FALSE,TRUE,149.05
LBM0049688,CHUB,120053,Renewal,4/1/2025,4/1/2026,4/1/2025,12,Homeowners,HO3,Elizabeth Dominguez,elizabeth.dominguez@mail.com,"16689 Knox Turnpike Suite 386, Angelaville, AS 61325",AS,"053 Bruce Village Apt. 466, Lake Wesley, CA 47074",,,1983,Masonry,5,,,,,1900.1,1900.1,1426.38,Direct Bill,,,FALSE,TRUE,473.72
GNK8771410,AMFA,120053,Renewal,4/1/2025,4/1/2026,4/1/2025,12,BOP,Businessowners,Laura Fernandez,laura.fernandez@mail.com,"07016 Jennifer Mountain Suite 251, Nicholashaven, MS 46601",MS,"07016 Jennifer Mountain Suite 251, Nicholashaven, MS 46601",,,,Joisted Masonry,6,,,,,2606.85,2606.85,1956.92,Direct Bill,,,FALSE,FALSE,649.93
ZER1496217,GEIC,120091,Renewal,4/1/2025,4/1/2026,4/1/2025,12,BOP,Businessowners,Stacy Campbell,stacy.campbell@policyhub.org,"3674 Little Crossing Suite 107, East Beverly, CA 97343",CA,"3674 Little Crossing Suite 107, East Beverly, CA 97343",,,,Masonry,3,,,,,2250.02,2250.02,1689.06,Direct Bill,,,FALSE,TRUE,560.96
WJT7237514,PRGS,120260,Renewal,4/1/2025,4/1/2026,4/1/2025,12,Homeowners,HO3,Tiffany Becker,tiffany.becker@example.com,"4608 Richard Route, Port Casey, NH 63608",NH,"4608 Richard Route, Port Casey, NH 63608",,,1975,Frame,9,,,,,1445.21,1445.21,1084.9,Direct Bill,,,FALSE,TRUE,360.31
MPX3054959,CHUB,120043,New,4/1/2025,4/1/2026,4/1/2025,12,Personal Auto,Private Passenger Auto,Linda Wise,linda.wise@insmail.com,"85745 Taylor Pines, West Jamesville, DE 07802",DE,"85745 Taylor Pines, West Jamesville, DE 07802",2,1,,,,50/100,100000,250,2500,1036.8,1036.8,778.31,Direct Bill,,,FALSE,TRUE,258.49
UUF4872816,NATI,120095,Renewal,4/1/2025,4/1/2026,4/1/2025,12,Homeowners,HO3,Tammy Leach,tammy.leach@policyhub.org,"01922 Gabriel Trail, Port Seanstad, WY 33349",WY,"01922 Gabriel Trail, Port Seanstad, WY 33349",,,2001,Non-Combustible,6,,,,,1254.42,1254.42,941.67,Direct Bill,,,FALSE,TRUE,312.75
VFW0855181,HART,120039,New,4/1/2025,4/1/2026,4/1/2025,12,Personal Auto,Private Passenger Auto,Frank Padilla,frank.padilla@policyhub.org,"857 Hughes Cove, New Lisa, PW 22477",PW,"857 Hughes Cove, New Lisa, PW 22477",3,3,,,,50/100,500000,1000,500,3147.31,3147.31,2362.64,Agency Bill,,,FALSE,FALSE,784.67
ZMF5472785,FARM,120163,Renewal,4/1/2025,4/1/2026,4/1/2025,12,BOP,Businessowners,Alexandra Snyder,alexandra.snyder@customer.net,"79033 Allen Plain Suite 623, South Paulfort, WY 07467",WY,"79033 Allen Plain Suite 623, South Paulfort, WY 07467",,,,Frame,7,,,,,4117.81,4117.81,3091.18,Direct Bill,,,FALSE,FALSE,1026.63
UCJ1238661,PRGS,120010,Renewal,4/1/2025,4/1/2026,4/1/2025,12,Personal Auto,Private Passenger Auto,Pamela Khan,pamela.khan@example.com,"571 Moore Junctions Suite 818, Jamesstad, PW 25032",PW,"8693 Williams Burg, Jasonbury, TN 39593",1,2,,,,50/100,100000,1000,2500,2194.97,2194.97,1647.73,Direct Bill,,,FALSE,TRUE,547.24
BRA6878423,ALLS,120114,Renewal,4/1/2025,4/1/2026,4/1/2025,12,WC,Workers Compensation,Jose Lee,jose.lee@example.com,"1249 Charles Drives, Stricklandhaven, NC 55005",NC,"1249 Charles Drives, Stricklandhaven, NC 55005",,,,,,,,,,9100.47,9100.47,6831.59,Agency Bill,,,FALSE,FALSE,2268.88
HEF0583726,AMFA,120156,Renewal,4/1/2025,4/1/2026,4/1/2025,12,WC,Workers Compensation,Sandra Meyers,sandra.meyers@policyhub.org,"2377 Jessica Mission Suite 953, Johnsonberg, MI 02734",MI,"2377 Jessica Mission Suite 953, Johnsonberg, MI 02734",,,,,,,,,,4516.57,4516.57,3390.52,Direct Bill,,,FALSE,FALSE,1126.05
ZKC3014590,PRGS,120168,New,4/1/2025,4/1/2026,4/1/2025,12,Personal Auto,Private Passenger Auto,Shelly Bradshaw,shelly.bradshaw@example.com,"8691 Jacob Branch, Barkermouth, NE 65980",NE,"8691 Jacob Branch, Barkermouth, NE 65980",1,2,,,,50/100,100000,500,1000,342.31,342.31,256.97,Direct Bill,,,FALSE,TRUE,85.34
ANH7537542,GEIC,120218,Reinstate,4/1/2025,4/1/2026,7/25/2025,12,Package,Commercial Package,Kimberly Clark,kimberly.clark@mail.com,"341 Christopher Coves Apt. 296, Ramseyview, PA 95239",PA,"341 Christopher Coves Apt. 296, Ramseyview, PA 95239",,,,Frame,7,,,,,3000,0,2252.05,Direct Bill,,9/24/2023,FALSE,TRUE,747.95
UDH1407309,CHUB,120159,Renewal,4/1/2025,4/1/2026,4/1/2025,12,BOP,Businessowners,Kristin Howell,kristin.howell@insmail.com,"1213 Michael Mount Apt. 273, Port Debramouth, HI 74435",HI,"1213 Michael Mount Apt. 273, Port Debramouth, HI 74435",,,,Joisted Masonry,9,,,,,2700.92,2700.92,2027.54,Direct Bill,,,FALSE,TRUE,673.38
KCG9039068,PRGS,120249,Renewal,4/1/2025,4/1/2026,4/1/2025,12,WC,Workers Compensation,Allison Pittman,allison.pittman@insmail.com,"514 Jessica Gateway, Ryanfurt, MN 51002",MN,"514 Jessica Gateway, Ryanfurt, MN 51002",,,,,,,,,,2042.36,2042.36,1533.17,Agency Bill,,,FALSE,TRUE,509.19
TKT0271761,ALLS,120085,Renewal,4/1/2025,4/1/2026,4/1/2025,12,Homeowners,HO3,Susan Kim,susan.kim@mail.com,"8023 Lawrence Ramp Suite 905, South Yolanda, VA 08030",VA,"8023 Lawrence Ramp Suite 905, South Yolanda, VA 08030",,,1997,Frame,5,,,,,614.9,614.9,461.6,Agency Bill,,,FALSE,TRUE,153.3
PZB9472352,LIBM,120153,Reinstate,4/1/2025,4/1/2026,12/24/2025,12,Package,Commercial Package,Sarah Adams,sarah.adams@insmail.com,"2481 Cook Views, Christinaside, SC 22760",SC,"2846 Walker Drives, East Aaronhaven, LA 31315",,,,Masonry Veneer,5,,,,,18664.51,0,14011.17,Direct Bill,,12/2/2021,FALSE,TRUE,4653.34
VCK5934951,HART,120159,Endorsement,4/1/2025,4/1/2026,6/18/2025,12,Umbrella,Personal Umbrella,Mary Sandoval,mary.sandoval@mail.com,"79249 Joyce Burgs Suite 797, New Robertstad, KY 01294",KY,"438 Young Tunnel, Rojasside, CT 67632",,,,,,,,,,294.51,-2.7,221.08,Direct Bill,,,FALSE,TRUE,73.43
LRT1677348,ALLS,120018,Cancel,4/1/2025,12/17/2025,12/17/2025,12,Package,Commercial Package,Ruth Morris,ruth.morris@insmail.com,"718 Owen Trail Suite 520, Taylormouth, MP 84686",MP,"718 Owen Trail Suite 520, Taylormouth, MP 84686",,,,Frame,7,,,,,4949.91,0,4949.91,Direct Bill,9/17/2021,,FALSE,TRUE,0
CNH2855684,HART,120113,New,4/1/2025,4/1/2026,4/1/2025,12,Personal Auto,Private Passenger Auto,Darren Gonzales,darren.gonzales@customer.net,"339 Cynthia Key Suite 022, East Scottburgh, SC 73268",SC,"339 Cynthia Key Suite 022, East Scottburgh, SC 73268",2,1,,,,25/50,100000,1000,500,622.32,622.32,467.17,Direct Bill,,,FALSE,TRUE,155.15
PXX6922021,ALLS,120041,Renewal,4/1/2025,4/1/2026,4/1/2025,12,Personal Auto,Private Passenger Auto,Veronica Miles,veronica.miles@customer.net,"570 Copeland Walk Apt. 719, Kevinfort, VI 06461",VI,"570 Copeland Walk Apt. 719, Kevinfort, VI 06461",2,3,,,,50/100,100000,1000,250,3055.71,3055.71,2293.88,Agency Bill,,,FALSE,TRUE,761.83
BWH2927523,PRGS,120114,Endorsement,4/1/2025,4/1/2026,8/2/2025,12,Umbrella,Personal Umbrella,Todd Butler,todd.butler@policyhub.org,"57074 Bowen Mills, New Patty, MN 91571",MN,"57074 Bowen Mills, New Patty, MN 91571",,,,,,,,,,960.11,-82.75,720.74,Direct Bill,,,FALSE,TRUE,239.37
NKG6072300,HART,120260,Renewal,4/1/2025,4/1/2026,4/1/2025,12,Personal Auto,Private Passenger Auto,Craig Frank,craig.frank@example.com,"24635 James Pine Apt. 993, North Danielleberg, TN 16055",TN,"24635 James Pine Apt. 993, North Danielleberg, TN 16055",2,3,,,,50/100,250000,500,500,1360.59,1360.59,1021.37,Direct Bill,,,FALSE,TRUE,339.22
FMV6417519,LIBM,120030,Renewal,4/1/2025,4/1/2026,4/1/2025,12,BOP,Businessowners,Holly Raymond,holly.raymond@customer.net,"9616 Joel Prairie, New Josephbury, AR 13474",AR,"9616 Joel Prairie, New Josephbury, AR 13474",,,,Frame,5,,,,,4040.59,4040.59,3033.21,Agency Bill,,,FALSE,TRUE,1007.38
XFJ1107621,GEIC,120073,Endorsement,4/1/2025,4/1/2026,11/16/2025,12,Umbrella,Personal Umbrella,Thomas Powell,thomas.powell@example.com,"91863 Pierce Mills, New Samantha, PR 19301",PR,"91863 Pierce Mills, New Samantha, PR 19301",,,,,,,,,,900.37,-65.79,675.89,Direct Bill,,,FALSE,TRUE,224.48
WRJ2172387,LIBM,120083,New,4/1/2025,4/1/2026,4/1/2025,12,Personal Auto,Private Passenger Auto,Daniel Lee,daniel.lee@insmail.com,"4706 Julia Run Apt. 986, Douglasside, KY 20526",KY,"4706 Julia Run Apt. 986, Douglasside, KY 20526",3,3,,,,50/100,100000,1000,2500,2819.39,2819.39,2116.47,Direct Bill,,,FALSE,TRUE,702.92
YWL0068295,FARM,120033,New,4/1/2025,4/1/2026,4/1/2025,12,Personal Auto,Private Passenger Auto,Tara Bond,tara.bond@insmail.com,"879 Robert Plains, Williamsonview, GA 14685",GA,"879 Robert Plains, Williamsonview, GA 14685",2,2,,,,25/50,50000,500,500,2051.51,2051.51,1540.04,Agency Bill,,,FALSE,FALSE,511.47
FEF2750971,NATI,120285,New,4/1/2025,4/1/2026,4/1/2025,12,Personal Auto,Private Passenger Auto,Heather Johnson,heather.johnson@example.com,"62673 Elliott Spur Apt. 432, Port Laurenshire, NE 75790",NE,"62673 Elliott Spur Apt. 432, Port Laurenshire, NE 75790",4,1,,,,25/50,25000,250,250,886.96,886.96,665.83,Agency Bill,,,FALSE,TRUE,221.13
GYP8478811,LIBM,120033,Renewal,4/1/2025,4/1/2026,4/1/2025,12,Personal Auto,Private Passenger Auto,Anna Arias,anna.arias@example.com,"494 Brian Station, South Tina, KS 43128",KS,"97095 Dorsey Grove Apt. 447, Hillmouth, MP 74578",1,1,,,,50/100,250000,1000,500,818.91,818.91,614.74,Direct Bill,,,FALSE,TRUE,204.17
JGA6070369,NATI,120119,New,4/1/2025,4/1/2026,4/1/2025,12,Personal Auto,Private Passenger Auto,Jeffrey Roman,jeffrey.roman@customer.net,"115 Laura Club Suite 523, North Kristina, ME 61757",ME,"115 Laura Club Suite 523, North Kristina, ME 61757",2,1,,,,50/100,25000,250,500,1504.39,1504.39,1129.32,Direct Bill,,,FALSE,TRUE,375.07
KUE2595285,GEIC,120098,Renewal,4/1/2025,4/1/2026,4/1/2025,12,BOP,Businessowners,Victor Marshall,victor.marshall@insmail.com,"33811 Alyssa Radial, Anthonymouth, NV 16751",NV,"473 Reynolds Circle Suite 258, Waltersland, MO 19437",,,,Frame,7,,,,,8815.12,8815.12,6617.38,Agency Bill,,,FALSE,FALSE,2197.74
WJB5670011,PRGS,120091,Renewal,4/1/2025,4/1/2026,4/1/2025,12,Homeowners,HO3,Rachel Gould,rachel.gould@example.com,"93290 Shelly Causeway Suite 020, Lake Lauraside, LA 76552",LA,"93290 Shelly Causeway Suite 020, Lake Lauraside, LA 76552",,,2018,Non-Combustible,6,,,,,2089.57,2089.57,1568.61,Agency Bill,,,FALSE,TRUE,520.96
JJS6743852,HART,120253,Renewal,4/1/2025,4/1/2026,4/1/2025,12,BOP,Businessowners,Stuart Patterson,stuart.patterson@insmail.com,"34093 Miller Ridge Suite 635, Thomashaven, UT 47878",UT,"34093 Miller Ridge Suite 635, Thomashaven, UT 47878",,,,Masonry,7,,,,,7694.64,7694.64,5776.25,Direct Bill,,,FALSE,FALSE,1918.39
EDS0969963,HART,120111,Renewal,4/1/2025,4/1/2026,4/1/2025,12,Umbrella,Personal Umbrella,Michelle Robinson,michelle.robinson@policyhub.org,"1003 Stephen Rest, New Brett, DC 68515",DC,"1003 Stephen Rest, New Brett, DC 68515",,,,,,,,,,482.93,482.93,362.53,Direct Bill,,,FALSE,FALSE,120.4
ASU9596578,AMFA,120179,New,4/1/2025,4/1/2026,4/1/2025,12,Personal Auto,Private Passenger Auto,Zachary Sanchez,zachary.sanchez@example.com,"6207 Campbell Villages, Port Phillip, VI 62720",VI,"6207 Campbell Villages, Port Phillip, VI 62720",2,1,,,,25/50,100000,2500,500,1173.24,1173.24,880.73,Agency Bill,,,FALSE,TRUE,292.51
YMM9076082,NATI,120156,Endorsement,4/1/2025,4/1/2026,10/22/2025,12,Umbrella,Personal Umbrella,Candace Baker,candace.baker@example.com,"0567 Cox Crossing, Benjamintown, KS 39444",KS,"0567 Cox Crossing, Benjamintown, KS 39444",,,,,,,,,,166.38,17.06,124.9,Agency Bill,,,FALSE,TRUE,41.48
DYC9234114,ALLS,120171,Renewal,4/1/2025,4/1/2026,4/1/2025,12,BOP,Businessowners,Jenny Banks,jenny.banks@insmail.com,"61863 Sims Route Suite 046, South Lisaport, OR 80865",OR,"61863 Sims Route Suite 046, South Lisaport, OR 80865",,,,Frame,6,,,,,2135.15,2135.15,1602.82,Direct Bill,,,FALSE,FALSE,532.33
MLA0478021,PRGS,120061,Renewal,4/1/2025,4/1/2026,4/1/2025,12,Homeowners,HO3,Christine Irwin,christine.irwin@insmail.com,"861 David Manor Apt. 442, Andrewside, PA 96443",PA,"861 David Manor Apt. 442, Andrewside, PA 96443",,,2002,Joisted Masonry,4,,,,,1690.49,1690.49,1269.03,Direct Bill,,,FALSE,FALSE,421.46
VAX3133598,LIBM,120035,Renewal,4/1/2025,4/1/2026,4/1/2025,12,Homeowners,HO3,Dennis Smith,dennis.smith@insmail.com,"167 Amanda Ford, Port Samanthaview, ME 71438",ME,"627 Madden Plains Apt. 578, West James, FM 44981",,,1958,Frame,2,,,,,856.46,856.46,642.93,Direct Bill,,,FALSE,TRUE,213.53
DJV3514787,ALLS,120197,New,4/1/2025,4/1/2026,4/1/2025,12,Personal Auto,Private Passenger Auto,Benjamin Lewis,benjamin.lewis@policyhub.org,"734 Andrew Grove Suite 940, Lowerystad, VI 40166",VI,"734 Andrew Grove Suite 940, Lowerystad, VI 40166",1,1,,,,50/100,100000,500,1000,1130.04,1130.04,848.3,Direct Bill,,,FALSE,TRUE,281.74
EVZ5802498,NATI,120071,New,4/1/2025,4/1/2026,4/1/2025,12,Personal Auto,Private Passenger Auto,Christopher Dominguez,christopher.dominguez@example.com,"1293 Morris Road, New Anthonytown, MI 36252",MI,"9229 Ryan Ways Suite 344, Ryanchester, AS 95691",2,1,,,,50/100,50000,250,500,1645.17,1645.17,1235,Direct Bill,,,FALSE,FALSE,410.17
VSH2510554,ALLS,120020,Endorsement,4/1/2025,4/1/2026,5/26/2025,12,Umbrella,Personal Umbrella,Melissa Rios,melissa.rios@policyhub.org,"6342 Stephanie Mission Suite 779, East Janet, IA 00924",IA,"6342 Stephanie Mission Suite 779, East Janet, IA 00924",,,,,,,,,,1721.9,-78.85,1292.6,Direct Bill,,,FALSE,TRUE,429.3
FSV3645869,AMFA,120121,Renewal,4/1/2025,4/1/2026,4/1/2025,12,Personal Auto,Private Passenger Auto,Kevin Stewart,kevin.stewart@example.com,"0506 Erin Lodge, Shahfurt, WV 75407",WV,"0506 Erin Lodge, Shahfurt, WV 75407",1,2,,,,50/100,50000,1000,500,1018.42,1018.42,764.51,Agency Bill,,,FALSE,TRUE,253.91
RWE6265045,LIBM,120186,New,4/1/2025,4/1/2026,4/1/2025,12,Personal Auto,Private Passenger Auto,David Thompson,david.thompson@example.com,"465 Miranda Spring Apt. 410, East Valerie, AL 21974",AL,"465 Miranda Spring Apt. 410, East Valerie, AL 21974",3,1,,,,50/100,500000,1000,1000,1210.42,1210.42,908.64,Direct Bill,,,FALSE,TRUE,301.78
AWH9889899,HART,120133,Cancel,4/1/2025,9/9/2025,9/9/2025,12,Package,Commercial Package,Kenneth Henderson,kenneth.henderson@customer.net,"5762 Troy Mountain Suite 378, Lake Crystal, WY 95226",WY,"5762 Troy Mountain Suite 378, Lake Crystal, WY 95226",,,,Frame,6,,,,,3000,0,3000,Direct Bill,4/5/2022,,FALSE,TRUE,0
VFJ0364695,ALLS,120071,New,4/1/2025,4/1/2026,4/1/2025,12,Personal Auto,Private Passenger Auto,Joseph Robinson,joseph.robinson@insmail.com,"39341 Kyle Walk Suite 281, Thomasborough, DE 96920",DE,"39341 Kyle Walk Suite 281, Thomasborough, DE 96920",3,3,,,,50/100,100000,500,250,2487.63,2487.63,1867.43,Agency Bill,,,FALSE,TRUE,620.2
RAK5865191,LIBM,120286,Renewal,4/1/2025,4/1/2026,4/1/2025,12,BOP,Businessowners,Gabriel Davidson,gabriel.davidson@mail.com,"393 Henson Ramp Apt. 046, Jasonshire, MS 55942",MS,"393 Henson Ramp Apt. 046, Jasonshire, MS 55942",,,,Joisted Masonry,9,,,,,9273.38,9273.38,6961.39,Direct Bill,,,FALSE,TRUE,2311.99
KWN8295111,NATI,120090,Renewal,4/1/2025,4/1/2026,4/1/2025,12,Personal Auto,Private Passenger Auto,Eduardo Mcbride,eduardo.mcbride@example.com,"068 Durham Fort Suite 702, North Albert, AS 50694",AS,"068 Durham Fort Suite 702, North Albert, AS 50694",4,1,,,,50/100,250000,250,500,1577.97,1577.97,1184.56,Direct Bill,,,FALSE,TRUE,393.41
STN6825090,AMFA,120026,New,4/1/2025,4/1/2026,4/1/2025,12,Personal Auto,Private Passenger Auto,Amy Hill,amy.hill@insmail.com,"726 Philip Parkways Apt. 506, Danielmouth, LA 65522",LA,"726 Philip Parkways Apt. 506, Danielmouth, LA 65522",1,3,,,,50/100,100000,1000,500,1757.31,1757.31,1319.19,Direct Bill,,,FALSE,TRUE,438.12
RMH8871496,LIBM,120051,Renewal,4/1/2025,4/1/2026,4/1/2025,12,Homeowners,HO3,Amanda Moore,amanda.moore@customer.net,"80346 Andrew Path Apt. 547, West Deborah, ID 36054",ID,"80346 Andrew Path Apt. 547, West Deborah, ID 36054",,,2004,Joisted Masonry,4,,,,,1350.38,1350.38,1013.71,Agency Bill,,,FALSE,TRUE,336.67
KCH6760529,TRAV,120287,Renewal,4/1/2025,4/1/2026,4/1/2025,12,Personal Auto,Private Passenger Auto,Daniel Guerra,daniel.guerra@policyhub.org,"30681 Maynard Estate Suite 043, Traceyton, AR 84818",AR,"8306 Fritz Locks Apt. 066, South Andreaburgh, AL 47805",3,2,,,,50/100,100000,2500,500,1777.56,1777.56,1334.39,Agency Bill,,,FALSE,TRUE,443.17
JYE1989068,PRGS,120204,Endorsement,4/1/2025,4/1/2026,9/21/2025,12,Umbrella,Personal Umbrella,Kyle Ramirez,kyle.ramirez@example.com,"42332 Smith Club, East Courtneyport, MS 03128",MS,"46216 Shaun Underpass Suite 794, Port Connie, TN 08533",,,,,,,,,,411.52,4.61,308.92,Direct Bill,,,FALSE,TRUE,102.6
TAH6712063,CHUB,120197,Endorsement,4/1/2025,4/1/2026,8/3/2025,12,Umbrella,Personal Umbrella,Dennis Cline,dennis.cline@example.com,"912 Smith Inlet, North Kristafurt, GA 62237",GA,"791 Hebert Branch Apt. 384, Lake Danielle, VA 88445",,,,,,,,,,388.25,-4.71,291.45,Agency Bill,,,FALSE,FALSE,96.8
RWK1849090,HART,120192,New,4/1/2025,4/1/2026,4/1/2025,12,Personal Auto,Private Passenger Auto,Jennifer Moran,jennifer.moran@example.com,"355 Thomas Forges Apt. 008, New Laura, PR 83595",PR,"355 Thomas Forges Apt. 008, New Laura, PR 83595",1,2,,,,50/100,250000,500,1000,932.65,932.65,700.13,Agency Bill,,,FALSE,TRUE,232.52
GNC0659101,TRAV,120155,New,4/1/2025,4/1/2026,4/1/2025,12,Personal Auto,Private Passenger Auto,Dylan King,dylan.king@mail.com,"73611 Fisher Junctions, Monicabury, AZ 16472",AZ,"73611 Fisher Junctions, Monicabury, AZ 16472",2,1,,,,50/100,100000,500,2500,591.49,591.49,444.02,Direct Bill,,,FALSE,TRUE,147.47
XZU8494422,PRGS,120290,Renewal,4/1/2025,4/1/2026,4/1/2025,12,Personal Auto,Private Passenger Auto,Nicole Williams,nicole.williams@insmail.com,"1761 Christopher Cape Apt. 330, Adriennestad, MS 89286",MS,"1761 Christopher Cape Apt. 330, Adriennestad, MS 89286",2,1,,,,50/100,100000,250,500,1938.68,1938.68,1455.34,Agency Bill,,,FALSE,TRUE,483.34
SKT7986713,GEIC,120174,New,4/1/2025,4/1/2026,4/1/2025,12,Personal Auto,Private Passenger Auto,Joel Gray,joel.gray@policyhub.org,"0978 Mitchell Court Suite 899, Port Jessica, NY 53243",NY,"37422 Michael Park, New Patricia, OK 00522",1,3,,,,25/50,100000,500,500,2992.24,2992.24,2246.23,Direct Bill,,,FALSE,TRUE,746.01
FAU5869891,PRGS,120189,New,4/1/2025,4/1/2026,4/1/2025,12,Personal Auto,Private Passenger Auto,Amanda Pena,amanda.pena@customer.net,"37043 April Inlet, New Danielfort, IL 72363",IL,"37043 April Inlet, New Danielfort, IL 72363",2,2,,,,50/100,250000,1000,1000,965.43,965.43,724.73,Direct Bill,,,FALSE,TRUE,240.7
SCC8752654,AMFA,120221,Endorsement,4/1/2025,4/1/2026,3/12/2026,12,Umbrella,Personal Umbrella,Olivia Turner,olivia.turner@policyhub.org,"560 Cynthia Pine, Smithshire, AL 84767",AL,"560 Cynthia Pine, Smithshire, AL 84767",,,,,,,,,,340.11,-31.92,255.32,Direct Bill,,,FALSE,TRUE,84.79
KZU6681536,TRAV,120095,Renewal,4/1/2025,4/1/2026,4/1/2025,12,WC,Workers Compensation,William Schaefer,william.schaefer@policyhub.org,"60109 Boone Extension Apt. 984, Bobbyberg, NY 72656",NY,"60109 Boone Extension Apt. 984, Bobbyberg, NY 72656",,,,,,,,,,3472.26,3472.26,2606.57,Direct Bill,,,FALSE,FALSE,865.69
FJF9614232,PRGS,120279,Renewal,4/1/2025,4/1/2026,4/1/2025,12,Homeowners,HO3,Julie Sims,julie.sims@policyhub.org,"0500 Dudley Course, South Ralphland, AZ 40886",AZ,"902 Escobar Knoll Apt. 794, Hallmouth, MO 89308",,,1980,Masonry Veneer,6,,,,,2892.62,2892.62,2171.45,Direct Bill,,,FALSE,TRUE,721.17
UEW3265197,FARM,120132,Endorsement,4/1/2025,4/1/2026,10/11/2025,12,Umbrella,Personal Umbrella,Bryan Wade,bryan.wade@example.com,"6062 Holly Green, Jonesbury, DE 68928",DE,"33400 Gabriella Center Apt. 006, Millerfurt, PA 16558",,,,,,,,,,1568.72,114.79,1177.61,Direct Bill,,,FALSE,TRUE,391.11
WTY3923717,PRGS,120230,Renewal,4/1/2025,4/1/2026,4/1/2025,12,Homeowners,HO3,Peter Moreno,peter.moreno@example.com,"780 Kelly Summit, Cruzside, IN 94970",IN,"780 Kelly Summit, Cruzside, IN 94970",,,2010,Non-Combustible,5,,,,,1759.07,1759.07,1320.51,Direct Bill,,,FALSE,TRUE,438.56
XZZ3933486,HART,120034,Renewal,4/1/2025,4/1/2026,4/1/2025,12,Homeowners,HO3,Melissa Graham,melissa.graham@mail.com,"35328 Lam Rapid, New Ruth, VA 72829",VA,"35328 Lam Rapid, New Ruth, VA 72829",,,1991,Frame,9,,,,,1570.21,1570.21,1178.73,Direct Bill,,,FALSE,TRUE,391.48
HME3678049,TRAV,120091,Endorsement,4/1/2025,4/1/2026,1/27/2026,12,Umbrella,Personal Umbrella,Erin Underwood,erin.underwood@policyhub.org,"830 Jeremy Forks, Lake Billyville, IN 70710",IN,"87286 Hill Creek Suite 679, Perezberg, HI 28747",,,,,,,,,,294.92,-17.78,221.39,Direct Bill,,,FALSE,TRUE,73.53
ZLS5027434,CHUB,120155,Reinstate,4/1/2025,4/1/2026,12/10/2025,12,Package,Commercial Package,Lauren Hunter,lauren.hunter@example.com,"2462 Arias Haven Apt. 257, East Joshuatown, ME 57888",ME,"2462 Arias Haven Apt. 257, East Joshuatown, ME 57888",,,,Joisted Masonry,3,,,,,15979.47,0,11995.55,Agency Bill,,3/20/2024,FALSE,FALSE,3983.92
ETN6496996,AMFA,120025,New,4/1/2025,4/1/2026,4/1/2025,12,Personal Auto,Private Passenger Auto,Karen King,karen.king@example.com,"5661 Monica Greens, Port Joshuafurt, FL 65182",FL,"5661 Monica Greens, Port Joshuafurt, FL 65182",2,1,,,,50/100,500000,500,1000,1485.31,1485.31,1115,Direct Bill,,,FALSE,TRUE,370.31
JPJ8317538,PRGS,120050,Renewal,4/1/2025,4/1/2026,4/1/2025,12,Homeowners,HO3,Virginia Castaneda,virginia.castaneda@insmail.com,"45123 Johnson Track Apt. 704, Juarezhaven, PA 19300",PA,"45123 Johnson Track Apt. 704, Juarezhaven, PA 19300",,,2008,Fire Resistive,6,,,,,678.67,678.67,509.47,Agency Bill,,,FALSE,TRUE,169.2
ZGN1296305,GEIC,120210,Renewal,4/1/2025,4/1/2026,4/1/2025,12,Homeowners,HO3,Taylor Johnson,taylor.johnson@policyhub.org,"9822 White Lodge, Matthewton, AL 90150",AL,"9822 White Lodge, Matthewton, AL 90150",,,2004,Joisted Masonry,2,,,,,637.85,637.85,478.82,Direct Bill,,,FALSE,TRUE,159.03
KVK8239504,GEIC,120149,New,4/1/2025,4/1/2026,4/1/2025,12,Personal Auto,Private Passenger Auto,Kyle Foley,kyle.foley@policyhub.org,"16415 Dawn Ford Suite 497, Cochranville, IA 78580",IA,"16415 Dawn Ford Suite 497, Cochranville, IA 78580",4,1,,,,50/100,100000,250,500,956.13,956.13,717.75,Direct Bill,,,FALSE,TRUE,238.38
KBZ6676765,CHUB,120165,Renewal,4/1/2025,4/1/2026,4/1/2025,12,Personal Auto,Private Passenger Auto,Emily Ross,emily.ross@example.com,"23185 Stephanie Meadow Suite 034, Port Bonnie, AK 17457",AK,"23185 Stephanie Meadow Suite 034, Port Bonnie, AK 17457",4,4,,,,50/100,250000,1000,250,912.14,912.14,684.73,Direct Bill,,,FALSE,TRUE,227.41
MCU2386055,FARM,120267,Renewal,4/1/2025,4/1/2026,4/1/2025,12,BOP,Businessowners,Morgan Haney,morgan.haney@mail.com,"61355 Mcgrath Lodge, Blackland, MH 17410",MH,"397 Mays Wall Suite 317, Port William, SD 29154",,,,Non-Combustible,10,,,,,1500,1500,1126.03,Agency Bill,,,FALSE,FALSE,373.97
YRC3215682,GEIC,120108,Renewal,4/1/2025,4/1/2026,4/1/2025,12,Personal Auto,Private Passenger Auto,Megan Kennedy,megan.kennedy@example.com,"56664 Sarah Turnpike, New Craig, SD 50307",SD,"56664 Sarah Turnpike, New Craig, SD 50307",1,1,,,,50/100,100000,250,1000,882.6,882.6,662.55,Agency Bill,,,FALSE,FALSE,220.05
HSN9075091,TRAV,120169,New,4/1/2025,4/1/2026,4/1/2025,12,Personal Auto,Private Passenger Auto,Scott Salazar,scott.salazar@customer.net,"970 Keith Route, South Laurenchester, IL 04181",IL,"180 Lori Glens, Whiteview, NM 69025",2,3,,,,25/50,50000,1000,1000,1079.66,1079.66,810.48,Direct Bill,,,FALSE,TRUE,269.18
WMJ0008341,PRGS,120198,New,4/1/2025,4/1/2026,4/1/2025,12,Personal Auto,Private Passenger Auto,Michael Gregory,michael.gregory@insmail.com,"552 Crane Place Apt. 030, Heatherville, KY 65370",KY,"552 Crane Place Apt. 030, Heatherville, KY 65370",2,2,,,,50/100,250000,500,500,1832.7,1832.7,1375.78,Direct Bill,,,FALSE,TRUE,456.92
LUF5555565,NATI,120047,Rewrite,4/1/2025,4/1/2026,4/1/2025,12,Package,Commercial Package,Adrian Adams,adrian.adams@customer.net,"55299 Carrillo Springs Apt. 868, Port Erin, VI 22289",VI,"55299 Carrillo Springs Apt. 868, Port Erin, VI 22289",,,,Frame,3,,,,,8827.17,8827.17,6626.42,Direct Bill,,,TRUE,TRUE,2200.75
WWZ3230904,TRAV,120025,Renewal,4/1/2025,4/1/2026,4/1/2025,12,BOP,Businessowners,Stacie Fleming,stacie.fleming@policyhub.org,"4065 Eric Plaza Apt. 076, Gonzalezside, AS 31031",AS,"4065 Eric Plaza Apt. 076, Gonzalezside, AS 31031",,,,Frame,6,,,,,4190.16,4190.16,3145.49,Direct Bill,,,FALSE,TRUE,1044.67
YNP9639539,PRGS,120244,New,4/1/2025,4/1/2026,4/1/2025,12,Personal Auto,Private Passenger Auto,Derrick Glover,derrick.glover@example.com,"897 White Lake, West Suzanne, NJ 38815",NJ,"897 White Lake, West Suzanne, NJ 38815",1,1,,,,50/100,100000,500,250,1212.07,1212.07,909.88,Direct Bill,,,FALSE,TRUE,302.19
XTX0087829,NATI,120204,New,4/1/2025,4/1/2026,4/1/2025,12,Personal Auto,Private Passenger Auto,Michael Obrien,michael.obrien@mail.com,"0414 Deborah Street, Shannonfurt, MI 65465",MI,"0414 Deborah Street, Shannonfurt, MI 65465",3,2,,,,50/100,25000,500,500,2037.94,2037.94,1529.85,Direct Bill,,,FALSE,TRUE,508.09
ZFL8211893,LIBM,120099,Renewal,4/1/2025,4/1/2026,4/1/2025,12,BOP,Businessowners,Molly Stephenson,molly.stephenson@example.com,"361 Robert Springs, Reidville, VA 85423",VA,"87649 Stewart Centers, East Daisyberg, AL 35375",,,,Joisted Masonry,4,,,,,9223.55,9223.55,6923.98,Direct Bill,,,FALSE,TRUE,2299.57
MPZ9589764,ALLS,120220,Renewal,4/1/2025,4/1/2026,4/1/2025,12,Personal Auto,Private Passenger Auto,Mary Simon,mary.simon@example.com,"12469 Michael Radial Suite 143, East Jasmine, OK 39103",OK,"12469 Michael Radial Suite 143, East Jasmine, OK 39103",1,1,,,,50/100,100000,250,500,913.21,913.21,685.53,Direct Bill,,,FALSE,TRUE,227.68
AAB7694406,PRGS,120261,Renewal,4/1/2025,4/1/2026,4/1/2025,12,Homeowners,HO3,Dustin Ochoa,dustin.ochoa@example.com,"68281 Simmons Village, West Michaelstad, VA 18455",VA,"68281 Simmons Village, West Michaelstad, VA 18455",,,1971,Fire Resistive,5,,,,,571.26,571.26,428.84,Direct Bill,,,FALSE,TRUE,142.42
NSE0399611,PRGS,120285,Renewal,4/1/2025,4/1/2026,4/1/2025,12,BOP,Businessowners,Danielle Russell,danielle.russell@example.com,"51875 Lisa Fork, New Shawnaton, RI 93403",RI,"51875 Lisa Fork, New Shawnaton, RI 93403",,,,Masonry Veneer,2,,,,,2755.87,2755.87,2068.79,Direct Bill,,,FALSE,TRUE,687.08
GEE0991717,CHUB,120245,Renewal,4/1/2025,4/1/2026,4/1/2025,12,Personal Auto,Private Passenger Auto,Helen Franco,helen.franco@mail.com,"51602 Jacobson Tunnel Suite 833, West Brentburgh, PA 56821",PA,"22000 Jeffrey Locks, New Brandon, MD 11094",2,4,,,,50/100,50000,2500,1000,1879.09,1879.09,1410.6,Agency Bill,,,FALSE,TRUE,468.49
NUG9327530,FARM,120215,Reinstate,4/1/2025,4/1/2026,10/27/2025,12,Package,Commercial Package,Joshua Salinas,joshua.salinas@example.com,"584 Fox Green Suite 788, Lake John, MI 73585",MI,"64308 Gonzales Run, Ramirezside, SC 88701",,,,Joisted Masonry,7,,,,,5216.45,0,3915.91,Direct Bill,,5/2/2023,FALSE,FALSE,1300.54
DGH4701032,NATI,120278,Renewal,4/1/2025,4/1/2026,4/1/2025,12,WC,Workers Compensation,Patricia Aguirre,patricia.aguirre@mail.com,"176 Barnes Hills Apt. 364, Johnsonmouth, CO 90223",CO,"176 Barnes Hills Apt. 364, Johnsonmouth, CO 90223",,,,,,,,,,13491.48,13491.48,10127.85,Direct Bill,,,FALSE,TRUE,3363.63
YTY0071990,PRGS,120295,Renewal,4/1/2025,4/1/2026,4/1/2025,12,Homeowners,HO3,Claudia Murphy,claudia.murphy@policyhub.org,"9173 Smith Summit, Port Mistyview, ID 29456",ID,"9173 Smith Summit, Port Mistyview, ID 29456",,,1987,Joisted Masonry,7,,,,,1078.94,1078.94,809.94,Agency Bill,,,FALSE,TRUE,269
TSH3524538,ALLS,120066,Renewal,4/1/2025,4/1/2026,4/1/2025,12,BOP,Businessowners,Brent Brown,brent.brown@customer.net,"2230 Angela Run Suite 083, Williamsshire, NC 87984",NC,"2230 Angela Run Suite 083, Williamsshire, NC 87984",,,,Masonry,2,,,,,7604.56,7604.56,5708.63,Direct Bill,,,FALSE,FALSE,1895.93
MDE3829967,GEIC,120126,Renewal,4/1/2025,4/1/2026,4/1/2025,12,WC,Workers Compensation,Caleb Gentry,caleb.gentry@mail.com,"4761 Christopher Junctions, East Johnchester, PR 74076",PR,"4761 Christopher Junctions, East Johnchester, PR 74076",,,,,,,,,,5627.23,5627.23,4224.28,Agency Bill,,,FALSE,FALSE,1402.95
WVE8469301,NATI,120265,New,4/1/2025,4/1/2026,4/1/2025,12,Personal Auto,Private Passenger Auto,Kelly Jennings,kelly.jennings@customer.net,"7881 Weber Flat, Gravesburgh, VT 29658",VT,"7881 Weber Flat, Gravesburgh, VT 29658",2,3,,,,50/100,250000,1000,2500,1637.59,1637.59,1229.31,Direct Bill,,,FALSE,TRUE,408.28
VED4870059,PRGS,120184,New,4/1/2025,4/1/2026,4/1/2025,12,Personal Auto,Private Passenger Auto,Kendra Chan,kendra.chan@insmail.com,"050 Donald Lane, Nobleside, HI 81305",HI,"050 Donald Lane, Nobleside, HI 81305",2,1,,,,50/100,50000,500,500,1906.24,1906.24,1430.99,Direct Bill,,,FALSE,TRUE,475.25
HSM6017831,PRGS,120237,Renewal,4/1/2025,4/1/2026,4/1/2025,12,WC,Workers Compensation,Michael Bruce,michael.bruce@insmail.com,"7959 Luis Freeway Apt. 155, Lake Oscarview, OR 60100",OR,"7959 Luis Freeway Apt. 155, Lake Oscarview, OR 60100",,,,,,,,,,8927.61,8927.61,6701.82,Direct Bill,,,FALSE,TRUE,2225.79
RNL3023353,AMFA,120263,Renewal,4/1/2025,4/1/2026,4/1/2025,12,BOP,Businessowners,Julie Roach,julie.roach@customer.net,"61541 Robert Loop, Wilsonport, NM 01604",NM,"61541 Robert Loop, Wilsonport, NM 01604",,,,Masonry,4,,,,,1500,1500,1126.03,Agency Bill,,,FALSE,FALSE,373.97
VFC9596866,FARM,120139,Renewal,4/1/2025,4/1/2026,4/1/2025,12,WC,Workers Compensation,Robert Mendoza,robert.mendoza@policyhub.org,"629 Emma Dam, Isabellaton, AL 51190",AL,"629 Emma Dam, Isabellaton, AL 51190",,,,,,,,,,11238.44,11238.44,8436.53,Agency Bill,,,FALSE,TRUE,2801.91
LBY6043130,HART,120146,Renewal,4/1/2025,4/1/2026,4/1/2025,12,BOP,Businessowners,Shannon Mendoza,shannon.mendoza@mail.com,"678 Sean Street, North Charles, SD 30300",SD,"678 Sean Street, North Charles, SD 30300",,,,Non-Combustible,2,,,,,1500,1500,1126.03,Agency Bill,,,FALSE,TRUE,373.97
VPA4408105,HART,120216,Endorsement,4/1/2025,4/1/2026,5/24/2025,12,Umbrella,Personal Umbrella,Melissa Wilson,melissa.wilson@policyhub.org,"73491 Greg Walks Suite 958, Davidview, VI 32498",VI,"73491 Greg Walks Suite 958, Davidview, VI 32498",,,,,,,,,,549.48,-12.96,412.49,Direct Bill,,,FALSE,TRUE,136.99
LAK6486756,LIBM,120284,Renewal,4/1/2025,4/1/2026,4/1/2025,12,Umbrella,Personal Umbrella,James Freeman,james.freeman@insmail.com,"8725 Gregory Lake Apt. 742, Craigbury, MS 33890",MS,"895 Aaron Pass Apt. 544, Angelaborough, MH 07374",,,,,,,,,,738.15,738.15,554.12,Direct Bill,,,FALSE,TRUE,184.03
YAJ7759294,LIBM,120209,Renewal,4/1/2025,4/1/2026,4/1/2025,12,BOP,Businessowners,Chase Murphy,chase.murphy@customer.net,"756 Farrell Mountain Suite 958, Port Markburgh, NM 20534",NM,"756 Farrell Mountain Suite 958, Port Markburgh, NM 20534",,,,Masonry Veneer,6,,,,,3104.5,3104.5,2330.5,Direct Bill,,,FALSE,TRUE,774
DXB4574589,HART,120210,Endorsement,4/1/2025,4/1/2026,3/27/2026,12,Umbrella,Personal Umbrella,Michael Brown,michael.brown@customer.net,"65537 Charles River Apt. 553, Port Tylerborough, TN 43728",TN,"65537 Charles River Apt. 553, Port Tylerborough, TN 43728",,,,,,,,,,375.06,-6.6,281.55,Direct Bill,,,FALSE,TRUE,93.51
TMN2327257,GEIC,120132,Renewal,4/1/2025,4/1/2026,4/1/2025,12,Homeowners,HO3,Christine Macias,christine.macias@insmail.com,"8309 Joseph Common Suite 105, West Sheila, WY 69057",WY,"987 Meyers Coves Suite 485, Charlestown, RI 17785",,,2000,Frame,5,,,,,681.09,681.09,511.28,Direct Bill,,,FALSE,TRUE,169.81
GAJ9456273,HART,120294,Renewal,4/1/2025,4/1/2026,4/1/2025,12,Personal Auto,Private Passenger Auto,Nathaniel Schmidt,nathaniel.schmidt@example.com,"1724 Ashley Cove, West Meganburgh, AZ 54021",AZ,"1724 Ashley Cove, West Meganburgh, AZ 54021",5,2,,,,50/100,50000,1000,500,2425.44,2425.44,1820.74,Direct Bill,,,FALSE,TRUE,604.7
BPU5664174,HART,120258,Endorsement,4/1/2025,4/1/2026,8/31/2025,12,Umbrella,Personal Umbrella,Frederick Webb,frederick.webb@customer.net,"1022 Kenneth Well, Edwardstown, AS 34320",AS,"1022 Kenneth Well, Edwardstown, AS 34320",,,,,,,,,,391.75,14.13,294.08,Agency Bill,,,FALSE,TRUE,97.67
CFK3108978,PRGS,120212,New,4/1/2025,4/1/2026,4/1/2025,12,Personal Auto,Private Passenger Auto,Amy Shaw,amy.shaw@mail.com,"815 Michelle Lane Apt. 912, Tiffanyborough, AR 07249",AR,"815 Michelle Lane Apt. 912, Tiffanyborough, AR 07249",3,1,,,,50/100,50000,500,500,595.59,595.59,447.1,Agency Bill,,,FALSE,FALSE,148.49
KPB0518823,GEIC,120110,New,4/1/2025,4/1/2026,4/1/2025,12,Personal Auto,Private Passenger Auto,Dylan Newton,dylan.newton@insmail.com,"370 Kenneth Isle, Seanville, TN 84062",TN,"370 Kenneth Isle, Seanville, TN 84062",1,2,,,,50/100,100000,1000,1000,931.98,931.98,699.62,Direct Bill,,,FALSE,TRUE,232.36
KYF2488219,PRGS,120128,Renewal,4/1/2025,4/1/2026,4/1/2025,12,WC,Workers Compensation,Kevin Gardner,kevin.gardner@example.com,"56691 Paul Orchard Suite 248, West Robert, NH 48901",NH,"56691 Paul Orchard Suite 248, West Robert, NH 48901",,,,,,,,,,3875.84,3875.84,2909.53,Agency Bill,,,FALSE,TRUE,966.31
EVT1670525,NATI,120212,Endorsement,4/1/2025,4/1/2026,6/12/2025,12,Umbrella,Personal Umbrella,Eric Blake,eric.blake@insmail.com,"93561 Lee Hill, Ericside, KY 20433",KY,"93561 Lee Hill, Ericside, KY 20433",,,,,,,,,,640.24,-50.37,480.62,Direct Bill,,,FALSE,TRUE,159.62
JYL8362132,PRGS,120252,Renewal,4/1/2025,4/1/2026,4/1/2025,12,Homeowners,HO3,Patrick Mcdowell,patrick.mcdowell@policyhub.org,"127 Jennings Green, North Brettville, MT 31710",MT,"127 Jennings Green, North Brettville, MT 31710",,,1994,Joisted Masonry,4,,,,,2290.82,2290.82,1719.68,Direct Bill,,,FALSE,TRUE,571.14
CES4292580,TRAV,120066,Renewal,4/1/2025,4/1/2026,4/1/2025,12,Homeowners,HO3,Jeffrey Bass,jeffrey.bass@example.com,"17870 Ryan Garden, East Karenside, WY 29066",WY,"17870 Ryan Garden, East Karenside, WY 29066",,,1990,Non-Combustible,9,,,,,2072.9,2072.9,1556.09,Agency Bill,,,FALSE,FALSE,516.81
TSM6908288,TRAV,120075,Renewal,4/1/2025,4/1/2026,4/1/2025,12,Homeowners,HO3,Anthony Stevens,anthony.stevens@example.com,"914 Williams Walk Apt. 847, Castilloshire, MN 41481",MN,"914 Williams Walk Apt. 847, Castilloshire, MN 41481",,,1981,Fire Resistive,7,,,,,712.48,712.48,534.85,Direct Bill,,,FALSE,TRUE,177.63
ZTL4898472,LIBM,120128,Renewal,4/1/2025,4/1/2026,4/1/2025,12,Homeowners,HO3,Brittany Porter,brittany.porter@customer.net,"3338 Whitney Glens, Campbellton, NJ 63735",NJ,"3338 Whitney Glens, Campbellton, NJ 63735",,,1963,Joisted Masonry,5,,,,,500,500,375.34,Direct Bill,,,FALSE,FALSE,124.66
PHV5746155,ALLS,120138,Renewal,4/1/2025,4/1/2026,4/1/2025,12,Homeowners,HO3,Joseph Baxter,joseph.baxter@example.com,"58032 Paul Isle, East Jacquelineshire, MO 88164",MO,"58032 Paul Isle, East Jacquelineshire, MO 88164",,,1983,Joisted Masonry,5,,,,,1846.15,1846.15,1385.88,Agency Bill,,,FALSE,TRUE,460.27
UMF1326613,HART,120133,Renewal,4/1/2025,4/1/2026,4/1/2025,12,WC,Workers Compensation,Lisa Vaughn,lisa.vaughn@customer.net,"25886 Matthew Place Apt. 425, West Laurachester, OR 51463",OR,"25886 Matthew Place Apt. 425, West Laurachester, OR 51463",,,,,,,,,,5949.02,5949.02,4465.84,Direct Bill,,,FALSE,TRUE,1483.18
LDY9897387,ALLS,120057,Renewal,4/1/2025,4/1/2026,4/1/2025,12,BOP,Businessowners,Daniel Atkinson,daniel.atkinson@example.com,"3210 Scott Hills, Jacksonborough, KY 59226",KY,"4299 Murray Extensions Suite 292, Josephtown, MD 95550",,,,Non-Combustible,4,,,,,2874.4,2874.4,2157.77,Direct Bill,,,FALSE,TRUE,716.63
VRY9586188,LIBM,120103,Renewal,4/1/2025,4/1/2026,4/1/2025,12,Homeowners,HO3,Michael Bell,michael.bell@customer.net,"5022 James Land, Jamesbury, KY 21689",KY,"5022 James Land, Jamesbury, KY 21689",,,2004,Fire Resistive,6,,,,,2988.64,2988.64,2243.53,Direct Bill,,,FALSE,TRUE,745.11
KVA0356540,PRGS,120230,Endorsement,4/1/2025,4/1/2026,1/20/2026,12,Umbrella,Personal Umbrella,Benjamin Fleming,benjamin.fleming@customer.net,"7933 Brian Locks Suite 329, New Maria, AR 06587",AR,"7933 Brian Locks Suite 329, New Maria, AR 06587",,,,,,,,,,239.57,-5.44,179.84,Agency Bill,,,FALSE,TRUE,59.73
FFN4396017,HART,120139,New,4/1/2025,4/1/2026,4/1/2025,12,Personal Auto,Private Passenger Auto,Sarah Shea,sarah.shea@example.com,"461 Thomas Oval Apt. 688, Donaldstad, WV 85110",WV,"461 Thomas Oval Apt. 688, Donaldstad, WV 85110",3,3,,,,25/50,100000,500,500,2601.2,2601.2,1952.68,Direct Bill,,,FALSE,TRUE,648.52
GYZ3810340,LIBM,120221,New,4/1/2025,4/1/2026,4/1/2025,12,Personal Auto,Private Passenger Auto,Sarah Moreno,sarah.moreno@policyhub.org,"4645 Kristen Estate, Crawfordhaven, DC 92624",DC,"4645 Kristen Estate, Crawfordhaven, DC 92624",3,3,,,,50/100,100000,2500,1000,1730.43,1730.43,1299.01,Direct Bill,,,FALSE,TRUE,431.42
YCC6673108,HART,120180,Cancel,4/1/2025,10/26/2025,10/26/2025,12,Package,Commercial Package,Margaret Moore,margaret.moore@example.com,"27134 Sheila Turnpike, Paulachester, IA 36705",IA,"27134 Sheila Turnpike, Paulachester, IA 36705",,,,Non-Combustible,7,,,,,20635.39,0,20635.39,Direct Bill,10/2/2023,,FALSE,FALSE,0
XGS3393778,PRGS,120138,Renewal,4/1/2025,4/1/2026,4/1/2025,12,Homeowners,HO3,Melinda Lee,melinda.lee@insmail.com,"1255 Ellis Road Suite 694, Adamton, NY 85716",NY,"1255 Ellis Road Suite 694, Adamton, NY 85716",,,1981,Frame,6,,,,,1605.68,1605.68,1205.36,Agency Bill,,,FALSE,TRUE,400.32
SUW5454753,LIBM,120244,New,4/1/2025,4/1/2026,4/1/2025,12,Personal Auto,Private Passenger Auto,Eric Dudley,eric.dudley@example.com,"064 Joe Spur, East Heather, WA 60240",WA,"850 Mary Park Suite 468, Lake Kerry, VI 34985",2,3,,,,50/100,100000,500,250,2989.89,2989.89,2244.47,Direct Bill,,,FALSE,FALSE,745.42
WGX5990029,GEIC,120092,Renewal,4/1/2025,4/1/2026,4/1/2025,12,WC,Workers Compensation,Anthony Wright,anthony.wright@insmail.com,"064 John Path Apt. 871, Davidfurt, HI 82674",HI,"064 John Path Apt. 871, Davidfurt, HI 82674",,,,,,,,,,7886.1,7886.1,5919.98,Agency Bill,,,FALSE,TRUE,1966.12
WDH5741551,NATI,120181,New,4/1/2025,4/1/2026,4/1/2025,12,Personal Auto,Private Passenger Auto,Hannah Carter,hannah.carter@example.com,"016 Burke Falls, Stanleyhaven, OR 28511",OR,"016 Burke Falls, Stanleyhaven, OR 28511",2,1,,,,50/100,100000,250,2500,647.86,647.86,486.34,Direct Bill,,,FALSE,TRUE,161.52
WZB5949456,FARM,120269,Endorsement,4/1/2025,4/1/2026,7/11/2025,12,Umbrella,Personal Umbrella,Thomas Kelly,thomas.kelly@example.com,"6251 Brown Pine, New Genefurt, SC 33835",SC,"6251 Brown Pine, New Genefurt, SC 33835",,,,,,,,,,296.92,-2.26,222.89,Direct Bill,,,FALSE,TRUE,74.03
JUA0495616,CHUB,120219,Renewal,4/1/2025,4/1/2026,4/1/2025,12,Personal Auto,Private Passenger Auto,Diana Phelps,diana.phelps@customer.net,"131 Aaron Lock Suite 208, Rojashaven, AL 99574",AL,"131 Aaron Lock Suite 208, Rojashaven, AL 99574",3,2,,,,50/100,100000,1000,500,2428.21,2428.21,1822.82,Direct Bill,,,FALSE,TRUE,605.39
WAC6708996,ALLS,120070,Renewal,4/1/2025,4/1/2026,4/1/2025,12,Homeowners,HO3,Laura Riley,laura.riley@customer.net,"55676 Charles Islands Suite 058, South Davidport, OR 03854",OR,"55676 Charles Islands Suite 058, South Davidport, OR 03854",,,1981,Frame,9,,,,,1617.01,1617.01,1213.87,Agency Bill,,,FALSE,FALSE,403.14
PUG9283028,ALLS,120092,Renewal,4/1/2025,4/1/2026,4/1/2025,12,BOP,Businessowners,Willie Combs,willie.combs@mail.com,"470 Jasmine Brooks Suite 916, Port Felicia, GA 38719",GA,"470 Jasmine Brooks Suite 916, Port Felicia, GA 38719",,,,Frame,5,,,,,3911.72,3911.72,2936.47,Direct Bill,,,FALSE,TRUE,975.25
YKW3639823,NATI,120083,Renewal,4/1/2025,4/1/2026,4/1/2025,12,BOP,Businessowners,Kevin Bailey,kevin.bailey@mail.com,"761 Mercado Isle Apt. 354, Kathrynfort, PA 34015",PA,"761 Mercado Isle Apt. 354, Kathrynfort, PA 34015",,,,Masonry,9,,,,,3719.3,3719.3,2792.02,Direct Bill,,,FALSE,TRUE,927.28
EBA0972129,GEIC,120095,Endorsement,4/1/2025,4/1/2026,3/1/2026,12,Umbrella,Personal Umbrella,Kenneth Gilbert,kenneth.gilbert@customer.net,"0898 Kevin Rue Apt. 751, Masseymouth, AK 81826",AK,"0898 Kevin Rue Apt. 751, Masseymouth, AK 81826",,,,,,,,,,357.91,-5.3,268.68,Direct Bill,,,FALSE,TRUE,89.23
HUN9824090,GEIC,120098,Renewal,4/1/2025,4/1/2026,4/1/2025,12,WC,Workers Compensation,Jo Morales,jo.morales@mail.com,"16177 Eric Village, North Daniel, OK 03514",OK,"047 Vazquez Course, West Johnberg, AR 15022",,,,,,,,,,2000,2000,1501.37,Direct Bill,,,FALSE,FALSE,498.63
YYD7801385,HART,120065,Renewal,4/1/2025,4/1/2026,4/1/2025,12,Homeowners,HO3,Janet Davis,janet.davis@policyhub.org,"2552 Thomas Grove, Port Gregory, OH 77618",OH,"719 Harris Haven, Ginatown, WA 27906",,,2020,Frame,5,,,,,756.58,756.58,567.95,Direct Bill,,,FALSE,TRUE,188.63
EML9010164,GEIC,120014,New,4/1/2025,4/1/2026,4/1/2025,12,Personal Auto,Private Passenger Auto,Kent Atkins,kent.atkins@customer.net,"5140 Taylor Skyway, Parkerburgh, DE 97558",DE,"5140 Taylor Skyway, Parkerburgh, DE 97558",3,4,,,,50/100,50000,500,500,1115.95,1115.95,837.73,Direct Bill,,,FALSE,TRUE,278.22
XFZ8601429,HART,120120,Renewal,4/1/2025,4/1/2026,4/1/2025,12,WC,Workers Compensation,Patrick Cox,patrick.cox@customer.net,"4364 Moss Rest, Mosleytown, NE 57487",NE,"041 Joseph Drives Suite 948, Timfort, CT 19009",,,,,,,,,,2000,2000,1501.37,Direct Bill,,,FALSE,TRUE,498.63
EKT1492857,NATI,120141,Renewal,4/1/2025,4/1/2026,4/1/2025,12,Homeowners,HO3,Heather Contreras,heather.contreras@example.com,"91553 Tina Courts, North Brendaville, OK 09428",OK,"91553 Tina Courts, North Brendaville, OK 09428",,,1995,Frame,7,,,,,1157.85,1157.85,869.18,Direct Bill,,,FALSE,TRUE,288.67
YDT6569383,TRAV,120118,Renewal,4/1/2025,4/1/2026,4/1/2025,12,Homeowners,HO3,Tracy Robertson,tracy.robertson@mail.com,"156 Gross Bridge Apt. 762, Jasonside, OR 83742",OR,"156 Gross Bridge Apt. 762, Jasonside, OR 83742",,,2018,Fire Resistive,5,,,,,3333.02,3333.02,2502.05,Agency Bill,,,FALSE,TRUE,830.97
SDE6028366,PRGS,120220,Renewal,4/1/2025,4/1/2026,4/1/2025,12,Homeowners,HO3,Aaron Thomas,aaron.thomas@insmail.com,"925 Vance Island Suite 234, West Elizabeth, WY 94026",WY,"925 Vance Island Suite 234, West Elizabeth, WY 94026",,,1976,Joisted Masonry,6,,,,,1476.2,1476.2,1108.16,Agency Bill,,,FALSE,TRUE,368.04
GWB6883568,TRAV,120154,New,4/1/2025,4/1/2026,4/1/2025,12,Personal Auto,Private Passenger Auto,Jack Davis,jack.davis@policyhub.org,"600 Kimberly Stravenue Apt. 756, Kelseymouth, MT 41569",MT,"600 Kimberly Stravenue Apt. 756, Kelseymouth, MT 41569",5,1,,,,25/50,100000,500,500,454.7,454.7,341.34,Agency Bill,,,FALSE,TRUE,113.36
KEK7428335,ALLS,120053,Renewal,4/1/2025,4/1/2026,4/1/2025,12,Personal Auto,Private Passenger Auto,Alisha Dixon,alisha.dixon@mail.com,"36245 Megan Street, Heatherfurt, FM 77440",FM,"36245 Megan Street, Heatherfurt, FM 77440",3,1,,,,50/100,100000,1000,1000,713.23,713.23,535.41,Direct Bill,,,FALSE,TRUE,177.82
GJT1583894,CHUB,120275,New,4/1/2025,4/1/2026,4/1/2025,12,Personal Auto,Private Passenger Auto,John Ward,john.ward@customer.net,"1200 Perez Extensions Suite 976, East Deannahaven, SC 66829",SC,"47562 Robert Curve Apt. 470, Joelberg, MP 52987",3,1,,,,50/100,250000,1000,1000,943.69,943.69,708.41,Direct Bill,,,FALSE,TRUE,235.28
NPA5457739,ALLS,120252,New,4/1/2025,4/1/2026,4/1/2025,12,Personal Auto,Private Passenger Auto,Steven Cohen,steven.cohen@policyhub.org,"53387 Peter Path Apt. 658, Audreybury, IL 73829",IL,"53387 Peter Path Apt. 658, Audreybury, IL 73829",2,1,,,,25/50,100000,250,500,555.92,555.92,417.32,Agency Bill,,,FALSE,TRUE,138.6
SKP5219226,LIBM,120213,Renewal,4/1/2025,4/1/2026,4/1/2025,12,BOP,Businessowners,David Harmon,david.harmon@mail.com,"821 Deborah Hills Apt. 191, Ashleybury, FL 15746",FL,"821 Deborah Hills Apt. 191, Ashleybury, FL 15746",,,,Frame,8,,,,,3164.31,3164.31,2375.4,Agency Bill,,,FALSE,TRUE,788.91
YZG7934607,LIBM,120084,Renewal,4/1/2025,4/1/2026,4/1/2025,12,WC,Workers Compensation,Donald Sanchez,donald.sanchez@example.com,"083 Amber Station Suite 796, East Heather, LA 79160",LA,"083 Amber Station Suite 796, East Heather, LA 79160",,,,,,,,,,3098.54,3098.54,2326.03,Agency Bill,,,FALSE,TRUE,772.51
GUU9229820,TRAV,120236,Renewal,4/1/2025,4/1/2026,4/1/2025,12,Homeowners,HO3,Jesse Smith,jesse.smith@mail.com,"79336 Holmes Row Suite 291, New Margaret, PA 75313",PA,"79336 Holmes Row Suite 291, New Margaret, PA 75313",,,1991,Joisted Masonry,5,,,,,1730.01,1730.01,1298.69,Direct Bill,,,FALSE,TRUE,431.32
UXL0889809,ALLS,120198,Renewal,4/1/2025,4/1/2026,4/1/2025,12,Personal Auto,Private Passenger Auto,Kimberly Powell,kimberly.powell@mail.com,"4251 Molina River Suite 023, Codymouth, NJ 42682",NJ,"872 Jones Center Suite 868, South Davidfurt, MA 36635",2,2,,,,50/100,100000,1000,500,2004.13,2004.13,1504.47,Direct Bill,,,FALSE,TRUE,499.66
UAS4893793,AMFA,120219,Renewal,4/1/2025,4/1/2026,4/1/2025,12,BOP,Businessowners,Jessica Ramos,jessica.ramos@policyhub.org,"01148 Butler Curve, New Renee, NC 38446",NC,"01148 Butler Curve, New Renee, NC 38446",,,,Frame,5,,,,,5555.24,5555.24,4170.23,Direct Bill,,,FALSE,TRUE,1385.01
SKH4997860,TRAV,120170,New,4/1/2025,4/1/2026,4/1/2025,12,Personal Auto,Private Passenger Auto,Maria Moore,maria.moore@policyhub.org,"11262 Brian Lights, Anthonystad, DC 70211",DC,"773 Phillip Walk Suite 230, Mcconnellview, PR 40378",1,3,,,,25/50,50000,500,500,1360.28,1360.28,1021.14,Direct Bill,,,FALSE,TRUE,339.14
JET6545807,ALLS,120215,New,4/1/2025,4/1/2026,4/1/2025,12,Personal Auto,Private Passenger Auto,Rachel Cruz,rachel.cruz@policyhub.org,"4873 Michael Pine, West Monique, VT 08794",VT,"03729 Denise Station Apt. 306, Lake Elizabethchester, OH 06016",3,3,,,,50/100,100000,500,1000,2019.51,2019.51,1516.02,Direct Bill,,,FALSE,TRUE,503.49
TPR8164692,CHUB,120015,Renewal,4/1/2025,4/1/2026,4/1/2025,12,Homeowners,HO3,Chris Butler,chris.butler@policyhub.org,"35717 Brown Trail Apt. 629, North Paige, MS 85758",MS,"128 George Lights, Teresamouth, PA 92577",,,1977,Frame,4,,,,,539.67,539.67,405.12,Direct Bill,,,FALSE,TRUE,134.55
LGX4727978,TRAV,120149,Renewal,4/1/2025,4/1/2026,4/1/2025,12,Homeowners,HO3,Jill Perez,jill.perez@customer.net,"86040 Elliott Passage Suite 755, East Josephshire, VA 10393",VA,"86040 Elliott Passage Suite 755, East Josephshire, VA 10393",,,2010,Frame,5,,,,,876.05,876.05,657.64,Agency Bill,,,FALSE,TRUE,218.41
MUL1149864,FARM,120040,New,4/1/2025,4/1/2026,4/1/2025,12,Personal Auto,Private Passenger Auto,Kimberly Ballard,kimberly.ballard@insmail.com,"4290 Bradley Fords Apt. 643, South Christophershire, DE 31057",DE,"4290 Bradley Fords Apt. 643, South Christophershire, DE 31057",4,5,,,,50/100,100000,1000,1000,2825.79,2825.79,2121.28,Agency Bill,,,FALSE,FALSE,704.51
WKM3025464,TRAV,120173,Renewal,4/1/2025,4/1/2026,4/1/2025,12,BOP,Businessowners,Patricia Estrada,patricia.estrada@policyhub.org,"0168 Jennifer Mission Apt. 926, South Williamfort, KY 53508",KY,"0168 Jennifer Mission Apt. 926, South Williamfort, KY 53508",,,,Fire Resistive,6,,,,,2850.86,2850.86,2140.1,Direct Bill,,,FALSE,TRUE,710.76
XCX3801695,CHUB,120168,New,4/1/2025,4/1/2026,4/1/2025,12,Personal Auto,Private Passenger Auto,Christina Lyons,christina.lyons@policyhub.org,"4698 Rasmussen Brook Suite 614, Meganshire, VI 77987",VI,"4698 Rasmussen Brook Suite 614, Meganshire, VI 77987",1,1,,,,50/100,100000,250,500,792.97,792.97,595.27,Direct Bill,,,FALSE,TRUE,197.7
NBE0699138,TRAV,120033,Renewal,4/1/2025,4/1/2026,4/1/2025,12,BOP,Businessowners,Michael Kirk,michael.kirk@example.com,"4731 Wagner Station Apt. 395, Rosshaven, SC 56790",SC,"4731 Wagner Station Apt. 395, Rosshaven, SC 56790",,,,Fire Resistive,9,,,,,2106.28,2106.28,1581.15,Direct Bill,,,FALSE,FALSE,525.13
BPV4053488,TRAV,120211,Cancel,4/1/2025,6/8/2025,6/8/2025,12,Package,Commercial Package,Pamela Davis,pamela.davis@insmail.com,"99708 David Shore, Port Kelly, PR 69441",PR,"99708 David Shore, Port Kelly, PR 69441",,,,Frame,3,,,,,3675.39,0,3675.39,Agency Bill,2/2/2023,,FALSE,TRUE,0
TTG2769681,HART,120131,Endorsement,4/1/2025,4/1/2026,2/12/2026,12,Umbrella,Personal Umbrella,Jerry Carlson,jerry.carlson@customer.net,"688 Judy Stravenue, Christopherview, DC 57304",DC,"688 Judy Stravenue, Christopherview, DC 57304",,,,,,,,,,378.9,-22.19,284.43,Direct Bill,,,FALSE,TRUE,94.47
UFK5593209,PRGS,120194,Renewal,4/1/2025,4/1/2026,4/1/2025,12,BOP,Businessowners,Jerome Garcia,jerome.garcia@policyhub.org,"69955 Mcclain Villages Suite 510, Williamchester, AR 01355",AR,"69955 Mcclain Villages Suite 510, Williamchester, AR 01355",,,,Non-Combustible,10,,,,,3576.75,3576.75,2685.01,Direct Bill,,,FALSE,FALSE,891.74
CMZ1582532,GEIC,120209,New,4/1/2025,4/1/2026,4/1/2025,12,Personal Auto,Private Passenger Auto,Michael Williams,michael.williams@insmail.com,"80251 Lauren Isle, East Katherineburgh, OK 70054",OK,"1380 Edwards Path Suite 752, South Seanburgh, TN 81117",3,2,,,,50/100,50000,500,500,2087.92,2087.92,1567.37,Agency Bill,,,FALSE,TRUE,520.55
VWJ7214252,TRAV,120265,New,4/1/2025,4/1/2026,4/1/2025,12,Personal Auto,Private Passenger Auto,Robert Hicks,robert.hicks@mail.com,"21449 Debra Haven Suite 634, Lake Melissaberg, NM 32856",NM,"21449 Debra Haven Suite 634, Lake Melissaberg, NM 32856",2,2,,,,50/100,50000,250,250,2792.35,2792.35,2096.18,Direct Bill,,,FALSE,TRUE,696.17
SNV4751019,HART,120112,Renewal,4/1/2025,4/1/2026,4/1/2025,12,WC,Workers Compensation,Jennifer Boyd,jennifer.boyd@policyhub.org,"8298 Jessica Gardens, Amandaland, HI 08391",HI,"8298 Jessica Gardens, Amandaland, HI 08391",,,,,,,,,,4760.86,4760.86,3573.91,Direct Bill,,,FALSE,TRUE,1186.95
ZPB4519935,CHUB,120108,Reinstate,4/1/2025,4/1/2026,5/8/2025,12,Package,Commercial Package,Nicole Clarke,nicole.clarke@insmail.com,"1649 Cox Coves Apt. 006, North David, ND 99947",ND,"1649 Cox Coves Apt. 006, North David, ND 99947",,,,Masonry Veneer,3,,,,,6381.62,0,4790.59,Agency Bill,,11/21/2023,FALSE,TRUE,1591.03
ZFH8409807,ALLS,120262,Renewal,4/1/2025,4/1/2026,4/1/2025,12,Homeowners,HO3,Barry Watts,barry.watts@insmail.com,"4907 Ware Groves Suite 676, North Frank, KY 94800",KY,"4907 Ware Groves Suite 676, North Frank, KY 94800",,,2018,Masonry,6,,,,,2521.21,2521.21,1892.63,Agency Bill,,,FALSE,TRUE,628.58
ZLF4861762,TRAV,120106,Renewal,4/1/2025,4/1/2026,4/1/2025,12,WC,Workers Compensation,Dale Livingston,dale.livingston@policyhub.org,"20574 Thomas Glens, Claytonfurt, VI 44784",VI,"5246 Kimberly Park, Port David, TX 92828",,,,,,,,,,6736.82,6736.82,5057.23,Direct Bill,,,FALSE,TRUE,1679.59
ELS5610275,GEIC,120095,Renewal,4/1/2025,4/1/2026,4/1/2025,12,Homeowners,HO3,Ashley Bryant,ashley.bryant@mail.com,"298 Barrett Island, West Deborah, OH 81240",OH,"298 Barrett Island, West Deborah, OH 81240",,,1982,Masonry,5,,,,,1235.5,1235.5,927.47,Agency Bill,,,FALSE,TRUE,308.03
TZE0983848,ALLS,120264,New,4/1/2025,4/1/2026,4/1/2025,12,Personal Auto,Private Passenger Auto,John Anderson,john.anderson@customer.net,"898 Shane Shores Suite 839, Lukeport, MO 57938",MO,"408 John Turnpike Apt. 958, Fraziermouth, DE 22033",2,2,,,,50/100,500000,500,500,2967.3,2967.3,2227.51,Direct Bill,,,FALSE,TRUE,739.79
KGP2281609,ALLS,120007,New,4/1/2025,4/1/2026,4/1/2025,12,Personal Auto,Private Passenger Auto,Jacob Barnes,jacob.barnes@customer.net,"2767 Smith Estates, Port Heatherfort, VI 68026",VI,"2767 Smith Estates, Port Heatherfort, VI 68026",1,2,,,,25/50,250000,1000,500,1621.9,1621.9,1217.54,Agency Bill,,,FALSE,TRUE,404.36
DFN8031314,ALLS,120131,Renewal,4/1/2025,4/1/2026,4/1/2025,12,Homeowners,HO3,Abigail Thompson,abigail.thompson@customer.net,"53349 Roach Spurs Suite 196, West Spencerbury, AL 19108",AL,"53349 Roach Spurs Suite 196, West Spencerbury, AL 19108",,,1988,Joisted Masonry,3,,,,,2209.07,2209.07,1658.32,Direct Bill,,,FALSE,FALSE,550.75
VJX3343337,TRAV,120037,Renewal,4/1/2025,4/1/2026,4/1/2025,12,Personal Auto,Private Passenger Auto,Kayla Williams,kayla.williams@policyhub.org,"7665 Prince Orchard Apt. 855, Salazarland, TN 37138",TN,"286 Rosario Freeway Suite 163, New Johnland, AK 89207",2,1,,,,50/100,100000,500,500,728.51,728.51,546.88,Direct Bill,,,FALSE,TRUE,181.63
BZR7232998,TRAV,120014,Renewal,4/1/2025,4/1/2026,4/1/2025,12,WC,Workers Compensation,Mark Oconnor,mark.oconnor@insmail.com,"401 Krystal Ville Apt. 387, Edwardston, ME 90249",ME,"6697 Mclean Place Apt. 807, South Marcus, WY 70473",,,,,,,,,,2458.32,2458.32,1845.42,Direct Bill,,,FALSE,TRUE,612.9
JLD5496624,TRAV,120010,Renewal,4/1/2025,4/1/2026,4/1/2025,12,Homeowners,HO3,Crystal Harper,crystal.harper@example.com,"9007 Javier Orchard Apt. 097, Antonioton, CA 35834",CA,"9007 Javier Orchard Apt. 097, Antonioton, CA 35834",,,1973,Frame,5,,,,,837.66,837.66,628.82,Direct Bill,,,FALSE,TRUE,208.84
CZA5314278,AMFA,120110,Endorsement,4/1/2025,4/1/2026,7/9/2025,12,Umbrella,Personal Umbrella,Leslie Parker,leslie.parker@example.com,"96323 Torres Motorway Suite 034, New Franciscostad, WA 29670",WA,"96323 Torres Motorway Suite 034, New Franciscostad, WA 29670",,,,,,,,,,322.73,-5.03,242.27,Direct Bill,,,FALSE,TRUE,80.46
JSS3463231,NATI,120299,Renewal,4/1/2025,4/1/2026,4/1/2025,12,WC,Workers Compensation,Katherine Long,katherine.long@policyhub.org,"630 Stephanie Field, Everettborough, NH 53961",NH,"630 Stephanie Field, Everettborough, NH 53961",,,,,,,,,,3453.77,3453.77,2592.69,Direct Bill,,,FALSE,TRUE,861.08
YFR4888011,HART,120083,Renewal,4/1/2025,4/1/2026,4/1/2025,12,Homeowners,HO3,Jessica Austin,jessica.austin@example.com,"062 Mcdonald Rest Suite 398, Port Christopher, WI 22546",WI,"9890 Taylor Freeway, Lake Aprilbury, KY 32936",,,2005,Fire Resistive,7,,,,,500,500,375.34,Agency Bill,,,FALSE,TRUE,124.66
XUR4430100,GEIC,120238,New,4/1/2025,4/1/2026,4/1/2025,12,Personal Auto,Private Passenger Auto,Ruben Klein,ruben.klein@customer.net,"91079 Ronald Fields Suite 210, Yvonnetown, ME 26720",ME,"91079 Ronald Fields Suite 210, Yvonnetown, ME 26720",3,1,,,,50/100,50000,1000,500,1351.44,1351.44,1014.51,Direct Bill,,,FALSE,TRUE,336.93
FKA1940416,PRGS,120170,Renewal,4/1/2025,4/1/2026,4/1/2025,12,BOP,Businessowners,Justin Franklin,justin.franklin@example.com,"82653 Lindsey Camp, Allisonmouth, RI 94104",RI,"82653 Lindsey Camp, Allisonmouth, RI 94104",,,,Masonry Veneer,7,,,,,6741.86,6741.86,5061.01,Direct Bill,,,FALSE,FALSE,1680.85
NET9611592,PRGS,120092,New,4/1/2025,4/1/2026,4/1/2025,12,Personal Auto,Private Passenger Auto,Dylan Waters,dylan.waters@customer.net,"986 Wanda Roads Suite 139, Greenburgh, MD 44775",MD,"986 Wanda Roads Suite 139, Greenburgh, MD 44775",1,1,,,,25/50,50000,1000,2500,2099.49,2099.49,1576.06,Direct Bill,,,FALSE,TRUE,523.43
ZHB2843964,CHUB,120250,New,4/1/2025,4/1/2026,4/1/2025,12,Personal Auto,Private Passenger Auto,Donald Campbell,donald.campbell@example.com,"108 Pratt Pike, South Kimberlybury, CT 33620",CT,"108 Pratt Pike, South Kimberlybury, CT 33620",1,2,,,,50/100,100000,500,1000,720.14,720.14,540.6,Direct Bill,,,FALSE,TRUE,179.54
JUF0161744,CHUB,120099,Endorsement,4/1/2025,4/1/2026,1/4/2026,12,Umbrella,Personal Umbrella,James Alexander,james.alexander@policyhub.org,"4447 Lynn Underpass Apt. 058, Kristinshire, MS 66412",MS,"100 Shannon Rest Apt. 695, Andreaton, TX 86994",,,,,,,,,,416.72,-33.68,312.83,Direct Bill,,,FALSE,TRUE,103.89
KGV0485178,NATI,120048,New,4/1/2025,4/1/2026,4/1/2025,12,Personal Auto,Private Passenger Auto,Timothy Gomez,timothy.gomez@example.com,"3779 Brian Locks Apt. 026, Jenniferchester, UT 41944",UT,"3779 Brian Locks Apt. 026, Jenniferchester, UT 41944",4,3,,,,50/100,50000,500,1000,1628.25,1628.25,1222.3,Direct Bill,,,FALSE,TRUE,405.95
SEM8229107,GEIC,120252,New,4/1/2025,4/1/2026,4/1/2025,12,Personal Auto,Private Passenger Auto,Regina Molina,regina.molina@mail.com,"040 David Estates, Johnville, OK 62720",OK,"040 David Estates, Johnville, OK 62720",3,3,,,,25/50,100000,500,2500,2223.81,2223.81,1669.38,Direct Bill,,,FALSE,TRUE,554.43
WGH5542601,GEIC,120290,Renewal,4/1/2025,4/1/2026,4/1/2025,12,WC,Workers Compensation,Randy Gill,randy.gill@example.com,"7780 Roberts Hollow, Port David, MT 53501",MT,"7780 Roberts Hollow, Port David, MT 53501",,,,,,,,,,3996.01,3996.01,2999.74,Agency Bill,,,FALSE,TRUE,996.27
FGX7770497,FARM,120254,Renewal,4/1/2025,4/1/2026,4/1/2025,12,Homeowners,HO3,Deanna Barrett,deanna.barrett@mail.com,"1279 Eric Hills Apt. 344, North Garyton, PR 92367",PR,"1279 Eric Hills Apt. 344, North Garyton, PR 92367",,,1997,Fire Resistive,6,,,,,1125.83,1125.83,845.14,Direct Bill,,,FALSE,TRUE,280.69
XTZ1137732,CHUB,120004,Renewal,4/1/2025,4/1/2026,4/1/2025,12,Homeowners,HO3,Heather Brown,heather.brown@example.com,"91199 Samantha Course, North Bobby, MH 03634",MH,"91199 Samantha Course, North Bobby, MH 03634",,,1983,Masonry,5,,,,,1804.69,1804.69,1354.75,Direct Bill,,,FALSE,TRUE,449.94
RMF4647411,TRAV,120092,Renewal,4/1/2025,4/1/2026,4/1/2025,12,WC,Workers Compensation,Scott Lewis,scott.lewis@mail.com,"8313 Chang Lodge, Jeffreyville, CT 25562",CT,"8313 Chang Lodge, Jeffreyville, CT 25562",,,,,,,,,,3042.19,3042.19,2283.73,Agency Bill,,,FALSE,TRUE,758.46
UBX2433211,LIBM,120212,Renewal,4/1/2025,4/1/2026,4/1/2025,12,BOP,Businessowners,Steven King,steven.king@policyhub.org,"072 Gillespie Divide Apt. 884, West Matthew, NM 30579",NM,"072 Gillespie Divide Apt. 884, West Matthew, NM 30579",,,,Joisted Masonry,6,,,,,1500,1500,1126.03,Agency Bill,,,FALSE,TRUE,373.97
GZK0221887,HART,120007,Renewal,4/1/2025,4/1/2026,4/1/2025,12,Personal Auto,Private Passenger Auto,Alan Jones,alan.jones@example.com,"815 Whitney Spur Suite 748, South Justin, WI 15499",WI,"815 Whitney Spur Suite 748, South Justin, WI 15499",1,2,,,,50/100,100000,1000,500,1181.78,1181.78,887.14,Direct Bill,,,FALSE,TRUE,294.64
UGZ6196657,CHUB,120127,New,4/1/2025,4/1/2026,4/1/2025,12,Personal Auto,Private Passenger Auto,Veronica Martinez,veronica.martinez@customer.net,"6701 Benjamin Court, Kimberlymouth, WI 56894",WI,"6701 Benjamin Court, Kimberlymouth, WI 56894",1,1,,,,25/50,100000,2500,500,1134.37,1134.37,851.55,Agency Bill,,,FALSE,TRUE,282.82
NXZ8318770,AMFA,120125,Cancel,4/1/2025,1/3/2026,1/3/2026,12,Package,Commercial Package,Susan White,susan.white@policyhub.org,"540 Benjamin Streets Suite 397, Perrytown, MN 73913",MN,"1306 Landry Pass, South Brianmouth, MO 27544",,,,Frame,8,,,,,3000,0,2967.51,Direct Bill,9/19/2024,,FALSE,FALSE,32.49
FBL8616332,PRGS,120243,Renewal,4/1/2025,4/1/2026,4/1/2025,12,Personal Auto,Private Passenger Auto,Mark Zhang,mark.zhang@insmail.com,"669 Stephen Ridges, North Sheila, CO 66569",CO,"144 Vasquez Drive, Parkerchester, FM 05264",1,1,,,,50/100,100000,250,500,2750.87,2750.87,2065.04,Direct Bill,,,FALSE,TRUE,685.83
PEJ1174791,FARM,120227,Renewal,4/1/2025,4/1/2026,4/1/2025,12,BOP,Businessowners,Christian Christian,christian.christian@example.com,"173 Charles Cliffs Apt. 458, Stewartport, VA 43554",VA,"18630 Guerrero Walk Suite 669, Johnsonchester, NJ 79792",,,,Non-Combustible,5,,,,,4245.46,4245.46,3187,Direct Bill,,,FALSE,FALSE,1058.46
KPY6969115,FARM,120074,Renewal,4/1/2025,4/1/2026,4/1/2025,12,Personal Auto,Private Passenger Auto,Cynthia Graham,cynthia.graham@mail.com,"98873 Richardson Harbor Suite 126, Wilsonstad, VT 78125",VT,"98873 Richardson Harbor Suite 126, Wilsonstad, VT 78125",4,1,,,,50/100,100000,500,1000,996.98,996.98,748.42,Direct Bill,,,FALSE,TRUE,248.56
RBB1031143,GEIC,120163,New,4/1/2025,4/1/2026,4/1/2025,12,Personal Auto,Private Passenger Auto,Chelsea Houston,chelsea.houston@insmail.com,"193 Laura Valleys, Michealland, PA 39311",PA,"193 Laura Valleys, Michealland, PA 39311",1,1,,,,50/100,100000,500,500,2037.29,2037.29,1529.36,Direct Bill,,,FALSE,FALSE,507.93
AGL0185536,NATI,120274,Renewal,4/1/2025,4/1/2026,4/1/2025,12,Homeowners,HO3,Danny Yates,danny.yates@customer.net,"37185 Manuel Street Apt. 149, South Angela, ID 34942",ID,"37185 Manuel Street Apt. 149, South Angela, ID 34942",,,1988,Masonry,7,,,,,1222.28,1222.28,917.55,Direct Bill,,,FALSE,TRUE,304.73
YEL9702699,LIBM,120190,New,4/1/2025,4/1/2026,4/1/2025,12,Personal Auto,Private Passenger Auto,Whitney Crane,whitney.crane@insmail.com,"60728 Lauren Mill, Millsmouth, CT 37350",CT,"60728 Lauren Mill, Millsmouth, CT 37350",3,1,,,,25/50,100000,1000,500,847.97,847.97,636.56,Direct Bill,,,FALSE,TRUE,211.41
CPV7033910,AMFA,120035,New,4/1/2025,4/1/2026,4/1/2025,12,Personal Auto,Private Passenger Auto,William Edwards,william.edwards@mail.com,"443 Murphy Rapid, New Mary, FM 62722",FM,"7149 Melton Parks, New Annaville, PW 54209",2,1,,,,50/100,100000,500,500,1445.02,1445.02,1084.75,Direct Bill,,,FALSE,TRUE,360.27
LCG2675861,LIBM,120231,Renewal,4/1/2025,4/1/2026,4/1/2025,12,Homeowners,HO3,Diana Thomas,diana.thomas@mail.com,"3889 Guerra Passage, Westside, NC 58513",NC,"3889 Guerra Passage, Westside, NC 58513",,,2006,Fire Resistive,4,,,,,2342.54,2342.54,1758.51,Direct Bill,,,FALSE,TRUE,584.03
XCZ7758059,HART,120048,New,4/1/2025,4/1/2026,4/1/2025,12,Personal Auto,Private Passenger Auto,Christopher Grant,christopher.grant@insmail.com,"5722 Curry Street Apt. 881, West Matthew, MA 88036",MA,"5722 Curry Street Apt. 881, West Matthew, MA 88036",3,1,,,,50/100,100000,250,500,1684.94,1684.94,1264.86,Agency Bill,,,FALSE,FALSE,420.08
KTJ5331295,TRAV,120043,Renewal,4/1/2025,4/1/2026,4/1/2025,12,BOP,Businessowners,Christina Martin,christina.martin@insmail.com,"67512 Amanda Union, South Markton, WY 19709",WY,"65933 Jorge Squares, Lake Katie, IN 09402",,,,Frame,7,,,,,15000,15000,11260.27,Direct Bill,,,FALSE,TRUE,3739.73
GCA3070564,NATI,120027,Renewal,4/1/2025,4/1/2026,4/1/2025,12,BOP,Businessowners,Monica Patrick,monica.patrick@policyhub.org,"78228 Price Point Apt. 632, Port Joseph, WI 95124",WI,"76924 Steele Mountains Suite 498, Joelfort, MO 83202",,,,Frame,4,,,,,4488.53,4488.53,3369.47,Direct Bill,,,FALSE,FALSE,1119.06
ZTC8006873,HART,120238,New,4/1/2025,4/1/2026,4/1/2025,12,Personal Auto,Private Passenger Auto,Erin Randall,erin.randall@mail.com,"11570 Moore Common, North Matthewview, IA 79962",IA,"11570 Moore Common, North Matthewview, IA 79962",4,1,,,,50/100,100000,500,1000,1331.92,1331.92,999.85,Direct Bill,,,FALSE,TRUE,332.07
APP8324999,TRAV,120000,Renewal,4/1/2025,4/1/2026,4/1/2025,12,Homeowners,HO3,Hayden Smith,hayden.smith@customer.net,"80091 Bruce River Suite 468, Veronicaville, NC 93409",NC,"80091 Bruce River Suite 468, Veronicaville, NC 93409",,,2010,Frame,10,,,,,2149.23,2149.23,1613.39,Agency Bill,,,FALSE,TRUE,535.84
CRP0875621,ALLS,120000,Renewal,4/1/2025,4/1/2026,4/1/2025,12,Homeowners,HO3,Kenneth Tucker,kenneth.tucker@customer.net,"9726 Bennett Summit, Rodriguezville, LA 39778",LA,"1029 Mclean Ports, West Alejandro, UT 21912",,,1989,Frame,8,,,,,1119.63,1119.63,840.49,Direct Bill,,,FALSE,TRUE,279.14
VAA4477606,GEIC,120214,Renewal,4/1/2025,4/1/2026,4/1/2025,12,Homeowners,HO3,Amy Beasley,amy.beasley@example.com,"45772 Andrew Lane Apt. 582, New Amyside, NM 25166",NM,"45772 Andrew Lane Apt. 582, New Amyside, NM 25166",,,1983,Masonry Veneer,3,,,,,515.32,515.32,386.84,Direct Bill,,,FALSE,TRUE,128.48
XDM3617181,PRGS,120215,New,4/1/2025,4/1/2026,4/1/2025,12,Personal Auto,Private Passenger Auto,Andrew Montoya,andrew.montoya@mail.com,"27351 Thompson Drives, South Robert, DC 64845",DC,"27351 Thompson Drives, South Robert, DC 64845",3,2,,,,25/50,100000,500,1000,1196.63,1196.63,898.29,Agency Bill,,,FALSE,TRUE,298.34
KFD8675899,GEIC,120172,Renewal,4/1/2025,4/1/2026,4/1/2025,12,BOP,Businessowners,Kimberly Barrett,kimberly.barrett@example.com,"04799 Danielle Streets, Heatherside, WA 12551",WA,"04799 Danielle Streets, Heatherside, WA 12551",,,,Masonry Veneer,10,,,,,4164.14,4164.14,3125.96,Direct Bill,,,FALSE,FALSE,1038.18
ERW1658435,GEIC,120229,Renewal,4/1/2025,4/1/2026,4/1/2025,12,Personal Auto,Private Passenger Auto,Haley Wright,haley.wright@mail.com,"04626 Jorge Spur, East Paulbury, MS 39065",MS,"04626 Jorge Spur, East Paulbury, MS 39065",2,2,,,,50/100,50000,500,250,1406.94,1406.94,1056.17,Direct Bill,,,FALSE,FALSE,350.77
KNB7991566,ALLS,120185,Renewal,4/1/2025,4/1/2026,4/1/2025,12,BOP,Businessowners,Jonathan Jones,jonathan.jones@insmail.com,"443 Keith Crest, Clarkland, MP 07278",MP,"443 Keith Crest, Clarkland, MP 07278",,,,Masonry,6,,,,,3155.51,3155.51,2368.79,Agency Bill,,,FALSE,FALSE,786.72
CMH1310556,HART,120210,Renewal,4/1/2025,4/1/2026,4/1/2025,12,Homeowners,HO3,Kevin Reyes,kevin.reyes@policyhub.org,"614 Sloan Mills Suite 599, Rachelview, MP 29016",MP,"940 Morrison Station, Kevinville, HI 07852",,,2008,Masonry Veneer,5,,,,,870.85,870.85,653.73,Direct Bill,,,FALSE,FALSE,217.12
EUB3741156,NATI,120154,Endorsement,4/1/2025,4/1/2026,1/15/2026,12,Umbrella,Personal Umbrella,Jesse Robinson,jesse.robinson@example.com,"179 Jordan Stravenue Suite 583, West Zachary, IA 99211",IA,"179 Jordan Stravenue Suite 583, West Zachary, IA 99211",,,,,,,,,,540.46,-62.9,405.72,Direct Bill,,,FALSE,FALSE,134.74
ZXE1656730,TRAV,120084,Renewal,4/1/2025,4/1/2026,4/1/2025,12,Homeowners,HO3,Sara Burton,sara.burton@example.com,"7157 Barron Brook, Ronaldview, ME 06998",ME,"7157 Barron Brook, Ronaldview, ME 06998",,,2004,Masonry Veneer,2,,,,,1016.94,1016.94,763.4,Direct Bill,,,FALSE,FALSE,253.54
VUX4106453,TRAV,120124,Renewal,4/1/2025,4/1/2026,4/1/2025,12,WC,Workers Compensation,Jennifer Cruz,jennifer.cruz@example.com,"682 Alec Viaduct Suite 408, Kelseyfort, TN 09501",TN,"237 Carey Rue, New Rachel, MO 41463",,,,,,,,,,2000,2000,1501.37,Direct Bill,,,FALSE,TRUE,498.63
WFW6579898,GEIC,120223,Renewal,4/1/2025,4/1/2026,4/1/2025,12,BOP,Businessowners,Kimberly Jimenez,kimberly.jimenez@mail.com,"72702 William Corners, Lake Christineshire, FL 36790",FL,"72702 William Corners, Lake Christineshire, FL 36790",,,,Fire Resistive,5,,,,,4174.48,4174.48,3133.72,Direct Bill,,,FALSE,FALSE,1040.76
DSG0097872,PRGS,120204,Renewal,4/1/2025,4/1/2026,4/1/2025,12,WC,Workers Compensation,Kelsey Peterson,kelsey.peterson@example.com,"80778 Nicholas Cliff, New Jennifer, MA 83802",MA,"80778 Nicholas Cliff, New Jennifer, MA 83802",,,,,,,,,,3376.85,3376.85,2534.95,Direct Bill,,,FALSE,TRUE,841.9
DHY8511628,LIBM,120143,Renewal,4/1/2025,4/1/2026,4/1/2025,12,Homeowners,HO3,Daisy Smith,daisy.smith@customer.net,"4816 Forbes Road, South Daveborough, WI 94769",WI,"4816 Forbes Road, South Daveborough, WI 94769",,,2005,Non-Combustible,6,,,,,1135.41,1135.41,852.34,Direct Bill,,,FALSE,TRUE,283.07
DXS6304044,GEIC,120168,New,4/1/2025,4/1/2026,4/1/2025,12,Personal Auto,Private Passenger Auto,Kendra Bennett,kendra.bennett@insmail.com,"029 Davis Terrace Suite 628, South Kevin, PR 53922",PR,"438 Dougherty Plains Suite 752, West Kimberly, GU 05609",3,1,,,,50/100,100000,500,1000,686.63,686.63,515.44,Direct Bill,,,FALSE,TRUE,171.19
HFF6363515,HART,120155,Renewal,4/1/2025,4/1/2026,4/1/2025,12,Homeowners,HO3,Olivia Santana,olivia.santana@example.com,"028 Peter Flat Suite 710, Brianaburgh, PR 71618",PR,"028 Peter Flat Suite 710, Brianaburgh, PR 71618",,,1992,Frame,3,,,,,783.2,783.2,587.94,Agency Bill,,,FALSE,TRUE,195.26
ZUU5149183,AMFA,120291,Renewal,4/1/2025,4/1/2026,4/1/2025,12,Umbrella,Personal Umbrella,Kayla Perez,kayla.perez@example.com,"54745 Scott Prairie Apt. 952, East Matthew, CO 49273",CO,"54745 Scott Prairie Apt. 952, East Matthew, CO 49273",,,,,,,,,,385.69,385.69,289.53,Direct Bill,,,FALSE,TRUE,96.16
VPA2824095,ALLS,120030,New,4/1/2025,4/1/2026,4/1/2025,12,Personal Auto,Private Passenger Auto,Phillip Ryan,phillip.ryan@example.com,"732 Christina Courts Apt. 524, Laurahaven, WA 36226",WA,"732 Christina Courts Apt. 524, Laurahaven, WA 36226",3,2,,,,25/50,50000,500,500,995.58,995.58,747.37,Direct Bill,,,FALSE,TRUE,248.21
CZK1507778,HART,120151,Renewal,4/1/2025,4/1/2026,4/1/2025,12,Homeowners,HO3,Jennifer Hudson,jennifer.hudson@customer.net,"846 Alexander Burg, North Misty, IN 13488",IN,"846 Alexander Burg, North Misty, IN 13488",,,1984,Joisted Masonry,6,,,,,1158.87,1158.87,869.95,Agency Bill,,,FALSE,FALSE,288.92
CFK7494585,CHUB,120144,New,4/1/2025,4/1/2026,4/1/2025,12,Personal Auto,Private Passenger Auto,Teresa May,teresa.may@insmail.com,"0610 William Inlet Suite 290, North Gregory, UT 96676",UT,"0610 William Inlet Suite 290, North Gregory, UT 96676",1,2,,,,50/100,25000,250,2500,474.66,474.66,356.32,Direct Bill,,,FALSE,TRUE,118.34
ENG8819296,LIBM,120039,Renewal,4/1/2025,4/1/2026,4/1/2025,12,Homeowners,HO3,Travis Garrison,travis.garrison@mail.com,"1463 Martin Row, Petermouth, KY 88749",KY,"1463 Martin Row, Petermouth, KY 88749",,,1977,Non-Combustible,6,,,,,3062.99,3062.99,2299.34,Direct Bill,,,FALSE,FALSE,763.65
HUY5853066,PRGS,120204,Renewal,4/1/2025,4/1/2026,4/1/2025,12,Personal Auto,Private Passenger Auto,Laura Hendricks,laura.hendricks@customer.net,"5259 Blair Shoal Apt. 073, Lake Chelseaport, MP 49003",MP,"0931 Henry Via, Port Tylerfort, MH 14915",2,1,,,,50/100,250000,1000,2500,1858.8,1858.8,1395.37,Direct Bill,,,FALSE,TRUE,463.43
LDJ9496465,NATI,120028,Renewal,4/1/2025,4/1/2026,4/1/2025,12,Personal Auto,Private Passenger Auto,Alexander Mitchell,alexander.mitchell@policyhub.org,"01517 Maxwell Bridge Suite 903, Jeremyborough, IL 65650",IL,"01517 Maxwell Bridge Suite 903, Jeremyborough, IL 65650",3,3,,,,50/100,50000,1000,500,2925.98,2925.98,2196.49,Direct Bill,,,FALSE,TRUE,729.49
ZHV3227055,TRAV,120136,Renewal,4/1/2025,4/1/2026,4/1/2025,12,Homeowners,HO3,Kevin Greer,kevin.greer@example.com,"3910 Ryan Crossroad, Hodgeside, PA 82039",PA,"3910 Ryan Crossroad, Hodgeside, PA 82039",,,1976,Masonry,5,,,,,4115.06,4115.06,3089.11,Direct Bill,,,FALSE,FALSE,1025.95
EVU9500994,GEIC,120187,New,4/1/2025,4/1/2026,4/1/2025,12,Personal Auto,Private Passenger Auto,Kaitlin Johnson,kaitlin.johnson@insmail.com,"5895 Katherine Well, South Johnhaven, WY 28667",WY,"5895 Katherine Well, South Johnhaven, WY 28667",1,2,,,,50/100,100000,1000,1000,1024.11,1024.11,768.78,Agency Bill,,,FALSE,TRUE,255.33
GYM3432888,GEIC,120008,Renewal,4/1/2025,4/1/2026,4/1/2025,12,Homeowners,HO3,Steven Mcmahon,steven.mcmahon@policyhub.org,"73854 Howard Burgs Apt. 321, East Branditown, MN 48672",MN,"73854 Howard Burgs Apt. 321, East Branditown, MN 48672",,,1987,Masonry Veneer,9,,,,,857.12,857.12,643.43,Direct Bill,,,FALSE,TRUE,213.69
MCE6628493,TRAV,120059,Renewal,4/1/2025,4/1/2026,4/1/2025,12,WC,Workers Compensation,Frederick Clark,frederick.clark@mail.com,"84286 Newton Motorway, West Patriciamouth, IL 24979",IL,"84286 Newton Motorway, West Patriciamouth, IL 24979",,,,,,,,,,3534.1,3534.1,2653,Agency Bill,,,FALSE,FALSE,881.1
FEF5547861,HART,120073,Renewal,4/1/2025,4/1/2026,4/1/2025,12,Homeowners,HO3,Jessica Tucker,jessica.tucker@customer.net,"21287 John Branch Apt. 689, Robinville, WA 25544",WA,"21287 John Branch Apt. 689, Robinville, WA 25544",,,1999,Masonry Veneer,7,,,,,2752.92,2752.92,2066.58,Agency Bill,,,FALSE,TRUE,686.34
WTL1529259,NATI,120056,Renewal,4/1/2025,4/1/2026,4/1/2025,12,Homeowners,HO3,Donald Stanley,donald.stanley@customer.net,"5572 Jacqueline Islands Apt. 744, South Judith, UT 56582",UT,"5572 Jacqueline Islands Apt. 744, South Judith, UT 56582",,,1990,Non-Combustible,4,,,,,2551.06,2551.06,1915.04,Direct Bill,,,FALSE,TRUE,636.02
UDR8540949,GEIC,120295,Renewal,4/1/2025,4/1/2026,4/1/2025,12,Umbrella,Personal Umbrella,Patricia Davis,patricia.davis@policyhub.org,"3276 Hughes Spring, Johnsonmouth, FL 02665",FL,"3276 Hughes Spring, Johnsonmouth, FL 02665",,,,,,,,,,312.62,312.62,234.68,Direct Bill,,,FALSE,TRUE,77.94
ZBS6205480,HART,120138,New,4/1/2025,4/1/2026,4/1/2025,12,Personal Auto,Private Passenger Auto,Jeff Nguyen,jeff.nguyen@policyhub.org,"2796 Jamie Key Apt. 854, Donnashire, MN 64387",MN,"34133 Kane Vista Suite 023, East Judithport, WA 53122",2,2,,,,50/100,100000,500,500,1120.27,1120.27,840.97,Agency Bill,,,FALSE,TRUE,279.3
CTP1591729,AMFA,120014,New,4/1/2025,4/1/2026,4/1/2025,12,Personal Auto,Private Passenger Auto,Timothy Pugh,timothy.pugh@insmail.com,"0413 Sullivan Highway Apt. 041, Schwartzmouth, OR 20071",OR,"0413 Sullivan Highway Apt. 041, Schwartzmouth, OR 20071",3,2,,,,50/100,250000,1000,500,658.05,658.05,493.99,Direct Bill,,,FALSE,TRUE,164.06
MPL4960774,TRAV,120028,Renewal,4/1/2025,4/1/2026,4/1/2025,12,Homeowners,HO3,Lori Sanders,lori.sanders@example.com,"257 Mitchell Lodge, Veronicaborough, ME 20670",ME,"257 Mitchell Lodge, Veronicaborough, ME 20670",,,2010,Frame,6,,,,,1371.86,1371.86,1029.83,Direct Bill,,,FALSE,TRUE,342.03
JLT5970395,TRAV,120144,New,4/1/2025,4/1/2026,4/1/2025,12,Personal Auto,Private Passenger Auto,Jeffery Johnson,jeffery.johnson@mail.com,"10660 Johnson Knoll, East Jeremiahshire, AZ 04511",AZ,"10660 Johnson Knoll, East Jeremiahshire, AZ 04511",2,4,,,,50/100,250000,2500,250,2255.88,2255.88,1693.46,Direct Bill,,,FALSE,TRUE,562.42
KFM1433169,PRGS,120178,New,4/1/2025,4/1/2026,4/1/2025,12,Personal Auto,Private Passenger Auto,Jose Nelson,jose.nelson@example.com,"053 Gray Way Suite 246, Port Danielle, DE 29797",DE,"053 Gray Way Suite 246, Port Danielle, DE 29797",3,1,,,,50/100,100000,500,2500,816.86,816.86,613.2,Direct Bill,,,FALSE,TRUE,203.66
DYU5536863,PRGS,120259,Renewal,4/1/2025,4/1/2026,4/1/2025,12,Umbrella,Personal Umbrella,Kevin Alvarez,kevin.alvarez@mail.com,"0317 King Square Apt. 271, Philipport, VA 70963",VA,"0317 King Square Apt. 271, Philipport, VA 70963",,,,,,,,,,673.24,673.24,505.39,Agency Bill,,,FALSE,TRUE,167.85
YTT8005401,FARM,120291,Renewal,4/1/2025,4/1/2026,4/1/2025,12,BOP,Businessowners,Stephanie Miller,stephanie.miller@insmail.com,"97139 Ashley Ways Suite 148, West Michael, NC 21261",NC,"263 Kevin Shores, Barajasfort, IA 14071",,,,Joisted Masonry,10,,,,,2979.76,2979.76,2236.86,Direct Bill,,,FALSE,TRUE,742.9
EML8952674,HART,120116,New,4/1/2025,4/1/2026,4/1/2025,12,Personal Auto,Private Passenger Auto,Evelyn Ruiz,evelyn.ruiz@example.com,"8575 Hernandez Village Suite 686, Carterfurt, NV 24336",NV,"18036 Holmes Overpass, Kanebury, OR 64089",3,1,,,,50/100,100000,2500,500,1876.51,1876.51,1408.67,Agency Bill,,,FALSE,TRUE,467.84
GSM9868019,CHUB,120181,Renewal,4/1/2025,4/1/2026,4/1/2025,12,BOP,Businessowners,Hayley Washington,hayley.washington@insmail.com,"3875 Erin View, Lake Markfurt, IL 48708",IL,"3875 Erin View, Lake Markfurt, IL 48708",,,,Joisted Masonry,5,,,,,9909.54,9909.54,7438.94,Direct Bill,,,FALSE,TRUE,2470.6
HZU3460987,GEIC,120067,New,4/1/2025,4/1/2026,4/1/2025,12,Personal Auto,Private Passenger Auto,Tracy Bradshaw,tracy.bradshaw@insmail.com,"26477 Tamara Shore Apt. 349, Cookmouth, CT 73381",CT,"26477 Tamara Shore Apt. 349, Cookmouth, CT 73381",2,2,,,,50/100,100000,1000,2500,1475.49,1475.49,1107.63,Direct Bill,,,FALSE,TRUE,367.86
VAL2424127,TRAV,120185,Renewal,4/1/2025,4/1/2026,4/1/2025,12,Homeowners,HO3,Rebecca Francis,rebecca.francis@insmail.com,"32183 Miles Road, Jontown, NM 25041",NM,"32183 Miles Road, Jontown, NM 25041",,,1988,Frame,7,,,,,817.17,817.17,613.44,Direct Bill,,,FALSE,TRUE,203.73
MMP6544787,LIBM,120056,Renewal,4/1/2025,4/1/2026,4/1/2025,12,BOP,Businessowners,John Barrett,john.barrett@example.com,"69302 Lisa Fords Apt. 234, Leefort, MO 44119",MO,"69302 Lisa Fords Apt. 234, Leefort, MO 44119",,,,Joisted Masonry,6,,,,,15000,15000,11260.27,Direct Bill,,,FALSE,TRUE,3739.73
TMN0421053,GEIC,120128,New,4/1/2025,4/1/2026,4/1/2025,12,Personal Auto,Private Passenger Auto,Julie Cunningham,julie.cunningham@insmail.com,"54126 Perez Summit Suite 561, Catherinechester, FL 23148",FL,"54126 Perez Summit Suite 561, Catherinechester, FL 23148",2,3,,,,50/100,250000,250,500,2031.63,2031.63,1525.11,Direct Bill,,,FALSE,TRUE,506.52
TFS2762526,PRGS,120184,New,4/1/2025,4/1/2026,4/1/2025,12,Personal Auto,Private Passenger Auto,Roy Wyatt,roy.wyatt@insmail.com,"41340 David Inlet, South James, IN 91685",IN,"41340 David Inlet, South James, IN 91685",2,3,,,,50/100,250000,250,250,3315.9,3315.9,2489.2,Direct Bill,,,FALSE,TRUE,826.7
HUL7702940,LIBM,120141,New,4/1/2025,4/1/2026,4/1/2025,12,Personal Auto,Private Passenger Auto,Cory Hill,cory.hill@mail.com,"67631 Dylan Pine Apt. 950, North Ryan, GU 74022",GU,"67631 Dylan Pine Apt. 950, North Ryan, GU 74022",1,3,,,,50/100,250000,250,500,1005.4,1005.4,754.74,Direct Bill,,,FALSE,TRUE,250.66
XHU6100967,PRGS,120114,New,4/1/2025,4/1/2026,4/1/2025,12,Personal Auto,Private Passenger Auto,Maria Bennett,maria.bennett@example.com,"60153 Anderson Station Apt. 626, Lake Randychester, AZ 48846",AZ,"3592 Jill Tunnel, Gailshire, MT 55742",1,2,,,,50/100,100000,1000,500,932.95,932.95,700.35,Agency Bill,,,FALSE,TRUE,232.6
HZK5412944,HART,120007,New,4/1/2025,4/1/2026,4/1/2025,12,Personal Auto,Private Passenger Auto,Krista Elliott,krista.elliott@insmail.com,"87718 Lee Trace Apt. 096, Lake Autumn, MD 13835",MD,"502 Michael Cliff Apt. 655, South Shannon, KS 56588",4,1,,,,50/100,100000,1000,1000,896.68,896.68,673.12,Direct Bill,,,FALSE,TRUE,223.56
LKW0079837,PRGS,120251,New,4/1/2025,4/1/2026,4/1/2025,12,Personal Auto,Private Passenger Auto,Christopher Brown,christopher.brown@customer.net,"09039 Blake Trail Apt. 984, Mcfarlandfurt, VI 84732",VI,"09039 Blake Trail Apt. 984, Mcfarlandfurt, VI 84732",2,3,,,,25/50,250000,1000,1000,2572.52,2572.52,1931.15,Agency Bill,,,FALSE,TRUE,641.37
KLY9668585,TRAV,120068,New,4/1/2025,4/1/2026,4/1/2025,12,Personal Auto,Private Passenger Auto,Stacy Duffy,stacy.duffy@example.com,"8394 Jessica Forges, Johnstad, NH 94580",NH,"8394 Jessica Forges, Johnstad, NH 94580",2,3,,,,50/100,500000,2500,500,2016.99,2016.99,1514.12,Direct Bill,,,FALSE,TRUE,502.87
XKP6937865,HART,120287,Renewal,4/1/2025,4/1/2026,4/1/2025,12,BOP,Businessowners,Shawn Warren,shawn.warren@policyhub.org,"04134 Wilson Forge, Jasonport, LA 57776",LA,"2879 Danielle Prairie, Pamelaland, GA 60762",,,,Masonry,3,,,,,4984.52,4984.52,3741.8,Agency Bill,,,FALSE,FALSE,1242.72
JVT6046300,HART,120037,Renewal,4/1/2025,4/1/2026,4/1/2025,12,BOP,Businessowners,Rebekah Jackson,rebekah.jackson@mail.com,"6031 Linda Dam Suite 481, East Melanie, WA 95898",WA,"6031 Linda Dam Suite 481, East Melanie, WA 95898",,,,Masonry Veneer,3,,,,,5559.88,5559.88,4173.72,Direct Bill,,,FALSE,TRUE,1386.16
HVS0037186,TRAV,120036,Reinstate,4/1/2025,4/1/2026,1/31/2026,12,Package,Commercial Package,Kelsey Hall,kelsey.hall@customer.net,"27192 Soto Fork Apt. 949, New Kimberlytown, AZ 83030",AZ,"27192 Soto Fork Apt. 949, New Kimberlytown, AZ 83030",,,,Masonry,4,,,,,5791.17,0,4347.34,Direct Bill,,11/12/2022,FALSE,TRUE,1443.83
HLU4606091,ALLS,120129,Rewrite,4/1/2025,4/1/2026,4/1/2025,12,Package,Commercial Package,Trevor Moody,trevor.moody@insmail.com,"101 Katelyn Haven, Mannmouth, VA 52316",VA,"101 Katelyn Haven, Mannmouth, VA 52316",,,,Masonry,7,,,,,9237.92,9237.92,6934.77,Direct Bill,,,TRUE,FALSE,2303.15
XGP3441120,HART,120283,New,4/1/2025,4/1/2026,4/1/2025,12,Personal Auto,Private Passenger Auto,Sheila Carpenter,sheila.carpenter@mail.com,"5734 Peters Ridge, East Brenda, WA 25041",WA,"5734 Peters Ridge, East Brenda, WA 25041",2,2,,,,25/50,500000,2500,1000,1669.09,1669.09,1252.96,Direct Bill,,,FALSE,TRUE,416.13
JSN8919014,TRAV,120008,Renewal,4/1/2025,4/1/2026,4/1/2025,12,Personal Auto,Private Passenger Auto,Heather Kim,heather.kim@policyhub.org,"693 Allison Way, Foxstad, CO 98414",CO,"693 Allison Way, Foxstad, CO 98414",1,1,,,,50/100,100000,250,1000,1655.25,1655.25,1242.57,Agency Bill,,,FALSE,TRUE,412.68
YWX7851752,LIBM,120269,Renewal,4/1/2025,4/1/2026,4/1/2025,12,Personal Auto,Private Passenger Auto,Mary Powers,mary.powers@mail.com,"9967 Carroll Park Apt. 698, Pricetown, CT 14601",CT,"9967 Carroll Park Apt. 698, Pricetown, CT 14601",1,3,,,,50/100,250000,500,250,2098.29,2098.29,1575.15,Direct Bill,,,FALSE,TRUE,523.14
KTH3842531,NATI,120140,New,4/1/2025,4/1/2026,4/1/2025,12,Personal Auto,Private Passenger Auto,Julie Combs,julie.combs@insmail.com,"078 Donna Crescent Suite 519, West Louishaven, PW 82933",PW,"078 Donna Crescent Suite 519, West Louishaven, PW 82933",3,2,,,,25/50,50000,1000,500,1205.79,1205.79,905.17,Direct Bill,,,FALSE,TRUE,300.62
JRA9828759,GEIC,120182,Renewal,4/1/2025,4/1/2026,4/1/2025,12,BOP,Businessowners,Jason White,jason.white@insmail.com,"35759 Robinson Gardens Suite 081, South Lisa, MI 31488",MI,"35759 Robinson Gardens Suite 081, South Lisa, MI 31488",,,,Masonry Veneer,7,,,,,5197.27,5197.27,3901.51,Agency Bill,,,FALSE,FALSE,1295.76
FNM0745409,HART,120026,Renewal,4/1/2025,4/1/2026,4/1/2025,12,Umbrella,Personal Umbrella,Thomas Orr,thomas.orr@customer.net,"81509 Bishop Streets Suite 787, Tabithaborough, MN 04722",MN,"81509 Bishop Streets Suite 787, Tabithaborough, MN 04722",,,,,,,,,,665.8,665.8,499.81,Direct Bill,,,FALSE,TRUE,165.99
DUD1710308,ALLS,120024,New,4/1/2025,4/1/2026,4/1/2025,12,Personal Auto,Private Passenger Auto,Timothy Roach,timothy.roach@policyhub.org,"33697 Carr Via, New Amyfurt, MH 07771",MH,"881 Wright Junction, Nicoleland, NH 65866",3,1,,,,50/100,250000,500,250,1401.24,1401.24,1051.89,Direct Bill,,,FALSE,TRUE,349.35
FZD6133104,CHUB,120166,Cancel,4/1/2025,2/16/2026,2/16/2026,12,Package,Commercial Package,Daniel Welch,daniel.welch@policyhub.org,"06139 Williams Square Apt. 472, North Annettefurt, MO 66635",MO,"06139 Williams Square Apt. 472, North Annettefurt, MO 66635",,,,Masonry,6,,,,,7804.43,0,6661.73,Agency Bill,4/28/2023,,FALSE,TRUE,1142.7
ARE8131942,CHUB,120173,Renewal,4/1/2025,4/1/2026,4/1/2025,12,WC,Workers Compensation,Joanna Fields,joanna.fields@customer.net,"621 Connor Forges Suite 837, Gonzalesland, IA 37772",IA,"621 Connor Forges Suite 837, Gonzalesland, IA 37772",,,,,,,,,,2122.2,2122.2,1593.1,Direct Bill,,,FALSE,FALSE,529.1
MGJ7792328,LIBM,120052,Renewal,4/1/2025,4/1/2026,4/1/2025,12,Homeowners,HO3,David Figueroa,david.figueroa@mail.com,"872 Justin Locks Apt. 008, Christopherhaven, RI 10981",RI,"872 Justin Locks Apt. 008, Christopherhaven, RI 10981",,,1973,Frame,3,,,,,771.14,771.14,578.88,Direct Bill,,,FALSE,TRUE,192.26
UXR5665188,TRAV,120066,Renewal,4/1/2025,4/1/2026,4/1/2025,12,Umbrella,Personal Umbrella,Elizabeth Krueger,elizabeth.krueger@customer.net,"64411 Bowman Curve, Fergusonshire, PW 81268",PW,"64411 Bowman Curve, Fergusonshire, PW 81268",,,,,,,,,,188.07,188.07,141.18,Direct Bill,,,FALSE,TRUE,46.89
DYX8458324,ALLS,120169,Renewal,4/1/2025,4/1/2026,4/1/2025,12,Homeowners,HO3,Bryan Collins,bryan.collins@mail.com,"404 Katrina Expressway Apt. 760, Stoneside, KY 79820",KY,"404 Katrina Expressway Apt. 760, Stoneside, KY 79820",,,2007,Fire Resistive,7,,,,,2291.35,2291.35,1720.08,Direct Bill,,,FALSE,TRUE,571.27
XCP5209295,GEIC,120037,New,4/1/2025,4/1/2026,4/1/2025,12,Personal Auto,Private Passenger Auto,Amber Allen,amber.allen@example.com,"628 Timothy Mount, Barajasborough, GU 25918",GU,"628 Timothy Mount, Barajasborough, GU 25918",2,3,,,,50/100,250000,250,250,2138.04,2138.04,1604.99,Direct Bill,,,FALSE,TRUE,533.05
ZMK2917266,TRAV,120102,New,4/1/2025,4/1/2026,4/1/2025,12,Personal Auto,Private Passenger Auto,Kathryn Dalton,kathryn.dalton@mail.com,"090 Boyd Views Apt. 783, Port Josephchester, UT 84678",UT,"090 Boyd Views Apt. 783, Port Josephchester, UT 84678",2,3,,,,50/100,50000,1000,500,2557.74,2557.74,1920.06,Direct Bill,,,FALSE,TRUE,637.68
JWB5345218,GEIC,120227,Renewal,4/1/2025,4/1/2026,4/1/2025,12,Personal Auto,Private Passenger Auto,Joanne Willis,joanne.willis@insmail.com,"43168 Cortez Turnpike Apt. 898, West Deborah, WY 49619",WY,"43168 Cortez Turnpike Apt. 898, West Deborah, WY 49619",4,3,,,,50/100,500000,1000,250,1842.28,1842.28,1382.97,Direct Bill,,,FALSE,TRUE,459.31
BVX1435774,PRGS,120095,New,4/1/2025,4/1/2026,4/1/2025,12,Personal Auto,Private Passenger Auto,Charles Bruce,charles.bruce@insmail.com,"142 Williams Ford Suite 731, Guyport, FL 18539",FL,"142 Williams Ford Suite 731, Guyport, FL 18539",1,1,,,,50/100,100000,500,500,393.97,393.97,295.75,Direct Bill,,,FALSE,TRUE,98.22
XVN1846967,TRAV,120263,Renewal,4/1/2025,4/1/2026,4/1/2025,12,Homeowners,HO3,Susan Taylor,susan.taylor@insmail.com,"8594 Brown Light Suite 391, Jasonchester, ND 24773",ND,"8594 Brown Light Suite 391, Jasonchester, ND 24773",,,1993,Frame,3,,,,,1096.96,1096.96,823.47,Direct Bill,,,FALSE,TRUE,273.49
RUJ1241758,LIBM,120082,Renewal,4/1/2025,4/1/2026,4/1/2025,12,Homeowners,HO3,Jennifer Perez,jennifer.perez@insmail.com,"10520 Destiny Locks, Garystad, FL 02795",FL,"10520 Destiny Locks, Garystad, FL 02795",,,1981,Masonry,7,,,,,1486.44,1486.44,1115.85,Direct Bill,,,FALSE,TRUE,370.59
HJP8487283,AMFA,120220,Renewal,4/1/2025,4/1/2026,4/1/2025,12,Umbrella,Personal Umbrella,Robert Montoya,robert.montoya@policyhub.org,"972 Vincent Lodge, Port Amandahaven, MN 22415",MN,"7549 Wilson Inlet Suite 796, Sawyerborough, TX 58324",,,,,,,,,,406.53,406.53,305.18,Direct Bill,,,FALSE,TRUE,101.35
FKP7302717,PRGS,120276,Renewal,4/1/2025,4/1/2026,4/1/2025,12,BOP,Businessowners,Alexander Vincent,alexander.vincent@insmail.com,"64171 Ashley Terrace, Horneview, MP 35214",MP,"64171 Ashley Terrace, Horneview, MP 35214",,,,Frame,6,,,,,6415.62,6415.62,4816.11,Agency Bill,,,FALSE,FALSE,1599.51
BSR1375990,CHUB,120012,Renewal,4/1/2025,4/1/2026,4/1/2025,12,Homeowners,HO3,Donna Larsen,donna.larsen@insmail.com,"041 Lynch Extension Apt. 724, South Chad, SC 85424",SC,"513 Burton Pike Apt. 012, West Jackieville, FL 09056",,,2001,Masonry Veneer,7,,,,,3141.49,3141.49,2358.27,Direct Bill,,,FALSE,TRUE,783.22
SNV7949843,TRAV,120299,Renewal,4/1/2025,4/1/2026,4/1/2025,12,BOP,Businessowners,Michael Nichols,michael.nichols@policyhub.org,"8474 Brittany Mount, Yoderhaven, MI 88204",MI,"8474 Brittany Mount, Yoderhaven, MI 88204",,,,Masonry,8,,,,,3168.06,3168.06,2378.21,Agency Bill,,,FALSE,TRUE,789.85
RUP6069804,ALLS,120237,New,4/1/2025,4/1/2026,4/1/2025,12,Personal Auto,Private Passenger Auto,Stephanie Mercer,stephanie.mercer@policyhub.org,"7010 Amy Street, Diazhaven, RI 93355",RI,"7010 Amy Street, Diazhaven, RI 93355",2,1,,,,25/50,100000,1000,2500,1079.51,1079.51,810.37,Direct Bill,,,FALSE,TRUE,269.14
YYW5433290,CHUB,120255,Renewal,4/1/2025,4/1/2026,4/1/2025,12,BOP,Businessowners,Joanne Diaz,joanne.diaz@customer.net,"472 Lee Landing Apt. 370, Mendozaview, MN 79007",MN,"472 Lee Landing Apt. 370, Mendozaview, MN 79007",,,,Joisted Masonry,8,,,,,3267.25,3267.25,2452.68,Agency Bill,,,FALSE,TRUE,814.57
CPX2093413,LIBM,120139,New,4/1/2025,4/1/2026,4/1/2025,12,Personal Auto,Private Passenger Auto,Stephanie Irwin,stephanie.irwin@insmail.com,"12817 Wu Oval, Smithton, CT 11848",CT,"12817 Wu Oval, Smithton, CT 11848",2,1,,,,50/100,100000,500,500,1562.54,1562.54,1172.98,Direct Bill,,,FALSE,TRUE,389.56
LMU6093734,CHUB,120137,Reinstate,4/1/2025,4/1/2026,3/9/2026,12,Package,Commercial Package,Denise Ballard,denise.ballard@policyhub.org,"421 Rivera Inlet Apt. 510, Bryantburgh, GA 16258",GA,"421 Rivera Inlet Apt. 510, Bryantburgh, GA 16258",,,,Frame,5,,,,,3000,0,2252.05,Direct Bill,,11/16/2021,FALSE,FALSE,747.95
YXV5727886,CHUB,120163,New,4/1/2025,4/1/2026,4/1/2025,12,Personal Auto,Private Passenger Auto,Mark Hoffman,mark.hoffman@policyhub.org,"650 Stephanie Stravenue Suite 595, Adamfurt, GU 58412",GU,"74159 Allen Pine Apt. 631, Markfort, VA 92609",5,1,,,,50/100,250000,500,500,3208.01,3208.01,2408.2,Direct Bill,,,FALSE,TRUE,799.81
JBE5330704,HART,120095,Endorsement,4/1/2025,4/1/2026,8/18/2025,12,Umbrella,Personal Umbrella,Joseph Smith,joseph.smith@policyhub.org,"8869 Natalie Islands, North Calvin, WY 02071",WY,"8869 Natalie Islands, North Calvin, WY 02071",,,,,,,,,,379.43,6.29,284.83,Direct Bill,,,FALSE,TRUE,94.6
NFS3830359,AMFA,120152,Renewal,4/1/2025,4/1/2026,4/1/2025,12,WC,Workers Compensation,Jacob Wood,jacob.wood@policyhub.org,"09869 Richardson Plain, Port Dustin, PW 77895",PW,"09869 Richardson Plain, Port Dustin, PW 77895",,,,,,,,,,6338.48,6338.48,4758.2,Direct Bill,,,FALSE,TRUE,1580.28
HAL7156075,GEIC,120211,New,4/1/2025,4/1/2026,4/1/2025,12,Personal Auto,Private Passenger Auto,Jamie White,jamie.white@customer.net,"15248 Crawford Pike Suite 979, Kellyfort, MT 97255",MT,"15248 Crawford Pike Suite 979, Kellyfort, MT 97255",1,3,,,,50/100,100000,500,250,3329.07,3329.07,2499.08,Agency Bill,,,FALSE,TRUE,829.99
LLN4856989,NATI,120271,New,4/1/2025,4/1/2026,4/1/2025,12,Personal Auto,Private Passenger Auto,Anna Lowe,anna.lowe@customer.net,"09511 Bryan Passage Apt. 369, West Kimberlyfort, TN 59074",TN,"387 Gonzalez Forks Suite 081, New Douglasmouth, FM 49348",3,3,,,,50/100,100000,500,250,1619.72,1619.72,1215.9,Direct Bill,,,FALSE,TRUE,403.82
RWC1742813,LIBM,120280,Renewal,4/1/2025,4/1/2026,4/1/2025,12,Homeowners,HO3,Justin Hodges,justin.hodges@customer.net,"0262 Mendez Canyon Apt. 621, South David, AS 48047",AS,"803 Mckenzie Radial, Colonstad, UT 36836",,,2005,Non-Combustible,3,,,,,1171.42,1171.42,879.37,Direct Bill,,,FALSE,TRUE,292.05
GJL9603936,AMFA,120240,Renewal,4/1/2025,4/1/2026,4/1/2025,12,Homeowners,HO3,Barbara Turner,barbara.turner@example.com,"84126 Mario Mission, Port Lauramouth, VA 90202",VA,"84126 Mario Mission, Port Lauramouth, VA 90202",,,1960,Frame,3,,,,,733.5,733.5,550.63,Agency Bill,,,FALSE,TRUE,182.87
NMK1020969,HART,120146,New,4/1/2025,4/1/2026,4/1/2025,12,Personal Auto,Private Passenger Auto,Alex Williams,alex.williams@insmail.com,"278 Jaime Drive Suite 419, Tonyfort, OR 17783",OR,"278 Jaime Drive Suite 419, Tonyfort, OR 17783",3,2,,,,25/50,100000,500,1000,2361.86,2361.86,1773.01,Direct Bill,,,FALSE,TRUE,588.85
VNR3918028,TRAV,120076,New,4/1/2025,4/1/2026,4/1/2025,12,Personal Auto,Private Passenger Auto,Kevin Williams,kevin.williams@customer.net,"347 Kelly Mission Apt. 948, Trevinoville, AK 36096",AK,"07776 Ashley Glens Apt. 601, New Dennis, NY 35712",2,4,,,,50/100,250000,500,500,1354.83,1354.83,1017.05,Direct Bill,,,FALSE,TRUE,337.78
FXB8109142,LIBM,120112,Cancel,4/1/2025,12/13/2025,12/13/2025,12,Package,Commercial Package,Carolyn Miller,carolyn.miller@policyhub.org,"03266 Travis Square Apt. 300, Hendersonshire, NV 55106",NV,"302 David Mount, Port William, OH 67877",,,,Frame,6,,,,,14330.19,0,14330.19,Agency Bill,4/19/2023,,FALSE,TRUE,0
JFE5259236,AMFA,120043,Renewal,4/1/2025,4/1/2026,4/1/2025,12,BOP,Businessowners,David Mitchell,david.mitchell@customer.net,"77305 Harris Mountains, Kevinburgh, IN 98375",IN,"77305 Harris Mountains, Kevinburgh, IN 98375",,,,Frame,7,,,,,6354.47,6354.47,4770.2,Direct Bill,,,FALSE,TRUE,1584.27
BJN6004457,FARM,120088,Renewal,4/1/2025,4/1/2026,4/1/2025,12,Homeowners,HO3,Anthony Munoz,anthony.munoz@example.com,"2847 Richard Union Suite 983, Kathrynberg, CA 12571",CA,"2847 Richard Union Suite 983, Kathrynberg, CA 12571",,,1978,Frame,6,,,,,997.66,997.66,748.93,Agency Bill,,,FALSE,FALSE,248.73
MPD3738363,GEIC,120201,New,4/1/2025,4/1/2026,4/1/2025,12,Personal Auto,Private Passenger Auto,Christopher Anderson,christopher.anderson@example.com,"01290 Smith Plain, Port Faith, WI 82519",WI,"01290 Smith Plain, Port Faith, WI 82519",3,1,,,,25/50,100000,500,500,2031.18,2031.18,1524.78,Direct Bill,,,FALSE,TRUE,506.4
UXL2415517,ALLS,120273,Renewal,4/1/2025,4/1/2026,4/1/2025,12,BOP,Businessowners,Heidi Oconnell,heidi.oconnell@insmail.com,"40381 Todd Square Apt. 505, Danaton, IN 61776",IN,"0750 Martin Mission, West Melissa, NY 37949",,,,Fire Resistive,10,,,,,1779.93,1779.93,1336.17,Direct Bill,,,FALSE,TRUE,443.76
NHV5443539,ALLS,120246,New,4/1/2025,4/1/2026,4/1/2025,12,Personal Auto,Private Passenger Auto,Shawn Lee,shawn.lee@insmail.com,"28586 Robinson Street, Masonfurt, VA 89688",VA,"28586 Robinson Street, Masonfurt, VA 89688",3,2,,,,25/50,250000,1000,2500,674.64,674.64,506.44,Direct Bill,,,FALSE,TRUE,168.2
MBA2334605,NATI,120013,New,4/1/2025,4/1/2026,4/1/2025,12,Personal Auto,Private Passenger Auto,Richard Hart,richard.hart@customer.net,"1037 Richard Dam Suite 633, Williamston, KS 71500",KS,"1037 Richard Dam Suite 633, Williamston, KS 71500",2,2,,,,50/100,100000,500,1000,2955.81,2955.81,2218.88,Direct Bill,,,FALSE,TRUE,736.93
NJH6637951,NATI,120290,Renewal,4/1/2025,4/1/2026,4/1/2025,12,Homeowners,HO3,Robert Smith,robert.smith@example.com,"7376 Hernandez Trace, West Rebecca, TN 06227",TN,"7376 Hernandez Trace, West Rebecca, TN 06227",,,1954,Frame,4,,,,,599.08,599.08,449.72,Direct Bill,,,FALSE,TRUE,149.36
SBG1306854,ALLS,120013,Renewal,4/1/2025,4/1/2026,4/1/2025,12,WC,Workers Compensation,Catherine Weber,catherine.weber@insmail.com,"0819 Howard Grove, Michaelville, GU 34759",GU,"0819 Howard Grove, Michaelville, GU 34759",,,,,,,,,,4939.38,4939.38,3707.92,Direct Bill,,,FALSE,TRUE,1231.46
SMU8222123,GEIC,120222,Renewal,4/1/2025,4/1/2026,4/1/2025,12,WC,Workers Compensation,Teresa Nguyen,teresa.nguyen@example.com,"842 Shaw Valleys, North Kevinmouth, ND 54453",ND,"842 Shaw Valleys, North Kevinmouth, ND 54453",,,,,,,,,,2000,2000,1501.37,Agency Bill,,,FALSE,TRUE,498.63
ZMZ2436824,LIBM,120211,New,4/1/2025,4/1/2026,4/1/2025,12,Personal Auto,Private Passenger Auto,Justin Manning,justin.manning@customer.net,"3549 Erika Coves, Shawnborough, SC 11555",SC,"3549 Erika Coves, Shawnborough, SC 11555",2,1,,,,50/100,100000,500,250,1782.26,1782.26,1337.92,Direct Bill,,,FALSE,TRUE,444.34
GPV0122119,PRGS,120001,Renewal,4/1/2025,4/1/2026,4/1/2025,12,Umbrella,Personal Umbrella,Daniel Graham,daniel.graham@example.com,"0196 Nicole Stream, South Nicole, OR 03208",OR,"624 Murphy Forges Suite 654, Kellerview, TX 21918",,,,,,,,,,288.29,288.29,216.41,Direct Bill,,,FALSE,TRUE,71.88
LAS1870985,FARM,120270,New,4/1/2025,4/1/2026,4/1/2025,12,Personal Auto,Private Passenger Auto,Joseph Lester,joseph.lester@insmail.com,"4601 Katherine Dam Apt. 406, Adamsstad, MD 88356",MD,"07639 Thompson Green Apt. 098, South Dawn, NH 48627",1,2,,,,25/50,250000,250,250,1272.15,1272.15,954.98,Agency Bill,,,FALSE,TRUE,317.17
AZB8391738,FARM,120275,Renewal,4/1/2025,4/1/2026,4/1/2025,12,Umbrella,Personal Umbrella,Brian Oliver,brian.oliver@example.com,"04177 Sierra Lights, Jenniferberg, CA 26362",CA,"04177 Sierra Lights, Jenniferberg, CA 26362",,,,,,,,,,729.59,729.59,547.69,Direct Bill,,,FALSE,TRUE,181.9
EZZ4340523,PRGS,120152,Endorsement,4/1/2025,4/1/2026,2/16/2026,12,Umbrella,Personal Umbrella,Jacob Rogers,jacob.rogers@insmail.com,"6174 Joe Wells Suite 490, South Kellyhaven, OH 72923",OH,"6174 Joe Wells Suite 490, South Kellyhaven, OH 72923",,,,,,,,,,385.12,18.53,289.1,Direct Bill,,,FALSE,TRUE,96.02
XVT8535953,NATI,120138,Renewal,4/1/2025,4/1/2026,4/1/2025,12,BOP,Businessowners,Kevin Wiley,kevin.wiley@insmail.com,"8021 Thomas Manors Suite 769, Torrestown, ND 81572",ND,"8021 Thomas Manors Suite 769, Torrestown, ND 81572",,,,Masonry Veneer,5,,,,,3960.58,3960.58,2973.15,Direct Bill,,,FALSE,TRUE,987.43
NWT0022323,GEIC,120066,Renewal,4/1/2025,4/1/2026,4/1/2025,12,BOP,Businessowners,Rita Mason,rita.mason@policyhub.org,"60723 Martinez Burgs Apt. 452, Perrychester, NE 62329",NE,"60723 Martinez Burgs Apt. 452, Perrychester, NE 62329",,,,Frame,7,,,,,7452.65,7452.65,5594.59,Direct Bill,,,FALSE,TRUE,1858.06
CSE6244016,CHUB,120100,New,4/1/2025,4/1/2026,4/1/2025,12,Personal Auto,Private Passenger Auto,Michelle Ward,michelle.ward@example.com,"44507 Kimberly Haven Suite 793, North Deborah, NE 49730",NE,"44507 Kimberly Haven Suite 793, North Deborah, NE 49730",1,2,,,,50/100,100000,500,500,949.57,949.57,712.83,Direct Bill,,,FALSE,TRUE,236.74
TAK5887428,LIBM,120008,Endorsement,4/1/2025,4/1/2026,1/15/2026,12,Umbrella,Personal Umbrella,Michael Gonzalez,michael.gonzalez@example.com,"6266 Smith Plains Apt. 453, South Brandon, WI 45850",WI,"6266 Smith Plains Apt. 453, South Brandon, WI 45850",,,,,,,,,,327.76,-3.04,246.04,Agency Bill,,,FALSE,TRUE,81.72
MSS3557464,ALLS,120168,Renewal,4/1/2025,4/1/2026,4/1/2025,12,Homeowners,HO3,Mark Rodriguez,mark.rodriguez@customer.net,"4789 Howard Fall, New Stacy, MI 36441",MI,"598 Frank Passage Apt. 170, Andresfort, NH 09367",,,2015,Non-Combustible,4,,,,,1016.93,1016.93,763.39,Direct Bill,,,FALSE,TRUE,253.54
MUZ8718237,PRGS,120243,Renewal,4/1/2025,4/1/2026,4/1/2025,12,BOP,Businessowners,Whitney Hill,whitney.hill@policyhub.org,"5164 Curtis Crossroad Suite 936, Barnettshire, AK 31933",AK,"5164 Curtis Crossroad Suite 936, Barnettshire, AK 31933",,,,Masonry Veneer,4,,,,,8642.98,8642.98,6488.15,Agency Bill,,,FALSE,TRUE,2154.83
BTV2724843,NATI,120197,Renewal,4/1/2025,4/1/2026,4/1/2025,12,BOP,Businessowners,Gerald Foley,gerald.foley@insmail.com,"180 Alexander Crossing Suite 764, North Evelyn, ND 69607",ND,"180 Alexander Crossing Suite 764, North Evelyn, ND 69607",,,,Frame,10,,,,,3861.84,3861.84,2899.03,Agency Bill,,,FALSE,TRUE,962.81
WJU9030114,TRAV,120160,Endorsement,4/1/2025,4/1/2026,11/26/2025,12,Umbrella,Personal Umbrella,Jennifer Valencia,jennifer.valencia@policyhub.org,"796 Mcdonald Prairie Apt. 881, Ericfort, GU 36459",GU,"796 Mcdonald Prairie Apt. 881, Ericfort, GU 36459",,,,,,,,,,370.93,21.18,278.45,Direct Bill,,,FALSE,TRUE,92.48
ZFV4570553,AMFA,120108,Renewal,4/1/2025,4/1/2026,4/1/2025,12,Personal Auto,Private Passenger Auto,Melody Hodges,melody.hodges@insmail.com,"47610 Williams Pine Apt. 133, North Suzanne, RI 69366",RI,"47610 Williams Pine Apt. 133, North Suzanne, RI 69366",2,1,,,,50/100,100000,500,500,1185.75,1185.75,890.12,Agency Bill,,,FALSE,TRUE,295.63
MKE6340795,HART,120022,Renewal,4/1/2025,4/1/2026,4/1/2025,12,Homeowners,HO3,Brenda Frey,brenda.frey@mail.com,"7149 Stevenson Avenue, Fieldsborough, NC 10257",NC,"0663 Bethany Drives, New Maurice, OK 09613",,,1982,Frame,7,,,,,687.13,687.13,515.82,Agency Bill,,,FALSE,TRUE,171.31
NZZ9929697,ALLS,120151,Renewal,4/1/2025,4/1/2026,4/1/2025,12,Homeowners,HO3,Michael Patton,michael.patton@mail.com,"10034 Whitney Neck, Port Eriktown, PR 06274",PR,"10034 Whitney Neck, Port Eriktown, PR 06274",,,1995,Frame,7,,,,,833.03,833.03,625.34,Direct Bill,,,FALSE,TRUE,207.69
RRX1702568,GEIC,120092,New,4/1/2025,4/1/2026,4/1/2025,12,Personal Auto,Private Passenger Auto,Jessica Scott,jessica.scott@example.com,"393 Harvey Lights, North Jamiestad, NY 44821",NY,"393 Harvey Lights, North Jamiestad, NY 44821",2,2,,,,25/50,250000,1000,500,1535.88,1535.88,1152.96,Direct Bill,,,FALSE,TRUE,382.92
AUK6386415,HART,120181,New,4/1/2025,4/1/2026,4/1/2025,12,Personal Auto,Private Passenger Auto,Sheri Gallegos,sheri.gallegos@mail.com,"9702 Tiffany Green Apt. 258, East Reginald, RI 21188",RI,"9702 Tiffany Green Apt. 258, East Reginald, RI 21188",1,2,,,,25/50,100000,500,2500,3869.13,3869.13,2904.5,Agency Bill,,,FALSE,TRUE,964.63
NPB5732462,GEIC,120009,Renewal,4/1/2025,4/1/2026,4/1/2025,12,Personal Auto,Private Passenger Auto,William Ramirez,william.ramirez@mail.com,"105 Julie Mount Suite 365, Cervantesside, NM 08990",NM,"472 Brittney Station, Mayberg, PW 44514",2,3,,,,50/100,25000,500,500,2401.11,2401.11,1802.48,Agency Bill,,,FALSE,TRUE,598.63
RJW0246971,TRAV,120108,Renewal,4/1/2025,4/1/2026,4/1/2025,12,BOP,Businessowners,Joshua Massey,joshua.massey@customer.net,"02046 Rowe Place, Albertchester, WI 07142",WI,"02046 Rowe Place, Albertchester, WI 07142",,,,Masonry Veneer,8,,,,,2077.29,2077.29,1559.39,Direct Bill,,,FALSE,TRUE,517.9
DDM8378583,LIBM,120264,New,4/1/2025,4/1/2026,4/1/2025,12,Personal Auto,Private Passenger Auto,Nathan Wilson,nathan.wilson@mail.com,"64284 Valentine Land Suite 888, Holmesland, IL 03287",IL,"64284 Valentine Land Suite 888, Holmesland, IL 03287",2,1,,,,50/100,50000,500,500,2018.32,2018.32,1515.12,Agency Bill,,,FALSE,FALSE,503.2
BTC9560979,CHUB,120127,New,4/1/2025,4/1/2026,4/1/2025,12,Personal Auto,Private Passenger Auto,Thomas Bautista,thomas.bautista@insmail.com,"616 Mark Road, New Jesseshire, AK 01958",AK,"616 Mark Road, New Jesseshire, AK 01958",2,2,,,,50/100,50000,500,250,1361.17,1361.17,1021.81,Direct Bill,,,FALSE,TRUE,339.36
ZCD5109700,TRAV,120013,Renewal,4/1/2025,4/1/2026,4/1/2025,12,Homeowners,HO3,Ruben Wallace,ruben.wallace@example.com,"279 Elizabeth Course Apt. 103, Popeton, OH 25018",OH,"279 Elizabeth Course Apt. 103, Popeton, OH 25018",,,1968,Frame,5,,,,,1548.26,1548.26,1162.26,Direct Bill,,,FALSE,TRUE,386
FXG7009821,CHUB,120102,New,4/1/2025,4/1/2026,4/1/2025,12,Personal Auto,Private Passenger Auto,Megan Patterson,megan.patterson@policyhub.org,"7822 Jeffrey Station Suite 375, Cisnerosborough, OR 89947",OR,"7822 Jeffrey Station Suite 375, Cisnerosborough, OR 89947",1,4,,,,25/50,100000,2500,2500,2036.26,2036.26,1528.59,Agency Bill,,,FALSE,TRUE,507.67
ULU7685897,ALLS,120019,Renewal,4/1/2025,4/1/2026,4/1/2025,12,Homeowners,HO3,Ricky Clay,ricky.clay@customer.net,"278 Rebecca Ferry, Port Carlfort, AL 47928",AL,"278 Rebecca Ferry, Port Carlfort, AL 47928",,,1995,Joisted Masonry,8,,,,,2108.77,2108.77,1583.02,Direct Bill,,,FALSE,TRUE,525.75
MPA7232354,HART,120258,New,4/1/2025,4/1/2026,4/1/2025,12,Personal Auto,Private Passenger Auto,Kathryn Wells,kathryn.wells@example.com,"65292 Harris Village, West Rebecca, HI 48595",HI,"65292 Harris Village, West Rebecca, HI 48595",2,2,,,,50/100,100000,1000,1000,1568.3,1568.3,1177.3,Direct Bill,,,FALSE,TRUE,391
JYA6789027,GEIC,120299,Renewal,4/1/2025,4/1/2026,4/1/2025,12,Personal Auto,Private Passenger Auto,Jennifer Williamson,jennifer.williamson@insmail.com,"6811 Nicholas Camp Apt. 325, Port Joannahaven, NV 39261",NV,"6811 Nicholas Camp Apt. 325, Port Joannahaven, NV 39261",2,2,,,,50/100,100000,1000,1000,1556.4,1556.4,1168.37,Agency Bill,,,FALSE,TRUE,388.03
XVT8269942,GEIC,120246,Rewrite,4/1/2025,4/1/2026,4/1/2025,12,Package,Commercial Package,Brenda Johnson,brenda.johnson@example.com,"575 David Pike, Perezhaven, MA 32873",MA,"575 David Pike, Perezhaven, MA 32873",,,,Masonry Veneer,5,,,,,3000,3000,2252.05,Direct Bill,,,TRUE,TRUE,747.95
LTP3251567,FARM,120162,Renewal,4/1/2025,4/1/2026,4/1/2025,12,Homeowners,HO3,Tracy Gutierrez,tracy.gutierrez@example.com,"45414 Smith Islands, South Brandon, IL 54181",IL,"45414 Smith Islands, South Brandon, IL 54181",,,2008,Masonry,5,,,,,500,500,375.34,Direct Bill,,,FALSE,TRUE,124.66
XYB1026129,NATI,120233,Renewal,4/1/2025,4/1/2026,4/1/2025,12,Homeowners,HO3,Jason Miller,jason.miller@mail.com,"99350 Callahan Camp, New Bailey, MO 46421",MO,"99350 Callahan Camp, New Bailey, MO 46421",,,1983,Non-Combustible,7,,,,,924.02,924.02,693.65,Direct Bill,,,FALSE,TRUE,230.37
DNJ0892044,CHUB,120149,New,4/1/2025,4/1/2026,4/1/2025,12,Personal Auto,Private Passenger Auto,Thomas Dawson,thomas.dawson@mail.com,"86549 Pham Bypass, South Kathleen, MT 47822",MT,"729 Jones Shore Suite 613, Jennifershire, GU 21468",3,2,,,,25/50,100000,1000,1000,1814.13,1814.13,1361.84,Agency Bill,,,FALSE,TRUE,452.29
KXW7469306,LIBM,120194,Renewal,4/1/2025,4/1/2026,4/1/2025,12,Personal Auto,Private Passenger Auto,Wanda Frazier,wanda.frazier@example.com,"325 Wilson Junctions, Jacksonbury, MI 77955",MI,"325 Wilson Junctions, Jacksonbury, MI 77955",3,2,,,,50/100,50000,500,1000,1614.37,1614.37,1211.88,Direct Bill,,,FALSE,TRUE,402.49
MFU3438304,TRAV,120135,New,4/1/2025,4/1/2026,4/1/2025,12,Personal Auto,Private Passenger Auto,Andrew Chen,andrew.chen@policyhub.org,"6619 Jamie Flat Apt. 994, Taylorview, MN 28503",MN,"6619 Jamie Flat Apt. 994, Taylorview, MN 28503",4,2,,,,50/100,100000,1000,1000,2483.49,2483.49,1864.32,Direct Bill,,,FALSE,TRUE,619.17
BWZ7223635,TRAV,120015,Renewal,4/1/2025,4/1/2026,4/1/2025,12,Homeowners,HO3,Sean Davis,sean.davis@policyhub.org,"548 Alexander Park Apt. 515, Michealtown, DE 40749",DE,"548 Alexander Park Apt. 515, Michealtown, DE 40749",,,2002,Frame,6,,,,,2487.31,2487.31,1867.19,Direct Bill,,,FALSE,TRUE,620.12
TFV2723662,HART,120130,Renewal,4/1/2025,4/1/2026,4/1/2025,12,Homeowners,HO3,Tara King,tara.king@insmail.com,"6898 Robertson Roads, Lake Karen, CT 78759",CT,"358 Nguyen Circles Apt. 078, Caldwellberg, AK 29803",,,1990,Joisted Masonry,3,,,,,1409.35,1409.35,1057.98,Direct Bill,,,FALSE,TRUE,351.37
FGJ2859871,PRGS,120124,Renewal,4/1/2025,4/1/2026,4/1/2025,12,BOP,Businessowners,William Winters,william.winters@policyhub.org,"3175 Eric Mountains, Bryanchester, OR 42060",OR,"3175 Eric Mountains, Bryanchester, OR 42060",,,,Fire Resistive,6,,,,,8598.49,8598.49,6454.76,Direct Bill,,,FALSE,TRUE,2143.73
WVJ7233884,ALLS,120279,Renewal,4/1/2025,4/1/2026,4/1/2025,12,BOP,Businessowners,Ashley Walls,ashley.walls@example.com,"9970 Ian Corners Apt. 136, East Suzanneton, ID 34913",ID,"9970 Ian Corners Apt. 136, East Suzanneton, ID 34913",,,,Frame,7,,,,,15000,15000,11260.27,Direct Bill,,,FALSE,FALSE,3739.73
DBS1603307,PRGS,120257,Renewal,4/1/2025,4/1/2026,4/1/2025,12,Homeowners,HO3,Michelle Garcia,michelle.garcia@example.com,"34208 Perez Trace Suite 682, New Hector, FL 25761",FL,"41952 Gilbert Shore, Port Cassie, NY 77624",,,2009,Frame,4,,,,,1084.38,1084.38,814.03,Agency Bill,,,FALSE,TRUE,270.35
RNX0989208,GEIC,120030,Renewal,4/1/2025,4/1/2026,4/1/2025,12,BOP,Businessowners,Jacob Hall,jacob.hall@policyhub.org,"435 Jennifer Mountain Apt. 497, Lake Francisco, HI 17721",HI,"435 Jennifer Mountain Apt. 497, Lake Francisco, HI 17721",,,,Masonry Veneer,6,,,,,1644.15,1644.15,1234.24,Agency Bill,,,FALSE,TRUE,409.91
JMD9005011,PRGS,120159,Renewal,4/1/2025,4/1/2026,4/1/2025,12,Homeowners,HO3,Amber Barber,amber.barber@policyhub.org,"507 Craig Fort, West Catherine, PA 25058",PA,"507 Craig Fort, West Catherine, PA 25058",,,2017,Non-Combustible,5,,,,,949.9,949.9,713.08,Direct Bill,,,FALSE,TRUE,236.82
DJA0345565,AMFA,120121,New,4/1/2025,4/1/2026,4/1/2025,12,Personal Auto,Private Passenger Auto,Katherine Perry,katherine.perry@insmail.com,"159 Cardenas Crescent, East Desireeville, CO 65266",CO,"2057 Natalie Prairie, South Paulton, VT 50038",2,2,,,,50/100,100000,2500,1000,1830.4,1830.4,1374.05,Direct Bill,,,FALSE,TRUE,456.35
WWZ5863984,NATI,120190,Cancel,4/1/2025,5/12/2025,5/12/2025,12,Package,Commercial Package,Ashley Williams,ashley.williams@policyhub.org,"9375 Russell Dam, West Davidview, MH 06732",MH,"9375 Russell Dam, West Davidview, MH 06732",,,,Joisted Masonry,6,,,,,4099.83,0,4099.83,Direct Bill,6/29/2022,,FALSE,TRUE,0
NHF3017183,GEIC,120221,Renewal,4/1/2025,4/1/2026,4/1/2025,12,WC,Workers Compensation,Matthew Clay,matthew.clay@policyhub.org,"10810 Parker Parkways, North Karenport, GA 24619",GA,"10810 Parker Parkways, North Karenport, GA 24619",,,,,,,,,,5626.83,5626.83,4223.98,Direct Bill,,,FALSE,TRUE,1402.85
ADT5847525,NATI,120133,Renewal,4/1/2025,4/1/2026,4/1/2025,12,BOP,Businessowners,Edgar Thomas,edgar.thomas@example.com,"955 Bentley Haven Suite 403, Erinmouth, NC 25757",NC,"4195 Ian Station Suite 771, Valerieburgh, GA 37329",,,,Frame,7,,,,,3134.25,3134.25,2352.83,Agency Bill,,,FALSE,TRUE,781.42
APG3226549,ALLS,120205,Renewal,4/1/2025,4/1/2026,4/1/2025,12,BOP,Businessowners,Kevin Smith,kevin.smith@example.com,"670 Frank Station Suite 956, East Andrew, VT 07022",VT,"670 Frank Station Suite 956, East Andrew, VT 07022",,,,Frame,4,,,,,7110.37,7110.37,5337.65,Direct Bill,,,FALSE,TRUE,1772.72
UGA0974322,CHUB,120193,New,4/1/2025,4/1/2026,4/1/2025,12,Personal Auto,Private Passenger Auto,James Reeves,james.reeves@policyhub.org,"485 Donald Trail Apt. 728, Tammyfurt, NH 64324",NH,"485 Donald Trail Apt. 728, Tammyfurt, NH 64324",3,3,,,,50/100,50000,1000,500,1079.7,1079.7,810.51,Direct Bill,,,FALSE,TRUE,269.19
NGN7545498,AMFA,120165,New,4/1/2025,4/1/2026,4/1/2025,12,Personal Auto,Private Passenger Auto,Sophia Riley,sophia.riley@insmail.com,"81479 Arthur Roads, New Tonyaside, LA 18317",LA,"81479 Arthur Roads, New Tonyaside, LA 18317",1,1,,,,50/100,100000,500,1000,1988.97,1988.97,1493.09,Direct Bill,,,FALSE,TRUE,495.88
YYY3682920,HART,120099,Renewal,4/1/2025,4/1/2026,4/1/2025,12,Homeowners,HO3,David Nichols,david.nichols@policyhub.org,"6390 Julie Camp Suite 333, North Nicholasborough, CO 80160",CO,"6390 Julie Camp Suite 333, North Nicholasborough, CO 80160",,,2004,Joisted Masonry,3,,,,,1925.2,1925.2,1445.22,Agency Bill,,,FALSE,TRUE,479.98
DDG1759781,HART,120095,Renewal,4/1/2025,4/1/2026,4/1/2025,12,Personal Auto,Private Passenger Auto,Stacie Michael,stacie.michael@customer.net,"95331 Joel Gardens Suite 366, Francobury, VA 18326",VA,"95331 Joel Gardens Suite 366, Francobury, VA 18326",2,2,,,,50/100,100000,500,500,2275.43,2275.43,1708.13,Direct Bill,,,FALSE,TRUE,567.3
MCA3960072,PRGS,120190,New,4/1/2025,4/1/2026,4/1/2025,12,Personal Auto,Private Passenger Auto,Jerry Abbott,jerry.abbott@insmail.com,"595 Washington Lodge, South Johnmouth, AS 36963",AS,"595 Washington Lodge, South Johnmouth, AS 36963",3,1,,,,50/100,250000,250,250,792.52,792.52,594.93,Direct Bill,,,FALSE,TRUE,197.59
GJA9874967,GEIC,120037,Renewal,4/1/2025,4/1/2026,4/1/2025,12,BOP,Businessowners,Lisa Gardner,lisa.gardner@policyhub.org,"48040 Watts Expressway, Palmerport, PW 07164",PW,"48040 Watts Expressway, Palmerport, PW 07164",,,,Non-Combustible,6,,,,,7881.31,7881.31,5916.38,Agency Bill,,,FALSE,TRUE,1964.93
XHW0422865,CHUB,120146,Renewal,4/1/2025,4/1/2026,4/1/2025,12,Homeowners,HO3,Wanda Moran,wanda.moran@customer.net,"32806 Kristi Hollow Apt. 207, Samuelmouth, NV 75286",NV,"32806 Kristi Hollow Apt. 207, Samuelmouth, NV 75286",,,1962,Masonry,8,,,,,968.63,968.63,727.14,Direct Bill,,,FALSE,TRUE,241.49
DVH6965241,TRAV,120190,Renewal,4/1/2025,4/1/2026,4/1/2025,12,WC,Workers Compensation,Deanna Gomez,deanna.gomez@policyhub.org,"3578 Dillon Cape, Hamiltonmouth, CT 71693",CT,"3578 Dillon Cape, Hamiltonmouth, CT 71693",,,,,,,,,,9019.2,9019.2,6770.58,Direct Bill,,,FALSE,TRUE,2248.62
GZX9387549,GEIC,120253,Renewal,4/1/2025,4/1/2026,4/1/2025,12,BOP,Businessowners,Duane Johnson,duane.johnson@example.com,"034 Johnson Path Apt. 522, South Wendymouth, WI 08255",WI,"264 Jones Place, South Arianaland, NE 44968",,,,Fire Resistive,4,,,,,6012.84,6012.84,4513.75,Direct Bill,,,FALSE,TRUE,1499.09
DMM9474701,ALLS,120006,Renewal,4/1/2025,4/1/2026,4/1/2025,12,BOP,Businessowners,Joseph Walker,joseph.walker@customer.net,"70186 Mark Squares Suite 105, North Grantfurt, SC 90573",SC,"5266 Wilson Run Apt. 142, East Erica, WV 90394",,,,Non-Combustible,6,,,,,6188.76,6188.76,4645.81,Direct Bill,,,FALSE,FALSE,1542.95
YZZ9406412,AMFA,120098,New,4/1/2025,4/1/2026,4/1/2025,12,Personal Auto,Private Passenger Auto,Heather Larsen,heather.larsen@policyhub.org,"25854 Payne Village, Janetberg, VT 20082",VT,"25854 Payne Village, Janetberg, VT 20082",1,2,,,,50/100,250000,500,1000,1377.84,1377.84,1034.32,Direct Bill,,,FALSE,FALSE,343.52
GHF5108096,ALLS,120001,Renewal,4/1/2025,4/1/2026,4/1/2025,12,Homeowners,HO3,John Jones,john.jones@example.com,"8667 John Mills Apt. 670, Farleyfurt, NY 65521",NY,"3646 Mary Forges, Port Lawrenceberg, MN 20507",,,1978,Joisted Masonry,4,,,,,1121.41,1121.41,841.83,Direct Bill,,,FALSE,TRUE,279.58
EDP7781448,ALLS,120098,Renewal,4/1/2025,4/1/2026,4/1/2025,12,Homeowners,HO3,Pamela Pena,pamela.pena@customer.net,"6406 Nancy Corners Suite 196, Jamesshire, VA 61558",VA,"6406 Nancy Corners Suite 196, Jamesshire, VA 61558",,,1980,Frame,4,,,,,619.38,619.38,464.96,Direct Bill,,,FALSE,TRUE,154.42
SPL6935253,FARM,120060,Renewal,4/1/2025,4/1/2026,4/1/2025,12,BOP,Businessowners,Wendy Davenport,wendy.davenport@example.com,"361 Anderson Field Suite 534, Craigberg, RI 29790",RI,"361 Anderson Field Suite 534, Craigberg, RI 29790",,,,Masonry Veneer,9,,,,,1500,1500,1126.03,Agency Bill,,,FALSE,TRUE,373.97
XCX8467816,GEIC,120275,Renewal,4/1/2025,4/1/2026,4/1/2025,12,Personal Auto,Private Passenger Auto,Glenda Parker,glenda.parker@example.com,"9357 Jesse Trail, West Manuel, SC 71346",SC,"96041 Walker Port, New Nicole, IA 13212",2,1,,,,50/100,100000,500,1000,1512.74,1512.74,1135.59,Direct Bill,,,FALSE,TRUE,377.15
HZP6971467,ALLS,120063,Renewal,4/1/2025,4/1/2026,4/1/2025,12,BOP,Businessowners,Christopher Lopez,christopher.lopez@insmail.com,"480 Lewis Mission, Rochabury, NM 23794",NM,"480 Lewis Mission, Rochabury, NM 23794",,,,Masonry Veneer,3,,,,,2421.01,2421.01,1817.42,Direct Bill,,,FALSE,FALSE,603.59
ZCA9684486,TRAV,120231,Renewal,4/1/2025,4/1/2026,4/1/2025,12,Homeowners,HO3,Hannah Lane,hannah.lane@policyhub.org,"8361 Norris Junction Apt. 014, Fullerville, PR 46706",PR,"8361 Norris Junction Apt. 014, Fullerville, PR 46706",,,1990,Masonry Veneer,4,,,,,1955.2,1955.2,1467.74,Direct Bill,,,FALSE,TRUE,487.46
KAP0511055,NATI,120174,New,4/1/2025,4/1/2026,4/1/2025,12,Personal Auto,Private Passenger Auto,Ryan Merritt,ryan.merritt@mail.com,"18895 Reginald Ramp Suite 276, New Lindsayton, IL 80443",IL,"18895 Reginald Ramp Suite 276, New Lindsayton, IL 80443",4,1,,,,50/100,100000,250,250,889.65,889.65,667.85,Direct Bill,,,FALSE,FALSE,221.8
FBP6922508,LIBM,120223,Renewal,4/1/2025,4/1/2026,4/1/2025,12,Homeowners,HO3,Andrew Robinson,andrew.robinson@mail.com,"226 Robinson Common, Lake Kevin, MN 42749",MN,"39597 Thompson Throughway Apt. 385, North Alex, ME 69880",,,1999,Non-Combustible,7,,,,,666.74,666.74,500.51,Agency Bill,,,FALSE,TRUE,166.23
VGW4995624,HART,120106,Endorsement,4/1/2025,4/1/2026,4/23/2025,12,Umbrella,Personal Umbrella,Kimberly Taylor,kimberly.taylor@policyhub.org,"27306 Jason Brooks, Port Brandonport, WI 98189",WI,"27306 Jason Brooks, Port Brandonport, WI 98189",,,,,,,,,,404.74,-31.67,303.83,Agency Bill,,,FALSE,TRUE,100.91
KNX8909390,NATI,120103,Endorsement,4/1/2025,4/1/2026,4/15/2025,12,Umbrella,Personal Umbrella,Laura Bowen,laura.bowen@customer.net,"618 Wood Way Apt. 371, Port Davidton, FM 10823",FM,"618 Wood Way Apt. 371, Port Davidton, FM 10823",,,,,,,,,,721.13,13.04,541.34,Direct Bill,,,FALSE,TRUE,179.79
XLA0148144,HART,120267,Renewal,4/1/2025,4/1/2026,4/1/2025,12,WC,Workers Compensation,Nicole Young,nicole.young@customer.net,"156 Young Mill, Port Patricia, PW 84334",PW,"156 Young Mill, Port Patricia, PW 84334",,,,,,,,,,4952.15,4952.15,3717.5,Direct Bill,,,FALSE,TRUE,1234.65
ANF6144297,FARM,120250,Endorsement,4/1/2025,4/1/2026,9/1/2025,12,Umbrella,Personal Umbrella,Walter Smith,walter.smith@mail.com,"9293 Christopher Shore Suite 986, East Paul, MD 90829",MD,"9293 Christopher Shore Suite 986, East Paul, MD 90829",,,,,,,,,,327.99,7.36,246.22,Direct Bill,,,FALSE,TRUE,81.77
LSK0742857,AMFA,120184,New,4/1/2025,4/1/2026,4/1/2025,12,Personal Auto,Private Passenger Auto,Deanna Keller,deanna.keller@customer.net,"87607 Bradley Drive Apt. 747, South Christopherstad, KS 16861",KS,"50865 Tamara Circles, New Samantha, OK 34711",3,2,,,,50/100,50000,500,2500,1519.66,1519.66,1140.79,Agency Bill,,,FALSE,FALSE,378.87
YTU6537242,ALLS,120177,Renewal,4/1/2025,4/1/2026,4/1/2025,12,Homeowners,HO3,Nicholas Taylor,nicholas.taylor@insmail.com,"22909 Brian Road, Lake Christopher, PW 03214",PW,"22909 Brian Road, Lake Christopher, PW 03214",,,1993,Frame,7,,,,,718.85,718.85,539.63,Agency Bill,,,FALSE,TRUE,179.22
HSS5802807,CHUB,120104,New,4/1/2025,4/1/2026,4/1/2025,12,Personal Auto,Private Passenger Auto,Thomas Campbell,thomas.campbell@insmail.com,"1391 Kimberly Skyway Suite 078, Ballardfort, MN 46108",MN,"1391 Kimberly Skyway Suite 078, Ballardfort, MN 46108",2,2,,,,25/50,250000,500,2500,1144.38,1144.38,859.07,Direct Bill,,,FALSE,TRUE,285.31
EBJ5993077,TRAV,120030,Endorsement,4/1/2025,4/1/2026,9/30/2025,12,Umbrella,Personal Umbrella,Jill Wood,jill.wood@example.com,"023 Brian Road Apt. 632, Walshburgh, PR 03336",PR,"023 Brian Road Apt. 632, Walshburgh, PR 03336",,,,,,,,,,627.4,16.9,470.98,Agency Bill,,,FALSE,TRUE,156.42
DJG3540003,HART,120021,Renewal,4/1/2025,4/1/2026,4/1/2025,12,BOP,Businessowners,Mark Carter,mark.carter@mail.com,"165 Powers Plains Apt. 645, Joycemouth, FM 66758",FM,"165 Powers Plains Apt. 645, Joycemouth, FM 66758",,,,Masonry,8,,,,,3102.42,3102.42,2328.94,Direct Bill,,,FALSE,TRUE,773.48
WXM2126716,HART,120104,New,4/1/2025,4/1/2026,4/1/2025,12,Personal Auto,Private Passenger Auto,Melinda Giles,melinda.giles@insmail.com,"45384 Bridges Motorway Apt. 384, New Williamland, KY 49843",KY,"45384 Bridges Motorway Apt. 384, New Williamland, KY 49843",1,2,,,,25/50,50000,500,2500,515.59,515.59,387.05,Direct Bill,,,FALSE,TRUE,128.54
XCV7424729,CHUB,120097,Renewal,4/1/2025,4/1/2026,4/1/2025,12,BOP,Businessowners,Marcus Thomas,marcus.thomas@customer.net,"4031 Brenda Manor Apt. 805, Port Walter, MN 30457",MN,"5003 Cathy Street, Loribury, MS 35406",,,,Masonry,10,,,,,5366.46,5366.46,4028.52,Direct Bill,,,FALSE,TRUE,1337.94
MHP3538831,HART,120098,Renewal,4/1/2025,4/1/2026,4/1/2025,12,WC,Workers Compensation,Lindsay Willis,lindsay.willis@policyhub.org,"91391 Richardson Mountain, Rebeccashire, SC 19586",SC,"91391 Richardson Mountain, Rebeccashire, SC 19586",,,,,,,,,,6053.73,6053.73,4544.44,Direct Bill,,,FALSE,TRUE,1509.29
KDW9795187,PRGS,120116,Renewal,4/1/2025,4/1/2026,4/1/2025,12,BOP,Businessowners,Joanna Schmidt,joanna.schmidt@mail.com,"10483 Carlson Port Suite 305, North Karentown, AZ 81314",AZ,"10483 Carlson Port Suite 305, North Karentown, AZ 81314",,,,Fire Resistive,6,,,,,4290.27,4290.27,3220.64,Agency Bill,,,FALSE,TRUE,1069.63
WED1665854,NATI,120080,Renewal,4/1/2025,4/1/2026,4/1/2025,12,BOP,Businessowners,Jessica Baker,jessica.baker@customer.net,"929 Smith Camp, New Mike, DE 87020",DE,"928 Roger Landing Suite 897, Heatherchester, AK 09940",,,,Masonry Veneer,7,,,,,3598.73,3598.73,2701.51,Direct Bill,,,FALSE,TRUE,897.22
ZZW3354454,PRGS,120046,Endorsement,4/1/2025,4/1/2026,7/11/2025,12,Umbrella,Personal Umbrella,Alexander Atkinson,alexander.atkinson@policyhub.org,"25617 Christian Run Apt. 131, Michaelmouth, FL 67157",FL,"36586 Mitchell Loaf, North Brandonborough, MN 62937",,,,,,,,,,382.49,3.43,287.13,Direct Bill,,,FALSE,TRUE,95.36
EWZ8462906,PRGS,120111,Cancel,4/1/2025,7/6/2025,7/6/2025,12,Package,Commercial Package,Emily Barnett,emily.barnett@mail.com,"1462 Sharp Land, Knighthaven, NH 66728",NH,"1462 Sharp Land, Knighthaven, NH 66728",,,,Frame,5,,,,,14745.97,0,14745.97,Direct Bill,4/27/2023,,FALSE,TRUE,0
KBJ0829430,AMFA,120075,New,4/1/2025,4/1/2026,4/1/2025,12,Personal Auto,Private Passenger Auto,Joshua White,joshua.white@example.com,"7281 Martinez Extension, Conleyside, AK 13147",AK,"98568 Michael Cape Suite 391, New Lesliemouth, MI 10594",3,2,,,,50/100,100000,2500,500,1561.8,1561.8,1172.42,Direct Bill,,,FALSE,TRUE,389.38
RDF5042379,NATI,120105,New,4/1/2025,4/1/2026,4/1/2025,12,Personal Auto,Private Passenger Auto,Aaron Andrews,aaron.andrews@policyhub.org,"4831 Jenkins Camp, Lake Michelleshire, AR 17085",AR,"4831 Jenkins Camp, Lake Michelleshire, AR 17085",2,2,,,,50/100,100000,1000,250,1070.04,1070.04,803.26,Direct Bill,,,FALSE,TRUE,266.78
ALM8682412,ALLS,120209,New,4/1/2025,4/1/2026,4/1/2025,12,Personal Auto,Private Passenger Auto,Cindy Levy,cindy.levy@insmail.com,"2542 White Hill Suite 810, West Tinaport, PR 53478",PR,"2542 White Hill Suite 810, West Tinaport, PR 53478",2,1,,,,50/100,100000,1000,500,1472.8,1472.8,1105.61,Direct Bill,,,FALSE,TRUE,367.19
KJH3322899,ALLS,120101,New,4/1/2025,4/1/2026,4/1/2025,12,Personal Auto,Private Passenger Auto,Eric Meyers,eric.meyers@insmail.com,"164 Mitchell Points, New Bradley, IA 06773",IA,"164 Mitchell Points, New Bradley, IA 06773",2,4,,,,25/50,50000,250,500,1941.94,1941.94,1457.79,Direct Bill,,,FALSE,TRUE,484.15
KWA1861900,PRGS,120072,New,4/1/2025,4/1/2026,4/1/2025,12,Personal Auto,Private Passenger Auto,Willie Mcclure,willie.mcclure@mail.com,"5857 Monique Inlet, Christianberg, SC 49632",SC,"5857 Monique Inlet, Christianberg, SC 49632",2,3,,,,50/100,250000,250,500,3795.2,3795.2,2849,Direct Bill,,,FALSE,TRUE,946.2
EGN7623278,PRGS,120011,New,4/1/2025,4/1/2026,4/1/2025,12,Personal Auto,Private Passenger Auto,Jeffrey Larson,jeffrey.larson@example.com,"6854 Kidd Oval Suite 403, Hortonland, CO 38293",CO,"6854 Kidd Oval Suite 403, Hortonland, CO 38293",1,2,,,,25/50,50000,250,1000,1451.18,1451.18,1089.38,Direct Bill,,,FALSE,TRUE,361.8
UYM3473755,ALLS,120151,Renewal,4/1/2025,4/1/2026,4/1/2025,12,WC,Workers Compensation,Jeffrey Warren,jeffrey.warren@customer.net,"74072 Stone Drives Apt. 448, Boyletown, NH 59087",NH,"74072 Stone Drives Apt. 448, Boyletown, NH 59087",,,,,,,,,,5570.38,5570.38,4181.6,Direct Bill,,,FALSE,TRUE,1388.78
BJL1598173,ALLS,120023,Renewal,4/1/2025,4/1/2026,4/1/2025,12,BOP,Businessowners,Ian Thomas,ian.thomas@example.com,"84125 Matthew Place Apt. 435, Aprilport, ND 61770",ND,"4581 Michael Keys Apt. 826, Bakerchester, KS 14396",,,,Non-Combustible,5,,,,,15000,15000,11260.27,Direct Bill,,,FALSE,FALSE,3739.73
FUA4968483,PRGS,120075,New,4/1/2025,4/1/2026,4/1/2025,12,Personal Auto,Private Passenger Auto,Larry Wong,larry.wong@customer.net,"5739 Diane Ways, Lake Aprilchester, NE 40104",NE,"5739 Diane Ways, Lake Aprilchester, NE 40104",2,2,,,,50/100,250000,2500,500,972.88,972.88,730.33,Agency Bill,,,FALSE,TRUE,242.55
FSG5328544,PRGS,120146,Endorsement,4/1/2025,4/1/2026,1/18/2026,12,Umbrella,Personal Umbrella,Teresa Schroeder,teresa.schroeder@mail.com,"82957 Sullivan Highway, West Mark, NM 69506",NM,"82957 Sullivan Highway, West Mark, NM 69506",,,,,,,,,,150,0.65,112.6,Direct Bill,,,FALSE,TRUE,37.4
ALT1596723,PRGS,120047,Renewal,4/1/2025,4/1/2026,4/1/2025,12,BOP,Businessowners,Larry Rocha,larry.rocha@mail.com,"50447 James Course, East Sara, CA 98991",CA,"50447 James Course, East Sara, CA 98991",,,,Joisted Masonry,3,,,,,1500,1500,1126.03,Agency Bill,,,FALSE,TRUE,373.97
PYW7134648,LIBM,120256,Renewal,4/1/2025,4/1/2026,4/1/2025,12,Homeowners,HO3,Steven Miles,steven.miles@insmail.com,"706 Carol Brook, Howardhaven, GU 74166",GU,"706 Carol Brook, Howardhaven, GU 74166",,,1995,Masonry,4,,,,,1455.67,1455.67,1092.75,Agency Bill,,,FALSE,TRUE,362.92
XDW3523939,LIBM,120189,Renewal,4/1/2025,4/1/2026,4/1/2025,12,Homeowners,HO3,Adam Carroll,adam.carroll@example.com,"486 Warren Key Suite 213, Fryview, PR 55193",PR,"486 Warren Key Suite 213, Fryview, PR 55193",,,2006,Joisted Masonry,7,,,,,2197.53,2197.53,1649.65,Direct Bill,,,FALSE,TRUE,547.88
RKG3182595,ALLS,120033,New,4/1/2025,4/1/2026,4/1/2025,12,Personal Auto,Private Passenger Auto,Christine Wise,christine.wise@mail.com,"022 Bruce Trail Suite 972, Angieborough, GA 65992",GA,"022 Bruce Trail Suite 972, Angieborough, GA 65992",2,2,,,,50/100,100000,2500,500,2221.87,2221.87,1667.92,Direct Bill,,,FALSE,TRUE,553.95
VXR8917800,LIBM,120123,New,4/1/2025,4/1/2026,4/1/2025,12,Personal Auto,Private Passenger Auto,Thomas Wilson,thomas.wilson@mail.com,"871 Megan Fields Apt. 020, East Lauraton, CO 54738",CO,"871 Megan Fields Apt. 020, East Lauraton, CO 54738",3,1,,,,25/50,50000,500,500,1135.63,1135.63,852.5,Direct Bill,,,FALSE,TRUE,283.13
DCV6265443,GEIC,120015,Endorsement,4/1/2025,4/1/2026,8/23/2025,12,Umbrella,Personal Umbrella,Kelli Jenkins,kelli.jenkins@example.com,"018 Young Street Suite 368, North Kayla, FL 06245",FL,"018 Young Street Suite 368, North Kayla, FL 06245",,,,,,,,,,550.26,1.94,413.07,Direct Bill,,,FALSE,TRUE,137.19
KYC1441558,GEIC,120184,Renewal,4/1/2025,4/1/2026,4/1/2025,12,Homeowners,HO3,James May,james.may@example.com,"2487 Charles Fort, Phillipton, AR 49774",AR,"2487 Charles Fort, Phillipton, AR 49774",,,2007,Non-Combustible,6,,,,,2286.82,2286.82,1716.68,Direct Bill,,,FALSE,TRUE,570.14
BPT3710705,NATI,120142,Renewal,4/1/2025,4/1/2026,4/1/2025,12,Homeowners,HO3,Brittany Small,brittany.small@insmail.com,"501 Robert Walk Apt. 262, Aimeemouth, MA 35978",MA,"501 Robert Walk Apt. 262, Aimeemouth, MA 35978",,,1993,Frame,5,,,,,1328.04,1328.04,996.94,Agency Bill,,,FALSE,TRUE,331.1
PSU7060739,TRAV,120048,Renewal,4/1/2025,4/1/2026,4/1/2025,12,WC,Workers Compensation,Sean Holt,sean.holt@policyhub.org,"47889 Myers Plaza Apt. 776, Maynardshire, AS 99078",AS,"47889 Myers Plaza Apt. 776, Maynardshire, AS 99078",,,,,,,,,,3896.04,3896.04,2924.7,Direct Bill,,,FALSE,FALSE,971.34
ENK9034471,ALLS,120206,New,4/1/2025,4/1/2026,4/1/2025,12,Personal Auto,Private Passenger Auto,Erik Johnson,erik.johnson@policyhub.org,"73074 Brian Groves Suite 622, Caldwellside, CT 91501",CT,"73074 Brian Groves Suite 622, Caldwellside, CT 91501",4,2,,,,25/50,100000,1000,500,1075.32,1075.32,807.23,Direct Bill,,,FALSE,TRUE,268.09
XKN8114902,HART,120068,Renewal,4/1/2025,4/1/2026,4/1/2025,12,Homeowners,HO3,Valerie Salas,valerie.salas@customer.net,"533 Joseph Light Suite 668, Amberburgh, NE 76695",NE,"533 Joseph Light Suite 668, Amberburgh, NE 76695",,,1973,Frame,8,,,,,6409.79,6409.79,4811.73,Direct Bill,,,FALSE,TRUE,1598.06
LTG0423538,NATI,120210,New,4/1/2025,4/1/2026,4/1/2025,12,Personal Auto,Private Passenger Auto,Amy Anderson,amy.anderson@example.com,"83159 Miller Greens Suite 089, West Stephanie, PA 80869",PA,"83159 Miller Greens Suite 089, West Stephanie, PA 80869",3,4,,,,50/100,50000,1000,1000,1560.71,1560.71,1171.6,Direct Bill,,,FALSE,TRUE,389.11
CKJ5433613,CHUB,120211,Renewal,4/1/2025,4/1/2026,4/1/2025,12,BOP,Businessowners,Joseph Evans,joseph.evans@example.com,"833 Shannon Shores, Nataliefort, MH 59631",MH,"833 Shannon Shores, Nataliefort, MH 59631",,,,Frame,3,,,,,1500,1500,1126.03,Direct Bill,,,FALSE,TRUE,373.97
JBS0474972,TRAV,120260,Renewal,4/1/2025,4/1/2026,4/1/2025,12,Homeowners,HO3,John Hanson,john.hanson@policyhub.org,"9109 Leonard Track, Reidburgh, TX 74521",TX,"9109 Leonard Track, Reidburgh, TX 74521",,,1977,Joisted Masonry,9,,,,,1660.5,1660.5,1246.51,Direct Bill,,,FALSE,TRUE,413.99
AMT4726889,CHUB,120169,Renewal,4/1/2025,4/1/2026,4/1/2025,12,BOP,Businessowners,Michelle Buchanan,michelle.buchanan@policyhub.org,"743 Horn Burg, West Lauriebury, SC 87533",SC,"743 Horn Burg, West Lauriebury, SC 87533",,,,Masonry Veneer,8,,,,,8735.76,8735.76,6557.8,Direct Bill,,,FALSE,TRUE,2177.96
XLW0840837,NATI,120160,Renewal,4/1/2025,4/1/2026,4/1/2025,12,WC,Workers Compensation,Karen Lambert,karen.lambert@policyhub.org,"019 Harding Gardens Suite 607, New Tricia, CT 29915",CT,"019 Harding Gardens Suite 607, New Tricia, CT 29915",,,,,,,,,,14639.23,14639.23,10989.45,Direct Bill,,,FALSE,TRUE,3649.78
UMY1977859,FARM,120204,Renewal,4/1/2025,4/1/2026,4/1/2025,12,Homeowners,HO3,Alex Krause,alex.krause@example.com,"4692 Cox Run, North Evan, PA 12984",PA,"4692 Cox Run, North Evan, PA 12984",,,1976,Non-Combustible,4,,,,,1007.78,1007.78,756.53,Direct Bill,,,FALSE,TRUE,251.25
RVX2942148,HART,120070,Renewal,4/1/2025,4/1/2026,4/1/2025,12,Homeowners,HO3,Gregory Parker,gregory.parker@customer.net,"17454 Paul Isle, Dunnshire, NJ 58340",NJ,"17454 Paul Isle, Dunnshire, NJ 58340",,,2002,Frame,7,,,,,990.09,990.09,743.25,Direct Bill,,,FALSE,TRUE,246.84
BPS2304214,CHUB,120095,New,4/1/2025,4/1/2026,4/1/2025,12,Personal Auto,Private Passenger Auto,Meredith Bailey,meredith.bailey@insmail.com,"717 Katie Squares Suite 677, North Angelaside, TX 99039",TX,"989 Pineda Union, New Gregorymouth, PA 12537",2,3,,,,25/50,50000,2500,500,2131.08,2131.08,1599.77,Direct Bill,,,FALSE,TRUE,531.31
CAW1910821,LIBM,120261,Renewal,4/1/2025,4/1/2026,4/1/2025,12,BOP,Businessowners,Sandra Marquez,sandra.marquez@insmail.com,"1038 Garcia Curve, North Daniel, IA 46661",IA,"1038 Garcia Curve, North Daniel, IA 46661",,,,Masonry,5,,,,,2958.1,2958.1,2220.6,Direct Bill,,,FALSE,TRUE,737.5
YYC5481124,LIBM,120220,Renewal,4/1/2025,4/1/2026,4/1/2025,12,Personal Auto,Private Passenger Auto,Michele Dixon,michele.dixon@insmail.com,"8437 Smith Terrace Apt. 118, Port Jimmy, NY 50528",NY,"8437 Smith Terrace Apt. 118, Port Jimmy, NY 50528",3,1,,,,50/100,250000,500,250,1873.76,1873.76,1406.6,Direct Bill,,,FALSE,TRUE,467.16
SLZ6312763,LIBM,120234,Renewal,4/1/2025,4/1/2026,4/1/2025,12,WC,Workers Compensation,Daniel Khan,daniel.khan@insmail.com,"4835 Damon Pike Apt. 647, West Taylormouth, MN 38133",MN,"058 Erin Trafficway, South Joshuaville, SD 28400",,,,,,,,,,10903.38,10903.38,8185,Agency Bill,,,FALSE,TRUE,2718.38
PSW7170725,PRGS,120086,New,4/1/2025,4/1/2026,4/1/2025,12,Personal Auto,Private Passenger Auto,Denise Wolf,denise.wolf@mail.com,"238 Harold Burgs, Port Christopher, DC 44936",DC,"238 Harold Burgs, Port Christopher, DC 44936",1,1,,,,50/100,100000,500,2500,1441.96,1441.96,1082.46,Agency Bill,,,FALSE,FALSE,359.5
BLP0932369,NATI,120094,New,4/1/2025,4/1/2026,4/1/2025,12,Personal Auto,Private Passenger Auto,Amber Williams,amber.williams@example.com,"373 Gonzalez Causeway Suite 662, Brandonshire, WV 27191",WV,"373 Gonzalez Causeway Suite 662, Brandonshire, WV 27191",1,2,,,,50/100,50000,250,500,1793.63,1793.63,1346.45,Agency Bill,,,FALSE,TRUE,447.18
ACW5738331,CHUB,120053,Renewal,4/1/2025,4/1/2026,4/1/2025,12,WC,Workers Compensation,Brian Molina,brian.molina@mail.com,"2748 Roth Springs Suite 473, Smithland, AZ 31082",AZ,"2748 Roth Springs Suite 473, Smithland, AZ 31082",,,,,,,,,,2000,2000,1501.37,Agency Bill,,,FALSE,FALSE,498.63
RLS8394673,NATI,120267,Reinstate,4/1/2025,4/1/2026,9/15/2025,12,Package,Commercial Package,Alexander Castro,alexander.castro@insmail.com,"234 Spencer View Suite 864, Heathhaven, NM 70269",NM,"929 Harris Rue, Josephmouth, VI 47559",,,,Frame,6,,,,,7047.86,0,5290.72,Direct Bill,,6/15/2023,FALSE,FALSE,1757.14
AZM2456454,ALLS,120119,New,4/1/2025,4/1/2026,4/1/2025,12,Personal Auto,Private Passenger Auto,Diana Perez,diana.perez@customer.net,"61465 Carroll Corners Apt. 519, South Mikayla, NJ 26688",NJ,"61465 Carroll Corners Apt. 519, South Mikayla, NJ 26688",3,1,,,,25/50,100000,500,1000,1731.88,1731.88,1300.1,Direct Bill,,,FALSE,TRUE,431.78
WRN4377362,GEIC,120232,New,4/1/2025,4/1/2026,4/1/2025,12,Personal Auto,Private Passenger Auto,Elizabeth Burgess,elizabeth.burgess@insmail.com,"650 Debra Meadows, New Masonshire, PA 92341",PA,"650 Debra Meadows, New Masonshire, PA 92341",1,3,,,,25/50,100000,1000,1000,4000,4000,3002.74,Direct Bill,,,FALSE,TRUE,997.26
HGZ5818369,CHUB,120149,Endorsement,4/1/2025,4/1/2026,6/27/2025,12,Umbrella,Personal Umbrella,Joseph Byrd,joseph.byrd@insmail.com,"637 Lori Common, New Walter, WA 80434",WA,"08445 Harrison Skyway, Sanchezberg, UT 72093",,,,,,,,,,349.37,18.73,262.27,Direct Bill,,,FALSE,FALSE,87.1
NCR2124443,LIBM,120240,Renewal,4/1/2025,4/1/2026,4/1/2025,12,Homeowners,HO3,Ethan Blake,ethan.blake@customer.net,"70875 Miranda Lights, Wrightton, PR 81304",PR,"1607 Angelica Club, Lake Marissa, DE 79809",,,1986,Frame,6,,,,,1345.67,1345.67,1010.17,Direct Bill,,,FALSE,TRUE,335.5
MBY9275386,GEIC,120009,Renewal,4/1/2025,4/1/2026,4/1/2025,12,BOP,Businessowners,Angelica Young,angelica.young@example.com,"5204 Janice Vista, North Jimmy, OK 17769",OK,"5204 Janice Vista, North Jimmy, OK 17769",,,,Frame,10,,,,,2826.49,2826.49,2121.8,Direct Bill,,,FALSE,FALSE,704.69
KFV7422175,TRAV,120279,Renewal,4/1/2025,4/1/2026,4/1/2025,12,Homeowners,HO3,Crystal Sutton,crystal.sutton@mail.com,"06990 William Trail, Lewismouth, MS 94286",MS,"06990 William Trail, Lewismouth, MS 94286",,,2001,Frame,5,,,,,918.85,918.85,689.77,Direct Bill,,,FALSE,TRUE,229.08
VWY0123905,PRGS,120242,Renewal,4/1/2025,4/1/2026,4/1/2025,12,Homeowners,HO3,Julie Ramirez,julie.ramirez@example.com,"5842 Scott Knolls Suite 251, Brendaberg, ID 13859",ID,"5842 Scott Knolls Suite 251, Brendaberg, ID 13859",,,1992,Fire Resistive,3,,,,,2375.46,2375.46,1783.22,Agency Bill,,,FALSE,TRUE,592.24
RCJ5245194,HART,120021,Renewal,4/1/2025,4/1/2026,4/1/2025,12,Homeowners,HO3,Tammy Johnson,tammy.johnson@mail.com,"37790 Herbert Mountain Suite 663, Jamesport, NC 84294",NC,"37790 Herbert Mountain Suite 663, Jamesport, NC 84294",,,2008,Fire Resistive,6,,,,,500,500,375.34,Direct Bill,,,FALSE,TRUE,124.66
KGK3161561,NATI,120241,New,4/1/2025,4/1/2026,4/1/2025,12,Personal Auto,Private Passenger Auto,Gregory Matthews,gregory.matthews@example.com,"6197 Rodriguez Street, Benderhaven, WY 28546",WY,"6197 Rodriguez Street, Benderhaven, WY 28546",2,4,,,,50/100,50000,2500,250,1915.98,1915.98,1438.3,Direct Bill,,,FALSE,FALSE,477.68
XZS2030613,LIBM,120291,Renewal,4/1/2025,4/1/2026,4/1/2025,12,BOP,Businessowners,Nathan Berg,nathan.berg@example.com,"4634 Rebecca River Suite 424, East Allen, DE 41274",DE,"4634 Rebecca River Suite 424, East Allen, DE 41274",,,,Masonry Veneer,6,,,,,5005.18,5005.18,3757.31,Direct Bill,,,FALSE,TRUE,1247.87
XRL8852833,TRAV,120107,Renewal,4/1/2025,4/1/2026,4/1/2025,12,Personal Auto,Private Passenger Auto,Holly Wells,holly.wells@mail.com,"470 Long Trail, Lake Edwardburgh, UT 24817",UT,"470 Long Trail, Lake Edwardburgh, UT 24817",4,3,,,,50/100,100000,1000,500,1124.97,1124.97,844.5,Direct Bill,,,FALSE,TRUE,280.47
DMW0883586,CHUB,120218,Renewal,4/1/2025,4/1/2026,4/1/2025,12,Personal Auto,Private Passenger Auto,Melanie Daniels,melanie.daniels@policyhub.org,"453 Wilson Summit Suite 525, West Mark, WI 79193",WI,"453 Wilson Summit Suite 525, West Mark, WI 79193",3,2,,,,50/100,50000,250,250,3702.1,3702.1,2779.11,Direct Bill,,,FALSE,TRUE,922.99
MAG6593624,CHUB,120236,New,4/1/2025,4/1/2026,4/1/2025,12,Personal Auto,Private Passenger Auto,Andrea Smith,andrea.smith@insmail.com,"71332 Smith Island Apt. 663, Brandonport, SC 49693",SC,"71332 Smith Island Apt. 663, Brandonport, SC 49693",4,2,,,,50/100,50000,250,500,1239.9,1239.9,930.77,Agency Bill,,,FALSE,TRUE,309.13
DAF2376444,PRGS,120177,Renewal,4/1/2025,4/1/2026,4/1/2025,12,Homeowners,HO3,Randall Stokes,randall.stokes@customer.net,"03217 Patel Island, Mcintoshshire, GU 24443",GU,"03217 Patel Island, Mcintoshshire, GU 24443",,,1999,Non-Combustible,7,,,,,1720.41,1720.41,1291.49,Direct Bill,,,FALSE,TRUE,428.92
BNH4093698,CHUB,120292,Renewal,4/1/2025,4/1/2026,4/1/2025,12,WC,Workers Compensation,Michael Pruitt,michael.pruitt@customer.net,"57506 Bryan Ford Suite 043, New Christopher, FL 82202",FL,"57506 Bryan Ford Suite 043, New Christopher, FL 82202",,,,,,,,,,2000,2000,1501.37,Agency Bill,,,FALSE,TRUE,498.63
SPY2576655,FARM,120094,Endorsement,4/1/2025,4/1/2026,6/30/2025,12,Umbrella,Personal Umbrella,Joseph Kirk,joseph.kirk@policyhub.org,"4414 William Tunnel, Lake Kathytown, HI 56679",HI,"261 Ryan Street Suite 834, Nunezview, VT 48008",,,,,,,,,,319.75,8.32,240.03,Direct Bill,,,FALSE,TRUE,79.72
WHF6144877,PRGS,120273,Renewal,4/1/2025,4/1/2026,4/1/2025,12,Homeowners,HO3,Brenda Curtis,brenda.curtis@insmail.com,"144 Sanchez Flats, Port Teresa, IL 58148",IL,"144 Sanchez Flats, Port Teresa, IL 58148",,,1998,Frame,7,,,,,833.95,833.95,626.03,Agency Bill,,,FALSE,TRUE,207.92
ALW0764133,CHUB,120236,Renewal,4/1/2025,4/1/2026,4/1/2025,12,Homeowners,HO3,Judith Carrillo,judith.carrillo@insmail.com,"04566 Evan Avenue, South Sarahland, KY 02580",KY,"04566 Evan Avenue, South Sarahland, KY 02580",,,1978,Joisted Masonry,3,,,,,951.89,951.89,714.57,Direct Bill,,,FALSE,TRUE,237.32
GFV2690838,CHUB,120216,New,4/1/2025,4/1/2026,4/1/2025,12,Personal Auto,Private Passenger Auto,Kimberly Bishop,kimberly.bishop@policyhub.org,"769 Mclaughlin Inlet, Kevinborough, MO 93452",MO,"769 Mclaughlin Inlet, Kevinborough, MO 93452",2,1,,,,50/100,100000,500,500,1274.73,1274.73,956.92,Direct Bill,,,FALSE,TRUE,317.81
UJL5727833,TRAV,120289,Renewal,4/1/2025,4/1/2026,4/1/2025,12,WC,Workers Compensation,Rachel Cook,rachel.cook@insmail.com,"0208 Thomas Common Suite 861, Jessicaville, AS 38823",AS,"0208 Thomas Common Suite 861, Jessicaville, AS 38823",,,,,,,,,,9437.31,9437.31,7084.45,Direct Bill,,,FALSE,TRUE,2352.86
HEK7408414,PRGS,120018,Renewal,4/1/2025,4/1/2026,4/1/2025,12,Homeowners,HO3,Wayne Cruz,wayne.cruz@customer.net,"174 James Lights Suite 851, Cindyberg, TX 36852",TX,"919 Thomas Courts, Lake Christina, OR 51744",,,2007,Masonry,7,,,,,940.22,940.22,705.81,Direct Bill,,,FALSE,TRUE,234.41
GSZ4077404,ALLS,120188,New,4/1/2025,4/1/2026,4/1/2025,12,Personal Auto,Private Passenger Auto,Tyler Noble,tyler.noble@insmail.com,"191 Grimes Glen Apt. 894, Alexanderview, OK 09305",OK,"191 Grimes Glen Apt. 894, Alexanderview, OK 09305",2,2,,,,25/50,250000,1000,500,1929.48,1929.48,1448.43,Direct Bill,,,FALSE,TRUE,481.05
PAL2259984,TRAV,120150,Renewal,4/1/2025,4/1/2026,4/1/2025,12,Personal Auto,Private Passenger Auto,Shelia Anthony,shelia.anthony@insmail.com,"8965 Richard Village Apt. 490, Emilyton, SD 55262",SD,"8965 Richard Village Apt. 490, Emilyton, SD 55262",3,2,,,,50/100,100000,250,2500,2150.38,2150.38,1614.26,Direct Bill,,,FALSE,TRUE,536.12
KTF3440474,AMFA,120181,New,4/1/2025,4/1/2026,4/1/2025,12,Personal Auto,Private Passenger Auto,Eric Adams,eric.adams@customer.net,"2076 Price Circle, Port Joshua, WV 68259",WV,"2076 Price Circle, Port Joshua, WV 68259",1,3,,,,50/100,250000,250,500,2042.38,2042.38,1533.18,Direct Bill,,,FALSE,TRUE,509.2
LMU8616132,HART,120272,Renewal,4/1/2025,4/1/2026,4/1/2025,12,Homeowners,HO3,Tina Juarez,tina.juarez@customer.net,"8061 Nguyen Keys Suite 569, New Patricia, NM 86480",NM,"8061 Nguyen Keys Suite 569, New Patricia, NM 86480",,,1988,Non-Combustible,1,,,,,2661.95,2661.95,1998.29,Direct Bill,,,FALSE,TRUE,663.66
MBU2060857,PRGS,120013,Renewal,4/1/2025,4/1/2026,4/1/2025,12,Homeowners,HO3,Brittney Hunt,brittney.hunt@customer.net,"98285 Brian Prairie, Owensville, NJ 31456",NJ,"98285 Brian Prairie, Owensville, NJ 31456",,,2001,Masonry,3,,,,,985.7,985.7,739.95,Direct Bill,,,FALSE,TRUE,245.75
WGK4673834,LIBM,120254,New,4/1/2025,4/1/2026,4/1/2025,12,Personal Auto,Private Passenger Auto,Jerry Kelley,jerry.kelley@mail.com,"197 Sonia Mountains, Erikaburgh, SC 10580",SC,"7795 Smith Mount Apt. 001, Port Kara, SC 88394",2,1,,,,50/100,50000,250,250,1079.87,1079.87,810.64,Direct Bill,,,FALSE,TRUE,269.23
FZB1789764,CHUB,120011,Renewal,4/1/2025,4/1/2026,4/1/2025,12,Homeowners,HO3,David Harris,david.harris@insmail.com,"860 Paul Vista, Shaneview, MD 47660",MD,"860 Paul Vista, Shaneview, MD 47660",,,2003,Masonry Veneer,5,,,,,860.57,860.57,646.02,Direct Bill,,,FALSE,TRUE,214.55
BWN6534583,ALLS,120233,Renewal,4/1/2025,4/1/2026,4/1/2025,12,BOP,Businessowners,Elizabeth Robinson,elizabeth.robinson@example.com,"897 Gregory Unions Suite 648, Nguyenfort, MD 65465",MD,"897 Gregory Unions Suite 648, Nguyenfort, MD 65465",,,,Frame,5,,,,,2138.81,2138.81,1605.57,Direct Bill,,,FALSE,TRUE,533.24
LXH3495783,CHUB,120255,New,4/1/2025,4/1/2026,4/1/2025,12,Personal Auto,Private Passenger Auto,Gina Graves,gina.graves@policyhub.org,"51857 Lewis Skyway Suite 455, East Yvonne, AS 56318",AS,"51857 Lewis Skyway Suite 455, East Yvonne, AS 56318",1,2,,,,25/50,100000,500,500,2539.83,2539.83,1906.61,Direct Bill,,,FALSE,TRUE,633.22
ZNW5896380,CHUB,120088,New,4/1/2025,4/1/2026,4/1/2025,12,Personal Auto,Private Passenger Auto,Jo Schneider,jo.schneider@mail.com,"9519 Byrd Bypass Apt. 704, South Victor, PA 26352",PA,"9519 Byrd Bypass Apt. 704, South Victor, PA 26352",2,1,,,,50/100,100000,1000,500,1261.7,1261.7,947.14,Direct Bill,,,FALSE,TRUE,314.56
VUM2825486,LIBM,120272,Cancel,4/1/2025,2/26/2026,2/26/2026,12,Package,Commercial Package,Paul Miranda,paul.miranda@mail.com,"52450 Wolfe Corner Suite 953, Mcfarlandstad, MT 51007",MT,"52450 Wolfe Corner Suite 953, Mcfarlandstad, MT 51007",,,,Frame,6,,,,,3485.87,0,2885.58,Direct Bill,4/24/2023,,FALSE,TRUE,600.29
YFT1489908,AMFA,120012,New,4/1/2025,4/1/2026,4/1/2025,12,Personal Auto,Private Passenger Auto,John Camacho,john.camacho@customer.net,"4372 Bailey Trace Apt. 274, Bernardfurt, ND 67783",ND,"315 Steven Vista Apt. 980, New Dawn, AR 57575",2,2,,,,50/100,100000,250,500,2016.63,2016.63,1513.85,Agency Bill,,,FALSE,FALSE,502.78
RBT2314896,LIBM,120050,New,4/1/2025,4/1/2026,4/1/2025,12,Personal Auto,Private Passenger Auto,Janice Ward,janice.ward@mail.com,"660 Kathleen Springs, West Tim, OK 59936",OK,"660 Kathleen Springs, West Tim, OK 59936",1,2,,,,50/100,100000,2500,500,1867.32,1867.32,1401.77,Direct Bill,,,FALSE,TRUE,465.55
ENW5438065,NATI,120224,New,4/1/2025,4/1/2026,4/1/2025,12,Personal Auto,Private Passenger Auto,Shelly Butler,shelly.butler@example.com,"06288 Kevin Ports, East Kristinton, MN 04601",MN,"7409 Nicole Gateway, Whiteview, FM 68134",3,1,,,,25/50,100000,250,1000,1321.2,1321.2,991.8,Direct Bill,,,FALSE,TRUE,329.4
TCK8953085,GEIC,120190,New,4/1/2025,4/1/2026,4/1/2025,12,Personal Auto,Private Passenger Auto,Danielle Black,danielle.black@example.com,"1627 Garrison Street, Ryanton, MT 85334",MT,"1627 Garrison Street, Ryanton, MT 85334",1,2,,,,50/100,100000,500,1000,1675.39,1675.39,1257.69,Direct Bill,,,FALSE,TRUE,417.7
GYE7927219,ALLS,120034,New,4/1/2025,4/1/2026,4/1/2025,12,Personal Auto,Private Passenger Auto,Kevin Pittman,kevin.pittman@example.com,"8626 Ward Falls, Adambury, AK 97748",AK,"8626 Ward Falls, Adambury, AK 97748",2,2,,,,25/50,100000,1000,500,1443.99,1443.99,1083.98,Direct Bill,,,FALSE,TRUE,360.01
KTF9314391,LIBM,120191,New,4/1/2025,4/1/2026,4/1/2025,12,Personal Auto,Private Passenger Auto,Amber Webster,amber.webster@customer.net,"318 Smith Summit, Joshuaville, MH 08572",MH,"318 Smith Summit, Joshuaville, MH 08572",3,1,,,,25/50,100000,1000,1000,481.28,481.28,361.29,Agency Bill,,,FALSE,FALSE,119.99
SUS8725345,LIBM,120129,New,4/1/2025,4/1/2026,4/1/2025,12,Personal Auto,Private Passenger Auto,Katherine Yu,katherine.yu@mail.com,"424 Brian Tunnel, Rodriguezberg, VT 03978",VT,"424 Brian Tunnel, Rodriguezberg, VT 03978",3,1,,,,50/100,250000,500,1000,1628.35,1628.35,1222.38,Direct Bill,,,FALSE,TRUE,405.97
NXY3623079,GEIC,120026,Renewal,4/1/2025,4/1/2026,4/1/2025,12,Umbrella,Personal Umbrella,Susan Casey,susan.casey@insmail.com,"909 Lance Club Suite 842, Danielhaven, AS 27701",AS,"909 Lance Club Suite 842, Danielhaven, AS 27701",,,,,,,,,,783.19,783.19,587.93,Agency Bill,,,FALSE,TRUE,195.26
GJX1158895,ALLS,120092,New,4/1/2025,4/1/2026,4/1/2025,12,Personal Auto,Private Passenger Auto,Nathan Lewis,nathan.lewis@mail.com,"7151 Flores Square Apt. 783, Martinland, ND 23299",ND,"7151 Flores Square Apt. 783, Martinland, ND 23299",1,1,,,,25/50,250000,500,500,995.77,995.77,747.51,Direct Bill,,,FALSE,FALSE,248.26
FYC7046036,NATI,120038,Renewal,4/1/2025,4/1/2026,4/1/2025,12,BOP,Businessowners,James Hanson,james.hanson@example.com,"838 Alexander Mill, Williamfort, NH 47338",NH,"838 Alexander Mill, Williamfort, NH 47338",,,,Frame,5,,,,,1500,1500,1126.03,Direct Bill,,,FALSE,TRUE,373.97
UGU8110888,NATI,120008,Renewal,4/1/2025,4/1/2026,4/1/2025,12,Homeowners,HO3,Kimberly Lewis,kimberly.lewis@mail.com,"0155 Timothy Shores Suite 941, Johnborough, AR 58221",AR,"0155 Timothy Shores Suite 941, Johnborough, AR 58221",,,1996,Frame,7,,,,,1027.88,1027.88,771.61,Direct Bill,,,FALSE,TRUE,256.27
YUA1335632,PRGS,120289,Renewal,4/1/2025,4/1/2026,4/1/2025,12,WC,Workers Compensation,James Washington,james.washington@customer.net,"2356 Reed Key Suite 812, North Kevinberg, WY 72797",WY,"2356 Reed Key Suite 812, North Kevinberg, WY 72797",,,,,,,,,,4492.4,4492.4,3372.38,Direct Bill,,,FALSE,FALSE,1120.02
WMB7767685,NATI,120260,New,4/1/2025,4/1/2026,4/1/2025,12,Personal Auto,Private Passenger Auto,Jeffrey Mckenzie,jeffrey.mckenzie@policyhub.org,"3607 Scott Lane, Jacobside, MA 61875",MA,"3607 Scott Lane, Jacobside, MA 61875",2,1,,,,50/100,500000,500,500,2559.37,2559.37,1921.28,Agency Bill,,,FALSE,TRUE,638.09
YPV7816286,GEIC,120194,New,4/1/2025,4/1/2026,4/1/2025,12,Personal Auto,Private Passenger Auto,John Castillo,john.castillo@insmail.com,"1010 Michael Lodge, North John, MS 91779",MS,"562 Robinson Village, Davidhaven, IL 68717",2,1,,,,25/50,50000,500,1000,981.78,981.78,737.01,Direct Bill,,,FALSE,TRUE,244.77
GHH3534650,ALLS,120290,Renewal,4/1/2025,4/1/2026,4/1/2025,12,BOP,Businessowners,Kenneth Brown,kenneth.brown@mail.com,"220 Watts Mountains, East Adam, MO 66894",MO,"220 Watts Mountains, East Adam, MO 66894",,,,Joisted Masonry,7,,,,,6113.91,6113.91,4589.62,Direct Bill,,,FALSE,FALSE,1524.29
GKM4066207,TRAV,120121,Endorsement,4/1/2025,4/1/2026,4/3/2025,12,Umbrella,Personal Umbrella,James Edwards,james.edwards@insmail.com,"565 Michael Oval Apt. 730, Michaelville, ND 85373",ND,"565 Michael Oval Apt. 730, Michaelville, ND 85373",,,,,,,,,,959.87,49.94,720.56,Direct Bill,,,FALSE,TRUE,239.31
ZZT2739237,HART,120252,Renewal,4/1/2025,4/1/2026,4/1/2025,12,BOP,Businessowners,Steven Miller,steven.miller@mail.com,"09843 Brown Junction, New Traci, OK 77299",OK,"09843 Brown Junction, New Traci, OK 77299",,,,Frame,4,,,,,3160.01,3160.01,2372.17,Direct Bill,,,FALSE,TRUE,787.84
RHT8933869,TRAV,120224,Endorsement,4/1/2025,4/1/2026,10/17/2025,12,Umbrella,Personal Umbrella,Jordan Fuller,jordan.fuller@customer.net,"710 Jennifer Turnpike Apt. 223, Lisastad, VT 82045",VT,"4919 Samantha Oval Suite 319, Susanshire, NE 47204",,,,,,,,,,322.78,-26,242.31,Agency Bill,,,FALSE,TRUE,80.47
PRN2192679,LIBM,120105,Rewrite,4/1/2025,4/1/2026,4/1/2025,12,Package,Commercial Package,Angela Brewer,angela.brewer@insmail.com,"336 Jessica Mill, Donnaland, SD 08801",SD,"336 Jessica Mill, Donnaland, SD 08801",,,,Masonry,5,,,,,10933.97,10933.97,8207.97,Agency Bill,,,TRUE,TRUE,2726
RCY5145527,PRGS,120213,Renewal,4/1/2025,4/1/2026,4/1/2025,12,WC,Workers Compensation,Sarah Hernandez,sarah.hernandez@example.com,"1942 Phillips Burgs Suite 800, South Austinstad, CT 34025",CT,"1942 Phillips Burgs Suite 800, South Austinstad, CT 34025",,,,,,,,,,2000,2000,1501.37,Direct Bill,,,FALSE,TRUE,498.63
VJZ9055983,AMFA,120111,Endorsement,4/1/2025,4/1/2026,8/12/2025,12,Umbrella,Personal Umbrella,Drew Lopez,drew.lopez@example.com,"14534 Brown Manors, Michaelfort, OH 72970",OH,"14534 Brown Manors, Michaelfort, OH 72970",,,,,,,,,,481.29,46.61,361.3,Direct Bill,,,FALSE,TRUE,119.99
PNH5553221,LIBM,120061,Renewal,4/1/2025,4/1/2026,4/1/2025,12,Homeowners,HO3,Kevin Gordon,kevin.gordon@policyhub.org,"540 Joseph Falls Suite 006, North Timothy, PA 41686",PA,"540 Joseph Falls Suite 006, North Timothy, PA 41686",,,1989,Masonry Veneer,6,,,,,1147.88,1147.88,861.7,Agency Bill,,,FALSE,FALSE,286.18
ZUV9320370,ALLS,120049,Renewal,4/1/2025,4/1/2026,4/1/2025,12,Homeowners,HO3,Lisa Weaver,lisa.weaver@example.com,"3028 Emily Hills Apt. 901, Pamelashire, TX 47246",TX,"1481 Rebekah Mission Suite 544, Aliciafurt, CA 78027",,,1982,Joisted Masonry,5,,,,,856.7,856.7,643.11,Direct Bill,,,FALSE,TRUE,213.59
UVL7463759,ALLS,120228,Renewal,4/1/2025,4/1/2026,4/1/2025,12,BOP,Businessowners,Holly Thomas,holly.thomas@policyhub.org,"889 Costa Fall, Christopherfurt, ME 93063",ME,"889 Costa Fall, Christopherfurt, ME 93063",,,,Non-Combustible,4,,,,,6118.03,6118.03,4592.71,Direct Bill,,,FALSE,TRUE,1525.32
LVZ1107431,PRGS,120250,New,4/1/2025,4/1/2026,4/1/2025,12,Personal Auto,Private Passenger Auto,David Rodriguez,david.rodriguez@mail.com,"471 Kristen Throughway Apt. 369, Ethanview, IL 39452",IL,"4549 Wilson Stravenue Suite 328, New Justinmouth, SD 32177",2,2,,,,50/100,100000,250,2500,1402.47,1402.47,1052.81,Direct Bill,,,FALSE,TRUE,349.66
LXV9797376,HART,120024,Renewal,4/1/2025,4/1/2026,4/1/2025,12,Umbrella,Personal Umbrella,Kurt Weiss,kurt.weiss@policyhub.org,"431 Andrew Shore Suite 210, Martinland, VI 09144",VI,"431 Andrew Shore Suite 210, Martinland, VI 09144",,,,,,,,,,286.65,286.65,215.18,Direct Bill,,,FALSE,TRUE,71.47
VSV0927706,TRAV,120193,Renewal,4/1/2025,4/1/2026,4/1/2025,12,Homeowners,HO3,Mark Henry,mark.henry@example.com,"296 Amber Rapid Suite 487, Davidland, DC 57320",DC,"296 Amber Rapid Suite 487, Davidland, DC 57320",,,1985,Masonry,6,,,,,721.13,721.13,541.34,Direct Bill,,,FALSE,TRUE,179.79
XRF4351228,TRAV,120233,Renewal,4/1/2025,4/1/2026,4/1/2025,12,BOP,Businessowners,Charles Young,charles.young@policyhub.org,"130 Warren Mill Apt. 607, Port Anthonychester, TN 76104",TN,"132 Jennifer Haven, Haysside, LA 13229",,,,Non-Combustible,5,,,,,1500,1500,1126.03,Agency Bill,,,FALSE,TRUE,373.97
GRX9065101,GEIC,120266,Endorsement,4/1/2025,4/1/2026,4/7/2025,12,Umbrella,Personal Umbrella,Dana Moreno,dana.moreno@example.com,"47421 Jeffrey Road Suite 965, South Rachelshire, GU 37432",GU,"47421 Jeffrey Road Suite 965, South Rachelshire, GU 37432",,,,,,,,,,467.84,-16.36,351.2,Direct Bill,,,FALSE,TRUE,116.64
YUF8794599,ALLS,120008,Renewal,4/1/2025,4/1/2026,4/1/2025,12,BOP,Businessowners,Tonya Myers,tonya.myers@example.com,"2543 Raymond Crescent, North Linda, PW 38286",PW,"2543 Raymond Crescent, North Linda, PW 38286",,,,Masonry,6,,,,,8218.4,8218.4,6169.43,Direct Bill,,,FALSE,FALSE,2048.97
AWK8397619,AMFA,120242,Renewal,4/1/2025,4/1/2026,4/1/2025,12,Homeowners,HO3,Brian Pena,brian.pena@insmail.com,"6242 Ramos Fork, Conniefort, PW 14060",PW,"6242 Ramos Fork, Conniefort, PW 14060",,,1989,Frame,9,,,,,2765.73,2765.73,2076.19,Agency Bill,,,FALSE,FALSE,689.54
SBU7298374,NATI,120062,New,4/1/2025,4/1/2026,4/1/2025,12,Personal Auto,Private Passenger Auto,David Taylor,david.taylor@policyhub.org,"8375 Warner Drives Apt. 288, Perezland, WV 34571",WV,"8375 Warner Drives Apt. 288, Perezland, WV 34571",3,1,,,,50/100,100000,250,500,2419.48,2419.48,1816.27,Direct Bill,,,FALSE,TRUE,603.21
DUR1583930,NATI,120082,Renewal,4/1/2025,4/1/2026,4/1/2025,12,Homeowners,HO3,Joshua Williams,joshua.williams@insmail.com,"5349 Owens Shore Apt. 258, Laneside, HI 81761",HI,"5349 Owens Shore Apt. 258, Laneside, HI 81761",,,1980,Frame,6,,,,,1720.24,1720.24,1291.36,Direct Bill,,,FALSE,TRUE,428.88
FCL5630804,CHUB,120129,Renewal,4/1/2025,4/1/2026,4/1/2025,12,BOP,Businessowners,Matthew Acosta,matthew.acosta@policyhub.org,"9112 Gonzalez Junctions, North Barbaramouth, AL 54914",AL,"9112 Gonzalez Junctions, North Barbaramouth, AL 54914",,,,Frame,6,,,,,6190.26,6190.26,4646.93,Agency Bill,,,FALSE,FALSE,1543.33
NGD6856815,LIBM,120221,New,4/1/2025,4/1/2026,4/1/2025,12,Personal Auto,Private Passenger Auto,Jesus Fuentes,jesus.fuentes@example.com,"80895 Joseph Prairie, North Ashlee, NM 17137",NM,"80895 Joseph Prairie, North Ashlee, NM 17137",1,1,,,,50/100,250000,500,250,947.41,947.41,711.21,Direct Bill,,,FALSE,TRUE,236.2
GFG4245712,PRGS,120061,Renewal,4/1/2025,4/1/2026,4/1/2025,12,Homeowners,HO3,Richard Chavez,richard.chavez@example.com,"7393 Smith Fall Suite 962, East Michael, GU 66522",GU,"7393 Smith Fall Suite 962, East Michael, GU 66522",,,2019,Masonry,6,,,,,1717.51,1717.51,1289.31,Direct Bill,,,FALSE,TRUE,428.2
LKJ0840951,GEIC,120150,New,4/1/2025,4/1/2026,4/1/2025,12,Personal Auto,Private Passenger Auto,Eric Wood,eric.wood@insmail.com,"431 Chapman Cove, Rodriguezmouth, MI 44028",MI,"431 Chapman Cove, Rodriguezmouth, MI 44028",2,2,,,,25/50,100000,1000,500,1619.72,1619.72,1215.9,Direct Bill,,,FALSE,TRUE,403.82
HNP8786460,FARM,120297,Renewal,4/1/2025,4/1/2026,4/1/2025,12,Umbrella,Personal Umbrella,Christopher Martin,christopher.martin@insmail.com,"11409 Kim Mountains Suite 135, Reynoldsland, AR 41596",AR,"11409 Kim Mountains Suite 135, Reynoldsland, AR 41596",,,,,,,,,,318.02,318.02,238.73,Direct Bill,,,FALSE,TRUE,79.29
VHP5609253,FARM,120274,Renewal,4/1/2025,4/1/2026,4/1/2025,12,Personal Auto,Private Passenger Auto,Joshua Mcintosh,joshua.mcintosh@insmail.com,"5859 Ryan Forge, Ruizland, CA 94424",CA,"5859 Ryan Forge, Ruizland, CA 94424",1,2,,,,50/100,100000,500,500,1583.95,1583.95,1189.05,Direct Bill,,,FALSE,TRUE,394.9
VGW2609718,GEIC,120038,Cancel,4/1/2025,2/21/2026,2/21/2026,12,Package,Commercial Package,Richard Roberts,richard.roberts@policyhub.org,"822 David Dam Suite 648, West Joseshire, NH 83454",NH,"1248 John Islands Suite 505, Nicholasmouth, HI 85807",,,,Non-Combustible,7,,,,,3000,0,2521.47,Direct Bill,5/19/2024,,FALSE,TRUE,478.53
CCJ3598713,NATI,120011,Renewal,4/1/2025,4/1/2026,4/1/2025,12,WC,Workers Compensation,Marc Gonzalez,marc.gonzalez@insmail.com,"547 Kaufman Unions Apt. 723, East Eric, AL 12703",AL,"547 Kaufman Unions Apt. 723, East Eric, AL 12703",,,,,,,,,,3649.07,3649.07,2739.3,Direct Bill,,,FALSE,TRUE,909.77
UEV1362225,HART,120134,Cancel,4/1/2025,11/9/2025,11/9/2025,12,Package,Commercial Package,Thomas Smith,thomas.smith@mail.com,"6137 Kimberly Squares, West Lisa, CA 77495",CA,"6137 Kimberly Squares, West Lisa, CA 77495",,,,Frame,7,,,,,14627.25,0,14627.25,Agency Bill,8/30/2024,,FALSE,TRUE,0
KCA2327314,TRAV,120058,Renewal,4/1/2025,4/1/2026,4/1/2025,12,BOP,Businessowners,James Henson,james.henson@insmail.com,"516 Mckee Station Suite 702, Rodriguezborough, AS 70481",AS,"516 Mckee Station Suite 702, Rodriguezborough, AS 70481",,,,Masonry Veneer,5,,,,,2714.82,2714.82,2037.97,Direct Bill,,,FALSE,TRUE,676.85
LZM2464948,PRGS,120283,Cancel,4/1/2025,4/15/2025,4/15/2025,12,Package,Commercial Package,Ashley Randolph,ashley.randolph@example.com,"98132 James Mission Suite 424, Jonesmouth, IL 39704",IL,"650 Michael Garden Suite 490, Ericahaven, MI 85017",,,,Frame,10,,,,,17304.2,0,17304.2,Direct Bill,9/9/2024,,FALSE,TRUE,0
AES2487124,HART,120074,New,4/1/2025,4/1/2026,4/1/2025,12,Personal Auto,Private Passenger Auto,Brandon Conway,brandon.conway@example.com,"3023 Castaneda Ford Suite 080, Nicoleborough, SC 51783",SC,"3023 Castaneda Ford Suite 080, Nicoleborough, SC 51783",3,2,,,,50/100,100000,500,1000,1999,1999,1500.62,Direct Bill,,,FALSE,TRUE,498.38
GVS7319377,NATI,120208,New,4/1/2025,4/1/2026,4/1/2025,12,Personal Auto,Private Passenger Auto,Sean Wright,sean.wright@mail.com,"068 Flynn Key, Adamsberg, TN 27457",TN,"068 Flynn Key, Adamsberg, TN 27457",1,1,,,,25/50,250000,500,500,941.24,941.24,706.57,Direct Bill,,,FALSE,TRUE,234.67
ACP2542568,ALLS,120138,New,4/1/2025,4/1/2026,4/1/2025,12,Personal Auto,Private Passenger Auto,Arthur Parker,arthur.parker@example.com,"739 Kim Ports, New Meganfurt, PA 48907",PA,"739 Kim Ports, New Meganfurt, PA 48907",1,2,,,,25/50,100000,500,2500,1775.66,1775.66,1332.96,Direct Bill,,,FALSE,TRUE,442.7
ABB1603717,NATI,120074,Cancel,4/1/2025,2/1/2026,2/1/2026,12,Package,Commercial Package,Ashley Lewis,ashley.lewis@mail.com,"3824 Kimberly Summit, Paulmouth, NV 91999",NV,"3824 Kimberly Summit, Paulmouth, NV 91999",,,,Masonry,5,,,,,3000,0,2686.27,Direct Bill,2/26/2024,,FALSE,TRUE,313.73
KZW1953203,PRGS,120285,Renewal,4/1/2025,4/1/2026,4/1/2025,12,BOP,Businessowners,Rebecca Fisher,rebecca.fisher@mail.com,"5712 Anderson Lights, West Tina, HI 78206",HI,"5712 Anderson Lights, West Tina, HI 78206",,,,Frame,3,,,,,1500,1500,1126.03,Direct Bill,,,FALSE,TRUE,373.97
GXW2792212,FARM,120218,Renewal,4/1/2025,4/1/2026,4/1/2025,12,BOP,Businessowners,Brian Farrell,brian.farrell@policyhub.org,"5446 Anthony Key Suite 449, Donnaton, IL 36859",IL,"5446 Anthony Key Suite 449, Donnaton, IL 36859",,,,Masonry Veneer,9,,,,,11002.26,11002.26,8259.23,Direct Bill,,,FALSE,TRUE,2743.03
ZZS3681171,ALLS,120206,Renewal,4/1/2025,4/1/2026,4/1/2025,12,Personal Auto,Private Passenger Auto,Nancy Johnson,nancy.johnson@mail.com,"32971 Bennett Forge Apt. 173, Burnsland, MA 51940",MA,"32971 Bennett Forge Apt. 173, Burnsland, MA 51940",2,2,,,,50/100,50000,500,2500,1574.57,1574.57,1182.01,Agency Bill,,,FALSE,TRUE,392.56
WDP0714780,TRAV,120000,Renewal,4/1/2025,4/1/2026,4/1/2025,12,WC,Workers Compensation,Laura Clark,laura.clark@mail.com,"1172 Mike Roads Apt. 916, Harrisville, CT 70321",CT,"1172 Mike Roads Apt. 916, Harrisville, CT 70321",,,,,,,,,,5059.84,5059.84,3798.35,Direct Bill,,,FALSE,TRUE,1261.49
YYK9637585,LIBM,120050,Renewal,4/1/2025,4/1/2026,4/1/2025,12,BOP,Businessowners,Todd Harris,todd.harris@mail.com,"77600 Olsen Junction Suite 643, Branchview, PR 76637",PR,"2878 Jessica Glen Apt. 992, Evanberg, NM 49626",,,,Joisted Masonry,6,,,,,2054.65,2054.65,1542.39,Direct Bill,,,FALSE,TRUE,512.26
GGC8058647,TRAV,120252,Renewal,4/1/2025,4/1/2026,4/1/2025,12,WC,Workers Compensation,Patrick Ochoa,patrick.ochoa@policyhub.org,"3366 Steven Harbors, Deniseberg, MT 24985",MT,"3366 Steven Harbors, Deniseberg, MT 24985",,,,,,,,,,6280.56,6280.56,4714.72,Agency Bill,,,FALSE,FALSE,1565.84
KFH6882700,FARM,120260,Renewal,4/1/2025,4/1/2026,4/1/2025,12,Personal Auto,Private Passenger Auto,Lisa Roberts,lisa.roberts@insmail.com,"3395 Zachary Club Apt. 317, New Deborah, NY 59449",NY,"3395 Zachary Club Apt. 317, New Deborah, NY 59449",1,2,,,,50/100,250000,500,2500,2296.95,2296.95,1724.29,Agency Bill,,,FALSE,TRUE,572.66
WNC1040699,FARM,120179,Renewal,4/1/2025,4/1/2026,4/1/2025,12,BOP,Businessowners,John Chavez,john.chavez@insmail.com,"7626 Marquez Drives Suite 266, West Heidiborough, AL 83124",AL,"7626 Marquez Drives Suite 266, West Heidiborough, AL 83124",,,,Frame,7,,,,,2768.23,2768.23,2078.07,Agency Bill,,,FALSE,TRUE,690.16
CDK7405589,NATI,120209,New,4/1/2025,4/1/2026,4/1/2025,12,Personal Auto,Private Passenger Auto,Mike Cooke,mike.cooke@customer.net,"7771 Dunn Court, Mejialand, TN 28209",TN,"7771 Dunn Court, Mejialand, TN 28209",1,2,,,,50/100,250000,500,2500,1892.1,1892.1,1420.37,Agency Bill,,,FALSE,TRUE,471.73
DPP8183674,TRAV,120060,Renewal,4/1/2025,4/1/2026,4/1/2025,12,WC,Workers Compensation,Frank Bates,frank.bates@insmail.com,"17826 Gardner Crossing Apt. 576, Port Emilybury, NV 20313",NV,"486 Williams Landing Apt. 338, Andersonton, DC 30919",,,,,,,,,,20134.27,20134.27,15114.49,Agency Bill,,,FALSE,FALSE,5019.78
EPL2253661,ALLS,120037,Rewrite,4/1/2025,4/1/2026,4/1/2025,12,Package,Commercial Package,Tara Gonzalez,tara.gonzalez@example.com,"088 Trevor Tunnel Apt. 151, Webbburgh, IL 00818",IL,"088 Trevor Tunnel Apt. 151, Webbburgh, IL 00818",,,,Non-Combustible,9,,,,,14925.67,14925.67,11204.48,Agency Bill,,,TRUE,TRUE,3721.19
ZKR8704556,LIBM,120264,Renewal,4/1/2025,4/1/2026,4/1/2025,12,WC,Workers Compensation,Latasha Leonard,latasha.leonard@example.com,"7841 Mary Spurs Apt. 836, Andersonborough, TN 69037",TN,"7841 Mary Spurs Apt. 836, Andersonborough, TN 69037",,,,,,,,,,4471.67,4471.67,3356.82,Agency Bill,,,FALSE,FALSE,1114.85
DKL4793441,TRAV,120267,Renewal,4/1/2025,4/1/2026,4/1/2025,12,WC,Workers Compensation,Eric Williams,eric.williams@mail.com,"5303 Burton Springs, Lake Jeanne, UT 44256",UT,"5303 Burton Springs, Lake Jeanne, UT 44256",,,,,,,,,,2793.04,2793.04,2096.69,Direct Bill,,,FALSE,TRUE,696.35
CRN3134839,HART,120299,New,4/1/2025,4/1/2026,4/1/2025,12,Personal Auto,Private Passenger Auto,Clinton Brown,clinton.brown@example.com,"6509 Curry Street, South Michael, MD 95000",MD,"6509 Curry Street, South Michael, MD 95000",3,2,,,,25/50,100000,500,1000,2081.11,2081.11,1562.26,Direct Bill,,,FALSE,TRUE,518.85
PYN2785381,TRAV,120134,New,4/1/2025,4/1/2026,4/1/2025,12,Personal Auto,Private Passenger Auto,Ashlee Montoya,ashlee.montoya@customer.net,"354 Chen Turnpike, Jacobsborough, IL 35097",IL,"354 Chen Turnpike, Jacobsborough, IL 35097",1,1,,,,50/100,100000,2500,1000,891.51,891.51,669.24,Direct Bill,,,FALSE,TRUE,222.27
UJR5721533,ALLS,120260,New,4/1/2025,4/1/2026,4/1/2025,12,Personal Auto,Private Passenger Auto,Judith Mccoy,judith.mccoy@policyhub.org,"259 Valenzuela Turnpike, Lake Derrick, MI 55653",MI,"259 Valenzuela Turnpike, Lake Derrick, MI 55653",4,1,,,,25/50,250000,2500,1000,543.84,543.84,408.25,Agency Bill,,,FALSE,TRUE,135.59
UWB5200604,LIBM,120193,Renewal,4/1/2025,4/1/2026,4/1/2025,12,BOP,Businessowners,James Boyd,james.boyd@customer.net,"87867 Bradley Divide Suite 965, East Phillip, FM 17371",FM,"87867 Bradley Divide Suite 965, East Phillip, FM 17371",,,,Non-Combustible,8,,,,,1828.53,1828.53,1372.65,Agency Bill,,,FALSE,TRUE,455.88
MTM8600287,HART,120180,Renewal,4/1/2025,4/1/2026,4/1/2025,12,Homeowners,HO3,Emily Smith,emily.smith@policyhub.org,"493 Harold Street Apt. 762, Sarahchester, PR 48451",PR,"493 Harold Street Apt. 762, Sarahchester, PR 48451",,,1998,Frame,7,,,,,1212.8,1212.8,910.43,Direct Bill,,,FALSE,FALSE,302.37
CSV5082341,PRGS,120115,Renewal,4/1/2025,4/1/2026,4/1/2025,12,Homeowners,HO3,Linda Johnson,linda.johnson@customer.net,"38394 Lisa Radial, Robertsonborough, PA 66260",PA,"6174 John Harbors, Angelicatown, PA 23987",,,2017,Frame,7,,,,,2863.01,2863.01,2149.22,Direct Bill,,,FALSE,TRUE,713.79
XTD5592793,HART,120176,Renewal,4/1/2025,4/1/2026,4/1/2025,12,WC,Workers Compensation,Kimberly Gonzales,kimberly.gonzales@example.com,"0270 Anna Falls, North Kurtstad, GU 21638",GU,"0270 Anna Falls, North Kurtstad, GU 21638",,,,,,,,,,2000,2000,1501.37,Agency Bill,,,FALSE,TRUE,498.63
AKA9847859,FARM,120165,New,4/1/2025,4/1/2026,4/1/2025,12,Personal Auto,Private Passenger Auto,Sierra Sandoval,sierra.sandoval@insmail.com,"3701 Williams Road, Parsonsmouth, TN 73079",TN,"3701 Williams Road, Parsonsmouth, TN 73079",3,3,,,,25/50,100000,500,1000,2501.43,2501.43,1877.79,Agency Bill,,,FALSE,FALSE,623.64
MBP2384450,LIBM,120270,New,4/1/2025,4/1/2026,4/1/2025,12,Personal Auto,Private Passenger Auto,Hannah Sanchez,hannah.sanchez@customer.net,"644 Wise Trace Apt. 914, Lake Bradley, PA 47678",PA,"644 Wise Trace Apt. 914, Lake Bradley, PA 47678",3,1,,,,50/100,100000,500,500,1684.87,1684.87,1264.81,Direct Bill,,,FALSE,TRUE,420.06
SLH4174771,PRGS,120218,Renewal,4/1/2025,4/1/2026,4/1/2025,12,WC,Workers Compensation,Charles Fuller,charles.fuller@example.com,"5692 Lewis Wells, Brandonville, NE 08014",NE,"5692 Lewis Wells, Brandonville, NE 08014",,,,,,,,,,14980.29,14980.29,11245.48,Direct Bill,,,FALSE,TRUE,3734.81
FNA8299620,PRGS,120180,New,4/1/2025,4/1/2026,4/1/2025,12,Personal Auto,Private Passenger Auto,Sarah Holder,sarah.holder@insmail.com,"79997 Mcbride Drive Suite 554, Michaelside, MI 97223",MI,"79997 Mcbride Drive Suite 554, Michaelside, MI 97223",1,3,,,,50/100,250000,250,500,678.05,678.05,509,Agency Bill,,,FALSE,TRUE,169.05
LNT1785167,GEIC,120122,Renewal,4/1/2025,4/1/2026,4/1/2025,12,WC,Workers Compensation,Michael Jones,michael.jones@mail.com,"3407 Rita Crest, South Brian, IL 60423",IL,"3407 Rita Crest, South Brian, IL 60423",,,,,,,,,,5441.84,5441.84,4085.11,Direct Bill,,,FALSE,TRUE,1356.73
AZV8603160,AMFA,120100,Renewal,4/1/2025,4/1/2026,4/1/2025,12,Homeowners,HO3,Angela Wilkins,angela.wilkins@example.com,"118 Rodgers Isle Suite 875, North Tiffany, SC 72145",SC,"118 Rodgers Isle Suite 875, North Tiffany, SC 72145",,,1991,Frame,7,,,,,1692.97,1692.97,1270.89,Agency Bill,,,FALSE,TRUE,422.08
ZFK5771169,TRAV,120057,New,4/1/2025,4/1/2026,4/1/2025,12,Personal Auto,Private Passenger Auto,Leah Bender,leah.bender@example.com,"728 Kennedy Radial Suite 892, Sarahmouth, MT 75222",MT,"728 Kennedy Radial Suite 892, Sarahmouth, MT 75222",2,2,,,,50/100,50000,1000,1000,970.73,970.73,728.71,Direct Bill,,,FALSE,TRUE,242.02
SCT3926111,GEIC,120095,Renewal,4/1/2025,4/1/2026,4/1/2025,12,Homeowners,HO3,Luis Sutton,luis.sutton@mail.com,"5148 White Drive Apt. 208, New Victoria, MI 25797",MI,"5148 White Drive Apt. 208, New Victoria, MI 25797",,,2004,Frame,8,,,,,4220.32,4220.32,3168.13,Direct Bill,,,FALSE,TRUE,1052.19
MVA9857159,AMFA,120023,Renewal,4/1/2025,4/1/2026,4/1/2025,12,Umbrella,Personal Umbrella,Brandi Wilson,brandi.wilson@customer.net,"7736 Edward Manors, Wrighthaven, GA 55695",GA,"7736 Edward Manors, Wrighthaven, GA 55695",,,,,,,,,,250.1,250.1,187.75,Direct Bill,,,FALSE,TRUE,62.35
CKW1994583,LIBM,120040,Renewal,4/1/2025,4/1/2026,4/1/2025,12,Homeowners,HO3,Elizabeth Simpson,elizabeth.simpson@customer.net,"2468 Powers Lights, Casechester, NH 06575",NH,"3520 Robert Lodge, South Nathanside, GU 66458",,,1985,Masonry,7,,,,,1369.72,1369.72,1028.23,Direct Bill,,,FALSE,TRUE,341.49
BYC6437067,FARM,120222,New,4/1/2025,4/1/2026,4/1/2025,12,Personal Auto,Private Passenger Auto,Emily Davis,emily.davis@customer.net,"865 Michael View Suite 763, East Annaville, CA 85010",CA,"865 Michael View Suite 763, East Annaville, CA 85010",1,1,,,,25/50,100000,500,250,1324.52,1324.52,994.3,Direct Bill,,,FALSE,TRUE,330.22
NRM1984730,TRAV,120208,Renewal,4/1/2025,4/1/2026,4/1/2025,12,Homeowners,HO3,Sarah Davenport,sarah.davenport@example.com,"04308 Tommy Plain, Tanyaberg, HI 13034",HI,"04308 Tommy Plain, Tanyaberg, HI 13034",,,1990,Masonry Veneer,6,,,,,1783.63,1783.63,1338.94,Agency Bill,,,FALSE,TRUE,444.69
APH9256127,ALLS,120042,New,4/1/2025,4/1/2026,4/1/2025,12,Personal Auto,Private Passenger Auto,Jeremy Woodward,jeremy.woodward@policyhub.org,"314 English Land, East Amandashire, SC 74478",SC,"314 English Land, East Amandashire, SC 74478",2,2,,,,50/100,100000,1000,500,903.66,903.66,678.36,Agency Bill,,,FALSE,TRUE,225.3
VYV3612867,FARM,120108,Renewal,4/1/2025,4/1/2026,4/1/2025,12,Homeowners,HO3,Angela Duncan,angela.duncan@policyhub.org,"344 Lopez Manors Suite 663, Watsonville, RI 97526",RI,"344 Lopez Manors Suite 663, Watsonville, RI 97526",,,1991,Non-Combustible,8,,,,,3481.71,3481.71,2613.67,Direct Bill,,,FALSE,TRUE,868.04
XEE2208790,HART,120092,Renewal,4/1/2025,4/1/2026,4/1/2025,12,Umbrella,Personal Umbrella,Katherine Oliver,katherine.oliver@customer.net,"623 Sean Spurs Apt. 893, North Scottfort, MS 22574",MS,"623 Sean Spurs Apt. 893, North Scottfort, MS 22574",,,,,,,,,,1116.2,1116.2,837.91,Direct Bill,,,FALSE,TRUE,278.29
ATC1996173,ALLS,120112,Renewal,4/1/2025,4/1/2026,4/1/2025,12,Homeowners,HO3,Michelle Chandler,michelle.chandler@policyhub.org,"9219 Carter Bypass, New Pamela, CA 10655",CA,"4722 Amber Street, Jamesland, GA 06492",,,2014,Masonry,8,,,,,1991.71,1991.71,1495.15,Direct Bill,,,FALSE,TRUE,496.56
HHX6601805,TRAV,120156,Renewal,4/1/2025,4/1/2026,4/1/2025,12,Homeowners,HO3,Megan Coleman,megan.coleman@example.com,"98815 Alvarez Track, Christyburgh, LA 71225",LA,"98815 Alvarez Track, Christyburgh, LA 71225",,,2005,Frame,7,,,,,3545.22,3545.22,2661.34,Direct Bill,,,FALSE,TRUE,883.88
YCH5041235,PRGS,120053,Renewal,4/1/2025,4/1/2026,4/1/2025,12,BOP,Businessowners,Katherine Small,katherine.small@example.com,"25272 Pamela Summit, Brownburgh, MT 52581",MT,"087 Amanda River Apt. 278, Amymouth, GA 41626",,,,Masonry Veneer,4,,,,,10935.21,10935.21,8208.9,Direct Bill,,,FALSE,TRUE,2726.31
PCA6502468,TRAV,120238,Endorsement,4/1/2025,4/1/2026,2/21/2026,12,Umbrella,Personal Umbrella,Brian Martinez,brian.martinez@example.com,"7657 Garcia Trafficway Suite 437, East Kathleentown, CT 72515",CT,"3746 Jenna Branch, Sawyerstad, MN 30637",,,,,,,,,,580.28,5.83,435.61,Agency Bill,,,FALSE,TRUE,144.67
CGG6379635,GEIC,120125,New,4/1/2025,4/1/2026,4/1/2025,12,Personal Auto,Private Passenger Auto,Paul Roberts,paul.roberts@example.com,"478 Hart Ville, Gonzalezville, WA 50181",WA,"478 Hart Ville, Gonzalezville, WA 50181",1,1,,,,25/50,50000,1000,2500,838.2,838.2,629.22,Direct Bill,,,FALSE,TRUE,208.98
ACN8329153,LIBM,120229,Cancel,4/1/2025,6/19/2025,6/19/2025,12,Package,Commercial Package,Amy Hernandez,amy.hernandez@mail.com,"9663 Kelly Street, Lake Isaac, UT 30943",UT,"9663 Kelly Street, Lake Isaac, UT 30943",,,,Joisted Masonry,7,,,,,11607.66,0,11607.66,Direct Bill,12/6/2022,,FALSE,FALSE,0
RHN0524810,HART,120100,Cancel,4/1/2025,4/14/2025,4/14/2025,12,Package,Commercial Package,Mary King,mary.king@insmail.com,"93436 Andrea Ville Apt. 775, East Andrewview, FM 25017",FM,"08115 Zamora Streets Suite 188, Kimberlyborough, NJ 30103",,,,Masonry,8,,,,,3000,0,3000,Agency Bill,3/8/2024,,FALSE,TRUE,0
BZC9108859,NATI,120170,Renewal,4/1/2025,4/1/2026,4/1/2025,12,WC,Workers Compensation,Tony Gordon,tony.gordon@insmail.com,"5405 Richard Squares, West Veronicaborough, WA 00681",WA,"53404 Beltran Ridges, West Margaret, UT 16768",,,,,,,,,,8903.45,8903.45,6683.69,Direct Bill,,,FALSE,FALSE,2219.76
WFJ7298590,PRGS,120176,New,4/1/2025,4/1/2026,4/1/2025,12,Personal Auto,Private Passenger Auto,Mary Rowe,mary.rowe@insmail.com,"3007 Gonzalez Dale, Smithchester, MS 78722",MS,"3007 Gonzalez Dale, Smithchester, MS 78722",1,2,,,,50/100,50000,500,250,2175.81,2175.81,1633.35,Agency Bill,,,FALSE,FALSE,542.46
HRC5974264,PRGS,120014,New,4/1/2025,4/1/2026,4/1/2025,12,Personal Auto,Private Passenger Auto,Roberto Velasquez,roberto.velasquez@insmail.com,"69801 Fowler Corners Apt. 311, New Johnchester, UT 10504",UT,"69801 Fowler Corners Apt. 311, New Johnchester, UT 10504",2,2,,,,25/50,250000,500,500,1590.59,1590.59,1194.03,Direct Bill,,,FALSE,TRUE,396.56
BCP6213969,GEIC,120136,Renewal,4/1/2025,4/1/2026,4/1/2025,12,Homeowners,HO3,Thomas Ruiz,thomas.ruiz@mail.com,"3573 Travis Fields, Thomasville, NE 88987",NE,"3573 Travis Fields, Thomasville, NE 88987",,,1983,Frame,5,,,,,500,500,375.34,Agency Bill,,,FALSE,FALSE,124.66
ZTX1115263,PRGS,120268,Endorsement,4/1/2025,4/1/2026,6/2/2025,12,Umbrella,Personal Umbrella,Monica Webb,monica.webb@insmail.com,"52427 Zachary Plaza Apt. 861, Smithshire, DE 35561",DE,"52427 Zachary Plaza Apt. 861, Smithshire, DE 35561",,,,,,,,,,499.23,-13.94,374.76,Direct Bill,,,FALSE,TRUE,124.47
EVS0116881,AMFA,120293,New,4/1/2025,4/1/2026,4/1/2025,12,Personal Auto,Private Passenger Auto,Douglas Scott,douglas.scott@mail.com,"8069 Nicole Square Apt. 529, Hallfort, KY 11261",KY,"8069 Nicole Square Apt. 529, Hallfort, KY 11261",1,2,,,,25/50,250000,500,1000,2585.87,2585.87,1941.17,Direct Bill,,,FALSE,TRUE,644.7
LXP8546866,NATI,120298,New,4/1/2025,4/1/2026,4/1/2025,12,Personal Auto,Private Passenger Auto,Stephanie Evans,stephanie.evans@policyhub.org,"7249 Austin Square Suite 109, North Judithton, AZ 92412",AZ,"7249 Austin Square Suite 109, North Judithton, AZ 92412",1,2,,,,25/50,50000,1000,1000,2239.27,2239.27,1680.99,Direct Bill,,,FALSE,TRUE,558.28
LKJ6832161,HART,120204,Renewal,4/1/2025,4/1/2026,4/1/2025,12,WC,Workers Compensation,Michael Stewart,michael.stewart@customer.net,"55091 Hernandez Fork, North Deanna, MS 49760",MS,"55091 Hernandez Fork, North Deanna, MS 49760",,,,,,,,,,8782.91,8782.91,6593.2,Direct Bill,,,FALSE,TRUE,2189.71
JWY0564817,GEIC,120192,New,4/1/2025,4/1/2026,4/1/2025,12,Personal Auto,Private Passenger Auto,Patrick Walters,patrick.walters@mail.com,"7029 Heather Mountains, Smithfort, MD 58524",MD,"7029 Heather Mountains, Smithfort, MD 58524",1,4,,,,50/100,100000,1000,500,2372.55,2372.55,1781.04,Direct Bill,,,FALSE,TRUE,591.51
GRV3891231,ALLS,120167,Renewal,4/1/2025,4/1/2026,4/1/2025,12,WC,Workers Compensation,Carl Barnes,carl.barnes@example.com,"9503 Renee Corners, Lake Jillton, MH 96533",MH,"9503 Renee Corners, Lake Jillton, MH 96533",,,,,,,,,,7655.61,7655.61,5746.95,Direct Bill,,,FALSE,TRUE,1908.66
JVJ0168991,LIBM,120051,Renewal,4/1/2025,4/1/2026,4/1/2025,12,Homeowners,HO3,Drew Davis,drew.davis@example.com,"890 Jack Vista Suite 931, Millershire, MS 73228",MS,"890 Jack Vista Suite 931, Millershire, MS 73228",,,1981,Frame,4,,,,,1756.51,1756.51,1318.59,Direct Bill,,,FALSE,TRUE,437.92
DCW7659877,NATI,120160,Endorsement,4/1/2025,4/1/2026,4/21/2025,12,Umbrella,Personal Umbrella,Marvin Bowman,marvin.bowman@policyhub.org,"3298 Eric Dam Apt. 478, North Jillshire, ND 41267",ND,"3298 Eric Dam Apt. 478, North Jillshire, ND 41267",,,,,,,,,,439.88,4.63,330.21,Agency Bill,,,FALSE,TRUE,109.67
AVA7053800,NATI,120108,New,4/1/2025,4/1/2026,4/1/2025,12,Personal Auto,Private Passenger Auto,Julie Campbell,julie.campbell@example.com,"31440 James Forge Apt. 978, Lake Hector, WA 07578",WA,"31440 James Forge Apt. 978, Lake Hector, WA 07578",3,1,,,,50/100,50000,2500,250,1371.47,1371.47,1029.54,Direct Bill,,,FALSE,TRUE,341.93
CEZ0484850,AMFA,120191,Renewal,4/1/2025,4/1/2026,4/1/2025,12,BOP,Businessowners,Amber Caldwell,amber.caldwell@insmail.com,"250 Fletcher Route Suite 819, Lowemouth, IA 43141",IA,"8776 Amanda Pine Apt. 221, Port Dwayne, HI 16617",,,,Joisted Masonry,10,,,,,1500,1500,1126.03,Direct Bill,,,FALSE,TRUE,373.97
DFF1783789,LIBM,120255,New,4/1/2025,4/1/2026,4/1/2025,12,Personal Auto,Private Passenger Auto,Adam Oliver,adam.oliver@mail.com,"57022 Denise Orchard Suite 969, South Jennifer, DE 37186",DE,"57022 Denise Orchard Suite 969, South Jennifer, DE 37186",3,4,,,,25/50,50000,1000,500,3276.96,3276.96,2459.96,Direct Bill,,,FALSE,TRUE,817
CSC4287006,AMFA,120186,Renewal,4/1/2025,4/1/2026,4/1/2025,12,Homeowners,HO3,Melissa Williams,melissa.williams@customer.net,"20038 Hodge Canyon Suite 503, East Jacob, GU 87545",GU,"69462 Scott Locks Apt. 107, East Jasonton, ID 52847",,,1966,Joisted Masonry,4,,,,,914.74,914.74,686.68,Direct Bill,,,FALSE,TRUE,228.06
MES8067786,TRAV,120104,Renewal,4/1/2025,4/1/2026,4/1/2025,12,Homeowners,HO3,Martin Oliver,martin.oliver@mail.com,"29471 Patrick Place Apt. 196, Cookville, VT 88411",VT,"29471 Patrick Place Apt. 196, Cookville, VT 88411",,,1977,Joisted Masonry,5,,,,,1678.06,1678.06,1259.69,Direct Bill,,,FALSE,TRUE,418.37
SSD0369109,PRGS,120218,Renewal,4/1/2025,4/1/2026,4/1/2025,12,Homeowners,HO3,Jonathan Collins,jonathan.collins@mail.com,"9653 Chelsea Ferry, Port Steve, KY 84918",KY,"9653 Chelsea Ferry, Port Steve, KY 84918",,,1998,Joisted Masonry,8,,,,,1422.25,1422.25,1067.66,Agency Bill,,,FALSE,TRUE,354.59
XRU9259726,LIBM,120032,Renewal,4/1/2025,4/1/2026,4/1/2025,12,Homeowners,HO3,Mckenzie Bowen,mckenzie.bowen@example.com,"475 Theresa Mews, Rachelhaven, FM 20940",FM,"475 Theresa Mews, Rachelhaven, FM 20940",,,1965,Joisted Masonry,6,,,,,1450.58,1450.58,1088.93,Direct Bill,,,FALSE,TRUE,361.65
XWZ6609784,NATI,120026,Endorsement,4/1/2025,4/1/2026,12/1/2025,12,Umbrella,Personal Umbrella,Charlotte Thompson,charlotte.thompson@example.com,"844 Ortiz Shoal, Peckview, AK 46757",AK,"844 Ortiz Shoal, Peckview, AK 46757",,,,,,,,,,575.17,65.59,431.77,Direct Bill,,,FALSE,TRUE,143.4
XYX6083116,ALLS,120261,Renewal,4/1/2025,4/1/2026,4/1/2025,12,BOP,Businessowners,Tiffany Perez,tiffany.perez@example.com,"223 Matthew Brook, North Mary, CA 29377",CA,"223 Matthew Brook, North Mary, CA 29377",,,,Frame,5,,,,,12456.66,12456.66,9351.03,Agency Bill,,,FALSE,FALSE,3105.63
ZSS2149332,ALLS,120194,Renewal,4/1/2025,4/1/2026,4/1/2025,12,Homeowners,HO3,Joseph Gamble,joseph.gamble@example.com,"22015 Emily Hills Apt. 533, Gibsonmouth, TN 02787",TN,"22015 Emily Hills Apt. 533, Gibsonmouth, TN 02787",,,2001,Non-Combustible,5,,,,,1070.12,1070.12,803.32,Direct Bill,,,FALSE,TRUE,266.8
LSX7456390,ALLS,120221,Endorsement,4/1/2025,4/1/2026,11/7/2025,12,Umbrella,Personal Umbrella,Dustin Diaz,dustin.diaz@customer.net,"121 Joseph Lakes, Palmerville, WI 41973",WI,"121 Joseph Lakes, Palmerville, WI 41973",,,,,,,,,,485.62,-35.48,364.55,Agency Bill,,,FALSE,FALSE,121.07
RTU9444572,PRGS,120223,Renewal,4/1/2025,4/1/2026,4/1/2025,12,WC,Workers Compensation,Christopher Herrera,christopher.herrera@insmail.com,"5471 John Prairie, Hollowayside, NC 26268",NC,"5471 John Prairie, Hollowayside, NC 26268",,,,,,,,,,4267.93,4267.93,3203.87,Direct Bill,,,FALSE,TRUE,1064.06
DTY1634197,FARM,120098,Renewal,4/1/2025,4/1/2026,4/1/2025,12,BOP,Businessowners,Kathryn Hill,kathryn.hill@customer.net,"989 Michael Overpass Apt. 769, Coryland, HI 56399",HI,"989 Michael Overpass Apt. 769, Coryland, HI 56399",,,,Frame,5,,,,,5149.48,5149.48,3865.64,Agency Bill,,,FALSE,TRUE,1283.84
UWB5248171,HART,120197,New,4/1/2025,4/1/2026,4/1/2025,12,Personal Auto,Private Passenger Auto,Stacy Cole,stacy.cole@insmail.com,"35509 Jessica Divide, New Briannastad, TN 86577",TN,"35509 Jessica Divide, New Briannastad, TN 86577",2,2,,,,25/50,100000,500,500,1651.36,1651.36,1239.65,Agency Bill,,,FALSE,FALSE,411.71
JTS4147882,AMFA,120077,Renewal,4/1/2025,4/1/2026,4/1/2025,12,Personal Auto,Private Passenger Auto,Erin Patton,erin.patton@policyhub.org,"146 Heather Circle, East Ambertown, VT 42444",VT,"5792 Riddle Springs, Fischerview, HI 24001",3,1,,,,50/100,100000,1000,250,1185.75,1185.75,890.12,Direct Bill,,,FALSE,TRUE,295.63
LYP9801708,HART,120037,Renewal,4/1/2025,4/1/2026,4/1/2025,12,Homeowners,HO3,Wendy Wang,wendy.wang@policyhub.org,"457 Porter Glen Suite 810, Mathewsberg, GU 19807",GU,"457 Porter Glen Suite 810, Mathewsberg, GU 19807",,,1992,Frame,5,,,,,3538.6,3538.6,2656.37,Direct Bill,,,FALSE,FALSE,882.23
WNA7172595,LIBM,120090,Renewal,4/1/2025,4/1/2026,4/1/2025,12,Homeowners,HO3,John Lindsey,john.lindsey@policyhub.org,"0946 Bryce Valleys Apt. 005, Ericshire, MS 19575",MS,"0737 Garcia Parkway Apt. 415, Shaneview, GA 80366",,,1989,Joisted Masonry,6,,,,,1647.97,1647.97,1237.11,Direct Bill,,,FALSE,TRUE,410.86
TWD5919709,TRAV,120160,New,4/1/2025,4/1/2026,4/1/2025,12,Personal Auto,Private Passenger Auto,Meghan Woods,meghan.woods@example.com,"41296 Kimberly Corners, Brendanshire, ME 48821",ME,"0232 Walker Dale Suite 518, Lake Linda, ID 63525",3,1,,,,50/100,25000,2500,500,728.44,728.44,546.83,Direct Bill,,,FALSE,TRUE,181.61
WPG2111604,ALLS,120048,Renewal,4/1/2025,4/1/2026,4/1/2025,12,Homeowners,HO3,Carrie Gibson,carrie.gibson@mail.com,"85518 Ian Points Apt. 898, Lake Anthonyshire, AK 96143",AK,"1896 Natalie Point, Stevenfort, TN 67423",,,1994,Joisted Masonry,4,,,,,719.56,719.56,540.16,Direct Bill,,,FALSE,TRUE,179.4
KXX2488629,HART,120107,Renewal,4/1/2025,4/1/2026,4/1/2025,12,Umbrella,Personal Umbrella,Michelle Collins,michelle.collins@example.com,"51144 Watts Locks Apt. 367, Thomasmouth, NJ 48269",NJ,"82805 Lisa Ferry Apt. 213, Zacharyburgh, NY 40930",,,,,,,,,,783.52,783.52,588.18,Direct Bill,,,FALSE,TRUE,195.34
GUZ1839840,CHUB,120008,Renewal,4/1/2025,4/1/2026,4/1/2025,12,Homeowners,HO3,Carrie Carr,carrie.carr@mail.com,"56592 Anthony Ville Apt. 713, Coxfurt, OK 28837",OK,"56592 Anthony Ville Apt. 713, Coxfurt, OK 28837",,,1963,Masonry Veneer,6,,,,,2198.14,2198.14,1650.11,Direct Bill,,,FALSE,FALSE,548.03
PRH8430677,HART,120217,Renewal,4/1/2025,4/1/2026,4/1/2025,12,Homeowners,HO3,Michelle Phillips,michelle.phillips@example.com,"16424 Kelsey Valley Apt. 296, North Chad, OR 44034",OR,"16424 Kelsey Valley Apt. 296, North Chad, OR 44034",,,1998,Non-Combustible,7,,,,,3395.81,3395.81,2549.18,Direct Bill,,,FALSE,FALSE,846.63
MPX4867793,TRAV,120123,Renewal,4/1/2025,4/1/2026,4/1/2025,12,WC,Workers Compensation,Peter Grant,peter.grant@example.com,"1545 Derrick Drive, New Jessicaberg, IN 63736",IN,"1545 Derrick Drive, New Jessicaberg, IN 63736",,,,,,,,,,16389.13,16389.13,12303.07,Direct Bill,,,FALSE,TRUE,4086.06
UKP8229840,HART,120087,New,4/1/2025,4/1/2026,4/1/2025,12,Personal Auto,Private Passenger Auto,Brian Smith,brian.smith@example.com,"738 Tracy Junction Suite 210, Port Gregory, AZ 11921",AZ,"4216 Brown Flat Suite 745, West Rachel, GA 91989",3,2,,,,25/50,50000,500,2500,888.34,888.34,666.86,Agency Bill,,,FALSE,TRUE,221.48
ZRV6249065,LIBM,120263,New,4/1/2025,4/1/2026,4/1/2025,12,Personal Auto,Private Passenger Auto,Thomas Matthews,thomas.matthews@customer.net,"73405 Sara Run, Gabrielport, CT 50139",CT,"73405 Sara Run, Gabrielport, CT 50139",1,3,,,,25/50,25000,1000,500,2379.04,2379.04,1785.91,Direct Bill,,,FALSE,TRUE,593.13
MRX9253457,CHUB,120091,Renewal,4/1/2025,4/1/2026,4/1/2025,12,BOP,Businessowners,Randall Tran,randall.tran@policyhub.org,"45939 Smith Tunnel Apt. 412, Catherineville, PA 93538",PA,"45939 Smith Tunnel Apt. 412, Catherineville, PA 93538",,,,Masonry Veneer,3,,,,,2657.51,2657.51,1994.95,Direct Bill,,,FALSE,TRUE,662.56
NFG5133009,ALLS,120042,New,4/1/2025,4/1/2026,4/1/2025,12,Personal Auto,Private Passenger Auto,Steven Rivera,steven.rivera@insmail.com,"06031 Nathan Alley Suite 507, South April, MD 76999",MD,"06031 Nathan Alley Suite 507, South April, MD 76999",1,2,,,,50/100,50000,2500,500,2015.86,2015.86,1513.28,Direct Bill,,,FALSE,TRUE,502.58
UTJ6921920,CHUB,120023,Renewal,4/1/2025,4/1/2026,4/1/2025,12,WC,Workers Compensation,David Barnett,david.barnett@example.com,"8138 Latasha Way Apt. 914, Lake James, CO 96321",CO,"8138 Latasha Way Apt. 914, Lake James, CO 96321",,,,,,,,,,6634.37,6634.37,4980.32,Agency Bill,,,FALSE,FALSE,1654.05
UWN6367879,GEIC,120163,Renewal,4/1/2025,4/1/2026,4/1/2025,12,Homeowners,HO3,Jennifer Howard,jennifer.howard@policyhub.org,"4063 Marcus View, Tuckerstad, IN 89468",IN,"4063 Marcus View, Tuckerstad, IN 89468",,,2014,Non-Combustible,2,,,,,4010.17,4010.17,3010.37,Agency Bill,,,FALSE,TRUE,999.8
XMH3533205,LIBM,120208,Renewal,4/1/2025,4/1/2026,4/1/2025,12,BOP,Businessowners,Stanley Turner,stanley.turner@mail.com,"5591 Graham Street, Johnshire, AZ 03485",AZ,"25729 White Estates Suite 660, Amyport, HI 36794",,,,Frame,6,,,,,15000,15000,11260.27,Direct Bill,,,FALSE,TRUE,3739.73
THK0873579,PRGS,120248,Renewal,4/1/2025,4/1/2026,4/1/2025,12,WC,Workers Compensation,William Hunt,william.hunt@policyhub.org,"847 Jerry Key Apt. 425, Lake Adrianfurt, PW 30422",PW,"847 Jerry Key Apt. 425, Lake Adrianfurt, PW 30422",,,,,,,,,,4380.66,4380.66,3288.5,Direct Bill,,,FALSE,TRUE,1092.16
MFG5578799,PRGS,120078,Renewal,4/1/2025,4/1/2026,4/1/2025,12,Personal Auto,Private Passenger Auto,Michael Huffman,michael.huffman@example.com,"25751 Long Point Suite 894, Ericfort, VA 14146",VA,"25751 Long Point Suite 894, Ericfort, VA 14146",3,1,,,,50/100,100000,500,250,1090.37,1090.37,818.52,Direct Bill,,,FALSE,TRUE,271.85
XUN6669875,TRAV,120055,Renewal,4/1/2025,4/1/2026,4/1/2025,12,Homeowners,HO3,Nicholas Ellis,nicholas.ellis@example.com,"49238 Maldonado Park Apt. 791, New Jessica, MP 18619",MP,"5216 Williams Manors, Dawnburgh, WY 97500",,,1983,Masonry Veneer,7,,,,,3426.91,3426.91,2572.53,Agency Bill,,,FALSE,TRUE,854.38
VLR0087715,TRAV,120143,Endorsement,4/1/2025,4/1/2026,7/10/2025,12,Umbrella,Personal Umbrella,Lauren Callahan,lauren.callahan@insmail.com,"145 Jay Junction, Christinestad, MN 26082",MN,"145 Jay Junction, Christinestad, MN 26082",,,,,,,,,,281.66,5.23,211.44,Agency Bill,,,FALSE,FALSE,70.22
JXX4690145,ALLS,120176,Renewal,4/1/2025,4/1/2026,4/1/2025,12,Homeowners,HO3,James Rodriguez,james.rodriguez@policyhub.org,"636 Burnett Ford, South Crystal, GU 80053",GU,"636 Burnett Ford, South Crystal, GU 80053",,,1976,Fire Resistive,5,,,,,508.45,508.45,381.69,Direct Bill,,,FALSE,TRUE,126.76
CNU2917272,GEIC,120198,Renewal,4/1/2025,4/1/2026,4/1/2025,12,Homeowners,HO3,Alison Ortega,alison.ortega@mail.com,"1990 April Extension Apt. 511, Lake Theresa, OK 32778",OK,"1990 April Extension Apt. 511, Lake Theresa, OK 32778",,,1975,Fire Resistive,1,,,,,958.75,958.75,719.72,Direct Bill,,,FALSE,TRUE,239.03
FKD4697023,TRAV,120246,Renewal,4/1/2025,4/1/2026,4/1/2025,12,BOP,Businessowners,Susan Flores,susan.flores@insmail.com,"945 Joyce Trafficway Apt. 194, Wilkersonville, VT 85341",VT,"945 Joyce Trafficway Apt. 194, Wilkersonville, VT 85341",,,,Masonry,4,,,,,4795.14,4795.14,3599.64,Direct Bill,,,FALSE,FALSE,1195.5
FFZ1055937,GEIC,120115,New,4/1/2025,4/1/2026,4/1/2025,12,Personal Auto,Private Passenger Auto,Andrew Pace,andrew.pace@policyhub.org,"877 Beck Road, Jarvisfurt, MN 10112",MN,"744 Christopher Summit, Port Alexandra, RI 86965",1,1,,,,25/50,100000,500,1000,701.82,701.82,526.85,Direct Bill,,,FALSE,TRUE,174.97
JHS3912176,PRGS,120272,Renewal,4/1/2025,4/1/2026,4/1/2025,12,Personal Auto,Private Passenger Auto,Samantha Clark,samantha.clark@example.com,"96230 Yang Mission, Port Joshua, OR 95525",OR,"96230 Yang Mission, Port Joshua, OR 95525",4,1,,,,50/100,250000,500,500,1983.61,1983.61,1489.07,Agency Bill,,,FALSE,TRUE,494.54
JYU1205203,CHUB,120220,Renewal,4/1/2025,4/1/2026,4/1/2025,12,WC,Workers Compensation,Kelly Harris,kelly.harris@mail.com,"608 Veronica Passage, New Tylerfurt, AS 43022",AS,"608 Veronica Passage, New Tylerfurt, AS 43022",,,,,,,,,,8878.22,8878.22,6664.75,Agency Bill,,,FALSE,TRUE,2213.47
NZL2853510,FARM,120164,Renewal,4/1/2025,4/1/2026,4/1/2025,12,Personal Auto,Private Passenger Auto,Christie Hall,christie.hall@policyhub.org,"8143 Padilla Light, Taylortown, NY 08221",NY,"263 Michael Harbor Suite 269, Markbury, CO 38303",4,1,,,,50/100,100000,250,500,910.89,910.89,683.79,Direct Bill,,,FALSE,TRUE,227.1
HCE7584475,HART,120241,Renewal,4/1/2025,4/1/2026,4/1/2025,12,Homeowners,HO3,Eric Daniels,eric.daniels@example.com,"0661 Gerald Island, South Jason, PA 21287",PA,"0661 Gerald Island, South Jason, PA 21287",,,2019,Frame,5,,,,,500,500,375.34,Agency Bill,,,FALSE,TRUE,124.66
MXC0256148,TRAV,120271,Renewal,4/1/2025,4/1/2026,4/1/2025,12,Homeowners,HO3,James Foster,james.foster@customer.net,"2418 Erin Causeway Suite 309, Lake David, ME 32534",ME,"6284 Michael Viaduct, West Michaelport, IL 65727",,,1983,Non-Combustible,4,,,,,1750.72,1750.72,1314.24,Direct Bill,,,FALSE,TRUE,436.48
FZS0456004,FARM,120050,New,4/1/2025,4/1/2026,4/1/2025,12,Personal Auto,Private Passenger Auto,Janet Henry,janet.henry@mail.com,"057 Vazquez Lights, South Darrell, NM 19624",NM,"057 Vazquez Lights, South Darrell, NM 19624",2,2,,,,50/100,100000,1000,250,2007.23,2007.23,1506.8,Agency Bill,,,FALSE,FALSE,500.43
KWJ0861157,AMFA,120268,Renewal,4/1/2025,4/1/2026,4/1/2025,12,Homeowners,HO3,Elizabeth Gray,elizabeth.gray@customer.net,"14497 Phillips Skyway, North Kyle, SC 45113",SC,"14497 Phillips Skyway, North Kyle, SC 45113",,,1997,Frame,7,,,,,817.62,817.62,613.78,Direct Bill,,,FALSE,TRUE,203.84
VVH8968981,LIBM,120165,Renewal,4/1/2025,4/1/2026,4/1/2025,12,Homeowners,HO3,Cynthia Chen,cynthia.chen@mail.com,"757 Claudia Canyon Suite 327, Wilsonfort, MH 69240",MH,"757 Claudia Canyon Suite 327, Wilsonfort, MH 69240",,,2019,Frame,8,,,,,1062.48,1062.48,797.59,Direct Bill,,,FALSE,TRUE,264.89
TDW0448241,GEIC,120281,Renewal,4/1/2025,4/1/2026,4/1/2025,12,BOP,Businessowners,Joseph Bennett,joseph.bennett@policyhub.org,"6054 Harris Landing, Julieshire, WI 25102",WI,"6054 Harris Landing, Julieshire, WI 25102",,,,Masonry,8,,,,,12002.9,12002.9,9010.4,Agency Bill,,,FALSE,TRUE,2992.5
PGZ5824719,AMFA,120199,New,4/1/2025,4/1/2026,4/1/2025,12,Personal Auto,Private Passenger Auto,Brandi Parker,brandi.parker@policyhub.org,"95405 Ramos Union, West Lisaland, AR 47527",AR,"95405 Ramos Union, West Lisaland, AR 47527",2,3,,,,50/100,50000,1000,1000,1667.43,1667.43,1251.71,Direct Bill,,,FALSE,TRUE,415.72
FKM3232487,FARM,120192,Renewal,4/1/2025,4/1/2026,4/1/2025,12,Homeowners,HO3,Brooke Sanders,brooke.sanders@example.com,"5972 Torres Islands, Lake Wesleymouth, MA 40682",MA,"5972 Torres Islands, Lake Wesleymouth, MA 40682",,,1998,Masonry,7,,,,,1239.24,1239.24,930.28,Direct Bill,,,FALSE,TRUE,308.96
PXY6945986,TRAV,120276,New,4/1/2025,4/1/2026,4/1/2025,12,Personal Auto,Private Passenger Auto,Joshua Foster,joshua.foster@mail.com,"9172 Michael Mountain, West Megan, FL 51128",FL,"9172 Michael Mountain, West Megan, FL 51128",1,1,,,,50/100,25000,1000,1000,997.88,997.88,749.09,Agency Bill,,,FALSE,TRUE,248.79
EEX0640255,TRAV,120207,Renewal,4/1/2025,4/1/2026,4/1/2025,12,Homeowners,HO3,Kim Scott,kim.scott@insmail.com,"8506 Fletcher Meadows Apt. 653, Nancyport, KY 02807",KY,"8506 Fletcher Meadows Apt. 653, Nancyport, KY 02807",,,1957,Joisted Masonry,6,,,,,2434.06,2434.06,1827.21,Agency Bill,,,FALSE,FALSE,606.85
EEZ8159306,ALLS,120019,Renewal,4/1/2025,4/1/2026,4/1/2025,12,WC,Workers Compensation,Charles Simmons,charles.simmons@customer.net,"679 Stewart Vista, Aaronfort, NV 61449",NV,"679 Stewart Vista, Aaronfort, NV 61449",,,,,,,,,,4135.78,4135.78,3104.67,Direct Bill,,,FALSE,TRUE,1031.11
USC1734693,HART,120056,New,4/1/2025,4/1/2026,4/1/2025,12,Personal Auto,Private Passenger Auto,Carrie Davis,carrie.davis@policyhub.org,"884 Sanders Union Suite 839, East Joan, ND 20743",ND,"884 Sanders Union Suite 839, East Joan, ND 20743",4,2,,,,50/100,100000,1000,2500,2494.86,2494.86,1872.85,Direct Bill,,,FALSE,TRUE,622.01
VCF3058914,AMFA,120014,New,4/1/2025,4/1/2026,4/1/2025,12,Personal Auto,Private Passenger Auto,Brandy Wells,brandy.wells@insmail.com,"218 Andrew Walk, Port Kimberly, NY 69943",NY,"218 Andrew Walk, Port Kimberly, NY 69943",3,2,,,,50/100,500000,1000,500,1655.56,1655.56,1242.8,Agency Bill,,,FALSE,TRUE,412.76
GCA7031011,LIBM,120166,Renewal,4/1/2025,4/1/2026,4/1/2025,12,BOP,Businessowners,David Sanders,david.sanders@insmail.com,"15421 Erik Pines Apt. 723, Rogerberg, WA 28150",WA,"15421 Erik Pines Apt. 723, Rogerberg, WA 28150",,,,Masonry,3,,,,,6883.66,6883.66,5167.46,Direct Bill,,,FALSE,TRUE,1716.2
YEW3238838,FARM,120250,Renewal,4/1/2025,4/1/2026,4/1/2025,12,WC,Workers Compensation,Christian Walker,christian.walker@customer.net,"5718 Miller Ferry, New Allison, AR 80960",AR,"5718 Miller Ferry, New Allison, AR 80960",,,,,,,,,,2744.32,2744.32,2060.12,Direct Bill,,,FALSE,TRUE,684.2
WSS3441936,ALLS,120127,Renewal,4/1/2025,4/1/2026,4/1/2025,12,BOP,Businessowners,Anne Brown,anne.brown@insmail.com,"949 Tracey Road, Pennyshire, WI 74247",WI,"813 Ashley Run Suite 621, Ashleyside, OH 67642",,,,Masonry Veneer,6,,,,,7636.2,7636.2,5732.38,Direct Bill,,,FALSE,TRUE,1903.82
HBW4357985,NATI,120259,Renewal,4/1/2025,4/1/2026,4/1/2025,12,BOP,Businessowners,Donald Murray,donald.murray@insmail.com,"30730 Frederick Harbor Suite 548, Sanchezport, WA 21645",WA,"30730 Frederick Harbor Suite 548, Sanchezport, WA 21645",,,,Frame,5,,,,,1792.91,1792.91,1345.91,Direct Bill,,,FALSE,TRUE,447
UVA5776913,LIBM,120238,Renewal,4/1/2025,4/1/2026,4/1/2025,12,Homeowners,HO3,Cristian Johnson,cristian.johnson@example.com,"880 Bruce Motorway, Normanfort, UT 57471",UT,"880 Bruce Motorway, Normanfort, UT 57471",,,1990,Fire Resistive,6,,,,,1008.54,1008.54,757.1,Direct Bill,,,FALSE,TRUE,251.44
YFE7321748,FARM,120186,Renewal,4/1/2025,4/1/2026,4/1/2025,12,Homeowners,HO3,Jessica Watson,jessica.watson@policyhub.org,"6615 Simpson Circles Suite 216, Maryshire, MD 41152",MD,"6615 Simpson Circles Suite 216, Maryshire, MD 41152",,,1969,Masonry,7,,,,,906.61,906.61,680.58,Direct Bill,,,FALSE,TRUE,226.03
RAT7666321,TRAV,120161,New,4/1/2025,4/1/2026,4/1/2025,12,Personal Auto,Private Passenger Auto,Cindy Lee,cindy.lee@customer.net,"86932 Wilson Ports, Sheilatown, NH 11252",NH,"86932 Wilson Ports, Sheilatown, NH 11252",3,2,,,,25/50,25000,1000,1000,1442.35,1442.35,1082.75,Agency Bill,,,FALSE,TRUE,359.6
AZL8403094,NATI,120065,New,4/1/2025,4/1/2026,4/1/2025,12,Personal Auto,Private Passenger Auto,Elaine Hernandez,elaine.hernandez@example.com,"6129 Hanson Mountain Suite 650, South Garrett, WI 12914",WI,"6129 Hanson Mountain Suite 650, South Garrett, WI 12914",1,2,,,,50/100,500000,1000,500,1898.3,1898.3,1425.03,Direct Bill,,,FALSE,TRUE,473.27
SSS7071843,LIBM,120155,New,4/1/2025,4/1/2026,4/1/2025,12,Personal Auto,Private Passenger Auto,Michael Daniel,michael.daniel@mail.com,"2500 Olson Plains Suite 314, Wellsside, HI 91150",HI,"2500 Olson Plains Suite 314, Wellsside, HI 91150",1,4,,,,50/100,50000,1000,500,2709.54,2709.54,2034.01,Direct Bill,,,FALSE,TRUE,675.53
YCF9252994,PRGS,120085,New,4/1/2025,4/1/2026,4/1/2025,12,Personal Auto,Private Passenger Auto,Tammy Hall,tammy.hall@mail.com,"802 Mary Motorway Apt. 292, Lake Yolandafort, IA 31699",IA,"802 Mary Motorway Apt. 292, Lake Yolandafort, IA 31699",2,2,,,,25/50,25000,500,2500,1138,1138,854.28,Direct Bill,,,FALSE,TRUE,283.72
UCE2403566,ALLS,120244,New,4/1/2025,4/1/2026,4/1/2025,12,Personal Auto,Private Passenger Auto,Nicole Hess,nicole.hess@insmail.com,"5655 Guerrero Courts, Johnsonport, NY 60255",NY,"4441 Troy Crossroad, East Mary, SC 48430",1,2,,,,25/50,50000,500,500,1661.72,1661.72,1247.43,Direct Bill,,,FALSE,TRUE,414.29
HWY1433013,FARM,120226,Renewal,4/1/2025,4/1/2026,4/1/2025,12,Homeowners,HO3,Christopher Walters,christopher.walters@example.com,"2195 Pittman Prairie, Jaclynborough, MP 13986",MP,"2195 Pittman Prairie, Jaclynborough, MP 13986",,,2018,Masonry,8,,,,,1039.64,1039.64,780.44,Direct Bill,,,FALSE,TRUE,259.2
CWM0963025,CHUB,120123,Renewal,4/1/2025,4/1/2026,4/1/2025,12,WC,Workers Compensation,Robert Werner,robert.werner@mail.com,"474 Stewart Place Suite 127, Margaretmouth, TN 78022",TN,"2036 Ray Manor, South Stephen, PW 47371",,,,,,,,,,2000,2000,1501.37,Direct Bill,,,FALSE,FALSE,498.63
LLS9960833,FARM,120174,Renewal,4/1/2025,4/1/2026,4/1/2025,12,BOP,Businessowners,Kristi Wood,kristi.wood@example.com,"64447 Aaron Road, Collierview, WI 83928",WI,"64447 Aaron Road, Collierview, WI 83928",,,,Non-Combustible,8,,,,,3239.49,3239.49,2431.84,Agency Bill,,,FALSE,TRUE,807.65
LJR4326464,ALLS,120180,New,4/1/2025,4/1/2026,4/1/2025,12,Personal Auto,Private Passenger Auto,Roger Walker,roger.walker@mail.com,"450 Julie Walk, Fernandezland, TX 94225",TX,"450 Julie Walk, Fernandezland, TX 94225",3,1,,,,50/100,100000,250,250,1037.74,1037.74,779.02,Agency Bill,,,FALSE,TRUE,258.72
WFD3884761,FARM,120038,Renewal,4/1/2025,4/1/2026,4/1/2025,12,WC,Workers Compensation,Danielle Burke,danielle.burke@mail.com,"654 Andrea Lane, Meaganstad, UT 75855",UT,"654 Andrea Lane, Meaganstad, UT 75855",,,,,,,,,,2000,2000,1501.37,Agency Bill,,,FALSE,TRUE,498.63
DDX7754694,FARM,120223,Renewal,4/1/2025,4/1/2026,4/1/2025,12,WC,Workers Compensation,Michael Arnold,michael.arnold@insmail.com,"8025 Henry Estate Apt. 485, Christianland, AZ 67743",AZ,"8025 Henry Estate Apt. 485, Christianland, AZ 67743",,,,,,,,,,4777.33,4777.33,3586.27,Agency Bill,,,FALSE,TRUE,1191.06
AUR9213278,ALLS,120247,Renewal,4/1/2025,4/1/2026,4/1/2025,12,Personal Auto,Private Passenger Auto,Robert Wolf,robert.wolf@policyhub.org,"4088 Jessica Forks Apt. 874, Zacharytown, ND 53120",ND,"4088 Jessica Forks Apt. 874, Zacharytown, ND 53120",3,4,,,,50/100,100000,2500,500,1442.9,1442.9,1083.16,Direct Bill,,,FALSE,TRUE,359.74
RUA3991891,ALLS,120138,Cancel,4/1/2025,8/26/2025,8/26/2025,12,Package,Commercial Package,Gina Peters,gina.peters@customer.net,"558 Tracey Tunnel Apt. 519, Wareberg, AL 62075",AL,"558 Tracey Tunnel Apt. 519, Wareberg, AL 62075",,,,Masonry Veneer,6,,,,,6102.36,0,6102.36,Agency Bill,3/4/2021,,FALSE,FALSE,0
AZG9976799,GEIC,120111,Renewal,4/1/2025,4/1/2026,4/1/2025,12,Homeowners,HO3,Jack Gallagher,jack.gallagher@policyhub.org,"9444 Marissa Expressway, Forbesview, CT 22822",CT,"9444 Marissa Expressway, Forbesview, CT 22822",,,1980,Joisted Masonry,6,,,,,2608.97,2608.97,1958.51,Direct Bill,,,FALSE,TRUE,650.46
EZF2737624,NATI,120074,Renewal,4/1/2025,4/1/2026,4/1/2025,12,Personal Auto,Private Passenger Auto,Dave King,dave.king@insmail.com,"393 Steven Neck, South Nicholas, OR 69476",OR,"393 Steven Neck, South Nicholas, OR 69476",2,1,,,,50/100,100000,250,1000,2878.53,2878.53,2160.87,Agency Bill,,,FALSE,TRUE,717.66
PBJ4050672,HART,120157,Renewal,4/1/2025,4/1/2026,4/1/2025,12,Homeowners,HO3,Willie Burton,willie.burton@customer.net,"07393 Monroe Station Apt. 090, Tracyton, ID 31743",ID,"07393 Monroe Station Apt. 090, Tracyton, ID 31743",,,2013,Fire Resistive,4,,,,,673.16,673.16,505.33,Direct Bill,,,FALSE,TRUE,167.83
TDD2083663,TRAV,120062,Renewal,4/1/2025,4/1/2026,4/1/2025,12,WC,Workers Compensation,Wayne Barry,wayne.barry@customer.net,"9286 Bass Shoals, Port Michellefurt, AS 31215",AS,"9286 Bass Shoals, Port Michellefurt, AS 31215",,,,,,,,,,2000,2000,1501.37,Agency Bill,,,FALSE,TRUE,498.63
KZG4016717,CHUB,120206,New,4/1/2025,4/1/2026,4/1/2025,12,Personal Auto,Private Passenger Auto,Ian Elliott,ian.elliott@customer.net,"94360 Katelyn Prairie Suite 313, New Sharon, PA 96985",PA,"94360 Katelyn Prairie Suite 313, New Sharon, PA 96985",4,1,,,,25/50,100000,500,1000,2955.01,2955.01,2218.28,Agency Bill,,,FALSE,TRUE,736.73
FBY6853817,TRAV,120262,Endorsement,4/1/2025,4/1/2026,3/26/2026,12,Umbrella,Personal Umbrella,Lawrence Hunt,lawrence.hunt@customer.net,"7778 Hale Parkway, Ashleystad, UT 40089",UT,"7778 Hale Parkway, Ashleystad, UT 40089",,,,,,,,,,505.97,-9.9,379.82,Agency Bill,,,FALSE,TRUE,126.15
SAB4762203,CHUB,120168,Renewal,4/1/2025,4/1/2026,4/1/2025,12,Homeowners,HO3,Bradley Fisher,bradley.fisher@insmail.com,"2827 Wall Forge, Adamsmouth, MD 45367",MD,"93585 John Forge Suite 808, Jonathanmouth, NM 56425",,,1994,Joisted Masonry,10,,,,,1960.48,1960.48,1471.7,Agency Bill,,,FALSE,TRUE,488.78
VRZ3707922,NATI,120084,Renewal,4/1/2025,4/1/2026,4/1/2025,12,Homeowners,HO3,Richard Hogan,richard.hogan@example.com,"6405 Good Harbor, Oliverbury, PW 13348",PW,"6405 Good Harbor, Oliverbury, PW 13348",,,1986,Frame,5,,,,,1097.64,1097.64,823.98,Direct Bill,,,FALSE,TRUE,273.66
XRH5987932,PRGS,120133,Renewal,4/1/2025,4/1/2026,4/1/2025,12,BOP,Businessowners,Thomas Black,thomas.black@policyhub.org,"9643 Joshua Extensions, Lake Kenneth, LA 64668",LA,"9643 Joshua Extensions, Lake Kenneth, LA 64668",,,,Masonry Veneer,5,,,,,4235.44,4235.44,3179.48,Direct Bill,,,FALSE,TRUE,1055.96
UZP7757810,GEIC,120044,Renewal,4/1/2025,4/1/2026,4/1/2025,12,Homeowners,HO3,Jake Hernandez,jake.hernandez@mail.com,"923 Chavez Station Suite 636, North Jennifer, TX 87746",TX,"923 Chavez Station Suite 636, North Jennifer, TX 87746",,,2006,Masonry Veneer,8,,,,,2128.73,2128.73,1598.01,Agency Bill,,,FALSE,TRUE,530.72
UKL9828131,AMFA,120263,Rewrite,4/1/2025,4/1/2026,4/1/2025,12,Package,Commercial Package,Samuel Wells,samuel.wells@customer.net,"24252 Judith Mountain Apt. 323, Wellstown, TX 59439",TX,"24252 Judith Mountain Apt. 323, Wellstown, TX 59439",,,,Frame,7,,,,,9015.01,9015.01,6767.43,Direct Bill,,,TRUE,TRUE,2247.58
RYF8346146,HART,120160,New,4/1/2025,4/1/2026,4/1/2025,12,Personal Auto,Private Passenger Auto,Alex Garcia,alex.garcia@mail.com,"351 Timothy Plains Apt. 523, New Carrie, IL 31170",IL,"351 Timothy Plains Apt. 523, New Carrie, IL 31170",2,2,,,,50/100,100000,250,250,957.52,957.52,718.8,Direct Bill,,,FALSE,TRUE,238.72
USG5417713,NATI,120138,Endorsement,4/1/2025,4/1/2026,1/13/2026,12,Umbrella,Personal Umbrella,Debra Mueller,debra.mueller@policyhub.org,"72506 Carter Plains, New Robertburgh, AL 91603",AL,"72506 Carter Plains, New Robertburgh, AL 91603",,,,,,,,,,621.98,26.28,466.91,Direct Bill,,,FALSE,TRUE,155.07
FRX0510781,NATI,120124,Renewal,4/1/2025,4/1/2026,4/1/2025,12,Personal Auto,Private Passenger Auto,Shawn Baker,shawn.baker@insmail.com,"788 Santana Points, Garciatown, WV 45816",WV,"788 Santana Points, Garciatown, WV 45816",2,1,,,,50/100,100000,500,500,1517.7,1517.7,1139.31,Direct Bill,,,FALSE,TRUE,378.39
YTW2470372,HART,120020,Renewal,4/1/2025,4/1/2026,4/1/2025,12,Homeowners,HO3,Donald Allen,donald.allen@policyhub.org,"027 Anthony Burg Suite 479, Lake Deborahtown, AR 26580",AR,"027 Anthony Burg Suite 479, Lake Deborahtown, AR 26580",,,2009,Frame,6,,,,,892.15,892.15,669.72,Direct Bill,,,FALSE,TRUE,222.43
XAG7700391,AMFA,120064,Renewal,4/1/2025,4/1/2026,4/1/2025,12,BOP,Businessowners,Michael Zimmerman,michael.zimmerman@customer.net,"052 Phillip Roads Suite 901, Johnstonview, CO 66056",CO,"052 Phillip Roads Suite 901, Johnstonview, CO 66056",,,,Non-Combustible,8,,,,,8731.08,8731.08,6554.29,Direct Bill,,,FALSE,TRUE,2176.79
FNY1818621,HART,120148,New,4/1/2025,4/1/2026,4/1/2025,12,Personal Auto,Private Passenger Auto,Kevin Acosta,kevin.acosta@policyhub.org,"5263 Stephanie Well, New Cheryl, OK 64769",OK,"91457 King Valleys, Davidburgh, AK 64205",2,2,,,,50/100,100000,2500,500,599.51,599.51,450.04,Direct Bill,,,FALSE,FALSE,149.47
THA3458922,ALLS,120050,New,4/1/2025,4/1/2026,4/1/2025,12,Personal Auto,Private Passenger Auto,Philip Barrett,philip.barrett@customer.net,"3595 Timothy Village, Leslieburgh, VT 96750",VT,"3595 Timothy Village, Leslieburgh, VT 96750",3,3,,,,25/50,100000,500,1000,4000,4000,3002.74,Direct Bill,,,FALSE,TRUE,997.26
XAV1485317,TRAV,120057,New,4/1/2025,4/1/2026,4/1/2025,12,Personal Auto,Private Passenger Auto,Alicia Gray,alicia.gray@customer.net,"25514 Yoder Mission, Jensenmouth, TN 17226",TN,"25514 Yoder Mission, Jensenmouth, TN 17226",1,3,,,,25/50,50000,1000,500,1961.71,1961.71,1472.63,Direct Bill,,,FALSE,TRUE,489.08
GEA4123228,TRAV,120221,New,4/1/2025,4/1/2026,4/1/2025,12,Personal Auto,Private Passenger Auto,Michelle Lynch,michelle.lynch@mail.com,"75663 Liu Stream Apt. 264, New Jackie, NC 42106",NC,"451 Johnson Landing, West Nicole, NH 21109",1,3,,,,50/100,25000,500,2500,1025.08,1025.08,769.51,Direct Bill,,,FALSE,TRUE,255.57
GAT7412226,PRGS,120222,Renewal,4/1/2025,4/1/2026,4/1/2025,12,Umbrella,Personal Umbrella,Stephen Blankenship,stephen.blankenship@example.com,"7215 Nicole Mountain Apt. 162, Huntchester, FM 59577",FM,"7215 Nicole Mountain Apt. 162, Huntchester, FM 59577",,,,,,,,,,393.88,393.88,295.68,Agency Bill,,,FALSE,TRUE,98.2
ETB8803280,NATI,120124,New,4/1/2025,4/1/2026,4/1/2025,12,Personal Auto,Private Passenger Auto,Linda Mckee,linda.mckee@customer.net,"00877 Buckley Extensions Apt. 345, Lorimouth, AS 77939",AS,"00877 Buckley Extensions Apt. 345, Lorimouth, AS 77939",1,1,,,,50/100,50000,250,250,690.37,690.37,518.25,Direct Bill,,,FALSE,TRUE,172.12
GSN6478276,ALLS,120134,Renewal,4/1/2025,4/1/2026,4/1/2025,12,Homeowners,HO3,Candace Anthony,candace.anthony@customer.net,"32054 Zoe View Suite 130, North Brittany, UT 46351",UT,"32054 Zoe View Suite 130, North Brittany, UT 46351",,,2010,Frame,9,,,,,2395.53,2395.53,1798.29,Direct Bill,,,FALSE,TRUE,597.24
VVL4802829,HART,120099,New,4/1/2025,4/1/2026,4/1/2025,12,Personal Auto,Private Passenger Auto,Danielle Newman,danielle.newman@example.com,"797 Matthew Fields Apt. 869, North Katherine, VT 69204",VT,"797 Matthew Fields Apt. 869, North Katherine, VT 69204",2,1,,,,50/100,50000,500,250,1462.1,1462.1,1097.58,Direct Bill,,,FALSE,TRUE,364.52
ZYA1381208,LIBM,120045,Renewal,4/1/2025,4/1/2026,4/1/2025,12,Personal Auto,Private Passenger Auto,Jonathan Morris,jonathan.morris@example.com,"629 Daniel Manor Apt. 863, Bryanville, MN 94884",MN,"629 Daniel Manor Apt. 863, Bryanville, MN 94884",1,2,,,,50/100,100000,1000,500,1615.83,1615.83,1212.98,Direct Bill,,,FALSE,TRUE,402.85
AMK3153485,FARM,120098,New,4/1/2025,4/1/2026,4/1/2025,12,Personal Auto,Private Passenger Auto,Candice Martinez,candice.martinez@customer.net,"756 Sarah Views, Bentonport, TN 99071",TN,"756 Sarah Views, Bentonport, TN 99071",1,3,,,,25/50,50000,1000,2500,3623.86,3623.86,2720.38,Agency Bill,,,FALSE,TRUE,903.48
MGL9292354,PRGS,120273,New,4/1/2025,4/1/2026,4/1/2025,12,Personal Auto,Private Passenger Auto,Sherry Rosales,sherry.rosales@example.com,"86680 Joshua Plains, Harrisland, MI 60995",MI,"86680 Joshua Plains, Harrisland, MI 60995",3,1,,,,50/100,50000,1000,500,1866.4,1866.4,1401.08,Direct Bill,,,FALSE,TRUE,465.32
ZSN7529754,HART,120041,Renewal,4/1/2025,4/1/2026,4/1/2025,12,Personal Auto,Private Passenger Auto,Cassie Perez,cassie.perez@example.com,"982 Brown Square Suite 372, New Jennifer, VT 21954",VT,"982 Brown Square Suite 372, New Jennifer, VT 21954",1,2,,,,50/100,250000,500,2500,1652.04,1652.04,1240.16,Direct Bill,,,FALSE,FALSE,411.88
LHF6149566,AMFA,120161,Renewal,4/1/2025,4/1/2026,4/1/2025,12,Homeowners,HO3,Robyn Russo,robyn.russo@insmail.com,"196 Brittany Wall, Port Chelsea, GA 07572",GA,"196 Brittany Wall, Port Chelsea, GA 07572",,,2006,Frame,4,,,,,1419.07,1419.07,1065.27,Direct Bill,,,FALSE,TRUE,353.8
HRG5751433,FARM,120225,Endorsement,4/1/2025,4/1/2026,6/29/2025,12,Umbrella,Personal Umbrella,Daniel Hayes,daniel.hayes@mail.com,"85468 Daniel Trail, New Shelley, GA 07118",GA,"85468 Daniel Trail, New Shelley, GA 07118",,,,,,,,,,561.51,-6.85,421.52,Direct Bill,,,FALSE,TRUE,139.99
LSC3207488,GEIC,120067,New,4/1/2025,4/1/2026,4/1/2025,12,Personal Auto,Private Passenger Auto,Stacey White,stacey.white@policyhub.org,"62702 Daniel Rapid, Cliffordview, OK 07940",OK,"62702 Daniel Rapid, Cliffordview, OK 07940",2,2,,,,50/100,250000,2500,2500,1190.84,1190.84,893.95,Direct Bill,,,FALSE,TRUE,296.89
PJF1583932,NATI,120176,Renewal,4/1/2025,4/1/2026,4/1/2025,12,Homeowners,HO3,Laura Chavez,laura.chavez@insmail.com,"557 Shaw Mission, Port Donald, TX 38643",TX,"9763 Love Turnpike, Alvarezmouth, CA 78666",,,1997,Non-Combustible,5,,,,,1484.65,1484.65,1114.5,Agency Bill,,,FALSE,TRUE,370.15
RXV0810115,TRAV,120100,New,4/1/2025,4/1/2026,4/1/2025,12,Personal Auto,Private Passenger Auto,Larry Silva,larry.silva@customer.net,"670 James Loaf Apt. 117, Lake Arielport, AR 54315",AR,"670 James Loaf Apt. 117, Lake Arielport, AR 54315",2,3,,,,25/50,100000,500,1000,4000,4000,3002.74,Agency Bill,,,FALSE,TRUE,997.26
WYX0050044,HART,120205,Endorsement,4/1/2025,4/1/2026,9/19/2025,12,Umbrella,Personal Umbrella,Joanna Stone,joanna.stone@policyhub.org,"6233 Jenkins Mill Suite 011, Joannaside, WI 40225",WI,"68612 Michael Ridge Apt. 362, South Dylan, PA 09541",,,,,,,,,,274.15,-19.71,205.8,Direct Bill,,,FALSE,TRUE,68.35
XHD8596292,GEIC,120168,Renewal,4/1/2025,4/1/2026,4/1/2025,12,Homeowners,HO3,Matthew Anderson,matthew.anderson@policyhub.org,"982 Jaime Center Apt. 951, South Joshua, NE 94734",NE,"982 Jaime Center Apt. 951, South Joshua, NE 94734",,,2013,Joisted Masonry,6,,,,,1104.76,1104.76,829.33,Agency Bill,,,FALSE,TRUE,275.43
NMV4437551,TRAV,120060,Renewal,4/1/2025,4/1/2026,4/1/2025,12,Personal Auto,Private Passenger Auto,Allison Johnson,allison.johnson@mail.com,"33248 Andrade Pine, Tinaview, NM 95980",NM,"33248 Andrade Pine, Tinaview, NM 95980",3,4,,,,50/100,100000,500,500,1700.36,1700.36,1276.43,Direct Bill,,,FALSE,TRUE,423.93
DGX0779695,PRGS,120112,Renewal,4/1/2025,4/1/2026,4/1/2025,12,BOP,Businessowners,Pamela Camacho,pamela.camacho@customer.net,"02074 Johnson Green, Hornfurt, RI 43597",RI,"02074 Johnson Green, Hornfurt, RI 43597",,,,Frame,6,,,,,5973.96,5973.96,4484.56,Direct Bill,,,FALSE,TRUE,1489.4
KWG2542407,NATI,120147,Renewal,4/1/2025,4/1/2026,4/1/2025,12,WC,Workers Compensation,Gabriel Gonzalez,gabriel.gonzalez@insmail.com,"2751 Sarah Fork, Ericbury, RI 54699",RI,"2751 Sarah Fork, Ericbury, RI 54699",,,,,,,,,,6556.81,6556.81,4922.1,Direct Bill,,,FALSE,TRUE,1634.71
WCJ9665809,PRGS,120032,Renewal,4/1/2025,4/1/2026,4/1/2025,12,Homeowners,HO3,Sherri Sandoval,sherri.sandoval@example.com,"89495 Jennifer Roads Apt. 500, Port Jamesview, PA 93005",PA,"33053 Arthur Curve Apt. 415, Smithview, MT 63939",,,1988,Non-Combustible,10,,,,,840.4,840.4,630.88,Direct Bill,,,FALSE,TRUE,209.52
UXN4940732,HART,120019,Renewal,4/1/2025,4/1/2026,4/1/2025,12,BOP,Businessowners,Martin Rodriguez,martin.rodriguez@policyhub.org,"298 Trujillo Throughway Apt. 535, Kellyland, AL 53828",AL,"298 Trujillo Throughway Apt. 535, Kellyland, AL 53828",,,,Joisted Masonry,5,,,,,8012.64,8012.64,6014.97,Agency Bill,,,FALSE,FALSE,1997.67
PDS5044793,ALLS,120008,Renewal,4/1/2025,4/1/2026,4/1/2025,12,Personal Auto,Private Passenger Auto,Dawn Taylor,dawn.taylor@customer.net,"2098 Tucker Circle Apt. 993, South Alyssatown, DC 97603",DC,"2098 Tucker Circle Apt. 993, South Alyssatown, DC 97603",1,1,,,,50/100,50000,250,2500,2463.03,2463.03,1848.96,Direct Bill,,,FALSE,TRUE,614.07
DAP0841631,PRGS,120266,Endorsement,4/1/2025,4/1/2026,6/30/2025,12,Umbrella,Personal Umbrella,Michael Taylor,michael.taylor@customer.net,"81393 Camacho Fields, West Crystal, AK 11219",AK,"81393 Camacho Fields, West Crystal, AK 11219",,,,,,,,,,994.18,132.86,746.32,Agency Bill,,,FALSE,TRUE,247.86
HBT3278409,LIBM,120064,Endorsement,4/1/2025,4/1/2026,11/10/2025,12,Umbrella,Personal Umbrella,Kevin Bailey,kevin.bailey@policyhub.org,"7860 Barnett Shoals, Kevinfurt, IA 48568",IA,"7860 Barnett Shoals, Kevinfurt, IA 48568",,,,,,,,,,947.7,-18.76,711.42,Direct Bill,,,FALSE,FALSE,236.28
SKW1782416,GEIC,120140,New,4/1/2025,4/1/2026,4/1/2025,12,Personal Auto,Private Passenger Auto,Ashley Keller,ashley.keller@customer.net,"5907 Austin Manors, South Sierra, NY 51001",NY,"5907 Austin Manors, South Sierra, NY 51001",3,2,,,,50/100,50000,500,1000,1322.75,1322.75,992.97,Direct Bill,,,FALSE,TRUE,329.78
ATF7668361,NATI,120039,Renewal,4/1/2025,4/1/2026,4/1/2025,12,WC,Workers Compensation,Daniel Parks,daniel.parks@policyhub.org,"038 Hammond Skyway, East Gary, SD 13141",SD,"35479 Stacy Land Suite 426, Jeremiahside, CA 42432",,,,,,,,,,6171.82,6171.82,4633.09,Direct Bill,,,FALSE,TRUE,1538.73
FWJ6066537,HART,120079,Endorsement,4/1/2025,4/1/2026,1/29/2026,12,Umbrella,Personal Umbrella,Nicholas Steele,nicholas.steele@mail.com,"75975 Larry Knolls Suite 522, New Melissaberg, KY 31692",KY,"90946 Butler Burgs Apt. 758, Andersontown, DC 07091",,,,,,,,,,720.53,13.68,540.89,Direct Bill,,,FALSE,TRUE,179.64
SRS8109934,PRGS,120161,Renewal,4/1/2025,4/1/2026,4/1/2025,12,BOP,Businessowners,Matthew Olson,matthew.olson@mail.com,"023 Sabrina Crest, Mckinneyview, VT 14932",VT,"023 Sabrina Crest, Mckinneyview, VT 14932",,,,Frame,7,,,,,2440.81,2440.81,1832.28,Agency Bill,,,FALSE,TRUE,608.53
LPZ1518103,CHUB,120010,New,4/1/2025,4/1/2026,4/1/2025,12,Personal Auto,Private Passenger Auto,Kelli Barrera,kelli.barrera@insmail.com,"443 Lopez Dam Suite 755, New Amanda, PR 54846",PR,"443 Lopez Dam Suite 755, New Amanda, PR 54846",2,2,,,,25/50,100000,250,1000,1444.7,1444.7,1084.51,Direct Bill,,,FALSE,TRUE,360.19
UCE9191051,NATI,120206,Renewal,4/1/2025,4/1/2026,4/1/2025,12,Homeowners,HO3,Jordan Gilmore,jordan.gilmore@insmail.com,"337 Loretta Lake, New Kayla, MD 44755",MD,"337 Loretta Lake, New Kayla, MD 44755",,,1982,Joisted Masonry,5,,,,,937.19,937.19,703.53,Agency Bill,,,FALSE,FALSE,233.66
MJZ9824703,FARM,120299,Renewal,4/1/2025,4/1/2026,4/1/2025,12,Personal Auto,Private Passenger Auto,Kristen Clay,kristen.clay@insmail.com,"417 Wong Point Suite 457, Ronaldbury, MN 17833",MN,"417 Wong Point Suite 457, Ronaldbury, MN 17833",2,2,,,,50/100,100000,500,500,3528.24,3528.24,2648.6,Direct Bill,,,FALSE,TRUE,879.64
XRL2198773,NATI,120116,Renewal,4/1/2025,4/1/2026,4/1/2025,12,Personal Auto,Private Passenger Auto,Leslie Mcdonald,leslie.mcdonald@insmail.com,"30379 Sarah Parks Apt. 840, Port Wendy, IL 88510",IL,"30379 Sarah Parks Apt. 840, Port Wendy, IL 88510",2,2,,,,50/100,50000,500,1000,3034.43,3034.43,2277.9,Direct Bill,,,FALSE,TRUE,756.53
MXD2912798,CHUB,120182,Renewal,4/1/2025,4/1/2026,4/1/2025,12,WC,Workers Compensation,Lauren Haynes,lauren.haynes@mail.com,"190 Pruitt Junction, New Jessica, SD 76145",SD,"190 Pruitt Junction, New Jessica, SD 76145",,,,,,,,,,25000,25000,18767.12,Direct Bill,,,FALSE,TRUE,6232.88
FJM3907261,PRGS,120239,Renewal,4/1/2025,4/1/2026,4/1/2025,12,BOP,Businessowners,Emily Sanchez,emily.sanchez@example.com,"90451 Bradley Coves Suite 323, Port Barry, MD 26216",MD,"90451 Bradley Coves Suite 323, Port Barry, MD 26216",,,,Non-Combustible,9,,,,,1965.38,1965.38,1475.38,Agency Bill,,,FALSE,TRUE,490
GRK1228767,CHUB,120012,Renewal,4/1/2025,4/1/2026,4/1/2025,12,WC,Workers Compensation,David Burton,david.burton@example.com,"546 Brittany Alley, East Lisaville, OR 84275",OR,"546 Brittany Alley, East Lisaville, OR 84275",,,,,,,,,,3615.89,3615.89,2714.39,Direct Bill,,,FALSE,FALSE,901.5
FNN0919209,TRAV,120072,Renewal,4/1/2025,4/1/2026,4/1/2025,12,WC,Workers Compensation,Edward Trevino,edward.trevino@insmail.com,"41821 Torres Isle, East Christiantown, NV 64868",NV,"1156 Whitaker Fall, North John, AK 31773",,,,,,,,,,10491.32,10491.32,7875.68,Direct Bill,,,FALSE,TRUE,2615.64
NNC4363797,ALLS,120011,New,4/1/2025,4/1/2026,4/1/2025,12,Personal Auto,Private Passenger Auto,Donna Smith,donna.smith@customer.net,"86368 White Creek, New Charles, SD 79828",SD,"86368 White Creek, New Charles, SD 79828",1,1,,,,50/100,25000,2500,250,1689.8,1689.8,1268.51,Agency Bill,,,FALSE,FALSE,421.29
DLJ7803118,TRAV,120253,Renewal,4/1/2025,4/1/2026,4/1/2025,12,Umbrella,Personal Umbrella,Robert Carlson,robert.carlson@mail.com,"2918 Hurley Place, Port Robertoville, MN 15882",MN,"2918 Hurley Place, Port Robertoville, MN 15882",,,,,,,,,,1261.81,1261.81,947.22,Direct Bill,,,FALSE,FALSE,314.59
XHE6026254,HART,120206,New,4/1/2025,4/1/2026,4/1/2025,12,Personal Auto,Private Passenger Auto,Stephen Williams,stephen.williams@customer.net,"3444 Mcmahon Haven Suite 928, South Catherinemouth, CO 64255",CO,"3444 Mcmahon Haven Suite 928, South Catherinemouth, CO 64255",2,2,,,,25/50,50000,1000,500,1914.69,1914.69,1437.33,Direct Bill,,,FALSE,TRUE,477.36
TRV3129962,ALLS,120152,Renewal,4/1/2025,4/1/2026,4/1/2025,12,Homeowners,HO3,Amanda Garrett,amanda.garrett@insmail.com,"8149 Harmon Burg, Colemantown, FL 52674",FL,"8149 Harmon Burg, Colemantown, FL 52674",,,1994,Non-Combustible,7,,,,,1624.36,1624.36,1219.38,Direct Bill,,,FALSE,TRUE,404.98
KEA2052810,CHUB,120170,Renewal,4/1/2025,4/1/2026,4/1/2025,12,Homeowners,HO3,Amanda Davis,amanda.davis@customer.net,"56105 Tom Fort, South Daisy, WV 99575",WV,"56105 Tom Fort, South Daisy, WV 99575",,,1992,Non-Combustible,4,,,,,1040.4,1040.4,781.01,Direct Bill,,,FALSE,TRUE,259.39
PKE8498332,TRAV,120298,Renewal,4/1/2025,4/1/2026,4/1/2025,12,Homeowners,HO3,Barbara Oneal,barbara.oneal@example.com,"53232 Whitney Extensions Apt. 801, Merrittbury, FM 92341",FM,"53232 Whitney Extensions Apt. 801, Merrittbury, FM 92341",,,2014,Non-Combustible,10,,,,,2939.74,2939.74,2206.82,Direct Bill,,,FALSE,TRUE,732.92
JJX2615976,HART,120106,Renewal,4/1/2025,4/1/2026,4/1/2025,12,WC,Workers Compensation,Hailey Holt,hailey.holt@insmail.com,"42905 Mercer Drive, Lake Lisafort, CA 54059",CA,"42905 Mercer Drive, Lake Lisafort, CA 54059",,,,,,,,,,4053.22,4053.22,3042.69,Direct Bill,,,FALSE,FALSE,1010.53
VFU4506625,NATI,120004,New,4/1/2025,4/1/2026,4/1/2025,12,Personal Auto,Private Passenger Auto,Melissa Palmer,melissa.palmer@insmail.com,"7655 Rebecca Lake, Williamburgh, VI 41219",VI,"7655 Rebecca Lake, Williamburgh, VI 41219",1,2,,,,50/100,50000,500,500,1321.49,1321.49,992.02,Agency Bill,,,FALSE,TRUE,329.47
RAK1219254,TRAV,120053,Renewal,4/1/2025,4/1/2026,4/1/2025,12,Homeowners,HO3,Laura Alvarez,laura.alvarez@example.com,"82716 Santos Meadow Suite 592, Pamelaburgh, VA 50141",VA,"82716 Santos Meadow Suite 592, Pamelaburgh, VA 50141",,,1993,Frame,7,,,,,1078.48,1078.48,809.6,Direct Bill,,,FALSE,TRUE,268.88
VJX4063694,PRGS,120172,Renewal,4/1/2025,4/1/2026,4/1/2025,12,Umbrella,Personal Umbrella,Craig Ayala,craig.ayala@example.com,"340 Bethany Ridges Suite 714, Williamsborough, IN 93421",IN,"340 Bethany Ridges Suite 714, Williamsborough, IN 93421",,,,,,,,,,333.53,333.53,250.38,Agency Bill,,,FALSE,TRUE,83.15
JXS3891647,LIBM,120194,Renewal,4/1/2025,4/1/2026,4/1/2025,12,BOP,Businessowners,Molly Flores,molly.flores@policyhub.org,"602 Cox Roads Suite 939, Rodriguezville, CO 87912",CO,"602 Cox Roads Suite 939, Rodriguezville, CO 87912",,,,Frame,7,,,,,9090.09,9090.09,6823.79,Agency Bill,,,FALSE,TRUE,2266.3
TYY3497952,GEIC,120074,Renewal,4/1/2025,4/1/2026,4/1/2025,12,WC,Workers Compensation,Craig Richardson,craig.richardson@example.com,"091 Weaver Street, Danielport, TX 55839",TX,"091 Weaver Street, Danielport, TX 55839",,,,,,,,,,7458.1,7458.1,5598.68,Agency Bill,,,FALSE,TRUE,1859.42
FAM8634220,FARM,120152,New,4/1/2025,4/1/2026,4/1/2025,12,Personal Auto,Private Passenger Auto,Patricia Cunningham,patricia.cunningham@policyhub.org,"68035 Ryan Street, Davidton, TN 13373",TN,"68035 Ryan Street, Davidton, TN 13373",3,2,,,,50/100,100000,2500,1000,1495.28,1495.28,1122.48,Direct Bill,,,FALSE,TRUE,372.8
CRS0292382,HART,120266,Renewal,4/1/2025,4/1/2026,4/1/2025,12,BOP,Businessowners,Patricia Miller,patricia.miller@customer.net,"924 Mark Road Apt. 119, Raymondtown, MT 58837",MT,"924 Mark Road Apt. 119, Raymondtown, MT 58837",,,,Masonry Veneer,7,,,,,3161.46,3161.46,2373.26,Direct Bill,,,FALSE,FALSE,788.2
RWX3783717,TRAV,120222,Renewal,4/1/2025,4/1/2026,4/1/2025,12,BOP,Businessowners,Benjamin Rosario,benjamin.rosario@insmail.com,"821 Tamara Plaza, Chadshire, WY 20174",WY,"821 Tamara Plaza, Chadshire, WY 20174",,,,Masonry,1,,,,,6833.03,6833.03,5129.45,Direct Bill,,,FALSE,TRUE,1703.58
CKU1694694,GEIC,120089,New,4/1/2025,4/1/2026,4/1/2025,12,Personal Auto,Private Passenger Auto,Tina Richard,tina.richard@mail.com,"154 Brewer Cliff Apt. 868, Howardport, VA 92225",VA,"154 Brewer Cliff Apt. 868, Howardport, VA 92225",2,2,,,,25/50,50000,500,250,1034.87,1034.87,776.86,Direct Bill,,,FALSE,TRUE,258.01
BHW2688853,TRAV,120213,Renewal,4/1/2025,4/1/2026,4/1/2025,12,Homeowners,HO3,Jennifer Jones,jennifer.jones@policyhub.org,"67036 Gibson Mission Apt. 538, Lake Courtneyshire, NC 78270",NC,"67036 Gibson Mission Apt. 538, Lake Courtneyshire, NC 78270",,,1996,Frame,4,,,,,1230.71,1230.71,923.88,Direct Bill,,,FALSE,TRUE,306.83
ZLX1106366,TRAV,120153,Renewal,4/1/2025,4/1/2026,4/1/2025,12,Personal Auto,Private Passenger Auto,Erin Brennan,erin.brennan@insmail.com,"73436 Vargas Bridge, South Josephfort, AZ 64533",AZ,"73436 Vargas Bridge, South Josephfort, AZ 64533",2,2,,,,50/100,100000,500,500,2406.26,2406.26,1806.34,Direct Bill,,,FALSE,TRUE,599.92
NPX9247536,ALLS,120141,Rewrite,4/1/2025,4/1/2026,4/1/2025,12,Package,Commercial Package,Laura Kramer,laura.kramer@example.com,"35350 Dennis Highway, West Kevin, AR 97061",AR,"35350 Dennis Highway, West Kevin, AR 97061",,,,Fire Resistive,6,,,,,5990.63,5990.63,4497.08,Direct Bill,,,TRUE,TRUE,1493.55
NLB7120809,LIBM,120234,New,4/1/2025,4/1/2026,4/1/2025,12,Personal Auto,Private Passenger Auto,James Martin,james.martin@customer.net,"46248 Valentine Rapids, West Kristymouth, TX 94770",TX,"3923 Philip Bridge, Lake Emmaland, CA 88299",2,2,,,,50/100,50000,500,1000,1061.92,1061.92,797.17,Direct Bill,,,FALSE,TRUE,264.75
YRV6974859,ALLS,120295,New,4/1/2025,4/1/2026,4/1/2025,12,Personal Auto,Private Passenger Auto,Tiffany Taylor,tiffany.taylor@mail.com,"873 Scott Island, North Melissaberg, GA 14745",GA,"63832 Price Greens Suite 536, Dustinmouth, GA 52994",2,2,,,,25/50,100000,500,500,2932.8,2932.8,2201.61,Direct Bill,,,FALSE,TRUE,731.19
GZS6817177,GEIC,120212,Renewal,4/1/2025,4/1/2026,4/1/2025,12,WC,Workers Compensation,Haley Reynolds,haley.reynolds@mail.com,"80663 Hall Plains Apt. 581, Port Patriciatown, MD 54201",MD,"80663 Hall Plains Apt. 581, Port Patriciatown, MD 54201",,,,,,,,,,2000,2000,1501.37,Direct Bill,,,FALSE,FALSE,498.63
UAD9252968,LIBM,120070,New,4/1/2025,4/1/2026,4/1/2025,12,Personal Auto,Private Passenger Auto,Heather Bell,heather.bell@mail.com,"1109 Elliott Islands, Josemouth, RI 09660",RI,"1109 Elliott Islands, Josemouth, RI 09660",2,2,,,,25/50,25000,500,500,2225.06,2225.06,1670.32,Direct Bill,,,FALSE,TRUE,554.74
SET5041311,GEIC,120045,New,4/1/2025,4/1/2026,4/1/2025,12,Personal Auto,Private Passenger Auto,Valerie Wood,valerie.wood@example.com,"851 Ashley Shoal Apt. 121, Ramosland, MA 73019",MA,"851 Ashley Shoal Apt. 121, Ramosland, MA 73019",4,2,,,,50/100,50000,500,250,1521.79,1521.79,1142.38,Direct Bill,,,FALSE,TRUE,379.41
DRB2626151,AMFA,120124,Renewal,4/1/2025,4/1/2026,4/1/2025,12,WC,Workers Compensation,Elizabeth Jones,elizabeth.jones@customer.net,"794 Pamela Light, New Georgefort, GA 94380",GA,"794 Pamela Light, New Georgefort, GA 94380",,,,,,,,,,3180.03,3180.03,2387.2,Direct Bill,,,FALSE,TRUE,792.83
WWA4374117,AMFA,120178,New,4/1/2025,4/1/2026,4/1/2025,12,Personal Auto,Private Passenger Auto,Tiffany Campbell,tiffany.campbell@policyhub.org,"67644 Smith Highway Apt. 097, Lake Jennifer, VI 82417",VI,"67644 Smith Highway Apt. 097, Lake Jennifer, VI 82417",3,1,,,,50/100,500000,1000,1000,561.65,561.65,421.62,Direct Bill,,,FALSE,TRUE,140.03
NMG3424313,HART,120120,New,4/1/2025,4/1/2026,4/1/2025,12,Personal Auto,Private Passenger Auto,Jennifer Thompson,jennifer.thompson@insmail.com,"74253 Stone Branch Suite 710, North Courtneyfurt, MO 43403",MO,"74253 Stone Branch Suite 710, North Courtneyfurt, MO 43403",2,1,,,,50/100,100000,500,2500,1311.14,1311.14,984.25,Direct Bill,,,FALSE,TRUE,326.89
UGW9055420,NATI,120193,Renewal,4/1/2025,4/1/2026,4/1/2025,12,Homeowners,HO3,Nicole Dean,nicole.dean@insmail.com,"99122 Hickman Crossroad, New Jeffery, NH 45455",NH,"99122 Hickman Crossroad, New Jeffery, NH 45455",,,1973,Non-Combustible,5,,,,,1310.3,1310.3,983.62,Direct Bill,,,FALSE,TRUE,326.68
CRG9756460,AMFA,120131,Renewal,4/1/2025,4/1/2026,4/1/2025,12,Personal Auto,Private Passenger Auto,David Underwood,david.underwood@policyhub.org,"0297 Webb Trail Apt. 635, Harrismouth, MS 90971",MS,"0297 Webb Trail Apt. 635, Harrismouth, MS 90971",1,3,,,,50/100,100000,250,500,1451.49,1451.49,1089.61,Agency Bill,,,FALSE,TRUE,361.88
XNG0865241,LIBM,120017,Endorsement,4/1/2025,4/1/2026,7/19/2025,12,Umbrella,Personal Umbrella,Kerri Hoover,kerri.hoover@customer.net,"68998 Sheri Harbors, Taylorport, TX 20464",TX,"4098 Eric Road, West Joe, AR 90625",,,,,,,,,,400.63,-14.51,300.75,Direct Bill,,,FALSE,TRUE,99.88
BJU0422808,LIBM,120194,Renewal,4/1/2025,4/1/2026,4/1/2025,12,WC,Workers Compensation,Vanessa Joyce,vanessa.joyce@customer.net,"4213 Zimmerman Highway Suite 219, Johnfort, NE 82980",NE,"4213 Zimmerman Highway Suite 219, Johnfort, NE 82980",,,,,,,,,,9530.98,9530.98,7154.76,Direct Bill,,,FALSE,TRUE,2376.22
VZX5964423,PRGS,120270,Renewal,4/1/2025,4/1/2026,4/1/2025,12,WC,Workers Compensation,Garrett Cohen,garrett.cohen@mail.com,"1330 Heather Neck, Dodsonborough, AK 71463",AK,"1330 Heather Neck, Dodsonborough, AK 71463",,,,,,,,,,3587.85,3587.85,2693.34,Agency Bill,,,FALSE,TRUE,894.51
SPH9498954,GEIC,120114,Renewal,4/1/2025,4/1/2026,4/1/2025,12,Homeowners,HO3,Brandon Schmidt,brandon.schmidt@insmail.com,"34012 Esparza Dale Suite 063, East Michaelshire, WA 99465",WA,"34012 Esparza Dale Suite 063, East Michaelshire, WA 99465",,,1999,Frame,3,,,,,987.72,987.72,741.47,Direct Bill,,,FALSE,TRUE,246.25
NHP0615304,GEIC,120025,Renewal,4/1/2025,4/1/2026,4/1/2025,12,BOP,Businessowners,Jessica Spencer,jessica.spencer@example.com,"72042 Alicia Drive Suite 539, West Alexiston, SC 55223",SC,"72042 Alicia Drive Suite 539, West Alexiston, SC 55223",,,,Fire Resistive,6,,,,,1500,1500,1126.03,Direct Bill,,,FALSE,TRUE,373.97
XAB3195191,PRGS,120292,New,4/1/2025,4/1/2026,4/1/2025,12,Personal Auto,Private Passenger Auto,Krystal Solis,krystal.solis@customer.net,"20858 Tina Shores Apt. 630, New Glenn, ID 50130",ID,"20858 Tina Shores Apt. 630, New Glenn, ID 50130",2,3,,,,50/100,250000,1000,1000,983.26,983.26,738.12,Agency Bill,,,FALSE,FALSE,245.14
HXP6022178,TRAV,120057,Renewal,4/1/2025,4/1/2026,4/1/2025,12,BOP,Businessowners,Mitchell Moore,mitchell.moore@policyhub.org,"06616 Mills Ranch Apt. 140, Blackburnton, MA 29984",MA,"06616 Mills Ranch Apt. 140, Blackburnton, MA 29984",,,,Masonry Veneer,10,,,,,8442.44,8442.44,6337.61,Direct Bill,,,FALSE,TRUE,2104.83
DTK4512217,TRAV,120005,Renewal,4/1/2025,4/1/2026,4/1/2025,12,BOP,Businessowners,Joseph Stevens,joseph.stevens@mail.com,"4651 Chris Point, Brianmouth, NV 24508",NV,"4651 Chris Point, Brianmouth, NV 24508",,,,Joisted Masonry,3,,,,,2506.03,2506.03,1881.24,Direct Bill,,,FALSE,FALSE,624.79
JVY4302560,TRAV,120073,Renewal,4/1/2025,4/1/2026,4/1/2025,12,Homeowners,HO3,Rachael Smith,rachael.smith@customer.net,"7018 Carol Orchard Apt. 284, West Amyhaven, UT 81433",UT,"7018 Carol Orchard Apt. 284, West Amyhaven, UT 81433",,,2005,Joisted Masonry,4,,,,,1191.74,1191.74,894.62,Direct Bill,,,FALSE,TRUE,297.12
BJN5826954,TRAV,120063,Renewal,4/1/2025,4/1/2026,4/1/2025,12,Homeowners,HO3,Heather Diaz,heather.diaz@insmail.com,"30885 Collins Crossing, Evanschester, DC 54678",DC,"30885 Collins Crossing, Evanschester, DC 54678",,,2004,Frame,8,,,,,2143.69,2143.69,1609.24,Direct Bill,,,FALSE,TRUE,534.45
GRX1893120,PRGS,120178,Cancel,4/1/2025,2/25/2026,2/25/2026,12,Package,Commercial Package,Sandra Chambers,sandra.chambers@policyhub.org,"4946 Douglas Overpass, Johnstad, MN 29245",MN,"37824 Denise Road, Lewisborough, WV 03255",,,,Non-Combustible,7,,,,,13115.74,0,10890.04,Agency Bill,10/2/2022,,FALSE,TRUE,2225.7
JMC1701473,NATI,120210,Renewal,4/1/2025,4/1/2026,4/1/2025,12,WC,Workers Compensation,Michelle Greene,michelle.greene@customer.net,"357 Kim Lane, Port Laurenmouth, GU 34176",GU,"357 Kim Lane, Port Laurenmouth, GU 34176",,,,,,,,,,2000,2000,1501.37,Direct Bill,,,FALSE,FALSE,498.63
RRZ3442214,HART,120257,New,4/1/2025,4/1/2026,4/1/2025,12,Personal Auto,Private Passenger Auto,Joel Graves,joel.graves@policyhub.org,"6364 Mason Prairie Apt. 850, Jameschester, NC 32476",NC,"509 Grant Dale, North Michael, MS 46401",2,3,,,,50/100,50000,500,1000,1043.27,1043.27,783.17,Direct Bill,,,FALSE,TRUE,260.1
HYA5282421,ALLS,120005,Renewal,4/1/2025,4/1/2026,4/1/2025,12,Homeowners,HO3,Erica Mills,erica.mills@customer.net,"292 Hughes Run, Jeffersonstad, MO 84994",MO,"292 Hughes Run, Jeffersonstad, MO 84994",,,2003,Frame,6,,,,,7000,7000,5254.79,Direct Bill,,,FALSE,FALSE,1745.21
HEL1476713,ALLS,120164,Renewal,4/1/2025,4/1/2026,4/1/2025,12,Homeowners,HO3,Danielle Kline,danielle.kline@example.com,"4344 Velasquez Vista, Coxland, VA 72766",VA,"4344 Velasquez Vista, Coxland, VA 72766",,,2012,Fire Resistive,9,,,,,2785.6,2785.6,2091.11,Direct Bill,,,FALSE,FALSE,694.49
SPX3653906,GEIC,120240,Renewal,4/1/2025,4/1/2026,4/1/2025,12,BOP,Businessowners,Charles Zuniga,charles.zuniga@policyhub.org,"083 Jacqueline Shoals, East Christianmouth, TX 99492",TX,"0812 Morgan Locks Suite 364, Fitzgeraldport, MD 40356",,,,Non-Combustible,3,,,,,2861.43,2861.43,2148.03,Direct Bill,,,FALSE,FALSE,713.4
VNX2244271,ALLS,120084,Endorsement,4/1/2025,4/1/2026,11/9/2025,12,Umbrella,Personal Umbrella,Wendy Watson,wendy.watson@insmail.com,"664 Chris Plain, New Aliciaside, IN 54778",IN,"664 Chris Plain, New Aliciaside, IN 54778",,,,,,,,,,306.28,38.31,229.92,Direct Bill,,,FALSE,TRUE,76.36
YLW8015700,NATI,120238,New,4/1/2025,4/1/2026,4/1/2025,12,Personal Auto,Private Passenger Auto,Tracy Walker,tracy.walker@example.com,"3816 Holly Corner Suite 071, South Jeffreychester, NM 72405",NM,"3816 Holly Corner Suite 071, South Jeffreychester, NM 72405",2,3,,,,50/100,250000,1000,1000,2259.17,2259.17,1695.92,Direct Bill,,,FALSE,TRUE,563.25
WPR0678169,GEIC,120271,New,4/1/2025,4/1/2026,4/1/2025,12,Personal Auto,Private Passenger Auto,Brian Salinas,brian.salinas@policyhub.org,"06705 Gross Knoll Suite 917, West Jessicamouth, VI 41067",VI,"09625 Brown Mount Apt. 594, New Bradley, GA 27412",2,2,,,,50/100,100000,1000,250,2469.99,2469.99,1854.18,Direct Bill,,,FALSE,TRUE,615.81
BWK9004086,LIBM,120298,Renewal,4/1/2025,4/1/2026,4/1/2025,12,Homeowners,HO3,Ryan Castro,ryan.castro@policyhub.org,"4879 Kimberly Fort Apt. 719, East Josephchester, IN 28400",IN,"4879 Kimberly Fort Apt. 719, East Josephchester, IN 28400",,,1999,Masonry,3,,,,,727.29,727.29,545.97,Agency Bill,,,FALSE,TRUE,181.32
XTN9527131,LIBM,120105,Renewal,4/1/2025,4/1/2026,4/1/2025,12,Homeowners,HO3,Mark Graham,mark.graham@example.com,"83188 Martinez Lakes, Coletown, OH 45823",OH,"83188 Martinez Lakes, Coletown, OH 45823",,,2008,Masonry,7,,,,,1804.91,1804.91,1354.92,Direct Bill,,,FALSE,FALSE,449.99
NEN6288047,LIBM,120248,Renewal,4/1/2025,4/1/2026,4/1/2025,12,Homeowners,HO3,Calvin Ortega,calvin.ortega@mail.com,"2090 Jennifer Squares Apt. 962, East Jenniferside, AR 68823",AR,"2090 Jennifer Squares Apt. 962, East Jenniferside, AR 68823",,,2017,Frame,6,,,,,2629.63,2629.63,1974.02,Direct Bill,,,FALSE,TRUE,655.61
VSR1761626,GEIC,120256,Renewal,4/1/2025,4/1/2026,4/1/2025,12,WC,Workers Compensation,Chad Garrett,chad.garrett@customer.net,"787 Daniel Vista Apt. 463, Port Michaelfort, PR 75449",PR,"787 Daniel Vista Apt. 463, Port Michaelfort, PR 75449",,,,,,,,,,10352.09,10352.09,7771.16,Agency Bill,,,FALSE,TRUE,2580.93
RHJ2113481,ALLS,120189,Renewal,4/1/2025,4/1/2026,4/1/2025,12,Homeowners,HO3,Brent Robbins,brent.robbins@insmail.com,"630 April Junctions, East Adamstad, LA 29713",LA,"4305 Marc Plains Suite 309, Justinfurt, MS 91707",,,1992,Fire Resistive,4,,,,,551.97,551.97,414.36,Agency Bill,,,FALSE,TRUE,137.61
XWK0449630,LIBM,120180,Renewal,4/1/2025,4/1/2026,4/1/2025,12,WC,Workers Compensation,Jessica Young,jessica.young@customer.net,"0537 Eric Mews, Joneschester, WI 06243",WI,"0537 Eric Mews, Joneschester, WI 06243",,,,,,,,,,2000,2000,1501.37,Direct Bill,,,FALSE,TRUE,498.63
UUF9806746,AMFA,120219,New,4/1/2025,4/1/2026,4/1/2025,12,Personal Auto,Private Passenger Auto,Allison Jones,allison.jones@policyhub.org,"49247 Christopher Way Suite 915, Woodsshire, UT 60146",UT,"49247 Christopher Way Suite 915, Woodsshire, UT 60146",2,1,,,,25/50,100000,1000,500,1504.36,1504.36,1129.3,Agency Bill,,,FALSE,FALSE,375.06
JNS8232135,TRAV,120000,Renewal,4/1/2025,4/1/2026,4/1/2025,12,WC,Workers Compensation,Brenda Lloyd,brenda.lloyd@policyhub.org,"554 Craig Stream, East Rebecca, SC 94874",SC,"29091 Lucas Path, East Jenniferberg, MS 66440",,,,,,,,,,4577.53,4577.53,3436.28,Direct Bill,,,FALSE,FALSE,1141.25
CPN0796441,HART,120092,New,4/1/2025,4/1/2026,4/1/2025,12,Personal Auto,Private Passenger Auto,Jennifer Odonnell,jennifer.odonnell@insmail.com,"601 Everett Ford Apt. 171, North Laceyton, WA 23944",WA,"601 Everett Ford Apt. 171, North Laceyton, WA 23944",2,2,,,,25/50,100000,500,1000,1698.13,1698.13,1274.76,Direct Bill,,,FALSE,TRUE,423.37
GST4571174,HART,120101,Renewal,4/1/2025,4/1/2026,4/1/2025,12,BOP,Businessowners,Gary Ballard,gary.ballard@example.com,"8911 Todd Shoal Apt. 632, Bakerton, IA 27015",IA,"849 Armstrong Mountains Suite 647, Lake Kellyton, MT 46069",,,,Joisted Masonry,7,,,,,7714.43,7714.43,5791.11,Direct Bill,,,FALSE,TRUE,1923.32
EFD2543276,PRGS,120113,Renewal,4/1/2025,4/1/2026,4/1/2025,12,BOP,Businessowners,Richard Cole,richard.cole@example.com,"042 Elizabeth Road Suite 601, Lake John, AZ 89261",AZ,"042 Elizabeth Road Suite 601, Lake John, AZ 89261",,,,Joisted Masonry,7,,,,,3922.6,3922.6,2944.64,Agency Bill,,,FALSE,TRUE,977.96
WWM9642252,HART,120006,Renewal,4/1/2025,4/1/2026,4/1/2025,12,WC,Workers Compensation,James Ware,james.ware@policyhub.org,"2443 Doyle Inlet, Lake Bretthaven, NM 35911",NM,"2443 Doyle Inlet, Lake Bretthaven, NM 35911",,,,,,,,,,14169.61,14169.61,10636.91,Direct Bill,,,FALSE,TRUE,3532.7
RJF6505124,PRGS,120275,New,4/1/2025,4/1/2026,4/1/2025,12,Personal Auto,Private Passenger Auto,Aaron Marshall,aaron.marshall@insmail.com,"04797 Kelley Overpass Suite 818, East Hannah, GU 63846",GU,"04797 Kelley Overpass Suite 818, East Hannah, GU 63846",4,2,,,,50/100,100000,500,1000,1216.95,1216.95,913.55,Direct Bill,,,FALSE,TRUE,303.4
KNK6519070,AMFA,120014,Renewal,4/1/2025,4/1/2026,4/1/2025,12,BOP,Businessowners,Susan Sutton,susan.sutton@policyhub.org,"947 Matthew Ridge Suite 876, Ashleyberg, PA 74369",PA,"947 Matthew Ridge Suite 876, Ashleyberg, PA 74369",,,,Masonry Veneer,9,,,,,7541.6,7541.6,5661.37,Direct Bill,,,FALSE,TRUE,1880.23
KXW7679786,GEIC,120093,New,4/1/2025,4/1/2026,4/1/2025,12,Personal Auto,Private Passenger Auto,Natalie Berry,natalie.berry@mail.com,"59871 Joseph Roads, North Branditon, MT 39217",MT,"59871 Joseph Roads, North Branditon, MT 39217",1,4,,,,50/100,100000,1000,500,3047.05,3047.05,2287.37,Direct Bill,,,FALSE,TRUE,759.68
PDY5978517,GEIC,120183,Renewal,4/1/2025,4/1/2026,4/1/2025,12,BOP,Businessowners,Tina Jefferson,tina.jefferson@policyhub.org,"3674 Todd Shoal, Lake Erica, MA 01283",MA,"3674 Todd Shoal, Lake Erica, MA 01283",,,,Frame,7,,,,,14797.63,14797.63,11108.36,Direct Bill,,,FALSE,TRUE,3689.27
TKK2771098,FARM,120135,New,4/1/2025,4/1/2026,4/1/2025,12,Personal Auto,Private Passenger Auto,Daryl Martin,daryl.martin@policyhub.org,"29248 Joshua Land Suite 925, Port Darrenborough, VT 43222",VT,"29248 Joshua Land Suite 925, Port Darrenborough, VT 43222",1,1,,,,25/50,100000,500,250,562.79,562.79,422.48,Direct Bill,,,FALSE,TRUE,140.31
EKM2564777,GEIC,120120,Renewal,4/1/2025,4/1/2026,4/1/2025,12,Homeowners,HO3,Jill Rivera,jill.rivera@example.com,"7028 Timothy Circle, Lake Connor, MH 15484",MH,"7787 Hernandez Glen, Buchananmouth, MH 31157",,,1972,Non-Combustible,4,,,,,553.44,553.44,415.46,Direct Bill,,,FALSE,TRUE,137.98
BHA7489067,AMFA,120016,Endorsement,4/1/2025,4/1/2026,6/13/2025,12,Umbrella,Personal Umbrella,Nicholas Boyer,nicholas.boyer@customer.net,"2934 Ashley River, East Stacey, WA 52006",WA,"2934 Ashley River, East Stacey, WA 52006",,,,,,,,,,296.19,15.94,222.35,Direct Bill,,,FALSE,TRUE,73.84
MWL6073712,PRGS,120252,New,4/1/2025,4/1/2026,4/1/2025,12,Personal Auto,Private Passenger Auto,Gary Valdez,gary.valdez@example.com,"3906 Lopez River, East Nicholasfort, KS 89429",KS,"3906 Lopez River, East Nicholasfort, KS 89429",2,1,,,,50/100,100000,500,2500,1025.22,1025.22,769.62,Direct Bill,,,FALSE,TRUE,255.6
FXX2470216,HART,120246,New,4/1/2025,4/1/2026,4/1/2025,12,Personal Auto,Private Passenger Auto,Erin Brooks,erin.brooks@example.com,"0165 Gabrielle Knoll, West Joshua, PA 70605",PA,"0165 Gabrielle Knoll, West Joshua, PA 70605",3,2,,,,25/50,100000,500,500,1893.78,1893.78,1421.63,Direct Bill,,,FALSE,TRUE,472.15
ZUX8680278,CHUB,120280,Endorsement,4/1/2025,4/1/2026,7/11/2025,12,Umbrella,Personal Umbrella,Frances Moore,frances.moore@mail.com,"524 Jennifer Villages Apt. 232, Levinetown, NV 30090",NV,"524 Jennifer Villages Apt. 232, Levinetown, NV 30090",,,,,,,,,,632.21,-17.56,474.59,Agency Bill,,,FALSE,TRUE,157.62
FPE4207052,LIBM,120104,New,4/1/2025,4/1/2026,4/1/2025,12,Personal Auto,Private Passenger Auto,Bruce Wagner,bruce.wagner@insmail.com,"1983 Oconnor Valley, Nicholasberg, WA 02948",WA,"1983 Oconnor Valley, Nicholasberg, WA 02948",2,2,,,,50/100,100000,500,250,1857.48,1857.48,1394.38,Direct Bill,,,FALSE,TRUE,463.1
AHT0608522,CHUB,120033,Renewal,4/1/2025,4/1/2026,4/1/2025,12,Homeowners,HO3,Christopher Harris,christopher.harris@mail.com,"3468 Summers Stream, South Rebeccaton, PW 21960",PW,"1743 Simmons Villages Suite 279, Changburgh, CO 27059",,,1977,Frame,7,,,,,2177.53,2177.53,1634.64,Direct Bill,,,FALSE,FALSE,542.89
AVF8046574,HART,120276,Renewal,4/1/2025,4/1/2026,4/1/2025,12,Homeowners,HO3,Brian Reynolds,brian.reynolds@mail.com,"0997 Patel Route Suite 577, Laneshire, GU 68255",GU,"33536 Richardson Shore Suite 799, North Davidtown, SD 43558",,,1999,Masonry Veneer,7,,,,,2039.38,2039.38,1530.93,Agency Bill,,,FALSE,FALSE,508.45
AYK4735967,TRAV,120286,Renewal,4/1/2025,4/1/2026,4/1/2025,12,BOP,Businessowners,Selena Allen,selena.allen@policyhub.org,"0609 Jacob Drive, New Carl, GU 91972",GU,"0609 Jacob Drive, New Carl, GU 91972",,,,Frame,9,,,,,3785.37,3785.37,2841.62,Agency Bill,,,FALSE,FALSE,943.75
LGS3506154,GEIC,120037,Renewal,4/1/2025,4/1/2026,4/1/2025,12,BOP,Businessowners,Alexander Hernandez,alexander.hernandez@mail.com,"2361 Thomas Unions Apt. 051, Port Johnmouth, NY 91760",NY,"2361 Thomas Unions Apt. 051, Port Johnmouth, NY 91760",,,,Masonry Veneer,7,,,,,3587.24,3587.24,2692.89,Direct Bill,,,FALSE,TRUE,894.35
DMS9700827,TRAV,120081,Renewal,4/1/2025,4/1/2026,4/1/2025,12,WC,Workers Compensation,Jason Mckee,jason.mckee@customer.net,"74307 Austin Oval, Morenoshire, KY 66354",KY,"74307 Austin Oval, Morenoshire, KY 66354",,,,,,,,,,3900.93,3900.93,2928.37,Agency Bill,,,FALSE,TRUE,972.56
VPB1866080,TRAV,120200,Renewal,4/1/2025,4/1/2026,4/1/2025,12,WC,Workers Compensation,Beth Bush,beth.bush@insmail.com,"497 Kenneth Corners Apt. 370, Deannashire, ME 57588",ME,"497 Kenneth Corners Apt. 370, Deannashire, ME 57588",,,,,,,,,,2151.58,2151.58,1615.16,Agency Bill,,,FALSE,TRUE,536.42
ZCC1259410,TRAV,120004,Renewal,4/1/2025,4/1/2026,4/1/2025,12,WC,Workers Compensation,Michele Johnson,michele.johnson@insmail.com,"47594 Katie Springs, Erikaburgh, ME 31238",ME,"47594 Katie Springs, Erikaburgh, ME 31238",,,,,,,,,,2146.59,2146.59,1611.41,Direct Bill,,,FALSE,FALSE,535.18
NXS5022987,CHUB,120240,Renewal,4/1/2025,4/1/2026,4/1/2025,12,WC,Workers Compensation,Jason Obrien,jason.obrien@insmail.com,"0305 Robert Crossroad, Mitchellstad, IN 24777",IN,"3321 Lori Brooks Suite 885, New Deborah, CA 38778",,,,,,,,,,16634.15,16634.15,12487.01,Agency Bill,,,FALSE,TRUE,4147.14
ZNJ4962347,HART,120288,Endorsement,4/1/2025,4/1/2026,4/17/2025,12,Umbrella,Personal Umbrella,Jared Norris,jared.norris@mail.com,"83775 Jacobs Lakes Suite 698, Moodymouth, MP 03344",MP,"83775 Jacobs Lakes Suite 698, Moodymouth, MP 03344",,,,,,,,,,239.54,-1.43,179.82,Direct Bill,,,FALSE,TRUE,59.72
NWP5090782,NATI,120148,Renewal,4/1/2025,4/1/2026,4/1/2025,12,BOP,Businessowners,Kimberly Duran,kimberly.duran@mail.com,"0163 Castaneda Crossing, East Trevorberg, AL 41592",AL,"0163 Castaneda Crossing, East Trevorberg, AL 41592",,,,Frame,10,,,,,10360.09,10360.09,7777.16,Direct Bill,,,FALSE,TRUE,2582.93
FYJ9073950,AMFA,120025,Renewal,4/1/2025,4/1/2026,4/1/2025,12,BOP,Businessowners,Brandi Price,brandi.price@customer.net,"23604 Everett Way Apt. 093, Petersonmouth, WY 54608",WY,"5712 Caroline Trail, Joneshaven, CT 17880",,,,Frame,7,,,,,7780.74,7780.74,5840.88,Direct Bill,,,FALSE,TRUE,1939.86
BFN4479871,CHUB,120193,Renewal,4/1/2025,4/1/2026,4/1/2025,12,Personal Auto,Private Passenger Auto,Valerie Lyons,valerie.lyons@customer.net,"3576 Hickman Trail, Meganburgh, GU 40129",GU,"3576 Hickman Trail, Meganburgh, GU 40129",2,2,,,,50/100,100000,1000,250,1645.2,1645.2,1235.03,Direct Bill,,,FALSE,TRUE,410.17
MJU6567841,ALLS,120187,Renewal,4/1/2025,4/1/2026,4/1/2025,12,BOP,Businessowners,Aaron Frazier,aaron.frazier@customer.net,"39519 Denise Mountain, Port Nicoleville, MD 40732",MD,"39519 Denise Mountain, Port Nicoleville, MD 40732",,,,Frame,6,,,,,6063.97,6063.97,4552.13,Direct Bill,,,FALSE,TRUE,1511.84
JTG3849253,TRAV,120177,New,4/1/2025,4/1/2026,4/1/2025,12,Personal Auto,Private Passenger Auto,Samuel Rivera,samuel.rivera@mail.com,"9654 Vanessa Island, Lake Michael, OR 88813",OR,"9654 Vanessa Island, Lake Michael, OR 88813",4,1,,,,50/100,100000,1000,500,1493.78,1493.78,1121.36,Direct Bill,,,FALSE,TRUE,372.42
VXS3172460,LIBM,120151,Renewal,4/1/2025,4/1/2026,4/1/2025,12,Homeowners,HO3,James Gibson,james.gibson@example.com,"364 Willis Parkways, Marcland, WV 09143",WV,"364 Willis Parkways, Marcland, WV 09143",,,1992,Masonry Veneer,7,,,,,3376.24,3376.24,2534.49,Agency Bill,,,FALSE,TRUE,841.75
ECY7212229,TRAV,120276,New,4/1/2025,4/1/2026,4/1/2025,12,Personal Auto,Private Passenger Auto,Rhonda Butler,rhonda.butler@customer.net,"5629 Sara Valleys Apt. 167, Wagnertown, MN 50757",MN,"2829 Bruce Locks, North Donaldtown, MN 40680",1,2,,,,25/50,250000,500,1000,1766.59,1766.59,1326.15,Direct Bill,,,FALSE,TRUE,440.44
LMH2282520,ALLS,120216,Renewal,4/1/2025,4/1/2026,4/1/2025,12,BOP,Businessowners,Diana Harmon,diana.harmon@example.com,"22770 Alvarez Overpass, Lake Laura, IN 39496",IN,"15507 Elizabeth Groves, Alejandrohaven, OH 10327",,,,Frame,5,,,,,2530.51,2530.51,1899.62,Direct Bill,,,FALSE,TRUE,630.89
VVB7357190,TRAV,120158,Renewal,4/1/2025,4/1/2026,4/1/2025,12,Homeowners,HO3,Timothy Guerra,timothy.guerra@example.com,"6245 Turner Center Apt. 582, East Mariaside, AS 54757",AS,"6245 Turner Center Apt. 582, East Mariaside, AS 54757",,,1974,Non-Combustible,3,,,,,1039.48,1039.48,780.32,Agency Bill,,,FALSE,TRUE,259.16
EAT3047738,GEIC,120139,Endorsement,4/1/2025,4/1/2026,11/28/2025,12,Umbrella,Personal Umbrella,Christopher Henderson,christopher.henderson@mail.com,"1794 Young Land, Molinaland, MO 18554",MO,"1794 Young Land, Molinaland, MO 18554",,,,,,,,,,532.62,-31.03,399.83,Direct Bill,,,FALSE,TRUE,132.79
KHH8204137,AMFA,120090,New,4/1/2025,4/1/2026,4/1/2025,12,Personal Auto,Private Passenger Auto,Jonathan Rowe,jonathan.rowe@customer.net,"2997 Michelle Spring Suite 674, Lake Francisco, ME 03329",ME,"2997 Michelle Spring Suite 674, Lake Francisco, ME 03329",3,2,,,,25/50,50000,2500,500,901.51,901.51,676.75,Direct Bill,,,FALSE,TRUE,224.76
DWN3455411,TRAV,120286,Renewal,4/1/2025,4/1/2026,4/1/2025,12,WC,Workers Compensation,Joann Schwartz,joann.schwartz@policyhub.org,"164 Hernandez Radial Suite 997, Colemanstad, RI 41622",RI,"164 Hernandez Radial Suite 997, Colemanstad, RI 41622",,,,,,,,,,11365.55,11365.55,8531.95,Direct Bill,,,FALSE,FALSE,2833.6
FDX8201807,NATI,120223,New,4/1/2025,4/1/2026,4/1/2025,12,Personal Auto,Private Passenger Auto,Susan Brown,susan.brown@mail.com,"8785 Ashley Plaza, Nicholasborough, MO 58983",MO,"8785 Ashley Plaza, Nicholasborough, MO 58983",4,3,,,,50/100,100000,250,2500,1350.17,1350.17,1013.55,Direct Bill,,,FALSE,TRUE,336.62
SZZ3681747,PRGS,120149,New,4/1/2025,4/1/2026,4/1/2025,12,Personal Auto,Private Passenger Auto,Samantha Jones,samantha.jones@customer.net,"455 Walter Club Apt. 767, Gloverberg, IL 69330",IL,"455 Walter Club Apt. 767, Gloverberg, IL 69330",2,3,,,,25/50,100000,500,1000,1727.85,1727.85,1297.07,Direct Bill,,,FALSE,TRUE,430.78
GVC7894082,GEIC,120020,Renewal,4/1/2025,4/1/2026,4/1/2025,12,BOP,Businessowners,Brett Roberts,brett.roberts@policyhub.org,"17817 Dwayne Pine Apt. 874, Wilsonville, PA 79831",PA,"17817 Dwayne Pine Apt. 874, Wilsonville, PA 79831",,,,Non-Combustible,7,,,,,7260.55,7260.55,5450.39,Agency Bill,,,FALSE,FALSE,1810.16
NYT3869557,TRAV,120061,Endorsement,4/1/2025,4/1/2026,5/21/2025,12,Umbrella,Personal Umbrella,Bryan Stanton,bryan.stanton@example.com,"25684 Colin Islands, South Jessica, NY 01373",NY,"29100 Williams Avenue Suite 479, South Danielberg, PW 04488",,,,,,,,,,430.96,-20.26,323.52,Agency Bill,,,FALSE,TRUE,107.44
GZA9943326,TRAV,120260,Renewal,4/1/2025,4/1/2026,4/1/2025,12,Personal Auto,Private Passenger Auto,Todd Arnold,todd.arnold@insmail.com,"4881 Derek Brook, New Jenniferbury, MN 40363",MN,"20024 Katie Island Suite 976, Port Glenview, ID 80981",3,3,,,,50/100,100000,250,1000,1736.19,1736.19,1303.33,Agency Bill,,,FALSE,FALSE,432.86
SHL6263821,FARM,120119,Renewal,4/1/2025,4/1/2026,4/1/2025,12,WC,Workers Compensation,Michael Stone,michael.stone@mail.com,"354 Calvin Corners, Lake Jesse, MS 85628",MS,"354 Calvin Corners, Lake Jesse, MS 85628",,,,,,,,,,8814.41,8814.41,6616.84,Direct Bill,,,FALSE,TRUE,2197.57
UFC9444709,GEIC,120061,Endorsement,4/1/2025,4/1/2026,3/5/2026,12,Umbrella,Personal Umbrella,Matthew Jones,matthew.jones@customer.net,"81976 Potter Courts, Maxton, WI 26064",WI,"81976 Potter Courts, Maxton, WI 26064",,,,,,,,,,328,-14.54,246.22,Direct Bill,,,FALSE,TRUE,81.78
TFA8716330,FARM,120152,New,4/1/2025,4/1/2026,4/1/2025,12,Personal Auto,Private Passenger Auto,Brent Weiss,brent.weiss@mail.com,"7965 Matthew Mountains, Lake David, MT 91761",MT,"7965 Matthew Mountains, Lake David, MT 91761",3,1,,,,25/50,50000,500,2500,1195.86,1195.86,897.71,Direct Bill,,,FALSE,TRUE,298.15
AAT1803598,ALLS,120168,New,4/1/2025,4/1/2026,4/1/2025,12,Personal Auto,Private Passenger Auto,Angela Tanner,angela.tanner@example.com,"642 Holloway Light, Lake Zachary, VT 33456",VT,"642 Holloway Light, Lake Zachary, VT 33456",3,1,,,,50/100,100000,500,500,1034.15,1034.15,776.32,Direct Bill,,,FALSE,TRUE,257.83
UEC5643408,LIBM,120237,Endorsement,4/1/2025,4/1/2026,8/21/2025,12,Umbrella,Personal Umbrella,Jennifer Olsen,jennifer.olsen@mail.com,"2701 Christine Avenue Apt. 108, Allenport, WY 17059",WY,"2701 Christine Avenue Apt. 108, Allenport, WY 17059",,,,,,,,,,213.14,-3.08,160,Direct Bill,,,FALSE,TRUE,53.14
UZU5470273,TRAV,120290,New,4/1/2025,4/1/2026,4/1/2025,12,Personal Auto,Private Passenger Auto,Mary Lamb,mary.lamb@insmail.com,"149 Kaylee Valleys Apt. 364, Williamsside, CT 03483",CT,"149 Kaylee Valleys Apt. 364, Williamsside, CT 03483",2,2,,,,50/100,50000,500,250,1793.81,1793.81,1346.59,Direct Bill,,,FALSE,TRUE,447.22
YBU7101013,CHUB,120055,Renewal,4/1/2025,4/1/2026,4/1/2025,12,Homeowners,HO3,Mario Short,mario.short@insmail.com,"645 Howard Fall Suite 371, South Kevinton, WI 43873",WI,"645 Howard Fall Suite 371, South Kevinton, WI 43873",,,1967,Masonry,7,,,,,537.73,537.73,403.67,Agency Bill,,,FALSE,TRUE,134.06
TDJ6675290,TRAV,120125,Renewal,4/1/2025,4/1/2026,4/1/2025,12,BOP,Businessowners,Brandon Morgan,brandon.morgan@policyhub.org,"99640 Darren Ranch Suite 052, Tiffanyshire, MS 24402",MS,"99640 Darren Ranch Suite 052, Tiffanyshire, MS 24402",,,,Masonry,10,,,,,6685.81,6685.81,5018.94,Agency Bill,,,FALSE,TRUE,1666.87
RME0960917,FARM,120051,New,4/1/2025,4/1/2026,4/1/2025,12,Personal Auto,Private Passenger Auto,Cody Proctor,cody.proctor@policyhub.org,"15755 Brown Street Suite 551, West Emilyside, ME 08987",ME,"15755 Brown Street Suite 551, West Emilyside, ME 08987",1,1,,,,50/100,100000,500,500,1160.25,1160.25,870.98,Direct Bill,,,FALSE,TRUE,289.27
ELY1905229,HART,120046,Renewal,4/1/2025,4/1/2026,4/1/2025,12,Personal Auto,Private Passenger Auto,Joshua Greene,joshua.greene@policyhub.org,"77526 Ashlee Square Apt. 949, West Sean, SD 61675",SD,"9003 Raymond Motorway Suite 001, South Ryan, AL 09530",3,2,,,,50/100,25000,1000,1000,2553.07,2553.07,1916.55,Direct Bill,,,FALSE,TRUE,636.52
FUS2132125,NATI,120297,Renewal,4/1/2025,4/1/2026,4/1/2025,12,BOP,Businessowners,Nicholas Harrison,nicholas.harrison@insmail.com,"000 Bailey Street Suite 726, Port Whitney, HI 76282",HI,"000 Bailey Street Suite 726, Port Whitney, HI 76282",,,,Frame,7,,,,,2162.24,2162.24,1623.16,Direct Bill,,,FALSE,TRUE,539.08
SWW9720970,TRAV,120070,Renewal,4/1/2025,4/1/2026,4/1/2025,12,WC,Workers Compensation,Jessica Allen,jessica.allen@customer.net,"3915 Kristen Ways Apt. 277, Rebekahview, AL 11136",AL,"3915 Kristen Ways Apt. 277, Rebekahview, AL 11136",,,,,,,,,,2466.62,2466.62,1851.65,Direct Bill,,,FALSE,TRUE,614.97
NMU1612218,ALLS,120029,Renewal,4/1/2025,4/1/2026,4/1/2025,12,BOP,Businessowners,George Armstrong,george.armstrong@insmail.com,"3449 Harper Ways, Morrismouth, DC 39749",DC,"87633 Linda Crossroad, Collinston, RI 26119",,,,Frame,1,,,,,6637.87,6637.87,4982.95,Direct Bill,,,FALSE,TRUE,1654.92
GXP1959256,TRAV,120034,Renewal,4/1/2025,4/1/2026,4/1/2025,12,BOP,Businessowners,John Case,john.case@example.com,"11301 Jackson Lodge Suite 702, Millsview, PA 60692",PA,"11301 Jackson Lodge Suite 702, Millsview, PA 60692",,,,Masonry Veneer,6,,,,,3725.93,3725.93,2797,Direct Bill,,,FALSE,TRUE,928.93
TTA3291570,PRGS,120079,Renewal,4/1/2025,4/1/2026,4/1/2025,12,BOP,Businessowners,Lindsey Mathis,lindsey.mathis@example.com,"26955 Evans Station, Hubbardton, SC 06699",SC,"6571 Beth Rue Suite 970, Lake Tiffany, CA 61583",,,,Joisted Masonry,7,,,,,1624.24,1624.24,1219.29,Direct Bill,,,FALSE,TRUE,404.95
EJK8029913,NATI,120038,New,4/1/2025,4/1/2026,4/1/2025,12,Personal Auto,Private Passenger Auto,Andrew Moreno,andrew.moreno@insmail.com,"0831 Erika Ridges, East Calvinchester, ID 72631",ID,"0831 Erika Ridges, East Calvinchester, ID 72631",1,3,,,,50/100,100000,500,250,2952.44,2952.44,2216.35,Direct Bill,,,FALSE,TRUE,736.09
EFX2703517,TRAV,120271,Renewal,4/1/2025,4/1/2026,4/1/2025,12,WC,Workers Compensation,Dawn Alvarez,dawn.alvarez@insmail.com,"5083 Patrick Mission Apt. 930, Bradleybury, ID 59274",ID,"5083 Patrick Mission Apt. 930, Bradleybury, ID 59274",,,,,,,,,,9875.35,9875.35,7413.28,Direct Bill,,,FALSE,TRUE,2462.07
LLY8211541,GEIC,120287,New,4/1/2025,4/1/2026,4/1/2025,12,Personal Auto,Private Passenger Auto,Courtney Dalton,courtney.dalton@customer.net,"704 Kelly Passage Apt. 117, Tarabury, MT 92076",MT,"704 Kelly Passage Apt. 117, Tarabury, MT 92076",1,1,,,,50/100,25000,250,2500,821.24,821.24,616.49,Direct Bill,,,FALSE,TRUE,204.75
WFP6496634,CHUB,120268,Renewal,4/1/2025,4/1/2026,4/1/2025,12,BOP,Businessowners,Robert Davis,robert.davis@policyhub.org,"995 Fisher Forest, Frankfort, MN 10902",MN,"00910 Sean Passage Apt. 811, West Ian, SD 48731",,,,Joisted Masonry,6,,,,,5061.5,5061.5,3799.59,Agency Bill,,,FALSE,FALSE,1261.91
TGL3391895,FARM,120164,Renewal,4/1/2025,4/1/2026,4/1/2025,12,Homeowners,HO3,Wanda Anderson,wanda.anderson@customer.net,"7931 Tucker Causeway Suite 081, Kellyfurt, VT 36452",VT,"7931 Tucker Causeway Suite 081, Kellyfurt, VT 36452",,,1975,Frame,7,,,,,1987.27,1987.27,1491.81,Direct Bill,,,FALSE,TRUE,495.46
NUU4252791,PRGS,120234,Renewal,4/1/2025,4/1/2026,4/1/2025,12,Homeowners,HO3,Kevin Thompson,kevin.thompson@mail.com,"989 Dominguez Cove, North Douglas, OH 77496",OH,"989 Dominguez Cove, North Douglas, OH 77496",,,2016,Joisted Masonry,5,,,,,3162.66,3162.66,2374.16,Direct Bill,,,FALSE,TRUE,788.5
WJM0885949,HART,120101,Renewal,4/1/2025,4/1/2026,4/1/2025,12,BOP,Businessowners,Kenneth White,kenneth.white@mail.com,"14605 Duran Lodge Suite 677, Escobarmouth, MD 07540",MD,"14605 Duran Lodge Suite 677, Escobarmouth, MD 07540",,,,Frame,6,,,,,3417.09,3417.09,2565.16,Direct Bill,,,FALSE,TRUE,851.93
PZF2344591,ALLS,120115,Reinstate,4/1/2025,4/1/2026,9/22/2025,12,Package,Commercial Package,Alejandro Johnson,alejandro.johnson@insmail.com,"902 Hill Burg, Dillonfort, VI 51903",VI,"902 Hill Burg, Dillonfort, VI 51903",,,,Masonry,5,,,,,3194.19,0,2397.83,Direct Bill,,12/23/2021,FALSE,TRUE,796.36
PYL5252389,LIBM,120095,New,4/1/2025,4/1/2026,4/1/2025,12,Personal Auto,Private Passenger Auto,Carlos Wood,carlos.wood@insmail.com,"83308 Michael Gardens, North Brianberg, GA 62405",GA,"83308 Michael Gardens, North Brianberg, GA 62405",2,2,,,,50/100,500000,1000,500,1348.17,1348.17,1012.05,Agency Bill,,,FALSE,TRUE,336.12
BZG7486604,NATI,120286,Renewal,4/1/2025,4/1/2026,4/1/2025,12,WC,Workers Compensation,Jacob Hayes,jacob.hayes@policyhub.org,"31364 Vanessa Crossing, South Shannon, UT 22641",UT,"31364 Vanessa Crossing, South Shannon, UT 22641",,,,,,,,,,7099.68,7099.68,5329.62,Direct Bill,,,FALSE,TRUE,1770.06
NEP7065731,FARM,120175,Renewal,4/1/2025,4/1/2026,4/1/2025,12,Homeowners,HO3,Olivia Taylor,olivia.taylor@example.com,"3248 Garcia Grove, Mccoystad, MN 32756",MN,"3248 Garcia Grove, Mccoystad, MN 32756",,,2010,Joisted Masonry,5,,,,,1842.55,1842.55,1383.17,Direct Bill,,,FALSE,TRUE,459.38
CPD8499303,PRGS,120274,Renewal,4/1/2025,4/1/2026,4/1/2025,12,Personal Auto,Private Passenger Auto,Morgan Schmitt,morgan.schmitt@insmail.com,"6424 Sandra Island Apt. 121, Shaneton, DC 71105",DC,"6424 Sandra Island Apt. 121, Shaneton, DC 71105",3,1,,,,50/100,50000,1000,250,671.42,671.42,504.02,Direct Bill,,,FALSE,TRUE,167.4
EEZ0704647,PRGS,120286,Renewal,4/1/2025,4/1/2026,4/1/2025,12,Homeowners,HO3,Jacqueline Jones,jacqueline.jones@insmail.com,"0266 Walker Vista, Austinland, IN 93625",IN,"0266 Walker Vista, Austinland, IN 93625",,,2000,Frame,10,,,,,768.84,768.84,577.16,Direct Bill,,,FALSE,TRUE,191.68
YRA8384841,PRGS,120124,Endorsement,4/1/2025,4/1/2026,10/3/2025,12,Umbrella,Personal Umbrella,Lindsay Davis,lindsay.davis@example.com,"39675 Jamie Streets Suite 928, New Thomasport, ME 38455",ME,"39675 Jamie Streets Suite 928, New Thomasport, ME 38455",,,,,,,,,,593.66,-27.44,445.65,Direct Bill,,,FALSE,TRUE,148.01
DHS2641000,PRGS,120119,New,4/1/2025,4/1/2026,4/1/2025,12,Personal Auto,Private Passenger Auto,Michael Chang,michael.chang@customer.net,"56039 Palmer Forks Apt. 796, East Laurenborough, AK 91718",AK,"8006 Parks Alley, North Crystaltown, PW 78601",3,2,,,,50/100,100000,1000,2500,1652.94,1652.94,1240.84,Agency Bill,,,FALSE,TRUE,412.1
XWX7055495,ALLS,120082,Renewal,4/1/2025,4/1/2026,4/1/2025,12,WC,Workers Compensation,Lisa Norris,lisa.norris@customer.net,"0217 Woods Circle Apt. 433, Mendozaville, SD 17928",SD,"0217 Woods Circle Apt. 433, Mendozaville, SD 17928",,,,,,,,,,5367.2,5367.2,4029.08,Direct Bill,,,FALSE,TRUE,1338.12
FAN2112979,ALLS,120094,New,4/1/2025,4/1/2026,4/1/2025,12,Personal Auto,Private Passenger Auto,Todd Wilson,todd.wilson@example.com,"9093 Ochoa Run, Barkerport, NH 03120",NH,"9093 Ochoa Run, Barkerport, NH 03120",3,2,,,,50/100,250000,1000,2500,834.02,834.02,626.09,Direct Bill,,,FALSE,TRUE,207.93
RFD7627251,TRAV,120286,Renewal,4/1/2025,4/1/2026,4/1/2025,12,BOP,Businessowners,Shelley Smith,shelley.smith@customer.net,"033 Rogers Course Suite 613, North Ruthburgh, VI 23343",VI,"033 Rogers Course Suite 613, North Ruthburgh, VI 23343",,,,Frame,8,,,,,4740.05,4740.05,3558.28,Direct Bill,,,FALSE,TRUE,1181.77
FVF9110824,NATI,120236,Renewal,4/1/2025,4/1/2026,4/1/2025,12,Personal Auto,Private Passenger Auto,Matthew Delgado,matthew.delgado@mail.com,"19631 Sarah Park Apt. 877, East Kevin, CA 48887",CA,"19631 Sarah Park Apt. 877, East Kevin, CA 48887",3,3,,,,50/100,100000,250,2500,1944.61,1944.61,1459.79,Agency Bill,,,FALSE,TRUE,484.82
JJZ6311752,GEIC,120068,New,4/1/2025,4/1/2026,4/1/2025,12,Personal Auto,Private Passenger Auto,Rebecca Kelly,rebecca.kelly@mail.com,"3975 Nicholas Port Apt. 404, Rioschester, AZ 24941",AZ,"3975 Nicholas Port Apt. 404, Rioschester, AZ 24941",3,2,,,,50/100,100000,1000,2500,3114.16,3114.16,2337.75,Agency Bill,,,FALSE,TRUE,776.41
DJJ5591027,ALLS,120161,New,4/1/2025,4/1/2026,4/1/2025,12,Personal Auto,Private Passenger Auto,Rebecca Barr,rebecca.barr@example.com,"154 Miller Brooks, Shannonport, IN 77543",IN,"8044 Lisa Tunnel Suite 360, Port Angelamouth, NH 43759",3,2,,,,25/50,100000,1000,500,1208.72,1208.72,907.37,Direct Bill,,,FALSE,TRUE,301.35
DXE9512652,FARM,120267,New,4/1/2025,4/1/2026,4/1/2025,12,Personal Auto,Private Passenger Auto,Jonathan Flores,jonathan.flores@policyhub.org,"05916 Murphy Run, East Jacqueline, WA 82772",WA,"05916 Murphy Run, East Jacqueline, WA 82772",3,3,,,,50/100,250000,1000,500,2283.23,2283.23,1713.99,Direct Bill,,,FALSE,TRUE,569.24
JCN0306495,PRGS,120269,Renewal,4/1/2025,4/1/2026,4/1/2025,12,Umbrella,Personal Umbrella,Ronald Garcia,ronald.garcia@example.com,"82345 Kimberly Harbor Suite 595, Allenbury, AZ 14646",AZ,"38896 Montoya Stream Suite 765, West Jeremy, IL 81092",,,,,,,,,,590.64,590.64,443.38,Direct Bill,,,FALSE,TRUE,147.26
KYM3542265,ALLS,120066,Renewal,4/1/2025,4/1/2026,4/1/2025,12,Homeowners,HO3,Thomas Hays,thomas.hays@example.com,"976 Keith Stream Apt. 636, North Renee, TX 69387",TX,"976 Keith Stream Apt. 636, North Renee, TX 69387",,,1996,Joisted Masonry,4,,,,,1732.47,1732.47,1300.54,Direct Bill,,,FALSE,TRUE,431.93
SFD4227844,NATI,120128,Renewal,4/1/2025,4/1/2026,4/1/2025,12,Personal Auto,Private Passenger Auto,Mary Thompson,mary.thompson@example.com,"033 James Mountains, Toddtown, AS 18150",AS,"1775 Richard Glen Apt. 523, Vasquezburgh, VA 35760",2,1,,,,50/100,100000,2500,2500,925.37,925.37,694.66,Direct Bill,,,FALSE,TRUE,230.71
VRM2307426,HART,120169,Endorsement,4/1/2025,4/1/2026,1/12/2026,12,Umbrella,Personal Umbrella,Susan Stone,susan.stone@insmail.com,"110 Robinson Fords, Lake Elizabeth, ID 65474",ID,"110 Robinson Fords, Lake Elizabeth, ID 65474",,,,,,,,,,295.99,-6.86,222.2,Direct Bill,,,FALSE,TRUE,73.79
MRV4214938,GEIC,120212,New,4/1/2025,4/1/2026,4/1/2025,12,Personal Auto,Private Passenger Auto,Jennifer Porter,jennifer.porter@mail.com,"135 Brown Fields, Port Michael, MI 31887",MI,"135 Brown Fields, Port Michael, MI 31887",1,3,,,,25/50,100000,1000,500,2693.35,2693.35,2021.86,Agency Bill,,,FALSE,TRUE,671.49
SFB2136850,TRAV,120099,New,4/1/2025,4/1/2026,4/1/2025,12,Personal Auto,Private Passenger Auto,James Rosales,james.rosales@policyhub.org,"50304 Valdez Plains, Reneeview, VI 67544",VI,"50304 Valdez Plains, Reneeview, VI 67544",2,2,,,,50/100,250000,1000,500,1766.48,1766.48,1326.07,Direct Bill,,,FALSE,TRUE,440.41
ZUB4711475,HART,120283,Renewal,4/1/2025,4/1/2026,4/1/2025,12,BOP,Businessowners,James Kelley,james.kelley@mail.com,"3985 Michael Gardens, Kevintown, AZ 88250",AZ,"3985 Michael Gardens, Kevintown, AZ 88250",,,,Frame,5,,,,,2917.61,2917.61,2190.21,Direct Bill,,,FALSE,TRUE,727.4
BWM9631111,FARM,120190,Renewal,4/1/2025,4/1/2026,4/1/2025,12,BOP,Businessowners,Michael Lee,michael.lee@policyhub.org,"8051 Sara Burgs, Mendozashire, RI 25956",RI,"5764 Joshua Port, Reesehaven, ME 15884",,,,Frame,7,,,,,1500,1500,1126.03,Direct Bill,,,FALSE,TRUE,373.97
NWW2642412,GEIC,120229,Renewal,4/1/2025,4/1/2026,4/1/2025,12,Homeowners,HO3,Justin Clark,justin.clark@policyhub.org,"13563 Megan Curve, Vanessachester, NH 37376",NH,"13563 Megan Curve, Vanessachester, NH 37376",,,1993,Joisted Masonry,6,,,,,1030.26,1030.26,773.4,Direct Bill,,,FALSE,TRUE,256.86
FUP2257482,AMFA,120071,New,4/1/2025,4/1/2026,4/1/2025,12,Personal Auto,Private Passenger Auto,John Murphy,john.murphy@policyhub.org,"007 Mccormick Ford, West Laura, PR 39522",PR,"007 Mccormick Ford, West Laura, PR 39522",3,2,,,,50/100,50000,1000,500,981.33,981.33,736.67,Agency Bill,,,FALSE,TRUE,244.66
JVX9287172,PRGS,120072,New,4/1/2025,4/1/2026,4/1/2025,12,Personal Auto,Private Passenger Auto,Samantha Avery,samantha.avery@mail.com,"3504 Perez Drives, Port David, AR 69213",AR,"31262 John Mountain, Joseborough, AK 81734",1,3,,,,50/100,25000,250,1000,1118.3,1118.3,839.49,Direct Bill,,,FALSE,TRUE,278.81
KJF3340609,TRAV,120065,Endorsement,4/1/2025,4/1/2026,2/15/2026,12,Umbrella,Personal Umbrella,Jose Clayton,jose.clayton@example.com,"37931 Brown Station Apt. 807, Lake Taylor, CA 41052",CA,"37931 Brown Station Apt. 807, Lake Taylor, CA 41052",,,,,,,,,,470.22,7.11,352.99,Direct Bill,,,FALSE,TRUE,117.23
TRG2723377,CHUB,120118,Renewal,4/1/2025,4/1/2026,4/1/2025,12,Homeowners,HO3,Nicholas Garcia,nicholas.garcia@example.com,"15439 Carpenter Harbor, New Diane, NH 47611",NH,"749 John Cliffs, Port Heidi, FM 83071",,,1977,Masonry,8,,,,,856.95,856.95,643.3,Agency Bill,,,FALSE,TRUE,213.65
KSX2603147,HART,120088,Renewal,4/1/2025,4/1/2026,4/1/2025,12,Umbrella,Personal Umbrella,Jessica Steele,jessica.steele@policyhub.org,"820 Emily Union Suite 326, West Williamland, TN 45158",TN,"820 Emily Union Suite 326, West Williamland, TN 45158",,,,,,,,,,337.03,337.03,253,Direct Bill,,,FALSE,FALSE,84.03
VDS6206680,LIBM,120137,Renewal,4/1/2025,4/1/2026,4/1/2025,12,Homeowners,HO3,Mark Russell,mark.russell@policyhub.org,"96750 Simmons Inlet Apt. 303, Strongville, WV 57770",WV,"96750 Simmons Inlet Apt. 303, Strongville, WV 57770",,,1978,Joisted Masonry,6,,,,,1666.17,1666.17,1250.77,Direct Bill,,,FALSE,TRUE,415.4
KGG7841228,NATI,120144,Endorsement,4/1/2025,4/1/2026,10/27/2025,12,Umbrella,Personal Umbrella,Thomas Baker,thomas.baker@policyhub.org,"054 Larry Field Apt. 577, North Charles, AK 72629",AK,"054 Larry Field Apt. 577, North Charles, AK 72629",,,,,,,,,,317.37,-28.47,238.24,Agency Bill,,,FALSE,TRUE,79.13
DDP7084715,HART,120096,Renewal,4/1/2025,4/1/2026,4/1/2025,12,BOP,Businessowners,Chelsea Davenport,chelsea.davenport@customer.net,"0608 Adams Turnpike Apt. 427, Nathanfort, NM 37408",NM,"0608 Adams Turnpike Apt. 427, Nathanfort, NM 37408",,,,Masonry Veneer,4,,,,,1860.04,1860.04,1396.3,Direct Bill,,,FALSE,FALSE,463.74
WCB4113847,FARM,120026,Renewal,4/1/2025,4/1/2026,4/1/2025,12,WC,Workers Compensation,Kristi Gill,kristi.gill@example.com,"3250 Andrea Street, East Williambury, NC 86660",NC,"3250 Andrea Street, East Williambury, NC 86660",,,,,,,,,,2506.41,2506.41,1881.52,Direct Bill,,,FALSE,FALSE,624.89
CRD3704024,GEIC,120103,Renewal,4/1/2025,4/1/2026,4/1/2025,12,Personal Auto,Private Passenger Auto,Travis Austin,travis.austin@example.com,"1871 Regina Roads, New Gloria, HI 79294",HI,"1871 Regina Roads, New Gloria, HI 79294",1,3,,,,50/100,100000,1000,1000,1739.59,1739.59,1305.88,Agency Bill,,,FALSE,TRUE,433.71
PLD0424784,CHUB,120013,Renewal,4/1/2025,4/1/2026,4/1/2025,12,Personal Auto,Private Passenger Auto,Andrea Wolf,andrea.wolf@example.com,"457 John Flat Suite 333, Lake Brian, NH 62862",NH,"457 John Flat Suite 333, Lake Brian, NH 62862",5,4,,,,50/100,50000,500,500,4000,4000,3002.74,Direct Bill,,,FALSE,TRUE,997.26
ZFF1021095,PRGS,120072,New,4/1/2025,4/1/2026,4/1/2025,12,Personal Auto,Private Passenger Auto,Janice Hughes,janice.hughes@insmail.com,"695 Ryan Bypass Apt. 103, Hannahshire, IA 93631",IA,"695 Ryan Bypass Apt. 103, Hannahshire, IA 93631",4,2,,,,50/100,100000,500,500,1329.77,1329.77,998.24,Direct Bill,,,FALSE,TRUE,331.53
STF9124765,FARM,120025,Cancel,4/1/2025,7/22/2025,7/22/2025,12,Package,Commercial Package,Shawn Christensen,shawn.christensen@example.com,"32302 Jared View, Williamport, MA 49137",MA,"56487 Hale Station, North Ronald, KS 93807",,,,Masonry Veneer,7,,,,,14253.31,0,14253.31,Direct Bill,5/18/2022,,FALSE,TRUE,0
NPF3020831,TRAV,120155,New,4/1/2025,4/1/2026,4/1/2025,12,Personal Auto,Private Passenger Auto,Tina Myers,tina.myers@example.com,"89386 Yang Lakes Apt. 280, North Ralphhaven, MO 37216",MO,"89386 Yang Lakes Apt. 280, North Ralphhaven, MO 37216",3,2,,,,25/50,100000,500,1000,1893.41,1893.41,1421.35,Direct Bill,,,FALSE,TRUE,472.06
XMJ5176271,HART,120005,Renewal,4/1/2025,4/1/2026,4/1/2025,12,Homeowners,HO3,Michelle Randolph,michelle.randolph@example.com,"8814 Christopher Vista, Adamsport, WI 28355",WI,"8814 Christopher Vista, Adamsport, WI 28355",,,1953,Frame,5,,,,,1391.73,1391.73,1044.75,Direct Bill,,,FALSE,TRUE,346.98
HXS2833626,TRAV,120043,New,4/1/2025,4/1/2026,4/1/2025,12,Personal Auto,Private Passenger Auto,Margaret Burke,margaret.burke@mail.com,"64133 Steve Inlet Suite 598, Stephentown, RI 59482",RI,"67049 Brian Field Apt. 037, Lake Tom, ME 56964",3,2,,,,50/100,250000,1000,1000,1942.74,1942.74,1458.39,Direct Bill,,,FALSE,TRUE,484.35
MZK9651411,TRAV,120226,Renewal,4/1/2025,4/1/2026,4/1/2025,12,WC,Workers Compensation,Martin Bush,martin.bush@mail.com,"9502 Keith Ridge Apt. 531, North Michael, ME 42591",ME,"9502 Keith Ridge Apt. 531, North Michael, ME 42591",,,,,,,,,,20839.1,20839.1,15643.6,Direct Bill,,,FALSE,TRUE,5195.5
CPA1980498,HART,120284,Renewal,4/1/2025,4/1/2026,4/1/2025,12,BOP,Businessowners,Nicole Delgado,nicole.delgado@insmail.com,"9464 Tina Courts Apt. 863, New Matthewshire, MP 40068",MP,"1022 Alyssa Points, Johnsonbury, OH 24826",,,,Masonry Veneer,6,,,,,1500,1500,1126.03,Direct Bill,,,FALSE,FALSE,373.97
UUP2703461,AMFA,120149,Cancel,4/1/2025,5/5/2025,5/5/2025,12,Package,Commercial Package,Ashley Ortiz,ashley.ortiz@insmail.com,"4610 Nicholas Plain, North Amy, VA 20238",VA,"93661 Johnson Summit Apt. 231, Kristenmouth, WY 97648",,,,Joisted Masonry,5,,,,,14315.52,0,14315.52,Agency Bill,8/18/2022,,FALSE,TRUE,0
PTF3877297,PRGS,120105,New,4/1/2025,4/1/2026,4/1/2025,12,Personal Auto,Private Passenger Auto,Julie Mendoza,julie.mendoza@mail.com,"900 Odom View, South Henryfurt, PA 46919",PA,"900 Odom View, South Henryfurt, PA 46919",3,1,,,,50/100,500000,1000,1000,872.21,872.21,654.75,Agency Bill,,,FALSE,FALSE,217.46
HFV9236260,NATI,120020,Renewal,4/1/2025,4/1/2026,4/1/2025,12,BOP,Businessowners,Eric Wells,eric.wells@mail.com,"3984 Smith Trail, Georgemouth, NJ 11966",NJ,"3984 Smith Trail, Georgemouth, NJ 11966",,,,Masonry,7,,,,,5452.92,5452.92,4093.42,Direct Bill,,,FALSE,TRUE,1359.5
FXH3133873,CHUB,120284,New,4/1/2025,4/1/2026,4/1/2025,12,Personal Auto,Private Passenger Auto,Christina Burns,christina.burns@example.com,"86890 Darlene Mountain Apt. 922, West Kimberlymouth, ME 73670",ME,"9029 John Forge, Lake Rayton, DC 81504",1,1,,,,25/50,250000,1000,500,1538.94,1538.94,1155.26,Direct Bill,,,FALSE,TRUE,383.68
ZCY2697167,CHUB,120264,New,4/1/2025,4/1/2026,4/1/2025,12,Personal Auto,Private Passenger Auto,David Adkins,david.adkins@customer.net,"298 Washington Ridge Apt. 450, Dillonchester, GA 77120",GA,"391 Margaret Mission, Gregchester, MT 59166",1,1,,,,50/100,100000,500,250,851,851,638.83,Direct Bill,,,FALSE,TRUE,212.17
HZX2316243,TRAV,120066,Renewal,4/1/2025,4/1/2026,4/1/2025,12,Personal Auto,Private Passenger Auto,Cristina Scott,cristina.scott@insmail.com,"86075 Tina Falls Apt. 508, East Dylanton, OH 45609",OH,"86075 Tina Falls Apt. 508, East Dylanton, OH 45609",3,3,,,,50/100,250000,250,500,1633.08,1633.08,1225.93,Direct Bill,,,FALSE,TRUE,407.15
LSW0507679,TRAV,120042,Renewal,4/1/2025,4/1/2026,4/1/2025,12,Personal Auto,Private Passenger Auto,Michael Sheppard,michael.sheppard@mail.com,"3493 Courtney Camp Suite 190, Ruizfurt, MP 50947",MP,"3493 Courtney Camp Suite 190, Ruizfurt, MP 50947",1,2,,,,50/100,500000,500,500,1680.46,1680.46,1261.5,Direct Bill,,,FALSE,TRUE,418.96
TYP9413744,PRGS,120040,New,4/1/2025,4/1/2026,4/1/2025,12,Personal Auto,Private Passenger Auto,Amy Hall,amy.hall@insmail.com,"6565 Stone Landing Suite 908, Billyton, AZ 96722",AZ,"6565 Stone Landing Suite 908, Billyton, AZ 96722",2,3,,,,25/50,100000,500,2500,2687.88,2687.88,2017.75,Direct Bill,,,FALSE,TRUE,670.13
FCF4641688,ALLS,120263,Endorsement,4/1/2025,4/1/2026,12/28/2025,12,Umbrella,Personal Umbrella,Darryl Jones,darryl.jones@insmail.com,"00509 Matthew Squares, Austinbury, WI 88480",WI,"00509 Matthew Squares, Austinbury, WI 88480",,,,,,,,,,327.78,8.21,246.06,Direct Bill,,,FALSE,TRUE,81.72
FSK0628000,ALLS,120043,Renewal,4/1/2025,4/1/2026,4/1/2025,12,WC,Workers Compensation,Brandy Robles,brandy.robles@mail.com,"375 Silva Rapid Suite 851, Michaelshire, GU 85508",GU,"375 Silva Rapid Suite 851, Michaelshire, GU 85508",,,,,,,,,,2068.7,2068.7,1552.94,Direct Bill,,,FALSE,TRUE,515.76
NRW2570808,TRAV,120265,Renewal,4/1/2025,4/1/2026,4/1/2025,12,Homeowners,HO3,Rachel Gonzalez,rachel.gonzalez@mail.com,"561 Ann Ranch Suite 298, North Alfredtown, TX 08383",TX,"561 Ann Ranch Suite 298, North Alfredtown, TX 08383",,,2008,Non-Combustible,8,,,,,2118.34,2118.34,1590.21,Agency Bill,,,FALSE,TRUE,528.13
KZA0348126,AMFA,120148,New,4/1/2025,4/1/2026,4/1/2025,12,Personal Auto,Private Passenger Auto,Elizabeth Robbins,elizabeth.robbins@insmail.com,"54398 Frye Corner Apt. 698, Jillborough, PR 94029",PR,"54398 Frye Corner Apt. 698, Jillborough, PR 94029",2,1,,,,50/100,100000,1000,1000,1281.13,1281.13,961.72,Direct Bill,,,FALSE,TRUE,319.41
ADS3419323,GEIC,120083,New,4/1/2025,4/1/2026,4/1/2025,12,Personal Auto,Private Passenger Auto,Douglas Collins,douglas.collins@example.com,"469 Matthew Plains, Barrymouth, AK 33075",AK,"469 Matthew Plains, Barrymouth, AK 33075",1,2,,,,50/100,50000,1000,1000,1072.04,1072.04,804.76,Agency Bill,,,FALSE,TRUE,267.28
VVJ0454840,AMFA,120284,New,4/1/2025,4/1/2026,4/1/2025,12,Personal Auto,Private Passenger Auto,Alicia Martinez,alicia.martinez@mail.com,"37622 Taylor Plains Suite 355, Popechester, NY 50880",NY,"37622 Taylor Plains Suite 355, Popechester, NY 50880",3,4,,,,25/50,100000,500,1000,2223.33,2223.33,1669.02,Direct Bill,,,FALSE,TRUE,554.31
MXV4559930,TRAV,120083,Renewal,4/1/2025,4/1/2026,4/1/2025,12,Homeowners,HO3,Walter Kelley,walter.kelley@policyhub.org,"83927 Oliver Bypass Apt. 368, New Jacob, VI 07759",VI,"83927 Oliver Bypass Apt. 368, New Jacob, VI 07759",,,2005,Fire Resistive,9,,,,,4641.19,4641.19,3484.07,Direct Bill,,,FALSE,TRUE,1157.12
DGZ0063623,NATI,120126,New,4/1/2025,4/1/2026,4/1/2025,12,Personal Auto,Private Passenger Auto,Gabriel Zimmerman,gabriel.zimmerman@mail.com,"993 Michelle Crossroad, Destinychester, NC 16800",NC,"993 Michelle Crossroad, Destinychester, NC 16800",1,4,,,,25/50,100000,1000,1000,1034.73,1034.73,776.76,Direct Bill,,,FALSE,TRUE,257.97
ELL2778389,CHUB,120118,Renewal,4/1/2025,4/1/2026,4/1/2025,12,BOP,Businessowners,Alisha Gilmore,alisha.gilmore@customer.net,"16050 Mills Mission, Lake Samanthachester, MI 40843",MI,"818 Miller Cape, Lake Edwardborough, CA 52159",,,,Frame,6,,,,,2359.84,2359.84,1771.5,Direct Bill,,,FALSE,TRUE,588.34
TGA6682267,HART,120136,Renewal,4/1/2025,4/1/2026,4/1/2025,12,Homeowners,HO3,Mary Mitchell,mary.mitchell@insmail.com,"951 Benjamin Manor Apt. 214, South Elizabeth, KS 06224",KS,"5962 David Locks Apt. 340, New Nicoleborough, ME 92115",,,1974,Frame,3,,,,,1202.57,1202.57,902.75,Agency Bill,,,FALSE,TRUE,299.82
BZC9271010,ALLS,120299,Renewal,4/1/2025,4/1/2026,4/1/2025,12,Homeowners,HO3,Michelle Bonilla,michelle.bonilla@example.com,"2256 Francis Ways, Leonardborough, HI 95782",HI,"2256 Francis Ways, Leonardborough, HI 95782",,,1989,Masonry Veneer,4,,,,,1163.94,1163.94,873.75,Direct Bill,,,FALSE,TRUE,290.19
UZN7651873,LIBM,120072,Renewal,4/1/2025,4/1/2026,4/1/2025,12,Homeowners,HO3,Omar Carter,omar.carter@policyhub.org,"592 Roy Freeway Apt. 266, Frostfurt, MA 94409",MA,"592 Roy Freeway Apt. 266, Frostfurt, MA 94409",,,1965,Masonry Veneer,8,,,,,1995.85,1995.85,1498.25,Direct Bill,,,FALSE,TRUE,497.6
ZVT9756452,ALLS,120000,Renewal,4/1/2025,4/1/2026,4/1/2025,12,Homeowners,HO3,Daniel Morgan,daniel.morgan@insmail.com,"928 Logan Road Apt. 162, Port Lisa, MS 26024",MS,"928 Logan Road Apt. 162, Port Lisa, MS 26024",,,1962,Fire Resistive,8,,,,,3188.15,3188.15,2393.3,Direct Bill,,,FALSE,FALSE,794.85
SHE9754877,CHUB,120081,Renewal,4/1/2025,4/1/2026,4/1/2025,12,BOP,Businessowners,Sandra Allen,sandra.allen@policyhub.org,"13366 Hutchinson Meadows, Port Tammy, SC 25262",SC,"13366 Hutchinson Meadows, Port Tammy, SC 25262",,,,Masonry,7,,,,,3695.26,3695.26,2773.98,Agency Bill,,,FALSE,TRUE,921.28
VAK0918683,CHUB,120180,New,4/1/2025,4/1/2026,4/1/2025,12,Personal Auto,Private Passenger Auto,Kristi Adams,kristi.adams@policyhub.org,"4259 Rivera Inlet Suite 486, Phamfort, SD 76241",SD,"4259 Rivera Inlet Suite 486, Phamfort, SD 76241",1,2,,,,25/50,50000,500,250,1516.77,1516.77,1138.62,Direct Bill,,,FALSE,TRUE,378.15
KUU7409739,CHUB,120216,Renewal,4/1/2025,4/1/2026,4/1/2025,12,Homeowners,HO3,Dennis Oconnell,dennis.oconnell@mail.com,"095 Aimee Field, Lisamouth, LA 91015",LA,"095 Aimee Field, Lisamouth, LA 91015",,,1994,Frame,7,,,,,3723.29,3723.29,2795.02,Direct Bill,,,FALSE,TRUE,928.27
CYG2156633,HART,120277,Cancel,4/1/2025,8/9/2025,8/9/2025,12,Package,Commercial Package,Jacob Cochran,jacob.cochran@insmail.com,"8312 Figueroa Common, New Shelleytown, AS 54152",AS,"8312 Figueroa Common, New Shelleytown, AS 54152",,,,Frame,7,,,,,8009.75,0,8009.75,Direct Bill,7/18/2023,,FALSE,TRUE,0
DRG6284636,PRGS,120054,Renewal,4/1/2025,4/1/2026,4/1/2025,12,Homeowners,HO3,William Brooks,william.brooks@example.com,"479 Johnson Estates Apt. 709, North Rachel, OH 94813",OH,"479 Johnson Estates Apt. 709, North Rachel, OH 94813",,,1989,Non-Combustible,4,,,,,1987.39,1987.39,1491.9,Direct Bill,,,FALSE,TRUE,495.49
NFD2281743,LIBM,120167,Cancel,4/1/2025,5/5/2025,5/5/2025,12,Package,Commercial Package,Elizabeth Bradley,elizabeth.bradley@example.com,"9533 Bray Walk Suite 943, Mindyborough, MI 43610",MI,"9533 Bray Walk Suite 943, Mindyborough, MI 43610",,,,Joisted Masonry,5,,,,,3606.11,0,3606.11,Agency Bill,6/30/2022,,FALSE,FALSE,0
YKF5253821,LIBM,120143,New,4/1/2025,4/1/2026,4/1/2025,12,Personal Auto,Private Passenger Auto,Sylvia Wood,sylvia.wood@example.com,"27084 Rodriguez Brook, Gomezville, PR 57886",PR,"74328 Brown Squares, Lake Linda, PW 79213",2,1,,,,50/100,50000,500,500,1958.64,1958.64,1470.32,Direct Bill,,,FALSE,TRUE,488.32
DGP7891561,LIBM,120032,Endorsement,4/1/2025,4/1/2026,9/23/2025,12,Umbrella,Personal Umbrella,Emily Rocha,emily.rocha@customer.net,"058 Khan Parkways Suite 199, Amberberg, LA 98269",LA,"058 Khan Parkways Suite 199, Amberberg, LA 98269",,,,,,,,,,625.29,15.64,469.4,Direct Bill,,,FALSE,TRUE,155.89
MAC7766856,CHUB,120172,New,4/1/2025,4/1/2026,4/1/2025,12,Personal Auto,Private Passenger Auto,Debbie Livingston,debbie.livingston@insmail.com,"12146 Moore Corners, Melissabury, OK 17729",OK,"12146 Moore Corners, Melissabury, OK 17729",3,2,,,,50/100,100000,1000,500,1257.89,1257.89,944.28,Direct Bill,,,FALSE,TRUE,313.61
TPZ7719373,HART,120258,New,4/1/2025,4/1/2026,4/1/2025,12,Personal Auto,Private Passenger Auto,Ryan Black,ryan.black@insmail.com,"60256 William Common, Bowmanborough, AK 55860",AK,"60256 William Common, Bowmanborough, AK 55860",3,2,,,,50/100,100000,1000,500,1833.19,1833.19,1376.15,Direct Bill,,,FALSE,TRUE,457.04
YCM4413551,FARM,120105,Renewal,4/1/2025,4/1/2026,4/1/2025,12,BOP,Businessowners,Kevin Hall,kevin.hall@customer.net,"36064 Hunt Summit Apt. 922, New Mary, MP 79754",MP,"2224 Holly Cove Apt. 567, Hernandezfort, MD 68649",,,,Masonry,5,,,,,1500,1500,1126.03,Direct Bill,,,FALSE,FALSE,373.97
HVG2601355,ALLS,120175,Renewal,4/1/2025,4/1/2026,4/1/2025,12,BOP,Businessowners,Jose Montgomery,jose.montgomery@insmail.com,"4308 Benjamin Drives Apt. 888, Veronicabury, FL 27412",FL,"9303 Willie Spurs Apt. 251, Parkerburgh, MS 29658",,,,Joisted Masonry,3,,,,,5384.05,5384.05,4041.73,Agency Bill,,,FALSE,TRUE,1342.32
XUW8899890,FARM,120144,Renewal,4/1/2025,4/1/2026,4/1/2025,12,WC,Workers Compensation,Abigail Hernandez,abigail.hernandez@policyhub.org,"8187 Mario Crescent, East Thomas, SD 46157",SD,"8187 Mario Crescent, East Thomas, SD 46157",,,,,,,,,,2552.62,2552.62,1916.21,Agency Bill,,,FALSE,TRUE,636.41
WFC1873369,AMFA,120067,Renewal,4/1/2025,4/1/2026,4/1/2025,12,BOP,Businessowners,Mark Francis,mark.francis@customer.net,"7626 Barnett Extension Apt. 042, Fordbury, NJ 44484",NJ,"7626 Barnett Extension Apt. 042, Fordbury, NJ 44484",,,,Masonry,5,,,,,5049.34,5049.34,3790.46,Direct Bill,,,FALSE,TRUE,1258.88
XWU0132008,HART,120137,Renewal,4/1/2025,4/1/2026,4/1/2025,12,Personal Auto,Private Passenger Auto,Hailey Simon,hailey.simon@mail.com,"0427 Anderson Burg Apt. 242, Sampsonberg, SD 29471",SD,"0427 Anderson Burg Apt. 242, Sampsonberg, SD 29471",2,3,,,,50/100,100000,250,1000,566.67,566.67,425.39,Direct Bill,,,FALSE,TRUE,141.28
FAP1200351,GEIC,120232,Renewal,4/1/2025,4/1/2026,4/1/2025,12,Homeowners,HO3,Cameron Dawson,cameron.dawson@policyhub.org,"3534 Morrison Freeway Suite 466, West Andrew, KS 58859",KS,"462 John Ports, Curtisport, WY 14230",,,1971,Frame,9,,,,,754.73,754.73,566.56,Agency Bill,,,FALSE,TRUE,188.17
BFC6464712,TRAV,120107,Renewal,4/1/2025,4/1/2026,4/1/2025,12,Homeowners,HO3,Wayne Fernandez,wayne.fernandez@policyhub.org,"842 Anderson Cape, Lake Ericamouth, NV 87864",NV,"842 Anderson Cape, Lake Ericamouth, NV 87864",,,1996,Masonry,4,,,,,1167.65,1167.65,876.54,Agency Bill,,,FALSE,TRUE,291.11
XUJ4198855,HART,120255,New,4/1/2025,4/1/2026,4/1/2025,12,Personal Auto,Private Passenger Auto,Kevin Rush,kevin.rush@mail.com,"0981 Andrea Curve, Simmonsville, AK 43047",AK,"0981 Andrea Curve, Simmonsville, AK 43047",2,2,,,,50/100,250000,500,500,1411.51,1411.51,1059.6,Direct Bill,,,FALSE,TRUE,351.91
KNH5790540,ALLS,120133,Renewal,4/1/2025,4/1/2026,4/1/2025,12,Homeowners,HO3,Jacob Lee,jacob.lee@customer.net,"4099 Arnold Harbors Suite 592, Charlesville, MN 46755",MN,"4099 Arnold Harbors Suite 592, Charlesville, MN 46755",,,1976,Frame,5,,,,,1112.88,1112.88,835.42,Agency Bill,,,FALSE,TRUE,277.46
SET7891573,CHUB,120136,New,4/1/2025,4/1/2026,4/1/2025,12,Personal Auto,Private Passenger Auto,Lindsey Williamson,lindsey.williamson@policyhub.org,"6028 Cardenas Loop Suite 012, West Janet, AL 99707",AL,"6028 Cardenas Loop Suite 012, West Janet, AL 99707",1,1,,,,50/100,100000,1000,1000,518.1,518.1,388.93,Agency Bill,,,FALSE,TRUE,129.17
GJV4676498,PRGS,120019,Renewal,4/1/2025,4/1/2026,4/1/2025,12,Homeowners,HO3,Robert Cain,robert.cain@customer.net,"51410 Powell Underpass, Williamsborough, IA 90460",IA,"51410 Powell Underpass, Williamsborough, IA 90460",,,1996,Masonry,6,,,,,1809.72,1809.72,1358.53,Agency Bill,,,FALSE,TRUE,451.19
NCR9486643,NATI,120037,Renewal,4/1/2025,4/1/2026,4/1/2025,12,WC,Workers Compensation,Michelle Paul,michelle.paul@example.com,"03314 Cisneros Island Apt. 369, Katrinashire, PA 99345",PA,"03314 Cisneros Island Apt. 369, Katrinashire, PA 99345",,,,,,,,,,25000,25000,18767.12,Direct Bill,,,FALSE,FALSE,6232.88
LEW9878748,NATI,120204,Renewal,4/1/2025,4/1/2026,4/1/2025,12,WC,Workers Compensation,Kimberly Hester,kimberly.hester@insmail.com,"9206 Martin Estate Suite 621, Andersonview, NC 80110",NC,"9206 Martin Estate Suite 621, Andersonview, NC 80110",,,,,,,,,,2000,2000,1501.37,Agency Bill,,,FALSE,TRUE,498.63
LNA4300702,GEIC,120267,Renewal,4/1/2025,4/1/2026,4/1/2025,12,WC,Workers Compensation,Deanna Meyer,deanna.meyer@example.com,"696 Ramsey Views, Duranville, SD 06358",SD,"696 Ramsey Views, Duranville, SD 06358",,,,,,,,,,2452.3,2452.3,1840.9,Direct Bill,,,FALSE,FALSE,611.4
XLC5463991,HART,120085,Renewal,4/1/2025,4/1/2026,4/1/2025,12,Homeowners,HO3,Ashley Jordan,ashley.jordan@policyhub.org,"6417 King Centers Apt. 452, Martinezfort, IA 12374",IA,"6417 King Centers Apt. 452, Martinezfort, IA 12374",,,1973,Frame,2,,,,,978.49,978.49,734.54,Direct Bill,,,FALSE,TRUE,243.95
CBH6563768,TRAV,120172,Renewal,4/1/2025,4/1/2026,4/1/2025,12,Homeowners,HO3,Bryan Walker,bryan.walker@customer.net,"7705 Choi Valleys, Harperborough, AL 30974",AL,"7705 Choi Valleys, Harperborough, AL 30974",,,1995,Non-Combustible,6,,,,,2178.49,2178.49,1635.36,Direct Bill,,,FALSE,TRUE,543.13
TVV7169679,CHUB,120059,Renewal,4/1/2025,4/1/2026,4/1/2025,12,WC,Workers Compensation,Raymond Bernard,raymond.bernard@policyhub.org,"4919 Brock Fork, West Ashley, IN 47490",IN,"4919 Brock Fork, West Ashley, IN 47490",,,,,,,,,,6488.81,6488.81,4871.05,Direct Bill,,,FALSE,TRUE,1617.76
YNL7248006,CHUB,120263,Endorsement,4/1/2025,4/1/2026,2/20/2026,12,Umbrella,Personal Umbrella,David Black,david.black@example.com,"78154 Angela Tunnel, New Rachel, WA 68478",WA,"78154 Angela Tunnel, New Rachel, WA 68478",,,,,,,,,,259.85,-1.42,195.07,Direct Bill,,,FALSE,TRUE,64.78
ECL1693418,TRAV,120040,Renewal,4/1/2025,4/1/2026,4/1/2025,12,Homeowners,HO3,Colleen Miller,colleen.miller@customer.net,"3868 Judith Port Apt. 418, North Stephaniechester, MT 44026",MT,"3868 Judith Port Apt. 418, North Stephaniechester, MT 44026",,,1986,Joisted Masonry,2,,,,,500,500,375.34,Agency Bill,,,FALSE,TRUE,124.66
UJL1578337,PRGS,120208,Renewal,4/1/2025,4/1/2026,4/1/2025,12,Homeowners,HO3,Brandy Macdonald,brandy.macdonald@insmail.com,"1383 Garner Mount Apt. 748, Lloydborough, VT 56759",VT,"1383 Garner Mount Apt. 748, Lloydborough, VT 56759",,,1987,Fire Resistive,10,,,,,572.44,572.44,429.72,Agency Bill,,,FALSE,TRUE,142.72
EFG7711360,HART,120013,New,4/1/2025,4/1/2026,4/1/2025,12,Personal Auto,Private Passenger Auto,Michael Berry,michael.berry@customer.net,"947 Chung Summit Apt. 183, East Rita, NC 83564",NC,"947 Chung Summit Apt. 183, East Rita, NC 83564",2,2,,,,25/50,100000,500,1000,3120.87,3120.87,2342.79,Direct Bill,,,FALSE,TRUE,778.08
AMZ0133932,TRAV,120018,Renewal,4/1/2025,4/1/2026,4/1/2025,12,Homeowners,HO3,Caleb Pierce,caleb.pierce@customer.net,"875 Dixon Fords Apt. 739, South Adamberg, ID 92593",ID,"875 Dixon Fords Apt. 739, South Adamberg, ID 92593",,,1989,Frame,4,,,,,608.13,608.13,456.51,Direct Bill,,,FALSE,TRUE,151.62
REA5880691,TRAV,120296,Renewal,4/1/2025,4/1/2026,4/1/2025,12,Homeowners,HO3,Rachael Conner,rachael.conner@insmail.com,"9191 Lorraine Union, East Erica, NE 05080",NE,"44418 Odonnell Wall Apt. 925, Johnnychester, TX 07313",,,1996,Masonry,8,,,,,1263.45,1263.45,948.45,Agency Bill,,,FALSE,TRUE,315
PSK5892933,ALLS,120029,Renewal,4/1/2025,4/1/2026,4/1/2025,12,Personal Auto,Private Passenger Auto,Cynthia Nelson,cynthia.nelson@customer.net,"92809 Fuentes Parkway, Lake Stevenborough, CA 28788",CA,"92641 Vasquez View Apt. 109, Port Cherylshire, CO 98840",1,3,,,,50/100,100000,500,1000,983.9,983.9,738.6,Direct Bill,,,FALSE,TRUE,245.3
SVD2561045,CHUB,120141,New,4/1/2025,4/1/2026,4/1/2025,12,Personal Auto,Private Passenger Auto,Diane Cooley,diane.cooley@mail.com,"2546 Michael Isle Apt. 347, Mcbridetown, VI 51182",VI,"2546 Michael Isle Apt. 347, Mcbridetown, VI 51182",2,1,,,,25/50,100000,1000,1000,1840.24,1840.24,1381.44,Direct Bill,,,FALSE,TRUE,458.8
AZL5173657,TRAV,120161,Renewal,4/1/2025,4/1/2026,4/1/2025,12,BOP,Businessowners,Michelle Cohen,michelle.cohen@example.com,"718 Davis Ports, Port Jenniferton, ID 59914",ID,"33257 Francis Gardens, West Heather, NJ 70587",,,,Frame,4,,,,,2503.26,2503.26,1879.16,Direct Bill,,,FALSE,TRUE,624.1
PBG2335657,AMFA,120298,Endorsement,4/1/2025,4/1/2026,1/21/2026,12,Umbrella,Personal Umbrella,Kimberly Shepherd,kimberly.shepherd@example.com,"6150 Stevens Cliffs, Myersshire, NY 61275",NY,"6150 Stevens Cliffs, Myersshire, NY 61275",,,,,,,,,,172.8,-12.56,129.72,Direct Bill,,,FALSE,TRUE,43.08
PFJ2472524,TRAV,120141,Renewal,4/1/2025,4/1/2026,4/1/2025,12,BOP,Businessowners,Andrea Obrien,andrea.obrien@example.com,"5820 Melton Views Suite 122, Barnettborough, MH 98290",MH,"5820 Melton Views Suite 122, Barnettborough, MH 98290",,,,Non-Combustible,6,,,,,7275.76,7275.76,5461.8,Direct Bill,,,FALSE,TRUE,1813.96
XAW0556341,PRGS,120216,Renewal,4/1/2025,4/1/2026,4/1/2025,12,Personal Auto,Private Passenger Auto,Tanya Burgess,tanya.burgess@mail.com,"296 Taylor Ramp Suite 125, New Blaketown, PR 90236",PR,"188 Shelley Mount, Douglashaven, HI 02017",3,2,,,,50/100,100000,500,2500,998,998,749.18,Direct Bill,,,FALSE,TRUE,248.82
PNC9987746,TRAV,120086,Endorsement,4/1/2025,4/1/2026,6/25/2025,12,Umbrella,Personal Umbrella,Carolyn Yates,carolyn.yates@insmail.com,"9818 Green Ports, Cynthiamouth, DC 88102",DC,"9818 Green Ports, Cynthiamouth, DC 88102",,,,,,,,,,365.21,11.77,274.16,Agency Bill,,,FALSE,TRUE,91.05
BNA3110632,NATI,120299,New,4/1/2025,4/1/2026,4/1/2025,12,Personal Auto,Private Passenger Auto,Matthew Haynes,matthew.haynes@example.com,"82541 Vincent Points, New Lori, TN 76216",TN,"82541 Vincent Points, New Lori, TN 76216",3,1,,,,25/50,250000,1000,2500,1516.21,1516.21,1138.2,Direct Bill,,,FALSE,TRUE,378.01
YRG8378301,CHUB,120177,Renewal,4/1/2025,4/1/2026,4/1/2025,12,Homeowners,HO3,Randy Caldwell,randy.caldwell@customer.net,"42795 Adriana Green Suite 787, North Rebecca, PA 04271",PA,"42795 Adriana Green Suite 787, North Rebecca, PA 04271",,,2017,Frame,5,,,,,1366.16,1366.16,1025.56,Direct Bill,,,FALSE,TRUE,340.6
BUH1910438,FARM,120083,Renewal,4/1/2025,4/1/2026,4/1/2025,12,Homeowners,HO3,Tiffany Ford,tiffany.ford@customer.net,"65918 Jones Points Suite 182, Baileychester, NV 17033",NV,"66282 Wallace Drive, Andrewsmouth, WY 22292",,,1961,Masonry Veneer,10,,,,,2131.9,2131.9,1600.39,Agency Bill,,,FALSE,TRUE,531.51
ERL6229029,GEIC,120283,Renewal,4/1/2025,4/1/2026,4/1/2025,12,Homeowners,HO3,Ashley Ho,ashley.ho@mail.com,"18822 Amanda Brooks Suite 555, West Michaelbury, KY 93162",KY,"18822 Amanda Brooks Suite 555, West Michaelbury, KY 93162",,,2018,Masonry,9,,,,,2935.89,2935.89,2203.93,Agency Bill,,,FALSE,FALSE,731.96
EFT6297843,CHUB,120019,Renewal,4/1/2025,4/1/2026,4/1/2025,12,BOP,Businessowners,David Fitzpatrick,david.fitzpatrick@example.com,"1631 Ortiz Harbor Apt. 294, New Megan, SD 62365",SD,"1631 Ortiz Harbor Apt. 294, New Megan, SD 62365",,,,Fire Resistive,8,,,,,12700.85,12700.85,9534.34,Direct Bill,,,FALSE,TRUE,3166.51
PRZ1817811,GEIC,120241,Endorsement,4/1/2025,4/1/2026,11/2/2025,12,Umbrella,Personal Umbrella,Emily Mathis,emily.mathis@insmail.com,"6243 Diaz Mountain, South Daniel, TN 94590",TN,"6243 Diaz Mountain, South Daniel, TN 94590",,,,,,,,,,415.06,4.09,311.58,Direct Bill,,,FALSE,TRUE,103.48
BHG6172513,ALLS,120124,New,4/1/2025,4/1/2026,4/1/2025,12,Personal Auto,Private Passenger Auto,Jennifer Kim,jennifer.kim@mail.com,"87002 Kathryn Meadow Suite 400, Brownmouth, WA 35596",WA,"87002 Kathryn Meadow Suite 400, Brownmouth, WA 35596",2,1,,,,50/100,100000,1000,500,1358.47,1358.47,1019.78,Direct Bill,,,FALSE,TRUE,338.69
GCK0278545,PRGS,120213,Renewal,4/1/2025,4/1/2026,4/1/2025,12,WC,Workers Compensation,David Perez,david.perez@policyhub.org,"0194 Rodriguez Trail, Watersstad, SC 65481",SC,"0194 Rodriguez Trail, Watersstad, SC 65481",,,,,,,,,,25000,25000,18767.12,Agency Bill,,,FALSE,FALSE,6232.88
WZP1589195,HART,120143,Renewal,4/1/2025,4/1/2026,4/1/2025,12,Homeowners,HO3,Scott Simmons,scott.simmons@example.com,"95149 Newman Dale, South Samantha, MT 73762",MT,"95149 Newman Dale, South Samantha, MT 73762",,,2002,Frame,5,,,,,737.99,737.99,554,Direct Bill,,,FALSE,TRUE,183.99
ATK4733748,TRAV,120092,Renewal,4/1/2025,4/1/2026,4/1/2025,12,Homeowners,HO3,Guy Graham,guy.graham@example.com,"854 Madison Meadows, North Michael, SC 45415",SC,"854 Madison Meadows, North Michael, SC 45415",,,2000,Frame,6,,,,,1927.29,1927.29,1446.79,Direct Bill,,,FALSE,TRUE,480.5
CVD8914936,NATI,120140,New,4/1/2025,4/1/2026,4/1/2025,12,Personal Auto,Private Passenger Auto,Jason Sanchez,jason.sanchez@example.com,"34024 Bowman Harbors Suite 663, Rileystad, LA 83281",LA,"34024 Bowman Harbors Suite 663, Rileystad, LA 83281",1,3,,,,25/50,50000,1000,500,2206.4,2206.4,1656.31,Direct Bill,,,FALSE,TRUE,550.09
CXN8237413,GEIC,120000,Renewal,4/1/2025,4/1/2026,4/1/2025,12,BOP,Businessowners,Nicholas Christian,nicholas.christian@insmail.com,"18744 Caldwell Park Apt. 689, South Larryfort, CT 76775",CT,"18744 Caldwell Park Apt. 689, South Larryfort, CT 76775",,,,Fire Resistive,6,,,,,7928.51,7928.51,5951.81,Direct Bill,,,FALSE,TRUE,1976.7
DZM4749542,ALLS,120132,Renewal,4/1/2025,4/1/2026,4/1/2025,12,Homeowners,HO3,Amanda Cole,amanda.cole@policyhub.org,"64646 Roberson Lodge, South Christinehaven, RI 06367",RI,"64646 Roberson Lodge, South Christinehaven, RI 06367",,,1971,Frame,6,,,,,965.73,965.73,724.96,Direct Bill,,,FALSE,TRUE,240.77
LMN9834049,PRGS,120271,Renewal,4/1/2025,4/1/2026,4/1/2025,12,Homeowners,HO3,John Adams,john.adams@policyhub.org,"324 Perry Crescent Apt. 342, Chandlerburgh, GA 65943",GA,"324 Perry Crescent Apt. 342, Chandlerburgh, GA 65943",,,1981,Frame,8,,,,,1213.34,1213.34,910.84,Agency Bill,,,FALSE,TRUE,302.5
WUT5008516,GEIC,120144,Renewal,4/1/2025,4/1/2026,4/1/2025,12,Homeowners,HO3,Amanda Hobbs,amanda.hobbs@policyhub.org,"16978 Hughes Ridge Apt. 871, Buckchester, PA 57768",PA,"16978 Hughes Ridge Apt. 871, Buckchester, PA 57768",,,1993,Frame,9,,,,,4085.72,4085.72,3067.09,Agency Bill,,,FALSE,TRUE,1018.63
ZGZ4859897,GEIC,120008,Renewal,4/1/2025,4/1/2026,4/1/2025,12,Homeowners,HO3,Andrew Tucker,andrew.tucker@policyhub.org,"4992 Mcdaniel Square, Ramosville, NY 74865",NY,"995 Joseph Orchard, Suzanneborough, NV 84645",,,2003,Joisted Masonry,3,,,,,1537.05,1537.05,1153.84,Direct Bill,,,FALSE,TRUE,383.21
MRB4070487,HART,120004,New,4/1/2025,4/1/2026,4/1/2025,12,Personal Auto,Private Passenger Auto,Kelsey Lynch,kelsey.lynch@customer.net,"57056 Henry Court Apt. 180, Suttonside, MI 05800",MI,"6086 Garrison Crest Apt. 705, New Jake, NV 84672",3,1,,,,50/100,500000,2500,1000,863.65,863.65,648.33,Direct Bill,,,FALSE,TRUE,215.32
EFR9383300,ALLS,120022,Renewal,4/1/2025,4/1/2026,4/1/2025,12,WC,Workers Compensation,James Ingram,james.ingram@policyhub.org,"17478 Perez Falls, Brucehaven, DC 32494",DC,"17478 Perez Falls, Brucehaven, DC 32494",,,,,,,,,,19958.06,19958.06,14982.21,Agency Bill,,,FALSE,TRUE,4975.85
ZMY7893382,HART,120109,Renewal,4/1/2025,4/1/2026,4/1/2025,12,BOP,Businessowners,Ronald Schmidt,ronald.schmidt@customer.net,"529 Romero Spurs Apt. 929, Kelseyfurt, NY 34783",NY,"529 Romero Spurs Apt. 929, Kelseyfurt, NY 34783",,,,Masonry,5,,,,,5752.65,5752.65,4318.43,Agency Bill,,,FALSE,TRUE,1434.22
VYA8042625,HART,120248,Renewal,4/1/2025,4/1/2026,4/1/2025,12,Homeowners,HO3,Frank Cruz,frank.cruz@mail.com,"836 Williams Roads, Nicoleburgh, SD 18024",SD,"836 Williams Roads, Nicoleburgh, SD 18024",,,1976,Frame,5,,,,,2821.53,2821.53,2118.08,Direct Bill,,,FALSE,TRUE,703.45
MHB7250095,TRAV,120172,Renewal,4/1/2025,4/1/2026,4/1/2025,12,BOP,Businessowners,Sarah Ryan,sarah.ryan@insmail.com,"083 Matthew Vista, East Ashley, AZ 24804",AZ,"083 Matthew Vista, East Ashley, AZ 24804",,,,Fire Resistive,5,,,,,4764.45,4764.45,3576.6,Direct Bill,,,FALSE,FALSE,1187.85
YEM2705451,LIBM,120212,New,4/1/2025,4/1/2026,4/1/2025,12,Personal Auto,Private Passenger Auto,Yvette Chapman,yvette.chapman@example.com,"2638 Renee Field, Denisestad, PA 25825",PA,"2638 Renee Field, Denisestad, PA 25825",2,1,,,,25/50,100000,1000,500,1551.41,1551.41,1164.62,Agency Bill,,,FALSE,TRUE,386.79
ARH0743053,LIBM,120042,Renewal,4/1/2025,4/1/2026,4/1/2025,12,Homeowners,HO3,Deborah Smith,deborah.smith@mail.com,"06218 Matthew Springs, Robertville, WA 88274",WA,"06218 Matthew Springs, Robertville, WA 88274",,,1997,Masonry,7,,,,,1426.46,1426.46,1070.82,Agency Bill,,,FALSE,TRUE,355.64
EUA0534428,HART,120033,Renewal,4/1/2025,4/1/2026,4/1/2025,12,Homeowners,HO3,William Tran,william.tran@mail.com,"9438 Grace Villages Apt. 635, East Samuelland, MT 49107",MT,"9438 Grace Villages Apt. 635, East Samuelland, MT 49107",,,1974,Masonry,6,,,,,1638.74,1638.74,1230.18,Direct Bill,,,FALSE,FALSE,408.56
TPN9819308,ALLS,120149,Endorsement,4/1/2025,4/1/2026,9/27/2025,12,Umbrella,Personal Umbrella,Alyssa Rangel,alyssa.rangel@insmail.com,"226 Steven Terrace, Kellyland, WI 45165",WI,"226 Steven Terrace, Kellyland, WI 45165",,,,,,,,,,446.48,6.18,335.17,Agency Bill,,,FALSE,TRUE,111.31
MJJ8570459,ALLS,120278,New,4/1/2025,4/1/2026,4/1/2025,12,Personal Auto,Private Passenger Auto,Karen Meyer,karen.meyer@mail.com,"202 Jackson Harbor, Kristenside, CT 57681",CT,"202 Jackson Harbor, Kristenside, CT 57681",2,2,,,,25/50,250000,500,500,693.94,693.94,520.93,Direct Bill,,,FALSE,TRUE,173.01
NDP0810569,TRAV,120245,New,4/1/2025,4/1/2026,4/1/2025,12,Personal Auto,Private Passenger Auto,Caitlin Mccarthy,caitlin.mccarthy@example.com,"274 Gonzalez Walk Suite 818, Jenniferton, TN 72438",TN,"274 Gonzalez Walk Suite 818, Jenniferton, TN 72438",1,1,,,,25/50,100000,500,1000,2901.11,2901.11,2177.82,Direct Bill,,,FALSE,TRUE,723.29
JSP1213451,LIBM,120104,New,4/1/2025,4/1/2026,4/1/2025,12,Personal Auto,Private Passenger Auto,Taylor Dyer,taylor.dyer@customer.net,"72516 Sandra Shores Apt. 691, Sarahtown, RI 34308",RI,"7497 Bailey Village, Pricemouth, LA 04574",3,5,,,,25/50,100000,500,1000,1712.87,1712.87,1285.83,Agency Bill,,,FALSE,TRUE,427.04
UFV6069242,TRAV,120126,Renewal,4/1/2025,4/1/2026,4/1/2025,12,Personal Auto,Private Passenger Auto,Keith Garza,keith.garza@policyhub.org,"28738 Webb Vista Apt. 635, South Georgeburgh, LA 22077",LA,"28738 Webb Vista Apt. 635, South Georgeburgh, LA 22077",2,2,,,,50/100,50000,500,500,1362.81,1362.81,1023.04,Direct Bill,,,FALSE,TRUE,339.77
CLU5439765,NATI,120123,Renewal,4/1/2025,4/1/2026,4/1/2025,12,WC,Workers Compensation,Tracy Miller,tracy.miller@policyhub.org,"0578 Ellen Meadow, New Tyrone, NC 49564",NC,"66639 Alex Plains, North Kathleen, DC 86940",,,,,,,,,,9613.99,9613.99,7217.08,Direct Bill,,,FALSE,FALSE,2396.91
PRL7869694,PRGS,120029,Renewal,4/1/2025,4/1/2026,4/1/2025,12,Homeowners,HO3,Lauren Santos,lauren.santos@customer.net,"14550 Michael Groves, Blankenshipville, MD 14532",MD,"14550 Michael Groves, Blankenshipville, MD 14532",,,1991,Frame,7,,,,,680.28,680.28,510.68,Direct Bill,,,FALSE,TRUE,169.6
USF5135829,GEIC,120018,Renewal,4/1/2025,4/1/2026,4/1/2025,12,Homeowners,HO3,Randy Melendez,randy.melendez@customer.net,"18229 Hannah Parks, Port Cynthia, IA 35707",IA,"04091 Hatfield Ford Apt. 319, Ramirezshire, NH 68752",,,2003,Joisted Masonry,6,,,,,7000,7000,5254.79,Direct Bill,,,FALSE,TRUE,1745.21
TVF0007210,LIBM,120162,Cancel,4/1/2025,7/26/2025,7/26/2025,12,Package,Commercial Package,Catherine Brown,catherine.brown@policyhub.org,"1826 Laura Corner, West Staceytown, KS 04356",KS,"1826 Laura Corner, West Staceytown, KS 04356",,,,Non-Combustible,7,,,,,10955.7,0,10955.7,Direct Bill,2/4/2023,,FALSE,FALSE,0
AEY3305130,ALLS,120157,Endorsement,4/1/2025,4/1/2026,5/20/2025,12,Umbrella,Personal Umbrella,Jamie Jackson,jamie.jackson@customer.net,"007 Samuel Common Apt. 899, Sandersbury, RI 77646",RI,"85710 Donald Cove, North Alexandra, NE 14395",,,,,,,,,,164.15,-7.99,123.22,Direct Bill,,,FALSE,FALSE,40.93
BRG2041622,ALLS,120014,Renewal,4/1/2025,4/1/2026,4/1/2025,12,Personal Auto,Private Passenger Auto,Albert Flores,albert.flores@mail.com,"62708 Cynthia Lodge Suite 815, Anthonyshire, NE 75887",NE,"62708 Cynthia Lodge Suite 815, Anthonyshire, NE 75887",1,2,,,,50/100,100000,500,250,940.23,940.23,705.82,Agency Bill,,,FALSE,TRUE,234.41
YHG3341310,NATI,120100,Renewal,4/1/2025,4/1/2026,4/1/2025,12,Homeowners,HO3,Joseph Clark,joseph.clark@insmail.com,"96728 Jo Junctions, Lake Davidburgh, ID 68716",ID,"96728 Jo Junctions, Lake Davidburgh, ID 68716",,,1988,Masonry Veneer,7,,,,,677.61,677.61,508.67,Direct Bill,,,FALSE,FALSE,168.94
FAA9742223,LIBM,120197,New,4/1/2025,4/1/2026,4/1/2025,12,Personal Auto,Private Passenger Auto,Jose Trujillo,jose.trujillo@insmail.com,"4548 Matthew Avenue, North Cindy, VT 06029",VT,"4548 Matthew Avenue, North Cindy, VT 06029",4,2,,,,25/50,100000,1000,1000,2306.95,2306.95,1731.79,Direct Bill,,,FALSE,TRUE,575.16
YMS6663330,ALLS,120080,Cancel,4/1/2025,2/15/2026,2/15/2026,12,Package,Commercial Package,Jacob Castillo,jacob.castillo@mail.com,"573 Bass Creek, East Debra, DC 92970",DC,"573 Bass Creek, East Debra, DC 92970",,,,Joisted Masonry,8,,,,,4154.12,0,3556.97,Agency Bill,10/22/2022,,FALSE,TRUE,597.15
HHN1680452,CHUB,120177,New,4/1/2025,4/1/2026,4/1/2025,12,Personal Auto,Private Passenger Auto,Andrew Lewis,andrew.lewis@policyhub.org,"08771 Coleman Parkway Suite 647, East Emily, UT 44085",UT,"08771 Coleman Parkway Suite 647, East Emily, UT 44085",5,2,,,,50/100,50000,500,250,896.04,896.04,672.64,Direct Bill,,,FALSE,TRUE,223.4
HNG9372489,TRAV,120169,Renewal,4/1/2025,4/1/2026,4/1/2025,12,Homeowners,HO3,Sherri Parker,sherri.parker@insmail.com,"82517 Parker Oval, Jenniferton, CO 58979",CO,"12143 Mata Ports, Coleburgh, HI 20501",,,2003,Masonry Veneer,9,,,,,607.68,607.68,456.18,Direct Bill,,,FALSE,TRUE,151.5
RBU9195313,PRGS,120254,Renewal,4/1/2025,4/1/2026,4/1/2025,12,Umbrella,Personal Umbrella,Michael Hurst,michael.hurst@mail.com,"32534 Williams Village Suite 799, New Charleschester, GA 30140",GA,"32534 Williams Village Suite 799, New Charleschester, GA 30140",,,,,,,,,,150,150,112.6,Direct Bill,,,FALSE,TRUE,37.4
RMV1445851,GEIC,120089,Renewal,4/1/2025,4/1/2026,4/1/2025,12,BOP,Businessowners,Robert Hodges,robert.hodges@customer.net,"820 Miller Throughway, New Richard, LA 19938",LA,"820 Miller Throughway, New Richard, LA 19938",,,,Masonry Veneer,6,,,,,5423.62,5423.62,4071.43,Direct Bill,,,FALSE,TRUE,1352.19
FSB2006414,NATI,120169,Renewal,4/1/2025,4/1/2026,4/1/2025,12,Homeowners,HO3,Catherine Kelly,catherine.kelly@mail.com,"55542 Terri Stravenue, Jacksonton, WV 82194",WV,"55542 Terri Stravenue, Jacksonton, WV 82194",,,1985,Fire Resistive,7,,,,,3558.69,3558.69,2671.45,Direct Bill,,,FALSE,TRUE,887.24
KVC5933997,AMFA,120021,Renewal,4/1/2025,4/1/2026,4/1/2025,12,BOP,Businessowners,Amy Flores,amy.flores@example.com,"645 David Key, Dianehaven, VT 75152",VT,"645 David Key, Dianehaven, VT 75152",,,,Non-Combustible,7,,,,,5614.36,5614.36,4214.62,Direct Bill,,,FALSE,FALSE,1399.74
LMS0014178,PRGS,120181,New,4/1/2025,4/1/2026,4/1/2025,12,Personal Auto,Private Passenger Auto,Melanie Underwood,melanie.underwood@insmail.com,"236 Edwards Brooks Suite 374, Peterburgh, MH 31074",MH,"236 Edwards Brooks Suite 374, Peterburgh, MH 31074",4,3,,,,50/100,100000,1000,2500,2172.56,2172.56,1630.91,Agency Bill,,,FALSE,FALSE,541.65
FEM4330692,AMFA,120042,Reinstate,4/1/2025,4/1/2026,8/7/2025,12,Package,Commercial Package,Caitlin Bradshaw,caitlin.bradshaw@mail.com,"33531 Golden Way Apt. 032, Thomasstad, MH 42533",MH,"33531 Golden Way Apt. 032, Thomasstad, MH 42533",,,,Masonry,8,,,,,3147.78,0,2362.99,Direct Bill,,1/25/2023,FALSE,FALSE,784.79
ELW5869308,PRGS,120059,Endorsement,4/1/2025,4/1/2026,10/21/2025,12,Umbrella,Personal Umbrella,Madison Wade,madison.wade@mail.com,"426 Robert Pine, Johnfort, PW 17417",PW,"426 Robert Pine, Johnfort, PW 17417",,,,,,,,,,649.46,8.82,487.54,Agency Bill,,,FALSE,TRUE,161.92
YVK3079186,PRGS,120150,New,4/1/2025,4/1/2026,4/1/2025,12,Personal Auto,Private Passenger Auto,Angel Torres,angel.torres@insmail.com,"881 Henderson Knolls Apt. 668, Davidton, NH 91594",NH,"650 Williams Summit Suite 662, Saundersmouth, NY 19600",2,2,,,,25/50,100000,250,500,1101.76,1101.76,827.07,Direct Bill,,,FALSE,TRUE,274.69
RPD3264077,NATI,120232,Renewal,4/1/2025,4/1/2026,4/1/2025,12,Homeowners,HO3,Zachary Bowman,zachary.bowman@mail.com,"9138 Matthews Coves Suite 557, Collinston, FM 34565",FM,"9138 Matthews Coves Suite 557, Collinston, FM 34565",,,1988,Non-Combustible,5,,,,,1053.15,1053.15,790.58,Agency Bill,,,FALSE,TRUE,262.57
PNW1954948,GEIC,120041,Renewal,4/1/2025,4/1/2026,4/1/2025,12,Homeowners,HO3,Michael Payne,michael.payne@insmail.com,"7719 Nguyen Run, East Donna, CO 74723",CO,"7719 Nguyen Run, East Donna, CO 74723",,,2001,Fire Resistive,4,,,,,786.67,786.67,590.54,Direct Bill,,,FALSE,TRUE,196.13
GGR0075361,ALLS,120225,New,4/1/2025,4/1/2026,4/1/2025,12,Personal Auto,Private Passenger Auto,Erin Simon,erin.simon@policyhub.org,"869 Walker Via Apt. 729, Teresastad, NE 36355",NE,"869 Walker Via Apt. 729, Teresastad, NE 36355",2,3,,,,50/100,100000,500,500,1061.92,1061.92,797.17,Direct Bill,,,FALSE,TRUE,264.75
VHL6863139,HART,120033,New,4/1/2025,4/1/2026,4/1/2025,12,Personal Auto,Private Passenger Auto,Derek Owens,derek.owens@customer.net,"1960 Butler Park Suite 942, Garciafort, MP 49337",MP,"14460 Burgess Stravenue Apt. 988, New Jenniferville, PW 71883",2,1,,,,25/50,100000,250,500,2165.24,2165.24,1625.41,Direct Bill,,,FALSE,TRUE,539.83
BDF0853825,TRAV,120103,Renewal,4/1/2025,4/1/2026,4/1/2025,12,Homeowners,HO3,Margaret Sloan,margaret.sloan@policyhub.org,"4303 Ramirez Ville, Parkermouth, ME 51986",ME,"4303 Ramirez Ville, Parkermouth, ME 51986",,,1966,Joisted Masonry,5,,,,,2700.56,2700.56,2027.27,Direct Bill,,,FALSE,TRUE,673.29
ENG9494036,AMFA,120184,New,4/1/2025,4/1/2026,4/1/2025,12,Personal Auto,Private Passenger Auto,Kathleen Atkins,kathleen.atkins@mail.com,"991 Fletcher Crescent Suite 790, Port Andrew, SC 80681",SC,"991 Fletcher Crescent Suite 790, Port Andrew, SC 80681",4,2,,,,25/50,100000,250,500,1344.58,1344.58,1009.36,Direct Bill,,,FALSE,TRUE,335.22
BCV6058876,AMFA,120145,New,4/1/2025,4/1/2026,4/1/2025,12,Personal Auto,Private Passenger Auto,Brandon Alvarez,brandon.alvarez@example.com,"740 Murray Extensions Suite 806, West Cory, NV 63560",NV,"740 Murray Extensions Suite 806, West Cory, NV 63560",2,2,,,,50/100,50000,1000,500,1231.42,1231.42,924.41,Direct Bill,,,FALSE,TRUE,307.01
VNP7698712,PRGS,120139,Endorsement,4/1/2025,4/1/2026,6/7/2025,12,Umbrella,Personal Umbrella,Anna Briggs,anna.briggs@mail.com,"9883 Hogan Expressway, Lake Peter, ID 85862",ID,"9883 Hogan Expressway, Lake Peter, ID 85862",,,,,,,,,,208.32,-4.69,156.38,Direct Bill,,,FALSE,TRUE,51.94
HDA4921625,CHUB,120050,Renewal,4/1/2025,4/1/2026,4/1/2025,12,Homeowners,HO3,Christopher Hughes,christopher.hughes@mail.com,"00309 Lindsey Squares, West Michaelchester, ND 96008",ND,"00309 Lindsey Squares, West Michaelchester, ND 96008",,,1986,Joisted Masonry,6,,,,,3142.95,3142.95,2359.37,Direct Bill,,,FALSE,TRUE,783.58
SLJ1400444,ALLS,120014,New,4/1/2025,4/1/2026,4/1/2025,12,Personal Auto,Private Passenger Auto,Keith Alvarado,keith.alvarado@customer.net,"37711 Krista Lodge, Pattersonmouth, WI 47754",WI,"37711 Krista Lodge, Pattersonmouth, WI 47754",3,2,,,,50/100,100000,1000,500,2043.51,2043.51,1534.03,Direct Bill,,,FALSE,TRUE,509.48
UEB9071605,FARM,120218,New,4/1/2025,4/1/2026,4/1/2025,12,Personal Auto,Private Passenger Auto,Richard House,richard.house@customer.net,"63835 Sanchez Mill Suite 428, Blairville, ID 46619",ID,"63835 Sanchez Mill Suite 428, Blairville, ID 46619",3,3,,,,50/100,50000,250,2500,2209.76,2209.76,1658.83,Direct Bill,,,FALSE,TRUE,550.93
ATV9087920,NATI,120095,Renewal,4/1/2025,4/1/2026,4/1/2025,12,Homeowners,HO3,Jonathan Donaldson,jonathan.donaldson@insmail.com,"8195 Todd Walk Suite 029, Grahamfurt, MP 93093",MP,"43016 Kevin Isle, West Derek, AS 84070",,,1981,Frame,4,,,,,1142.44,1142.44,857.61,Direct Bill,,,FALSE,TRUE,284.83
MUD8049917,TRAV,120156,Renewal,4/1/2025,4/1/2026,4/1/2025,12,Homeowners,HO3,Daniel Barron,daniel.barron@mail.com,"585 Roberts Ridges, North Crystal, ID 04567",ID,"585 Roberts Ridges, North Crystal, ID 04567",,,2006,Masonry Veneer,3,,,,,945.33,945.33,709.64,Direct Bill,,,FALSE,TRUE,235.69
MGB3159576,FARM,120254,Renewal,4/1/2025,4/1/2026,4/1/2025,12,Personal Auto,Private Passenger Auto,Heather Middleton,heather.middleton@insmail.com,"4614 Joanne Shore Suite 361, Cruzberg, OH 73513",OH,"4614 Joanne Shore Suite 361, Cruzberg, OH 73513",1,2,,,,50/100,100000,500,1000,2067.14,2067.14,1551.77,Agency Bill,,,FALSE,TRUE,515.37
FGJ9000935,CHUB,120280,Renewal,4/1/2025,4/1/2026,4/1/2025,12,WC,Workers Compensation,Marissa Garcia,marissa.garcia@insmail.com,"987 Hopkins Burgs, Port Robertborough, WY 34769",WY,"987 Hopkins Burgs, Port Robertborough, WY 34769",,,,,,,,,,7282.83,7282.83,5467.11,Direct Bill,,,FALSE,TRUE,1815.72
UED0287711,PRGS,120155,New,4/1/2025,4/1/2026,4/1/2025,12,Personal Auto,Private Passenger Auto,Justin Horn,justin.horn@policyhub.org,"61816 Beth Field, Martinezside, OR 07501",OR,"61816 Beth Field, Martinezside, OR 07501",1,3,,,,50/100,100000,2500,500,2583.77,2583.77,1939.6,Agency Bill,,,FALSE,TRUE,644.17
UVA1186500,ALLS,120231,Rewrite,4/1/2025,4/1/2026,4/1/2025,12,Package,Commercial Package,Michael Perez,michael.perez@mail.com,"8457 Donald Ranch Apt. 316, New Paulmouth, LA 01352",LA,"8457 Donald Ranch Apt. 316, New Paulmouth, LA 01352",,,,Frame,5,,,,,4340.06,4340.06,3258.02,Direct Bill,,,TRUE,FALSE,1082.04
RGB7178210,NATI,120179,Endorsement,4/1/2025,4/1/2026,9/11/2025,12,Umbrella,Personal Umbrella,Leslie Leon,leslie.leon@customer.net,"70182 Sandoval Island, North Lindseyfort, CO 85409",CO,"70182 Sandoval Island, North Lindseyfort, CO 85409",,,,,,,,,,815.26,36.45,612,Direct Bill,,,FALSE,TRUE,203.26
BEP0798590,NATI,120241,Renewal,4/1/2025,4/1/2026,4/1/2025,12,Personal Auto,Private Passenger Auto,Kurt Morrow,kurt.morrow@customer.net,"9823 Rich Summit Apt. 364, Margaretton, FM 05408",FM,"9823 Rich Summit Apt. 364, Margaretton, FM 05408",3,3,,,,50/100,100000,1000,250,3918.98,3918.98,2941.92,Direct Bill,,,FALSE,TRUE,977.06
BDC2224309,GEIC,120093,Rewrite,4/1/2025,4/1/2026,4/1/2025,12,Package,Commercial Package,Carol Kramer,carol.kramer@policyhub.org,"715 Wilson Manors, Gregorybury, MD 77491",MD,"715 Wilson Manors, Gregorybury, MD 77491",,,,Frame,5,,,,,6071.67,6071.67,4557.91,Direct Bill,,,TRUE,TRUE,1513.76
WEC8053205,GEIC,120025,Renewal,4/1/2025,4/1/2026,4/1/2025,12,Homeowners,HO3,Corey Raymond,corey.raymond@insmail.com,"5629 Amanda Points, Mendezberg, NE 70646",NE,"5629 Amanda Points, Mendezberg, NE 70646",,,1996,Masonry,7,,,,,801.02,801.02,601.31,Direct Bill,,,FALSE,TRUE,199.71
BCB6165334,LIBM,120270,New,4/1/2025,4/1/2026,4/1/2025,12,Personal Auto,Private Passenger Auto,Jennifer Mcmillan,jennifer.mcmillan@customer.net,"80986 Ruiz Loaf Apt. 043, West Desireefort, OR 75148",OR,"80986 Ruiz Loaf Apt. 043, West Desireefort, OR 75148",3,2,,,,25/50,100000,250,1000,1174.47,1174.47,881.66,Agency Bill,,,FALSE,TRUE,292.81
LLP9122717,AMFA,120129,New,4/1/2025,4/1/2026,4/1/2025,12,Personal Auto,Private Passenger Auto,Reginald Monroe,reginald.monroe@mail.com,"8949 Katie Shoal, Josephhaven, TN 30804",TN,"8949 Katie Shoal, Josephhaven, TN 30804",1,2,,,,25/50,100000,500,1000,1856.56,1856.56,1393.69,Direct Bill,,,FALSE,TRUE,462.87
LSZ6868847,PRGS,120226,Renewal,4/1/2025,4/1/2026,4/1/2025,12,Personal Auto,Private Passenger Auto,Nicole Hicks,nicole.hicks@insmail.com,"1439 Nelson Rue Suite 663, East Sethstad, MD 60449",MD,"1439 Nelson Rue Suite 663, East Sethstad, MD 60449",3,1,,,,50/100,25000,1000,500,1278.8,1278.8,959.98,Agency Bill,,,FALSE,FALSE,318.82
TTT4152967,GEIC,120228,Renewal,4/1/2025,4/1/2026,4/1/2025,12,BOP,Businessowners,Cristian Cantrell,cristian.cantrell@policyhub.org,"5872 Lisa Estate, East Jennifer, KY 45102",KY,"5872 Lisa Estate, East Jennifer, KY 45102",,,,Frame,4,,,,,8990.53,8990.53,6749.06,Agency Bill,,,FALSE,TRUE,2241.47
FHU2554813,GEIC,120205,Renewal,4/1/2025,4/1/2026,4/1/2025,12,Homeowners,HO3,Stephen Brewer,stephen.brewer@policyhub.org,"966 Watson Junction Apt. 584, North Michelle, MS 05657",MS,"966 Watson Junction Apt. 584, North Michelle, MS 05657",,,2008,Frame,3,,,,,500,500,375.34,Direct Bill,,,FALSE,TRUE,124.66
YGY5134175,PRGS,120090,Renewal,4/1/2025,4/1/2026,4/1/2025,12,Homeowners,HO3,Michelle Chen,michelle.chen@example.com,"207 Schmidt Mountain Apt. 517, New Heathershire, MO 34087",MO,"207 Schmidt Mountain Apt. 517, New Heathershire, MO 34087",,,1994,Joisted Masonry,7,,,,,3159.75,3159.75,2371.98,Agency Bill,,,FALSE,FALSE,787.77
JWE8902699,GEIC,120120,Renewal,4/1/2025,4/1/2026,4/1/2025,12,Personal Auto,Private Passenger Auto,Robert Smith,robert.smith@customer.net,"233 Michelle Pines, West Carlostown, OR 39894",OR,"233 Michelle Pines, West Carlostown, OR 39894",3,4,,,,50/100,250000,500,1000,1373.75,1373.75,1031.25,Direct Bill,,,FALSE,TRUE,342.5
HVK7419484,GEIC,120202,Renewal,4/1/2025,4/1/2026,4/1/2025,12,WC,Workers Compensation,Gregory Martinez,gregory.martinez@example.com,"281 Williams Grove Suite 086, Sharonborough, AK 73616",AK,"281 Williams Grove Suite 086, Sharonborough, AK 73616",,,,,,,,,,2000,2000,1501.37,Direct Bill,,,FALSE,TRUE,498.63
NXD3655853,FARM,120100,Renewal,4/1/2025,4/1/2026,4/1/2025,12,WC,Workers Compensation,Erica Robles,erica.robles@example.com,"785 Edwards Drive, West Jamesmouth, OR 61066",OR,"1272 Lawson Villages, South Laurenhaven, LA 10031",,,,,,,,,,2000,2000,1501.37,Direct Bill,,,FALSE,FALSE,498.63
CYS1385917,GEIC,120261,New,4/1/2025,4/1/2026,4/1/2025,12,Personal Auto,Private Passenger Auto,Andrea Williams,andrea.williams@customer.net,"70830 Chelsea Lodge Apt. 288, Davidsonhaven, TX 16027",TX,"70830 Chelsea Lodge Apt. 288, Davidsonhaven, TX 16027",3,2,,,,50/100,100000,1000,1000,868.89,868.89,652.26,Agency Bill,,,FALSE,TRUE,216.63
ZYN8228368,TRAV,120240,Renewal,4/1/2025,4/1/2026,4/1/2025,12,Personal Auto,Private Passenger Auto,Melinda Smith,melinda.smith@example.com,"670 Rodriguez Fall, North Richard, MH 48081",MH,"670 Rodriguez Fall, North Richard, MH 48081",1,4,,,,50/100,50000,2500,2500,2129.81,2129.81,1598.82,Agency Bill,,,FALSE,TRUE,530.99
ZZW2735934,HART,120035,Renewal,4/1/2025,4/1/2026,4/1/2025,12,BOP,Businessowners,Darryl Taylor,darryl.taylor@customer.net,"62188 Jeffery Estates Apt. 996, Brownbury, NE 69714",NE,"3905 David Inlet Apt. 773, Reynoldsburgh, TX 87406",,,,Frame,6,,,,,1811.31,1811.31,1359.72,Direct Bill,,,FALSE,TRUE,451.59
LLB5536217,ALLS,120267,Renewal,4/1/2025,4/1/2026,4/1/2025,12,Umbrella,Personal Umbrella,Dawn Wade,dawn.wade@customer.net,"33094 Hunter Burgs, South Tarachester, PA 83379",PA,"33094 Hunter Burgs, South Tarachester, PA 83379",,,,,,,,,,792.02,792.02,594.56,Direct Bill,,,FALSE,TRUE,197.46
RET3695004,TRAV,120013,Renewal,4/1/2025,4/1/2026,4/1/2025,12,Homeowners,HO3,Elizabeth Montgomery,elizabeth.montgomery@insmail.com,"7647 Hoover Springs, Rachaelshire, WI 50499",WI,"7647 Hoover Springs, Rachaelshire, WI 50499",,,2001,Masonry,3,,,,,1875.09,1875.09,1407.6,Direct Bill,,,FALSE,TRUE,467.49
PJD0009971,LIBM,120083,Renewal,4/1/2025,4/1/2026,4/1/2025,12,Personal Auto,Private Passenger Auto,Christopher Warner,christopher.warner@example.com,"378 Johnson Valleys, Deborahstad, DC 03531",DC,"378 Johnson Valleys, Deborahstad, DC 03531",2,1,,,,50/100,100000,1000,1000,772.89,772.89,580.2,Direct Bill,,,FALSE,FALSE,192.69
RJN2072516,PRGS,120112,Reinstate,4/1/2025,4/1/2026,3/3/2026,12,Package,Commercial Package,Lisa Brennan,lisa.brennan@insmail.com,"50444 Nelson Ports, Port Brandon, IN 04015",IN,"50444 Nelson Ports, Port Brandon, IN 04015",,,,Fire Resistive,6,,,,,14584.41,0,10948.3,Direct Bill,,10/5/2021,FALSE,TRUE,3636.11
FGW7781696,CHUB,120060,Renewal,4/1/2025,4/1/2026,4/1/2025,12,Personal Auto,Private Passenger Auto,Mark Knight,mark.knight@customer.net,"8868 Vasquez Corners, East Jaredport, AR 84259",AR,"8868 Vasquez Corners, East Jaredport, AR 84259",2,1,,,,50/100,100000,1000,1000,888.47,888.47,666.96,Direct Bill,,,FALSE,TRUE,221.51
NHC9304751,PRGS,120035,Renewal,4/1/2025,4/1/2026,4/1/2025,12,BOP,Businessowners,Melissa Fry,melissa.fry@policyhub.org,"5731 Huynh Villages Apt. 560, Jeffreystad, CT 07933",CT,"5731 Huynh Villages Apt. 560, Jeffreystad, CT 07933",,,,Frame,5,,,,,4638.52,4638.52,3482.07,Direct Bill,,,FALSE,TRUE,1156.45
JLH6095528,TRAV,120082,Renewal,4/1/2025,4/1/2026,4/1/2025,12,BOP,Businessowners,Ruth Wilson,ruth.wilson@policyhub.org,"9759 Gina Tunnel, Port Michaelview, MD 58501",MD,"9759 Gina Tunnel, Port Michaelview, MD 58501",,,,Frame,9,,,,,6459.27,6459.27,4848.88,Direct Bill,,,FALSE,TRUE,1610.39
LCJ4832880,PRGS,120195,New,4/1/2025,4/1/2026,4/1/2025,12,Personal Auto,Private Passenger Auto,Nathan Morgan,nathan.morgan@example.com,"76713 Stephanie Crossing, Andreaburgh, IL 33632",IL,"76713 Stephanie Crossing, Andreaburgh, IL 33632",2,1,,,,50/100,250000,500,500,1060.03,1060.03,795.75,Direct Bill,,,FALSE,TRUE,264.28
RLX9645762,NATI,120122,Cancel,4/1/2025,12/9/2025,12/9/2025,12,Package,Commercial Package,Ashley Villegas,ashley.villegas@mail.com,"669 Harrison Rapid Suite 139, East Priscilla, AK 83027",AK,"61606 Day Lodge, Cindyhaven, ID 19753",,,,Non-Combustible,7,,,,,9025.33,0,9025.33,Agency Bill,7/27/2022,,FALSE,FALSE,0
YVM5562753,TRAV,120182,Renewal,4/1/2025,4/1/2026,4/1/2025,12,Personal Auto,Private Passenger Auto,Kristen Klein,kristen.klein@mail.com,"1140 Timothy Knolls Apt. 575, Thomasshire, TN 78499",TN,"1140 Timothy Knolls Apt. 575, Thomasshire, TN 78499",2,2,,,,50/100,100000,1000,500,1064.95,1064.95,799.44,Direct Bill,,,FALSE,TRUE,265.51
TZC3728073,PRGS,120009,Renewal,4/1/2025,4/1/2026,4/1/2025,12,Homeowners,HO3,Jennifer Aguilar,jennifer.aguilar@policyhub.org,"595 Nelson Underpass, South Linda, NV 80903",NV,"595 Nelson Underpass, South Linda, NV 80903",,,1999,Frame,1,,,,,500,500,375.34,Direct Bill,,,FALSE,TRUE,124.66
VSA2942831,CHUB,120131,Endorsement,4/1/2025,4/1/2026,4/20/2025,12,Umbrella,Personal Umbrella,Brittany Ray,brittany.ray@mail.com,"98391 Williams Trail Suite 154, Cisnerosstad, PA 97501",PA,"98391 Williams Trail Suite 154, Cisnerosstad, PA 97501",,,,,,,,,,549.92,-40.5,412.82,Direct Bill,,,FALSE,TRUE,137.1
XNC8717841,PRGS,120294,Renewal,4/1/2025,4/1/2026,4/1/2025,12,Homeowners,HO3,Adam Stafford,adam.stafford@policyhub.org,"518 Wilkinson Manors, Fosterburgh, DE 36087",DE,"518 Wilkinson Manors, Fosterburgh, DE 36087",,,1963,Joisted Masonry,5,,,,,1905.12,1905.12,1430.14,Direct Bill,,,FALSE,TRUE,474.98
JCL7379523,ALLS,120191,Renewal,4/1/2025,4/1/2026,4/1/2025,12,WC,Workers Compensation,Charles Jackson,charles.jackson@policyhub.org,"673 Dawson Crossing Apt. 136, Port Samantha, WV 96775",WV,"673 Dawson Crossing Apt. 136, Port Samantha, WV 96775",,,,,,,,,,2000,2000,1501.37,Direct Bill,,,FALSE,FALSE,498.63
XKE4129688,HART,120200,New,4/1/2025,4/1/2026,4/1/2025,12,Personal Auto,Private Passenger Auto,Richard Young,richard.young@mail.com,"596 Helen Heights, Brandontown, GA 56184",GA,"596 Helen Heights, Brandontown, GA 56184",1,2,,,,25/50,100000,500,250,1254.8,1254.8,941.96,Direct Bill,,,FALSE,TRUE,312.84
SWZ6194205,ALLS,120045,New,4/1/2025,4/1/2026,4/1/2025,12,Personal Auto,Private Passenger Auto,Johnny Harper,johnny.harper@example.com,"04846 Khan Place Apt. 210, Vegaville, NC 55379",NC,"04846 Khan Place Apt. 210, Vegaville, NC 55379",3,3,,,,50/100,250000,500,2500,1301.33,1301.33,976.89,Agency Bill,,,FALSE,FALSE,324.44
SYB1145263,NATI,120228,Renewal,4/1/2025,4/1/2026,4/1/2025,12,BOP,Businessowners,April Dunn,april.dunn@mail.com,"5883 Barbara Roads, Port Timothyfort, FL 40099",FL,"558 Taylor Lock, Danielberg, WY 92008",,,,Frame,6,,,,,5174.4,5174.4,3884.34,Direct Bill,,,FALSE,TRUE,1290.06
CXD4384431,HART,120037,New,4/1/2025,4/1/2026,4/1/2025,12,Personal Auto,Private Passenger Auto,Jonathan Stevens,jonathan.stevens@insmail.com,"2523 Jennifer Cape, West Donna, WA 82748",WA,"2523 Jennifer Cape, West Donna, WA 82748",3,1,,,,25/50,25000,250,500,1135.71,1135.71,852.56,Agency Bill,,,FALSE,TRUE,283.15
YSS6424464,GEIC,120140,Renewal,4/1/2025,4/1/2026,4/1/2025,12,BOP,Businessowners,Carla Moon,carla.moon@insmail.com,"08697 Michael Gateway, New Anthony, CA 04206",CA,"5929 Knight Mountains, Sotomouth, UT 59149",,,,Masonry Veneer,7,,,,,1500,1500,1126.03,Agency Bill,,,FALSE,TRUE,373.97
DPS0490886,ALLS,120196,Renewal,4/1/2025,4/1/2026,4/1/2025,12,BOP,Businessowners,Julia Armstrong,julia.armstrong@policyhub.org,"3863 Morgan Grove Suite 427, Morganside, OK 14440",OK,"3863 Morgan Grove Suite 427, Morganside, OK 14440",,,,Frame,9,,,,,2823.2,2823.2,2119.33,Agency Bill,,,FALSE,TRUE,703.87
WYB4727136,HART,120165,New,4/1/2025,4/1/2026,4/1/2025,12,Personal Auto,Private Passenger Auto,Karen Carter,karen.carter@policyhub.org,"9578 Velazquez Hills Apt. 071, Port Brandybury, VT 27991",VT,"83847 Watson Vista Apt. 355, Port Brandon, OH 54708",2,3,,,,50/100,100000,250,250,3230.97,3230.97,2425.44,Direct Bill,,,FALSE,TRUE,805.53
SHJ7023180,ALLS,120002,Endorsement,4/1/2025,4/1/2026,7/2/2025,12,Umbrella,Personal Umbrella,Daniel Williams,daniel.williams@policyhub.org,"76129 Michael Station Apt. 165, Williamsfort, TN 47256",TN,"76129 Michael Station Apt. 165, Williamsfort, TN 47256",,,,,,,,,,626.08,-56.4,469.99,Direct Bill,,,FALSE,TRUE,156.09
HBX4642880,HART,120014,Renewal,4/1/2025,4/1/2026,4/1/2025,12,Homeowners,HO3,Rodney Deleon,rodney.deleon@customer.net,"276 David Orchard Apt. 836, South Johnfort, MH 39161",MH,"276 David Orchard Apt. 836, South Johnfort, MH 39161",,,2006,Masonry,9,,,,,1728.34,1728.34,1297.44,Direct Bill,,,FALSE,TRUE,430.9
NFZ0574593,LIBM,120225,Renewal,4/1/2025,4/1/2026,4/1/2025,12,Homeowners,HO3,Troy Wong,troy.wong@insmail.com,"0100 Deborah Walk Apt. 084, North Jessicaport, AS 36190",AS,"2829 Frazier Roads, South Natashaview, AK 00619",,,2002,Joisted Masonry,6,,,,,3796.93,3796.93,2850.3,Agency Bill,,,FALSE,TRUE,946.63
SZM0232739,HART,120155,Renewal,4/1/2025,4/1/2026,4/1/2025,12,Homeowners,HO3,Cheyenne Williams,cheyenne.williams@example.com,"1588 David Lane Apt. 441, West Mark, PW 58506",PW,"1588 David Lane Apt. 441, West Mark, PW 58506",,,1999,Fire Resistive,6,,,,,1460.62,1460.62,1096.47,Direct Bill,,,FALSE,TRUE,364.15
ZKR3876356,ALLS,120068,New,4/1/2025,4/1/2026,4/1/2025,12,Personal Auto,Private Passenger Auto,William Long,william.long@customer.net,"54589 Ryan Crossing, Kathleenhaven, DC 42300",DC,"54589 Ryan Crossing, Kathleenhaven, DC 42300",2,2,,,,50/100,25000,2500,250,1737.47,1737.47,1304.29,Agency Bill,,,FALSE,TRUE,433.18
WCK4841222,GEIC,120042,Endorsement,4/1/2025,4/1/2026,5/2/2025,12,Umbrella,Personal Umbrella,Joshua Osborne,joshua.osborne@mail.com,"77745 Rangel Plains Apt. 041, Lynnchester, NC 96824",NC,"36531 Knight Gateway Apt. 815, Crossport, PA 93925",,,,,,,,,,323.1,1.89,242.55,Direct Bill,,,FALSE,TRUE,80.55
ESR6743566,LIBM,120141,Renewal,4/1/2025,4/1/2026,4/1/2025,12,Homeowners,HO3,David Jones,david.jones@example.com,"839 Ramirez Freeway, Owenstown, WY 02115",WY,"839 Ramirez Freeway, Owenstown, WY 02115",,,1989,Fire Resistive,7,,,,,1711.51,1711.51,1284.8,Direct Bill,,,FALSE,TRUE,426.71
BNA2700744,AMFA,120111,Renewal,4/1/2025,4/1/2026,4/1/2025,12,BOP,Businessowners,Brian Weaver,brian.weaver@insmail.com,"2494 Cook Valleys Apt. 630, North Danielhaven, AL 10508",AL,"2494 Cook Valleys Apt. 630, North Danielhaven, AL 10508",,,,Frame,8,,,,,1632.13,1632.13,1225.22,Direct Bill,,,FALSE,TRUE,406.91
RXP2307259,FARM,120060,Renewal,4/1/2025,4/1/2026,4/1/2025,12,WC,Workers Compensation,Gina Roberson,gina.roberson@example.com,"594 Deborah Burgs, Barnesmouth, VA 46567",VA,"594 Deborah Burgs, Barnesmouth, VA 46567",,,,,,,,,,2318.9,2318.9,1740.76,Direct Bill,,,FALSE,FALSE,578.14
GGU7591177,TRAV,120031,Renewal,4/1/2025,4/1/2026,4/1/2025,12,WC,Workers Compensation,Robert Long,robert.long@insmail.com,"5527 Wilson Station Suite 511, East Michael, RI 87127",RI,"5527 Wilson Station Suite 511, East Michael, RI 87127",,,,,,,,,,2457.17,2457.17,1844.56,Direct Bill,,,FALSE,TRUE,612.61
URC2764531,GEIC,120150,Renewal,4/1/2025,4/1/2026,4/1/2025,12,WC,Workers Compensation,Crystal Lopez,crystal.lopez@example.com,"30066 Cooper Mission, Lake Julieview, ID 27416",ID,"30066 Cooper Mission, Lake Julieview, ID 27416",,,,,,,,,,8961.05,8961.05,6726.93,Direct Bill,,,FALSE,FALSE,2234.12
EPD8094865,ALLS,120164,Renewal,4/1/2025,4/1/2026,4/1/2025,12,Homeowners,HO3,Anita Wilson,anita.wilson@policyhub.org,"185 Humphrey Hills, East Sara, MH 95607",MH,"185 Humphrey Hills, East Sara, MH 95607",,,1975,Joisted Masonry,3,,,,,527.63,527.63,396.08,Agency Bill,,,FALSE,TRUE,131.55
VHF5127096,PRGS,120026,New,4/1/2025,4/1/2026,4/1/2025,12,Personal Auto,Private Passenger Auto,Crystal Keith,crystal.keith@policyhub.org,"591 Chung Shores, Port Edgar, ID 92073",ID,"0239 Bradley Junctions, Harrisstad, VT 60816",1,1,,,,25/50,100000,1000,500,1299.74,1299.74,975.7,Direct Bill,,,FALSE,TRUE,324.04
UFB1474674,HART,120271,Reinstate,4/1/2025,4/1/2026,2/24/2026,12,Package,Commercial Package,Shane Ryan,shane.ryan@mail.com,"13424 Luis Stravenue, Oscarstad, WY 71225",WY,"13424 Luis Stravenue, Oscarstad, WY 71225",,,,Non-Combustible,2,,,,,3000,0,2252.05,Direct Bill,,1/25/2024,FALSE,TRUE,747.95
VEP7228171,ALLS,120138,New,4/1/2025,4/1/2026,4/1/2025,12,Personal Auto,Private Passenger Auto,Lisa Richardson,lisa.richardson@policyhub.org,"06488 Dunn Creek, Carrollmouth, KS 95313",KS,"2832 Michael Passage Suite 326, East Brian, NE 26061",3,4,,,,50/100,50000,500,500,1311.26,1311.26,984.34,Agency Bill,,,FALSE,TRUE,326.92
TKP6804234,CHUB,120057,Rewrite,4/1/2025,4/1/2026,4/1/2025,12,Package,Commercial Package,Jessica Morrison,jessica.morrison@policyhub.org,"23038 Ortega Spurs Suite 426, Blairchester, WA 01851",WA,"23038 Ortega Spurs Suite 426, Blairchester, WA 01851",,,,Frame,7,,,,,8762.88,8762.88,6578.16,Direct Bill,,,TRUE,TRUE,2184.72
EPV2473063,GEIC,120106,Renewal,4/1/2025,4/1/2026,4/1/2025,12,WC,Workers Compensation,Donald Solomon,donald.solomon@customer.net,"9623 Vargas Gardens Apt. 785, Martinburgh, NM 43721",NM,"517 Jennifer Drives, East Anneborough, MP 10095",,,,,,,,,,16619.64,16619.64,12476.11,Direct Bill,,,FALSE,TRUE,4143.53
BZC5568952,AMFA,120220,New,4/1/2025,4/1/2026,4/1/2025,12,Personal Auto,Private Passenger Auto,Joel Griffith,joel.griffith@policyhub.org,"938 Schroeder Hollow Suite 314, Lake Huntermouth, RI 84582",RI,"938 Schroeder Hollow Suite 314, Lake Huntermouth, RI 84582",1,3,,,,25/50,100000,1000,500,2329.43,2329.43,1748.67,Agency Bill,,,FALSE,TRUE,580.76
KLN4940069,PRGS,120227,New,4/1/2025,4/1/2026,4/1/2025,12,Personal Auto,Private Passenger Auto,Julie Campbell,julie.campbell@example.com,"57354 Blankenship Plains, East Kimberlyport, OK 45539",OK,"57354 Blankenship Plains, East Kimberlyport, OK 45539",3,1,,,,50/100,100000,250,1000,1650.52,1650.52,1239.02,Direct Bill,,,FALSE,TRUE,411.5
DRP0254871,PRGS,120238,New,4/1/2025,4/1/2026,4/1/2025,12,Personal Auto,Private Passenger Auto,Dylan Carter,dylan.carter@insmail.com,"0090 Patricia Field Apt. 482, West Angela, AL 39031",AL,"0090 Patricia Field Apt. 482, West Angela, AL 39031",1,2,,,,25/50,250000,500,500,1537.37,1537.37,1154.08,Direct Bill,,,FALSE,TRUE,383.29
CFE2575335,CHUB,120055,New,4/1/2025,4/1/2026,4/1/2025,12,Personal Auto,Private Passenger Auto,Nancy Miller,nancy.miller@mail.com,"9834 Wayne Brooks, Jerryfurt, MS 31244",MS,"6945 Gregory Inlet, South Dwaynehaven, MD 27644",2,2,,,,50/100,25000,500,1000,1380.04,1380.04,1035.98,Direct Bill,,,FALSE,TRUE,344.06
VNC6829974,CHUB,120177,New,4/1/2025,4/1/2026,4/1/2025,12,Personal Auto,Private Passenger Auto,John Mcconnell,john.mcconnell@customer.net,"902 Kennedy Circle, Port Jessica, NY 91431",NY,"902 Kennedy Circle, Port Jessica, NY 91431",1,2,,,,50/100,100000,2500,500,1195.99,1195.99,897.81,Direct Bill,,,FALSE,TRUE,298.18
ZDS3572997,FARM,120138,Renewal,4/1/2025,4/1/2026,4/1/2025,12,Homeowners,HO3,Michael Turner,michael.turner@customer.net,"3204 Fox Roads, Port Alishaland, OR 05579",OR,"3204 Fox Roads, Port Alishaland, OR 05579",,,1968,Frame,3,,,,,1551.47,1551.47,1164.67,Direct Bill,,,FALSE,TRUE,386.8
DHU0035067,LIBM,120296,Renewal,4/1/2025,4/1/2026,4/1/2025,12,BOP,Businessowners,Kevin Estrada,kevin.estrada@policyhub.org,"15077 Shea Islands Suite 384, Michaelaland, MO 12250",MO,"15077 Shea Islands Suite 384, Michaelaland, MO 12250",,,,Frame,8,,,,,2603.82,2603.82,1954.65,Agency Bill,,,FALSE,TRUE,649.17
KLT2100729,NATI,120036,Renewal,4/1/2025,4/1/2026,4/1/2025,12,Homeowners,HO3,Kathleen Jacobs,kathleen.jacobs@policyhub.org,"601 Ashley Plains Apt. 125, New Calvinside, MA 53106",MA,"601 Ashley Plains Apt. 125, New Calvinside, MA 53106",,,2006,Non-Combustible,4,,,,,933.18,933.18,700.52,Agency Bill,,,FALSE,TRUE,232.66
KZR8422843,FARM,120115,Renewal,4/1/2025,4/1/2026,4/1/2025,12,BOP,Businessowners,Amanda Garrett,amanda.garrett@policyhub.org,"676 Shannon Cape Apt. 476, West Raven, CO 02299",CO,"676 Shannon Cape Apt. 476, West Raven, CO 02299",,,,Masonry Veneer,1,,,,,5289.93,5289.93,3971.07,Direct Bill,,,FALSE,FALSE,1318.86
PKM2154583,GEIC,120017,Renewal,4/1/2025,4/1/2026,4/1/2025,12,Homeowners,HO3,Cassandra Hudson,cassandra.hudson@policyhub.org,"8965 Dillon Vista Suite 558, North Thomasfort, IN 00971",IN,"8965 Dillon Vista Suite 558, North Thomasfort, IN 00971",,,1995,Joisted Masonry,4,,,,,1976.95,1976.95,1484.07,Direct Bill,,,FALSE,TRUE,492.88
DGP5364602,HART,120256,Renewal,4/1/2025,4/1/2026,4/1/2025,12,Homeowners,HO3,Kimberly Hughes,kimberly.hughes@example.com,"9689 Anderson Islands, Herrerastad, MI 35585",MI,"9689 Anderson Islands, Herrerastad, MI 35585",,,1980,Fire Resistive,8,,,,,3936.87,3936.87,2955.35,Direct Bill,,,FALSE,TRUE,981.52
YKD7771974,GEIC,120257,Endorsement,4/1/2025,4/1/2026,6/28/2025,12,Umbrella,Personal Umbrella,Robert Gray,robert.gray@insmail.com,"40375 Mccarthy Passage, Foxstad, IA 59912",IA,"091 Stevens Center, Hillshire, NY 93888",,,,,,,,,,268.38,-26.31,201.47,Direct Bill,,,FALSE,TRUE,66.91
SEV3684215,GEIC,120186,Renewal,4/1/2025,4/1/2026,4/1/2025,12,WC,Workers Compensation,Kristen Nelson,kristen.nelson@example.com,"169 Glenn Crossing Apt. 400, New Lori, KY 32578",KY,"23966 Johnson Road, New Mark, MH 53496",,,,,,,,,,10814.74,10814.74,8118.46,Direct Bill,,,FALSE,TRUE,2696.28
YLJ4575828,PRGS,120156,Renewal,4/1/2025,4/1/2026,4/1/2025,12,WC,Workers Compensation,Natalie Clark,natalie.clark@example.com,"686 William Lodge Suite 988, Warrenmouth, IA 99102",IA,"686 William Lodge Suite 988, Warrenmouth, IA 99102",,,,,,,,,,3819.82,3819.82,2867.48,Direct Bill,,,FALSE,FALSE,952.34
YCE1128328,TRAV,120296,New,4/1/2025,4/1/2026,4/1/2025,12,Personal Auto,Private Passenger Auto,Sarah Kelley,sarah.kelley@customer.net,"8765 Angela Harbor Suite 574, Bondside, NV 43554",NV,"8765 Angela Harbor Suite 574, Bondside, NV 43554",2,5,,,,50/100,100000,500,500,1758.75,1758.75,1320.27,Agency Bill,,,FALSE,TRUE,438.48
WRW5193328,HART,120258,New,4/1/2025,4/1/2026,4/1/2025,12,Personal Auto,Private Passenger Auto,Erika Horton,erika.horton@customer.net,"57691 John Underpass, Snyderville, VI 93290",VI,"57691 John Underpass, Snyderville, VI 93290",3,3,,,,25/50,250000,500,1000,1816.57,1816.57,1363.67,Direct Bill,,,FALSE,TRUE,452.9
UTK5758354,AMFA,120220,Endorsement,4/1/2025,4/1/2026,12/1/2025,12,Umbrella,Personal Umbrella,Melissa Smith,melissa.smith@policyhub.org,"9272 White Junctions, South Meghan, LA 88206",LA,"9272 White Junctions, South Meghan, LA 88206",,,,,,,,,,654.87,43.3,491.6,Direct Bill,,,FALSE,TRUE,163.27
FNK5558892,FARM,120297,New,4/1/2025,4/1/2026,4/1/2025,12,Personal Auto,Private Passenger Auto,Mark Mcdonald,mark.mcdonald@policyhub.org,"1843 Robertson Flats Suite 506, South Derek, SC 14343",SC,"1843 Robertson Flats Suite 506, South Derek, SC 14343",1,2,,,,50/100,250000,1000,250,1067.14,1067.14,801.09,Agency Bill,,,FALSE,TRUE,266.05
AHL4072043,GEIC,120175,New,4/1/2025,4/1/2026,4/1/2025,12,Personal Auto,Private Passenger Auto,Jacqueline Olsen,jacqueline.olsen@insmail.com,"60181 Rachel Land, Charlesview, TX 48357",TX,"60181 Rachel Land, Charlesview, TX 48357",3,1,,,,50/100,250000,250,500,3211.01,3211.01,2410.46,Direct Bill,,,FALSE,TRUE,800.55
FLB0364647,FARM,120153,Endorsement,4/1/2025,4/1/2026,10/21/2025,12,Umbrella,Personal Umbrella,Lisa Goodwin,lisa.goodwin@mail.com,"832 Adkins Loaf Suite 416, Jenniferberg, SD 07966",SD,"832 Adkins Loaf Suite 416, Jenniferberg, SD 07966",,,,,,,,,,844.6,4.32,634.03,Direct Bill,,,FALSE,TRUE,210.57
AMV4752260,HART,120266,Renewal,4/1/2025,4/1/2026,4/1/2025,12,Homeowners,HO3,Frank Mcdowell,frank.mcdowell@example.com,"149 Reese Pine, Lake Johnfort, KY 83252",KY,"8316 Emily Ville Suite 026, Warrenland, UT 65454",,,1991,Non-Combustible,9,,,,,2817.58,2817.58,2115.11,Direct Bill,,,FALSE,TRUE,702.47
RUS9917412,NATI,120127,Renewal,4/1/2025,4/1/2026,4/1/2025,12,WC,Workers Compensation,David Mccarty,david.mccarty@insmail.com,"2501 Aaron Drive, Lake Paulabury, AK 64914",AK,"2501 Aaron Drive, Lake Paulabury, AK 64914",,,,,,,,,,5330.14,5330.14,4001.26,Direct Bill,,,FALSE,TRUE,1328.88
WRF7281912,TRAV,120034,Renewal,4/1/2025,4/1/2026,4/1/2025,12,Personal Auto,Private Passenger Auto,Jessica Oconnor,jessica.oconnor@example.com,"6742 Diane Place Apt. 239, Lake Dennis, NE 32574",NE,"694 Lambert Mills, Samuelview, NH 39929",1,1,,,,50/100,100000,250,1000,760.24,760.24,570.7,Agency Bill,,,FALSE,TRUE,189.54
ZYN6038545,GEIC,120047,New,4/1/2025,4/1/2026,4/1/2025,12,Personal Auto,Private Passenger Auto,Sue Reyes,sue.reyes@mail.com,"684 Rebecca Courts, Jeffreyton, SC 16520",SC,"684 Rebecca Courts, Jeffreyton, SC 16520",1,3,,,,50/100,250000,1000,500,1512.74,1512.74,1135.59,Direct Bill,,,FALSE,TRUE,377.15
VDW2466316,TRAV,120270,New,4/1/2025,4/1/2026,4/1/2025,12,Personal Auto,Private Passenger Auto,Amy Huynh,amy.huynh@policyhub.org,"178 Ashley Key Suite 643, East Jason, FL 85893",FL,"178 Ashley Key Suite 643, East Jason, FL 85893",3,3,,,,50/100,50000,1000,500,2760.05,2760.05,2071.93,Agency Bill,,,FALSE,TRUE,688.12
SLX8294806,GEIC,120247,Renewal,4/1/2025,4/1/2026,4/1/2025,12,BOP,Businessowners,Ethan Hebert,ethan.hebert@mail.com,"5293 Lewis Overpass, Nancyton, NE 59788",NE,"746 Ayala Lights Apt. 182, Thomasview, ND 03193",,,,Frame,5,,,,,3059.05,3059.05,2296.38,Direct Bill,,,FALSE,FALSE,762.67
UFX3140916,CHUB,120089,New,4/1/2025,4/1/2026,4/1/2025,12,Personal Auto,Private Passenger Auto,Pamela Robinson,pamela.robinson@insmail.com,"696 Valerie Extensions Suite 604, Angelaberg, NJ 57270",NJ,"385 Thomas Parkways Suite 130, Thomasside, TX 05427",1,2,,,,50/100,250000,1000,1000,1655.25,1655.25,1242.57,Direct Bill,,,FALSE,TRUE,412.68
CBP5618909,LIBM,120106,Renewal,4/1/2025,4/1/2026,4/1/2025,12,WC,Workers Compensation,Nancy Young,nancy.young@example.com,"2914 Sherry Drive Apt. 973, Port Maryfort, AZ 51253",AZ,"2914 Sherry Drive Apt. 973, Port Maryfort, AZ 51253",,,,,,,,,,4305.86,4305.86,3232.34,Agency Bill,,,FALSE,TRUE,1073.52
WPZ4283395,ALLS,120064,Endorsement,4/1/2025,4/1/2026,7/23/2025,12,Umbrella,Personal Umbrella,Tina Rivera,tina.rivera@policyhub.org,"441 Joseph Estate, East Brian, WV 68231",WV,"441 Joseph Estate, East Brian, WV 68231",,,,,,,,,,712.38,6.62,534.77,Direct Bill,,,FALSE,FALSE,177.61
CAR8243798,CHUB,120016,Renewal,4/1/2025,4/1/2026,4/1/2025,12,Homeowners,HO3,Michael Lopez,michael.lopez@policyhub.org,"8054 Kim Shoals Apt. 337, Taylorchester, FM 77731",FM,"8054 Kim Shoals Apt. 337, Taylorchester, FM 77731",,,1982,Non-Combustible,8,,,,,1517.51,1517.51,1139.17,Agency Bill,,,FALSE,TRUE,378.34
BYD1695354,TRAV,120012,New,4/1/2025,4/1/2026,4/1/2025,12,Personal Auto,Private Passenger Auto,Christian Moran,christian.moran@insmail.com,"9779 Timothy Station, Williamschester, PA 74705",PA,"9779 Timothy Station, Williamschester, PA 74705",2,3,,,,25/50,50000,500,250,4000,4000,3002.74,Direct Bill,,,FALSE,TRUE,997.26
LXJ5241619,GEIC,120114,New,4/1/2025,4/1/2026,4/1/2025,12,Personal Auto,Private Passenger Auto,Emily Harrison,emily.harrison@insmail.com,"377 Daniels Valley Suite 115, Bradyhaven, AL 72541",AL,"45104 Lee Village, New Donald, FM 84580",2,2,,,,50/100,500000,500,500,1012.7,1012.7,760.22,Direct Bill,,,FALSE,TRUE,252.48
TXK2481076,TRAV,120036,New,4/1/2025,4/1/2026,4/1/2025,12,Personal Auto,Private Passenger Auto,Charles Leonard,charles.leonard@customer.net,"551 Michelle Summit, East Rhondaberg, AK 77925",AK,"551 Michelle Summit, East Rhondaberg, AK 77925",2,3,,,,50/100,250000,1000,2500,1595.62,1595.62,1197.81,Direct Bill,,,FALSE,TRUE,397.81
XHE0410263,CHUB,120146,Renewal,4/1/2025,4/1/2026,4/1/2025,12,WC,Workers Compensation,Matthew Brandt,matthew.brandt@policyhub.org,"7873 Jason Rest, Donnaton, FM 09435",FM,"7873 Jason Rest, Donnaton, FM 09435",,,,,,,,,,2000,2000,1501.37,Direct Bill,,,FALSE,FALSE,498.63
RVF0127881,ALLS,120253,New,4/1/2025,4/1/2026,4/1/2025,12,Personal Auto,Private Passenger Auto,Carlos Miller,carlos.miller@mail.com,"7581 Amanda Plain Suite 286, East Stephanie, SD 57419",SD,"7581 Amanda Plain Suite 286, East Stephanie, SD 57419",2,1,,,,50/100,100000,500,500,2040.84,2040.84,1532.03,Direct Bill,,,FALSE,TRUE,508.81
YYT8727307,PRGS,120131,Renewal,4/1/2025,4/1/2026,4/1/2025,12,Umbrella,Personal Umbrella,Clayton Nelson,clayton.nelson@policyhub.org,"52001 Angela Mission Suite 929, East Hailey, MI 32823",MI,"52001 Angela Mission Suite 929, East Hailey, MI 32823",,,,,,,,,,367.21,367.21,275.66,Agency Bill,,,FALSE,FALSE,91.55
LER5594906,GEIC,120277,New,4/1/2025,4/1/2026,4/1/2025,12,Personal Auto,Private Passenger Auto,Christian May,christian.may@insmail.com,"0775 Hernandez Neck, Huntfurt, PR 95425",PR,"0775 Hernandez Neck, Huntfurt, PR 95425",4,2,,,,50/100,50000,500,1000,614.93,614.93,461.62,Direct Bill,,,FALSE,TRUE,153.31
MXN5535947,NATI,120144,Endorsement,4/1/2025,4/1/2026,10/11/2025,12,Umbrella,Personal Umbrella,Kathryn Johnson,kathryn.johnson@policyhub.org,"0160 Harold Row Suite 513, Marymouth, OH 73005",OH,"0160 Harold Row Suite 513, Marymouth, OH 73005",,,,,,,,,,380.09,-24.53,285.33,Direct Bill,,,FALSE,TRUE,94.76
MWE6018155,AMFA,120262,Renewal,4/1/2025,4/1/2026,4/1/2025,12,Homeowners,HO3,Tiffany Garcia,tiffany.garcia@insmail.com,"7675 Hurst Stravenue Apt. 541, North Jessica, VT 61641",VT,"7675 Hurst Stravenue Apt. 541, North Jessica, VT 61641",,,1985,Masonry,5,,,,,1905.06,1905.06,1430.1,Direct Bill,,,FALSE,TRUE,474.96
UVW5167240,CHUB,120268,New,4/1/2025,4/1/2026,4/1/2025,12,Personal Auto,Private Passenger Auto,Heather Clark,heather.clark@example.com,"0230 Shannon Bridge Apt. 419, Bauermouth, PW 11718",PW,"21737 Dominguez Greens Apt. 114, East Katieton, WV 76563",1,3,,,,50/100,25000,500,500,2361.64,2361.64,1772.85,Direct Bill,,,FALSE,TRUE,588.79
HFV2616406,TRAV,120018,Endorsement,4/1/2025,4/1/2026,8/5/2025,12,Umbrella,Personal Umbrella,James Garcia,james.garcia@insmail.com,"130 Caroline Plains Suite 648, Lake Dennisburgh, TN 80371",TN,"130 Caroline Plains Suite 648, Lake Dennisburgh, TN 80371",,,,,,,,,,285.38,12.85,214.23,Direct Bill,,,FALSE,TRUE,71.15
NFM5852930,PRGS,120080,New,4/1/2025,4/1/2026,4/1/2025,12,Personal Auto,Private Passenger Auto,Kara Harrison,kara.harrison@example.com,"61246 Keith Trace, North Thomas, PA 30548",PA,"61246 Keith Trace, North Thomas, PA 30548",1,3,,,,50/100,500000,1000,2500,901.19,901.19,676.51,Direct Bill,,,FALSE,TRUE,224.68
GTC9160783,PRGS,120192,Renewal,4/1/2025,4/1/2026,4/1/2025,12,Homeowners,HO3,William Fletcher,william.fletcher@example.com,"83675 Wright Plaza Apt. 636, Perezville, VT 48694",VT,"83675 Wright Plaza Apt. 636, Perezville, VT 48694",,,2019,Joisted Masonry,7,,,,,767.89,767.89,576.44,Agency Bill,,,FALSE,FALSE,191.45
ARW4408733,AMFA,120247,Renewal,4/1/2025,4/1/2026,4/1/2025,12,Personal Auto,Private Passenger Auto,Joseph Walton,joseph.walton@insmail.com,"6210 Guzman Port, South Deborah, FL 29093",FL,"85982 Donna Street Suite 927, Morrisport, IN 33485",1,4,,,,50/100,100000,250,250,1392.72,1392.72,1045.49,Direct Bill,,,FALSE,TRUE,347.23
HRB5478983,CHUB,120017,Renewal,4/1/2025,4/1/2026,4/1/2025,12,WC,Workers Compensation,Amber Brown,amber.brown@example.com,"22254 Anderson Pike, East Justinfort, VI 01278",VI,"22254 Anderson Pike, East Justinfort, VI 01278",,,,,,,,,,2000,2000,1501.37,Direct Bill,,,FALSE,FALSE,498.63
NRT4667492,NATI,120208,Renewal,4/1/2025,4/1/2026,4/1/2025,12,Homeowners,HO3,Jeff Ross,jeff.ross@insmail.com,"7337 Julie Lake Suite 131, Jenniferland, AK 98723",AK,"645 Kayla Lights Apt. 805, East Jesse, PA 10066",,,1971,Non-Combustible,6,,,,,1960.92,1960.92,1472.03,Direct Bill,,,FALSE,TRUE,488.89
ARP9508992,GEIC,120250,New,4/1/2025,4/1/2026,4/1/2025,12,Personal Auto,Private Passenger Auto,Doris Adkins,doris.adkins@policyhub.org,"090 Amber Mill Apt. 924, Lake Kevinhaven, KY 23178",KY,"2936 Davis Fields Apt. 430, Port Reneemouth, KY 35059",2,1,,,,50/100,100000,1000,250,1932.07,1932.07,1450.38,Direct Bill,,,FALSE,TRUE,481.69
RZE5535830,PRGS,120252,New,4/1/2025,4/1/2026,4/1/2025,12,Personal Auto,Private Passenger Auto,Kenneth Potts,kenneth.potts@mail.com,"006 Jessica Mission, Katelynton, OH 46563",OH,"006 Jessica Mission, Katelynton, OH 46563",1,1,,,,50/100,100000,1000,1000,620.7,620.7,465.95,Direct Bill,,,FALSE,TRUE,154.75
LCX7076205,TRAV,120146,Renewal,4/1/2025,4/1/2026,4/1/2025,12,Homeowners,HO3,Kristin Robinson,kristin.robinson@customer.net,"60857 Ashley Viaduct Apt. 550, Sotoport, AZ 33864",AZ,"52359 Bradley Mount, Lake Matthew, OR 02153",,,1970,Masonry,6,,,,,1141.24,1141.24,856.71,Direct Bill,,,FALSE,TRUE,284.53
MEM3103915,TRAV,120130,Endorsement,4/1/2025,4/1/2026,4/21/2025,12,Umbrella,Personal Umbrella,Shane Sanchez,shane.sanchez@policyhub.org,"844 Wilson Unions Suite 046, New Dannymouth, FM 17893",FM,"8133 Sanders Mill Suite 643, South Annestad, AL 48133",,,,,,,,,,725.04,-3.14,544.28,Direct Bill,,,FALSE,TRUE,180.76
VWW9034896,FARM,120036,Renewal,4/1/2025,4/1/2026,4/1/2025,12,BOP,Businessowners,Melvin Barrera,melvin.barrera@mail.com,"8122 David Point Apt. 754, Jordanview, ND 62254",ND,"8122 David Point Apt. 754, Jordanview, ND 62254",,,,Masonry,7,,,,,2986.94,2986.94,2242.25,Direct Bill,,,FALSE,TRUE,744.69
PWX8660479,GEIC,120219,Renewal,4/1/2025,4/1/2026,4/1/2025,12,Personal Auto,Private Passenger Auto,Laura Middleton,laura.middleton@insmail.com,"10108 Stark Mountain Apt. 898, Tonyview, IL 06117",IL,"10108 Stark Mountain Apt. 898, Tonyview, IL 06117",3,2,,,,50/100,250000,2500,500,1467.27,1467.27,1101.46,Direct Bill,,,FALSE,TRUE,365.81
GWR7874091,NATI,120181,New,4/1/2025,4/1/2026,4/1/2025,12,Personal Auto,Private Passenger Auto,Taylor Harris,taylor.harris@mail.com,"238 Leslie Roads, Hallstad, UT 38882",UT,"9258 Judith Burg, West Kimberlyton, TX 10215",1,1,,,,50/100,50000,500,500,1720.81,1720.81,1291.79,Direct Bill,,,FALSE,TRUE,429.02
MTJ5018649,PRGS,120240,Renewal,4/1/2025,4/1/2026,4/1/2025,12,WC,Workers Compensation,Stanley Anderson,stanley.anderson@mail.com,"901 Garcia Meadows, West Craig, VI 41670",VI,"901 Garcia Meadows, West Craig, VI 41670",,,,,,,,,,3714.37,3714.37,2788.32,Direct Bill,,,FALSE,FALSE,926.05
NTD4532752,FARM,120139,Renewal,4/1/2025,4/1/2026,4/1/2025,12,Umbrella,Personal Umbrella,Brandon Young,brandon.young@mail.com,"112 John Common, Gonzaleztown, OH 36445",OH,"672 Shannon Well, West Kerry, SD 72879",,,,,,,,,,340.78,340.78,255.82,Agency Bill,,,FALSE,FALSE,84.96
XFT1815378,LIBM,120050,Renewal,4/1/2025,4/1/2026,4/1/2025,12,WC,Workers Compensation,Jennifer Pearson,jennifer.pearson@mail.com,"116 Houston Extensions, East Sarahburgh, AL 33199",AL,"116 Houston Extensions, East Sarahburgh, AL 33199",,,,,,,,,,2422.36,2422.36,1818.43,Direct Bill,,,FALSE,TRUE,603.93
YGC1597520,HART,120160,Renewal,4/1/2025,4/1/2026,4/1/2025,12,Homeowners,HO3,Ann Mack,ann.mack@policyhub.org,"22293 Natalie Center, Teresafurt, AK 38038",AK,"22293 Natalie Center, Teresafurt, AK 38038",,,1974,Frame,9,,,,,575.44,575.44,431.97,Direct Bill,,,FALSE,TRUE,143.47
AAP7048466,CHUB,120167,Renewal,4/1/2025,4/1/2026,4/1/2025,12,WC,Workers Compensation,Brandy Flowers,brandy.flowers@mail.com,"027 Clark Neck Suite 756, Tracitown, AK 71215",AK,"027 Clark Neck Suite 756, Tracitown, AK 71215",,,,,,,,,,2732.22,2732.22,2051.04,Direct Bill,,,FALSE,FALSE,681.18
KWN0368975,LIBM,120175,Renewal,4/1/2025,4/1/2026,4/1/2025,12,Homeowners,HO3,Arthur Martinez,arthur.martinez@mail.com,"720 Timothy Creek, Brandonview, AR 81520",AR,"720 Timothy Creek, Brandonview, AR 81520",,,1987,Frame,4,,,,,1013.91,1013.91,761.13,Direct Bill,,,FALSE,TRUE,252.78
FJN2528090,LIBM,120058,New,4/1/2025,4/1/2026,4/1/2025,12,Personal Auto,Private Passenger Auto,Timothy Garcia,timothy.garcia@insmail.com,"19932 Bishop Isle, Lake Crystal, GU 88024",GU,"19932 Bishop Isle, Lake Crystal, GU 88024",3,3,,,,50/100,50000,2500,500,2937.29,2937.29,2204.98,Agency Bill,,,FALSE,TRUE,732.31
VRC5659907,PRGS,120230,Renewal,4/1/2025,4/1/2026,4/1/2025,12,Umbrella,Personal Umbrella,Kathryn Ortega,kathryn.ortega@mail.com,"9572 Rogers Field Suite 638, South Emily, IA 33124",IA,"9572 Rogers Field Suite 638, South Emily, IA 33124",,,,,,,,,,521.9,521.9,391.78,Direct Bill,,,FALSE,FALSE,130.12
HWV9523665,HART,120010,Renewal,4/1/2025,4/1/2026,4/1/2025,12,WC,Workers Compensation,Caroline Hoffman,caroline.hoffman@insmail.com,"5258 Miller Bypass Suite 926, New Cherylberg, AR 16650",AR,"5258 Miller Bypass Suite 926, New Cherylberg, AR 16650",,,,,,,,,,2379.27,2379.27,1786.08,Agency Bill,,,FALSE,TRUE,593.19
EMB8270804,NATI,120280,Renewal,4/1/2025,4/1/2026,4/1/2025,12,Personal Auto,Private Passenger Auto,Jo Nelson,jo.nelson@insmail.com,"783 Wells Mountains Apt. 600, New Lori, KY 41566",KY,"783 Wells Mountains Apt. 600, New Lori, KY 41566",2,2,,,,50/100,250000,500,1000,2097.69,2097.69,1574.7,Direct Bill,,,FALSE,TRUE,522.99
BMA9447320,HART,120108,Renewal,4/1/2025,4/1/2026,4/1/2025,12,Homeowners,HO3,Gregory Daniels,gregory.daniels@insmail.com,"0261 Wise Falls, Barnettside, RI 04030",RI,"0261 Wise Falls, Barnettside, RI 04030",,,2002,Masonry,7,,,,,992.47,992.47,745.03,Direct Bill,,,FALSE,TRUE,247.44
ZUS1293001,LIBM,120126,Renewal,4/1/2025,4/1/2026,4/1/2025,12,BOP,Businessowners,Christopher Jackson,christopher.jackson@insmail.com,"5935 Mike Plains, Pruittfort, VA 92050",VA,"5935 Mike Plains, Pruittfort, VA 92050",,,,Frame,5,,,,,13201.5,13201.5,9910.17,Direct Bill,,,FALSE,FALSE,3291.33
MVZ5329769,PRGS,120103,Endorsement,4/1/2025,4/1/2026,12/8/2025,12,Umbrella,Personal Umbrella,Vickie Shelton,vickie.shelton@policyhub.org,"507 Veronica Shoals Apt. 979, New James, FL 24399",FL,"507 Veronica Shoals Apt. 979, New James, FL 24399",,,,,,,,,,802.15,62.54,602.16,Direct Bill,,,FALSE,FALSE,199.99
ZAU1374367,TRAV,120026,New,4/1/2025,4/1/2026,4/1/2025,12,Personal Auto,Private Passenger Auto,Jordan Deleon,jordan.deleon@policyhub.org,"44014 Morgan Way, Chadshire, GA 67335",GA,"772 Holly Mountains Apt. 858, Kington, DE 02447",3,1,,,,50/100,50000,250,1000,868.77,868.77,652.17,Direct Bill,,,FALSE,TRUE,216.6
NZF0812372,HART,120009,Renewal,4/1/2025,4/1/2026,4/1/2025,12,Homeowners,HO3,Cameron Curry,cameron.curry@insmail.com,"31452 Greene Ranch, Tannershire, KY 78658",KY,"31452 Greene Ranch, Tannershire, KY 78658",,,2018,Masonry,3,,,,,887.64,887.64,666.34,Agency Bill,,,FALSE,TRUE,221.3
YLY3691295,PRGS,120107,Renewal,4/1/2025,4/1/2026,4/1/2025,12,BOP,Businessowners,Brandy Jones,brandy.jones@policyhub.org,"5313 Dennis Springs Apt. 714, Jacksonville, CA 42987",CA,"71727 Thompson Canyon, West Ashleytown, IL 87129",,,,Non-Combustible,5,,,,,5082.01,5082.01,3814.99,Direct Bill,,,FALSE,TRUE,1267.02
GCN1435914,CHUB,120224,Reinstate,4/1/2025,4/1/2026,4/22/2025,12,Package,Commercial Package,William Marshall,william.marshall@mail.com,"6886 Craig Union Suite 676, Beverlyview, VA 65049",VA,"6886 Craig Union Suite 676, Beverlyview, VA 65049",,,,Frame,4,,,,,6894.68,0,5175.73,Direct Bill,,9/3/2022,FALSE,TRUE,1718.95
LHE4508456,ALLS,120182,Rewrite,4/1/2025,4/1/2026,4/1/2025,12,Package,Commercial Package,Christopher Harris,christopher.harris@policyhub.org,"45047 Courtney Garden, Michellemouth, ME 97391",ME,"95961 Holmes Path Suite 027, Derrickbury, AL 90378",,,,Masonry,4,,,,,18352.41,18352.41,13776.88,Direct Bill,,,TRUE,FALSE,4575.53
WYT3623248,FARM,120065,New,4/1/2025,4/1/2026,4/1/2025,12,Personal Auto,Private Passenger Auto,Meagan Norman,meagan.norman@customer.net,"620 Wyatt Meadows, South Davidburgh, PA 83086",PA,"620 Wyatt Meadows, South Davidburgh, PA 83086",2,2,,,,25/50,100000,2500,500,2351.27,2351.27,1765.06,Direct Bill,,,FALSE,TRUE,586.21
KNN1361247,FARM,120023,Renewal,4/1/2025,4/1/2026,4/1/2025,12,Homeowners,HO3,Christopher Oneal,christopher.oneal@mail.com,"70681 Meza Lock Apt. 936, Rebeccaburgh, CO 88211",CO,"0402 Rogers Rapids Suite 497, Garciaport, OR 84158",,,1982,Fire Resistive,4,,,,,500,500,375.34,Agency Bill,,,FALSE,TRUE,124.66
GGU6993063,LIBM,120069,Renewal,4/1/2025,4/1/2026,4/1/2025,12,BOP,Businessowners,Ashley Thomas,ashley.thomas@mail.com,"98667 Ashley Center Suite 916, Briantown, MH 80021",MH,"98667 Ashley Center Suite 916, Briantown, MH 80021",,,,Masonry,5,,,,,7298.52,7298.52,5478.89,Agency Bill,,,FALSE,FALSE,1819.63
YPV6293649,ALLS,120101,Renewal,4/1/2025,4/1/2026,4/1/2025,12,Umbrella,Personal Umbrella,Katherine Mckee,katherine.mckee@example.com,"533 Manning Trail Suite 100, Benjaminstad, ID 41462",ID,"533 Manning Trail Suite 100, Benjaminstad, ID 41462",,,,,,,,,,234.19,234.19,175.8,Direct Bill,,,FALSE,TRUE,58.39
SXP9055856,HART,120048,Renewal,4/1/2025,4/1/2026,4/1/2025,12,BOP,Businessowners,Andrew Barnes,andrew.barnes@example.com,"414 Baker Locks Suite 959, North Gary, FL 43463",FL,"414 Baker Locks Suite 959, North Gary, FL 43463",,,,Fire Resistive,9,,,,,9061.27,9061.27,6802.16,Direct Bill,,,FALSE,TRUE,2259.11
VDU8756083,TRAV,120172,New,4/1/2025,4/1/2026,4/1/2025,12,Personal Auto,Private Passenger Auto,Rachel Marshall,rachel.marshall@policyhub.org,"51032 Phillips Stravenue, Lake Timothyside, MI 99819",MI,"51032 Phillips Stravenue, Lake Timothyside, MI 99819",1,3,,,,50/100,500000,1000,500,1009.96,1009.96,758.16,Direct Bill,,,FALSE,TRUE,251.8
FEH6583593,CHUB,120088,Renewal,4/1/2025,4/1/2026,4/1/2025,12,Umbrella,Personal Umbrella,Andrea Salas,andrea.salas@customer.net,"88024 Nicole Drive, New Cassandra, GA 59399",GA,"88024 Nicole Drive, New Cassandra, GA 59399",,,,,,,,,,361.28,361.28,271.21,Agency Bill,,,FALSE,TRUE,90.07
EBU9342542,FARM,120219,Renewal,4/1/2025,4/1/2026,4/1/2025,12,Personal Auto,Private Passenger Auto,Oscar Bowen,oscar.bowen@example.com,"991 Harvey Estates, East Troy, NV 74574",NV,"991 Harvey Estates, East Troy, NV 74574",2,2,,,,50/100,250000,500,500,2116.44,2116.44,1588.78,Direct Bill,,,FALSE,TRUE,527.66
VMF4744206,NATI,120290,New,4/1/2025,4/1/2026,4/1/2025,12,Personal Auto,Private Passenger Auto,Zachary Bridges,zachary.bridges@example.com,"7816 Schneider View Suite 453, East Sara, OH 13902",OH,"886 Dennis Pine Apt. 735, Danielmouth, DE 03394",1,2,,,,25/50,25000,500,2500,1317.6,1317.6,989.1,Direct Bill,,,FALSE,TRUE,328.5
XCE7120893,PRGS,120124,New,4/1/2025,4/1/2026,4/1/2025,12,Personal Auto,Private Passenger Auto,Jasmine Erickson,jasmine.erickson@mail.com,"1475 Kelly Pines, New Jessicaside, MN 59284",MN,"1475 Kelly Pines, New Jessicaside, MN 59284",2,2,,,,25/50,100000,500,250,1938.84,1938.84,1455.46,Direct Bill,,,FALSE,TRUE,483.38
BMS3026291,TRAV,120048,Cancel,4/1/2025,3/20/2026,3/20/2026,12,Package,Commercial Package,Troy Page,troy.page@insmail.com,"5355 Bradley Meadows, Stewartview, TX 02331",TX,"16374 Smith Knolls, North Joshuahaven, VI 26862",,,,Frame,8,,,,,6628.95,0,5145.42,Direct Bill,4/4/2023,,FALSE,FALSE,1483.53
EBA5020192,GEIC,120296,Renewal,4/1/2025,4/1/2026,4/1/2025,12,WC,Workers Compensation,Courtney Shaw,courtney.shaw@policyhub.org,"688 Walker Drive Apt. 819, North Amandahaven, TX 48718",TX,"688 Walker Drive Apt. 819, North Amandahaven, TX 48718",,,,,,,,,,10138.74,10138.74,7611,Direct Bill,,,FALSE,TRUE,2527.74
ALM4490840,PRGS,120280,New,4/1/2025,4/1/2026,4/1/2025,12,Personal Auto,Private Passenger Auto,Stacy Washington,stacy.washington@customer.net,"530 Heather Lock, Thomastown, CA 62886",CA,"530 Heather Lock, Thomastown, CA 62886",3,4,,,,50/100,100000,500,500,1546.23,1546.23,1160.73,Direct Bill,,,FALSE,TRUE,385.5
MHS2996540,ALLS,120159,New,4/1/2025,4/1/2026,4/1/2025,12,Personal Auto,Private Passenger Auto,Hannah Graham,hannah.graham@example.com,"11308 Clayton Branch Suite 267, North Paulside, MT 12904",MT,"28872 Gregory Junction Apt. 541, Lake Michael, GA 01112",1,3,,,,50/100,50000,1000,500,1486.99,1486.99,1116.26,Agency Bill,,,FALSE,TRUE,370.73
JDJ0514536,GEIC,120189,New,4/1/2025,4/1/2026,4/1/2025,12,Personal Auto,Private Passenger Auto,Shannon Morris,shannon.morris@example.com,"8668 Snyder Skyway Apt. 259, Sanchezberg, MI 32145",MI,"8668 Snyder Skyway Apt. 259, Sanchezberg, MI 32145",2,1,,,,25/50,50000,1000,500,1088.17,1088.17,816.87,Direct Bill,,,FALSE,TRUE,271.3
BDE4316233,GEIC,120206,New,4/1/2025,4/1/2026,4/1/2025,12,Personal Auto,Private Passenger Auto,Daniel Pugh,daniel.pugh@insmail.com,"1285 Kristy Terrace Apt. 433, West Logan, ID 49665",ID,"1285 Kristy Terrace Apt. 433, West Logan, ID 49665",3,2,,,,50/100,50000,1000,2500,1251.69,1251.69,939.62,Direct Bill,,,FALSE,TRUE,312.07
YLE2373859,NATI,120269,Renewal,4/1/2025,4/1/2026,4/1/2025,12,WC,Workers Compensation,Laurie Mahoney,laurie.mahoney@customer.net,"161 Tyler Corner, Daniellefort, PA 81166",PA,"83545 Michael Valley, Port Donna, MS 80184",,,,,,,,,,2662.34,2662.34,1998.58,Agency Bill,,,FALSE,TRUE,663.76
FUJ1952754,ALLS,120088,Renewal,4/1/2025,4/1/2026,4/1/2025,12,Homeowners,HO3,Pamela Hampton,pamela.hampton@mail.com,"54259 Ellis Ridges, Robinsonhaven, WA 05060",WA,"54259 Ellis Ridges, Robinsonhaven, WA 05060",,,2002,Fire Resistive,9,,,,,3541.34,3541.34,2658.43,Agency Bill,,,FALSE,FALSE,882.91
BXM3945562,TRAV,120004,Renewal,4/1/2025,4/1/2026,4/1/2025,12,Personal Auto,Private Passenger Auto,Kelsey Webb,kelsey.webb@example.com,"45699 Lindsey Course Suite 324, Ortegatown, ND 55227",ND,"3817 Catherine Drive, North Devin, WY 79740",3,1,,,,50/100,100000,500,500,802.56,802.56,602.47,Direct Bill,,,FALSE,TRUE,200.09
LLG2151784,FARM,120204,New,4/1/2025,4/1/2026,4/1/2025,12,Personal Auto,Private Passenger Auto,Willie Hanson,willie.hanson@example.com,"159 Joshua Shore, Johnchester, ID 70038",ID,"159 Joshua Shore, Johnchester, ID 70038",4,4,,,,50/100,100000,500,250,2229.57,2229.57,1673.7,Direct Bill,,,FALSE,TRUE,555.87
EEA8270844,NATI,120292,Renewal,4/1/2025,4/1/2026,4/1/2025,12,Personal Auto,Private Passenger Auto,Steven Torres,steven.torres@customer.net,"329 Fletcher Brooks, Lake Marilyntown, IA 27694",IA,"10521 Castillo Isle, Crystalfurt, IA 45893",2,1,,,,50/100,250000,250,250,775.31,775.31,582.01,Agency Bill,,,FALSE,FALSE,193.3
EJF0992669,AMFA,120175,New,4/1/2025,4/1/2026,4/1/2025,12,Personal Auto,Private Passenger Auto,Amanda Schwartz,amanda.schwartz@mail.com,"765 Hernandez Lock Apt. 974, South Mary, MD 22594",MD,"765 Hernandez Lock Apt. 974, South Mary, MD 22594",2,1,,,,50/100,250000,250,2500,1120.83,1120.83,841.39,Direct Bill,,,FALSE,TRUE,279.44
KSC4152699,CHUB,120256,Renewal,4/1/2025,4/1/2026,4/1/2025,12,Homeowners,HO3,Ronald Martinez,ronald.martinez@customer.net,"54007 Douglas Mall Apt. 059, North Jamesfort, NC 99079",NC,"54007 Douglas Mall Apt. 059, North Jamesfort, NC 99079",,,1995,Joisted Masonry,8,,,,,2175.98,2175.98,1633.48,Direct Bill,,,FALSE,FALSE,542.5
ATN8785023,LIBM,120144,Renewal,4/1/2025,4/1/2026,4/1/2025,12,BOP,Businessowners,Jennifer Howell,jennifer.howell@mail.com,"45280 Jones Heights, Kimbury, NV 02211",NV,"4014 Fitzgerald Pass Apt. 755, New Jamieland, MI 84779",,,,Joisted Masonry,7,,,,,6031.22,6031.22,4527.55,Direct Bill,,,FALSE,TRUE,1503.67
YSN5122573,AMFA,120079,New,4/1/2025,4/1/2026,4/1/2025,12,Personal Auto,Private Passenger Auto,Jessica Villa,jessica.villa@example.com,"1165 Derrick Mall Suite 260, Morganhaven, AR 62237",AR,"1165 Derrick Mall Suite 260, Morganhaven, AR 62237",4,4,,,,25/50,100000,250,1000,1705.49,1705.49,1280.29,Agency Bill,,,FALSE,TRUE,425.2
VAH6627714,TRAV,120069,New,4/1/2025,4/1/2026,4/1/2025,12,Personal Auto,Private Passenger Auto,Glenda Moreno,glenda.moreno@insmail.com,"58949 Laura Lodge, Christopherton, NM 92337",NM,"58949 Laura Lodge, Christopherton, NM 92337",1,2,,,,50/100,100000,2500,500,1651.59,1651.59,1239.82,Agency Bill,,,FALSE,TRUE,411.77
WAU1020717,LIBM,120193,Renewal,4/1/2025,4/1/2026,4/1/2025,12,Homeowners,HO3,Samantha Romero,samantha.romero@insmail.com,"6242 Martinez Islands Suite 068, New Peggy, NH 54679",NH,"50817 Jennifer Ports Suite 319, Lake Ashleyberg, NV 70200",,,2013,Fire Resistive,5,,,,,709.05,709.05,532.27,Direct Bill,,,FALSE,TRUE,176.78
XAY8416629,GEIC,120085,Renewal,4/1/2025,4/1/2026,4/1/2025,12,Homeowners,HO3,Helen Garcia,helen.garcia@customer.net,"476 Kaylee Extension, East Jeffrey, WY 77761",WY,"476 Kaylee Extension, East Jeffrey, WY 77761",,,1988,Frame,7,,,,,1168.98,1168.98,877.54,Direct Bill,,,FALSE,TRUE,291.44
NPK3172751,ALLS,120199,New,4/1/2025,4/1/2026,4/1/2025,12,Personal Auto,Private Passenger Auto,Nicholas Wright,nicholas.wright@mail.com,"02494 Joshua Causeway Suite 817, South Teresa, OH 51799",OH,"02494 Joshua Causeway Suite 817, South Teresa, OH 51799",1,2,,,,25/50,100000,500,250,1564.03,1564.03,1174.09,Direct Bill,,,FALSE,TRUE,389.94
DTH1401200,LIBM,120289,New,4/1/2025,4/1/2026,4/1/2025,12,Personal Auto,Private Passenger Auto,Courtney Romero,courtney.romero@policyhub.org,"501 Hall Crest, Port Sethborough, AK 43026",AK,"501 Hall Crest, Port Sethborough, AK 43026",1,2,,,,50/100,50000,500,500,2125.41,2125.41,1595.51,Direct Bill,,,FALSE,TRUE,529.9
YSE8142941,AMFA,120016,New,4/1/2025,4/1/2026,4/1/2025,12,Personal Auto,Private Passenger Auto,Amy Baldwin,amy.baldwin@example.com,"50544 Travis Extension, New Robinhaven, ID 68731",ID,"50544 Travis Extension, New Robinhaven, ID 68731",4,2,,,,25/50,100000,2500,1000,1594.92,1594.92,1197.28,Direct Bill,,,FALSE,TRUE,397.64
DND7077918,GEIC,120023,Renewal,4/1/2025,4/1/2026,4/1/2025,12,Homeowners,HO3,George Bradley,george.bradley@insmail.com,"85405 Donna Skyway Suite 251, Summersmouth, NV 14652",NV,"7357 Lyons Falls Suite 738, Brucefurt, ME 94246",,,1952,Masonry Veneer,7,,,,,1002.69,1002.69,752.7,Direct Bill,,,FALSE,TRUE,249.99
JBW1676877,TRAV,120095,Renewal,4/1/2025,4/1/2026,4/1/2025,12,BOP,Businessowners,Sherri Brown,sherri.brown@policyhub.org,"49774 Michael Fall, North Lisatown, NJ 34971",NJ,"49774 Michael Fall, North Lisatown, NJ 34971",,,,Masonry,4,,,,,8946.59,8946.59,6716.07,Agency Bill,,,FALSE,TRUE,2230.52
TSC5127967,ALLS,120009,Renewal,4/1/2025,4/1/2026,4/1/2025,12,BOP,Businessowners,Michael Acevedo,michael.acevedo@policyhub.org,"852 Kayla Mission, East Alan, KS 49847",KS,"852 Kayla Mission, East Alan, KS 49847",,,,Joisted Masonry,5,,,,,1877.14,1877.14,1409.14,Direct Bill,,,FALSE,TRUE,468
VUJ9365722,NATI,120160,Renewal,4/1/2025,4/1/2026,4/1/2025,12,WC,Workers Compensation,Richard Lewis,richard.lewis@mail.com,"9214 Larson Courts Apt. 478, Wolfburgh, NY 91542",NY,"9214 Larson Courts Apt. 478, Wolfburgh, NY 91542",,,,,,,,,,2000,2000,1501.37,Agency Bill,,,FALSE,TRUE,498.63
RCY5789683,TRAV,120246,New,4/1/2025,4/1/2026,4/1/2025,12,Personal Auto,Private Passenger Auto,Michael Hickman,michael.hickman@mail.com,"8446 Tom Locks Suite 234, North Ronaldville, VI 56432",VI,"8446 Tom Locks Suite 234, North Ronaldville, VI 56432",3,1,,,,25/50,500000,500,250,508.71,508.71,381.88,Direct Bill,,,FALSE,TRUE,126.83
DUZ6586878,HART,120078,New,4/1/2025,4/1/2026,4/1/2025,12,Personal Auto,Private Passenger Auto,Robert Scott,robert.scott@insmail.com,"2780 Branch Square Apt. 940, Maryton, DC 84422",DC,"2780 Branch Square Apt. 940, Maryton, DC 84422",2,1,,,,25/50,50000,250,500,1438.59,1438.59,1079.93,Direct Bill,,,FALSE,TRUE,358.66
YHJ0638994,GEIC,120170,Cancel,4/1/2025,7/26/2025,7/26/2025,12,Package,Commercial Package,Justin Ingram,justin.ingram@customer.net,"7936 Jose Mews Suite 627, East Sandy, WY 16936",WY,"7936 Jose Mews Suite 627, East Sandy, WY 16936",,,,Masonry,8,,,,,6417.27,0,6417.27,Direct Bill,10/18/2022,,FALSE,TRUE,0
YJZ2034292,TRAV,120272,Renewal,4/1/2025,4/1/2026,4/1/2025,12,Homeowners,HO3,Michelle Pena,michelle.pena@example.com,"6149 Jerome Mount, Waynehaven, AK 42277",AK,"6149 Jerome Mount, Waynehaven, AK 42277",,,1982,Frame,6,,,,,1702.83,1702.83,1278.29,Agency Bill,,,FALSE,TRUE,424.54
WAH1638414,NATI,120033,Renewal,4/1/2025,4/1/2026,4/1/2025,12,Homeowners,HO3,Laura Williams,laura.williams@customer.net,"128 Smith Glens Suite 152, Markborough, NM 51428",NM,"128 Smith Glens Suite 152, Markborough, NM 51428",,,1999,Masonry,5,,,,,2038.58,2038.58,1530.33,Agency Bill,,,FALSE,TRUE,508.25
UMS2024158,TRAV,120067,Renewal,4/1/2025,4/1/2026,4/1/2025,12,BOP,Businessowners,Michele Payne,michele.payne@example.com,"745 Joy Station Apt. 544, Timothyberg, NC 74715",NC,"745 Joy Station Apt. 544, Timothyberg, NC 74715",,,,Non-Combustible,6,,,,,5551.91,5551.91,4167.74,Direct Bill,,,FALSE,FALSE,1384.17
MYY9780624,NATI,120027,Renewal,4/1/2025,4/1/2026,4/1/2025,12,Personal Auto,Private Passenger Auto,Seth Brown,seth.brown@policyhub.org,"724 Katherine Dale Apt. 783, Lyonston, ND 61335",ND,"108 Jaime Shores, South Cherylview, OR 38590",3,3,,,,50/100,100000,1000,500,2441.77,2441.77,1833,Direct Bill,,,FALSE,TRUE,608.77
KCN5359318,ALLS,120066,Renewal,4/1/2025,4/1/2026,4/1/2025,12,WC,Workers Compensation,Stephanie Fischer,stephanie.fischer@example.com,"197 Rivera Roads Apt. 061, Aprilfort, SC 02299",SC,"84139 Palmer Loop Suite 155, Lake Mary, NJ 81000",,,,,,,,,,9942.39,9942.39,7463.6,Direct Bill,,,FALSE,FALSE,2478.79
JJE4582991,TRAV,120100,Renewal,4/1/2025,4/1/2026,4/1/2025,12,Umbrella,Personal Umbrella,Kayla Garrett,kayla.garrett@insmail.com,"462 Christopher Locks, West Zachary, MT 65262",MT,"462 Christopher Locks, West Zachary, MT 65262",,,,,,,,,,181.8,181.8,136.47,Agency Bill,,,FALSE,FALSE,45.33
ZMK3970200,FARM,120147,Renewal,4/1/2025,4/1/2026,4/1/2025,12,BOP,Businessowners,Alison Sullivan,alison.sullivan@policyhub.org,"49584 Torres Mountains Suite 239, West Stevenmouth, AZ 74932",AZ,"49584 Torres Mountains Suite 239, West Stevenmouth, AZ 74932",,,,Non-Combustible,10,,,,,2212.94,2212.94,1661.22,Direct Bill,,,FALSE,TRUE,551.72
RAE2297261,LIBM,120182,New,4/1/2025,4/1/2026,4/1/2025,12,Personal Auto,Private Passenger Auto,Nicole Mullins,nicole.mullins@mail.com,"9242 Wolf Stravenue, Castrochester, WY 02559",WY,"9242 Wolf Stravenue, Castrochester, WY 02559",3,2,,,,50/100,250000,500,2500,1172.77,1172.77,880.38,Direct Bill,,,FALSE,TRUE,292.39
XPC0114053,GEIC,120076,New,4/1/2025,4/1/2026,4/1/2025,12,Personal Auto,Private Passenger Auto,Kyle Howell,kyle.howell@insmail.com,"5836 Carrie Circles Suite 971, Lowestad, VA 78674",VA,"5836 Carrie Circles Suite 971, Lowestad, VA 78674",2,2,,,,50/100,50000,500,500,2138.98,2138.98,1605.7,Agency Bill,,,FALSE,FALSE,533.28
NNX8127420,HART,120258,Endorsement,4/1/2025,4/1/2026,12/6/2025,12,Umbrella,Personal Umbrella,Brian Abbott,brian.abbott@insmail.com,"605 Myers Lane, Lake Deanna, CO 28586",CO,"605 Myers Lane, Lake Deanna, CO 28586",,,,,,,,,,223.21,-6.86,167.56,Agency Bill,,,FALSE,TRUE,55.65
XDK3522032,TRAV,120141,Renewal,4/1/2025,4/1/2026,4/1/2025,12,BOP,Businessowners,Cheyenne Lopez,cheyenne.lopez@example.com,"21205 Wallace Squares Apt. 100, Diazview, LA 83537",LA,"21205 Wallace Squares Apt. 100, Diazview, LA 83537",,,,Frame,8,,,,,8403.41,8403.41,6308.31,Direct Bill,,,FALSE,TRUE,2095.1
DPB3652941,GEIC,120128,New,4/1/2025,4/1/2026,4/1/2025,12,Personal Auto,Private Passenger Auto,Joshua Mosley,joshua.mosley@mail.com,"10918 Brandon Points, Port Rachel, NH 80140",NH,"10918 Brandon Points, Port Rachel, NH 80140",1,2,,,,50/100,50000,1000,500,798.94,798.94,599.75,Direct Bill,,,FALSE,TRUE,199.19
YMW0374336,GEIC,120068,Renewal,4/1/2025,4/1/2026,4/1/2025,12,Homeowners,HO3,Darius Baker,darius.baker@mail.com,"54207 Singh Forges Apt. 526, North Heidi, TN 95714",TN,"54207 Singh Forges Apt. 526, North Heidi, TN 95714",,,1980,Joisted Masonry,6,,,,,1211.34,1211.34,909.33,Direct Bill,,,FALSE,TRUE,302.01
BPE8300917,LIBM,120160,Endorsement,4/1/2025,4/1/2026,4/26/2025,12,Umbrella,Personal Umbrella,Eric Wilson,eric.wilson@customer.net,"924 Kristina Alley, Port Jessicamouth, PR 22608",PR,"2550 Michele Parks Apt. 600, Tiffanyside, AR 56303",,,,,,,,,,411.85,20.52,309.17,Direct Bill,,,FALSE,TRUE,102.68
HLM6108710,CHUB,120115,Cancel,4/1/2025,3/18/2026,3/18/2026,12,Package,Commercial Package,Lori Lynch,lori.lynch@example.com,"325 Donald Islands Suite 175, Lake James, DE 04370",DE,"325 Donald Islands Suite 175, Lake James, DE 04370",,,,Frame,7,,,,,3967.95,0,3097.49,Direct Bill,2/17/2023,,FALSE,TRUE,870.46
EWB3780973,PRGS,120102,Renewal,4/1/2025,4/1/2026,4/1/2025,12,WC,Workers Compensation,Barry Wright,barry.wright@mail.com,"443 Michael Shore, East Joshuaside, NH 87267",NH,"443 Michael Shore, East Joshuaside, NH 87267",,,,,,,,,,12750.08,12750.08,9571.29,Direct Bill,,,FALSE,TRUE,3178.79
YGR1633011,TRAV,120241,Renewal,4/1/2025,4/1/2026,4/1/2025,12,Umbrella,Personal Umbrella,Tina Vaughn,tina.vaughn@customer.net,"440 Robinson Parks Suite 052, West Jameston, VA 14337",VA,"440 Robinson Parks Suite 052, West Jameston, VA 14337",,,,,,,,,,527.04,527.04,395.64,Agency Bill,,,FALSE,TRUE,131.4
JTD7356504,AMFA,120004,Renewal,4/1/2025,4/1/2026,4/1/2025,12,BOP,Businessowners,James Gardner,james.gardner@policyhub.org,"1567 Aaron Gateway Suite 776, North Caitlinstad, OR 12598",OR,"1567 Aaron Gateway Suite 776, North Caitlinstad, OR 12598",,,,Masonry,5,,,,,1641.81,1641.81,1232.48,Direct Bill,,,FALSE,TRUE,409.33
EPY7569623,LIBM,120209,New,4/1/2025,4/1/2026,4/1/2025,12,Personal Auto,Private Passenger Auto,Melanie Page,melanie.page@example.com,"5307 Lamb Highway Suite 576, Willisberg, DE 02452",DE,"5307 Lamb Highway Suite 576, Willisberg, DE 02452",2,3,,,,50/100,100000,250,1000,1525.69,1525.69,1145.31,Agency Bill,,,FALSE,TRUE,380.38
UZZ3178113,ALLS,120080,Renewal,4/1/2025,4/1/2026,4/1/2025,12,Homeowners,HO3,Michael Anderson,michael.anderson@mail.com,"97380 Davis Tunnel Apt. 536, New Kevin, OK 66924",OK,"97380 Davis Tunnel Apt. 536, New Kevin, OK 66924",,,2018,Frame,9,,,,,1555.01,1555.01,1167.32,Direct Bill,,,FALSE,TRUE,387.69
RUE4807152,GEIC,120056,Renewal,4/1/2025,4/1/2026,4/1/2025,12,BOP,Businessowners,Raymond Smith,raymond.smith@example.com,"6077 Avila Meadow Apt. 171, Freemanside, DE 91498",DE,"6077 Avila Meadow Apt. 171, Freemanside, DE 91498",,,,Frame,6,,,,,2361.55,2361.55,1772.78,Direct Bill,,,FALSE,TRUE,588.77
SHP3916202,ALLS,120038,Cancel,4/1/2025,3/3/2026,3/3/2026,12,Package,Commercial Package,Cory Mcfarland,cory.mcfarland@customer.net,"237 Bennett Parkway, Jonesmouth, IA 91097",IA,"237 Bennett Parkway, Jonesmouth, IA 91097",,,,Frame,4,,,,,10162.28,0,8287.1,Direct Bill,6/6/2023,,FALSE,TRUE,1875.18
DRR4020526,LIBM,120053,Reinstate,4/1/2025,4/1/2026,8/30/2025,12,Package,Commercial Package,Teresa Burch,teresa.burch@mail.com,"66726 Reyes Corner Suite 642, Lake Kimberly, GU 54975",GU,"66726 Reyes Corner Suite 642, Lake Kimberly, GU 54975",,,,Frame,2,,,,,13476.71,0,10116.76,Direct Bill,,2/16/2022,FALSE,TRUE,3359.95
DVX4330219,GEIC,120195,New,4/1/2025,4/1/2026,4/1/2025,12,Personal Auto,Private Passenger Auto,Richard Reyes,richard.reyes@mail.com,"60225 Megan Ports Suite 537, New Cynthiaburgh, ID 45152",ID,"60225 Megan Ports Suite 537, New Cynthiaburgh, ID 45152",1,1,,,,25/50,50000,500,2500,1398.44,1398.44,1049.79,Direct Bill,,,FALSE,TRUE,348.65
EXJ0813092,TRAV,120204,Endorsement,4/1/2025,4/1/2026,1/2/2026,12,Umbrella,Personal Umbrella,Jason Johnston,jason.johnston@mail.com,"61381 Jessica Lodge Apt. 601, Port Matthewburgh, MT 23129",MT,"61381 Jessica Lodge Apt. 601, Port Matthewburgh, MT 23129",,,,,,,,,,433.41,-8.15,325.35,Direct Bill,,,FALSE,TRUE,108.06
CWX2792301,CHUB,120277,Renewal,4/1/2025,4/1/2026,4/1/2025,12,Homeowners,HO3,Kimberly Green,kimberly.green@mail.com,"07025 Amy Street Suite 702, Mannmouth, NC 59264",NC,"07025 Amy Street Suite 702, Mannmouth, NC 59264",,,1981,Joisted Masonry,9,,,,,1814.83,1814.83,1362.37,Agency Bill,,,FALSE,TRUE,452.46
FBK0016432,GEIC,120030,New,4/1/2025,4/1/2026,4/1/2025,12,Personal Auto,Private Passenger Auto,Daniel Webb,daniel.webb@example.com,"7558 Walker Roads Suite 819, West Robertview, HI 34935",HI,"7558 Walker Roads Suite 819, West Robertview, HI 34935",1,2,,,,25/50,100000,500,500,2347.01,2347.01,1761.87,Direct Bill,,,FALSE,TRUE,585.14
FSY2797361,PRGS,120149,Endorsement,4/1/2025,4/1/2026,9/15/2025,12,Umbrella,Personal Umbrella,Kimberly Ramirez,kimberly.ramirez@customer.net,"44470 Benjamin Plaza Apt. 041, East Victoria, MO 16685",MO,"44470 Benjamin Plaza Apt. 041, East Victoria, MO 16685",,,,,,,,,,505.05,19.2,379.13,Direct Bill,,,FALSE,TRUE,125.92
FSK2078934,CHUB,120059,New,4/1/2025,4/1/2026,4/1/2025,12,Personal Auto,Private Passenger Auto,Lynn Craig,lynn.craig@mail.com,"153 Katherine Springs, Port Jenniferport, NC 43444",NC,"41231 Jackson Stream Suite 224, New Elizabeth, NM 53828",1,2,,,,50/100,100000,500,500,1476.73,1476.73,1108.56,Direct Bill,,,FALSE,TRUE,368.17
JLJ0028809,PRGS,120234,Renewal,4/1/2025,4/1/2026,4/1/2025,12,Homeowners,HO3,Mary Porter,mary.porter@customer.net,"70599 Elizabeth Key Apt. 407, Port Annetteberg, KS 55136",KS,"6039 Johnson Island Suite 958, Port Janet, OR 87171",,,1991,Masonry Veneer,10,,,,,2146.1,2146.1,1611.04,Direct Bill,,,FALSE,TRUE,535.06
AMN4970988,ALLS,120005,Renewal,4/1/2025,4/1/2026,4/1/2025,12,Umbrella,Personal Umbrella,Charles Garcia,charles.garcia@customer.net,"366 Brandon Plaza, East Joelland, HI 54347",HI,"93074 Sawyer Prairie, Jenniferborough, PA 53570",,,,,,,,,,288.39,288.39,216.49,Direct Bill,,,FALSE,TRUE,71.9
MEV3934511,PRGS,120077,Renewal,4/1/2025,4/1/2026,4/1/2025,12,WC,Workers Compensation,Renee Hines,renee.hines@example.com,"692 Bender Islands, Elizabethberg, MH 36503",MH,"692 Bender Islands, Elizabethberg, MH 36503",,,,,,,,,,7783.17,7783.17,5842.71,Agency Bill,,,FALSE,FALSE,1940.46
PYG3917695,PRGS,120123,Renewal,4/1/2025,4/1/2026,4/1/2025,12,Homeowners,HO3,Patricia Butler,patricia.butler@mail.com,"5604 Meredith Groves, Briannashire, MS 22101",MS,"5604 Meredith Groves, Briannashire, MS 22101",,,2000,Masonry Veneer,7,,,,,776.9,776.9,583.21,Direct Bill,,,FALSE,FALSE,193.69
NHF2532860,NATI,120243,Endorsement,4/1/2025,4/1/2026,9/1/2025,12,Umbrella,Personal Umbrella,Billy Parker,billy.parker@mail.com,"5681 Reese Island, Munozborough, AL 30194",AL,"5681 Reese Island, Munozborough, AL 30194",,,,,,,,,,315.18,-4.62,236.6,Direct Bill,,,FALSE,TRUE,78.58
JBW3421243,HART,120101,Renewal,4/1/2025,4/1/2026,4/1/2025,12,Homeowners,HO3,Danielle Jones,danielle.jones@customer.net,"19592 Brian Crossroad Apt. 439, Port Rhondaburgh, MP 01402",MP,"19592 Brian Crossroad Apt. 439, Port Rhondaburgh, MP 01402",,,2000,Fire Resistive,5,,,,,2533.09,2533.09,1901.55,Direct Bill,,,FALSE,TRUE,631.54
TNG7248892,HART,120236,Renewal,4/1/2025,4/1/2026,4/1/2025,12,BOP,Businessowners,Ryan Lopez,ryan.lopez@policyhub.org,"090 Morgan Island, Lake Seth, VI 68943",VI,"090 Morgan Island, Lake Seth, VI 68943",,,,Joisted Masonry,5,,,,,4535.64,4535.64,3404.84,Agency Bill,,,FALSE,TRUE,1130.8
KBE4398613,FARM,120150,Renewal,4/1/2025,4/1/2026,4/1/2025,12,Personal Auto,Private Passenger Auto,Andrea Chapman,andrea.chapman@insmail.com,"1197 Jeff Station Suite 899, South Elizabethchester, MO 20563",MO,"97210 Pam Via, South Jasonstad, NC 05449",2,2,,,,50/100,500000,1000,500,1309.28,1309.28,982.86,Agency Bill,,,FALSE,FALSE,326.42
YRU1774016,ALLS,120226,Endorsement,4/1/2025,4/1/2026,4/5/2025,12,Umbrella,Personal Umbrella,Patricia Mendez,patricia.mendez@example.com,"841 Mcgee View, North Kimberlymouth, WI 39757",WI,"841 Mcgee View, North Kimberlymouth, WI 39757",,,,,,,,,,488,45.82,366.33,Agency Bill,,,FALSE,TRUE,121.67
LNC0895213,HART,120228,Cancel,4/1/2025,10/10/2025,10/10/2025,12,Package,Commercial Package,Elizabeth Turner,elizabeth.turner@example.com,"09831 Nelson Causeway Apt. 895, Michaelside, KY 25940",KY,"09831 Nelson Causeway Apt. 895, Michaelside, KY 25940",,,,Masonry Veneer,4,,,,,8550.49,0,8550.49,Direct Bill,2/4/2022,,FALSE,TRUE,0
BCF5781682,NATI,120058,Renewal,4/1/2025,4/1/2026,4/1/2025,12,Personal Auto,Private Passenger Auto,Albert Rodriguez,albert.rodriguez@policyhub.org,"9429 Thomas Walk Suite 177, Lake Samantha, TX 62999",TX,"9429 Thomas Walk Suite 177, Lake Samantha, TX 62999",2,1,,,,50/100,50000,2500,1000,1306.1,1306.1,980.47,Direct Bill,,,FALSE,TRUE,325.63
HUJ6438213,PRGS,120153,Renewal,4/1/2025,4/1/2026,4/1/2025,12,Umbrella,Personal Umbrella,Michele Leblanc,michele.leblanc@policyhub.org,"7747 Brandon Mountains, Carneyberg, VT 63598",VT,"1687 David Stream Suite 551, Harrisonton, NY 83860",,,,,,,,,,468.59,468.59,351.76,Direct Bill,,,FALSE,TRUE,116.83
ACY6269620,TRAV,120036,New,4/1/2025,4/1/2026,4/1/2025,12,Personal Auto,Private Passenger Auto,Emily Shannon,emily.shannon@customer.net,"2551 Lang Drive, Alantown, KY 66934",KY,"2551 Lang Drive, Alantown, KY 66934",3,1,,,,50/100,25000,1000,1000,683.1,683.1,512.79,Direct Bill,,,FALSE,TRUE,170.31
ZNW9687542,HART,120299,New,4/1/2025,4/1/2026,4/1/2025,12,Personal Auto,Private Passenger Auto,Ashley Gonzalez,ashley.gonzalez@policyhub.org,"648 Richard Forges, South Kathyport, PR 11569",PR,"648 Richard Forges, South Kathyport, PR 11569",3,3,,,,25/50,250000,250,500,2651.27,2651.27,1990.27,Agency Bill,,,FALSE,TRUE,661
SJM1882312,GEIC,120282,New,4/1/2025,4/1/2026,4/1/2025,12,Personal Auto,Private Passenger Auto,Amanda Barnes,amanda.barnes@mail.com,"29516 Baker Station Apt. 067, New Willieport, NY 00528",NY,"342 Booth Fall Suite 876, East Thomas, FM 45946",3,2,,,,50/100,100000,1000,1000,1946.63,1946.63,1461.31,Agency Bill,,,FALSE,TRUE,485.32
XJJ4145291,PRGS,120173,Renewal,4/1/2025,4/1/2026,4/1/2025,12,Homeowners,HO3,David Mendoza,david.mendoza@customer.net,"7331 Ramirez Locks, Port Matthewburgh, AS 12990",AS,"7331 Ramirez Locks, Port Matthewburgh, AS 12990",,,1981,Non-Combustible,7,,,,,605.41,605.41,454.47,Agency Bill,,,FALSE,TRUE,150.94
ZDV0770853,NATI,120262,New,4/1/2025,4/1/2026,4/1/2025,12,Personal Auto,Private Passenger Auto,Brandy Cortez,brandy.cortez@insmail.com,"659 Elizabeth Center Apt. 536, West Marymouth, OK 44683",OK,"954 Daniel Tunnel, Briggsshire, SD 75825",1,4,,,,50/100,500000,250,250,1504.4,1504.4,1129.33,Agency Bill,,,FALSE,FALSE,375.07
RWS3094896,LIBM,120133,Renewal,4/1/2025,4/1/2026,4/1/2025,12,BOP,Businessowners,Anita Dalton,anita.dalton@policyhub.org,"7606 Sarah Roads, West Stephen, KS 81887",KS,"7606 Sarah Roads, West Stephen, KS 81887",,,,Masonry,9,,,,,7281.2,7281.2,5465.89,Direct Bill,,,FALSE,TRUE,1815.31
DZL8330703,TRAV,120252,Renewal,4/1/2025,4/1/2026,4/1/2025,12,Homeowners,HO3,Malik Hinton,malik.hinton@insmail.com,"6851 Mark Stream, South Maria, WI 30928",WI,"6851 Mark Stream, South Maria, WI 30928",,,1953,Masonry Veneer,3,,,,,2167.27,2167.27,1626.94,Direct Bill,,,FALSE,TRUE,540.33
SKD4336125,TRAV,120020,Renewal,4/1/2025,4/1/2026,4/1/2025,12,Homeowners,HO3,Shawn Meyers,shawn.meyers@insmail.com,"751 Sanchez Street, East Rhondafort, RI 76683",RI,"751 Sanchez Street, East Rhondafort, RI 76683",,,1961,Frame,5,,,,,1121.68,1121.68,842.03,Direct Bill,,,FALSE,TRUE,279.65
BXE3974492,ALLS,120202,Renewal,4/1/2025,4/1/2026,4/1/2025,12,Homeowners,HO3,Robert Bowers,robert.bowers@policyhub.org,"642 Wilkins Ville, West Michaelburgh, SC 47678",SC,"642 Wilkins Ville, West Michaelburgh, SC 47678",,,1990,Frame,6,,,,,1167.8,1167.8,876.65,Direct Bill,,,FALSE,FALSE,291.15
DUN6316636,TRAV,120154,New,4/1/2025,4/1/2026,4/1/2025,12,Personal Auto,Private Passenger Auto,Rebecca Vasquez,rebecca.vasquez@mail.com,"121 Andrew Mills Suite 649, Jameston, AK 01551",AK,"121 Andrew Mills Suite 649, Jameston, AK 01551",2,4,,,,50/100,25000,500,1000,1431.17,1431.17,1074.36,Direct Bill,,,FALSE,TRUE,356.81
SJX3835195,GEIC,120285,New,4/1/2025,4/1/2026,4/1/2025,12,Personal Auto,Private Passenger Auto,James Wiley,james.wiley@insmail.com,"5071 Johnson Skyway, North Alexanderfort, NV 16599",NV,"5071 Johnson Skyway, North Alexanderfort, NV 16599",3,3,,,,25/50,50000,1000,500,1205.73,1205.73,905.12,Agency Bill,,,FALSE,TRUE,300.61
XAS0510695,GEIC,120069,Renewal,4/1/2025,4/1/2026,4/1/2025,12,Homeowners,HO3,Katrina Bradford,katrina.bradford@policyhub.org,"0264 Wells Flat Suite 504, Lukeville, NM 32518",NM,"0264 Wells Flat Suite 504, Lukeville, NM 32518",,,1984,Frame,7,,,,,3082.69,3082.69,2314.13,Direct Bill,,,FALSE,TRUE,768.56
JSX1698386,NATI,120251,Renewal,4/1/2025,4/1/2026,4/1/2025,12,Homeowners,HO3,Laura Osborne,laura.osborne@mail.com,"6204 Pham Trail Apt. 196, Wilsonland, MS 52774",MS,"6204 Pham Trail Apt. 196, Wilsonland, MS 52774",,,1990,Frame,7,,,,,1565.94,1565.94,1175.53,Direct Bill,,,FALSE,TRUE,390.41
FDE6030549,FARM,120276,New,4/1/2025,4/1/2026,4/1/2025,12,Personal Auto,Private Passenger Auto,Jonathan Mclean,jonathan.mclean@policyhub.org,"7209 Simon Isle Apt. 585, East Jay, ND 71325",ND,"7209 Simon Isle Apt. 585, East Jay, ND 71325",1,1,,,,50/100,100000,1000,500,1040.66,1040.66,781.21,Direct Bill,,,FALSE,TRUE,259.45
CTJ4651756,AMFA,120288,Renewal,4/1/2025,4/1/2026,4/1/2025,12,Homeowners,HO3,Latoya Herrera,latoya.herrera@example.com,"7672 Jones Creek Apt. 706, Santiagoside, AL 15993",AL,"7672 Jones Creek Apt. 706, Santiagoside, AL 15993",,,1978,Joisted Masonry,6,,,,,1949.66,1949.66,1463.58,Agency Bill,,,FALSE,TRUE,486.08
BZY4903761,LIBM,120293,Renewal,4/1/2025,4/1/2026,4/1/2025,12,Homeowners,HO3,Omar Williams,omar.williams@customer.net,"09882 Diaz Grove, Annamouth, FL 80212",FL,"09882 Diaz Grove, Annamouth, FL 80212",,,1984,Joisted Masonry,5,,,,,997.23,997.23,748.61,Direct Bill,,,FALSE,TRUE,248.62
DBX5938072,PRGS,120006,Renewal,4/1/2025,4/1/2026,4/1/2025,12,Homeowners,HO3,Steven Martinez,steven.martinez@policyhub.org,"9367 Bell Road Suite 501, Chadhaven, VI 76444",VI,"9367 Bell Road Suite 501, Chadhaven, VI 76444",,,1995,Masonry Veneer,8,,,,,1817.98,1817.98,1364.73,Agency Bill,,,FALSE,FALSE,453.25
PFH0806886,TRAV,120265,New,4/1/2025,4/1/2026,4/1/2025,12,Personal Auto,Private Passenger Auto,Maria Lopez,maria.lopez@mail.com,"711 Todd Trail, South Karen, MO 51542",MO,"711 Todd Trail, South Karen, MO 51542",3,2,,,,50/100,50000,250,500,560.45,560.45,420.72,Direct Bill,,,FALSE,TRUE,139.73
XJR5596918,LIBM,120179,Endorsement,4/1/2025,4/1/2026,5/15/2025,12,Umbrella,Personal Umbrella,Stephanie Collins,stephanie.collins@policyhub.org,"5234 Martinez Drive Suite 636, South Brianna, VA 31369",VA,"5234 Martinez Drive Suite 636, South Brianna, VA 31369",,,,,,,,,,258.92,16.72,194.37,Agency Bill,,,FALSE,TRUE,64.55
HNU4165172,PRGS,120219,Renewal,4/1/2025,4/1/2026,4/1/2025,12,WC,Workers Compensation,Thomas Fuentes,thomas.fuentes@policyhub.org,"70196 Hill Flats, South Kevin, MO 55852",MO,"70196 Hill Flats, South Kevin, MO 55852",,,,,,,,,,6170.58,6170.58,4632.16,Agency Bill,,,FALSE,FALSE,1538.42
WVN8981910,NATI,120139,New,4/1/2025,4/1/2026,4/1/2025,12,Personal Auto,Private Passenger Auto,Brandy Neal,brandy.neal@policyhub.org,"94671 Weaver Throughway Suite 763, Ronaldtown, NY 58679",NY,"94671 Weaver Throughway Suite 763, Ronaldtown, NY 58679",3,3,,,,25/50,100000,500,250,1759.16,1759.16,1320.57,Agency Bill,,,FALSE,TRUE,438.59
VDL4618322,ALLS,120092,Endorsement,4/1/2025,4/1/2026,3/9/2026,12,Umbrella,Personal Umbrella,Judy Payne,judy.payne@policyhub.org,"93693 Brian Lodge, Castanedahaven, LA 44355",LA,"93693 Brian Lodge, Castanedahaven, LA 44355",,,,,,,,,,512.22,-11.94,384.52,Agency Bill,,,FALSE,TRUE,127.7
YEW4964174,TRAV,120065,Renewal,4/1/2025,4/1/2026,4/1/2025,12,BOP,Businessowners,Jeffery Yu,jeffery.yu@customer.net,"3631 Christopher Bypass Suite 605, Wagnerburgh, KY 67199",KY,"3631 Christopher Bypass Suite 605, Wagnerburgh, KY 67199",,,,Frame,8,,,,,1518.37,1518.37,1139.82,Direct Bill,,,FALSE,TRUE,378.55
YHJ0517688,GEIC,120254,Endorsement,4/1/2025,4/1/2026,10/10/2025,12,Umbrella,Personal Umbrella,Mary Cooper,mary.cooper@example.com,"730 Jesus Falls, New Jonathan, NY 28712",NY,"730 Jesus Falls, New Jonathan, NY 28712",,,,,,,,,,465.48,11.8,349.43,Direct Bill,,,FALSE,TRUE,116.05
LFR6225426,HART,120270,Renewal,4/1/2025,4/1/2026,4/1/2025,12,Personal Auto,Private Passenger Auto,Emily Smith,emily.smith@mail.com,"167 Jesse Run Suite 247, Wyatthaven, VT 14142",VT,"167 Jesse Run Suite 247, Wyatthaven, VT 14142",1,1,,,,50/100,100000,2500,1000,650.06,650.06,487.99,Direct Bill,,,FALSE,TRUE,162.07
MCW0073812,HART,120056,Renewal,4/1/2025,4/1/2026,4/1/2025,12,Homeowners,HO3,Shannon Moore,shannon.moore@example.com,"1565 Samantha Light, Walkershire, AZ 95413",AZ,"6228 Sarah Squares, Tonyhaven, MI 72389",,,1994,Frame,7,,,,,1398.39,1398.39,1049.75,Agency Bill,,,FALSE,TRUE,348.64
BJU5180287,FARM,120081,Rewrite,4/1/2025,4/1/2026,4/1/2025,12,Package,Commercial Package,Bradley Andrews,bradley.andrews@mail.com,"0938 Robinson Loaf, West Sandra, OH 23999",OH,"0938 Robinson Loaf, West Sandra, OH 23999",,,,Joisted Masonry,7,,,,,10692.87,10692.87,8026.98,Agency Bill,,,TRUE,TRUE,2665.89
ACN1591487,NATI,120212,Endorsement,4/1/2025,4/1/2026,3/6/2026,12,Umbrella,Personal Umbrella,Elizabeth Wagner,elizabeth.wagner@mail.com,"684 Holt Station Suite 966, East Michelle, NV 30541",NV,"684 Holt Station Suite 966, East Michelle, NV 30541",,,,,,,,,,597.76,-27.39,448.73,Direct Bill,,,FALSE,FALSE,149.03
RDF6829776,GEIC,120074,Rewrite,4/1/2025,4/1/2026,4/1/2025,12,Package,Commercial Package,Madison Martin,madison.martin@insmail.com,"564 Jenna Station Apt. 036, Kevinland, MI 35540",MI,"24705 Gonzalez Burg Suite 572, New Stacieville, DC 21847",,,,Non-Combustible,4,,,,,3000,3000,2252.05,Direct Bill,,,TRUE,TRUE,747.95
ZMP3737560,LIBM,120022,New,4/1/2025,4/1/2026,4/1/2025,12,Personal Auto,Private Passenger Auto,Christina Cohen,christina.cohen@example.com,"591 William Dam, Patriciahaven, KS 08917",KS,"591 William Dam, Patriciahaven, KS 08917",3,5,,,,25/50,100000,1000,250,3133.57,3133.57,2352.32,Agency Bill,,,FALSE,TRUE,781.25
NGH5665574,ALLS,120250,Renewal,4/1/2025,4/1/2026,4/1/2025,12,Homeowners,HO3,Caroline Ponce,caroline.ponce@policyhub.org,"41816 Sutton Plains Suite 140, Port Josephhaven, AZ 55828",AZ,"41816 Sutton Plains Suite 140, Port Josephhaven, AZ 55828",,,2002,Masonry,8,,,,,1332.1,1332.1,999.99,Agency Bill,,,FALSE,TRUE,332.11
HBJ0824554,LIBM,120109,Renewal,4/1/2025,4/1/2026,4/1/2025,12,Homeowners,HO3,Ashley Copeland,ashley.copeland@mail.com,"92729 Cory Bypass Apt. 609, New Vincent, MS 11090",MS,"92729 Cory Bypass Apt. 609, New Vincent, MS 11090",,,2011,Masonry Veneer,5,,,,,1065.94,1065.94,800.19,Direct Bill,,,FALSE,TRUE,265.75
TWZ8562759,AMFA,120131,Renewal,4/1/2025,4/1/2026,4/1/2025,12,Homeowners,HO3,Jennifer Jacobs,jennifer.jacobs@insmail.com,"65173 Cox Rapid, West Matthewville, NV 35577",NV,"65173 Cox Rapid, West Matthewville, NV 35577",,,2002,Masonry Veneer,7,,,,,661.56,661.56,496.62,Direct Bill,,,FALSE,TRUE,164.94
MCK7171938,ALLS,120030,New,4/1/2025,4/1/2026,4/1/2025,12,Personal Auto,Private Passenger Auto,Shannon Gray,shannon.gray@insmail.com,"276 Phillips Port, Bryanside, ME 54755",ME,"276 Phillips Port, Bryanside, ME 54755",3,2,,,,50/100,250000,250,2500,868.65,868.65,652.08,Direct Bill,,,FALSE,TRUE,216.57
BDN7967984,AMFA,120197,Renewal,4/1/2025,4/1/2026,4/1/2025,12,BOP,Businessowners,Kayla Davis,kayla.davis@mail.com,"74709 Keller Glens, South Melindaton, CA 31039",CA,"74709 Keller Glens, South Melindaton, CA 31039",,,,Non-Combustible,7,,,,,1500,1500,1126.03,Direct Bill,,,FALSE,TRUE,373.97
KGR9492691,GEIC,120177,Renewal,4/1/2025,4/1/2026,4/1/2025,12,Personal Auto,Private Passenger Auto,Keith Baker,keith.baker@mail.com,"56086 Hunt Unions Apt. 538, East Chaseport, NH 54544",NH,"4092 Martin Orchard, New Danny, MT 48229",1,3,,,,50/100,100000,1000,250,2847.53,2847.53,2137.6,Direct Bill,,,FALSE,TRUE,709.93
XLK4607139,PRGS,120182,Renewal,4/1/2025,4/1/2026,4/1/2025,12,Personal Auto,Private Passenger Auto,Amber Castro,amber.castro@insmail.com,"24543 Mendoza Extension, Scottstad, AR 04336",AR,"24543 Mendoza Extension, Scottstad, AR 04336",1,2,,,,50/100,500000,500,250,907.36,907.36,681.14,Direct Bill,,,FALSE,TRUE,226.22
LJZ5249014,PRGS,120141,Renewal,4/1/2025,4/1/2026,4/1/2025,12,Homeowners,HO3,Matthew Benson,matthew.benson@example.com,"4540 Joy Well Apt. 490, East Sarah, WI 02292",WI,"4540 Joy Well Apt. 490, East Sarah, WI 02292",,,1999,Joisted Masonry,9,,,,,1722.15,1722.15,1292.79,Direct Bill,,,FALSE,TRUE,429.36
LJP0882957,PRGS,120238,New,4/1/2025,4/1/2026,4/1/2025,12,Personal Auto,Private Passenger Auto,Ann Kemp,ann.kemp@example.com,"355 Hogan Mountain, East Corey, MS 95633",MS,"0090 Ryan Rue, West Brendastad, NJ 39314",1,2,,,,50/100,25000,500,1000,1072.96,1072.96,805.45,Direct Bill,,,FALSE,TRUE,267.51
WNB7825852,LIBM,120276,Renewal,4/1/2025,4/1/2026,4/1/2025,12,BOP,Businessowners,Jason Case,jason.case@example.com,"75413 Tony Trace, Reynoldsfurt, MD 08865",MD,"75413 Tony Trace, Reynoldsfurt, MD 08865",,,,Masonry,8,,,,,5491.7,5491.7,4122.54,Agency Bill,,,FALSE,TRUE,1369.16
YCL2141421,PRGS,120196,Endorsement,4/1/2025,4/1/2026,1/22/2026,12,Umbrella,Personal Umbrella,Robert Williams,robert.williams@customer.net,"261 Brown Summit Apt. 256, New Kristi, PA 51711",PA,"261 Brown Summit Apt. 256, New Kristi, PA 51711",,,,,,,,,,544.91,0.66,409.06,Agency Bill,,,FALSE,TRUE,135.85
YYS0833161,NATI,120211,Renewal,4/1/2025,4/1/2026,4/1/2025,12,Homeowners,HO3,Briana Long,briana.long@policyhub.org,"5512 Jones Cove, South Martin, CA 63757",CA,"5512 Jones Cove, South Martin, CA 63757",,,1983,Masonry,9,,,,,3348.37,3348.37,2513.57,Direct Bill,,,FALSE,TRUE,834.8
SEB5258406,HART,120132,Endorsement,4/1/2025,4/1/2026,11/14/2025,12,Umbrella,Personal Umbrella,Richard Thompson,richard.thompson@insmail.com,"0841 Christopher Way, South Reneefurt, MS 44853",MS,"0841 Christopher Way, South Reneefurt, MS 44853",,,,,,,,,,244,-6.78,183.17,Direct Bill,,,FALSE,TRUE,60.83
DZJ7218652,ALLS,120097,New,4/1/2025,4/1/2026,4/1/2025,12,Personal Auto,Private Passenger Auto,Kaitlyn Warren,kaitlyn.warren@mail.com,"682 Tiffany Hills Apt. 419, North Kirkport, WA 12814",WA,"682 Tiffany Hills Apt. 419, North Kirkport, WA 12814",3,2,,,,25/50,50000,500,500,2153.34,2153.34,1616.48,Direct Bill,,,FALSE,TRUE,536.86
UPM2714224,CHUB,120297,Cancel,4/1/2025,4/21/2025,4/21/2025,12,Package,Commercial Package,Donna Davis,donna.davis@customer.net,"4238 Kyle Spur Suite 676, Ralphburgh, WA 94003",WA,"4238 Kyle Spur Suite 676, Ralphburgh, WA 94003",,,,Joisted Masonry,7,,,,,27027.9,0,27027.9,Direct Bill,10/31/2022,,FALSE,TRUE,0
CSU5288487,TRAV,120290,Renewal,4/1/2025,4/1/2026,4/1/2025,12,Homeowners,HO3,Stephen Miller,stephen.miller@mail.com,"7884 Clayton Inlet Suite 051, Port Angelaside, GU 77970",GU,"7884 Clayton Inlet Suite 051, Port Angelaside, GU 77970",,,2010,Fire Resistive,8,,,,,1312.29,1312.29,985.12,Direct Bill,,,FALSE,TRUE,327.17
ATA1084065,AMFA,120052,Renewal,4/1/2025,4/1/2026,4/1/2025,12,BOP,Businessowners,Kimberly Spencer,kimberly.spencer@example.com,"881 Barnes Green Suite 620, Josebury, KY 03218",KY,"881 Barnes Green Suite 620, Josebury, KY 03218",,,,Joisted Masonry,2,,,,,2099.36,2099.36,1575.96,Direct Bill,,,FALSE,TRUE,523.4
AEJ6905084,CHUB,120132,Renewal,4/1/2025,4/1/2026,4/1/2025,12,Homeowners,HO3,Jennifer Lee,jennifer.lee@mail.com,"136 Chandler Streets Suite 080, Lake Wendyville, AS 33156",AS,"136 Chandler Streets Suite 080, Lake Wendyville, AS 33156",,,1994,Non-Combustible,9,,,,,728.33,728.33,546.75,Agency Bill,,,FALSE,TRUE,181.58
TPZ2917493,GEIC,120115,Cancel,4/1/2025,12/2/2025,12/2/2025,12,Package,Commercial Package,Maria Moore,maria.moore@policyhub.org,"094 Allen Greens, Lake Jennifermouth, GA 20694",GA,"094 Allen Greens, Lake Jennifermouth, GA 20694",,,,Joisted Masonry,6,,,,,3000,0,3000,Agency Bill,12/21/2021,,FALSE,TRUE,0
YCG9292885,FARM,120180,Renewal,4/1/2025,4/1/2026,4/1/2025,12,Homeowners,HO3,Brooke Hernandez,brooke.hernandez@insmail.com,"8183 Rowland Mission Suite 495, Joelfort, WA 79501",WA,"8183 Rowland Mission Suite 495, Joelfort, WA 79501",,,1995,Non-Combustible,9,,,,,2363.22,2363.22,1774.03,Direct Bill,,,FALSE,FALSE,589.19
ESM8259594,NATI,120170,Renewal,4/1/2025,4/1/2026,4/1/2025,12,Homeowners,HO3,Sheila Kennedy,sheila.kennedy@mail.com,"863 Hughes Squares Apt. 316, East Isaiahfort, MI 56788",MI,"86865 Jennings Walk, Marcland, IA 65438",,,1999,Fire Resistive,7,,,,,1233.9,1233.9,926.27,Direct Bill,,,FALSE,TRUE,307.63
VZD3553323,CHUB,120000,Renewal,4/1/2025,4/1/2026,4/1/2025,12,BOP,Businessowners,Daniel Gomez,daniel.gomez@insmail.com,"431 Douglas Court Apt. 366, West Douglas, NE 82017",NE,"431 Douglas Court Apt. 366, West Douglas, NE 82017",,,,Masonry Veneer,6,,,,,1500,1500,1126.03,Direct Bill,,,FALSE,TRUE,373.97
ANR0218346,FARM,120142,Cancel,4/1/2025,11/18/2025,11/18/2025,12,Package,Commercial Package,Heather Mcdonald,heather.mcdonald@mail.com,"82302 Devin Rapids, Lake Johnmouth, ND 74502",ND,"82302 Devin Rapids, Lake Johnmouth, ND 74502",,,,Masonry,8,,,,,4021.4,0,4021.4,Agency Bill,3/8/2023,,FALSE,FALSE,0
ZBR5823052,AMFA,120058,New,4/1/2025,4/1/2026,4/1/2025,12,Personal Auto,Private Passenger Auto,Todd Waller,todd.waller@insmail.com,"9298 Alyssa Turnpike, Kingville, MD 57810",MD,"9298 Alyssa Turnpike, Kingville, MD 57810",3,1,,,,50/100,250000,500,500,1303.17,1303.17,978.27,Direct Bill,,,FALSE,TRUE,324.9
BJB7777572,LIBM,120072,Renewal,4/1/2025,4/1/2026,4/1/2025,12,WC,Workers Compensation,Amy Johnson,amy.johnson@mail.com,"115 Stevens Squares, Stevebury, HI 75912",HI,"115 Stevens Squares, Stevebury, HI 75912",,,,,,,,,,3031.69,3031.69,2275.84,Direct Bill,,,FALSE,TRUE,755.85
TVK0239180,LIBM,120070,Renewal,4/1/2025,4/1/2026,4/1/2025,12,Umbrella,Personal Umbrella,Nicole Olson,nicole.olson@mail.com,"9230 Klein Hills, North Jasonland, AZ 27038",AZ,"9230 Klein Hills, North Jasonland, AZ 27038",,,,,,,,,,294.42,294.42,221.02,Direct Bill,,,FALSE,FALSE,73.4
ASB0073193,LIBM,120108,New,4/1/2025,4/1/2026,4/1/2025,12,Personal Auto,Private Passenger Auto,Susan Lucero,susan.lucero@example.com,"6272 Fuller Grove, Clementsbury, KY 86238",KY,"6272 Fuller Grove, Clementsbury, KY 86238",3,1,,,,25/50,25000,250,1000,1077.11,1077.11,808.57,Agency Bill,,,FALSE,TRUE,268.54
KNB0957482,CHUB,120088,New,4/1/2025,4/1/2026,4/1/2025,12,Personal Auto,Private Passenger Auto,Brian Vargas,brian.vargas@insmail.com,"55509 Anthony Mountain, Garytown, PA 88489",PA,"55509 Anthony Mountain, Garytown, PA 88489",2,1,,,,25/50,100000,250,500,910.68,910.68,683.63,Agency Bill,,,FALSE,TRUE,227.05
MAL0650011,FARM,120152,Renewal,4/1/2025,4/1/2026,4/1/2025,12,Personal Auto,Private Passenger Auto,Robert Carpenter,robert.carpenter@mail.com,"19227 William Viaduct, Lake Heather, IN 33005",IN,"19227 William Viaduct, Lake Heather, IN 33005",1,1,,,,50/100,100000,500,500,720.57,720.57,540.92,Direct Bill,,,FALSE,TRUE,179.65
VLC3618706,NATI,120156,Renewal,4/1/2025,4/1/2026,4/1/2025,12,WC,Workers Compensation,Micheal Allen,micheal.allen@insmail.com,"500 Jones Cove Suite 565, Gregoryville, MO 46850",MO,"04884 Mercedes Groves Suite 639, Lake Derrickstad, TX 06190",,,,,,,,,,5877.19,5877.19,4411.92,Direct Bill,,,FALSE,TRUE,1465.27
EPE3934904,ALLS,120223,New,4/1/2025,4/1/2026,4/1/2025,12,Personal Auto,Private Passenger Auto,April Allen,april.allen@example.com,"0938 Leach Ports Suite 181, South Samantha, VT 47238",VT,"0938 Leach Ports Suite 181, South Samantha, VT 47238",2,1,,,,25/50,100000,1000,250,1018.24,1018.24,764.38,Agency Bill,,,FALSE,TRUE,253.86
PJV0438652,HART,120259,Renewal,4/1/2025,4/1/2026,4/1/2025,12,WC,Workers Compensation,Brett Jones,brett.jones@example.com,"1459 Copeland Green, Erikview, NE 34218",NE,"1459 Copeland Green, Erikview, NE 34218",,,,,,,,,,2000,2000,1501.37,Agency Bill,,,FALSE,TRUE,498.63
AEN0485431,GEIC,120013,Renewal,4/1/2025,4/1/2026,4/1/2025,12,BOP,Businessowners,Bobby Phillips,bobby.phillips@example.com,"328 Thomas Well, West Dwayne, OR 06224",OR,"328 Thomas Well, West Dwayne, OR 06224",,,,Masonry Veneer,10,,,,,3985.98,3985.98,2992.22,Agency Bill,,,FALSE,TRUE,993.76
PZK1785840,TRAV,120080,Renewal,4/1/2025,4/1/2026,4/1/2025,12,Homeowners,HO3,Sue Burton,sue.burton@insmail.com,"396 Kenneth Valleys Apt. 730, Port Ianmouth, HI 86714",HI,"303 Brown Villages Apt. 566, South Richardmouth, ND 53233",,,1952,Frame,3,,,,,1711.82,1711.82,1285.04,Agency Bill,,,FALSE,TRUE,426.78
LSD0839199,TRAV,120192,New,4/1/2025,4/1/2026,4/1/2025,12,Personal Auto,Private Passenger Auto,Alexander Ortiz,alexander.ortiz@insmail.com,"956 Christopher Expressway, Robinsonborough, FM 74268",FM,"838 Jason Gateway Apt. 673, South Cindy, AL 05598",3,3,,,,50/100,500000,1000,1000,1792.42,1792.42,1345.54,Direct Bill,,,FALSE,TRUE,446.88
GZS7189374,PRGS,120065,Renewal,4/1/2025,4/1/2026,4/1/2025,12,WC,Workers Compensation,Timothy Mcgee,timothy.mcgee@customer.net,"7033 Mccarty Freeway Suite 552, South Matthewchester, ID 23417",ID,"7033 Mccarty Freeway Suite 552, South Matthewchester, ID 23417",,,,,,,,,,2000,2000,1501.37,Direct Bill,,,FALSE,TRUE,498.63
GYP5706590,CHUB,120260,Renewal,4/1/2025,4/1/2026,4/1/2025,12,Homeowners,HO3,Jennifer Sanford,jennifer.sanford@policyhub.org,"45770 Norris Greens Suite 576, Angelastad, DC 92063",DC,"45770 Norris Greens Suite 576, Angelastad, DC 92063",,,2009,Frame,10,,,,,1858.95,1858.95,1395.49,Direct Bill,,,FALSE,TRUE,463.46
ULB9926258,AMFA,120075,Renewal,4/1/2025,4/1/2026,4/1/2025,12,BOP,Businessowners,Allen Fisher,allen.fisher@example.com,"58461 Strickland Radial, Lake Lisamouth, DC 59609",DC,"58461 Strickland Radial, Lake Lisamouth, DC 59609",,,,Masonry Veneer,5,,,,,2703.82,2703.82,2029.72,Agency Bill,,,FALSE,FALSE,674.1
SCU9804952,TRAV,120153,Renewal,4/1/2025,4/1/2026,4/1/2025,12,Homeowners,HO3,Amber Reynolds,amber.reynolds@mail.com,"15880 Zachary Park, Alexischester, ME 95260",ME,"15880 Zachary Park, Alexischester, ME 95260",,,1971,Frame,5,,,,,2034.14,2034.14,1527,Direct Bill,,,FALSE,TRUE,507.14
JLF0814511,PRGS,120096,Renewal,4/1/2025,4/1/2026,4/1/2025,12,WC,Workers Compensation,John Robertson,john.robertson@example.com,"687 Hull Underpass Apt. 091, Kennethhaven, AR 90341",AR,"687 Hull Underpass Apt. 091, Kennethhaven, AR 90341",,,,,,,,,,2000,2000,1501.37,Direct Bill,,,FALSE,FALSE,498.63
TPT9516763,ALLS,120281,Renewal,4/1/2025,4/1/2026,4/1/2025,12,Homeowners,HO3,Crystal Freeman,crystal.freeman@insmail.com,"86294 Schroeder Unions Apt. 646, Paulville, PA 62526",PA,"86294 Schroeder Unions Apt. 646, Paulville, PA 62526",,,1973,Masonry Veneer,4,,,,,2015.04,2015.04,1512.66,Direct Bill,,,FALSE,TRUE,502.38
UTM0359471,AMFA,120184,Endorsement,4/1/2025,4/1/2026,8/31/2025,12,Umbrella,Personal Umbrella,Maria Sexton,maria.sexton@example.com,"3779 Kathleen Squares, South Kimberly, ND 55815",ND,"3779 Kathleen Squares, South Kimberly, ND 55815",,,,,,,,,,702.69,-24.41,527.5,Direct Bill,,,FALSE,TRUE,175.19
FPR2097053,GEIC,120178,Endorsement,4/1/2025,4/1/2026,1/12/2026,12,Umbrella,Personal Umbrella,Cesar Carlson,cesar.carlson@example.com,"0552 Pamela Lane Apt. 602, East William, AS 61020",AS,"0552 Pamela Lane Apt. 602, East William, AS 61020",,,,,,,,,,530.81,-6.79,398.47,Direct Bill,,,FALSE,TRUE,132.34
THL4377356,CHUB,120181,Renewal,4/1/2025,4/1/2026,4/1/2025,12,WC,Workers Compensation,Christina Baldwin,christina.baldwin@customer.net,"64999 April Lodge, North Teresa, NC 27468",NC,"64999 April Lodge, North Teresa, NC 27468",,,,,,,,,,24786.73,24786.73,18607.02,Agency Bill,,,FALSE,FALSE,6179.71
ESF6108968,TRAV,120191,Renewal,4/1/2025,4/1/2026,4/1/2025,12,Homeowners,HO3,Kelsey Estrada,kelsey.estrada@policyhub.org,"3692 Michelle Square, Anthonybury, FL 36468",FL,"24106 Austin Court, Markland, OK 93145",,,1979,Masonry Veneer,9,,,,,1735.21,1735.21,1302.6,Agency Bill,,,FALSE,FALSE,432.61
HJM9415834,NATI,120294,Renewal,4/1/2025,4/1/2026,4/1/2025,12,Homeowners,HO3,David Parker,david.parker@mail.com,"546 Bryan Island Apt. 436, East Shellychester, OR 34189",OR,"5267 Suzanne Roads, Port Brittanymouth, GU 12919",,,1993,Fire Resistive,5,,,,,2470.03,2470.03,1854.21,Direct Bill,,,FALSE,TRUE,615.82
NUX5683103,GEIC,120177,New,4/1/2025,4/1/2026,4/1/2025,12,Personal Auto,Private Passenger Auto,Stephanie Armstrong,stephanie.armstrong@insmail.com,"36929 Perez Trace Suite 888, Harrisonchester, MN 47621",MN,"3787 Darin Islands Apt. 815, Cainfort, WV 32464",1,1,,,,50/100,100000,500,250,646.92,646.92,485.63,Direct Bill,,,FALSE,TRUE,161.29
ULT5280113,PRGS,120045,New,4/1/2025,4/1/2026,4/1/2025,12,Personal Auto,Private Passenger Auto,Matthew Turner,matthew.turner@example.com,"02196 Miller Plain, New Jesusfurt, NJ 44826",NJ,"02196 Miller Plain, New Jesusfurt, NJ 44826",3,2,,,,50/100,100000,2500,250,1845.82,1845.82,1385.63,Direct Bill,,,FALSE,TRUE,460.19
ABB0923873,LIBM,120198,New,4/1/2025,4/1/2026,4/1/2025,12,Personal Auto,Private Passenger Auto,Robert Morris,robert.morris@policyhub.org,"332 Gallegos Viaduct, South Colleen, DC 39111",DC,"332 Gallegos Viaduct, South Colleen, DC 39111",1,2,,,,25/50,50000,500,1000,1829.45,1829.45,1373.34,Direct Bill,,,FALSE,TRUE,456.11
NNV2650332,LIBM,120041,Endorsement,4/1/2025,4/1/2026,8/17/2025,12,Umbrella,Personal Umbrella,Amanda Williams,amanda.williams@customer.net,"528 Rich Streets, Lake Danielle, ME 05712",ME,"528 Rich Streets, Lake Danielle, ME 05712",,,,,,,,,,538.26,-33.94,404.06,Direct Bill,,,FALSE,TRUE,134.2
MRB7093508,ALLS,120233,Renewal,4/1/2025,4/1/2026,4/1/2025,12,BOP,Businessowners,Christopher Glover,christopher.glover@mail.com,"48946 Chang Flat Apt. 458, Garnertown, ID 64149",ID,"48946 Chang Flat Apt. 458, Garnertown, ID 64149",,,,Frame,9,,,,,2550.69,2550.69,1914.76,Direct Bill,,,FALSE,TRUE,635.93
KYD4195127,ALLS,120299,New,4/1/2025,4/1/2026,4/1/2025,12,Personal Auto,Private Passenger Auto,David Mendez,david.mendez@mail.com,"485 William Inlet, Lake Shane, NY 05467",NY,"485 William Inlet, Lake Shane, NY 05467",2,1,,,,25/50,100000,250,2500,1269.54,1269.54,953.02,Agency Bill,,,FALSE,TRUE,316.52
NGE2156103,ALLS,120125,New,4/1/2025,4/1/2026,4/1/2025,12,Personal Auto,Private Passenger Auto,Stephanie Brown,stephanie.brown@insmail.com,"0950 Jason Fork Suite 144, Lauraton, IL 39282",IL,"0950 Jason Fork Suite 144, Lauraton, IL 39282",1,4,,,,25/50,500000,1000,2500,2101.8,2101.8,1577.79,Direct Bill,,,FALSE,TRUE,524.01
FYJ3654384,GEIC,120271,New,4/1/2025,4/1/2026,4/1/2025,12,Personal Auto,Private Passenger Auto,Joseph Sanchez,joseph.sanchez@example.com,"8319 Stephanie Rest Suite 960, Ashleyside, WV 16609",WV,"8319 Stephanie Rest Suite 960, Ashleyside, WV 16609",3,2,,,,50/100,250000,1000,2500,1407.1,1407.1,1056.29,Direct Bill,,,FALSE,TRUE,350.81
HTB6126821,PRGS,120180,Renewal,4/1/2025,4/1/2026,4/1/2025,12,Personal Auto,Private Passenger Auto,Julie Morgan,julie.morgan@customer.net,"612 Mckay Mills Suite 414, South Eric, TN 89165",TN,"612 Mckay Mills Suite 414, South Eric, TN 89165",3,2,,,,50/100,100000,250,500,788.84,788.84,592.17,Direct Bill,,,FALSE,TRUE,196.67
TFF3538558,TRAV,120108,Renewal,4/1/2025,4/1/2026,4/1/2025,12,BOP,Businessowners,Corey Wilkins,corey.wilkins@example.com,"713 Chambers Ferry, Perryshire, NH 56928",NH,"713 Chambers Ferry, Perryshire, NH 56928",,,,Masonry,3,,,,,1500,1500,1126.03,Direct Bill,,,FALSE,TRUE,373.97
XDY3680044,TRAV,120132,Renewal,4/1/2025,4/1/2026,4/1/2025,12,Homeowners,HO3,Angela Nichols,angela.nichols@customer.net,"59772 Johnson Canyon, South Jasonland, NY 22761",NY,"59772 Johnson Canyon, South Jasonland, NY 22761",,,2003,Fire Resistive,6,,,,,6701.38,6701.38,5030.62,Direct Bill,,,FALSE,TRUE,1670.76
BTF5487227,NATI,120221,Renewal,4/1/2025,4/1/2026,4/1/2025,12,Homeowners,HO3,Barry Odonnell,barry.odonnell@example.com,"67390 Molly Station, Richardview, OR 27365",OR,"67390 Molly Station, Richardview, OR 27365",,,1991,Frame,8,,,,,1398.94,1398.94,1050.16,Direct Bill,,,FALSE,FALSE,348.78
HLJ4220608,PRGS,120051,Renewal,4/1/2025,4/1/2026,4/1/2025,12,Homeowners,HO3,Diane Mcbride,diane.mcbride@insmail.com,"29397 Darrell Lodge, North Anthony, MP 71478",MP,"29397 Darrell Lodge, North Anthony, MP 71478",,,1966,Non-Combustible,9,,,,,2678.09,2678.09,2010.4,Direct Bill,,,FALSE,TRUE,667.69
FGX0215190,CHUB,120026,Renewal,4/1/2025,4/1/2026,4/1/2025,12,Homeowners,HO3,Nicole Gonzalez,nicole.gonzalez@policyhub.org,"07680 Lisa Roads Suite 161, South Gail, SC 41429",SC,"31757 Wilson Pass, Salasbury, FL 34594",,,1989,Frame,8,,,,,3145.96,3145.96,2361.62,Direct Bill,,,FALSE,TRUE,784.34
ASS2379866,ALLS,120248,Renewal,4/1/2025,4/1/2026,4/1/2025,12,BOP,Businessowners,Kimberly Rogers,kimberly.rogers@policyhub.org,"88862 Sharon Throughway, Port Katie, GU 43437",GU,"88862 Sharon Throughway, Port Katie, GU 43437",,,,Frame,6,,,,,1500,1500,1126.03,Agency Bill,,,FALSE,FALSE,373.97
FUH3204285,ALLS,120037,Renewal,4/1/2025,4/1/2026,4/1/2025,12,Personal Auto,Private Passenger Auto,Michelle Mcmahon,michelle.mcmahon@policyhub.org,"57848 Copeland Heights Suite 564, East Kerri, LA 31340",LA,"028 Lowery Track, Kennethside, OH 12678",2,2,,,,50/100,250000,1000,500,780.58,780.58,585.97,Direct Bill,,,FALSE,TRUE,194.61
VKT8825371,GEIC,120146,New,4/1/2025,4/1/2026,4/1/2025,12,Personal Auto,Private Passenger Auto,Melissa Smith,melissa.smith@example.com,"69224 Walker Alley, Hernandeztown, SC 44066",SC,"69224 Walker Alley, Hernandeztown, SC 44066",3,3,,,,25/50,100000,1000,2500,2593.61,2593.61,1946.98,Agency Bill,,,FALSE,TRUE,646.63
MNR4998025,AMFA,120223,Renewal,4/1/2025,4/1/2026,4/1/2025,12,BOP,Businessowners,Wendy Rodriguez,wendy.rodriguez@example.com,"79129 Carter Circle, Brianafort, PA 89661",PA,"79129 Carter Circle, Brianafort, PA 89661",,,,Frame,5,,,,,13079.27,13079.27,9818.41,Agency Bill,,,FALSE,TRUE,3260.86
ACZ4940831,FARM,120282,New,4/1/2025,4/1/2026,4/1/2025,12,Personal Auto,Private Passenger Auto,Jennifer Mckenzie,jennifer.mckenzie@mail.com,"8251 West Mall Apt. 767, Bryanfort, VT 64902",VT,"8251 West Mall Apt. 767, Bryanfort, VT 64902",2,2,,,,50/100,100000,250,500,2107.91,2107.91,1582.38,Direct Bill,,,FALSE,FALSE,525.53
ZUA4094901,PRGS,120038,Renewal,4/1/2025,4/1/2026,4/1/2025,12,Personal Auto,Private Passenger Auto,Amy Gomez,amy.gomez@customer.net,"12898 Lawrence Way, West Kimberlybury, AZ 80503",AZ,"12898 Lawrence Way, West Kimberlybury, AZ 80503",3,2,,,,50/100,100000,500,500,1075.21,1075.21,807.14,Direct Bill,,,FALSE,TRUE,268.07
URW6554582,TRAV,120208,Renewal,4/1/2025,4/1/2026,4/1/2025,12,Homeowners,HO3,Kimberly Elliott,kimberly.elliott@mail.com,"987 Sandra Plaza, Tammystad, TX 99470",TX,"68623 Robert Wells, South Ryan, CA 62362",,,1988,Frame,4,,,,,500,500,375.34,Direct Bill,,,FALSE,TRUE,124.66
CJS8762908,TRAV,120000,Renewal,4/1/2025,4/1/2026,4/1/2025,12,Homeowners,HO3,Sherry Bender,sherry.bender@example.com,"203 George Mews, North Nicholas, AK 13046",AK,"635 Taylor Ways, Lake Michaelfurt, MD 62185",,,2022,Masonry,6,,,,,2798.79,2798.79,2101.01,Direct Bill,,,FALSE,TRUE,697.78
RBL1279163,CHUB,120244,Renewal,4/1/2025,4/1/2026,4/1/2025,12,WC,Workers Compensation,Benjamin Miller,benjamin.miller@policyhub.org,"72492 David Island, Watsonside, CA 40064",CA,"72492 David Island, Watsonside, CA 40064",,,,,,,,,,9359.13,9359.13,7025.76,Direct Bill,,,FALSE,FALSE,2333.37
GUG4494487,HART,120059,New,4/1/2025,4/1/2026,4/1/2025,12,Personal Auto,Private Passenger Auto,Gary Carey,gary.carey@customer.net,"42076 Johnson Branch Suite 317, East Yolanda, WV 34955",WV,"781 Rodriguez Viaduct Apt. 073, South Jasonland, AK 73444",1,1,,,,25/50,250000,1000,1000,1166.85,1166.85,875.94,Direct Bill,,,FALSE,TRUE,290.91
JXN1063178,HART,120022,Renewal,4/1/2025,4/1/2026,4/1/2025,12,WC,Workers Compensation,Stephen Novak,stephen.novak@customer.net,"133 Ayala Ranch Apt. 010, Lake Lori, AL 19491",AL,"133 Ayala Ranch Apt. 010, Lake Lori, AL 19491",,,,,,,,,,2000,2000,1501.37,Direct Bill,,,FALSE,TRUE,498.63
ELE4537947,FARM,120211,Renewal,4/1/2025,4/1/2026,4/1/2025,12,Homeowners,HO3,Kathleen Johnson,kathleen.johnson@policyhub.org,"206 Patrick Turnpike Suite 101, Lake Bridgetview, DC 58151",DC,"206 Patrick Turnpike Suite 101, Lake Bridgetview, DC 58151",,,2004,Joisted Masonry,6,,,,,1178.74,1178.74,884.86,Direct Bill,,,FALSE,TRUE,293.88
ZGK2382164,ALLS,120142,Renewal,4/1/2025,4/1/2026,4/1/2025,12,BOP,Businessowners,Brandon Miranda,brandon.miranda@policyhub.org,"14128 Joe Loaf Suite 680, North Cindy, MS 24448",MS,"14128 Joe Loaf Suite 680, North Cindy, MS 24448",,,,Masonry Veneer,5,,,,,7639.58,7639.58,5734.92,Agency Bill,,,FALSE,TRUE,1904.66
YPM5295455,FARM,120202,Endorsement,4/1/2025,4/1/2026,4/29/2025,12,Umbrella,Personal Umbrella,Sheila Rice,sheila.rice@policyhub.org,"5051 Barr Locks Apt. 634, Lake Richardstad, OK 88168",OK,"5051 Barr Locks Apt. 634, Lake Richardstad, OK 88168",,,,,,,,,,510.3,75.41,383.07,Direct Bill,,,FALSE,TRUE,127.23
KWX6864083,GEIC,120255,Renewal,4/1/2025,4/1/2026,4/1/2025,12,BOP,Businessowners,Kathy Carroll,kathy.carroll@mail.com,"668 Frank Ville, Brianhaven, ME 51626",ME,"668 Frank Ville, Brianhaven, ME 51626",,,,Joisted Masonry,6,,,,,1868.26,1868.26,1402.47,Direct Bill,,,FALSE,TRUE,465.79
SXW1568559,PRGS,120130,New,4/1/2025,4/1/2026,4/1/2025,12,Personal Auto,Private Passenger Auto,Jacob Bush,jacob.bush@policyhub.org,"3677 Bryan Road, Riveraview, ME 64407",ME,"960 Kim Mills, East Jerrymouth, DE 52812",3,2,,,,50/100,250000,2500,500,2210.99,2210.99,1659.76,Agency Bill,,,FALSE,TRUE,551.23
MHE3131897,GEIC,120047,New,4/1/2025,4/1/2026,4/1/2025,12,Personal Auto,Private Passenger Auto,Daniel Young,daniel.young@policyhub.org,"3244 Weaver Green Apt. 745, East Jenniferberg, MP 39205",MP,"3244 Weaver Green Apt. 745, East Jenniferberg, MP 39205",4,1,,,,50/100,100000,250,500,1590.51,1590.51,1193.97,Direct Bill,,,FALSE,TRUE,396.54
ZPD0645878,CHUB,120107,New,4/1/2025,4/1/2026,4/1/2025,12,Personal Auto,Private Passenger Auto,Charles Miller,charles.miller@mail.com,"85884 West Forges, Michaelmouth, TX 75471",TX,"85884 West Forges, Michaelmouth, TX 75471",2,2,,,,50/100,50000,500,1000,1717.17,1717.17,1289.05,Direct Bill,,,FALSE,TRUE,428.12
XJD8356029,GEIC,120201,Endorsement,4/1/2025,4/1/2026,5/5/2025,12,Umbrella,Personal Umbrella,Jonathan Moore,jonathan.moore@customer.net,"7483 Carter Mall Apt. 592, Hardinbury, IL 26643",IL,"7483 Carter Mall Apt. 592, Hardinbury, IL 26643",,,,,,,,,,418.06,29.07,313.83,Direct Bill,,,FALSE,TRUE,104.23
GKY3517087,HART,120276,Endorsement,4/1/2025,4/1/2026,9/18/2025,12,Umbrella,Personal Umbrella,James Alexander,james.alexander@customer.net,"736 David Streets, North Kimberlyberg, IA 88196",IA,"736 David Streets, North Kimberlyberg, IA 88196",,,,,,,,,,380.28,-27.36,285.47,Direct Bill,,,FALSE,TRUE,94.81
AFA4708054,NATI,120025,Renewal,4/1/2025,4/1/2026,4/1/2025,12,Personal Auto,Private Passenger Auto,Kayla Leblanc,kayla.leblanc@insmail.com,"188 Adams Expressway Apt. 931, Phillipsburgh, PR 33707",PR,"188 Adams Expressway Apt. 931, Phillipsburgh, PR 33707",2,3,,,,50/100,100000,250,500,1043.76,1043.76,783.53,Direct Bill,,,FALSE,TRUE,260.23
PHZ1332445,CHUB,120195,Renewal,4/1/2025,4/1/2026,4/1/2025,12,Personal Auto,Private Passenger Auto,Mary Odom,mary.odom@policyhub.org,"37941 Mary Viaduct, Dillontown, GA 51303",GA,"37941 Mary Viaduct, Dillontown, GA 51303",2,3,,,,50/100,100000,1000,500,983.98,983.98,738.66,Direct Bill,,,FALSE,FALSE,245.32
HUL3257899,HART,120183,Renewal,4/1/2025,4/1/2026,4/1/2025,12,BOP,Businessowners,Robin Hernandez,robin.hernandez@example.com,"9551 Schneider View Suite 058, Williamsmouth, FL 15757",FL,"9551 Schneider View Suite 058, Williamsmouth, FL 15757",,,,Fire Resistive,6,,,,,1500,1500,1126.03,Direct Bill,,,FALSE,TRUE,373.97
ZVA3697313,TRAV,120014,Renewal,4/1/2025,4/1/2026,4/1/2025,12,BOP,Businessowners,Whitney Munoz,whitney.munoz@mail.com,"66378 Michael Circles Apt. 884, West James, AR 84655",AR,"66378 Michael Circles Apt. 884, West James, AR 84655",,,,Frame,7,,,,,15000,15000,11260.27,Direct Bill,,,FALSE,TRUE,3739.73
KFT5771468,PRGS,120053,New,4/1/2025,4/1/2026,4/1/2025,12,Personal Auto,Private Passenger Auto,Jonathan Anderson,jonathan.anderson@insmail.com,"9095 Jennifer Branch, South Elizabeth, AS 24588",AS,"60706 Alvarez Ports Suite 029, Virginiaview, MT 88856",1,3,,,,25/50,250000,500,1000,2988.42,2988.42,2243.36,Direct Bill,,,FALSE,FALSE,745.06
MPV7255877,NATI,120231,New,4/1/2025,4/1/2026,4/1/2025,12,Personal Auto,Private Passenger Auto,Amber Alvarez,amber.alvarez@customer.net,"33920 Wagner Forest, Simonborough, MN 16651",MN,"33920 Wagner Forest, Simonborough, MN 16651",3,1,,,,50/100,250000,250,500,1248.36,1248.36,937.13,Direct Bill,,,FALSE,TRUE,311.23
MDE3216994,TRAV,120258,New,4/1/2025,4/1/2026,4/1/2025,12,Personal Auto,Private Passenger Auto,Jill Gonzalez,jill.gonzalez@customer.net,"42115 Rowe Shoals Apt. 885, Brandichester, CO 69432",CO,"42115 Rowe Shoals Apt. 885, Brandichester, CO 69432",3,2,,,,50/100,250000,500,500,683.18,683.18,512.85,Direct Bill,,,FALSE,TRUE,170.33
KUZ9243453,GEIC,120260,Renewal,4/1/2025,4/1/2026,4/1/2025,12,Umbrella,Personal Umbrella,Shannon Berg,shannon.berg@mail.com,"7052 Velez Path, Port Emily, AR 86663",AR,"362 Jacob Way, North Angelaton, IA 53987",,,,,,,,,,512.12,512.12,384.44,Agency Bill,,,FALSE,TRUE,127.68
LXR1727700,ALLS,120273,Renewal,4/1/2025,4/1/2026,4/1/2025,12,BOP,Businessowners,Raymond Cohen,raymond.cohen@mail.com,"7866 Christopher Courts, Bennetttown, KY 10882",KY,"7866 Christopher Courts, Bennetttown, KY 10882",,,,Non-Combustible,9,,,,,7313.68,7313.68,5490.27,Agency Bill,,,FALSE,TRUE,1823.41
EWJ9812981,TRAV,120184,Renewal,4/1/2025,4/1/2026,4/1/2025,12,Homeowners,HO3,Jennifer Mccormick,jennifer.mccormick@insmail.com,"51513 Cindy Islands, Charlesburgh, NE 61931",NE,"94396 Guzman Orchard Apt. 697, South Dianefurt, MN 46609",,,2001,Fire Resistive,3,,,,,500,500,375.34,Agency Bill,,,FALSE,TRUE,124.66
WXE0405635,GEIC,120066,Renewal,4/1/2025,4/1/2026,4/1/2025,12,BOP,Businessowners,Jeffrey Brown,jeffrey.brown@insmail.com,"4930 Herrera Shore Suite 835, West Alexis, NY 03395",NY,"4930 Herrera Shore Suite 835, West Alexis, NY 03395",,,,Fire Resistive,5,,,,,3504.79,3504.79,2630.99,Agency Bill,,,FALSE,TRUE,873.8
KFZ4280944,FARM,120019,Endorsement,4/1/2025,4/1/2026,6/28/2025,12,Umbrella,Personal Umbrella,Blake Cowan,blake.cowan@mail.com,"998 Hall Turnpike, New Suzanne, PA 14749",PA,"998 Hall Turnpike, New Suzanne, PA 14749",,,,,,,,,,396.97,2.27,298,Direct Bill,,,FALSE,TRUE,98.97
ZLV5507313,TRAV,120052,New,4/1/2025,4/1/2026,4/1/2025,12,Personal Auto,Private Passenger Auto,Jason Lane,jason.lane@example.com,"452 James Crossroad Apt. 645, New Gary, MN 85665",MN,"452 James Crossroad Apt. 645, New Gary, MN 85665",1,2,,,,25/50,100000,1000,500,839.64,839.64,630.31,Direct Bill,,,FALSE,TRUE,209.33
GHJ6908644,FARM,120150,New,4/1/2025,4/1/2026,4/1/2025,12,Personal Auto,Private Passenger Auto,Jodi Villa,jodi.villa@customer.net,"181 Boyer Mission, Hollandborough, SC 47510",SC,"181 Boyer Mission, Hollandborough, SC 47510",2,2,,,,50/100,50000,500,500,1230.41,1230.41,923.65,Agency Bill,,,FALSE,TRUE,306.76
VHF1199309,GEIC,120255,Renewal,4/1/2025,4/1/2026,4/1/2025,12,BOP,Businessowners,Susan Waters,susan.waters@customer.net,"1253 Joseph Underpass, New Richardburgh, TN 25818",TN,"1253 Joseph Underpass, New Richardburgh, TN 25818",,,,Joisted Masonry,6,,,,,3642.77,3642.77,2734.57,Direct Bill,,,FALSE,TRUE,908.2
UKJ8192075,GEIC,120229,Renewal,4/1/2025,4/1/2026,4/1/2025,12,Umbrella,Personal Umbrella,Margaret Wilson,margaret.wilson@mail.com,"9663 Heather Well Suite 531, South Brandonview, AS 71399",AS,"9663 Heather Well Suite 531, South Brandonview, AS 71399",,,,,,,,,,453.75,453.75,340.62,Agency Bill,,,FALSE,TRUE,113.13
SXU3886098,HART,120027,New,4/1/2025,4/1/2026,4/1/2025,12,Personal Auto,Private Passenger Auto,Kristen Davis,kristen.davis@customer.net,"52241 Gonzales Common Suite 056, Lewisshire, TX 48092",TX,"87726 Clark Squares Apt. 031, Wrightside, VA 83714",3,1,,,,50/100,50000,1000,500,884.47,884.47,663.96,Agency Bill,,,FALSE,TRUE,220.51
RYG3023020,TRAV,120210,Renewal,4/1/2025,4/1/2026,4/1/2025,12,WC,Workers Compensation,Brendan Griffin,brendan.griffin@policyhub.org,"5470 Barnes Mission Suite 418, East Derek, IL 37874",IL,"5470 Barnes Mission Suite 418, East Derek, IL 37874",,,,,,,,,,5339.61,5339.61,4008.36,Direct Bill,,,FALSE,TRUE,1331.25
HYH5481030,GEIC,120252,New,4/1/2025,4/1/2026,4/1/2025,12,Personal Auto,Private Passenger Auto,Brittany Guzman,brittany.guzman@customer.net,"936 Sims Spur, New Lauren, SD 90928",SD,"936 Sims Spur, New Lauren, SD 90928",3,5,,,,25/50,250000,1000,500,1963.14,1963.14,1473.7,Agency Bill,,,FALSE,TRUE,489.44
AKC4069958,PRGS,120159,Cancel,4/1/2025,3/22/2026,3/22/2026,12,Package,Commercial Package,Monica Carson,monica.carson@insmail.com,"383 Hernandez Vista, East Sharon, VI 76111",VI,"383 Hernandez Vista, East Sharon, VI 76111",,,,Joisted Masonry,7,,,,,8044.59,0,6209.06,Direct Bill,6/1/2023,,FALSE,FALSE,1835.53
LVE6106368,LIBM,120271,Renewal,4/1/2025,4/1/2026,4/1/2025,12,BOP,Businessowners,Christine Thomas,christine.thomas@customer.net,"665 Diane Overpass Suite 057, East Rickyfort, PR 95248",PR,"665 Diane Overpass Suite 057, East Rickyfort, PR 95248",,,,Fire Resistive,4,,,,,4645.89,4645.89,3487.6,Agency Bill,,,FALSE,TRUE,1158.29
WXX7357992,TRAV,120018,Renewal,4/1/2025,4/1/2026,4/1/2025,12,BOP,Businessowners,Scott Guzman,scott.guzman@customer.net,"995 Mark River, Torreshaven, MI 89373",MI,"995 Mark River, Torreshaven, MI 89373",,,,Fire Resistive,5,,,,,1500,1500,1126.03,Direct Bill,,,FALSE,TRUE,373.97
RYK4566517,GEIC,120093,New,4/1/2025,4/1/2026,4/1/2025,12,Personal Auto,Private Passenger Auto,Angela Harris,angela.harris@example.com,"184 Raymond Ranch Suite 001, North Tyler, NV 66305",NV,"184 Raymond Ranch Suite 001, North Tyler, NV 66305",1,1,,,,50/100,50000,1000,250,1408.87,1408.87,1057.62,Direct Bill,,,FALSE,TRUE,351.25
VJX5551405,PRGS,120037,Renewal,4/1/2025,4/1/2026,4/1/2025,12,Homeowners,HO3,Daniel Lee,daniel.lee@example.com,"2515 Sarah Valley Suite 411, Velezmouth, AR 86230",AR,"2515 Sarah Valley Suite 411, Velezmouth, AR 86230",,,1982,Non-Combustible,9,,,,,3578.37,3578.37,2686.23,Direct Bill,,,FALSE,TRUE,892.14
MPD8100823,TRAV,120086,Renewal,4/1/2025,4/1/2026,4/1/2025,12,WC,Workers Compensation,Lindsey Miller,lindsey.miller@policyhub.org,"0821 Diana Pike Suite 513, Priscillamouth, MS 34023",MS,"0821 Diana Pike Suite 513, Priscillamouth, MS 34023",,,,,,,,,,4610.29,4610.29,3460.88,Direct Bill,,,FALSE,TRUE,1149.41
VUY3641089,AMFA,120120,New,4/1/2025,4/1/2026,4/1/2025,12,Personal Auto,Private Passenger Auto,Michael Robinson,michael.robinson@policyhub.org,"5604 Emily Forges Suite 379, Lake Tanyafort, DE 18471",DE,"5604 Emily Forges Suite 379, Lake Tanyafort, DE 18471",2,3,,,,50/100,100000,2500,500,2510.01,2510.01,1884.23,Direct Bill,,,FALSE,TRUE,625.78
ZMC3448720,TRAV,120026,Renewal,4/1/2025,4/1/2026,4/1/2025,12,WC,Workers Compensation,Peter Bishop,peter.bishop@customer.net,"4800 Jessica Stravenue, Port Amandaville, RI 78705",RI,"4800 Jessica Stravenue, Port Amandaville, RI 78705",,,,,,,,,,2000,2000,1501.37,Direct Bill,,,FALSE,TRUE,498.63
YYS2685650,PRGS,120227,Renewal,4/1/2025,4/1/2026,4/1/2025,12,Homeowners,HO3,Laura Campbell,laura.campbell@example.com,"957 Justin Fork Apt. 878, Brooksside, ND 11826",ND,"957 Justin Fork Apt. 878, Brooksside, ND 11826",,,1986,Frame,7,,,,,4069.71,4069.71,3055.07,Agency Bill,,,FALSE,TRUE,1014.64
BDZ6576665,GEIC,120061,New,4/1/2025,4/1/2026,4/1/2025,12,Personal Auto,Private Passenger Auto,Kristie Sanchez,kristie.sanchez@insmail.com,"3182 Horton Route Apt. 232, South Cory, LA 51659",LA,"3182 Horton Route Apt. 232, South Cory, LA 51659",2,3,,,,50/100,100000,500,500,4000,4000,3002.74,Direct Bill,,,FALSE,TRUE,997.26
SPM3344190,NATI,120116,Renewal,4/1/2025,4/1/2026,4/1/2025,12,WC,Workers Compensation,Gabriel Vega,gabriel.vega@insmail.com,"777 Raymond Light, West Ericton, RI 92475",RI,"777 Raymond Light, West Ericton, RI 92475",,,,,,,,,,6344.93,6344.93,4763.04,Agency Bill,,,FALSE,FALSE,1581.89
DHJ3857607,ALLS,120067,Renewal,4/1/2025,4/1/2026,4/1/2025,12,Homeowners,HO3,Sean Gray,sean.gray@customer.net,"8035 Lee Burg Suite 671, South Dianamouth, PR 03737",PR,"8035 Lee Burg Suite 671, South Dianamouth, PR 03737",,,1967,Non-Combustible,9,,,,,885.29,885.29,664.57,Direct Bill,,,FALSE,TRUE,220.72
DKB0638789,AMFA,120123,Renewal,4/1/2025,4/1/2026,4/1/2025,12,Homeowners,HO3,Gary Lee,gary.lee@customer.net,"232 Courtney Stream, South Brittanychester, FM 23728",FM,"68092 Yolanda Center, Lake Aaron, ID 53036",,,2021,Joisted Masonry,10,,,,,2218.26,2218.26,1665.21,Direct Bill,,,FALSE,FALSE,553.05
NAH8938606,LIBM,120025,New,4/1/2025,4/1/2026,4/1/2025,12,Personal Auto,Private Passenger Auto,David Bell,david.bell@policyhub.org,"1396 Costa Inlet, Davishaven, HI 45586",HI,"1396 Costa Inlet, Davishaven, HI 45586",2,1,,,,50/100,500000,500,500,960.92,960.92,721.35,Direct Bill,,,FALSE,TRUE,239.57
PEP2373156,NATI,120239,Renewal,4/1/2025,4/1/2026,4/1/2025,12,Homeowners,HO3,Rachel Williams,rachel.williams@policyhub.org,"5436 Sanchez Common Apt. 258, Kevinland, MI 29069",MI,"5436 Sanchez Common Apt. 258, Kevinland, MI 29069",,,1972,Masonry,6,,,,,766.91,766.91,575.71,Direct Bill,,,FALSE,TRUE,191.2
JGE9383551,TRAV,120140,Renewal,4/1/2025,4/1/2026,4/1/2025,12,Personal Auto,Private Passenger Auto,Ethan Jones,ethan.jones@example.com,"4925 Johnson Springs, Lake Erica, MS 61790",MS,"4925 Johnson Springs, Lake Erica, MS 61790",2,2,,,,50/100,250000,250,500,2338.45,2338.45,1755.44,Direct Bill,,,FALSE,TRUE,583.01
KPZ0523421,ALLS,120217,Renewal,4/1/2025,4/1/2026,4/1/2025,12,Personal Auto,Private Passenger Auto,Megan Stephens,megan.stephens@insmail.com,"30735 Davies Canyon Suite 170, New Rodney, VA 16435",VA,"539 Dennis Terrace Apt. 079, North Jason, KY 22700",1,2,,,,50/100,100000,1000,500,1527.55,1527.55,1146.71,Direct Bill,,,FALSE,TRUE,380.84
UMX2296694,GEIC,120207,New,4/1/2025,4/1/2026,4/1/2025,12,Personal Auto,Private Passenger Auto,James Curtis,james.curtis@policyhub.org,"36416 Nicole Green, South Michael, MN 71540",MN,"36416 Nicole Green, South Michael, MN 71540",2,2,,,,50/100,50000,500,500,2359.62,2359.62,1771.33,Direct Bill,,,FALSE,TRUE,588.29
CGM8653794,GEIC,120041,Renewal,4/1/2025,4/1/2026,4/1/2025,12,Homeowners,HO3,Cindy Contreras,cindy.contreras@example.com,"78200 Roberts Squares, Costaburgh, GU 98272",GU,"78200 Roberts Squares, Costaburgh, GU 98272",,,2002,Masonry,3,,,,,2440.57,2440.57,1832.1,Direct Bill,,,FALSE,TRUE,608.47
EPD7812712,FARM,120269,Renewal,4/1/2025,4/1/2026,4/1/2025,12,BOP,Businessowners,Debbie Donaldson,debbie.donaldson@insmail.com,"89407 Nicholson Row, Cartertown, MA 97963",MA,"89407 Nicholson Row, Cartertown, MA 97963",,,,Fire Resistive,6,,,,,1500,1500,1126.03,Direct Bill,,,FALSE,TRUE,373.97
WUM2205787,HART,120088,Renewal,4/1/2025,4/1/2026,4/1/2025,12,BOP,Businessowners,Kristin Torres,kristin.torres@policyhub.org,"300 Karen Wells Suite 332, North Juanstad, UT 71045",UT,"300 Karen Wells Suite 332, North Juanstad, UT 71045",,,,Frame,5,,,,,7268.86,7268.86,5456.62,Direct Bill,,,FALSE,TRUE,1812.24
HKT1249151,TRAV,120216,Renewal,4/1/2025,4/1/2026,4/1/2025,12,WC,Workers Compensation,Tracy Klein,tracy.klein@customer.net,"63950 Burnett Bypass Apt. 712, New Alison, NM 29132",NM,"63950 Burnett Bypass Apt. 712, New Alison, NM 29132",,,,,,,,,,3938.08,3938.08,2956.26,Agency Bill,,,FALSE,FALSE,981.82
ZTF9870828,LIBM,120110,New,4/1/2025,4/1/2026,4/1/2025,12,Personal Auto,Private Passenger Auto,Julia Adams,julia.adams@insmail.com,"052 Sanchez Ramp, South Carla, FM 75099",FM,"12020 Haley Knoll, South Scott, AK 47953",4,1,,,,50/100,250000,500,1000,1476.22,1476.22,1108.18,Direct Bill,,,FALSE,TRUE,368.04
BUT2969901,LIBM,120149,Renewal,4/1/2025,4/1/2026,4/1/2025,12,BOP,Businessowners,Christopher Barrett,christopher.barrett@insmail.com,"3044 Dominguez Curve, Jeffreyfort, GA 49709",GA,"3044 Dominguez Curve, Jeffreyfort, GA 49709",,,,Frame,5,,,,,1500,1500,1126.03,Agency Bill,,,FALSE,TRUE,373.97
SBV0062163,LIBM,120205,New,4/1/2025,4/1/2026,4/1/2025,12,Personal Auto,Private Passenger Auto,Misty Grant,misty.grant@example.com,"691 Dominic Cliff Suite 005, New Zachary, WV 73444",WV,"691 Dominic Cliff Suite 005, New Zachary, WV 73444",3,3,,,,25/50,100000,500,1000,3048.33,3048.33,2288.34,Direct Bill,,,FALSE,TRUE,759.99
KDC9281017,PRGS,120294,Renewal,4/1/2025,4/1/2026,4/1/2025,12,Homeowners,HO3,Emma Elliott,emma.elliott@policyhub.org,"680 Watts Alley, Port Juan, ME 31788",ME,"19972 Cindy Point, New Lisaborough, MH 61215",,,2012,Non-Combustible,2,,,,,3482.52,3482.52,2614.28,Agency Bill,,,FALSE,TRUE,868.24
XDT7627460,HART,120029,Endorsement,4/1/2025,4/1/2026,4/22/2025,12,Umbrella,Personal Umbrella,Jessica Velazquez,jessica.velazquez@customer.net,"36096 Gutierrez Well Suite 929, North Davidtown, TX 96719",TX,"36096 Gutierrez Well Suite 929, North Davidtown, TX 96719",,,,,,,,,,235.52,-2.1,176.8,Direct Bill,,,FALSE,FALSE,58.72
HZC1761518,HART,120174,Cancel,4/1/2025,12/27/2025,12/27/2025,12,Package,Commercial Package,Jimmy Pittman,jimmy.pittman@insmail.com,"4606 Amanda Village, Sarachester, VT 17586",VT,"4606 Amanda Village, Sarachester, VT 17586",,,,Frame,7,,,,,9006.31,0,9006.31,Direct Bill,12/22/2022,,FALSE,FALSE,0
UMD5714121,PRGS,120123,New,4/1/2025,4/1/2026,4/1/2025,12,Personal Auto,Private Passenger Auto,Travis Miller,travis.miller@customer.net,"44312 Joshua Springs, Terrytown, NY 40243",NY,"44312 Joshua Springs, Terrytown, NY 40243",2,4,,,,25/50,100000,500,2500,1690.26,1690.26,1268.85,Agency Bill,,,FALSE,TRUE,421.41
ZGU9167214,NATI,120032,New,4/1/2025,4/1/2026,4/1/2025,12,Personal Auto,Private Passenger Auto,Billy Gomez,billy.gomez@example.com,"260 Carolyn Shore, West Jeremiah, RI 70385",RI,"43010 Trujillo Greens, New Thomas, OH 48246",3,3,,,,50/100,100000,500,500,1395.99,1395.99,1047.95,Agency Bill,,,FALSE,TRUE,348.04
RNK4314553,NATI,120157,Endorsement,4/1/2025,4/1/2026,5/10/2025,12,Umbrella,Personal Umbrella,Cameron Pham,cameron.pham@mail.com,"2379 Kayla Bypass Apt. 772, West Kristyview, SC 45634",SC,"2379 Kayla Bypass Apt. 772, West Kristyview, SC 45634",,,,,,,,,,194.74,10.44,146.19,Direct Bill,,,FALSE,TRUE,48.55
GSF4331393,FARM,120065,New,4/1/2025,4/1/2026,4/1/2025,12,Personal Auto,Private Passenger Auto,Allen Wilson,allen.wilson@example.com,"50718 Carrie Pass Apt. 374, Kennethtown, MP 01262",MP,"50718 Carrie Pass Apt. 374, Kennethtown, MP 01262",1,1,,,,50/100,50000,2500,2500,2191.77,2191.77,1645.33,Direct Bill,,,FALSE,TRUE,546.44
URZ4388253,TRAV,120299,Renewal,4/1/2025,4/1/2026,4/1/2025,12,BOP,Businessowners,Rachel Hooper,rachel.hooper@mail.com,"4781 Susan Lodge Suite 600, Kristenton, MD 07415",MD,"4781 Susan Lodge Suite 600, Kristenton, MD 07415",,,,Frame,6,,,,,4034.31,4034.31,3028.5,Agency Bill,,,FALSE,TRUE,1005.81
CWN5893278,HART,120081,Renewal,4/1/2025,4/1/2026,4/1/2025,12,Homeowners,HO3,Justin Sellers,justin.sellers@insmail.com,"3189 Brian Estates, Jenniferland, WY 65878",WY,"3189 Brian Estates, Jenniferland, WY 65878",,,2021,Frame,4,,,,,500,500,375.34,Direct Bill,,,FALSE,TRUE,124.66
HLE5413938,PRGS,120139,Renewal,4/1/2025,4/1/2026,4/1/2025,12,Personal Auto,Private Passenger Auto,Wendy Newman,wendy.newman@customer.net,"749 Scott Roads, East Markside, NE 68178",NE,"749 Scott Roads, East Markside, NE 68178",4,1,,,,50/100,250000,1000,500,1119.03,1119.03,840.04,Direct Bill,,,FALSE,TRUE,278.99
EMS3158345,ALLS,120290,New,4/1/2025,4/1/2026,4/1/2025,12,Personal Auto,Private Passenger Auto,Sarah Luna,sarah.luna@mail.com,"5406 Walker Fords, Liburgh, DE 87832",DE,"5406 Walker Fords, Liburgh, DE 87832",2,2,,,,50/100,100000,1000,2500,1696.65,1696.65,1273.65,Direct Bill,,,FALSE,TRUE,423
YTS4979513,PRGS,120011,Renewal,4/1/2025,4/1/2026,4/1/2025,12,BOP,Businessowners,Rachel Patel,rachel.patel@insmail.com,"0323 Sherri Via, Lake Kelly, WI 91176",WI,"0323 Sherri Via, Lake Kelly, WI 91176",,,,Masonry,5,,,,,3873.81,3873.81,2908.01,Agency Bill,,,FALSE,FALSE,965.8
XED6684235,FARM,120015,New,4/1/2025,4/1/2026,4/1/2025,12,Personal Auto,Private Passenger Auto,Elizabeth Newman,elizabeth.newman@mail.com,"09701 Meyer Plain, Stevenberg, ND 48873",ND,"3252 Gonzalez Garden Apt. 613, Timothyshire, ND 90371",2,1,,,,50/100,100000,500,250,995.43,995.43,747.25,Direct Bill,,,FALSE,TRUE,248.18
SAX2031456,CHUB,120161,Renewal,4/1/2025,4/1/2026,4/1/2025,12,Personal Auto,Private Passenger Auto,Todd Bishop,todd.bishop@insmail.com,"4547 Terry Groves, Scottmouth, RI 06319",RI,"4547 Terry Groves, Scottmouth, RI 06319",2,2,,,,50/100,100000,500,250,1294.72,1294.72,971.93,Direct Bill,,,FALSE,TRUE,322.79
ERA0099144,ALLS,120109,Renewal,4/1/2025,4/1/2026,4/1/2025,12,Homeowners,HO3,Stephanie Blackwell,stephanie.blackwell@insmail.com,"7331 Wagner Ridge, Robinsonstad, OH 93553",OH,"7331 Wagner Ridge, Robinsonstad, OH 93553",,,1989,Non-Combustible,5,,,,,5506.47,5506.47,4133.62,Direct Bill,,,FALSE,TRUE,1372.85
LBK6475983,HART,120013,Cancel,4/1/2025,11/7/2025,11/7/2025,12,Package,Commercial Package,Dustin Hall,dustin.hall@mail.com,"64252 Campbell Causeway, Lake Lori, IL 99261",IL,"64252 Campbell Causeway, Lake Lori, IL 99261",,,,Non-Combustible,4,,,,,3493.96,0,3493.96,Direct Bill,7/4/2023,,FALSE,TRUE,0
SBH4716801,TRAV,120125,Renewal,4/1/2025,4/1/2026,4/1/2025,12,Homeowners,HO3,Christine Sandoval,christine.sandoval@example.com,"2992 Jefferson Courts, Port Amandaville, PR 34953",PR,"2992 Jefferson Courts, Port Amandaville, PR 34953",,,1992,Fire Resistive,4,,,,,918.2,918.2,689.28,Direct Bill,,,FALSE,TRUE,228.92
JRS2249936,PRGS,120063,Renewal,4/1/2025,4/1/2026,4/1/2025,12,Personal Auto,Private Passenger Auto,Gregory Hubbard,gregory.hubbard@customer.net,"4065 Mitchell Fords, Choimouth, WY 85788",WY,"4065 Mitchell Fords, Choimouth, WY 85788",3,2,,,,50/100,50000,2500,500,1399.05,1399.05,1050.25,Direct Bill,,,FALSE,TRUE,348.8
AZG8511164,GEIC,120284,Renewal,4/1/2025,4/1/2026,4/1/2025,12,BOP,Businessowners,Christine Miller,christine.miller@example.com,"00643 Hernandez Valley, Markfort, MA 22794",MA,"9756 Joseph Union Suite 425, New Nicolemouth, NV 02566",,,,Masonry,4,,,,,2154.63,2154.63,1617.45,Agency Bill,,,FALSE,TRUE,537.18
KMT3227533,GEIC,120034,Renewal,4/1/2025,4/1/2026,4/1/2025,12,BOP,Businessowners,Eric Castillo,eric.castillo@policyhub.org,"26412 Amanda Views, New Tinashire, ND 67413",ND,"26412 Amanda Views, New Tinashire, ND 67413",,,,Masonry Veneer,10,,,,,2215.9,2215.9,1663.44,Direct Bill,,,FALSE,TRUE,552.46
UNV1578833,TRAV,120179,Renewal,4/1/2025,4/1/2026,4/1/2025,12,BOP,Businessowners,Dennis Pruitt,dennis.pruitt@mail.com,"2652 Reed Port Apt. 704, New Anthony, MO 41301",MO,"2652 Reed Port Apt. 704, New Anthony, MO 41301",,,,Frame,10,,,,,4268.27,4268.27,3204.13,Direct Bill,,,FALSE,FALSE,1064.14
JYZ9394568,ALLS,120201,Renewal,4/1/2025,4/1/2026,4/1/2025,12,Homeowners,HO3,Paul Williams,paul.williams@policyhub.org,"628 Bennett Lodge, Rogersland, CA 34272",CA,"9195 Kristin Row, East Mary, HI 12899",,,2001,Masonry Veneer,6,,,,,1095.84,1095.84,822.63,Agency Bill,,,FALSE,TRUE,273.21
SBJ5955459,TRAV,120299,Reinstate,4/1/2025,4/1/2026,11/29/2025,12,Package,Commercial Package,Charlene Haas,charlene.haas@customer.net,"55274 Joshua Island Apt. 163, South Christina, ND 08323",ND,"3580 Christina Street Apt. 690, East Paul, IA 56852",,,,Masonry,6,,,,,3953.28,0,2967.67,Agency Bill,,4/18/2022,FALSE,TRUE,985.61
ZAD1588890,ALLS,120252,Renewal,4/1/2025,4/1/2026,4/1/2025,12,Homeowners,HO3,Elizabeth Ramos,elizabeth.ramos@customer.net,"4065 Ellison Keys Suite 424, South Erika, AZ 45194",AZ,"4065 Ellison Keys Suite 424, South Erika, AZ 45194",,,1976,Frame,5,,,,,1528.62,1528.62,1147.51,Direct Bill,,,FALSE,TRUE,381.11
TTY0776802,LIBM,120012,Renewal,4/1/2025,4/1/2026,4/1/2025,12,BOP,Businessowners,Denise Ortiz,denise.ortiz@policyhub.org,"144 Craig Forest Apt. 121, Brownbury, CO 96938",CO,"36705 Bryan Points, Benjaminberg, MI 99750",,,,Masonry,8,,,,,3710.17,3710.17,2785.17,Direct Bill,,,FALSE,FALSE,925
KRX4037020,CHUB,120052,New,4/1/2025,4/1/2026,4/1/2025,12,Personal Auto,Private Passenger Auto,Amy Wright,amy.wright@insmail.com,"49071 Dawn Branch Apt. 639, Michaelburgh, WI 20956",WI,"49071 Dawn Branch Apt. 639, Michaelburgh, WI 20956",2,1,,,,25/50,250000,500,1000,986.33,986.33,740.42,Direct Bill,,,FALSE,TRUE,245.91
KCU5260428,GEIC,120195,Renewal,4/1/2025,4/1/2026,4/1/2025,12,Personal Auto,Private Passenger Auto,Tina Ramsey,tina.ramsey@insmail.com,"30421 Burgess Flat Suite 522, New Deborah, ME 37907",ME,"30421 Burgess Flat Suite 522, New Deborah, ME 37907",2,3,,,,50/100,50000,500,1000,1369.2,1369.2,1027.84,Agency Bill,,,FALSE,TRUE,341.36
KLJ6660414,GEIC,120039,New,4/1/2025,4/1/2026,4/1/2025,12,Personal Auto,Private Passenger Auto,Jonathan Campbell,jonathan.campbell@insmail.com,"068 Brown Burgs Suite 202, Lake Susanberg, OR 31680",OR,"068 Brown Burgs Suite 202, Lake Susanberg, OR 31680",2,2,,,,50/100,100000,500,1000,1153.77,1153.77,866.12,Direct Bill,,,FALSE,TRUE,287.65
EBY2494285,PRGS,120124,New,4/1/2025,4/1/2026,4/1/2025,12,Personal Auto,Private Passenger Auto,James Phillips,james.phillips@policyhub.org,"85917 Savage Fall, Scottchester, KS 85128",KS,"85917 Savage Fall, Scottchester, KS 85128",2,1,,,,50/100,250000,250,250,2353.35,2353.35,1766.62,Direct Bill,,,FALSE,TRUE,586.73
TGE7946741,PRGS,120183,New,4/1/2025,4/1/2026,4/1/2025,12,Personal Auto,Private Passenger Auto,Benjamin Garcia,benjamin.garcia@customer.net,"53946 Mullen Throughway Apt. 961, Tiffanytown, NE 89807",NE,"9742 Mary Village, Gonzalezchester, GU 41742",2,3,,,,25/50,100000,500,1000,1567.96,1567.96,1177.04,Direct Bill,,,FALSE,TRUE,390.92
TME8703337,TRAV,120096,New,4/1/2025,4/1/2026,4/1/2025,12,Personal Auto,Private Passenger Auto,Katherine Johnson,katherine.johnson@mail.com,"9464 Washington Parks, Jameston, HI 98768",HI,"9464 Washington Parks, Jameston, HI 98768",2,1,,,,25/50,50000,500,500,1130.71,1130.71,848.81,Direct Bill,,,FALSE,TRUE,281.9
LPZ0773367,LIBM,120043,Endorsement,4/1/2025,4/1/2026,7/11/2025,12,Umbrella,Personal Umbrella,Laura Rhodes,laura.rhodes@customer.net,"829 Robert Tunnel Apt. 796, New Molly, DE 84907",DE,"829 Robert Tunnel Apt. 796, New Molly, DE 84907",,,,,,,,,,214.59,20.76,161.09,Direct Bill,,,FALSE,TRUE,53.5
KKS4501431,TRAV,120213,Endorsement,4/1/2025,4/1/2026,7/19/2025,12,Umbrella,Personal Umbrella,Holly Lam,holly.lam@policyhub.org,"20974 Benson Drives Suite 716, Martinchester, IL 71395",IL,"45182 Matthew Center, Lake Loriport, NV 49042",,,,,,,,,,716.17,45.41,537.62,Direct Bill,,,FALSE,TRUE,178.55
ZDL2300778,TRAV,120132,New,4/1/2025,4/1/2026,4/1/2025,12,Personal Auto,Private Passenger Auto,Tammy Nelson,tammy.nelson@example.com,"855 Todd Cliff, Petersonborough, PW 95103",PW,"855 Todd Cliff, Petersonborough, PW 95103",3,2,,,,50/100,100000,500,250,1390.06,1390.06,1043.5,Direct Bill,,,FALSE,TRUE,346.56
FVX4734970,LIBM,120091,New,4/1/2025,4/1/2026,4/1/2025,12,Personal Auto,Private Passenger Auto,Adam Green,adam.green@policyhub.org,"7353 Archer Mews Suite 217, East Joshua, GA 90030",GA,"7353 Archer Mews Suite 217, East Joshua, GA 90030",2,2,,,,50/100,100000,250,250,1338.09,1338.09,1004.48,Direct Bill,,,FALSE,TRUE,333.61
HFF3406906,ALLS,120159,New,4/1/2025,4/1/2026,4/1/2025,12,Personal Auto,Private Passenger Auto,Bradley Stanley,bradley.stanley@customer.net,"4837 Katherine Trail Suite 837, Marissamouth, WI 76695",WI,"4837 Katherine Trail Suite 837, Marissamouth, WI 76695",2,2,,,,25/50,100000,500,500,1431.14,1431.14,1074.34,Direct Bill,,,FALSE,FALSE,356.8
VLU6984669,AMFA,120252,Renewal,4/1/2025,4/1/2026,4/1/2025,12,BOP,Businessowners,Nicholas Mitchell,nicholas.mitchell@policyhub.org,"729 Torres Plaza, Cathyhaven, HI 96787",HI,"729 Torres Plaza, Cathyhaven, HI 96787",,,,Frame,7,,,,,5291.53,5291.53,3972.27,Direct Bill,,,FALSE,TRUE,1319.26
UPF4499432,GEIC,120057,New,4/1/2025,4/1/2026,4/1/2025,12,Personal Auto,Private Passenger Auto,Stephanie Colon,stephanie.colon@example.com,"336 Ward Squares Apt. 101, South Jennifer, NE 71577",NE,"336 Ward Squares Apt. 101, South Jennifer, NE 71577",1,2,,,,50/100,100000,2500,500,1160.27,1160.27,871,Direct Bill,,,FALSE,FALSE,289.27
JVZ8475398,PRGS,120115,Renewal,4/1/2025,4/1/2026,4/1/2025,12,Homeowners,HO3,Debra Stevens,debra.stevens@mail.com,"80580 Harrison Trail Suite 179, Wallfurt, MP 85413",MP,"6849 Abbott Prairie Apt. 545, West Lee, NV 39483",,,1986,Joisted Masonry,5,,,,,3901.46,3901.46,2928.77,Agency Bill,,,FALSE,FALSE,972.69
AZD0483431,GEIC,120284,New,4/1/2025,4/1/2026,4/1/2025,12,Personal Auto,Private Passenger Auto,Jerry Williams,jerry.williams@mail.com,"5121 Rachel Dale, North Morganport, FM 43736",FM,"5121 Rachel Dale, North Morganport, FM 43736",2,1,,,,50/100,100000,2500,500,676.87,676.87,508.12,Direct Bill,,,FALSE,FALSE,168.75
VUD7300258,HART,120266,Rewrite,4/1/2025,4/1/2026,4/1/2025,12,Package,Commercial Package,Alexander Duncan,alexander.duncan@example.com,"5819 Mack Rapids Apt. 768, Williamsside, PA 90187",PA,"03470 Quinn Mission Apt. 537, South Jamesfort, NV 47424",,,,Frame,2,,,,,7118.52,7118.52,5343.77,Direct Bill,,,TRUE,TRUE,1774.75
RAH2225388,GEIC,120155,Reinstate,4/1/2025,4/1/2026,9/13/2025,12,Package,Commercial Package,Christopher Lewis,christopher.lewis@customer.net,"5164 Lopez Loop, Mezaburgh, ND 42515",ND,"10544 Huang Orchard, Jenkinston, AR 87990",,,,Masonry,6,,,,,4081.37,0,3063.82,Agency Bill,,7/24/2023,FALSE,FALSE,1017.55
ZTT8096603,ALLS,120083,Renewal,4/1/2025,4/1/2026,4/1/2025,12,Homeowners,HO3,Lisa Russell,lisa.russell@insmail.com,"27539 Christopher Throughway, South Brian, PA 23849",PA,"27539 Christopher Throughway, South Brian, PA 23849",,,2011,Fire Resistive,2,,,,,1726.63,1726.63,1296.16,Direct Bill,,,FALSE,FALSE,430.47
HFC9002339,LIBM,120249,New,4/1/2025,4/1/2026,4/1/2025,12,Personal Auto,Private Passenger Auto,Stephen Parsons,stephen.parsons@mail.com,"3427 Todd Centers Suite 501, Lisaside, AZ 95061",AZ,"3427 Todd Centers Suite 501, Lisaside, AZ 95061",1,3,,,,50/100,100000,500,500,1808.63,1808.63,1357.71,Agency Bill,,,FALSE,TRUE,450.92
KDD9771657,GEIC,120220,Renewal,4/1/2025,4/1/2026,4/1/2025,12,WC,Workers Compensation,Jennifer Bailey,jennifer.bailey@policyhub.org,"2619 Ellis Lake Apt. 481, Brooksfurt, MN 97969",MN,"258 Maria Villages Apt. 539, Lake Stephanie, MT 76431",,,,,,,,,,17268.29,17268.29,12963.05,Direct Bill,,,FALSE,TRUE,4305.24
BDY3543080,FARM,120269,Renewal,4/1/2025,4/1/2026,4/1/2025,12,Homeowners,HO3,Marisa Edwards,marisa.edwards@insmail.com,"98829 Henry Locks Suite 812, South Christophermouth, NM 50635",NM,"98829 Henry Locks Suite 812, South Christophermouth, NM 50635",,,1964,Frame,8,,,,,2147.26,2147.26,1611.92,Agency Bill,,,FALSE,TRUE,535.34
EPE2400321,ALLS,120030,New,4/1/2025,4/1/2026,4/1/2025,12,Personal Auto,Private Passenger Auto,Joshua Anderson,joshua.anderson@example.com,"9767 Ryan Mountain Apt. 512, Padillamouth, NM 53627",NM,"9767 Ryan Mountain Apt. 512, Padillamouth, NM 53627",1,1,,,,25/50,100000,500,500,879.37,879.37,660.13,Direct Bill,,,FALSE,FALSE,219.24
MVY9397474,CHUB,120089,Renewal,4/1/2025,4/1/2026,4/1/2025,12,BOP,Businessowners,Cathy Griffin,cathy.griffin@insmail.com,"56965 Scott Via, West Wanda, WV 78875",WV,"56965 Scott Via, West Wanda, WV 78875",,,,Masonry,4,,,,,2076.95,2076.95,1559.14,Direct Bill,,,FALSE,TRUE,517.81
BSH5561016,ALLS,120280,Renewal,4/1/2025,4/1/2026,4/1/2025,12,WC,Workers Compensation,Anita Campbell,anita.campbell@mail.com,"044 Dean Spur Suite 397, Susanfurt, NE 12690",NE,"2611 Kevin Valleys Suite 050, Ashleychester, WA 83443",,,,,,,,,,2813.76,2813.76,2112.25,Direct Bill,,,FALSE,TRUE,701.51
XZF0703319,TRAV,120215,Renewal,4/1/2025,4/1/2026,4/1/2025,12,BOP,Businessowners,Alexander Williams,alexander.williams@customer.net,"1349 Hays Hollow, Fischerview, NJ 54072",NJ,"2175 Victoria Locks Apt. 270, Morrismouth, NE 12643",,,,Non-Combustible,3,,,,,9839.8,9839.8,7386.59,Direct Bill,,,FALSE,TRUE,2453.21
TBT6418115,HART,120212,New,4/1/2025,4/1/2026,4/1/2025,12,Personal Auto,Private Passenger Auto,Andrew Bass,andrew.bass@policyhub.org,"56896 Moore Road Apt. 094, North Mikayla, FM 25491",FM,"56896 Moore Road Apt. 094, North Mikayla, FM 25491",1,2,,,,25/50,50000,1000,250,2211.91,2211.91,1660.45,Direct Bill,,,FALSE,TRUE,551.46
HAS0965905,ALLS,120293,Renewal,4/1/2025,4/1/2026,4/1/2025,12,BOP,Businessowners,Kevin Edwards,kevin.edwards@example.com,"5414 Shirley Walk, Port Jose, FM 19573",FM,"220 Nicole Run Suite 617, Robertshire, AR 44615",,,,Masonry Veneer,6,,,,,3701.51,3701.51,2778.67,Direct Bill,,,FALSE,TRUE,922.84
CSH6746704,GEIC,120154,Renewal,4/1/2025,4/1/2026,4/1/2025,12,WC,Workers Compensation,Derrick Doyle,derrick.doyle@example.com,"68220 Ward Ridge Suite 291, East Timothyland, FM 39469",FM,"68220 Ward Ridge Suite 291, East Timothyland, FM 39469",,,,,,,,,,2199.15,2199.15,1650.87,Direct Bill,,,FALSE,FALSE,548.28
TFR6056912,NATI,120101,New,4/1/2025,4/1/2026,4/1/2025,12,Personal Auto,Private Passenger Auto,Todd Brown,todd.brown@policyhub.org,"3277 Ryan Neck, Morrisview, TX 14483",TX,"3277 Ryan Neck, Morrisview, TX 14483",2,3,,,,25/50,100000,1000,250,1782.97,1782.97,1338.45,Direct Bill,,,FALSE,TRUE,444.52
CEH6969035,GEIC,120154,Renewal,4/1/2025,4/1/2026,4/1/2025,12,WC,Workers Compensation,Antonio Costa,antonio.costa@policyhub.org,"027 Joseph Brook Suite 829, Lake Adambury, AR 63188",AR,"027 Joseph Brook Suite 829, Lake Adambury, AR 63188",,,,,,,,,,2000,2000,1501.37,Agency Bill,,,FALSE,TRUE,498.63
LUJ7471083,LIBM,120236,New,4/1/2025,4/1/2026,4/1/2025,12,Personal Auto,Private Passenger Auto,Anne Hess,anne.hess@customer.net,"459 Shawn Crossroad Apt. 447, Downshaven, PW 30925",PW,"50930 Justin Pines Apt. 696, Rodriguezport, KY 21343",2,1,,,,50/100,250000,1000,500,945.59,945.59,709.84,Direct Bill,,,FALSE,TRUE,235.75
RXG8836400,TRAV,120186,New,4/1/2025,4/1/2026,4/1/2025,12,Personal Auto,Private Passenger Auto,Scott Brown,scott.brown@mail.com,"4810 Justin Station, West Savannahburgh, MN 41646",MN,"4810 Justin Station, West Savannahburgh, MN 41646",2,2,,,,50/100,100000,250,250,1538.71,1538.71,1155.09,Agency Bill,,,FALSE,TRUE,383.62
KEB4821580,AMFA,120046,New,4/1/2025,4/1/2026,4/1/2025,12,Personal Auto,Private Passenger Auto,Amy Harris,amy.harris@example.com,"8558 Shawn Key Apt. 732, Baldwinland, NJ 09932",NJ,"8558 Shawn Key Apt. 732, Baldwinland, NJ 09932",2,1,,,,50/100,50000,250,1000,662.08,662.08,497.01,Direct Bill,,,FALSE,TRUE,165.07
HVN4655376,CHUB,120045,Renewal,4/1/2025,4/1/2026,4/1/2025,12,Umbrella,Personal Umbrella,Paul Mitchell,paul.mitchell@mail.com,"9877 Murray Cliffs, Banksfort, VI 05966",VI,"9877 Murray Cliffs, Banksfort, VI 05966",,,,,,,,,,335.53,335.53,251.88,Direct Bill,,,FALSE,TRUE,83.65
KXB0181988,ALLS,120163,Renewal,4/1/2025,4/1/2026,4/1/2025,12,BOP,Businessowners,Terri Edwards,terri.edwards@insmail.com,"963 Stacy Well Apt. 646, East Jessicaburgh, FM 67101",FM,"963 Stacy Well Apt. 646, East Jessicaburgh, FM 67101",,,,Joisted Masonry,6,,,,,3909.4,3909.4,2934.73,Direct Bill,,,FALSE,TRUE,974.67
JEH8744649,LIBM,120138,New,4/1/2025,4/1/2026,4/1/2025,12,Personal Auto,Private Passenger Auto,Robert Gonzalez,robert.gonzalez@mail.com,"5250 Clark Circle, Kennethfurt, MH 43252",MH,"5250 Clark Circle, Kennethfurt, MH 43252",3,1,,,,25/50,500000,500,1000,2354.26,2354.26,1767.31,Agency Bill,,,FALSE,TRUE,586.95
WLB7920790,AMFA,120270,Renewal,4/1/2025,4/1/2026,4/1/2025,12,Homeowners,HO3,Sandra Schmidt,sandra.schmidt@policyhub.org,"420 William Turnpike, New Robertberg, OK 39611",OK,"420 William Turnpike, New Robertberg, OK 39611",,,1969,Masonry Veneer,8,,,,,2494.58,2494.58,1872.64,Direct Bill,,,FALSE,TRUE,621.94
UVY7124606,TRAV,120039,Renewal,4/1/2025,4/1/2026,4/1/2025,12,Homeowners,HO3,Julie Villarreal,julie.villarreal@insmail.com,"26176 Barton Ridge, Port Davidstad, NV 34023",NV,"26176 Barton Ridge, Port Davidstad, NV 34023",,,2003,Joisted Masonry,3,,,,,770.34,770.34,578.28,Direct Bill,,,FALSE,TRUE,192.06
UPV5044991,HART,120123,Renewal,4/1/2025,4/1/2026,4/1/2025,12,BOP,Businessowners,Pamela Fischer,pamela.fischer@customer.net,"40417 Martin Inlet Suite 744, Kennedyland, NC 06197",NC,"40417 Martin Inlet Suite 744, Kennedyland, NC 06197",,,,Frame,7,,,,,2130.23,2130.23,1599.13,Direct Bill,,,FALSE,TRUE,531.1
YHV1992472,HART,120160,Renewal,4/1/2025,4/1/2026,4/1/2025,12,Homeowners,HO3,Joseph Petersen,joseph.petersen@policyhub.org,"361 Amber Union, Lake Angelstad, AS 46290",AS,"361 Amber Union, Lake Angelstad, AS 46290",,,1996,Frame,5,,,,,2041.33,2041.33,1532.4,Direct Bill,,,FALSE,TRUE,508.93
VDR8949515,TRAV,120139,Endorsement,4/1/2025,4/1/2026,6/6/2025,12,Umbrella,Personal Umbrella,Joseph Woodward,joseph.woodward@insmail.com,"85512 George Curve, West Jefferyborough, MN 59365",MN,"63254 Yolanda Rue, Ralphborough, OK 78147",,,,,,,,,,150,2.74,112.6,Agency Bill,,,FALSE,TRUE,37.4
NAG5030284,TRAV,120170,New,4/1/2025,4/1/2026,4/1/2025,12,Personal Auto,Private Passenger Auto,Cindy Chen,cindy.chen@example.com,"342 Alan Loop, West Emily, MS 85736",MS,"342 Alan Loop, West Emily, MS 85736",3,2,,,,25/50,50000,1000,500,1521.24,1521.24,1141.97,Direct Bill,,,FALSE,TRUE,379.27
UJM4275666,LIBM,120154,Renewal,4/1/2025,4/1/2026,4/1/2025,12,WC,Workers Compensation,Cindy Brown,cindy.brown@customer.net,"810 Little Land, Port William, NH 20759",NH,"810 Little Land, Port William, NH 20759",,,,,,,,,,25000,25000,18767.12,Direct Bill,,,FALSE,TRUE,6232.88
NAR1581440,NATI,120243,New,4/1/2025,4/1/2026,4/1/2025,12,Personal Auto,Private Passenger Auto,Jacob Rojas,jacob.rojas@mail.com,"971 Williams Green Apt. 493, Ashleystad, AS 05003",AS,"971 Williams Green Apt. 493, Ashleystad, AS 05003",1,2,,,,50/100,100000,1000,500,878.54,878.54,659.51,Agency Bill,,,FALSE,TRUE,219.03
JSA6025112,TRAV,120128,New,4/1/2025,4/1/2026,4/1/2025,12,Personal Auto,Private Passenger Auto,Carla Gray,carla.gray@example.com,"134 Guerrero Mission Suite 212, Johnsonport, NH 33245",NH,"134 Guerrero Mission Suite 212, Johnsonport, NH 33245",1,1,,,,25/50,50000,500,500,1855.67,1855.67,1393.02,Direct Bill,,,FALSE,TRUE,462.65
GWW6996539,ALLS,120129,Renewal,4/1/2025,4/1/2026,4/1/2025,12,Personal Auto,Private Passenger Auto,Matthew Webb,matthew.webb@insmail.com,"88612 Rachael Cove, North Trevortown, FM 41867",FM,"131 Alvarez Port Apt. 147, Lake Christine, VA 60702",1,5,,,,50/100,250000,250,2500,2975.47,2975.47,2233.64,Direct Bill,,,FALSE,TRUE,741.83
WYZ9589605,TRAV,120003,Renewal,4/1/2025,4/1/2026,4/1/2025,12,WC,Workers Compensation,Anthony Cross,anthony.cross@customer.net,"49214 Andrade Well, Port Sean, NC 50036",NC,"49214 Andrade Well, Port Sean, NC 50036",,,,,,,,,,6778.55,6778.55,5088.56,Direct Bill,,,FALSE,FALSE,1689.99
VUD2827928,AMFA,120034,Renewal,4/1/2025,4/1/2026,4/1/2025,12,Homeowners,HO3,Nicole Sanchez,nicole.sanchez@insmail.com,"99465 William Plain, Smithstad, NV 23334",NV,"6057 Garcia Parkways Suite 871, New Carolside, HI 50941",,,2000,Masonry Veneer,7,,,,,788.36,788.36,591.81,Agency Bill,,,FALSE,TRUE,196.55
DUC4742721,HART,120148,Renewal,4/1/2025,4/1/2026,4/1/2025,12,Homeowners,HO3,Andrew Thompson,andrew.thompson@insmail.com,"501 Jackson Turnpike, Maryburgh, AL 31323",AL,"4799 Patrick Roads, Franciscofurt, VA 13824",,,1995,Frame,7,,,,,2900.66,2900.66,2177.48,Direct Bill,,,FALSE,TRUE,723.18
MEC8493145,LIBM,120027,New,4/1/2025,4/1/2026,4/1/2025,12,Personal Auto,Private Passenger Auto,Tara Johnson,tara.johnson@customer.net,"20977 Kyle Pass, Reynoldsview, WV 07875",WV,"20977 Kyle Pass, Reynoldsview, WV 07875",2,1,,,,50/100,500000,250,250,981.62,981.62,736.89,Direct Bill,,,FALSE,TRUE,244.73
WSD8008774,LIBM,120145,Renewal,4/1/2025,4/1/2026,4/1/2025,12,Umbrella,Personal Umbrella,Connie Perkins,connie.perkins@insmail.com,"8239 Beck Junction Suite 460, New Paulaberg, DE 37850",DE,"4915 Stacy Inlet Suite 860, South Gordon, MT 40351",,,,,,,,,,300.7,300.7,225.73,Direct Bill,,,FALSE,TRUE,74.97
MYR2996157,FARM,120161,Renewal,4/1/2025,4/1/2026,4/1/2025,12,Homeowners,HO3,Alex Vaughn,alex.vaughn@policyhub.org,"85210 Parker Ports, Reneestad, AK 99838",AK,"06215 Knight Dam, North Charles, ID 86036",,,2013,Joisted Masonry,9,,,,,1201.93,1201.93,902.27,Direct Bill,,,FALSE,TRUE,299.66
WAR8707901,LIBM,120008,Endorsement,4/1/2025,4/1/2026,3/26/2026,12,Umbrella,Personal Umbrella,Christopher Carson,christopher.carson@example.com,"394 Brandy Pike, Lake Charles, MT 57884",MT,"8391 Ferguson Island Suite 632, Lisaburgh, NY 39601",,,,,,,,,,252.69,8.02,189.69,Agency Bill,,,FALSE,TRUE,63
MSP7692258,FARM,120243,Renewal,4/1/2025,4/1/2026,4/1/2025,12,Personal Auto,Private Passenger Auto,Shannon Graham,shannon.graham@policyhub.org,"735 Morales Station, New Shannonmouth, MT 44519",MT,"735 Morales Station, New Shannonmouth, MT 44519",2,2,,,,50/100,50000,1000,500,754.33,754.33,566.26,Direct Bill,,,FALSE,FALSE,188.07
AVA6914773,ALLS,120029,New,4/1/2025,4/1/2026,4/1/2025,12,Personal Auto,Private Passenger Auto,Johnny Holt,johnny.holt@insmail.com,"10627 Kirby Course Apt. 148, Jessicabury, VI 42959",VI,"10627 Kirby Course Apt. 148, Jessicabury, VI 42959",2,2,,,,50/100,250000,500,500,1106.08,1106.08,830.32,Direct Bill,,,FALSE,TRUE,275.76
LUS1424362,GEIC,120273,Renewal,4/1/2025,4/1/2026,4/1/2025,12,Personal Auto,Private Passenger Auto,Caleb Gutierrez,caleb.gutierrez@mail.com,"1989 Guerrero Springs Suite 989, West Carl, MN 43818",MN,"1989 Guerrero Springs Suite 989, West Carl, MN 43818",3,3,,,,50/100,100000,250,2500,1317.65,1317.65,989.14,Direct Bill,,,FALSE,TRUE,328.51
HAN1420790,PRGS,120297,Renewal,4/1/2025,4/1/2026,4/1/2025,12,Umbrella,Personal Umbrella,Brittney Bradley,brittney.bradley@policyhub.org,"9650 Vang Springs Apt. 857, Lake Ericside, HI 48438",HI,"9650 Vang Springs Apt. 857, Lake Ericside, HI 48438",,,,,,,,,,716.3,716.3,537.72,Direct Bill,,,FALSE,TRUE,178.58
VGH4197618,TRAV,120289,New,4/1/2025,4/1/2026,4/1/2025,12,Personal Auto,Private Passenger Auto,Katrina Wilson,katrina.wilson@example.com,"8696 Pacheco Knolls, Lukemouth, IL 10696",IL,"8696 Pacheco Knolls, Lukemouth, IL 10696",1,2,,,,50/100,250000,500,500,1878.08,1878.08,1409.85,Direct Bill,,,FALSE,TRUE,468.23
KAE8257707,PRGS,120101,Endorsement,4/1/2025,4/1/2026,2/9/2026,12,Umbrella,Personal Umbrella,Tonya Murphy,tonya.murphy@example.com,"96662 Robert Station, Rileyhaven, NM 08243",NM,"96662 Robert Station, Rileyhaven, NM 08243",,,,,,,,,,430.19,4.73,322.94,Agency Bill,,,FALSE,FALSE,107.25
XVY1880367,HART,120184,Renewal,4/1/2025,4/1/2026,4/1/2025,12,Homeowners,HO3,Benjamin Baker,benjamin.baker@insmail.com,"290 Walker Mills, New Lindsaybury, DE 00543",DE,"290 Walker Mills, New Lindsaybury, DE 00543",,,1982,Masonry,6,,,,,921.5,921.5,691.76,Direct Bill,,,FALSE,TRUE,229.74
DGM8943067,ALLS,120002,Renewal,4/1/2025,4/1/2026,4/1/2025,12,Umbrella,Personal Umbrella,Benjamin Anderson,benjamin.anderson@customer.net,"9789 Glen Avenue Apt. 135, Markton, GA 97681",GA,"9789 Glen Avenue Apt. 135, Markton, GA 97681",,,,,,,,,,359.13,359.13,269.59,Agency Bill,,,FALSE,TRUE,89.54
XNR7351344,GEIC,120166,Renewal,4/1/2025,4/1/2026,4/1/2025,12,Homeowners,HO3,Tiffany Thompson,tiffany.thompson@insmail.com,"849 Teresa Isle, North Adam, KS 74770",KS,"849 Teresa Isle, North Adam, KS 74770",,,1989,Joisted Masonry,2,,,,,904.64,904.64,679.1,Direct Bill,,,FALSE,FALSE,225.54
DDP3316130,TRAV,120088,Renewal,4/1/2025,4/1/2026,4/1/2025,12,BOP,Businessowners,Heidi Rodgers,heidi.rodgers@policyhub.org,"47173 Edwards Parks, Millerborough, WY 97678",WY,"47173 Edwards Parks, Millerborough, WY 97678",,,,Fire Resistive,5,,,,,2879.12,2879.12,2161.31,Agency Bill,,,FALSE,TRUE,717.81
AJL7887773,ALLS,120158,Renewal,4/1/2025,4/1/2026,4/1/2025,12,Homeowners,HO3,Marie Townsend,marie.townsend@insmail.com,"072 David Lodge Suite 216, Carrollhaven, TX 17284",TX,"072 David Lodge Suite 216, Carrollhaven, TX 17284",,,2004,Masonry,7,,,,,1165.56,1165.56,874.97,Direct Bill,,,FALSE,TRUE,290.59
GFY7388257,HART,120014,Renewal,4/1/2025,4/1/2026,4/1/2025,12,Homeowners,HO3,Thomas Williamson,thomas.williamson@policyhub.org,"5165 Richards Centers Suite 622, North Tammy, MI 85585",MI,"22965 Haynes Neck, Taylorville, AZ 43646",,,2007,Frame,5,,,,,1168.45,1168.45,877.14,Agency Bill,,,FALSE,TRUE,291.31
MFP9853763,PRGS,120288,Renewal,4/1/2025,4/1/2026,4/1/2025,12,Homeowners,HO3,Carrie Smith,carrie.smith@customer.net,"7875 Jensen Passage, Tylertown, RI 62562",RI,"7875 Jensen Passage, Tylertown, RI 62562",,,2005,Joisted Masonry,3,,,,,804.51,804.51,603.93,Agency Bill,,,FALSE,FALSE,200.58
DRC2770534,NATI,120061,Renewal,4/1/2025,4/1/2026,4/1/2025,12,WC,Workers Compensation,Nicole Montoya,nicole.montoya@mail.com,"366 Hampton Estates, Benjaminland, GU 66657",GU,"171 Thompson View, Wellsfurt, MS 46867",,,,,,,,,,2000,2000,1501.37,Direct Bill,,,FALSE,FALSE,498.63
WZC7698884,PRGS,120104,Renewal,4/1/2025,4/1/2026,4/1/2025,12,Homeowners,HO3,Steven Ho,steven.ho@mail.com,"2326 Meadows Row Suite 558, Andrebury, SC 14366",SC,"2326 Meadows Row Suite 558, Andrebury, SC 14366",,,2018,Non-Combustible,2,,,,,500,500,375.34,Agency Bill,,,FALSE,TRUE,124.66
BZW2560835,HART,120229,Renewal,4/1/2025,4/1/2026,4/1/2025,12,Personal Auto,Private Passenger Auto,Douglas Crosby,douglas.crosby@customer.net,"31347 Michael Fork Apt. 024, Youngton, MS 34556",MS,"31347 Michael Fork Apt. 024, Youngton, MS 34556",3,2,,,,50/100,100000,2500,1000,1233.35,1233.35,925.86,Direct Bill,,,FALSE,TRUE,307.49
RBP4863121,PRGS,120265,Renewal,4/1/2025,4/1/2026,4/1/2025,12,WC,Workers Compensation,Linda Luna,linda.luna@insmail.com,"90785 Henry Ramp, West Elizabeth, VA 02445",VA,"90785 Henry Ramp, West Elizabeth, VA 02445",,,,,,,,,,11138.09,11138.09,8361.2,Direct Bill,,,FALSE,TRUE,2776.89
TBF0035944,ALLS,120205,Renewal,4/1/2025,4/1/2026,4/1/2025,12,WC,Workers Compensation,Ronald Rodriguez,ronald.rodriguez@mail.com,"45266 Ryan Springs Suite 907, Lake Lindsaybury, OH 30363",OH,"45266 Ryan Springs Suite 907, Lake Lindsaybury, OH 30363",,,,,,,,,,17473.67,17473.67,13117.22,Agency Bill,,,FALSE,TRUE,4356.45
BBA8459077,ALLS,120122,Renewal,4/1/2025,4/1/2026,4/1/2025,12,Personal Auto,Private Passenger Auto,James Reynolds,james.reynolds@customer.net,"8438 Ann Center, Michaelhaven, LA 80986",LA,"8438 Ann Center, Michaelhaven, LA 80986",1,1,,,,50/100,100000,2500,500,721.99,721.99,541.99,Direct Bill,,,FALSE,TRUE,180
XSU0302198,GEIC,120088,Renewal,4/1/2025,4/1/2026,4/1/2025,12,Homeowners,HO3,Samantha Jimenez,samantha.jimenez@policyhub.org,"18262 John Light Apt. 452, Port Katiemouth, WA 31381",WA,"18262 John Light Apt. 452, Port Katiemouth, WA 31381",,,1958,Frame,7,,,,,2228.32,2228.32,1672.77,Direct Bill,,,FALSE,TRUE,555.55
GLL5101379,FARM,120071,Renewal,4/1/2025,4/1/2026,4/1/2025,12,Homeowners,HO3,Nicole Curtis,nicole.curtis@insmail.com,"809 Tina Lake, Kevinport, GA 41006",GA,"809 Tina Lake, Kevinport, GA 41006",,,1973,Frame,8,,,,,756.35,756.35,567.78,Agency Bill,,,FALSE,FALSE,188.57
KPL8556511,LIBM,120250,New,4/1/2025,4/1/2026,4/1/2025,12,Personal Auto,Private Passenger Auto,Jennifer Peck,jennifer.peck@mail.com,"014 Randy Shoals Apt. 012, New Catherineborough, VT 51398",VT,"014 Randy Shoals Apt. 012, New Catherineborough, VT 51398",2,2,,,,50/100,250000,500,250,1253.93,1253.93,941.31,Direct Bill,,,FALSE,TRUE,312.62
UZJ0168032,TRAV,120038,Renewal,4/1/2025,4/1/2026,4/1/2025,12,BOP,Businessowners,Brooke Allen,brooke.allen@example.com,"78451 Murphy Dam Apt. 873, West Peterstad, MT 47154",MT,"78451 Murphy Dam Apt. 873, West Peterstad, MT 47154",,,,Masonry,8,,,,,7961.9,7961.9,5976.88,Direct Bill,,,FALSE,FALSE,1985.02
AMV8247278,ALLS,120208,New,4/1/2025,4/1/2026,4/1/2025,12,Personal Auto,Private Passenger Auto,Hayley Morris,hayley.morris@mail.com,"2507 Davis Passage, Port Laura, MT 45712",MT,"2507 Davis Passage, Port Laura, MT 45712",3,2,,,,50/100,100000,250,250,4000,4000,3002.74,Direct Bill,,,FALSE,TRUE,997.26
ERY4836148,LIBM,120130,New,4/1/2025,4/1/2026,4/1/2025,12,Personal Auto,Private Passenger Auto,Daniel Thomas,daniel.thomas@example.com,"239 Michael Villages, Martinezport, NH 18896",NH,"239 Michael Villages, Martinezport, NH 18896",3,4,,,,25/50,100000,250,500,2044.58,2044.58,1534.84,Direct Bill,,,FALSE,TRUE,509.74
GXZ6507099,PRGS,120228,Endorsement,4/1/2025,4/1/2026,1/13/2026,12,Umbrella,Personal Umbrella,Marvin Smith,marvin.smith@customer.net,"80611 Morgan Rest Suite 363, Butlerville, NM 77884",NM,"80611 Morgan Rest Suite 363, Butlerville, NM 77884",,,,,,,,,,361.44,25.48,271.33,Direct Bill,,,FALSE,TRUE,90.11
URR9903402,TRAV,120036,New,4/1/2025,4/1/2026,4/1/2025,12,Personal Auto,Private Passenger Auto,Erin Yates,erin.yates@customer.net,"56857 Hartman Cliffs, Chavezhaven, MO 60981",MO,"56857 Hartman Cliffs, Chavezhaven, MO 60981",1,2,,,,50/100,50000,500,250,1554.16,1554.16,1166.68,Direct Bill,,,FALSE,TRUE,387.48
YKF5657638,GEIC,120018,New,4/1/2025,4/1/2026,4/1/2025,12,Personal Auto,Private Passenger Auto,Jason Graham,jason.graham@insmail.com,"55088 Frazier Landing Apt. 412, West Samantha, SD 85925",SD,"55088 Frazier Landing Apt. 412, West Samantha, SD 85925",2,2,,,,25/50,100000,1000,250,1856.81,1856.81,1393.88,Direct Bill,,,FALSE,TRUE,462.93
UUX4795785,NATI,120077,Renewal,4/1/2025,4/1/2026,4/1/2025,12,Personal Auto,Private Passenger Auto,Dean Thomas,dean.thomas@customer.net,"75190 Debra Plaza, East Lorifort, PR 30673",PR,"75190 Debra Plaza, East Lorifort, PR 30673",1,1,,,,50/100,100000,1000,500,327.68,327.68,245.98,Direct Bill,,,FALSE,TRUE,81.7
MKX3822432,AMFA,120100,Renewal,4/1/2025,4/1/2026,4/1/2025,12,BOP,Businessowners,Frank Solis,frank.solis@policyhub.org,"6990 Randy Track Suite 858, Jamesberg, AK 35829",AK,"6990 Randy Track Suite 858, Jamesberg, AK 35829",,,,Frame,2,,,,,1500,1500,1126.03,Direct Bill,,,FALSE,TRUE,373.97
ZPD0823494,HART,120134,Renewal,4/1/2025,4/1/2026,4/1/2025,12,WC,Workers Compensation,Elizabeth Paul,elizabeth.paul@customer.net,"8317 Elizabeth Pike, South Lisachester, MN 54731",MN,"8317 Elizabeth Pike, South Lisachester, MN 54731",,,,,,,,,,2923.52,2923.52,2194.64,Direct Bill,,,FALSE,FALSE,728.88
YNX2574526,ALLS,120134,Renewal,4/1/2025,4/1/2026,4/1/2025,12,Homeowners,HO3,Amanda Johnson,amanda.johnson@mail.com,"35382 Bruce Hill, Medinashire, NH 12814",NH,"35382 Bruce Hill, Medinashire, NH 12814",,,2006,Frame,7,,,,,596.21,596.21,447.57,Direct Bill,,,FALSE,FALSE,148.64
ZMM4541864,CHUB,120000,Renewal,4/1/2025,4/1/2026,4/1/2025,12,Homeowners,HO3,Katherine Weaver,katherine.weaver@mail.com,"57342 Stephanie Overpass Apt. 755, New Patricia, OK 28618",OK,"57342 Stephanie Overpass Apt. 755, New Patricia, OK 28618",,,1969,Joisted Masonry,5,,,,,2518.32,2518.32,1890.46,Direct Bill,,,FALSE,TRUE,627.86
SVD5122548,FARM,120096,New,4/1/2025,4/1/2026,4/1/2025,12,Personal Auto,Private Passenger Auto,Robert Bowman,robert.bowman@mail.com,"98438 Grace Vista, Stevenview, VT 14550",VT,"98892 Jones Park Apt. 969, Stevenburgh, MA 88570",2,1,,,,25/50,50000,1000,500,1661.9,1661.9,1247.56,Direct Bill,,,FALSE,TRUE,414.34
XMP0385839,GEIC,120133,Renewal,4/1/2025,4/1/2026,4/1/2025,12,Homeowners,HO3,Eric Mcguire,eric.mcguire@customer.net,"029 Lindsey Stravenue, New Kerry, PW 24045",PW,"029 Lindsey Stravenue, New Kerry, PW 24045",,,1981,Masonry,8,,,,,1066.57,1066.57,800.66,Direct Bill,,,FALSE,TRUE,265.91
MRH8210028,ALLS,120156,Renewal,4/1/2025,4/1/2026,4/1/2025,12,Umbrella,Personal Umbrella,Bradley Swanson,bradley.swanson@policyhub.org,"52064 Martinez Square, East Cherylside, VA 09152",VA,"52064 Martinez Square, East Cherylside, VA 09152",,,,,,,,,,346.1,346.1,259.81,Direct Bill,,,FALSE,TRUE,86.29
MBS3838320,PRGS,120120,New,4/1/2025,4/1/2026,4/1/2025,12,Personal Auto,Private Passenger Auto,Christine Andrade,christine.andrade@mail.com,"856 Conley Land Apt. 063, South Amandabury, IN 01196",IN,"856 Conley Land Apt. 063, South Amandabury, IN 01196",3,2,,,,50/100,25000,500,500,982.85,982.85,737.81,Direct Bill,,,FALSE,TRUE,245.04
MYR7984280,GEIC,120202,Renewal,4/1/2025,4/1/2026,4/1/2025,12,Personal Auto,Private Passenger Auto,Wanda Lopez,wanda.lopez@customer.net,"724 Amy Vista, Johnsonport, HI 04403",HI,"724 Amy Vista, Johnsonport, HI 04403",2,1,,,,50/100,250000,2500,500,728.74,728.74,547.05,Direct Bill,,,FALSE,TRUE,181.69
AKH5500028,CHUB,120199,Endorsement,4/1/2025,4/1/2026,10/11/2025,12,Umbrella,Personal Umbrella,Jessica Smith,jessica.smith@insmail.com,"4975 Aaron Curve Apt. 106, Mckinneyville, CA 79991",CA,"4975 Aaron Curve Apt. 106, Mckinneyville, CA 79991",,,,,,,,,,240.01,3.75,180.17,Direct Bill,,,FALSE,TRUE,59.84
XSC1176239,ALLS,120141,Endorsement,4/1/2025,4/1/2026,7/12/2025,12,Umbrella,Personal Umbrella,Corey Wilson,corey.wilson@insmail.com,"6036 Allison Drive Suite 062, Lake Paulshire, ND 72255",ND,"6036 Allison Drive Suite 062, Lake Paulshire, ND 72255",,,,,,,,,,150,-10.19,112.6,Direct Bill,,,FALSE,TRUE,37.4
DAJ1507202,TRAV,120107,Renewal,4/1/2025,4/1/2026,4/1/2025,12,Homeowners,HO3,Jeffery Riley,jeffery.riley@mail.com,"381 Amy Roads Apt. 138, Paulaburgh, NC 46906",NC,"381 Amy Roads Apt. 138, Paulaburgh, NC 46906",,,1989,Frame,6,,,,,1627.66,1627.66,1221.86,Agency Bill,,,FALSE,FALSE,405.8
YRY4790644,AMFA,120159,Renewal,4/1/2025,4/1/2026,4/1/2025,12,Homeowners,HO3,Joanne Harrison,joanne.harrison@example.com,"842 Blake Landing, Tammyburgh, VI 48008",VI,"842 Blake Landing, Tammyburgh, VI 48008",,,1987,Masonry,6,,,,,1692.77,1692.77,1270.74,Agency Bill,,,FALSE,TRUE,422.03
EVA5401457,CHUB,120198,Renewal,4/1/2025,4/1/2026,4/1/2025,12,WC,Workers Compensation,Allen Clark,allen.clark@customer.net,"00522 Johnson Grove, Cherylbury, DE 59143",DE,"00522 Johnson Grove, Cherylbury, DE 59143",,,,,,,,,,7075.25,7075.25,5311.28,Agency Bill,,,FALSE,TRUE,1763.97
HGN2733580,NATI,120103,Renewal,4/1/2025,4/1/2026,4/1/2025,12,Personal Auto,Private Passenger Auto,John Barry,john.barry@customer.net,"85606 David Orchard Apt. 485, North Leetown, GA 56918",GA,"85606 David Orchard Apt. 485, North Leetown, GA 56918",1,2,,,,50/100,100000,1000,500,2511.76,2511.76,1885.54,Direct Bill,,,FALSE,TRUE,626.22
NSD0817104,PRGS,120060,New,4/1/2025,4/1/2026,4/1/2025,12,Personal Auto,Private Passenger Auto,Cynthia Morgan,cynthia.morgan@customer.net,"872 Lewis Spur, Roberttown, IN 94296",IN,"872 Lewis Spur, Roberttown, IN 94296",2,1,,,,50/100,250000,1000,500,619.2,619.2,464.82,Direct Bill,,,FALSE,FALSE,154.38
VZR9328887,CHUB,120108,Renewal,4/1/2025,4/1/2026,4/1/2025,12,BOP,Businessowners,Jill Lawson,jill.lawson@customer.net,"46911 Mark Neck, North Andrew, MN 72129",MN,"8482 Nelson Crescent, East Amberport, MI 57508",,,,Joisted Masonry,8,,,,,1961.15,1961.15,1472.21,Direct Bill,,,FALSE,FALSE,488.94
NSE3702877,GEIC,120138,New,4/1/2025,4/1/2026,4/1/2025,12,Personal Auto,Private Passenger Auto,Tamara Allen,tamara.allen@customer.net,"492 Matthew Roads Suite 155, Derekville, VI 53678",VI,"492 Matthew Roads Suite 155, Derekville, VI 53678",4,3,,,,50/100,100000,500,250,4000,4000,3002.74,Direct Bill,,,FALSE,TRUE,997.26
GUD1901517,ALLS,120279,Renewal,4/1/2025,4/1/2026,4/1/2025,12,BOP,Businessowners,Christine Jones,christine.jones@customer.net,"061 Smith Trafficway Apt. 936, Benjaminberg, GU 93907",GU,"061 Smith Trafficway Apt. 936, Benjaminberg, GU 93907",,,,Masonry Veneer,4,,,,,1500,1500,1126.03,Direct Bill,,,FALSE,TRUE,373.97
UDC4861756,AMFA,120194,Renewal,4/1/2025,4/1/2026,4/1/2025,12,Homeowners,HO3,Jacqueline Pacheco,jacqueline.pacheco@mail.com,"297 Patrick Estates Suite 248, Sydneybury, SD 70614",SD,"297 Patrick Estates Suite 248, Sydneybury, SD 70614",,,2002,Non-Combustible,7,,,,,947.26,947.26,711.09,Direct Bill,,,FALSE,TRUE,236.17
YNB6116993,LIBM,120048,Renewal,4/1/2025,4/1/2026,4/1/2025,12,BOP,Businessowners,Christopher House,christopher.house@example.com,"26728 Marilyn Junctions Apt. 657, Vaughanburgh, ND 04969",ND,"26728 Marilyn Junctions Apt. 657, Vaughanburgh, ND 04969",,,,Masonry,9,,,,,3810.99,3810.99,2860.85,Direct Bill,,,FALSE,TRUE,950.14
RJK3888139,FARM,120135,New,4/1/2025,4/1/2026,4/1/2025,12,Personal Auto,Private Passenger Auto,Victoria Wilson,victoria.wilson@insmail.com,"108 Wells Prairie, Port Monica, NC 94866",NC,"108 Wells Prairie, Port Monica, NC 94866",2,3,,,,50/100,50000,500,500,2120.99,2120.99,1592.2,Agency Bill,,,FALSE,TRUE,528.79
WAF1632553,NATI,120166,New,4/1/2025,4/1/2026,4/1/2025,12,Personal Auto,Private Passenger Auto,Jeremy Kirk,jeremy.kirk@example.com,"8159 Harvey Lodge Suite 529, Port Jamesstad, MS 49830",MS,"8159 Harvey Lodge Suite 529, Port Jamesstad, MS 49830",2,3,,,,50/100,50000,1000,2500,1521.24,1521.24,1141.97,Direct Bill,,,FALSE,FALSE,379.27
WTJ2662830,NATI,120238,Renewal,4/1/2025,4/1/2026,4/1/2025,12,Homeowners,HO3,Dustin Frank,dustin.frank@example.com,"842 Armstrong Light Apt. 637, North Andrea, VT 61232",VT,"903 Douglas Harbors, Feliciamouth, MN 95349",,,2007,Masonry Veneer,4,,,,,896.1,896.1,672.69,Agency Bill,,,FALSE,TRUE,223.41
BTJ4610835,PRGS,120182,Reinstate,4/1/2025,4/1/2026,5/22/2025,12,Package,Commercial Package,Sean Compton,sean.compton@example.com,"613 Joseph Unions, Peterfurt, WA 01830",WA,"613 Joseph Unions, Peterfurt, WA 01830",,,,Frame,8,,,,,3099.48,0,2326.73,Agency Bill,,3/28/2023,FALSE,FALSE,772.75
AVA1255116,HART,120058,New,4/1/2025,4/1/2026,4/1/2025,12,Personal Auto,Private Passenger Auto,Michael Fisher,michael.fisher@insmail.com,"082 Bishop Points Suite 725, East Molly, MT 91554",MT,"082 Bishop Points Suite 725, East Molly, MT 91554",1,1,,,,25/50,100000,500,250,646.6,646.6,485.39,Agency Bill,,,FALSE,TRUE,161.21
DYP5767061,TRAV,120004,New,4/1/2025,4/1/2026,4/1/2025,12,Personal Auto,Private Passenger Auto,Douglas Cruz,douglas.cruz@customer.net,"05558 Erin Wells Suite 886, Port Kristin, WV 99627",WV,"05558 Erin Wells Suite 886, Port Kristin, WV 99627",3,3,,,,25/50,500000,500,250,1107.44,1107.44,831.34,Direct Bill,,,FALSE,TRUE,276.1
SGG9468345,HART,120050,Renewal,4/1/2025,4/1/2026,4/1/2025,12,BOP,Businessowners,Gina Jordan,gina.jordan@policyhub.org,"7946 Erickson Shore, Douglasview, IL 72913",IL,"7946 Erickson Shore, Douglasview, IL 72913",,,,Masonry,3,,,,,1933.84,1933.84,1451.7,Agency Bill,,,FALSE,TRUE,482.14
CWT0258672,NATI,120178,Renewal,4/1/2025,4/1/2026,4/1/2025,12,BOP,Businessowners,Andrew Baker,andrew.baker@customer.net,"4651 Ashley Garden Suite 872, East Andrewfurt, LA 67923",LA,"7898 Gary Lakes, Susantown, MN 88908",,,,Frame,2,,,,,2827.71,2827.71,2122.72,Direct Bill,,,FALSE,TRUE,704.99
KHW4000080,GEIC,120118,Renewal,4/1/2025,4/1/2026,4/1/2025,12,Homeowners,HO3,Adam Owens,adam.owens@insmail.com,"40706 Velazquez Gateway, West Nancy, VT 30660",VT,"40706 Velazquez Gateway, West Nancy, VT 30660",,,1989,Masonry Veneer,5,,,,,601.88,601.88,451.82,Direct Bill,,,FALSE,TRUE,150.06
ZMG9819022,ALLS,120158,Renewal,4/1/2025,4/1/2026,4/1/2025,12,Homeowners,HO3,Brandon Santiago,brandon.santiago@mail.com,"237 Kevin Bypass, Bradleyberg, WA 37946",WA,"237 Kevin Bypass, Bradleyberg, WA 37946",,,1997,Masonry Veneer,8,,,,,1479.31,1479.31,1110.5,Direct Bill,,,FALSE,TRUE,368.81
ALP6949681,ALLS,120259,Renewal,4/1/2025,4/1/2026,4/1/2025,12,BOP,Businessowners,Devin Shaffer,devin.shaffer@mail.com,"675 Frank Alley, New Eric, TX 51482",TX,"675 Frank Alley, New Eric, TX 51482",,,,Frame,8,,,,,3219.56,3219.56,2416.88,Direct Bill,,,FALSE,TRUE,802.68
XKD9575846,GEIC,120216,Renewal,4/1/2025,4/1/2026,4/1/2025,12,Personal Auto,Private Passenger Auto,Elaine Smith,elaine.smith@insmail.com,"33513 Theresa Stravenue Apt. 852, East Jason, KS 09527",KS,"33513 Theresa Stravenue Apt. 852, East Jason, KS 09527",4,1,,,,50/100,100000,1000,500,1112.44,1112.44,835.09,Direct Bill,,,FALSE,TRUE,277.35
DHU4440385,CHUB,120275,Endorsement,4/1/2025,4/1/2026,11/14/2025,12,Umbrella,Personal Umbrella,Scott Williams,scott.williams@customer.net,"4509 Steve Forges, Guerreroton, WA 61369",WA,"4509 Steve Forges, Guerreroton, WA 61369",,,,,,,,,,161.46,-3.03,121.21,Direct Bill,,,FALSE,TRUE,40.25
RXB8255631,ALLS,120230,Renewal,4/1/2025,4/1/2026,4/1/2025,12,WC,Workers Compensation,Kurt Weber,kurt.weber@policyhub.org,"4727 Case Mall Apt. 155, Kevinland, WA 76903",WA,"4727 Case Mall Apt. 155, Kevinland, WA 76903",,,,,,,,,,2799.64,2799.64,2101.65,Agency Bill,,,FALSE,TRUE,697.99
YSW0291048,HART,120291,Endorsement,4/1/2025,4/1/2026,2/24/2026,12,Umbrella,Personal Umbrella,Wendy Hernandez,wendy.hernandez@insmail.com,"60149 Morgan Orchard Apt. 155, Georgemouth, AK 10772",AK,"60149 Morgan Orchard Apt. 155, Georgemouth, AK 10772",,,,,,,,,,559.38,34.12,419.92,Direct Bill,,,FALSE,FALSE,139.46
CTP9632923,FARM,120133,New,4/1/2025,4/1/2026,4/1/2025,12,Personal Auto,Private Passenger Auto,David Newman,david.newman@example.com,"3476 Kathy Hollow Suite 581, Leberg, AL 83111",AL,"3476 Kathy Hollow Suite 581, Leberg, AL 83111",2,1,,,,50/100,100000,1000,250,878.8,878.8,659.7,Agency Bill,,,FALSE,TRUE,219.1
RUU7520735,PRGS,120253,Renewal,4/1/2025,4/1/2026,4/1/2025,12,Homeowners,HO3,Stephanie Scott,stephanie.scott@mail.com,"663 Gabrielle Unions Apt. 070, West Jenna, DC 84857",DC,"669 Antonio Island, Herringport, AS 20854",,,2010,Frame,5,,,,,1848.22,1848.22,1387.43,Agency Bill,,,FALSE,TRUE,460.79
LTK4644289,AMFA,120006,New,4/1/2025,4/1/2026,4/1/2025,12,Personal Auto,Private Passenger Auto,Jasmine Morgan,jasmine.morgan@policyhub.org,"76776 Tiffany Vista, Tamaraview, AR 90147",AR,"76776 Tiffany Vista, Tamaraview, AR 90147",1,1,,,,50/100,100000,500,500,641.66,641.66,481.68,Direct Bill,,,FALSE,TRUE,159.98
JCS0351953,LIBM,120037,Renewal,4/1/2025,4/1/2026,4/1/2025,12,Homeowners,HO3,Pamela Mueller,pamela.mueller@policyhub.org,"8422 Johnson Ville, North Christineburgh, AZ 24434",AZ,"8422 Johnson Ville, North Christineburgh, AZ 24434",,,1980,Joisted Masonry,9,,,,,2930.02,2930.02,2199.52,Direct Bill,,,FALSE,TRUE,730.5
USY7562942,ALLS,120127,Endorsement,4/1/2025,4/1/2026,5/14/2025,12,Umbrella,Personal Umbrella,Andrew Stevens,andrew.stevens@insmail.com,"70523 Justin Valleys, East Johnborough, NH 93153",NH,"70523 Justin Valleys, East Johnborough, NH 93153",,,,,,,,,,182.61,-9.9,137.08,Agency Bill,,,FALSE,TRUE,45.53
HCH6112578,TRAV,120133,New,4/1/2025,4/1/2026,4/1/2025,12,Personal Auto,Private Passenger Auto,Cynthia Ross,cynthia.ross@mail.com,"102 Sanders Fords Apt. 007, Thomasmouth, OH 32702",OH,"102 Sanders Fords Apt. 007, Thomasmouth, OH 32702",2,1,,,,50/100,100000,500,1000,860.01,860.01,645.6,Direct Bill,,,FALSE,TRUE,214.41
XPF3645754,FARM,120097,New,4/1/2025,4/1/2026,4/1/2025,12,Personal Auto,Private Passenger Auto,Nicholas Roberts,nicholas.roberts@insmail.com,"39841 Brett Street, Jonesfurt, AZ 47974",AZ,"39841 Brett Street, Jonesfurt, AZ 47974",2,2,,,,25/50,250000,500,1000,3852,3852,2891.64,Direct Bill,,,FALSE,TRUE,960.36
SGU4933236,PRGS,120011,Renewal,4/1/2025,4/1/2026,4/1/2025,12,Homeowners,HO3,Joel Sullivan,joel.sullivan@customer.net,"305 Stevenson Island, Lake Pamela, VA 31236",VA,"948 Martin Canyon Suite 369, New Laura, WI 24568",,,1994,Fire Resistive,4,,,,,1514.4,1514.4,1136.84,Agency Bill,,,FALSE,TRUE,377.56
GZN4851477,LIBM,120198,Cancel,4/1/2025,10/9/2025,10/9/2025,12,Package,Commercial Package,Samantha Fox,samantha.fox@example.com,"301 Amanda Stream Suite 373, Ryanbury, MN 77887",MN,"301 Amanda Stream Suite 373, Ryanbury, MN 77887",,,,Masonry,5,,,,,4794.97,0,4794.97,Direct Bill,1/25/2022,,FALSE,TRUE,0
DWN8802227,PRGS,120012,Renewal,4/1/2025,4/1/2026,4/1/2025,12,Personal Auto,Private Passenger Auto,Travis Martinez,travis.martinez@example.com,"9667 Martinez Circles Suite 451, Durhamville, IL 52409",IL,"9667 Martinez Circles Suite 451, Durhamville, IL 52409",2,1,,,,50/100,50000,1000,250,636.8,636.8,478.04,Direct Bill,,,FALSE,TRUE,158.76
TDA9083416,ALLS,120193,Renewal,4/1/2025,4/1/2026,4/1/2025,12,Umbrella,Personal Umbrella,Robert Sullivan,robert.sullivan@policyhub.org,"718 Smith Streets Apt. 445, Bushburgh, MN 24937",MN,"6679 Gregory Landing, New Danielberg, ID 06478",,,,,,,,,,1152.91,1152.91,865.47,Agency Bill,,,FALSE,TRUE,287.44
RFM4637377,CHUB,120030,Renewal,4/1/2025,4/1/2026,4/1/2025,12,Homeowners,HO3,Debra Nelson,debra.nelson@mail.com,"9393 Simpson Shores, Stephaniestad, NH 75619",NH,"9393 Simpson Shores, Stephaniestad, NH 75619",,,1999,Masonry Veneer,6,,,,,1213.79,1213.79,911.17,Agency Bill,,,FALSE,TRUE,302.62
UBK5817873,GEIC,120103,New,4/1/2025,4/1/2026,4/1/2025,12,Personal Auto,Private Passenger Auto,Lisa Evans,lisa.evans@policyhub.org,"1563 Gardner Dam Suite 132, North Laurenshire, MH 63171",MH,"1563 Gardner Dam Suite 132, North Laurenshire, MH 63171",1,3,,,,25/50,50000,500,250,1107.17,1107.17,831.14,Agency Bill,,,FALSE,TRUE,276.03
HGF2201366,HART,120063,New,4/1/2025,4/1/2026,4/1/2025,12,Personal Auto,Private Passenger Auto,Cory Hopkins,cory.hopkins@policyhub.org,"590 Davis Track Suite 070, North Joshuaport, OH 89933",OH,"612 Sanchez Islands Apt. 213, North Patrick, CT 62651",2,2,,,,50/100,100000,250,500,4000,4000,3002.74,Direct Bill,,,FALSE,TRUE,997.26
FWB9858706,PRGS,120081,Renewal,4/1/2025,4/1/2026,4/1/2025,12,Personal Auto,Private Passenger Auto,Richard Hansen,richard.hansen@mail.com,"426 Powell Drive Suite 652, Stephenstad, TN 11669",TN,"426 Powell Drive Suite 652, Stephenstad, TN 11669",1,3,,,,50/100,100000,1000,1000,1486.78,1486.78,1116.1,Direct Bill,,,FALSE,TRUE,370.68
UWC8148175,PRGS,120213,New,4/1/2025,4/1/2026,4/1/2025,12,Personal Auto,Private Passenger Auto,Mario Meyer,mario.meyer@insmail.com,"7988 Howell Roads Apt. 375, East Theresa, CT 30542",CT,"9902 Justin Falls Apt. 363, South Cynthiahaven, NE 92551",2,3,,,,50/100,100000,250,500,3380.55,3380.55,2537.73,Direct Bill,,,FALSE,TRUE,842.82
NNC7471561,TRAV,120002,New,4/1/2025,4/1/2026,4/1/2025,12,Personal Auto,Private Passenger Auto,Kimberly Peck,kimberly.peck@insmail.com,"5607 Amy Path, North David, DC 66355",DC,"5607 Amy Path, North David, DC 66355",2,2,,,,50/100,25000,500,500,552.7,552.7,414.9,Direct Bill,,,FALSE,TRUE,137.8
EUS5755331,AMFA,120252,Endorsement,4/1/2025,4/1/2026,12/3/2025,12,Umbrella,Personal Umbrella,Gilbert Walsh,gilbert.walsh@example.com,"28935 Gloria Wells Suite 879, Russellview, NY 18474",NY,"012 Gonzalez Meadows Suite 807, Stevenmouth, MS 67247",,,,,,,,,,330.38,2.95,248.01,Direct Bill,,,FALSE,TRUE,82.37
FHR0548082,NATI,120105,Renewal,4/1/2025,4/1/2026,4/1/2025,12,WC,Workers Compensation,Jonathan Church,jonathan.church@policyhub.org,"13720 Rebecca Way Apt. 610, East Dustinmouth, NV 89123",NV,"13720 Rebecca Way Apt. 610, East Dustinmouth, NV 89123",,,,,,,,,,2000,2000,1501.37,Direct Bill,,,FALSE,TRUE,498.63
LJP5895714,AMFA,120295,Renewal,4/1/2025,4/1/2026,4/1/2025,12,Homeowners,HO3,Cynthia Price,cynthia.price@mail.com,"1949 Roth Inlet Apt. 783, Kimberlyfurt, LA 94656",LA,"7538 Alexander Springs, Aguilarburgh, MT 39512",,,1998,Frame,6,,,,,1360.32,1360.32,1021.17,Direct Bill,,,FALSE,TRUE,339.15
RGF2617113,TRAV,120128,Renewal,4/1/2025,4/1/2026,4/1/2025,12,WC,Workers Compensation,Laura Werner,laura.werner@customer.net,"5615 Michael Rue Apt. 135, Lake James, MS 84456",MS,"307 Stacey Avenue, Michaelton, PA 42515",,,,,,,,,,3818.49,3818.49,2866.48,Direct Bill,,,FALSE,TRUE,952.01
MHR7585208,NATI,120000,Renewal,4/1/2025,4/1/2026,4/1/2025,12,WC,Workers Compensation,Ryan Perez,ryan.perez@example.com,"624 Terry Underpass, East Gregorytown, NC 02703",NC,"624 Terry Underpass, East Gregorytown, NC 02703",,,,,,,,,,3111.59,3111.59,2335.82,Direct Bill,,,FALSE,TRUE,775.77
PGH8042480,CHUB,120234,New,4/1/2025,4/1/2026,4/1/2025,12,Personal Auto,Private Passenger Auto,Kimberly Arnold,kimberly.arnold@mail.com,"12890 Christopher Land Suite 112, Johnburgh, VT 84379",VT,"12890 Christopher Land Suite 112, Johnburgh, VT 84379",1,3,,,,25/50,100000,500,500,1032.73,1032.73,775.25,Agency Bill,,,FALSE,TRUE,257.48
AFE5702484,NATI,120277,New,4/1/2025,4/1/2026,4/1/2025,12,Personal Auto,Private Passenger Auto,Kathy Herman,kathy.herman@example.com,"3424 William Springs, Lisaport, SD 92527",SD,"8151 Hernandez Road, South April, AL 01351",2,1,,,,50/100,500000,1000,1000,1851.54,1851.54,1389.92,Agency Bill,,,FALSE,TRUE,461.62
ZHV5762339,CHUB,120272,Renewal,4/1/2025,4/1/2026,4/1/2025,12,BOP,Businessowners,Julie Barron,julie.barron@customer.net,"4849 Tammy Brooks Suite 461, Port Joshuaside, ID 97781",ID,"4849 Tammy Brooks Suite 461, Port Joshuaside, ID 97781",,,,Fire Resistive,5,,,,,1500,1500,1126.03,Direct Bill,,,FALSE,TRUE,373.97
GWP1968943,PRGS,120284,Cancel,4/1/2025,11/6/2025,11/6/2025,12,Package,Commercial Package,Veronica Pena,veronica.pena@insmail.com,"4273 Sandra Ports Suite 581, North Richardfort, UT 13679",UT,"4273 Sandra Ports Suite 581, North Richardfort, UT 13679",,,,Frame,7,,,,,3000,0,3000,Direct Bill,7/3/2022,,FALSE,FALSE,0
BRT5164860,TRAV,120196,Renewal,4/1/2025,4/1/2026,4/1/2025,12,Homeowners,HO3,Frances Rogers,frances.rogers@policyhub.org,"1113 Carmen Squares, West Tinachester, MN 02158",MN,"1113 Carmen Squares, West Tinachester, MN 02158",,,1989,Masonry,4,,,,,1253.94,1253.94,941.31,Direct Bill,,,FALSE,FALSE,312.63
EUN8315224,LIBM,120282,Renewal,4/1/2025,4/1/2026,4/1/2025,12,Personal Auto,Private Passenger Auto,Joe Conrad,joe.conrad@example.com,"665 Jennifer Square Apt. 063, South Susanchester, HI 30127",HI,"665 Jennifer Square Apt. 063, South Susanchester, HI 30127",3,1,,,,50/100,250000,1000,250,2529.74,2529.74,1899.04,Direct Bill,,,FALSE,TRUE,630.7
LKV0873019,LIBM,120127,Endorsement,4/1/2025,4/1/2026,3/11/2026,12,Umbrella,Personal Umbrella,Jacob Humphrey,jacob.humphrey@mail.com,"70929 Kimberly Skyway Suite 116, North Lawrencechester, PA 48317",PA,"70929 Kimberly Skyway Suite 116, North Lawrencechester, PA 48317",,,,,,,,,,150,-0.96,112.6,Agency Bill,,,FALSE,TRUE,37.4
YBF3517208,PRGS,120141,New,4/1/2025,4/1/2026,4/1/2025,12,Personal Auto,Private Passenger Auto,Amber Luna,amber.luna@mail.com,"49444 Kevin Grove, Rachelbury, GA 71519",GA,"316 Pamela Manor, South Jessica, OH 24946",1,1,,,,50/100,100000,1000,500,852.56,852.56,640,Direct Bill,,,FALSE,TRUE,212.56
XUH3160541,GEIC,120200,Renewal,4/1/2025,4/1/2026,4/1/2025,12,Homeowners,HO3,Christopher Johnson,christopher.johnson@customer.net,"71928 Peters Shoals, West Curtis, OK 26809",OK,"71928 Peters Shoals, West Curtis, OK 26809",,,1992,Fire Resistive,2,,,,,1425.49,1425.49,1070.09,Agency Bill,,,FALSE,TRUE,355.4
UDZ9268419,ALLS,120267,Renewal,4/1/2025,4/1/2026,4/1/2025,12,Homeowners,HO3,Hannah Thompson,hannah.thompson@example.com,"5065 Pierce Street, Richardshire, TN 63915",TN,"5065 Pierce Street, Richardshire, TN 63915",,,1988,Frame,8,,,,,2181.03,2181.03,1637.27,Agency Bill,,,FALSE,TRUE,543.76
ZVT0848101,AMFA,120298,New,4/1/2025,4/1/2026,4/1/2025,12,Personal Auto,Private Passenger Auto,Darin Irwin,darin.irwin@customer.net,"0473 Kimberly Gateway Apt. 939, New Claudia, PW 75783",PW,"0473 Kimberly Gateway Apt. 939, New Claudia, PW 75783",2,1,,,,25/50,100000,500,250,1011.03,1011.03,758.96,Agency Bill,,,FALSE,TRUE,252.07
KBG0736723,PRGS,120279,Renewal,4/1/2025,4/1/2026,4/1/2025,12,Homeowners,HO3,Brenda Williams,brenda.williams@insmail.com,"466 Jasmine Centers, Walkerport, DE 00659",DE,"466 Jasmine Centers, Walkerport, DE 00659",,,1988,Frame,6,,,,,1667.33,1667.33,1251.64,Direct Bill,,,FALSE,TRUE,415.69
FAB9489854,NATI,120299,Endorsement,4/1/2025,4/1/2026,4/12/2025,12,Umbrella,Personal Umbrella,Samuel Parker,samuel.parker@mail.com,"41953 Riddle Land Apt. 678, Jonathanside, IN 74551",IN,"534 Jones Bridge, Fostermouth, MS 57810",,,,,,,,,,353.17,12.29,265.12,Direct Bill,,,FALSE,TRUE,88.05
NCW1646898,LIBM,120159,Renewal,4/1/2025,4/1/2026,4/1/2025,12,BOP,Businessowners,Terri Taylor,terri.taylor@insmail.com,"0844 Renee Parks Suite 085, Stephaniechester, GA 19404",GA,"0844 Renee Parks Suite 085, Stephaniechester, GA 19404",,,,Masonry,5,,,,,6628.39,6628.39,4975.83,Agency Bill,,,FALSE,TRUE,1652.56
MSX0562530,TRAV,120136,Renewal,4/1/2025,4/1/2026,4/1/2025,12,Personal Auto,Private Passenger Auto,Michelle Morrison,michelle.morrison@insmail.com,"052 Kelly Dam, East Williamland, ME 26190",ME,"052 Kelly Dam, East Williamland, ME 26190",2,4,,,,50/100,100000,2500,250,3144.02,3144.02,2360.17,Direct Bill,,,FALSE,TRUE,783.85
SLM7227122,TRAV,120030,Renewal,4/1/2025,4/1/2026,4/1/2025,12,Personal Auto,Private Passenger Auto,Heather Petty,heather.petty@mail.com,"531 Ricky Lakes Suite 748, Chapmanfort, OH 49804",OH,"531 Ricky Lakes Suite 748, Chapmanfort, OH 49804",4,3,,,,50/100,100000,1000,500,1028.92,1028.92,772.39,Agency Bill,,,FALSE,TRUE,256.53
RYC6478853,HART,120290,Renewal,4/1/2025,4/1/2026,4/1/2025,12,Personal Auto,Private Passenger Auto,Michael Jones,michael.jones@insmail.com,"71170 Taylor Island Apt. 033, Lake Lucaston, DE 41765",DE,"71170 Taylor Island Apt. 033, Lake Lucaston, DE 41765",1,3,,,,50/100,500000,500,500,4000,4000,3002.74,Direct Bill,,,FALSE,TRUE,997.26
WWL1069502,CHUB,120051,Renewal,4/1/2025,4/1/2026,4/1/2025,12,Homeowners,HO3,Nicholas Carter,nicholas.carter@customer.net,"81363 Warner Place Apt. 075, Port Teresa, ME 43062",ME,"901 Gonzales Way, West Jeffmouth, AZ 47717",,,2020,Masonry Veneer,5,,,,,1714.52,1714.52,1287.06,Direct Bill,,,FALSE,TRUE,427.46
WSF7831035,LIBM,120077,Renewal,4/1/2025,4/1/2026,4/1/2025,12,Personal Auto,Private Passenger Auto,Michael Spencer,michael.spencer@customer.net,"83662 Davenport Spring Apt. 233, South Christopher, VT 29880",VT,"872 Amber Row, Lake Isabellafort, SD 99922",3,1,,,,50/100,50000,500,500,1729.16,1729.16,1298.05,Agency Bill,,,FALSE,TRUE,431.11
XCV6894437,ALLS,120073,Endorsement,4/1/2025,4/1/2026,10/11/2025,12,Umbrella,Personal Umbrella,Suzanne Jefferson,suzanne.jefferson@example.com,"865 Jonathan Corner Apt. 640, Clarkmouth, VA 83331",VA,"865 Jonathan Corner Apt. 640, Clarkmouth, VA 83331",,,,,,,,,,755.53,-5.1,567.16,Direct Bill,,,FALSE,FALSE,188.37
VNM0270570,ALLS,120222,Endorsement,4/1/2025,4/1/2026,7/26/2025,12,Umbrella,Personal Umbrella,Alexander Ingram,alexander.ingram@mail.com,"73490 Samantha Loaf, Charlesfurt, SD 92654",SD,"73490 Samantha Loaf, Charlesfurt, SD 92654",,,,,,,,,,1637.99,-36.86,1229.61,Direct Bill,,,FALSE,TRUE,408.38
DUZ7297372,HART,120205,Endorsement,4/1/2025,4/1/2026,2/18/2026,12,Umbrella,Personal Umbrella,Hannah Garcia,hannah.garcia@example.com,"1591 Brandon Throughway Apt. 347, Jordanfort, MO 13348",MO,"1591 Brandon Throughway Apt. 347, Jordanfort, MO 13348",,,,,,,,,,972.97,11.06,730.39,Direct Bill,,,FALSE,TRUE,242.58
SBM9223040,NATI,120030,Renewal,4/1/2025,4/1/2026,4/1/2025,12,Personal Auto,Private Passenger Auto,Evan Bass,evan.bass@example.com,"92578 Sydney Estate Apt. 334, Port Kayla, CA 24168",CA,"92578 Sydney Estate Apt. 334, Port Kayla, CA 24168",1,2,,,,50/100,250000,1000,1000,2227.59,2227.59,1672.22,Direct Bill,,,FALSE,FALSE,555.37
JHH7613178,LIBM,120010,Renewal,4/1/2025,4/1/2026,4/1/2025,12,BOP,Businessowners,Christine Lowe,christine.lowe@policyhub.org,"30414 Scott Cape Apt. 223, South Stephaniefort, WY 33796",WY,"30414 Scott Cape Apt. 223, South Stephaniefort, WY 33796",,,,Frame,7,,,,,7271.2,7271.2,5458.38,Agency Bill,,,FALSE,TRUE,1812.82
TYX2978795,PRGS,120193,Renewal,4/1/2025,4/1/2026,4/1/2025,12,WC,Workers Compensation,Marc Brown,marc.brown@insmail.com,"2545 Porter Springs, North Danielton, NM 59518",NM,"2545 Porter Springs, North Danielton, NM 59518",,,,,,,,,,18360.18,18360.18,13782.71,Direct Bill,,,FALSE,FALSE,4577.47
JWA3652768,CHUB,120126,Endorsement,4/1/2025,4/1/2026,3/25/2026,12,Umbrella,Personal Umbrella,Debra Williams,debra.williams@policyhub.org,"9495 Garcia Lodge, South Elizabeth, PW 07828",PW,"9495 Garcia Lodge, South Elizabeth, PW 07828",,,,,,,,,,335.83,12.19,252.1,Direct Bill,,,FALSE,FALSE,83.73
JKU3468335,CHUB,120175,Renewal,4/1/2025,4/1/2026,4/1/2025,12,WC,Workers Compensation,Antonio Martinez,antonio.martinez@mail.com,"87561 Wagner Fall Apt. 693, Duaneborough, GU 80533",GU,"87561 Wagner Fall Apt. 693, Duaneborough, GU 80533",,,,,,,,,,3962.4,3962.4,2974.51,Direct Bill,,,FALSE,TRUE,987.89
VZL2857395,PRGS,120165,Renewal,4/1/2025,4/1/2026,4/1/2025,12,WC,Workers Compensation,Yolanda Watts,yolanda.watts@mail.com,"03577 Brown Bridge, Milesshire, WI 22924",WI,"03577 Brown Bridge, Milesshire, WI 22924",,,,,,,,,,2454.59,2454.59,1842.62,Direct Bill,,,FALSE,FALSE,611.97
SUC9824932,PRGS,120139,Renewal,4/1/2025,4/1/2026,4/1/2025,12,BOP,Businessowners,Lawrence Bell,lawrence.bell@insmail.com,"282 King Shoal Apt. 096, Mendezshire, IA 75981",IA,"406 Alex Road Suite 743, Brandonville, PR 33832",,,,Non-Combustible,8,,,,,1500,1500,1126.03,Direct Bill,,,FALSE,TRUE,373.97
SVJ9750876,CHUB,120130,Renewal,4/1/2025,4/1/2026,4/1/2025,12,Homeowners,HO3,Timothy Lewis,timothy.lewis@example.com,"11125 Daniel Grove, West Carriehaven, PR 13048",PR,"11125 Daniel Grove, West Carriehaven, PR 13048",,,2000,Masonry Veneer,6,,,,,2045.12,2045.12,1535.24,Agency Bill,,,FALSE,TRUE,509.88
PUN4623433,HART,120157,Renewal,4/1/2025,4/1/2026,4/1/2025,12,Personal Auto,Private Passenger Auto,Ronald White,ronald.white@mail.com,"039 Adams Mountain, Port Alexandramouth, VA 51966",VA,"039 Adams Mountain, Port Alexandramouth, VA 51966",1,3,,,,50/100,50000,1000,1000,3337.12,3337.12,2505.13,Direct Bill,,,FALSE,TRUE,831.99
MPW5239796,ALLS,120107,Renewal,4/1/2025,4/1/2026,4/1/2025,12,WC,Workers Compensation,David Campbell,david.campbell@mail.com,"7185 Brown Estates Apt. 288, Rojastown, RI 15502",RI,"7185 Brown Estates Apt. 288, Rojastown, RI 15502",,,,,,,,,,2000,2000,1501.37,Agency Bill,,,FALSE,TRUE,498.63
SUT4244881,CHUB,120270,New,4/1/2025,4/1/2026,4/1/2025,12,Personal Auto,Private Passenger Auto,Joel Carson,joel.carson@insmail.com,"830 Hicks Court Apt. 639, West Pedroshire, MA 49310",MA,"830 Hicks Court Apt. 639, West Pedroshire, MA 49310",1,4,,,,50/100,50000,2500,500,3457.92,3457.92,2595.81,Direct Bill,,,FALSE,TRUE,862.11
DST4610484,PRGS,120137,Renewal,4/1/2025,4/1/2026,4/1/2025,12,BOP,Businessowners,Joe Dawson,joe.dawson@policyhub.org,"0443 Williams Wall Apt. 207, Ianland, HI 50340",HI,"0443 Williams Wall Apt. 207, Ianland, HI 50340",,,,Frame,5,,,,,3478.93,3478.93,2611.58,Direct Bill,,,FALSE,TRUE,867.35
UPX9553400,FARM,120177,Renewal,4/1/2025,4/1/2026,4/1/2025,12,Personal Auto,Private Passenger Auto,Anthony Garcia,anthony.garcia@customer.net,"697 Kenneth Roads Suite 639, Port Donna, SD 89832",SD,"697 Kenneth Roads Suite 639, Port Donna, SD 89832",1,3,,,,50/100,500000,250,500,968.12,968.12,726.75,Direct Bill,,,FALSE,TRUE,241.37
CLE7617054,PRGS,120012,Endorsement,4/1/2025,4/1/2026,6/27/2025,12,Umbrella,Personal Umbrella,Ashley Meadows,ashley.meadows@example.com,"401 Coleman Canyon, Ronaldhaven, NM 57097",NM,"6836 Walker Knolls, Port Brian, MT 63813",,,,,,,,,,447.69,3.17,336.07,Direct Bill,,,FALSE,TRUE,111.62
ZZK4740578,AMFA,120100,New,4/1/2025,4/1/2026,4/1/2025,12,Personal Auto,Private Passenger Auto,Cody Schultz,cody.schultz@insmail.com,"6827 Martinez Courts, Hardymouth, TX 93625",TX,"6827 Martinez Courts, Hardymouth, TX 93625",2,1,,,,50/100,100000,1000,1000,1939.55,1939.55,1455.99,Direct Bill,,,FALSE,TRUE,483.56
ZJG6675225,TRAV,120195,Renewal,4/1/2025,4/1/2026,4/1/2025,12,Homeowners,HO3,Brooke Davis,brooke.davis@insmail.com,"25184 Rodriguez Unions, Port Christopher, AK 18626",AK,"25184 Rodriguez Unions, Port Christopher, AK 18626",,,2000,Non-Combustible,4,,,,,1146.82,1146.82,860.9,Agency Bill,,,FALSE,FALSE,285.92
UMP0950568,PRGS,120090,New,4/1/2025,4/1/2026,4/1/2025,12,Personal Auto,Private Passenger Auto,Joseph Watson,joseph.watson@mail.com,"35780 Dyer Crescent, North Robertmouth, CT 85458",CT,"35780 Dyer Crescent, North Robertmouth, CT 85458",2,3,,,,50/100,50000,500,1000,3350.89,3350.89,2515.46,Agency Bill,,,FALSE,TRUE,835.43
CVF1700421,TRAV,120179,New,4/1/2025,4/1/2026,4/1/2025,12,Personal Auto,Private Passenger Auto,Matthew Solis,matthew.solis@insmail.com,"80948 Ortega Ramp, East Jamieland, CA 94949",CA,"80948 Ortega Ramp, East Jamieland, CA 94949",1,2,,,,25/50,100000,2500,1000,1196.36,1196.36,898.09,Direct Bill,,,FALSE,TRUE,298.27
XPS5087478,HART,120151,Renewal,4/1/2025,4/1/2026,4/1/2025,12,Homeowners,HO3,Shelly Guerrero,shelly.guerrero@policyhub.org,"443 Todd Spur Apt. 029, Gonzalezville, IA 41320",IA,"443 Todd Spur Apt. 029, Gonzalezville, IA 41320",,,2002,Fire Resistive,6,,,,,1248.62,1248.62,937.32,Agency Bill,,,FALSE,TRUE,311.3
SGP9287534,FARM,120097,Renewal,4/1/2025,4/1/2026,4/1/2025,12,BOP,Businessowners,Austin Baker,austin.baker@insmail.com,"302 Jennifer Ranch Suite 781, North Jeffrey, PW 31386",PW,"302 Jennifer Ranch Suite 781, North Jeffrey, PW 31386",,,,Frame,6,,,,,12557.91,12557.91,9427.03,Direct Bill,,,FALSE,FALSE,3130.88
UGJ5165577,GEIC,120166,Renewal,4/1/2025,4/1/2026,4/1/2025,12,WC,Workers Compensation,Valerie Gonzalez,valerie.gonzalez@customer.net,"787 Fitzpatrick Extension, Gibsonburgh, NM 83923",NM,"39818 Anne Corners Suite 140, Mendezmouth, PW 27720",,,,,,,,,,6724.17,6724.17,5047.73,Direct Bill,,,FALSE,TRUE,1676.44
HEU3118154,LIBM,120194,Renewal,4/1/2025,4/1/2026,4/1/2025,12,Homeowners,HO3,Samantha Hall,samantha.hall@customer.net,"2655 Hendrix Inlet, Port Aliciatown, NV 09233",NV,"82063 Jack Summit Apt. 478, Port Matthewhaven, AR 51414",,,1982,Non-Combustible,7,,,,,682.11,682.11,512.05,Direct Bill,,,FALSE,TRUE,170.06
VXP9339947,LIBM,120190,New,4/1/2025,4/1/2026,4/1/2025,12,Personal Auto,Private Passenger Auto,Tyler Edwards,tyler.edwards@insmail.com,"9342 Amanda Spur Suite 913, Lake Kelsey, ID 99270",ID,"26332 Kari Fork Apt. 716, Port Glennburgh, AS 51694",1,2,,,,50/100,50000,2500,500,1424.11,1424.11,1069.06,Direct Bill,,,FALSE,TRUE,355.05
WVV4502146,AMFA,120192,New,4/1/2025,4/1/2026,4/1/2025,12,Personal Auto,Private Passenger Auto,Kevin Taylor,kevin.taylor@example.com,"850 Christine Mill, Gregoryville, SC 46509",SC,"850 Christine Mill, Gregoryville, SC 46509",1,2,,,,50/100,100000,500,500,847.43,847.43,636.15,Direct Bill,,,FALSE,TRUE,211.28
ADF9428149,LIBM,120161,New,4/1/2025,4/1/2026,4/1/2025,12,Personal Auto,Private Passenger Auto,Rachael Payne,rachael.payne@example.com,"19231 Erica Stream, Cordovaton, NJ 60450",NJ,"19231 Erica Stream, Cordovaton, NJ 60450",3,3,,,,25/50,250000,500,500,1527.8,1527.8,1146.9,Agency Bill,,,FALSE,TRUE,380.9
HZW3369911,LIBM,120148,New,4/1/2025,4/1/2026,4/1/2025,12,Personal Auto,Private Passenger Auto,Andrew Pace,andrew.pace@example.com,"582 Moss Center Apt. 059, Erinburgh, IA 25049",IA,"582 Moss Center Apt. 059, Erinburgh, IA 25049",3,1,,,,25/50,50000,250,500,758.12,758.12,569.11,Direct Bill,,,FALSE,TRUE,189.01
YNU4356359,GEIC,120033,New,4/1/2025,4/1/2026,4/1/2025,12,Personal Auto,Private Passenger Auto,Joshua Woodward,joshua.woodward@customer.net,"58343 Jensen Road Apt. 899, New Davidside, UT 64444",UT,"58343 Jensen Road Apt. 899, New Davidside, UT 64444",2,1,,,,50/100,250000,500,1000,871.77,871.77,654.42,Direct Bill,,,FALSE,TRUE,217.35
TBV0868979,LIBM,120064,New,4/1/2025,4/1/2026,4/1/2025,12,Personal Auto,Private Passenger Auto,John Tanner,john.tanner@customer.net,"2597 Brittany Lane Apt. 795, South Paula, IL 63550",IL,"2597 Brittany Lane Apt. 795, South Paula, IL 63550",4,2,,,,25/50,250000,1000,500,2170.55,2170.55,1629.4,Direct Bill,,,FALSE,TRUE,541.15
FYN2721719,NATI,120298,Renewal,4/1/2025,4/1/2026,4/1/2025,12,Homeowners,HO3,John Simpson,john.simpson@policyhub.org,"3580 Evan Courts Suite 304, Griffinport, NE 73379",NE,"3580 Evan Courts Suite 304, Griffinport, NE 73379",,,1977,Non-Combustible,9,,,,,2502.49,2502.49,1878.58,Agency Bill,,,FALSE,FALSE,623.91
JEZ0606389,FARM,120152,Renewal,4/1/2025,4/1/2026,4/1/2025,12,WC,Workers Compensation,Jesse Brown,jesse.brown@policyhub.org,"0518 Chapman Valley Apt. 147, Nelsonview, OH 03115",OH,"0518 Chapman Valley Apt. 147, Nelsonview, OH 03115",,,,,,,,,,6604.07,6604.07,4957.58,Agency Bill,,,FALSE,TRUE,1646.49
TRE0777420,HART,120243,Renewal,4/1/2025,4/1/2026,4/1/2025,12,BOP,Businessowners,Victoria Cruz,victoria.cruz@mail.com,"16470 Kelly Manor Apt. 771, New Angela, SD 09795",SD,"4730 Donald Bridge, Port Julia, LA 41598",,,,Frame,8,,,,,5076.77,5076.77,3811.05,Direct Bill,,,FALSE,TRUE,1265.72
DNB9786013,PRGS,120054,Renewal,4/1/2025,4/1/2026,4/1/2025,12,BOP,Businessowners,Holly White,holly.white@example.com,"3996 May Grove Apt. 725, West Allen, MO 63036",MO,"3996 May Grove Apt. 725, West Allen, MO 63036",,,,Masonry Veneer,10,,,,,5048.49,5048.49,3789.83,Agency Bill,,,FALSE,TRUE,1258.66
ZSA3263919,PRGS,120293,Endorsement,4/1/2025,4/1/2026,2/13/2026,12,Umbrella,Personal Umbrella,Claudia Brock,claudia.brock@insmail.com,"9310 Clark Meadows, Amandaberg, RI 50976",RI,"9310 Clark Meadows, Amandaberg, RI 50976",,,,,,,,,,247.28,-3.21,185.63,Direct Bill,,,FALSE,FALSE,61.65
PEX7958208,LIBM,120164,Endorsement,4/1/2025,4/1/2026,2/28/2026,12,Umbrella,Personal Umbrella,Ronnie Simpson,ronnie.simpson@mail.com,"5576 Matthew Burgs Suite 395, Stoutbury, VT 11808",VT,"5576 Matthew Burgs Suite 395, Stoutbury, VT 11808",,,,,,,,,,343.89,-17.62,258.15,Agency Bill,,,FALSE,TRUE,85.74
JMG3713088,CHUB,120204,Renewal,4/1/2025,4/1/2026,4/1/2025,12,Homeowners,HO3,Joseph Brown,joseph.brown@example.com,"158 Morris Spur, Heatherfurt, MA 12944",MA,"158 Morris Spur, Heatherfurt, MA 12944",,,2001,Frame,7,,,,,1398.15,1398.15,1049.57,Direct Bill,,,FALSE,TRUE,348.58
YJB4554668,FARM,120207,Renewal,4/1/2025,4/1/2026,4/1/2025,12,Homeowners,HO3,Jack Campbell,jack.campbell@customer.net,"7960 Bryan Radial Apt. 408, Bradfordhaven, OK 08976",OK,"237 Delgado Rapid, East Derrick, NV 59860",,,2001,Frame,5,,,,,2580.14,2580.14,1936.87,Direct Bill,,,FALSE,TRUE,643.27
UDS2591383,PRGS,120172,Cancel,4/1/2025,3/12/2026,3/12/2026,12,Package,Commercial Package,Michael Barton,michael.barton@insmail.com,"676 Zuniga Squares, Robertchester, VT 43708",VT,"676 Zuniga Squares, Robertchester, VT 43708",,,,Masonry,4,,,,,10356.04,0,8224.8,Direct Bill,3/21/2024,,FALSE,TRUE,2131.24
UBE2688430,PRGS,120252,New,4/1/2025,4/1/2026,4/1/2025,12,Personal Auto,Private Passenger Auto,Gerald Jones,gerald.jones@policyhub.org,"4513 Johnny Mills Apt. 705, Hessberg, OR 52524",OR,"40841 Miranda Mount Apt. 014, East Amberborough, AL 38346",4,3,,,,25/50,50000,1000,500,2107.7,2107.7,1582.22,Direct Bill,,,FALSE,TRUE,525.48
XPH9561586,HART,120260,Renewal,4/1/2025,4/1/2026,4/1/2025,12,BOP,Businessowners,Tonya Ewing,tonya.ewing@policyhub.org,"854 Rebecca Alley Suite 192, Thomasview, PR 69267",PR,"854 Rebecca Alley Suite 192, Thomasview, PR 69267",,,,Frame,7,,,,,6917.92,6917.92,5193.18,Agency Bill,,,FALSE,FALSE,1724.74
PGP3085822,TRAV,120132,New,4/1/2025,4/1/2026,4/1/2025,12,Personal Auto,Private Passenger Auto,Suzanne Barron,suzanne.barron@customer.net,"77251 David Fords Suite 894, East Gabriel, IA 57314",IA,"77251 David Fords Suite 894, East Gabriel, IA 57314",3,2,,,,50/100,50000,500,1000,2217.79,2217.79,1664.86,Direct Bill,,,FALSE,TRUE,552.93
LXZ4308339,GEIC,120123,Reinstate,4/1/2025,4/1/2026,6/4/2025,12,Package,Commercial Package,Jared Atkinson,jared.atkinson@example.com,"58890 James Pines Suite 521, Jenkinsville, AS 39228",AS,"58890 James Pines Suite 521, Jenkinsville, AS 39228",,,,Masonry Veneer,6,,,,,21177.89,0,15897.92,Agency Bill,,12/31/2021,FALSE,FALSE,5279.97
MLM6808936,LIBM,120291,New,4/1/2025,4/1/2026,4/1/2025,12,Personal Auto,Private Passenger Auto,Cheyenne Oconnell,cheyenne.oconnell@example.com,"29517 Clark Corners Apt. 802, Lewisport, MS 14105",MS,"29517 Clark Corners Apt. 802, Lewisport, MS 14105",1,1,,,,50/100,50000,500,1000,1427.9,1427.9,1071.9,Direct Bill,,,FALSE,TRUE,356
ZKA1320794,TRAV,120231,Renewal,4/1/2025,4/1/2026,4/1/2025,12,BOP,Businessowners,Benjamin Torres,benjamin.torres@example.com,"8616 Tyler Course Apt. 424, Franklinview, NC 84142",NC,"8616 Tyler Course Apt. 424, Franklinview, NC 84142",,,,Non-Combustible,7,,,,,2286.71,2286.71,1716.6,Agency Bill,,,FALSE,FALSE,570.11
SMU7947712,HART,120211,Renewal,4/1/2025,4/1/2026,4/1/2025,12,WC,Workers Compensation,Brooke Boyd,brooke.boyd@mail.com,"941 Webb Stream Apt. 312, South Nathanstad, AS 26475",AS,"17136 Dustin Fords Suite 556, Lake Kelly, LA 32678",,,,,,,,,,4478.45,4478.45,3361.9,Direct Bill,,,FALSE,FALSE,1116.55
USE8388056,PRGS,120267,Renewal,4/1/2025,4/1/2026,4/1/2025,12,Homeowners,HO3,Joshua Wright,joshua.wright@example.com,"48590 Jay Lane, Port Jacqueline, VI 71319",VI,"48590 Jay Lane, Port Jacqueline, VI 71319",,,1992,Frame,5,,,,,873.43,873.43,655.67,Direct Bill,,,FALSE,TRUE,217.76
RCK5362543,GEIC,120030,Renewal,4/1/2025,4/1/2026,4/1/2025,12,BOP,Businessowners,John Berry,john.berry@example.com,"7826 Owens Divide Suite 571, Garciaville, TN 62334",TN,"7826 Owens Divide Suite 571, Garciaville, TN 62334",,,,Masonry,10,,,,,2766.86,2766.86,2077.04,Agency Bill,,,FALSE,FALSE,689.82
YEK1483909,PRGS,120205,New,4/1/2025,4/1/2026,4/1/2025,12,Personal Auto,Private Passenger Auto,Michael Wilson,michael.wilson@insmail.com,"8502 Joshua Lodge, Alexisfurt, VI 05702",VI,"8502 Joshua Lodge, Alexisfurt, VI 05702",1,3,,,,25/50,50000,1000,1000,2461.43,2461.43,1847.76,Direct Bill,,,FALSE,TRUE,613.67
HZG8041980,GEIC,120014,New,4/1/2025,4/1/2026,4/1/2025,12,Personal Auto,Private Passenger Auto,Ryan Lloyd,ryan.lloyd@insmail.com,"4659 Shannon Wall Apt. 207, New Dwayne, VT 88096",VT,"4659 Shannon Wall Apt. 207, New Dwayne, VT 88096",2,1,,,,25/50,250000,1000,250,2140.08,2140.08,1606.53,Direct Bill,,,FALSE,TRUE,533.55
JUB1160928,PRGS,120217,Renewal,4/1/2025,4/1/2026,4/1/2025,12,BOP,Businessowners,Richard Sandoval,richard.sandoval@customer.net,"7430 Donald Knoll Suite 082, Nicoleland, ID 06921",ID,"7430 Donald Knoll Suite 082, Nicoleland, ID 06921",,,,Frame,4,,,,,7485.95,7485.95,5619.59,Direct Bill,,,FALSE,TRUE,1866.36
YEE1910255,GEIC,120248,New,4/1/2025,4/1/2026,4/1/2025,12,Personal Auto,Private Passenger Auto,Kimberly Rangel,kimberly.rangel@mail.com,"38430 Williamson Parkway Apt. 016, Lake Angelaview, TN 28954",TN,"93223 Lopez Path Suite 851, Frederickside, NE 25970",2,4,,,,25/50,250000,500,500,1426.55,1426.55,1070.89,Agency Bill,,,FALSE,TRUE,355.66
JET6909135,AMFA,120081,Endorsement,4/1/2025,4/1/2026,9/27/2025,12,Umbrella,Personal Umbrella,Sean Estrada,sean.estrada@example.com,"40892 Kiara Groves Apt. 318, Penaport, AS 27007",AS,"40892 Kiara Groves Apt. 318, Penaport, AS 27007",,,,,,,,,,163.75,-0.8,122.92,Direct Bill,,,FALSE,TRUE,40.83
GZB3413647,AMFA,120019,Renewal,4/1/2025,4/1/2026,4/1/2025,12,WC,Workers Compensation,Joshua Mendez,joshua.mendez@mail.com,"145 Thompson Road, Port Kathleenview, OR 88996",OR,"145 Thompson Road, Port Kathleenview, OR 88996",,,,,,,,,,2939.43,2939.43,2206.59,Agency Bill,,,FALSE,FALSE,732.84
XPU8061183,AMFA,120094,Endorsement,4/1/2025,4/1/2026,2/13/2026,12,Umbrella,Personal Umbrella,Brandi Everett,brandi.everett@customer.net,"479 Harris Lock, Hernandezmouth, DE 32958",DE,"479 Harris Lock, Hernandezmouth, DE 32958",,,,,,,,,,618.91,16.38,464.61,Direct Bill,,,FALSE,TRUE,154.3
NZW8638286,TRAV,120283,Renewal,4/1/2025,4/1/2026,4/1/2025,12,WC,Workers Compensation,Erika Smith,erika.smith@policyhub.org,"620 Jerry Keys Suite 994, South Samuel, KY 54858",KY,"620 Jerry Keys Suite 994, South Samuel, KY 54858",,,,,,,,,,2000,2000,1501.37,Direct Bill,,,FALSE,TRUE,498.63
TNG3953695,LIBM,120117,Renewal,4/1/2025,4/1/2026,4/1/2025,12,Umbrella,Personal Umbrella,Hannah Sellers,hannah.sellers@policyhub.org,"39029 Mcdonald Trafficway, Williamfurt, AL 22262",AL,"39029 Mcdonald Trafficway, Williamfurt, AL 22262",,,,,,,,,,446.22,446.22,334.97,Direct Bill,,,FALSE,TRUE,111.25
SFP2421388,PRGS,120137,Renewal,4/1/2025,4/1/2026,4/1/2025,12,BOP,Businessowners,Karen Miller,karen.miller@mail.com,"901 Henry Union Suite 524, Harveyburgh, MD 29356",MD,"901 Henry Union Suite 524, Harveyburgh, MD 29356",,,,Frame,4,,,,,5337.58,5337.58,4006.84,Direct Bill,,,FALSE,TRUE,1330.74
UYZ1392359,ALLS,120136,New,4/1/2025,4/1/2026,4/1/2025,12,Personal Auto,Private Passenger Auto,Kenneth Smith,kenneth.smith@mail.com,"7019 Jessica Junction, Barberberg, WY 52995",WY,"7019 Jessica Junction, Barberberg, WY 52995",1,3,,,,50/100,100000,500,2500,1364.52,1364.52,1024.32,Direct Bill,,,FALSE,TRUE,340.2
BHH7451945,PRGS,120097,Renewal,4/1/2025,4/1/2026,4/1/2025,12,Personal Auto,Private Passenger Auto,Kari Christensen,kari.christensen@policyhub.org,"9557 Brittney Streets, North Cynthia, MN 27490",MN,"821 Martin Hollow Suite 439, Lake Sara, CA 01761",2,5,,,,50/100,50000,500,1000,2355.07,2355.07,1767.92,Agency Bill,,,FALSE,TRUE,587.15
ZAG6063161,TRAV,120214,Renewal,4/1/2025,4/1/2026,4/1/2025,12,Homeowners,HO3,Brittany Garcia,brittany.garcia@policyhub.org,"753 Hines Prairie Apt. 034, Lake Lawrenceland, NH 99552",NH,"753 Hines Prairie Apt. 034, Lake Lawrenceland, NH 99552",,,1977,Frame,6,,,,,1114.81,1114.81,836.87,Direct Bill,,,FALSE,TRUE,277.94
HSC1103476,TRAV,120015,Renewal,4/1/2025,4/1/2026,4/1/2025,12,WC,Workers Compensation,Sean Cooper,sean.cooper@customer.net,"45435 Karen Meadows Apt. 340, Gillside, NJ 40658",NJ,"30966 Carter Divide, Brianfort, GU 10663",,,,,,,,,,4416.32,4416.32,3315.26,Agency Bill,,,FALSE,FALSE,1101.06
FLU3076794,TRAV,120066,New,4/1/2025,4/1/2026,4/1/2025,12,Personal Auto,Private Passenger Auto,Jennifer Stark,jennifer.stark@customer.net,"60771 Matthew Isle, Jonesburgh, MN 02439",MN,"60771 Matthew Isle, Jonesburgh, MN 02439",2,1,,,,25/50,100000,500,1000,812.34,812.34,609.81,Direct Bill,,,FALSE,TRUE,202.53
YFU5459712,AMFA,120128,Renewal,4/1/2025,4/1/2026,4/1/2025,12,WC,Workers Compensation,Paul Fisher,paul.fisher@customer.net,"788 Barbara Ports, South Debbie, AZ 91738",AZ,"788 Barbara Ports, South Debbie, AZ 91738",,,,,,,,,,6228.91,6228.91,4675.95,Agency Bill,,,FALSE,FALSE,1552.96
EFM5857389,TRAV,120004,Renewal,4/1/2025,4/1/2026,4/1/2025,12,Personal Auto,Private Passenger Auto,Steven Maddox,steven.maddox@example.com,"650 Fox Springs, Lake Keith, VA 22558",VA,"2907 Evan Throughway, South Carl, NV 93684",3,3,,,,50/100,100000,500,250,1243.78,1243.78,933.69,Direct Bill,,,FALSE,TRUE,310.09
RTY1258108,LIBM,120017,Cancel,4/1/2025,12/26/2025,12/26/2025,12,Package,Commercial Package,Brandon Newman,brandon.newman@example.com,"62535 Heather Causeway Apt. 800, South Amanda, DE 16951",DE,"62535 Heather Causeway Apt. 800, South Amanda, DE 16951",,,,Joisted Masonry,4,,,,,5166.51,0,5166.51,Direct Bill,12/19/2023,,FALSE,TRUE,0
WVM3168572,PRGS,120230,New,4/1/2025,4/1/2026,4/1/2025,12,Personal Auto,Private Passenger Auto,Samuel Murphy,samuel.murphy@insmail.com,"3425 Smith Drive Apt. 606, West Jesusland, WY 52069",WY,"3425 Smith Drive Apt. 606, West Jesusland, WY 52069",3,3,,,,25/50,500000,500,250,2399.81,2399.81,1801.5,Agency Bill,,,FALSE,FALSE,598.31
VML3770975,TRAV,120032,Renewal,4/1/2025,4/1/2026,4/1/2025,12,Homeowners,HO3,Allison Dixon,allison.dixon@mail.com,"71514 Larry Rapids, West Brenda, AS 22675",AS,"71514 Larry Rapids, West Brenda, AS 22675",,,2008,Frame,5,,,,,2191.7,2191.7,1645.28,Agency Bill,,,FALSE,TRUE,546.42
CKC7217261,HART,120227,Renewal,4/1/2025,4/1/2026,4/1/2025,12,WC,Workers Compensation,Katrina Berry,katrina.berry@example.com,"0285 Bryce Crescent Apt. 435, Gayton, VA 20236",VA,"0285 Bryce Crescent Apt. 435, Gayton, VA 20236",,,,,,,,,,16927.36,16927.36,12707.11,Direct Bill,,,FALSE,FALSE,4220.25
LFT8668316,CHUB,120267,New,4/1/2025,4/1/2026,4/1/2025,12,Personal Auto,Private Passenger Auto,Kent Dougherty,kent.dougherty@policyhub.org,"86753 Brandon Spurs, West William, LA 45077",LA,"40140 Reynolds Skyway Apt. 235, Ryanview, MS 64292",3,3,,,,50/100,100000,500,500,2346.1,2346.1,1761.18,Direct Bill,,,FALSE,TRUE,584.92
ZMZ4447455,ALLS,120007,New,4/1/2025,4/1/2026,4/1/2025,12,Personal Auto,Private Passenger Auto,Gregory Gordon,gregory.gordon@customer.net,"9076 Scott Throughway, North Robertside, VT 43742",VT,"9076 Scott Throughway, North Robertside, VT 43742",2,2,,,,50/100,250000,2500,500,1456.77,1456.77,1093.58,Direct Bill,,,FALSE,TRUE,363.19
SRW4030323,AMFA,120001,New,4/1/2025,4/1/2026,4/1/2025,12,Personal Auto,Private Passenger Auto,David Johns,david.johns@customer.net,"31535 Joel Creek, New Darrellview, NY 47275",NY,"31535 Joel Creek, New Darrellview, NY 47275",2,3,,,,25/50,100000,500,250,3623.39,3623.39,2720.02,Direct Bill,,,FALSE,TRUE,903.37
ZDP6166555,LIBM,120036,New,4/1/2025,4/1/2026,4/1/2025,12,Personal Auto,Private Passenger Auto,Anthony Thompson,anthony.thompson@example.com,"943 Tina Run Apt. 640, New Billyport, FM 14756",FM,"899 Hernandez Stravenue, New Amanda, AR 83733",2,1,,,,50/100,50000,2500,500,1867.68,1867.68,1402.04,Direct Bill,,,FALSE,TRUE,465.64
SUV6557282,TRAV,120034,Endorsement,4/1/2025,4/1/2026,12/5/2025,12,Umbrella,Personal Umbrella,William Nelson,william.nelson@customer.net,"8770 Jennifer Plain, Mayview, LA 13902",LA,"8770 Jennifer Plain, Mayview, LA 13902",,,,,,,,,,439.39,12.68,329.84,Agency Bill,,,FALSE,TRUE,109.55
ETP6315225,PRGS,120283,Cancel,4/1/2025,4/20/2025,4/20/2025,12,Package,Commercial Package,Debbie Goodman,debbie.goodman@insmail.com,"19688 Sarah Pine Apt. 978, Herrerahaven, TN 66383",TN,"19688 Sarah Pine Apt. 978, Herrerahaven, TN 66383",,,,Frame,9,,,,,10991.76,0,10991.76,Direct Bill,9/2/2024,,FALSE,TRUE,0
TAL3819931,ALLS,120190,Renewal,4/1/2025,4/1/2026,4/1/2025,12,BOP,Businessowners,Kelli Bennett,kelli.bennett@insmail.com,"87899 Harper Mountains Apt. 407, Collinsstad, AK 64641",AK,"87899 Harper Mountains Apt. 407, Collinsstad, AK 64641",,,,Non-Combustible,3,,,,,4669.66,4669.66,3505.44,Direct Bill,,,FALSE,TRUE,1164.22
LGC5485261,TRAV,120292,Renewal,4/1/2025,4/1/2026,4/1/2025,12,Personal Auto,Private Passenger Auto,Courtney Gray,courtney.gray@insmail.com,"60276 Regina Keys, Robinton, WA 17213",WA,"60276 Regina Keys, Robinton, WA 17213",1,3,,,,50/100,50000,2500,500,2354.73,2354.73,1767.66,Direct Bill,,,FALSE,TRUE,587.07
SRP6835964,PRGS,120173,New,4/1/2025,4/1/2026,4/1/2025,12,Personal Auto,Private Passenger Auto,Joseph Martinez,joseph.martinez@insmail.com,"28495 Koch Island Suite 129, East Hannah, FL 96103",FL,"28495 Koch Island Suite 129, East Hannah, FL 96103",3,1,,,,25/50,100000,500,1000,1243.98,1243.98,933.84,Direct Bill,,,FALSE,TRUE,310.14
PXM5567575,CHUB,120197,Renewal,4/1/2025,4/1/2026,4/1/2025,12,Homeowners,HO3,Russell Harris,russell.harris@example.com,"844 Roberts Extensions Apt. 834, Lake Taraland, WY 09704",WY,"844 Roberts Extensions Apt. 834, Lake Taraland, WY 09704",,,1990,Masonry,7,,,,,2078.66,2078.66,1560.42,Agency Bill,,,FALSE,TRUE,518.24
DCB3653946,PRGS,120058,New,4/1/2025,4/1/2026,4/1/2025,12,Personal Auto,Private Passenger Auto,David Hanna,david.hanna@example.com,"74529 Foster Landing, Jeffreyshire, SD 21767",SD,"2952 Burnett Fork, Lake Brandon, ID 37318",4,2,,,,50/100,100000,500,1000,2275.74,2275.74,1708.36,Direct Bill,,,FALSE,TRUE,567.38
FCF5040216,HART,120239,Renewal,4/1/2025,4/1/2026,4/1/2025,12,WC,Workers Compensation,Timothy Atkinson,timothy.atkinson@mail.com,"5518 Zimmerman Radial, Snyderhaven, KY 79213",KY,"5518 Zimmerman Radial, Snyderhaven, KY 79213",,,,,,,,,,2000,2000,1501.37,Agency Bill,,,FALSE,FALSE,498.63
DDS7824337,HART,120008,New,4/1/2025,4/1/2026,4/1/2025,12,Personal Auto,Private Passenger Auto,Bradley Smith,bradley.smith@customer.net,"397 Jesse Fields Suite 355, Olsonhaven, NC 37201",NC,"397 Jesse Fields Suite 355, Olsonhaven, NC 37201",3,2,,,,50/100,25000,250,500,1000.82,1000.82,751.3,Direct Bill,,,FALSE,TRUE,249.52
KNP7429817,LIBM,120170,Reinstate,4/1/2025,4/1/2026,4/18/2025,12,Package,Commercial Package,Ashley Stewart,ashley.stewart@example.com,"2010 Nicole Loop Suite 707, North Stephanieville, KS 42348",KS,"2010 Nicole Loop Suite 707, North Stephanieville, KS 42348",,,,Joisted Masonry,7,,,,,4634.12,0,3478.76,Agency Bill,,3/27/2021,FALSE,FALSE,1155.36
CRR5061310,LIBM,120058,Renewal,4/1/2025,4/1/2026,4/1/2025,12,Personal Auto,Private Passenger Auto,Susan Banks,susan.banks@mail.com,"73495 West Place, West Brandonbury, MS 03844",MS,"73495 West Place, West Brandonbury, MS 03844",1,2,,,,50/100,100000,1000,250,1627.32,1627.32,1221.6,Direct Bill,,,FALSE,TRUE,405.72
UWS4530588,HART,120065,Renewal,4/1/2025,4/1/2026,4/1/2025,12,Homeowners,HO3,Dustin Grant,dustin.grant@customer.net,"3088 Sosa Run Apt. 464, South Jeffrey, SD 10280",SD,"3088 Sosa Run Apt. 464, South Jeffrey, SD 10280",,,1996,Masonry,10,,,,,3469.06,3469.06,2604.17,Direct Bill,,,FALSE,TRUE,864.89
ZNK5577064,NATI,120040,New,4/1/2025,4/1/2026,4/1/2025,12,Personal Auto,Private Passenger Auto,Mark Harper,mark.harper@example.com,"9918 Jones Manor, Barnesberg, AR 23324",AR,"9918 Jones Manor, Barnesberg, AR 23324",1,2,,,,50/100,100000,2500,500,1842.8,1842.8,1383.36,Direct Bill,,,FALSE,TRUE,459.44
AKM2692320,ALLS,120083,Endorsement,4/1/2025,4/1/2026,2/13/2026,12,Umbrella,Personal Umbrella,Jamie Brown,jamie.brown@policyhub.org,"198 Mckinney Club Apt. 269, Raymondtown, CO 20275",CO,"198 Mckinney Club Apt. 269, Raymondtown, CO 20275",,,,,,,,,,702.73,-2.47,527.53,Agency Bill,,,FALSE,TRUE,175.2
PNZ1947306,GEIC,120058,Renewal,4/1/2025,4/1/2026,4/1/2025,12,BOP,Businessowners,Emily Murphy,emily.murphy@customer.net,"1874 Joshua Drive, Robinsonville, WY 70664",WY,"1874 Joshua Drive, Robinsonville, WY 70664",,,,Joisted Masonry,9,,,,,1500,1500,1126.03,Agency Bill,,,FALSE,TRUE,373.97
GNA2761646,HART,120260,New,4/1/2025,4/1/2026,4/1/2025,12,Personal Auto,Private Passenger Auto,Timothy Anderson,timothy.anderson@policyhub.org,"228 Hull Vista, Tuckerview, SC 25498",SC,"228 Hull Vista, Tuckerview, SC 25498",2,5,,,,50/100,100000,2500,1000,1169.57,1169.57,877.98,Agency Bill,,,FALSE,TRUE,291.59
DCA0500527,CHUB,120196,Endorsement,4/1/2025,4/1/2026,4/23/2025,12,Umbrella,Personal Umbrella,Courtney Mendoza,courtney.mendoza@customer.net,"15962 Brian Brook Suite 981, South Meganmouth, FL 38078",FL,"15962 Brian Brook Suite 981, South Meganmouth, FL 38078",,,,,,,,,,582.96,18.37,437.62,Direct Bill,,,FALSE,FALSE,145.34
DWW4465501,ALLS,120252,Renewal,4/1/2025,4/1/2026,4/1/2025,12,Personal Auto,Private Passenger Auto,Andrew Robinson,andrew.robinson@customer.net,"24946 Perez Parkways, Lake Philip, OK 93482",OK,"24946 Perez Parkways, Lake Philip, OK 93482",1,2,,,,50/100,100000,500,1000,1559.19,1559.19,1170.46,Agency Bill,,,FALSE,TRUE,388.73
BHZ6059875,LIBM,120225,Renewal,4/1/2025,4/1/2026,4/1/2025,12,Homeowners,HO3,Cathy Patrick,cathy.patrick@example.com,"244 Julia Valley, Josephmouth, GA 73520",GA,"244 Julia Valley, Josephmouth, GA 73520",,,2015,Frame,5,,,,,1220.78,1220.78,916.42,Agency Bill,,,FALSE,TRUE,304.36
TSZ1864103,CHUB,120147,New,4/1/2025,4/1/2026,4/1/2025,12,Personal Auto,Private Passenger Auto,Brian Scott,brian.scott@insmail.com,"19605 Mendez Lodge, North Nichole, UT 67930",UT,"19605 Mendez Lodge, North Nichole, UT 67930",3,1,,,,50/100,50000,250,2500,1545.3,1545.3,1160.03,Direct Bill,,,FALSE,TRUE,385.27
VGW2613143,LIBM,120183,Renewal,4/1/2025,4/1/2026,4/1/2025,12,Homeowners,HO3,Janice Hopkins,janice.hopkins@insmail.com,"87010 Mills Trail, East Scottside, CO 68642",CO,"87010 Mills Trail, East Scottside, CO 68642",,,1963,Non-Combustible,9,,,,,1527.13,1527.13,1146.39,Agency Bill,,,FALSE,TRUE,380.74
LJY5522689,GEIC,120011,New,4/1/2025,4/1/2026,4/1/2025,12,Personal Auto,Private Passenger Auto,Jonathan West,jonathan.west@policyhub.org,"41291 Griffin Estate, Cherylside, KS 34932",KS,"48457 Linda Curve, Kathrynborough, MP 01260",2,3,,,,50/100,100000,500,500,1601.82,1601.82,1202.46,Direct Bill,,,FALSE,TRUE,399.36
LEW4990851,ALLS,120142,Renewal,4/1/2025,4/1/2026,4/1/2025,12,WC,Workers Compensation,Natasha Houston,natasha.houston@mail.com,"9528 Todd Flats Apt. 395, Munozfort, NC 67271",NC,"9528 Todd Flats Apt. 395, Munozfort, NC 67271",,,,,,,,,,13166.81,13166.81,9884.13,Direct Bill,,,FALSE,TRUE,3282.68
UUY8021611,PRGS,120202,Renewal,4/1/2025,4/1/2026,4/1/2025,12,BOP,Businessowners,Ryan Gonzalez,ryan.gonzalez@example.com,"4825 Nicholas Shores, North Kendra, KS 94334",KS,"4825 Nicholas Shores, North Kendra, KS 94334",,,,Frame,9,,,,,3966.12,3966.12,2977.31,Agency Bill,,,FALSE,FALSE,988.81
WZL9526773,ALLS,120291,Renewal,4/1/2025,4/1/2026,4/1/2025,12,BOP,Businessowners,Christopher Phillips,christopher.phillips@example.com,"71382 Gary Valley, Lake Paul, OK 50449",OK,"2929 Cooper Mill, Solisland, CO 16645",,,,Masonry Veneer,8,,,,,2875.95,2875.95,2158.93,Agency Bill,,,FALSE,TRUE,717.02
ECU4679115,GEIC,120271,Renewal,4/1/2025,4/1/2026,4/1/2025,12,Personal Auto,Private Passenger Auto,Keith Brooks,keith.brooks@mail.com,"1872 Hall Mountain Apt. 302, North Eric, MO 17932",MO,"1872 Hall Mountain Apt. 302, North Eric, MO 17932",3,3,,,,50/100,250000,500,500,1821.38,1821.38,1367.28,Direct Bill,,,FALSE,TRUE,454.1
CSR1353210,AMFA,120262,New,4/1/2025,4/1/2026,4/1/2025,12,Personal Auto,Private Passenger Auto,Kristina Davis,kristina.davis@example.com,"763 James Hill Suite 628, East Heather, NM 22488",NM,"763 James Hill Suite 628, East Heather, NM 22488",2,3,,,,50/100,50000,250,500,2098.91,2098.91,1575.62,Direct Bill,,,FALSE,TRUE,523.29
CFV3201963,PRGS,120174,New,4/1/2025,4/1/2026,4/1/2025,12,Personal Auto,Private Passenger Auto,Mary Washington,mary.washington@example.com,"79930 Jackson Harbor Suite 679, New Catherine, GU 77766",GU,"79930 Jackson Harbor Suite 679, New Catherine, GU 77766",1,3,,,,50/100,50000,500,2500,1740.7,1740.7,1306.72,Direct Bill,,,FALSE,FALSE,433.98
JXN0942508,GEIC,120044,Renewal,4/1/2025,4/1/2026,4/1/2025,12,Homeowners,HO3,Megan Richardson,megan.richardson@insmail.com,"646 Catherine Cape, Simstown, IL 19570",IL,"0694 Jennifer Route, East Nicoleville, MT 17211",,,2014,Frame,9,,,,,5246.88,5246.88,3938.75,Direct Bill,,,FALSE,TRUE,1308.13
RTD4296973,AMFA,120209,Renewal,4/1/2025,4/1/2026,4/1/2025,12,Homeowners,HO3,Alex Lowe,alex.lowe@mail.com,"77993 Lowe Hill, Foxberg, ME 89381",ME,"77993 Lowe Hill, Foxberg, ME 89381",,,1974,Masonry Veneer,8,,,,,1578.41,1578.41,1184.89,Agency Bill,,,FALSE,TRUE,393.52
LBJ6564080,ALLS,120155,New,4/1/2025,4/1/2026,4/1/2025,12,Personal Auto,Private Passenger Auto,Jose Hansen,jose.hansen@customer.net,"09061 Stephen Land Suite 154, New Brianside, CA 40470",CA,"09061 Stephen Land Suite 154, New Brianside, CA 40470",3,1,,,,50/100,250000,500,500,776.13,776.13,582.63,Direct Bill,,,FALSE,TRUE,193.5
UHZ0078208,LIBM,120041,Endorsement,4/1/2025,4/1/2026,8/4/2025,12,Umbrella,Personal Umbrella,Michaela Torres,michaela.torres@customer.net,"73403 Emily Road Suite 970, Port Amber, OR 29286",OR,"42402 Miller Locks, Lake Carol, AK 82833",,,,,,,,,,486.27,-5.12,365.04,Direct Bill,,,FALSE,TRUE,121.23
BSX3242226,ALLS,120085,Renewal,4/1/2025,4/1/2026,4/1/2025,12,BOP,Businessowners,Renee Mitchell,renee.mitchell@mail.com,"79862 Tara Avenue Suite 729, Lake Kevinton, CA 49584",CA,"79862 Tara Avenue Suite 729, Lake Kevinton, CA 49584",,,,Fire Resistive,8,,,,,1983.08,1983.08,1488.67,Direct Bill,,,FALSE,TRUE,494.41
PAC0726578,LIBM,120193,Renewal,4/1/2025,4/1/2026,4/1/2025,12,Personal Auto,Private Passenger Auto,Brandon Mayer,brandon.mayer@customer.net,"0638 Brown Station Apt. 370, East Laura, NC 35281",NC,"0638 Brown Station Apt. 370, East Laura, NC 35281",2,1,,,,50/100,100000,500,500,1483.41,1483.41,1113.57,Agency Bill,,,FALSE,TRUE,369.84
FUM1865769,GEIC,120263,Renewal,4/1/2025,4/1/2026,4/1/2025,12,Homeowners,HO3,Rebecca Tucker,rebecca.tucker@mail.com,"135 Michael Ford, Garybury, ME 98763",ME,"135 Michael Ford, Garybury, ME 98763",,,2020,Non-Combustible,6,,,,,1825.83,1825.83,1370.62,Agency Bill,,,FALSE,TRUE,455.21
FGT6079159,HART,120103,New,4/1/2025,4/1/2026,4/1/2025,12,Personal Auto,Private Passenger Auto,Michael Ford,michael.ford@mail.com,"2839 Joshua Highway Suite 117, Taylormouth, FM 44922",FM,"6517 Fields Square, Elliottfort, HI 57601",1,2,,,,50/100,25000,1000,1000,1309.25,1309.25,982.83,Direct Bill,,,FALSE,TRUE,326.42
MNC8763288,ALLS,120004,Renewal,4/1/2025,4/1/2026,4/1/2025,12,BOP,Businessowners,Franklin Williams,franklin.williams@insmail.com,"770 Eric Row, West Ronaldfort, NC 91128",NC,"770 Eric Row, West Ronaldfort, NC 91128",,,,Frame,2,,,,,4539.78,4539.78,3407.94,Direct Bill,,,FALSE,FALSE,1131.84
AHE9655859,TRAV,120266,New,4/1/2025,4/1/2026,4/1/2025,12,Personal Auto,Private Passenger Auto,Paul Fisher,paul.fisher@mail.com,"7700 Williams Drives, New Lindaburgh, GA 36818",GA,"7700 Williams Drives, New Lindaburgh, GA 36818",2,3,,,,50/100,100000,1000,250,1528.42,1528.42,1147.36,Direct Bill,,,FALSE,TRUE,381.06
AFS9024724,ALLS,120140,Renewal,4/1/2025,4/1/2026,4/1/2025,12,WC,Workers Compensation,Brian Schneider,brian.schneider@policyhub.org,"82659 Carrie Ville Suite 923, Garymouth, IN 43173",IN,"82659 Carrie Ville Suite 923, Garymouth, IN 43173",,,,,,,,,,4801.67,4801.67,3604.54,Direct Bill,,,FALSE,TRUE,1197.13
MPE7226781,PRGS,120024,Renewal,4/1/2025,4/1/2026,4/1/2025,12,BOP,Businessowners,Joseph Taylor,joseph.taylor@mail.com,"77878 Crystal Inlet, Lake Richard, AZ 82998",AZ,"77878 Crystal Inlet, Lake Richard, AZ 82998",,,,Joisted Masonry,6,,,,,3436.1,3436.1,2579.43,Direct Bill,,,FALSE,TRUE,856.67
CLY5432141,LIBM,120218,Renewal,4/1/2025,4/1/2026,4/1/2025,12,BOP,Businessowners,Derek Harris,derek.harris@policyhub.org,"2868 Joshua Drive, Hughesfurt, MD 88729",MD,"2868 Joshua Drive, Hughesfurt, MD 88729",,,,Masonry Veneer,7,,,,,2962.61,2962.61,2223.99,Direct Bill,,,FALSE,FALSE,738.62
RRV1865154,GEIC,120017,New,4/1/2025,4/1/2026,4/1/2025,12,Personal Auto,Private Passenger Auto,Michelle Williams,michelle.williams@example.com,"693 Evelyn Ville, West Jimmy, AK 44987",AK,"693 Evelyn Ville, West Jimmy, AK 44987",1,1,,,,50/100,100000,1000,2500,1067.23,1067.23,801.15,Direct Bill,,,FALSE,TRUE,266.08
MAM3819093,PRGS,120135,New,4/1/2025,4/1/2026,4/1/2025,12,Personal Auto,Private Passenger Auto,Michelle Hoover,michelle.hoover@customer.net,"308 Ellis Port, Underwoodmouth, AR 30764",AR,"308 Ellis Port, Underwoodmouth, AR 30764",1,2,,,,50/100,100000,250,1000,2798.92,2798.92,2101.11,Direct Bill,,,FALSE,TRUE,697.81
XZF3825623,PRGS,120272,Rewrite,4/1/2025,4/1/2026,4/1/2025,12,Package,Commercial Package,Raven Garcia,raven.garcia@policyhub.org,"4722 Beth Shoals Apt. 697, Joeland, NE 54938",NE,"4722 Beth Shoals Apt. 697, Joeland, NE 54938",,,,Masonry,5,,,,,4325.29,4325.29,3246.93,Direct Bill,,,TRUE,TRUE,1078.36
XBR4237238,GEIC,120031,Renewal,4/1/2025,4/1/2026,4/1/2025,12,Homeowners,HO3,Robert Mora,robert.mora@policyhub.org,"25173 Wang Manor, Rebekahburgh, MO 82423",MO,"25173 Wang Manor, Rebekahburgh, MO 82423",,,2016,Frame,7,,,,,2089.86,2089.86,1568.83,Direct Bill,,,FALSE,TRUE,521.03
URB4759481,CHUB,120091,Renewal,4/1/2025,4/1/2026,4/1/2025,12,BOP,Businessowners,Adam Jones,adam.jones@example.com,"3855 Cook Throughway Suite 550, Charlesmouth, ND 03087",ND,"78190 Eric Spurs, Elizabethton, MI 22243",,,,Joisted Masonry,3,,,,,5938.12,5938.12,4457.66,Direct Bill,,,FALSE,FALSE,1480.46
PVH8325134,AMFA,120159,Endorsement,4/1/2025,4/1/2026,9/12/2025,12,Umbrella,Personal Umbrella,Megan Clark,megan.clark@insmail.com,"8993 Malone Mountain Suite 515, Port Alvinberg, MD 64436",MD,"8993 Malone Mountain Suite 515, Port Alvinberg, MD 64436",,,,,,,,,,510.37,-6.99,383.13,Direct Bill,,,FALSE,TRUE,127.24
ZTE9314981,TRAV,120097,New,4/1/2025,4/1/2026,4/1/2025,12,Personal Auto,Private Passenger Auto,Julie Howard,julie.howard@customer.net,"389 Young Cape Suite 551, South Alejandrochester, MA 14165",MA,"389 Young Cape Suite 551, South Alejandrochester, MA 14165",3,1,,,,50/100,100000,1000,2500,2458.81,2458.81,1845.79,Direct Bill,,,FALSE,TRUE,613.02
DGX6941871,TRAV,120252,Renewal,4/1/2025,4/1/2026,4/1/2025,12,Personal Auto,Private Passenger Auto,Cody Brady,cody.brady@example.com,"525 King Fork, Mendozaside, MA 28878",MA,"525 King Fork, Mendozaside, MA 28878",2,2,,,,50/100,50000,1000,1000,1860.75,1860.75,1396.84,Direct Bill,,,FALSE,TRUE,463.91
ZHX3080723,NATI,120044,Renewal,4/1/2025,4/1/2026,4/1/2025,12,Homeowners,HO3,Taylor Moses,taylor.moses@mail.com,"4544 Molly Street Apt. 100, Port Steven, FM 42717",FM,"4544 Molly Street Apt. 100, Port Steven, FM 42717",,,1973,Joisted Masonry,6,,,,,1155.15,1155.15,867.15,Direct Bill,,,FALSE,TRUE,288
DDN2450091,ALLS,120015,Renewal,4/1/2025,4/1/2026,4/1/2025,12,Homeowners,HO3,Cole Miller,cole.miller@policyhub.org,"6593 Heather Drive, Port Nathan, MT 45268",MT,"9932 Gross Locks Suite 767, East Lisa, CA 53004",,,1990,Masonry,6,,,,,500,500,375.34,Agency Bill,,,FALSE,TRUE,124.66
GRZ8972761,LIBM,120136,New,4/1/2025,4/1/2026,4/1/2025,12,Personal Auto,Private Passenger Auto,Jeffrey Moss,jeffrey.moss@insmail.com,"44939 Deanna Manors Suite 143, East Michaelview, MT 67932",MT,"44939 Deanna Manors Suite 143, East Michaelview, MT 67932",1,5,,,,50/100,50000,250,500,3214.92,3214.92,2413.39,Agency Bill,,,FALSE,TRUE,801.53
BSN6845812,LIBM,120230,New,4/1/2025,4/1/2026,4/1/2025,12,Personal Auto,Private Passenger Auto,Whitney Stewart,whitney.stewart@example.com,"369 Brown Forges, Diamondmouth, SC 47430",SC,"369 Brown Forges, Diamondmouth, SC 47430",2,1,,,,50/100,100000,500,500,1241.63,1241.63,932.07,Direct Bill,,,FALSE,TRUE,309.56
BSP2182707,NATI,120139,Renewal,4/1/2025,4/1/2026,4/1/2025,12,Homeowners,HO3,Mark Brown,mark.brown@mail.com,"268 Michelle Point Suite 659, New Greg, DE 92428",DE,"268 Michelle Point Suite 659, New Greg, DE 92428",,,1972,Frame,7,,,,,1957.26,1957.26,1469.29,Direct Bill,,,FALSE,TRUE,487.97
JBK2831215,PRGS,120245,Renewal,4/1/2025,4/1/2026,4/1/2025,12,BOP,Businessowners,Nicholas Swanson,nicholas.swanson@example.com,"501 Stacey Islands Suite 718, Simontown, RI 85816",RI,"501 Stacey Islands Suite 718, Simontown, RI 85816",,,,Masonry,5,,,,,10786.7,10786.7,8097.41,Direct Bill,,,FALSE,FALSE,2689.29
VFD8104408,AMFA,120065,New,4/1/2025,4/1/2026,4/1/2025,12,Personal Auto,Private Passenger Auto,Donald Guzman,donald.guzman@mail.com,"48560 David Islands Apt. 308, Jessefurt, CT 36676",CT,"3902 Tara Highway Apt. 728, Lake Jeffreyfurt, IL 09244",2,5,,,,50/100,100000,500,250,1672.09,1672.09,1255.21,Agency Bill,,,FALSE,TRUE,416.88
UCK2252286,AMFA,120278,New,4/1/2025,4/1/2026,4/1/2025,12,Personal Auto,Private Passenger Auto,Cory Tucker,cory.tucker@example.com,"790 Andrew Points Apt. 808, New Thomasville, VI 14177",VI,"790 Andrew Points Apt. 808, New Thomasville, VI 14177",1,2,,,,50/100,50000,500,500,1630.97,1630.97,1224.34,Direct Bill,,,FALSE,TRUE,406.63
DUD4350930,GEIC,120023,New,4/1/2025,4/1/2026,4/1/2025,12,Personal Auto,Private Passenger Auto,Scott Lane,scott.lane@mail.com,"09813 Rose Ramp Suite 121, Brewerland, NC 72671",NC,"6635 Williams Island, South Adrian, AR 03754",1,3,,,,50/100,50000,250,1000,3313.5,3313.5,2487.39,Direct Bill,,,FALSE,TRUE,826.11
THB5966539,TRAV,120043,New,4/1/2025,4/1/2026,4/1/2025,12,Personal Auto,Private Passenger Auto,Jason Moore,jason.moore@example.com,"5251 Jennings Groves, West John, PW 99838",PW,"5251 Jennings Groves, West John, PW 99838",2,2,,,,50/100,100000,500,1000,919.66,919.66,690.37,Direct Bill,,,FALSE,TRUE,229.29
TFD3506257,ALLS,120090,Reinstate,4/1/2025,4/1/2026,9/19/2025,12,Package,Commercial Package,Maria Thomas,maria.thomas@example.com,"696 Cynthia Wall, Port Patriciaport, NH 52605",NH,"696 Cynthia Wall, Port Patriciaport, NH 52605",,,,Frame,5,,,,,3000,0,2252.05,Direct Bill,,1/22/2024,FALSE,TRUE,747.95
ZXU1249149,CHUB,120298,New,4/1/2025,4/1/2026,4/1/2025,12,Personal Auto,Private Passenger Auto,Kelsey Wyatt,kelsey.wyatt@customer.net,"4799 Hunt Freeway Apt. 240, Colleentown, PW 89003",PW,"6419 Kaiser Rapid, Johnsonfurt, GA 52531",2,2,,,,25/50,100000,250,1000,1895.59,1895.59,1422.99,Direct Bill,,,FALSE,TRUE,472.6
UEJ2408852,LIBM,120208,Renewal,4/1/2025,4/1/2026,4/1/2025,12,Homeowners,HO3,Brian Hill,brian.hill@customer.net,"335 Monica Squares Suite 346, East Kayla, FL 17675",FL,"335 Monica Squares Suite 346, East Kayla, FL 17675",,,1971,Non-Combustible,6,,,,,1273.75,1273.75,956.18,Agency Bill,,,FALSE,TRUE,317.57
USY6607924,PRGS,120175,Endorsement,4/1/2025,4/1/2026,7/21/2025,12,Umbrella,Personal Umbrella,Alexa Rhodes,alexa.rhodes@mail.com,"35394 Miller Viaduct, North Maria, CT 51212",CT,"35394 Miller Viaduct, North Maria, CT 51212",,,,,,,,,,445.52,-0.88,334.45,Direct Bill,,,FALSE,TRUE,111.07
KGT5870507,GEIC,120235,New,4/1/2025,4/1/2026,4/1/2025,12,Personal Auto,Private Passenger Auto,Anna Reed,anna.reed@mail.com,"3174 Lloyd Port, North Matthewside, LA 62607",LA,"3174 Lloyd Port, North Matthewside, LA 62607",1,2,,,,25/50,250000,500,1000,2190.48,2190.48,1644.36,Direct Bill,,,FALSE,TRUE,546.12
BUW1718527,GEIC,120175,Renewal,4/1/2025,4/1/2026,4/1/2025,12,Homeowners,HO3,Daniel Thomas,daniel.thomas@policyhub.org,"7949 Dalton Roads, Matthewfurt, NY 63458",NY,"7949 Dalton Roads, Matthewfurt, NY 63458",,,1977,Joisted Masonry,8,,,,,2790.38,2790.38,2094.7,Direct Bill,,,FALSE,TRUE,695.68
TXV2055200,PRGS,120013,New,4/1/2025,4/1/2026,4/1/2025,12,Personal Auto,Private Passenger Auto,Christian Woodward,christian.woodward@customer.net,"65722 Louis Estates Suite 068, Robertmouth, KY 07725",KY,"65722 Louis Estates Suite 068, Robertmouth, KY 07725",2,3,,,,50/100,50000,2500,500,2633.98,2633.98,1977.29,Direct Bill,,,FALSE,TRUE,656.69
TCV6768273,AMFA,120033,Renewal,4/1/2025,4/1/2026,4/1/2025,12,Homeowners,HO3,Jocelyn Robinson,jocelyn.robinson@customer.net,"5570 Clark Glens Suite 655, New Brianafort, OH 45043",OH,"5570 Clark Glens Suite 655, New Brianafort, OH 45043",,,2007,Frame,10,,,,,1798.28,1798.28,1349.94,Direct Bill,,,FALSE,FALSE,448.34
ACH0406580,GEIC,120248,Renewal,4/1/2025,4/1/2026,4/1/2025,12,Homeowners,HO3,Sarah Franco,sarah.franco@mail.com,"099 Wang Parkways, Brockbury, PW 22770",PW,"099 Wang Parkways, Brockbury, PW 22770",,,1985,Fire Resistive,9,,,,,1711.94,1711.94,1285.13,Agency Bill,,,FALSE,TRUE,426.81
UZP5303069,FARM,120016,New,4/1/2025,4/1/2026,4/1/2025,12,Personal Auto,Private Passenger Auto,Nicole Blackburn,nicole.blackburn@example.com,"5930 Rodriguez Keys, Gregorymouth, TN 38770",TN,"5930 Rodriguez Keys, Gregorymouth, TN 38770",2,2,,,,50/100,250000,1000,1000,1111.62,1111.62,834.48,Agency Bill,,,FALSE,TRUE,277.14
NBJ0289645,NATI,120144,New,4/1/2025,4/1/2026,4/1/2025,12,Personal Auto,Private Passenger Auto,Brittany Rivera,brittany.rivera@insmail.com,"7257 Walker Island Apt. 394, North Kristina, CT 32981",CT,"7098 Wade Street Apt. 143, West Evan, ID 60891",2,2,,,,25/50,250000,1000,1000,2307.3,2307.3,1732.06,Agency Bill,,,FALSE,TRUE,575.24
WFH4325442,PRGS,120077,Renewal,4/1/2025,4/1/2026,4/1/2025,12,WC,Workers Compensation,Hannah Waters,hannah.waters@example.com,"214 Dunn Trace Suite 949, Christianton, KS 22704",KS,"214 Dunn Trace Suite 949, Christianton, KS 22704",,,,,,,,,,2783.98,2783.98,2089.89,Agency Bill,,,FALSE,TRUE,694.09
TGE6537964,TRAV,120081,New,4/1/2025,4/1/2026,4/1/2025,12,Personal Auto,Private Passenger Auto,Emily Henry,emily.henry@example.com,"3536 Ramirez Ville Suite 863, South Allisonborough, MN 07580",MN,"3536 Ramirez Ville Suite 863, South Allisonborough, MN 07580",3,2,,,,50/100,250000,500,500,616.14,616.14,462.53,Direct Bill,,,FALSE,TRUE,153.61
CMJ9230258,TRAV,120234,Cancel,4/1/2025,9/30/2025,9/30/2025,12,Package,Commercial Package,Lisa Novak,lisa.novak@mail.com,"9247 Crystal Avenue, New Michaelmouth, PR 81130",PR,"9247 Crystal Avenue, New Michaelmouth, PR 81130",,,,Masonry Veneer,8,,,,,6566.99,0,6566.99,Direct Bill,6/12/2023,,FALSE,TRUE,0
GVT2152094,LIBM,120165,Renewal,4/1/2025,4/1/2026,4/1/2025,12,Homeowners,HO3,Kristin Reid,kristin.reid@customer.net,"5287 Joshua Trafficway, Walkerville, AL 57736",AL,"5287 Joshua Trafficway, Walkerville, AL 57736",,,1981,Non-Combustible,6,,,,,3373.16,3373.16,2532.18,Agency Bill,,,FALSE,TRUE,840.98
NXA1487878,LIBM,120178,New,4/1/2025,4/1/2026,4/1/2025,12,Personal Auto,Private Passenger Auto,Robert Harris,robert.harris@insmail.com,"39901 Daniel Valleys Suite 293, Whitneybury, VI 42002",VI,"5254 James Walks Apt. 507, East Jason, KY 70025",1,2,,,,50/100,50000,500,1000,2119.08,2119.08,1590.76,Direct Bill,,,FALSE,TRUE,528.32
GEY7810268,AMFA,120204,Renewal,4/1/2025,4/1/2026,4/1/2025,12,Homeowners,HO3,Courtney Daniel,courtney.daniel@example.com,"2232 Pitts Cape Apt. 222, Hernandezland, KS 85392",KS,"006 Christina Roads Suite 243, Lake Heidi, IN 36620",,,1979,Joisted Masonry,5,,,,,2123.25,2123.25,1593.89,Agency Bill,,,FALSE,TRUE,529.36
CNG8396676,TRAV,120138,New,4/1/2025,4/1/2026,4/1/2025,12,Personal Auto,Private Passenger Auto,Devin Lee,devin.lee@insmail.com,"59801 Johnson Ports Suite 491, Parsonsbury, AZ 11958",AZ,"59801 Johnson Ports Suite 491, Parsonsbury, AZ 11958",3,1,,,,25/50,250000,250,500,504.5,504.5,378.72,Direct Bill,,,FALSE,TRUE,125.78
KAJ3358348,GEIC,120111,Renewal,4/1/2025,4/1/2026,4/1/2025,12,Homeowners,HO3,Molly Farmer,molly.farmer@policyhub.org,"914 Matthew Mountains, West Richard, FL 25920",FL,"914 Matthew Mountains, West Richard, FL 25920",,,2017,Frame,7,,,,,2002.51,2002.51,1503.25,Agency Bill,,,FALSE,TRUE,499.26
EZE6714296,FARM,120047,Renewal,4/1/2025,4/1/2026,4/1/2025,12,Homeowners,HO3,Samantha Thompson,samantha.thompson@mail.com,"21364 Lucero Loop, Raymondstad, AS 05747",AS,"21364 Lucero Loop, Raymondstad, AS 05747",,,2005,Masonry,5,,,,,1010.65,1010.65,758.68,Direct Bill,,,FALSE,TRUE,251.97
PNH1774598,ALLS,120154,Renewal,4/1/2025,4/1/2026,4/1/2025,12,Homeowners,HO3,Brandi Kane,brandi.kane@mail.com,"256 Wheeler Inlet, Lake Devinmouth, WV 94003",WV,"256 Wheeler Inlet, Lake Devinmouth, WV 94003",,,1990,Frame,7,,,,,879.58,879.58,660.29,Agency Bill,,,FALSE,TRUE,219.29
DSS8645551,GEIC,120131,Renewal,4/1/2025,4/1/2026,4/1/2025,12,WC,Workers Compensation,Thomas Perez,thomas.perez@mail.com,"00383 Phillips Dam, Jonathanfort, NM 95487",NM,"00383 Phillips Dam, Jonathanfort, NM 95487",,,,,,,,,,2210.27,2210.27,1659.22,Agency Bill,,,FALSE,FALSE,551.05
MLH9058825,LIBM,120168,Renewal,4/1/2025,4/1/2026,4/1/2025,12,BOP,Businessowners,Daniel Barnes,daniel.barnes@customer.net,"89946 Anderson Greens Suite 378, East Alanville, NH 57111",NH,"56800 Mary View Suite 412, Lake Andrew, NE 68548",,,,Masonry Veneer,3,,,,,1730.83,1730.83,1299.31,Direct Bill,,,FALSE,FALSE,431.52
FFM7162912,PRGS,120289,Renewal,4/1/2025,4/1/2026,4/1/2025,12,BOP,Businessowners,Alyssa Martinez,alyssa.martinez@insmail.com,"6531 Schmidt Passage, South Christopher, VA 57856",VA,"6531 Schmidt Passage, South Christopher, VA 57856",,,,Masonry Veneer,7,,,,,15000,15000,11260.27,Direct Bill,,,FALSE,TRUE,3739.73
BTN0006989,AMFA,120284,Renewal,4/1/2025,4/1/2026,4/1/2025,12,Homeowners,HO3,Donna Perez,donna.perez@insmail.com,"6789 Schneider Corner, West Elizabethmouth, IA 67581",IA,"6789 Schneider Corner, West Elizabethmouth, IA 67581",,,2003,Frame,5,,,,,2356.01,2356.01,1768.62,Direct Bill,,,FALSE,FALSE,587.39
KFG0273247,CHUB,120096,Endorsement,4/1/2025,4/1/2026,7/6/2025,12,Umbrella,Personal Umbrella,Christine Dunn,christine.dunn@mail.com,"4613 Kirsten Creek Suite 971, Amymouth, MP 68039",MP,"4613 Kirsten Creek Suite 971, Amymouth, MP 68039",,,,,,,,,,376.94,-14.08,282.96,Direct Bill,,,FALSE,FALSE,93.98
TYA1352616,LIBM,120291,Renewal,4/1/2025,4/1/2026,4/1/2025,12,Homeowners,HO3,Sherry Parks,sherry.parks@mail.com,"5738 Bullock Greens Apt. 086, New Laura, DE 81297",DE,"5738 Bullock Greens Apt. 086, New Laura, DE 81297",,,2010,Joisted Masonry,10,,,,,3283.92,3283.92,2465.19,Agency Bill,,,FALSE,FALSE,818.73
PLM7150323,NATI,120238,Renewal,4/1/2025,4/1/2026,4/1/2025,12,BOP,Businessowners,Marcus Coleman,marcus.coleman@mail.com,"2740 Romero Circle Suite 807, Michaelland, LA 05887",LA,"2740 Romero Circle Suite 807, Michaelland, LA 05887",,,,Frame,6,,,,,7194.44,7194.44,5400.76,Direct Bill,,,FALSE,TRUE,1793.68
CHR3254828,GEIC,120194,New,4/1/2025,4/1/2026,4/1/2025,12,Personal Auto,Private Passenger Auto,Raymond Kelly,raymond.kelly@example.com,"7387 James Freeway, Anthonyside, UT 83107",UT,"7387 James Freeway, Anthonyside, UT 83107",1,1,,,,50/100,100000,250,1000,683.85,683.85,513.36,Direct Bill,,,FALSE,TRUE,170.49
MYW4034937,HART,120096,Renewal,4/1/2025,4/1/2026,4/1/2025,12,Umbrella,Personal Umbrella,David Perez,david.perez@customer.net,"03122 Hernandez Track Suite 064, Phillipsview, SC 21242",SC,"03122 Hernandez Track Suite 064, Phillipsview, SC 21242",,,,,,,,,,624.85,624.85,469.07,Agency Bill,,,FALSE,FALSE,155.78
CSJ0321275,ALLS,120270,Renewal,4/1/2025,4/1/2026,4/1/2025,12,WC,Workers Compensation,Adam Martinez,adam.martinez@insmail.com,"087 Mcguire Streets Apt. 604, Wallville, VA 18583",VA,"087 Mcguire Streets Apt. 604, Wallville, VA 18583",,,,,,,,,,14796.92,14796.92,11107.82,Direct Bill,,,FALSE,TRUE,3689.1
MFR7910475,CHUB,120150,New,4/1/2025,4/1/2026,4/1/2025,12,Personal Auto,Private Passenger Auto,Ann Davis,ann.davis@mail.com,"56882 Galvan Passage Apt. 767, West David, FM 62012",FM,"2115 Fisher Crescent, North Karen, GA 69115",2,1,,,,25/50,50000,250,250,617.7,617.7,463.7,Direct Bill,,,FALSE,TRUE,154
UGG6402305,GEIC,120203,Renewal,4/1/2025,4/1/2026,4/1/2025,12,Personal Auto,Private Passenger Auto,Nicole Rodriguez,nicole.rodriguez@policyhub.org,"9916 Williams Crossroad, Reneebury, CA 81564",CA,"9916 Williams Crossroad, Reneebury, CA 81564",2,1,,,,50/100,50000,500,500,1261.07,1261.07,946.67,Direct Bill,,,FALSE,TRUE,314.4
YEW2794438,CHUB,120126,Renewal,4/1/2025,4/1/2026,4/1/2025,12,BOP,Businessowners,Jonathan Ward,jonathan.ward@example.com,"80574 Daniel Junctions, Weissland, AK 28976",AK,"80574 Daniel Junctions, Weissland, AK 28976",,,,Frame,8,,,,,4247.08,4247.08,3188.22,Direct Bill,,,FALSE,TRUE,1058.86
VTW0099312,ALLS,120168,New,4/1/2025,4/1/2026,4/1/2025,12,Personal Auto,Private Passenger Auto,Crystal Jones,crystal.jones@mail.com,"4331 Johnson Knolls Apt. 928, North Maryshire, OH 57384",OH,"76845 Gary Square Apt. 839, Peterfort, TN 38169",2,1,,,,50/100,250000,2500,250,1111.43,1111.43,834.33,Direct Bill,,,FALSE,TRUE,277.1
KUF3986867,CHUB,120219,New,4/1/2025,4/1/2026,4/1/2025,12,Personal Auto,Private Passenger Auto,Tyler Munoz,tyler.munoz@mail.com,"153 Owens Wall Suite 275, South Christopherville, AS 80837",AS,"153 Owens Wall Suite 275, South Christopherville, AS 80837",2,1,,,,50/100,100000,500,500,2429.64,2429.64,1823.89,Direct Bill,,,FALSE,TRUE,605.75
PCK2466888,HART,120095,Endorsement,4/1/2025,4/1/2026,8/19/2025,12,Umbrella,Personal Umbrella,Caleb Stewart,caleb.stewart@example.com,"54750 Abigail Junctions Suite 346, West Jenniferborough, RI 59389",RI,"54750 Abigail Junctions Suite 346, West Jenniferborough, RI 59389",,,,,,,,,,318.44,-0.17,239.05,Direct Bill,,,FALSE,TRUE,79.39
XVL9361431,PRGS,120252,Renewal,4/1/2025,4/1/2026,4/1/2025,12,Homeowners,HO3,Erin Davis,erin.davis@customer.net,"403 Reynolds Brook, Jamesbury, GA 70105",GA,"403 Reynolds Brook, Jamesbury, GA 70105",,,2003,Masonry,5,,,,,1644.27,1644.27,1234.33,Agency Bill,,,FALSE,TRUE,409.94
CAL9035231,HART,120208,Renewal,4/1/2025,4/1/2026,4/1/2025,12,Homeowners,HO3,Maria Little,maria.little@example.com,"1739 Wright Overpass, South Amber, NC 25442",NC,"00679 Mitchell Inlet, Johnsonberg, MN 97735",,,1997,Joisted Masonry,9,,,,,2263.02,2263.02,1698.82,Direct Bill,,,FALSE,TRUE,564.2
ZEL9395098,TRAV,120110,Renewal,4/1/2025,4/1/2026,4/1/2025,12,Homeowners,HO3,Jessica Sullivan,jessica.sullivan@example.com,"58278 Kevin Dam, Huffshire, CA 03490",CA,"89302 Houston Throughway, Guerrerostad, NH 21336",,,1978,Masonry,4,,,,,1975.4,1975.4,1482.9,Direct Bill,,,FALSE,TRUE,492.5
XWG3173708,AMFA,120156,Renewal,4/1/2025,4/1/2026,4/1/2025,12,Homeowners,HO3,Corey Nelson,corey.nelson@example.com,"963 Mullins Plaza Suite 731, Ellenton, OK 41952",OK,"963 Mullins Plaza Suite 731, Ellenton, OK 41952",,,2004,Masonry,9,,,,,2372.91,2372.91,1781.31,Agency Bill,,,FALSE,TRUE,591.6
DHM4399342,ALLS,120009,Renewal,4/1/2025,4/1/2026,4/1/2025,12,WC,Workers Compensation,Melissa Strong,melissa.strong@mail.com,"76612 Reilly Harbor Apt. 801, Dianafort, FM 46873",FM,"76612 Reilly Harbor Apt. 801, Dianafort, FM 46873",,,,,,,,,,2000,2000,1501.37,Direct Bill,,,FALSE,TRUE,498.63
ECY4634284,CHUB,120135,Renewal,4/1/2025,4/1/2026,4/1/2025,12,BOP,Businessowners,Maria Reyes,maria.reyes@insmail.com,"4962 Neal Forks Suite 930, Swansonport, CO 25794",CO,"4962 Neal Forks Suite 930, Swansonport, CO 25794",,,,Frame,8,,,,,6346.06,6346.06,4763.89,Agency Bill,,,FALSE,TRUE,1582.17
RSC2375318,AMFA,120089,Cancel,4/1/2025,10/26/2025,10/26/2025,12,Package,Commercial Package,Christopher Hernandez,christopher.hernandez@customer.net,"5691 Melvin Ports Apt. 982, North Kevin, IL 77421",IL,"5691 Melvin Ports Apt. 982, North Kevin, IL 77421",,,,Non-Combustible,8,,,,,5791.75,0,5791.75,Direct Bill,5/16/2023,,FALSE,TRUE,0
UCM8241960,PRGS,120126,Endorsement,4/1/2025,4/1/2026,12/11/2025,12,Umbrella,Personal Umbrella,Summer Ferguson,summer.ferguson@customer.net,"6964 Matthew Unions, Williammouth, GA 52376",GA,"6964 Matthew Unions, Williammouth, GA 52376",,,,,,,,,,492.09,-16.27,369.4,Direct Bill,,,FALSE,TRUE,122.69
VWE6041370,NATI,120041,Renewal,4/1/2025,4/1/2026,4/1/2025,12,Homeowners,HO3,Kimberly Anthony,kimberly.anthony@mail.com,"0826 Bianca Expressway Suite 292, Port Helentown, PA 35025",PA,"0826 Bianca Expressway Suite 292, Port Helentown, PA 35025",,,1987,Frame,6,,,,,707.78,707.78,531.32,Direct Bill,,,FALSE,TRUE,176.46
EHD0897549,PRGS,120234,Renewal,4/1/2025,4/1/2026,4/1/2025,12,Homeowners,HO3,Deborah Allen,deborah.allen@policyhub.org,"659 Kristin Throughway, South Shannonland, DC 72891",DC,"366 Danielle Ranch Apt. 214, West Jennifer, TX 50515",,,2004,Non-Combustible,10,,,,,3097.63,3097.63,2325.34,Agency Bill,,,FALSE,TRUE,772.29
KNW3783102,HART,120152,Renewal,4/1/2025,4/1/2026,4/1/2025,12,BOP,Businessowners,Alicia Landry,alicia.landry@policyhub.org,"454 Cheryl Overpass Apt. 252, Mackfort, IL 57371",IL,"176 Kathryn Union Apt. 964, Wellshaven, MI 30718",,,,Joisted Masonry,8,,,,,3819.34,3819.34,2867.12,Direct Bill,,,FALSE,TRUE,952.22
DGH0256212,HART,120080,Renewal,4/1/2025,4/1/2026,4/1/2025,12,Homeowners,HO3,Daniel Phillips,daniel.phillips@insmail.com,"8070 Frey Spur Suite 993, Port Sethville, OR 09591",OR,"8070 Frey Spur Suite 993, Port Sethville, OR 09591",,,2018,Frame,8,,,,,1606.57,1606.57,1206.03,Agency Bill,,,FALSE,TRUE,400.54
URZ2072806,ALLS,120015,New,4/1/2025,4/1/2026,4/1/2025,12,Personal Auto,Private Passenger Auto,David Gonzalez,david.gonzalez@insmail.com,"108 Mary Prairie, East Cherylland, CO 14146",CO,"108 Mary Prairie, East Cherylland, CO 14146",2,2,,,,50/100,100000,500,250,1508.45,1508.45,1132.37,Direct Bill,,,FALSE,TRUE,376.08
RXF7406264,PRGS,120121,Renewal,4/1/2025,4/1/2026,4/1/2025,12,WC,Workers Compensation,Jordan Hernandez,jordan.hernandez@customer.net,"034 Henson Burg, Shauntown, VI 61526",VI,"034 Henson Burg, Shauntown, VI 61526",,,,,,,,,,4273.73,4273.73,3208.22,Direct Bill,,,FALSE,FALSE,1065.51
GYA2942286,PRGS,120028,New,4/1/2025,4/1/2026,4/1/2025,12,Personal Auto,Private Passenger Auto,Cynthia Taylor,cynthia.taylor@policyhub.org,"9138 Rebecca Street Apt. 732, Sherihaven, WY 47060",WY,"9138 Rebecca Street Apt. 732, Sherihaven, WY 47060",3,2,,,,25/50,50000,500,500,1342.39,1342.39,1007.71,Direct Bill,,,FALSE,TRUE,334.68
XDA2101482,GEIC,120001,New,4/1/2025,4/1/2026,4/1/2025,12,Personal Auto,Private Passenger Auto,Sara Monroe,sara.monroe@insmail.com,"8198 Joseph Wells, South Kimberly, OH 69397",OH,"592 Jones Valley, Collinsfurt, WA 50993",1,3,,,,50/100,100000,1000,500,2762.48,2762.48,2073.75,Direct Bill,,,FALSE,TRUE,688.73
DLE0301270,GEIC,120154,Renewal,4/1/2025,4/1/2026,4/1/2025,12,Homeowners,HO3,John Barnett,john.barnett@customer.net,"6020 Rodriguez Motorway, Port Robert, OR 63439",OR,"243 Laura Key, West Williamberg, RI 38463",,,2003,Masonry,5,,,,,712.93,712.93,535.19,Direct Bill,,,FALSE,TRUE,177.74
ACZ2687216,ALLS,120092,Renewal,4/1/2025,4/1/2026,4/1/2025,12,Homeowners,HO3,Devin Graham,devin.graham@example.com,"342 Reid Neck Suite 513, East Bryanstad, GU 89071",GU,"342 Reid Neck Suite 513, East Bryanstad, GU 89071",,,1954,Frame,6,,,,,1591.55,1591.55,1194.75,Direct Bill,,,FALSE,TRUE,396.8
CWZ1358868,HART,120232,Renewal,4/1/2025,4/1/2026,4/1/2025,12,Homeowners,HO3,Tamara Sloan,tamara.sloan@insmail.com,"511 Hogan Hill, North Vanessa, VI 90525",VI,"511 Hogan Hill, North Vanessa, VI 90525",,,2017,Masonry Veneer,3,,,,,500,500,375.34,Direct Bill,,,FALSE,TRUE,124.66
JAP3019461,LIBM,120086,Endorsement,4/1/2025,4/1/2026,2/23/2026,12,Umbrella,Personal Umbrella,Hunter Johnson,hunter.johnson@customer.net,"894 Johnson Ports Suite 626, Michaelhaven, NV 09417",NV,"894 Johnson Ports Suite 626, Michaelhaven, NV 09417",,,,,,,,,,239.81,13.01,180.02,Direct Bill,,,FALSE,FALSE,59.79
HBG5773294,GEIC,120199,Renewal,4/1/2025,4/1/2026,4/1/2025,12,Homeowners,HO3,John Medina,john.medina@insmail.com,"321 Manning Landing Suite 302, Morrisview, OH 82022",OH,"321 Manning Landing Suite 302, Morrisview, OH 82022",,,1973,Masonry,8,,,,,1427.04,1427.04,1071.26,Direct Bill,,,FALSE,TRUE,355.78
AUK1136362,LIBM,120265,Renewal,4/1/2025,4/1/2026,4/1/2025,12,Homeowners,HO3,Daniel Butler,daniel.butler@mail.com,"1493 Lisa Park Suite 437, South Ericaside, IA 32620",IA,"1493 Lisa Park Suite 437, South Ericaside, IA 32620",,,2006,Joisted Masonry,5,,,,,1113.1,1113.1,835.59,Direct Bill,,,FALSE,TRUE,277.51
ANZ6005982,FARM,120243,Renewal,4/1/2025,4/1/2026,4/1/2025,12,BOP,Businessowners,Michael Shaw,michael.shaw@insmail.com,"262 Taylor Tunnel Apt. 445, Port Christopher, MA 35311",MA,"262 Taylor Tunnel Apt. 445, Port Christopher, MA 35311",,,,Masonry,5,,,,,3431.77,3431.77,2576.18,Direct Bill,,,FALSE,TRUE,855.59
HFK6543965,PRGS,120275,Renewal,4/1/2025,4/1/2026,4/1/2025,12,WC,Workers Compensation,Nathaniel Mcdonald,nathaniel.mcdonald@policyhub.org,"9855 Thompson Skyway Suite 626, Port Ethan, VA 41894",VA,"9855 Thompson Skyway Suite 626, Port Ethan, VA 41894",,,,,,,,,,7069.9,7069.9,5307.27,Direct Bill,,,FALSE,TRUE,1762.63
TUD4822576,PRGS,120010,Renewal,4/1/2025,4/1/2026,4/1/2025,12,BOP,Businessowners,Erin Daniels,erin.daniels@mail.com,"184 Morris Mews, Cherylfurt, MT 11575",MT,"184 Morris Mews, Cherylfurt, MT 11575",,,,Frame,10,,,,,7662.86,7662.86,5752.39,Direct Bill,,,FALSE,FALSE,1910.47
PUV7209537,TRAV,120279,New,4/1/2025,4/1/2026,4/1/2025,12,Personal Auto,Private Passenger Auto,Adam Diaz,adam.diaz@insmail.com,"4458 Sherman Loaf, South Erichaven, WV 30221",WV,"99315 Emily Pass, North Edward, NJ 90904",2,2,,,,50/100,100000,500,1000,725.54,725.54,544.65,Direct Bill,,,FALSE,TRUE,180.89
ZLA4350870,ALLS,120214,Renewal,4/1/2025,4/1/2026,4/1/2025,12,BOP,Businessowners,Patricia Brooks,patricia.brooks@mail.com,"1461 Martin Springs Suite 092, West Amandamouth, NV 13863",NV,"1461 Martin Springs Suite 092, West Amandamouth, NV 13863",,,,Joisted Masonry,5,,,,,2683.65,2683.65,2014.58,Agency Bill,,,FALSE,TRUE,669.07
NCJ4839351,PRGS,120011,Endorsement,4/1/2025,4/1/2026,1/13/2026,12,Umbrella,Personal Umbrella,Charles Richards,charles.richards@mail.com,"1002 Mercado Harbors Apt. 573, Davidborough, AK 21871",AK,"1002 Mercado Harbors Apt. 573, Davidborough, AK 21871",,,,,,,,,,843.56,-9.94,633.25,Agency Bill,,,FALSE,TRUE,210.31
ZSV1455708,TRAV,120133,New,4/1/2025,4/1/2026,4/1/2025,12,Personal Auto,Private Passenger Auto,Andrew Wilson,andrew.wilson@example.com,"782 Contreras Overpass Suite 346, Davidmouth, MT 06552",MT,"782 Contreras Overpass Suite 346, Davidmouth, MT 06552",1,3,,,,50/100,100000,1000,250,1386.23,1386.23,1040.62,Agency Bill,,,FALSE,TRUE,345.61
CKA7132214,LIBM,120064,Renewal,4/1/2025,4/1/2026,4/1/2025,12,WC,Workers Compensation,Brian Benton,brian.benton@mail.com,"98739 Castaneda Lake Apt. 193, Parkmouth, IA 66001",IA,"98739 Castaneda Lake Apt. 193, Parkmouth, IA 66001",,,,,,,,,,18051.71,18051.71,13551.15,Direct Bill,,,FALSE,FALSE,4500.56
UNY9044406,TRAV,120128,Renewal,4/1/2025,4/1/2026,4/1/2025,12,Homeowners,HO3,Michael Diaz,michael.diaz@insmail.com,"96177 Steven Squares, Alvinside, IA 61677",IA,"90462 Johnson Island Suite 704, West Samuel, OR 61373",,,1960,Joisted Masonry,5,,,,,2810.76,2810.76,2110,Direct Bill,,,FALSE,TRUE,700.76
UZR7789508,CHUB,120148,Renewal,4/1/2025,4/1/2026,4/1/2025,12,Homeowners,HO3,Lisa Santos,lisa.santos@policyhub.org,"1483 Stacy Islands Suite 010, Arianaton, AR 41477",AR,"1483 Stacy Islands Suite 010, Arianaton, AR 41477",,,1995,Frame,6,,,,,2035.77,2035.77,1528.22,Direct Bill,,,FALSE,TRUE,507.55
HZY9121150,FARM,120279,Endorsement,4/1/2025,4/1/2026,4/24/2025,12,Umbrella,Personal Umbrella,Thomas Hill,thomas.hill@insmail.com,"203 Santos Landing, Adamsville, VI 85211",VI,"771 Maria Brooks Suite 979, Port Anthony, IN 23213",,,,,,,,,,277.92,14.79,208.63,Agency Bill,,,FALSE,TRUE,69.29
XWK8080089,GEIC,120038,New,4/1/2025,4/1/2026,4/1/2025,12,Personal Auto,Private Passenger Auto,Colleen Levy,colleen.levy@mail.com,"376 Baker Centers, South Linda, IN 30203",IN,"376 Baker Centers, South Linda, IN 30203",1,1,,,,50/100,100000,500,250,1441.42,1441.42,1082.05,Direct Bill,,,FALSE,FALSE,359.37
ZSC2847207,PRGS,120216,Renewal,4/1/2025,4/1/2026,4/1/2025,12,Homeowners,HO3,David Hubbard,david.hubbard@insmail.com,"826 Lawson Crescent, Lake Christinaland, RI 92649",RI,"826 Lawson Crescent, Lake Christinaland, RI 92649",,,1987,Joisted Masonry,3,,,,,2931.39,2931.39,2200.55,Agency Bill,,,FALSE,TRUE,730.84
UEG9816264,HART,120149,Renewal,4/1/2025,4/1/2026,4/1/2025,12,Homeowners,HO3,Laura Robinson,laura.robinson@policyhub.org,"288 Mora Crossing Apt. 488, North Katrina, TX 30354",TX,"288 Mora Crossing Apt. 488, North Katrina, TX 30354",,,2016,Non-Combustible,6,,,,,2355.68,2355.68,1768.37,Direct Bill,,,FALSE,TRUE,587.31
LHD2579584,HART,120242,Renewal,4/1/2025,4/1/2026,4/1/2025,12,BOP,Businessowners,Veronica Perez,veronica.perez@customer.net,"405 Kane Trail Suite 622, North Colleenborough, AZ 76758",AZ,"405 Kane Trail Suite 622, North Colleenborough, AZ 76758",,,,Frame,5,,,,,13905.37,13905.37,10438.55,Direct Bill,,,FALSE,TRUE,3466.82
MBM8187829,AMFA,120029,Renewal,4/1/2025,4/1/2026,4/1/2025,12,Umbrella,Personal Umbrella,Larry Thomas,larry.thomas@mail.com,"520 Wood Wells, Kempshire, NE 56776",NE,"520 Wood Wells, Kempshire, NE 56776",,,,,,,,,,302.25,302.25,226.89,Agency Bill,,,FALSE,TRUE,75.36
ACX4075048,GEIC,120062,Renewal,4/1/2025,4/1/2026,4/1/2025,12,Homeowners,HO3,James Vance,james.vance@policyhub.org,"59145 Preston Throughway Apt. 746, East Shelby, WI 29914",WI,"59145 Preston Throughway Apt. 746, East Shelby, WI 29914",,,1998,Frame,5,,,,,1025.86,1025.86,770.1,Direct Bill,,,FALSE,TRUE,255.76
XWT1784370,CHUB,120223,Renewal,4/1/2025,4/1/2026,4/1/2025,12,Personal Auto,Private Passenger Auto,Jesus Braun,jesus.braun@example.com,"204 Anderson Centers Suite 157, Ellisberg, SD 03999",SD,"204 Anderson Centers Suite 157, Ellisberg, SD 03999",2,1,,,,50/100,100000,500,500,2256.84,2256.84,1694.18,Direct Bill,,,FALSE,TRUE,562.66
XUF5912381,ALLS,120215,New,4/1/2025,4/1/2026,4/1/2025,12,Personal Auto,Private Passenger Auto,Ryan Jones,ryan.jones@mail.com,"5608 Maurice Club, Justinburgh, TN 34339",TN,"5608 Maurice Club, Justinburgh, TN 34339",2,1,,,,25/50,100000,250,500,681.14,681.14,511.32,Direct Bill,,,FALSE,TRUE,169.82
XKE7273111,GEIC,120033,Renewal,4/1/2025,4/1/2026,4/1/2025,12,WC,Workers Compensation,Steven Christensen,steven.christensen@mail.com,"2404 Crystal Flat, Mayerhaven, TN 29366",TN,"2404 Crystal Flat, Mayerhaven, TN 29366",,,,,,,,,,25000,25000,18767.12,Direct Bill,,,FALSE,FALSE,6232.88
JFV7772639,GEIC,120131,Renewal,4/1/2025,4/1/2026,4/1/2025,12,Personal Auto,Private Passenger Auto,Jeremy Eaton,jeremy.eaton@example.com,"3636 Marc Views, Franklinfort, OH 31570",OH,"19592 Melanie Summit Apt. 914, Dawnton, CA 42459",2,1,,,,50/100,250000,2500,500,999.31,999.31,750.17,Agency Bill,,,FALSE,FALSE,249.14
MMF3311460,PRGS,120214,Renewal,4/1/2025,4/1/2026,4/1/2025,12,Homeowners,HO3,Daniel Lopez,daniel.lopez@customer.net,"494 Friedman Ramp, East Melissa, AK 68316",AK,"494 Friedman Ramp, East Melissa, AK 68316",,,1962,Masonry,10,,,,,3058.59,3058.59,2296.04,Agency Bill,,,FALSE,TRUE,762.55
LPX6166826,CHUB,120090,Renewal,4/1/2025,4/1/2026,4/1/2025,12,Homeowners,HO3,Jason Mayer,jason.mayer@mail.com,"075 Kristin Drives, Thomashaven, WA 67802",WA,"075 Kristin Drives, Thomashaven, WA 67802",,,1985,Masonry,5,,,,,589.05,589.05,442.19,Agency Bill,,,FALSE,TRUE,146.86
JHK7081518,PRGS,120015,New,4/1/2025,4/1/2026,4/1/2025,12,Personal Auto,Private Passenger Auto,Michael Robinson,michael.robinson@mail.com,"9856 Matthew Forest, North Raymondburgh, AL 88765",AL,"9856 Matthew Forest, North Raymondburgh, AL 88765",4,3,,,,25/50,50000,500,500,2331.77,2331.77,1750.42,Agency Bill,,,FALSE,TRUE,581.35
LUX0401050,GEIC,120249,Renewal,4/1/2025,4/1/2026,4/1/2025,12,Homeowners,HO3,William Marquez,william.marquez@mail.com,"5767 Robert Ports, Lake Matthewview, TN 12219",TN,"5767 Robert Ports, Lake Matthewview, TN 12219",,,2006,Joisted Masonry,7,,,,,2343.51,2343.51,1759.24,Direct Bill,,,FALSE,TRUE,584.27
NXL9806245,ALLS,120213,New,4/1/2025,4/1/2026,4/1/2025,12,Personal Auto,Private Passenger Auto,Collin Freeman,collin.freeman@insmail.com,"2896 Marcia Bridge Apt. 109, West Zachary, HI 55643",HI,"2896 Marcia Bridge Apt. 109, West Zachary, HI 55643",3,3,,,,50/100,250000,1000,500,658.41,658.41,494.26,Direct Bill,,,FALSE,TRUE,164.15
UZY2898382,NATI,120214,Endorsement,4/1/2025,4/1/2026,3/7/2026,12,Umbrella,Personal Umbrella,Debra Ruiz,debra.ruiz@customer.net,"3322 Kyle Glens, Martinezland, UT 28589",UT,"3322 Kyle Glens, Martinezland, UT 28589",,,,,,,,,,383.07,-19.62,287.56,Direct Bill,,,FALSE,TRUE,95.51
GAU6220658,FARM,120215,New,4/1/2025,4/1/2026,4/1/2025,12,Personal Auto,Private Passenger Auto,David Gonzalez,david.gonzalez@customer.net,"1510 Elizabeth Lodge Suite 810, Robertmouth, AS 38675",AS,"1510 Elizabeth Lodge Suite 810, Robertmouth, AS 38675",3,3,,,,50/100,50000,500,250,1281.58,1281.58,962.06,Direct Bill,,,FALSE,TRUE,319.52
FCA4396923,FARM,120117,Renewal,4/1/2025,4/1/2026,4/1/2025,12,Homeowners,HO3,Jonathan Gonzalez,jonathan.gonzalez@example.com,"4102 Lee Plains Apt. 634, Christinaville, CA 43638",CA,"4102 Lee Plains Apt. 634, Christinaville, CA 43638",,,2017,Frame,6,,,,,1256.27,1256.27,943.06,Direct Bill,,,FALSE,TRUE,313.21
TKB7777032,FARM,120034,New,4/1/2025,4/1/2026,4/1/2025,12,Personal Auto,Private Passenger Auto,Gary Edwards,gary.edwards@example.com,"587 Thompson Field Apt. 362, Darleneport, WY 49996",WY,"587 Thompson Field Apt. 362, Darleneport, WY 49996",1,3,,,,25/50,250000,250,1000,1872.56,1872.56,1405.7,Agency Bill,,,FALSE,TRUE,466.86
MFJ1614846,ALLS,120210,Cancel,4/1/2025,12/18/2025,12/18/2025,12,Package,Commercial Package,Dennis Lee,dennis.lee@mail.com,"34141 Hester Isle, South Laurie, AR 91980",AR,"34141 Hester Isle, South Laurie, AR 91980",,,,Non-Combustible,6,,,,,7977.45,0,7977.45,Agency Bill,11/11/2022,,FALSE,TRUE,0
ZAV8240250,FARM,120203,Renewal,4/1/2025,4/1/2026,4/1/2025,12,BOP,Businessowners,Carl Hill,carl.hill@policyhub.org,"262 Palmer Fords Apt. 620, Port Andrewside, FL 35365",FL,"262 Palmer Fords Apt. 620, Port Andrewside, FL 35365",,,,Masonry,7,,,,,7210.14,7210.14,5412.54,Direct Bill,,,FALSE,TRUE,1797.6
NLF3903690,ALLS,120008,New,4/1/2025,4/1/2026,4/1/2025,12,Personal Auto,Private Passenger Auto,William Kemp,william.kemp@insmail.com,"19600 Laura Flat, Edwardberg, KS 46765",KS,"19600 Laura Flat, Edwardberg, KS 46765",4,1,,,,50/100,25000,500,500,751.79,751.79,564.36,Direct Bill,,,FALSE,TRUE,187.43
XXU0539783,GEIC,120034,Renewal,4/1/2025,4/1/2026,4/1/2025,12,Homeowners,HO3,Jamie Smith,jamie.smith@policyhub.org,"9365 Johnson Trail, South Adamfort, TN 06890",TN,"9365 Johnson Trail, South Adamfort, TN 06890",,,2001,Joisted Masonry,3,,,,,1103.05,1103.05,828.04,Agency Bill,,,FALSE,TRUE,275.01
BAR5663040,HART,120000,Renewal,4/1/2025,4/1/2026,4/1/2025,12,WC,Workers Compensation,Melissa Fisher,melissa.fisher@example.com,"50537 Caitlin Shore, Lake Kevinborough, CT 58365",CT,"50537 Caitlin Shore, Lake Kevinborough, CT 58365",,,,,,,,,,4816.88,4816.88,3615.96,Direct Bill,,,FALSE,TRUE,1200.92
FPS8311439,ALLS,120203,Renewal,4/1/2025,4/1/2026,4/1/2025,12,BOP,Businessowners,Lisa Farley,lisa.farley@policyhub.org,"384 Kimberly Valleys Suite 125, South Amyton, OH 06863",OH,"384 Kimberly Valleys Suite 125, South Amyton, OH 06863",,,,Masonry,4,,,,,15000,15000,11260.27,Direct Bill,,,FALSE,TRUE,3739.73
YTZ4200099,TRAV,120192,Endorsement,4/1/2025,4/1/2026,5/5/2025,12,Umbrella,Personal Umbrella,Kevin Ochoa,kevin.ochoa@policyhub.org,"0312 Castaneda Cliff Suite 962, North Thomas, OH 78095",OH,"0312 Castaneda Cliff Suite 962, North Thomas, OH 78095",,,,,,,,,,520.82,14.44,390.97,Agency Bill,,,FALSE,TRUE,129.85
YAB8570625,TRAV,120191,Renewal,4/1/2025,4/1/2026,4/1/2025,12,Homeowners,HO3,Maria Powell,maria.powell@insmail.com,"1253 Gregory Brooks, South Joshua, TX 70390",TX,"1253 Gregory Brooks, South Joshua, TX 70390",,,2001,Masonry,9,,,,,7000,7000,5254.79,Direct Bill,,,FALSE,TRUE,1745.21
KER9169486,HART,120254,Renewal,4/1/2025,4/1/2026,4/1/2025,12,BOP,Businessowners,Monica Clark,monica.clark@example.com,"050 Leonard Terrace, New Richardside, AZ 43851",AZ,"050 Leonard Terrace, New Richardside, AZ 43851",,,,Joisted Masonry,6,,,,,15000,15000,11260.27,Direct Bill,,,FALSE,TRUE,3739.73
DAA9944080,GEIC,120185,Renewal,4/1/2025,4/1/2026,4/1/2025,12,Homeowners,HO3,Roberto Farmer,roberto.farmer@policyhub.org,"237 Lydia Gateway, Lindashire, WY 20346",WY,"237 Lydia Gateway, Lindashire, WY 20346",,,1992,Fire Resistive,2,,,,,1066.7,1066.7,800.76,Direct Bill,,,FALSE,TRUE,265.94
SUC4987995,AMFA,120186,Renewal,4/1/2025,4/1/2026,4/1/2025,12,Homeowners,HO3,Jill Tanner,jill.tanner@customer.net,"915 Blair Extensions Apt. 936, Castillomouth, TX 69229",TX,"915 Blair Extensions Apt. 936, Castillomouth, TX 69229",,,2011,Masonry Veneer,5,,,,,2726.66,2726.66,2046.86,Agency Bill,,,FALSE,FALSE,679.8
TYX8448479,AMFA,120042,Renewal,4/1/2025,4/1/2026,4/1/2025,12,Homeowners,HO3,Briana Kennedy,briana.kennedy@example.com,"78755 Ross Mountain Suite 718, South Josephmouth, VT 37038",VT,"78755 Ross Mountain Suite 718, South Josephmouth, VT 37038",,,1991,Joisted Masonry,5,,,,,692.52,692.52,519.86,Direct Bill,,,FALSE,TRUE,172.66
MKJ6121836,HART,120269,Renewal,4/1/2025,4/1/2026,4/1/2025,12,Homeowners,HO3,Penny Reed,penny.reed@policyhub.org,"846 Owens Isle, Wellsside, MP 02567",MP,"846 Owens Isle, Wellsside, MP 02567",,,1965,Non-Combustible,5,,,,,1501.6,1501.6,1127.23,Direct Bill,,,FALSE,FALSE,374.37
JZU5671064,TRAV,120099,New,4/1/2025,4/1/2026,4/1/2025,12,Personal Auto,Private Passenger Auto,Susan James,susan.james@policyhub.org,"9016 Lee Pines Suite 848, Fieldsfort, NH 63267",NH,"9016 Lee Pines Suite 848, Fieldsfort, NH 63267",3,3,,,,50/100,250000,2500,2500,2425.42,2425.42,1820.73,Direct Bill,,,FALSE,TRUE,604.69
VMT6703775,ALLS,120136,New,4/1/2025,4/1/2026,4/1/2025,12,Personal Auto,Private Passenger Auto,James Lane,james.lane@customer.net,"961 Bethany Ville, Rayview, IL 65523",IL,"961 Bethany Ville, Rayview, IL 65523",2,3,,,,50/100,100000,250,1000,4000,4000,3002.74,Direct Bill,,,FALSE,TRUE,997.26
LFZ3267059,ALLS,120219,Renewal,4/1/2025,4/1/2026,4/1/2025,12,Homeowners,HO3,Jerry Green,jerry.green@customer.net,"4979 Rose Pike, West Christine, FM 34066",FM,"4979 Rose Pike, West Christine, FM 34066",,,1989,Masonry,5,,,,,2743.03,2743.03,2059.15,Direct Bill,,,FALSE,TRUE,683.88
PBU4462284,AMFA,120114,Renewal,4/1/2025,4/1/2026,4/1/2025,12,Homeowners,HO3,Matthew Cuevas,matthew.cuevas@insmail.com,"510 Johnson Locks, South Johnland, NE 92932",NE,"510 Johnson Locks, South Johnland, NE 92932",,,1974,Frame,6,,,,,500,500,375.34,Direct Bill,,,FALSE,FALSE,124.66
YBP4686426,FARM,120023,Endorsement,4/1/2025,4/1/2026,10/9/2025,12,Umbrella,Personal Umbrella,Joshua Brown,joshua.brown@customer.net,"59181 Anderson Plaza, East Diane, RI 79841",RI,"59181 Anderson Plaza, East Diane, RI 79841",,,,,,,,,,443.5,-11.31,332.93,Direct Bill,,,FALSE,TRUE,110.57
NUJ4925471,TRAV,120290,Renewal,4/1/2025,4/1/2026,4/1/2025,12,BOP,Businessowners,Yvette Allen,yvette.allen@customer.net,"44519 Jones Mountain Suite 083, Savannahfort, SD 89957",SD,"44519 Jones Mountain Suite 083, Savannahfort, SD 89957",,,,Masonry,10,,,,,4322.41,4322.41,3244.77,Agency Bill,,,FALSE,FALSE,1077.64
BUB5254572,PRGS,120028,Renewal,4/1/2025,4/1/2026,4/1/2025,12,BOP,Businessowners,Elizabeth Rodriguez,elizabeth.rodriguez@policyhub.org,"89777 Saunders Parks Apt. 622, Mcdanielberg, WA 32146",WA,"1797 Kidd Orchard, New Rebecca, WA 77158",,,,Frame,7,,,,,4213.65,4213.65,3163.12,Direct Bill,,,FALSE,FALSE,1050.53
MLX2512928,TRAV,120275,Renewal,4/1/2025,4/1/2026,4/1/2025,12,BOP,Businessowners,Kelly Roberts,kelly.roberts@example.com,"9720 Adkins Corners Apt. 690, New Krista, IL 25527",IL,"9720 Adkins Corners Apt. 690, New Krista, IL 25527",,,,Masonry,4,,,,,9189.34,9189.34,6898.3,Direct Bill,,,FALSE,TRUE,2291.04
RWE3965943,ALLS,120239,Renewal,4/1/2025,4/1/2026,4/1/2025,12,Personal Auto,Private Passenger Auto,Ann Greene,ann.greene@insmail.com,"0718 John Unions Apt. 248, West Kevin, MH 51284",MH,"335 Christopher Stravenue Suite 491, Donaldbury, GA 19049",2,1,,,,50/100,100000,500,2500,497.72,497.72,373.63,Agency Bill,,,FALSE,TRUE,124.09
JBW6944137,TRAV,120138,Endorsement,4/1/2025,4/1/2026,8/18/2025,12,Umbrella,Personal Umbrella,Dustin Ray,dustin.ray@customer.net,"291 Wilson Centers, South Angela, IN 40176",IN,"291 Wilson Centers, South Angela, IN 40176",,,,,,,,,,539.68,16.62,405.13,Agency Bill,,,FALSE,TRUE,134.55
AGZ2409746,CHUB,120044,Renewal,4/1/2025,4/1/2026,4/1/2025,12,Personal Auto,Private Passenger Auto,Chelsea Sellers,chelsea.sellers@policyhub.org,"176 Stevens Street, South Kennethshire, NV 68262",NV,"176 Stevens Street, South Kennethshire, NV 68262",4,3,,,,50/100,50000,250,2500,1432.19,1432.19,1075.12,Direct Bill,,,FALSE,TRUE,357.07
KGZ3939593,ALLS,120050,Renewal,4/1/2025,4/1/2026,4/1/2025,12,Homeowners,HO3,Angela Holden,angela.holden@mail.com,"9746 Marcus Centers Apt. 650, Brianchester, HI 65201",HI,"9746 Marcus Centers Apt. 650, Brianchester, HI 65201",,,1975,Masonry,3,,,,,3558.7,3558.7,2671.46,Direct Bill,,,FALSE,FALSE,887.24
MBP4036168,LIBM,120020,New,4/1/2025,4/1/2026,4/1/2025,12,Personal Auto,Private Passenger Auto,Ann Jackson,ann.jackson@policyhub.org,"2707 Jack Rapid, Smithside, AR 49927",AR,"2707 Jack Rapid, Smithside, AR 49927",4,3,,,,25/50,100000,500,2500,911.71,911.71,684.41,Direct Bill,,,FALSE,TRUE,227.3
EJW7425458,GEIC,120000,Renewal,4/1/2025,4/1/2026,4/1/2025,12,Homeowners,HO3,Scott Davis,scott.davis@policyhub.org,"49234 Ross Parks, West Edwardmouth, TX 25861",TX,"49234 Ross Parks, West Edwardmouth, TX 25861",,,2003,Frame,9,,,,,1139.61,1139.61,855.49,Direct Bill,,,FALSE,TRUE,284.12
DUF7202356,TRAV,120111,Renewal,4/1/2025,4/1/2026,4/1/2025,12,Homeowners,HO3,Rhonda Hickman,rhonda.hickman@insmail.com,"6701 Reyes Turnpike, South Bethburgh, AK 68504",AK,"6701 Reyes Turnpike, South Bethburgh, AK 68504",,,1967,Joisted Masonry,9,,,,,4314.23,4314.23,3238.63,Agency Bill,,,FALSE,TRUE,1075.6
CPD8221965,CHUB,120044,New,4/1/2025,4/1/2026,4/1/2025,12,Personal Auto,Private Passenger Auto,Krystal Wilkinson,krystal.wilkinson@example.com,"2196 Lisa Passage, Lake Ashleystad, OH 51316",OH,"2196 Lisa Passage, Lake Ashleystad, OH 51316",2,2,,,,50/100,100000,500,1000,460.39,460.39,345.61,Agency Bill,,,FALSE,FALSE,114.78
FKA5027367,FARM,120118,New,4/1/2025,4/1/2026,4/1/2025,12,Personal Auto,Private Passenger Auto,Sarah Rodriguez,sarah.rodriguez@mail.com,"5861 Moore Neck, New Erikchester, PA 80626",PA,"86230 Robert Crescent, North Allenchester, OK 87554",2,2,,,,25/50,50000,1000,500,1185.65,1185.65,890.05,Direct Bill,,,FALSE,TRUE,295.6
VRU8215175,TRAV,120265,Endorsement,4/1/2025,4/1/2026,4/5/2025,12,Umbrella,Personal Umbrella,Amanda Webb,amanda.webb@insmail.com,"7138 Isaiah Flats, New Austin, MS 70145",MS,"7138 Isaiah Flats, New Austin, MS 70145",,,,,,,,,,268.54,0.74,201.59,Agency Bill,,,FALSE,TRUE,66.95
TDV3333042,GEIC,120276,New,4/1/2025,4/1/2026,4/1/2025,12,Personal Auto,Private Passenger Auto,Margaret Willis,margaret.willis@customer.net,"849 Glenn Highway Suite 588, New Kristen, KY 62121",KY,"849 Glenn Highway Suite 588, New Kristen, KY 62121",2,1,,,,25/50,100000,500,2500,810.14,810.14,608.16,Agency Bill,,,FALSE,TRUE,201.98
UWE1167587,LIBM,120276,Renewal,4/1/2025,4/1/2026,4/1/2025,12,WC,Workers Compensation,Sherry Rogers,sherry.rogers@insmail.com,"89166 Ashley Ramp Apt. 381, Gordonhaven, WA 02959",WA,"89166 Ashley Ramp Apt. 381, Gordonhaven, WA 02959",,,,,,,,,,25000,25000,18767.12,Direct Bill,,,FALSE,TRUE,6232.88
TCM8483199,HART,120211,Endorsement,4/1/2025,4/1/2026,6/4/2025,12,Umbrella,Personal Umbrella,Martha Hensley,martha.hensley@example.com,"1847 David Walks Suite 463, Ambertown, CT 83084",CT,"1847 David Walks Suite 463, Ambertown, CT 83084",,,,,,,,,,471.01,23.96,353.58,Direct Bill,,,FALSE,TRUE,117.43
TKC8479821,PRGS,120093,New,4/1/2025,4/1/2026,4/1/2025,12,Personal Auto,Private Passenger Auto,Stephen Peterson,stephen.peterson@insmail.com,"44662 Kenneth Square, New Angel, AZ 35014",AZ,"44662 Kenneth Square, New Angel, AZ 35014",3,1,,,,50/100,250000,500,1000,948.42,948.42,711.96,Agency Bill,,,FALSE,TRUE,236.46
FAZ6479988,HART,120292,New,4/1/2025,4/1/2026,4/1/2025,12,Personal Auto,Private Passenger Auto,Raymond King,raymond.king@customer.net,"342 Bruce Cove Suite 384, Port Natasha, PR 53842",PR,"432 Black Ports, East Jamesland, MT 60622",2,1,,,,25/50,100000,250,500,937.28,937.28,703.6,Direct Bill,,,FALSE,TRUE,233.68
HAP4727817,GEIC,120110,Renewal,4/1/2025,4/1/2026,4/1/2025,12,Homeowners,HO3,Michael Collins,michael.collins@mail.com,"637 Stevens Shore, Lake Edward, NM 71511",NM,"637 Stevens Shore, Lake Edward, NM 71511",,,1975,Frame,4,,,,,1142.58,1142.58,857.72,Direct Bill,,,FALSE,FALSE,284.86
PRE8485107,PRGS,120093,Renewal,4/1/2025,4/1/2026,4/1/2025,12,BOP,Businessowners,Jessica Gallagher,jessica.gallagher@mail.com,"5274 David Station, Rebeccaborough, IA 81358",IA,"5274 David Station, Rebeccaborough, IA 81358",,,,Frame,5,,,,,2451.27,2451.27,1840.13,Direct Bill,,,FALSE,TRUE,611.14
WRE9382209,CHUB,120275,New,4/1/2025,4/1/2026,4/1/2025,12,Personal Auto,Private Passenger Auto,Laura James,laura.james@policyhub.org,"9785 Amber Views Apt. 057, East Amandaport, PR 45555",PR,"9785 Amber Views Apt. 057, East Amandaport, PR 45555",4,1,,,,50/100,100000,1000,250,736.09,736.09,552.57,Direct Bill,,,FALSE,TRUE,183.52
HAB2344049,NATI,120114,Renewal,4/1/2025,4/1/2026,4/1/2025,12,Umbrella,Personal Umbrella,Angela Peterson,angela.peterson@policyhub.org,"229 Eddie Haven Apt. 564, East Teresaside, SC 13377",SC,"07152 Sarah Views Apt. 892, North Shelly, UT 33425",,,,,,,,,,299.42,299.42,224.77,Direct Bill,,,FALSE,TRUE,74.65
LNX2487112,HART,120009,New,4/1/2025,4/1/2026,4/1/2025,12,Personal Auto,Private Passenger Auto,Michelle Thomas,michelle.thomas@customer.net,"6589 Braun Summit Apt. 304, South Jeromeborough, VA 97075",VA,"6589 Braun Summit Apt. 304, South Jeromeborough, VA 97075",2,1,,,,50/100,50000,500,500,1034.25,1034.25,776.4,Direct Bill,,,FALSE,TRUE,257.85
ZNW6784894,LIBM,120140,Renewal,4/1/2025,4/1/2026,4/1/2025,12,Homeowners,HO3,Stacy Stanley,stacy.stanley@policyhub.org,"133 Walker Rapid Apt. 928, East Tinahaven, MI 40470",MI,"133 Walker Rapid Apt. 928, East Tinahaven, MI 40470",,,2013,Frame,5,,,,,4904.55,4904.55,3681.77,Direct Bill,,,FALSE,TRUE,1222.78
MPX1954161,LIBM,120196,Endorsement,4/1/2025,4/1/2026,12/4/2025,12,Umbrella,Personal Umbrella,Isabella Cain,isabella.cain@insmail.com,"522 Christina Coves Apt. 062, South Paulaville, TX 15407",TX,"522 Christina Coves Apt. 062, South Paulaville, TX 15407",,,,,,,,,,371.29,0.62,278.72,Direct Bill,,,FALSE,FALSE,92.57
LPU1359827,TRAV,120022,Endorsement,4/1/2025,4/1/2026,8/16/2025,12,Umbrella,Personal Umbrella,Michelle Hardy,michelle.hardy@insmail.com,"8659 Gonzalez Course, Joshuaton, UT 80113",UT,"8659 Gonzalez Course, Joshuaton, UT 80113",,,,,,,,,,237.35,13.79,178.18,Direct Bill,,,FALSE,TRUE,59.17
UMN8745918,PRGS,120243,Renewal,4/1/2025,4/1/2026,4/1/2025,12,Homeowners,HO3,Jared Henry,jared.henry@policyhub.org,"330 Mary Island, Christopherborough, WA 13011",WA,"330 Mary Island, Christopherborough, WA 13011",,,1978,Frame,9,,,,,811.44,811.44,609.14,Direct Bill,,,FALSE,TRUE,202.3
BGK1244979,HART,120017,Renewal,4/1/2025,4/1/2026,4/1/2025,12,WC,Workers Compensation,Sharon Lyons,sharon.lyons@policyhub.org,"42147 Daniel Path, South Michealshire, ND 70466",ND,"42147 Daniel Path, South Michealshire, ND 70466",,,,,,,,,,2000,2000,1501.37,Direct Bill,,,FALSE,TRUE,498.63
HAE5580723,LIBM,120078,Renewal,4/1/2025,4/1/2026,4/1/2025,12,Homeowners,HO3,Mark Ross,mark.ross@insmail.com,"118 Joseph Junction Suite 340, North Daniel, NC 66546",NC,"118 Joseph Junction Suite 340, North Daniel, NC 66546",,,1986,Masonry,5,,,,,5300.05,5300.05,3978.67,Direct Bill,,,FALSE,TRUE,1321.38
DSJ9642977,ALLS,120085,Renewal,4/1/2025,4/1/2026,4/1/2025,12,Personal Auto,Private Passenger Auto,Kristen Williamson,kristen.williamson@policyhub.org,"605 Jones Extension Suite 212, Hayesstad, MT 47371",MT,"605 Jones Extension Suite 212, Hayesstad, MT 47371",2,1,,,,50/100,100000,500,500,1857.52,1857.52,1394.41,Agency Bill,,,FALSE,FALSE,463.11
KYJ9304280,PRGS,120298,Renewal,4/1/2025,4/1/2026,4/1/2025,12,Homeowners,HO3,Cindy Coffey,cindy.coffey@insmail.com,"3947 Craig Walk, Josephport, NJ 11042",NJ,"3947 Craig Walk, Josephport, NJ 11042",,,1998,Frame,6,,,,,1360.35,1360.35,1021.19,Direct Bill,,,FALSE,TRUE,339.16
PWE6796755,GEIC,120197,Reinstate,4/1/2025,4/1/2026,4/8/2025,12,Package,Commercial Package,Anna Conley,anna.conley@mail.com,"0076 Leon Springs Suite 041, Stevenside, CT 55364",CT,"0076 Leon Springs Suite 041, Stevenside, CT 55364",,,,Frame,9,,,,,23256.43,0,17458.25,Direct Bill,,10/23/2023,FALSE,TRUE,5798.18
XFP6076973,PRGS,120056,New,4/1/2025,4/1/2026,4/1/2025,12,Personal Auto,Private Passenger Auto,Steven Campbell,steven.campbell@example.com,"2337 Conley River Apt. 504, West Jaymouth, OR 54137",OR,"2337 Conley River Apt. 504, West Jaymouth, OR 54137",4,3,,,,25/50,100000,250,1000,1193.25,1193.25,895.75,Direct Bill,,,FALSE,TRUE,297.5
RHG4888253,LIBM,120299,New,4/1/2025,4/1/2026,4/1/2025,12,Personal Auto,Private Passenger Auto,Courtney Crawford,courtney.crawford@policyhub.org,"63379 Bernard Burg Apt. 914, New Jenniferbury, DC 96399",DC,"979 Yang Shore, New Brendaside, VT 96560",3,3,,,,50/100,100000,500,500,1328.26,1328.26,997.1,Direct Bill,,,FALSE,TRUE,331.16
MGR1472172,LIBM,120119,New,4/1/2025,4/1/2026,4/1/2025,12,Personal Auto,Private Passenger Auto,Megan Johnson,megan.johnson@customer.net,"875 Hughes Drive Apt. 494, Port Brittany, MO 10227",MO,"875 Hughes Drive Apt. 494, Port Brittany, MO 10227",2,3,,,,50/100,100000,250,250,2283.7,2283.7,1714.34,Direct Bill,,,FALSE,TRUE,569.36
ZJE6996593,LIBM,120116,New,4/1/2025,4/1/2026,4/1/2025,12,Personal Auto,Private Passenger Auto,Sandra Garcia,sandra.garcia@insmail.com,"9605 Santana Lake, Reedberg, LA 78025",LA,"9653 Desiree Turnpike, New Raymond, NC 86563",4,1,,,,50/100,100000,500,1000,1220.93,1220.93,916.53,Direct Bill,,,FALSE,TRUE,304.4
GXC8914933,PRGS,120246,Renewal,4/1/2025,4/1/2026,4/1/2025,12,Homeowners,HO3,Todd Johnson,todd.johnson@mail.com,"047 Susan Estates, North William, AK 92356",AK,"047 Susan Estates, North William, AK 92356",,,1967,Joisted Masonry,7,,,,,2423.67,2423.67,1819.41,Agency Bill,,,FALSE,TRUE,604.26
UGX5940074,CHUB,120127,Renewal,4/1/2025,4/1/2026,4/1/2025,12,Homeowners,HO3,Michael Murray,michael.murray@customer.net,"47596 Justin Viaduct Suite 268, West Susan, WY 76635",WY,"47596 Justin Viaduct Suite 268, West Susan, WY 76635",,,1973,Frame,8,,,,,551.04,551.04,413.66,Agency Bill,,,FALSE,TRUE,137.38
DYB2367568,HART,120281,Renewal,4/1/2025,4/1/2026,4/1/2025,12,Homeowners,HO3,Ryan Dorsey,ryan.dorsey@example.com,"7083 Matthew Parks, Crawfordchester, ME 70576",ME,"7083 Matthew Parks, Crawfordchester, ME 70576",,,1995,Joisted Masonry,5,,,,,951.67,951.67,714.4,Direct Bill,,,FALSE,TRUE,237.27
GAS1968844,ALLS,120158,New,4/1/2025,4/1/2026,4/1/2025,12,Personal Auto,Private Passenger Auto,Christopher Parker,christopher.parker@policyhub.org,"887 Jamie Garden Suite 547, Monicashire, NC 75947",NC,"228 Antonio Throughway, South Jacob, NH 03676",3,3,,,,25/50,100000,1000,2500,1952.5,1952.5,1465.71,Direct Bill,,,FALSE,TRUE,486.79
WCZ0836109,PRGS,120111,New,4/1/2025,4/1/2026,4/1/2025,12,Personal Auto,Private Passenger Auto,Grace Smith,grace.smith@policyhub.org,"909 Diana Lane Suite 494, Murrayhaven, IA 86376",IA,"909 Diana Lane Suite 494, Murrayhaven, IA 86376",1,2,,,,50/100,50000,1000,2500,1427.69,1427.69,1071.75,Agency Bill,,,FALSE,FALSE,355.94
XXW4032525,NATI,120036,New,4/1/2025,4/1/2026,4/1/2025,12,Personal Auto,Private Passenger Auto,Jennifer Norris,jennifer.norris@policyhub.org,"60859 Mitchell Points, Tuckershire, VA 93269",VA,"727 Acevedo Parkway Suite 881, East Dawn, NJ 10131",5,3,,,,50/100,50000,500,1000,2983.04,2983.04,2239.32,Direct Bill,,,FALSE,TRUE,743.72
VVT8580384,AMFA,120070,Endorsement,4/1/2025,4/1/2026,8/12/2025,12,Umbrella,Personal Umbrella,David Murphy,david.murphy@example.com,"173 Lori Mall, Lake Amber, VI 10176",VI,"173 Lori Mall, Lake Amber, VI 10176",,,,,,,,,,499.33,-5.38,374.84,Direct Bill,,,FALSE,TRUE,124.49
XUP5568479,LIBM,120008,New,4/1/2025,4/1/2026,4/1/2025,12,Personal Auto,Private Passenger Auto,Thomas Wright,thomas.wright@policyhub.org,"058 Victoria Point Suite 370, North Crystalhaven, AZ 16726",AZ,"058 Victoria Point Suite 370, North Crystalhaven, AZ 16726",3,3,,,,50/100,50000,1000,1000,1411.68,1411.68,1059.73,Direct Bill,,,FALSE,TRUE,351.95
LLB4877505,TRAV,120081,New,4/1/2025,4/1/2026,4/1/2025,12,Personal Auto,Private Passenger Auto,William Heath,william.heath@customer.net,"9269 Lin Burgs, Madisonberg, MD 87654",MD,"9269 Lin Burgs, Madisonberg, MD 87654",2,4,,,,25/50,100000,1000,500,1251.86,1251.86,939.75,Direct Bill,,,FALSE,TRUE,312.11
BBF1382189,HART,120030,Renewal,4/1/2025,4/1/2026,4/1/2025,12,Homeowners,HO3,Timothy Hubbard,timothy.hubbard@policyhub.org,"94631 Gloria Spurs, North Davidfort, MD 80373",MD,"94631 Gloria Spurs, North Davidfort, MD 80373",,,1958,Joisted Masonry,10,,,,,1751.77,1751.77,1315.03,Direct Bill,,,FALSE,TRUE,436.74
XAH6122340,PRGS,120017,Renewal,4/1/2025,4/1/2026,4/1/2025,12,Homeowners,HO3,Eddie Lara,eddie.lara@policyhub.org,"4231 Wong Cliff, Lake Fernando, TN 84539",TN,"4231 Wong Cliff, Lake Fernando, TN 84539",,,2009,Frame,6,,,,,3186.42,3186.42,2392,Direct Bill,,,FALSE,TRUE,794.42
LKW9764452,GEIC,120148,New,4/1/2025,4/1/2026,4/1/2025,12,Personal Auto,Private Passenger Auto,James Martinez,james.martinez@customer.net,"518 Jones Rapid, Jonesville, VA 16595",VA,"518 Jones Rapid, Jonesville, VA 16595",1,2,,,,25/50,250000,500,1000,1371.26,1371.26,1029.38,Agency Bill,,,FALSE,TRUE,341.88
AAZ8125735,FARM,120007,New,4/1/2025,4/1/2026,4/1/2025,12,Personal Auto,Private Passenger Auto,Margaret Ramsey,margaret.ramsey@example.com,"1762 Evans Drive Suite 578, Johnville, CA 59691",CA,"5599 Jimenez Well Apt. 871, Brownhaven, KS 66169",1,3,,,,25/50,50000,250,500,3601.31,3601.31,2703.45,Agency Bill,,,FALSE,TRUE,897.86
DGY1389078,PRGS,120274,Renewal,4/1/2025,4/1/2026,4/1/2025,12,Personal Auto,Private Passenger Auto,Michael Randolph,michael.randolph@example.com,"423 Stanton Shore Suite 824, West Heatherstad, TN 29450",TN,"423 Stanton Shore Suite 824, West Heatherstad, TN 29450",1,1,,,,50/100,50000,1000,500,1675.38,1675.38,1257.68,Direct Bill,,,FALSE,TRUE,417.7
VNL4545005,CHUB,120133,New,4/1/2025,4/1/2026,4/1/2025,12,Personal Auto,Private Passenger Auto,Derek Mcbride,derek.mcbride@mail.com,"37280 Whitney Estate Suite 370, Bakerport, TN 27207",TN,"37280 Whitney Estate Suite 370, Bakerport, TN 27207",4,1,,,,25/50,100000,1000,250,1208.21,1208.21,906.99,Agency Bill,,,FALSE,TRUE,301.22
VPH5998220,TRAV,120259,New,4/1/2025,4/1/2026,4/1/2025,12,Personal Auto,Private Passenger Auto,Willie Frazier,willie.frazier@policyhub.org,"820 Jonathan Ports Apt. 489, Gloverland, MT 45999",MT,"820 Jonathan Ports Apt. 489, Gloverland, MT 45999",2,1,,,,50/100,100000,1000,1000,583.59,583.59,438.09,Agency Bill,,,FALSE,TRUE,145.5
KXN5361149,ALLS,120187,New,4/1/2025,4/1/2026,4/1/2025,12,Personal Auto,Private Passenger Auto,Kayla Howell,kayla.howell@mail.com,"474 Garrett Mews, New Rebecca, AZ 81125",AZ,"2911 Cunningham Unions Suite 218, New Derek, MD 21763",2,3,,,,50/100,50000,250,1000,2573.37,2573.37,1931.79,Direct Bill,,,FALSE,TRUE,641.58
HBW2069153,GEIC,120250,New,4/1/2025,4/1/2026,4/1/2025,12,Personal Auto,Private Passenger Auto,James Mclean,james.mclean@mail.com,"595 Joshua Pike, South Catherineville, MS 15306",MS,"399 Ryan Inlet Apt. 716, Millerville, FL 46057",2,3,,,,50/100,250000,500,500,1101.1,1101.1,826.58,Direct Bill,,,FALSE,TRUE,274.52
JXK5581564,LIBM,120115,Renewal,4/1/2025,4/1/2026,4/1/2025,12,Homeowners,HO3,Kristopher Ingram,kristopher.ingram@insmail.com,"49580 Bryant Lodge, East Kaylamouth, SD 60865",SD,"940 Lee Drive Apt. 983, Brendaton, NJ 16702",,,2002,Non-Combustible,5,,,,,2255.27,2255.27,1693,Agency Bill,,,FALSE,FALSE,562.27
PDM6352082,LIBM,120067,Renewal,4/1/2025,4/1/2026,4/1/2025,12,BOP,Businessowners,Brenda Reyes,brenda.reyes@example.com,"3298 Molina Common, Matthewside, PR 66333",PR,"523 Davidson Garden Suite 421, Bakershire, MD 49931",,,,Frame,6,,,,,2266,2266,1701.05,Direct Bill,,,FALSE,TRUE,564.95
KNR6522362,ALLS,120027,New,4/1/2025,4/1/2026,4/1/2025,12,Personal Auto,Private Passenger Auto,Joseph Bond,joseph.bond@mail.com,"905 Ryan Rapid, Tinachester, PA 76780",PA,"379 Matthew Expressway Suite 860, Lake Thomas, GU 28751",1,2,,,,50/100,250000,500,1000,3205.93,3205.93,2406.64,Direct Bill,,,FALSE,TRUE,799.29
TGG5470180,ALLS,120087,Renewal,4/1/2025,4/1/2026,4/1/2025,12,Homeowners,HO3,Paul Richardson,paul.richardson@customer.net,"6538 Emma Islands Apt. 688, Port Crystalburgh, VT 78255",VT,"237 Alexander Fall, North Martin, DE 46928",,,1965,Masonry Veneer,4,,,,,1954.59,1954.59,1467.28,Agency Bill,,,FALSE,TRUE,487.31
GGG5499871,CHUB,120142,Renewal,4/1/2025,4/1/2026,4/1/2025,12,Homeowners,HO3,Lisa Smith,lisa.smith@policyhub.org,"9591 David Isle, West Jeffrey, FL 17342",FL,"9591 David Isle, West Jeffrey, FL 17342",,,2000,Frame,6,,,,,1807.76,1807.76,1357.06,Direct Bill,,,FALSE,TRUE,450.7
DGM7394134,CHUB,120196,Renewal,4/1/2025,4/1/2026,4/1/2025,12,WC,Workers Compensation,Kathleen Morris,kathleen.morris@customer.net,"914 Clark Burg Suite 762, Collinsborough, PR 12350",PR,"914 Clark Burg Suite 762, Collinsborough, PR 12350",,,,,,,,,,7114.06,7114.06,5340.42,Agency Bill,,,FALSE,TRUE,1773.64
LWB0611409,NATI,120260,Renewal,4/1/2025,4/1/2026,4/1/2025,12,Personal Auto,Private Passenger Auto,Brandon Walters,brandon.walters@insmail.com,"8555 Rice Circle Suite 197, Codyview, TN 93799",TN,"8555 Rice Circle Suite 197, Codyview, TN 93799",2,1,,,,50/100,100000,250,1000,977.83,977.83,734.04,Direct Bill,,,FALSE,TRUE,243.79
DJK8816837,HART,120270,New,4/1/2025,4/1/2026,4/1/2025,12,Personal Auto,Private Passenger Auto,Sarah Sandoval,sarah.sandoval@customer.net,"884 Hall Islands Suite 379, Brianaside, TX 64631",TX,"884 Hall Islands Suite 379, Brianaside, TX 64631",2,2,,,,25/50,500000,1000,2500,1265.5,1265.5,949.99,Agency Bill,,,FALSE,TRUE,315.51
RVW9822041,ALLS,120011,New,4/1/2025,4/1/2026,4/1/2025,12,Personal Auto,Private Passenger Auto,Christopher Cox,christopher.cox@customer.net,"049 David Coves, South Kelliside, KS 88212",KS,"049 David Coves, South Kelliside, KS 88212",1,3,,,,50/100,100000,1000,250,1730.69,1730.69,1299.2,Direct Bill,,,FALSE,TRUE,431.49
KUR0477046,LIBM,120049,Renewal,4/1/2025,4/1/2026,4/1/2025,12,WC,Workers Compensation,Benjamin Bender,benjamin.bender@insmail.com,"653 Oscar Falls, Port Crystal, AK 96297",AK,"653 Oscar Falls, Port Crystal, AK 96297",,,,,,,,,,7454.32,7454.32,5595.85,Agency Bill,,,FALSE,TRUE,1858.47
PWE0367615,TRAV,120224,Renewal,4/1/2025,4/1/2026,4/1/2025,12,Homeowners,HO3,Leslie Clayton,leslie.clayton@insmail.com,"217 Ferguson Crest, Port Roberthaven, VI 89050",VI,"217 Ferguson Crest, Port Roberthaven, VI 89050",,,1985,Frame,8,,,,,1307.97,1307.97,981.87,Direct Bill,,,FALSE,TRUE,326.1
EHX3953351,FARM,120080,Renewal,4/1/2025,4/1/2026,4/1/2025,12,BOP,Businessowners,Nicole Stafford,nicole.stafford@insmail.com,"3728 Duran Ridge Apt. 098, Thompsonstad, WI 99484",WI,"3728 Duran Ridge Apt. 098, Thompsonstad, WI 99484",,,,Fire Resistive,7,,,,,3023.72,3023.72,2269.86,Direct Bill,,,FALSE,FALSE,753.86
MAE4215793,CHUB,120181,New,4/1/2025,4/1/2026,4/1/2025,12,Personal Auto,Private Passenger Auto,William Davis,william.davis@customer.net,"5506 Jones Rest Apt. 511, Lake Jessica, AK 95839",AK,"4882 Donald Alley Suite 027, Costaside, MP 54959",3,2,,,,25/50,100000,500,500,1798.38,1798.38,1350.02,Agency Bill,,,FALSE,FALSE,448.36
ZVY3078997,CHUB,120274,New,4/1/2025,4/1/2026,4/1/2025,12,Personal Auto,Private Passenger Auto,Jose Pena,jose.pena@insmail.com,"37739 Elizabeth Keys, South Sean, KS 14343",KS,"37739 Elizabeth Keys, South Sean, KS 14343",4,1,,,,25/50,100000,500,500,1409.37,1409.37,1057.99,Direct Bill,,,FALSE,TRUE,351.38
CBS7914385,GEIC,120027,New,4/1/2025,4/1/2026,4/1/2025,12,Personal Auto,Private Passenger Auto,Isaiah Todd,isaiah.todd@insmail.com,"45218 Adams Mission, Waltermouth, SD 82884",SD,"45218 Adams Mission, Waltermouth, SD 82884",4,2,,,,25/50,250000,1000,250,1397.75,1397.75,1049.27,Direct Bill,,,FALSE,TRUE,348.48
WJE7109453,NATI,120028,Renewal,4/1/2025,4/1/2026,4/1/2025,12,Homeowners,HO3,Jeanette Murphy,jeanette.murphy@customer.net,"8724 Natasha Walks, North Alan, TN 74537",TN,"8724 Natasha Walks, North Alan, TN 74537",,,2000,Masonry,9,,,,,893.18,893.18,670.5,Direct Bill,,,FALSE,TRUE,222.68
EVC1264262,FARM,120120,Renewal,4/1/2025,4/1/2026,4/1/2025,12,Homeowners,HO3,Amy Cox,amy.cox@customer.net,"860 Brittney Spur, Gatesview, LA 64201",LA,"860 Brittney Spur, Gatesview, LA 64201",,,2000,Joisted Masonry,7,,,,,2966.67,2966.67,2227.03,Agency Bill,,,FALSE,TRUE,739.64
XGT8224780,TRAV,120134,Endorsement,4/1/2025,4/1/2026,2/5/2026,12,Umbrella,Personal Umbrella,Brandon Cox,brandon.cox@example.com,"2342 Mejia Field Suite 441, Garciahaven, CT 83419",CT,"2342 Mejia Field Suite 441, Garciahaven, CT 83419",,,,,,,,,,394.83,4.98,296.39,Agency Bill,,,FALSE,TRUE,98.44
BMA0615934,TRAV,120138,Renewal,4/1/2025,4/1/2026,4/1/2025,12,Homeowners,HO3,Christopher Mcbride,christopher.mcbride@example.com,"991 Ellis Street Suite 750, Jillmouth, ND 05484",ND,"991 Ellis Street Suite 750, Jillmouth, ND 05484",,,2008,Frame,4,,,,,789.6,789.6,592.74,Direct Bill,,,FALSE,TRUE,196.86
XKS7629966,AMFA,120045,Renewal,4/1/2025,4/1/2026,4/1/2025,12,WC,Workers Compensation,Ashley Berry,ashley.berry@customer.net,"848 Lucas Common, Lake Anthony, MD 79910",MD,"848 Lucas Common, Lake Anthony, MD 79910",,,,,,,,,,6687.56,6687.56,5020.25,Agency Bill,,,FALSE,FALSE,1667.31
YHY4469367,ALLS,120246,New,4/1/2025,4/1/2026,4/1/2025,12,Personal Auto,Private Passenger Auto,Kevin Matthews,kevin.matthews@mail.com,"5584 Scott Viaduct Suite 108, Angelamouth, TX 34465",TX,"5584 Scott Viaduct Suite 108, Angelamouth, TX 34465",2,3,,,,50/100,250000,1000,2500,1733.97,1733.97,1301.67,Agency Bill,,,FALSE,TRUE,432.3
MVU9194496,TRAV,120281,Renewal,4/1/2025,4/1/2026,4/1/2025,12,Personal Auto,Private Passenger Auto,Catherine Rosales,catherine.rosales@customer.net,"818 Tina Gateway Apt. 719, Jacobfurt, UT 10964",UT,"818 Tina Gateway Apt. 719, Jacobfurt, UT 10964",1,1,,,,50/100,100000,1000,500,441.63,441.63,331.52,Direct Bill,,,FALSE,TRUE,110.11
JPC4264137,PRGS,120013,Renewal,4/1/2025,4/1/2026,4/1/2025,12,WC,Workers Compensation,Kristen Wall,kristen.wall@insmail.com,"8523 Kirby Trace Suite 754, Warrenmouth, MP 27730",MP,"8523 Kirby Trace Suite 754, Warrenmouth, MP 27730",,,,,,,,,,4898.03,4898.03,3676.88,Direct Bill,,,FALSE,FALSE,1221.15
ALK1098183,AMFA,120256,Renewal,4/1/2025,4/1/2026,4/1/2025,12,Homeowners,HO3,Donna James,donna.james@policyhub.org,"046 Scott Points Apt. 944, New Lisa, PA 48262",PA,"046 Scott Points Apt. 944, New Lisa, PA 48262",,,2021,Non-Combustible,8,,,,,1888.21,1888.21,1417.45,Direct Bill,,,FALSE,TRUE,470.76
PBT7700138,HART,120237,Renewal,4/1/2025,4/1/2026,4/1/2025,12,Homeowners,HO3,Richard Ochoa,richard.ochoa@mail.com,"4924 Heather Turnpike, Dominiquemouth, NJ 22134",NJ,"4924 Heather Turnpike, Dominiquemouth, NJ 22134",,,1981,Masonry,4,,,,,1196.93,1196.93,898.52,Direct Bill,,,FALSE,TRUE,298.41
YRS0182963,HART,120177,Endorsement,4/1/2025,4/1/2026,3/27/2026,12,Umbrella,Personal Umbrella,Robert Malone,robert.malone@customer.net,"1556 Morales Prairie, Christinaview, MD 46952",MD,"1556 Morales Prairie, Christinaview, MD 46952",,,,,,,,,,260.12,-7.09,195.27,Direct Bill,,,FALSE,FALSE,64.85
DGU8847908,PRGS,120218,Renewal,4/1/2025,4/1/2026,4/1/2025,12,Homeowners,HO3,Lauren Williams,lauren.williams@policyhub.org,"02479 Ryan Turnpike Apt. 507, Lake Dana, VA 97062",VA,"01171 May Pine Apt. 144, Markshire, VA 58556",,,2010,Frame,8,,,,,3266.65,3266.65,2452.22,Direct Bill,,,FALSE,FALSE,814.43
VVK3164985,LIBM,120270,New,4/1/2025,4/1/2026,4/1/2025,12,Personal Auto,Private Passenger Auto,Michael Flowers,michael.flowers@insmail.com,"90768 Gina Plaza, Schmidtview, VA 83873",VA,"90768 Gina Plaza, Schmidtview, VA 83873",1,2,,,,50/100,100000,1000,2500,2847.58,2847.58,2137.64,Direct Bill,,,FALSE,TRUE,709.94
GKN5660694,PRGS,120253,Renewal,4/1/2025,4/1/2026,4/1/2025,12,Homeowners,HO3,Ronald Manning,ronald.manning@customer.net,"036 Miller Spurs, Wilsonchester, ME 22996",ME,"036 Miller Spurs, Wilsonchester, ME 22996",,,2002,Masonry,8,,,,,1183.24,1183.24,888.24,Agency Bill,,,FALSE,TRUE,295
GKT1376681,TRAV,120291,New,4/1/2025,4/1/2026,4/1/2025,12,Personal Auto,Private Passenger Auto,Erin Velazquez,erin.velazquez@insmail.com,"0897 Perry Mountain, Anthonyside, NY 79019",NY,"0897 Perry Mountain, Anthonyside, NY 79019",2,2,,,,50/100,100000,1000,1000,1529.68,1529.68,1148.31,Direct Bill,,,FALSE,TRUE,381.37
HCS8944012,PRGS,120236,New,4/1/2025,4/1/2026,4/1/2025,12,Personal Auto,Private Passenger Auto,Megan Wong,megan.wong@example.com,"1976 Vanessa Alley Suite 888, Gibsonstad, MH 02396",MH,"1976 Vanessa Alley Suite 888, Gibsonstad, MH 02396",2,2,,,,50/100,250000,250,500,1151.38,1151.38,864.32,Direct Bill,,,FALSE,FALSE,287.06
MDA7704000,LIBM,120284,Renewal,4/1/2025,4/1/2026,4/1/2025,12,Homeowners,HO3,Robert Holt,robert.holt@customer.net,"91847 Howard Falls Suite 757, Port Melissa, PW 28854",PW,"91847 Howard Falls Suite 757, Port Melissa, PW 28854",,,1966,Frame,5,,,,,1107.22,1107.22,831.17,Direct Bill,,,FALSE,TRUE,276.05
NFC9535101,PRGS,120156,Renewal,4/1/2025,4/1/2026,4/1/2025,12,Homeowners,HO3,Amy Frazier,amy.frazier@policyhub.org,"34139 Robin Tunnel Apt. 570, Williamston, CO 11888",CO,"34139 Robin Tunnel Apt. 570, Williamston, CO 11888",,,2000,Frame,3,,,,,1680.41,1680.41,1261.46,Direct Bill,,,FALSE,TRUE,418.95
LYY6856946,ALLS,120174,New,4/1/2025,4/1/2026,4/1/2025,12,Personal Auto,Private Passenger Auto,Christina Martin,christina.martin@insmail.com,"21852 Bradley Alley, Port Melindaberg, MP 37321",MP,"21852 Bradley Alley, Port Melindaberg, MP 37321",1,1,,,,25/50,250000,250,1000,1326.44,1326.44,995.74,Direct Bill,,,FALSE,TRUE,330.7
HVC0839505,GEIC,120093,New,4/1/2025,4/1/2026,4/1/2025,12,Personal Auto,Private Passenger Auto,Samantha Andrews,samantha.andrews@insmail.com,"073 Joanna Crest, Maryport, DE 47921",DE,"073 Joanna Crest, Maryport, DE 47921",2,3,,,,50/100,100000,250,500,1896.08,1896.08,1423.36,Agency Bill,,,FALSE,TRUE,472.72
EJM1761808,FARM,120053,Renewal,4/1/2025,4/1/2026,4/1/2025,12,Umbrella,Personal Umbrella,Michael Alvarez,michael.alvarez@customer.net,"5162 Thomas Garden, Bethton, GA 22785",GA,"5162 Thomas Garden, Bethton, GA 22785",,,,,,,,,,543.13,543.13,407.72,Direct Bill,,,FALSE,TRUE,135.41
WMW9902312,NATI,120234,Renewal,4/1/2025,4/1/2026,4/1/2025,12,Homeowners,HO3,Brandi Herring,brandi.herring@mail.com,"8631 Flores Ford Suite 318, New Tarahaven, RI 91491",RI,"8631 Flores Ford Suite 318, New Tarahaven, RI 91491",,,1987,Frame,8,,,,,4378.29,4378.29,3286.72,Direct Bill,,,FALSE,TRUE,1091.57
DZH0366663,HART,120204,Renewal,4/1/2025,4/1/2026,4/1/2025,12,BOP,Businessowners,John Duran,john.duran@example.com,"1925 Owens Plains Apt. 811, Port Nicholas, AL 95377",AL,"592 Jason Walks Apt. 833, Ryanmouth, AS 54183",,,,Fire Resistive,6,,,,,15000,15000,11260.27,Direct Bill,,,FALSE,TRUE,3739.73
GKV3884501,GEIC,120137,New,4/1/2025,4/1/2026,4/1/2025,12,Personal Auto,Private Passenger Auto,Matthew Li,matthew.li@insmail.com,"56284 Collins Village, New Robertbury, AZ 23627",AZ,"56284 Collins Village, New Robertbury, AZ 23627",1,2,,,,50/100,50000,500,500,1073.31,1073.31,805.72,Agency Bill,,,FALSE,TRUE,267.59
KWZ1510322,HART,120021,New,4/1/2025,4/1/2026,4/1/2025,12,Personal Auto,Private Passenger Auto,Diana Richardson,diana.richardson@customer.net,"490 Tiffany Ferry Suite 818, Carterport, MN 06802",MN,"044 Kevin Forges, East Emmachester, RI 74144",1,2,,,,50/100,100000,1000,2500,2194.86,2194.86,1647.65,Direct Bill,,,FALSE,TRUE,547.21
UFC9352742,NATI,120076,Renewal,4/1/2025,4/1/2026,4/1/2025,12,Homeowners,HO3,Lauren Sutton,lauren.sutton@insmail.com,"5096 Jackson Springs Apt. 081, East Jaredbury, NE 67025",NE,"5096 Jackson Springs Apt. 081, East Jaredbury, NE 67025",,,1992,Masonry Veneer,8,,,,,751.73,751.73,564.31,Direct Bill,,,FALSE,TRUE,187.42
YNV1100218,HART,120179,Renewal,4/1/2025,4/1/2026,4/1/2025,12,Homeowners,HO3,Ashley Williams,ashley.williams@insmail.com,"434 Dwayne Crescent Suite 810, Kellermouth, DC 85115",DC,"434 Dwayne Crescent Suite 810, Kellermouth, DC 85115",,,1975,Masonry,5,,,,,1595.52,1595.52,1197.73,Direct Bill,,,FALSE,TRUE,397.79
YNM2299509,TRAV,120196,Endorsement,4/1/2025,4/1/2026,5/19/2025,12,Umbrella,Personal Umbrella,Amber Smith,amber.smith@insmail.com,"0172 Boyd Prairie, North Trevor, ID 28890",ID,"0172 Boyd Prairie, North Trevor, ID 28890",,,,,,,,,,266.76,-15.86,200.25,Direct Bill,,,FALSE,TRUE,66.51
AAP2902119,NATI,120029,New,4/1/2025,4/1/2026,4/1/2025,12,Personal Auto,Private Passenger Auto,Joel Coleman,joel.coleman@policyhub.org,"8642 Henry Road, North Leemouth, MO 53375",MO,"9352 Richard Mountains, New Jessica, MT 56337",2,2,,,,50/100,100000,250,500,1588.67,1588.67,1192.59,Agency Bill,,,FALSE,TRUE,396.08
RST2668105,HART,120197,New,4/1/2025,4/1/2026,4/1/2025,12,Personal Auto,Private Passenger Auto,Jennifer Koch,jennifer.koch@policyhub.org,"4108 Joseph Brooks, Stevenmouth, PR 16530",PR,"4108 Joseph Brooks, Stevenmouth, PR 16530",2,3,,,,25/50,25000,1000,2500,1495.05,1495.05,1122.31,Agency Bill,,,FALSE,TRUE,372.74
TYG4247244,AMFA,120283,Renewal,4/1/2025,4/1/2026,4/1/2025,12,WC,Workers Compensation,Matthew Martin,matthew.martin@policyhub.org,"1282 Cameron Circle Apt. 168, Powersstad, MD 32072",MD,"1282 Cameron Circle Apt. 168, Powersstad, MD 32072",,,,,,,,,,8266.56,8266.56,6205.58,Direct Bill,,,FALSE,TRUE,2060.98
RRB3681729,CHUB,120043,Renewal,4/1/2025,4/1/2026,4/1/2025,12,WC,Workers Compensation,Diana Roberts,diana.roberts@mail.com,"4112 Sherman Ports, South James, MA 29699",MA,"4112 Sherman Ports, South James, MA 29699",,,,,,,,,,6755.14,6755.14,5070.98,Agency Bill,,,FALSE,TRUE,1684.16
WYN8516973,CHUB,120011,New,4/1/2025,4/1/2026,4/1/2025,12,Personal Auto,Private Passenger Auto,Felicia Gomez,felicia.gomez@insmail.com,"77787 Arias Tunnel Suite 230, Khanburgh, VT 06315",VT,"77787 Arias Tunnel Suite 230, Khanburgh, VT 06315",1,2,,,,25/50,25000,2500,500,1327.89,1327.89,996.83,Direct Bill,,,FALSE,TRUE,331.06
PAF2432521,TRAV,120217,Renewal,4/1/2025,4/1/2026,4/1/2025,12,BOP,Businessowners,Nicholas Smith,nicholas.smith@policyhub.org,"53902 Linda Plaza Suite 995, Robertsmouth, AK 07444",AK,"53902 Linda Plaza Suite 995, Robertsmouth, AK 07444",,,,Frame,4,,,,,1500,1500,1126.03,Agency Bill,,,FALSE,FALSE,373.97
MWS4875914,TRAV,120242,Cancel,4/1/2025,5/3/2025,5/3/2025,12,Package,Commercial Package,Sophia Stewart,sophia.stewart@policyhub.org,"8556 Kathleen Roads Apt. 646, Jenniferville, AK 99716",AK,"8556 Kathleen Roads Apt. 646, Jenniferville, AK 99716",,,,Frame,4,,,,,9633.19,0,9633.19,Direct Bill,4/16/2022,,FALSE,FALSE,0
EAA0935227,HART,120254,Endorsement,4/1/2025,4/1/2026,9/7/2025,12,Umbrella,Personal Umbrella,Randy Turner,randy.turner@example.com,"0515 Phillips Forks, Lake Anthony, NV 30736",NV,"7358 Mark Junctions Suite 047, North Robert, NE 75683",,,,,,,,,,263.88,0.37,198.09,Direct Bill,,,FALSE,TRUE,65.79
PNR8046957,TRAV,120028,Endorsement,4/1/2025,4/1/2026,8/31/2025,12,Umbrella,Personal Umbrella,Katherine Davis,katherine.davis@policyhub.org,"9040 Watson Views Apt. 086, South Donna, DC 49652",DC,"183 Stuart Parkway Suite 960, Lake Michael, MO 07610",,,,,,,,,,150,4.95,112.6,Agency Bill,,,FALSE,TRUE,37.4
DRT1299626,NATI,120292,Renewal,4/1/2025,4/1/2026,4/1/2025,12,BOP,Businessowners,Megan Robinson,megan.robinson@policyhub.org,"89820 Patel Roads Suite 912, New Christine, NE 71430",NE,"89820 Patel Roads Suite 912, New Christine, NE 71430",,,,Fire Resistive,8,,,,,2613.86,2613.86,1962.19,Direct Bill,,,FALSE,FALSE,651.67
JJP7790640,TRAV,120092,Renewal,4/1/2025,4/1/2026,4/1/2025,12,Homeowners,HO3,Eric Steele,eric.steele@customer.net,"367 Weeks Road Apt. 723, Jacksonhaven, SD 66728",SD,"367 Weeks Road Apt. 723, Jacksonhaven, SD 66728",,,2008,Masonry,8,,,,,1605.25,1605.25,1205.04,Direct Bill,,,FALSE,TRUE,400.21
TGX0928235,PRGS,120073,Renewal,4/1/2025,4/1/2026,4/1/2025,12,BOP,Businessowners,Megan Munoz,megan.munoz@customer.net,"37143 Grimes Cliffs, South Amy, PA 41824",PA,"37143 Grimes Cliffs, South Amy, PA 41824",,,,Masonry,2,,,,,4735.26,4735.26,3554.69,Direct Bill,,,FALSE,TRUE,1180.57
MCJ5215466,PRGS,120125,Renewal,4/1/2025,4/1/2026,4/1/2025,12,Personal Auto,Private Passenger Auto,Emily Maddox,emily.maddox@example.com,"90763 Cory Vista, Lisatown, FM 23398",FM,"90763 Cory Vista, Lisatown, FM 23398",2,1,,,,50/100,50000,2500,1000,1040.85,1040.85,781.35,Direct Bill,,,FALSE,TRUE,259.5
VVV3119880,HART,120226,New,4/1/2025,4/1/2026,4/1/2025,12,Personal Auto,Private Passenger Auto,Erika Wright,erika.wright@insmail.com,"60944 Martin Place, Turnerberg, SD 51545",SD,"60944 Martin Place, Turnerberg, SD 51545",3,2,,,,25/50,100000,1000,1000,1512.97,1512.97,1135.76,Agency Bill,,,FALSE,TRUE,377.21
SVW5265467,ALLS,120054,New,4/1/2025,4/1/2026,4/1/2025,12,Personal Auto,Private Passenger Auto,Teresa Bautista,teresa.bautista@mail.com,"7425 Daugherty Shoal Apt. 886, Elizabethberg, ND 26744",ND,"7425 Daugherty Shoal Apt. 886, Elizabethberg, ND 26744",2,3,,,,50/100,250000,500,2500,1735.4,1735.4,1302.74,Direct Bill,,,FALSE,TRUE,432.66
HSY4666687,FARM,120004,Renewal,4/1/2025,4/1/2026,4/1/2025,12,BOP,Businessowners,Adam Williams,adam.williams@insmail.com,"21683 John Station Suite 256, Danielberg, NJ 56550",NJ,"21683 John Station Suite 256, Danielberg, NJ 56550",,,,Masonry,7,,,,,10206.82,10206.82,7662.11,Direct Bill,,,FALSE,TRUE,2544.71
DNV0194737,PRGS,120168,Renewal,4/1/2025,4/1/2026,4/1/2025,12,Umbrella,Personal Umbrella,Jessica Robertson,jessica.robertson@policyhub.org,"521 Melinda Rest Suite 282, Annaport, TN 11731",TN,"521 Melinda Rest Suite 282, Annaport, TN 11731",,,,,,,,,,357.93,357.93,268.69,Direct Bill,,,FALSE,FALSE,89.24
EMM4554845,LIBM,120239,Renewal,4/1/2025,4/1/2026,4/1/2025,12,BOP,Businessowners,Donald Steele,donald.steele@insmail.com,"706 John Junctions Suite 519, New Bethburgh, SD 03343",SD,"706 John Junctions Suite 519, New Bethburgh, SD 03343",,,,Masonry,7,,,,,3438.43,3438.43,2581.18,Direct Bill,,,FALSE,TRUE,857.25
TWH8202235,NATI,120179,Renewal,4/1/2025,4/1/2026,4/1/2025,12,Personal Auto,Private Passenger Auto,Tammy Mack,tammy.mack@example.com,"3013 Emily Drive Apt. 898, Wadeborough, MO 86599",MO,"38859 Gordon Crossing, Stevenview, VI 76638",1,2,,,,50/100,100000,500,500,1003.99,1003.99,753.68,Direct Bill,,,FALSE,TRUE,250.31
GBE9879779,LIBM,120196,New,4/1/2025,4/1/2026,4/1/2025,12,Personal Auto,Private Passenger Auto,Laura Romero,laura.romero@customer.net,"54509 Anthony Radial Apt. 531, New Cheryltown, RI 97405",RI,"153 Levine Trail, Williammouth, CT 20106",2,2,,,,25/50,250000,500,1000,1529.92,1529.92,1148.49,Agency Bill,,,FALSE,TRUE,381.43
DRX2809116,AMFA,120002,Renewal,4/1/2025,4/1/2026,4/1/2025,12,Personal Auto,Private Passenger Auto,Joy Garcia,joy.garcia@policyhub.org,"225 Lee Center, North Alexandraside, UT 81832",UT,"225 Lee Center, North Alexandraside, UT 81832",2,3,,,,50/100,100000,500,2500,4000,4000,3002.74,Agency Bill,,,FALSE,TRUE,997.26
UNK3551735,TRAV,120212,New,4/1/2025,4/1/2026,4/1/2025,12,Personal Auto,Private Passenger Auto,Christine Wilkins,christine.wilkins@insmail.com,"223 Cantrell Keys, North Joseph, MO 02020",MO,"223 Cantrell Keys, North Joseph, MO 02020",2,2,,,,50/100,100000,1000,500,2189.7,2189.7,1643.77,Agency Bill,,,FALSE,TRUE,545.93
BJM7464587,GEIC,120116,Renewal,4/1/2025,4/1/2026,4/1/2025,12,Personal Auto,Private Passenger Auto,James Gonzalez,james.gonzalez@mail.com,"4174 Gregory Plains, Lake Scottbury, AS 76168",AS,"99596 Timothy Harbor Suite 899, Joannstad, NJ 78362",3,1,,,,50/100,100000,1000,500,1121.89,1121.89,842.19,Agency Bill,,,FALSE,TRUE,279.7
GFJ5578945,PRGS,120210,Renewal,4/1/2025,4/1/2026,4/1/2025,12,Homeowners,HO3,Jennifer Hardy,jennifer.hardy@policyhub.org,"3030 Young Curve Apt. 766, Hillview, AL 74330",AL,"3030 Young Curve Apt. 766, Hillview, AL 74330",,,1997,Frame,4,,,,,2692.47,2692.47,2021.2,Agency Bill,,,FALSE,FALSE,671.27
ERN3486759,NATI,120049,New,4/1/2025,4/1/2026,4/1/2025,12,Personal Auto,Private Passenger Auto,Amy Wright,amy.wright@customer.net,"3115 Zhang Plaza Apt. 445, New Caitlynstad, OK 88757",OK,"3115 Zhang Plaza Apt. 445, New Caitlynstad, OK 88757",3,1,,,,50/100,100000,1000,500,1415.25,1415.25,1062.41,Direct Bill,,,FALSE,TRUE,352.84
LXN6559077,GEIC,120243,Cancel,4/1/2025,3/14/2026,3/14/2026,12,Package,Commercial Package,Melissa Young,melissa.young@customer.net,"4363 John Shores, Port Kelly, HI 23940",HI,"4363 John Shores, Port Kelly, HI 23940",,,,Masonry Veneer,5,,,,,8342.13,0,6587.16,Direct Bill,12/3/2022,,FALSE,TRUE,1754.97
YYB2048543,NATI,120157,New,4/1/2025,4/1/2026,4/1/2025,12,Personal Auto,Private Passenger Auto,Albert Zavala,albert.zavala@example.com,"318 Church Plains Apt. 631, Port Marciamouth, PR 14608",PR,"318 Church Plains Apt. 631, Port Marciamouth, PR 14608",3,1,,,,50/100,50000,500,2500,1072.83,1072.83,805.36,Agency Bill,,,FALSE,TRUE,267.47
BPX5737891,ALLS,120072,Renewal,4/1/2025,4/1/2026,4/1/2025,12,BOP,Businessowners,Jeremy Lee,jeremy.lee@mail.com,"349 Johnson Junction, North Mark, KS 09828",KS,"349 Johnson Junction, North Mark, KS 09828",,,,Frame,8,,,,,1873.89,1873.89,1406.7,Direct Bill,,,FALSE,TRUE,467.19
GKN7196048,ALLS,120275,Renewal,4/1/2025,4/1/2026,4/1/2025,12,Personal Auto,Private Passenger Auto,Robert Conner,robert.conner@mail.com,"16560 Andrea Meadow Suite 013, Port Jameschester, OK 01539",OK,"07519 Brown Court Apt. 100, Josephshire, IL 91677",1,2,,,,50/100,250000,500,500,2795.64,2795.64,2098.64,Direct Bill,,,FALSE,TRUE,697
XDJ8867719,CHUB,120241,Renewal,4/1/2025,4/1/2026,4/1/2025,12,BOP,Businessowners,Ray Miller,ray.miller@mail.com,"75379 Andrea Loaf, East Tammyborough, NC 61457",NC,"75379 Andrea Loaf, East Tammyborough, NC 61457",,,,Frame,3,,,,,4977.36,4977.36,3736.43,Agency Bill,,,FALSE,TRUE,1240.93
CEZ0886331,ALLS,120155,Endorsement,4/1/2025,4/1/2026,8/12/2025,12,Umbrella,Personal Umbrella,Andrew Blackwell,andrew.blackwell@mail.com,"503 Michael Meadows, South Mitchellport, PA 97108",PA,"503 Michael Meadows, South Mitchellport, PA 97108",,,,,,,,,,245.83,-3.62,184.54,Agency Bill,,,FALSE,TRUE,61.29
GCE5105894,HART,120253,Renewal,4/1/2025,4/1/2026,4/1/2025,12,Homeowners,HO3,Jeffery Hill,jeffery.hill@policyhub.org,"0270 Larsen Hollow, North Matthewbury, SD 54933",SD,"50439 Heather Mills, East Benjamin, AR 05254",,,2003,Masonry,7,,,,,3073.96,3073.96,2307.58,Direct Bill,,,FALSE,TRUE,766.38
ALC9476366,AMFA,120199,New,4/1/2025,4/1/2026,4/1/2025,12,Personal Auto,Private Passenger Auto,Derek Moore,derek.moore@example.com,"478 Rodriguez Crest, New Jaimeton, SD 46041",SD,"7363 Sarah Well Apt. 243, West Samuel, AR 41066",4,4,,,,50/100,250000,500,500,3739.07,3739.07,2806.86,Direct Bill,,,FALSE,TRUE,932.21
LNP9210856,LIBM,120140,New,4/1/2025,4/1/2026,4/1/2025,12,Personal Auto,Private Passenger Auto,Mark David,mark.david@mail.com,"89545 Gomez Land, Lake Pamela, ND 54636",ND,"89545 Gomez Land, Lake Pamela, ND 54636",4,2,,,,50/100,100000,500,500,1154.36,1154.36,866.56,Agency Bill,,,FALSE,TRUE,287.8
ESC1265504,TRAV,120180,New,4/1/2025,4/1/2026,4/1/2025,12,Personal Auto,Private Passenger Auto,Blake Buck,blake.buck@customer.net,"126 Megan Overpass Apt. 757, New Kimberlyport, MP 32130",MP,"126 Megan Overpass Apt. 757, New Kimberlyport, MP 32130",3,1,,,,25/50,500000,250,1000,1859.55,1859.55,1395.94,Agency Bill,,,FALSE,FALSE,463.61
MWZ9957080,GEIC,120277,New,4/1/2025,4/1/2026,4/1/2025,12,Personal Auto,Private Passenger Auto,Rebecca Goodwin,rebecca.goodwin@mail.com,"16858 Cynthia Mews, North Claudiaport, NY 80986",NY,"16858 Cynthia Mews, North Claudiaport, NY 80986",1,1,,,,25/50,50000,1000,250,1146.42,1146.42,860.6,Direct Bill,,,FALSE,TRUE,285.82
JCZ1985314,ALLS,120295,Renewal,4/1/2025,4/1/2026,4/1/2025,12,BOP,Businessowners,Diana Mendoza,diana.mendoza@mail.com,"313 John Brook, East Jessicabury, FL 55301",FL,"313 John Brook, East Jessicabury, FL 55301",,,,Masonry,8,,,,,2148.32,2148.32,1612.71,Direct Bill,,,FALSE,FALSE,535.61
PZY4147719,NATI,120264,New,4/1/2025,4/1/2026,4/1/2025,12,Personal Auto,Private Passenger Auto,Daniel Hall,daniel.hall@insmail.com,"98792 Young Ports, South Michelletown, OK 91387",OK,"691 Alvarado Ranch, Lake Tanya, GA 16545",2,1,,,,50/100,50000,500,500,1534.61,1534.61,1152.01,Direct Bill,,,FALSE,TRUE,382.6
WVD3415549,NATI,120154,New,4/1/2025,4/1/2026,4/1/2025,12,Personal Auto,Private Passenger Auto,Victoria Mckinney,victoria.mckinney@example.com,"23687 Sarah Passage, Patrickburgh, OK 45367",OK,"5767 Dorothy Falls, New Theresaville, WY 48039",3,3,,,,50/100,250000,2500,500,1869.41,1869.41,1403.34,Direct Bill,,,FALSE,TRUE,466.07
CLX0921602,ALLS,120220,New,4/1/2025,4/1/2026,4/1/2025,12,Personal Auto,Private Passenger Auto,James Johnson,james.johnson@insmail.com,"800 Brandi Oval Suite 271, Kingland, NE 19094",NE,"800 Brandi Oval Suite 271, Kingland, NE 19094",2,2,,,,50/100,100000,1000,2500,1078.77,1078.77,809.82,Agency Bill,,,FALSE,TRUE,268.95
STM4451513,HART,120148,New,4/1/2025,4/1/2026,4/1/2025,12,Personal Auto,Private Passenger Auto,Sydney Cooper,sydney.cooper@mail.com,"758 Martin Fords Apt. 607, North Jessica, UT 67967",UT,"758 Martin Fords Apt. 607, North Jessica, UT 67967",3,3,,,,50/100,50000,500,1000,2375.56,2375.56,1783.3,Direct Bill,,,FALSE,TRUE,592.26
WUR2540426,NATI,120080,New,4/1/2025,4/1/2026,4/1/2025,12,Personal Auto,Private Passenger Auto,Maria Jackson,maria.jackson@customer.net,"10507 Sandra Via Apt. 400, North Kristenborough, GU 79794",GU,"10507 Sandra Via Apt. 400, North Kristenborough, GU 79794",1,1,,,,50/100,50000,500,1000,1104.12,1104.12,828.85,Direct Bill,,,FALSE,TRUE,275.27
LEH2882357,AMFA,120247,Renewal,4/1/2025,4/1/2026,4/1/2025,12,Personal Auto,Private Passenger Auto,Kevin Raymond,kevin.raymond@policyhub.org,"135 Michelle Common Apt. 505, Lake Theresafort, MS 35359",MS,"135 Michelle Common Apt. 505, Lake Theresafort, MS 35359",4,1,,,,50/100,50000,500,500,1103.8,1103.8,828.61,Direct Bill,,,FALSE,TRUE,275.19
VUN3948228,LIBM,120291,Renewal,4/1/2025,4/1/2026,4/1/2025,12,Homeowners,HO3,Phillip Byrd,phillip.byrd@insmail.com,"784 Brenda Curve, Muellerville, MS 67323",MS,"784 Brenda Curve, Muellerville, MS 67323",,,1971,Masonry Veneer,7,,,,,2396.3,2396.3,1798.87,Direct Bill,,,FALSE,TRUE,597.43
GKY4905540,CHUB,120035,New,4/1/2025,4/1/2026,4/1/2025,12,Personal Auto,Private Passenger Auto,Chelsea Henderson,chelsea.henderson@insmail.com,"8271 Brenda Mission Suite 295, Rebeccachester, UT 71515",UT,"8271 Brenda Mission Suite 295, Rebeccachester, UT 71515",2,3,,,,50/100,50000,250,1000,2904.5,2904.5,2180.36,Direct Bill,,,FALSE,TRUE,724.14
WBY2494284,TRAV,120158,Renewal,4/1/2025,4/1/2026,4/1/2025,12,BOP,Businessowners,Felicia Brown,felicia.brown@customer.net,"37465 Moore Pines Suite 620, Hessview, MT 60220",MT,"37465 Moore Pines Suite 620, Hessview, MT 60220",,,,Masonry,5,,,,,5840.91,5840.91,4384.68,Agency Bill,,,FALSE,FALSE,1456.23
GVE8271324,CHUB,120220,Renewal,4/1/2025,4/1/2026,4/1/2025,12,BOP,Businessowners,Allen Hernandez,allen.hernandez@customer.net,"454 Murphy Village, Port April, NH 07391",NH,"72787 Jason Ports Suite 798, Cunninghamland, NY 70640",,,,Masonry Veneer,9,,,,,5898.73,5898.73,4428.09,Direct Bill,,,FALSE,FALSE,1470.64
LVF6231741,HART,120078,Renewal,4/1/2025,4/1/2026,4/1/2025,12,BOP,Businessowners,Brittany Griffin,brittany.griffin@customer.net,"23451 Samantha Ville, Danielbury, DE 36217",DE,"1464 Gregory Estate, Roblesfurt, CA 50116",,,,Masonry,6,,,,,7960.37,7960.37,5975.73,Direct Bill,,,FALSE,TRUE,1984.64
JLK5169113,CHUB,120133,New,4/1/2025,4/1/2026,4/1/2025,12,Personal Auto,Private Passenger Auto,Natasha Murphy,natasha.murphy@customer.net,"86006 Conner Curve Suite 665, New Susan, PA 12555",PA,"86006 Conner Curve Suite 665, New Susan, PA 12555",2,1,,,,50/100,100000,250,1000,1994.75,1994.75,1497.43,Agency Bill,,,FALSE,TRUE,497.32
XDR3450534,GEIC,120153,Renewal,4/1/2025,4/1/2026,4/1/2025,12,Homeowners,HO3,Megan Chavez,megan.chavez@insmail.com,"7187 Bennett Turnpike, Brittanymouth, NM 06996",NM,"7187 Bennett Turnpike, Brittanymouth, NM 06996",,,2000,Frame,6,,,,,994.98,994.98,746.92,Direct Bill,,,FALSE,TRUE,248.06
JRF6275905,TRAV,120060,New,4/1/2025,4/1/2026,4/1/2025,12,Personal Auto,Private Passenger Auto,Jacob French,jacob.french@mail.com,"04074 Ryan Ranch Apt. 153, Ruthburgh, KY 32400",KY,"89464 Dakota Pines, Mcmahontown, MH 64817",1,1,,,,50/100,50000,1000,1000,498.65,498.65,374.33,Direct Bill,,,FALSE,TRUE,124.32
SRP7820169,CHUB,120179,Renewal,4/1/2025,4/1/2026,4/1/2025,12,BOP,Businessowners,Rachel Campbell,rachel.campbell@policyhub.org,"2045 Marquez Ways Apt. 087, New Amandafurt, DE 58716",DE,"2045 Marquez Ways Apt. 087, New Amandafurt, DE 58716",,,,Frame,7,,,,,9223.43,9223.43,6923.89,Direct Bill,,,FALSE,FALSE,2299.54
ELP5761216,GEIC,120263,Renewal,4/1/2025,4/1/2026,4/1/2025,12,Homeowners,HO3,Stacy Fischer,stacy.fischer@policyhub.org,"316 Herrera Heights Apt. 366, Parkermouth, MT 05266",MT,"316 Herrera Heights Apt. 366, Parkermouth, MT 05266",,,1985,Frame,5,,,,,931.73,931.73,699.44,Direct Bill,,,FALSE,TRUE,232.29
RXS6610787,PRGS,120112,New,4/1/2025,4/1/2026,4/1/2025,12,Personal Auto,Private Passenger Auto,Kenneth Navarro,kenneth.navarro@example.com,"238 Benson Highway, Burnsberg, NV 30134",NV,"238 Benson Highway, Burnsberg, NV 30134",2,1,,,,50/100,250000,250,1000,1697.43,1697.43,1274.24,Direct Bill,,,FALSE,TRUE,423.19
LFK7424766,CHUB,120139,Renewal,4/1/2025,4/1/2026,4/1/2025,12,WC,Workers Compensation,Robert Mays,robert.mays@policyhub.org,"9818 Graves Club Suite 898, Lake Ryanborough, PR 50673",PR,"9818 Graves Club Suite 898, Lake Ryanborough, PR 50673",,,,,,,,,,10575.19,10575.19,7938.64,Direct Bill,,,FALSE,TRUE,2636.55
ETA9878887,GEIC,120127,New,4/1/2025,4/1/2026,4/1/2025,12,Personal Auto,Private Passenger Auto,Jesus Lindsey,jesus.lindsey@insmail.com,"4109 Diamond Throughway, North Sarah, KS 94270",KS,"0599 Smith Circle, Smithtown, OK 75511",1,1,,,,50/100,250000,500,500,1651.45,1651.45,1239.72,Direct Bill,,,FALSE,TRUE,411.73
VUW8697947,HART,120061,New,4/1/2025,4/1/2026,4/1/2025,12,Personal Auto,Private Passenger Auto,Amanda Jordan,amanda.jordan@example.com,"422 Horn Lodge, Webbhaven, SC 18684",SC,"422 Horn Lodge, Webbhaven, SC 18684",2,1,,,,25/50,250000,250,1000,1409.76,1409.76,1058.29,Direct Bill,,,FALSE,TRUE,351.47
TVG7281955,ALLS,120117,Cancel,4/1/2025,4/1/2026,4/1/2026,12,Package,Commercial Package,Jeffrey Leonard,jeffrey.leonard@policyhub.org,"0800 Murray Views, Jeffreyton, MS 99470",MS,"0800 Murray Views, Jeffreyton, MS 99470",,,,Non-Combustible,7,,,,,12790.11,0,9601.34,Agency Bill,8/13/2023,,FALSE,FALSE,3188.77
RRF0367248,PRGS,120255,Renewal,4/1/2025,4/1/2026,4/1/2025,12,Homeowners,HO3,Edward Hall,edward.hall@customer.net,"938 Jeffrey Prairie, Port Leonbury, MA 43964",MA,"7082 Donna Summit Suite 529, East Megan, WA 36474",,,1988,Frame,9,,,,,1742.8,1742.8,1308.29,Direct Bill,,,FALSE,TRUE,434.51
AZL0395402,PRGS,120028,Renewal,4/1/2025,4/1/2026,4/1/2025,12,Homeowners,HO3,Richard Nguyen,richard.nguyen@customer.net,"135 West Shore, West Elizabethfurt, TN 11988",TN,"2233 Cassandra Mountain Suite 274, Lake Jill, WV 54136",,,1998,Fire Resistive,5,,,,,1321.64,1321.64,992.14,Direct Bill,,,FALSE,TRUE,329.5
JXV7361760,TRAV,120202,Renewal,4/1/2025,4/1/2026,4/1/2025,12,Homeowners,HO3,Daniel Long,daniel.long@customer.net,"7637 Phillips Trail, Laurenfurt, CA 62957",CA,"7637 Phillips Trail, Laurenfurt, CA 62957",,,1972,Frame,7,,,,,861.25,861.25,646.53,Direct Bill,,,FALSE,TRUE,214.72
ZXS2108473,LIBM,120266,New,4/1/2025,4/1/2026,4/1/2025,12,Personal Auto,Private Passenger Auto,Stephen Chambers,stephen.chambers@mail.com,"457 Suzanne Meadow Suite 463, East Marytown, WA 61563",WA,"457 Suzanne Meadow Suite 463, East Marytown, WA 61563",4,2,,,,50/100,100000,500,500,719.59,719.59,540.19,Direct Bill,,,FALSE,TRUE,179.4
CTW3983121,ALLS,120147,Endorsement,4/1/2025,4/1/2026,1/8/2026,12,Umbrella,Personal Umbrella,Catherine Tucker,catherine.tucker@customer.net,"00598 Amy Hollow Suite 701, Lake Williambury, OH 50064",OH,"00598 Amy Hollow Suite 701, Lake Williambury, OH 50064",,,,,,,,,,503.55,35.42,378.01,Direct Bill,,,FALSE,TRUE,125.54
EXV1801931,TRAV,120257,Renewal,4/1/2025,4/1/2026,4/1/2025,12,Personal Auto,Private Passenger Auto,Paul Brennan,paul.brennan@insmail.com,"8537 Flores Cove, Lake Cynthia, ID 53704",ID,"980 Howard Dam, Ericchester, MO 06221",1,2,,,,50/100,100000,500,1000,3029.22,3029.22,2273.99,Agency Bill,,,FALSE,TRUE,755.23
YZV9761708,GEIC,120123,Renewal,4/1/2025,4/1/2026,4/1/2025,12,Homeowners,HO3,Greg House,greg.house@mail.com,"900 Tracy Expressway Suite 368, West Rebeccatown, VT 75061",VT,"900 Tracy Expressway Suite 368, West Rebeccatown, VT 75061",,,1995,Joisted Masonry,7,,,,,2499.11,2499.11,1876.04,Agency Bill,,,FALSE,TRUE,623.07
BYS1630365,GEIC,120003,Renewal,4/1/2025,4/1/2026,4/1/2025,12,BOP,Businessowners,James Martinez,james.martinez@example.com,"994 Patricia Stravenue, North Staceyshire, MA 51804",MA,"994 Patricia Stravenue, North Staceyshire, MA 51804",,,,Non-Combustible,6,,,,,4974.24,4974.24,3734.09,Agency Bill,,,FALSE,TRUE,1240.15
UKW7117333,CHUB,120280,Renewal,4/1/2025,4/1/2026,4/1/2025,12,BOP,Businessowners,Kayla Hall,kayla.hall@insmail.com,"226 Richard Knoll Suite 367, Lake Dylan, GA 84872",GA,"226 Richard Knoll Suite 367, Lake Dylan, GA 84872",,,,Masonry Veneer,2,,,,,2713.38,2713.38,2036.89,Agency Bill,,,FALSE,TRUE,676.49
BGS2904016,GEIC,120242,Renewal,4/1/2025,4/1/2026,4/1/2025,12,Homeowners,HO3,Howard Montes,howard.montes@example.com,"4681 Ryan Islands, Lake Benjamin, IA 02069",IA,"4681 Ryan Islands, Lake Benjamin, IA 02069",,,1986,Frame,5,,,,,2133.32,2133.32,1601.45,Direct Bill,,,FALSE,TRUE,531.87
UYE6304324,GEIC,120293,New,4/1/2025,4/1/2026,4/1/2025,12,Personal Auto,Private Passenger Auto,Steven Bowman,steven.bowman@customer.net,"3606 Garcia View Suite 787, Irwinhaven, AR 96567",AR,"3606 Garcia View Suite 787, Irwinhaven, AR 96567",2,1,,,,50/100,100000,2500,250,662.06,662.06,497,Direct Bill,,,FALSE,TRUE,165.06
ZLF0141217,AMFA,120002,New,4/1/2025,4/1/2026,4/1/2025,12,Personal Auto,Private Passenger Auto,Kimberly Davis,kimberly.davis@mail.com,"47419 Charles Estate Apt. 142, East Brenda, SC 14630",SC,"47419 Charles Estate Apt. 142, East Brenda, SC 14630",1,1,,,,50/100,50000,1000,500,1622.87,1622.87,1218.26,Direct Bill,,,FALSE,TRUE,404.61
ZJY7999746,ALLS,120129,New,4/1/2025,4/1/2026,4/1/2025,12,Personal Auto,Private Passenger Auto,Megan Morgan,megan.morgan@policyhub.org,"90484 Stevens Junction, Barbaraberg, RI 72156",RI,"90484 Stevens Junction, Barbaraberg, RI 72156",1,3,,,,50/100,50000,250,1000,1917.8,1917.8,1439.66,Direct Bill,,,FALSE,TRUE,478.14
YXJ6905885,NATI,120028,Renewal,4/1/2025,4/1/2026,4/1/2025,12,Homeowners,HO3,Robert Johnson,robert.johnson@example.com,"870 Deanna Drive Apt. 720, North Krista, PR 36530",PR,"870 Deanna Drive Apt. 720, North Krista, PR 36530",,,1955,Frame,7,,,,,1873.41,1873.41,1406.34,Agency Bill,,,FALSE,TRUE,467.07
JZA5027050,NATI,120058,Renewal,4/1/2025,4/1/2026,4/1/2025,12,Homeowners,HO3,Patrick Mcdaniel,patrick.mcdaniel@mail.com,"947 Peterson Causeway Suite 986, New Harold, MT 30188",MT,"947 Peterson Causeway Suite 986, New Harold, MT 30188",,,2004,Masonry Veneer,9,,,,,1592.75,1592.75,1195.65,Direct Bill,,,FALSE,TRUE,397.1
WEZ3900808,CHUB,120146,Endorsement,4/1/2025,4/1/2026,4/25/2025,12,Umbrella,Personal Umbrella,Lisa Cabrera,lisa.cabrera@insmail.com,"9104 Sherman Center, Harrisonland, NH 54466",NH,"9104 Sherman Center, Harrisonland, NH 54466",,,,,,,,,,466.25,26.9,350.01,Direct Bill,,,FALSE,TRUE,116.24
JFE5231618,LIBM,120138,Renewal,4/1/2025,4/1/2026,4/1/2025,12,WC,Workers Compensation,Robert Weaver,robert.weaver@policyhub.org,"254 Callahan Junctions, Lake Dawn, VA 25480",VA,"254 Callahan Junctions, Lake Dawn, VA 25480",,,,,,,,,,8317.46,8317.46,6243.79,Agency Bill,,,FALSE,TRUE,2073.67
HZC7601713,PRGS,120027,New,4/1/2025,4/1/2026,4/1/2025,12,Personal Auto,Private Passenger Auto,Lisa Olson,lisa.olson@policyhub.org,"8321 Garcia Parks, South Sherry, PR 32097",PR,"8321 Garcia Parks, South Sherry, PR 32097",3,2,,,,25/50,250000,500,250,1924.83,1924.83,1444.94,Direct Bill,,,FALSE,TRUE,479.89
CDR2790448,GEIC,120021,New,4/1/2025,4/1/2026,4/1/2025,12,Personal Auto,Private Passenger Auto,Jonathan Lopez,jonathan.lopez@example.com,"145 Elizabeth Gateway, Port Heidi, SD 04822",SD,"145 Elizabeth Gateway, Port Heidi, SD 04822",2,1,,,,50/100,250000,500,500,920.85,920.85,691.27,Direct Bill,,,FALSE,TRUE,229.58
VTB9405990,CHUB,120142,Renewal,4/1/2025,4/1/2026,4/1/2025,12,WC,Workers Compensation,Barbara Bailey,barbara.bailey@policyhub.org,"81590 Santiago Ways Apt. 689, New Joshua, LA 51706",LA,"81590 Santiago Ways Apt. 689, New Joshua, LA 51706",,,,,,,,,,4390.61,4390.61,3295.96,Direct Bill,,,FALSE,TRUE,1094.65
RTL8686064,CHUB,120189,Renewal,4/1/2025,4/1/2026,4/1/2025,12,BOP,Businessowners,Dana Simon,dana.simon@customer.net,"493 Holland Parks Apt. 222, Hollyfurt, CO 36791",CO,"4249 Nathaniel Corners, Port Michaelhaven, MA 77845",,,,Frame,7,,,,,2205.01,2205.01,1655.27,Direct Bill,,,FALSE,TRUE,549.74
UJS2690957,LIBM,120291,New,4/1/2025,4/1/2026,4/1/2025,12,Personal Auto,Private Passenger Auto,Jessica Esparza,jessica.esparza@example.com,"799 Kelsey Unions, Ellisside, MS 78908",MS,"799 Kelsey Unions, Ellisside, MS 78908",2,2,,,,25/50,100000,1000,500,774.27,774.27,581.23,Agency Bill,,,FALSE,TRUE,193.04
XZE5447320,HART,120070,New,4/1/2025,4/1/2026,4/1/2025,12,Personal Auto,Private Passenger Auto,Charles Johnston,charles.johnston@insmail.com,"1555 Jensen Key, North Anthony, AS 08658",AS,"1555 Jensen Key, North Anthony, AS 08658",2,1,,,,50/100,50000,250,500,846.48,846.48,635.44,Direct Bill,,,FALSE,TRUE,211.04
BBH0767806,LIBM,120230,Renewal,4/1/2025,4/1/2026,4/1/2025,12,Personal Auto,Private Passenger Auto,Carmen Avila,carmen.avila@policyhub.org,"8266 Ellis Fords, Wesleymouth, OR 62514",OR,"8266 Ellis Fords, Wesleymouth, OR 62514",2,1,,,,50/100,100000,500,500,764.28,764.28,573.73,Direct Bill,,,FALSE,TRUE,190.55
YCZ9778760,TRAV,120216,Renewal,4/1/2025,4/1/2026,4/1/2025,12,Personal Auto,Private Passenger Auto,Joseph Payne,joseph.payne@insmail.com,"2408 Deborah Crescent Apt. 957, East Laura, VI 93367",VI,"2408 Deborah Crescent Apt. 957, East Laura, VI 93367",3,1,,,,50/100,100000,500,500,891.73,891.73,669.41,Direct Bill,,,FALSE,TRUE,222.32
MKC4866094,PRGS,120282,Renewal,4/1/2025,4/1/2026,4/1/2025,12,Homeowners,HO3,Stacey Kidd,stacey.kidd@policyhub.org,"138 Jeremy Key, Brendatown, FM 47608",FM,"138 Jeremy Key, Brendatown, FM 47608",,,2009,Frame,6,,,,,2150.62,2150.62,1614.44,Direct Bill,,,FALSE,TRUE,536.18
FUH5407037,PRGS,120205,Renewal,4/1/2025,4/1/2026,4/1/2025,12,Homeowners,HO3,Matthew Nguyen,matthew.nguyen@example.com,"18805 Collins Terrace Suite 926, Port Michael, NC 07541",NC,"18805 Collins Terrace Suite 926, Port Michael, NC 07541",,,1989,Masonry Veneer,4,,,,,1213.87,1213.87,911.23,Agency Bill,,,FALSE,FALSE,302.64
ZNU7930643,CHUB,120099,Renewal,4/1/2025,4/1/2026,4/1/2025,12,Homeowners,HO3,George Luna,george.luna@policyhub.org,"0471 Bruce Stravenue, Davisfort, RI 38749",RI,"0471 Bruce Stravenue, Davisfort, RI 38749",,,1974,Fire Resistive,5,,,,,941.86,941.86,707.04,Direct Bill,,,FALSE,TRUE,234.82
MRT5734869,NATI,120137,New,4/1/2025,4/1/2026,4/1/2025,12,Personal Auto,Private Passenger Auto,Jacob Allen,jacob.allen@mail.com,"52356 Robert Greens Suite 891, Johnsonshire, OH 34877",OH,"52356 Robert Greens Suite 891, Johnsonshire, OH 34877",1,4,,,,50/100,50000,500,500,1045.36,1045.36,784.74,Direct Bill,,,FALSE,TRUE,260.62
TSY6407075,CHUB,120199,New,4/1/2025,4/1/2026,4/1/2025,12,Personal Auto,Private Passenger Auto,Kenneth Jones,kenneth.jones@customer.net,"9678 Greg Way, Anthonyville, DE 38163",DE,"9678 Greg Way, Anthonyville, DE 38163",3,3,,,,50/100,100000,500,1000,2000.96,2000.96,1502.09,Agency Bill,,,FALSE,TRUE,498.87
RUX6236009,AMFA,120194,New,4/1/2025,4/1/2026,4/1/2025,12,Personal Auto,Private Passenger Auto,Troy Smith,troy.smith@mail.com,"9208 Denise Hill, Michaelaport, DC 76680",DC,"9208 Denise Hill, Michaelaport, DC 76680",2,1,,,,25/50,100000,500,1000,633.42,633.42,475.5,Direct Bill,,,FALSE,TRUE,157.92
JXU8518929,TRAV,120143,New,4/1/2025,4/1/2026,4/1/2025,12,Personal Auto,Private Passenger Auto,Carlos Ortiz,carlos.ortiz@policyhub.org,"038 Christian Street Suite 370, Dorisview, NE 25684",NE,"229 Robinson Lake, Austinfort, FL 45530",2,4,,,,25/50,100000,500,500,841.6,841.6,631.78,Direct Bill,,,FALSE,TRUE,209.82
FGX3000976,ALLS,120167,Renewal,4/1/2025,4/1/2026,4/1/2025,12,BOP,Businessowners,Scott Melton,scott.melton@customer.net,"62479 Morrow Plains, South Jamieton, NH 72624",NH,"62479 Morrow Plains, South Jamieton, NH 72624",,,,Frame,8,,,,,4745.22,4745.22,3562.17,Direct Bill,,,FALSE,TRUE,1183.05
XBH9877095,CHUB,120064,New,4/1/2025,4/1/2026,4/1/2025,12,Personal Auto,Private Passenger Auto,Hannah Armstrong,hannah.armstrong@customer.net,"18889 Lawrence Ville, East Jenniferbury, PR 28870",PR,"18889 Lawrence Ville, East Jenniferbury, PR 28870",2,2,,,,50/100,100000,1000,500,872.15,872.15,654.71,Direct Bill,,,FALSE,TRUE,217.44
WMV9882016,ALLS,120033,Renewal,4/1/2025,4/1/2026,4/1/2025,12,Personal Auto,Private Passenger Auto,Denise Young,denise.young@example.com,"891 Francis Roads, Matthewport, NC 32909",NC,"891 Francis Roads, Matthewport, NC 32909",1,3,,,,50/100,100000,500,500,1547.1,1547.1,1161.38,Direct Bill,,,FALSE,TRUE,385.72
LMG2206867,CHUB,120279,Renewal,4/1/2025,4/1/2026,4/1/2025,12,Personal Auto,Private Passenger Auto,Larry English,larry.english@customer.net,"2351 Stephen River Suite 354, Tracyville, MI 14012",MI,"2351 Stephen River Suite 354, Tracyville, MI 14012",3,1,,,,50/100,100000,500,1000,2260.98,2260.98,1697.28,Direct Bill,,,FALSE,TRUE,563.7
WUF2344462,NATI,120262,Renewal,4/1/2025,4/1/2026,4/1/2025,12,Personal Auto,Private Passenger Auto,Paula Robinson,paula.robinson@policyhub.org,"1025 Patricia Stravenue Apt. 783, Clarkhaven, VT 33711",VT,"8645 Daniel Roads, East Tammyville, WV 74926",1,1,,,,50/100,50000,500,500,1283.89,1283.89,963.8,Direct Bill,,,FALSE,TRUE,320.09
WJB5738427,GEIC,120080,New,4/1/2025,4/1/2026,4/1/2025,12,Personal Auto,Private Passenger Auto,Gabrielle Parrish,gabrielle.parrish@policyhub.org,"08070 Eric Rapid Apt. 064, Tinafort, FM 56936",FM,"150 Snyder Station, Louismouth, WY 63987",1,3,,,,25/50,100000,500,1000,1426.15,1426.15,1070.59,Direct Bill,,,FALSE,TRUE,355.56
AZN1051818,PRGS,120077,Endorsement,4/1/2025,4/1/2026,12/20/2025,12,Umbrella,Personal Umbrella,Amber Edwards,amber.edwards@example.com,"27720 Patton Underpass, Port Shari, NM 80743",NM,"27720 Patton Underpass, Port Shari, NM 80743",,,,,,,,,,371.84,9.52,279.13,Agency Bill,,,FALSE,TRUE,92.71
DAJ5190850,PRGS,120100,Renewal,4/1/2025,4/1/2026,4/1/2025,12,Personal Auto,Private Passenger Auto,Chad Williams,chad.williams@insmail.com,"7511 Patterson Parks Suite 311, Lake Taylorland, ND 44694",ND,"7511 Patterson Parks Suite 311, Lake Taylorland, ND 44694",2,2,,,,50/100,50000,500,500,1572.25,1572.25,1180.26,Agency Bill,,,FALSE,TRUE,391.99
GPD2499385,ALLS,120261,New,4/1/2025,4/1/2026,4/1/2025,12,Personal Auto,Private Passenger Auto,Jeremiah Cannon,jeremiah.cannon@policyhub.org,"80486 Mendoza Ways, New Kimberlytown, CT 90987",CT,"80486 Mendoza Ways, New Kimberlytown, CT 90987",2,2,,,,50/100,100000,1000,1000,1778.17,1778.17,1334.85,Direct Bill,,,FALSE,TRUE,443.32
VLN7230547,LIBM,120118,Renewal,4/1/2025,4/1/2026,4/1/2025,12,Homeowners,HO3,Troy Anthony,troy.anthony@example.com,"70323 Bryan Mills Suite 428, South Billyland, OR 31702",OR,"70323 Bryan Mills Suite 428, South Billyland, OR 31702",,,2005,Joisted Masonry,6,,,,,812.1,812.1,609.63,Direct Bill,,,FALSE,TRUE,202.47
EDG6249785,GEIC,120062,New,4/1/2025,4/1/2026,4/1/2025,12,Personal Auto,Private Passenger Auto,Joel Thomas,joel.thomas@customer.net,"8933 Morrow Mill Apt. 864, Michelletown, OR 94894",OR,"7333 Steve Radial, East Kaitlin, VI 25573",2,3,,,,50/100,250000,500,2500,2986.54,2986.54,2241.95,Direct Bill,,,FALSE,TRUE,744.59
DRL4201551,HART,120227,Renewal,4/1/2025,4/1/2026,4/1/2025,12,Homeowners,HO3,Mike Vasquez,mike.vasquez@policyhub.org,"0702 Michele Way, Lake Larryshire, GU 19483",GU,"0702 Michele Way, Lake Larryshire, GU 19483",,,1999,Masonry,6,,,,,3784.8,3784.8,2841.19,Direct Bill,,,FALSE,TRUE,943.61
ZJN7577101,LIBM,120063,New,4/1/2025,4/1/2026,4/1/2025,12,Personal Auto,Private Passenger Auto,Jason Guzman,jason.guzman@example.com,"61113 King Groves, East Chadton, MA 10746",MA,"61113 King Groves, East Chadton, MA 10746",1,2,,,,25/50,100000,500,2500,3814.24,3814.24,2863.29,Direct Bill,,,FALSE,TRUE,950.95
AAD0992115,TRAV,120195,Renewal,4/1/2025,4/1/2026,4/1/2025,12,Homeowners,HO3,Mark Adkins,mark.adkins@mail.com,"36035 Tina Cove Suite 058, Simstown, UT 46807",UT,"36035 Tina Cove Suite 058, Simstown, UT 46807",,,1990,Frame,7,,,,,5347.29,5347.29,4014.13,Direct Bill,,,FALSE,TRUE,1333.16
CFE1995645,CHUB,120177,Renewal,4/1/2025,4/1/2026,4/1/2025,12,Personal Auto,Private Passenger Auto,Kendra Cochran,kendra.cochran@policyhub.org,"2642 Jason Heights, Mooreview, MA 38418",MA,"2642 Jason Heights, Mooreview, MA 38418",2,1,,,,50/100,50000,1000,250,2992.94,2992.94,2246.75,Direct Bill,,,FALSE,TRUE,746.19
LPT6528748,TRAV,120177,New,4/1/2025,4/1/2026,4/1/2025,12,Personal Auto,Private Passenger Auto,Jaime Parks,jaime.parks@insmail.com,"17555 Jodi Field, Hughesstad, WY 64738",WY,"17555 Jodi Field, Hughesstad, WY 64738",4,3,,,,50/100,100000,1000,250,1583.82,1583.82,1188.95,Agency Bill,,,FALSE,TRUE,394.87
DUV6231436,FARM,120267,Renewal,4/1/2025,4/1/2026,4/1/2025,12,WC,Workers Compensation,Nicholas Perry,nicholas.perry@policyhub.org,"116 Theresa Corner, Austinburgh, NH 37904",NH,"116 Theresa Corner, Austinburgh, NH 37904",,,,,,,,,,2000,2000,1501.37,Agency Bill,,,FALSE,TRUE,498.63
UFN3542794,ALLS,120205,New,4/1/2025,4/1/2026,4/1/2025,12,Personal Auto,Private Passenger Auto,Joe Jones,joe.jones@mail.com,"8269 Jennifer Forge Suite 984, West Matthew, NM 51657",NM,"8269 Jennifer Forge Suite 984, West Matthew, NM 51657",2,3,,,,50/100,50000,1000,2500,2551.41,2551.41,1915.31,Agency Bill,,,FALSE,TRUE,636.1
UTD8376947,ALLS,120044,Renewal,4/1/2025,4/1/2026,4/1/2025,12,BOP,Businessowners,Holly Jackson,holly.jackson@insmail.com,"06230 Emma River, Simsstad, KS 06433",KS,"06230 Emma River, Simsstad, KS 06433",,,,Frame,9,,,,,1500,1500,1126.03,Direct Bill,,,FALSE,TRUE,373.97
JJW0776161,GEIC,120062,Renewal,4/1/2025,4/1/2026,4/1/2025,12,Personal Auto,Private Passenger Auto,Ryan Franco,ryan.franco@example.com,"4607 Stone Springs Apt. 683, Port Davidville, NV 23074",NV,"33334 Kara Lakes Suite 723, Valenciaton, IN 97710",1,1,,,,50/100,50000,1000,500,778.07,778.07,584.09,Agency Bill,,,FALSE,TRUE,193.98
EDP0696949,LIBM,120182,Renewal,4/1/2025,4/1/2026,4/1/2025,12,BOP,Businessowners,Adam Roberts,adam.roberts@policyhub.org,"69640 Moore Manors Suite 847, East Rhondaside, MT 57372",MT,"69640 Moore Manors Suite 847, East Rhondaside, MT 57372",,,,Frame,9,,,,,1896.29,1896.29,1423.52,Direct Bill,,,FALSE,TRUE,472.77
KLY4587484,GEIC,120009,Renewal,4/1/2025,4/1/2026,4/1/2025,12,BOP,Businessowners,Thomas Sloan,thomas.sloan@mail.com,"7757 Chapman Brooks Apt. 167, Brandonhaven, AK 79483",AK,"7659 Sanders Mount Apt. 525, East Steventon, SD 89510",,,,Frame,8,,,,,15000,15000,11260.27,Direct Bill,,,FALSE,FALSE,3739.73
PKW6132243,TRAV,120060,Renewal,4/1/2025,4/1/2026,4/1/2025,12,Homeowners,HO3,Jerry Hardy,jerry.hardy@example.com,"9438 Lindsey Groves Apt. 690, Norrischester, PR 17287",PR,"9076 Kimberly Locks, West Douglasland, MT 05542",,,1992,Fire Resistive,9,,,,,1021.86,1021.86,767.09,Direct Bill,,,FALSE,FALSE,254.77
PXB4523941,PRGS,120095,New,4/1/2025,4/1/2026,4/1/2025,12,Personal Auto,Private Passenger Auto,Tina Zamora,tina.zamora@customer.net,"71768 Mario Extensions, Port Richardton, HI 40357",HI,"539 Russell Rest, Jeffreystad, IA 87928",2,3,,,,25/50,100000,1000,1000,1225.96,1225.96,920.31,Direct Bill,,,FALSE,TRUE,305.65
VNU2406937,NATI,120120,Renewal,4/1/2025,4/1/2026,4/1/2025,12,BOP,Businessowners,Jeffrey Miller,jeffrey.miller@mail.com,"54936 Christina Junctions Suite 587, South James, NE 91630",NE,"54936 Christina Junctions Suite 587, South James, NE 91630",,,,Joisted Masonry,5,,,,,10017.26,10017.26,7519.81,Direct Bill,,,FALSE,TRUE,2497.45
UXU2030354,LIBM,120069,Renewal,4/1/2025,4/1/2026,4/1/2025,12,Umbrella,Personal Umbrella,Jason Thompson,jason.thompson@customer.net,"63224 Kimberly Points, Chadbury, AL 38885",AL,"63224 Kimberly Points, Chadbury, AL 38885",,,,,,,,,,416.6,416.6,312.74,Agency Bill,,,FALSE,TRUE,103.86
KAZ2474654,CHUB,120178,New,4/1/2025,4/1/2026,4/1/2025,12,Personal Auto,Private Passenger Auto,Ann Mitchell,ann.mitchell@customer.net,"9667 William Green Suite 270, East Kelseyland, TN 04433",TN,"9667 William Green Suite 270, East Kelseyland, TN 04433",1,2,,,,50/100,100000,500,250,1819.26,1819.26,1365.69,Direct Bill,,,FALSE,TRUE,453.57
ZCU1310266,TRAV,120291,Renewal,4/1/2025,4/1/2026,4/1/2025,12,Homeowners,HO3,Scott Miller,scott.miller@example.com,"33706 Case Islands Apt. 894, Rosston, TX 58280",TX,"33706 Case Islands Apt. 894, Rosston, TX 58280",,,1988,Frame,7,,,,,1799.75,1799.75,1351.05,Agency Bill,,,FALSE,TRUE,448.7
SMY2355297,PRGS,120226,Renewal,4/1/2025,4/1/2026,4/1/2025,12,Homeowners,HO3,John Hall,john.hall@insmail.com,"29762 Alejandro Harbor Suite 843, Escobarhaven, MH 19676",MH,"29762 Alejandro Harbor Suite 843, Escobarhaven, MH 19676",,,2006,Frame,9,,,,,1952.97,1952.97,1466.07,Agency Bill,,,FALSE,TRUE,486.9
YPY7159526,GEIC,120006,New,4/1/2025,4/1/2026,4/1/2025,12,Personal Auto,Private Passenger Auto,Thomas Mccarthy,thomas.mccarthy@mail.com,"351 Robert Junction, South Antonioville, ND 37320",ND,"351 Robert Junction, South Antonioville, ND 37320",1,1,,,,50/100,100000,250,250,1921.52,1921.52,1442.46,Direct Bill,,,FALSE,TRUE,479.06
STN6373875,NATI,120285,Renewal,4/1/2025,4/1/2026,4/1/2025,12,Homeowners,HO3,Brianna Perez,brianna.perez@mail.com,"07331 White Harbor Apt. 962, Campbellmouth, SD 93831",SD,"07331 White Harbor Apt. 962, Campbellmouth, SD 93831",,,1988,Masonry,10,,,,,3695.21,3695.21,2773.94,Direct Bill,,,FALSE,TRUE,921.27
AJU9077292,AMFA,120138,Renewal,4/1/2025,4/1/2026,4/1/2025,12,Homeowners,HO3,Laura Carr,laura.carr@policyhub.org,"547 Hatfield Run, Pinedabury, SD 31586",SD,"547 Hatfield Run, Pinedabury, SD 31586",,,1976,Frame,8,,,,,1822.42,1822.42,1368.06,Direct Bill,,,FALSE,TRUE,454.36
JMN3439230,NATI,120095,Renewal,4/1/2025,4/1/2026,4/1/2025,12,Homeowners,HO3,Steven Johnson,steven.johnson@insmail.com,"0874 Gary Center, Lake Colinberg, LA 57988",LA,"0874 Gary Center, Lake Colinberg, LA 57988",,,1967,Frame,7,,,,,1520.53,1520.53,1141.44,Direct Bill,,,FALSE,TRUE,379.09
YJH1502977,AMFA,120060,Renewal,4/1/2025,4/1/2026,4/1/2025,12,Homeowners,HO3,Marissa Nguyen,marissa.nguyen@customer.net,"8385 Evans Heights, Nelsonburgh, LA 20823",LA,"8385 Evans Heights, Nelsonburgh, LA 20823",,,1982,Frame,7,,,,,1810.16,1810.16,1358.86,Direct Bill,,,FALSE,TRUE,451.3
SHP7419539,HART,120042,Renewal,4/1/2025,4/1/2026,4/1/2025,12,Homeowners,HO3,Amy Page,amy.page@policyhub.org,"3719 Cody Islands Suite 440, Robinhaven, VI 30346",VI,"3719 Cody Islands Suite 440, Robinhaven, VI 30346",,,1976,Frame,7,,,,,785.46,785.46,589.63,Direct Bill,,,FALSE,TRUE,195.83
HSW4864927,PRGS,120093,Renewal,4/1/2025,4/1/2026,4/1/2025,12,Personal Auto,Private Passenger Auto,Jessica Yang,jessica.yang@example.com,"7481 Diana Courts Suite 785, Franciscoton, IN 65128",IN,"03198 Maria Crest Apt. 186, South Loriside, KS 27211",3,1,,,,50/100,100000,1000,250,1361.63,1361.63,1022.16,Direct Bill,,,FALSE,TRUE,339.47
VSX6980609,FARM,120044,Renewal,4/1/2025,4/1/2026,4/1/2025,12,Homeowners,HO3,Laura Schwartz,laura.schwartz@mail.com,"417 Jessica Prairie Apt. 157, Granttown, HI 57659",HI,"417 Jessica Prairie Apt. 157, Granttown, HI 57659",,,1995,Joisted Masonry,6,,,,,634.89,634.89,476.6,Direct Bill,,,FALSE,TRUE,158.29
ZNX0057947,FARM,120228,New,4/1/2025,4/1/2026,4/1/2025,12,Personal Auto,Private Passenger Auto,Brittney Williams,brittney.williams@insmail.com,"87100 Moore Plaza, Wongmouth, RI 50157",RI,"87100 Moore Plaza, Wongmouth, RI 50157",3,3,,,,25/50,100000,1000,500,1141.38,1141.38,856.82,Agency Bill,,,FALSE,FALSE,284.56
MJG9186494,TRAV,120232,Renewal,4/1/2025,4/1/2026,4/1/2025,12,BOP,Businessowners,Timothy Johnson,timothy.johnson@policyhub.org,"6130 Miller Oval Suite 875, East Coreyland, MI 01324",MI,"6130 Miller Oval Suite 875, East Coreyland, MI 01324",,,,Non-Combustible,5,,,,,2185.67,2185.67,1640.75,Direct Bill,,,FALSE,TRUE,544.92
EUA6809787,GEIC,120151,New,4/1/2025,4/1/2026,4/1/2025,12,Personal Auto,Private Passenger Auto,Willie Vance,willie.vance@insmail.com,"8752 Amy Unions, West Annaport, AL 10699",AL,"8752 Amy Unions, West Annaport, AL 10699",1,1,,,,25/50,100000,1000,500,1202.65,1202.65,902.81,Direct Bill,,,FALSE,TRUE,299.84
STC9276271,CHUB,120239,New,4/1/2025,4/1/2026,4/1/2025,12,Personal Auto,Private Passenger Auto,Brandy Davies,brandy.davies@mail.com,"933 Ashley Crescent, Larrymouth, VA 45298",VA,"933 Ashley Crescent, Larrymouth, VA 45298",3,3,,,,50/100,100000,500,500,695.51,695.51,522.11,Agency Bill,,,FALSE,TRUE,173.4
KJP1444941,CHUB,120135,New,4/1/2025,4/1/2026,4/1/2025,12,Personal Auto,Private Passenger Auto,Isaac Harris,isaac.harris@insmail.com,"56830 Daniel Lodge Apt. 742, West Aprilport, NJ 68441",NJ,"56830 Daniel Lodge Apt. 742, West Aprilport, NJ 68441",2,2,,,,25/50,50000,500,500,2424.42,2424.42,1819.98,Direct Bill,,,FALSE,TRUE,604.44
PUW2276144,LIBM,120091,Cancel,4/1/2025,4/28/2025,4/28/2025,12,Package,Commercial Package,Brenda Lyons,brenda.lyons@mail.com,"1456 Bryan Crest Suite 379, Armstrongton, NC 31849",NC,"1456 Bryan Crest Suite 379, Armstrongton, NC 31849",,,,Joisted Masonry,7,,,,,8026.51,0,8026.51,Direct Bill,11/17/2022,,FALSE,TRUE,0
SUE2243274,ALLS,120107,New,4/1/2025,4/1/2026,4/1/2025,12,Personal Auto,Private Passenger Auto,Daniel Mcmahon,daniel.mcmahon@mail.com,"112 Lee Terrace Suite 439, Cookemouth, NC 00663",NC,"9208 Garcia Forges, Newmanborough, IN 12298",2,2,,,,25/50,25000,1000,500,1322.72,1322.72,992.95,Direct Bill,,,FALSE,TRUE,329.77
CRK0868230,PRGS,120297,Renewal,4/1/2025,4/1/2026,4/1/2025,12,WC,Workers Compensation,Ashley Hoffman,ashley.hoffman@insmail.com,"52634 Maxwell Heights, South Sabrinaburgh, DC 68371",DC,"52634 Maxwell Heights, South Sabrinaburgh, DC 68371",,,,,,,,,,3911.66,3911.66,2936.42,Direct Bill,,,FALSE,FALSE,975.24
PCR4181042,ALLS,120262,New,4/1/2025,4/1/2026,4/1/2025,12,Personal Auto,Private Passenger Auto,Ruben Thompson,ruben.thompson@customer.net,"8739 Heidi Ports, Gutierreztown, DE 13166",DE,"8739 Heidi Ports, Gutierreztown, DE 13166",4,1,,,,50/100,100000,500,500,1753.1,1753.1,1316.03,Direct Bill,,,FALSE,TRUE,437.07
AKC9755557,ALLS,120255,Renewal,4/1/2025,4/1/2026,4/1/2025,12,Homeowners,HO3,Michael Hernandez,michael.hernandez@example.com,"954 Dawn Street, Hendersonhaven, ME 90531",ME,"954 Dawn Street, Hendersonhaven, ME 90531",,,1966,Masonry,6,,,,,2557.18,2557.18,1919.64,Direct Bill,,,FALSE,TRUE,637.54
MAX7962527,LIBM,120192,Renewal,4/1/2025,4/1/2026,4/1/2025,12,Personal Auto,Private Passenger Auto,Sabrina Hatfield,sabrina.hatfield@customer.net,"2444 Long Garden, Bowenfort, TN 50065",TN,"2444 Long Garden, Bowenfort, TN 50065",2,1,,,,50/100,50000,500,2500,800.99,800.99,601.29,Agency Bill,,,FALSE,TRUE,199.7
MSF3301702,AMFA,120285,Renewal,4/1/2025,4/1/2026,4/1/2025,12,BOP,Businessowners,Shawn Jackson,shawn.jackson@customer.net,"280 Kyle Extension Apt. 138, South Whitney, MA 28752",MA,"280 Kyle Extension Apt. 138, South Whitney, MA 28752",,,,Joisted Masonry,1,,,,,1733.65,1733.65,1301.42,Agency Bill,,,FALSE,TRUE,432.23
SBT0364382,CHUB,120116,Renewal,4/1/2025,4/1/2026,4/1/2025,12,Homeowners,HO3,Douglas Jarvis,douglas.jarvis@insmail.com,"30442 Nicole Mountain Apt. 224, East Gabrielle, TX 48500",TX,"30442 Nicole Mountain Apt. 224, East Gabrielle, TX 48500",,,1989,Frame,6,,,,,1534.09,1534.09,1151.62,Direct Bill,,,FALSE,TRUE,382.47
XXS3975412,CHUB,120019,Renewal,4/1/2025,4/1/2026,4/1/2025,12,Homeowners,HO3,Christine Williams,christine.williams@customer.net,"887 Donna Grove, New Ericstad, AZ 58722",AZ,"887 Donna Grove, New Ericstad, AZ 58722",,,2011,Frame,7,,,,,3896.07,3896.07,2924.72,Agency Bill,,,FALSE,TRUE,971.35
CGH8156254,AMFA,120174,Renewal,4/1/2025,4/1/2026,4/1/2025,12,Homeowners,HO3,Katherine Henderson,katherine.henderson@customer.net,"2038 Kristen Roads Suite 472, West Williamland, ND 83916",ND,"2038 Kristen Roads Suite 472, West Williamland, ND 83916",,,1967,Non-Combustible,5,,,,,1051.59,1051.59,789.41,Direct Bill,,,FALSE,TRUE,262.18
VHU3691222,HART,120248,Renewal,4/1/2025,4/1/2026,4/1/2025,12,Homeowners,HO3,Matthew Dunn,matthew.dunn@customer.net,"03183 Williams Tunnel Suite 128, South Richard, AS 45868",AS,"03183 Williams Tunnel Suite 128, South Richard, AS 45868",,,1956,Masonry Veneer,4,,,,,1028.76,1028.76,772.27,Direct Bill,,,FALSE,TRUE,256.49
YKU3646594,LIBM,120071,Renewal,4/1/2025,4/1/2026,4/1/2025,12,WC,Workers Compensation,Megan Willis,megan.willis@customer.net,"5291 Samantha Overpass Apt. 996, Taylorton, CO 06471",CO,"5291 Samantha Overpass Apt. 996, Taylorton, CO 06471",,,,,,,,,,9487.49,9487.49,7122.12,Agency Bill,,,FALSE,TRUE,2365.37
MHA4464456,HART,120296,New,4/1/2025,4/1/2026,4/1/2025,12,Personal Auto,Private Passenger Auto,Andrew Mcmahon,andrew.mcmahon@mail.com,"7058 Michael Road, Port Christian, MN 20018",MN,"7058 Michael Road, Port Christian, MN 20018",3,3,,,,50/100,100000,500,500,816.12,816.12,612.65,Direct Bill,,,FALSE,TRUE,203.47
CST8862879,NATI,120011,Renewal,4/1/2025,4/1/2026,4/1/2025,12,Personal Auto,Private Passenger Auto,Erica Gamble,erica.gamble@policyhub.org,"9126 Robert Squares, New Lorihaven, TX 54594",TX,"9126 Robert Squares, New Lorihaven, TX 54594",2,2,,,,50/100,100000,2500,500,2516.36,2516.36,1888.99,Direct Bill,,,FALSE,TRUE,627.37
ZJT8107358,LIBM,120218,Endorsement,4/1/2025,4/1/2026,4/18/2025,12,Umbrella,Personal Umbrella,Brenda Fry,brenda.fry@customer.net,"3380 Allen Rapids Apt. 554, Sallyside, DE 18464",DE,"3380 Allen Rapids Apt. 554, Sallyside, DE 18464",,,,,,,,,,367.29,-11.04,275.72,Direct Bill,,,FALSE,TRUE,91.57
ERZ4866397,AMFA,120098,New,4/1/2025,4/1/2026,4/1/2025,12,Personal Auto,Private Passenger Auto,Amy Jackson,amy.jackson@insmail.com,"44214 Jason Ranch, Morganland, HI 97079",HI,"44214 Jason Ranch, Morganland, HI 97079",2,3,,,,50/100,100000,500,1000,1912.99,1912.99,1436.05,Direct Bill,,,FALSE,TRUE,476.94
MAP5841206,NATI,120158,Renewal,4/1/2025,4/1/2026,4/1/2025,12,WC,Workers Compensation,Theresa Velasquez,theresa.velasquez@policyhub.org,"0001 Craig Village, West Stephaniemouth, OR 27909",OR,"0001 Craig Village, West Stephaniemouth, OR 27909",,,,,,,,,,10612.78,10612.78,7966.85,Agency Bill,,,FALSE,TRUE,2645.93
VZR3954893,ALLS,120228,Renewal,4/1/2025,4/1/2026,4/1/2025,12,WC,Workers Compensation,Brett Bond,brett.bond@mail.com,"2663 Jeremiah Wall, Fieldsfort, ND 62727",ND,"588 Kline Harbors, Margaretfurt, MT 74443",,,,,,,,,,2000,2000,1501.37,Direct Bill,,,FALSE,TRUE,498.63
NHY8031058,LIBM,120053,Renewal,4/1/2025,4/1/2026,4/1/2025,12,BOP,Businessowners,Karen Hunter,karen.hunter@mail.com,"498 Jonathan Ports Suite 488, New Mariefort, MH 68566",MH,"498 Jonathan Ports Suite 488, New Mariefort, MH 68566",,,,Frame,6,,,,,4893.76,4893.76,3673.67,Agency Bill,,,FALSE,FALSE,1220.09
WNM7401650,ALLS,120047,Renewal,4/1/2025,4/1/2026,4/1/2025,12,BOP,Businessowners,Christopher Jimenez,christopher.jimenez@example.com,"1952 Michael Loop, Port Christinaview, WA 66821",WA,"1952 Michael Loop, Port Christinaview, WA 66821",,,,Frame,5,,,,,4080.82,4080.82,3063.41,Agency Bill,,,FALSE,TRUE,1017.41
YFX8953248,ALLS,120091,Renewal,4/1/2025,4/1/2026,4/1/2025,12,Homeowners,HO3,Sabrina Lee,sabrina.lee@example.com,"78113 Kelley Keys Apt. 216, Jaredshire, GA 65257",GA,"78113 Kelley Keys Apt. 216, Jaredshire, GA 65257",,,2005,Masonry Veneer,6,,,,,1387.73,1387.73,1041.75,Direct Bill,,,FALSE,TRUE,345.98
KNF4248469,HART,120039,New,4/1/2025,4/1/2026,4/1/2025,12,Personal Auto,Private Passenger Auto,Erika Crawford,erika.crawford@insmail.com,"4619 Salas Ranch, West Ronaldville, DC 79383",DC,"4811 Elizabeth Crescent Apt. 309, New Emilybury, OH 38260",2,3,,,,25/50,250000,250,2500,1647.53,1647.53,1236.78,Direct Bill,,,FALSE,TRUE,410.75
KPP6393501,FARM,120134,Endorsement,4/1/2025,4/1/2026,10/16/2025,12,Umbrella,Personal Umbrella,Cindy Ross,cindy.ross@customer.net,"5339 Marsh Valley Apt. 323, Paulamouth, NV 68333",NV,"5339 Marsh Valley Apt. 323, Paulamouth, NV 68333",,,,,,,,,,422.24,-13.37,316.97,Direct Bill,,,FALSE,TRUE,105.27
ABZ6797605,TRAV,120071,Renewal,4/1/2025,4/1/2026,4/1/2025,12,Umbrella,Personal Umbrella,Catherine Mason,catherine.mason@policyhub.org,"40529 Jacqueline Turnpike, Chaseside, OK 53648",OK,"40529 Jacqueline Turnpike, Chaseside, OK 53648",,,,,,,,,,379.56,379.56,284.93,Agency Bill,,,FALSE,FALSE,94.63
VPW1373868,AMFA,120026,Renewal,4/1/2025,4/1/2026,4/1/2025,12,BOP,Businessowners,Allison Gates,allison.gates@customer.net,"482 Rodgers Light Apt. 316, West Wendy, GA 72367",GA,"482 Rodgers Light Apt. 316, West Wendy, GA 72367",,,,Masonry,6,,,,,7890.3,7890.3,5923.13,Agency Bill,,,FALSE,FALSE,1967.17
EXX8088984,PRGS,120167,Renewal,4/1/2025,4/1/2026,4/1/2025,12,Homeowners,HO3,Melissa Oneal,melissa.oneal@customer.net,"16359 Armstrong Ports Apt. 790, Thomasport, NM 31300",NM,"16359 Armstrong Ports Apt. 790, Thomasport, NM 31300",,,1958,Fire Resistive,4,,,,,1297.87,1297.87,974.29,Direct Bill,,,FALSE,TRUE,323.58
DHP4812559,NATI,120069,Renewal,4/1/2025,4/1/2026,4/1/2025,12,Homeowners,HO3,Tanya Owen,tanya.owen@policyhub.org,"2589 Howard Lights, Andrewchester, DE 12283",DE,"27647 Lynn Meadows, Garciachester, RI 07122",,,1999,Non-Combustible,5,,,,,2428.35,2428.35,1822.93,Direct Bill,,,FALSE,TRUE,605.42
TMK2885877,ALLS,120246,Cancel,4/1/2025,9/25/2025,9/25/2025,12,Package,Commercial Package,Steven Russo,steven.russo@policyhub.org,"303 Katherine Villages Apt. 605, West Jeffreyland, HI 38607",HI,"303 Katherine Villages Apt. 605, West Jeffreyland, HI 38607",,,,Masonry Veneer,5,,,,,6805,0,6805,Direct Bill,3/31/2023,,FALSE,TRUE,0
DAV9658018,GEIC,120270,Cancel,4/1/2025,8/6/2025,8/6/2025,12,Package,Commercial Package,Kelsey Garza,kelsey.garza@example.com,"249 Wright Way Apt. 300, Hicksport, OH 30440",OH,"249 Wright Way Apt. 300, Hicksport, OH 30440",,,,Fire Resistive,5,,,,,7171.82,0,7171.82,Direct Bill,7/25/2022,,FALSE,FALSE,0
UTF5707469,AMFA,120195,Renewal,4/1/2025,4/1/2026,4/1/2025,12,Homeowners,HO3,Jacob Parker,jacob.parker@policyhub.org,"037 Rodriguez Village Suite 363, Tanyaburgh, WV 65990",WV,"037 Rodriguez Village Suite 363, Tanyaburgh, WV 65990",,,2008,Frame,10,,,,,3573.35,3573.35,2682.46,Agency Bill,,,FALSE,TRUE,890.89
VMX1513798,AMFA,120145,Renewal,4/1/2025,4/1/2026,4/1/2025,12,BOP,Businessowners,Michelle Alexander,michelle.alexander@customer.net,"814 Pratt Canyon Apt. 109, Williamview, NH 78016",NH,"151 Lucas Mission Apt. 857, Kristinchester, WA 34359",,,,Joisted Masonry,7,,,,,7485.42,7485.42,5619.19,Agency Bill,,,FALSE,TRUE,1866.23
GHT4000186,GEIC,120178,Renewal,4/1/2025,4/1/2026,4/1/2025,12,BOP,Businessowners,Ian Boyle,ian.boyle@insmail.com,"3926 Bell Row, Andersonshire, AR 45257",AR,"3926 Bell Row, Andersonshire, AR 45257",,,,Fire Resistive,7,,,,,13947.65,13947.65,10470.29,Agency Bill,,,FALSE,FALSE,3477.36
EAC7810693,LIBM,120123,Renewal,4/1/2025,4/1/2026,4/1/2025,12,BOP,Businessowners,Cristian Cochran,cristian.cochran@example.com,"798 Perez Shoal, Port Timothy, HI 29028",HI,"798 Perez Shoal, Port Timothy, HI 29028",,,,Frame,5,,,,,6017.69,6017.69,4517.39,Direct Bill,,,FALSE,TRUE,1500.3
LJH7898496,CHUB,120239,New,4/1/2025,4/1/2026,4/1/2025,12,Personal Auto,Private Passenger Auto,Paul Griffin,paul.griffin@example.com,"41572 Scott Glen Suite 779, South Jameshaven, MN 47190",MN,"41572 Scott Glen Suite 779, South Jameshaven, MN 47190",2,2,,,,50/100,100000,500,2500,4000,4000,3002.74,Agency Bill,,,FALSE,TRUE,997.26
GGG7985915,CHUB,120285,New,4/1/2025,4/1/2026,4/1/2025,12,Personal Auto,Private Passenger Auto,Johnny Blackburn,johnny.blackburn@policyhub.org,"4843 Miranda Mission, Garciaview, VA 52115",VA,"69320 Johnson Harbor, Gomezchester, LA 20066",1,1,,,,50/100,100000,500,250,2154.68,2154.68,1617.49,Agency Bill,,,FALSE,TRUE,537.19
VSG2840228,CHUB,120066,Renewal,4/1/2025,4/1/2026,4/1/2025,12,Homeowners,HO3,William Gregory,william.gregory@customer.net,"37299 Alicia Crossroad, Andrewburgh, DC 78542",DC,"37299 Alicia Crossroad, Andrewburgh, DC 78542",,,1992,Masonry,8,,,,,1100.23,1100.23,825.93,Agency Bill,,,FALSE,TRUE,274.3
TJC5241566,PRGS,120066,Renewal,4/1/2025,4/1/2026,4/1/2025,12,Homeowners,HO3,Meghan Wilson,meghan.wilson@mail.com,"00722 Walker Green, Torreshaven, SC 34520",SC,"188 William Plains Suite 489, South James, OK 74214",,,1966,Masonry Veneer,9,,,,,723.24,723.24,542.93,Direct Bill,,,FALSE,TRUE,180.31
AFL2161796,CHUB,120038,Renewal,4/1/2025,4/1/2026,4/1/2025,12,WC,Workers Compensation,Jesse Brown,jesse.brown@mail.com,"40084 Patricia Square Apt. 303, Berryfort, OR 25303",OR,"40084 Patricia Square Apt. 303, Berryfort, OR 25303",,,,,,,,,,3274.92,3274.92,2458.43,Direct Bill,,,FALSE,TRUE,816.49
XBN4907472,HART,120191,Renewal,4/1/2025,4/1/2026,4/1/2025,12,BOP,Businessowners,Lisa Roman,lisa.roman@customer.net,"0147 Laura Row Apt. 088, Wheelerport, WA 59607",WA,"0147 Laura Row Apt. 088, Wheelerport, WA 59607",,,,Joisted Masonry,3,,,,,3932.67,3932.67,2952.2,Direct Bill,,,FALSE,FALSE,980.47
HVP5017656,LIBM,120228,Renewal,4/1/2025,4/1/2026,4/1/2025,12,BOP,Businessowners,Oscar Sandoval,oscar.sandoval@example.com,"6784 Mark Tunnel, Myersmouth, GA 89116",GA,"6784 Mark Tunnel, Myersmouth, GA 89116",,,,Frame,10,,,,,6784.38,6784.38,5092.93,Direct Bill,,,FALSE,TRUE,1691.45
PYM9898244,ALLS,120086,Renewal,4/1/2025,4/1/2026,4/1/2025,12,Homeowners,HO3,Kimberly Johnson,kimberly.johnson@policyhub.org,"168 Robert Field, South Erichaven, TN 82745",TN,"168 Robert Field, South Erichaven, TN 82745",,,2001,Frame,7,,,,,1130.32,1130.32,848.51,Direct Bill,,,FALSE,FALSE,281.81
NCR9787134,TRAV,120248,New,4/1/2025,4/1/2026,4/1/2025,12,Personal Auto,Private Passenger Auto,Randy Romero,randy.romero@customer.net,"49299 Willis Pine Apt. 869, Bryantmouth, VI 23806",VI,"49299 Willis Pine Apt. 869, Bryantmouth, VI 23806",3,2,,,,50/100,500000,500,250,949.07,949.07,712.45,Direct Bill,,,FALSE,TRUE,236.62
XHN6811345,LIBM,120176,Renewal,4/1/2025,4/1/2026,4/1/2025,12,Homeowners,HO3,Sheila Martinez,sheila.martinez@insmail.com,"948 Virginia Dam Apt. 631, Davidshire, LA 89337",LA,"948 Virginia Dam Apt. 631, Davidshire, LA 89337",,,2001,Frame,5,,,,,1432.29,1432.29,1075.2,Direct Bill,,,FALSE,TRUE,357.09
TUF0870905,PRGS,120255,Renewal,4/1/2025,4/1/2026,4/1/2025,12,WC,Workers Compensation,Teresa Perez,teresa.perez@mail.com,"3429 Fowler Crossing Suite 457, Acostabury, IN 46003",IN,"3429 Fowler Crossing Suite 457, Acostabury, IN 46003",,,,,,,,,,11797.55,11797.55,8856.24,Direct Bill,,,FALSE,TRUE,2941.31
WSR2342971,LIBM,120050,Renewal,4/1/2025,4/1/2026,4/1/2025,12,Homeowners,HO3,Carlos Lyons,carlos.lyons@mail.com,"12817 Bradley Coves Apt. 548, Lake Karen, NH 68488",NH,"12817 Bradley Coves Apt. 548, Lake Karen, NH 68488",,,1992,Masonry,6,,,,,1070.36,1070.36,803.5,Direct Bill,,,FALSE,TRUE,266.86
YYH5166495,PRGS,120092,Renewal,4/1/2025,4/1/2026,4/1/2025,12,WC,Workers Compensation,Joseph Tran,joseph.tran@mail.com,"9301 Glover View, East Aaron, MS 55966",MS,"9301 Glover View, East Aaron, MS 55966",,,,,,,,,,25000,25000,18767.12,Direct Bill,,,FALSE,FALSE,6232.88
YXF8665225,PRGS,120293,Renewal,4/1/2025,4/1/2026,4/1/2025,12,Homeowners,HO3,Ryan Hensley,ryan.hensley@insmail.com,"147 Hensley Track, Lake Mikayla, WA 37058",WA,"147 Hensley Track, Lake Mikayla, WA 37058",,,1998,Non-Combustible,8,,,,,885.55,885.55,664.77,Agency Bill,,,FALSE,TRUE,220.78
LLC8896457,LIBM,120086,Renewal,4/1/2025,4/1/2026,4/1/2025,12,WC,Workers Compensation,Mariah Riley,mariah.riley@example.com,"54794 Hughes Mountain Apt. 335, Port Nancyborough, FM 30099",FM,"54794 Hughes Mountain Apt. 335, Port Nancyborough, FM 30099",,,,,,,,,,4546,4546,3412.61,Direct Bill,,,FALSE,TRUE,1133.39
UCY5549969,PRGS,120058,Rewrite,4/1/2025,4/1/2026,4/1/2025,12,Package,Commercial Package,Daisy Fitzgerald,daisy.fitzgerald@mail.com,"8371 Hood Stravenue Suite 890, North Joseph, AZ 96949",AZ,"8371 Hood Stravenue Suite 890, North Joseph, AZ 96949",,,,Non-Combustible,7,,,,,11161.99,11161.99,8379.14,Agency Bill,,,TRUE,FALSE,2782.85
AGG1298124,AMFA,120229,New,4/1/2025,4/1/2026,4/1/2025,12,Personal Auto,Private Passenger Auto,Teresa King,teresa.king@customer.net,"39972 Cline Ports, Lake Justin, FL 51724",FL,"39972 Cline Ports, Lake Justin, FL 51724",2,1,,,,50/100,100000,1000,500,1088.69,1088.69,817.26,Direct Bill,,,FALSE,TRUE,271.43
JAH3132752,ALLS,120072,New,4/1/2025,4/1/2026,4/1/2025,12,Personal Auto,Private Passenger Auto,Peter Baker,peter.baker@policyhub.org,"0421 Paige Circles Apt. 804, Patriciaville, DC 80025",DC,"0421 Paige Circles Apt. 804, Patriciaville, DC 80025",1,2,,,,50/100,250000,1000,500,2363.12,2363.12,1773.96,Direct Bill,,,FALSE,TRUE,589.16
MNV8401657,GEIC,120179,Renewal,4/1/2025,4/1/2026,4/1/2025,12,WC,Workers Compensation,Keith Miller,keith.miller@policyhub.org,"063 Laura Rapid Suite 079, Elizabethport, MA 31863",MA,"063 Laura Rapid Suite 079, Elizabethport, MA 31863",,,,,,,,,,3588.74,3588.74,2694.01,Direct Bill,,,FALSE,TRUE,894.73
VYB4610643,LIBM,120019,New,4/1/2025,4/1/2026,4/1/2025,12,Personal Auto,Private Passenger Auto,Gregory Stewart,gregory.stewart@insmail.com,"78096 Michael Circle, Allenland, LA 07247",LA,"78096 Michael Circle, Allenland, LA 07247",1,3,,,,50/100,250000,250,250,2536.33,2536.33,1903.98,Direct Bill,,,FALSE,TRUE,632.35
FED9579330,CHUB,120286,Renewal,4/1/2025,4/1/2026,4/1/2025,12,Homeowners,HO3,Zachary Harrison,zachary.harrison@customer.net,"041 Munoz Vista, Jonesmouth, MH 85748",MH,"041 Munoz Vista, Jonesmouth, MH 85748",,,2005,Frame,7,,,,,3558.52,3558.52,2671.33,Direct Bill,,,FALSE,TRUE,887.19
FNK6816980,PRGS,120122,Renewal,4/1/2025,4/1/2026,4/1/2025,12,BOP,Businessowners,Christopher Hammond,christopher.hammond@policyhub.org,"230 Gray Stravenue, Jamesmouth, MD 04002",MD,"18991 James Radial Suite 564, South Melissa, TX 52907",,,,Frame,6,,,,,2693.14,2693.14,2021.7,Agency Bill,,,FALSE,TRUE,671.44
XXG2359158,PRGS,120062,Renewal,4/1/2025,4/1/2026,4/1/2025,12,Homeowners,HO3,Carol Schwartz,carol.schwartz@mail.com,"0212 Jeffrey Meadows Suite 898, New Shelby, LA 21927",LA,"0212 Jeffrey Meadows Suite 898, New Shelby, LA 21927",,,2004,Fire Resistive,9,,,,,1415.1,1415.1,1062.29,Agency Bill,,,FALSE,TRUE,352.81
HDN6895966,FARM,120251,New,4/1/2025,4/1/2026,4/1/2025,12,Personal Auto,Private Passenger Auto,Scott Vincent,scott.vincent@policyhub.org,"392 Edwards Crossroad Suite 959, Brandonmouth, MI 07175",MI,"392 Edwards Crossroad Suite 959, Brandonmouth, MI 07175",4,2,,,,50/100,50000,1000,250,3259.97,3259.97,2447.21,Direct Bill,,,FALSE,TRUE,812.76
UJN8753616,AMFA,120262,Renewal,4/1/2025,4/1/2026,4/1/2025,12,Homeowners,HO3,Janet Salazar,janet.salazar@mail.com,"1456 Jacqueline Walk Apt. 373, West Jessica, NJ 91477",NJ,"1456 Jacqueline Walk Apt. 373, West Jessica, NJ 91477",,,1989,Frame,7,,,,,1800.36,1800.36,1351.5,Direct Bill,,,FALSE,TRUE,448.86
FVD9360906,PRGS,120236,New,4/1/2025,4/1/2026,4/1/2025,12,Personal Auto,Private Passenger Auto,Vincent Castro,vincent.castro@policyhub.org,"8754 Clarke Courts Apt. 563, Julianberg, NM 73897",NM,"8754 Clarke Courts Apt. 563, Julianberg, NM 73897",1,2,,,,50/100,250000,1000,1000,3146.74,3146.74,2362.21,Direct Bill,,,FALSE,TRUE,784.53
UXC7552163,PRGS,120196,Renewal,4/1/2025,4/1/2026,4/1/2025,12,Personal Auto,Private Passenger Auto,Thomas Foster,thomas.foster@example.com,"967 Christopher Streets Apt. 304, Tammybury, NM 49560",NM,"967 Christopher Streets Apt. 304, Tammybury, NM 49560",2,1,,,,50/100,250000,2500,250,959.18,959.18,720.04,Direct Bill,,,FALSE,TRUE,239.14
ZCH3858774,ALLS,120129,New,4/1/2025,4/1/2026,4/1/2025,12,Personal Auto,Private Passenger Auto,Tony Dudley,tony.dudley@customer.net,"14740 Richard Estate Apt. 119, Sharonfurt, KY 40608",KY,"14740 Richard Estate Apt. 119, Sharonfurt, KY 40608",1,1,,,,50/100,100000,500,500,1366.22,1366.22,1025.6,Direct Bill,,,FALSE,TRUE,340.62
PRS1136563,ALLS,120017,Renewal,4/1/2025,4/1/2026,4/1/2025,12,BOP,Businessowners,Gregory Perez,gregory.perez@mail.com,"68146 Jones Junctions Suite 745, West Holly, IN 11960",IN,"68146 Jones Junctions Suite 745, West Holly, IN 11960",,,,Fire Resistive,6,,,,,1983.7,1983.7,1489.13,Agency Bill,,,FALSE,TRUE,494.57
ZHL7199231,HART,120291,Renewal,4/1/2025,4/1/2026,4/1/2025,12,WC,Workers Compensation,Monique Stephens,monique.stephens@policyhub.org,"08109 Williams Crossing Apt. 409, New Michael, AZ 99198",AZ,"08109 Williams Crossing Apt. 409, New Michael, AZ 99198",,,,,,,,,,2000,2000,1501.37,Direct Bill,,,FALSE,TRUE,498.63
LBT2401472,LIBM,120132,Renewal,4/1/2025,4/1/2026,4/1/2025,12,Umbrella,Personal Umbrella,Matthew Phillips,matthew.phillips@customer.net,"49085 James Village, Travisview, MT 41563",MT,"135 Lee Fork Suite 916, Fieldsmouth, ND 80093",,,,,,,,,,358.06,358.06,268.79,Direct Bill,,,FALSE,TRUE,89.27
WLX1569268,LIBM,120191,Renewal,4/1/2025,4/1/2026,4/1/2025,12,WC,Workers Compensation,Jennifer Singleton,jennifer.singleton@insmail.com,"93557 Tiffany Greens, South Russell, ID 02318",ID,"2204 James Walk Suite 524, Michaelstad, KS 99348",,,,,,,,,,6921.1,6921.1,5195.57,Agency Bill,,,FALSE,FALSE,1725.53
YVE8473367,NATI,120167,New,4/1/2025,4/1/2026,4/1/2025,12,Personal Auto,Private Passenger Auto,Mitchell Harmon,mitchell.harmon@example.com,"9913 Tony Loaf, Castrofort, RI 93877",RI,"9913 Tony Loaf, Castrofort, RI 93877",3,1,,,,50/100,100000,500,1000,2138.27,2138.27,1605.17,Direct Bill,,,FALSE,TRUE,533.1
BDF3751629,CHUB,120003,Renewal,4/1/2025,4/1/2026,4/1/2025,12,BOP,Businessowners,Kimberly Snow,kimberly.snow@insmail.com,"2913 Kristen Fields Suite 931, Lake Lindsay, FL 13694",FL,"2913 Kristen Fields Suite 931, Lake Lindsay, FL 13694",,,,Masonry,8,,,,,2039.21,2039.21,1530.8,Agency Bill,,,FALSE,TRUE,508.41
AMJ3976127,LIBM,120018,New,4/1/2025,4/1/2026,4/1/2025,12,Personal Auto,Private Passenger Auto,Paul Foster,paul.foster@customer.net,"966 April Ways Apt. 427, New Benjaminfort, AS 83861",AS,"966 April Ways Apt. 427, New Benjaminfort, AS 83861",2,3,,,,50/100,50000,500,250,1868.33,1868.33,1402.53,Agency Bill,,,FALSE,TRUE,465.8
FHJ7241202,HART,120074,New,4/1/2025,4/1/2026,4/1/2025,12,Personal Auto,Private Passenger Auto,Sarah Jones,sarah.jones@customer.net,"876 Young Mews Suite 398, Myersview, IL 03826",IL,"876 Young Mews Suite 398, Myersview, IL 03826",2,1,,,,50/100,25000,500,500,540.19,540.19,405.51,Direct Bill,,,FALSE,TRUE,134.68
FEJ4063592,LIBM,120063,Renewal,4/1/2025,4/1/2026,4/1/2025,12,BOP,Businessowners,Carol Long,carol.long@example.com,"88877 Michelle Islands Apt. 852, North Kaylachester, SD 43960",SD,"20577 Patricia Circles, Terrybury, HI 57161",,,,Masonry,6,,,,,3011.94,3011.94,2261.02,Direct Bill,,,FALSE,TRUE,750.92
RUA8137866,HART,120231,Renewal,4/1/2025,4/1/2026,4/1/2025,12,WC,Workers Compensation,Theresa Davis,theresa.davis@insmail.com,"0904 Singh Mews Suite 896, West Elizabethport, MN 53742",MN,"0904 Singh Mews Suite 896, West Elizabethport, MN 53742",,,,,,,,,,7351.92,7351.92,5518.98,Direct Bill,,,FALSE,TRUE,1832.94
GRW2992312,ALLS,120058,Endorsement,4/1/2025,4/1/2026,5/13/2025,12,Umbrella,Personal Umbrella,Robert Williamson,robert.williamson@example.com,"66920 Patrick Burg, East Stephanie, GU 95967",GU,"66920 Patrick Burg, East Stephanie, GU 95967",,,,,,,,,,394.58,-25.48,296.21,Direct Bill,,,FALSE,TRUE,98.37
KLC6970360,LIBM,120277,Renewal,4/1/2025,4/1/2026,4/1/2025,12,BOP,Businessowners,Patty Liu,patty.liu@mail.com,"3707 John Course Apt. 927, New Kevin, IL 04079",IL,"3707 John Course Apt. 927, New Kevin, IL 04079",,,,Joisted Masonry,10,,,,,2464.53,2464.53,1850.09,Direct Bill,,,FALSE,FALSE,614.44
TFF2776586,TRAV,120174,Renewal,4/1/2025,4/1/2026,4/1/2025,12,BOP,Businessowners,Robyn Hanson,robyn.hanson@policyhub.org,"67331 Jonathan Lodge Apt. 942, Martinton, MP 78972",MP,"965 Malone Views, Kimberlymouth, UT 37621",,,,Frame,8,,,,,5653.7,5653.7,4244.15,Agency Bill,,,FALSE,FALSE,1409.55
PLU7426843,PRGS,120210,Renewal,4/1/2025,4/1/2026,4/1/2025,12,BOP,Businessowners,Kayla Nelson,kayla.nelson@mail.com,"7424 Stephanie Avenue Apt. 258, New Jasonfort, FL 16689",FL,"7424 Stephanie Avenue Apt. 258, New Jasonfort, FL 16689",,,,Masonry,4,,,,,1500,1500,1126.03,Direct Bill,,,FALSE,TRUE,373.97
JGS7586674,ALLS,120004,New,4/1/2025,4/1/2026,4/1/2025,12,Personal Auto,Private Passenger Auto,Lisa Lee,lisa.lee@insmail.com,"0309 Brown Road Apt. 317, South Jonathanshire, MO 93501",MO,"0309 Brown Road Apt. 317, South Jonathanshire, MO 93501",1,2,,,,25/50,50000,500,500,2632.94,2632.94,1976.51,Agency Bill,,,FALSE,TRUE,656.43
DYS3559180,FARM,120224,Endorsement,4/1/2025,4/1/2026,9/11/2025,12,Umbrella,Personal Umbrella,Douglas Odonnell,douglas.odonnell@insmail.com,"1911 Christopher Mountain Suite 696, Albertberg, VA 63554",VA,"1911 Christopher Mountain Suite 696, Albertberg, VA 63554",,,,,,,,,,461.96,2.27,346.79,Direct Bill,,,FALSE,TRUE,115.17
AYK4514624,ALLS,120110,New,4/1/2025,4/1/2026,4/1/2025,12,Personal Auto,Private Passenger Auto,Timothy Johnson,timothy.johnson@insmail.com,"291 Rogers Parkway Apt. 528, Christinaburgh, MP 33255",MP,"291 Rogers Parkway Apt. 528, Christinaburgh, MP 33255",3,2,,,,50/100,500000,500,500,2610.14,2610.14,1959.39,Direct Bill,,,FALSE,TRUE,650.75
HWH5281021,LIBM,120241,New,4/1/2025,4/1/2026,4/1/2025,12,Personal Auto,Private Passenger Auto,Karen Mercado,karen.mercado@insmail.com,"10165 Ronnie Pine, Port Michael, VA 11703",VA,"10165 Ronnie Pine, Port Michael, VA 11703",2,4,,,,25/50,100000,250,250,1791.11,1791.11,1344.56,Direct Bill,,,FALSE,TRUE,446.55
XMU7802325,FARM,120273,New,4/1/2025,4/1/2026,4/1/2025,12,Personal Auto,Private Passenger Auto,Jennifer Malone,jennifer.malone@customer.net,"79928 William Islands, North Ericville, WY 07384",WY,"79928 William Islands, North Ericville, WY 07384",1,1,,,,50/100,100000,500,500,936.81,936.81,703.25,Direct Bill,,,FALSE,TRUE,233.56
JVP3917535,TRAV,120137,Renewal,4/1/2025,4/1/2026,4/1/2025,12,BOP,Businessowners,Charles Strong,charles.strong@example.com,"929 Jeffery Stravenue Suite 012, East Laurenhaven, DC 38824",DC,"942 Nicole Common, Robertview, FM 45171",,,,Masonry,7,,,,,3532.75,3532.75,2651.98,Direct Bill,,,FALSE,TRUE,880.77
YHM4701899,LIBM,120166,New,4/1/2025,4/1/2026,4/1/2025,12,Personal Auto,Private Passenger Auto,Christopher Montgomery,christopher.montgomery@insmail.com,"32251 Alan Gardens, South Nicole, PW 23316",PW,"32251 Alan Gardens, South Nicole, PW 23316",3,1,,,,25/50,100000,1000,500,719.7,719.7,540.27,Agency Bill,,,FALSE,TRUE,179.43
NXS4910158,TRAV,120006,Reinstate,4/1/2025,4/1/2026,10/26/2025,12,Package,Commercial Package,Sheri Campbell,sheri.campbell@insmail.com,"223 Steele Lane Apt. 355, Millerside, MS 17705",MS,"223 Steele Lane Apt. 355, Millerside, MS 17705",,,,Masonry,6,,,,,11240.34,0,8437.95,Agency Bill,,8/19/2021,FALSE,TRUE,2802.39
TXX3717117,TRAV,120149,New,4/1/2025,4/1/2026,4/1/2025,12,Personal Auto,Private Passenger Auto,Sarah Cunningham,sarah.cunningham@example.com,"5620 Crawford Walk Apt. 976, North Kristy, MT 44643",MT,"5616 Davis Ranch, Lake Grace, MT 99797",1,2,,,,25/50,250000,1000,2500,1742.48,1742.48,1308.05,Direct Bill,,,FALSE,TRUE,434.43
MEP3915728,HART,120107,Renewal,4/1/2025,4/1/2026,4/1/2025,12,Homeowners,HO3,Jody Davis,jody.davis@mail.com,"98647 Cunningham Village Apt. 419, South Alexa, AK 42171",AK,"98647 Cunningham Village Apt. 419, South Alexa, AK 42171",,,1995,Non-Combustible,7,,,,,1352.29,1352.29,1015.14,Agency Bill,,,FALSE,TRUE,337.15
JHR7025666,GEIC,120001,Renewal,4/1/2025,4/1/2026,4/1/2025,12,WC,Workers Compensation,Timothy Branch,timothy.branch@policyhub.org,"1357 Beverly Centers, Kimberlyfort, NV 67696",NV,"66484 Ernest Mountains Apt. 031, Markhaven, NY 09311",,,,,,,,,,2766.73,2766.73,2076.94,Direct Bill,,,FALSE,FALSE,689.79
SFU0449818,CHUB,120022,New,4/1/2025,4/1/2026,4/1/2025,12,Personal Auto,Private Passenger Auto,Brandon Holland,brandon.holland@mail.com,"63670 Thomas Fall Suite 355, Toddhaven, IN 95562",IN,"63670 Thomas Fall Suite 355, Toddhaven, IN 95562",1,1,,,,50/100,100000,1000,1000,1057.95,1057.95,794.19,Direct Bill,,,FALSE,TRUE,263.76
KAP8165622,AMFA,120247,Renewal,4/1/2025,4/1/2026,4/1/2025,12,BOP,Businessowners,Elizabeth Wilkerson,elizabeth.wilkerson@customer.net,"4581 Schroeder Mission, Haroldmouth, NJ 43337",NJ,"7799 Castillo Rapid, Elizabethberg, ND 95286",,,,Joisted Masonry,5,,,,,6710.66,6710.66,5037.59,Direct Bill,,,FALSE,TRUE,1673.07
HXZ7758089,GEIC,120080,Renewal,4/1/2025,4/1/2026,4/1/2025,12,BOP,Businessowners,Megan Lewis,megan.lewis@customer.net,"5134 Schroeder Court, Ashleymouth, PR 68252",PR,"5134 Schroeder Court, Ashleymouth, PR 68252",,,,Masonry Veneer,6,,,,,4450.84,4450.84,3341.18,Direct Bill,,,FALSE,TRUE,1109.66
ZHC7140910,HART,120089,Renewal,4/1/2025,4/1/2026,4/1/2025,12,Personal Auto,Private Passenger Auto,Sheila Lewis,sheila.lewis@policyhub.org,"94056 Barajas Knolls, Georgeport, HI 44336",HI,"94056 Barajas Knolls, Georgeport, HI 44336",2,3,,,,50/100,50000,250,500,1351.84,1351.84,1014.81,Agency Bill,,,FALSE,TRUE,337.03
DEX1675687,NATI,120008,Renewal,4/1/2025,4/1/2026,4/1/2025,12,Homeowners,HO3,Eric Clark,eric.clark@customer.net,"5958 Anderson Road, Johnsonchester, PA 52443",PA,"5958 Anderson Road, Johnsonchester, PA 52443",,,1967,Masonry,6,,,,,1859.21,1859.21,1395.68,Agency Bill,,,FALSE,TRUE,463.53
HRT9886089,LIBM,120059,Renewal,4/1/2025,4/1/2026,4/1/2025,12,WC,Workers Compensation,Michael Whitaker,michael.whitaker@insmail.com,"7031 Armstrong Glen Suite 740, South Traci, RI 66931",RI,"7031 Armstrong Glen Suite 740, South Traci, RI 66931",,,,,,,,,,2000,2000,1501.37,Direct Bill,,,FALSE,TRUE,498.63
KUA7888403,FARM,120238,Renewal,4/1/2025,4/1/2026,4/1/2025,12,Personal Auto,Private Passenger Auto,Mark Turner,mark.turner@mail.com,"97119 Davis Passage Apt. 733, Wallacetown, PR 13145",PR,"97119 Davis Passage Apt. 733, Wallacetown, PR 13145",2,2,,,,50/100,250000,1000,250,2079.59,2079.59,1561.12,Direct Bill,,,FALSE,TRUE,518.47
UVP5503486,HART,120027,Renewal,4/1/2025,4/1/2026,4/1/2025,12,Homeowners,HO3,Donald Campbell,donald.campbell@insmail.com,"73599 Jacob Vista Apt. 854, Garciaborough, MN 29139",MN,"73599 Jacob Vista Apt. 854, Garciaborough, MN 29139",,,1956,Joisted Masonry,6,,,,,1145.97,1145.97,860.26,Direct Bill,,,FALSE,TRUE,285.71
RGR1238761,PRGS,120007,New,4/1/2025,4/1/2026,4/1/2025,12,Personal Auto,Private Passenger Auto,Kim Thompson,kim.thompson@policyhub.org,"8551 Bell Walks Apt. 168, Williamschester, CO 89212",CO,"8551 Bell Walks Apt. 168, Williamschester, CO 89212",1,4,,,,50/100,100000,500,500,2643.42,2643.42,1984.38,Direct Bill,,,FALSE,TRUE,659.04
NUR0999531,PRGS,120226,New,4/1/2025,4/1/2026,4/1/2025,12,Personal Auto,Private Passenger Auto,Pamela Martin,pamela.martin@example.com,"6671 Cochran Forest, North Nathanview, WI 93757",WI,"6671 Cochran Forest, North Nathanview, WI 93757",2,3,,,,50/100,100000,500,2500,1265.02,1265.02,949.63,Direct Bill,,,FALSE,TRUE,315.39
HKS9733330,PRGS,120197,New,4/1/2025,4/1/2026,4/1/2025,12,Personal Auto,Private Passenger Auto,Denise Brown,denise.brown@customer.net,"3413 Lopez Springs Apt. 068, Jacksonshire, IA 68749",IA,"3413 Lopez Springs Apt. 068, Jacksonshire, IA 68749",1,3,,,,25/50,100000,2500,1000,1002.24,1002.24,752.37,Direct Bill,,,FALSE,TRUE,249.87
JFX9733117,GEIC,120063,New,4/1/2025,4/1/2026,4/1/2025,12,Personal Auto,Private Passenger Auto,Jessica Swanson,jessica.swanson@example.com,"306 Shannon Cove, Kimberlyview, OH 11859",OH,"9500 Jennifer Point Apt. 115, Josephberg, ME 55800",3,2,,,,50/100,250000,250,2500,1932.7,1932.7,1450.85,Direct Bill,,,FALSE,TRUE,481.85
VFM1194234,HART,120298,Renewal,4/1/2025,4/1/2026,4/1/2025,12,BOP,Businessowners,Marilyn Williams,marilyn.williams@policyhub.org,"5506 Boyd Mountain Apt. 268, Navarroborough, AS 89663",AS,"5506 Boyd Mountain Apt. 268, Navarroborough, AS 89663",,,,Frame,4,,,,,3409.01,3409.01,2559.09,Agency Bill,,,FALSE,FALSE,849.92
AMP4804722,TRAV,120200,New,4/1/2025,4/1/2026,4/1/2025,12,Personal Auto,Private Passenger Auto,Matthew Brown,matthew.brown@example.com,"150 Sparks Coves Apt. 430, Mcintoshfort, NE 69217",NE,"150 Sparks Coves Apt. 430, Mcintoshfort, NE 69217",2,2,,,,50/100,100000,250,500,735.76,735.76,552.32,Direct Bill,,,FALSE,TRUE,183.44
LXN4084346,NATI,120111,Renewal,4/1/2025,4/1/2026,4/1/2025,12,WC,Workers Compensation,Barbara Carter,barbara.carter@example.com,"6096 Danielle Walk, East Scottmouth, WV 85112",WV,"6096 Danielle Walk, East Scottmouth, WV 85112",,,,,,,,,,2000,2000,1501.37,Direct Bill,,,FALSE,TRUE,498.63
PFD8995726,GEIC,120163,New,4/1/2025,4/1/2026,4/1/2025,12,Personal Auto,Private Passenger Auto,Gregory Garrett,gregory.garrett@customer.net,"807 Graham Highway, Drewport, IL 56002",IL,"86289 Carter Gateway, Phillipstown, OR 85572",1,1,,,,25/50,100000,250,500,1211.34,1211.34,909.33,Agency Bill,,,FALSE,TRUE,302.01
XBY6066140,HART,120024,Renewal,4/1/2025,4/1/2026,4/1/2025,12,Homeowners,HO3,Peter Harris,peter.harris@example.com,"75433 Thomas Neck, Dyerfurt, TX 92645",TX,"75433 Thomas Neck, Dyerfurt, TX 92645",,,2014,Masonry Veneer,8,,,,,2730.95,2730.95,2050.08,Direct Bill,,,FALSE,TRUE,680.87
SRY7831209,CHUB,120230,New,4/1/2025,4/1/2026,4/1/2025,12,Personal Auto,Private Passenger Auto,Jeremy Taylor,jeremy.taylor@example.com,"86096 Michael Creek Apt. 349, Sandersshire, PR 71795",PR,"8211 Andrew Trail, Sullivanside, CT 25390",2,1,,,,50/100,50000,1000,500,2122.21,2122.21,1593.11,Direct Bill,,,FALSE,TRUE,529.1
YFW5318862,AMFA,120089,Renewal,4/1/2025,4/1/2026,4/1/2025,12,Homeowners,HO3,Jennifer Patel,jennifer.patel@policyhub.org,"765 David Cliffs Apt. 314, Lynchshire, AR 22515",AR,"765 David Cliffs Apt. 314, Lynchshire, AR 22515",,,1986,Masonry,5,,,,,1182.5,1182.5,887.68,Direct Bill,,,FALSE,TRUE,294.82
WRR7272989,LIBM,120269,Renewal,4/1/2025,4/1/2026,4/1/2025,12,Umbrella,Personal Umbrella,Brett Daniels,brett.daniels@mail.com,"597 Gina Parks, Port Sherribury, MI 36442",MI,"597 Gina Parks, Port Sherribury, MI 36442",,,,,,,,,,247.74,247.74,185.97,Agency Bill,,,FALSE,TRUE,61.77
FVK6518214,FARM,120288,New,4/1/2025,4/1/2026,4/1/2025,12,Personal Auto,Private Passenger Auto,Jason Davies,jason.davies@mail.com,"95994 Williams Cliff Apt. 681, Jeremyton, PR 01087",PR,"95994 Williams Cliff Apt. 681, Jeremyton, PR 01087",2,3,,,,50/100,100000,1000,500,3473.32,3473.32,2607.37,Agency Bill,,,FALSE,TRUE,865.95
GSH5979603,NATI,120293,Renewal,4/1/2025,4/1/2026,4/1/2025,12,BOP,Businessowners,Kayla Heath,kayla.heath@insmail.com,"460 Tiffany Lakes Suite 181, West Brad, FM 10939",FM,"708 Thompson Spurs Apt. 847, Thomasside, OH 69017",,,,Masonry,4,,,,,8592.29,8592.29,6450.1,Agency Bill,,,FALSE,FALSE,2142.19
YPF3257256,FARM,120124,Renewal,4/1/2025,4/1/2026,4/1/2025,12,BOP,Businessowners,Anna Chaney,anna.chaney@insmail.com,"71425 Rogers Garden Suite 206, New Katrinaland, AS 23988",AS,"7265 Mitchell Neck, South Tammyton, GU 78510",,,,Non-Combustible,7,,,,,3498.24,3498.24,2626.08,Agency Bill,,,FALSE,TRUE,872.16
HFC7554158,GEIC,120122,Renewal,4/1/2025,4/1/2026,4/1/2025,12,Homeowners,HO3,Reginald Kane,reginald.kane@policyhub.org,"9792 Johnson Parks Apt. 254, Terrellland, NV 39570",NV,"9792 Johnson Parks Apt. 254, Terrellland, NV 39570",,,2004,Frame,4,,,,,500,500,375.34,Direct Bill,,,FALSE,TRUE,124.66
XMW5006610,NATI,120108,Cancel,4/1/2025,1/10/2026,1/10/2026,12,Package,Commercial Package,Jill Sanders,jill.sanders@policyhub.org,"2755 Robert Corners Apt. 041, Mooremouth, MH 77991",MH,"2755 Robert Corners Apt. 041, Mooremouth, MH 77991",,,,Frame,5,,,,,8814.36,0,8504,Direct Bill,1/9/2022,,FALSE,TRUE,310.36
MZP8728453,ALLS,120096,Renewal,4/1/2025,4/1/2026,4/1/2025,12,BOP,Businessowners,Veronica Richard,veronica.richard@insmail.com,"23328 Alyssa Circles Apt. 343, Sanchezfort, WV 96959",WV,"23328 Alyssa Circles Apt. 343, Sanchezfort, WV 96959",,,,Frame,5,,,,,3640.02,3640.02,2732.51,Agency Bill,,,FALSE,TRUE,907.51
KAM6411727,ALLS,120171,Renewal,4/1/2025,4/1/2026,4/1/2025,12,BOP,Businessowners,Amber Garcia,amber.garcia@mail.com,"287 Ronald Lane Suite 219, Deanside, WY 67750",WY,"4075 Robinson Shore, Thomasstad, KY 96772",,,,Joisted Masonry,4,,,,,3297.69,3297.69,2475.53,Direct Bill,,,FALSE,TRUE,822.16
AJD7267105,GEIC,120136,New,4/1/2025,4/1/2026,4/1/2025,12,Personal Auto,Private Passenger Auto,Mark Joseph,mark.joseph@example.com,"5879 Regina Cove Suite 031, Batesville, DC 04508",DC,"56313 Emily Motorway Apt. 048, Tiffanytown, UT 62375",4,2,,,,25/50,100000,2500,500,862.26,862.26,647.29,Agency Bill,,,FALSE,TRUE,214.97
RJY5433208,GEIC,120173,New,4/1/2025,4/1/2026,4/1/2025,12,Personal Auto,Private Passenger Auto,Kimberly Thompson,kimberly.thompson@example.com,"255 Lyons Key, North Jason, HI 18757",HI,"46393 Hernandez Harbors, Pearsonbury, WY 68692",4,3,,,,25/50,250000,500,250,1173.01,1173.01,880.56,Direct Bill,,,FALSE,TRUE,292.45
CDV9777844,TRAV,120270,Endorsement,4/1/2025,4/1/2026,5/26/2025,12,Umbrella,Personal Umbrella,Tracy Walls,tracy.walls@example.com,"4377 Santana Highway Apt. 112, North Bradhaven, PR 16812",PR,"4377 Santana Highway Apt. 112, North Bradhaven, PR 16812",,,,,,,,,,400.21,-6.64,300.43,Direct Bill,,,FALSE,TRUE,99.78
BJH5055978,PRGS,120293,Renewal,4/1/2025,4/1/2026,4/1/2025,12,BOP,Businessowners,James Miller,james.miller@mail.com,"31500 Madison Causeway, Valenciaburgh, FL 74827",FL,"31500 Madison Causeway, Valenciaburgh, FL 74827",,,,Joisted Masonry,9,,,,,11706.44,11706.44,8787.85,Direct Bill,,,FALSE,TRUE,2918.59
NCG5421684,HART,120246,Endorsement,4/1/2025,4/1/2026,6/3/2025,12,Umbrella,Personal Umbrella,Teresa Best,teresa.best@insmail.com,"7597 Phillips Underpass, Kellytown, MS 10063",MS,"7597 Phillips Underpass, Kellytown, MS 10063",,,,,,,,,,1377.9,-74.72,1034.37,Agency Bill,,,FALSE,TRUE,343.53
PBA2426022,GEIC,120168,Renewal,4/1/2025,4/1/2026,4/1/2025,12,BOP,Businessowners,Raymond Houston,raymond.houston@mail.com,"9970 Craig Coves, Masontown, OH 87060",OH,"9970 Craig Coves, Masontown, OH 87060",,,,Masonry Veneer,4,,,,,1791.13,1791.13,1344.57,Direct Bill,,,FALSE,TRUE,446.56
HTR2217338,HART,120034,Endorsement,4/1/2025,4/1/2026,5/29/2025,12,Umbrella,Personal Umbrella,Ashley Watkins,ashley.watkins@insmail.com,"647 Mitchell Orchard, Johnsonborough, MP 48724",MP,"647 Mitchell Orchard, Johnsonborough, MP 48724",,,,,,,,,,553.17,65.75,415.26,Agency Bill,,,FALSE,TRUE,137.91
GCN5357591,GEIC,120203,Renewal,4/1/2025,4/1/2026,4/1/2025,12,BOP,Businessowners,Edward Lawrence,edward.lawrence@example.com,"887 Stephanie Cliffs, Port Brandon, ID 37787",ID,"2296 Sharon Stream Suite 239, Wilsonfurt, OR 10769",,,,Fire Resistive,4,,,,,8437.08,8437.08,6333.59,Direct Bill,,,FALSE,TRUE,2103.49
BYZ6057338,ALLS,120028,New,4/1/2025,4/1/2026,4/1/2025,12,Personal Auto,Private Passenger Auto,Bradley Combs,bradley.combs@mail.com,"3589 Price Well Suite 861, Kathleenton, PW 55587",PW,"3589 Price Well Suite 861, Kathleenton, PW 55587",3,1,,,,50/100,50000,1000,1000,2117.61,2117.61,1589.66,Direct Bill,,,FALSE,TRUE,527.95
PBV3867809,NATI,120099,Renewal,4/1/2025,4/1/2026,4/1/2025,12,BOP,Businessowners,Tammy Robinson,tammy.robinson@customer.net,"127 Padilla Lights, Port Christopher, KS 27753",KS,"127 Padilla Lights, Port Christopher, KS 27753",,,,Frame,4,,,,,2748.8,2748.8,2063.48,Direct Bill,,,FALSE,FALSE,685.32
CHR4262244,ALLS,120120,Renewal,4/1/2025,4/1/2026,4/1/2025,12,Personal Auto,Private Passenger Auto,Benjamin Wilson,benjamin.wilson@insmail.com,"2287 Lewis Drives Suite 623, Maddoxton, MA 50539",MA,"2287 Lewis Drives Suite 623, Maddoxton, MA 50539",3,2,,,,50/100,100000,2500,500,2003.09,2003.09,1503.69,Direct Bill,,,FALSE,TRUE,499.4
HVG3092660,HART,120296,New,4/1/2025,4/1/2026,4/1/2025,12,Personal Auto,Private Passenger Auto,Meagan Mills,meagan.mills@customer.net,"33733 Oconnor Villages Apt. 812, North Linda, AR 49331",AR,"33733 Oconnor Villages Apt. 812, North Linda, AR 49331",1,3,,,,50/100,50000,1000,1000,2926.72,2926.72,2197.04,Direct Bill,,,FALSE,TRUE,729.68
GPB8662724,GEIC,120032,Renewal,4/1/2025,4/1/2026,4/1/2025,12,Umbrella,Personal Umbrella,Charles Green,charles.green@customer.net,"22882 Emily Ridge, East Nicholas, CO 60017",CO,"22882 Emily Ridge, East Nicholas, CO 60017",,,,,,,,,,421.29,421.29,316.26,Agency Bill,,,FALSE,TRUE,105.03
GXF1258511,AMFA,120021,Renewal,4/1/2025,4/1/2026,4/1/2025,12,Homeowners,HO3,Rachel Fuentes,rachel.fuentes@mail.com,"746 Becky Estate, Jamesville, WA 89647",WA,"746 Becky Estate, Jamesville, WA 89647",,,2007,Frame,2,,,,,2641.02,2641.02,1982.57,Agency Bill,,,FALSE,TRUE,658.45
DGJ4172933,NATI,120270,Renewal,4/1/2025,4/1/2026,4/1/2025,12,WC,Workers Compensation,Alexis Jones,alexis.jones@example.com,"2826 Johns Shores, Romerotown, GA 85842",GA,"2826 Johns Shores, Romerotown, GA 85842",,,,,,,,,,2162.58,2162.58,1623.42,Direct Bill,,,FALSE,FALSE,539.16
DWY0521881,AMFA,120200,Renewal,4/1/2025,4/1/2026,4/1/2025,12,BOP,Businessowners,Duane Lynch,duane.lynch@mail.com,"63730 Rachael Street, Milesside, MS 92152",MS,"165 Huff Inlet Apt. 419, Jasminetown, MH 66614",,,,Joisted Masonry,8,,,,,9207.15,9207.15,6911.67,Agency Bill,,,FALSE,TRUE,2295.48
TMY3217655,PRGS,120090,Renewal,4/1/2025,4/1/2026,4/1/2025,12,Homeowners,HO3,Melanie Patterson,melanie.patterson@policyhub.org,"908 Lewis Stream, New John, NC 14820",NC,"908 Lewis Stream, New John, NC 14820",,,2005,Joisted Masonry,7,,,,,1860.8,1860.8,1396.87,Direct Bill,,,FALSE,TRUE,463.93
GLX0777613,ALLS,120058,Renewal,4/1/2025,4/1/2026,4/1/2025,12,Personal Auto,Private Passenger Auto,Jessica Santiago,jessica.santiago@example.com,"659 Matthew Lights Suite 398, South Sandrachester, TN 12021",TN,"659 Matthew Lights Suite 398, South Sandrachester, TN 12021",3,1,,,,50/100,50000,500,500,842.32,842.32,632.32,Agency Bill,,,FALSE,TRUE,210
BAK0885437,NATI,120177,Renewal,4/1/2025,4/1/2026,4/1/2025,12,Homeowners,HO3,Andrew Hill,andrew.hill@customer.net,"3134 Justin Ferry, West Gilbertside, RI 16807",RI,"947 Harper Well, Lake Anne, WI 80576",,,1975,Masonry,5,,,,,5441.55,5441.55,4084.89,Agency Bill,,,FALSE,TRUE,1356.66
XHE8049152,PRGS,120220,Endorsement,4/1/2025,4/1/2026,7/22/2025,12,Umbrella,Personal Umbrella,Zachary Winters,zachary.winters@policyhub.org,"5689 Joyce Shores Suite 466, Port Brandifurt, TN 24399",TN,"9497 Abbott Turnpike Apt. 108, North Donna, GU 69591",,,,,,,,,,150,-6.81,112.6,Agency Bill,,,FALSE,TRUE,37.4
TEW4695283,ALLS,120151,Cancel,4/1/2025,9/29/2025,9/29/2025,12,Package,Commercial Package,Robert Sharp,robert.sharp@example.com,"12754 Shane Stravenue Suite 908, West Ericahaven, HI 45755",HI,"650 James Path Apt. 545, West Wendyborough, SD 86523",,,,Frame,1,,,,,5810.73,0,5810.73,Agency Bill,12/19/2022,,FALSE,TRUE,0
ETC2287402,ALLS,120269,Renewal,4/1/2025,4/1/2026,4/1/2025,12,WC,Workers Compensation,Timothy Smith,timothy.smith@policyhub.org,"53562 Daniel Unions Suite 745, Reneefort, AR 57166",AR,"53562 Daniel Unions Suite 745, Reneefort, AR 57166",,,,,,,,,,2997.5,2997.5,2250.18,Direct Bill,,,FALSE,TRUE,747.32
KVN4677628,PRGS,120115,Endorsement,4/1/2025,4/1/2026,1/20/2026,12,Umbrella,Personal Umbrella,Laura Holmes,laura.holmes@mail.com,"81400 Wade Trafficway, East Elizabethland, GA 62108",GA,"81400 Wade Trafficway, East Elizabethland, GA 62108",,,,,,,,,,162.27,10.37,121.81,Direct Bill,,,FALSE,TRUE,40.46
TAP9028763,ALLS,120201,Renewal,4/1/2025,4/1/2026,4/1/2025,12,Homeowners,HO3,Ronald Roy,ronald.roy@mail.com,"072 Virginia Shores Apt. 494, New Rebecca, TX 81681",TX,"072 Virginia Shores Apt. 494, New Rebecca, TX 81681",,,1998,Frame,6,,,,,1280.98,1280.98,961.61,Agency Bill,,,FALSE,TRUE,319.37
FXY2529455,PRGS,120039,New,4/1/2025,4/1/2026,4/1/2025,12,Personal Auto,Private Passenger Auto,Eric Garcia,eric.garcia@insmail.com,"057 Brandon Hill Suite 190, West Carlosfort, MS 79911",MS,"845 Jessica Port, Gillfurt, RI 39328",3,1,,,,50/100,100000,500,250,2275,2275,1707.81,Direct Bill,,,FALSE,TRUE,567.19
MEK6526234,GEIC,120275,New,4/1/2025,4/1/2026,4/1/2025,12,Personal Auto,Private Passenger Auto,Timothy Rose,timothy.rose@customer.net,"9711 Joseph Creek Apt. 505, Patriciaport, GA 18073",GA,"9711 Joseph Creek Apt. 505, Patriciaport, GA 18073",2,2,,,,50/100,50000,500,250,1320.44,1320.44,991.23,Direct Bill,,,FALSE,TRUE,329.21
YJG1702454,ALLS,120117,Cancel,4/1/2025,10/25/2025,10/25/2025,12,Package,Commercial Package,Richard Shelton,richard.shelton@example.com,"31153 Melissa Rest Apt. 206, Port Emilystad, MP 24431",MP,"31153 Melissa Rest Apt. 206, Port Emilystad, MP 24431",,,,Frame,7,,,,,4401.07,0,4401.07,Direct Bill,5/14/2023,,FALSE,FALSE,0
CVG3810233,GEIC,120247,New,4/1/2025,4/1/2026,4/1/2025,12,Personal Auto,Private Passenger Auto,Riley Jones,riley.jones@policyhub.org,"2081 John Manor, Cynthiafort, MI 31203",MI,"2081 John Manor, Cynthiafort, MI 31203",3,2,,,,50/100,100000,2500,250,1449.53,1449.53,1088.14,Direct Bill,,,FALSE,TRUE,361.39
DLN2179192,GEIC,120181,Renewal,4/1/2025,4/1/2026,4/1/2025,12,Homeowners,HO3,Jacob Rodriguez,jacob.rodriguez@policyhub.org,"02866 Richard Pines Suite 240, West Jonathanland, UT 60689",UT,"02866 Richard Pines Suite 240, West Jonathanland, UT 60689",,,1994,Non-Combustible,7,,,,,584.09,584.09,438.47,Direct Bill,,,FALSE,TRUE,145.62
SPW9917590,TRAV,120116,Renewal,4/1/2025,4/1/2026,4/1/2025,12,Umbrella,Personal Umbrella,Chase Green,chase.green@policyhub.org,"8972 Cohen Isle Apt. 071, East Richard, NC 78512",NC,"26181 Patel Mountain, East Charles, WI 24764",,,,,,,,,,182.78,182.78,137.21,Direct Bill,,,FALSE,TRUE,45.57
RWM3469699,CHUB,120248,Renewal,4/1/2025,4/1/2026,4/1/2025,12,Homeowners,HO3,Robert Brown,robert.brown@mail.com,"19035 Sandra Lights Apt. 854, Gomezview, AK 42725",AK,"19035 Sandra Lights Apt. 854, Gomezview, AK 42725",,,2019,Frame,8,,,,,2273.91,2273.91,1706.99,Agency Bill,,,FALSE,TRUE,566.92
ANH4724098,FARM,120265,New,4/1/2025,4/1/2026,4/1/2025,12,Personal Auto,Private Passenger Auto,William Gonzales,william.gonzales@mail.com,"58593 Juan Bypass Apt. 105, East Kimberlyport, UT 59497",UT,"58593 Juan Bypass Apt. 105, East Kimberlyport, UT 59497",1,2,,,,25/50,100000,1000,500,1131.87,1131.87,849.68,Direct Bill,,,FALSE,TRUE,282.19
UNP5398628,HART,120074,New,4/1/2025,4/1/2026,4/1/2025,12,Personal Auto,Private Passenger Auto,Sandra Davis,sandra.davis@policyhub.org,"3770 Laurie Extension Apt. 966, Jonathanview, NV 04077",NV,"3770 Laurie Extension Apt. 966, Jonathanview, NV 04077",2,2,,,,50/100,100000,500,2500,1367.17,1367.17,1026.31,Direct Bill,,,FALSE,TRUE,340.86
TTF7963264,TRAV,120278,Renewal,4/1/2025,4/1/2026,4/1/2025,12,Umbrella,Personal Umbrella,Steven Madden,steven.madden@insmail.com,"4015 Williams Pike Suite 904, Smithtown, IN 42106",IN,"4015 Williams Pike Suite 904, Smithtown, IN 42106",,,,,,,,,,202.59,202.59,152.08,Agency Bill,,,FALSE,TRUE,50.51
KPK1073943,LIBM,120224,Renewal,4/1/2025,4/1/2026,4/1/2025,12,Homeowners,HO3,Jonathan Ramos,jonathan.ramos@customer.net,"22775 Logan Row Suite 958, Margaretton, NY 12102",NY,"22775 Logan Row Suite 958, Margaretton, NY 12102",,,2005,Frame,4,,,,,2792.43,2792.43,2096.24,Agency Bill,,,FALSE,FALSE,696.19
NZJ3595328,TRAV,120028,Renewal,4/1/2025,4/1/2026,4/1/2025,12,BOP,Businessowners,John Peterson,john.peterson@customer.net,"80010 Gutierrez Via, Jessicaberg, MT 69133",MT,"149 Liu Forks Apt. 342, Lindamouth, ND 96682",,,,Joisted Masonry,4,,,,,13150.97,13150.97,9872.24,Direct Bill,,,FALSE,FALSE,3278.73
CKT0378274,ALLS,120029,Renewal,4/1/2025,4/1/2026,4/1/2025,12,BOP,Businessowners,Roy Jones,roy.jones@mail.com,"74922 Wilkins Heights Suite 898, Whitakerfurt, CT 88054",CT,"831 Dakota Mills Apt. 577, North Richardbury, MN 57014",,,,Frame,9,,,,,2108.51,2108.51,1582.83,Direct Bill,,,FALSE,TRUE,525.68
WMY1008011,GEIC,120157,New,4/1/2025,4/1/2026,4/1/2025,12,Personal Auto,Private Passenger Auto,Lisa Marquez,lisa.marquez@mail.com,"21667 Murphy Throughway, South Jennifer, ME 16588",ME,"21667 Murphy Throughway, South Jennifer, ME 16588",1,3,,,,50/100,100000,250,250,3506.59,3506.59,2632.34,Direct Bill,,,FALSE,TRUE,874.25
VXD8737617,GEIC,120039,Renewal,4/1/2025,4/1/2026,4/1/2025,12,BOP,Businessowners,Christopher Flores,christopher.flores@example.com,"36247 Amy Curve, Duncanville, WA 99709",WA,"36247 Amy Curve, Duncanville, WA 99709",,,,Masonry,3,,,,,5243.5,5243.5,3936.22,Direct Bill,,,FALSE,TRUE,1307.28
GGE7855554,FARM,120083,New,4/1/2025,4/1/2026,4/1/2025,12,Personal Auto,Private Passenger Auto,Robin Smith,robin.smith@customer.net,"53590 Murphy Spring, South Jessica, ID 80104",ID,"53590 Murphy Spring, South Jessica, ID 80104",1,2,,,,50/100,50000,500,500,799.26,799.26,599.99,Agency Bill,,,FALSE,TRUE,199.27
UBH8473744,TRAV,120123,New,4/1/2025,4/1/2026,4/1/2025,12,Personal Auto,Private Passenger Auto,Kristen Lewis,kristen.lewis@policyhub.org,"0277 Dustin Junctions Apt. 213, North Gregory, CA 74962",CA,"0277 Dustin Junctions Apt. 213, North Gregory, CA 74962",1,3,,,,50/100,100000,1000,250,4000,4000,3002.74,Direct Bill,,,FALSE,TRUE,997.26
UCL5784383,TRAV,120174,Renewal,4/1/2025,4/1/2026,4/1/2025,12,Umbrella,Personal Umbrella,Reginald Spencer,reginald.spencer@policyhub.org,"4393 Morton River Apt. 752, Dawsonshire, GA 75045",GA,"4393 Morton River Apt. 752, Dawsonshire, GA 75045",,,,,,,,,,217.04,217.04,162.93,Direct Bill,,,FALSE,TRUE,54.11
URB8387203,CHUB,120289,New,4/1/2025,4/1/2026,4/1/2025,12,Personal Auto,Private Passenger Auto,Kenneth Snyder,kenneth.snyder@policyhub.org,"38161 Logan Inlet, Anthonytown, VI 41664",VI,"38161 Logan Inlet, Anthonytown, VI 41664",1,2,,,,25/50,100000,500,500,1687.24,1687.24,1266.59,Agency Bill,,,FALSE,TRUE,420.65
WXZ6392015,PRGS,120122,Renewal,4/1/2025,4/1/2026,4/1/2025,12,BOP,Businessowners,Debra Good,debra.good@policyhub.org,"419 Reynolds Shore, Nathanborough, NE 73063",NE,"419 Reynolds Shore, Nathanborough, NE 73063",,,,Frame,7,,,,,2385.07,2385.07,1790.44,Direct Bill,,,FALSE,TRUE,594.63
GYY7813520,CHUB,120209,New,4/1/2025,4/1/2026,4/1/2025,12,Personal Auto,Private Passenger Auto,Craig Garcia,craig.garcia@example.com,"65802 Christopher Square, Port Katherine, OH 38028",OH,"65802 Christopher Square, Port Katherine, OH 38028",2,3,,,,25/50,50000,500,500,1721.34,1721.34,1292.18,Direct Bill,,,FALSE,TRUE,429.16
VZT7390290,ALLS,120273,Renewal,4/1/2025,4/1/2026,4/1/2025,12,Homeowners,HO3,Kimberly Meyers,kimberly.meyers@customer.net,"0669 Garcia Drive, West Tammy, VI 86926",VI,"0669 Garcia Drive, West Tammy, VI 86926",,,1986,Frame,7,,,,,1771.35,1771.35,1329.73,Direct Bill,,,FALSE,TRUE,441.62
DBC6237546,NATI,120044,Renewal,4/1/2025,4/1/2026,4/1/2025,12,Homeowners,HO3,Gary Parker,gary.parker@example.com,"925 Veronica Bridge, Lake Jessicabury, IL 81092",IL,"925 Veronica Bridge, Lake Jessicabury, IL 81092",,,2004,Frame,8,,,,,628.07,628.07,471.48,Direct Bill,,,FALSE,TRUE,156.59
YWX1488163,ALLS,120166,New,4/1/2025,4/1/2026,4/1/2025,12,Personal Auto,Private Passenger Auto,Rebecca Sutton,rebecca.sutton@example.com,"951 Love Mountains, West Christopherberg, RI 49453",RI,"951 Love Mountains, West Christopherberg, RI 49453",1,3,,,,25/50,100000,500,250,1286.71,1286.71,965.91,Direct Bill,,,FALSE,TRUE,320.8
HPC0889932,PRGS,120174,Renewal,4/1/2025,4/1/2026,4/1/2025,12,Homeowners,HO3,Ruth Lloyd,ruth.lloyd@policyhub.org,"77724 Denise Canyon Suite 861, Brownburgh, CT 87980",CT,"77724 Denise Canyon Suite 861, Brownburgh, CT 87980",,,1987,Joisted Masonry,6,,,,,1386.35,1386.35,1040.71,Agency Bill,,,FALSE,TRUE,345.64
UGU1916443,TRAV,120184,Renewal,4/1/2025,4/1/2026,4/1/2025,12,WC,Workers Compensation,Patrick Mcbride,patrick.mcbride@policyhub.org,"1164 Hall Way Suite 359, Sheliaburgh, ND 28213",ND,"1164 Hall Way Suite 359, Sheliaburgh, ND 28213",,,,,,,,,,3111.66,3111.66,2335.88,Direct Bill,,,FALSE,TRUE,775.78
BAK3481827,PRGS,120216,Renewal,4/1/2025,4/1/2026,4/1/2025,12,WC,Workers Compensation,Tanner Valdez,tanner.valdez@customer.net,"040 Davis Motorway Apt. 969, South Janice, NC 53777",NC,"040 Davis Motorway Apt. 969, South Janice, NC 53777",,,,,,,,,,6519.73,6519.73,4894.26,Direct Bill,,,FALSE,TRUE,1625.47
PLS1190974,GEIC,120074,Renewal,4/1/2025,4/1/2026,4/1/2025,12,WC,Workers Compensation,Lori Nguyen,lori.nguyen@customer.net,"996 Perez Flat Apt. 586, Lake Laura, AR 18793",AR,"996 Perez Flat Apt. 586, Lake Laura, AR 18793",,,,,,,,,,18627.33,18627.33,13983.26,Agency Bill,,,FALSE,TRUE,4644.07
ACD6849585,NATI,120259,Renewal,4/1/2025,4/1/2026,4/1/2025,12,BOP,Businessowners,Amber Chambers,amber.chambers@policyhub.org,"5564 Bowers Gateway, Curtisport, MD 67191",MD,"5564 Bowers Gateway, Curtisport, MD 67191",,,,Non-Combustible,5,,,,,3346.34,3346.34,2512.05,Agency Bill,,,FALSE,TRUE,834.29
WXW1707784,TRAV,120255,Renewal,4/1/2025,4/1/2026,4/1/2025,12,Homeowners,HO3,James Anderson,james.anderson@policyhub.org,"39897 Donald Pines, South Jessica, MP 16180",MP,"39897 Donald Pines, South Jessica, MP 16180",,,1992,Frame,5,,,,,1991.5,1991.5,1494.99,Direct Bill,,,FALSE,TRUE,496.51
HPW3996660,PRGS,120010,New,4/1/2025,4/1/2026,4/1/2025,12,Personal Auto,Private Passenger Auto,Catherine Hutchinson,catherine.hutchinson@policyhub.org,"5258 Wendy Green Apt. 975, Biancaside, AS 17775",AS,"5258 Wendy Green Apt. 975, Biancaside, AS 17775",1,2,,,,50/100,100000,1000,500,1438.25,1438.25,1079.67,Direct Bill,,,FALSE,TRUE,358.58
CKN1037964,GEIC,120167,Renewal,4/1/2025,4/1/2026,4/1/2025,12,WC,Workers Compensation,Janet Nelson,janet.nelson@example.com,"113 Eric Highway Apt. 993, South Dennis, WI 78649",WI,"113 Eric Highway Apt. 993, South Dennis, WI 78649",,,,,,,,,,7391.22,7391.22,5548.48,Direct Bill,,,FALSE,FALSE,1842.74
SNJ1033609,PRGS,120028,Renewal,4/1/2025,4/1/2026,4/1/2025,12,Homeowners,HO3,Valerie Moore,valerie.moore@insmail.com,"897 Carl Shores, South Jeffreychester, NC 96044",NC,"897 Carl Shores, South Jeffreychester, NC 96044",,,1980,Non-Combustible,6,,,,,2392.86,2392.86,1796.28,Direct Bill,,,FALSE,TRUE,596.58
NSG3937284,HART,120061,Renewal,4/1/2025,4/1/2026,4/1/2025,12,Homeowners,HO3,Marissa Mathis,marissa.mathis@insmail.com,"82861 Griffin Fork, West Hunter, OR 07155",OR,"82861 Griffin Fork, West Hunter, OR 07155",,,1984,Fire Resistive,6,,,,,1732.84,1732.84,1300.82,Direct Bill,,,FALSE,FALSE,432.02
MLA5089916,LIBM,120075,Endorsement,4/1/2025,4/1/2026,2/7/2026,12,Umbrella,Personal Umbrella,Kathleen Roberson,kathleen.roberson@insmail.com,"3782 Hernandez Knolls Apt. 925, Christophershire, GU 22308",GU,"055 Stacey Falls, West Amyfort, ID 09086",,,,,,,,,,314.92,-21.55,236.41,Direct Bill,,,FALSE,TRUE,78.51
WMN6799142,ALLS,120282,Renewal,4/1/2025,4/1/2026,4/1/2025,12,WC,Workers Compensation,Meghan Wolfe,meghan.wolfe@example.com,"0762 Delgado Fords, Taylortown, OH 56040",OH,"0762 Delgado Fords, Taylortown, OH 56040",,,,,,,,,,5333.63,5333.63,4003.88,Direct Bill,,,FALSE,TRUE,1329.75
BMA0752675,CHUB,120063,Renewal,4/1/2025,4/1/2026,4/1/2025,12,Homeowners,HO3,Timothy Collins,timothy.collins@mail.com,"657 Woods Falls Apt. 796, Morrisonland, IN 81535",IN,"469 Katherine Spurs Apt. 647, Michellechester, FM 93257",,,1976,Frame,8,,,,,1256.98,1256.98,943.6,Direct Bill,,,FALSE,TRUE,313.38
TJR1304265,TRAV,120158,Renewal,4/1/2025,4/1/2026,4/1/2025,12,WC,Workers Compensation,Kathleen Jackson,kathleen.jackson@policyhub.org,"97915 Amy Pines Apt. 528, Anthonyton, MO 04382",MO,"41890 Fuller Stravenue, South Cynthiaburgh, MD 58968",,,,,,,,,,20243.81,20243.81,15196.72,Direct Bill,,,FALSE,TRUE,5047.09
ZGY1930839,FARM,120213,Renewal,4/1/2025,4/1/2026,4/1/2025,12,WC,Workers Compensation,Susan Grimes,susan.grimes@mail.com,"16530 Morales Overpass, Lake Karenhaven, PA 33792",PA,"87642 Bishop Junctions Suite 301, South Derrick, DC 64170",,,,,,,,,,2000,2000,1501.37,Direct Bill,,,FALSE,TRUE,498.63
RJG3393061,TRAV,120020,Renewal,4/1/2025,4/1/2026,4/1/2025,12,Homeowners,HO3,Alyssa Bentley,alyssa.bentley@policyhub.org,"44658 Rodgers Inlet Apt. 258, Port Jenniferton, VI 33009",VI,"3664 Davis Manors Apt. 804, Justinhaven, IA 65976",,,2000,Frame,4,,,,,1336.35,1336.35,1003.18,Direct Bill,,,FALSE,TRUE,333.17
JDJ6161450,CHUB,120260,Renewal,4/1/2025,4/1/2026,4/1/2025,12,Personal Auto,Private Passenger Auto,Elaine Collins,elaine.collins@policyhub.org,"918 Cheryl Extension Apt. 338, West Jose, ME 64374",ME,"918 Cheryl Extension Apt. 338, West Jose, ME 64374",2,1,,,,50/100,100000,1000,500,742.27,742.27,557.21,Direct Bill,,,FALSE,TRUE,185.06
MHY4277647,FARM,120003,Renewal,4/1/2025,4/1/2026,4/1/2025,12,Homeowners,HO3,Kendra Jordan,kendra.jordan@customer.net,"6579 Jeffrey Estate, North Derek, DE 03864",DE,"69420 Thomas Cliff, West Allen, RI 02851",,,1969,Frame,7,,,,,3160.06,3160.06,2372.21,Direct Bill,,,FALSE,TRUE,787.85
BGH2007765,ALLS,120037,New,4/1/2025,4/1/2026,4/1/2025,12,Personal Auto,Private Passenger Auto,Elizabeth Robinson,elizabeth.robinson@customer.net,"96201 Schmidt Light, East Christopher, OR 54996",OR,"41315 Schneider Dale, East Michael, NV 62003",1,1,,,,50/100,100000,500,1000,1181.47,1181.47,886.91,Direct Bill,,,FALSE,TRUE,294.56
JPS4782507,NATI,120089,Endorsement,4/1/2025,4/1/2026,12/29/2025,12,Umbrella,Personal Umbrella,Jill Price,jill.price@example.com,"49444 Victoria Square Apt. 879, Amandabury, NJ 03186",NJ,"49444 Victoria Square Apt. 879, Amandabury, NJ 03186",,,,,,,,,,360.4,-22.67,270.55,Direct Bill,,,FALSE,TRUE,89.85
AKT6325580,GEIC,120247,Endorsement,4/1/2025,4/1/2026,2/8/2026,12,Umbrella,Personal Umbrella,Christopher Hayes,christopher.hayes@mail.com,"8127 Frank Walk Apt. 186, Smithside, FM 80070",FM,"8549 Walsh Roads Suite 532, Wilsonfurt, WY 23299",,,,,,,,,,432.5,-24.66,324.67,Direct Bill,,,FALSE,TRUE,107.83
WPJ8194182,HART,120260,Renewal,4/1/2025,4/1/2026,4/1/2025,12,BOP,Businessowners,Joshua Marsh,joshua.marsh@example.com,"938 Copeland Inlet Apt. 648, West Troy, VA 06468",VA,"938 Copeland Inlet Apt. 648, West Troy, VA 06468",,,,Joisted Masonry,7,,,,,3781.32,3781.32,2838.58,Agency Bill,,,FALSE,TRUE,942.74
TMN8039328,HART,120038,Renewal,4/1/2025,4/1/2026,4/1/2025,12,BOP,Businessowners,David Jones,david.jones@policyhub.org,"62940 Schultz Hill Suite 230, New Michael, MT 03993",MT,"955 Erin Locks, Lisaport, IN 76069",,,,Frame,2,,,,,8699.85,8699.85,6530.85,Direct Bill,,,FALSE,TRUE,2169
JTK0791642,TRAV,120286,Renewal,4/1/2025,4/1/2026,4/1/2025,12,WC,Workers Compensation,William Oneal,william.oneal@policyhub.org,"78188 Michael Brook, Susanchester, VT 21849",VT,"78188 Michael Brook, Susanchester, VT 21849",,,,,,,,,,5424.5,5424.5,4072.09,Agency Bill,,,FALSE,FALSE,1352.41
SCJ3494299,AMFA,120078,New,4/1/2025,4/1/2026,4/1/2025,12,Personal Auto,Private Passenger Auto,Ronald Ramos,ronald.ramos@example.com,"1595 John Trail Suite 419, West Nancyview, DC 78546",DC,"291 Todd Hills Suite 715, New Cindy, AS 65741",2,2,,,,50/100,50000,1000,1000,1658.07,1658.07,1244.69,Direct Bill,,,FALSE,TRUE,413.38
MCH3195808,PRGS,120174,New,4/1/2025,4/1/2026,4/1/2025,12,Personal Auto,Private Passenger Auto,Angela Reilly,angela.reilly@mail.com,"08719 Keith Port, Donaldbury, VT 60677",VT,"08719 Keith Port, Donaldbury, VT 60677",2,2,,,,50/100,250000,500,250,1251.19,1251.19,939.25,Agency Bill,,,FALSE,TRUE,311.94
DKD5039345,AMFA,120163,Renewal,4/1/2025,4/1/2026,4/1/2025,12,WC,Workers Compensation,Taylor Gordon,taylor.gordon@customer.net,"447 Alyssa Roads Suite 062, West Mark, WY 15737",WY,"447 Alyssa Roads Suite 062, West Mark, WY 15737",,,,,,,,,,2000,2000,1501.37,Agency Bill,,,FALSE,TRUE,498.63
DAM6648966,NATI,120060,Renewal,4/1/2025,4/1/2026,4/1/2025,12,Personal Auto,Private Passenger Auto,Steven Huang,steven.huang@insmail.com,"26651 Bailey Burg, Port Bradley, CA 27219",CA,"304 Joseph Loop, Deborahmouth, WI 86706",2,1,,,,50/100,100000,500,2500,1226.85,1226.85,920.98,Direct Bill,,,FALSE,TRUE,305.87
YUY8899232,HART,120198,Renewal,4/1/2025,4/1/2026,4/1/2025,12,Personal Auto,Private Passenger Auto,Robert Hudson,robert.hudson@mail.com,"8717 Cooper Glen Apt. 260, South Susan, TN 39238",TN,"8717 Cooper Glen Apt. 260, South Susan, TN 39238",1,1,,,,50/100,250000,1000,500,2508.48,2508.48,1883.08,Agency Bill,,,FALSE,FALSE,625.4
WRC0591343,TRAV,120204,Renewal,4/1/2025,4/1/2026,4/1/2025,12,Homeowners,HO3,Tyler Knight,tyler.knight@customer.net,"204 Horton Gardens, Stewartfurt, MD 02412",MD,"204 Horton Gardens, Stewartfurt, MD 02412",,,1976,Frame,8,,,,,3424.37,3424.37,2570.62,Direct Bill,,,FALSE,TRUE,853.75
YEU8875375,AMFA,120295,Renewal,4/1/2025,4/1/2026,4/1/2025,12,WC,Workers Compensation,Brianna Maldonado,brianna.maldonado@insmail.com,"775 Angela Fields, North Christopherberg, WV 18066",WV,"775 Angela Fields, North Christopherberg, WV 18066",,,,,,,,,,8466.87,8466.87,6355.95,Direct Bill,,,FALSE,TRUE,2110.92
RTG6779265,GEIC,120227,Renewal,4/1/2025,4/1/2026,4/1/2025,12,Homeowners,HO3,Tara Lee,tara.lee@policyhub.org,"00641 Moore Junction, Port James, NV 89590",NV,"00641 Moore Junction, Port James, NV 89590",,,2012,Joisted Masonry,5,,,,,1162.12,1162.12,872.39,Direct Bill,,,FALSE,TRUE,289.73
RTG5553220,TRAV,120292,New,4/1/2025,4/1/2026,4/1/2025,12,Personal Auto,Private Passenger Auto,John Alvarez,john.alvarez@customer.net,"14539 Justin Rapids, West Taylor, VA 10581",VA,"14539 Justin Rapids, West Taylor, VA 10581",3,3,,,,25/50,25000,500,1000,1225.15,1225.15,919.7,Direct Bill,,,FALSE,TRUE,305.45
FMA6591161,TRAV,120291,New,4/1/2025,4/1/2026,4/1/2025,12,Personal Auto,Private Passenger Auto,Wendy Nolan,wendy.nolan@example.com,"54042 Ellison Crossroad Apt. 098, South Timothy, IA 73078",IA,"8938 Mathews Passage, Ashleychester, GA 44285",2,3,,,,50/100,50000,500,2500,3125.31,3125.31,2346.12,Agency Bill,,,FALSE,TRUE,779.19
CGR4461985,HART,120180,Renewal,4/1/2025,4/1/2026,4/1/2025,12,WC,Workers Compensation,John French,john.french@customer.net,"134 Thompson Estate, Leonardport, AL 27973",AL,"5761 Wilson Roads Suite 165, Port Williambury, VT 83372",,,,,,,,,,6594.55,6594.55,4950.43,Direct Bill,,,FALSE,TRUE,1644.12
RSR6418936,TRAV,120289,Renewal,4/1/2025,4/1/2026,4/1/2025,12,WC,Workers Compensation,Kaitlyn Holland,kaitlyn.holland@customer.net,"19667 Andrea Harbor Apt. 749, New Reneeport, AL 26671",AL,"19667 Andrea Harbor Apt. 749, New Reneeport, AL 26671",,,,,,,,,,12405.79,12405.79,9312.84,Direct Bill,,,FALSE,TRUE,3092.95
GDM0136710,ALLS,120189,Renewal,4/1/2025,4/1/2026,4/1/2025,12,Homeowners,HO3,Sarah Bryan,sarah.bryan@customer.net,"6398 Smith Locks Suite 742, East Susanhaven, MP 29733",MP,"6398 Smith Locks Suite 742, East Susanhaven, MP 29733",,,2011,Frame,3,,,,,1344.52,1344.52,1009.31,Direct Bill,,,FALSE,TRUE,335.21
CNS0195902,PRGS,120064,Renewal,4/1/2025,4/1/2026,4/1/2025,12,Personal Auto,Private Passenger Auto,Jesus Webb,jesus.webb@customer.net,"870 Morgan Track Suite 421, Jayton, MD 55984",MD,"870 Morgan Track Suite 421, Jayton, MD 55984",3,1,,,,50/100,100000,500,500,1058.68,1058.68,794.74,Direct Bill,,,FALSE,TRUE,263.94
ABR1828525,LIBM,120037,New,4/1/2025,4/1/2026,4/1/2025,12,Personal Auto,Private Passenger Auto,Emily Ponce,emily.ponce@policyhub.org,"0939 Black Ways Suite 179, Bernardton, WI 90158",WI,"71043 Mark Manors, East James, IL 36550",4,3,,,,50/100,25000,500,500,4000,4000,3002.74,Direct Bill,,,FALSE,TRUE,997.26
ZKH7230056,LIBM,120180,Renewal,4/1/2025,4/1/2026,4/1/2025,12,Personal Auto,Private Passenger Auto,Matthew Hart,matthew.hart@policyhub.org,"430 Wayne Extensions Apt. 087, Port Becky, IN 62557",IN,"73436 William Forge, Wallaceland, MA 25805",2,3,,,,50/100,50000,1000,2500,1044.39,1044.39,784.01,Direct Bill,,,FALSE,TRUE,260.38
NXD4154485,HART,120215,New,4/1/2025,4/1/2026,4/1/2025,12,Personal Auto,Private Passenger Auto,Debra Wilson,debra.wilson@example.com,"2856 Wagner Route, West Michael, WY 96185",WY,"2856 Wagner Route, West Michael, WY 96185",3,1,,,,50/100,100000,500,500,654.75,654.75,491.51,Agency Bill,,,FALSE,TRUE,163.24
KKH6104787,TRAV,120261,Renewal,4/1/2025,4/1/2026,4/1/2025,12,Personal Auto,Private Passenger Auto,Dana Shaw,dana.shaw@customer.net,"4006 Kimberly Views, Lake Jeremyview, GU 75236",GU,"4006 Kimberly Views, Lake Jeremyview, GU 75236",3,2,,,,50/100,25000,1000,1000,2143.53,2143.53,1609.12,Agency Bill,,,FALSE,FALSE,534.41
FLY6689900,FARM,120280,Renewal,4/1/2025,4/1/2026,4/1/2025,12,Homeowners,HO3,Cody King,cody.king@customer.net,"725 Timothy Roads, South Kathleen, VA 61115",VA,"725 Timothy Roads, South Kathleen, VA 61115",,,1982,Frame,6,,,,,597.79,597.79,448.75,Direct Bill,,,FALSE,TRUE,149.04
RFY8843628,ALLS,120132,Renewal,4/1/2025,4/1/2026,4/1/2025,12,BOP,Businessowners,Marissa Moreno,marissa.moreno@insmail.com,"0833 Christopher Stravenue Suite 034, East Matthewton, IA 87206",IA,"0833 Christopher Stravenue Suite 034, East Matthewton, IA 87206",,,,Masonry,3,,,,,3411.77,3411.77,2561.16,Direct Bill,,,FALSE,TRUE,850.61
XXS3004090,CHUB,120043,Renewal,4/1/2025,4/1/2026,4/1/2025,12,Umbrella,Personal Umbrella,Michael Miller,michael.miller@policyhub.org,"5658 Savannah Mission Suite 728, Wheelerfurt, IL 16658",IL,"5658 Savannah Mission Suite 728, Wheelerfurt, IL 16658",,,,,,,,,,487.88,487.88,366.24,Agency Bill,,,FALSE,TRUE,121.64
HAR1226146,PRGS,120246,Renewal,4/1/2025,4/1/2026,4/1/2025,12,Homeowners,HO3,Janet Moore,janet.moore@example.com,"91662 Michelle Grove, Timothyton, OH 35022",OH,"89275 Allen Burgs Suite 620, Danielview, ND 85168",,,2007,Frame,8,,,,,2041.71,2041.71,1532.68,Agency Bill,,,FALSE,TRUE,509.03
WYP4327604,CHUB,120224,New,4/1/2025,4/1/2026,4/1/2025,12,Personal Auto,Private Passenger Auto,Ruth Murillo,ruth.murillo@mail.com,"55773 Donna Motorway, Lake Jacobfort, CO 31258",CO,"55773 Donna Motorway, Lake Jacobfort, CO 31258",4,1,,,,50/100,25000,500,250,1219.94,1219.94,915.79,Direct Bill,,,FALSE,TRUE,304.15
YZG5590549,CHUB,120221,Renewal,4/1/2025,4/1/2026,4/1/2025,12,BOP,Businessowners,Edward Harrison,edward.harrison@customer.net,"4864 Juan Mews, Johnsonchester, ND 31498",ND,"4864 Juan Mews, Johnsonchester, ND 31498",,,,Fire Resistive,6,,,,,2429.85,2429.85,1824.05,Agency Bill,,,FALSE,TRUE,605.8
ATT0013289,GEIC,120270,Renewal,4/1/2025,4/1/2026,4/1/2025,12,BOP,Businessowners,Amber Stone,amber.stone@customer.net,"16525 Klein Trace, Raymondside, MH 14285",MH,"16525 Klein Trace, Raymondside, MH 14285",,,,Frame,2,,,,,1550.6,1550.6,1164.01,Direct Bill,,,FALSE,FALSE,386.59
PVX6752232,GEIC,120010,Renewal,4/1/2025,4/1/2026,4/1/2025,12,BOP,Businessowners,Anna Harris,anna.harris@mail.com,"2321 Blankenship Knoll, West Tammymouth, KY 47199",KY,"2321 Blankenship Knoll, West Tammymouth, KY 47199",,,,Masonry Veneer,5,,,,,2075.16,2075.16,1557.79,Agency Bill,,,FALSE,TRUE,517.37
CTB0802287,AMFA,120194,Renewal,4/1/2025,4/1/2026,4/1/2025,12,Homeowners,HO3,Connor Simmons,connor.simmons@customer.net,"780 King Wells, Traceymouth, GU 67751",GU,"780 King Wells, Traceymouth, GU 67751",,,2007,Fire Resistive,6,,,,,5229.27,5229.27,3925.53,Agency Bill,,,FALSE,TRUE,1303.74
CKD2998010,PRGS,120246,New,4/1/2025,4/1/2026,4/1/2025,12,Personal Auto,Private Passenger Auto,Michael Wolf,michael.wolf@customer.net,"386 Erica Underpass, East Rodneychester, WA 12547",WA,"386 Erica Underpass, East Rodneychester, WA 12547",2,1,,,,50/100,100000,1000,1000,1034.25,1034.25,776.4,Direct Bill,,,FALSE,TRUE,257.85
FNZ4555883,GEIC,120169,Renewal,4/1/2025,4/1/2026,4/1/2025,12,BOP,Businessowners,Norman Anderson,norman.anderson@customer.net,"6223 Gabriel Neck Suite 392, Port Matthewview, AK 16828",AK,"014 Taylor Park, East Eric, MI 55055",,,,Fire Resistive,5,,,,,5921.46,5921.46,4445.15,Agency Bill,,,FALSE,TRUE,1476.31
BXN5560827,ALLS,120242,Reinstate,4/1/2025,4/1/2026,6/4/2025,12,Package,Commercial Package,Jose Colon,jose.colon@policyhub.org,"33215 Keller Grove, Meyerville, WV 44837",WV,"33215 Keller Grove, Meyerville, WV 44837",,,,Joisted Masonry,6,,,,,10740.29,0,8062.57,Agency Bill,,8/19/2022,FALSE,TRUE,2677.72
SND6536632,PRGS,120192,New,4/1/2025,4/1/2026,4/1/2025,12,Personal Auto,Private Passenger Auto,Garrett Moreno,garrett.moreno@customer.net,"67739 Clinton Avenue, Kingchester, ID 04208",ID,"67739 Clinton Avenue, Kingchester, ID 04208",1,2,,,,50/100,50000,250,1000,1934.94,1934.94,1452.53,Direct Bill,,,FALSE,TRUE,482.41
ZPT4574386,CHUB,120237,New,4/1/2025,4/1/2026,4/1/2025,12,Personal Auto,Private Passenger Auto,Nicholas Reeves,nicholas.reeves@policyhub.org,"7393 Amber Ramp Suite 326, North Kenneth, AS 65827",AS,"7393 Amber Ramp Suite 326, North Kenneth, AS 65827",2,1,,,,25/50,250000,2500,500,1344.39,1344.39,1009.21,Direct Bill,,,FALSE,TRUE,335.18
VWV4514202,NATI,120228,Renewal,4/1/2025,4/1/2026,4/1/2025,12,BOP,Businessowners,John Hobbs,john.hobbs@insmail.com,"92449 Kerr Plains, East Brandonchester, IA 45497",IA,"86022 Robles Circles Apt. 790, Jacquelinemouth, GU 55424",,,,Frame,5,,,,,2075.25,2075.25,1557.86,Direct Bill,,,FALSE,TRUE,517.39
LVH4963119,PRGS,120199,New,4/1/2025,4/1/2026,4/1/2025,12,Personal Auto,Private Passenger Auto,Stephen Williams,stephen.williams@mail.com,"10203 Lewis Square Suite 898, Myersfurt, IA 77590",IA,"10203 Lewis Square Suite 898, Myersfurt, IA 77590",2,2,,,,25/50,250000,500,1000,1295.3,1295.3,972.36,Agency Bill,,,FALSE,FALSE,322.94
EBC6501641,NATI,120171,Cancel,4/1/2025,6/10/2025,6/10/2025,12,Package,Commercial Package,Devin Mason,devin.mason@insmail.com,"486 Newton Trafficway, East Richard, PA 54642",PA,"486 Newton Trafficway, East Richard, PA 54642",,,,Frame,8,,,,,5696.39,0,5696.39,Direct Bill,11/29/2023,,FALSE,TRUE,0
EPL3125172,CHUB,120153,Renewal,4/1/2025,4/1/2026,4/1/2025,12,Personal Auto,Private Passenger Auto,Daniel Marshall,daniel.marshall@example.com,"60600 Ruiz River Apt. 918, Juanmouth, TN 08475",TN,"60600 Ruiz River Apt. 918, Juanmouth, TN 08475",1,2,,,,50/100,100000,250,500,1096.35,1096.35,823.01,Direct Bill,,,FALSE,TRUE,273.34
CGJ2045035,GEIC,120114,Renewal,4/1/2025,4/1/2026,4/1/2025,12,Homeowners,HO3,Eric English,eric.english@mail.com,"7154 Pamela Branch Apt. 617, Port Catherine, WA 70825",WA,"7154 Pamela Branch Apt. 617, Port Catherine, WA 70825",,,2004,Masonry,8,,,,,1382.12,1382.12,1037.54,Direct Bill,,,FALSE,TRUE,344.58
XTU0979581,TRAV,120224,Renewal,4/1/2025,4/1/2026,4/1/2025,12,BOP,Businessowners,Stephanie Richardson,stephanie.richardson@example.com,"5709 Owens Alley, North Jacobmouth, SD 73801",SD,"5709 Owens Alley, North Jacobmouth, SD 73801",,,,Masonry,6,,,,,5669.56,5669.56,4256.05,Direct Bill,,,FALSE,TRUE,1413.51
VAG6357407,NATI,120199,Endorsement,4/1/2025,4/1/2026,6/17/2025,12,Umbrella,Personal Umbrella,William Gates,william.gates@mail.com,"803 Carter Keys, Murphyshire, CT 89490",CT,"803 Carter Keys, Murphyshire, CT 89490",,,,,,,,,,493.55,-62.48,370.5,Agency Bill,,,FALSE,TRUE,123.05
AMD3364997,ALLS,120044,Renewal,4/1/2025,4/1/2026,4/1/2025,12,BOP,Businessowners,Arthur Carlson,arthur.carlson@policyhub.org,"427 Hobbs Ridge, Johnsonland, IL 19070",IL,"427 Hobbs Ridge, Johnsonland, IL 19070",,,,Masonry Veneer,7,,,,,3730.4,3730.4,2800.36,Direct Bill,,,FALSE,TRUE,930.04
RCP4033838,HART,120023,Cancel,4/1/2025,1/6/2026,1/6/2026,12,Package,Commercial Package,Matthew Gutierrez,matthew.gutierrez@customer.net,"0787 Jessica Tunnel, Port David, NJ 27670",NJ,"0787 Jessica Tunnel, Port David, NJ 27670",,,,Frame,7,,,,,4895.61,0,4790.7,Agency Bill,12/28/2023,,FALSE,TRUE,104.91
UNP4716631,AMFA,120191,New,4/1/2025,4/1/2026,4/1/2025,12,Personal Auto,Private Passenger Auto,Frank Ryan,frank.ryan@policyhub.org,"51606 Rogers Locks Suite 331, Kimberlyport, NC 20249",NC,"3909 Rivera Trail Suite 348, New Kylefurt, VT 24192",1,1,,,,50/100,100000,2500,500,530.52,530.52,398.25,Direct Bill,,,FALSE,TRUE,132.27
LJN3354155,PRGS,120286,Renewal,4/1/2025,4/1/2026,4/1/2025,12,BOP,Businessowners,Christina Perez,christina.perez@example.com,"3888 Roman Parkway Apt. 881, New Michaelville, UT 81071",UT,"6001 Chapman Station Apt. 569, New Rickyland, IA 47338",,,,Masonry,8,,,,,8315.2,8315.2,6242.1,Direct Bill,,,FALSE,TRUE,2073.1
MCM8731118,PRGS,120204,Renewal,4/1/2025,4/1/2026,4/1/2025,12,WC,Workers Compensation,John Miller,john.miller@customer.net,"024 Katrina Mills Suite 466, Micheleberg, NV 92320",NV,"024 Katrina Mills Suite 466, Micheleberg, NV 92320",,,,,,,,,,3644.42,3644.42,2735.81,Direct Bill,,,FALSE,TRUE,908.61
HML8397519,AMFA,120097,Renewal,4/1/2025,4/1/2026,4/1/2025,12,BOP,Businessowners,Charles Wood,charles.wood@policyhub.org,"892 Brittney Estate Suite 368, West Marvin, PW 51083",PW,"892 Brittney Estate Suite 368, West Marvin, PW 51083",,,,Fire Resistive,9,,,,,11458.35,11458.35,8601.61,Direct Bill,,,FALSE,TRUE,2856.74
CGS7277439,CHUB,120222,New,4/1/2025,4/1/2026,4/1/2025,12,Personal Auto,Private Passenger Auto,Ricky White,ricky.white@example.com,"831 Jennifer Crescent, North Julie, NH 74752",NH,"831 Jennifer Crescent, North Julie, NH 74752",2,2,,,,50/100,100000,1000,2500,1442.56,1442.56,1082.91,Direct Bill,,,FALSE,TRUE,359.65
SXY1984372,GEIC,120052,Endorsement,4/1/2025,4/1/2026,4/23/2025,12,Umbrella,Personal Umbrella,Barbara Fry,barbara.fry@example.com,"3614 James Neck Apt. 110, South Joseph, VA 01462",VA,"13782 Vasquez Extension, Parkerside, IL 20877",,,,,,,,,,955.47,5.48,717.26,Direct Bill,,,FALSE,TRUE,238.21
KRN0703734,TRAV,120279,New,4/1/2025,4/1/2026,4/1/2025,12,Personal Auto,Private Passenger Auto,Alexandria Morris,alexandria.morris@customer.net,"459 Jeffrey Locks, West Daniel, NM 54941",NM,"459 Jeffrey Locks, West Daniel, NM 54941",2,1,,,,50/100,100000,1000,500,1130.74,1130.74,848.83,Direct Bill,,,FALSE,TRUE,281.91
NSE2172826,ALLS,120166,Renewal,4/1/2025,4/1/2026,4/1/2025,12,BOP,Businessowners,Heather Barker,heather.barker@customer.net,"217 Robert Road Suite 539, Calebburgh, IL 85251",IL,"217 Robert Road Suite 539, Calebburgh, IL 85251",,,,Masonry Veneer,5,,,,,4335.1,4335.1,3254.29,Direct Bill,,,FALSE,FALSE,1080.81
CFW0651119,NATI,120140,Renewal,4/1/2025,4/1/2026,4/1/2025,12,Personal Auto,Private Passenger Auto,Kenneth Spears,kenneth.spears@customer.net,"299 Galloway Spring, Lake Thomasberg, MI 60335",MI,"8156 Christopher Crossroad, Kaufmanport, ID 37205",2,3,,,,50/100,25000,500,1000,2046.46,2046.46,1536.25,Direct Bill,,,FALSE,TRUE,510.21
DFW9427110,TRAV,120071,New,4/1/2025,4/1/2026,4/1/2025,12,Personal Auto,Private Passenger Auto,Samuel Nunez,samuel.nunez@mail.com,"87264 Todd Ports Suite 604, North Craig, KY 85801",KY,"87264 Todd Ports Suite 604, North Craig, KY 85801",1,2,,,,25/50,100000,250,500,883.07,883.07,662.91,Direct Bill,,,FALSE,TRUE,220.16
SKS7327646,PRGS,120213,Endorsement,4/1/2025,4/1/2026,3/27/2026,12,Umbrella,Personal Umbrella,Rhonda Owens,rhonda.owens@example.com,"311 James Bypass, Campbellview, KS 59435",KS,"311 James Bypass, Campbellview, KS 59435",,,,,,,,,,319.48,11.17,239.83,Direct Bill,,,FALSE,FALSE,79.65
BHN2710517,TRAV,120288,New,4/1/2025,4/1/2026,4/1/2025,12,Personal Auto,Private Passenger Auto,Jason Jones,jason.jones@example.com,"650 Kimberly Summit, South Michael, SC 58344",SC,"650 Kimberly Summit, South Michael, SC 58344",3,2,,,,50/100,100000,2500,500,1861.96,1861.96,1397.75,Direct Bill,,,FALSE,TRUE,464.21
ECF5603714,FARM,120018,New,4/1/2025,4/1/2026,4/1/2025,12,Personal Auto,Private Passenger Auto,Brendan Moreno,brendan.moreno@mail.com,"698 Julie Islands, Pinedaside, CT 28564",CT,"338 Cooper Oval, Port Keithberg, DC 87935",3,4,,,,50/100,100000,500,2500,2218.43,2218.43,1665.34,Direct Bill,,,FALSE,TRUE,553.09
XAL8353277,TRAV,120168,New,4/1/2025,4/1/2026,4/1/2025,12,Personal Auto,Private Passenger Auto,James Proctor,james.proctor@example.com,"8188 Madison Parkways Apt. 825, Reynoldsfurt, FL 95416",FL,"8188 Madison Parkways Apt. 825, Reynoldsfurt, FL 95416",2,2,,,,25/50,100000,500,500,839.42,839.42,630.14,Agency Bill,,,FALSE,TRUE,209.28
NWX8792806,TRAV,120135,Renewal,4/1/2025,4/1/2026,4/1/2025,12,Homeowners,HO3,Justin Velasquez,justin.velasquez@policyhub.org,"03556 Stevenson Fords, Escobartown, MT 79089",MT,"03556 Stevenson Fords, Escobartown, MT 79089",,,1989,Joisted Masonry,5,,,,,943.28,943.28,708.11,Direct Bill,,,FALSE,TRUE,235.17
DHD3190169,TRAV,120296,Endorsement,4/1/2025,4/1/2026,5/1/2025,12,Umbrella,Personal Umbrella,Kayla Lopez,kayla.lopez@customer.net,"371 White Points Apt. 398, Jasonton, MD 10830",MD,"371 White Points Apt. 398, Jasonton, MD 10830",,,,,,,,,,559.57,42.89,420.06,Direct Bill,,,FALSE,TRUE,139.51
WHC3864021,FARM,120004,Renewal,4/1/2025,4/1/2026,4/1/2025,12,Homeowners,HO3,Elizabeth Burgess,elizabeth.burgess@insmail.com,"541 Stacy Squares Apt. 700, Sarahmouth, AS 65986",AS,"541 Stacy Squares Apt. 700, Sarahmouth, AS 65986",,,2012,Non-Combustible,5,,,,,2657.22,2657.22,1994.74,Agency Bill,,,FALSE,FALSE,662.48
FSN9921338,AMFA,120224,Renewal,4/1/2025,4/1/2026,4/1/2025,12,Homeowners,HO3,Joseph Vazquez,joseph.vazquez@example.com,"37485 Jacobs Coves Apt. 147, West Brendaberg, HI 21119",HI,"37485 Jacobs Coves Apt. 147, West Brendaberg, HI 21119",,,1992,Joisted Masonry,7,,,,,1428.03,1428.03,1072,Agency Bill,,,FALSE,TRUE,356.03
JJC7897562,TRAV,120292,New,4/1/2025,4/1/2026,4/1/2025,12,Personal Auto,Private Passenger Auto,Kevin Edwards,kevin.edwards@mail.com,"07187 Moore Wall, East Michaeltown, WI 07799",WI,"07187 Moore Wall, East Michaeltown, WI 07799",2,2,,,,50/100,100000,1000,250,2084.65,2084.65,1564.92,Agency Bill,,,FALSE,TRUE,519.73
KRE3368551,HART,120170,Renewal,4/1/2025,4/1/2026,4/1/2025,12,BOP,Businessowners,Sean Turner,sean.turner@mail.com,"203 Colton Estates Suite 393, South Claire, OK 51795",OK,"203 Colton Estates Suite 393, South Claire, OK 51795",,,,Fire Resistive,9,,,,,6446.51,6446.51,4839.3,Direct Bill,,,FALSE,TRUE,1607.21
DKT3266705,HART,120247,New,4/1/2025,4/1/2026,4/1/2025,12,Personal Auto,Private Passenger Auto,Brianna Johnson,brianna.johnson@insmail.com,"6685 Crawford Land Suite 273, Elizabethbury, VI 04165",VI,"6685 Crawford Land Suite 273, Elizabethbury, VI 04165",4,4,,,,25/50,25000,500,1000,1881.29,1881.29,1412.26,Direct Bill,,,FALSE,TRUE,469.03
BXF1425629,ALLS,120120,New,4/1/2025,4/1/2026,4/1/2025,12,Personal Auto,Private Passenger Auto,Kiara Jones,kiara.jones@mail.com,"6912 Meyer Gateway Apt. 600, Port Tammymouth, NC 68656",NC,"6912 Meyer Gateway Apt. 600, Port Tammymouth, NC 68656",3,3,,,,25/50,100000,500,1000,2477.75,2477.75,1860.01,Direct Bill,,,FALSE,TRUE,617.74
TWD2745833,ALLS,120047,New,4/1/2025,4/1/2026,4/1/2025,12,Personal Auto,Private Passenger Auto,Jessica Brown,jessica.brown@insmail.com,"0680 Thomas Station, Serranoville, AS 26253",AS,"0680 Thomas Station, Serranoville, AS 26253",1,1,,,,50/100,500000,500,500,1285.66,1285.66,965.13,Direct Bill,,,FALSE,TRUE,320.53
PHZ3554362,LIBM,120138,Renewal,4/1/2025,4/1/2026,4/1/2025,12,Homeowners,HO3,Joseph Davis,joseph.davis@policyhub.org,"3955 Denise Vista, Lake Russell, AK 97842",AK,"3955 Denise Vista, Lake Russell, AK 97842",,,2011,Masonry,7,,,,,1402.85,1402.85,1053.1,Agency Bill,,,FALSE,TRUE,349.75
RSU4979202,NATI,120120,Renewal,4/1/2025,4/1/2026,4/1/2025,12,Homeowners,HO3,Robert Ray,robert.ray@mail.com,"4132 Powell Square, Jessehaven, ID 67079",ID,"4132 Powell Square, Jessehaven, ID 67079",,,2004,Frame,4,,,,,1618.66,1618.66,1215.1,Agency Bill,,,FALSE,TRUE,403.56
GGY4464039,PRGS,120173,New,4/1/2025,4/1/2026,4/1/2025,12,Personal Auto,Private Passenger Auto,Elijah Byrd,elijah.byrd@policyhub.org,"1362 Mary Road, Port Denisefort, WI 89932",WI,"1362 Mary Road, Port Denisefort, WI 89932",1,3,,,,50/100,25000,2500,500,2601.74,2601.74,1953.09,Direct Bill,,,FALSE,TRUE,648.65
VZF5646381,LIBM,120037,New,4/1/2025,4/1/2026,4/1/2025,12,Personal Auto,Private Passenger Auto,Sean Williams,sean.williams@customer.net,"92072 Erica Haven Apt. 558, West Jessica, WA 82468",WA,"92072 Erica Haven Apt. 558, West Jessica, WA 82468",1,2,,,,50/100,25000,2500,500,1234.26,1234.26,926.54,Direct Bill,,,FALSE,TRUE,307.72
EWW4066133,NATI,120239,New,4/1/2025,4/1/2026,4/1/2025,12,Personal Auto,Private Passenger Auto,Lori Hart,lori.hart@customer.net,"1744 Fletcher Greens Apt. 901, South Shirleytown, MH 81744",MH,"1744 Fletcher Greens Apt. 901, South Shirleytown, MH 81744",2,2,,,,25/50,100000,250,2500,1084.88,1084.88,814.4,Agency Bill,,,FALSE,TRUE,270.48
DZA4911594,LIBM,120276,Endorsement,4/1/2025,4/1/2026,8/16/2025,12,Umbrella,Personal Umbrella,William Ware,william.ware@mail.com,"73787 Rhonda Stravenue Apt. 254, Schultzfort, NH 23816",NH,"73787 Rhonda Stravenue Apt. 254, Schultzfort, NH 23816",,,,,,,,,,444.86,25.8,333.95,Agency Bill,,,FALSE,TRUE,110.91
BHB9606177,CHUB,120078,Endorsement,4/1/2025,4/1/2026,2/9/2026,12,Umbrella,Personal Umbrella,Anne Garcia,anne.garcia@example.com,"74378 Eric Port, Doriston, MN 93757",MN,"74378 Eric Port, Doriston, MN 93757",,,,,,,,,,560.41,12.38,420.69,Direct Bill,,,FALSE,TRUE,139.72
FVT9989085,TRAV,120188,New,4/1/2025,4/1/2026,4/1/2025,12,Personal Auto,Private Passenger Auto,Sherry Garcia,sherry.garcia@example.com,"665 Doyle Branch Apt. 533, Murphyfurt, VT 87868",VT,"665 Doyle Branch Apt. 533, Murphyfurt, VT 87868",2,2,,,,50/100,250000,500,500,800.86,800.86,601.19,Direct Bill,,,FALSE,TRUE,199.67
LNN5664883,PRGS,120288,Renewal,4/1/2025,4/1/2026,4/1/2025,12,Personal Auto,Private Passenger Auto,Betty Matthews,betty.matthews@example.com,"14994 Martin Viaduct, West Anthony, SD 70432",SD,"14994 Martin Viaduct, West Anthony, SD 70432",1,3,,,,50/100,100000,250,1000,1339.32,1339.32,1005.41,Direct Bill,,,FALSE,TRUE,333.91
UUG8558345,NATI,120265,Renewal,4/1/2025,4/1/2026,4/1/2025,12,BOP,Businessowners,Victor Burke,victor.burke@example.com,"293 Jennifer Bridge Apt. 558, Zamoraport, AL 85558",AL,"00465 Zachary Locks Suite 458, Steinbury, AR 14606",,,,Frame,5,,,,,5207.97,5207.97,3909.54,Agency Bill,,,FALSE,TRUE,1298.43
EBS2411911,AMFA,120097,Renewal,4/1/2025,4/1/2026,4/1/2025,12,BOP,Businessowners,Anthony Howell,anthony.howell@policyhub.org,"04230 Megan Valleys Apt. 838, North Laura, AR 82602",AR,"04230 Megan Valleys Apt. 838, North Laura, AR 82602",,,,Masonry Veneer,9,,,,,3946.43,3946.43,2962.53,Agency Bill,,,FALSE,FALSE,983.9
CUX3573457,TRAV,120235,Renewal,4/1/2025,4/1/2026,4/1/2025,12,Homeowners,HO3,Emily Fields,emily.fields@policyhub.org,"900 Steven Views Suite 991, Jamiebury, OH 49858",OH,"900 Steven Views Suite 991, Jamiebury, OH 49858",,,2004,Joisted Masonry,2,,,,,893.93,893.93,671.06,Agency Bill,,,FALSE,TRUE,222.87
VUU7587901,GEIC,120015,Cancel,4/1/2025,1/17/2026,1/17/2026,12,Package,Commercial Package,Lance Smith,lance.smith@example.com,"7141 Samuel Meadows Suite 422, Port Kimberly, CT 83342",CT,"7141 Samuel Meadows Suite 422, Port Kimberly, CT 83342",,,,Non-Combustible,8,,,,,12871.51,0,12119.57,Direct Bill,11/4/2021,,FALSE,TRUE,751.94
LMW8077674,GEIC,120037,New,4/1/2025,4/1/2026,4/1/2025,12,Personal Auto,Private Passenger Auto,Walter Nunez,walter.nunez@customer.net,"506 Tom Mission Suite 342, Chasetown, IA 96594",IA,"506 Tom Mission Suite 342, Chasetown, IA 96594",1,4,,,,25/50,250000,500,500,1609.28,1609.28,1208.06,Direct Bill,,,FALSE,TRUE,401.22
CYA8701560,FARM,120222,Renewal,4/1/2025,4/1/2026,4/1/2025,12,WC,Workers Compensation,Maria Edwards,maria.edwards@mail.com,"5675 Dennis Canyon Suite 601, Micheleshire, MN 50145",MN,"5675 Dennis Canyon Suite 601, Micheleshire, MN 50145",,,,,,,,,,25000,25000,18767.12,Direct Bill,,,FALSE,TRUE,6232.88
SWC8006910,CHUB,120156,Cancel,4/1/2025,4/21/2025,4/21/2025,12,Package,Commercial Package,Wendy Williams,wendy.williams@policyhub.org,"9958 Brian Union, Johnburgh, RI 74423",RI,"9958 Brian Union, Johnburgh, RI 74423",,,,Non-Combustible,5,,,,,3000,0,3000,Direct Bill,4/5/2024,,FALSE,TRUE,0
YJE6544704,AMFA,120096,Endorsement,4/1/2025,4/1/2026,2/18/2026,12,Umbrella,Personal Umbrella,Justin Campbell,justin.campbell@example.com,"029 Salinas Forge Apt. 266, Mcfarlandmouth, ND 19062",ND,"029 Salinas Forge Apt. 266, Mcfarlandmouth, ND 19062",,,,,,,,,,372.38,-5.41,279.54,Direct Bill,,,FALSE,TRUE,92.84
XHK3245863,TRAV,120047,Reinstate,4/1/2025,4/1/2026,6/29/2025,12,Package,Commercial Package,Ronald Durham,ronald.durham@mail.com,"450 Joshua Station, Joshuaside, WV 61982",WV,"89226 Tristan Pike, Port Wendy, OK 06887",,,,Fire Resistive,4,,,,,8580.1,0,6440.95,Agency Bill,,1/4/2022,FALSE,TRUE,2139.15
MGR2716129,TRAV,120053,Renewal,4/1/2025,4/1/2026,4/1/2025,12,WC,Workers Compensation,Robert Taylor,robert.taylor@customer.net,"1377 Carson Parkways, Andersonhaven, HI 02800",HI,"1377 Carson Parkways, Andersonhaven, HI 02800",,,,,,,,,,2000,2000,1501.37,Agency Bill,,,FALSE,FALSE,498.63
HYK0789273,GEIC,120126,New,4/1/2025,4/1/2026,4/1/2025,12,Personal Auto,Private Passenger Auto,Brandy Ward,brandy.ward@policyhub.org,"9212 Carla Radial, Maryhaven, TN 08059",TN,"53287 Francis Tunnel, Port Joshua, PR 66814",2,1,,,,25/50,100000,1000,250,916.35,916.35,687.89,Agency Bill,,,FALSE,TRUE,228.46
NKF3838599,GEIC,120291,Renewal,4/1/2025,4/1/2026,4/1/2025,12,BOP,Businessowners,Karen Houston,karen.houston@mail.com,"642 Jenna Square Apt. 241, South Hunter, AS 45149",AS,"642 Jenna Square Apt. 241, South Hunter, AS 45149",,,,Joisted Masonry,8,,,,,1513.7,1513.7,1136.31,Agency Bill,,,FALSE,FALSE,377.39
TXB9168484,CHUB,120212,Renewal,4/1/2025,4/1/2026,4/1/2025,12,Homeowners,HO3,Kevin Guzman,kevin.guzman@customer.net,"81378 Edward Villages Apt. 321, East Chase, TX 42716",TX,"81378 Edward Villages Apt. 321, East Chase, TX 42716",,,1973,Non-Combustible,7,,,,,2821.91,2821.91,2118.37,Direct Bill,,,FALSE,TRUE,703.54
HXV7897828,ALLS,120181,Renewal,4/1/2025,4/1/2026,4/1/2025,12,BOP,Businessowners,Wendy Thomas,wendy.thomas@customer.net,"2010 Jennifer Meadow, Meyerside, GA 35265",GA,"2010 Jennifer Meadow, Meyerside, GA 35265",,,,Frame,6,,,,,8826.27,8826.27,6625.75,Agency Bill,,,FALSE,TRUE,2200.52
MUY0561763,PRGS,120238,Renewal,4/1/2025,4/1/2026,4/1/2025,12,WC,Workers Compensation,Teresa Henry,teresa.henry@example.com,"78089 Michele Crescent, Caldwellbury, VI 93656",VI,"78089 Michele Crescent, Caldwellbury, VI 93656",,,,,,,,,,20862.73,20862.73,15661.34,Direct Bill,,,FALSE,TRUE,5201.39
KZJ6499323,LIBM,120006,Renewal,4/1/2025,4/1/2026,4/1/2025,12,WC,Workers Compensation,Regina Martinez,regina.martinez@example.com,"4715 Jones Inlet Apt. 380, Amystad, KS 92273",KS,"4715 Jones Inlet Apt. 380, Amystad, KS 92273",,,,,,,,,,2000,2000,1501.37,Agency Bill,,,FALSE,TRUE,498.63
YVR4749951,HART,120235,New,4/1/2025,4/1/2026,4/1/2025,12,Personal Auto,Private Passenger Auto,Benjamin Bailey,benjamin.bailey@insmail.com,"978 Campbell Avenue, Dennistown, ID 66735",ID,"978 Campbell Avenue, Dennistown, ID 66735",2,2,,,,50/100,100000,1000,1000,2326.4,2326.4,1746.39,Direct Bill,,,FALSE,TRUE,580.01
ZHE7244927,ALLS,120154,Renewal,4/1/2025,4/1/2026,4/1/2025,12,BOP,Businessowners,Kathy Farrell,kathy.farrell@policyhub.org,"657 Rickey Walk, West Stephen, HI 78065",HI,"657 Rickey Walk, West Stephen, HI 78065",,,,Non-Combustible,4,,,,,1528.72,1528.72,1147.59,Agency Bill,,,FALSE,TRUE,381.13
NBF5998040,TRAV,120097,Renewal,4/1/2025,4/1/2026,4/1/2025,12,BOP,Businessowners,Tina Simpson,tina.simpson@insmail.com,"145 Nichole Plains, Carterside, MA 27748",MA,"145 Nichole Plains, Carterside, MA 27748",,,,Frame,6,,,,,3646.39,3646.39,2737.29,Direct Bill,,,FALSE,TRUE,909.1
XJH0685783,FARM,120060,Renewal,4/1/2025,4/1/2026,4/1/2025,12,Homeowners,HO3,Deanna Bruce,deanna.bruce@mail.com,"67855 Donna Vista Suite 750, Lake Denisebury, PW 19864",PW,"22618 Macias Rest, Schwartzchester, ME 60343",,,2004,Masonry,8,,,,,1999.23,1999.23,1500.79,Agency Bill,,,FALSE,TRUE,498.44
PUM1235071,LIBM,120086,Renewal,4/1/2025,4/1/2026,4/1/2025,12,BOP,Businessowners,Jennifer Love,jennifer.love@mail.com,"31301 Wilson Plain, South Lisa, IA 63701",IA,"31301 Wilson Plain, South Lisa, IA 63701",,,,Joisted Masonry,6,,,,,2737.01,2737.01,2054.63,Direct Bill,,,FALSE,FALSE,682.38
CZS0591306,PRGS,120174,Renewal,4/1/2025,4/1/2026,4/1/2025,12,BOP,Businessowners,Justin Johnson,justin.johnson@example.com,"399 Franklin Club, Rossmouth, WI 43243",WI,"8858 Wilkinson Pass Apt. 123, Deanfurt, NC 56573",,,,Masonry Veneer,8,,,,,4732.58,4732.58,3552.68,Agency Bill,,,FALSE,TRUE,1179.9
YPX9151421,PRGS,120012,Renewal,4/1/2025,4/1/2026,4/1/2025,12,Homeowners,HO3,Alyssa Scott,alyssa.scott@policyhub.org,"23758 Middleton Orchard Suite 132, Brewermouth, CT 03135",CT,"23758 Middleton Orchard Suite 132, Brewermouth, CT 03135",,,1974,Fire Resistive,5,,,,,1345.27,1345.27,1009.87,Agency Bill,,,FALSE,TRUE,335.4
JNY3840488,NATI,120004,Cancel,4/1/2025,5/24/2025,5/24/2025,12,Package,Commercial Package,Stacy Willis,stacy.willis@mail.com,"029 Melissa Turnpike, Gonzalezstad, NM 09086",NM,"029 Melissa Turnpike, Gonzalezstad, NM 09086",,,,Joisted Masonry,6,,,,,30000,0,30000,Direct Bill,4/14/2024,,FALSE,TRUE,0
WMN1940562,HART,120127,New,4/1/2025,4/1/2026,4/1/2025,12,Personal Auto,Private Passenger Auto,Patrick Manning,patrick.manning@policyhub.org,"7572 Haynes Estate, South Jacquelinefort, WA 86122",WA,"7572 Haynes Estate, South Jacquelinefort, WA 86122",3,2,,,,50/100,100000,500,250,3070.69,3070.69,2305.12,Direct Bill,,,FALSE,TRUE,765.57
ZMY2054476,GEIC,120107,Renewal,4/1/2025,4/1/2026,4/1/2025,12,Homeowners,HO3,Eric Richardson,eric.richardson@insmail.com,"35759 Michelle Islands Suite 630, Port Amanda, ME 64353",ME,"35759 Michelle Islands Suite 630, Port Amanda, ME 64353",,,2003,Masonry Veneer,8,,,,,1021,1021,766.45,Agency Bill,,,FALSE,TRUE,254.55
KZC7579796,LIBM,120093,Renewal,4/1/2025,4/1/2026,4/1/2025,12,Homeowners,HO3,Jessica Cooper,jessica.cooper@example.com,"685 Vance Haven Suite 345, New Toddton, LA 34326",LA,"685 Vance Haven Suite 345, New Toddton, LA 34326",,,1970,Masonry,9,,,,,1390.69,1390.69,1043.97,Direct Bill,,,FALSE,TRUE,346.72
NMY4227655,HART,120041,Endorsement,4/1/2025,4/1/2026,11/22/2025,12,Umbrella,Personal Umbrella,Brendan Khan,brendan.khan@insmail.com,"79936 Livingston Extensions Apt. 643, Kingport, NV 00985",NV,"79936 Livingston Extensions Apt. 643, Kingport, NV 00985",,,,,,,,,,363.08,-38.25,272.56,Direct Bill,,,FALSE,FALSE,90.52
YVA8014489,LIBM,120233,Renewal,4/1/2025,4/1/2026,4/1/2025,12,Homeowners,HO3,Jerry Hayden,jerry.hayden@policyhub.org,"392 Taylor Squares Suite 563, West Melissa, TN 56403",TN,"392 Taylor Squares Suite 563, West Melissa, TN 56403",,,2017,Fire Resistive,4,,,,,889.44,889.44,667.69,Agency Bill,,,FALSE,TRUE,221.75
KJT7168178,TRAV,120119,Renewal,4/1/2025,4/1/2026,4/1/2025,12,Umbrella,Personal Umbrella,Daniel Zhang,daniel.zhang@insmail.com,"13603 John Burg, Heathside, SC 50123",SC,"13603 John Burg, Heathside, SC 50123",,,,,,,,,,738.14,738.14,554.11,Direct Bill,,,FALSE,TRUE,184.03
BCL7347665,AMFA,120239,Renewal,4/1/2025,4/1/2026,4/1/2025,12,Umbrella,Personal Umbrella,Brent Peterson,brent.peterson@insmail.com,"5746 Robert Tunnel Apt. 941, East Lindafort, WV 71456",WV,"5746 Robert Tunnel Apt. 941, East Lindafort, WV 71456",,,,,,,,,,217.18,217.18,163.03,Direct Bill,,,FALSE,TRUE,54.15
FNY2864108,HART,120053,Renewal,4/1/2025,4/1/2026,4/1/2025,12,Homeowners,HO3,Juan Little,juan.little@mail.com,"5073 Tyler Lock, South Anthony, ND 67228",ND,"5073 Tyler Lock, South Anthony, ND 67228",,,1994,Non-Combustible,7,,,,,1727.53,1727.53,1296.83,Direct Bill,,,FALSE,TRUE,430.7
LVL5260459,TRAV,120230,New,4/1/2025,4/1/2026,4/1/2025,12,Personal Auto,Private Passenger Auto,James Taylor,james.taylor@insmail.com,"4402 Sutton Glens Apt. 463, Port Alanside, TN 81525",TN,"4402 Sutton Glens Apt. 463, Port Alanside, TN 81525",1,1,,,,50/100,100000,1000,500,929.75,929.75,697.95,Direct Bill,,,FALSE,TRUE,231.8
UNZ1402332,ALLS,120177,Renewal,4/1/2025,4/1/2026,4/1/2025,12,Homeowners,HO3,Sandra Tucker,sandra.tucker@example.com,"991 Solis Dam, Oneilltown, CA 55380",CA,"991 Solis Dam, Oneilltown, CA 55380",,,1977,Frame,5,,,,,1630.39,1630.39,1223.91,Direct Bill,,,FALSE,TRUE,406.48
XTT3355983,HART,120105,Renewal,4/1/2025,4/1/2026,4/1/2025,12,Homeowners,HO3,Julie Avery,julie.avery@example.com,"6121 Rodriguez Springs Suite 732, North Michaelfort, UT 76478",UT,"6121 Rodriguez Springs Suite 732, North Michaelfort, UT 76478",,,1972,Fire Resistive,7,,,,,6843.99,6843.99,5137.68,Direct Bill,,,FALSE,FALSE,1706.31
UKY2936300,LIBM,120171,New,4/1/2025,4/1/2026,4/1/2025,12,Personal Auto,Private Passenger Auto,Andrea Patrick,andrea.patrick@policyhub.org,"5501 Geoffrey Avenue, Davidhaven, PR 51240",PR,"5501 Geoffrey Avenue, Davidhaven, PR 51240",3,2,,,,25/50,50000,1000,1000,1966.04,1966.04,1475.88,Direct Bill,,,FALSE,TRUE,490.16
CGU3931872,FARM,120222,Renewal,4/1/2025,4/1/2026,4/1/2025,12,Homeowners,HO3,David Thompson,david.thompson@customer.net,"079 Martinez Run, North Erika, LA 58003",LA,"659 Richard Summit Apt. 281, Port Scott, PW 86289",,,1993,Fire Resistive,9,,,,,898.77,898.77,674.69,Direct Bill,,,FALSE,TRUE,224.08
WZY8211494,CHUB,120197,Renewal,4/1/2025,4/1/2026,4/1/2025,12,Homeowners,HO3,Patrick Ortiz,patrick.ortiz@insmail.com,"00853 Miller Mountain Suite 040, Port Thomas, CA 18387",CA,"00853 Miller Mountain Suite 040, Port Thomas, CA 18387",,,1997,Masonry Veneer,2,,,,,1576.08,1576.08,1183.14,Agency Bill,,,FALSE,TRUE,392.94
YAH8448030,PRGS,120267,New,4/1/2025,4/1/2026,4/1/2025,12,Personal Auto,Private Passenger Auto,Roger Oliver,roger.oliver@mail.com,"90328 Christie Terrace, Hartport, MT 82284",MT,"90328 Christie Terrace, Hartport, MT 82284",1,3,,,,25/50,100000,1000,1000,3424.78,3424.78,2570.93,Direct Bill,,,FALSE,TRUE,853.85
YWF3141636,PRGS,120048,Endorsement,4/1/2025,4/1/2026,8/9/2025,12,Umbrella,Personal Umbrella,Jeremy Davis,jeremy.davis@policyhub.org,"657 Roy Turnpike Suite 357, Penaport, VI 95327",VI,"657 Roy Turnpike Suite 357, Penaport, VI 95327",,,,,,,,,,360.93,-17.97,270.94,Direct Bill,,,FALSE,TRUE,89.99
ZKT2181626,PRGS,120185,Renewal,4/1/2025,4/1/2026,4/1/2025,12,WC,Workers Compensation,Sabrina Schroeder,sabrina.schroeder@insmail.com,"9240 Williams Mews, Haleshire, NM 05761",NM,"9240 Williams Mews, Haleshire, NM 05761",,,,,,,,,,5381.25,5381.25,4039.62,Direct Bill,,,FALSE,TRUE,1341.63
JHM8429907,ALLS,120286,Endorsement,4/1/2025,4/1/2026,11/13/2025,12,Umbrella,Personal Umbrella,Andrew Moore,andrew.moore@customer.net,"280 Ashlee Vista, Pamelaport, OH 76704",OH,"280 Ashlee Vista, Pamelaport, OH 76704",,,,,,,,,,555.64,-1.95,417.11,Direct Bill,,,FALSE,TRUE,138.53
BSX0781825,CHUB,120123,Renewal,4/1/2025,4/1/2026,4/1/2025,12,Homeowners,HO3,Preston Thomas,preston.thomas@policyhub.org,"158 Caroline Ways Suite 793, West Kimberly, OH 03437",OH,"158 Caroline Ways Suite 793, West Kimberly, OH 03437",,,2000,Masonry Veneer,5,,,,,2176.59,2176.59,1633.93,Direct Bill,,,FALSE,TRUE,542.66
GDV0426384,LIBM,120246,Renewal,4/1/2025,4/1/2026,4/1/2025,12,Homeowners,HO3,Michael Thomas,michael.thomas@mail.com,"572 Thornton Lane, Port Jenniferstad, PW 87885",PW,"572 Thornton Lane, Port Jenniferstad, PW 87885",,,2013,Fire Resistive,7,,,,,6589,6589,4946.26,Agency Bill,,,FALSE,TRUE,1642.74
HMB4646110,TRAV,120266,New,4/1/2025,4/1/2026,4/1/2025,12,Personal Auto,Private Passenger Auto,Alexis Burch,alexis.burch@mail.com,"2796 Calvin Row Apt. 042, Terryfort, SC 32677",SC,"2796 Calvin Row Apt. 042, Terryfort, SC 32677",2,2,,,,25/50,100000,1000,1000,2382.33,2382.33,1788.38,Agency Bill,,,FALSE,TRUE,593.95
XJJ4968708,HART,120109,Renewal,4/1/2025,4/1/2026,4/1/2025,12,BOP,Businessowners,Alexander Espinoza,alexander.espinoza@mail.com,"2996 Karen Lodge, West Saratown, MN 61243",MN,"2996 Karen Lodge, West Saratown, MN 61243",,,,Frame,3,,,,,7373.1,7373.1,5534.88,Agency Bill,,,FALSE,FALSE,1838.22
UKA7543803,FARM,120270,Renewal,4/1/2025,4/1/2026,4/1/2025,12,Homeowners,HO3,Adam Gilmore,adam.gilmore@insmail.com,"94053 Matthew Villages Apt. 299, Lake Jacqueline, ME 15171",ME,"94053 Matthew Villages Apt. 299, Lake Jacqueline, ME 15171",,,2009,Non-Combustible,4,,,,,1158.09,1158.09,869.36,Direct Bill,,,FALSE,TRUE,288.73
ARG7946609,FARM,120052,Renewal,4/1/2025,4/1/2026,4/1/2025,12,Homeowners,HO3,Christina Stark,christina.stark@policyhub.org,"1331 Sarah Courts, Jamesport, FM 47861",FM,"4207 White Field Suite 736, Clarkshire, MD 18837",,,1993,Masonry,5,,,,,1624.78,1624.78,1219.7,Direct Bill,,,FALSE,TRUE,405.08
WYD9474203,CHUB,120035,Renewal,4/1/2025,4/1/2026,4/1/2025,12,Homeowners,HO3,Wendy Phillips,wendy.phillips@example.com,"6573 Emily Walk, South Elizabethstad, NH 23715",NH,"6573 Emily Walk, South Elizabethstad, NH 23715",,,2012,Frame,5,,,,,966.83,966.83,725.78,Direct Bill,,,FALSE,TRUE,241.05
SHB9171528,GEIC,120177,Renewal,4/1/2025,4/1/2026,4/1/2025,12,Homeowners,HO3,Caroline Martinez,caroline.martinez@customer.net,"887 Cortez Crest Suite 713, Melindafurt, MP 32275",MP,"887 Cortez Crest Suite 713, Melindafurt, MP 32275",,,1998,Masonry,1,,,,,1735.2,1735.2,1302.59,Agency Bill,,,FALSE,TRUE,432.61
FFK4015155,PRGS,120097,Renewal,4/1/2025,4/1/2026,4/1/2025,12,BOP,Businessowners,Samantha Martinez,samantha.martinez@example.com,"17286 Smith Fork, South Joseph, CO 87116",CO,"9988 Robert Corners, East Kelly, AZ 23117",,,,Frame,6,,,,,12238.04,12238.04,9186.91,Agency Bill,,,FALSE,TRUE,3051.13
EBK7594489,TRAV,120153,Renewal,4/1/2025,4/1/2026,4/1/2025,12,Personal Auto,Private Passenger Auto,Ronald Rodriguez,ronald.rodriguez@example.com,"1666 Terrance Crossing, South Johnmouth, MD 59561",MD,"1666 Terrance Crossing, South Johnmouth, MD 59561",3,1,,,,50/100,100000,1000,2500,692,692,519.47,Direct Bill,,,FALSE,TRUE,172.53
BRN2659513,FARM,120178,Renewal,4/1/2025,4/1/2026,4/1/2025,12,BOP,Businessowners,Brandy Collins,brandy.collins@example.com,"01415 Peterson Track Apt. 042, Mclaughlinland, AR 14492",AR,"01415 Peterson Track Apt. 042, Mclaughlinland, AR 14492",,,,Joisted Masonry,8,,,,,7607.27,7607.27,5710.66,Agency Bill,,,FALSE,TRUE,1896.61
RJE9534969,PRGS,120044,Cancel,4/1/2025,1/18/2026,1/18/2026,12,Package,Commercial Package,Robert Williams,robert.williams@mail.com,"65497 Ball Greens Apt. 834, Markville, UT 10422",UT,"65497 Ball Greens Apt. 834, Markville, UT 10422",,,,Frame,7,,,,,5310.54,0,4983.18,Direct Bill,8/9/2024,,FALSE,TRUE,327.36
NYZ7651311,LIBM,120048,Renewal,4/1/2025,4/1/2026,4/1/2025,12,Homeowners,HO3,Robert Daniels,robert.daniels@insmail.com,"9834 Jensen Prairie Apt. 910, Jefferyfurt, WY 27480",WY,"9834 Jensen Prairie Apt. 910, Jefferyfurt, WY 27480",,,1997,Frame,7,,,,,1245.48,1245.48,934.96,Direct Bill,,,FALSE,TRUE,310.52
MWD3144363,AMFA,120109,Renewal,4/1/2025,4/1/2026,4/1/2025,12,Homeowners,HO3,Lisa Castillo,lisa.castillo@customer.net,"409 Lee Parkway Suite 538, Michaelborough, DE 30601",DE,"409 Lee Parkway Suite 538, Michaelborough, DE 30601",,,2007,Masonry Veneer,6,,,,,1053.76,1053.76,791.04,Agency Bill,,,FALSE,FALSE,262.72
VUE9109208,HART,120234,Renewal,4/1/2025,4/1/2026,4/1/2025,12,BOP,Businessowners,Felicia Wiley,felicia.wiley@customer.net,"6623 Greg Radial Suite 096, Murphymouth, MT 90196",MT,"6623 Greg Radial Suite 096, Murphymouth, MT 90196",,,,Frame,8,,,,,4152.61,4152.61,3117.3,Direct Bill,,,FALSE,TRUE,1035.31
GPM7865325,GEIC,120286,Cancel,4/1/2025,4/26/2025,4/26/2025,12,Package,Commercial Package,Glenn Williams,glenn.williams@customer.net,"080 Jason Rue Suite 801, East Sarahland, IL 48560",IL,"080 Jason Rue Suite 801, East Sarahland, IL 48560",,,,Masonry,7,,,,,16782.13,0,16782.13,Agency Bill,12/30/2022,,FALSE,FALSE,0
KBK7630515,GEIC,120061,Renewal,4/1/2025,4/1/2026,4/1/2025,12,WC,Workers Compensation,Kimberly Orr,kimberly.orr@example.com,"871 Brandon Spring Apt. 433, Maystown, MI 27880",MI,"871 Brandon Spring Apt. 433, Maystown, MI 27880",,,,,,,,,,2350.1,2350.1,1764.18,Direct Bill,,,FALSE,TRUE,585.92
MHF1217598,TRAV,120015,Renewal,4/1/2025,4/1/2026,4/1/2025,12,Homeowners,HO3,Linda Warner,linda.warner@policyhub.org,"756 Emma Isle Apt. 623, Port Emily, AR 25311",AR,"756 Emma Isle Apt. 623, Port Emily, AR 25311",,,1960,Masonry,4,,,,,999.49,999.49,750.3,Direct Bill,,,FALSE,TRUE,249.19
WWZ4965145,FARM,120289,Renewal,4/1/2025,4/1/2026,4/1/2025,12,Personal Auto,Private Passenger Auto,Kelly Brown,kelly.brown@insmail.com,"345 Carter Port, Lake Michelle, OK 95886",OK,"345 Carter Port, Lake Michelle, OK 95886",3,1,,,,50/100,100000,500,1000,2276.45,2276.45,1708.9,Direct Bill,,,FALSE,TRUE,567.55
GNH1109595,NATI,120035,New,4/1/2025,4/1/2026,4/1/2025,12,Personal Auto,Private Passenger Auto,Brittney Espinoza,brittney.espinoza@insmail.com,"721 Nancy Dam Apt. 967, Port Steven, OR 05918",OR,"721 Nancy Dam Apt. 967, Port Steven, OR 05918",1,2,,,,50/100,100000,2500,1000,2808.71,2808.71,2108.46,Direct Bill,,,FALSE,TRUE,700.25
BCZ5624394,ALLS,120177,Reinstate,4/1/2025,4/1/2026,6/15/2025,12,Package,Commercial Package,Justin Foley,justin.foley@mail.com,"421 Kelly Causeway Apt. 841, Rogerside, CA 53664",CA,"421 Kelly Causeway Apt. 841, Rogerside, CA 53664",,,,Masonry Veneer,7,,,,,3870.95,0,2905.86,Direct Bill,,1/8/2024,FALSE,TRUE,965.09
XBD6733675,PRGS,120259,Renewal,4/1/2025,4/1/2026,4/1/2025,12,WC,Workers Compensation,Mark Vega,mark.vega@customer.net,"724 Maria Cliff Apt. 973, Jameshaven, GA 76791",GA,"724 Maria Cliff Apt. 973, Jameshaven, GA 76791",,,,,,,,,,2000,2000,1501.37,Agency Bill,,,FALSE,FALSE,498.63
PHJ7277168,NATI,120032,Endorsement,4/1/2025,4/1/2026,4/29/2025,12,Umbrella,Personal Umbrella,Gregory Johnson,gregory.johnson@example.com,"72335 Newman Stravenue Suite 618, Port Benjaminhaven, HI 66292",HI,"72335 Newman Stravenue Suite 618, Port Benjaminhaven, HI 66292",,,,,,,,,,272.68,16.21,204.7,Direct Bill,,,FALSE,TRUE,67.98
RYN1618980,AMFA,120046,New,4/1/2025,4/1/2026,4/1/2025,12,Personal Auto,Private Passenger Auto,Marisa Collier,marisa.collier@mail.com,"70833 Williams Lane Apt. 227, West Donnaport, IN 06551",IN,"70833 Williams Lane Apt. 227, West Donnaport, IN 06551",1,1,,,,25/50,250000,500,500,3372.15,3372.15,2531.42,Direct Bill,,,FALSE,TRUE,840.73
GVS8183218,ALLS,120104,Renewal,4/1/2025,4/1/2026,4/1/2025,12,WC,Workers Compensation,Alfred Hendricks,alfred.hendricks@mail.com,"959 West Cove Apt. 812, Port Robert, MI 08827",MI,"959 West Cove Apt. 812, Port Robert, MI 08827",,,,,,,,,,2569.51,2569.51,1928.89,Direct Bill,,,FALSE,TRUE,640.62
MCP6044853,ALLS,120241,Renewal,4/1/2025,4/1/2026,4/1/2025,12,Homeowners,HO3,Luis Williamson,luis.williamson@insmail.com,"9486 Wendy Streets Apt. 848, North Lauraside, SC 96088",SC,"9486 Wendy Streets Apt. 848, North Lauraside, SC 96088",,,1998,Masonry,4,,,,,1897.85,1897.85,1424.69,Direct Bill,,,FALSE,TRUE,473.16
MED2997944,ALLS,120070,Renewal,4/1/2025,4/1/2026,4/1/2025,12,Homeowners,HO3,Hannah Edwards,hannah.edwards@insmail.com,"474 Richard Manors Suite 193, Clarkmouth, GU 66839",GU,"69596 Mcknight Circles Apt. 556, Camposchester, KY 86924",,,1994,Frame,4,,,,,1575.88,1575.88,1182.99,Direct Bill,,,FALSE,TRUE,392.89
CCW4624606,CHUB,120000,New,4/1/2025,4/1/2026,4/1/2025,12,Personal Auto,Private Passenger Auto,Robert Humphrey,robert.humphrey@customer.net,"510 Soto Ferry Suite 781, New Michaelside, WV 58832",WV,"510 Soto Ferry Suite 781, New Michaelside, WV 58832",1,1,,,,50/100,100000,1000,1000,1689.47,1689.47,1268.26,Agency Bill,,,FALSE,TRUE,421.21
RMA7699049,HART,120111,Renewal,4/1/2025,4/1/2026,4/1/2025,12,WC,Workers Compensation,Kelly Vargas,kelly.vargas@insmail.com,"6084 Adams Well, Lorettafort, MP 91162",MP,"6084 Adams Well, Lorettafort, MP 91162",,,,,,,,,,22263.5,22263.5,16712.87,Direct Bill,,,FALSE,TRUE,5550.63
FBV8076213,PRGS,120272,Renewal,4/1/2025,4/1/2026,4/1/2025,12,BOP,Businessowners,Laura Curtis,laura.curtis@insmail.com,"8000 Peterson Stream Apt. 621, New Austin, CA 22486",CA,"8000 Peterson Stream Apt. 621, New Austin, CA 22486",,,,Masonry,10,,,,,9786.42,9786.42,7346.52,Direct Bill,,,FALSE,TRUE,2439.9
YJX0056007,ALLS,120170,New,4/1/2025,4/1/2026,4/1/2025,12,Personal Auto,Private Passenger Auto,Kelly Melendez,kelly.melendez@insmail.com,"255 Wiley Cliff, Morafort, WA 54721",WA,"255 Wiley Cliff, Morafort, WA 54721",2,1,,,,25/50,50000,500,500,972.67,972.67,730.17,Agency Bill,,,FALSE,FALSE,242.5
SXW6749167,ALLS,120266,Renewal,4/1/2025,4/1/2026,4/1/2025,12,Homeowners,HO3,Tommy Wood,tommy.wood@policyhub.org,"2597 Shannon Divide, South Hollyshire, MA 01198",MA,"2597 Shannon Divide, South Hollyshire, MA 01198",,,2007,Masonry,8,,,,,2956.86,2956.86,2219.67,Agency Bill,,,FALSE,TRUE,737.19
CCF5720260,PRGS,120189,Renewal,4/1/2025,4/1/2026,4/1/2025,12,Homeowners,HO3,Pamela Wallace,pamela.wallace@policyhub.org,"5954 Hall Spring, Dianeburgh, FL 54105",FL,"5954 Hall Spring, Dianeburgh, FL 54105",,,1988,Joisted Masonry,5,,,,,2032.73,2032.73,1525.94,Direct Bill,,,FALSE,TRUE,506.79
TFU0395558,GEIC,120048,Renewal,4/1/2025,4/1/2026,4/1/2025,12,BOP,Businessowners,Sharon Parker,sharon.parker@mail.com,"37461 Barry Lodge, Christinaberg, NH 39549",NH,"37461 Barry Lodge, Christinaberg, NH 39549",,,,Masonry,6,,,,,2610.74,2610.74,1959.84,Agency Bill,,,FALSE,FALSE,650.9
TYY9759177,PRGS,120012,Renewal,4/1/2025,4/1/2026,4/1/2025,12,Homeowners,HO3,Lisa Mclaughlin,lisa.mclaughlin@mail.com,"88564 Courtney Cliff Suite 577, South Andres, MP 18647",MP,"88564 Courtney Cliff Suite 577, South Andres, MP 18647",,,1986,Masonry,3,,,,,1169.11,1169.11,877.63,Direct Bill,,,FALSE,TRUE,291.48
LJD4995183,AMFA,120210,New,4/1/2025,4/1/2026,4/1/2025,12,Personal Auto,Private Passenger Auto,Jerry Peterson,jerry.peterson@policyhub.org,"1961 Alfred Stravenue, Lake Saraview, TX 95269",TX,"363 Cook Flats, Port Donald, VA 60085",2,2,,,,25/50,250000,500,500,2087.22,2087.22,1566.84,Direct Bill,,,FALSE,TRUE,520.38
TRM6426767,PRGS,120254,New,4/1/2025,4/1/2026,4/1/2025,12,Personal Auto,Private Passenger Auto,Amanda Beasley,amanda.beasley@policyhub.org,"45663 Castillo Fork, Michelleshire, AK 20368",AK,"81320 Evans Brooks Suite 282, East Brandyton, FL 57625",1,1,,,,50/100,50000,2500,2500,456.7,456.7,342.84,Direct Bill,,,FALSE,TRUE,113.86
ZDS6631515,HART,120022,Renewal,4/1/2025,4/1/2026,4/1/2025,12,Homeowners,HO3,Timothy Haas,timothy.haas@policyhub.org,"1600 Amber Burg Suite 924, East Scotttown, NY 73332",NY,"1600 Amber Burg Suite 924, East Scotttown, NY 73332",,,1991,Fire Resistive,3,,,,,1199.58,1199.58,900.51,Direct Bill,,,FALSE,TRUE,299.07
VXJ7970625,GEIC,120149,Renewal,4/1/2025,4/1/2026,4/1/2025,12,Homeowners,HO3,Jeff Hunt,jeff.hunt@insmail.com,"1312 Laura Islands Apt. 673, West Jonathanstad, AK 73279",AK,"1312 Laura Islands Apt. 673, West Jonathanstad, AK 73279",,,1996,Masonry Veneer,6,,,,,3182.34,3182.34,2388.93,Direct Bill,,,FALSE,TRUE,793.41
FVJ3820631,TRAV,120088,Endorsement,4/1/2025,4/1/2026,4/22/2025,12,Umbrella,Personal Umbrella,Mallory Miller,mallory.miller@policyhub.org,"154 Carolyn Parkways Suite 857, Port Charles, HI 44321",HI,"154 Carolyn Parkways Suite 857, Port Charles, HI 44321",,,,,,,,,,420.11,-38.16,315.37,Direct Bill,,,FALSE,TRUE,104.74
FBB9869962,AMFA,120255,Endorsement,4/1/2025,4/1/2026,6/1/2025,12,Umbrella,Personal Umbrella,Sarah Mcclure,sarah.mcclure@example.com,"35277 Stein Pine Apt. 349, South Johnfort, NM 52108",NM,"35277 Stein Pine Apt. 349, South Johnfort, NM 52108",,,,,,,,,,760.02,33.49,570.54,Direct Bill,,,FALSE,TRUE,189.48
MBS6141431,ALLS,120139,New,4/1/2025,4/1/2026,4/1/2025,12,Personal Auto,Private Passenger Auto,Maria Anderson,maria.anderson@customer.net,"611 Macias Mount, Brendafort, LA 68645",LA,"8451 Higgins Stream, West Crystalmouth, UT 56679",1,2,,,,50/100,250000,500,1000,2419.71,2419.71,1816.44,Direct Bill,,,FALSE,TRUE,603.27
LUS3274753,AMFA,120228,New,4/1/2025,4/1/2026,4/1/2025,12,Personal Auto,Private Passenger Auto,Tiffany Hughes,tiffany.hughes@example.com,"02217 Dean Locks, Lake Kenneth, WY 23705",WY,"02217 Dean Locks, Lake Kenneth, WY 23705",3,3,,,,50/100,250000,1000,500,1627.66,1627.66,1221.86,Direct Bill,,,FALSE,TRUE,405.8
BLK4198906,ALLS,120197,Cancel,4/1/2025,4/30/2025,4/30/2025,12,Package,Commercial Package,Hannah Brown,hannah.brown@policyhub.org,"2998 Chloe Shore Suite 706, South Lauren, OR 43450",OR,"2998 Chloe Shore Suite 706, South Lauren, OR 43450",,,,Non-Combustible,7,,,,,6485.27,0,6485.27,Agency Bill,12/8/2021,,FALSE,TRUE,0
JTZ4170123,FARM,120283,Cancel,4/1/2025,7/22/2025,7/22/2025,12,Package,Commercial Package,Andrea Jackson,andrea.jackson@insmail.com,"055 Kim Centers Suite 618, Lake Bruce, WV 69886",WV,"055 Kim Centers Suite 618, Lake Bruce, WV 69886",,,,Non-Combustible,5,,,,,6728.29,0,6728.29,Direct Bill,8/27/2021,,FALSE,TRUE,0
HVX1522801,GEIC,120183,Renewal,4/1/2025,4/1/2026,4/1/2025,12,Homeowners,HO3,Russell Taylor,russell.taylor@example.com,"582 Gibson Circle Suite 394, Farmerland, OR 09087",OR,"582 Gibson Circle Suite 394, Farmerland, OR 09087",,,1999,Joisted Masonry,7,,,,,1006.07,1006.07,755.24,Agency Bill,,,FALSE,TRUE,250.83
RXH2999731,ALLS,120031,Renewal,4/1/2025,4/1/2026,4/1/2025,12,BOP,Businessowners,Virginia Valdez,virginia.valdez@insmail.com,"69767 Kelly Plain, New Antonio, PW 02429",PW,"69767 Kelly Plain, New Antonio, PW 02429",,,,Joisted Masonry,5,,,,,2349.2,2349.2,1763.51,Direct Bill,,,FALSE,TRUE,585.69
LZE6429553,GEIC,120005,New,4/1/2025,4/1/2026,4/1/2025,12,Personal Auto,Private Passenger Auto,Amy Bradley,amy.bradley@insmail.com,"7113 Zuniga Camp Suite 330, West Johnside, HI 89598",HI,"7113 Zuniga Camp Suite 330, West Johnside, HI 89598",2,2,,,,50/100,100000,500,500,3097.14,3097.14,2324.98,Direct Bill,,,FALSE,FALSE,772.16
TTV5810287,CHUB,120114,New,4/1/2025,4/1/2026,4/1/2025,12,Personal Auto,Private Passenger Auto,Robert Robinson,robert.robinson@mail.com,"5748 Leah Knoll, Kyleville, VI 64132",VI,"5748 Leah Knoll, Kyleville, VI 64132",2,4,,,,50/100,100000,2500,250,2314.22,2314.22,1737.25,Direct Bill,,,FALSE,TRUE,576.97
FTW2803164,ALLS,120131,New,4/1/2025,4/1/2026,4/1/2025,12,Personal Auto,Private Passenger Auto,Laura Nelson,laura.nelson@insmail.com,"261 Lynch Ville, Bryanville, AL 46650",AL,"41486 Debra Glens, West Kaitlynborough, MT 39256",4,1,,,,25/50,250000,500,2500,1026.34,1026.34,770.46,Direct Bill,,,FALSE,TRUE,255.88
YYH0587170,LIBM,120217,Renewal,4/1/2025,4/1/2026,4/1/2025,12,Personal Auto,Private Passenger Auto,Louis Guzman,louis.guzman@mail.com,"0939 Henderson Alley Apt. 461, North Lindsaystad, VI 44378",VI,"0939 Henderson Alley Apt. 461, North Lindsaystad, VI 44378",3,1,,,,50/100,100000,1000,250,1339.94,1339.94,1005.87,Direct Bill,,,FALSE,TRUE,334.07
DYG4041262,AMFA,120258,Renewal,4/1/2025,4/1/2026,4/1/2025,12,Personal Auto,Private Passenger Auto,Jodi Edwards,jodi.edwards@mail.com,"64671 Michael Keys Apt. 460, West Jacob, MT 49100",MT,"64671 Michael Keys Apt. 460, West Jacob, MT 49100",2,1,,,,50/100,100000,500,1000,457.78,457.78,343.65,Agency Bill,,,FALSE,TRUE,114.13
GFY0298500,TRAV,120157,New,4/1/2025,4/1/2026,4/1/2025,12,Personal Auto,Private Passenger Auto,Jodi Bradford,jodi.bradford@policyhub.org,"6580 Tamara Unions, North Amanda, MD 96375",MD,"6580 Tamara Unions, North Amanda, MD 96375",3,1,,,,50/100,100000,500,500,523.12,523.12,392.7,Direct Bill,,,FALSE,TRUE,130.42
BJY7274781,HART,120261,Renewal,4/1/2025,4/1/2026,4/1/2025,12,BOP,Businessowners,Stephen Olson,stephen.olson@customer.net,"058 Martin Forest, South Brian, KS 41683",KS,"058 Martin Forest, South Brian, KS 41683",,,,Non-Combustible,8,,,,,7236.08,7236.08,5432.02,Direct Bill,,,FALSE,TRUE,1804.06
FJY4144019,TRAV,120017,Renewal,4/1/2025,4/1/2026,4/1/2025,12,Homeowners,HO3,Randy Gonzalez,randy.gonzalez@customer.net,"651 Morales Trace Apt. 550, Hernandezview, IN 25720",IN,"651 Morales Trace Apt. 550, Hernandezview, IN 25720",,,1961,Joisted Masonry,3,,,,,2271.2,2271.2,1704.96,Direct Bill,,,FALSE,TRUE,566.24
JGD3594767,GEIC,120075,Renewal,4/1/2025,4/1/2026,4/1/2025,12,Umbrella,Personal Umbrella,Jim Smith,jim.smith@policyhub.org,"15281 Smith Haven Suite 159, Jonesville, MI 98498",MI,"15281 Smith Haven Suite 159, Jonesville, MI 98498",,,,,,,,,,430.64,430.64,323.27,Direct Bill,,,FALSE,TRUE,107.37
PYG9279547,GEIC,120093,Endorsement,4/1/2025,4/1/2026,4/26/2025,12,Umbrella,Personal Umbrella,Pedro Hunter,pedro.hunter@insmail.com,"223 Danielle Meadows Apt. 320, North Robertstad, DC 24827",DC,"56277 John Circle, Wilsonfort, TX 26793",,,,,,,,,,477.47,52.34,358.43,Agency Bill,,,FALSE,TRUE,119.04
TWS6814567,LIBM,120128,New,4/1/2025,4/1/2026,4/1/2025,12,Personal Auto,Private Passenger Auto,Jennifer Cox,jennifer.cox@customer.net,"266 York Squares Suite 523, New Deborahfort, NH 81622",NH,"266 York Squares Suite 523, New Deborahfort, NH 81622",2,1,,,,50/100,100000,500,250,2573.33,2573.33,1931.76,Direct Bill,,,FALSE,TRUE,641.57
NSA9741408,HART,120201,Renewal,4/1/2025,4/1/2026,4/1/2025,12,Homeowners,HO3,William Schneider,william.schneider@example.com,"1418 Juan Freeway Suite 167, Port Justinville, MA 03279",MA,"56631 Thompson Turnpike, North Whitney, AZ 57892",,,1989,Frame,4,,,,,642.68,642.68,482.45,Direct Bill,,,FALSE,TRUE,160.23
GVA8150559,LIBM,120083,New,4/1/2025,4/1/2026,4/1/2025,12,Personal Auto,Private Passenger Auto,George Bass,george.bass@customer.net,"13669 Jesus Avenue Apt. 737, Lake Catherinestad, MT 70635",MT,"13669 Jesus Avenue Apt. 737, Lake Catherinestad, MT 70635",2,3,,,,25/50,250000,500,1000,1600.93,1600.93,1201.79,Direct Bill,,,FALSE,TRUE,399.14
TZC1386203,CHUB,120138,Renewal,4/1/2025,4/1/2026,4/1/2025,12,BOP,Businessowners,Jay Jones,jay.jones@example.com,"708 Collins Harbors Suite 828, East Nicolefort, MS 94889",MS,"708 Collins Harbors Suite 828, East Nicolefort, MS 94889",,,,Masonry,7,,,,,4056.69,4056.69,3045.3,Direct Bill,,,FALSE,TRUE,1011.39
SDB9618813,TRAV,120203,Renewal,4/1/2025,4/1/2026,4/1/2025,12,Homeowners,HO3,William Zimmerman,william.zimmerman@policyhub.org,"508 Nathan Ways, Pamelamouth, DE 81843",DE,"508 Nathan Ways, Pamelamouth, DE 81843",,,2004,Masonry,3,,,,,7000,7000,5254.79,Direct Bill,,,FALSE,TRUE,1745.21
XFW2384792,ALLS,120292,Renewal,4/1/2025,4/1/2026,4/1/2025,12,Homeowners,HO3,Andrew Walker,andrew.walker@policyhub.org,"968 David Stream, West Mikeport, KS 24321",KS,"968 David Stream, West Mikeport, KS 24321",,,1996,Frame,5,,,,,971.59,971.59,729.36,Direct Bill,,,FALSE,TRUE,242.23
ULH7224250,ALLS,120132,Renewal,4/1/2025,4/1/2026,4/1/2025,12,Homeowners,HO3,Jason Pennington,jason.pennington@insmail.com,"123 Karl Springs Apt. 461, Catherineburgh, TN 83733",TN,"123 Karl Springs Apt. 461, Catherineburgh, TN 83733",,,2003,Joisted Masonry,4,,,,,1940.06,1940.06,1456.37,Direct Bill,,,FALSE,TRUE,483.69
KFM5577812,AMFA,120180,Renewal,4/1/2025,4/1/2026,4/1/2025,12,Homeowners,HO3,James Russell,james.russell@example.com,"191 Moore Field Suite 186, Port Jaredview, TN 04761",TN,"191 Moore Field Suite 186, Port Jaredview, TN 04761",,,1985,Fire Resistive,8,,,,,2214.1,2214.1,1662.09,Direct Bill,,,FALSE,TRUE,552.01
TXY8661131,TRAV,120212,Renewal,4/1/2025,4/1/2026,4/1/2025,12,WC,Workers Compensation,Alexis Flynn,alexis.flynn@customer.net,"8325 Charles Course Suite 137, Port Kathyton, SD 16235",SD,"8325 Charles Course Suite 137, Port Kathyton, SD 16235",,,,,,,,,,5057.92,5057.92,3796.9,Agency Bill,,,FALSE,TRUE,1261.02
XPJ5132545,ALLS,120266,Renewal,4/1/2025,4/1/2026,4/1/2025,12,Homeowners,HO3,Tina Brown,tina.brown@policyhub.org,"81915 Reed Fall, Leachborough, MT 56284",MT,"81915 Reed Fall, Leachborough, MT 56284",,,1962,Masonry,3,,,,,2518.87,2518.87,1890.88,Agency Bill,,,FALSE,TRUE,627.99
ZRN9963013,FARM,120290,Renewal,4/1/2025,4/1/2026,4/1/2025,12,Personal Auto,Private Passenger Auto,Madeline Brown,madeline.brown@mail.com,"27673 Ochoa Mission Suite 706, Justinshire, AR 88389",AR,"27673 Ochoa Mission Suite 706, Justinshire, AR 88389",2,1,,,,50/100,100000,1000,500,1427.33,1427.33,1071.48,Direct Bill,,,FALSE,TRUE,355.85
LFP9556675,PRGS,120011,New,4/1/2025,4/1/2026,4/1/2025,12,Personal Auto,Private Passenger Auto,Eric George,eric.george@customer.net,"4887 Richard Meadows Apt. 208, Cordovaton, NH 81995",NH,"4887 Richard Meadows Apt. 208, Cordovaton, NH 81995",1,2,,,,50/100,250000,500,500,1202.21,1202.21,902.48,Direct Bill,,,FALSE,TRUE,299.73
JGS9986022,HART,120070,Renewal,4/1/2025,4/1/2026,4/1/2025,12,BOP,Businessowners,Mitchell Hodge,mitchell.hodge@example.com,"991 Ho Canyon, New Stephenmouth, CO 76877",CO,"991 Ho Canyon, New Stephenmouth, CO 76877",,,,Masonry Veneer,7,,,,,3340.75,3340.75,2507.85,Direct Bill,,,FALSE,TRUE,832.9
NYE1935135,CHUB,120088,Endorsement,4/1/2025,4/1/2026,3/29/2026,12,Umbrella,Personal Umbrella,Michael Hunt,michael.hunt@mail.com,"4572 Wells Plaza, Jamestown, AR 61501",AR,"4572 Wells Plaza, Jamestown, AR 61501",,,,,,,,,,212.25,-18.11,159.33,Direct Bill,,,FALSE,TRUE,52.92
NVW1628424,FARM,120094,Renewal,4/1/2025,4/1/2026,4/1/2025,12,Homeowners,HO3,Justin Brown,justin.brown@policyhub.org,"87264 Robert Mission, Lake Thomasfort, TX 88210",TX,"87264 Robert Mission, Lake Thomasfort, TX 88210",,,1995,Masonry Veneer,4,,,,,986.94,986.94,740.88,Direct Bill,,,FALSE,TRUE,246.06
LCX9599702,TRAV,120167,Renewal,4/1/2025,4/1/2026,4/1/2025,12,Homeowners,HO3,Erika Williams,erika.williams@example.com,"38889 Russell Keys Apt. 824, New Jasonburgh, DC 35847",DC,"38889 Russell Keys Apt. 824, New Jasonburgh, DC 35847",,,1968,Joisted Masonry,6,,,,,1545.1,1545.1,1159.88,Direct Bill,,,FALSE,TRUE,385.22
BRJ1053478,TRAV,120016,Renewal,4/1/2025,4/1/2026,4/1/2025,12,Homeowners,HO3,Brian Cohen,brian.cohen@policyhub.org,"192 Michael Flat, Port Karen, NM 68719",NM,"192 Michael Flat, Port Karen, NM 68719",,,1992,Masonry,6,,,,,1456.46,1456.46,1093.34,Direct Bill,,,FALSE,TRUE,363.12
CTK2330756,GEIC,120033,New,4/1/2025,4/1/2026,4/1/2025,12,Personal Auto,Private Passenger Auto,Kimberly Cook,kimberly.cook@customer.net,"9256 Luis Courts, East Andrew, VA 96085",VA,"9256 Luis Courts, East Andrew, VA 96085",1,3,,,,25/50,100000,500,500,1407.02,1407.02,1056.23,Agency Bill,,,FALSE,FALSE,350.79
MLL5538080,AMFA,120293,Endorsement,4/1/2025,4/1/2026,6/10/2025,12,Umbrella,Personal Umbrella,Caroline Silva,caroline.silva@example.com,"6823 Douglas Radial, Port Jessicaton, GA 36822",GA,"6823 Douglas Radial, Port Jessicaton, GA 36822",,,,,,,,,,362.35,-0.2,272.01,Direct Bill,,,FALSE,FALSE,90.34
LGB1859594,ALLS,120081,Renewal,4/1/2025,4/1/2026,4/1/2025,12,Homeowners,HO3,Pamela Hunter,pamela.hunter@policyhub.org,"968 Erica Camp Apt. 612, West Jasmineburgh, TN 53346",TN,"264 Stewart Forest, West Cliffordshire, MH 84568",,,2001,Masonry,5,,,,,1280.99,1280.99,961.62,Direct Bill,,,FALSE,TRUE,319.37
BYK1120423,PRGS,120084,New,4/1/2025,4/1/2026,4/1/2025,12,Personal Auto,Private Passenger Auto,Damon Jones,damon.jones@policyhub.org,"89884 Sanchez Stravenue, Jenniferville, MN 26194",MN,"89884 Sanchez Stravenue, Jenniferville, MN 26194",1,2,,,,50/100,25000,500,500,1516.84,1516.84,1138.67,Agency Bill,,,FALSE,TRUE,378.17
YRS6070897,CHUB,120094,Renewal,4/1/2025,4/1/2026,4/1/2025,12,BOP,Businessowners,Charles Johnson,charles.johnson@insmail.com,"5260 Alisha Port, Williamland, MS 44531",MS,"18512 Tiffany Road Apt. 297, Port Whitneytown, TN 45782",,,,Frame,10,,,,,2306.62,2306.62,1731.54,Direct Bill,,,FALSE,TRUE,575.08
SFZ0647004,PRGS,120247,Endorsement,4/1/2025,4/1/2026,12/21/2025,12,Umbrella,Personal Umbrella,Joan Lawrence,joan.lawrence@example.com,"04856 Melinda Circles Suite 859, East Juliehaven, NE 12547",NE,"04856 Melinda Circles Suite 859, East Juliehaven, NE 12547",,,,,,,,,,373.77,4.02,280.58,Direct Bill,,,FALSE,TRUE,93.19
BCB5477841,LIBM,120244,Renewal,4/1/2025,4/1/2026,4/1/2025,12,WC,Workers Compensation,Jose Bird,jose.bird@mail.com,"736 Moore Branch, Atkinsonshire, AR 51735",AR,"736 Moore Branch, Atkinsonshire, AR 51735",,,,,,,,,,4086.54,4086.54,3067.7,Direct Bill,,,FALSE,TRUE,1018.84
GRK6215232,NATI,120134,Renewal,4/1/2025,4/1/2026,4/1/2025,12,Homeowners,HO3,Sean Ford,sean.ford@mail.com,"13848 Teresa Mission Apt. 243, Rossberg, IL 18946",IL,"63928 Thompson Trail Apt. 111, Castillomouth, NJ 24853",,,1982,Fire Resistive,3,,,,,1880.03,1880.03,1411.31,Agency Bill,,,FALSE,TRUE,468.72
YST5812958,CHUB,120093,New,4/1/2025,4/1/2026,4/1/2025,12,Personal Auto,Private Passenger Auto,Patrick Gutierrez,patrick.gutierrez@example.com,"47148 Jones Lakes, North Dorothyfort, ND 48196",ND,"47148 Jones Lakes, North Dorothyfort, ND 48196",2,3,,,,50/100,50000,500,500,3142.81,3142.81,2359.26,Direct Bill,,,FALSE,TRUE,783.55
AHV4542694,HART,120264,Renewal,4/1/2025,4/1/2026,4/1/2025,12,Homeowners,HO3,Debra Hernandez,debra.hernandez@insmail.com,"7691 Leslie Avenue Apt. 556, West Jasmintown, PA 53745",PA,"7691 Leslie Avenue Apt. 556, West Jasmintown, PA 53745",,,1989,Masonry,3,,,,,3426.39,3426.39,2572.14,Agency Bill,,,FALSE,TRUE,854.25
ATU1662356,PRGS,120106,Renewal,4/1/2025,4/1/2026,4/1/2025,12,WC,Workers Compensation,Richard Hartman,richard.hartman@policyhub.org,"62246 Matthew Plains, East Haroldport, OR 65999",OR,"62246 Matthew Plains, East Haroldport, OR 65999",,,,,,,,,,4786.39,4786.39,3593.07,Direct Bill,,,FALSE,TRUE,1193.32
WHB5995719,ALLS,120154,Renewal,4/1/2025,4/1/2026,4/1/2025,12,BOP,Businessowners,Victor Baker,victor.baker@policyhub.org,"17652 Fitzgerald Forks Suite 092, Cookehaven, DC 24426",DC,"17652 Fitzgerald Forks Suite 092, Cookehaven, DC 24426",,,,Masonry Veneer,5,,,,,6279.48,6279.48,4713.91,Direct Bill,,,FALSE,FALSE,1565.57
XNA6294048,NATI,120280,Renewal,4/1/2025,4/1/2026,4/1/2025,12,BOP,Businessowners,Wendy Fernandez,wendy.fernandez@customer.net,"7869 Gentry Prairie Apt. 711, New Heidiborough, ME 19252",ME,"7869 Gentry Prairie Apt. 711, New Heidiborough, ME 19252",,,,Non-Combustible,7,,,,,2511.71,2511.71,1885.5,Direct Bill,,,FALSE,TRUE,626.21
NYD2760068,TRAV,120141,New,4/1/2025,4/1/2026,4/1/2025,12,Personal Auto,Private Passenger Auto,Gerald Vang,gerald.vang@insmail.com,"133 Alexander Gardens, Walshfort, ID 92938",ID,"133 Alexander Gardens, Walshfort, ID 92938",2,3,,,,50/100,100000,2500,1000,2308.21,2308.21,1732.74,Direct Bill,,,FALSE,TRUE,575.47
PSF8486439,ALLS,120152,Renewal,4/1/2025,4/1/2026,4/1/2025,12,Homeowners,HO3,Tara Phillips,tara.phillips@customer.net,"014 Cruz Wells Apt. 549, South Sarah, NY 11264",NY,"014 Cruz Wells Apt. 549, South Sarah, NY 11264",,,1962,Masonry,2,,,,,2147.56,2147.56,1612.14,Agency Bill,,,FALSE,TRUE,535.42
FNV8822315,CHUB,120149,New,4/1/2025,4/1/2026,4/1/2025,12,Personal Auto,Private Passenger Auto,Christine Gill,christine.gill@insmail.com,"6659 Jeffrey Park, Michaelside, MO 10138",MO,"6659 Jeffrey Park, Michaelside, MO 10138",2,1,,,,50/100,100000,250,1000,807.8,807.8,606.4,Agency Bill,,,FALSE,TRUE,201.4
UVX6689205,FARM,120038,Renewal,4/1/2025,4/1/2026,4/1/2025,12,BOP,Businessowners,John Delgado,john.delgado@customer.net,"80050 Newman Via, Caseyview, DC 87190",DC,"358 Moyer Gateway Apt. 528, Port Yolandahaven, OK 48278",,,,Fire Resistive,9,,,,,3152.58,3152.58,2366.59,Direct Bill,,,FALSE,TRUE,785.99
LML0376083,LIBM,120041,New,4/1/2025,4/1/2026,4/1/2025,12,Personal Auto,Private Passenger Auto,Denise Brown,denise.brown@policyhub.org,"44665 Lozano Gardens Apt. 045, North Lucasport, NH 34335",NH,"44665 Lozano Gardens Apt. 045, North Lucasport, NH 34335",3,2,,,,50/100,250000,500,250,4000,4000,3002.74,Agency Bill,,,FALSE,TRUE,997.26
VHA3024753,TRAV,120203,Renewal,4/1/2025,4/1/2026,4/1/2025,12,WC,Workers Compensation,Alyssa Mcneil,alyssa.mcneil@policyhub.org,"79753 Melissa Drives, West Janicefurt, NY 54417",NY,"4321 Knox Park Suite 032, Stevensshire, GA 11691",,,,,,,,,,15334.37,15334.37,11511.28,Direct Bill,,,FALSE,TRUE,3823.09
VKV3416272,LIBM,120095,Renewal,4/1/2025,4/1/2026,4/1/2025,12,Homeowners,HO3,Kevin Davis,kevin.davis@example.com,"27821 Gregory Row Suite 137, Port Alyssa, MS 28325",MS,"27821 Gregory Row Suite 137, Port Alyssa, MS 28325",,,1977,Frame,7,,,,,1587.88,1587.88,1192,Direct Bill,,,FALSE,TRUE,395.88
TFF4433518,GEIC,120183,Renewal,4/1/2025,4/1/2026,4/1/2025,12,BOP,Businessowners,Joseph Williams,joseph.williams@customer.net,"172 Powers Islands Apt. 503, East Maryfurt, FL 83160",FL,"172 Powers Islands Apt. 503, East Maryfurt, FL 83160",,,,Frame,4,,,,,2390.75,2390.75,1794.7,Direct Bill,,,FALSE,FALSE,596.05
CEG2622677,HART,120178,Renewal,4/1/2025,4/1/2026,4/1/2025,12,Umbrella,Personal Umbrella,Jennifer Wilson,jennifer.wilson@mail.com,"310 Williams Drives Apt. 287, North Justinfurt, AK 40328",AK,"310 Williams Drives Apt. 287, North Justinfurt, AK 40328",,,,,,,,,,559.22,559.22,419.8,Direct Bill,,,FALSE,FALSE,139.42
MVG3156676,GEIC,120254,Renewal,4/1/2025,4/1/2026,4/1/2025,12,WC,Workers Compensation,Amy Erickson,amy.erickson@example.com,"469 Price Plains, Kennethstad, AS 64426",AS,"210 Adams Centers Apt. 136, Port Omar, NH 79059",,,,,,,,,,3368.76,3368.76,2528.88,Direct Bill,,,FALSE,TRUE,839.88
HZZ6571734,GEIC,120099,Endorsement,4/1/2025,4/1/2026,10/18/2025,12,Umbrella,Personal Umbrella,Gina Gilbert,gina.gilbert@customer.net,"3983 Patricia Islands, Terrellburgh, PR 40145",PR,"3983 Patricia Islands, Terrellburgh, PR 40145",,,,,,,,,,463.43,-14.24,347.89,Direct Bill,,,FALSE,TRUE,115.54
ZNW9012637,TRAV,120290,New,4/1/2025,4/1/2026,4/1/2025,12,Personal Auto,Private Passenger Auto,Ronald Howard,ronald.howard@example.com,"08438 Henry Parkways, Brownshire, FL 73132",FL,"335 Chelsea Lake, Garrettburgh, VI 04388",1,3,,,,25/50,100000,500,500,2317.9,2317.9,1740.01,Direct Bill,,,FALSE,TRUE,577.89
VKJ2649042,LIBM,120006,New,4/1/2025,4/1/2026,4/1/2025,12,Personal Auto,Private Passenger Auto,Joanne Brown,joanne.brown@example.com,"920 Ryan Ville Apt. 401, Pittmanhaven, ME 44017",ME,"579 Stone Street, Port Normaland, NY 41668",2,1,,,,50/100,250000,1000,500,1143.23,1143.23,858.21,Agency Bill,,,FALSE,TRUE,285.02
FZD3702113,NATI,120183,New,4/1/2025,4/1/2026,4/1/2025,12,Personal Auto,Private Passenger Auto,William Williams,william.williams@customer.net,"2836 Sims Villages Apt. 594, Richardville, MD 99667",MD,"05903 Fox Junction Apt. 324, West Annaborough, KY 96619",1,3,,,,50/100,250000,1000,500,703.88,703.88,528.39,Direct Bill,,,FALSE,TRUE,175.49
AYP3473787,FARM,120089,Endorsement,4/1/2025,4/1/2026,7/7/2025,12,Umbrella,Personal Umbrella,Joshua Gutierrez,joshua.gutierrez@policyhub.org,"918 Craig Street, New Courtneyburgh, CO 43682",CO,"918 Craig Street, New Courtneyburgh, CO 43682",,,,,,,,,,374.44,6,281.09,Direct Bill,,,FALSE,TRUE,93.35
THK9159484,TRAV,120059,Renewal,4/1/2025,4/1/2026,4/1/2025,12,Personal Auto,Private Passenger Auto,Stacey White,stacey.white@mail.com,"291 Wiley Overpass Suite 634, New Tonyfurt, MP 66113",MP,"291 Wiley Overpass Suite 634, New Tonyfurt, MP 66113",1,1,,,,50/100,250000,2500,2500,1056.09,1056.09,792.79,Direct Bill,,,FALSE,TRUE,263.3
UNB9208903,CHUB,120178,New,4/1/2025,4/1/2026,4/1/2025,12,Personal Auto,Private Passenger Auto,Melanie Becker,melanie.becker@insmail.com,"4419 April Wells, South Samuel, MO 20825",MO,"997 Reynolds Brook, Colemanport, NV 17096",1,2,,,,50/100,100000,500,250,2516.56,2516.56,1889.14,Agency Bill,,,FALSE,FALSE,627.42
YCU4610526,ALLS,120105,New,4/1/2025,4/1/2026,4/1/2025,12,Personal Auto,Private Passenger Auto,Amy Quinn,amy.quinn@mail.com,"6539 Autumn Mountain, Sarahfurt, MA 45671",MA,"6539 Autumn Mountain, Sarahfurt, MA 45671",1,1,,,,50/100,50000,500,250,2765.42,2765.42,2075.96,Direct Bill,,,FALSE,TRUE,689.46
GSS4388252,PRGS,120083,Renewal,4/1/2025,4/1/2026,4/1/2025,12,Umbrella,Personal Umbrella,Mary Clements,mary.clements@insmail.com,"701 John Ports, North Christopher, NY 18842",NY,"701 John Ports, North Christopher, NY 18842",,,,,,,,,,578.39,578.39,434.19,Agency Bill,,,FALSE,TRUE,144.2
JEU1836463,HART,120122,Renewal,4/1/2025,4/1/2026,4/1/2025,12,WC,Workers Compensation,Jason Woodard,jason.woodard@customer.net,"3207 Eric Pike Apt. 940, Sarahton, WV 59253",WV,"3207 Eric Pike Apt. 940, Sarahton, WV 59253",,,,,,,,,,4627.5,4627.5,3473.79,Agency Bill,,,FALSE,TRUE,1153.71
UCA0323842,FARM,120051,New,4/1/2025,4/1/2026,4/1/2025,12,Personal Auto,Private Passenger Auto,Jennifer Soto,jennifer.soto@insmail.com,"6609 Davis Fork, Gomezside, CT 58826",CT,"6609 Davis Fork, Gomezside, CT 58826",3,1,,,,50/100,100000,500,1000,1907.72,1907.72,1432.1,Agency Bill,,,FALSE,TRUE,475.62
GTK1454121,CHUB,120255,Renewal,4/1/2025,4/1/2026,4/1/2025,12,Homeowners,HO3,Rebecca Lamb,rebecca.lamb@customer.net,"449 Daniel Heights, Richardhaven, TX 73577",TX,"449 Daniel Heights, Richardhaven, TX 73577",,,1992,Masonry,3,,,,,500,500,375.34,Direct Bill,,,FALSE,TRUE,124.66
YCU7208047,HART,120155,Renewal,4/1/2025,4/1/2026,4/1/2025,12,Homeowners,HO3,James Baird,james.baird@customer.net,"1039 Walker Canyon, Williamschester, IA 45225",IA,"1039 Walker Canyon, Williamschester, IA 45225",,,1985,Joisted Masonry,5,,,,,670.47,670.47,503.31,Direct Bill,,,FALSE,TRUE,167.16
MVL2981560,HART,120027,Renewal,4/1/2025,4/1/2026,4/1/2025,12,Umbrella,Personal Umbrella,Jacob Small,jacob.small@example.com,"82526 Dixon Alley, North Matthew, WV 34071",WV,"44925 Nolan Lane Suite 927, West Tonyborough, MT 68142",,,,,,,,,,688.51,688.51,516.85,Agency Bill,,,FALSE,FALSE,171.66
MEC3099491,PRGS,120180,Renewal,4/1/2025,4/1/2026,4/1/2025,12,BOP,Businessowners,Christine Edwards,christine.edwards@example.com,"3878 Morrison Turnpike, Briannaview, OH 99024",OH,"3878 Morrison Turnpike, Briannaview, OH 99024",,,,Non-Combustible,7,,,,,2705.75,2705.75,2031.17,Agency Bill,,,FALSE,FALSE,674.58
YZD6652067,GEIC,120252,New,4/1/2025,4/1/2026,4/1/2025,12,Personal Auto,Private Passenger Auto,Christine Moss,christine.moss@customer.net,"0798 Hernandez Ford Suite 766, Morsestad, RI 06437",RI,"0798 Hernandez Ford Suite 766, Morsestad, RI 06437",3,3,,,,50/100,250000,500,500,1792.45,1792.45,1345.57,Direct Bill,,,FALSE,TRUE,446.88
YPS8775318,GEIC,120098,Renewal,4/1/2025,4/1/2026,4/1/2025,12,Personal Auto,Private Passenger Auto,Heather Baker,heather.baker@insmail.com,"6273 Kevin Cliffs, Colemouth, MH 62212",MH,"6273 Kevin Cliffs, Colemouth, MH 62212",1,2,,,,50/100,250000,500,250,3500.89,3500.89,2628.07,Direct Bill,,,FALSE,TRUE,872.82
YDP3381256,HART,120268,Renewal,4/1/2025,4/1/2026,4/1/2025,12,Homeowners,HO3,Brittany Anderson,brittany.anderson@customer.net,"8762 Rivas Oval, South Ryanfort, WA 02460",WA,"8762 Rivas Oval, South Ryanfort, WA 02460",,,1992,Fire Resistive,4,,,,,2123.42,2123.42,1594.02,Direct Bill,,,FALSE,TRUE,529.4
RJW6563895,GEIC,120028,Rewrite,4/1/2025,4/1/2026,4/1/2025,12,Package,Commercial Package,Alexandra Warren,alexandra.warren@insmail.com,"214 Smith Islands Suite 462, Port John, MI 95143",MI,"214 Smith Islands Suite 462, Port John, MI 95143",,,,Frame,5,,,,,30000,30000,22520.55,Direct Bill,,,TRUE,TRUE,7479.45
WSK3844736,CHUB,120215,Renewal,4/1/2025,4/1/2026,4/1/2025,12,Homeowners,HO3,Catherine Kirk,catherine.kirk@insmail.com,"906 Jacqueline Forks Apt. 868, Taylorburgh, WV 85342",WV,"906 Jacqueline Forks Apt. 868, Taylorburgh, WV 85342",,,1994,Masonry Veneer,6,,,,,1171.67,1171.67,879.56,Agency Bill,,,FALSE,FALSE,292.11
RVH5266686,CHUB,120133,New,4/1/2025,4/1/2026,4/1/2025,12,Personal Auto,Private Passenger Auto,Travis Graham,travis.graham@mail.com,"959 Pruitt View, Johnsonstad, NC 24857",NC,"2215 William Mission Apt. 437, Danielborough, WY 47727",2,3,,,,25/50,100000,1000,250,1878.5,1878.5,1410.16,Direct Bill,,,FALSE,TRUE,468.34
JCT0023527,PRGS,120277,New,4/1/2025,4/1/2026,4/1/2025,12,Personal Auto,Private Passenger Auto,Anthony Garcia,anthony.garcia@example.com,"361 Nielsen Extensions, Butlerland, GA 87518",GA,"361 Nielsen Extensions, Butlerland, GA 87518",1,2,,,,50/100,25000,250,1000,2268.62,2268.62,1703.02,Direct Bill,,,FALSE,TRUE,565.6
HXU1808130,ALLS,120004,Renewal,4/1/2025,4/1/2026,4/1/2025,12,BOP,Businessowners,Teresa Grant,teresa.grant@mail.com,"9606 Catherine Fords Apt. 313, East Johnland, NJ 99353",NJ,"917 James Key Apt. 198, Michaelmouth, FM 02242",,,,Frame,3,,,,,1500,1500,1126.03,Agency Bill,,,FALSE,FALSE,373.97
PJN5260603,PRGS,120191,New,4/1/2025,4/1/2026,4/1/2025,12,Personal Auto,Private Passenger Auto,Ryan Jones,ryan.jones@insmail.com,"467 Frank Ports, Jamesfort, MO 76293",MO,"467 Frank Ports, Jamesfort, MO 76293",3,1,,,,25/50,250000,250,500,1084,1084,813.74,Direct Bill,,,FALSE,TRUE,270.26
YXN4400786,PRGS,120116,New,4/1/2025,4/1/2026,4/1/2025,12,Personal Auto,Private Passenger Auto,Shelley Norris,shelley.norris@insmail.com,"193 Martinez Trail Apt. 302, Murraybury, AL 91179",AL,"193 Martinez Trail Apt. 302, Murraybury, AL 91179",1,1,,,,25/50,25000,500,250,662.44,662.44,497.28,Direct Bill,,,FALSE,TRUE,165.16
BSX0434223,CHUB,120240,Renewal,4/1/2025,4/1/2026,4/1/2025,12,Homeowners,HO3,Travis Ward,travis.ward@mail.com,"59074 Laura Isle Suite 229, Jamesberg, DC 92696",DC,"59074 Laura Isle Suite 229, Jamesberg, DC 92696",,,1973,Masonry,6,,,,,1224.7,1224.7,919.36,Agency Bill,,,FALSE,TRUE,305.34
MUJ9538642,HART,120111,Renewal,4/1/2025,4/1/2026,4/1/2025,12,WC,Workers Compensation,Colleen Washington,colleen.washington@example.com,"887 Rita Mountains, Jacobville, MO 49904",MO,"620 Summers Gardens Apt. 050, East Adam, AL 96536",,,,,,,,,,7186.1,7186.1,5394.5,Direct Bill,,,FALSE,FALSE,1791.6
FRF4063075,HART,120258,New,4/1/2025,4/1/2026,4/1/2025,12,Personal Auto,Private Passenger Auto,Justin Moore,justin.moore@customer.net,"5066 Sherri Park, Mariaville, AK 49018",AK,"589 Cannon Mount Apt. 240, Port Brittany, TX 56810",1,1,,,,25/50,100000,1000,1000,723.61,723.61,543.2,Direct Bill,,,FALSE,TRUE,180.41
EXS2184512,CHUB,120287,New,4/1/2025,4/1/2026,4/1/2025,12,Personal Auto,Private Passenger Auto,April Hines,april.hines@policyhub.org,"1120 Nathan Crest Suite 052, Simmonsbury, NM 87315",NM,"1120 Nathan Crest Suite 052, Simmonsbury, NM 87315",2,1,,,,25/50,100000,1000,2500,1471.31,1471.31,1104.49,Direct Bill,,,FALSE,TRUE,366.82
DPU2896222,CHUB,120201,New,4/1/2025,4/1/2026,4/1/2025,12,Personal Auto,Private Passenger Auto,Sharon Nelson,sharon.nelson@insmail.com,"775 Avila Gardens Suite 130, Lake Rebecca, NJ 84919",NJ,"178 Davis Locks, Douglasfurt, FL 02383",2,2,,,,25/50,50000,1000,1000,1007.31,1007.31,756.17,Direct Bill,,,FALSE,TRUE,251.14
LTZ7532465,GEIC,120098,Renewal,4/1/2025,4/1/2026,4/1/2025,12,BOP,Businessowners,Jennifer Morse,jennifer.morse@insmail.com,"077 Gibson Hills Suite 989, Michaelfurt, ID 26425",ID,"077 Gibson Hills Suite 989, Michaelfurt, ID 26425",,,,Fire Resistive,8,,,,,3585.66,3585.66,2691.7,Direct Bill,,,FALSE,TRUE,893.96
XAJ6003160,LIBM,120061,Renewal,4/1/2025,4/1/2026,4/1/2025,12,BOP,Businessowners,Daniel Rodriguez,daniel.rodriguez@mail.com,"7622 Anthony Park, Rickeymouth, PR 43061",PR,"7622 Anthony Park, Rickeymouth, PR 43061",,,,Joisted Masonry,7,,,,,8664.21,8664.21,6504.09,Agency Bill,,,FALSE,TRUE,2160.12
PTE0268810,NATI,120194,Renewal,4/1/2025,4/1/2026,4/1/2025,12,Homeowners,HO3,Donald Wilkinson,donald.wilkinson@mail.com,"596 Friedman Stream Apt. 821, Adamsburgh, AR 66456",AR,"6859 Kimberly Estates Apt. 343, Turnerhaven, CO 33949",,,1982,Fire Resistive,7,,,,,2760.92,2760.92,2072.58,Direct Bill,,,FALSE,TRUE,688.34
DLM4418293,NATI,120294,New,4/1/2025,4/1/2026,4/1/2025,12,Personal Auto,Private Passenger Auto,Michael Martinez,michael.martinez@policyhub.org,"78436 Ronald Creek Suite 497, East Kelseyburgh, AS 57963",AS,"78436 Ronald Creek Suite 497, East Kelseyburgh, AS 57963",2,2,,,,25/50,50000,250,1000,477.95,477.95,358.79,Direct Bill,,,FALSE,TRUE,119.16
RNV2711113,PRGS,120034,Rewrite,4/1/2025,4/1/2026,4/1/2025,12,Package,Commercial Package,Samantha Ritter,samantha.ritter@policyhub.org,"4111 Gonzalez Row, North Joseph, PW 34949",PW,"4111 Gonzalez Row, North Joseph, PW 34949",,,,Fire Resistive,4,,,,,9395.6,9395.6,7053.14,Direct Bill,,,TRUE,FALSE,2342.46
XMU9911433,GEIC,120115,New,4/1/2025,4/1/2026,4/1/2025,12,Personal Auto,Private Passenger Auto,Danielle Sanchez,danielle.sanchez@mail.com,"558 Stanley Forest, Port David, CO 73656",CO,"558 Stanley Forest, Port David, CO 73656",3,2,,,,50/100,100000,2500,500,1748.92,1748.92,1312.89,Direct Bill,,,FALSE,TRUE,436.03
XBZ3818333,ALLS,120202,New,4/1/2025,4/1/2026,4/1/2025,12,Personal Auto,Private Passenger Auto,Michele Merritt,michele.merritt@insmail.com,"746 Joseph Creek Apt. 532, Careyville, MH 29281",MH,"746 Joseph Creek Apt. 532, Careyville, MH 29281",3,4,,,,50/100,25000,250,500,1948.32,1948.32,1462.57,Direct Bill,,,FALSE,TRUE,485.75
GNY2570302,PRGS,120047,New,4/1/2025,4/1/2026,4/1/2025,12,Personal Auto,Private Passenger Auto,Brandi Gibbs,brandi.gibbs@mail.com,"120 Harris Haven Suite 918, Josephport, WA 91665",WA,"648 Autumn Prairie Apt. 084, Christopherton, NM 97042",2,2,,,,50/100,100000,500,1000,2773.08,2773.08,2081.71,Direct Bill,,,FALSE,TRUE,691.37
SYG2500631,ALLS,120151,Renewal,4/1/2025,4/1/2026,4/1/2025,12,WC,Workers Compensation,Brian Miller,brian.miller@example.com,"84270 Yvonne Stream, Alvarezmouth, DC 17664",DC,"84270 Yvonne Stream, Alvarezmouth, DC 17664",,,,,,,,,,2000,2000,1501.37,Direct Bill,,,FALSE,FALSE,498.63
TEX8571821,CHUB,120017,Renewal,4/1/2025,4/1/2026,4/1/2025,12,Umbrella,Personal Umbrella,Veronica Martin,veronica.martin@customer.net,"2879 Jenny Light Apt. 315, Lake Michaelstad, AK 11575",AK,"2879 Jenny Light Apt. 315, Lake Michaelstad, AK 11575",,,,,,,,,,326.32,326.32,244.96,Agency Bill,,,FALSE,TRUE,81.36
PJS8386496,ALLS,120076,Cancel,4/1/2025,2/22/2026,2/22/2026,12,Package,Commercial Package,Anne Gallagher,anne.gallagher@policyhub.org,"335 David Flat, Jeffreyshire, AS 87362",AS,"335 David Flat, Jeffreyshire, AS 87362",,,,Joisted Masonry,9,,,,,3640.54,0,3050.48,Direct Bill,10/27/2022,,FALSE,TRUE,590.06
ECL9114029,LIBM,120194,Renewal,4/1/2025,4/1/2026,4/1/2025,12,Homeowners,HO3,Tara Bell,tara.bell@customer.net,"2944 Barnett Circle, New Kyleport, RI 49646",RI,"2944 Barnett Circle, New Kyleport, RI 49646",,,1993,Frame,9,,,,,2412.76,2412.76,1811.22,Direct Bill,,,FALSE,TRUE,601.54
ZNM3578545,NATI,120259,Renewal,4/1/2025,4/1/2026,4/1/2025,12,Homeowners,HO3,Eric Perez,eric.perez@insmail.com,"6021 Wolfe Forge, Lake Jason, MI 85962",MI,"6021 Wolfe Forge, Lake Jason, MI 85962",,,1994,Frame,5,,,,,1046.03,1046.03,785.24,Agency Bill,,,FALSE,TRUE,260.79
TAJ5855645,PRGS,120025,Renewal,4/1/2025,4/1/2026,4/1/2025,12,Homeowners,HO3,Kathy Garcia,kathy.garcia@policyhub.org,"934 Clark Dam, New Robert, SD 57182",SD,"934 Clark Dam, New Robert, SD 57182",,,1993,Joisted Masonry,7,,,,,720.84,720.84,541.12,Direct Bill,,,FALSE,TRUE,179.72
TSD8411955,TRAV,120248,Renewal,4/1/2025,4/1/2026,4/1/2025,12,WC,Workers Compensation,Richard Estrada,richard.estrada@mail.com,"040 Kari Landing, West Jamesside, NH 51203",NH,"040 Kari Landing, West Jamesside, NH 51203",,,,,,,,,,6193.53,6193.53,4649.39,Direct Bill,,,FALSE,TRUE,1544.14
FYP7924239,FARM,120202,New,4/1/2025,4/1/2026,4/1/2025,12,Personal Auto,Private Passenger Auto,Andrew Johnson,andrew.johnson@customer.net,"8668 Alicia Highway Apt. 957, Cunninghamfurt, WA 95246",WA,"7148 Thompson Crossing, West Stacyside, AS 13726",2,3,,,,50/100,50000,500,500,1375.13,1375.13,1032.29,Agency Bill,,,FALSE,TRUE,342.84
NSR3632911,AMFA,120208,Renewal,4/1/2025,4/1/2026,4/1/2025,12,Homeowners,HO3,Jim Le,jim.le@mail.com,"366 Lutz Inlet, Deanburgh, ME 60398",ME,"366 Lutz Inlet, Deanburgh, ME 60398",,,2007,Masonry,3,,,,,758.55,758.55,569.43,Direct Bill,,,FALSE,TRUE,189.12
PCL0791029,LIBM,120260,New,4/1/2025,4/1/2026,4/1/2025,12,Personal Auto,Private Passenger Auto,Dylan Faulkner,dylan.faulkner@policyhub.org,"45113 Courtney Manors, Mooreside, AS 54123",AS,"414 Spencer Port, Ericland, PR 96253",3,2,,,,50/100,250000,500,1000,2053.16,2053.16,1541.28,Direct Bill,,,FALSE,TRUE,511.88
URS2351000,PRGS,120004,Renewal,4/1/2025,4/1/2026,4/1/2025,12,Homeowners,HO3,Scott Little,scott.little@policyhub.org,"65605 Lee Ridge, Longhaven, SD 86912",SD,"65605 Lee Ridge, Longhaven, SD 86912",,,1997,Masonry Veneer,7,,,,,712.42,712.42,534.8,Agency Bill,,,FALSE,TRUE,177.62
VDE6640198,NATI,120263,New,4/1/2025,4/1/2026,4/1/2025,12,Personal Auto,Private Passenger Auto,Joshua Scott,joshua.scott@customer.net,"52298 Michael Passage, Riveraport, UT 91039",UT,"52298 Michael Passage, Riveraport, UT 91039",2,2,,,,25/50,100000,500,1000,3900.95,3900.95,2928.38,Direct Bill,,,FALSE,TRUE,972.57
JNR3084834,PRGS,120018,Renewal,4/1/2025,4/1/2026,4/1/2025,12,WC,Workers Compensation,Karen Sheppard,karen.sheppard@mail.com,"29532 Kaylee Cliffs, Margaretside, AR 55056",AR,"29532 Kaylee Cliffs, Margaretside, AR 55056",,,,,,,,,,10637.97,10637.97,7985.76,Agency Bill,,,FALSE,FALSE,2652.21
EJD9194274,ALLS,120041,New,4/1/2025,4/1/2026,4/1/2025,12,Personal Auto,Private Passenger Auto,Jennifer Reed,jennifer.reed@policyhub.org,"9046 Miguel Fords, Meyertown, GU 82962",GU,"9046 Miguel Fords, Meyertown, GU 82962",3,1,,,,50/100,100000,2500,500,2003.14,2003.14,1503.73,Direct Bill,,,FALSE,TRUE,499.41
EKZ7651143,GEIC,120004,New,4/1/2025,4/1/2026,4/1/2025,12,Personal Auto,Private Passenger Auto,Brian Munoz,brian.munoz@mail.com,"897 Daniel Spurs Apt. 049, Jonathonburgh, RI 87356",RI,"897 Daniel Spurs Apt. 049, Jonathonburgh, RI 87356",3,2,,,,50/100,100000,500,500,1147.42,1147.42,861.35,Direct Bill,,,FALSE,TRUE,286.07
XTM2779248,ALLS,120160,Renewal,4/1/2025,4/1/2026,4/1/2025,12,Umbrella,Personal Umbrella,Todd Clark,todd.clark@insmail.com,"793 Joseph Parkways Apt. 209, Melissaview, ME 82547",ME,"793 Joseph Parkways Apt. 209, Melissaview, ME 82547",,,,,,,,,,327.26,327.26,245.67,Direct Bill,,,FALSE,TRUE,81.59
YBT1675232,AMFA,120064,Renewal,4/1/2025,4/1/2026,4/1/2025,12,Homeowners,HO3,Juan Harris,juan.harris@example.com,"2003 Jimenez Via Suite 981, Jenkinsshire, NH 51019",NH,"2003 Jimenez Via Suite 981, Jenkinsshire, NH 51019",,,1990,Masonry Veneer,9,,,,,514.44,514.44,386.18,Direct Bill,,,FALSE,TRUE,128.26
PXN5584723,PRGS,120107,New,4/1/2025,4/1/2026,4/1/2025,12,Personal Auto,Private Passenger Auto,Susan Blevins,susan.blevins@policyhub.org,"2397 Michele Causeway, South Jacqueline, DC 69610",DC,"9388 Joseph Prairie Suite 203, West Sandra, VA 57539",2,1,,,,50/100,100000,1000,2500,880.11,880.11,660.69,Agency Bill,,,FALSE,TRUE,219.42
GNA4036475,LIBM,120214,Renewal,4/1/2025,4/1/2026,4/1/2025,12,Homeowners,HO3,Rebecca Henry,rebecca.henry@example.com,"5014 Kathy River, Danielsmouth, TX 89506",TX,"5014 Kathy River, Danielsmouth, TX 89506",,,2002,Masonry,5,,,,,918.94,918.94,689.83,Agency Bill,,,FALSE,TRUE,229.11
PWH2159586,AMFA,120097,Renewal,4/1/2025,4/1/2026,4/1/2025,12,Homeowners,HO3,Sean Johnson,sean.johnson@customer.net,"2401 Rachel Branch Apt. 626, South Taylormouth, NV 70040",NV,"80359 Fischer Meadows Apt. 823, Lake Laura, OK 06061",,,2000,Joisted Masonry,6,,,,,704.06,704.06,528.53,Agency Bill,,,FALSE,TRUE,175.53
YJW1640999,HART,120250,Endorsement,4/1/2025,4/1/2026,12/13/2025,12,Umbrella,Personal Umbrella,Casey Friedman,casey.friedman@mail.com,"03418 Thompson Divide, West Eddiemouth, RI 63064",RI,"03418 Thompson Divide, West Eddiemouth, RI 63064",,,,,,,,,,385.07,-23.83,289.07,Agency Bill,,,FALSE,TRUE,96
JDL3490732,TRAV,120135,Reinstate,4/1/2025,4/1/2026,10/6/2025,12,Package,Commercial Package,Fernando Morgan,fernando.morgan@mail.com,"73410 Steven Turnpike Apt. 210, Waltersberg, PR 72691",PR,"04780 Angie Parks, Davismouth, IN 75545",,,,Masonry,6,,,,,4546.83,0,3413.24,Direct Bill,,3/8/2022,FALSE,FALSE,1133.59
BXZ1540915,LIBM,120212,Renewal,4/1/2025,4/1/2026,4/1/2025,12,Homeowners,HO3,Melissa Fisher,melissa.fisher@customer.net,"9629 Taylor Summit Suite 530, Beckton, DE 53021",DE,"5450 Brown Square, Hollyland, NY 36328",,,2014,Frame,6,,,,,910.13,910.13,683.22,Agency Bill,,,FALSE,TRUE,226.91
GGN9230962,ALLS,120215,New,4/1/2025,4/1/2026,4/1/2025,12,Personal Auto,Private Passenger Auto,Brian Thornton,brian.thornton@policyhub.org,"90940 Myers Track, West Stephanie, MT 26059",MT,"90940 Myers Track, West Stephanie, MT 26059",3,2,,,,25/50,250000,500,1000,657.81,657.81,493.81,Direct Bill,,,FALSE,TRUE,164
REC5311571,ALLS,120100,New,4/1/2025,4/1/2026,4/1/2025,12,Personal Auto,Private Passenger Auto,Randy Fitzgerald,randy.fitzgerald@customer.net,"1607 Misty Vista Suite 174, New Robertfurt, CT 18946",CT,"1607 Misty Vista Suite 174, New Robertfurt, CT 18946",3,1,,,,50/100,250000,1000,2500,1785.85,1785.85,1340.61,Direct Bill,,,FALSE,TRUE,445.24
RXL1337650,CHUB,120200,Endorsement,4/1/2025,4/1/2026,2/26/2026,12,Umbrella,Personal Umbrella,Kristen Miller,kristen.miller@customer.net,"84023 Amy Pines Apt. 962, West Gina, FM 88584",FM,"84023 Amy Pines Apt. 962, West Gina, FM 88584",,,,,,,,,,706.52,-49.86,530.37,Direct Bill,,,FALSE,TRUE,176.15
EXK4729312,PRGS,120038,Endorsement,4/1/2025,4/1/2026,8/30/2025,12,Umbrella,Personal Umbrella,Jessica Hopkins,jessica.hopkins@example.com,"713 Gonzalez Street, Rodneyland, ID 93044",ID,"713 Gonzalez Street, Rodneyland, ID 93044",,,,,,,,,,500.2,2.2,375.49,Direct Bill,,,FALSE,TRUE,124.71
GSC4783330,TRAV,120072,New,4/1/2025,4/1/2026,4/1/2025,12,Personal Auto,Private Passenger Auto,Lisa Curry,lisa.curry@example.com,"4615 Andrew Greens, Teresashire, SC 56732",SC,"4615 Andrew Greens, Teresashire, SC 56732",1,2,,,,25/50,250000,500,500,2044.91,2044.91,1535.08,Agency Bill,,,FALSE,TRUE,509.83
VYB9967182,HART,120228,New,4/1/2025,4/1/2026,4/1/2025,12,Personal Auto,Private Passenger Auto,Roy Eaton,roy.eaton@customer.net,"2687 Joseph Causeway Apt. 565, West Teresaside, VA 62054",VA,"2687 Joseph Causeway Apt. 565, West Teresaside, VA 62054",2,3,,,,25/50,50000,500,500,2466.93,2466.93,1851.89,Direct Bill,,,FALSE,TRUE,615.04
MGX9499702,LIBM,120104,Renewal,4/1/2025,4/1/2026,4/1/2025,12,Homeowners,HO3,John Wall,john.wall@example.com,"94564 Amanda Estate, North Margaretshire, MI 47474",MI,"94564 Amanda Estate, North Margaretshire, MI 47474",,,1961,Masonry,5,,,,,3198.4,3198.4,2400.99,Agency Bill,,,FALSE,TRUE,797.41
KJZ2396267,PRGS,120248,Renewal,4/1/2025,4/1/2026,4/1/2025,12,Homeowners,HO3,Brian Gallagher,brian.gallagher@customer.net,"748 Victor Coves Suite 614, South Connieport, PA 15258",PA,"165 Faith Camp, Stevenburgh, SC 97867",,,1986,Joisted Masonry,3,,,,,500,500,375.34,Direct Bill,,,FALSE,TRUE,124.66
UBK0170279,PRGS,120231,Renewal,4/1/2025,4/1/2026,4/1/2025,12,WC,Workers Compensation,Shirley Marshall,shirley.marshall@mail.com,"845 Matthew Rapid, Davidton, SC 97627",SC,"845 Matthew Rapid, Davidton, SC 97627",,,,,,,,,,2000,2000,1501.37,Direct Bill,,,FALSE,TRUE,498.63
RGR2447935,PRGS,120215,New,4/1/2025,4/1/2026,4/1/2025,12,Personal Auto,Private Passenger Auto,Elaine Carroll,elaine.carroll@mail.com,"443 Dean Highway, Harrellhaven, RI 62413",RI,"443 Dean Highway, Harrellhaven, RI 62413",2,1,,,,50/100,250000,1000,500,1651.67,1651.67,1239.88,Direct Bill,,,FALSE,TRUE,411.79
FJW9379813,LIBM,120019,Renewal,4/1/2025,4/1/2026,4/1/2025,12,Homeowners,HO3,Sarah Shields,sarah.shields@insmail.com,"88334 Pratt Trafficway Suite 277, East Kevin, PA 00810",PA,"88334 Pratt Trafficway Suite 277, East Kevin, PA 00810",,,1991,Fire Resistive,8,,,,,959.88,959.88,720.57,Direct Bill,,,FALSE,TRUE,239.31
AUR7413049,TRAV,120133,Renewal,4/1/2025,4/1/2026,4/1/2025,12,BOP,Businessowners,Jeffrey Moyer,jeffrey.moyer@example.com,"2000 Patricia Coves Apt. 714, Marybury, SD 01059",SD,"668 Kyle Via Suite 764, Port Vincentberg, AK 38993",,,,Non-Combustible,7,,,,,12905.96,12905.96,9688.31,Direct Bill,,,FALSE,TRUE,3217.65
EBF3665464,FARM,120212,Renewal,4/1/2025,4/1/2026,4/1/2025,12,Homeowners,HO3,John Gilmore,john.gilmore@customer.net,"3589 Russell Courts Apt. 562, Henryfurt, HI 32854",HI,"73225 Porter Land Suite 674, Mcguirehaven, PA 30292",,,1991,Fire Resistive,6,,,,,4378.1,4378.1,3286.57,Direct Bill,,,FALSE,TRUE,1091.53
MZL2444516,TRAV,120262,Renewal,4/1/2025,4/1/2026,4/1/2025,12,Homeowners,HO3,Kristin Sullivan,kristin.sullivan@insmail.com,"0503 Pamela Route Apt. 147, Whiteland, MA 18750",MA,"0503 Pamela Route Apt. 147, Whiteland, MA 18750",,,2011,Frame,3,,,,,1140.4,1140.4,856.08,Agency Bill,,,FALSE,TRUE,284.32
EKY6434784,GEIC,120034,Endorsement,4/1/2025,4/1/2026,10/31/2025,12,Umbrella,Personal Umbrella,Jasmine Perez,jasmine.perez@policyhub.org,"27540 Rogers Brook Apt. 128, Sharpview, HI 73012",HI,"27540 Rogers Brook Apt. 128, Sharpview, HI 73012",,,,,,,,,,388.99,7.63,292.01,Direct Bill,,,FALSE,TRUE,96.98
MNM4294945,AMFA,120232,Renewal,4/1/2025,4/1/2026,4/1/2025,12,BOP,Businessowners,Katherine Ford,katherine.ford@customer.net,"6345 Corey Neck, South Stephenfurt, GU 54413",GU,"6345 Corey Neck, South Stephenfurt, GU 54413",,,,Non-Combustible,6,,,,,1500,1500,1126.03,Direct Bill,,,FALSE,TRUE,373.97
UCT3722452,PRGS,120090,Renewal,4/1/2025,4/1/2026,4/1/2025,12,WC,Workers Compensation,Sandra Goodman,sandra.goodman@policyhub.org,"971 Crystal Mission Suite 120, East Susan, OK 29010",OK,"971 Crystal Mission Suite 120, East Susan, OK 29010",,,,,,,,,,22331.89,22331.89,16764.21,Direct Bill,,,FALSE,FALSE,5567.68
EVP6129269,PRGS,120186,Renewal,4/1/2025,4/1/2026,4/1/2025,12,Homeowners,HO3,Mason Hines,mason.hines@customer.net,"0260 Ivan Field Apt. 600, North Micheleville, SC 93013",SC,"0260 Ivan Field Apt. 600, North Micheleville, SC 93013",,,2006,Masonry,5,,,,,2827.6,2827.6,2122.64,Agency Bill,,,FALSE,TRUE,704.96
PYV3547916,FARM,120027,Cancel,4/1/2025,2/8/2026,2/8/2026,12,Package,Commercial Package,Jessica Lynch,jessica.lynch@insmail.com,"018 David Fork Apt. 882, South Jessemouth, MS 36167",MS,"018 David Fork Apt. 882, South Jessemouth, MS 36167",,,,Frame,7,,,,,14115.79,0,12356.95,Direct Bill,11/11/2023,,FALSE,TRUE,1758.84
XSU7197965,AMFA,120129,Renewal,4/1/2025,4/1/2026,4/1/2025,12,BOP,Businessowners,Edward Rosario,edward.rosario@example.com,"95098 Drake Manor Apt. 531, East Cynthia, MS 30864",MS,"95098 Drake Manor Apt. 531, East Cynthia, MS 30864",,,,Joisted Masonry,7,,,,,1679.33,1679.33,1260.65,Direct Bill,,,FALSE,FALSE,418.68
PYG4791205,LIBM,120280,Renewal,4/1/2025,4/1/2026,4/1/2025,12,Homeowners,HO3,Mike Hill,mike.hill@insmail.com,"5769 Fields Walk, Cooleyland, RI 01539",RI,"5769 Fields Walk, Cooleyland, RI 01539",,,1979,Fire Resistive,8,,,,,1265.44,1265.44,949.95,Direct Bill,,,FALSE,TRUE,315.49
WWR0574868,LIBM,120144,New,4/1/2025,4/1/2026,4/1/2025,12,Personal Auto,Private Passenger Auto,Leslie Hendricks,leslie.hendricks@mail.com,"478 Edwards Harbor Apt. 792, East Gregory, MN 07239",MN,"478 Edwards Harbor Apt. 792, East Gregory, MN 07239",2,2,,,,50/100,100000,500,1000,1295.44,1295.44,972.47,Direct Bill,,,FALSE,TRUE,322.97
NKJ9848731,TRAV,120131,Renewal,4/1/2025,4/1/2026,4/1/2025,12,BOP,Businessowners,Justin Mathews,justin.mathews@customer.net,"52319 Fitzpatrick Rest Apt. 271, Kleinview, VA 54264",VA,"52319 Fitzpatrick Rest Apt. 271, Kleinview, VA 54264",,,,Non-Combustible,3,,,,,1707.45,1707.45,1281.76,Agency Bill,,,FALSE,TRUE,425.69
TSP5173766,NATI,120165,New,4/1/2025,4/1/2026,4/1/2025,12,Personal Auto,Private Passenger Auto,Willie Romero,willie.romero@mail.com,"26841 Steve Oval, Bennettland, IL 11559",IL,"26841 Steve Oval, Bennettland, IL 11559",1,1,,,,25/50,100000,500,1000,1808.02,1808.02,1357.25,Direct Bill,,,FALSE,TRUE,450.77
YAD8161121,HART,120136,Endorsement,4/1/2025,4/1/2026,7/30/2025,12,Umbrella,Personal Umbrella,Amanda Wyatt,amanda.wyatt@example.com,"357 Flores Creek, Perryland, AZ 79538",AZ,"357 Flores Creek, Perryland, AZ 79538",,,,,,,,,,628.88,-6.65,472.09,Direct Bill,,,FALSE,TRUE,156.79
ZJN6226216,ALLS,120069,Reinstate,4/1/2025,4/1/2026,1/23/2026,12,Package,Commercial Package,Christopher Chapman,christopher.chapman@mail.com,"6199 Frederick Trafficway, Riggsberg, MN 34596",MN,"58764 Stacey Lodge, East Caitlinhaven, PW 86685",,,,Non-Combustible,5,,,,,7036.22,0,5281.98,Direct Bill,,4/11/2021,FALSE,TRUE,1754.24
NYJ7663726,GEIC,120218,Endorsement,4/1/2025,4/1/2026,10/4/2025,12,Umbrella,Personal Umbrella,Megan Holland,megan.holland@example.com,"7158 Mcneil Crossing, Kellystad, OH 78940",OH,"7158 Mcneil Crossing, Kellystad, OH 78940",,,,,,,,,,1282.34,9.95,962.63,Direct Bill,,,FALSE,FALSE,319.71
DYR2370372,PRGS,120069,Renewal,4/1/2025,4/1/2026,4/1/2025,12,BOP,Businessowners,Kelly Jones,kelly.jones@mail.com,"52859 Peter Mall, Nicoleview, TX 31146",TX,"56842 Robbins Circle Apt. 246, Lake Jenniferstad, NV 86797",,,,Joisted Masonry,4,,,,,3307.21,3307.21,2482.67,Direct Bill,,,FALSE,FALSE,824.54
CHJ7385041,TRAV,120008,Renewal,4/1/2025,4/1/2026,4/1/2025,12,BOP,Businessowners,Christine Davis,christine.davis@customer.net,"776 Bethany Stream Suite 594, South John, UT 65934",UT,"7492 Hannah Plains Apt. 798, Dicksonchester, MD 77472",,,,Frame,5,,,,,4523.87,4523.87,3396,Direct Bill,,,FALSE,TRUE,1127.87
CKV8028351,GEIC,120189,Renewal,4/1/2025,4/1/2026,4/1/2025,12,WC,Workers Compensation,Victoria Dickerson,victoria.dickerson@insmail.com,"5720 Anthony Plaza Apt. 758, West Cynthia, SD 33084",SD,"5720 Anthony Plaza Apt. 758, West Cynthia, SD 33084",,,,,,,,,,4630.55,4630.55,3476.08,Direct Bill,,,FALSE,TRUE,1154.47
ZXR0099168,TRAV,120061,Renewal,4/1/2025,4/1/2026,4/1/2025,12,Homeowners,HO3,David Williams,david.williams@policyhub.org,"62922 Jenkins Camp, New Nicoleville, FM 83381",FM,"62922 Jenkins Camp, New Nicoleville, FM 83381",,,1992,Fire Resistive,3,,,,,2092.72,2092.72,1570.97,Direct Bill,,,FALSE,TRUE,521.75
GZX2872916,ALLS,120108,Endorsement,4/1/2025,4/1/2026,10/18/2025,12,Umbrella,Personal Umbrella,Charles Fields,charles.fields@example.com,"5038 Cross Glens, North Stephanie, OH 99761",OH,"537 Austin Grove Suite 530, West Katelynfort, KS 69163",,,,,,,,,,237.5,-1.07,178.29,Direct Bill,,,FALSE,TRUE,59.21
ECD2270671,GEIC,120041,Endorsement,4/1/2025,4/1/2026,3/6/2026,12,Umbrella,Personal Umbrella,Sylvia Francis,sylvia.francis@customer.net,"78068 Robert Prairie, New Cynthiabury, CO 65391",CO,"78068 Robert Prairie, New Cynthiabury, CO 65391",,,,,,,,,,177.57,8.76,133.3,Direct Bill,,,FALSE,FALSE,44.27
LCU5286508,FARM,120207,New,4/1/2025,4/1/2026,4/1/2025,12,Personal Auto,Private Passenger Auto,Jeffrey Larsen,jeffrey.larsen@policyhub.org,"497 Butler Radial, New Sophia, AZ 84535",AZ,"497 Butler Radial, New Sophia, AZ 84535",1,2,,,,25/50,250000,250,500,701.07,701.07,526.28,Direct Bill,,,FALSE,TRUE,174.79
RHJ3240713,TRAV,120077,Renewal,4/1/2025,4/1/2026,4/1/2025,12,Homeowners,HO3,Bryan Jackson,bryan.jackson@insmail.com,"06330 Caitlin Route Suite 645, East Craig, AL 30260",AL,"06330 Caitlin Route Suite 645, East Craig, AL 30260",,,1978,Frame,8,,,,,1486.04,1486.04,1115.55,Direct Bill,,,FALSE,TRUE,370.49
NYK3114126,CHUB,120263,Renewal,4/1/2025,4/1/2026,4/1/2025,12,Homeowners,HO3,Robert Pruitt,robert.pruitt@mail.com,"26573 Samantha Islands Suite 108, East Teresamouth, IN 38621",IN,"26573 Samantha Islands Suite 108, East Teresamouth, IN 38621",,,1997,Frame,6,,,,,564.92,564.92,424.08,Agency Bill,,,FALSE,TRUE,140.84
ADZ2849843,TRAV,120224,Endorsement,4/1/2025,4/1/2026,11/18/2025,12,Umbrella,Personal Umbrella,Michael Jones,michael.jones@example.com,"222 Anderson Forks, Stephenstad, AK 47310",AK,"222 Anderson Forks, Stephenstad, AK 47310",,,,,,,,,,243.3,-14.69,182.64,Direct Bill,,,FALSE,FALSE,60.66
NPE9383944,CHUB,120149,Renewal,4/1/2025,4/1/2026,4/1/2025,12,BOP,Businessowners,Hannah Brown,hannah.brown@mail.com,"3818 Hunt Squares, Karenberg, MI 89396",MI,"3818 Hunt Squares, Karenberg, MI 89396",,,,Frame,6,,,,,6744.08,6744.08,5062.68,Direct Bill,,,FALSE,TRUE,1681.4
NXG3796157,TRAV,120160,New,4/1/2025,4/1/2026,4/1/2025,12,Personal Auto,Private Passenger Auto,Susan Rodriguez,susan.rodriguez@insmail.com,"56574 Houston Fort Apt. 854, Christopherview, CT 27039",CT,"56574 Houston Fort Apt. 854, Christopherview, CT 27039",3,3,,,,50/100,500000,500,500,1334.93,1334.93,1002.11,Direct Bill,,,FALSE,TRUE,332.82
LKE1207834,FARM,120281,Renewal,4/1/2025,4/1/2026,4/1/2025,12,WC,Workers Compensation,Michael Cook,michael.cook@customer.net,"1018 Green Curve Suite 952, Meltonberg, VI 18976",VI,"1018 Green Curve Suite 952, Meltonberg, VI 18976",,,,,,,,,,7241.75,7241.75,5436.27,Direct Bill,,,FALSE,TRUE,1805.48
KSS4511935,ALLS,120249,Renewal,4/1/2025,4/1/2026,4/1/2025,12,Umbrella,Personal Umbrella,Jenny Hunter,jenny.hunter@example.com,"9421 Tammy Rue Suite 154, Port Melissa, UT 78368",UT,"9421 Tammy Rue Suite 154, Port Melissa, UT 78368",,,,,,,,,,485.22,485.22,364.25,Direct Bill,,,FALSE,TRUE,120.97
PSV9713598,GEIC,120275,New,4/1/2025,4/1/2026,4/1/2025,12,Personal Auto,Private Passenger Auto,Sean Davenport,sean.davenport@mail.com,"269 Taylor Valleys, Lisafort, NE 90323",NE,"269 Taylor Valleys, Lisafort, NE 90323",2,3,,,,50/100,50000,500,500,3112.45,3112.45,2336.47,Agency Bill,,,FALSE,TRUE,775.98
YVC1085610,GEIC,120066,Endorsement,4/1/2025,4/1/2026,9/27/2025,12,Umbrella,Personal Umbrella,Leslie Pierce,leslie.pierce@insmail.com,"577 Lambert Wall Suite 401, Perezton, MS 19514",MS,"577 Lambert Wall Suite 401, Perezton, MS 19514",,,,,,,,,,261.42,1.15,196.24,Direct Bill,,,FALSE,TRUE,65.18
FVC8594283,PRGS,120117,Renewal,4/1/2025,4/1/2026,4/1/2025,12,WC,Workers Compensation,Erin Torres,erin.torres@example.com,"1669 Stokes Estate Apt. 967, Port Jenniferfort, WA 59958",WA,"1669 Stokes Estate Apt. 967, Port Jenniferfort, WA 59958",,,,,,,,,,8676.53,8676.53,6513.34,Direct Bill,,,FALSE,TRUE,2163.19
SAH7386085,ALLS,120249,Renewal,4/1/2025,4/1/2026,4/1/2025,12,BOP,Businessowners,Laura Nelson,laura.nelson@policyhub.org,"783 Cole Lights Suite 931, Mannmouth, OK 37456",OK,"783 Cole Lights Suite 931, Mannmouth, OK 37456",,,,Masonry Veneer,4,,,,,5613.17,5613.17,4213.72,Direct Bill,,,FALSE,TRUE,1399.45
GHR0689363,GEIC,120123,Renewal,4/1/2025,4/1/2026,4/1/2025,12,WC,Workers Compensation,Glenn Long,glenn.long@insmail.com,"2962 Anthony Mall Apt. 216, Jeremiahmouth, UT 55925",UT,"158 Boyd Points Apt. 556, West Jerryshire, MI 38810",,,,,,,,,,4820.81,4820.81,3618.91,Agency Bill,,,FALSE,TRUE,1201.9
RZN9876413,LIBM,120071,Renewal,4/1/2025,4/1/2026,4/1/2025,12,WC,Workers Compensation,Deborah Hardin,deborah.hardin@mail.com,"006 Rodriguez Plaza, Lake Heatherhaven, KY 14567",KY,"006 Rodriguez Plaza, Lake Heatherhaven, KY 14567",,,,,,,,,,6082.18,6082.18,4565.8,Direct Bill,,,FALSE,TRUE,1516.38
TRY2935270,TRAV,120094,Renewal,4/1/2025,4/1/2026,4/1/2025,12,BOP,Businessowners,Marcia Kim,marcia.kim@insmail.com,"93437 Schwartz Plain Apt. 488, Port Micheleport, GU 01293",GU,"93437 Schwartz Plain Apt. 488, Port Micheleport, GU 01293",,,,Joisted Masonry,7,,,,,1603,1603,1203.35,Direct Bill,,,FALSE,TRUE,399.65
YHE7487429,LIBM,120162,Renewal,4/1/2025,4/1/2026,4/1/2025,12,BOP,Businessowners,Jeremy Lewis,jeremy.lewis@insmail.com,"78186 Rebecca Ferry, North Josephshire, ME 42185",ME,"78186 Rebecca Ferry, North Josephshire, ME 42185",,,,Masonry,4,,,,,3943.03,3943.03,2959.97,Direct Bill,,,FALSE,TRUE,983.06
ZPE9500638,NATI,120069,Renewal,4/1/2025,4/1/2026,4/1/2025,12,Personal Auto,Private Passenger Auto,Leah Carney,leah.carney@insmail.com,"529 Walton Camp Suite 421, Tammyville, LA 15131",LA,"529 Walton Camp Suite 421, Tammyville, LA 15131",2,1,,,,50/100,50000,1000,250,864.44,864.44,648.92,Direct Bill,,,FALSE,TRUE,215.52
TAB1542108,FARM,120224,Renewal,4/1/2025,4/1/2026,4/1/2025,12,Homeowners,HO3,Michael Walker,michael.walker@example.com,"690 Hawkins Ford Suite 592, Jacksontown, IA 55277",IA,"690 Hawkins Ford Suite 592, Jacksontown, IA 55277",,,1996,Frame,6,,,,,1998.14,1998.14,1499.97,Agency Bill,,,FALSE,TRUE,498.17
EVE7907160,CHUB,120176,Renewal,4/1/2025,4/1/2026,4/1/2025,12,Personal Auto,Private Passenger Auto,Julia Baldwin,julia.baldwin@example.com,"252 Christopher Tunnel, South Kimberlyview, KY 63623",KY,"252 Christopher Tunnel, South Kimberlyview, KY 63623",2,1,,,,50/100,50000,250,2500,1190.99,1190.99,894.06,Agency Bill,,,FALSE,TRUE,296.93
RRT2628315,NATI,120015,Renewal,4/1/2025,4/1/2026,4/1/2025,12,WC,Workers Compensation,Troy Manning,troy.manning@customer.net,"24556 Choi Villages Apt. 950, West Brian, GU 77231",GU,"24556 Choi Villages Apt. 950, West Brian, GU 77231",,,,,,,,,,6554.22,6554.22,4920.15,Direct Bill,,,FALSE,TRUE,1634.07
KCL5513559,GEIC,120162,Renewal,4/1/2025,4/1/2026,4/1/2025,12,BOP,Businessowners,Courtney Bender,courtney.bender@policyhub.org,"74203 Kathryn Radial Apt. 639, New Susan, VT 63298",VT,"74203 Kathryn Radial Apt. 639, New Susan, VT 63298",,,,Frame,6,,,,,3729.45,3729.45,2799.64,Direct Bill,,,FALSE,TRUE,929.81
SJU6163021,TRAV,120077,Renewal,4/1/2025,4/1/2026,4/1/2025,12,WC,Workers Compensation,Scott Wagner,scott.wagner@example.com,"80477 Russell Points, Mosleyborough, WV 03083",WV,"80477 Russell Points, Mosleyborough, WV 03083",,,,,,,,,,7711.8,7711.8,5789.13,Direct Bill,,,FALSE,FALSE,1922.67
SLY6417021,NATI,120038,Renewal,4/1/2025,4/1/2026,4/1/2025,12,BOP,Businessowners,Jessica Mckinney,jessica.mckinney@policyhub.org,"811 Hughes Roads, New Melissamouth, SD 57275",SD,"811 Hughes Roads, New Melissamouth, SD 57275",,,,Masonry,5,,,,,3174.65,3174.65,2383.16,Direct Bill,,,FALSE,TRUE,791.49
ZRD1728408,HART,120180,Renewal,4/1/2025,4/1/2026,4/1/2025,12,WC,Workers Compensation,George Sloan,george.sloan@customer.net,"14149 Barker Haven, South Sandraberg, NV 92156",NV,"14149 Barker Haven, South Sandraberg, NV 92156",,,,,,,,,,25000,25000,18767.12,Direct Bill,,,FALSE,FALSE,6232.88
ARN0054116,NATI,120007,Renewal,4/1/2025,4/1/2026,4/1/2025,12,Homeowners,HO3,Kyle Parks,kyle.parks@insmail.com,"131 Dennis Junction Suite 861, West Brandi, IA 88648",IA,"131 Dennis Junction Suite 861, West Brandi, IA 88648",,,1990,Fire Resistive,7,,,,,2260.76,2260.76,1697.12,Direct Bill,,,FALSE,TRUE,563.64
CWF8387579,PRGS,120097,Endorsement,4/1/2025,4/1/2026,4/30/2025,12,Umbrella,Personal Umbrella,Virginia Jacobson,virginia.jacobson@example.com,"2140 James Centers Apt. 638, East Ericaside, LA 17068",LA,"2140 James Centers Apt. 638, East Ericaside, LA 17068",,,,,,,,,,424.84,20.19,318.92,Direct Bill,,,FALSE,TRUE,105.92
PZM8271220,GEIC,120162,New,4/1/2025,4/1/2026,4/1/2025,12,Personal Auto,Private Passenger Auto,Natasha Lamb,natasha.lamb@customer.net,"9089 Johnson Common, New David, PA 97242",PA,"432 Erin Mountains, Woodshire, AR 05038",2,3,,,,50/100,50000,500,1000,1128.29,1128.29,846.99,Agency Bill,,,FALSE,TRUE,281.3
TWE2604792,GEIC,120043,Renewal,4/1/2025,4/1/2026,4/1/2025,12,Homeowners,HO3,Charles Mathis,charles.mathis@mail.com,"11184 Cheryl Ville Suite 828, Lindseyhaven, PA 60715",PA,"11184 Cheryl Ville Suite 828, Lindseyhaven, PA 60715",,,2016,Frame,3,,,,,1111.54,1111.54,834.42,Direct Bill,,,FALSE,TRUE,277.12
XXH3577340,HART,120087,Renewal,4/1/2025,4/1/2026,4/1/2025,12,Homeowners,HO3,Melissa Edwards,melissa.edwards@insmail.com,"80528 Lisa Mill Suite 755, North Ashley, MN 36287",MN,"80528 Lisa Mill Suite 755, North Ashley, MN 36287",,,2003,Frame,8,,,,,1610.57,1610.57,1209.03,Agency Bill,,,FALSE,FALSE,401.54
MBL0124080,LIBM,120095,New,4/1/2025,4/1/2026,4/1/2025,12,Personal Auto,Private Passenger Auto,Crystal Stein,crystal.stein@mail.com,"659 Chen Neck, Lake Robin, SC 39280",SC,"659 Chen Neck, Lake Robin, SC 39280",3,1,,,,50/100,100000,500,500,1121.18,1121.18,841.65,Direct Bill,,,FALSE,FALSE,279.53
KKK0697155,GEIC,120078,Renewal,4/1/2025,4/1/2026,4/1/2025,12,BOP,Businessowners,Angela Morales,angela.morales@customer.net,"5547 Crystal Grove Apt. 286, Lake Jenniferfort, ND 31319",ND,"893 Lawrence Glens, Roberthaven, WA 54066",,,,Joisted Masonry,6,,,,,3832.76,3832.76,2877.2,Agency Bill,,,FALSE,FALSE,955.56
KGD7494608,FARM,120119,Renewal,4/1/2025,4/1/2026,4/1/2025,12,BOP,Businessowners,Joseph Williams,joseph.williams@example.com,"30251 Campbell Parks Suite 222, North Adam, OR 03066",OR,"30251 Campbell Parks Suite 222, North Adam, OR 03066",,,,Masonry,6,,,,,4248.44,4248.44,3189.24,Direct Bill,,,FALSE,FALSE,1059.2
MCY2497465,HART,120038,Renewal,4/1/2025,4/1/2026,4/1/2025,12,WC,Workers Compensation,Sara Williams,sara.williams@insmail.com,"266 Chavez Pass, West Jamesside, KS 39509",KS,"198 Holmes Junctions, New Nathanmouth, MO 34599",,,,,,,,,,4456.36,4456.36,3345.32,Direct Bill,,,FALSE,FALSE,1111.04
EMY7929958,TRAV,120070,Endorsement,4/1/2025,4/1/2026,12/11/2025,12,Umbrella,Personal Umbrella,Mary Bryant,mary.bryant@policyhub.org,"97481 Rojas Fort, Port Davidfort, VA 87070",VA,"97481 Rojas Fort, Port Davidfort, VA 87070",,,,,,,,,,1117.65,-6.64,839,Direct Bill,,,FALSE,TRUE,278.65
UVT7129437,GEIC,120207,New,4/1/2025,4/1/2026,4/1/2025,12,Personal Auto,Private Passenger Auto,Ryan Clark,ryan.clark@mail.com,"4985 Dana Gateway Apt. 459, Lawrenceside, OR 25474",OR,"4985 Dana Gateway Apt. 459, Lawrenceside, OR 25474",4,1,,,,50/100,100000,1000,500,770.7,770.7,578.55,Agency Bill,,,FALSE,FALSE,192.15
UFM9123928,GEIC,120174,Renewal,4/1/2025,4/1/2026,4/1/2025,12,BOP,Businessowners,Steven Walter,steven.walter@example.com,"537 Danielle Ramp, Camachohaven, GA 92554",GA,"537 Danielle Ramp, Camachohaven, GA 92554",,,,Frame,5,,,,,2664.51,2664.51,2000.21,Agency Bill,,,FALSE,TRUE,664.3
SXC0635984,LIBM,120255,New,4/1/2025,4/1/2026,4/1/2025,12,Personal Auto,Private Passenger Auto,Bridget Daugherty,bridget.daugherty@mail.com,"123 Diana Crossroad, Ashleyside, GU 08803",GU,"123 Diana Crossroad, Ashleyside, GU 08803",1,3,,,,50/100,100000,250,500,1718.93,1718.93,1290.37,Direct Bill,,,FALSE,TRUE,428.56
YLL1719997,PRGS,120241,Renewal,4/1/2025,4/1/2026,4/1/2025,12,BOP,Businessowners,Antonio Wright,antonio.wright@example.com,"041 Lisa Meadow Apt. 307, Elizabethborough, WV 35501",WV,"678 Carter Inlet, Port Benjamin, CA 81763",,,,Masonry Veneer,2,,,,,7653.17,7653.17,5745.12,Direct Bill,,,FALSE,TRUE,1908.05
LYD0424753,GEIC,120144,Renewal,4/1/2025,4/1/2026,4/1/2025,12,Homeowners,HO3,Jonathan Hill,jonathan.hill@policyhub.org,"8669 Mcdonald Summit, Liushire, IN 04461",IN,"8669 Mcdonald Summit, Liushire, IN 04461",,,1975,Joisted Masonry,3,,,,,1467.38,1467.38,1101.54,Direct Bill,,,FALSE,FALSE,365.84
PWZ7393031,AMFA,120145,Endorsement,4/1/2025,4/1/2026,6/16/2025,12,Umbrella,Personal Umbrella,Sara Flores,sara.flores@mail.com,"3713 Michelle Spur, Bryanport, IN 13106",IN,"3713 Michelle Spur, Bryanport, IN 13106",,,,,,,,,,480.31,-34.49,360.56,Agency Bill,,,FALSE,TRUE,119.75
JXG4478722,PRGS,120060,New,4/1/2025,4/1/2026,4/1/2025,12,Personal Auto,Private Passenger Auto,Austin Cohen,austin.cohen@insmail.com,"7033 Vasquez Creek Apt. 327, Ruizborough, PA 21284",PA,"22761 Daniel Avenue Apt. 344, East Alexanderton, LA 38798",1,3,,,,50/100,250000,250,500,4000,4000,3002.74,Agency Bill,,,FALSE,TRUE,997.26
XBV9433661,CHUB,120277,Endorsement,4/1/2025,4/1/2026,8/29/2025,12,Umbrella,Personal Umbrella,Natalie Jensen,natalie.jensen@example.com,"667 Myers Parkways, South Brendaville, AK 14157",AK,"191 Joel Creek, Katrinaberg, CO 58222",,,,,,,,,,284.04,-6.89,213.22,Agency Bill,,,FALSE,TRUE,70.82
PEF0161648,GEIC,120065,Rewrite,4/1/2025,4/1/2026,4/1/2025,12,Package,Commercial Package,Amy Ramirez,amy.ramirez@example.com,"2899 Scott Isle, Lake Georgemouth, NE 04114",NE,"2899 Scott Isle, Lake Georgemouth, NE 04114",,,,Frame,7,,,,,10562.93,10562.93,7929.43,Direct Bill,,,TRUE,TRUE,2633.5
EPP3351320,GEIC,120165,New,4/1/2025,4/1/2026,4/1/2025,12,Personal Auto,Private Passenger Auto,Eric Harrison,eric.harrison@insmail.com,"23812 Christopher Park, Cameronborough, CO 25248",CO,"23812 Christopher Park, Cameronborough, CO 25248",3,1,,,,50/100,250000,250,500,2232.61,2232.61,1675.99,Direct Bill,,,FALSE,TRUE,556.62
TDB7434987,LIBM,120147,Endorsement,4/1/2025,4/1/2026,4/15/2025,12,Umbrella,Personal Umbrella,Katelyn Morgan,katelyn.morgan@insmail.com,"657 Gregory Pines Suite 285, Dodsonmouth, NY 70046",NY,"657 Gregory Pines Suite 285, Dodsonmouth, NY 70046",,,,,,,,,,483.88,-37.88,363.24,Direct Bill,,,FALSE,FALSE,120.64
NSE8033644,FARM,120199,Renewal,4/1/2025,4/1/2026,4/1/2025,12,BOP,Businessowners,Elizabeth Colon,elizabeth.colon@customer.net,"83593 Jennifer Ferry Apt. 223, Kelseychester, WV 44270",WV,"83593 Jennifer Ferry Apt. 223, Kelseychester, WV 44270",,,,Frame,7,,,,,8004.44,8004.44,6008.81,Direct Bill,,,FALSE,FALSE,1995.63
UFH8952517,HART,120268,New,4/1/2025,4/1/2026,4/1/2025,12,Personal Auto,Private Passenger Auto,Eric Brown,eric.brown@customer.net,"09053 Douglas Fall Apt. 234, New Michellestad, ID 70794",ID,"09053 Douglas Fall Apt. 234, New Michellestad, ID 70794",1,2,,,,50/100,25000,250,1000,2112.5,2112.5,1585.82,Direct Bill,,,FALSE,TRUE,526.68
NGZ8307671,GEIC,120084,Renewal,4/1/2025,4/1/2026,4/1/2025,12,Umbrella,Personal Umbrella,Brandon Allen,brandon.allen@insmail.com,"904 Debbie Station Apt. 356, Michaelshire, MH 80622",MH,"904 Debbie Station Apt. 356, Michaelshire, MH 80622",,,,,,,,,,673.85,673.85,505.85,Direct Bill,,,FALSE,TRUE,168
FDD1935484,LIBM,120289,New,4/1/2025,4/1/2026,4/1/2025,12,Personal Auto,Private Passenger Auto,Christopher Cannon,christopher.cannon@example.com,"6531 Bell Avenue, East Kelsey, DC 37856",DC,"6531 Bell Avenue, East Kelsey, DC 37856",2,2,,,,25/50,100000,500,500,1453.76,1453.76,1091.32,Direct Bill,,,FALSE,TRUE,362.44
XFB4200688,HART,120191,Renewal,4/1/2025,4/1/2026,4/1/2025,12,Homeowners,HO3,Brittany Matthews,brittany.matthews@policyhub.org,"70756 Cole Terrace, Ryanton, VT 34100",VT,"0670 Karen Estates, Lake Davidland, MS 66556",,,2002,Frame,7,,,,,610,610,457.92,Direct Bill,,,FALSE,FALSE,152.08
UYH0249749,ALLS,120205,Renewal,4/1/2025,4/1/2026,4/1/2025,12,Homeowners,HO3,Patricia Calderon,patricia.calderon@example.com,"313 Robinson Harbors, Maxtown, MI 97052",MI,"313 Robinson Harbors, Maxtown, MI 97052",,,2014,Non-Combustible,7,,,,,2547.48,2547.48,1912.35,Direct Bill,,,FALSE,TRUE,635.13
YMP1746612,LIBM,120014,New,4/1/2025,4/1/2026,4/1/2025,12,Personal Auto,Private Passenger Auto,Nicole Williams,nicole.williams@example.com,"266 Hopkins Landing, West Isabellaton, GU 50949",GU,"75770 Patrick Ways, Morenoshire, ND 85946",3,2,,,,50/100,100000,500,500,1174.19,1174.19,881.45,Direct Bill,,,FALSE,TRUE,292.74
BRJ8768113,GEIC,120249,Renewal,4/1/2025,4/1/2026,4/1/2025,12,Personal Auto,Private Passenger Auto,Brian Lopez,brian.lopez@customer.net,"805 Luis Corner Apt. 173, Lake Jamiefort, VI 44858",VI,"805 Luis Corner Apt. 173, Lake Jamiefort, VI 44858",2,1,,,,50/100,100000,1000,500,300,300,225.21,Direct Bill,,,FALSE,TRUE,74.79
AKN6169469,HART,120169,New,4/1/2025,4/1/2026,4/1/2025,12,Personal Auto,Private Passenger Auto,Ashley Cooper,ashley.cooper@policyhub.org,"68959 Reynolds Avenue, New Jaredstad, AL 29557",AL,"84165 Jasmine Canyon Suite 723, East Kurt, ND 30063",1,2,,,,50/100,100000,2500,500,1417.49,1417.49,1064.09,Direct Bill,,,FALSE,TRUE,353.4
EYH6751838,LIBM,120197,Renewal,4/1/2025,4/1/2026,4/1/2025,12,Homeowners,HO3,James Stevens,james.stevens@policyhub.org,"4239 Greene Vista Apt. 783, Port Alexanderton, WA 46227",WA,"4239 Greene Vista Apt. 783, Port Alexanderton, WA 46227",,,1972,Masonry Veneer,4,,,,,2510.89,2510.89,1884.89,Direct Bill,,,FALSE,TRUE,626
FRF7119914,ALLS,120133,Endorsement,4/1/2025,4/1/2026,9/8/2025,12,Umbrella,Personal Umbrella,Cindy Khan,cindy.khan@insmail.com,"79007 Thomas Cove, Pamelaview, NV 26744",NV,"79007 Thomas Cove, Pamelaview, NV 26744",,,,,,,,,,614.2,7.36,461.07,Direct Bill,,,FALSE,FALSE,153.13
KKW6767931,NATI,120229,New,4/1/2025,4/1/2026,4/1/2025,12,Personal Auto,Private Passenger Auto,Barbara Hayes,barbara.hayes@mail.com,"723 Cooper Unions, Lisafort, FL 37424",FL,"723 Cooper Unions, Lisafort, FL 37424",4,4,,,,50/100,250000,500,1000,3276.47,3276.47,2459.6,Direct Bill,,,FALSE,FALSE,816.87
BMW2387402,NATI,120221,Renewal,4/1/2025,4/1/2026,4/1/2025,12,Homeowners,HO3,Carol Wagner,carol.wagner@policyhub.org,"30664 John Lake, Port Benjaminberg, DC 80196",DC,"30664 John Lake, Port Benjaminberg, DC 80196",,,1991,Frame,5,,,,,2838.23,2838.23,2130.62,Direct Bill,,,FALSE,TRUE,707.61
TCB6434607,GEIC,120144,New,4/1/2025,4/1/2026,4/1/2025,12,Personal Auto,Private Passenger Auto,Julie Walters,julie.walters@policyhub.org,"2970 Katherine Bridge, Annton, VI 62184",VI,"2970 Katherine Bridge, Annton, VI 62184",3,1,,,,50/100,250000,1000,250,1879.37,1879.37,1410.81,Direct Bill,,,FALSE,TRUE,468.56
ZEV5941616,GEIC,120274,Renewal,4/1/2025,4/1/2026,4/1/2025,12,Homeowners,HO3,Megan Herrera,megan.herrera@policyhub.org,"0268 Michael Meadow Suite 104, Davidfort, ID 39329",ID,"0268 Michael Meadow Suite 104, Davidfort, ID 39329",,,2016,Joisted Masonry,4,,,,,1836.16,1836.16,1378.38,Direct Bill,,,FALSE,TRUE,457.78
LFC7051286,LIBM,120243,New,4/1/2025,4/1/2026,4/1/2025,12,Personal Auto,Private Passenger Auto,Michael Zuniga,michael.zuniga@customer.net,"7298 Dan Avenue, North Samuel, AZ 48276",AZ,"7298 Dan Avenue, North Samuel, AZ 48276",4,2,,,,25/50,100000,250,500,2359.97,2359.97,1771.59,Direct Bill,,,FALSE,TRUE,588.38
FXC4767343,NATI,120083,New,4/1/2025,4/1/2026,4/1/2025,12,Personal Auto,Private Passenger Auto,Mark Perry,mark.perry@mail.com,"788 Smith Hollow, Eduardomouth, MH 92491",MH,"788 Smith Hollow, Eduardomouth, MH 92491",1,2,,,,50/100,50000,250,500,1542.56,1542.56,1157.98,Direct Bill,,,FALSE,TRUE,384.58
NCX5428175,PRGS,120054,Endorsement,4/1/2025,4/1/2026,12/17/2025,12,Umbrella,Personal Umbrella,James Robinson,james.robinson@policyhub.org,"8304 Torres Path Suite 909, Jamesstad, SC 95257",SC,"8304 Torres Path Suite 909, Jamesstad, SC 95257",,,,,,,,,,310.82,-21.74,233.33,Direct Bill,,,FALSE,TRUE,77.49
EGX7492317,HART,120110,Reinstate,4/1/2025,4/1/2026,6/1/2025,12,Package,Commercial Package,Jeremy Estrada,jeremy.estrada@policyhub.org,"04226 Daniels Square Suite 842, Port Maria, GA 58795",GA,"04226 Daniels Square Suite 842, Port Maria, GA 58795",,,,Masonry Veneer,3,,,,,7529.47,0,5652.26,Direct Bill,,8/11/2023,FALSE,TRUE,1877.21
GZC9975466,NATI,120005,New,4/1/2025,4/1/2026,4/1/2025,12,Personal Auto,Private Passenger Auto,Amy Martin,amy.martin@customer.net,"62687 Paul Mews Apt. 065, New Cheryl, OH 68867",OH,"078 Foley Fields, East Jesse, AS 37376",1,2,,,,25/50,100000,500,500,1931.63,1931.63,1450.05,Direct Bill,,,FALSE,TRUE,481.58
MGE6207429,FARM,120196,Renewal,4/1/2025,4/1/2026,4/1/2025,12,Umbrella,Personal Umbrella,Barry Phelps,barry.phelps@policyhub.org,"347 David Crescent Suite 650, Kaitlinbury, TX 40045",TX,"347 David Crescent Suite 650, Kaitlinbury, TX 40045",,,,,,,,,,268.59,268.59,201.63,Agency Bill,,,FALSE,TRUE,66.96
DUK4219916,PRGS,120123,Renewal,4/1/2025,4/1/2026,4/1/2025,12,Homeowners,HO3,Scott Lamb,scott.lamb@customer.net,"960 Velazquez Key Suite 150, North Eric, VT 93781",VT,"960 Velazquez Key Suite 150, North Eric, VT 93781",,,2011,Joisted Masonry,8,,,,,1000.95,1000.95,751.4,Agency Bill,,,FALSE,TRUE,249.55
AMG5924575,TRAV,120087,Renewal,4/1/2025,4/1/2026,4/1/2025,12,Personal Auto,Private Passenger Auto,Tanya Wells,tanya.wells@example.com,"121 Seth Plains Apt. 319, Harrisville, AL 74746",AL,"40101 Matthews Inlet, Barneshaven, MA 20925",2,3,,,,50/100,100000,500,500,4000,4000,3002.74,Direct Bill,,,FALSE,TRUE,997.26
ZVF9154693,LIBM,120097,Renewal,4/1/2025,4/1/2026,4/1/2025,12,Homeowners,HO3,Laura Schwartz,laura.schwartz@policyhub.org,"7066 Campbell Garden, Lake Mary, KY 05118",KY,"7066 Campbell Garden, Lake Mary, KY 05118",,,2017,Fire Resistive,7,,,,,4046.73,4046.73,3037.82,Direct Bill,,,FALSE,TRUE,1008.91
PNW6577142,NATI,120071,New,4/1/2025,4/1/2026,4/1/2025,12,Personal Auto,Private Passenger Auto,Beth Clark,beth.clark@customer.net,"69154 Mendoza Points Suite 807, Hubbardfurt, MS 92675",MS,"69154 Mendoza Points Suite 807, Hubbardfurt, MS 92675",4,3,,,,50/100,100000,500,1000,2768.09,2768.09,2077.96,Direct Bill,,,FALSE,TRUE,690.13
WJU3025112,TRAV,120143,Renewal,4/1/2025,4/1/2026,4/1/2025,12,Homeowners,HO3,Pamela Buchanan,pamela.buchanan@customer.net,"372 Jamie Station, Wilsonmouth, ND 82167",ND,"372 Jamie Station, Wilsonmouth, ND 82167",,,2018,Non-Combustible,9,,,,,2936.17,2936.17,2204.14,Direct Bill,,,FALSE,TRUE,732.03
JKA8341778,GEIC,120109,Renewal,4/1/2025,4/1/2026,4/1/2025,12,WC,Workers Compensation,Brian Morales,brian.morales@customer.net,"32997 Jennifer Streets, East Robert, UT 02246",UT,"32997 Jennifer Streets, East Robert, UT 02246",,,,,,,,,,10159.19,10159.19,7626.35,Direct Bill,,,FALSE,FALSE,2532.84
VYC6101744,LIBM,120170,Renewal,4/1/2025,4/1/2026,4/1/2025,12,Homeowners,HO3,David Buchanan,david.buchanan@insmail.com,"99007 Lauren Lane Suite 049, Burkeburgh, IA 74502",IA,"99007 Lauren Lane Suite 049, Burkeburgh, IA 74502",,,1999,Masonry,8,,,,,1022.87,1022.87,767.85,Direct Bill,,,FALSE,TRUE,255.02
LMF0190068,GEIC,120056,New,4/1/2025,4/1/2026,4/1/2025,12,Personal Auto,Private Passenger Auto,Mark Odom,mark.odom@example.com,"0912 Holly Highway, Angelaton, TN 32615",TN,"0912 Holly Highway, Angelaton, TN 32615",3,2,,,,25/50,50000,250,500,900.44,900.44,675.95,Agency Bill,,,FALSE,TRUE,224.49
ZAU1911292,GEIC,120196,Cancel,4/1/2025,5/10/2025,5/10/2025,12,Package,Commercial Package,Kathleen Ward,kathleen.ward@insmail.com,"18445 Smith Neck, North John, GU 76234",GU,"18445 Smith Neck, North John, GU 76234",,,,Frame,5,,,,,10510.9,0,10510.9,Direct Bill,7/20/2022,,FALSE,TRUE,0
FHS4849378,TRAV,120185,Renewal,4/1/2025,4/1/2026,4/1/2025,12,BOP,Businessowners,Brittany Boyd,brittany.boyd@example.com,"87265 Jim Brooks Suite 168, Brettmouth, MS 75601",MS,"87265 Jim Brooks Suite 168, Brettmouth, MS 75601",,,,Frame,6,,,,,2175.85,2175.85,1633.38,Direct Bill,,,FALSE,TRUE,542.47
YWT8478083,HART,120018,Renewal,4/1/2025,4/1/2026,4/1/2025,12,BOP,Businessowners,Seth Wood,seth.wood@example.com,"3699 Gina Field, Port Jose, AR 50335",AR,"26388 Reed Ville, Lake David, MD 82961",,,,Non-Combustible,2,,,,,4535.9,4535.9,3405.03,Direct Bill,,,FALSE,FALSE,1130.87
PCB2724712,HART,120253,Renewal,4/1/2025,4/1/2026,4/1/2025,12,Personal Auto,Private Passenger Auto,Heather Bell,heather.bell@customer.net,"84803 Maxwell Cape, Port Bethmouth, RI 41409",RI,"505 Tanner Rest, Reynoldsbury, MD 97703",1,1,,,,50/100,50000,1000,500,1335.26,1335.26,1002.36,Agency Bill,,,FALSE,TRUE,332.9
SHZ1849605,FARM,120257,Renewal,4/1/2025,4/1/2026,4/1/2025,12,Homeowners,HO3,Joe Carroll,joe.carroll@customer.net,"483 Davis Heights, East Ryan, ND 52740",ND,"483 Davis Heights, East Ryan, ND 52740",,,1998,Masonry,7,,,,,1136.25,1136.25,852.97,Direct Bill,,,FALSE,TRUE,283.28
ENN6543224,ALLS,120085,Renewal,4/1/2025,4/1/2026,4/1/2025,12,Homeowners,HO3,Robin Rodriguez,robin.rodriguez@insmail.com,"45928 Jeffrey Valleys, Jordanburgh, MO 94882",MO,"45928 Jeffrey Valleys, Jordanburgh, MO 94882",,,1967,Fire Resistive,4,,,,,1826.18,1826.18,1370.89,Direct Bill,,,FALSE,TRUE,455.29
MFG5401550,LIBM,120052,Cancel,4/1/2025,11/4/2025,11/4/2025,12,Package,Commercial Package,Brian Nguyen,brian.nguyen@insmail.com,"57393 Michael Loop, Lake Scottland, GU 30410",GU,"57393 Michael Loop, Lake Scottland, GU 30410",,,,Joisted Masonry,7,,,,,3000,0,3000,Direct Bill,3/25/2024,,FALSE,TRUE,0
YUM0826952,HART,120198,Renewal,4/1/2025,4/1/2026,4/1/2025,12,BOP,Businessowners,Jerome Scott,jerome.scott@insmail.com,"9657 Robinson Throughway, Lorrainetown, MI 31647",MI,"9657 Robinson Throughway, Lorrainetown, MI 31647",,,,Frame,4,,,,,1500,1500,1126.03,Direct Bill,,,FALSE,TRUE,373.97
CUH7708592,LIBM,120042,Renewal,4/1/2025,4/1/2026,4/1/2025,12,Homeowners,HO3,Dennis Clark,dennis.clark@example.com,"89715 Bobby Stravenue, West Jennifermouth, NE 79961",NE,"89715 Bobby Stravenue, West Jennifermouth, NE 79961",,,1996,Masonry,4,,,,,1119.63,1119.63,840.49,Direct Bill,,,FALSE,TRUE,279.14
XYY5531940,GEIC,120143,Renewal,4/1/2025,4/1/2026,4/1/2025,12,Homeowners,HO3,Fernando Davis,fernando.davis@insmail.com,"08602 English Mall, Olsenside, AS 31004",AS,"462 Evans Garden Apt. 975, Heatherhaven, PW 95224",,,2004,Joisted Masonry,9,,,,,2887.71,2887.71,2167.76,Direct Bill,,,FALSE,TRUE,719.95
DXL2587625,FARM,120069,Renewal,4/1/2025,4/1/2026,4/1/2025,12,Personal Auto,Private Passenger Auto,Brad Smith,brad.smith@example.com,"600 Reid Landing Apt. 027, West Brittanyburgh, OH 48051",OH,"600 Reid Landing Apt. 027, West Brittanyburgh, OH 48051",4,2,,,,50/100,100000,1000,250,2345.44,2345.44,1760.69,Direct Bill,,,FALSE,FALSE,584.75
ETM8406107,GEIC,120279,New,4/1/2025,4/1/2026,4/1/2025,12,Personal Auto,Private Passenger Auto,Christopher Wilson,christopher.wilson@example.com,"515 Ryan Greens, Lake Melissaville, IA 78738",IA,"1182 French Row Suite 529, Mistyton, FM 37858",4,2,,,,25/50,250000,1000,1000,1395.87,1395.87,1047.86,Direct Bill,,,FALSE,TRUE,348.01
XZR0024103,FARM,120141,New,4/1/2025,4/1/2026,4/1/2025,12,Personal Auto,Private Passenger Auto,Laura Martin,laura.martin@customer.net,"11887 Snyder Fields Suite 899, East Marietown, ME 25895",ME,"11887 Snyder Fields Suite 899, East Marietown, ME 25895",1,1,,,,50/100,100000,500,250,881.45,881.45,661.69,Direct Bill,,,FALSE,TRUE,219.76
SXH6435829,TRAV,120226,Renewal,4/1/2025,4/1/2026,4/1/2025,12,Homeowners,HO3,Eric Castillo,eric.castillo@example.com,"72103 Lopez Estate Apt. 229, New Davidtown, MN 51297",MN,"15654 Evans Well Apt. 880, West Lisamouth, FM 77958",,,2002,Masonry Veneer,1,,,,,790.96,790.96,593.76,Direct Bill,,,FALSE,TRUE,197.2
LRB6105081,PRGS,120097,Renewal,4/1/2025,4/1/2026,4/1/2025,12,Personal Auto,Private Passenger Auto,Jared Dickson,jared.dickson@insmail.com,"4386 Michelle Rapid Apt. 166, Shannonville, GA 98401",GA,"4386 Michelle Rapid Apt. 166, Shannonville, GA 98401",3,3,,,,50/100,50000,250,500,2124.94,2124.94,1595.16,Direct Bill,,,FALSE,TRUE,529.78
CBK2045199,NATI,120272,Renewal,4/1/2025,4/1/2026,4/1/2025,12,Homeowners,HO3,Jeffrey Hill,jeffrey.hill@customer.net,"431 Tyler Streets, West Heathermouth, DE 43848",DE,"431 Tyler Streets, West Heathermouth, DE 43848",,,1965,Masonry,4,,,,,931.45,931.45,699.23,Direct Bill,,,FALSE,TRUE,232.22
LZJ5405193,TRAV,120113,New,4/1/2025,4/1/2026,4/1/2025,12,Personal Auto,Private Passenger Auto,Michelle Charles,michelle.charles@customer.net,"15631 Victoria Mission, North Katieside, SC 20589",SC,"15631 Victoria Mission, North Katieside, SC 20589",1,1,,,,50/100,100000,1000,1000,1008.36,1008.36,756.96,Agency Bill,,,FALSE,TRUE,251.4
PVS9557186,LIBM,120047,Renewal,4/1/2025,4/1/2026,4/1/2025,12,Personal Auto,Private Passenger Auto,Cheryl Tran,cheryl.tran@example.com,"24191 Alexandra Terrace, South Rebeccaside, NC 11138",NC,"24191 Alexandra Terrace, South Rebeccaside, NC 11138",2,2,,,,50/100,250000,250,500,2259.87,2259.87,1696.45,Direct Bill,,,FALSE,TRUE,563.42
NNC2312576,NATI,120084,Renewal,4/1/2025,4/1/2026,4/1/2025,12,Homeowners,HO3,Diane Rodriguez,diane.rodriguez@example.com,"95065 Duarte Roads Suite 119, East Vanessa, VA 94116",VA,"95065 Duarte Roads Suite 119, East Vanessa, VA 94116",,,1980,Frame,7,,,,,3289.28,3289.28,2469.21,Direct Bill,,,FALSE,TRUE,820.07
GHZ8118819,GEIC,120224,Renewal,4/1/2025,4/1/2026,4/1/2025,12,BOP,Businessowners,Elizabeth Wright,elizabeth.wright@policyhub.org,"32346 Santos Causeway Apt. 009, Mayburgh, KS 51108",KS,"32346 Santos Causeway Apt. 009, Mayburgh, KS 51108",,,,Fire Resistive,7,,,,,3947.79,3947.79,2963.55,Direct Bill,,,FALSE,FALSE,984.24
YRY1220525,GEIC,120024,Renewal,4/1/2025,4/1/2026,4/1/2025,12,BOP,Businessowners,Deborah Smith,deborah.smith@customer.net,"5734 Jessica Lodge, New Taylor, NJ 19212",NJ,"5734 Jessica Lodge, New Taylor, NJ 19212",,,,Frame,7,,,,,2721.38,2721.38,2042.9,Direct Bill,,,FALSE,FALSE,678.48
KDG0346593,TRAV,120158,Renewal,4/1/2025,4/1/2026,4/1/2025,12,Personal Auto,Private Passenger Auto,Tom Harper,tom.harper@insmail.com,"061 Camacho Skyway Suite 995, Schwartzview, MN 64185",MN,"38727 Martin Oval Suite 703, Charlestown, PW 36965",4,1,,,,50/100,100000,250,500,1466.05,1466.05,1100.54,Agency Bill,,,FALSE,FALSE,365.51
EYT7456412,GEIC,120295,Cancel,4/1/2025,4/28/2025,4/28/2025,12,Package,Commercial Package,Albert Anderson,albert.anderson@mail.com,"0340 Ray Extension, East Caitlin, LA 25972",LA,"0340 Ray Extension, East Caitlin, LA 25972",,,,Frame,6,,,,,4914.55,0,4914.55,Direct Bill,6/24/2024,,FALSE,TRUE,0
VVW2208777,ALLS,120188,Renewal,4/1/2025,4/1/2026,4/1/2025,12,Homeowners,HO3,Candace Adams,candace.adams@example.com,"09733 Lawson Common Suite 759, Jonathanshire, DC 22727",DC,"09733 Lawson Common Suite 759, Jonathanshire, DC 22727",,,1953,Non-Combustible,4,,,,,1652.17,1652.17,1240.26,Direct Bill,,,FALSE,TRUE,411.91
ESM7273945,TRAV,120295,Renewal,4/1/2025,4/1/2026,4/1/2025,12,WC,Workers Compensation,William Cole,william.cole@example.com,"2544 Richard Court Apt. 117, Ronaldhaven, RI 88784",RI,"2544 Richard Court Apt. 117, Ronaldhaven, RI 88784",,,,,,,,,,2000,2000,1501.37,Direct Bill,,,FALSE,TRUE,498.63
DEN5393771,CHUB,120291,Endorsement,4/1/2025,4/1/2026,11/19/2025,12,Umbrella,Personal Umbrella,Melanie Owens,melanie.owens@mail.com,"2331 Jon Trace, Brianport, WV 84764",WV,"2331 Jon Trace, Brianport, WV 84764",,,,,,,,,,607.3,39.53,455.89,Agency Bill,,,FALSE,TRUE,151.41
RLF1740356,ALLS,120017,Renewal,4/1/2025,4/1/2026,4/1/2025,12,BOP,Businessowners,Desiree Farley,desiree.farley@insmail.com,"2604 Elizabeth Divide, Genechester, GU 10717",GU,"2604 Elizabeth Divide, Genechester, GU 10717",,,,Masonry,4,,,,,3820.57,3820.57,2868.04,Direct Bill,,,FALSE,TRUE,952.53
UEN4213664,ALLS,120203,Renewal,4/1/2025,4/1/2026,4/1/2025,12,BOP,Businessowners,Jacob Davis,jacob.davis@mail.com,"9659 Mullins Club, Davidton, TN 29016",TN,"30914 Molly Mount Apt. 304, New Carrieburgh, KS 23563",,,,Frame,7,,,,,1734.02,1734.02,1301.7,Agency Bill,,,FALSE,FALSE,432.32
ZFC4285590,HART,120024,New,4/1/2025,4/1/2026,4/1/2025,12,Personal Auto,Private Passenger Auto,Michael Juarez,michael.juarez@example.com,"457 Wilson Throughway Suite 159, Ramirezland, WA 87556",WA,"457 Wilson Throughway Suite 159, Ramirezland, WA 87556",2,2,,,,50/100,25000,1000,2500,4000,4000,3002.74,Direct Bill,,,FALSE,TRUE,997.26
SSS9295614,AMFA,120182,Endorsement,4/1/2025,4/1/2026,4/9/2025,12,Umbrella,Personal Umbrella,Elizabeth Woods,elizabeth.woods@insmail.com,"4660 Wheeler Island, East Michaelmouth, HI 01865",HI,"27503 Anthony Gateway Suite 931, New Andrew, NV 07512",,,,,,,,,,1524.2,30.7,1144.19,Direct Bill,,,FALSE,TRUE,380.01
DNN7370871,NATI,120002,New,4/1/2025,4/1/2026,4/1/2025,12,Personal Auto,Private Passenger Auto,Kimberly Clark,kimberly.clark@policyhub.org,"6154 Hall Falls Apt. 860, Gabrielhaven, KY 56144",KY,"6154 Hall Falls Apt. 860, Gabrielhaven, KY 56144",2,3,,,,50/100,100000,500,1000,3799.01,3799.01,2851.86,Direct Bill,,,FALSE,TRUE,947.15
CUF5789990,PRGS,120167,Renewal,4/1/2025,4/1/2026,4/1/2025,12,Homeowners,HO3,Margaret Miller,margaret.miller@policyhub.org,"1014 Jennifer Center Apt. 151, New Elizabeth, RI 83977",RI,"1014 Jennifer Center Apt. 151, New Elizabeth, RI 83977",,,1972,Masonry,7,,,,,1459.85,1459.85,1095.89,Direct Bill,,,FALSE,TRUE,363.96
RDZ4973256,PRGS,120006,New,4/1/2025,4/1/2026,4/1/2025,12,Personal Auto,Private Passenger Auto,Kenneth Brown,kenneth.brown@insmail.com,"3575 Jeffrey Square Apt. 250, Henryborough, MN 47664",MN,"3575 Jeffrey Square Apt. 250, Henryborough, MN 47664",1,1,,,,50/100,50000,500,2500,921.22,921.22,691.55,Direct Bill,,,FALSE,TRUE,229.67
HDG8747031,ALLS,120288,Renewal,4/1/2025,4/1/2026,4/1/2025,12,Homeowners,HO3,Christopher Harmon,christopher.harmon@mail.com,"0038 Smith Mall Suite 445, New Nicholas, AK 10297",AK,"0038 Smith Mall Suite 445, New Nicholas, AK 10297",,,2006,Frame,5,,,,,1833.98,1833.98,1376.74,Direct Bill,,,FALSE,TRUE,457.24
DAG7320983,PRGS,120189,Renewal,4/1/2025,4/1/2026,4/1/2025,12,Personal Auto,Private Passenger Auto,Keith Stewart,keith.stewart@example.com,"33650 Amber Meadow, Morganchester, SD 50091",SD,"33650 Amber Meadow, Morganchester, SD 50091",2,3,,,,50/100,100000,1000,500,3845.04,3845.04,2886.41,Direct Bill,,,FALSE,TRUE,958.63
GNC9031779,LIBM,120074,New,4/1/2025,4/1/2026,4/1/2025,12,Personal Auto,Private Passenger Auto,Douglas Murphy,douglas.murphy@insmail.com,"495 Jimenez Vista Suite 330, Marieborough, NM 76326",NM,"495 Jimenez Vista Suite 330, Marieborough, NM 76326",2,1,,,,50/100,100000,1000,1000,1048.1,1048.1,786.79,Agency Bill,,,FALSE,TRUE,261.31
XTF3917246,ALLS,120047,Renewal,4/1/2025,4/1/2026,4/1/2025,12,Homeowners,HO3,Kristen Ho,kristen.ho@example.com,"28008 Alicia Springs, Nguyenport, ID 13297",ID,"598 Ortega Passage Apt. 414, Lake Lisa, HI 30925",,,1983,Frame,6,,,,,2231.47,2231.47,1675.13,Direct Bill,,,FALSE,FALSE,556.34
HKX0886705,NATI,120094,Renewal,4/1/2025,4/1/2026,4/1/2025,12,Homeowners,HO3,Lisa Gregory,lisa.gregory@example.com,"1234 Lopez Spring Suite 577, Jeremyport, VT 92497",VT,"1234 Lopez Spring Suite 577, Jeremyport, VT 92497",,,2010,Masonry Veneer,6,,,,,3102.37,3102.37,2328.9,Agency Bill,,,FALSE,FALSE,773.47
BZY6646920,HART,120284,New,4/1/2025,4/1/2026,4/1/2025,12,Personal Auto,Private Passenger Auto,David Powers,david.powers@example.com,"66387 Brewer Garden Apt. 266, East Ashleyberg, TX 49591",TX,"66387 Brewer Garden Apt. 266, East Ashleyberg, TX 49591",3,2,,,,50/100,25000,500,500,1049.92,1049.92,788.16,Direct Bill,,,FALSE,TRUE,261.76
WGU3210108,LIBM,120094,New,4/1/2025,4/1/2026,4/1/2025,12,Personal Auto,Private Passenger Auto,Kevin Cervantes,kevin.cervantes@insmail.com,"251 Stephanie Plains, Cooperberg, UT 69901",UT,"251 Stephanie Plains, Cooperberg, UT 69901",2,1,,,,25/50,50000,500,500,707.33,707.33,530.98,Direct Bill,,,FALSE,FALSE,176.35
HYY6810326,FARM,120101,Renewal,4/1/2025,4/1/2026,4/1/2025,12,Homeowners,HO3,Angela Ramirez,angela.ramirez@example.com,"57026 David Ferry Suite 742, North Teresa, PA 29212",PA,"528 Sara Rest, New Hannahchester, KY 37238",,,2000,Joisted Masonry,9,,,,,3151.96,3151.96,2366.13,Direct Bill,,,FALSE,TRUE,785.83
BEU0052297,AMFA,120224,Renewal,4/1/2025,4/1/2026,4/1/2025,12,Umbrella,Personal Umbrella,Shelley Rodriguez,shelley.rodriguez@example.com,"9009 Conrad Mews Suite 577, Douglasberg, WY 35421",WY,"647 Lucas Unions Suite 607, Port Wendy, DC 11872",,,,,,,,,,698.23,698.23,524.15,Direct Bill,,,FALSE,TRUE,174.08
XCL6278266,TRAV,120158,New,4/1/2025,4/1/2026,4/1/2025,12,Personal Auto,Private Passenger Auto,Janice Leonard,janice.leonard@insmail.com,"2202 Julia Lodge Suite 704, Sullivanbury, HI 54324",HI,"2202 Julia Lodge Suite 704, Sullivanbury, HI 54324",1,3,,,,50/100,50000,500,500,1151.07,1151.07,864.09,Direct Bill,,,FALSE,TRUE,286.98
SRG4413366,CHUB,120188,New,4/1/2025,4/1/2026,4/1/2025,12,Personal Auto,Private Passenger Auto,Joseph Clark,joseph.clark@insmail.com,"94311 Jacqueline Freeway Apt. 708, Donnaborough, HI 78594",HI,"94311 Jacqueline Freeway Apt. 708, Donnaborough, HI 78594",1,3,,,,50/100,50000,1000,1000,3547.18,3547.18,2662.81,Agency Bill,,,FALSE,TRUE,884.37
WKT9634169,CHUB,120265,Renewal,4/1/2025,4/1/2026,4/1/2025,12,BOP,Businessowners,John Hall,john.hall@insmail.com,"02923 Ross Dam Suite 020, Jenniferborough, MP 43843",MP,"02923 Ross Dam Suite 020, Jenniferborough, MP 43843",,,,Masonry,9,,,,,6666.54,6666.54,5004.47,Direct Bill,,,FALSE,TRUE,1662.07
UNU3566827,ALLS,120092,Renewal,4/1/2025,4/1/2026,4/1/2025,12,BOP,Businessowners,Pamela Green,pamela.green@customer.net,"40000 Brandon Lakes Suite 906, Port Natalie, UT 78643",UT,"40000 Brandon Lakes Suite 906, Port Natalie, UT 78643",,,,Frame,7,,,,,10856.51,10856.51,8149.82,Agency Bill,,,FALSE,TRUE,2706.69
EXT3006957,TRAV,120174,New,4/1/2025,4/1/2026,4/1/2025,12,Personal Auto,Private Passenger Auto,Nancy Wilkins,nancy.wilkins@customer.net,"068 Gary Spring, Port Jessica, NV 76791",NV,"7264 Sandra Radial, Cruzberg, AZ 43520",2,4,,,,50/100,250000,500,250,693.47,693.47,520.58,Direct Bill,,,FALSE,TRUE,172.89
MDZ9013371,AMFA,120103,Rewrite,4/1/2025,4/1/2026,4/1/2025,12,Package,Commercial Package,Peggy Lewis,peggy.lewis@customer.net,"159 Barrera Ramp, Simpsonmouth, NE 13496",NE,"159 Barrera Ramp, Simpsonmouth, NE 13496",,,,Fire Resistive,4,,,,,8285.49,8285.49,6219.79,Direct Bill,,,TRUE,TRUE,2065.7
LBM7245159,PRGS,120134,New,4/1/2025,4/1/2026,4/1/2025,12,Personal Auto,Private Passenger Auto,Debbie Jackson,debbie.jackson@policyhub.org,"64087 Mary Parkways, New James, MD 98436",MD,"22932 Farrell Radial Suite 233, East Marytown, NE 55874",3,2,,,,50/100,250000,500,250,1547.56,1547.56,1161.73,Agency Bill,,,FALSE,TRUE,385.83
BLW3863657,FARM,120080,Renewal,4/1/2025,4/1/2026,4/1/2025,12,Personal Auto,Private Passenger Auto,Thomas Campos,thomas.campos@policyhub.org,"031 Matthew Ways, East James, KS 04326",KS,"031 Matthew Ways, East James, KS 04326",3,1,,,,50/100,100000,2500,500,1069.75,1069.75,803.05,Direct Bill,,,FALSE,TRUE,266.7
WLX7709962,GEIC,120122,Renewal,4/1/2025,4/1/2026,4/1/2025,12,WC,Workers Compensation,Veronica Smith,veronica.smith@mail.com,"442 Kimberly Harbors, North Keith, OR 07511",OR,"442 Kimberly Harbors, North Keith, OR 07511",,,,,,,,,,5770.66,5770.66,4331.95,Direct Bill,,,FALSE,FALSE,1438.71
DEB5904060,FARM,120121,Renewal,4/1/2025,4/1/2026,4/1/2025,12,Homeowners,HO3,Gloria Daniels,gloria.daniels@customer.net,"28473 Brad Curve, East Tamara, MH 31707",MH,"155 Heather Skyway Apt. 661, Heathton, IN 96824",,,2003,Fire Resistive,8,,,,,743.6,743.6,558.21,Direct Bill,,,FALSE,TRUE,185.39
MYS0860275,ALLS,120271,New,4/1/2025,4/1/2026,4/1/2025,12,Personal Auto,Private Passenger Auto,Heather Miller,heather.miller@example.com,"9609 Debra Parks Apt. 031, West Jennamouth, MO 81562",MO,"075 Anthony Neck, Schneiderburgh, NM 48598",1,1,,,,25/50,100000,500,500,2116.89,2116.89,1589.12,Agency Bill,,,FALSE,TRUE,527.77
JVE3791578,AMFA,120296,Renewal,4/1/2025,4/1/2026,4/1/2025,12,WC,Workers Compensation,Robert Kim,robert.kim@mail.com,"5462 Roy Road Suite 176, Smithville, ID 60229",ID,"77403 Linda Keys Suite 955, Susanside, OK 10607",,,,,,,,,,8106.2,8106.2,6085.2,Agency Bill,,,FALSE,TRUE,2021
KCA8581898,CHUB,120126,New,4/1/2025,4/1/2026,4/1/2025,12,Personal Auto,Private Passenger Auto,Kevin Hays,kevin.hays@customer.net,"292 Amber Station Apt. 288, Aaronhaven, SC 48479",SC,"292 Amber Station Apt. 288, Aaronhaven, SC 48479",1,1,,,,50/100,100000,500,1000,1363.66,1363.66,1023.68,Agency Bill,,,FALSE,TRUE,339.98
ASL4596354,AMFA,120219,New,4/1/2025,4/1/2026,4/1/2025,12,Personal Auto,Private Passenger Auto,Dean Nelson,dean.nelson@customer.net,"29268 Lane Radial, Gonzalezfort, NJ 83479",NJ,"29268 Lane Radial, Gonzalezfort, NJ 83479",1,3,,,,25/50,100000,250,2500,1891.49,1891.49,1419.91,Direct Bill,,,FALSE,TRUE,471.58
WVS8351879,HART,120246,New,4/1/2025,4/1/2026,4/1/2025,12,Personal Auto,Private Passenger Auto,Timothy Ingram,timothy.ingram@policyhub.org,"2145 Latasha Mews, Campbellfort, FL 46973",FL,"2145 Latasha Mews, Campbellfort, FL 46973",3,3,,,,50/100,250000,2500,250,1490.74,1490.74,1119.08,Agency Bill,,,FALSE,TRUE,371.66
BES6694282,ALLS,120062,New,4/1/2025,4/1/2026,4/1/2025,12,Personal Auto,Private Passenger Auto,Ryan Murray,ryan.murray@policyhub.org,"10989 Michelle Turnpike Apt. 845, Downsfurt, PW 94991",PW,"10989 Michelle Turnpike Apt. 845, Downsfurt, PW 94991",1,2,,,,50/100,50000,1000,250,1934.95,1934.95,1452.54,Direct Bill,,,FALSE,TRUE,482.41
ULG4756214,FARM,120180,Renewal,4/1/2025,4/1/2026,4/1/2025,12,Personal Auto,Private Passenger Auto,Michael Bauer,michael.bauer@example.com,"634 Jennifer Trail, Vincentshire, LA 82979",LA,"9014 Jennifer Cove Suite 871, Anthonyborough, MH 97953",1,2,,,,50/100,250000,1000,500,987.68,987.68,741.44,Direct Bill,,,FALSE,FALSE,246.24
TWV7137085,ALLS,120254,Renewal,4/1/2025,4/1/2026,4/1/2025,12,Homeowners,HO3,Eric Gonzalez,eric.gonzalez@example.com,"469 Stewart Expressway Suite 439, Janicechester, OH 88607",OH,"469 Stewart Expressway Suite 439, Janicechester, OH 88607",,,1958,Masonry,10,,,,,2640.35,2640.35,1982.07,Direct Bill,,,FALSE,TRUE,658.28
JPD7137154,HART,120252,Endorsement,4/1/2025,4/1/2026,10/17/2025,12,Umbrella,Personal Umbrella,Justin Flores,justin.flores@mail.com,"46650 Melanie Roads, Lake Edwardhaven, LA 98963",LA,"46650 Melanie Roads, Lake Edwardhaven, LA 98963",,,,,,,,,,160.91,14.65,120.79,Agency Bill,,,FALSE,TRUE,40.12
WHP0178284,ALLS,120230,Renewal,4/1/2025,4/1/2026,4/1/2025,12,WC,Workers Compensation,Andrea Miller,andrea.miller@policyhub.org,"929 Sanders Streets Apt. 016, North Amanda, PR 34556",PR,"929 Sanders Streets Apt. 016, North Amanda, PR 34556",,,,,,,,,,7265.04,7265.04,5453.76,Direct Bill,,,FALSE,TRUE,1811.28
HNV0705399,PRGS,120106,Renewal,4/1/2025,4/1/2026,4/1/2025,12,Homeowners,HO3,Robert Flores,robert.flores@example.com,"633 Brian Tunnel Suite 250, Aguirrestad, MO 30222",MO,"633 Brian Tunnel Suite 250, Aguirrestad, MO 30222",,,2004,Masonry,8,,,,,807.82,807.82,606.42,Agency Bill,,,FALSE,TRUE,201.4
ZVA7455857,GEIC,120025,Renewal,4/1/2025,4/1/2026,4/1/2025,12,Umbrella,Personal Umbrella,Angela Benson,angela.benson@insmail.com,"57630 Brittany Loop Suite 467, Turnerside, CO 22672",CO,"57630 Brittany Loop Suite 467, Turnerside, CO 22672",,,,,,,,,,509.16,509.16,382.22,Agency Bill,,,FALSE,TRUE,126.94
SBJ5420655,ALLS,120079,New,4/1/2025,4/1/2026,4/1/2025,12,Personal Auto,Private Passenger Auto,James Hutchinson,james.hutchinson@policyhub.org,"819 Clarke Squares Suite 809, Lake Nancy, MI 84651",MI,"819 Clarke Squares Suite 809, Lake Nancy, MI 84651",2,2,,,,50/100,100000,2500,250,1923.97,1923.97,1444.3,Agency Bill,,,FALSE,TRUE,479.67
TTP1439146,HART,120206,New,4/1/2025,4/1/2026,4/1/2025,12,Personal Auto,Private Passenger Auto,William Peterson,william.peterson@insmail.com,"252 Sherman Lakes Suite 100, East Richardport, ME 76821",ME,"583 Cooke Knoll, Lake Haleymouth, IN 04644",2,2,,,,25/50,50000,1000,2500,1097.68,1097.68,824.01,Agency Bill,,,FALSE,TRUE,273.67
ACG5885910,FARM,120193,New,4/1/2025,4/1/2026,4/1/2025,12,Personal Auto,Private Passenger Auto,Heidi Kelley,heidi.kelley@customer.net,"622 Jacqueline Light, South Peterport, VI 75285",VI,"622 Jacqueline Light, South Peterport, VI 75285",2,3,,,,50/100,25000,500,1000,2524.95,2524.95,1895.44,Direct Bill,,,FALSE,TRUE,629.51
UNN4278702,LIBM,120208,Cancel,4/1/2025,11/11/2025,11/11/2025,12,Package,Commercial Package,Jeffrey Hudson,jeffrey.hudson@customer.net,"17097 Laura Curve, West Amanda, DE 08374",DE,"929 Robinson Lights Apt. 785, East Michaelhaven, TN 14956",,,,Masonry,7,,,,,4357.38,0,4357.38,Direct Bill,7/15/2024,,FALSE,TRUE,0
XDX9601244,PRGS,120133,Endorsement,4/1/2025,4/1/2026,5/14/2025,12,Umbrella,Personal Umbrella,Jennifer Wolfe,jennifer.wolfe@policyhub.org,"487 Shepherd Manor Apt. 442, Lake Emily, VI 50986",VI,"487 Shepherd Manor Apt. 442, Lake Emily, VI 50986",,,,,,,,,,241.46,5.16,181.26,Direct Bill,,,FALSE,TRUE,60.2
KXH4302062,ALLS,120298,Renewal,4/1/2025,4/1/2026,4/1/2025,12,Homeowners,HO3,Sean Barr,sean.barr@example.com,"964 Harris Walks Apt. 033, Lake Alexanderton, SC 77383",SC,"491 Norris Greens Apt. 223, Williamstown, MD 66334",,,1979,Non-Combustible,9,,,,,2691.65,2691.65,2020.58,Direct Bill,,,FALSE,FALSE,671.07
PYY5627829,ALLS,120124,Renewal,4/1/2025,4/1/2026,4/1/2025,12,Homeowners,HO3,Jessica Campbell,jessica.campbell@policyhub.org,"50229 Harrison Bypass, Lake Sandra, GU 13091",GU,"50229 Harrison Bypass, Lake Sandra, GU 13091",,,2000,Frame,5,,,,,791.76,791.76,594.36,Agency Bill,,,FALSE,TRUE,197.4
LBL3272157,LIBM,120034,New,4/1/2025,4/1/2026,4/1/2025,12,Personal Auto,Private Passenger Auto,Jerry Sanchez,jerry.sanchez@example.com,"609 Christina Lock, Rodriguezburgh, MD 24211",MD,"609 Christina Lock, Rodriguezburgh, MD 24211",1,2,,,,50/100,100000,2500,1000,1529.35,1529.35,1148.06,Agency Bill,,,FALSE,TRUE,381.29
CTM5497675,LIBM,120195,New,4/1/2025,4/1/2026,4/1/2025,12,Personal Auto,Private Passenger Auto,Joanne Espinoza,joanne.espinoza@policyhub.org,"15242 Vanessa Plaza, Port Amymouth, VT 71206",VT,"15242 Vanessa Plaza, Port Amymouth, VT 71206",1,1,,,,25/50,250000,500,2500,1133.84,1133.84,851.16,Direct Bill,,,FALSE,TRUE,282.68
KHH6042033,PRGS,120076,Renewal,4/1/2025,4/1/2026,4/1/2025,12,Homeowners,HO3,Adam Young,adam.young@mail.com,"08665 Robert Prairie, Lake Mistyside, VT 49637",VT,"08665 Robert Prairie, Lake Mistyside, VT 49637",,,1989,Masonry Veneer,6,,,,,1626.99,1626.99,1221.36,Agency Bill,,,FALSE,FALSE,405.63
SVL5953437,GEIC,120297,Renewal,4/1/2025,4/1/2026,4/1/2025,12,BOP,Businessowners,James Lang,james.lang@example.com,"7683 James Mission Apt. 494, East Cathyburgh, NC 91163",NC,"438 Katie Bridge Apt. 380, Smithborough, NE 60538",,,,Joisted Masonry,7,,,,,4394.07,4394.07,3298.56,Direct Bill,,,FALSE,TRUE,1095.51
XXJ5545267,AMFA,120016,New,4/1/2025,4/1/2026,4/1/2025,12,Personal Auto,Private Passenger Auto,Jodi Stevens,jodi.stevens@policyhub.org,"84937 Frank Row Suite 448, Karenmouth, KS 36660",KS,"84937 Frank Row Suite 448, Karenmouth, KS 36660",3,2,,,,25/50,250000,1000,2500,3136.67,3136.67,2354.65,Agency Bill,,,FALSE,TRUE,782.02
RRG4897364,PRGS,120050,Reinstate,4/1/2025,4/1/2026,1/26/2026,12,Package,Commercial Package,Randy Cervantes,randy.cervantes@example.com,"00364 Jennifer Neck Suite 092, South Theresa, TX 31939",TX,"650 Gavin Extensions, Chambersland, VT 86401",,,,Frame,6,,,,,3564.25,0,2675.63,Agency Bill,,4/4/2024,FALSE,TRUE,888.62
HWP2233875,NATI,120275,Renewal,4/1/2025,4/1/2026,4/1/2025,12,Personal Auto,Private Passenger Auto,Jessica Owens,jessica.owens@insmail.com,"62024 Michelle Crescent Apt. 269, Shawton, FM 80548",FM,"202 Brooks Points, North Alexander, MI 00613",3,3,,,,50/100,50000,500,500,907.33,907.33,681.12,Direct Bill,,,FALSE,TRUE,226.21
FLD9272260,ALLS,120011,Endorsement,4/1/2025,4/1/2026,5/8/2025,12,Umbrella,Personal Umbrella,Darren Taylor,darren.taylor@insmail.com,"66601 Tracy Station Suite 968, Charlesburgh, LA 89420",LA,"8841 Courtney Isle, Bowenbury, SC 95373",,,,,,,,,,262.95,-5.06,197.39,Agency Bill,,,FALSE,TRUE,65.56
LLE4423376,LIBM,120002,Renewal,4/1/2025,4/1/2026,4/1/2025,12,Homeowners,HO3,Joseph Hawkins,joseph.hawkins@insmail.com,"128 Kristina Islands, Kimberlyborough, AK 01068",AK,"128 Kristina Islands, Kimberlyborough, AK 01068",,,1997,Masonry,6,,,,,1307.02,1307.02,981.16,Direct Bill,,,FALSE,TRUE,325.86
DDN6199091,LIBM,120274,Endorsement,4/1/2025,4/1/2026,10/7/2025,12,Umbrella,Personal Umbrella,Ryan Martin,ryan.martin@mail.com,"661 Matthew Spring, Danielshaven, GA 41503",GA,"661 Matthew Spring, Danielshaven, GA 41503",,,,,,,,,,255.47,-0.14,191.78,Direct Bill,,,FALSE,TRUE,63.69
NGB0485156,TRAV,120109,Renewal,4/1/2025,4/1/2026,4/1/2025,12,Homeowners,HO3,John Walters,john.walters@customer.net,"6888 Wilson Track, East Michaelberg, NE 70313",NE,"6888 Wilson Track, East Michaelberg, NE 70313",,,1991,Frame,5,,,,,1883.41,1883.41,1413.85,Agency Bill,,,FALSE,TRUE,469.56
YPM1552497,AMFA,120088,Reinstate,4/1/2025,4/1/2026,4/14/2025,12,Package,Commercial Package,Donna Benson,donna.benson@insmail.com,"316 Martha Terrace Suite 174, Susanborough, MT 06409",MT,"316 Martha Terrace Suite 174, Susanborough, MT 06409",,,,Non-Combustible,6,,,,,4129.94,0,3100.28,Agency Bill,,3/24/2023,FALSE,TRUE,1029.66
XDL1632736,ALLS,120291,Renewal,4/1/2025,4/1/2026,4/1/2025,12,BOP,Businessowners,Melissa Garrison,melissa.garrison@policyhub.org,"35420 Angela Skyway Apt. 669, Tammyfurt, NY 17773",NY,"35420 Angela Skyway Apt. 669, Tammyfurt, NY 17773",,,,Fire Resistive,4,,,,,8426.81,8426.81,6325.88,Direct Bill,,,FALSE,FALSE,2100.93
SMP1997494,NATI,120040,Renewal,4/1/2025,4/1/2026,4/1/2025,12,WC,Workers Compensation,Eric Best,eric.best@policyhub.org,"6753 Jorge Crescent, East Williamport, MT 99034",MT,"6753 Jorge Crescent, East Williamport, MT 99034",,,,,,,,,,3850.5,3850.5,2890.51,Direct Bill,,,FALSE,TRUE,959.99
PUS0808613,HART,120000,New,4/1/2025,4/1/2026,4/1/2025,12,Personal Auto,Private Passenger Auto,Anthony Davis,anthony.davis@mail.com,"5659 Stevens Oval, New Melanie, ID 97814",ID,"5659 Stevens Oval, New Melanie, ID 97814",1,2,,,,50/100,100000,2500,1000,2312.21,2312.21,1735.74,Direct Bill,,,FALSE,TRUE,576.47
RHT2388153,CHUB,120052,Renewal,4/1/2025,4/1/2026,4/1/2025,12,BOP,Businessowners,Christy Wilson,christy.wilson@policyhub.org,"2109 Jacqueline Unions Apt. 844, Lynchland, HI 51132",HI,"2109 Jacqueline Unions Apt. 844, Lynchland, HI 51132",,,,Frame,4,,,,,5113.45,5113.45,3838.59,Agency Bill,,,FALSE,TRUE,1274.86
SAY6784724,LIBM,120183,Renewal,4/1/2025,4/1/2026,4/1/2025,12,BOP,Businessowners,James Young,james.young@mail.com,"1028 James Falls Apt. 322, Snyderton, OK 23571",OK,"1028 James Falls Apt. 322, Snyderton, OK 23571",,,,Frame,3,,,,,2531.28,2531.28,1900.19,Direct Bill,,,FALSE,TRUE,631.09
RXB3428191,AMFA,120044,Renewal,4/1/2025,4/1/2026,4/1/2025,12,Homeowners,HO3,Lisa Quinn,lisa.quinn@mail.com,"737 Zavala Mount, Porterhaven, UT 48651",UT,"227 Schwartz Common Apt. 406, Anneville, KY 61439",,,1993,Fire Resistive,7,,,,,1848.81,1848.81,1387.87,Agency Bill,,,FALSE,TRUE,460.94
NVY4849291,PRGS,120268,Renewal,4/1/2025,4/1/2026,4/1/2025,12,BOP,Businessowners,Katelyn Andrews,katelyn.andrews@customer.net,"5468 Anthony Valleys Suite 332, Robertland, NY 05691",NY,"5468 Anthony Valleys Suite 332, Robertland, NY 05691",,,,Frame,6,,,,,2573.01,2573.01,1931.52,Agency Bill,,,FALSE,TRUE,641.49
TBZ1495299,ALLS,120225,Renewal,4/1/2025,4/1/2026,4/1/2025,12,Homeowners,HO3,Caitlin Hunter,caitlin.hunter@example.com,"59086 Murphy Falls, Richardstad, CO 93413",CO,"59086 Murphy Falls, Richardstad, CO 93413",,,2000,Non-Combustible,7,,,,,1282,1282,962.38,Direct Bill,,,FALSE,TRUE,319.62
BKD8883136,ALLS,120223,Renewal,4/1/2025,4/1/2026,4/1/2025,12,Homeowners,HO3,Edwin Ryan,edwin.ryan@mail.com,"73741 John Field, Hobbsfurt, SC 10230",SC,"73741 John Field, Hobbsfurt, SC 10230",,,1989,Masonry,6,,,,,3141.72,3141.72,2358.44,Direct Bill,,,FALSE,TRUE,783.28
SKY3079777,LIBM,120271,Renewal,4/1/2025,4/1/2026,4/1/2025,12,Personal Auto,Private Passenger Auto,Erica Kelly,erica.kelly@mail.com,"57958 Anderson Island Suite 050, Emilytown, PW 08051",PW,"57958 Anderson Island Suite 050, Emilytown, PW 08051",1,3,,,,50/100,100000,500,500,968.94,968.94,727.37,Agency Bill,,,FALSE,FALSE,241.57
HTD8769186,HART,120210,Renewal,4/1/2025,4/1/2026,4/1/2025,12,Homeowners,HO3,Nicole Golden,nicole.golden@policyhub.org,"04743 Campos Locks, Hughesmouth, PR 42292",PR,"04743 Campos Locks, Hughesmouth, PR 42292",,,2010,Masonry Veneer,2,,,,,1111.84,1111.84,834.64,Direct Bill,,,FALSE,TRUE,277.2
WZX5883873,PRGS,120122,New,4/1/2025,4/1/2026,4/1/2025,12,Personal Auto,Private Passenger Auto,Erica Patrick,erica.patrick@customer.net,"578 Smith Ville, Jacksonton, MP 15128",MP,"578 Smith Ville, Jacksonton, MP 15128",4,1,,,,25/50,250000,1000,1000,1526.99,1526.99,1146.29,Agency Bill,,,FALSE,TRUE,380.7
FZU6375967,TRAV,120148,New,4/1/2025,4/1/2026,4/1/2025,12,Personal Auto,Private Passenger Auto,Anthony Sawyer,anthony.sawyer@mail.com,"323 Rogers Rapid, South Tonyaport, RI 77153",RI,"323 Rogers Rapid, South Tonyaport, RI 77153",2,3,,,,50/100,100000,2500,500,3048.64,3048.64,2288.57,Agency Bill,,,FALSE,FALSE,760.07
EHH7946993,PRGS,120228,Renewal,4/1/2025,4/1/2026,4/1/2025,12,Homeowners,HO3,Kristen Berg,kristen.berg@mail.com,"8647 Cobb Corner Suite 182, South Richard, GA 22234",GA,"8647 Cobb Corner Suite 182, South Richard, GA 22234",,,1956,Masonry,8,,,,,4076.5,4076.5,3060.17,Direct Bill,,,FALSE,TRUE,1016.33
SMZ1101226,CHUB,120196,New,4/1/2025,4/1/2026,4/1/2025,12,Personal Auto,Private Passenger Auto,Brian Norman,brian.norman@insmail.com,"452 Garcia Trace Apt. 242, Lake James, MH 09968",MH,"17655 Kyle Valleys Suite 161, Smithbury, AL 77115",1,2,,,,25/50,100000,2500,1000,1784.42,1784.42,1339.54,Agency Bill,,,FALSE,TRUE,444.88
ZKZ0149597,FARM,120133,New,4/1/2025,4/1/2026,4/1/2025,12,Personal Auto,Private Passenger Auto,Philip Krueger,philip.krueger@customer.net,"24481 Leah Falls, Lake Jamie, PW 84412",PW,"95070 Hannah Pine, Jasminefurt, MP 34875",2,3,,,,50/100,100000,1000,1000,1876.89,1876.89,1408.95,Direct Bill,,,FALSE,TRUE,467.94
VBF9677014,PRGS,120168,Renewal,4/1/2025,4/1/2026,4/1/2025,12,WC,Workers Compensation,Christopher Wood,christopher.wood@policyhub.org,"219 Hopkins Parkways, Scottport, KS 39796",KS,"219 Hopkins Parkways, Scottport, KS 39796",,,,,,,,,,25000,25000,18767.12,Direct Bill,,,FALSE,TRUE,6232.88
UZB4616391,CHUB,120119,Renewal,4/1/2025,4/1/2026,4/1/2025,12,Homeowners,HO3,Bryan Oliver,bryan.oliver@mail.com,"2060 Ray Street, Austinchester, PW 29314",PW,"57537 Lara Field Suite 307, Taylorland, AL 46551",,,1967,Frame,7,,,,,629.44,629.44,472.51,Direct Bill,,,FALSE,TRUE,156.93
AAT6050161,AMFA,120004,New,4/1/2025,4/1/2026,4/1/2025,12,Personal Auto,Private Passenger Auto,James Moore,james.moore@example.com,"4821 Cynthia Plains, Johnview, PA 28605",PA,"4821 Cynthia Plains, Johnview, PA 28605",1,3,,,,50/100,250000,1000,1000,1021.4,1021.4,766.75,Direct Bill,,,FALSE,TRUE,254.65
KBZ8545397,TRAV,120250,Renewal,4/1/2025,4/1/2026,4/1/2025,12,Personal Auto,Private Passenger Auto,Breanna Coleman,breanna.coleman@example.com,"364 Reeves Isle, North Williamberg, NM 83678",NM,"364 Reeves Isle, North Williamberg, NM 83678",3,2,,,,50/100,250000,250,1000,926.8,926.8,695.73,Agency Bill,,,FALSE,TRUE,231.07
JGS8279366,NATI,120207,Renewal,4/1/2025,4/1/2026,4/1/2025,12,WC,Workers Compensation,Marco Stone,marco.stone@insmail.com,"231 Sanchez Islands Apt. 736, South Tarastad, AK 18309",AK,"231 Sanchez Islands Apt. 736, South Tarastad, AK 18309",,,,,,,,,,25000,25000,18767.12,Direct Bill,,,FALSE,TRUE,6232.88
ADA1799594,GEIC,120250,Renewal,4/1/2025,4/1/2026,4/1/2025,12,Homeowners,HO3,Kathleen Cunningham,kathleen.cunningham@insmail.com,"0889 Karen Street, Brownshire, FM 90432",FM,"4047 Roberto Ferry, Shahton, IL 34305",,,1975,Masonry Veneer,6,,,,,2137.63,2137.63,1604.69,Agency Bill,,,FALSE,TRUE,532.94
ADD4034429,TRAV,120037,Renewal,4/1/2025,4/1/2026,4/1/2025,12,Homeowners,HO3,Joshua White,joshua.white@customer.net,"53536 Sanchez Court, Rebeccaville, TX 66280",TX,"53536 Sanchez Court, Rebeccaville, TX 66280",,,2003,Frame,5,,,,,1635.34,1635.34,1227.63,Direct Bill,,,FALSE,TRUE,407.71
RRY3678497,TRAV,120044,Cancel,4/1/2025,8/15/2025,8/15/2025,12,Package,Commercial Package,Karla Nguyen,karla.nguyen@insmail.com,"330 Connie Shoal Apt. 786, West Pamela, KS 18521",KS,"330 Connie Shoal Apt. 786, West Pamela, KS 18521",,,,Masonry Veneer,4,,,,,13797.19,0,13797.19,Direct Bill,5/3/2023,,FALSE,TRUE,0
CKC5045834,NATI,120020,Renewal,4/1/2025,4/1/2026,4/1/2025,12,Homeowners,HO3,Jacqueline Marshall,jacqueline.marshall@customer.net,"00529 Vargas Spurs Suite 028, Jameston, SD 60229",SD,"00529 Vargas Spurs Suite 028, Jameston, SD 60229",,,1978,Frame,7,,,,,2242.29,2242.29,1683.25,Direct Bill,,,FALSE,TRUE,559.04
TVX0213426,GEIC,120065,Endorsement,4/1/2025,4/1/2026,4/7/2025,12,Umbrella,Personal Umbrella,Christopher Shepherd,christopher.shepherd@mail.com,"368 Hart Glens, Lewismouth, NE 33110",NE,"368 Hart Glens, Lewismouth, NE 33110",,,,,,,,,,490.52,-0.18,368.23,Agency Bill,,,FALSE,TRUE,122.29
JUP3770274,TRAV,120082,Renewal,4/1/2025,4/1/2026,4/1/2025,12,Homeowners,HO3,Joy Marshall,joy.marshall@mail.com,"338 Zachary Cape, East Brandi, UT 24084",UT,"338 Zachary Cape, East Brandi, UT 24084",,,1999,Joisted Masonry,10,,,,,1407.85,1407.85,1056.85,Direct Bill,,,FALSE,TRUE,351
XRP5483037,GEIC,120255,Renewal,4/1/2025,4/1/2026,4/1/2025,12,Umbrella,Personal Umbrella,Cameron Patrick,cameron.patrick@example.com,"6597 Johnson Prairie, Jeffreyport, ND 87781",ND,"6597 Johnson Prairie, Jeffreyport, ND 87781",,,,,,,,,,506.15,506.15,379.96,Direct Bill,,,FALSE,TRUE,126.19
NLS4292346,TRAV,120263,Renewal,4/1/2025,4/1/2026,4/1/2025,12,Personal Auto,Private Passenger Auto,Ronald Myers,ronald.myers@customer.net,"365 Michael Points Apt. 931, Wuside, ID 21922",ID,"365 Michael Points Apt. 931, Wuside, ID 21922",3,3,,,,50/100,250000,1000,500,1139.21,1139.21,855.19,Agency Bill,,,FALSE,TRUE,284.02
BPH3063144,TRAV,120049,Renewal,4/1/2025,4/1/2026,4/1/2025,12,Homeowners,HO3,Kenneth Carrillo,kenneth.carrillo@example.com,"90190 David Isle Apt. 241, Lewisville, DE 69723",DE,"1555 Morris Glens Apt. 001, Martinton, WI 54339",,,2013,Masonry,4,,,,,968.41,968.41,726.97,Direct Bill,,,FALSE,TRUE,241.44
GJK4642479,ALLS,120264,Renewal,4/1/2025,4/1/2026,4/1/2025,12,WC,Workers Compensation,Jennifer Patel,jennifer.patel@insmail.com,"493 John Spurs Suite 322, Lindaville, MD 72967",MD,"493 John Spurs Suite 322, Lindaville, MD 72967",,,,,,,,,,2117.5,2117.5,1589.58,Agency Bill,,,FALSE,FALSE,527.92
UTL9256012,AMFA,120173,Renewal,4/1/2025,4/1/2026,4/1/2025,12,BOP,Businessowners,Theresa Bryan,theresa.bryan@policyhub.org,"41551 Sara Fall Apt. 731, Smithport, CT 62519",CT,"41551 Sara Fall Apt. 731, Smithport, CT 62519",,,,Frame,10,,,,,4857.21,4857.21,3646.23,Agency Bill,,,FALSE,FALSE,1210.98
HFS9338662,FARM,120048,Renewal,4/1/2025,4/1/2026,4/1/2025,12,Homeowners,HO3,Tiffany Diaz,tiffany.diaz@customer.net,"79279 Leah Mill Suite 454, East Russell, WA 57602",WA,"79279 Leah Mill Suite 454, East Russell, WA 57602",,,1999,Frame,4,,,,,1450.79,1450.79,1089.09,Direct Bill,,,FALSE,TRUE,361.7
HCX9444364,NATI,120220,Renewal,4/1/2025,4/1/2026,4/1/2025,12,BOP,Businessowners,Aaron Powell,aaron.powell@mail.com,"21919 Phyllis Course Suite 361, East Elaineside, ID 99319",ID,"21919 Phyllis Course Suite 361, East Elaineside, ID 99319",,,,Masonry Veneer,3,,,,,6224.27,6224.27,4672.47,Direct Bill,,,FALSE,FALSE,1551.8
DMZ8171413,HART,120235,Renewal,4/1/2025,4/1/2026,4/1/2025,12,Homeowners,HO3,Lisa Thomas,lisa.thomas@policyhub.org,"7639 Anderson Estate, Wiseton, WI 75821",WI,"7639 Anderson Estate, Wiseton, WI 75821",,,2015,Frame,4,,,,,2734.8,2734.8,2052.97,Direct Bill,,,FALSE,TRUE,681.83
CYX3497474,GEIC,120282,Endorsement,4/1/2025,4/1/2026,5/7/2025,12,Umbrella,Personal Umbrella,Laura Caldwell,laura.caldwell@mail.com,"765 Thomas Creek Apt. 307, West Marychester, PA 29511",PA,"765 Thomas Creek Apt. 307, West Marychester, PA 29511",,,,,,,,,,518.03,-0.24,388.88,Direct Bill,,,FALSE,TRUE,129.15
WGK6762621,FARM,120168,New,4/1/2025,4/1/2026,4/1/2025,12,Personal Auto,Private Passenger Auto,Sean Newman,sean.newman@policyhub.org,"61592 Cheyenne Vista, Port Jasonburgh, RI 31966",RI,"61592 Cheyenne Vista, Port Jasonburgh, RI 31966",1,3,,,,50/100,100000,500,500,1461.55,1461.55,1097.16,Agency Bill,,,FALSE,TRUE,364.39
AWU0283464,HART,120148,Renewal,4/1/2025,4/1/2026,4/1/2025,12,Homeowners,HO3,Bryce Olson,bryce.olson@example.com,"553 Rebecca Harbor Apt. 465, Loristad, NV 12674",NV,"553 Rebecca Harbor Apt. 465, Loristad, NV 12674",,,1982,Masonry Veneer,5,,,,,1686.98,1686.98,1266.39,Agency Bill,,,FALSE,TRUE,420.59
RSJ9028075,CHUB,120057,Renewal,4/1/2025,4/1/2026,4/1/2025,12,Homeowners,HO3,Brooke Marshall,brooke.marshall@example.com,"710 Kayla Rest, New Jerry, MN 56778",MN,"5522 Brittany Shoal Apt. 347, Vincenthaven, VT 71688",,,2008,Frame,5,,,,,1898.71,1898.71,1425.33,Direct Bill,,,FALSE,TRUE,473.38
LRC9091982,AMFA,120212,Endorsement,4/1/2025,4/1/2026,10/11/2025,12,Umbrella,Personal Umbrella,Jodi Moore,jodi.moore@example.com,"44519 Danielle Parks Suite 553, Port Russell, TN 77364",TN,"44519 Danielle Parks Suite 553, Port Russell, TN 77364",,,,,,,,,,203.59,16.94,152.83,Agency Bill,,,FALSE,TRUE,50.76
GEU6818363,NATI,120203,New,4/1/2025,4/1/2026,4/1/2025,12,Personal Auto,Private Passenger Auto,Jeffery Williams,jeffery.williams@policyhub.org,"3140 Beth Points, Simpsonbury, PW 82302",PW,"3140 Beth Points, Simpsonbury, PW 82302",2,2,,,,50/100,100000,500,2500,2230.64,2230.64,1674.51,Agency Bill,,,FALSE,TRUE,556.13
JAV1164928,PRGS,120105,Renewal,4/1/2025,4/1/2026,4/1/2025,12,Homeowners,HO3,Wendy Austin,wendy.austin@mail.com,"0923 Joshua Road, Lake Jonathan, MI 65280",MI,"0923 Joshua Road, Lake Jonathan, MI 65280",,,2021,Masonry,5,,,,,2954.56,2954.56,2217.94,Agency Bill,,,FALSE,TRUE,736.62
DZK6922109,NATI,120073,Renewal,4/1/2025,4/1/2026,4/1/2025,12,BOP,Businessowners,Frank Rhodes,frank.rhodes@example.com,"675 Samantha Light, Port Kelli, NJ 93123",NJ,"675 Samantha Light, Port Kelli, NJ 93123",,,,Masonry,8,,,,,1500,1500,1126.03,Agency Bill,,,FALSE,TRUE,373.97
RWA6993980,HART,120125,New,4/1/2025,4/1/2026,4/1/2025,12,Personal Auto,Private Passenger Auto,Morgan Schultz,morgan.schultz@insmail.com,"066 Jesse Cove, North Juan, AL 57496",AL,"066 Jesse Cove, North Juan, AL 57496",2,3,,,,50/100,100000,1000,1000,3410.82,3410.82,2560.45,Agency Bill,,,FALSE,TRUE,850.37
HZE8146014,LIBM,120294,Renewal,4/1/2025,4/1/2026,4/1/2025,12,Homeowners,HO3,Michael Meadows,michael.meadows@insmail.com,"6562 Lisa Viaduct Apt. 912, North Erica, PR 00987",PR,"6562 Lisa Viaduct Apt. 912, North Erica, PR 00987",,,1988,Frame,3,,,,,1802.68,1802.68,1353.24,Agency Bill,,,FALSE,FALSE,449.44
WVZ0341073,TRAV,120115,New,4/1/2025,4/1/2026,4/1/2025,12,Personal Auto,Private Passenger Auto,Charles Peterson,charles.peterson@policyhub.org,"47913 Jaime Port Suite 745, Port Lynnburgh, UT 43424",UT,"47913 Jaime Port Suite 745, Port Lynnburgh, UT 43424",2,3,,,,25/50,100000,500,500,1161.7,1161.7,872.07,Agency Bill,,,FALSE,FALSE,289.63
FNR6479728,LIBM,120124,New,4/1/2025,4/1/2026,4/1/2025,12,Personal Auto,Private Passenger Auto,Amanda Edwards,amanda.edwards@customer.net,"5281 Donald Station, Nguyenland, WA 65527",WA,"5281 Donald Station, Nguyenland, WA 65527",2,2,,,,25/50,50000,500,1000,853.52,853.52,640.72,Agency Bill,,,FALSE,TRUE,212.8
SUX0035296,HART,120163,Renewal,4/1/2025,4/1/2026,4/1/2025,12,WC,Workers Compensation,Brooke Lopez,brooke.lopez@mail.com,"278 Davis Courts Apt. 003, Dianefort, MH 64031",MH,"278 Davis Courts Apt. 003, Dianefort, MH 64031",,,,,,,,,,3025.1,3025.1,2270.9,Agency Bill,,,FALSE,TRUE,754.2
VAG7970130,TRAV,120229,New,4/1/2025,4/1/2026,4/1/2025,12,Personal Auto,Private Passenger Auto,Gary Moore,gary.moore@policyhub.org,"7966 David Crest Apt. 974, Port Jorgefurt, MI 58811",MI,"151 Lisa Islands, Martinezchester, OH 41555",2,3,,,,50/100,250000,250,500,2697.29,2697.29,2024.81,Direct Bill,,,FALSE,TRUE,672.48
ZNR0466151,CHUB,120081,New,4/1/2025,4/1/2026,4/1/2025,12,Personal Auto,Private Passenger Auto,Julie Carlson,julie.carlson@example.com,"56059 Barbara Crossroad, Reedhaven, ND 79125",ND,"56059 Barbara Crossroad, Reedhaven, ND 79125",3,2,,,,25/50,100000,250,250,2780.53,2780.53,2087.3,Direct Bill,,,FALSE,TRUE,693.23
NXK6377483,ALLS,120143,Renewal,4/1/2025,4/1/2026,4/1/2025,12,Homeowners,HO3,Kristine Lopez,kristine.lopez@mail.com,"7949 Clark Knoll, Johnsontown, KY 49436",KY,"7949 Clark Knoll, Johnsontown, KY 49436",,,1998,Masonry Veneer,7,,,,,2451.87,2451.87,1840.58,Direct Bill,,,FALSE,TRUE,611.29
CTZ3934366,FARM,120128,New,4/1/2025,4/1/2026,4/1/2025,12,Personal Auto,Private Passenger Auto,Eric Munoz,eric.munoz@mail.com,"55366 Francis Skyway Apt. 301, Timothymouth, IL 79779",IL,"55366 Francis Skyway Apt. 301, Timothymouth, IL 79779",3,2,,,,25/50,100000,500,1000,1355.96,1355.96,1017.9,Agency Bill,,,FALSE,TRUE,338.06
ZTG4657698,CHUB,120015,New,4/1/2025,4/1/2026,4/1/2025,12,Personal Auto,Private Passenger Auto,Lisa Park,lisa.park@mail.com,"19217 Boyd Underpass, West Brookeville, NC 76622",NC,"19217 Boyd Underpass, West Brookeville, NC 76622",2,1,,,,25/50,50000,1000,500,440.03,440.03,330.32,Direct Bill,,,FALSE,TRUE,109.71
AVA9443408,GEIC,120115,New,4/1/2025,4/1/2026,4/1/2025,12,Personal Auto,Private Passenger Auto,Henry Jennings,henry.jennings@example.com,"5150 Mclaughlin Shores Suite 680, East Emma, SD 14518",SD,"5150 Mclaughlin Shores Suite 680, East Emma, SD 14518",2,1,,,,50/100,50000,2500,250,982.07,982.07,737.23,Agency Bill,,,FALSE,FALSE,244.84
VGZ5020163,NATI,120032,Renewal,4/1/2025,4/1/2026,4/1/2025,12,Homeowners,HO3,Michael Cook,michael.cook@mail.com,"34090 Lynn Land Suite 405, West Emilyville, NM 02550",NM,"34090 Lynn Land Suite 405, West Emilyville, NM 02550",,,1986,Frame,4,,,,,2155.83,2155.83,1618.35,Direct Bill,,,FALSE,TRUE,537.48
ZJL2658151,ALLS,120036,New,4/1/2025,4/1/2026,4/1/2025,12,Personal Auto,Private Passenger Auto,Alexa Martinez,alexa.martinez@policyhub.org,"9844 Dunn Estate Apt. 041, Donovanside, KS 60836",KS,"9844 Dunn Estate Apt. 041, Donovanside, KS 60836",3,2,,,,50/100,100000,250,500,1032.51,1032.51,775.09,Direct Bill,,,FALSE,TRUE,257.42
FLV0839663,LIBM,120021,Cancel,4/1/2025,10/27/2025,10/27/2025,12,Package,Commercial Package,James Lewis,james.lewis@insmail.com,"4457 Raymond Road Suite 631, Mcdowellside, TN 66676",TN,"4457 Raymond Road Suite 631, Mcdowellside, TN 66676",,,,Non-Combustible,7,,,,,11195.58,0,11195.58,Direct Bill,3/28/2022,,FALSE,TRUE,0
WMX4229566,GEIC,120168,Renewal,4/1/2025,4/1/2026,4/1/2025,12,Homeowners,HO3,Derek Webb,derek.webb@mail.com,"11372 Nichols Harbors Suite 853, Sanchezview, KS 80417",KS,"07625 Simon Crossing Apt. 335, Port Justinborough, NV 13576",,,2010,Non-Combustible,7,,,,,666.56,666.56,500.38,Direct Bill,,,FALSE,TRUE,166.18
VSE2079320,GEIC,120155,Renewal,4/1/2025,4/1/2026,4/1/2025,12,WC,Workers Compensation,Gregory Hale,gregory.hale@policyhub.org,"5844 Robinson Extensions Suite 186, Christopherville, PR 68296",PR,"6901 Anna Summit Suite 992, Loveside, TN 13440",,,,,,,,,,6874.29,6874.29,5160.43,Direct Bill,,,FALSE,FALSE,1713.86
XKP6150151,PRGS,120256,New,4/1/2025,4/1/2026,4/1/2025,12,Personal Auto,Private Passenger Auto,Belinda Wilson,belinda.wilson@insmail.com,"006 Martin Island Suite 476, South Andrea, IA 78174",IA,"006 Martin Island Suite 476, South Andrea, IA 78174",1,1,,,,25/50,25000,1000,500,469.6,469.6,352.52,Direct Bill,,,FALSE,TRUE,117.08
WRK6559184,GEIC,120059,New,4/1/2025,4/1/2026,4/1/2025,12,Personal Auto,Private Passenger Auto,Travis Huff,travis.huff@mail.com,"63761 Morgan Shores, Powellview, MN 04466",MN,"63761 Morgan Shores, Powellview, MN 04466",1,1,,,,50/100,100000,1000,1000,1637.39,1637.39,1229.16,Agency Bill,,,FALSE,TRUE,408.23
BGG4718578,PRGS,120056,Renewal,4/1/2025,4/1/2026,4/1/2025,12,Homeowners,HO3,Amber Bautista,amber.bautista@insmail.com,"06385 Davenport Port Apt. 373, Lake Mariobury, NC 52054",NC,"06385 Davenport Port Apt. 373, Lake Mariobury, NC 52054",,,2011,Joisted Masonry,9,,,,,2887.24,2887.24,2167.41,Direct Bill,,,FALSE,TRUE,719.83
NTE6046596,LIBM,120299,Renewal,4/1/2025,4/1/2026,4/1/2025,12,WC,Workers Compensation,Sarah Rivers,sarah.rivers@mail.com,"691 Ramos Lock Suite 044, Deanshire, AK 97112",AK,"740 Courtney Mews Apt. 573, New Charles, MN 19480",,,,,,,,,,5631.91,5631.91,4227.79,Direct Bill,,,FALSE,TRUE,1404.12
VSD2912984,GEIC,120228,Renewal,4/1/2025,4/1/2026,4/1/2025,12,Personal Auto,Private Passenger Auto,Michael Gonzales,michael.gonzales@mail.com,"64399 Oliver Ferry Apt. 292, Lindseyberg, TX 95669",TX,"64399 Oliver Ferry Apt. 292, Lindseyberg, TX 95669",3,1,,,,50/100,250000,1000,2500,1442.88,1442.88,1083.15,Direct Bill,,,FALSE,TRUE,359.73
SLV7022728,PRGS,120175,New,4/1/2025,4/1/2026,4/1/2025,12,Personal Auto,Private Passenger Auto,Trevor Nelson,trevor.nelson@insmail.com,"0891 Kramer Island, Lake Dominic, NH 11877",NH,"0891 Kramer Island, Lake Dominic, NH 11877",2,1,,,,25/50,50000,1000,1000,906.67,906.67,680.62,Direct Bill,,,FALSE,TRUE,226.05
SEM6364471,ALLS,120130,Renewal,4/1/2025,4/1/2026,4/1/2025,12,BOP,Businessowners,Andrew Holland,andrew.holland@example.com,"6879 Willie Union, Williamburgh, ND 51604",ND,"6879 Willie Union, Williamburgh, ND 51604",,,,Masonry,7,,,,,8566.48,8566.48,6430.73,Direct Bill,,,FALSE,TRUE,2135.75
MPP9604451,LIBM,120071,New,4/1/2025,4/1/2026,4/1/2025,12,Personal Auto,Private Passenger Auto,David Kim,david.kim@policyhub.org,"5405 Carter Place, New Erika, WA 58459",WA,"5405 Carter Place, New Erika, WA 58459",1,3,,,,50/100,100000,500,250,1395.57,1395.57,1047.63,Direct Bill,,,FALSE,TRUE,347.94
ZVC4516023,AMFA,120213,New,4/1/2025,4/1/2026,4/1/2025,12,Personal Auto,Private Passenger Auto,Sarah Cox,sarah.cox@customer.net,"1756 Jesse Junctions, Sellerston, MS 84177",MS,"1756 Jesse Junctions, Sellerston, MS 84177",1,2,,,,50/100,100000,1000,500,2313.01,2313.01,1736.34,Direct Bill,,,FALSE,FALSE,576.67
HTU9039814,PRGS,120197,Renewal,4/1/2025,4/1/2026,4/1/2025,12,Umbrella,Personal Umbrella,Isaac Beard,isaac.beard@example.com,"0090 Kevin Heights Apt. 514, Bennettside, VA 01984",VA,"0090 Kevin Heights Apt. 514, Bennettside, VA 01984",,,,,,,,,,885.34,885.34,664.61,Agency Bill,,,FALSE,FALSE,220.73
XDZ4622372,FARM,120012,Renewal,4/1/2025,4/1/2026,4/1/2025,12,Homeowners,HO3,Kenneth Quinn,kenneth.quinn@example.com,"721 Hall Mountains Suite 185, South Brian, AZ 55030",AZ,"721 Hall Mountains Suite 185, South Brian, AZ 55030",,,1989,Frame,4,,,,,1473.41,1473.41,1106.07,Direct Bill,,,FALSE,TRUE,367.34
VVM4452090,ALLS,120138,New,4/1/2025,4/1/2026,4/1/2025,12,Personal Auto,Private Passenger Auto,Mary Smith,mary.smith@insmail.com,"15807 Sanchez Trafficway Apt. 689, Hernandezshire, AL 76673",AL,"15807 Sanchez Trafficway Apt. 689, Hernandezshire, AL 76673",3,1,,,,25/50,100000,500,500,1300.61,1300.61,976.35,Agency Bill,,,FALSE,TRUE,324.26
HCX1783150,PRGS,120084,Cancel,4/1/2025,8/8/2025,8/8/2025,12,Package,Commercial Package,Amanda Hudson,amanda.hudson@policyhub.org,"220 Madison Causeway Apt. 316, Nelsonborough, IL 96619",IL,"711 Lauren Unions Suite 452, Lake Anthonyfort, NJ 31819",,,,Fire Resistive,8,,,,,9206.72,0,9206.72,Direct Bill,4/27/2021,,FALSE,FALSE,0
APW2817398,TRAV,120023,Endorsement,4/1/2025,4/1/2026,7/4/2025,12,Umbrella,Personal Umbrella,Tonya Rodriguez,tonya.rodriguez@mail.com,"298 Austin Route, Jamestown, KY 92735",KY,"16444 Snyder Lodge, Austinfurt, TN 34751",,,,,,,,,,158.78,-5.02,119.19,Direct Bill,,,FALSE,TRUE,39.59
ZCG6979765,PRGS,120080,Endorsement,4/1/2025,4/1/2026,2/28/2026,12,Umbrella,Personal Umbrella,Courtney Weeks,courtney.weeks@customer.net,"55856 Sarah Neck, Westton, SD 37892",SD,"55856 Sarah Neck, Westton, SD 37892",,,,,,,,,,557.15,21.82,418.24,Direct Bill,,,FALSE,TRUE,138.91
GSU7215029,ALLS,120047,Endorsement,4/1/2025,4/1/2026,10/15/2025,12,Umbrella,Personal Umbrella,Christopher Williams,christopher.williams@customer.net,"14339 Norman Wall, East Amanda, WV 23799",WV,"14339 Norman Wall, East Amanda, WV 23799",,,,,,,,,,689.47,-105.47,517.57,Direct Bill,,,FALSE,FALSE,171.9
TWP6673449,CHUB,120291,Renewal,4/1/2025,4/1/2026,4/1/2025,12,Homeowners,HO3,Victoria Nichols,victoria.nichols@policyhub.org,"7639 Sosa Trail Apt. 598, Robinsonstad, FM 17616",FM,"7639 Sosa Trail Apt. 598, Robinsonstad, FM 17616",,,1979,Non-Combustible,4,,,,,500,500,375.34,Direct Bill,,,FALSE,TRUE,124.66
DZL4847371,CHUB,120108,Endorsement,4/1/2025,4/1/2026,6/18/2025,12,Umbrella,Personal Umbrella,Heidi Hurley,heidi.hurley@mail.com,"6575 Rodriguez Vista Suite 939, West Jessica, OK 88364",OK,"6575 Rodriguez Vista Suite 939, West Jessica, OK 88364",,,,,,,,,,454.15,28.55,340.92,Direct Bill,,,FALSE,TRUE,113.23
CBB1056787,TRAV,120017,Renewal,4/1/2025,4/1/2026,4/1/2025,12,BOP,Businessowners,Clifford Hamilton,clifford.hamilton@mail.com,"809 Gregory Drive Apt. 967, New Chadfort, OR 41951",OR,"809 Gregory Drive Apt. 967, New Chadfort, OR 41951",,,,Frame,3,,,,,6457.14,6457.14,4847.28,Direct Bill,,,FALSE,TRUE,1609.86
CCD6627020,FARM,120231,New,4/1/2025,4/1/2026,4/1/2025,12,Personal Auto,Private Passenger Auto,Richard Davis,richard.davis@customer.net,"61827 Roberts Dam Suite 162, Courtneyshire, AK 70246",AK,"61827 Roberts Dam Suite 162, Courtneyshire, AK 70246",1,3,,,,50/100,25000,500,500,2729.06,2729.06,2048.66,Agency Bill,,,FALSE,TRUE,680.4
FUK4956855,GEIC,120029,Renewal,4/1/2025,4/1/2026,4/1/2025,12,BOP,Businessowners,John Ware,john.ware@customer.net,"0687 Davis Lock, West Michaelbury, WV 52179",WV,"9033 Connor Springs Apt. 094, East Josephmouth, TX 21714",,,,Fire Resistive,7,,,,,1500,1500,1126.03,Direct Bill,,,FALSE,TRUE,373.97
WZJ4118143,GEIC,120221,New,4/1/2025,4/1/2026,4/1/2025,12,Personal Auto,Private Passenger Auto,Jose Walker,jose.walker@customer.net,"9103 Morton Station, West Sergiochester, FM 70752",FM,"9103 Morton Station, West Sergiochester, FM 70752",2,4,,,,50/100,100000,500,1000,1717.79,1717.79,1289.52,Agency Bill,,,FALSE,TRUE,428.27
JWK7248846,ALLS,120224,Renewal,4/1/2025,4/1/2026,4/1/2025,12,WC,Workers Compensation,Nicole Hernandez,nicole.hernandez@insmail.com,"12387 Sarah Motorway Suite 424, Lake Christine, RI 44824",RI,"12387 Sarah Motorway Suite 424, Lake Christine, RI 44824",,,,,,,,,,3213.56,3213.56,2412.37,Agency Bill,,,FALSE,TRUE,801.19
NDN9608855,TRAV,120163,New,4/1/2025,4/1/2026,4/1/2025,12,Personal Auto,Private Passenger Auto,Kathleen Jackson,kathleen.jackson@insmail.com,"59399 Patrick Walk, Maryview, NM 80310",NM,"9020 Ruiz Path Suite 409, Russellbury, AK 72041",2,2,,,,50/100,100000,500,500,1280.59,1280.59,961.32,Direct Bill,,,FALSE,TRUE,319.27
VLC3218573,GEIC,120041,Renewal,4/1/2025,4/1/2026,4/1/2025,12,Personal Auto,Private Passenger Auto,Julie Irwin,julie.irwin@example.com,"1365 Walter Square Suite 134, Sarastad, WI 36696",WI,"5788 Brian Bypass, Port Barbaraborough, DC 79267",1,2,,,,50/100,250000,500,1000,1783.86,1783.86,1339.12,Direct Bill,,,FALSE,TRUE,444.74
CPB5022592,ALLS,120165,Renewal,4/1/2025,4/1/2026,4/1/2025,12,Homeowners,HO3,Timothy Montgomery,timothy.montgomery@mail.com,"5712 Christopher Knolls, Matthewshire, GU 85878",GU,"5712 Christopher Knolls, Matthewshire, GU 85878",,,1997,Masonry,7,,,,,762.99,762.99,572.77,Agency Bill,,,FALSE,TRUE,190.22
CTY8069472,GEIC,120210,Renewal,4/1/2025,4/1/2026,4/1/2025,12,BOP,Businessowners,Matthew Hoover,matthew.hoover@customer.net,"594 Laura Cape Suite 861, West Johnburgh, LA 09143",LA,"594 Laura Cape Suite 861, West Johnburgh, LA 09143",,,,Frame,7,,,,,3255.29,3255.29,2443.7,Agency Bill,,,FALSE,FALSE,811.59
LUE2179198,FARM,120270,Endorsement,4/1/2025,4/1/2026,3/30/2026,12,Umbrella,Personal Umbrella,Brandon Lester,brandon.lester@mail.com,"68756 Conner Causeway Suite 062, Maychester, AR 74246",AR,"68756 Conner Causeway Suite 062, Maychester, AR 74246",,,,,,,,,,966.41,108.37,725.47,Agency Bill,,,FALSE,TRUE,240.94
BKH6406876,CHUB,120298,Renewal,4/1/2025,4/1/2026,4/1/2025,12,Personal Auto,Private Passenger Auto,John Terry,john.terry@customer.net,"238 Cristina Field, Hollyville, SD 20344",SD,"238 Cristina Field, Hollyville, SD 20344",2,2,,,,50/100,50000,250,250,2062.53,2062.53,1548.31,Agency Bill,,,FALSE,TRUE,514.22
JGT3366148,TRAV,120063,Endorsement,4/1/2025,4/1/2026,1/9/2026,12,Umbrella,Personal Umbrella,Isabel Smith,isabel.smith@insmail.com,"571 Shawn Pines, Paigehaven, OH 69466",OH,"571 Shawn Pines, Paigehaven, OH 69466",,,,,,,,,,401.33,10.78,301.27,Direct Bill,,,FALSE,TRUE,100.06
RRY1753842,LIBM,120201,Renewal,4/1/2025,4/1/2026,4/1/2025,12,Homeowners,HO3,Kristen Delacruz,kristen.delacruz@mail.com,"080 Barnes Crossing, Felicialand, NE 85340",NE,"080 Barnes Crossing, Felicialand, NE 85340",,,2005,Joisted Masonry,7,,,,,2132.8,2132.8,1601.06,Direct Bill,,,FALSE,TRUE,531.74
LDR7015653,CHUB,120225,Renewal,4/1/2025,4/1/2026,4/1/2025,12,Homeowners,HO3,Brian Rios,brian.rios@insmail.com,"9127 Lori Vista, Salazarton, MT 27758",MT,"9127 Lori Vista, Salazarton, MT 27758",,,2003,Frame,9,,,,,651.98,651.98,489.43,Agency Bill,,,FALSE,FALSE,162.55
KVW4408524,GEIC,120194,New,4/1/2025,4/1/2026,4/1/2025,12,Personal Auto,Private Passenger Auto,Justin Peters,justin.peters@policyhub.org,"7542 Antonio Pines, Port Ericview, VA 95567",VA,"7542 Antonio Pines, Port Ericview, VA 95567",1,3,,,,25/50,250000,2500,1000,3852.41,3852.41,2891.95,Direct Bill,,,FALSE,TRUE,960.46
MFV1665117,GEIC,120064,Renewal,4/1/2025,4/1/2026,4/1/2025,12,BOP,Businessowners,David James,david.james@mail.com,"99001 Janet Ways, South Mackenziebury, AL 20159",AL,"99001 Janet Ways, South Mackenziebury, AL 20159",,,,Masonry,5,,,,,4206.03,4206.03,3157.4,Agency Bill,,,FALSE,TRUE,1048.63
PFG3984115,GEIC,120010,Endorsement,4/1/2025,4/1/2026,11/16/2025,12,Umbrella,Personal Umbrella,Janet Mercer,janet.mercer@policyhub.org,"59475 Jamie Run Suite 995, Kochmouth, VT 92023",VT,"76936 Jimmy Stream Apt. 471, East Austinport, AK 44809",,,,,,,,,,325.69,-12.25,244.49,Direct Bill,,,FALSE,TRUE,81.2
AUD5703620,TRAV,120190,Renewal,4/1/2025,4/1/2026,4/1/2025,12,Homeowners,HO3,Melissa Smith,melissa.smith@example.com,"6070 Tiffany Village Suite 096, North Charles, MN 93424",MN,"6070 Tiffany Village Suite 096, North Charles, MN 93424",,,2004,Masonry,6,,,,,1689.57,1689.57,1268.33,Direct Bill,,,FALSE,TRUE,421.24
MZL8637740,GEIC,120134,Renewal,4/1/2025,4/1/2026,4/1/2025,12,Homeowners,HO3,Diamond Henry,diamond.henry@policyhub.org,"3486 Smith Radial Apt. 630, South Kevin, PA 61192",PA,"3486 Smith Radial Apt. 630, South Kevin, PA 61192",,,2011,Joisted Masonry,8,,,,,2214.44,2214.44,1662.35,Direct Bill,,,FALSE,TRUE,552.09
HTA9697967,GEIC,120133,Renewal,4/1/2025,4/1/2026,4/1/2025,12,WC,Workers Compensation,Sara Hayes,sara.hayes@customer.net,"387 Laura Extensions Suite 090, South Joannchester, MS 46449",MS,"387 Laura Extensions Suite 090, South Joannchester, MS 46449",,,,,,,,,,3708.83,3708.83,2784.16,Direct Bill,,,FALSE,FALSE,924.67
WUF0683511,CHUB,120262,Renewal,4/1/2025,4/1/2026,4/1/2025,12,BOP,Businessowners,Daniel Cox,daniel.cox@mail.com,"10449 Brian Brooks, Port Keithport, AZ 41639",AZ,"10449 Brian Brooks, Port Keithport, AZ 41639",,,,Masonry Veneer,7,,,,,4615.06,4615.06,3464.46,Agency Bill,,,FALSE,FALSE,1150.6
GYJ1857990,AMFA,120064,Renewal,4/1/2025,4/1/2026,4/1/2025,12,Homeowners,HO3,Timothy Howell,timothy.howell@mail.com,"3855 Stewart Manors Suite 082, Port Alejandrashire, KS 58910",KS,"3855 Stewart Manors Suite 082, Port Alejandrashire, KS 58910",,,2012,Non-Combustible,7,,,,,1681.93,1681.93,1262.6,Direct Bill,,,FALSE,TRUE,419.33
BPS3110759,TRAV,120030,Renewal,4/1/2025,4/1/2026,4/1/2025,12,Homeowners,HO3,James King,james.king@customer.net,"3867 Berry Lake Apt. 779, Port Samanthastad, WA 72348",WA,"3867 Berry Lake Apt. 779, Port Samanthastad, WA 72348",,,1993,Masonry Veneer,6,,,,,1257.47,1257.47,943.96,Agency Bill,,,FALSE,TRUE,313.51
HJW2403659,GEIC,120285,Renewal,4/1/2025,4/1/2026,4/1/2025,12,Umbrella,Personal Umbrella,Amanda Reyes,amanda.reyes@insmail.com,"6588 Knight Expressway Suite 846, Jonesmouth, VI 54480",VI,"6588 Knight Expressway Suite 846, Jonesmouth, VI 54480",,,,,,,,,,479.69,479.69,360.1,Direct Bill,,,FALSE,TRUE,119.59
KWD4413547,NATI,120181,New,4/1/2025,4/1/2026,4/1/2025,12,Personal Auto,Private Passenger Auto,Erin Bradley,erin.bradley@mail.com,"149 Joe Trail, Mitchellside, AK 69106",AK,"149 Joe Trail, Mitchellside, AK 69106",2,1,,,,50/100,100000,500,500,959.58,959.58,720.34,Direct Bill,,,FALSE,TRUE,239.24
VDR7644117,CHUB,120257,Endorsement,4/1/2025,4/1/2026,12/10/2025,12,Umbrella,Personal Umbrella,Robert Payne,robert.payne@insmail.com,"8707 Williams Key Suite 583, Brownmouth, MO 41788",MO,"8707 Williams Key Suite 583, Brownmouth, MO 41788",,,,,,,,,,586.41,-12.36,440.21,Direct Bill,,,FALSE,TRUE,146.2
MGH2130062,TRAV,120200,Renewal,4/1/2025,4/1/2026,4/1/2025,12,Umbrella,Personal Umbrella,Miguel Johnson,miguel.johnson@mail.com,"610 Moore Radial Apt. 673, North Georgeborough, MS 88869",MS,"610 Moore Radial Apt. 673, North Georgeborough, MS 88869",,,,,,,,,,419.11,419.11,314.62,Direct Bill,,,FALSE,TRUE,104.49
AWM4364780,LIBM,120142,New,4/1/2025,4/1/2026,4/1/2025,12,Personal Auto,Private Passenger Auto,Brittany Butler,brittany.butler@customer.net,"9116 Sharon Estate Apt. 316, East Roberttown, NM 56625",NM,"9116 Sharon Estate Apt. 316, East Roberttown, NM 56625",3,1,,,,50/100,100000,1000,500,1367.63,1367.63,1026.66,Direct Bill,,,FALSE,TRUE,340.97
YNB8802036,TRAV,120211,Renewal,4/1/2025,4/1/2026,4/1/2025,12,Homeowners,HO3,Matthew Anderson,matthew.anderson@insmail.com,"50372 Raymond Junctions Apt. 229, North Josephborough, IA 29839",IA,"50372 Raymond Junctions Apt. 229, North Josephborough, IA 29839",,,1989,Frame,7,,,,,846.71,846.71,635.61,Agency Bill,,,FALSE,TRUE,211.1
CLD8519277,TRAV,120046,Renewal,4/1/2025,4/1/2026,4/1/2025,12,Homeowners,HO3,John Murphy,john.murphy@customer.net,"9955 Brenda Mall, Hamiltonmouth, DC 08547",DC,"9955 Brenda Mall, Hamiltonmouth, DC 08547",,,2009,Frame,5,,,,,1211.6,1211.6,909.53,Agency Bill,,,FALSE,TRUE,302.07
VDA4720799,TRAV,120179,New,4/1/2025,4/1/2026,4/1/2025,12,Personal Auto,Private Passenger Auto,Jordan Thompson,jordan.thompson@policyhub.org,"58552 Shannon Hill, Garciastad, MP 57288",MP,"58552 Shannon Hill, Garciastad, MP 57288",1,3,,,,25/50,100000,500,1000,1193.91,1193.91,896.25,Direct Bill,,,FALSE,TRUE,297.66
YKP9180196,TRAV,120166,Renewal,4/1/2025,4/1/2026,4/1/2025,12,Personal Auto,Private Passenger Auto,Samantha Riddle,samantha.riddle@customer.net,"980 Simon Mountains Suite 420, Port Robert, ND 39381",ND,"980 Simon Mountains Suite 420, Port Robert, ND 39381",4,4,,,,50/100,250000,1000,500,1305.22,1305.22,979.81,Direct Bill,,,FALSE,TRUE,325.41
JXF6693698,HART,120065,Cancel,4/1/2025,5/23/2025,5/23/2025,12,Package,Commercial Package,Debra May,debra.may@example.com,"9452 Michael Glen Suite 438, East Michaela, IL 47677",IL,"9452 Michael Glen Suite 438, East Michaela, IL 47677",,,,Fire Resistive,6,,,,,3027.8,0,3027.8,Direct Bill,10/24/2022,,FALSE,TRUE,0
KZE5261802,FARM,120068,Renewal,4/1/2025,4/1/2026,4/1/2025,12,BOP,Businessowners,Gregory Stewart,gregory.stewart@example.com,"2632 House Manor, Christineborough, NY 86938",NY,"2632 House Manor, Christineborough, NY 86938",,,,Joisted Masonry,3,,,,,3227.54,3227.54,2422.87,Direct Bill,,,FALSE,TRUE,804.67
NHR6164826,TRAV,120034,Renewal,4/1/2025,4/1/2026,4/1/2025,12,Personal Auto,Private Passenger Auto,Peggy Erickson,peggy.erickson@insmail.com,"48118 Patrick Forge Suite 728, Boltonland, NM 45367",NM,"0481 Reyes Dam, Matthewsview, VI 77021",3,1,,,,50/100,50000,500,2500,1359.93,1359.93,1020.88,Direct Bill,,,FALSE,TRUE,339.05
YKF3689178,AMFA,120092,Renewal,4/1/2025,4/1/2026,4/1/2025,12,Personal Auto,Private Passenger Auto,Emily Gill,emily.gill@policyhub.org,"81781 Dean Station Suite 297, West Alex, MD 96141",MD,"81781 Dean Station Suite 297, West Alex, MD 96141",3,3,,,,50/100,250000,250,500,2205.58,2205.58,1655.7,Direct Bill,,,FALSE,TRUE,549.88
MLH4209288,PRGS,120295,Renewal,4/1/2025,4/1/2026,4/1/2025,12,WC,Workers Compensation,Bonnie Lynch,bonnie.lynch@example.com,"396 Blackwell Tunnel, Joneston, GU 25623",GU,"34663 David Garden, Ericksonshire, GA 32973",,,,,,,,,,3795.76,3795.76,2849.42,Direct Bill,,,FALSE,TRUE,946.34
RAH4637618,ALLS,120148,Renewal,4/1/2025,4/1/2026,4/1/2025,12,Homeowners,HO3,George Phillips,george.phillips@insmail.com,"81830 Dalton Lodge, Thomaston, OH 46694",OH,"81830 Dalton Lodge, Thomaston, OH 46694",,,1979,Frame,6,,,,,2188.88,2188.88,1643.16,Direct Bill,,,FALSE,TRUE,545.72
GTB5371451,ALLS,120180,Renewal,4/1/2025,4/1/2026,4/1/2025,12,Homeowners,HO3,Bruce Ruiz,bruce.ruiz@customer.net,"0284 Jones Expressway Apt. 616, Evanside, AL 32065",AL,"0284 Jones Expressway Apt. 616, Evanside, AL 32065",,,2005,Frame,5,,,,,2057.98,2057.98,1544.89,Direct Bill,,,FALSE,TRUE,513.09
RVE3068696,TRAV,120249,Renewal,4/1/2025,4/1/2026,4/1/2025,12,Homeowners,HO3,Natalie Bell,natalie.bell@insmail.com,"4287 Amber Extensions Apt. 029, Ericaborough, OR 45881",OR,"4287 Amber Extensions Apt. 029, Ericaborough, OR 45881",,,2009,Masonry Veneer,10,,,,,1399.81,1399.81,1050.82,Direct Bill,,,FALSE,TRUE,348.99
TBD7158066,LIBM,120001,New,4/1/2025,4/1/2026,4/1/2025,12,Personal Auto,Private Passenger Auto,Kenneth Lambert,kenneth.lambert@mail.com,"4423 Larsen Lock Apt. 268, Chapmanside, GA 41170",GA,"4423 Larsen Lock Apt. 268, Chapmanside, GA 41170",3,2,,,,50/100,250000,500,500,898.25,898.25,674.3,Direct Bill,,,FALSE,TRUE,223.95
MGT9548978,CHUB,120014,New,4/1/2025,4/1/2026,4/1/2025,12,Personal Auto,Private Passenger Auto,John Leonard,john.leonard@mail.com,"6956 Samantha Hollow Apt. 484, New Carly, MT 81399",MT,"6956 Samantha Hollow Apt. 484, New Carly, MT 81399",2,3,,,,25/50,250000,1000,500,986.58,986.58,740.61,Direct Bill,,,FALSE,TRUE,245.97
KPS2094727,ALLS,120287,Renewal,4/1/2025,4/1/2026,4/1/2025,12,WC,Workers Compensation,Jeremy Chen,jeremy.chen@insmail.com,"11632 Bryant Village Apt. 628, Victorport, DE 27453",DE,"11632 Bryant Village Apt. 628, Victorport, DE 27453",,,,,,,,,,3497.63,3497.63,2625.62,Direct Bill,,,FALSE,TRUE,872.01
XPR2837860,AMFA,120269,Renewal,4/1/2025,4/1/2026,4/1/2025,12,BOP,Businessowners,Melissa Shields,melissa.shields@example.com,"881 Matthew Shore, Lake Robertport, NJ 98338",NJ,"881 Matthew Shore, Lake Robertport, NJ 98338",,,,Joisted Masonry,4,,,,,3733.96,3733.96,2803.03,Direct Bill,,,FALSE,TRUE,930.93
WWM0028287,HART,120111,Renewal,4/1/2025,4/1/2026,4/1/2025,12,Homeowners,HO3,Pamela Wong,pamela.wong@example.com,"349 Rodney Canyon Suite 965, Port Ryanland, CO 84475",CO,"349 Rodney Canyon Suite 965, Port Ryanland, CO 84475",,,2012,Joisted Masonry,5,,,,,1311.09,1311.09,984.22,Direct Bill,,,FALSE,TRUE,326.87
JAT7820924,AMFA,120095,Renewal,4/1/2025,4/1/2026,4/1/2025,12,WC,Workers Compensation,Lori Hall,lori.hall@example.com,"254 Morton Station Apt. 310, Kendraview, VA 56624",VA,"254 Morton Station Apt. 310, Kendraview, VA 56624",,,,,,,,,,8347.22,8347.22,6266.13,Direct Bill,,,FALSE,TRUE,2081.09
BHT7420134,ALLS,120187,New,4/1/2025,4/1/2026,4/1/2025,12,Personal Auto,Private Passenger Auto,Jill Lang,jill.lang@mail.com,"4682 Alvarado Flats Suite 992, New Amberview, KY 02714",KY,"6012 Dominguez Inlet Apt. 882, Lake Dustinburgh, MO 95472",2,2,,,,25/50,250000,1000,500,1092.05,1092.05,819.79,Direct Bill,,,FALSE,TRUE,272.26
PZT7027636,LIBM,120212,New,4/1/2025,4/1/2026,4/1/2025,12,Personal Auto,Private Passenger Auto,Paul Boyd,paul.boyd@mail.com,"29988 Wheeler Mill, East Mariohaven, CT 34209",CT,"29988 Wheeler Mill, East Mariohaven, CT 34209",3,3,,,,25/50,100000,500,500,3292.88,3292.88,2471.92,Agency Bill,,,FALSE,TRUE,820.96
KRU0573443,PRGS,120273,Rewrite,4/1/2025,4/1/2026,4/1/2025,12,Package,Commercial Package,Ronald Cooper,ronald.cooper@policyhub.org,"3655 Campbell Pike Suite 427, Lisaborough, PA 97823",PA,"3655 Campbell Pike Suite 427, Lisaborough, PA 97823",,,,Masonry Veneer,6,,,,,3775.81,3775.81,2834.44,Direct Bill,,,TRUE,TRUE,941.37
MUL2177416,LIBM,120243,Renewal,4/1/2025,4/1/2026,4/1/2025,12,WC,Workers Compensation,Jennifer Davis,jennifer.davis@mail.com,"2099 Samuel Plains, Barbaraberg, NY 75787",NY,"2099 Samuel Plains, Barbaraberg, NY 75787",,,,,,,,,,5250.21,5250.21,3941.25,Direct Bill,,,FALSE,TRUE,1308.96
VRH9238976,HART,120123,Renewal,4/1/2025,4/1/2026,4/1/2025,12,Umbrella,Personal Umbrella,Brian Malone,brian.malone@customer.net,"23408 Candace Radial Apt. 495, Lake Tyler, NM 71979",NM,"23408 Candace Radial Apt. 495, Lake Tyler, NM 71979",,,,,,,,,,621.17,621.17,466.3,Agency Bill,,,FALSE,FALSE,154.87
PNZ5806964,LIBM,120075,Endorsement,4/1/2025,4/1/2026,7/13/2025,12,Umbrella,Personal Umbrella,Tamara Dalton,tamara.dalton@customer.net,"394 Ramirez Unions, Lake Veronicafort, SD 32801",SD,"394 Ramirez Unions, Lake Veronicafort, SD 32801",,,,,,,,,,670.9,-61.42,503.63,Direct Bill,,,FALSE,TRUE,167.27
YZK2315143,TRAV,120103,Renewal,4/1/2025,4/1/2026,4/1/2025,12,WC,Workers Compensation,Brenda Blair,brenda.blair@mail.com,"8535 Chase Lights, Carolmouth, TN 87401",TN,"8535 Chase Lights, Carolmouth, TN 87401",,,,,,,,,,2623.68,2623.68,1969.56,Agency Bill,,,FALSE,TRUE,654.12
SJD4354424,TRAV,120007,Renewal,4/1/2025,4/1/2026,4/1/2025,12,BOP,Businessowners,Kristen Sherman,kristen.sherman@insmail.com,"3778 Richards Mews Suite 383, Kyletown, PR 26802",PR,"4843 Miller Cove, Richardsonshire, AL 83952",,,,Masonry Veneer,10,,,,,3182.66,3182.66,2389.17,Agency Bill,,,FALSE,TRUE,793.49
AZP4347165,FARM,120162,New,4/1/2025,4/1/2026,4/1/2025,12,Personal Auto,Private Passenger Auto,Ricky Higgins,ricky.higgins@mail.com,"3461 Jennifer Divide Apt. 501, New Lori, UT 18186",UT,"3461 Jennifer Divide Apt. 501, New Lori, UT 18186",2,1,,,,50/100,50000,1000,1000,825.28,825.28,619.53,Direct Bill,,,FALSE,TRUE,205.75
VSH4455099,LIBM,120040,Endorsement,4/1/2025,4/1/2026,9/24/2025,12,Umbrella,Personal Umbrella,Gregory Torres,gregory.torres@policyhub.org,"0470 Pierce Knoll, North Codyshire, DE 46876",DE,"0470 Pierce Knoll, North Codyshire, DE 46876",,,,,,,,,,462.35,-5.19,347.08,Direct Bill,,,FALSE,TRUE,115.27
AVB6479918,GEIC,120246,Renewal,4/1/2025,4/1/2026,4/1/2025,12,WC,Workers Compensation,Jennifer Kelley,jennifer.kelley@insmail.com,"92709 Johnson Path, Amandaton, CO 95907",CO,"92709 Johnson Path, Amandaton, CO 95907",,,,,,,,,,10749.73,10749.73,8069.66,Direct Bill,,,FALSE,TRUE,2680.07
TJT5893009,TRAV,120025,Renewal,4/1/2025,4/1/2026,4/1/2025,12,Homeowners,HO3,Mark Perez,mark.perez@policyhub.org,"287 Carter Courts Suite 890, Jamesberg, TX 40645",TX,"287 Carter Courts Suite 890, Jamesberg, TX 40645",,,2000,Frame,7,,,,,1604.88,1604.88,1204.76,Direct Bill,,,FALSE,TRUE,400.12
ZRA7582343,FARM,120237,Renewal,4/1/2025,4/1/2026,4/1/2025,12,BOP,Businessowners,Ryan Russell,ryan.russell@customer.net,"766 Phelps Unions Apt. 018, Santostown, TX 75786",TX,"766 Phelps Unions Apt. 018, Santostown, TX 75786",,,,Joisted Masonry,7,,,,,1500,1500,1126.03,Agency Bill,,,FALSE,TRUE,373.97
RRG2118515,TRAV,120180,Renewal,4/1/2025,4/1/2026,4/1/2025,12,Personal Auto,Private Passenger Auto,John Contreras,john.contreras@policyhub.org,"078 Patterson Branch Suite 186, Brownmouth, OH 20316",OH,"1750 Keith Cliffs, East Jasminefurt, AR 21687",2,2,,,,50/100,100000,500,500,1495.54,1495.54,1122.68,Agency Bill,,,FALSE,TRUE,372.86
CSJ8568109,PRGS,120267,New,4/1/2025,4/1/2026,4/1/2025,12,Personal Auto,Private Passenger Auto,Mark Martin,mark.martin@customer.net,"058 Johnson Freeway Suite 786, Robertside, VA 80977",VA,"058 Johnson Freeway Suite 786, Robertside, VA 80977",2,3,,,,25/50,500000,2500,500,4000,4000,3002.74,Direct Bill,,,FALSE,TRUE,997.26
DET3736648,CHUB,120279,Renewal,4/1/2025,4/1/2026,4/1/2025,12,BOP,Businessowners,Ashley Barr,ashley.barr@mail.com,"9624 Tony Fords Apt. 441, Ronaldchester, WV 51170",WV,"9624 Tony Fords Apt. 441, Ronaldchester, WV 51170",,,,Non-Combustible,6,,,,,4206.92,4206.92,3158.07,Agency Bill,,,FALSE,TRUE,1048.85
LDU1759751,GEIC,120257,Renewal,4/1/2025,4/1/2026,4/1/2025,12,Homeowners,HO3,Kevin Rodriguez,kevin.rodriguez@mail.com,"41293 Maureen Valleys, Jeffersonborough, OK 80518",OK,"41293 Maureen Valleys, Jeffersonborough, OK 80518",,,2011,Masonry Veneer,6,,,,,1834.53,1834.53,1377.15,Direct Bill,,,FALSE,TRUE,457.38
RZW9650781,PRGS,120217,Renewal,4/1/2025,4/1/2026,4/1/2025,12,Homeowners,HO3,Judy Vazquez,judy.vazquez@customer.net,"25043 Maria Plaza Apt. 550, West Alexside, IL 56863",IL,"25043 Maria Plaza Apt. 550, West Alexside, IL 56863",,,1995,Frame,4,,,,,908.7,908.7,682.15,Agency Bill,,,FALSE,TRUE,226.55
UVA7564629,FARM,120271,Reinstate,4/1/2025,4/1/2026,1/10/2026,12,Package,Commercial Package,Joseph Hayes,joseph.hayes@policyhub.org,"482 Dwayne Common Suite 582, Kevinchester, NM 84082",NM,"482 Dwayne Common Suite 582, Kevinchester, NM 84082",,,,Masonry Veneer,8,,,,,22778.86,0,17099.75,Direct Bill,,8/10/2022,FALSE,TRUE,5679.11
CYV0477121,PRGS,120125,Renewal,4/1/2025,4/1/2026,4/1/2025,12,Personal Auto,Private Passenger Auto,Robert Jones,robert.jones@example.com,"4305 Courtney Crossing, West Jennifershire, FM 95462",FM,"4305 Courtney Crossing, West Jennifershire, FM 95462",2,1,,,,50/100,100000,2500,1000,2722.22,2722.22,2043.53,Agency Bill,,,FALSE,TRUE,678.69
RNK2150624,AMFA,120108,New,4/1/2025,4/1/2026,4/1/2025,12,Personal Auto,Private Passenger Auto,Christopher Smith,christopher.smith@example.com,"551 Alex Mission Suite 315, Kristinburgh, IA 69158",IA,"551 Alex Mission Suite 315, Kristinburgh, IA 69158",1,2,,,,25/50,25000,500,2500,1208.27,1208.27,907.03,Direct Bill,,,FALSE,TRUE,301.24
GKU9224722,HART,120058,Renewal,4/1/2025,4/1/2026,4/1/2025,12,Personal Auto,Private Passenger Auto,Andrea Murphy,andrea.murphy@mail.com,"88489 Roberts Pine, Jonesburgh, MO 38451",MO,"88489 Roberts Pine, Jonesburgh, MO 38451",2,2,,,,50/100,100000,1000,500,1071.38,1071.38,804.27,Direct Bill,,,FALSE,TRUE,267.11
CWL0782103,NATI,120272,Renewal,4/1/2025,4/1/2026,4/1/2025,12,Homeowners,HO3,Terri Jackson,terri.jackson@mail.com,"34812 Campbell Meadows Apt. 097, West Jennifer, PW 11222",PW,"34812 Campbell Meadows Apt. 097, West Jennifer, PW 11222",,,2010,Frame,6,,,,,1663.99,1663.99,1249.13,Direct Bill,,,FALSE,TRUE,414.86
MNS2862757,PRGS,120218,Renewal,4/1/2025,4/1/2026,4/1/2025,12,Personal Auto,Private Passenger Auto,David Jackson,david.jackson@policyhub.org,"4171 Mccarty Camp Apt. 670, Rodriguezfort, MA 29725",MA,"272 Brown Cliffs Suite 758, Gentrybury, DE 16119",1,1,,,,50/100,100000,1000,500,905.69,905.69,679.89,Agency Bill,,,FALSE,TRUE,225.8
LFR5884136,FARM,120101,Renewal,4/1/2025,4/1/2026,4/1/2025,12,Homeowners,HO3,Tamara Lopez,tamara.lopez@policyhub.org,"688 King Shoals, East Ryan, NY 38981",NY,"688 King Shoals, East Ryan, NY 38981",,,1974,Non-Combustible,5,,,,,1355.66,1355.66,1017.67,Agency Bill,,,FALSE,TRUE,337.99
RWK6603131,PRGS,120231,Renewal,4/1/2025,4/1/2026,4/1/2025,12,WC,Workers Compensation,Justin Meyer,justin.meyer@policyhub.org,"64249 Ronald Bypass Suite 602, Mccarthyview, VT 61325",VT,"38905 Stephanie Inlet Suite 735, New Joshualand, KS 57205",,,,,,,,,,3038.36,3038.36,2280.85,Direct Bill,,,FALSE,TRUE,757.51
XWA9741066,CHUB,120165,Renewal,4/1/2025,4/1/2026,4/1/2025,12,Homeowners,HO3,Christina Boone,christina.boone@insmail.com,"2386 Marcus Fields Suite 204, Bennettstad, NC 77806",NC,"2386 Marcus Fields Suite 204, Bennettstad, NC 77806",,,2001,Masonry,4,,,,,1409.75,1409.75,1058.28,Direct Bill,,,FALSE,TRUE,351.47
XGE7093107,HART,120298,New,4/1/2025,4/1/2026,4/1/2025,12,Personal Auto,Private Passenger Auto,Sheryl Ritter,sheryl.ritter@example.com,"393 Kenneth Radial, East Williamstad, MD 09612",MD,"393 Kenneth Radial, East Williamstad, MD 09612",1,3,,,,25/50,100000,1000,2500,1343.86,1343.86,1008.82,Direct Bill,,,FALSE,TRUE,335.04
HDW3008443,PRGS,120263,Renewal,4/1/2025,4/1/2026,4/1/2025,12,Homeowners,HO3,Ryan Jackson,ryan.jackson@example.com,"94134 Owens Village Apt. 616, East Heather, CA 75160",CA,"22238 Soto Flat Suite 567, Robinborough, SD 89508",,,1969,Masonry,9,,,,,1465.09,1465.09,1099.82,Agency Bill,,,FALSE,TRUE,365.27
HAU1357393,GEIC,120065,Renewal,4/1/2025,4/1/2026,4/1/2025,12,Homeowners,HO3,Jason Green,jason.green@policyhub.org,"37110 Franklin Streets, Jillton, OK 64918",OK,"37110 Franklin Streets, Jillton, OK 64918",,,1957,Masonry Veneer,9,,,,,1440.31,1440.31,1081.22,Agency Bill,,,FALSE,TRUE,359.09
PAB0791961,ALLS,120252,New,4/1/2025,4/1/2026,4/1/2025,12,Personal Auto,Private Passenger Auto,Justin Smith,justin.smith@customer.net,"680 Terri Hollow, Anthonymouth, FL 17876",FL,"680 Terri Hollow, Anthonymouth, FL 17876",2,3,,,,50/100,100000,1000,1000,960.59,960.59,721.1,Direct Bill,,,FALSE,TRUE,239.49
DJS3860024,PRGS,120023,Renewal,4/1/2025,4/1/2026,4/1/2025,12,WC,Workers Compensation,Brenda Mathews,brenda.mathews@example.com,"7029 Joshua Cliffs Apt. 625, Benjaminfort, GA 57132",GA,"7029 Joshua Cliffs Apt. 625, Benjaminfort, GA 57132",,,,,,,,,,6115.05,6115.05,4590.48,Direct Bill,,,FALSE,TRUE,1524.57
VTR0083234,LIBM,120202,New,4/1/2025,4/1/2026,4/1/2025,12,Personal Auto,Private Passenger Auto,Patricia Brown,patricia.brown@policyhub.org,"9862 Jones Plaza, Lake Betty, NC 87906",NC,"9862 Jones Plaza, Lake Betty, NC 87906",2,2,,,,50/100,100000,250,500,2669.09,2669.09,2003.65,Direct Bill,,,FALSE,TRUE,665.44
LYY4285893,CHUB,120175,Renewal,4/1/2025,4/1/2026,4/1/2025,12,Homeowners,HO3,John Fisher,john.fisher@insmail.com,"548 Ortiz Fields Suite 100, Jacksonview, AK 58241",AK,"371 Paul Freeway, West Samantha, WI 41052",,,2000,Non-Combustible,6,,,,,642.57,642.57,482.37,Direct Bill,,,FALSE,TRUE,160.2
EKB0922440,PRGS,120170,Renewal,4/1/2025,4/1/2026,4/1/2025,12,BOP,Businessowners,David Marshall,david.marshall@customer.net,"246 Smith Mission, New Sarahborough, MH 49858",MH,"246 Smith Mission, New Sarahborough, MH 49858",,,,Joisted Masonry,6,,,,,4230.95,4230.95,3176.11,Direct Bill,,,FALSE,TRUE,1054.84
LCH1038151,CHUB,120189,Renewal,4/1/2025,4/1/2026,4/1/2025,12,Homeowners,HO3,Megan Miller,megan.miller@customer.net,"370 Roth Mission Apt. 911, Port James, IA 62871",IA,"370 Roth Mission Apt. 911, Port James, IA 62871",,,2006,Fire Resistive,6,,,,,1582.01,1582.01,1187.59,Direct Bill,,,FALSE,TRUE,394.42
BVP6731695,CHUB,120071,Renewal,4/1/2025,4/1/2026,4/1/2025,12,BOP,Businessowners,Susan Brown,susan.brown@mail.com,"7745 Robinson Lights, Craighaven, NJ 40636",NJ,"9497 Kim Street, East Brandon, AS 54551",,,,Masonry,5,,,,,15000,15000,11260.27,Agency Bill,,,FALSE,FALSE,3739.73
DBE4419142,PRGS,120166,Renewal,4/1/2025,4/1/2026,4/1/2025,12,Homeowners,HO3,Richard Burke,richard.burke@customer.net,"1916 Kirsten Garden, Port Brady, IL 76423",IL,"1916 Kirsten Garden, Port Brady, IL 76423",,,1975,Non-Combustible,6,,,,,847.55,847.55,636.24,Direct Bill,,,FALSE,TRUE,211.31
NKR4976960,PRGS,120232,New,4/1/2025,4/1/2026,4/1/2025,12,Personal Auto,Private Passenger Auto,Amy Nelson,amy.nelson@customer.net,"55768 Williams Bridge Suite 834, Fosterfort, CA 49747",CA,"4473 Derrick Mall Apt. 859, Mcgrathhaven, MD 18119",2,2,,,,50/100,50000,500,500,2762.28,2762.28,2073.6,Direct Bill,,,FALSE,TRUE,688.68
PCU7876422,LIBM,120166,Renewal,4/1/2025,4/1/2026,4/1/2025,12,Homeowners,HO3,Travis Foster,travis.foster@policyhub.org,"816 Daniel Lane, Josemouth, AK 92924",AK,"816 Daniel Lane, Josemouth, AK 92924",,,1983,Masonry,8,,,,,1076.07,1076.07,807.79,Agency Bill,,,FALSE,TRUE,268.28
NUY7891050,LIBM,120153,Renewal,4/1/2025,4/1/2026,4/1/2025,12,Homeowners,HO3,Todd White,todd.white@mail.com,"44079 Brewer Hollow, New Austinstad, KS 22612",KS,"44079 Brewer Hollow, New Austinstad, KS 22612",,,2000,Non-Combustible,4,,,,,500,500,375.34,Direct Bill,,,FALSE,TRUE,124.66
PGV3232585,TRAV,120010,Renewal,4/1/2025,4/1/2026,4/1/2025,12,BOP,Businessowners,Matthew Nielsen,matthew.nielsen@policyhub.org,"333 Miles Via Apt. 893, East Nathanstad, LA 07692",LA,"333 Miles Via Apt. 893, East Nathanstad, LA 07692",,,,Frame,6,,,,,1500,1500,1126.03,Direct Bill,,,FALSE,TRUE,373.97
FPG7258879,AMFA,120214,New,4/1/2025,4/1/2026,4/1/2025,12,Personal Auto,Private Passenger Auto,Jason Singh,jason.singh@policyhub.org,"29232 Anthony Walks, Port Melinda, WA 95902",WA,"29232 Anthony Walks, Port Melinda, WA 95902",1,3,,,,25/50,50000,500,250,1294.14,1294.14,971.49,Direct Bill,,,FALSE,TRUE,322.65
TLA9584210,CHUB,120278,Renewal,4/1/2025,4/1/2026,4/1/2025,12,BOP,Businessowners,Catherine Harris,catherine.harris@example.com,"210 Gonzalez Crescent Apt. 631, Perezview, UT 80561",UT,"5814 Gomez Ways Suite 128, Wardfurt, RI 10965",,,,Masonry,9,,,,,5554.26,5554.26,4169.5,Direct Bill,,,FALSE,TRUE,1384.76
CKJ4412983,TRAV,120100,Renewal,4/1/2025,4/1/2026,4/1/2025,12,WC,Workers Compensation,Lisa Anderson,lisa.anderson@policyhub.org,"1701 Curtis Centers Suite 488, Port Angela, DC 63751",DC,"1701 Curtis Centers Suite 488, Port Angela, DC 63751",,,,,,,,,,7022.11,7022.11,5271.39,Direct Bill,,,FALSE,TRUE,1750.72
XNU4950378,FARM,120238,New,4/1/2025,4/1/2026,4/1/2025,12,Personal Auto,Private Passenger Auto,Michelle Navarro,michelle.navarro@policyhub.org,"24998 Elizabeth Flat, Port Stephanieport, RI 76750",RI,"24998 Elizabeth Flat, Port Stephanieport, RI 76750",2,3,,,,50/100,50000,1000,500,851.1,851.1,638.91,Direct Bill,,,FALSE,TRUE,212.19
DNZ6928001,PRGS,120257,Renewal,4/1/2025,4/1/2026,4/1/2025,12,Homeowners,HO3,Bobby Williams,bobby.williams@customer.net,"887 Freeman Pine, Mercadoburgh, MH 52612",MH,"887 Freeman Pine, Mercadoburgh, MH 52612",,,2010,Frame,6,,,,,772.36,772.36,579.8,Direct Bill,,,FALSE,TRUE,192.56
WDL1128703,LIBM,120011,Renewal,4/1/2025,4/1/2026,4/1/2025,12,Personal Auto,Private Passenger Auto,Robert Jackson,robert.jackson@mail.com,"25523 Young Track, Hollowayhaven, WY 15120",WY,"25523 Young Track, Hollowayhaven, WY 15120",1,2,,,,50/100,500000,1000,2500,795.09,795.09,596.86,Direct Bill,,,FALSE,TRUE,198.23
ZCD7699314,TRAV,120199,New,4/1/2025,4/1/2026,4/1/2025,12,Personal Auto,Private Passenger Auto,Valerie Ferguson,valerie.ferguson@mail.com,"531 Dustin Spur Apt. 875, Judymouth, CT 58968",CT,"04417 Shirley Village, West Stephanieville, OK 83766",2,1,,,,25/50,500000,1000,500,1801.74,1801.74,1352.54,Agency Bill,,,FALSE,TRUE,449.2
EZZ4799252,LIBM,120042,Renewal,4/1/2025,4/1/2026,4/1/2025,12,Homeowners,HO3,Jack Lopez,jack.lopez@insmail.com,"180 Cynthia Meadow Apt. 451, West Elizabethfort, PA 06226",PA,"180 Cynthia Meadow Apt. 451, West Elizabethfort, PA 06226",,,1968,Frame,6,,,,,2943.85,2943.85,2209.9,Direct Bill,,,FALSE,TRUE,733.95
BEE1803682,HART,120073,Renewal,4/1/2025,4/1/2026,4/1/2025,12,WC,Workers Compensation,Christopher Scott,christopher.scott@example.com,"8215 James Expressway Suite 798, West Aaronland, RI 02610",RI,"8215 James Expressway Suite 798, West Aaronland, RI 02610",,,,,,,,,,7650.97,7650.97,5743.47,Agency Bill,,,FALSE,TRUE,1907.5
MDC5398046,NATI,120021,Renewal,4/1/2025,4/1/2026,4/1/2025,12,Homeowners,HO3,Jason Tran,jason.tran@insmail.com,"1508 Stephanie Canyon Apt. 866, South Davidhaven, VA 50747",VA,"638 Dave Throughway, Michaelmouth, WA 14985",,,1992,Frame,6,,,,,4110.7,4110.7,3085.84,Direct Bill,,,FALSE,TRUE,1024.86
HBP5850995,LIBM,120170,Cancel,4/1/2025,8/8/2025,8/8/2025,12,Package,Commercial Package,Lori Hines,lori.hines@policyhub.org,"132 Rose Brook Suite 747, Susanport, AS 72709",AS,"132 Rose Brook Suite 747, Susanport, AS 72709",,,,Frame,7,,,,,30000,0,30000,Direct Bill,10/16/2023,,FALSE,FALSE,0
ARV1982743,GEIC,120256,Renewal,4/1/2025,4/1/2026,4/1/2025,12,WC,Workers Compensation,Michael Coffey,michael.coffey@example.com,"295 Brandon Row, New Deborah, VA 88658",VA,"295 Brandon Row, New Deborah, VA 88658",,,,,,,,,,12520.75,12520.75,9399.14,Agency Bill,,,FALSE,FALSE,3121.61
XHM5009904,PRGS,120153,New,4/1/2025,4/1/2026,4/1/2025,12,Personal Auto,Private Passenger Auto,James Martinez,james.martinez@insmail.com,"9050 Miller Ville, Warrenburgh, ND 03939",ND,"9050 Miller Ville, Warrenburgh, ND 03939",2,1,,,,50/100,100000,500,250,866.91,866.91,650.78,Direct Bill,,,FALSE,TRUE,216.13
PTE1066216,TRAV,120253,New,4/1/2025,4/1/2026,4/1/2025,12,Personal Auto,Private Passenger Auto,Emily Ross,emily.ross@mail.com,"921 Faulkner Squares Suite 176, West Jamesside, NM 72017",NM,"001 Peterson Manors Apt. 180, Lake John, KS 32269",1,3,,,,25/50,100000,500,250,1401.56,1401.56,1052.13,Direct Bill,,,FALSE,TRUE,349.43
LEC4863375,ALLS,120158,Endorsement,4/1/2025,4/1/2026,10/18/2025,12,Umbrella,Personal Umbrella,Matthew Vaughn,matthew.vaughn@customer.net,"0928 Johnson Locks Apt. 561, Tinachester, PW 58827",PW,"0928 Johnson Locks Apt. 561, Tinachester, PW 58827",,,,,,,,,,321.96,-32.7,241.69,Agency Bill,,,FALSE,FALSE,80.27
SVS0369813,ALLS,120290,Renewal,4/1/2025,4/1/2026,4/1/2025,12,Personal Auto,Private Passenger Auto,Robert Barnett,robert.barnett@example.com,"806 Amanda Ridges Apt. 679, Lake Lancehaven, GA 06125",GA,"806 Amanda Ridges Apt. 679, Lake Lancehaven, GA 06125",3,3,,,,50/100,250000,500,2500,2082.54,2082.54,1563.33,Direct Bill,,,FALSE,TRUE,519.21
ARV9116345,HART,120233,Endorsement,4/1/2025,4/1/2026,12/19/2025,12,Umbrella,Personal Umbrella,Michelle Callahan,michelle.callahan@policyhub.org,"98354 Lindsey Vista, North Vanessahaven, AL 98767",AL,"98354 Lindsey Vista, North Vanessahaven, AL 98767",,,,,,,,,,230.46,-11.85,173,Direct Bill,,,FALSE,TRUE,57.46
VRU9069821,TRAV,120142,Cancel,4/1/2025,7/2/2025,7/2/2025,12,Package,Commercial Package,Erin Phillips,erin.phillips@customer.net,"67159 Michelle View Apt. 961, Hayeshaven, VI 43790",VI,"67159 Michelle View Apt. 961, Hayeshaven, VI 43790",,,,Joisted Masonry,9,,,,,5626.54,0,5626.54,Direct Bill,5/17/2023,,FALSE,TRUE,0
GSH4038215,AMFA,120287,Cancel,4/1/2025,6/2/2025,6/2/2025,12,Package,Commercial Package,Joan Neal,joan.neal@customer.net,"78008 Gregory Common, New Williamville, GU 28268",GU,"78008 Gregory Common, New Williamville, GU 28268",,,,Frame,6,,,,,8005.04,0,8005.04,Direct Bill,3/21/2023,,FALSE,TRUE,0
RED9540520,PRGS,120217,Renewal,4/1/2025,4/1/2026,4/1/2025,12,Homeowners,HO3,April Allen,april.allen@insmail.com,"31248 Jones Forest, Mullinsshire, GA 58877",GA,"31248 Jones Forest, Mullinsshire, GA 58877",,,1999,Masonry,8,,,,,2731.71,2731.71,2050.65,Agency Bill,,,FALSE,TRUE,681.06
NMP8357243,PRGS,120049,Renewal,4/1/2025,4/1/2026,4/1/2025,12,BOP,Businessowners,James Adams,james.adams@customer.net,"53341 Farrell Row Apt. 407, Crawfordstad, TX 93546",TX,"53341 Farrell Row Apt. 407, Crawfordstad, TX 93546",,,,Frame,7,,,,,10470.43,10470.43,7859.99,Agency Bill,,,FALSE,TRUE,2610.44
XVH3839837,PRGS,120087,Cancel,4/1/2025,6/22/2025,6/22/2025,12,Package,Commercial Package,Nathan Perry,nathan.perry@policyhub.org,"07533 Lyons Shores Apt. 778, Williamport, MN 02989",MN,"07533 Lyons Shores Apt. 778, Williamport, MN 02989",,,,Joisted Masonry,7,,,,,14948.35,0,14948.35,Direct Bill,4/21/2022,,FALSE,TRUE,0
HXF6792727,ALLS,120175,New,4/1/2025,4/1/2026,4/1/2025,12,Personal Auto,Private Passenger Auto,Sherry Smith,sherry.smith@customer.net,"2120 Castillo Loop Suite 664, Elizabethbury, ME 73123",ME,"2120 Castillo Loop Suite 664, Elizabethbury, ME 73123",1,2,,,,50/100,50000,250,500,1418.07,1418.07,1064.52,Agency Bill,,,FALSE,TRUE,353.55
NYF8100182,PRGS,120249,New,4/1/2025,4/1/2026,4/1/2025,12,Personal Auto,Private Passenger Auto,Joan Porter,joan.porter@customer.net,"26786 Adams Club, South Melissafort, NV 50789",NV,"26786 Adams Club, South Melissafort, NV 50789",2,2,,,,25/50,250000,1000,500,1729.7,1729.7,1298.46,Direct Bill,,,FALSE,TRUE,431.24
PBG0198258,PRGS,120013,Renewal,4/1/2025,4/1/2026,4/1/2025,12,BOP,Businessowners,Nicholas Turner,nicholas.turner@insmail.com,"99521 Thomas Curve Apt. 489, Owenstown, UT 62252",UT,"99521 Thomas Curve Apt. 489, Owenstown, UT 62252",,,,Frame,7,,,,,3904.11,3904.11,2930.76,Direct Bill,,,FALSE,TRUE,973.35
YDL8305792,PRGS,120101,Endorsement,4/1/2025,4/1/2026,3/25/2026,12,Umbrella,Personal Umbrella,Matthew Weaver,matthew.weaver@example.com,"3987 Joshua Fort Apt. 566, Port Priscillaport, ME 51697",ME,"3987 Joshua Fort Apt. 566, Port Priscillaport, ME 51697",,,,,,,,,,150,-17.25,112.6,Direct Bill,,,FALSE,TRUE,37.4
HXH6211970,NATI,120267,Cancel,4/1/2025,7/13/2025,7/13/2025,12,Package,Commercial Package,Kaitlin Gallegos,kaitlin.gallegos@example.com,"90330 Baker Island Suite 100, Lake Robertburgh, PR 92543",PR,"90330 Baker Island Suite 100, Lake Robertburgh, PR 92543",,,,Frame,9,,,,,18372.72,0,18372.72,Direct Bill,1/28/2022,,FALSE,TRUE,0
KGF6067328,GEIC,120205,New,4/1/2025,4/1/2026,4/1/2025,12,Personal Auto,Private Passenger Auto,Jason Green,jason.green@policyhub.org,"94340 Crystal Points, New Brendaport, AZ 55142",AZ,"94340 Crystal Points, New Brendaport, AZ 55142",2,3,,,,50/100,100000,1000,250,4000,4000,3002.74,Direct Bill,,,FALSE,TRUE,997.26
YYS9400153,TRAV,120275,Renewal,4/1/2025,4/1/2026,4/1/2025,12,Homeowners,HO3,Elizabeth Harmon,elizabeth.harmon@policyhub.org,"15760 Sullivan Plains Apt. 566, Heatherville, FL 31019",FL,"15760 Sullivan Plains Apt. 566, Heatherville, FL 31019",,,1984,Masonry,8,,,,,2541,2541,1907.49,Agency Bill,,,FALSE,TRUE,633.51
UWA9515972,PRGS,120052,New,4/1/2025,4/1/2026,4/1/2025,12,Personal Auto,Private Passenger Auto,Christina Gallagher,christina.gallagher@customer.net,"3308 Bryan Light, South Amanda, VA 41263",VA,"8184 Whitney Manors, West Carloston, OH 53477",1,3,,,,25/50,100000,1000,500,1378.5,1378.5,1034.82,Direct Bill,,,FALSE,TRUE,343.68
ANG4091020,TRAV,120063,Renewal,4/1/2025,4/1/2026,4/1/2025,12,BOP,Businessowners,Chase Rivera,chase.rivera@example.com,"383 Melissa Station Suite 608, Simonberg, AZ 32106",AZ,"383 Melissa Station Suite 608, Simonberg, AZ 32106",,,,Frame,9,,,,,1500,1500,1126.03,Direct Bill,,,FALSE,TRUE,373.97
RSA0613629,ALLS,120052,Renewal,4/1/2025,4/1/2026,4/1/2025,12,Homeowners,HO3,April Rodriguez,april.rodriguez@customer.net,"9567 Bryan Rest Suite 930, Christianmouth, MT 51699",MT,"9567 Bryan Rest Suite 930, Christianmouth, MT 51699",,,1992,Joisted Masonry,7,,,,,1871.91,1871.91,1405.21,Agency Bill,,,FALSE,TRUE,466.7
KMJ1829933,LIBM,120103,Renewal,4/1/2025,4/1/2026,4/1/2025,12,Homeowners,HO3,Chris Collins,chris.collins@policyhub.org,"9350 Sandra Points, East Tammy, SC 42216",SC,"9350 Sandra Points, East Tammy, SC 42216",,,2014,Masonry,10,,,,,1186,1186,890.31,Direct Bill,,,FALSE,TRUE,295.69
NJF3314298,HART,120126,Renewal,4/1/2025,4/1/2026,4/1/2025,12,Personal Auto,Private Passenger Auto,Jason Lawson,jason.lawson@policyhub.org,"426 Adkins Knolls, New Terri, ME 15926",ME,"4351 Krystal Wall, West Alexandramouth, NM 23374",3,2,,,,50/100,100000,500,1000,2214.92,2214.92,1662.71,Agency Bill,,,FALSE,TRUE,552.21
CMA5610138,AMFA,120109,Renewal,4/1/2025,4/1/2026,4/1/2025,12,BOP,Businessowners,Steven Shaw,steven.shaw@policyhub.org,"449 Jackson Mall, Port Alyssaport, UT 57645",UT,"449 Jackson Mall, Port Alyssaport, UT 57645",,,,Frame,3,,,,,4559.79,4559.79,3422.97,Direct Bill,,,FALSE,TRUE,1136.82
TNG7596638,PRGS,120297,Renewal,4/1/2025,4/1/2026,4/1/2025,12,Personal Auto,Private Passenger Auto,Amy Velazquez,amy.velazquez@customer.net,"33269 James Valley, Gillberg, PW 63203",PW,"33269 James Valley, Gillberg, PW 63203",2,3,,,,50/100,100000,1000,1000,3055.03,3055.03,2293.36,Direct Bill,,,FALSE,TRUE,761.67
VTR4506205,ALLS,120294,New,4/1/2025,4/1/2026,4/1/2025,12,Personal Auto,Private Passenger Auto,Kathryn Gibson,kathryn.gibson@customer.net,"361 Christopher Extensions Suite 787, Kevinmouth, NV 88141",NV,"361 Christopher Extensions Suite 787, Kevinmouth, NV 88141",1,1,,,,50/100,50000,1000,500,1190.39,1190.39,893.61,Agency Bill,,,FALSE,TRUE,296.78
GLJ2908632,CHUB,120104,Renewal,4/1/2025,4/1/2026,4/1/2025,12,WC,Workers Compensation,Tyrone Bell,tyrone.bell@insmail.com,"11486 David Radial Apt. 149, South Melissaton, ID 39650",ID,"11486 David Radial Apt. 149, South Melissaton, ID 39650",,,,,,,,,,2000,2000,1501.37,Direct Bill,,,FALSE,TRUE,498.63
UZM5317589,TRAV,120200,New,4/1/2025,4/1/2026,4/1/2025,12,Personal Auto,Private Passenger Auto,Angela Carson,angela.carson@insmail.com,"8010 Linda Crescent, South William, OH 43359",OH,"8010 Linda Crescent, South William, OH 43359",3,1,,,,50/100,100000,1000,1000,1711.91,1711.91,1285.11,Agency Bill,,,FALSE,TRUE,426.8
CFE2200409,GEIC,120179,Endorsement,4/1/2025,4/1/2026,2/8/2026,12,Umbrella,Personal Umbrella,Anne Johnson,anne.johnson@mail.com,"84918 Miller Road Suite 890, East Emilyton, HI 54951",HI,"84918 Miller Road Suite 890, East Emilyton, HI 54951",,,,,,,,,,368.86,-44.08,276.9,Direct Bill,,,FALSE,FALSE,91.96
CAZ7880566,LIBM,120145,Renewal,4/1/2025,4/1/2026,4/1/2025,12,Homeowners,HO3,Ashley Macias,ashley.macias@insmail.com,"79089 Ford Land, Garciaburgh, DC 71251",DC,"79089 Ford Land, Garciaburgh, DC 71251",,,1998,Fire Resistive,4,,,,,500,500,375.34,Direct Bill,,,FALSE,TRUE,124.66
JSP2067930,TRAV,120072,Renewal,4/1/2025,4/1/2026,4/1/2025,12,Umbrella,Personal Umbrella,Terri Smith,terri.smith@policyhub.org,"33065 Carrillo Plains Suite 090, West Alicia, SC 62704",SC,"33065 Carrillo Plains Suite 090, West Alicia, SC 62704",,,,,,,,,,496.34,496.34,372.59,Direct Bill,,,FALSE,TRUE,123.75
NYP0471220,TRAV,120246,Renewal,4/1/2025,4/1/2026,4/1/2025,12,BOP,Businessowners,Michael Mcmillan,michael.mcmillan@mail.com,"053 Garrett Lock Suite 910, Cliffordchester, MD 01214",MD,"053 Garrett Lock Suite 910, Cliffordchester, MD 01214",,,,Frame,6,,,,,2698.99,2698.99,2026.09,Direct Bill,,,FALSE,FALSE,672.9
HBF4118048,ALLS,120002,New,4/1/2025,4/1/2026,4/1/2025,12,Personal Auto,Private Passenger Auto,Daniel Webster,daniel.webster@insmail.com,"53438 Wendy Inlet, Parsonsland, GA 49231",GA,"8604 Leah Crest Apt. 736, Port Michaelland, WI 39323",3,3,,,,25/50,250000,500,2500,1355.68,1355.68,1017.69,Direct Bill,,,FALSE,TRUE,337.99
ZWA6153020,PRGS,120200,New,4/1/2025,4/1/2026,4/1/2025,12,Personal Auto,Private Passenger Auto,Katherine Young,katherine.young@example.com,"110 Terri Mews Suite 900, Hinesmouth, OH 72773",OH,"110 Terri Mews Suite 900, Hinesmouth, OH 72773",2,3,,,,50/100,50000,250,500,2585.09,2585.09,1940.59,Agency Bill,,,FALSE,TRUE,644.5
JGL4080152,ALLS,120201,Cancel,4/1/2025,12/24/2025,12/24/2025,12,Package,Commercial Package,Andrew Stanley,andrew.stanley@customer.net,"9986 Morgan Pine Apt. 494, South James, AZ 29553",AZ,"9986 Morgan Pine Apt. 494, South James, AZ 29553",,,,Joisted Masonry,5,,,,,6951.2,0,6951.2,Direct Bill,1/25/2023,,FALSE,FALSE,0
