SubmissionItemId,SubmissionId,ClassCode,NAICS,Exposure,AssetDetails
SI-0000001,S-000001,3724,484110,34308.04,Office
SI-0000002,S-000001,5606,238320,25035.02,Truck
SI-0000003,S-000002,8397,236115,54972.24,Truck
SI-0000004,S-000002,3724,561720,9765.75,Warehouse
SI-0000005,S-000002,8397,238320,57985.04,Equipment
SI-0000006,S-000003,5403,541511,69377.68,Storefront
SI-0000007,S-000004,9082,541511,114853.32,Warehouse
SI-0000008,S-000005,5403,561720,69350.3,Storefront
SI-0000009,S-000005,5606,541612,56922.17,Storefront
SI-0000010,S-000006,5403,238320,184995.27,Truck
SI-0000011,S-000007,7228,236115,85737.03,Equipment
SI-0000012,S-000008,8397,722513,29350.61,Office
SI-0000013,S-000008,9082,541511,191132.7,Equipment
SI-0000014,S-000009,8810,484110,44411.11,Warehouse
SI-0000015,S-000009,5606,541612,26988.66,Equipment
SI-0000016,S-000009,7228,561720,21552.31,Equipment
SI-0000017,S-000010,7228,238220,78610.97,Office
SI-0000018,S-000010,8810,561720,41202.33,Crew
SI-0000019,S-000010,8397,238220,14008.37,Equipment
SI-0000020,S-000011,5403,722513,50689.99,Warehouse
SI-0000021,S-000011,5606,541612,9618.37,Crew
SI-0000022,S-000011,8397,722513,55070.32,Crew
SI-0000023,S-000012,8810,561720,23189.06,Crew
SI-0000024,S-000012,3632,238220,73921.68,Equipment
SI-0000025,S-000013,3632,541511,32035.35,Office
SI-0000026,S-000014,9082,238320,13316.97,Storefront
SI-0000027,S-000014,3632,541511,23811.09,Crew
SI-0000028,S-000015,8810,541612,76836.44,Warehouse
SI-0000029,S-000015,7228,238220,122874.91,Truck
SI-0000030,S-000015,3724,561720,25599.06,Truck
SI-0000031,S-000016,3632,484110,100072.96,Storefront
SI-0000032,S-000016,5606,484110,26464.23,Warehouse
SI-0000033,S-000017,5403,238320,52343.49,Office
SI-0000034,S-000018,9082,722513,19878.4,Truck
SI-0000035,S-000019,7228,238220,70116.51,Storefront
SI-0000036,S-000019,9082,236115,46630.98,Truck
SI-0000037,S-000019,3632,238220,40476.75,Equipment
SI-0000038,S-000020,9082,561720,52697.89,Equipment
SI-0000039,S-000021,5403,236115,13467.82,Warehouse
SI-0000040,S-000022,7228,541511,10888.37,Truck
SI-0000041,S-000023,3724,238320,148159.26,Truck
SI-0000042,S-000023,5606,541612,233804.27,Office
SI-0000043,S-000023,3724,238320,40069.73,Truck
SI-0000044,S-000024,3632,541612,20008.5,Office
SI-0000045,S-000024,9082,236115,25465.04,Office
SI-0000046,S-000024,3724,238320,30363.56,Warehouse
SI-0000047,S-000025,5606,561720,11966.9,Warehouse
SI-0000048,S-000025,3632,722513,41324.48,Storefront
SI-0000049,S-000025,3724,541511,23341.64,Crew
SI-0000050,S-000026,5403,541612,16638.11,Office
SI-0000051,S-000026,7228,238220,26553.61,Storefront
SI-0000052,S-000027,9082,722513,40147.09,Equipment
SI-0000053,S-000027,9082,236115,8712.07,Office
SI-0000054,S-000028,8810,238220,56123.5,Office
SI-0000055,S-000029,3632,484110,54455.1,Office
SI-0000056,S-000029,3632,238320,67587.32,Crew
SI-0000057,S-000029,5403,541612,23022.53,Equipment
SI-0000058,S-000030,3724,722513,40000.39,Truck
SI-0000059,S-000031,3632,238320,30994.27,Truck
SI-0000060,S-000032,8810,722513,16516.25,Warehouse
SI-0000061,S-000033,7228,561720,17182.25,Truck
SI-0000062,S-000034,5606,541511,49419.8,Truck
SI-0000063,S-000034,9082,561720,78953.53,Truck
SI-0000064,S-000034,5403,484110,7763.55,Warehouse
SI-0000065,S-000035,5606,238220,11602.31,Crew
SI-0000066,S-000035,7228,541612,19111.89,Office
SI-0000067,S-000035,8397,561720,33104.87,Office
SI-0000068,S-000036,8810,484110,60327.04,Crew
SI-0000069,S-000037,3724,484110,39089.78,Storefront
SI-0000070,S-000037,5403,722513,54119.8,Warehouse
SI-0000071,S-000037,3724,484110,13891.63,Equipment
SI-0000072,S-000038,3724,722513,23257.22,Truck
SI-0000073,S-000038,3724,484110,32249.03,Storefront
SI-0000074,S-000038,3724,722513,87671.2,Warehouse
SI-0000075,S-000039,3724,484110,22499.37,Warehouse
SI-0000076,S-000039,9082,238220,15333.19,Truck
SI-0000077,S-000039,8397,238320,26173.66,Office
SI-0000078,S-000040,8397,722513,48683.85,Truck
SI-0000079,S-000040,3632,722513,13904.1,Storefront
SI-0000080,S-000041,3632,236115,17735.23,Equipment
SI-0000081,S-000041,3724,484110,29411.27,Storefront
SI-0000082,S-000041,3724,541612,60792.32,Office
SI-0000083,S-000042,9082,561720,51343.83,Storefront
SI-0000084,S-000043,5606,236115,28698.9,Crew
SI-0000085,S-000044,3724,541612,24506.83,Office
SI-0000086,S-000044,5606,236115,48708.79,Equipment
SI-0000087,S-000045,5606,541612,69253.51,Equipment
SI-0000088,S-000045,5403,238220,40552.38,Office
SI-0000089,S-000046,3632,484110,10874.54,Warehouse
SI-0000090,S-000047,8397,236115,93903.37,Warehouse
SI-0000091,S-000047,7228,238220,13255.52,Equipment
SI-0000092,S-000047,3724,541612,18335.75,Office
SI-0000093,S-000048,7228,484110,9547.57,Crew
SI-0000094,S-000048,5403,541511,124810.48,Warehouse
SI-0000095,S-000048,8397,484110,50330.49,Storefront
SI-0000096,S-000049,5606,238320,42123.99,Truck
SI-0000097,S-000050,8810,238220,9308.76,Storefront
SI-0000098,S-000050,8397,722513,34459.56,Warehouse
SI-0000099,S-000051,7228,236115,17003.25,Crew
SI-0000100,S-000052,8810,238220,36705.31,Crew
SI-0000101,S-000052,9082,236115,189423.6,Truck
SI-0000102,S-000053,8397,722513,51420.86,Warehouse
SI-0000103,S-000053,5606,722513,13765.07,Warehouse
SI-0000104,S-000054,3724,238220,20959.58,Storefront
SI-0000105,S-000054,9082,484110,16583.53,Storefront
SI-0000106,S-000054,7228,541511,37754.09,Truck
SI-0000107,S-000055,7228,484110,30580.83,Warehouse
SI-0000108,S-000055,5403,484110,31456.76,Office
SI-0000109,S-000055,8810,561720,47304.69,Storefront
SI-0000110,S-000056,7228,561720,41762.02,Crew
SI-0000111,S-000056,5606,561720,70344.16,Warehouse
SI-0000112,S-000057,8397,238220,36659.44,Equipment
SI-0000113,S-000058,3632,238320,127142.23,Storefront
SI-0000114,S-000059,8810,541511,38183.29,Truck
SI-0000115,S-000059,8810,561720,25819.93,Storefront
SI-0000116,S-000060,7228,236115,21356.51,Equipment
SI-0000117,S-000060,8810,722513,62874.17,Equipment
SI-0000118,S-000060,3632,541511,12017.98,Office
SI-0000119,S-000061,3724,722513,12451.62,Crew
SI-0000120,S-000061,5403,541511,21222.01,Truck
SI-0000121,S-000062,5606,561720,68432.11,Warehouse
SI-0000122,S-000062,8397,238220,15082.16,Equipment
SI-0000123,S-000062,5606,722513,20541.09,Crew
SI-0000124,S-000063,9082,722513,28292.71,Crew
SI-0000125,S-000063,9082,238220,36407.47,Storefront
SI-0000126,S-000063,5606,238220,53763.37,Warehouse
SI-0000127,S-000064,7228,722513,15661.38,Storefront
SI-0000128,S-000064,5403,236115,27409.95,Office
SI-0000129,S-000065,8397,541511,15470.37,Warehouse
SI-0000130,S-000065,8397,561720,53969.25,Office
SI-0000131,S-000066,9082,561720,28003.12,Warehouse
SI-0000132,S-000067,3632,541612,7831.59,Warehouse
SI-0000133,S-000068,3724,541612,25837.63,Equipment
SI-0000134,S-000068,3724,238320,29139.9,Office
SI-0000135,S-000068,5606,238320,8079.32,Equipment
SI-0000136,S-000069,8397,541612,21668.91,Storefront
SI-0000137,S-000069,5403,236115,16314.51,Storefront
SI-0000138,S-000069,7228,541612,34994.07,Truck
SI-0000139,S-000070,8397,541612,39867.9,Truck
SI-0000140,S-000070,8810,541612,51651.53,Truck
SI-0000141,S-000070,3632,238320,16852.84,Truck
SI-0000142,S-000071,8397,722513,64303.47,Storefront
SI-0000143,S-000072,7228,238320,7614.03,Storefront
SI-0000144,S-000073,3632,238220,46780.94,Storefront
SI-0000145,S-000074,3632,561720,74196.16,Truck
SI-0000146,S-000074,5606,238220,55460.4,Storefront
SI-0000147,S-000074,8810,541612,53237.49,Storefront
SI-0000148,S-000075,5403,236115,13984.56,Equipment
SI-0000149,S-000076,8397,541612,13854.08,Warehouse
SI-0000150,S-000077,8397,541612,73705.1,Office
SI-0000151,S-000077,3632,541612,49091.33,Storefront
SI-0000152,S-000077,5606,236115,21394.29,Truck
SI-0000153,S-000078,3632,541511,35190.01,Warehouse
SI-0000154,S-000078,3724,561720,15778.58,Crew
SI-0000155,S-000078,9082,541612,38381.68,Crew
SI-0000156,S-000079,9082,238220,20461.85,Equipment
SI-0000157,S-000079,5403,236115,19111.5,Truck
SI-0000158,S-000080,5403,238220,90905.68,Equipment
SI-0000159,S-000080,3724,561720,21662.03,Office
SI-0000160,S-000081,5606,238320,43382.65,Crew
SI-0000161,S-000081,5403,561720,71334.15,Office
SI-0000162,S-000081,8810,541612,24695.59,Storefront
SI-0000163,S-000082,5403,561720,50640.1,Equipment
SI-0000164,S-000082,5606,238220,22603.3,Office
SI-0000165,S-000083,3724,561720,14199.55,Storefront
SI-0000166,S-000084,3632,561720,57695.57,Office
SI-0000167,S-000084,8397,484110,44863.66,Truck
SI-0000168,S-000085,7228,722513,22808.01,Crew
SI-0000169,S-000085,3632,238320,42293.09,Truck
SI-0000170,S-000085,3724,561720,29498.37,Warehouse
SI-0000171,S-000086,7228,484110,44292.4,Crew
SI-0000172,S-000087,9082,238220,27601.34,Office
SI-0000173,S-000087,5403,236115,14272.03,Crew
SI-0000174,S-000087,5606,541612,39558.45,Office
SI-0000175,S-000088,5403,484110,63737.57,Equipment
SI-0000176,S-000088,5606,484110,66918.56,Equipment
SI-0000177,S-000089,9082,722513,31330.54,Office
SI-0000178,S-000090,8810,236115,25579.43,Storefront
SI-0000179,S-000090,7228,722513,11161.14,Crew
SI-0000180,S-000091,7228,541511,41124.01,Truck
SI-0000181,S-000091,5403,541612,5290.04,Storefront
SI-0000182,S-000091,5403,238320,29182.19,Equipment
SI-0000183,S-000092,3724,484110,12384.22,Office
SI-0000184,S-000093,3724,722513,18927.58,Crew
SI-0000185,S-000094,5606,561720,68051.0,Equipment
SI-0000186,S-000094,8810,236115,78852.65,Crew
SI-0000187,S-000095,3724,238320,43199.28,Crew
SI-0000188,S-000095,5606,238320,42848.62,Office
SI-0000189,S-000096,8397,561720,28240.84,Crew
SI-0000190,S-000096,9082,238320,68190.2,Crew
SI-0000191,S-000096,8397,541511,75133.2,Warehouse
SI-0000192,S-000097,7228,236115,75256.21,Warehouse
SI-0000193,S-000098,9082,541612,39979.54,Storefront
SI-0000194,S-000099,8397,541511,34224.04,Warehouse
SI-0000195,S-000099,8810,541511,61424.22,Warehouse
SI-0000196,S-000100,8810,238220,18512.16,Equipment
SI-0000197,S-000100,3724,561720,134272.57,Warehouse
SI-0000198,S-000100,3724,541511,14178.91,Office
SI-0000199,S-000101,9082,238220,75655.85,Truck
SI-0000200,S-000101,9082,484110,57518.37,Storefront
SI-0000201,S-000101,8810,541612,37137.27,Equipment
SI-0000202,S-000102,8810,561720,53456.25,Storefront
SI-0000203,S-000102,3724,236115,37897.88,Equipment
SI-0000204,S-000103,8397,722513,19613.43,Crew
SI-0000205,S-000104,7228,561720,21056.25,Office
SI-0000206,S-000105,3632,238220,19775.14,Crew
SI-0000207,S-000105,5403,722513,25395.08,Crew
SI-0000208,S-000105,7228,541511,14133.2,Equipment
SI-0000209,S-000106,8397,541511,34388.09,Crew
SI-0000210,S-000107,8397,541511,23765.1,Warehouse
SI-0000211,S-000107,8397,236115,20763.53,Equipment
SI-0000212,S-000108,5403,722513,56922.15,Crew
SI-0000213,S-000108,8810,561720,20293.06,Crew
SI-0000214,S-000109,3724,561720,28848.91,Crew
SI-0000215,S-000109,9082,238320,120901.96,Crew
SI-0000216,S-000110,5403,541511,34773.44,Truck
SI-0000217,S-000111,9082,238220,20529.41,Office
SI-0000218,S-000111,8810,541511,94780.29,Storefront
SI-0000219,S-000112,8397,541612,59125.68,Truck
SI-0000220,S-000112,8810,236115,22533.6,Warehouse
SI-0000221,S-000113,5606,541511,29429.1,Crew
SI-0000222,S-000113,3724,722513,12429.0,Crew
SI-0000223,S-000114,7228,541511,44007.72,Office
SI-0000224,S-000114,5403,561720,22811.02,Office
SI-0000225,S-000114,5606,238220,5120.03,Equipment
SI-0000226,S-000115,8397,561720,21398.89,Crew
SI-0000227,S-000115,8810,722513,53985.32,Crew
SI-0000228,S-000116,8397,236115,24498.68,Warehouse
SI-0000229,S-000117,3632,561720,11681.18,Warehouse
SI-0000230,S-000118,9082,484110,21488.81,Office
SI-0000231,S-000118,5403,541511,63706.74,Office
SI-0000232,S-000119,9082,561720,36218.66,Crew
SI-0000233,S-000119,9082,541511,16633.41,Warehouse
SI-0000234,S-000119,9082,484110,37138.02,Storefront
SI-0000235,S-000120,5403,238220,16613.29,Office
SI-0000236,S-000120,5403,238320,133486.52,Equipment
SI-0000237,S-000120,8397,484110,41389.98,Office
SI-0000238,S-000121,8397,541511,90294.75,Warehouse
SI-0000239,S-000121,9082,541511,23594.12,Truck
SI-0000240,S-000121,8397,722513,29929.33,Crew
SI-0000241,S-000122,8397,484110,46919.84,Office
SI-0000242,S-000122,8397,484110,55117.1,Storefront
SI-0000243,S-000123,7228,561720,11492.19,Crew
SI-0000244,S-000124,5606,484110,23708.88,Office
SI-0000245,S-000125,8397,561720,76739.59,Office
SI-0000246,S-000125,9082,561720,83783.31,Office
SI-0000247,S-000125,5606,238320,11573.42,Warehouse
SI-0000248,S-000126,3724,722513,15129.55,Warehouse
SI-0000249,S-000126,7228,722513,28577.29,Warehouse
SI-0000250,S-000127,5606,236115,24049.36,Truck
SI-0000251,S-000127,5403,541612,12545.6,Warehouse
SI-0000252,S-000127,5403,722513,15437.03,Equipment
SI-0000253,S-000128,7228,722513,32719.04,Office
SI-0000254,S-000128,9082,561720,36057.27,Truck
SI-0000255,S-000128,8810,238320,35743.5,Equipment
SI-0000256,S-000129,5403,238220,31239.61,Equipment
SI-0000257,S-000129,5403,236115,45515.28,Storefront
SI-0000258,S-000129,3724,541511,29762.19,Storefront
SI-0000259,S-000130,8397,238320,52537.48,Crew
SI-0000260,S-000130,8397,722513,30345.95,Truck
SI-0000261,S-000130,5403,541511,197608.65,Storefront
SI-0000262,S-000131,3724,541612,30873.09,Crew
SI-0000263,S-000132,8397,561720,27620.83,Storefront
SI-0000264,S-000132,5606,238320,109673.64,Equipment
SI-0000265,S-000132,3724,561720,46261.31,Equipment
SI-0000266,S-000133,3632,561720,28132.92,Office
SI-0000267,S-000134,5606,541612,46602.3,Truck
SI-0000268,S-000134,3724,561720,43537.98,Crew
SI-0000269,S-000135,3632,722513,80086.67,Office
SI-0000270,S-000135,3632,238320,14526.67,Truck
SI-0000271,S-000135,3632,236115,25705.63,Warehouse
SI-0000272,S-000136,8810,561720,12148.78,Equipment
SI-0000273,S-000136,8810,236115,49226.51,Warehouse
SI-0000274,S-000137,3724,236115,106648.65,Office
SI-0000275,S-000138,7228,722513,38953.58,Equipment
SI-0000276,S-000139,8810,238220,36937.97,Office
SI-0000277,S-000139,8810,541511,13738.33,Warehouse
SI-0000278,S-000139,8397,238220,66541.18,Office
SI-0000279,S-000140,8397,236115,106381.95,Truck
SI-0000280,S-000140,5606,238220,20141.72,Crew
SI-0000281,S-000140,3724,236115,11506.44,Warehouse
SI-0000282,S-000141,7228,484110,71375.39,Office
SI-0000283,S-000141,5606,238220,62513.54,Truck
SI-0000284,S-000141,5403,238220,30077.4,Truck
SI-0000285,S-000142,8810,238220,74574.11,Equipment
SI-0000286,S-000142,5606,238220,52941.45,Crew
SI-0000287,S-000142,3724,722513,43219.47,Equipment
SI-0000288,S-000143,9082,541612,12110.48,Crew
SI-0000289,S-000144,7228,722513,11942.74,Warehouse
SI-0000290,S-000145,5403,484110,29002.48,Equipment
SI-0000291,S-000145,3724,238320,131548.88,Office
SI-0000292,S-000145,8810,238320,63849.73,Storefront
SI-0000293,S-000146,9082,541511,15174.34,Equipment
SI-0000294,S-000146,3724,236115,119594.94,Truck
SI-0000295,S-000147,7228,561720,49693.11,Crew
SI-0000296,S-000147,3632,484110,24589.43,Crew
SI-0000297,S-000148,7228,561720,40566.79,Equipment
SI-0000298,S-000148,3724,541612,13326.07,Equipment
SI-0000299,S-000149,9082,238320,16974.97,Crew
SI-0000300,S-000149,3632,484110,27170.18,Equipment
SI-0000301,S-000149,9082,561720,33300.76,Warehouse
SI-0000302,S-000150,9082,236115,28888.93,Office
SI-0000303,S-000150,3632,238320,60215.5,Truck
SI-0000304,S-000150,8810,484110,24433.36,Warehouse
SI-0000305,S-000151,8810,722513,29317.97,Storefront
SI-0000306,S-000151,3632,236115,51303.48,Office
SI-0000307,S-000152,8397,236115,80078.76,Storefront
SI-0000308,S-000153,7228,541612,9456.92,Truck
SI-0000309,S-000153,7228,561720,20330.63,Crew
SI-0000310,S-000153,5606,561720,70982.48,Warehouse
SI-0000311,S-000154,3632,541511,29162.6,Truck
SI-0000312,S-000155,3724,238320,11139.11,Office
SI-0000313,S-000155,9082,561720,35849.2,Storefront
SI-0000314,S-000155,5403,561720,42485.1,Office
SI-0000315,S-000156,5606,541511,78734.63,Office
SI-0000316,S-000157,8397,561720,11449.74,Office
SI-0000317,S-000158,9082,541511,68520.92,Equipment
SI-0000318,S-000158,3632,541612,23702.3,Warehouse
SI-0000319,S-000158,3632,541511,59550.58,Truck
SI-0000320,S-000159,9082,541511,22302.97,Equipment
SI-0000321,S-000159,5403,238220,30799.84,Storefront
SI-0000322,S-000160,9082,541511,26366.74,Storefront
SI-0000323,S-000160,7228,484110,17283.11,Storefront
SI-0000324,S-000161,8397,561720,27522.79,Equipment
SI-0000325,S-000162,3724,238220,50856.55,Truck
SI-0000326,S-000162,8397,561720,18076.99,Equipment
SI-0000327,S-000162,9082,722513,18610.89,Equipment
SI-0000328,S-000163,9082,236115,13838.72,Truck
SI-0000329,S-000163,5606,238320,27890.34,Equipment
SI-0000330,S-000163,9082,541511,21750.34,Warehouse
SI-0000331,S-000164,3724,541511,18469.46,Warehouse
SI-0000332,S-000164,5403,561720,60505.39,Storefront
SI-0000333,S-000165,5606,484110,18385.67,Office
SI-0000334,S-000165,5606,484110,22300.47,Truck
SI-0000335,S-000166,5403,561720,26187.57,Crew
SI-0000336,S-000166,8810,541511,24733.38,Crew
SI-0000337,S-000167,7228,541612,9528.5,Warehouse
SI-0000338,S-000168,3724,541511,117353.86,Crew
SI-0000339,S-000169,3724,722513,27023.53,Office
SI-0000340,S-000170,3724,238220,23563.21,Storefront
SI-0000341,S-000170,8810,238220,31447.71,Warehouse
SI-0000342,S-000170,3632,238220,28153.07,Crew
SI-0000343,S-000171,7228,484110,29286.38,Crew
SI-0000344,S-000171,5403,561720,21973.81,Truck
SI-0000345,S-000172,3632,541511,31204.44,Office
SI-0000346,S-000173,9082,484110,33523.67,Warehouse
SI-0000347,S-000174,7228,238220,53767.76,Truck
SI-0000348,S-000174,3724,722513,65240.45,Warehouse
SI-0000349,S-000174,3724,484110,106079.6,Storefront
SI-0000350,S-000175,7228,541511,21278.52,Crew
SI-0000351,S-000175,5606,561720,8116.43,Storefront
SI-0000352,S-000175,8810,236115,48460.7,Crew
SI-0000353,S-000176,9082,238220,45396.56,Storefront
SI-0000354,S-000176,5403,541612,19123.93,Equipment
SI-0000355,S-000177,3632,238320,20916.56,Office
SI-0000356,S-000177,3724,484110,51041.16,Truck
SI-0000357,S-000177,8810,238320,17289.83,Equipment
SI-0000358,S-000178,9082,561720,19982.79,Crew
SI-0000359,S-000179,5403,238320,15067.1,Truck
SI-0000360,S-000180,3724,541511,29728.44,Storefront
SI-0000361,S-000180,8810,238220,100208.62,Storefront
SI-0000362,S-000181,5606,238220,15725.03,Crew
SI-0000363,S-000181,3632,541612,12095.48,Office
SI-0000364,S-000182,7228,236115,18012.24,Storefront
SI-0000365,S-000182,5606,722513,12470.7,Office
SI-0000366,S-000182,8810,722513,58805.89,Equipment
SI-0000367,S-000183,5606,541612,24979.82,Office
SI-0000368,S-000183,8397,541612,40585.02,Storefront
SI-0000369,S-000184,7228,484110,33864.54,Office
SI-0000370,S-000185,9082,541511,23799.08,Warehouse
SI-0000371,S-000185,3632,541511,13194.8,Truck
SI-0000372,S-000186,7228,541612,119555.06,Equipment
SI-0000373,S-000186,8810,238220,16529.37,Crew
SI-0000374,S-000187,5606,541612,29451.38,Crew
SI-0000375,S-000187,5606,722513,87773.48,Office
SI-0000376,S-000188,9082,561720,21509.53,Crew
SI-0000377,S-000188,7228,541511,45059.52,Storefront
SI-0000378,S-000189,8810,484110,51413.01,Storefront
SI-0000379,S-000190,9082,236115,97798.67,Office
SI-0000380,S-000191,5403,484110,80565.16,Crew
SI-0000381,S-000191,7228,484110,72925.47,Office
SI-0000382,S-000192,3724,238320,10179.88,Equipment
SI-0000383,S-000193,8810,561720,93336.75,Warehouse
SI-0000384,S-000193,3632,722513,13616.13,Warehouse
SI-0000385,S-000193,8397,236115,18396.57,Office
SI-0000386,S-000194,8397,238320,37827.46,Storefront
SI-0000387,S-000194,8397,238320,51683.22,Storefront
SI-0000388,S-000195,5403,722513,31389.5,Storefront
SI-0000389,S-000195,3724,541612,13323.82,Storefront
SI-0000390,S-000195,9082,722513,26017.12,Equipment
SI-0000391,S-000196,3724,238220,27363.86,Truck
SI-0000392,S-000196,9082,541612,24658.83,Truck
SI-0000393,S-000197,3724,541511,13955.01,Warehouse
SI-0000394,S-000197,7228,541511,115189.0,Office
SI-0000395,S-000197,3632,541612,45423.17,Truck
SI-0000396,S-000198,7228,541511,10740.99,Truck
SI-0000397,S-000198,8397,541511,45783.65,Office
SI-0000398,S-000198,8810,484110,40602.95,Crew
SI-0000399,S-000199,9082,541612,58188.92,Storefront
SI-0000400,S-000199,5606,238320,16294.98,Office
SI-0000401,S-000199,7228,238320,80826.99,Storefront
SI-0000402,S-000200,3724,561720,36047.01,Truck
SI-0000403,S-000200,5403,238220,53184.05,Warehouse
SI-0000404,S-000200,5606,722513,35440.16,Truck
SI-0000405,S-000201,5606,236115,64392.81,Warehouse
SI-0000406,S-000201,5606,541511,35530.13,Equipment
SI-0000407,S-000201,3724,561720,78166.07,Equipment
SI-0000408,S-000202,3724,561720,14662.6,Storefront
SI-0000409,S-000202,3632,722513,43255.7,Crew
SI-0000410,S-000202,5606,238320,18336.43,Truck
SI-0000411,S-000203,9082,238320,11656.38,Warehouse
SI-0000412,S-000204,8397,484110,28233.9,Crew
SI-0000413,S-000204,5403,722513,83745.9,Warehouse
SI-0000414,S-000204,8397,238220,7975.37,Office
SI-0000415,S-000205,3632,541511,12932.62,Crew
SI-0000416,S-000205,5606,561720,70294.56,Warehouse
SI-0000417,S-000205,5606,722513,8899.63,Warehouse
SI-0000418,S-000206,5606,561720,33805.88,Storefront
SI-0000419,S-000206,9082,238320,42374.52,Crew
SI-0000420,S-000206,5606,238320,48217.89,Warehouse
SI-0000421,S-000207,9082,238220,6037.76,Office
SI-0000422,S-000207,8397,541511,80127.6,Warehouse
SI-0000423,S-000207,7228,722513,10160.37,Storefront
SI-0000424,S-000208,5403,238220,150106.71,Truck
SI-0000425,S-000208,8397,238320,40968.8,Office
SI-0000426,S-000208,8810,238220,20755.2,Office
SI-0000427,S-000209,8810,238220,49044.51,Warehouse
SI-0000428,S-000209,5403,238320,11874.36,Crew
SI-0000429,S-000209,7228,484110,14723.89,Office
SI-0000430,S-000210,8810,238320,35548.73,Storefront
SI-0000431,S-000211,8810,236115,45197.38,Office
SI-0000432,S-000211,3724,561720,40282.79,Warehouse
SI-0000433,S-000212,8397,238220,23689.64,Warehouse
SI-0000434,S-000212,5403,238320,18247.91,Truck
SI-0000435,S-000212,7228,561720,17850.23,Crew
SI-0000436,S-000213,7228,484110,37858.23,Equipment
SI-0000437,S-000213,9082,238320,128855.94,Crew
SI-0000438,S-000214,5403,722513,120357.02,Storefront
SI-0000439,S-000214,8397,238220,21432.85,Crew
SI-0000440,S-000214,8810,238320,99279.56,Equipment
SI-0000441,S-000215,3632,541511,41323.63,Warehouse
SI-0000442,S-000215,3724,561720,15510.73,Office
SI-0000443,S-000216,7228,238220,17505.2,Equipment
SI-0000444,S-000216,5606,541511,33891.23,Warehouse
SI-0000445,S-000216,7228,541612,55157.01,Storefront
SI-0000446,S-000217,8397,561720,21486.58,Truck
SI-0000447,S-000217,3724,722513,61553.9,Warehouse
SI-0000448,S-000217,9082,541612,39353.73,Warehouse
SI-0000449,S-000218,8397,238220,60688.29,Office
SI-0000450,S-000218,9082,541612,40338.75,Storefront
SI-0000451,S-000218,5606,484110,146942.46,Crew
SI-0000452,S-000219,7228,236115,49865.1,Equipment
SI-0000453,S-000219,3724,541612,63711.54,Office
SI-0000454,S-000219,5403,238320,16201.97,Crew
SI-0000455,S-000220,9082,238320,9623.21,Equipment
SI-0000456,S-000220,8397,541511,26059.27,Crew
SI-0000457,S-000221,9082,561720,7488.1,Crew
SI-0000458,S-000222,5606,484110,45262.87,Office
SI-0000459,S-000222,9082,238320,198007.71,Crew
SI-0000460,S-000223,7228,541612,39195.27,Warehouse
SI-0000461,S-000224,5606,236115,22676.11,Equipment
SI-0000462,S-000225,7228,238320,15435.06,Office
SI-0000463,S-000226,3724,238320,9671.11,Crew
SI-0000464,S-000227,5403,561720,29548.85,Office
SI-0000465,S-000227,8810,561720,93201.26,Storefront
SI-0000466,S-000227,3632,484110,40169.27,Storefront
SI-0000467,S-000228,8397,541612,15539.26,Office
SI-0000468,S-000228,9082,238320,45952.9,Storefront
SI-0000469,S-000229,5606,541511,18995.93,Storefront
SI-0000470,S-000230,3724,722513,100643.57,Storefront
SI-0000471,S-000230,3632,722513,32657.75,Crew
SI-0000472,S-000230,3724,541612,29902.54,Office
SI-0000473,S-000231,5403,561720,13821.36,Warehouse
SI-0000474,S-000231,8397,238320,23069.78,Crew
SI-0000475,S-000231,8810,561720,27856.79,Office
SI-0000476,S-000232,8810,484110,41020.64,Equipment
SI-0000477,S-000232,3632,236115,31638.82,Equipment
SI-0000478,S-000232,5403,484110,43256.46,Truck
SI-0000479,S-000233,7228,561720,18737.41,Office
SI-0000480,S-000234,7228,541511,45115.67,Storefront
SI-0000481,S-000235,8810,722513,21747.24,Warehouse
SI-0000482,S-000235,8397,722513,57042.84,Truck
SI-0000483,S-000235,7228,561720,45926.42,Storefront
SI-0000484,S-000236,8397,236115,18885.05,Storefront
SI-0000485,S-000236,7228,236115,33957.33,Truck
SI-0000486,S-000237,8810,238320,22965.47,Equipment
SI-0000487,S-000237,5403,722513,42435.74,Equipment
SI-0000488,S-000237,5403,722513,70017.08,Storefront
SI-0000489,S-000238,3724,541612,110967.48,Office
SI-0000490,S-000239,9082,722513,27134.5,Equipment
SI-0000491,S-000239,3724,541511,14986.5,Crew
SI-0000492,S-000239,8397,541612,41151.02,Equipment
SI-0000493,S-000240,8397,238220,71105.71,Warehouse
SI-0000494,S-000240,7228,561720,41290.05,Crew
SI-0000495,S-000241,5606,238320,20474.69,Equipment
SI-0000496,S-000242,3632,238320,19284.07,Warehouse
SI-0000497,S-000242,5606,484110,25596.09,Equipment
SI-0000498,S-000243,7228,541511,21796.57,Truck
SI-0000499,S-000244,8810,541612,11307.75,Warehouse
SI-0000500,S-000244,3632,484110,8789.94,Truck
SI-0000501,S-000245,7228,561720,62950.56,Office
SI-0000502,S-000245,8397,561720,114087.73,Truck
SI-0000503,S-000245,3724,236115,13624.83,Truck
SI-0000504,S-000246,8810,722513,33593.4,Storefront
SI-0000505,S-000246,3724,236115,49107.03,Warehouse
SI-0000506,S-000246,5606,541612,30353.98,Crew
SI-0000507,S-000247,5606,561720,160082.06,Office
SI-0000508,S-000248,9082,238220,19924.26,Storefront
SI-0000509,S-000249,7228,484110,54095.35,Warehouse
SI-0000510,S-000249,8810,236115,26366.65,Office
SI-0000511,S-000250,9082,541511,14336.13,Storefront
SI-0000512,S-000250,8810,541612,23500.93,Truck
SI-0000513,S-000251,9082,236115,12353.93,Truck
SI-0000514,S-000251,8810,484110,24170.63,Storefront
SI-0000515,S-000252,3632,722513,34979.46,Office
SI-0000516,S-000252,5606,236115,100151.94,Warehouse
SI-0000517,S-000252,7228,541612,8060.83,Crew
SI-0000518,S-000253,9082,484110,30609.61,Storefront
SI-0000519,S-000254,8397,484110,45082.64,Office
SI-0000520,S-000255,8397,541511,53862.26,Truck
SI-0000521,S-000256,5606,541612,24832.0,Equipment
SI-0000522,S-000257,3632,541511,25688.36,Truck
SI-0000523,S-000258,3724,541511,25182.86,Crew
SI-0000524,S-000258,7228,484110,63278.57,Warehouse
SI-0000525,S-000259,5606,722513,80931.69,Storefront
SI-0000526,S-000259,3724,561720,83645.61,Storefront
SI-0000527,S-000259,5606,722513,28041.84,Office
SI-0000528,S-000260,5606,561720,55393.25,Equipment
SI-0000529,S-000260,5606,484110,63033.29,Crew
SI-0000530,S-000261,7228,722513,12895.14,Storefront
SI-0000531,S-000261,7228,541511,48955.54,Office
SI-0000532,S-000262,3632,238220,62399.1,Crew
SI-0000533,S-000262,7228,236115,30066.86,Warehouse
SI-0000534,S-000262,8810,541511,38557.54,Warehouse
SI-0000535,S-000263,7228,561720,17677.69,Office
SI-0000536,S-000264,7228,484110,48842.67,Crew
SI-0000537,S-000264,3632,484110,45205.17,Storefront
SI-0000538,S-000265,3724,238320,28685.87,Crew
SI-0000539,S-000265,5403,238220,12088.65,Warehouse
SI-0000540,S-000266,5403,238320,10982.08,Storefront
SI-0000541,S-000266,7228,561720,78982.29,Truck
SI-0000542,S-000267,3724,722513,24093.64,Equipment
SI-0000543,S-000268,3724,541511,59721.82,Office
SI-0000544,S-000268,5403,561720,22334.12,Office
SI-0000545,S-000269,5403,541612,19155.87,Crew
SI-0000546,S-000270,3724,238220,20532.02,Crew
SI-0000547,S-000271,8810,236115,33596.43,Crew
SI-0000548,S-000271,5606,561720,17505.06,Equipment
SI-0000549,S-000272,3632,541511,27913.01,Warehouse
SI-0000550,S-000272,8397,238320,65144.74,Equipment
SI-0000551,S-000273,5403,236115,26601.62,Office
SI-0000552,S-000273,5606,541612,38708.75,Warehouse
SI-0000553,S-000273,5606,236115,44338.14,Crew
SI-0000554,S-000274,7228,238320,12141.36,Office
SI-0000555,S-000274,3632,722513,45024.11,Office
SI-0000556,S-000274,5403,238320,10100.51,Crew
SI-0000557,S-000275,8397,541612,17596.34,Crew
SI-0000558,S-000276,3632,238220,39897.94,Crew
SI-0000559,S-000276,3632,484110,20539.47,Truck
SI-0000560,S-000277,3724,722513,20988.25,Office
SI-0000561,S-000277,7228,238320,43740.66,Storefront
SI-0000562,S-000278,9082,484110,58794.46,Equipment
SI-0000563,S-000279,7228,236115,36818.31,Equipment
SI-0000564,S-000279,5403,236115,12834.7,Storefront
SI-0000565,S-000279,5606,238320,43056.53,Office
SI-0000566,S-000280,9082,484110,24325.65,Truck
SI-0000567,S-000280,8397,236115,33046.91,Crew
SI-0000568,S-000280,8397,561720,5913.22,Office
SI-0000569,S-000281,3632,236115,36912.55,Warehouse
SI-0000570,S-000282,3724,484110,35263.89,Storefront
SI-0000571,S-000282,3632,484110,36578.72,Warehouse
SI-0000572,S-000283,9082,541511,13627.42,Office
SI-0000573,S-000283,8810,561720,14482.13,Warehouse
SI-0000574,S-000283,9082,236115,26083.42,Equipment
SI-0000575,S-000284,8810,238320,65961.54,Truck
SI-0000576,S-000285,3724,238320,40949.05,Truck
SI-0000577,S-000285,8397,541511,26853.64,Truck
SI-0000578,S-000285,5403,561720,132471.89,Office
SI-0000579,S-000286,5606,541612,9800.1,Storefront
SI-0000580,S-000286,7228,541511,33444.95,Warehouse
SI-0000581,S-000286,3724,541511,14243.46,Storefront
SI-0000582,S-000287,8810,722513,25717.27,Truck
SI-0000583,S-000287,5403,238320,37067.23,Office
SI-0000584,S-000287,8397,236115,38594.44,Storefront
SI-0000585,S-000288,9082,484110,57741.41,Warehouse
SI-0000586,S-000288,5606,484110,29639.31,Equipment
SI-0000587,S-000289,5403,722513,35921.14,Office
SI-0000588,S-000289,5606,541612,27328.2,Crew
SI-0000589,S-000290,9082,236115,59748.46,Office
SI-0000590,S-000290,3724,541612,66551.0,Office
SI-0000591,S-000290,3724,722513,20553.04,Crew
SI-0000592,S-000291,8810,238220,20361.98,Equipment
SI-0000593,S-000291,3724,541511,26883.84,Office
SI-0000594,S-000291,3724,484110,9236.95,Office
SI-0000595,S-000292,5606,722513,67805.82,Storefront
SI-0000596,S-000292,5403,484110,48270.43,Warehouse
SI-0000597,S-000292,8810,722513,45753.34,Truck
SI-0000598,S-000293,3724,236115,47172.87,Truck
SI-0000599,S-000293,5606,722513,81958.69,Warehouse
SI-0000600,S-000294,5403,236115,47974.45,Crew
SI-0000601,S-000295,8810,238320,17083.75,Office
SI-0000602,S-000296,7228,541511,50161.98,Office
SI-0000603,S-000297,7228,238320,22193.25,Warehouse
SI-0000604,S-000297,8397,722513,17857.54,Storefront
SI-0000605,S-000298,3724,722513,25220.29,Equipment
SI-0000606,S-000298,5403,484110,10882.91,Warehouse
SI-0000607,S-000299,7228,541612,12175.42,Storefront
SI-0000608,S-000300,5606,236115,17307.13,Storefront
SI-0000609,S-000301,8397,541612,96677.68,Crew
SI-0000610,S-000301,5403,561720,8460.47,Equipment
SI-0000611,S-000301,9082,236115,10614.98,Storefront
SI-0000612,S-000302,3632,541612,183368.98,Truck
SI-0000613,S-000303,5606,722513,11496.79,Truck
SI-0000614,S-000304,8810,722513,19987.5,Office
SI-0000615,S-000304,3724,561720,12159.76,Equipment
SI-0000616,S-000304,5403,238320,45973.9,Warehouse
SI-0000617,S-000305,7228,236115,47429.57,Warehouse
SI-0000618,S-000306,5606,541511,28760.39,Office
SI-0000619,S-000306,8810,561720,46249.3,Equipment
SI-0000620,S-000306,8810,541511,23143.05,Equipment
SI-0000621,S-000307,8397,236115,85468.97,Equipment
SI-0000622,S-000308,7228,541511,14480.56,Truck
SI-0000623,S-000309,8397,484110,135425.86,Truck
SI-0000624,S-000310,8397,561720,76461.14,Warehouse
SI-0000625,S-000310,3724,236115,22094.05,Warehouse
SI-0000626,S-000311,3724,238220,10476.21,Truck
SI-0000627,S-000312,8397,541612,32279.19,Truck
SI-0000628,S-000312,8810,238220,58202.87,Storefront
SI-0000629,S-000312,8810,484110,29819.06,Storefront
SI-0000630,S-000313,9082,722513,83072.43,Crew
SI-0000631,S-000313,9082,541511,30448.27,Truck
SI-0000632,S-000314,8397,236115,37084.02,Crew
SI-0000633,S-000314,8397,541511,10065.89,Crew
SI-0000634,S-000315,5403,238320,61974.65,Crew
SI-0000635,S-000315,8397,238220,34040.97,Storefront
SI-0000636,S-000315,8397,238220,38014.31,Equipment
SI-0000637,S-000316,7228,238320,26729.76,Truck
SI-0000638,S-000316,7228,541612,39411.75,Warehouse
SI-0000639,S-000316,5403,561720,9553.46,Crew
SI-0000640,S-000317,8397,238220,145534.53,Truck
SI-0000641,S-000317,3632,541511,69904.69,Equipment
SI-0000642,S-000317,8810,561720,23680.1,Warehouse
SI-0000643,S-000318,7228,484110,31825.01,Warehouse
SI-0000644,S-000318,9082,236115,27371.28,Warehouse
SI-0000645,S-000319,7228,484110,13631.07,Storefront
SI-0000646,S-000319,3724,484110,10745.11,Warehouse
SI-0000647,S-000319,5403,238320,38148.29,Storefront
SI-0000648,S-000320,3724,484110,22341.83,Storefront
SI-0000649,S-000321,3632,484110,10845.49,Office
SI-0000650,S-000321,9082,561720,26394.65,Storefront
SI-0000651,S-000321,3724,238220,12626.76,Truck
SI-0000652,S-000322,3632,236115,42051.2,Storefront
SI-0000653,S-000322,5403,541612,40489.03,Office
SI-0000654,S-000323,8810,236115,41381.01,Equipment
SI-0000655,S-000324,5606,541612,64704.03,Truck
SI-0000656,S-000324,9082,238320,20832.63,Crew
SI-0000657,S-000325,7228,722513,29575.0,Equipment
SI-0000658,S-000325,3724,484110,39050.37,Truck
SI-0000659,S-000326,8397,484110,74185.86,Equipment
SI-0000660,S-000327,8810,722513,10316.19,Storefront
SI-0000661,S-000327,3724,541511,31212.05,Equipment
SI-0000662,S-000328,8810,236115,7676.82,Equipment
SI-0000663,S-000328,5606,236115,47405.97,Truck
SI-0000664,S-000329,8397,541511,13551.85,Warehouse
SI-0000665,S-000329,5403,238320,34458.43,Crew
SI-0000666,S-000329,5606,722513,58630.1,Crew
SI-0000667,S-000330,8397,236115,83738.72,Warehouse
SI-0000668,S-000330,3632,236115,23816.61,Warehouse
SI-0000669,S-000330,3632,541511,21680.22,Storefront
SI-0000670,S-000331,9082,561720,20352.43,Storefront
SI-0000671,S-000331,3632,541612,86888.87,Crew
SI-0000672,S-000332,3724,238320,28925.01,Truck
SI-0000673,S-000333,5606,484110,28216.15,Crew
SI-0000674,S-000334,5403,238220,36650.74,Office
SI-0000675,S-000334,3632,561720,55282.57,Storefront
SI-0000676,S-000335,7228,541511,23677.09,Office
SI-0000677,S-000335,9082,541612,51155.04,Warehouse
SI-0000678,S-000335,7228,541612,45987.99,Office
SI-0000679,S-000336,3724,236115,11219.56,Crew
SI-0000680,S-000337,8397,238320,24362.05,Equipment
SI-0000681,S-000337,8810,238220,45661.97,Warehouse
SI-0000682,S-000338,5606,722513,28218.74,Equipment
SI-0000683,S-000339,5606,484110,28328.85,Warehouse
SI-0000684,S-000339,5606,238220,30383.26,Warehouse
SI-0000685,S-000340,3632,238220,40553.37,Warehouse
SI-0000686,S-000341,3724,484110,87875.48,Office
SI-0000687,S-000341,8397,541511,68471.32,Storefront
SI-0000688,S-000342,8397,541612,47734.77,Storefront
SI-0000689,S-000342,3632,722513,64724.9,Storefront
SI-0000690,S-000342,8397,236115,43725.41,Truck
SI-0000691,S-000343,7228,541612,62102.66,Truck
SI-0000692,S-000343,3724,722513,23682.66,Warehouse
SI-0000693,S-000344,8397,238220,16561.88,Office
SI-0000694,S-000344,3724,238320,49787.48,Warehouse
SI-0000695,S-000344,7228,541612,47059.4,Equipment
SI-0000696,S-000345,8397,238320,33935.16,Warehouse
SI-0000697,S-000346,9082,541511,19122.15,Office
SI-0000698,S-000346,8810,561720,35981.14,Truck
SI-0000699,S-000346,5403,561720,6867.91,Truck
SI-0000700,S-000347,5403,561720,21012.21,Equipment
SI-0000701,S-000348,5403,541612,43129.63,Warehouse
SI-0000702,S-000348,9082,541612,8384.51,Crew
SI-0000703,S-000348,5606,561720,22040.48,Truck
SI-0000704,S-000349,9082,236115,32709.69,Truck
SI-0000705,S-000350,5403,561720,66203.51,Storefront
SI-0000706,S-000351,5403,541612,46601.94,Truck
SI-0000707,S-000351,8810,541511,93923.21,Warehouse
SI-0000708,S-000351,7228,236115,35375.47,Truck
SI-0000709,S-000352,8810,238220,87380.97,Truck
SI-0000710,S-000353,8397,722513,39064.53,Warehouse
SI-0000711,S-000353,7228,238320,68125.85,Crew
SI-0000712,S-000353,7228,541511,36823.91,Office
SI-0000713,S-000354,5403,238220,14264.0,Crew
SI-0000714,S-000355,7228,238320,118489.18,Storefront
SI-0000715,S-000355,3632,238320,26500.38,Storefront
SI-0000716,S-000355,3632,238320,9223.89,Equipment
SI-0000717,S-000356,8397,561720,7169.69,Crew
SI-0000718,S-000356,3632,541511,37683.6,Storefront
SI-0000719,S-000356,9082,561720,32025.71,Crew
SI-0000720,S-000357,5403,561720,70453.54,Warehouse
SI-0000721,S-000358,5403,238220,20237.7,Truck
SI-0000722,S-000358,3724,236115,15971.44,Storefront
SI-0000723,S-000359,8397,238320,15151.71,Truck
SI-0000724,S-000359,8397,541612,8780.06,Crew
SI-0000725,S-000359,9082,541612,19517.43,Office
SI-0000726,S-000360,5606,541511,15432.93,Storefront
SI-0000727,S-000361,7228,236115,38169.07,Crew
SI-0000728,S-000362,5606,541612,42568.72,Equipment
SI-0000729,S-000363,3724,541612,21096.75,Storefront
SI-0000730,S-000363,7228,238320,25594.85,Warehouse
SI-0000731,S-000364,5606,541511,26573.92,Storefront
SI-0000732,S-000365,7228,561720,19217.78,Storefront
SI-0000733,S-000365,7228,238320,29810.92,Crew
SI-0000734,S-000366,3632,541612,35900.91,Truck
SI-0000735,S-000366,5403,484110,49871.8,Crew
SI-0000736,S-000366,8397,236115,70704.3,Office
SI-0000737,S-000367,7228,484110,39187.13,Office
SI-0000738,S-000367,8810,541511,28005.91,Warehouse
SI-0000739,S-000367,3724,238220,26428.19,Crew
SI-0000740,S-000368,8810,541511,61744.27,Equipment
SI-0000741,S-000368,5606,722513,28625.31,Equipment
SI-0000742,S-000368,7228,238320,39882.29,Office
SI-0000743,S-000369,8810,722513,71702.03,Warehouse
SI-0000744,S-000370,5606,484110,76399.72,Office
SI-0000745,S-000370,9082,238220,40645.07,Warehouse
SI-0000746,S-000370,5403,541612,14842.17,Storefront
SI-0000747,S-000371,5403,236115,114286.42,Equipment
SI-0000748,S-000371,5606,238220,48865.68,Office
SI-0000749,S-000371,5403,561720,24515.59,Equipment
SI-0000750,S-000372,5403,238220,53263.41,Warehouse
SI-0000751,S-000373,3724,722513,24412.34,Equipment
SI-0000752,S-000373,7228,541612,34589.49,Office
SI-0000753,S-000373,7228,722513,36110.34,Storefront
SI-0000754,S-000374,3724,484110,58862.82,Storefront
SI-0000755,S-000374,3632,238320,16601.88,Truck
SI-0000756,S-000375,3724,238320,56785.18,Truck
SI-0000757,S-000375,5606,561720,24980.46,Equipment
SI-0000758,S-000376,8810,484110,16813.78,Truck
SI-0000759,S-000377,3632,236115,12002.47,Storefront
SI-0000760,S-000378,3632,238220,21087.16,Storefront
SI-0000761,S-000378,8397,561720,12850.7,Crew
SI-0000762,S-000379,3724,722513,10943.27,Office
SI-0000763,S-000380,3724,238320,9672.98,Equipment
SI-0000764,S-000380,8810,236115,11137.2,Storefront
SI-0000765,S-000381,8397,484110,90695.9,Warehouse
SI-0000766,S-000381,7228,541511,48053.08,Office
SI-0000767,S-000381,5403,541511,14671.64,Office
SI-0000768,S-000382,9082,238320,29576.68,Warehouse
SI-0000769,S-000382,5606,722513,66562.63,Warehouse
SI-0000770,S-000382,5403,238320,38026.65,Warehouse
SI-0000771,S-000383,5403,561720,69852.19,Truck
SI-0000772,S-000383,3724,561720,106216.67,Truck
SI-0000773,S-000383,3724,561720,29337.83,Truck
SI-0000774,S-000384,8810,722513,39727.23,Crew
SI-0000775,S-000385,3724,541612,46224.97,Truck
SI-0000776,S-000385,8397,238220,34951.74,Warehouse
SI-0000777,S-000385,3724,561720,35689.21,Storefront
SI-0000778,S-000386,9082,238320,41572.56,Warehouse
SI-0000779,S-000386,8397,484110,8735.32,Storefront
SI-0000780,S-000386,5403,484110,23263.59,Office
SI-0000781,S-000387,8397,236115,15197.02,Storefront
SI-0000782,S-000388,5403,238220,18978.82,Truck
SI-0000783,S-000389,3724,484110,161768.59,Crew
SI-0000784,S-000389,9082,541612,45205.84,Warehouse
SI-0000785,S-000389,7228,561720,22100.16,Office
SI-0000786,S-000390,9082,238220,16610.1,Storefront
SI-0000787,S-000390,3724,722513,25575.66,Warehouse
SI-0000788,S-000391,5606,484110,23654.31,Equipment
SI-0000789,S-000391,8397,236115,47319.62,Crew
SI-0000790,S-000392,5403,561720,39140.79,Office
SI-0000791,S-000393,5403,541511,15059.67,Office
SI-0000792,S-000394,8810,484110,56736.56,Warehouse
SI-0000793,S-000394,3724,238220,14568.37,Equipment
SI-0000794,S-000395,9082,541511,24484.32,Truck
SI-0000795,S-000395,8810,238320,17820.77,Warehouse
SI-0000796,S-000396,5403,541612,36738.99,Storefront
SI-0000797,S-000396,8810,722513,15532.99,Office
SI-0000798,S-000397,8810,484110,10365.34,Truck
SI-0000799,S-000397,5606,541511,41966.31,Truck
SI-0000800,S-000397,5606,238220,89857.12,Storefront
SI-0000801,S-000398,8810,238320,12505.97,Crew
SI-0000802,S-000398,8397,561720,16328.2,Office
SI-0000803,S-000398,3632,541612,18760.19,Office
SI-0000804,S-000399,5606,561720,43016.15,Office
SI-0000805,S-000399,5606,238220,28780.5,Storefront
SI-0000806,S-000400,9082,541511,25274.55,Storefront
SI-0000807,S-000401,3724,484110,36242.09,Office
SI-0000808,S-000401,8810,238320,28643.75,Office
SI-0000809,S-000402,5606,561720,66187.31,Warehouse
SI-0000810,S-000402,7228,541612,28209.74,Warehouse
SI-0000811,S-000403,5606,484110,96549.96,Truck
SI-0000812,S-000403,7228,722513,81653.73,Office
SI-0000813,S-000403,7228,561720,34116.45,Warehouse
SI-0000814,S-000404,7228,541511,16050.44,Storefront
SI-0000815,S-000405,3632,541511,25000.73,Warehouse
SI-0000816,S-000406,3632,484110,296559.24,Equipment
SI-0000817,S-000407,7228,561720,29728.49,Crew
SI-0000818,S-000407,8397,236115,34305.33,Crew
SI-0000819,S-000407,3724,541612,59490.55,Warehouse
SI-0000820,S-000408,8397,238220,33391.01,Storefront
SI-0000821,S-000408,3724,238320,11114.45,Storefront
SI-0000822,S-000409,5403,561720,40200.0,Crew
SI-0000823,S-000409,8810,238320,44396.39,Storefront
SI-0000824,S-000409,8397,541612,11757.36,Office
SI-0000825,S-000410,5403,561720,17036.98,Equipment
SI-0000826,S-000410,8397,561720,37587.35,Warehouse
SI-0000827,S-000411,5606,238320,9885.04,Office
SI-0000828,S-000411,9082,484110,27511.09,Warehouse
SI-0000829,S-000411,9082,238320,15103.53,Crew
SI-0000830,S-000412,8810,561720,11269.1,Equipment
SI-0000831,S-000412,3724,541612,25443.09,Crew
SI-0000832,S-000413,5403,561720,41798.33,Warehouse
SI-0000833,S-000413,7228,541511,48038.42,Truck
SI-0000834,S-000413,7228,236115,264694.88,Truck
SI-0000835,S-000414,5403,238220,19222.49,Equipment
SI-0000836,S-000415,8810,484110,24271.68,Storefront
SI-0000837,S-000415,9082,238320,41079.18,Truck
SI-0000838,S-000416,3632,722513,14455.84,Storefront
SI-0000839,S-000416,8397,541612,27727.9,Storefront
SI-0000840,S-000417,3632,541612,60244.55,Equipment
SI-0000841,S-000417,5606,236115,139199.4,Warehouse
SI-0000842,S-000417,9082,541612,22179.76,Equipment
SI-0000843,S-000418,3632,236115,32203.29,Truck
SI-0000844,S-000419,8810,236115,19664.85,Warehouse
SI-0000845,S-000419,8810,541511,19366.79,Truck
SI-0000846,S-000420,7228,541511,41244.7,Crew
SI-0000847,S-000420,8810,541612,45547.24,Crew
SI-0000848,S-000420,3632,722513,42518.57,Equipment
SI-0000849,S-000421,3632,236115,23685.17,Crew
SI-0000850,S-000421,7228,238320,41704.8,Warehouse
SI-0000851,S-000421,8810,238220,85288.97,Storefront
SI-0000852,S-000422,5403,722513,18536.16,Equipment
SI-0000853,S-000423,8810,561720,33140.74,Warehouse
SI-0000854,S-000423,5403,484110,68383.02,Truck
SI-0000855,S-000424,8397,236115,49179.65,Equipment
SI-0000856,S-000425,8397,236115,97809.02,Truck
SI-0000857,S-000425,9082,541511,17000.75,Truck
SI-0000858,S-000426,7228,541511,26172.44,Crew
SI-0000859,S-000427,3724,541612,39647.88,Storefront
SI-0000860,S-000427,5606,236115,41787.46,Truck
SI-0000861,S-000428,3632,238320,46238.04,Warehouse
SI-0000862,S-000428,9082,238220,10048.14,Equipment
SI-0000863,S-000429,3724,541612,18399.28,Truck
SI-0000864,S-000430,5606,238220,50158.48,Crew
SI-0000865,S-000431,5606,541511,17153.07,Office
SI-0000866,S-000431,8810,541612,11371.4,Crew
SI-0000867,S-000432,7228,484110,39125.03,Crew
SI-0000868,S-000432,5606,238320,55514.5,Crew
SI-0000869,S-000432,5606,236115,30747.12,Office
SI-0000870,S-000433,8397,722513,20123.6,Warehouse
SI-0000871,S-000434,9082,561720,15248.55,Office
SI-0000872,S-000434,3724,238220,32721.84,Crew
SI-0000873,S-000434,5403,541511,9729.04,Equipment
SI-0000874,S-000435,5606,484110,19995.42,Warehouse
SI-0000875,S-000435,3724,722513,16407.38,Crew
SI-0000876,S-000435,8397,484110,48931.58,Crew
SI-0000877,S-000436,3632,722513,73149.67,Equipment
SI-0000878,S-000437,8810,236115,40405.03,Warehouse
SI-0000879,S-000438,3632,541511,10528.88,Storefront
SI-0000880,S-000438,5403,561720,15679.3,Crew
SI-0000881,S-000438,8397,238320,47959.73,Storefront
SI-0000882,S-000439,8810,238220,10134.67,Crew
SI-0000883,S-000439,5403,541612,25407.07,Warehouse
SI-0000884,S-000439,3632,541612,19040.58,Truck
SI-0000885,S-000440,7228,561720,46359.97,Crew
SI-0000886,S-000440,5606,541612,23944.08,Office
SI-0000887,S-000441,3632,541612,43041.55,Storefront
SI-0000888,S-000441,8810,236115,16965.87,Office
SI-0000889,S-000441,7228,238320,3750.87,Truck
SI-0000890,S-000442,7228,722513,17486.06,Truck
SI-0000891,S-000442,7228,238220,35214.05,Equipment
SI-0000892,S-000442,7228,238220,15706.13,Warehouse
SI-0000893,S-000443,8397,561720,12000.56,Equipment
SI-0000894,S-000444,8810,541511,47706.5,Storefront
SI-0000895,S-000444,8810,561720,29188.57,Crew
SI-0000896,S-000444,3724,236115,77464.31,Equipment
SI-0000897,S-000445,3632,238220,7822.28,Truck
SI-0000898,S-000445,5403,722513,18355.51,Truck
SI-0000899,S-000446,8397,541511,19568.55,Equipment
SI-0000900,S-000446,3632,722513,29779.84,Storefront
SI-0000901,S-000447,5606,541511,84860.53,Equipment
SI-0000902,S-000447,7228,238220,20835.24,Crew
SI-0000903,S-000448,5606,541612,15138.98,Office
SI-0000904,S-000448,5606,238320,31899.82,Truck
SI-0000905,S-000449,7228,238220,93580.41,Warehouse
SI-0000906,S-000449,7228,238320,50230.73,Equipment
SI-0000907,S-000449,8810,561720,8472.54,Office
SI-0000908,S-000450,8397,238220,19522.04,Office
SI-0000909,S-000451,3632,541612,31861.73,Office
SI-0000910,S-000451,3632,236115,52049.39,Equipment
SI-0000911,S-000451,5606,238220,33750.11,Crew
SI-0000912,S-000452,5606,236115,24082.21,Office
SI-0000913,S-000452,8810,484110,19593.7,Crew
SI-0000914,S-000452,5606,561720,50420.84,Truck
SI-0000915,S-000453,8397,561720,30515.91,Office
SI-0000916,S-000453,5606,722513,20835.15,Crew
SI-0000917,S-000453,8397,541612,48416.89,Warehouse
SI-0000918,S-000454,7228,484110,88384.64,Warehouse
SI-0000919,S-000455,5606,722513,17287.31,Equipment
SI-0000920,S-000455,5403,561720,68183.85,Truck
SI-0000921,S-000455,5403,236115,17139.7,Crew
SI-0000922,S-000456,3632,541511,14292.13,Office
SI-0000923,S-000456,3724,541612,49116.18,Truck
SI-0000924,S-000457,5606,236115,18896.4,Equipment
SI-0000925,S-000457,3632,236115,11789.77,Warehouse
SI-0000926,S-000458,9082,561720,13370.04,Truck
SI-0000927,S-000458,3632,236115,14326.0,Storefront
SI-0000928,S-000459,3724,561720,101708.48,Storefront
SI-0000929,S-000459,8810,561720,36641.81,Warehouse
SI-0000930,S-000460,8397,541511,10222.98,Truck
SI-0000931,S-000460,3632,238220,19225.79,Storefront
SI-0000932,S-000460,5403,484110,25589.56,Equipment
SI-0000933,S-000461,8397,722513,13664.45,Warehouse
SI-0000934,S-000462,9082,541511,20355.46,Equipment
SI-0000935,S-000462,7228,238220,14852.22,Storefront
SI-0000936,S-000463,9082,238220,19789.98,Equipment
SI-0000937,S-000464,8810,722513,95331.89,Warehouse
SI-0000938,S-000464,5606,561720,40241.7,Storefront
SI-0000939,S-000465,3724,722513,22978.39,Equipment
SI-0000940,S-000465,8397,484110,40737.76,Crew
SI-0000941,S-000466,8397,541612,32702.2,Storefront
SI-0000942,S-000466,3632,561720,13082.02,Crew
SI-0000943,S-000467,7228,722513,76414.27,Warehouse
SI-0000944,S-000467,8810,541612,14001.62,Office
SI-0000945,S-000467,7228,722513,27021.19,Truck
SI-0000946,S-000468,5403,238220,18229.33,Equipment
SI-0000947,S-000468,9082,238320,31444.06,Truck
SI-0000948,S-000468,9082,541612,34529.32,Equipment
SI-0000949,S-000469,3632,722513,48165.79,Office
SI-0000950,S-000469,5403,238320,59101.78,Warehouse
SI-0000951,S-000469,8810,541511,50228.8,Warehouse
SI-0000952,S-000470,5403,541511,38400.54,Crew
SI-0000953,S-000471,5606,541612,48071.85,Office
SI-0000954,S-000471,7228,541612,8644.92,Storefront
SI-0000955,S-000471,8810,722513,40655.53,Equipment
SI-0000956,S-000472,9082,561720,34546.62,Equipment
SI-0000957,S-000472,3724,541511,112427.59,Truck
SI-0000958,S-000473,3632,238320,3916.47,Warehouse
SI-0000959,S-000473,8397,541511,12039.22,Crew
SI-0000960,S-000474,8397,484110,24514.56,Truck
SI-0000961,S-000474,5606,238220,35843.29,Warehouse
SI-0000962,S-000475,7228,238320,20653.12,Equipment
SI-0000963,S-000475,3724,238220,27256.5,Storefront
SI-0000964,S-000475,8810,541511,42949.98,Storefront
SI-0000965,S-000476,3724,238220,62259.81,Storefront
SI-0000966,S-000476,7228,238220,34478.05,Crew
SI-0000967,S-000476,8397,561720,20078.56,Storefront
SI-0000968,S-000477,8397,561720,145890.12,Truck
SI-0000969,S-000477,9082,238320,63212.18,Truck
SI-0000970,S-000477,8810,561720,18575.27,Truck
SI-0000971,S-000478,8810,238220,17395.85,Office
SI-0000972,S-000478,8397,484110,46907.9,Truck
SI-0000973,S-000479,8810,236115,35150.11,Truck
SI-0000974,S-000479,8397,236115,16983.18,Equipment
SI-0000975,S-000479,3724,238220,7755.85,Office
SI-0000976,S-000480,9082,484110,47333.71,Equipment
SI-0000977,S-000480,9082,484110,71168.39,Crew
SI-0000978,S-000480,3724,484110,12800.08,Equipment
SI-0000979,S-000481,8810,238220,77673.94,Storefront
SI-0000980,S-000481,8810,484110,13361.47,Warehouse
SI-0000981,S-000481,5606,541612,15481.24,Equipment
SI-0000982,S-000482,5606,484110,131255.1,Truck
SI-0000983,S-000483,8810,541612,33266.89,Equipment
SI-0000984,S-000484,3724,541511,287312.6,Equipment
SI-0000985,S-000485,5606,722513,19379.22,Office
SI-0000986,S-000485,8397,238320,30331.44,Equipment
SI-0000987,S-000486,5403,541511,15738.76,Crew
SI-0000988,S-000486,5606,238220,83186.28,Warehouse
SI-0000989,S-000487,9082,236115,45900.31,Warehouse
SI-0000990,S-000487,7228,238220,39544.84,Office
SI-0000991,S-000487,8397,541511,16841.97,Storefront
SI-0000992,S-000488,8397,238320,77691.64,Crew
SI-0000993,S-000488,8810,722513,41278.62,Crew
SI-0000994,S-000489,8810,541511,20335.08,Office
SI-0000995,S-000489,7228,541511,11436.24,Truck
SI-0000996,S-000489,8397,238320,54657.08,Office
SI-0000997,S-000490,8397,541511,45282.2,Storefront
SI-0000998,S-000490,5403,238320,15537.06,Storefront
SI-0000999,S-000491,3632,561720,19518.57,Crew
SI-0001000,S-000491,8397,722513,39911.61,Office
SI-0001001,S-000491,3724,722513,13960.21,Storefront
SI-0001002,S-000492,3632,722513,29595.75,Office
SI-0001003,S-000492,5606,238320,14374.82,Truck
SI-0001004,S-000493,7228,238220,34854.26,Crew
SI-0001005,S-000494,8810,484110,10204.95,Storefront
SI-0001006,S-000494,8397,238320,19640.61,Warehouse
SI-0001007,S-000495,5606,238220,77010.07,Warehouse
SI-0001008,S-000495,5403,561720,26552.53,Crew
SI-0001009,S-000495,5606,238320,14620.55,Truck
SI-0001010,S-000496,3724,484110,14103.43,Warehouse
SI-0001011,S-000497,8397,238220,15236.14,Truck
SI-0001012,S-000497,7228,484110,87111.64,Crew
SI-0001013,S-000497,9082,722513,33501.47,Truck
SI-0001014,S-000498,7228,238220,28794.34,Warehouse
SI-0001015,S-000499,9082,484110,60126.62,Crew
SI-0001016,S-000499,8810,722513,60595.79,Truck
SI-0001017,S-000500,3724,541511,30951.89,Equipment
SI-0001018,S-000501,5606,541511,14405.36,Warehouse
SI-0001019,S-000502,7228,722513,26806.16,Storefront
SI-0001020,S-000503,5606,561720,14349.03,Equipment
SI-0001021,S-000503,5403,561720,13847.5,Office
SI-0001022,S-000504,5606,238220,37901.86,Warehouse
SI-0001023,S-000504,3632,541612,37265.27,Office
SI-0001024,S-000504,8810,541612,38465.02,Truck
SI-0001025,S-000505,3632,238320,18712.71,Office
SI-0001026,S-000505,5403,722513,23193.35,Office
SI-0001027,S-000505,7228,541511,42427.61,Truck
SI-0001028,S-000506,8810,238220,9689.81,Warehouse
SI-0001029,S-000506,8810,561720,58471.48,Storefront
SI-0001030,S-000506,8810,484110,47798.72,Truck
SI-0001031,S-000507,8810,236115,33245.68,Crew
SI-0001032,S-000508,3632,238320,33104.08,Crew
SI-0001033,S-000508,7228,561720,60454.25,Crew
SI-0001034,S-000509,3632,541511,32914.04,Equipment
SI-0001035,S-000510,8810,238320,37433.82,Warehouse
SI-0001036,S-000510,3632,238320,14251.45,Truck
SI-0001037,S-000511,5606,541511,150968.75,Truck
SI-0001038,S-000512,5403,561720,21051.16,Storefront
SI-0001039,S-000512,5606,236115,18244.94,Equipment
SI-0001040,S-000512,8397,541612,46265.6,Equipment
SI-0001041,S-000513,3724,238320,34638.93,Warehouse
SI-0001042,S-000513,5403,238220,12438.0,Office
SI-0001043,S-000514,3724,561720,15044.5,Equipment
SI-0001044,S-000514,7228,561720,26972.35,Storefront
SI-0001045,S-000514,9082,238320,14447.01,Truck
SI-0001046,S-000515,7228,541612,49646.06,Storefront
SI-0001047,S-000515,7228,561720,37262.55,Truck
SI-0001048,S-000515,5606,541612,192825.21,Crew
SI-0001049,S-000516,5403,484110,72878.0,Office
SI-0001050,S-000516,5606,238220,37508.63,Equipment
SI-0001051,S-000517,7228,541612,42015.71,Equipment
SI-0001052,S-000517,8810,541612,47394.6,Warehouse
SI-0001053,S-000517,8397,541511,48913.4,Office
SI-0001054,S-000518,9082,236115,34089.0,Crew
SI-0001055,S-000519,5403,238320,18040.07,Storefront
SI-0001056,S-000520,8397,238220,11577.93,Warehouse
SI-0001057,S-000520,7228,541511,38542.27,Office
SI-0001058,S-000520,9082,238320,36984.1,Storefront
SI-0001059,S-000521,8810,484110,86427.89,Truck
SI-0001060,S-000521,3632,541511,30022.05,Crew
SI-0001061,S-000522,3724,484110,46847.42,Storefront
SI-0001062,S-000522,5403,541612,18780.76,Storefront
SI-0001063,S-000522,8810,541612,67394.46,Crew
SI-0001064,S-000523,5403,238220,31310.7,Crew
SI-0001065,S-000524,8397,722513,40893.36,Crew
SI-0001066,S-000524,3632,541511,52103.69,Warehouse
SI-0001067,S-000524,8810,484110,108248.37,Storefront
SI-0001068,S-000525,8810,238220,23786.58,Office
SI-0001069,S-000526,3632,722513,24435.35,Crew
SI-0001070,S-000526,7228,484110,10135.65,Crew
SI-0001071,S-000527,3724,238320,137007.23,Equipment
SI-0001072,S-000527,8397,238220,71630.35,Crew
SI-0001073,S-000528,3632,541511,97469.76,Truck
SI-0001074,S-000528,3724,722513,152930.51,Office
SI-0001075,S-000529,8397,541511,20682.97,Office
SI-0001076,S-000529,3724,561720,48231.5,Warehouse
SI-0001077,S-000529,7228,541612,49480.9,Warehouse
SI-0001078,S-000530,8397,484110,71988.88,Office
SI-0001079,S-000531,5403,238320,36132.06,Truck
SI-0001080,S-000532,3632,484110,32171.58,Warehouse
SI-0001081,S-000532,7228,561720,27519.23,Warehouse
SI-0001082,S-000533,8397,561720,18640.65,Office
SI-0001083,S-000533,3724,561720,68331.93,Warehouse
SI-0001084,S-000534,7228,561720,46117.72,Office
SI-0001085,S-000534,5403,238220,19115.03,Crew
SI-0001086,S-000534,8810,484110,76027.33,Warehouse
SI-0001087,S-000535,9082,484110,37133.57,Crew
SI-0001088,S-000535,5403,541511,64942.55,Equipment
SI-0001089,S-000536,3724,541612,20885.22,Crew
SI-0001090,S-000537,9082,238220,164504.51,Crew
SI-0001091,S-000538,3632,722513,64624.03,Storefront
SI-0001092,S-000538,3724,541511,24280.2,Office
SI-0001093,S-000539,8810,541511,22806.74,Storefront
SI-0001094,S-000539,3632,541511,45929.0,Truck
SI-0001095,S-000540,7228,236115,23202.84,Storefront
SI-0001096,S-000540,3632,541612,85400.6,Truck
SI-0001097,S-000540,3632,722513,48968.42,Office
SI-0001098,S-000541,7228,561720,22888.94,Office
SI-0001099,S-000541,7228,484110,31010.08,Equipment
SI-0001100,S-000541,9082,541511,31412.4,Storefront
SI-0001101,S-000542,8397,541511,31614.92,Equipment
SI-0001102,S-000542,9082,541511,48836.2,Office
SI-0001103,S-000542,5606,238220,9417.51,Truck
SI-0001104,S-000543,5606,238220,151776.12,Equipment
SI-0001105,S-000544,5606,238320,65990.64,Crew
SI-0001106,S-000544,9082,561720,24413.06,Equipment
SI-0001107,S-000545,8810,541511,7543.83,Truck
SI-0001108,S-000545,9082,238320,40267.06,Crew
SI-0001109,S-000546,7228,722513,53003.57,Truck
SI-0001110,S-000546,7228,541511,43542.65,Storefront
SI-0001111,S-000547,8810,541612,22401.43,Truck
SI-0001112,S-000548,5606,722513,46441.26,Truck
SI-0001113,S-000548,5606,541612,19828.03,Equipment
SI-0001114,S-000549,7228,541612,35802.39,Truck
SI-0001115,S-000549,7228,722513,19745.97,Office
SI-0001116,S-000549,8810,561720,31773.25,Truck
SI-0001117,S-000550,7228,561720,14943.56,Truck
SI-0001118,S-000550,9082,238220,48208.57,Office
SI-0001119,S-000551,3632,238220,33903.75,Warehouse
SI-0001120,S-000552,5606,238320,18944.66,Crew
SI-0001121,S-000552,8397,238220,72184.83,Office
SI-0001122,S-000552,8397,561720,43392.01,Equipment
SI-0001123,S-000553,3632,238320,31653.99,Equipment
SI-0001124,S-000553,3632,541511,29983.51,Office
SI-0001125,S-000554,8810,722513,86586.51,Office
SI-0001126,S-000555,7228,541511,100448.15,Equipment
SI-0001127,S-000555,5606,561720,15541.86,Office
SI-0001128,S-000556,8810,238320,35250.41,Storefront
SI-0001129,S-000556,3632,236115,61944.87,Crew
SI-0001130,S-000556,8810,541612,25426.96,Equipment
SI-0001131,S-000557,3632,238320,20242.78,Equipment
SI-0001132,S-000557,8397,541612,24278.2,Office
SI-0001133,S-000557,5403,238320,58186.32,Equipment
SI-0001134,S-000558,8810,561720,18709.45,Office
SI-0001135,S-000558,7228,541511,38011.62,Truck
SI-0001136,S-000559,7228,236115,24040.6,Truck
SI-0001137,S-000559,7228,561720,33040.54,Truck
SI-0001138,S-000559,8397,238220,35952.05,Truck
SI-0001139,S-000560,8810,561720,15025.02,Warehouse
SI-0001140,S-000560,5606,541612,64969.13,Equipment
SI-0001141,S-000560,8810,722513,40843.91,Crew
SI-0001142,S-000561,3632,238320,49863.74,Equipment
SI-0001143,S-000562,5606,722513,30946.79,Equipment
SI-0001144,S-000562,5606,238320,134224.58,Truck
SI-0001145,S-000563,8810,541612,54416.49,Office
SI-0001146,S-000563,8810,722513,25244.01,Office
SI-0001147,S-000564,5403,484110,22494.89,Warehouse
SI-0001148,S-000565,3724,541511,15034.39,Truck
SI-0001149,S-000565,9082,541612,44054.75,Crew
SI-0001150,S-000566,5403,484110,48344.81,Crew
SI-0001151,S-000566,9082,541612,14661.35,Office
SI-0001152,S-000567,8810,561720,13887.35,Storefront
SI-0001153,S-000568,5606,541612,14056.32,Truck
SI-0001154,S-000569,5403,238320,54987.55,Storefront
SI-0001155,S-000569,8810,561720,66487.02,Storefront
SI-0001156,S-000570,5403,541511,11606.39,Storefront
SI-0001157,S-000570,9082,238220,23025.32,Storefront
SI-0001158,S-000571,7228,484110,37233.49,Crew
SI-0001159,S-000571,5606,238220,39581.58,Truck
SI-0001160,S-000572,7228,561720,132995.51,Crew
SI-0001161,S-000573,7228,238220,28274.22,Truck
SI-0001162,S-000573,9082,238320,25758.72,Truck
SI-0001163,S-000573,7228,561720,82282.97,Storefront
SI-0001164,S-000574,9082,541511,47881.44,Crew
SI-0001165,S-000575,5606,561720,21421.85,Storefront
SI-0001166,S-000576,5606,541511,64628.13,Storefront
SI-0001167,S-000576,8397,541612,11201.77,Storefront
SI-0001168,S-000577,9082,484110,96233.01,Office
SI-0001169,S-000577,8397,238220,39345.65,Storefront
SI-0001170,S-000578,8397,238220,20183.6,Office
SI-0001171,S-000578,5403,541511,23445.65,Equipment
SI-0001172,S-000579,8810,561720,49901.39,Storefront
SI-0001173,S-000579,5403,541511,46573.77,Storefront
SI-0001174,S-000579,5606,484110,19189.07,Storefront
SI-0001175,S-000580,9082,561720,19653.75,Storefront
SI-0001176,S-000580,3724,722513,4970.42,Truck
SI-0001177,S-000580,3632,238320,81859.88,Warehouse
SI-0001178,S-000581,5403,722513,14049.55,Truck
SI-0001179,S-000582,9082,238220,25070.42,Storefront
SI-0001180,S-000582,5606,238320,32439.45,Office
SI-0001181,S-000583,5403,561720,29593.79,Warehouse
SI-0001182,S-000583,5606,484110,33093.75,Warehouse
SI-0001183,S-000583,8397,561720,48299.16,Crew
SI-0001184,S-000584,3632,722513,47372.21,Warehouse
SI-0001185,S-000584,7228,541511,14022.78,Equipment
SI-0001186,S-000585,3632,541511,44322.73,Crew
SI-0001187,S-000585,5606,541612,36089.41,Warehouse
SI-0001188,S-000586,9082,541511,3244.02,Equipment
SI-0001189,S-000587,7228,236115,30642.76,Warehouse
SI-0001190,S-000587,8810,541612,10330.91,Office
SI-0001191,S-000587,3632,236115,20071.36,Storefront
SI-0001192,S-000588,3724,541612,30104.94,Crew
SI-0001193,S-000588,8397,484110,29804.73,Equipment
SI-0001194,S-000588,7228,236115,51126.36,Warehouse
SI-0001195,S-000589,5403,541612,82164.95,Equipment
SI-0001196,S-000590,7228,238320,105226.91,Crew
SI-0001197,S-000591,3632,484110,9692.39,Crew
SI-0001198,S-000591,5606,238320,11276.46,Equipment
SI-0001199,S-000591,8810,238320,23859.62,Storefront
SI-0001200,S-000592,9082,484110,38099.92,Equipment
SI-0001201,S-000592,5403,561720,124403.93,Office
SI-0001202,S-000593,3724,236115,76036.36,Crew
SI-0001203,S-000594,8810,541511,10272.91,Office
SI-0001204,S-000594,5403,541612,27252.13,Crew
SI-0001205,S-000595,8810,484110,44999.84,Truck
SI-0001206,S-000596,7228,238220,17657.44,Truck
SI-0001207,S-000596,5606,238320,61785.14,Office
SI-0001208,S-000597,7228,236115,9674.29,Warehouse
SI-0001209,S-000597,5606,484110,29436.67,Warehouse
SI-0001210,S-000598,3632,541511,138493.46,Equipment
SI-0001211,S-000598,8397,541511,12158.96,Equipment
SI-0001212,S-000598,3632,238320,32365.15,Warehouse
SI-0001213,S-000599,9082,541511,27959.18,Equipment
SI-0001214,S-000600,8397,541511,13511.02,Storefront
SI-0001215,S-000600,5606,484110,105210.29,Equipment
SI-0001216,S-000600,8397,238220,34959.01,Equipment
SI-0001217,S-000601,5403,238220,43437.46,Equipment
SI-0001218,S-000601,5606,236115,12647.59,Storefront
SI-0001219,S-000602,8810,238320,12632.09,Truck
SI-0001220,S-000602,5606,541511,15005.02,Office
SI-0001221,S-000602,3724,238320,71825.99,Truck
SI-0001222,S-000603,7228,236115,25542.53,Truck
SI-0001223,S-000604,3632,722513,85086.63,Equipment
SI-0001224,S-000604,9082,238320,32657.14,Storefront
SI-0001225,S-000605,8397,541511,80321.07,Equipment
SI-0001226,S-000605,3724,541511,70811.86,Storefront
SI-0001227,S-000606,3724,541612,87350.54,Truck
SI-0001228,S-000607,3632,238220,54864.06,Office
SI-0001229,S-000607,3724,541612,58486.32,Office
SI-0001230,S-000608,5606,484110,26771.62,Equipment
SI-0001231,S-000608,8810,484110,33940.86,Office
SI-0001232,S-000609,8810,541612,50533.03,Warehouse
SI-0001233,S-000610,3632,236115,35483.19,Office
SI-0001234,S-000610,3632,236115,35809.23,Storefront
SI-0001235,S-000611,7228,484110,30529.41,Equipment
SI-0001236,S-000611,5606,722513,52244.53,Equipment
SI-0001237,S-000612,5403,484110,26968.66,Storefront
SI-0001238,S-000613,5606,484110,31450.67,Crew
SI-0001239,S-000613,5403,238220,81450.36,Warehouse
SI-0001240,S-000613,5606,238220,27428.3,Crew
SI-0001241,S-000614,8810,238220,28674.16,Office
SI-0001242,S-000614,9082,484110,41913.5,Office
SI-0001243,S-000615,3724,236115,52915.14,Equipment
SI-0001244,S-000616,3632,561720,14363.36,Crew
SI-0001245,S-000616,8810,236115,21780.39,Office
SI-0001246,S-000617,3724,238320,16993.15,Warehouse
SI-0001247,S-000617,3724,541612,30716.15,Equipment
SI-0001248,S-000618,3724,722513,35748.06,Crew
SI-0001249,S-000618,5403,238320,96701.27,Office
SI-0001250,S-000619,5403,236115,71453.59,Truck
SI-0001251,S-000619,7228,238320,61081.81,Truck
SI-0001252,S-000620,5403,541511,32384.94,Office
SI-0001253,S-000620,3632,484110,22748.4,Truck
SI-0001254,S-000621,9082,541612,30026.18,Truck
SI-0001255,S-000621,8397,236115,65439.46,Equipment
SI-0001256,S-000622,5403,238320,20727.52,Crew
SI-0001257,S-000622,3724,541511,19304.9,Office
SI-0001258,S-000622,3724,238220,64321.41,Truck
SI-0001259,S-000623,8810,484110,36045.08,Warehouse
SI-0001260,S-000623,9082,541612,20397.22,Equipment
SI-0001261,S-000624,3632,541612,29711.36,Crew
SI-0001262,S-000625,5606,238320,47073.45,Truck
SI-0001263,S-000626,3632,541511,6476.75,Equipment
SI-0001264,S-000626,3632,238320,21081.09,Office
SI-0001265,S-000627,5606,238220,71744.01,Warehouse
SI-0001266,S-000627,9082,238320,36064.86,Crew
SI-0001267,S-000627,5403,541511,42485.29,Office
SI-0001268,S-000628,5403,236115,18037.75,Truck
SI-0001269,S-000628,9082,561720,42580.25,Truck
SI-0001270,S-000629,5403,238320,23934.72,Equipment
SI-0001271,S-000629,5403,561720,27747.81,Office
SI-0001272,S-000630,5606,561720,53255.82,Office
SI-0001273,S-000630,5403,236115,104744.81,Crew
SI-0001274,S-000631,3632,238220,21979.98,Crew
SI-0001275,S-000631,3724,541511,41685.51,Warehouse
SI-0001276,S-000632,5606,236115,37426.13,Warehouse
SI-0001277,S-000633,3632,722513,38073.14,Warehouse
SI-0001278,S-000634,7228,722513,96482.18,Crew
SI-0001279,S-000635,3632,484110,17589.6,Storefront
SI-0001280,S-000636,3724,541511,9887.4,Storefront
SI-0001281,S-000636,8397,484110,77146.57,Equipment
SI-0001282,S-000637,7228,236115,46759.14,Crew
SI-0001283,S-000638,8810,238320,37245.11,Truck
SI-0001284,S-000638,8810,238320,44117.11,Office
SI-0001285,S-000638,3632,561720,15019.23,Office
SI-0001286,S-000639,3724,238320,23990.61,Truck
SI-0001287,S-000639,8397,561720,40437.38,Truck
SI-0001288,S-000640,5403,722513,34698.08,Office
SI-0001289,S-000640,3724,236115,115897.38,Office
SI-0001290,S-000640,3632,722513,21284.27,Warehouse
SI-0001291,S-000641,3632,238320,30389.84,Crew
SI-0001292,S-000641,3724,561720,9875.8,Storefront
SI-0001293,S-000641,7228,541511,33690.51,Office
SI-0001294,S-000642,5403,238320,59519.9,Truck
SI-0001295,S-000642,9082,238320,38745.2,Storefront
SI-0001296,S-000642,8397,722513,118850.42,Warehouse
SI-0001297,S-000643,3632,484110,18903.06,Truck
SI-0001298,S-000643,5606,238220,15210.64,Crew
SI-0001299,S-000644,7228,238220,36322.33,Equipment
SI-0001300,S-000644,9082,722513,74062.44,Truck
SI-0001301,S-000645,7228,722513,26417.92,Crew
SI-0001302,S-000645,8397,541612,27301.15,Storefront
SI-0001303,S-000646,3724,541612,14116.36,Truck
SI-0001304,S-000646,7228,236115,60566.18,Storefront
SI-0001305,S-000646,7228,238220,23967.57,Equipment
SI-0001306,S-000647,5403,541511,298108.33,Office
SI-0001307,S-000648,5403,238320,36394.87,Warehouse
SI-0001308,S-000648,8810,722513,37859.08,Office
SI-0001309,S-000648,8397,484110,53742.31,Crew
SI-0001310,S-000649,7228,541511,39464.09,Truck
SI-0001311,S-000649,8397,238320,107851.13,Equipment
SI-0001312,S-000650,3724,722513,17844.15,Storefront
SI-0001313,S-000650,3632,722513,69236.02,Equipment
SI-0001314,S-000650,8397,238320,47544.69,Truck
SI-0001315,S-000651,8397,484110,20810.83,Crew
SI-0001316,S-000652,7228,238320,42963.9,Storefront
SI-0001317,S-000653,9082,238320,66201.63,Equipment
SI-0001318,S-000653,5606,238320,179767.85,Warehouse
SI-0001319,S-000654,8810,561720,21763.44,Crew
SI-0001320,S-000655,8810,541612,28058.72,Warehouse
SI-0001321,S-000655,5403,484110,21565.05,Truck
SI-0001322,S-000656,8397,541511,107035.5,Equipment
SI-0001323,S-000657,9082,541511,21208.99,Crew
SI-0001324,S-000658,5403,541511,54394.19,Equipment
SI-0001325,S-000658,5606,238220,27841.9,Storefront
SI-0001326,S-000658,8397,236115,27170.08,Storefront
SI-0001327,S-000659,7228,722513,21583.31,Truck
SI-0001328,S-000659,5606,236115,56448.4,Truck
SI-0001329,S-000660,3632,484110,10753.39,Crew
SI-0001330,S-000660,7228,541511,328713.5,Truck
SI-0001331,S-000661,7228,238220,41026.77,Storefront
SI-0001332,S-000662,5403,561720,11600.45,Crew
SI-0001333,S-000662,5606,541511,47473.17,Equipment
SI-0001334,S-000662,3632,541511,30611.05,Truck
SI-0001335,S-000663,8810,236115,57258.81,Storefront
SI-0001336,S-000664,8810,238220,27855.14,Equipment
SI-0001337,S-000664,3632,541612,15163.54,Crew
SI-0001338,S-000665,9082,561720,34457.27,Equipment
SI-0001339,S-000665,7228,484110,52684.06,Warehouse
SI-0001340,S-000665,8810,541612,19465.0,Crew
SI-0001341,S-000666,5403,238220,15517.56,Crew
SI-0001342,S-000667,8810,484110,22342.69,Equipment
SI-0001343,S-000667,3724,236115,36427.32,Warehouse
SI-0001344,S-000667,3632,236115,23995.66,Storefront
SI-0001345,S-000668,7228,722513,23532.07,Equipment
SI-0001346,S-000668,8810,236115,34478.41,Crew
SI-0001347,S-000669,5606,722513,76167.48,Equipment
SI-0001348,S-000669,8810,484110,21324.48,Crew
SI-0001349,S-000670,7228,561720,75227.64,Truck
SI-0001350,S-000670,3724,541612,12243.55,Warehouse
SI-0001351,S-000670,3724,541511,32618.82,Office
SI-0001352,S-000671,8397,561720,47775.75,Warehouse
SI-0001353,S-000671,5403,238220,27694.9,Office
SI-0001354,S-000672,3724,541612,37000.24,Crew
SI-0001355,S-000673,8397,541511,61332.13,Truck
SI-0001356,S-000673,8810,561720,18646.04,Equipment
SI-0001357,S-000673,3632,541612,25079.99,Truck
SI-0001358,S-000674,9082,722513,36303.77,Warehouse
SI-0001359,S-000674,8810,561720,29257.92,Storefront
SI-0001360,S-000674,3632,561720,35597.69,Storefront
SI-0001361,S-000675,9082,541612,60833.33,Truck
SI-0001362,S-000675,9082,238220,156564.39,Crew
SI-0001363,S-000675,9082,541612,121041.46,Storefront
SI-0001364,S-000676,3632,236115,54541.98,Warehouse
SI-0001365,S-000676,5606,484110,77020.5,Truck
SI-0001366,S-000676,3632,722513,27778.68,Crew
SI-0001367,S-000677,5606,238220,13184.88,Office
SI-0001368,S-000677,8397,722513,54093.93,Equipment
SI-0001369,S-000677,3724,484110,9400.04,Truck
SI-0001370,S-000678,8397,484110,50510.07,Truck
SI-0001371,S-000678,8397,484110,12747.98,Warehouse
SI-0001372,S-000679,8397,722513,16581.41,Crew
SI-0001373,S-000679,7228,561720,54879.21,Truck
SI-0001374,S-000680,7228,484110,28345.28,Crew
SI-0001375,S-000680,3632,236115,122502.67,Truck
SI-0001376,S-000681,3724,484110,123451.66,Crew
SI-0001377,S-000682,7228,541511,22887.65,Truck
SI-0001378,S-000682,7228,541511,50332.98,Crew
SI-0001379,S-000683,7228,561720,73890.83,Storefront
SI-0001380,S-000683,3724,238320,36887.62,Storefront
SI-0001381,S-000684,5606,238220,27467.06,Storefront
SI-0001382,S-000684,8397,541511,58692.32,Truck
SI-0001383,S-000684,9082,541612,127519.83,Storefront
SI-0001384,S-000685,8810,484110,61615.83,Warehouse
SI-0001385,S-000685,7228,236115,130836.59,Crew
SI-0001386,S-000685,8810,238320,9681.71,Warehouse
SI-0001387,S-000686,5606,561720,37276.68,Warehouse
SI-0001388,S-000687,5403,722513,15446.36,Storefront
SI-0001389,S-000687,3632,541612,36245.95,Warehouse
SI-0001390,S-000688,3632,484110,9269.75,Truck
SI-0001391,S-000688,7228,541511,69419.65,Equipment
SI-0001392,S-000689,5606,238320,20995.28,Crew
SI-0001393,S-000690,9082,236115,14684.14,Storefront
SI-0001394,S-000691,3724,238320,14100.31,Equipment
SI-0001395,S-000691,9082,541612,36391.64,Storefront
SI-0001396,S-000691,3724,541511,16713.05,Storefront
SI-0001397,S-000692,3632,561720,42598.3,Equipment
SI-0001398,S-000693,7228,238320,37377.36,Warehouse
SI-0001399,S-000693,3632,484110,38325.42,Office
SI-0001400,S-000694,9082,722513,35613.54,Truck
SI-0001401,S-000694,3632,484110,43766.89,Truck
SI-0001402,S-000694,9082,236115,51421.36,Truck
SI-0001403,S-000695,3632,541511,36754.73,Warehouse
SI-0001404,S-000695,9082,541511,41733.81,Storefront
SI-0001405,S-000696,3632,541511,10101.29,Warehouse
SI-0001406,S-000697,8810,541612,22096.4,Crew
SI-0001407,S-000697,3632,561720,235274.45,Crew
SI-0001408,S-000698,7228,541612,128872.29,Crew
SI-0001409,S-000698,8397,561720,65964.2,Office
SI-0001410,S-000698,3632,541511,27793.02,Warehouse
SI-0001411,S-000699,3632,541511,17832.08,Truck
SI-0001412,S-000699,3632,561720,32882.61,Storefront
SI-0001413,S-000699,3632,236115,34863.53,Truck
SI-0001414,S-000700,8397,238320,20109.71,Office
SI-0001415,S-000701,3632,238320,11435.87,Equipment
SI-0001416,S-000701,5606,484110,46336.19,Storefront
SI-0001417,S-000701,8810,541612,8594.95,Office
SI-0001418,S-000702,3724,484110,27643.22,Office
SI-0001419,S-000702,8397,541511,35921.47,Crew
SI-0001420,S-000702,3724,238220,28259.46,Office
SI-0001421,S-000703,8397,541612,34434.89,Storefront
SI-0001422,S-000704,5403,238320,8347.17,Equipment
SI-0001423,S-000705,9082,236115,57627.88,Equipment
SI-0001424,S-000706,5403,541612,39476.78,Crew
SI-0001425,S-000706,5403,561720,46848.65,Office
SI-0001426,S-000707,7228,238220,10237.03,Storefront
SI-0001427,S-000707,9082,541612,33207.08,Storefront
SI-0001428,S-000707,3724,541511,13533.79,Equipment
SI-0001429,S-000708,3724,236115,49490.55,Truck
SI-0001430,S-000708,3632,722513,17355.63,Truck
SI-0001431,S-000708,7228,238320,19275.59,Crew
SI-0001432,S-000709,8810,238320,118962.13,Office
SI-0001433,S-000709,5606,541511,33508.23,Crew
SI-0001434,S-000709,5606,722513,162473.39,Storefront
SI-0001435,S-000710,3632,541612,16041.96,Truck
SI-0001436,S-000710,5403,722513,80627.79,Equipment
SI-0001437,S-000710,8810,238220,31894.45,Storefront
SI-0001438,S-000711,5606,722513,19672.76,Warehouse
SI-0001439,S-000712,8810,541511,91507.66,Office
SI-0001440,S-000712,3632,722513,26229.58,Office
SI-0001441,S-000713,9082,484110,34908.65,Equipment
SI-0001442,S-000713,3724,541612,28746.41,Truck
SI-0001443,S-000713,7228,561720,4305.34,Storefront
SI-0001444,S-000714,3632,541612,30023.34,Storefront
SI-0001445,S-000714,3632,561720,27885.03,Storefront
SI-0001446,S-000714,3724,236115,14988.19,Office
SI-0001447,S-000715,8810,722513,15464.7,Crew
SI-0001448,S-000715,7228,541612,90160.89,Truck
SI-0001449,S-000715,8397,561720,30997.04,Storefront
SI-0001450,S-000716,3724,722513,59996.28,Equipment
SI-0001451,S-000717,5606,484110,11997.91,Equipment
SI-0001452,S-000717,8397,541612,101936.43,Equipment
SI-0001453,S-000717,3632,236115,32155.93,Storefront
SI-0001454,S-000718,3724,561720,30497.94,Warehouse
SI-0001455,S-000718,9082,236115,14375.6,Storefront
SI-0001456,S-000719,8810,238220,26901.25,Truck
SI-0001457,S-000720,8810,561720,21348.23,Office
SI-0001458,S-000720,5606,722513,79174.28,Warehouse
SI-0001459,S-000721,3632,541612,29359.86,Crew
SI-0001460,S-000721,8397,722513,75709.09,Office
SI-0001461,S-000721,5606,541511,69976.02,Storefront
SI-0001462,S-000722,8397,722513,125579.33,Crew
SI-0001463,S-000722,8810,722513,30425.83,Equipment
SI-0001464,S-000722,5606,238320,25257.28,Crew
SI-0001465,S-000723,5606,238220,135955.97,Office
SI-0001466,S-000724,5606,238320,28759.88,Equipment
SI-0001467,S-000724,8810,238320,15890.45,Truck
SI-0001468,S-000725,3632,722513,26777.13,Equipment
SI-0001469,S-000726,3632,484110,31024.24,Truck
SI-0001470,S-000726,8397,561720,47965.61,Truck
SI-0001471,S-000727,5606,541612,50467.78,Crew
SI-0001472,S-000727,9082,236115,56140.46,Truck
SI-0001473,S-000727,5606,561720,58948.24,Crew
SI-0001474,S-000728,5606,236115,24432.87,Truck
SI-0001475,S-000729,8810,238320,54927.5,Warehouse
SI-0001476,S-000729,8397,238320,22741.87,Office
SI-0001477,S-000729,5606,236115,30858.56,Crew
SI-0001478,S-000730,7228,484110,25068.79,Equipment
SI-0001479,S-000730,8810,236115,7698.06,Truck
SI-0001480,S-000730,5403,722513,18071.62,Office
SI-0001481,S-000731,8397,561720,75845.85,Crew
SI-0001482,S-000732,9082,561720,40411.83,Storefront
SI-0001483,S-000732,8810,541511,21463.86,Warehouse
SI-0001484,S-000732,5403,722513,28555.08,Warehouse
SI-0001485,S-000733,5403,541612,15152.17,Crew
SI-0001486,S-000734,3632,238220,5659.55,Truck
SI-0001487,S-000734,9082,722513,11887.64,Equipment
SI-0001488,S-000734,9082,722513,22535.92,Storefront
SI-0001489,S-000735,8397,484110,17018.9,Equipment
SI-0001490,S-000735,8810,238220,8852.06,Truck
SI-0001491,S-000735,8810,541511,26004.46,Truck
SI-0001492,S-000736,7228,561720,23076.67,Equipment
SI-0001493,S-000736,5606,238220,53055.29,Office
SI-0001494,S-000736,5606,722513,12330.1,Office
SI-0001495,S-000737,5606,561720,37471.27,Warehouse
SI-0001496,S-000737,9082,238220,51929.69,Equipment
SI-0001497,S-000737,7228,541511,10814.43,Warehouse
SI-0001498,S-000738,8397,238220,48168.99,Office
SI-0001499,S-000739,5606,484110,44417.17,Office
SI-0001500,S-000739,5606,238320,12945.96,Equipment
SI-0001501,S-000740,8810,238220,30341.36,Crew
SI-0001502,S-000740,8397,238220,68814.7,Truck
SI-0001503,S-000740,5403,238320,42408.02,Storefront
SI-0001504,S-000741,3632,238220,44961.17,Truck
SI-0001505,S-000741,5403,541612,51593.05,Warehouse
SI-0001506,S-000742,5403,484110,44470.03,Crew
SI-0001507,S-000743,8810,541511,14201.45,Truck
SI-0001508,S-000744,5403,722513,63505.82,Truck
SI-0001509,S-000744,7228,238220,32593.59,Crew
SI-0001510,S-000744,5403,541511,71990.65,Storefront
SI-0001511,S-000745,8397,238220,47055.85,Truck
SI-0001512,S-000745,5606,238320,22563.15,Office
SI-0001513,S-000746,7228,238220,84496.19,Storefront
SI-0001514,S-000746,7228,484110,41064.88,Storefront
SI-0001515,S-000747,8397,722513,57465.16,Office
SI-0001516,S-000747,5403,541612,31471.4,Storefront
SI-0001517,S-000748,5606,541612,22081.13,Truck
SI-0001518,S-000748,5403,236115,8582.98,Truck
SI-0001519,S-000749,3632,236115,70528.73,Crew
SI-0001520,S-000750,3632,484110,74195.19,Truck
SI-0001521,S-000750,3632,238220,64399.77,Crew
SI-0001522,S-000751,5403,236115,77913.74,Truck
SI-0001523,S-000751,8810,484110,16350.32,Equipment
SI-0001524,S-000751,3632,238320,20178.3,Warehouse
SI-0001525,S-000752,3632,541612,56038.72,Truck
SI-0001526,S-000752,5606,484110,18483.04,Crew
SI-0001527,S-000752,8397,722513,15647.18,Equipment
SI-0001528,S-000753,8397,238320,15054.47,Warehouse
SI-0001529,S-000753,3724,541511,36900.35,Crew
SI-0001530,S-000753,7228,236115,24840.48,Equipment
SI-0001531,S-000754,3724,236115,68252.66,Storefront
SI-0001532,S-000754,5403,484110,17908.97,Crew
SI-0001533,S-000754,3632,238320,57134.37,Office
SI-0001534,S-000755,7228,561720,19073.91,Office
SI-0001535,S-000755,7228,236115,58072.63,Equipment
SI-0001536,S-000755,9082,236115,39402.95,Truck
SI-0001537,S-000756,3632,722513,37127.39,Office
SI-0001538,S-000756,3724,238320,36271.65,Office
SI-0001539,S-000756,3632,238220,36597.05,Office
SI-0001540,S-000757,8397,722513,194895.79,Office
SI-0001541,S-000758,9082,238320,52990.8,Crew
SI-0001542,S-000759,5403,561720,99686.66,Office
SI-0001543,S-000759,7228,238320,14665.77,Storefront
SI-0001544,S-000759,8397,236115,44375.32,Warehouse
SI-0001545,S-000760,5606,238220,15790.25,Storefront
SI-0001546,S-000760,5606,484110,45923.25,Equipment
SI-0001547,S-000760,7228,484110,39227.42,Storefront
SI-0001548,S-000761,3632,484110,53244.81,Storefront
SI-0001549,S-000761,7228,541511,58025.64,Equipment
SI-0001550,S-000761,8397,238220,20026.73,Equipment
SI-0001551,S-000762,8810,722513,14650.94,Warehouse
SI-0001552,S-000763,7228,236115,74619.83,Equipment
SI-0001553,S-000764,5403,541612,82798.63,Storefront
SI-0001554,S-000764,5403,541612,25899.25,Office
SI-0001555,S-000764,9082,541511,24936.21,Crew
SI-0001556,S-000765,7228,541612,53182.51,Office
SI-0001557,S-000765,9082,238220,18693.1,Storefront
SI-0001558,S-000765,7228,484110,62470.84,Truck
SI-0001559,S-000766,8397,236115,21784.88,Equipment
SI-0001560,S-000766,3724,722513,71850.28,Crew
SI-0001561,S-000766,8810,722513,27748.26,Crew
SI-0001562,S-000767,7228,238320,90792.72,Office
SI-0001563,S-000767,5606,541612,47528.81,Office
SI-0001564,S-000767,9082,541511,106026.01,Equipment
SI-0001565,S-000768,3632,238220,76061.12,Truck
SI-0001566,S-000769,8810,722513,10458.25,Equipment
SI-0001567,S-000769,8397,541511,96330.34,Warehouse
SI-0001568,S-000769,5403,722513,34494.4,Crew
SI-0001569,S-000770,9082,484110,27142.4,Equipment
SI-0001570,S-000771,5403,541612,7974.03,Crew
SI-0001571,S-000771,8810,541612,25885.82,Crew
SI-0001572,S-000771,5606,484110,52512.22,Crew
SI-0001573,S-000772,7228,484110,106149.33,Truck
SI-0001574,S-000772,8397,238220,27900.56,Crew
SI-0001575,S-000773,8397,238320,64075.38,Office
SI-0001576,S-000773,7228,561720,23338.12,Crew
SI-0001577,S-000773,8397,238320,26222.69,Crew
SI-0001578,S-000774,9082,561720,14126.18,Storefront
SI-0001579,S-000774,3724,484110,19576.6,Office
SI-0001580,S-000774,7228,238220,32848.2,Storefront
SI-0001581,S-000775,9082,561720,23869.34,Office
SI-0001582,S-000776,5606,722513,80755.83,Office
SI-0001583,S-000777,3724,236115,49075.45,Equipment
SI-0001584,S-000778,3724,238320,36719.45,Storefront
SI-0001585,S-000779,3632,541511,63135.17,Office
SI-0001586,S-000779,5403,541511,60098.48,Warehouse
SI-0001587,S-000779,5403,541511,50546.57,Warehouse
SI-0001588,S-000780,5606,541511,46652.31,Storefront
SI-0001589,S-000781,3724,238220,33456.9,Warehouse
SI-0001590,S-000781,5403,238320,33991.39,Office
SI-0001591,S-000782,5403,722513,24381.74,Storefront
SI-0001592,S-000782,5403,238320,71641.38,Office
SI-0001593,S-000783,9082,722513,52464.03,Storefront
SI-0001594,S-000784,8810,541511,44997.01,Truck
SI-0001595,S-000784,8810,238220,37916.93,Equipment
SI-0001596,S-000784,9082,238320,18089.6,Crew
SI-0001597,S-000785,3632,541612,37573.0,Storefront
SI-0001598,S-000785,7228,484110,79054.52,Storefront
SI-0001599,S-000786,5403,541612,61613.77,Storefront
SI-0001600,S-000786,8810,541511,50386.46,Storefront
SI-0001601,S-000786,3724,722513,27747.87,Equipment
SI-0001602,S-000787,7228,541612,18214.54,Office
SI-0001603,S-000788,7228,238320,44307.44,Equipment
SI-0001604,S-000788,8397,541511,43028.58,Equipment
SI-0001605,S-000789,8397,541612,29314.52,Truck
SI-0001606,S-000789,8810,561720,38183.3,Equipment
SI-0001607,S-000790,9082,236115,82563.41,Office
SI-0001608,S-000790,5606,236115,4878.31,Storefront
SI-0001609,S-000791,8810,236115,87433.26,Crew
SI-0001610,S-000792,3724,541511,57507.75,Truck
SI-0001611,S-000793,7228,541612,31547.05,Truck
SI-0001612,S-000793,7228,236115,25278.23,Crew
SI-0001613,S-000793,8397,238220,43856.73,Warehouse
SI-0001614,S-000794,8397,561720,47816.83,Storefront
SI-0001615,S-000794,5403,561720,30970.96,Warehouse
SI-0001616,S-000794,7228,238220,46353.27,Truck
SI-0001617,S-000795,3724,238320,73343.89,Crew
SI-0001618,S-000796,8810,238220,43589.04,Storefront
SI-0001619,S-000796,8397,238320,68009.82,Truck
SI-0001620,S-000796,8397,541511,34678.55,Storefront
SI-0001621,S-000797,3724,484110,39162.17,Equipment
SI-0001622,S-000798,3724,541511,6518.86,Storefront
SI-0001623,S-000798,9082,561720,35949.66,Truck
SI-0001624,S-000798,5606,238220,16881.03,Storefront
SI-0001625,S-000799,5606,484110,50639.44,Storefront
SI-0001626,S-000799,5403,561720,17730.1,Equipment
SI-0001627,S-000800,5403,722513,258904.23,Office
SI-0001628,S-000800,7228,561720,28572.22,Storefront
SI-0001629,S-000800,3724,541612,28041.91,Truck
SI-0001630,S-000801,5403,238220,46969.25,Equipment
SI-0001631,S-000801,3632,561720,19520.02,Equipment
SI-0001632,S-000802,5606,561720,47128.6,Equipment
SI-0001633,S-000803,7228,722513,19105.38,Crew
SI-0001634,S-000804,8810,541612,65083.08,Equipment
SI-0001635,S-000805,9082,561720,69426.48,Crew
SI-0001636,S-000805,3632,238320,31644.01,Equipment
SI-0001637,S-000805,3724,722513,56180.36,Truck
SI-0001638,S-000806,8397,561720,27448.9,Office
SI-0001639,S-000807,9082,238220,24947.24,Storefront
SI-0001640,S-000808,5403,236115,28334.7,Storefront
SI-0001641,S-000808,9082,541612,29175.12,Office
SI-0001642,S-000808,5606,561720,50280.52,Crew
SI-0001643,S-000809,9082,238320,7491.36,Storefront
SI-0001644,S-000810,8810,484110,52964.61,Office
SI-0001645,S-000811,3724,484110,29877.37,Equipment
SI-0001646,S-000812,5403,541612,22807.23,Truck
SI-0001647,S-000812,5403,236115,50682.0,Truck
SI-0001648,S-000812,8810,541511,32817.01,Equipment
SI-0001649,S-000813,5606,722513,51130.28,Truck
SI-0001650,S-000813,3724,722513,165683.11,Storefront
SI-0001651,S-000813,8397,484110,139109.82,Equipment
SI-0001652,S-000814,9082,561720,52701.89,Warehouse
SI-0001653,S-000814,3724,238220,65160.02,Equipment
SI-0001654,S-000815,9082,541511,40896.19,Storefront
SI-0001655,S-000815,3724,722513,29206.86,Storefront
SI-0001656,S-000816,8810,541511,51882.79,Warehouse
SI-0001657,S-000817,8810,484110,14376.92,Truck
SI-0001658,S-000818,3724,722513,43386.03,Equipment
SI-0001659,S-000818,3632,722513,17667.04,Office
SI-0001660,S-000819,8810,541511,81509.78,Equipment
SI-0001661,S-000819,3724,236115,42804.73,Office
SI-0001662,S-000819,3724,238320,73122.38,Truck
SI-0001663,S-000820,9082,484110,22171.44,Warehouse
SI-0001664,S-000820,5606,541511,30302.44,Storefront
SI-0001665,S-000820,9082,561720,20242.14,Equipment
SI-0001666,S-000821,5403,484110,32597.74,Crew
SI-0001667,S-000822,8397,561720,24694.25,Equipment
SI-0001668,S-000823,8810,722513,44073.29,Warehouse
SI-0001669,S-000823,7228,541511,12073.85,Truck
SI-0001670,S-000824,9082,238220,15246.16,Truck
SI-0001671,S-000824,5606,541612,41003.83,Office
SI-0001672,S-000824,8397,541511,117537.03,Crew
SI-0001673,S-000825,5403,541511,58759.51,Truck
SI-0001674,S-000825,5606,541511,27076.3,Equipment
SI-0001675,S-000825,3632,541612,52949.79,Crew
SI-0001676,S-000826,5403,541612,26790.5,Office
SI-0001677,S-000827,3724,236115,36225.85,Storefront
SI-0001678,S-000828,5403,236115,19943.06,Warehouse
SI-0001679,S-000828,7228,541511,44242.25,Truck
SI-0001680,S-000829,8810,238220,54334.91,Equipment
SI-0001681,S-000829,3724,484110,74193.89,Warehouse
SI-0001682,S-000830,8810,238220,50473.55,Crew
SI-0001683,S-000830,5606,238320,30231.93,Equipment
SI-0001684,S-000831,8810,541612,33856.6,Warehouse
SI-0001685,S-000831,5606,236115,18535.74,Crew
SI-0001686,S-000831,5403,236115,21214.94,Storefront
SI-0001687,S-000832,8397,236115,146352.49,Office
SI-0001688,S-000832,8810,541511,41977.89,Storefront
SI-0001689,S-000832,9082,238220,35732.89,Warehouse
SI-0001690,S-000833,3632,238320,27037.3,Truck
SI-0001691,S-000833,8810,238320,21041.87,Truck
SI-0001692,S-000834,8810,722513,102214.29,Office
SI-0001693,S-000834,3724,561720,42735.65,Equipment
SI-0001694,S-000834,5606,238320,7660.83,Warehouse
SI-0001695,S-000835,9082,484110,32935.08,Equipment
SI-0001696,S-000835,7228,541511,40650.31,Equipment
SI-0001697,S-000836,7228,541511,22743.78,Crew
SI-0001698,S-000836,7228,238320,42934.72,Warehouse
SI-0001699,S-000837,9082,561720,121710.51,Crew
SI-0001700,S-000837,5403,236115,28874.97,Crew
SI-0001701,S-000838,3724,541511,44887.0,Storefront
SI-0001702,S-000838,7228,236115,40219.75,Storefront
SI-0001703,S-000838,3632,561720,71989.86,Warehouse
SI-0001704,S-000839,8810,484110,66333.52,Warehouse
SI-0001705,S-000840,5403,541511,46262.82,Warehouse
SI-0001706,S-000841,9082,238220,65018.27,Crew
SI-0001707,S-000841,7228,722513,18846.52,Equipment
SI-0001708,S-000841,9082,238320,32512.42,Equipment
SI-0001709,S-000842,8397,238320,43403.81,Warehouse
SI-0001710,S-000842,8810,238220,19827.49,Storefront
SI-0001711,S-000842,8397,238320,180193.51,Office
SI-0001712,S-000843,5403,541612,8735.18,Office
SI-0001713,S-000844,5606,484110,36491.08,Crew
SI-0001714,S-000844,8397,238320,53182.49,Equipment
SI-0001715,S-000845,3632,722513,35391.39,Equipment
SI-0001716,S-000846,9082,541612,31344.4,Office
SI-0001717,S-000847,7228,238320,42172.12,Office
SI-0001718,S-000848,3724,484110,78179.38,Crew
SI-0001719,S-000849,7228,484110,16776.18,Equipment
SI-0001720,S-000849,5403,561720,40748.19,Truck
SI-0001721,S-000850,3724,238320,17597.75,Warehouse
SI-0001722,S-000851,3632,484110,153858.78,Warehouse
SI-0001723,S-000852,7228,541511,33166.69,Office
SI-0001724,S-000852,5403,238320,7983.37,Storefront
SI-0001725,S-000852,3632,541612,35417.11,Crew
SI-0001726,S-000853,8810,561720,13390.55,Warehouse
SI-0001727,S-000853,5606,484110,25645.06,Office
SI-0001728,S-000854,8397,541612,14110.97,Equipment
SI-0001729,S-000855,8397,484110,17790.75,Warehouse
SI-0001730,S-000856,8810,541511,21532.78,Office
SI-0001731,S-000856,8810,484110,21840.6,Warehouse
SI-0001732,S-000857,5606,541612,42326.01,Crew
SI-0001733,S-000858,5606,541511,15814.62,Truck
SI-0001734,S-000859,8397,236115,27763.53,Storefront
SI-0001735,S-000859,8810,722513,36823.1,Warehouse
SI-0001736,S-000859,3632,238220,16293.52,Office
SI-0001737,S-000860,3724,236115,25568.8,Office
SI-0001738,S-000860,8810,238220,18009.0,Equipment
SI-0001739,S-000861,7228,238320,50432.97,Crew
SI-0001740,S-000861,5606,236115,79290.77,Warehouse
SI-0001741,S-000862,7228,238220,26142.61,Crew
SI-0001742,S-000862,8810,484110,8927.03,Warehouse
SI-0001743,S-000862,3632,561720,39671.4,Office
SI-0001744,S-000863,5403,236115,53957.79,Equipment
SI-0001745,S-000863,8810,722513,294256.41,Equipment
SI-0001746,S-000864,3632,541511,34252.79,Crew
SI-0001747,S-000865,8397,541612,12704.54,Crew
SI-0001748,S-000866,7228,238320,98262.99,Office
SI-0001749,S-000866,3724,722513,16615.51,Office
SI-0001750,S-000867,3724,541612,35149.24,Warehouse
SI-0001751,S-000867,5403,236115,28059.4,Warehouse
SI-0001752,S-000868,9082,484110,38503.39,Storefront
SI-0001753,S-000868,5403,238220,11496.57,Truck
SI-0001754,S-000869,5403,238220,45694.6,Crew
SI-0001755,S-000870,5606,561720,28254.42,Warehouse
SI-0001756,S-000870,8397,236115,66244.1,Equipment
SI-0001757,S-000870,3724,238220,34029.79,Equipment
SI-0001758,S-000871,3724,541511,22843.9,Crew
SI-0001759,S-000871,5403,484110,42890.28,Crew
SI-0001760,S-000871,8810,238320,29834.14,Equipment
SI-0001761,S-000872,3632,722513,35401.75,Equipment
SI-0001762,S-000872,5606,238320,33224.27,Warehouse
SI-0001763,S-000872,5606,238220,9687.8,Storefront
SI-0001764,S-000873,3632,541511,38464.26,Warehouse
SI-0001765,S-000873,5403,238320,14620.68,Crew
SI-0001766,S-000874,5606,238320,59770.5,Crew
SI-0001767,S-000874,5403,238220,47375.17,Storefront
SI-0001768,S-000875,7228,722513,24198.76,Truck
SI-0001769,S-000876,5403,484110,54907.17,Truck
SI-0001770,S-000877,3724,238220,30274.94,Equipment
SI-0001771,S-000877,3724,561720,58858.26,Equipment
SI-0001772,S-000878,9082,541511,31659.17,Equipment
SI-0001773,S-000878,3724,236115,13366.24,Truck
SI-0001774,S-000878,7228,236115,17314.86,Office
SI-0001775,S-000879,3632,484110,11502.88,Warehouse
SI-0001776,S-000879,5403,541511,77294.5,Office
SI-0001777,S-000880,3632,238320,31743.76,Office
SI-0001778,S-000881,8397,561720,55126.32,Warehouse
SI-0001779,S-000882,7228,561720,117613.89,Office
SI-0001780,S-000882,8397,238320,26034.98,Crew
SI-0001781,S-000882,9082,541612,11933.88,Office
SI-0001782,S-000883,8810,722513,47150.9,Equipment
SI-0001783,S-000884,5606,541511,74967.23,Warehouse
SI-0001784,S-000884,8397,484110,65188.44,Equipment
SI-0001785,S-000885,8397,238320,13880.83,Truck
SI-0001786,S-000885,8810,238320,106060.36,Storefront
SI-0001787,S-000886,3724,561720,16432.41,Office
SI-0001788,S-000887,9082,541511,56790.9,Crew
SI-0001789,S-000887,9082,484110,129123.92,Warehouse
SI-0001790,S-000888,7228,238320,49614.73,Crew
SI-0001791,S-000888,3724,238220,17855.67,Office
SI-0001792,S-000889,5403,722513,33120.41,Equipment
SI-0001793,S-000889,5606,238220,17696.18,Warehouse
SI-0001794,S-000889,3724,238320,12865.79,Truck
SI-0001795,S-000890,8397,238320,27602.02,Crew
SI-0001796,S-000891,8397,561720,16016.67,Storefront
SI-0001797,S-000891,7228,238220,123296.0,Crew
SI-0001798,S-000892,9082,484110,35555.98,Crew
SI-0001799,S-000893,5403,238220,16884.17,Office
SI-0001800,S-000894,5606,722513,30342.9,Storefront
SI-0001801,S-000894,8397,484110,156649.65,Crew
SI-0001802,S-000894,7228,484110,51249.77,Office
SI-0001803,S-000895,3724,484110,17294.28,Storefront
SI-0001804,S-000896,8810,541511,20337.58,Storefront
SI-0001805,S-000896,3632,722513,11347.19,Truck
SI-0001806,S-000897,8810,561720,12329.9,Equipment
SI-0001807,S-000897,3632,722513,50680.75,Warehouse
SI-0001808,S-000898,9082,238320,54452.82,Storefront
SI-0001809,S-000898,9082,238220,20566.98,Truck
SI-0001810,S-000898,8810,236115,24701.94,Equipment
SI-0001811,S-000899,8397,561720,11294.74,Warehouse
SI-0001812,S-000899,5606,236115,74073.72,Office
SI-0001813,S-000900,8810,484110,5311.4,Truck
SI-0001814,S-000900,8810,238320,21051.74,Equipment
SI-0001815,S-000900,9082,561720,28135.92,Office
SI-0001816,S-000901,8397,541511,30605.63,Storefront
SI-0001817,S-000901,5403,722513,90755.45,Equipment
SI-0001818,S-000901,8810,541511,6151.14,Office
SI-0001819,S-000902,9082,541511,42509.29,Crew
SI-0001820,S-000902,8810,541612,53100.77,Warehouse
SI-0001821,S-000903,3724,238320,74394.67,Office
SI-0001822,S-000903,3724,561720,28291.68,Office
SI-0001823,S-000903,3632,541612,26155.28,Storefront
SI-0001824,S-000904,3632,238320,121802.02,Equipment
SI-0001825,S-000905,7228,238220,17910.61,Truck
SI-0001826,S-000906,3632,238220,146130.45,Truck
SI-0001827,S-000906,7228,541511,72400.91,Crew
SI-0001828,S-000906,8397,722513,25312.41,Storefront
SI-0001829,S-000907,5606,236115,27959.01,Storefront
SI-0001830,S-000907,9082,238320,33386.4,Warehouse
SI-0001831,S-000908,3632,561720,58310.53,Crew
SI-0001832,S-000909,8810,722513,91009.14,Truck
SI-0001833,S-000909,5403,236115,41762.67,Office
SI-0001834,S-000910,9082,722513,7997.35,Crew
SI-0001835,S-000910,5606,561720,27263.6,Storefront
SI-0001836,S-000910,7228,484110,55688.19,Equipment
SI-0001837,S-000911,7228,722513,64697.69,Truck
SI-0001838,S-000911,7228,561720,8647.55,Truck
SI-0001839,S-000911,5606,561720,14643.53,Warehouse
SI-0001840,S-000912,8810,236115,14742.38,Truck
SI-0001841,S-000912,7228,722513,20461.43,Storefront
SI-0001842,S-000913,8397,561720,54656.13,Storefront
SI-0001843,S-000913,7228,541612,16124.74,Storefront
SI-0001844,S-000913,9082,722513,38550.64,Office
SI-0001845,S-000914,8810,236115,21039.15,Office
SI-0001846,S-000914,5403,561720,21574.93,Warehouse
SI-0001847,S-000915,8397,541511,15898.09,Warehouse
SI-0001848,S-000916,7228,541511,59697.24,Crew
SI-0001849,S-000916,9082,561720,57701.21,Equipment
SI-0001850,S-000916,7228,238320,114677.54,Truck
SI-0001851,S-000917,3724,484110,39919.24,Equipment
SI-0001852,S-000917,8810,722513,20622.94,Crew
SI-0001853,S-000917,5403,238320,59660.71,Crew
SI-0001854,S-000918,3632,541612,46105.32,Equipment
SI-0001855,S-000918,5403,541511,11982.66,Office
SI-0001856,S-000919,3632,541612,23901.83,Warehouse
SI-0001857,S-000920,3632,484110,30320.61,Office
SI-0001858,S-000921,7228,722513,102712.47,Truck
SI-0001859,S-000922,5403,484110,34003.05,Equipment
SI-0001860,S-000922,5606,561720,16440.97,Warehouse
SI-0001861,S-000922,5403,236115,55599.89,Crew
SI-0001862,S-000923,8810,722513,23118.23,Crew
SI-0001863,S-000923,9082,484110,35318.98,Storefront
SI-0001864,S-000924,8810,541511,32898.29,Office
SI-0001865,S-000924,3632,238220,53646.94,Warehouse
SI-0001866,S-000924,7228,238320,22976.33,Truck
SI-0001867,S-000925,3632,722513,98024.86,Crew
SI-0001868,S-000925,9082,484110,12487.51,Truck
SI-0001869,S-000925,3724,561720,23974.96,Crew
SI-0001870,S-000926,5606,484110,29580.9,Equipment
SI-0001871,S-000926,3632,722513,29065.97,Warehouse
SI-0001872,S-000926,3724,541612,10649.11,Crew
SI-0001873,S-000927,3632,236115,22782.44,Truck
SI-0001874,S-000927,5606,541612,53931.53,Warehouse
SI-0001875,S-000927,5403,541511,77334.78,Office
SI-0001876,S-000928,9082,541511,30993.34,Truck
SI-0001877,S-000929,8397,238220,30663.64,Truck
SI-0001878,S-000930,8810,236115,24202.26,Office
SI-0001879,S-000930,7228,561720,80124.35,Storefront
SI-0001880,S-000931,3632,561720,20618.09,Office
SI-0001881,S-000931,3724,238220,24957.94,Storefront
SI-0001882,S-000931,8810,722513,33326.95,Office
SI-0001883,S-000932,8397,484110,79528.12,Truck
SI-0001884,S-000933,8397,541511,11279.03,Crew
SI-0001885,S-000934,3632,238320,70445.61,Warehouse
SI-0001886,S-000934,3632,561720,29050.69,Truck
SI-0001887,S-000935,7228,722513,128574.86,Truck
SI-0001888,S-000936,3632,238320,34040.06,Warehouse
SI-0001889,S-000936,8397,238220,12598.18,Equipment
SI-0001890,S-000937,8397,238320,12693.41,Crew
SI-0001891,S-000937,5606,238320,18457.4,Crew
SI-0001892,S-000938,5606,541511,40589.69,Crew
SI-0001893,S-000938,9082,236115,24608.53,Equipment
SI-0001894,S-000938,5403,722513,19657.04,Warehouse
SI-0001895,S-000939,3724,238320,25369.28,Truck
SI-0001896,S-000939,3724,236115,14038.63,Truck
SI-0001897,S-000940,3632,541612,51485.28,Office
SI-0001898,S-000940,8397,236115,27466.51,Crew
SI-0001899,S-000941,7228,561720,20491.21,Truck
SI-0001900,S-000941,3632,541511,100797.74,Storefront
SI-0001901,S-000941,8810,238220,37563.14,Crew
SI-0001902,S-000942,5606,722513,17816.93,Truck
SI-0001903,S-000943,5606,238320,30091.73,Warehouse
SI-0001904,S-000943,8397,238220,36190.3,Storefront
SI-0001905,S-000944,8397,238220,63419.29,Crew
SI-0001906,S-000945,9082,561720,15516.53,Crew
SI-0001907,S-000945,7228,722513,32581.93,Crew
SI-0001908,S-000945,3724,722513,53871.07,Crew
SI-0001909,S-000946,8397,238320,38973.85,Warehouse
SI-0001910,S-000946,9082,238220,28141.13,Truck
SI-0001911,S-000947,8397,236115,19087.98,Storefront
SI-0001912,S-000948,3632,238320,13945.89,Truck
SI-0001913,S-000949,3632,238320,46270.2,Storefront
SI-0001914,S-000950,8810,541511,119331.42,Storefront
SI-0001915,S-000950,8397,722513,98039.77,Warehouse
SI-0001916,S-000951,7228,484110,48315.85,Truck
SI-0001917,S-000951,3632,236115,24730.21,Storefront
SI-0001918,S-000952,5403,238320,25675.68,Office
SI-0001919,S-000952,5403,238320,22270.65,Truck
SI-0001920,S-000952,5403,541612,14955.32,Storefront
SI-0001921,S-000953,5403,238320,47285.44,Warehouse
SI-0001922,S-000954,8397,561720,87915.52,Storefront
SI-0001923,S-000954,3632,236115,28722.85,Crew
SI-0001924,S-000954,3724,238220,130462.63,Crew
SI-0001925,S-000955,7228,484110,14462.64,Storefront
SI-0001926,S-000955,5403,561720,49513.9,Storefront
SI-0001927,S-000955,5403,236115,26869.57,Storefront
SI-0001928,S-000956,7228,236115,31763.19,Office
SI-0001929,S-000956,5606,238320,67891.66,Truck
SI-0001930,S-000957,5606,541612,17160.07,Office
SI-0001931,S-000958,3724,484110,20020.78,Equipment
SI-0001932,S-000959,5403,541612,94737.59,Storefront
SI-0001933,S-000960,8397,236115,34773.49,Office
SI-0001934,S-000960,3632,238320,10251.6,Crew
SI-0001935,S-000961,3724,541511,24610.54,Equipment
SI-0001936,S-000962,8810,238320,88081.64,Crew
SI-0001937,S-000962,7228,484110,14913.52,Warehouse
SI-0001938,S-000962,3724,541612,55649.03,Crew
SI-0001939,S-000963,3632,238220,4914.45,Truck
SI-0001940,S-000964,5403,484110,12070.4,Warehouse
SI-0001941,S-000964,7228,236115,162177.27,Storefront
SI-0001942,S-000965,8810,561720,24270.52,Storefront
SI-0001943,S-000966,9082,484110,37912.99,Warehouse
SI-0001944,S-000966,9082,236115,43499.68,Storefront
SI-0001945,S-000966,8397,561720,10473.7,Office
SI-0001946,S-000967,3724,541612,32228.12,Storefront
SI-0001947,S-000968,5403,236115,67058.23,Warehouse
SI-0001948,S-000968,3724,722513,13152.73,Truck
SI-0001949,S-000969,5403,722513,55529.53,Truck
SI-0001950,S-000969,3632,484110,64100.01,Office
SI-0001951,S-000969,9082,541612,63246.89,Equipment
SI-0001952,S-000970,8810,238320,21893.3,Equipment
SI-0001953,S-000971,3724,561720,26308.09,Truck
SI-0001954,S-000971,7228,238320,50071.29,Warehouse
SI-0001955,S-000971,3724,236115,13851.42,Office
SI-0001956,S-000972,9082,238220,7292.19,Office
SI-0001957,S-000972,7228,541511,15684.54,Truck
SI-0001958,S-000973,5403,236115,101404.61,Office
SI-0001959,S-000973,8810,541511,31890.12,Storefront
SI-0001960,S-000973,7228,541511,74734.61,Truck
SI-0001961,S-000974,9082,722513,25121.45,Truck
SI-0001962,S-000974,8810,236115,23198.65,Truck
SI-0001963,S-000975,3632,238220,118249.77,Office
SI-0001964,S-000976,8397,484110,29820.91,Warehouse
SI-0001965,S-000976,9082,238220,15011.58,Office
SI-0001966,S-000977,5606,722513,71219.34,Equipment
SI-0001967,S-000978,3724,561720,11320.98,Crew
SI-0001968,S-000979,3724,561720,25412.91,Office
SI-0001969,S-000979,5403,484110,84699.71,Warehouse
SI-0001970,S-000980,5606,541612,21138.72,Crew
SI-0001971,S-000980,8810,238320,45306.43,Truck
SI-0001972,S-000981,9082,236115,104395.87,Truck
SI-0001973,S-000981,8397,541612,22328.85,Storefront
SI-0001974,S-000982,5403,236115,39966.76,Office
SI-0001975,S-000983,5606,722513,30102.0,Crew
SI-0001976,S-000984,3632,238220,29854.93,Warehouse
SI-0001977,S-000984,3632,238220,34616.87,Crew
SI-0001978,S-000985,3724,541511,102410.93,Office
SI-0001979,S-000985,7228,238320,34166.4,Storefront
SI-0001980,S-000986,5403,561720,46311.46,Warehouse
SI-0001981,S-000986,5606,236115,52467.53,Storefront
SI-0001982,S-000987,5403,561720,28885.33,Office
SI-0001983,S-000988,5403,236115,56532.82,Warehouse
SI-0001984,S-000989,5606,484110,43430.7,Warehouse
SI-0001985,S-000990,3724,484110,84299.95,Crew
SI-0001986,S-000990,7228,238320,35018.7,Storefront
SI-0001987,S-000991,7228,561720,54093.36,Crew
SI-0001988,S-000992,9082,238320,43247.09,Crew
SI-0001989,S-000993,5606,484110,37132.43,Storefront
SI-0001990,S-000993,3724,236115,19635.82,Equipment
SI-0001991,S-000993,3724,484110,34499.67,Crew
SI-0001992,S-000994,8810,238320,53799.55,Office
SI-0001993,S-000994,9082,484110,34169.29,Truck
SI-0001994,S-000994,8810,541511,20260.73,Crew
SI-0001995,S-000995,8397,238320,39989.43,Equipment
SI-0001996,S-000995,5403,561720,50266.32,Crew
SI-0001997,S-000996,3632,561720,25218.49,Warehouse
SI-0001998,S-000996,8397,236115,17170.96,Warehouse
SI-0001999,S-000997,8810,236115,52461.88,Office
SI-0002000,S-000997,5606,236115,26414.32,Crew
SI-0002001,S-000998,9082,722513,23439.54,Truck
SI-0002002,S-000998,9082,484110,14266.6,Storefront
SI-0002003,S-000999,3632,236115,10781.93,Office
SI-0002004,S-000999,8810,236115,22654.61,Crew
SI-0002005,S-001000,3632,722513,90752.69,Storefront
SI-0002006,S-001000,3724,722513,35161.04,Truck
SI-0002007,S-001000,3724,561720,39075.12,Truck
SI-0002008,S-001001,8397,238320,26807.86,Equipment
SI-0002009,S-001001,3724,238220,99548.75,Storefront
SI-0002010,S-001002,8810,236115,43125.17,Equipment
SI-0002011,S-001003,9082,541511,23620.42,Truck
SI-0002012,S-001003,9082,722513,40020.81,Equipment
SI-0002013,S-001004,5403,541511,31456.93,Storefront
SI-0002014,S-001004,5403,236115,39298.06,Office
SI-0002015,S-001005,8810,541612,6948.89,Office
SI-0002016,S-001005,8810,238320,40755.74,Office
SI-0002017,S-001006,5403,561720,23879.74,Warehouse
SI-0002018,S-001006,3724,541612,25404.38,Office
SI-0002019,S-001007,9082,722513,80800.04,Truck
SI-0002020,S-001007,9082,484110,29610.18,Warehouse
SI-0002021,S-001007,3632,541612,29611.17,Storefront
SI-0002022,S-001008,5606,541511,17254.53,Office
SI-0002023,S-001008,5403,236115,48437.77,Truck
SI-0002024,S-001009,7228,236115,57150.69,Storefront
SI-0002025,S-001009,5403,238220,65467.13,Truck
SI-0002026,S-001010,9082,541511,15922.79,Office
SI-0002027,S-001010,3632,484110,7751.91,Storefront
SI-0002028,S-001010,5403,236115,39624.13,Equipment
SI-0002029,S-001011,3724,722513,20022.73,Equipment
SI-0002030,S-001011,3632,541612,21345.83,Equipment
SI-0002031,S-001012,5403,541612,84201.94,Storefront
SI-0002032,S-001012,8397,236115,15240.95,Crew
SI-0002033,S-001012,8810,236115,82287.19,Equipment
SI-0002034,S-001013,5403,238320,31076.7,Storefront
SI-0002035,S-001013,9082,722513,14310.35,Equipment
SI-0002036,S-001013,3632,238220,20479.3,Warehouse
SI-0002037,S-001014,3632,236115,36425.12,Storefront
SI-0002038,S-001014,9082,236115,17224.7,Truck
SI-0002039,S-001014,8810,541511,15182.41,Warehouse
SI-0002040,S-001015,8810,238320,22042.67,Storefront
SI-0002041,S-001015,5403,722513,24109.99,Office
SI-0002042,S-001016,3632,722513,16595.79,Office
SI-0002043,S-001016,5606,236115,42705.81,Crew
SI-0002044,S-001017,9082,541511,24465.97,Equipment
SI-0002045,S-001017,8397,238220,27274.38,Crew
SI-0002046,S-001017,3724,238320,30695.55,Equipment
SI-0002047,S-001018,7228,236115,37841.59,Storefront
SI-0002048,S-001019,5606,484110,21356.92,Crew
SI-0002049,S-001020,7228,484110,15281.59,Warehouse
SI-0002050,S-001020,8397,236115,59403.4,Warehouse
SI-0002051,S-001020,3632,541511,22650.8,Office
SI-0002052,S-001021,9082,238320,66157.16,Equipment
SI-0002053,S-001021,5403,238220,34468.43,Equipment
SI-0002054,S-001021,5606,236115,12452.95,Truck
SI-0002055,S-001022,7228,238220,24364.74,Equipment
SI-0002056,S-001022,7228,722513,58150.86,Equipment
SI-0002057,S-001022,8810,541612,9590.94,Truck
SI-0002058,S-001023,8810,236115,34087.17,Truck
SI-0002059,S-001024,8397,236115,20927.81,Office
SI-0002060,S-001025,8810,238220,16839.59,Office
SI-0002061,S-001026,7228,238220,34486.15,Crew
SI-0002062,S-001026,3632,238220,39237.28,Truck
SI-0002063,S-001027,3724,541612,108993.81,Warehouse
SI-0002064,S-001027,9082,541511,22959.26,Truck
SI-0002065,S-001028,3724,541511,20249.85,Crew
SI-0002066,S-001028,8810,236115,47928.7,Warehouse
SI-0002067,S-001028,8397,238320,28009.92,Equipment
SI-0002068,S-001029,9082,561720,49621.1,Storefront
SI-0002069,S-001029,5606,236115,61233.26,Crew
SI-0002070,S-001030,3724,484110,47462.77,Warehouse
SI-0002071,S-001031,8397,238220,34305.72,Truck
SI-0002072,S-001031,8397,238220,29484.74,Truck
SI-0002073,S-001032,5403,541612,305488.26,Equipment
SI-0002074,S-001032,7228,238320,8919.85,Office
SI-0002075,S-001032,8397,238320,33210.57,Warehouse
SI-0002076,S-001033,3632,561720,34844.49,Crew
SI-0002077,S-001034,3724,722513,66577.23,Warehouse
SI-0002078,S-001034,5403,541511,30128.28,Office
SI-0002079,S-001034,5606,541612,109102.25,Storefront
SI-0002080,S-001035,3724,722513,15246.41,Office
SI-0002081,S-001035,8810,561720,19466.53,Office
SI-0002082,S-001035,8397,238220,98937.56,Crew
SI-0002083,S-001036,8810,238320,61998.76,Warehouse
SI-0002084,S-001036,3632,541511,13447.92,Truck
SI-0002085,S-001036,7228,541511,28082.11,Office
SI-0002086,S-001037,3632,541511,27810.74,Storefront
SI-0002087,S-001038,5606,541511,40032.7,Truck
SI-0002088,S-001039,8397,238320,20311.61,Office
SI-0002089,S-001040,7228,541511,13450.25,Equipment
SI-0002090,S-001040,9082,484110,27022.08,Office
SI-0002091,S-001040,5403,561720,57160.63,Crew
SI-0002092,S-001041,5606,484110,18244.54,Truck
SI-0002093,S-001041,3632,236115,24402.66,Equipment
SI-0002094,S-001042,8810,484110,58034.54,Office
SI-0002095,S-001042,5606,238220,21570.15,Warehouse
SI-0002096,S-001043,8810,238320,38751.38,Truck
SI-0002097,S-001044,8397,484110,101452.38,Crew
SI-0002098,S-001044,8397,238220,46406.19,Office
SI-0002099,S-001045,9082,236115,15312.05,Warehouse
SI-0002100,S-001045,5606,722513,7271.21,Storefront
SI-0002101,S-001046,8397,561720,71778.54,Crew
SI-0002102,S-001047,3632,561720,18184.6,Office
SI-0002103,S-001048,5606,484110,33375.43,Truck
SI-0002104,S-001048,8810,722513,58515.88,Crew
SI-0002105,S-001048,8810,722513,9059.49,Equipment
SI-0002106,S-001049,3632,238320,125283.31,Office
SI-0002107,S-001049,5403,238220,33631.38,Warehouse
SI-0002108,S-001050,3632,236115,28471.3,Office
SI-0002109,S-001051,3724,561720,30889.51,Truck
SI-0002110,S-001051,3724,722513,20046.15,Crew
SI-0002111,S-001051,3724,238320,14118.09,Warehouse
SI-0002112,S-001052,3724,238220,95344.29,Crew
SI-0002113,S-001052,8810,236115,28534.8,Crew
SI-0002114,S-001052,5606,484110,49689.97,Equipment
SI-0002115,S-001053,8397,541511,62466.16,Truck
SI-0002116,S-001053,3724,236115,50143.21,Warehouse
SI-0002117,S-001054,8397,238220,20226.09,Equipment
SI-0002118,S-001054,3632,484110,58595.37,Crew
SI-0002119,S-001054,3632,722513,20524.97,Office
SI-0002120,S-001055,8810,541511,71584.73,Crew
SI-0002121,S-001056,8810,561720,56176.95,Warehouse
SI-0002122,S-001057,5403,238320,9280.38,Equipment
SI-0002123,S-001058,5606,484110,79815.67,Warehouse
SI-0002124,S-001058,3724,238220,21995.2,Equipment
SI-0002125,S-001058,5606,238320,42596.46,Warehouse
SI-0002126,S-001059,5403,238320,13119.03,Truck
SI-0002127,S-001059,3632,541612,24492.29,Truck
SI-0002128,S-001059,5403,722513,20138.65,Crew
SI-0002129,S-001060,5606,238320,71015.13,Storefront
SI-0002130,S-001060,5606,541612,16637.1,Warehouse
SI-0002131,S-001060,5403,541612,50892.94,Crew
SI-0002132,S-001061,3724,238220,18784.04,Warehouse
SI-0002133,S-001061,8810,541511,52457.24,Equipment
SI-0002134,S-001061,8810,238320,10863.68,Storefront
SI-0002135,S-001062,8397,722513,18419.79,Office
SI-0002136,S-001062,9082,541612,59153.42,Warehouse
SI-0002137,S-001062,5606,722513,72911.57,Truck
SI-0002138,S-001063,8397,561720,17162.09,Office
SI-0002139,S-001063,9082,541612,17234.02,Storefront
SI-0002140,S-001064,3632,722513,11876.15,Equipment
SI-0002141,S-001065,7228,236115,24646.02,Storefront
SI-0002142,S-001066,3724,541511,16487.72,Crew
SI-0002143,S-001066,5606,541612,80316.04,Crew
SI-0002144,S-001066,9082,541612,42819.23,Crew
SI-0002145,S-001067,9082,722513,21650.07,Crew
SI-0002146,S-001067,5606,238220,28071.07,Storefront
SI-0002147,S-001068,8397,722513,70389.52,Truck
SI-0002148,S-001068,9082,561720,39620.71,Warehouse
SI-0002149,S-001069,7228,541612,40637.91,Office
SI-0002150,S-001070,5403,722513,23645.77,Office
SI-0002151,S-001070,5606,238220,33923.15,Warehouse
SI-0002152,S-001070,5403,238220,55433.13,Equipment
SI-0002153,S-001071,8397,484110,18937.87,Truck
SI-0002154,S-001071,9082,238320,93428.95,Warehouse
SI-0002155,S-001072,5403,541612,29780.17,Equipment
SI-0002156,S-001072,5606,541612,27022.92,Office
SI-0002157,S-001073,7228,722513,68395.28,Storefront
SI-0002158,S-001073,8397,236115,162327.0,Truck
SI-0002159,S-001073,5606,236115,74946.55,Office
SI-0002160,S-001074,8810,238220,93368.22,Equipment
SI-0002161,S-001075,7228,722513,17604.71,Storefront
SI-0002162,S-001075,5403,238220,116457.21,Truck
SI-0002163,S-001075,3632,561720,64376.56,Crew
SI-0002164,S-001076,5606,541612,29341.01,Truck
SI-0002165,S-001076,9082,238320,15757.96,Equipment
SI-0002166,S-001077,3724,541511,14485.92,Truck
SI-0002167,S-001077,5403,722513,33953.13,Equipment
SI-0002168,S-001077,8397,484110,14972.59,Crew
SI-0002169,S-001078,7228,541511,15689.77,Office
SI-0002170,S-001078,9082,236115,41214.15,Office
SI-0002171,S-001078,8810,722513,26623.08,Crew
SI-0002172,S-001079,8810,541612,36309.5,Truck
SI-0002173,S-001079,5606,541511,9697.22,Truck
SI-0002174,S-001079,9082,541511,23186.91,Storefront
SI-0002175,S-001080,3632,484110,27272.1,Office
SI-0002176,S-001081,8810,541511,34935.94,Crew
SI-0002177,S-001081,7228,561720,24260.23,Truck
SI-0002178,S-001081,3724,238320,9869.11,Storefront
SI-0002179,S-001082,5606,722513,87131.32,Storefront
SI-0002180,S-001083,9082,541511,28478.45,Office
SI-0002181,S-001084,8810,541612,18101.65,Office
SI-0002182,S-001085,3632,722513,25786.81,Office
SI-0002183,S-001085,5403,238220,60934.48,Office
SI-0002184,S-001085,5606,236115,58248.14,Warehouse
SI-0002185,S-001086,7228,236115,46766.81,Warehouse
SI-0002186,S-001086,7228,541612,63387.96,Office
SI-0002187,S-001086,8397,238320,17719.22,Truck
SI-0002188,S-001087,5606,541511,18733.3,Equipment
SI-0002189,S-001087,3632,561720,48981.1,Equipment
SI-0002190,S-001088,3724,541511,10942.91,Office
SI-0002191,S-001088,8397,541612,92152.52,Storefront
SI-0002192,S-001088,8397,484110,11227.29,Crew
SI-0002193,S-001089,8397,561720,17323.05,Truck
SI-0002194,S-001090,7228,541612,20898.68,Equipment
SI-0002195,S-001091,8397,238320,29538.76,Warehouse
SI-0002196,S-001091,8397,722513,48093.74,Crew
SI-0002197,S-001091,8397,484110,82167.86,Equipment
SI-0002198,S-001092,3724,541511,7826.79,Equipment
SI-0002199,S-001092,5403,238320,32858.46,Warehouse
SI-0002200,S-001092,7228,541612,17218.66,Crew
SI-0002201,S-001093,8397,541511,15176.35,Warehouse
SI-0002202,S-001094,9082,722513,140452.89,Warehouse
SI-0002203,S-001094,7228,238220,37565.47,Storefront
SI-0002204,S-001094,3632,238320,48164.13,Truck
SI-0002205,S-001095,5606,238220,22188.16,Warehouse
SI-0002206,S-001095,8810,541612,28306.25,Office
SI-0002207,S-001095,5403,484110,24879.69,Crew
SI-0002208,S-001096,9082,722513,25152.39,Storefront
SI-0002209,S-001096,8810,541612,62909.85,Equipment
SI-0002210,S-001097,3632,561720,62472.96,Equipment
SI-0002211,S-001098,8810,484110,23426.51,Office
SI-0002212,S-001098,9082,561720,24555.08,Equipment
SI-0002213,S-001099,9082,561720,108165.53,Truck
SI-0002214,S-001099,5403,541511,12067.47,Warehouse
SI-0002215,S-001100,5606,238220,57793.55,Equipment
SI-0002216,S-001101,7228,722513,45767.02,Office
SI-0002217,S-001101,8397,238220,15019.1,Storefront
SI-0002218,S-001101,3632,238320,18806.35,Equipment
SI-0002219,S-001102,8810,238220,89018.65,Crew
SI-0002220,S-001102,8810,236115,196687.5,Office
SI-0002221,S-001102,8810,236115,69615.87,Crew
SI-0002222,S-001103,8397,722513,24676.95,Truck
SI-0002223,S-001103,9082,236115,30023.54,Crew
SI-0002224,S-001103,8397,238320,56675.26,Office
SI-0002225,S-001104,9082,238220,31768.3,Truck
SI-0002226,S-001104,3724,561720,45493.9,Equipment
SI-0002227,S-001105,3724,541511,23117.86,Crew
SI-0002228,S-001105,5606,561720,60888.44,Storefront
SI-0002229,S-001106,7228,722513,15145.93,Equipment
SI-0002230,S-001106,7228,561720,7638.21,Office
SI-0002231,S-001107,8397,541612,70633.56,Warehouse
SI-0002232,S-001107,9082,722513,27147.45,Truck
SI-0002233,S-001107,9082,541511,23921.43,Equipment
SI-0002234,S-001108,7228,561720,29900.24,Truck
SI-0002235,S-001109,8397,722513,41698.95,Office
SI-0002236,S-001109,3632,541612,17311.94,Truck
SI-0002237,S-001109,3632,236115,66121.53,Warehouse
SI-0002238,S-001110,3632,236115,105701.34,Storefront
SI-0002239,S-001110,8397,541511,13861.81,Truck
SI-0002240,S-001110,3724,722513,18374.74,Office
SI-0002241,S-001111,3724,236115,19903.87,Office
SI-0002242,S-001111,5403,561720,57275.05,Crew
SI-0002243,S-001111,3632,541612,29099.16,Truck
SI-0002244,S-001112,8397,238320,23390.74,Crew
SI-0002245,S-001113,7228,722513,81763.43,Warehouse
SI-0002246,S-001114,3724,238220,5927.21,Crew
SI-0002247,S-001114,7228,541612,53445.57,Truck
SI-0002248,S-001115,3724,722513,29646.08,Equipment
SI-0002249,S-001115,8810,238220,35975.57,Equipment
SI-0002250,S-001115,8397,541511,54915.59,Warehouse
SI-0002251,S-001116,5403,484110,19794.74,Truck
SI-0002252,S-001117,7228,541511,55467.16,Crew
SI-0002253,S-001117,5403,541511,34286.01,Warehouse
SI-0002254,S-001118,3724,541511,42685.22,Equipment
SI-0002255,S-001119,7228,541612,236554.63,Crew
SI-0002256,S-001119,8397,484110,13207.75,Equipment
SI-0002257,S-001119,5606,238320,22505.98,Storefront
SI-0002258,S-001120,9082,541612,16657.3,Crew
SI-0002259,S-001121,9082,238320,66322.53,Equipment
SI-0002260,S-001122,5403,484110,14115.95,Crew
SI-0002261,S-001123,5403,541511,17893.8,Storefront
SI-0002262,S-001123,3724,484110,8777.17,Truck
SI-0002263,S-001124,8810,484110,23593.54,Office
SI-0002264,S-001125,8810,541612,47554.41,Storefront
SI-0002265,S-001125,9082,541612,25225.27,Crew
SI-0002266,S-001125,5606,541511,9254.98,Storefront
SI-0002267,S-001126,3632,561720,62998.77,Equipment
SI-0002268,S-001126,8397,722513,49550.43,Crew
SI-0002269,S-001127,7228,238220,82263.59,Equipment
SI-0002270,S-001127,5403,238220,35095.2,Storefront
SI-0002271,S-001128,8397,238320,18457.95,Warehouse
SI-0002272,S-001128,5606,238320,30093.09,Equipment
SI-0002273,S-001129,8810,238320,29917.51,Truck
SI-0002274,S-001130,5403,236115,43385.12,Office
SI-0002275,S-001130,7228,236115,63169.17,Warehouse
SI-0002276,S-001130,9082,722513,27651.86,Equipment
SI-0002277,S-001131,8397,722513,68307.6,Office
SI-0002278,S-001131,8810,484110,55057.87,Warehouse
SI-0002279,S-001131,8397,561720,16011.72,Truck
SI-0002280,S-001132,3724,561720,20135.92,Equipment
SI-0002281,S-001133,5606,238220,58329.36,Crew
SI-0002282,S-001133,5606,484110,45629.29,Office
SI-0002283,S-001134,3632,484110,22786.93,Crew
SI-0002284,S-001135,3724,541511,15561.42,Office
SI-0002285,S-001135,5403,722513,35260.56,Equipment
SI-0002286,S-001135,5403,561720,91134.26,Warehouse
SI-0002287,S-001136,3724,236115,10553.76,Storefront
SI-0002288,S-001136,5403,541612,65877.47,Storefront
SI-0002289,S-001136,3632,541612,128333.36,Equipment
SI-0002290,S-001137,3724,541612,33602.55,Truck
SI-0002291,S-001138,9082,484110,89526.01,Truck
SI-0002292,S-001138,8810,238320,73752.11,Truck
SI-0002293,S-001139,5606,238320,9538.17,Warehouse
SI-0002294,S-001140,3724,238220,50391.41,Truck
SI-0002295,S-001140,7228,238320,56125.04,Truck
SI-0002296,S-001140,8397,484110,13846.14,Warehouse
SI-0002297,S-001141,9082,238220,58158.21,Truck
SI-0002298,S-001142,5606,236115,41313.85,Equipment
SI-0002299,S-001142,5606,238320,81459.24,Storefront
SI-0002300,S-001142,8810,238220,53873.13,Warehouse
SI-0002301,S-001143,9082,236115,36141.49,Warehouse
SI-0002302,S-001144,9082,484110,11387.9,Office
SI-0002303,S-001145,5403,484110,32489.5,Storefront
SI-0002304,S-001146,5606,541511,29049.39,Storefront
SI-0002305,S-001146,3724,236115,37703.97,Warehouse
SI-0002306,S-001146,8397,238220,36808.36,Warehouse
SI-0002307,S-001147,3724,484110,38676.51,Truck
SI-0002308,S-001147,3724,238320,79518.54,Storefront
SI-0002309,S-001148,5403,484110,18458.27,Crew
SI-0002310,S-001148,8810,561720,32848.22,Truck
SI-0002311,S-001148,7228,541612,42716.06,Truck
SI-0002312,S-001149,3632,236115,47180.64,Truck
SI-0002313,S-001150,8397,541511,44762.92,Warehouse
SI-0002314,S-001151,8397,541511,23231.6,Truck
SI-0002315,S-001152,5403,238220,47584.12,Warehouse
SI-0002316,S-001152,9082,236115,10617.29,Truck
SI-0002317,S-001152,7228,238320,13954.85,Equipment
SI-0002318,S-001153,9082,238320,62222.53,Office
SI-0002319,S-001153,3724,238220,28641.3,Crew
SI-0002320,S-001153,8810,484110,13865.8,Office
SI-0002321,S-001154,8810,236115,20096.13,Office
SI-0002322,S-001155,8810,236115,85050.81,Crew
SI-0002323,S-001155,8397,722513,39922.85,Warehouse
SI-0002324,S-001155,3632,238220,73388.38,Office
SI-0002325,S-001156,3724,484110,104885.08,Crew
SI-0002326,S-001156,7228,238320,31444.38,Storefront
SI-0002327,S-001156,8810,722513,58055.42,Storefront
SI-0002328,S-001157,8397,238320,36388.58,Crew
SI-0002329,S-001157,5403,722513,48719.83,Equipment
SI-0002330,S-001158,3724,484110,18315.97,Truck
SI-0002331,S-001158,8397,541612,23304.13,Warehouse
SI-0002332,S-001158,5403,541612,6970.19,Crew
SI-0002333,S-001159,9082,541612,44940.95,Storefront
SI-0002334,S-001159,8397,541511,100014.48,Equipment
SI-0002335,S-001159,5606,722513,7283.56,Truck
SI-0002336,S-001160,3724,541511,19078.95,Crew
SI-0002337,S-001161,3724,238220,46035.65,Warehouse
SI-0002338,S-001162,8397,238220,19766.13,Crew
SI-0002339,S-001163,5606,541511,32306.74,Equipment
SI-0002340,S-001164,3724,561720,10703.2,Crew
SI-0002341,S-001164,5606,236115,43462.0,Warehouse
SI-0002342,S-001165,3724,238320,48307.24,Warehouse
SI-0002343,S-001165,7228,238220,16738.13,Truck
SI-0002344,S-001166,3632,541511,63334.02,Crew
SI-0002345,S-001166,9082,238320,36128.03,Truck
SI-0002346,S-001167,8810,722513,22334.48,Truck
SI-0002347,S-001167,8810,238320,25797.94,Equipment
SI-0002348,S-001168,8810,541511,31014.59,Truck
SI-0002349,S-001169,5403,238320,19218.64,Warehouse
SI-0002350,S-001169,9082,561720,43068.62,Storefront
SI-0002351,S-001169,3724,561720,21438.53,Equipment
SI-0002352,S-001170,5606,541612,48038.23,Office
SI-0002353,S-001170,3632,541612,35625.96,Equipment
SI-0002354,S-001170,7228,484110,57276.58,Truck
SI-0002355,S-001171,8810,238220,58419.36,Crew
SI-0002356,S-001172,8397,238220,31435.32,Truck
SI-0002357,S-001172,8397,238320,38893.84,Warehouse
SI-0002358,S-001172,5606,238320,61873.72,Truck
SI-0002359,S-001173,3632,561720,41169.74,Office
SI-0002360,S-001173,7228,541511,45355.41,Equipment
SI-0002361,S-001173,9082,238320,41221.51,Storefront
SI-0002362,S-001174,8810,238320,31121.67,Warehouse
SI-0002363,S-001174,3632,484110,46094.85,Office
SI-0002364,S-001175,7228,722513,43374.2,Truck
SI-0002365,S-001175,8810,484110,54038.41,Crew
SI-0002366,S-001176,5606,561720,34562.65,Truck
SI-0002367,S-001176,7228,541612,21861.75,Storefront
SI-0002368,S-001176,3724,238220,22418.48,Crew
SI-0002369,S-001177,8810,238220,33426.31,Office
SI-0002370,S-001177,5606,722513,9620.56,Truck
SI-0002371,S-001178,3724,236115,71041.08,Crew
SI-0002372,S-001179,3724,238220,24730.64,Storefront
SI-0002373,S-001179,7228,238220,38143.29,Equipment
SI-0002374,S-001179,3632,238220,35634.63,Warehouse
SI-0002375,S-001180,7228,722513,21177.42,Crew
SI-0002376,S-001180,3724,541511,44757.06,Crew
SI-0002377,S-001180,3724,484110,28828.49,Crew
SI-0002378,S-001181,9082,722513,34163.62,Office
SI-0002379,S-001181,9082,238220,19362.26,Truck
SI-0002380,S-001182,9082,238220,29698.78,Warehouse
SI-0002381,S-001183,5606,236115,60235.31,Truck
SI-0002382,S-001183,5403,484110,61851.48,Office
SI-0002383,S-001184,3632,722513,45212.56,Storefront
SI-0002384,S-001184,3632,722513,18068.21,Warehouse
SI-0002385,S-001184,3632,238320,13818.39,Storefront
SI-0002386,S-001185,5403,561720,64098.96,Equipment
SI-0002387,S-001185,8810,238220,30049.25,Office
SI-0002388,S-001185,7228,236115,21125.96,Storefront
SI-0002389,S-001186,9082,722513,56536.45,Warehouse
SI-0002390,S-001186,8397,541612,26578.29,Crew
SI-0002391,S-001186,3724,541612,75233.53,Crew
SI-0002392,S-001187,7228,541511,59751.84,Storefront
SI-0002393,S-001187,9082,484110,87725.25,Equipment
SI-0002394,S-001188,5606,238220,19684.12,Warehouse
SI-0002395,S-001188,8397,541612,24781.01,Storefront
SI-0002396,S-001188,3724,541511,34640.19,Truck
SI-0002397,S-001189,7228,238220,11059.07,Office
SI-0002398,S-001190,8810,722513,45234.77,Equipment
SI-0002399,S-001190,7228,236115,91799.57,Storefront
SI-0002400,S-001191,7228,561720,18625.19,Crew
SI-0002401,S-001191,9082,236115,16657.47,Crew
SI-0002402,S-001191,8397,238320,96796.86,Warehouse
SI-0002403,S-001192,3632,561720,24043.54,Office
SI-0002404,S-001192,5403,561720,134142.95,Office
SI-0002405,S-001193,5606,541511,46643.39,Crew
SI-0002406,S-001193,8810,236115,12429.22,Crew
SI-0002407,S-001194,8397,236115,33413.57,Storefront
SI-0002408,S-001194,3632,238320,61536.61,Equipment
SI-0002409,S-001195,5606,236115,43318.7,Office
SI-0002410,S-001196,3724,236115,53865.33,Warehouse
SI-0002411,S-001196,8810,238320,67768.89,Warehouse
SI-0002412,S-001196,8397,541511,32522.78,Office
SI-0002413,S-001197,7228,561720,30910.41,Crew
SI-0002414,S-001197,8397,484110,15651.08,Warehouse
SI-0002415,S-001198,9082,561720,23403.07,Office
SI-0002416,S-001198,8810,238320,21922.87,Truck
SI-0002417,S-001199,9082,238320,50397.13,Crew
SI-0002418,S-001199,5606,238220,16642.07,Equipment
SI-0002419,S-001199,3632,484110,33758.87,Storefront
SI-0002420,S-001200,8397,541612,9918.57,Truck
SI-0002421,S-001201,3724,722513,46041.35,Truck
SI-0002422,S-001201,8810,236115,46018.21,Equipment
SI-0002423,S-001202,8810,541511,65100.43,Equipment
SI-0002424,S-001202,3724,541612,84970.72,Truck
SI-0002425,S-001203,8810,541612,20435.65,Office
SI-0002426,S-001203,8810,238320,17947.7,Truck
SI-0002427,S-001203,5403,238320,13822.1,Crew
SI-0002428,S-001204,3632,236115,64543.68,Storefront
SI-0002429,S-001204,9082,236115,226427.93,Warehouse
SI-0002430,S-001204,7228,484110,48061.16,Warehouse
SI-0002431,S-001205,8810,561720,48163.85,Crew
SI-0002432,S-001205,7228,561720,32861.14,Crew
SI-0002433,S-001205,3632,238320,101787.23,Storefront
SI-0002434,S-001206,8397,236115,23914.55,Storefront
SI-0002435,S-001207,5403,238320,13770.9,Office
SI-0002436,S-001208,9082,236115,19823.27,Equipment
SI-0002437,S-001208,3724,236115,210053.76,Truck
SI-0002438,S-001208,3632,722513,101138.51,Equipment
SI-0002439,S-001209,9082,722513,16818.06,Storefront
SI-0002440,S-001210,9082,541511,23958.55,Office
SI-0002441,S-001210,5606,722513,36548.58,Warehouse
SI-0002442,S-001211,7228,238320,13406.9,Equipment
SI-0002443,S-001212,5403,722513,25770.19,Office
SI-0002444,S-001213,9082,541511,51328.38,Warehouse
SI-0002445,S-001213,7228,541612,18437.45,Truck
SI-0002446,S-001214,7228,541511,13152.53,Storefront
SI-0002447,S-001214,5606,238320,15218.38,Equipment
SI-0002448,S-001215,8397,236115,15904.99,Crew
SI-0002449,S-001215,9082,561720,21292.18,Storefront
SI-0002450,S-001216,5403,238220,35594.48,Warehouse
SI-0002451,S-001216,3632,561720,125390.75,Equipment
SI-0002452,S-001217,7228,561720,28074.36,Storefront
SI-0002453,S-001217,5403,238320,24759.51,Equipment
SI-0002454,S-001218,5403,722513,148571.36,Storefront
SI-0002455,S-001219,8397,722513,85107.84,Office
SI-0002456,S-001220,8397,236115,20670.45,Equipment
SI-0002457,S-001220,5606,236115,21208.4,Crew
SI-0002458,S-001220,3632,238320,29015.15,Warehouse
SI-0002459,S-001221,5403,722513,94486.33,Warehouse
SI-0002460,S-001221,5606,484110,185907.72,Storefront
SI-0002461,S-001221,3724,484110,34119.06,Crew
SI-0002462,S-001222,5403,236115,46819.17,Crew
SI-0002463,S-001222,8397,484110,37851.39,Crew
SI-0002464,S-001222,5606,238220,36850.43,Storefront
SI-0002465,S-001223,5606,484110,30169.04,Truck
SI-0002466,S-001223,8397,561720,10111.69,Storefront
SI-0002467,S-001223,8397,238220,29443.7,Office
SI-0002468,S-001224,5606,238320,20987.46,Office
SI-0002469,S-001225,8810,238220,6012.47,Office
SI-0002470,S-001225,7228,561720,52202.07,Office
SI-0002471,S-001226,7228,238320,23075.71,Crew
SI-0002472,S-001226,5606,484110,23411.82,Office
SI-0002473,S-001226,9082,541511,18592.56,Crew
SI-0002474,S-001227,8810,238320,14992.98,Warehouse
SI-0002475,S-001228,5606,236115,47149.81,Storefront
SI-0002476,S-001228,3724,238220,18752.59,Truck
SI-0002477,S-001229,3632,541511,4870.59,Office
SI-0002478,S-001229,8810,238220,29546.46,Crew
SI-0002479,S-001230,8397,722513,20798.12,Equipment
SI-0002480,S-001231,8810,541612,21389.14,Crew
SI-0002481,S-001232,5403,541612,19704.93,Office
SI-0002482,S-001232,7228,236115,24142.62,Office
SI-0002483,S-001232,9082,561720,59645.3,Storefront
SI-0002484,S-001233,8810,236115,33288.19,Office
SI-0002485,S-001233,8810,541511,24799.2,Truck
SI-0002486,S-001234,8397,561720,13637.68,Warehouse
SI-0002487,S-001234,8397,236115,31589.43,Crew
SI-0002488,S-001234,8810,722513,24123.92,Storefront
SI-0002489,S-001235,7228,722513,111173.6,Warehouse
SI-0002490,S-001235,5606,238320,16894.95,Storefront
SI-0002491,S-001236,5606,561720,92310.16,Truck
SI-0002492,S-001236,5606,238220,16987.3,Equipment
SI-0002493,S-001237,3632,484110,30526.07,Truck
SI-0002494,S-001237,5403,541511,44932.66,Crew
SI-0002495,S-001237,5606,236115,47160.74,Truck
SI-0002496,S-001238,8397,238220,102598.56,Equipment
SI-0002497,S-001239,9082,238220,108872.94,Crew
SI-0002498,S-001239,7228,561720,18769.72,Truck
SI-0002499,S-001239,5403,236115,56326.34,Storefront
SI-0002500,S-001240,8397,541511,20067.15,Storefront
SI-0002501,S-001240,8810,236115,31459.47,Truck
SI-0002502,S-001241,3632,541612,38469.19,Warehouse
SI-0002503,S-001242,8810,722513,49253.41,Crew
SI-0002504,S-001243,7228,238220,60668.12,Truck
SI-0002505,S-001243,7228,722513,30818.67,Office
SI-0002506,S-001243,3724,236115,144540.35,Equipment
SI-0002507,S-001244,5606,238320,62787.47,Equipment
SI-0002508,S-001244,8810,484110,27044.63,Equipment
SI-0002509,S-001244,3724,541612,62078.08,Equipment
SI-0002510,S-001245,3724,541612,48994.35,Warehouse
SI-0002511,S-001245,9082,238220,29323.92,Crew
SI-0002512,S-001246,8397,561720,59907.71,Warehouse
SI-0002513,S-001246,3632,238220,45775.33,Equipment
SI-0002514,S-001247,7228,722513,11802.71,Crew
SI-0002515,S-001247,7228,238220,15564.43,Equipment
SI-0002516,S-001247,5403,484110,68284.89,Equipment
SI-0002517,S-001248,9082,238320,34468.49,Crew
SI-0002518,S-001249,8810,484110,55995.22,Storefront
SI-0002519,S-001250,8397,561720,66922.02,Truck
SI-0002520,S-001251,3632,722513,15316.11,Warehouse
SI-0002521,S-001251,5606,238320,86301.89,Storefront
SI-0002522,S-001251,5403,484110,57756.38,Crew
SI-0002523,S-001252,8397,541511,225674.58,Truck
SI-0002524,S-001253,5403,238220,57489.35,Office
SI-0002525,S-001254,3632,561720,8471.22,Truck
SI-0002526,S-001254,3724,236115,55096.58,Crew
SI-0002527,S-001254,8397,541511,16379.82,Truck
SI-0002528,S-001255,8810,238220,36259.34,Storefront
SI-0002529,S-001255,8810,541511,47686.95,Equipment
SI-0002530,S-001256,5606,238320,35287.11,Warehouse
SI-0002531,S-001256,3724,238220,29245.93,Storefront
SI-0002532,S-001257,7228,541511,60662.98,Warehouse
SI-0002533,S-001257,7228,541511,35392.46,Office
SI-0002534,S-001257,3724,722513,65377.47,Storefront
SI-0002535,S-001258,3724,541612,16968.77,Office
SI-0002536,S-001258,5606,484110,25803.05,Equipment
SI-0002537,S-001259,9082,236115,24237.14,Warehouse
SI-0002538,S-001260,8810,484110,33102.17,Truck
SI-0002539,S-001260,8810,484110,22316.47,Crew
SI-0002540,S-001260,3632,238220,24403.76,Warehouse
SI-0002541,S-001261,5606,722513,33292.38,Storefront
SI-0002542,S-001261,5606,484110,22572.74,Crew
SI-0002543,S-001262,8397,484110,136745.11,Equipment
SI-0002544,S-001262,9082,238220,42973.48,Equipment
SI-0002545,S-001262,3632,236115,16211.97,Office
SI-0002546,S-001263,5606,238220,76476.74,Storefront
SI-0002547,S-001264,3632,561720,18584.58,Office
SI-0002548,S-001264,5403,238320,17814.94,Equipment
SI-0002549,S-001265,3632,238320,39015.95,Warehouse
SI-0002550,S-001266,5403,238320,94111.89,Truck
SI-0002551,S-001266,5403,541511,34192.02,Warehouse
SI-0002552,S-001266,5606,561720,15890.25,Equipment
SI-0002553,S-001267,7228,484110,68335.63,Warehouse
SI-0002554,S-001267,3724,541612,41973.91,Truck
SI-0002555,S-001268,3632,484110,53687.04,Crew
SI-0002556,S-001269,3724,561720,43553.44,Crew
SI-0002557,S-001269,5606,561720,92553.67,Warehouse
SI-0002558,S-001270,7228,484110,72785.03,Warehouse
SI-0002559,S-001270,3632,541511,37630.27,Truck
SI-0002560,S-001270,8397,541511,74315.77,Crew
SI-0002561,S-001271,9082,236115,31503.37,Office
SI-0002562,S-001271,8810,484110,75268.25,Truck
SI-0002563,S-001272,3724,561720,64908.11,Storefront
SI-0002564,S-001273,7228,236115,13245.62,Crew
SI-0002565,S-001273,3632,541511,10613.74,Equipment
SI-0002566,S-001274,3724,561720,17007.22,Office
SI-0002567,S-001274,5403,722513,32117.39,Storefront
SI-0002568,S-001274,9082,238320,28567.84,Storefront
SI-0002569,S-001275,7228,722513,49727.61,Storefront
SI-0002570,S-001276,5403,722513,71242.02,Storefront
SI-0002571,S-001277,9082,238320,175512.52,Crew
SI-0002572,S-001278,8810,541612,24990.16,Truck
SI-0002573,S-001278,3632,541511,26038.36,Truck
SI-0002574,S-001279,5606,722513,46160.51,Office
SI-0002575,S-001279,8810,236115,9901.23,Truck
SI-0002576,S-001279,5403,541511,21618.83,Crew
SI-0002577,S-001280,3632,484110,23527.69,Equipment
SI-0002578,S-001280,8810,238220,36770.59,Office
SI-0002579,S-001280,7228,541612,43342.2,Storefront
SI-0002580,S-001281,9082,484110,24777.33,Storefront
SI-0002581,S-001281,8397,238320,70356.04,Crew
SI-0002582,S-001282,8397,541511,19518.91,Storefront
SI-0002583,S-001283,7228,561720,89835.39,Warehouse
SI-0002584,S-001283,7228,541511,32668.26,Warehouse
SI-0002585,S-001283,8810,722513,13699.08,Equipment
SI-0002586,S-001284,7228,238320,59111.64,Equipment
SI-0002587,S-001284,7228,541612,22336.62,Warehouse
SI-0002588,S-001284,3724,238220,40068.55,Crew
SI-0002589,S-001285,3632,238220,46098.81,Office
SI-0002590,S-001286,9082,238220,43004.31,Equipment
SI-0002591,S-001286,5606,236115,73392.54,Warehouse
SI-0002592,S-001286,3632,561720,32496.44,Equipment
SI-0002593,S-001287,9082,238220,56602.91,Equipment
SI-0002594,S-001287,7228,238220,38822.34,Truck
SI-0002595,S-001287,5606,561720,25300.58,Warehouse
SI-0002596,S-001288,5403,238220,37748.24,Truck
SI-0002597,S-001288,3724,484110,18969.36,Office
SI-0002598,S-001289,3724,722513,35202.19,Storefront
SI-0002599,S-001289,7228,238320,11675.29,Warehouse
SI-0002600,S-001289,3724,561720,26550.84,Equipment
SI-0002601,S-001290,7228,236115,23145.51,Warehouse
SI-0002602,S-001291,8810,722513,36690.57,Truck
SI-0002603,S-001291,5403,238220,114498.7,Warehouse
SI-0002604,S-001292,5606,722513,73594.48,Warehouse
SI-0002605,S-001293,8397,484110,19891.19,Crew
SI-0002606,S-001293,5403,722513,6045.87,Warehouse
SI-0002607,S-001294,3724,238320,16941.45,Truck
SI-0002608,S-001295,3632,484110,76485.39,Storefront
SI-0002609,S-001295,3632,484110,50068.72,Crew
SI-0002610,S-001295,8810,541511,27310.12,Crew
SI-0002611,S-001296,8810,238320,57772.2,Truck
SI-0002612,S-001296,7228,236115,32472.74,Storefront
SI-0002613,S-001297,3724,722513,28071.86,Crew
SI-0002614,S-001297,7228,238320,25463.75,Warehouse
SI-0002615,S-001297,8810,541612,333837.69,Storefront
SI-0002616,S-001298,3724,561720,50612.09,Crew
SI-0002617,S-001299,8810,236115,35726.86,Equipment
SI-0002618,S-001299,5606,722513,52942.25,Warehouse
SI-0002619,S-001300,3724,238320,13544.96,Crew
SI-0002620,S-001300,7228,541612,19991.28,Warehouse
SI-0002621,S-001301,8810,541612,72751.11,Equipment
SI-0002622,S-001301,5403,541511,28020.29,Truck
SI-0002623,S-001302,5403,236115,13410.3,Warehouse
SI-0002624,S-001302,3724,722513,17630.71,Equipment
SI-0002625,S-001302,8397,722513,32442.58,Equipment
SI-0002626,S-001303,5606,541511,25367.74,Crew
SI-0002627,S-001303,8810,484110,11609.46,Warehouse
SI-0002628,S-001303,3724,541511,92382.74,Storefront
SI-0002629,S-001304,3724,238220,36699.12,Warehouse
SI-0002630,S-001304,9082,484110,41963.02,Truck
SI-0002631,S-001305,7228,541612,55265.4,Storefront
SI-0002632,S-001306,3632,236115,54323.43,Warehouse
SI-0002633,S-001306,3632,236115,11109.22,Warehouse
SI-0002634,S-001306,3632,238220,85866.45,Storefront
SI-0002635,S-001307,3632,722513,20767.26,Warehouse
SI-0002636,S-001307,8397,238320,20587.52,Crew
SI-0002637,S-001308,8397,561720,68789.78,Warehouse
SI-0002638,S-001309,5403,238220,26871.08,Storefront
SI-0002639,S-001309,9082,561720,21868.16,Warehouse
SI-0002640,S-001309,3632,541612,36292.9,Truck
SI-0002641,S-001310,3724,238220,40013.2,Equipment
SI-0002642,S-001310,3724,561720,59535.56,Office
SI-0002643,S-001310,8397,238220,15203.84,Truck
SI-0002644,S-001311,9082,236115,40607.45,Truck
SI-0002645,S-001311,7228,238220,90178.59,Truck
SI-0002646,S-001311,3632,238220,15361.87,Crew
SI-0002647,S-001312,8810,238220,29830.55,Office
SI-0002648,S-001313,3632,236115,26928.3,Storefront
SI-0002649,S-001313,9082,722513,14304.01,Truck
SI-0002650,S-001313,3632,484110,13124.5,Crew
SI-0002651,S-001314,5403,484110,66416.92,Office
SI-0002652,S-001315,8397,238220,225939.32,Equipment
SI-0002653,S-001316,3632,484110,91023.54,Crew
SI-0002654,S-001317,7228,238220,29502.96,Equipment
SI-0002655,S-001317,7228,484110,9397.5,Truck
SI-0002656,S-001317,3724,238220,17515.5,Warehouse
SI-0002657,S-001318,5606,484110,44019.95,Truck
SI-0002658,S-001318,7228,484110,22549.37,Equipment
SI-0002659,S-001319,8397,722513,37166.38,Warehouse
SI-0002660,S-001319,7228,238220,11037.15,Office
SI-0002661,S-001320,7228,541511,18089.2,Storefront
SI-0002662,S-001320,8810,238320,21087.68,Truck
SI-0002663,S-001321,8810,484110,27112.52,Storefront
SI-0002664,S-001321,5403,238220,23840.28,Crew
SI-0002665,S-001322,3724,236115,48056.36,Crew
SI-0002666,S-001322,3724,722513,10941.56,Truck
SI-0002667,S-001322,9082,722513,21666.25,Crew
SI-0002668,S-001323,3632,541612,67566.35,Equipment
SI-0002669,S-001323,3724,238220,20769.16,Office
SI-0002670,S-001323,7228,484110,29603.08,Office
SI-0002671,S-001324,3632,541612,55917.62,Office
SI-0002672,S-001325,7228,238220,21195.21,Storefront
SI-0002673,S-001325,3632,236115,13186.78,Truck
SI-0002674,S-001326,5606,238320,8206.68,Truck
SI-0002675,S-001327,3724,541612,67715.29,Equipment
SI-0002676,S-001327,5606,484110,130077.88,Truck
SI-0002677,S-001328,8810,484110,88328.27,Crew
SI-0002678,S-001328,5403,541511,15945.64,Office
SI-0002679,S-001328,5606,238220,33520.89,Crew
SI-0002680,S-001329,7228,541511,58202.99,Crew
SI-0002681,S-001330,8397,236115,38163.64,Crew
SI-0002682,S-001330,5403,236115,20221.47,Storefront
SI-0002683,S-001331,5403,484110,72559.05,Office
SI-0002684,S-001332,9082,722513,31147.08,Truck
SI-0002685,S-001333,5403,722513,73228.92,Equipment
SI-0002686,S-001333,5403,484110,38487.71,Equipment
SI-0002687,S-001334,9082,484110,8367.34,Equipment
SI-0002688,S-001334,7228,561720,23702.39,Warehouse
SI-0002689,S-001335,9082,722513,41518.14,Equipment
SI-0002690,S-001335,3632,236115,101485.42,Truck
SI-0002691,S-001336,8397,238320,7974.06,Office
SI-0002692,S-001336,3632,541612,28922.14,Warehouse
SI-0002693,S-001337,3632,484110,24936.56,Crew
SI-0002694,S-001337,3632,484110,67135.69,Warehouse
SI-0002695,S-001337,5403,541511,125453.49,Storefront
SI-0002696,S-001338,8397,238320,15095.55,Equipment
SI-0002697,S-001338,5403,238220,39788.94,Equipment
SI-0002698,S-001338,5403,484110,21066.67,Storefront
SI-0002699,S-001339,5403,722513,40434.74,Warehouse
SI-0002700,S-001339,8397,541511,27453.5,Truck
SI-0002701,S-001339,3724,561720,10527.74,Warehouse
SI-0002702,S-001340,3724,541511,26208.28,Crew
SI-0002703,S-001340,7228,541612,27714.76,Truck
SI-0002704,S-001340,3724,561720,76962.88,Storefront
SI-0002705,S-001341,3632,541612,14695.26,Office
SI-0002706,S-001341,5606,238320,18294.22,Crew
SI-0002707,S-001341,9082,541612,51616.67,Crew
SI-0002708,S-001342,9082,722513,27724.49,Office
SI-0002709,S-001343,3724,722513,30059.79,Office
SI-0002710,S-001343,9082,484110,28238.92,Storefront
SI-0002711,S-001343,8397,541511,68871.33,Storefront
SI-0002712,S-001344,7228,541612,14640.53,Crew
SI-0002713,S-001345,5403,484110,8437.45,Equipment
SI-0002714,S-001345,8810,722513,11850.39,Equipment
SI-0002715,S-001346,3724,484110,18987.92,Storefront
SI-0002716,S-001346,7228,238220,39839.66,Truck
SI-0002717,S-001347,3632,541612,62671.41,Storefront
SI-0002718,S-001347,5403,236115,40061.75,Truck
SI-0002719,S-001347,8810,541511,10902.4,Warehouse
SI-0002720,S-001348,3632,484110,33437.13,Equipment
SI-0002721,S-001348,8810,541511,48381.77,Crew
SI-0002722,S-001348,3724,722513,15364.1,Warehouse
SI-0002723,S-001349,7228,541511,13039.53,Truck
SI-0002724,S-001349,3632,722513,31035.01,Equipment
SI-0002725,S-001349,9082,484110,21228.93,Office
SI-0002726,S-001350,8810,722513,41008.86,Crew
SI-0002727,S-001350,9082,236115,23098.8,Crew
SI-0002728,S-001351,8810,238220,33981.74,Storefront
SI-0002729,S-001351,3632,541511,25933.39,Truck
SI-0002730,S-001351,8810,238220,24019.84,Office
SI-0002731,S-001352,7228,541511,38367.37,Warehouse
SI-0002732,S-001352,9082,238220,13361.41,Equipment
SI-0002733,S-001353,3724,541612,89699.38,Warehouse
SI-0002734,S-001353,3724,236115,19671.44,Equipment
SI-0002735,S-001353,8397,541511,40940.17,Office
SI-0002736,S-001354,5606,238320,45817.6,Equipment
SI-0002737,S-001355,7228,238320,97432.55,Equipment
SI-0002738,S-001356,3632,236115,6371.86,Office
SI-0002739,S-001356,9082,561720,36519.02,Truck
SI-0002740,S-001357,8397,561720,29511.02,Equipment
SI-0002741,S-001358,3632,238320,16346.67,Equipment
SI-0002742,S-001359,3632,561720,93042.47,Equipment
SI-0002743,S-001360,5606,484110,15867.84,Equipment
SI-0002744,S-001360,5403,561720,52741.55,Storefront
SI-0002745,S-001361,5403,541511,21776.1,Crew
SI-0002746,S-001362,8810,238320,16859.15,Office
SI-0002747,S-001363,8397,238220,8127.38,Office
SI-0002748,S-001363,8397,238220,22681.48,Storefront
SI-0002749,S-001364,3632,722513,78261.65,Storefront
SI-0002750,S-001364,9082,541511,35811.09,Warehouse
SI-0002751,S-001364,7228,238320,80383.91,Equipment
SI-0002752,S-001365,5403,541612,21435.95,Warehouse
SI-0002753,S-001365,5403,238320,65584.33,Office
SI-0002754,S-001366,5403,541612,12253.55,Storefront
SI-0002755,S-001366,5403,722513,39415.81,Crew
SI-0002756,S-001366,5606,561720,29112.86,Crew
SI-0002757,S-001367,8397,722513,15265.53,Office
SI-0002758,S-001367,8397,236115,117161.35,Warehouse
SI-0002759,S-001368,5403,561720,86626.75,Equipment
SI-0002760,S-001368,3724,484110,11304.77,Office
SI-0002761,S-001369,9082,236115,24754.41,Storefront
SI-0002762,S-001369,5403,541612,14077.05,Storefront
SI-0002763,S-001370,3632,541511,44481.72,Truck
SI-0002764,S-001370,5606,238220,65640.84,Truck
SI-0002765,S-001370,8810,722513,15333.81,Warehouse
SI-0002766,S-001371,9082,722513,43230.13,Equipment
SI-0002767,S-001371,9082,238320,52932.09,Truck
SI-0002768,S-001371,9082,484110,43862.38,Warehouse
SI-0002769,S-001372,7228,722513,56851.2,Crew
SI-0002770,S-001372,3632,238220,234836.6,Warehouse
SI-0002771,S-001373,8810,484110,36614.04,Storefront
SI-0002772,S-001373,8810,236115,91198.01,Warehouse
SI-0002773,S-001374,7228,484110,33424.38,Crew
SI-0002774,S-001374,5403,722513,54141.02,Storefront
SI-0002775,S-001374,5606,541511,22698.79,Storefront
SI-0002776,S-001375,7228,541511,48793.02,Equipment
SI-0002777,S-001375,8397,541511,23117.44,Storefront
SI-0002778,S-001375,3724,238320,26816.12,Crew
SI-0002779,S-001376,8397,236115,17099.64,Storefront
SI-0002780,S-001376,7228,238320,59015.85,Office
SI-0002781,S-001376,8397,484110,13912.03,Crew
SI-0002782,S-001377,3632,541511,7775.57,Office
SI-0002783,S-001377,3632,238220,96917.03,Equipment
SI-0002784,S-001378,5403,722513,17395.07,Equipment
SI-0002785,S-001378,3632,238220,24956.3,Office
SI-0002786,S-001379,3724,484110,68717.16,Storefront
SI-0002787,S-001379,9082,238220,28670.24,Warehouse
SI-0002788,S-001379,7228,722513,9309.19,Warehouse
SI-0002789,S-001380,7228,236115,25268.28,Office
SI-0002790,S-001380,8810,238220,11125.17,Truck
SI-0002791,S-001381,8397,541612,15009.6,Storefront
SI-0002792,S-001382,3632,561720,41143.64,Office
SI-0002793,S-001382,5403,484110,24498.03,Office
SI-0002794,S-001383,3724,484110,45499.07,Crew
SI-0002795,S-001384,8810,236115,119087.7,Truck
SI-0002796,S-001384,3724,238320,48779.41,Crew
SI-0002797,S-001384,8397,238320,48005.46,Equipment
SI-0002798,S-001385,3632,722513,19363.05,Storefront
SI-0002799,S-001385,5403,484110,83444.19,Truck
SI-0002800,S-001386,7228,541511,44995.3,Truck
SI-0002801,S-001386,3632,561720,19603.91,Crew
SI-0002802,S-001386,8397,541612,35864.94,Crew
SI-0002803,S-001387,3632,722513,17433.55,Equipment
SI-0002804,S-001387,5403,722513,48164.3,Warehouse
SI-0002805,S-001387,3632,561720,27193.29,Equipment
SI-0002806,S-001388,8810,561720,19052.48,Warehouse
SI-0002807,S-001388,5606,236115,11590.96,Storefront
SI-0002808,S-001388,5606,484110,17514.2,Crew
SI-0002809,S-001389,3724,238220,53486.2,Crew
SI-0002810,S-001389,8397,484110,64707.02,Equipment
SI-0002811,S-001390,3724,722513,50559.98,Office
SI-0002812,S-001390,9082,484110,21333.96,Equipment
SI-0002813,S-001391,5606,541612,75230.35,Equipment
SI-0002814,S-001391,5606,238320,20265.36,Storefront
SI-0002815,S-001392,5606,236115,38090.64,Equipment
SI-0002816,S-001392,5403,236115,15718.89,Truck
SI-0002817,S-001393,8810,484110,16297.57,Warehouse
SI-0002818,S-001393,7228,541612,38453.6,Office
SI-0002819,S-001394,7228,236115,5653.31,Truck
SI-0002820,S-001395,5403,236115,12574.26,Storefront
SI-0002821,S-001396,9082,238220,31432.45,Storefront
SI-0002822,S-001396,3724,238320,20239.93,Truck
SI-0002823,S-001396,3724,722513,83524.17,Truck
SI-0002824,S-001397,3724,541612,24726.06,Equipment
SI-0002825,S-001397,3724,238220,131834.8,Truck
SI-0002826,S-001397,9082,541612,7012.1,Office
SI-0002827,S-001398,7228,541511,26464.5,Crew
SI-0002828,S-001399,8397,541511,9318.24,Crew
SI-0002829,S-001399,5606,541612,82039.91,Warehouse
SI-0002830,S-001400,3724,541511,72067.91,Truck
SI-0002831,S-001401,5403,541612,184638.85,Equipment
SI-0002832,S-001401,3724,561720,20656.86,Crew
SI-0002833,S-001402,3632,236115,26223.76,Crew
SI-0002834,S-001402,8810,541511,9310.56,Equipment
SI-0002835,S-001403,3632,541511,36958.44,Crew
SI-0002836,S-001403,3632,484110,33087.93,Warehouse
SI-0002837,S-001404,8810,238320,16504.42,Storefront
SI-0002838,S-001404,7228,238220,11793.64,Office
SI-0002839,S-001404,3724,541612,26705.33,Warehouse
SI-0002840,S-001405,3724,238320,8150.89,Storefront
SI-0002841,S-001406,7228,541612,67935.08,Office
SI-0002842,S-001407,3724,541511,29821.89,Crew
SI-0002843,S-001407,7228,541612,53852.21,Crew
SI-0002844,S-001407,5606,484110,56304.59,Truck
SI-0002845,S-001408,8397,561720,49483.31,Office
SI-0002846,S-001408,5606,541612,54769.37,Storefront
SI-0002847,S-001408,9082,236115,38898.53,Truck
SI-0002848,S-001409,7228,484110,80553.22,Storefront
SI-0002849,S-001410,3632,238320,14363.75,Crew
SI-0002850,S-001410,3724,484110,21029.46,Storefront
SI-0002851,S-001410,7228,236115,6435.75,Office
SI-0002852,S-001411,5606,238220,16566.38,Equipment
SI-0002853,S-001411,3724,541511,55670.61,Truck
SI-0002854,S-001411,5606,541612,19052.53,Warehouse
SI-0002855,S-001412,3724,541612,31986.86,Storefront
SI-0002856,S-001412,8810,541612,13453.23,Office
SI-0002857,S-001412,7228,238320,24422.1,Storefront
SI-0002858,S-001413,9082,722513,32725.87,Warehouse
SI-0002859,S-001414,8810,541511,18430.53,Truck
SI-0002860,S-001415,9082,541612,18881.51,Equipment
SI-0002861,S-001415,3632,484110,59132.73,Office
SI-0002862,S-001416,9082,541612,16391.26,Warehouse
SI-0002863,S-001416,9082,236115,27089.54,Warehouse
SI-0002864,S-001416,8397,484110,12280.29,Office
SI-0002865,S-001417,5403,722513,58988.94,Truck
SI-0002866,S-001417,3632,238220,55382.65,Equipment
SI-0002867,S-001418,5606,722513,79554.26,Storefront
SI-0002868,S-001418,8397,484110,31862.2,Warehouse
SI-0002869,S-001418,9082,238220,30445.44,Truck
SI-0002870,S-001419,5606,541612,17835.32,Storefront
SI-0002871,S-001420,9082,722513,87376.7,Warehouse
SI-0002872,S-001421,7228,541612,23916.03,Warehouse
SI-0002873,S-001422,3632,722513,99490.19,Crew
SI-0002874,S-001423,5606,236115,60650.64,Office
SI-0002875,S-001423,3632,541511,20152.58,Crew
SI-0002876,S-001424,8810,541612,33292.94,Office
SI-0002877,S-001424,3724,238220,34778.94,Truck
SI-0002878,S-001424,9082,722513,28241.95,Truck
SI-0002879,S-001425,8810,238320,22133.18,Office
SI-0002880,S-001425,3632,236115,11033.1,Storefront
SI-0002881,S-001425,5606,484110,45244.87,Storefront
SI-0002882,S-001426,9082,541511,38476.37,Office
SI-0002883,S-001427,9082,238320,13951.65,Storefront
SI-0002884,S-001427,7228,484110,103857.59,Crew
SI-0002885,S-001428,3632,541511,16068.33,Office
SI-0002886,S-001429,9082,541612,15634.22,Warehouse
SI-0002887,S-001429,9082,484110,39240.36,Truck
SI-0002888,S-001430,9082,238220,16528.09,Truck
SI-0002889,S-001430,9082,561720,37892.66,Equipment
SI-0002890,S-001431,8397,561720,78506.22,Truck
SI-0002891,S-001432,3632,484110,42513.83,Crew
SI-0002892,S-001432,3724,484110,30861.21,Warehouse
SI-0002893,S-001433,9082,236115,23745.07,Warehouse
SI-0002894,S-001434,8397,238320,155113.33,Equipment
SI-0002895,S-001435,3632,238220,21386.09,Equipment
SI-0002896,S-001435,5606,238220,9572.39,Equipment
SI-0002897,S-001435,3724,484110,9451.89,Crew
SI-0002898,S-001436,3724,561720,38740.75,Truck
SI-0002899,S-001436,5606,238220,108930.59,Office
SI-0002900,S-001437,5606,561720,60125.62,Storefront
SI-0002901,S-001437,3724,722513,14027.9,Storefront
SI-0002902,S-001438,3724,484110,56081.34,Equipment
SI-0002903,S-001438,3632,236115,63677.89,Warehouse
SI-0002904,S-001439,3724,722513,16725.68,Equipment
SI-0002905,S-001439,5403,541612,31554.43,Crew
SI-0002906,S-001440,3724,722513,33442.69,Office
SI-0002907,S-001440,8810,238220,30210.43,Crew
SI-0002908,S-001440,5403,561720,27817.65,Office
SI-0002909,S-001441,3632,238320,16568.67,Storefront
SI-0002910,S-001441,7228,722513,59149.59,Warehouse
SI-0002911,S-001442,3632,722513,36826.8,Office
SI-0002912,S-001443,8397,484110,17402.84,Crew
SI-0002913,S-001443,5403,484110,74797.21,Crew
SI-0002914,S-001444,5403,236115,20246.64,Warehouse
SI-0002915,S-001445,3632,541612,73525.92,Warehouse
SI-0002916,S-001446,8397,238220,60655.35,Storefront
SI-0002917,S-001446,5403,238220,54101.71,Warehouse
SI-0002918,S-001446,5606,561720,8336.73,Truck
SI-0002919,S-001447,7228,541612,36170.99,Crew
SI-0002920,S-001447,3724,561720,50700.5,Truck
SI-0002921,S-001447,9082,236115,12519.67,Warehouse
SI-0002922,S-001448,9082,238220,22515.01,Equipment
SI-0002923,S-001448,8397,484110,20585.46,Truck
SI-0002924,S-001448,3724,541612,52728.18,Equipment
SI-0002925,S-001449,9082,236115,159828.82,Equipment
SI-0002926,S-001449,7228,236115,16020.59,Truck
SI-0002927,S-001450,8810,238320,22452.14,Crew
SI-0002928,S-001450,5403,561720,35048.9,Warehouse
SI-0002929,S-001451,8810,238220,40734.02,Crew
SI-0002930,S-001451,3632,484110,89031.18,Office
SI-0002931,S-001451,7228,541511,11142.52,Storefront
SI-0002932,S-001452,5606,238220,27331.83,Warehouse
SI-0002933,S-001453,5403,238320,67974.78,Equipment
SI-0002934,S-001453,5403,484110,19745.29,Crew
SI-0002935,S-001453,5403,541511,19379.02,Warehouse
SI-0002936,S-001454,5403,236115,44655.1,Storefront
SI-0002937,S-001454,8810,238320,29344.87,Storefront
SI-0002938,S-001454,3632,722513,36838.35,Storefront
SI-0002939,S-001455,9082,541511,71906.19,Equipment
SI-0002940,S-001455,5403,236115,8236.94,Office
SI-0002941,S-001455,5403,561720,35951.6,Storefront
SI-0002942,S-001456,9082,236115,6627.68,Equipment
SI-0002943,S-001456,9082,722513,25951.65,Truck
SI-0002944,S-001456,8810,484110,28861.9,Crew
SI-0002945,S-001457,5606,236115,17003.4,Warehouse
SI-0002946,S-001457,5403,484110,21749.13,Equipment
SI-0002947,S-001458,8810,541511,16876.82,Office
SI-0002948,S-001459,8397,484110,73252.44,Crew
SI-0002949,S-001460,7228,561720,12241.24,Crew
SI-0002950,S-001460,8397,541511,54647.9,Storefront
SI-0002951,S-001460,3724,236115,148283.79,Equipment
SI-0002952,S-001461,3724,541612,34320.47,Truck
SI-0002953,S-001461,3724,561720,15058.08,Warehouse
SI-0002954,S-001461,3632,484110,13155.71,Warehouse
SI-0002955,S-001462,5606,722513,20116.73,Equipment
SI-0002956,S-001463,7228,541511,15972.85,Equipment
SI-0002957,S-001463,3724,236115,97840.29,Truck
SI-0002958,S-001463,5403,236115,24261.61,Office
SI-0002959,S-001464,5403,238320,17543.58,Equipment
SI-0002960,S-001464,5403,484110,7040.89,Crew
SI-0002961,S-001464,9082,236115,44524.57,Storefront
SI-0002962,S-001465,3724,561720,25913.02,Warehouse
SI-0002963,S-001466,5403,238320,24712.36,Equipment
SI-0002964,S-001467,5403,541511,41161.2,Crew
SI-0002965,S-001467,3632,238220,26633.46,Storefront
SI-0002966,S-001468,9082,541612,17254.45,Warehouse
SI-0002967,S-001468,3724,238320,82316.95,Equipment
SI-0002968,S-001469,8810,541511,38250.49,Crew
SI-0002969,S-001470,8810,541511,10634.57,Warehouse
SI-0002970,S-001470,8397,484110,10922.39,Office
SI-0002971,S-001470,3632,561720,37033.93,Truck
SI-0002972,S-001471,3724,238320,17436.86,Warehouse
SI-0002973,S-001471,5403,541612,24097.25,Equipment
SI-0002974,S-001472,7228,541511,31106.58,Crew
SI-0002975,S-001472,5403,238320,69272.19,Storefront
SI-0002976,S-001473,8810,236115,11569.69,Warehouse
SI-0002977,S-001474,7228,236115,57504.4,Crew
SI-0002978,S-001474,8397,541511,29048.06,Crew
SI-0002979,S-001474,8397,541612,35003.3,Crew
SI-0002980,S-001475,8397,238220,68443.28,Truck
SI-0002981,S-001476,7228,484110,97708.95,Equipment
SI-0002982,S-001476,8810,561720,73008.01,Truck
SI-0002983,S-001477,8810,561720,20186.1,Equipment
SI-0002984,S-001477,7228,238220,18815.87,Truck
SI-0002985,S-001478,7228,722513,59192.26,Truck
SI-0002986,S-001478,7228,238220,50550.72,Warehouse
SI-0002987,S-001479,3724,541511,27589.77,Storefront
SI-0002988,S-001479,5403,722513,92952.5,Crew
SI-0002989,S-001480,5403,238220,41484.51,Office
SI-0002990,S-001481,3632,722513,28170.42,Storefront
SI-0002991,S-001481,7228,561720,18484.37,Office
SI-0002992,S-001482,3724,238320,33954.78,Storefront
SI-0002993,S-001482,9082,541511,38440.84,Office
SI-0002994,S-001482,5403,238220,20255.93,Storefront
SI-0002995,S-001483,8810,722513,77457.22,Crew
SI-0002996,S-001484,5606,541612,144549.38,Storefront
SI-0002997,S-001484,9082,722513,11028.68,Warehouse
SI-0002998,S-001484,5606,541511,27887.09,Truck
SI-0002999,S-001485,7228,561720,22570.56,Storefront
SI-0003000,S-001485,8397,238220,31214.73,Warehouse
SI-0003001,S-001485,3724,236115,16726.86,Equipment
SI-0003002,S-001486,7228,541612,39899.46,Warehouse
SI-0003003,S-001487,3632,541612,66229.09,Storefront
SI-0003004,S-001488,7228,722513,13125.29,Warehouse
SI-0003005,S-001488,3632,236115,12375.25,Storefront
SI-0003006,S-001489,8397,561720,28472.26,Truck
SI-0003007,S-001490,3632,236115,25068.82,Crew
SI-0003008,S-001490,7228,541511,13639.04,Warehouse
SI-0003009,S-001490,3632,238320,81717.14,Equipment
SI-0003010,S-001491,5606,541612,19463.55,Truck
SI-0003011,S-001491,9082,722513,22459.72,Storefront
SI-0003012,S-001491,8397,561720,21433.61,Warehouse
SI-0003013,S-001492,9082,541511,119042.19,Storefront
SI-0003014,S-001493,3724,238220,132068.18,Crew
SI-0003015,S-001493,9082,238320,41493.76,Storefront
SI-0003016,S-001494,3724,484110,141726.26,Office
SI-0003017,S-001494,3724,722513,13966.49,Truck
SI-0003018,S-001494,8810,561720,62410.03,Equipment
SI-0003019,S-001495,8397,484110,32668.34,Crew
SI-0003020,S-001495,8810,236115,104575.71,Warehouse
SI-0003021,S-001496,7228,484110,84297.8,Office
SI-0003022,S-001496,3632,541511,4950.81,Warehouse
SI-0003023,S-001497,7228,238220,60791.39,Crew
SI-0003024,S-001497,5606,238220,24211.62,Storefront
SI-0003025,S-001498,3724,236115,50158.27,Equipment
SI-0003026,S-001498,9082,236115,24085.44,Crew
SI-0003027,S-001499,3632,238320,47089.94,Crew
SI-0003028,S-001499,3632,541612,18186.42,Storefront
SI-0003029,S-001499,3724,561720,11927.07,Equipment
SI-0003030,S-001500,9082,541612,2964.29,Crew
SI-0003031,S-001501,8397,236115,17512.67,Office
SI-0003032,S-001501,3632,722513,37927.27,Crew
SI-0003033,S-001501,8397,238220,15713.68,Truck
SI-0003034,S-001502,3724,238220,28318.7,Warehouse
SI-0003035,S-001503,5606,541612,20752.63,Warehouse
SI-0003036,S-001504,3724,236115,84920.33,Office
SI-0003037,S-001504,3632,541612,11160.2,Crew
SI-0003038,S-001505,5403,238220,103346.94,Equipment
SI-0003039,S-001505,3724,722513,18690.33,Office
SI-0003040,S-001505,8810,484110,56489.18,Warehouse
SI-0003041,S-001506,8397,484110,23586.34,Office
SI-0003042,S-001507,9082,238320,105023.75,Office
SI-0003043,S-001507,5403,541511,11785.5,Truck
SI-0003044,S-001508,8397,541612,25247.71,Truck
SI-0003045,S-001508,9082,238220,163512.78,Truck
SI-0003046,S-001509,3724,236115,17899.28,Storefront
SI-0003047,S-001509,3632,236115,43703.11,Warehouse
SI-0003048,S-001509,3632,238320,38425.68,Truck
SI-0003049,S-001510,8810,722513,332525.17,Crew
SI-0003050,S-001511,9082,541511,25660.07,Equipment
SI-0003051,S-001511,3724,238220,54795.71,Crew
SI-0003052,S-001512,8397,722513,65907.9,Truck
SI-0003053,S-001512,9082,722513,74510.35,Storefront
SI-0003054,S-001512,8810,541612,19978.88,Equipment
SI-0003055,S-001513,5606,541612,48545.19,Truck
SI-0003056,S-001513,5403,541612,114725.79,Office
SI-0003057,S-001513,8810,561720,65208.87,Warehouse
SI-0003058,S-001514,3724,561720,13278.31,Crew
SI-0003059,S-001514,5606,484110,37684.38,Storefront
SI-0003060,S-001514,8810,484110,9396.07,Office
SI-0003061,S-001515,8810,541612,27236.95,Storefront
SI-0003062,S-001516,5606,561720,41526.11,Truck
SI-0003063,S-001516,5606,541612,32344.08,Truck
SI-0003064,S-001516,3724,238220,52518.86,Warehouse
SI-0003065,S-001517,3724,541612,19983.04,Storefront
SI-0003066,S-001517,3724,484110,50863.73,Equipment
SI-0003067,S-001517,5606,238220,35726.14,Office
SI-0003068,S-001518,3632,541612,25125.7,Truck
SI-0003069,S-001519,8397,541612,88452.57,Storefront
SI-0003070,S-001520,3632,541511,22583.98,Equipment
SI-0003071,S-001521,7228,561720,63456.8,Truck
SI-0003072,S-001521,3632,238320,17479.33,Equipment
SI-0003073,S-001522,8810,722513,49007.06,Warehouse
SI-0003074,S-001523,8397,541511,53106.54,Truck
SI-0003075,S-001523,3632,238220,36118.3,Warehouse
SI-0003076,S-001523,7228,722513,19252.85,Office
SI-0003077,S-001524,3724,541511,75924.41,Storefront
SI-0003078,S-001525,5403,561720,102094.92,Crew
SI-0003079,S-001525,5606,561720,39484.36,Warehouse
SI-0003080,S-001526,3724,561720,7288.28,Storefront
SI-0003081,S-001526,8810,722513,37600.69,Truck
SI-0003082,S-001527,3724,541511,163370.59,Equipment
SI-0003083,S-001528,5403,561720,56634.6,Crew
SI-0003084,S-001528,8397,541612,56828.64,Crew
SI-0003085,S-001529,5403,541612,153930.79,Warehouse
SI-0003086,S-001529,5403,722513,18656.0,Crew
SI-0003087,S-001530,3632,236115,99565.79,Crew
SI-0003088,S-001531,7228,541612,11201.13,Truck
SI-0003089,S-001532,5403,541612,31468.33,Equipment
SI-0003090,S-001532,9082,236115,26318.15,Warehouse
SI-0003091,S-001533,5606,541511,37560.04,Crew
SI-0003092,S-001533,5403,541511,72490.68,Warehouse
SI-0003093,S-001533,8810,722513,119174.47,Office
SI-0003094,S-001534,5606,484110,147342.13,Truck
SI-0003095,S-001534,3632,238320,7491.69,Storefront
SI-0003096,S-001534,7228,561720,20636.09,Office
SI-0003097,S-001535,8397,541511,27238.47,Equipment
SI-0003098,S-001535,8397,238220,48413.06,Storefront
SI-0003099,S-001535,7228,561720,27775.6,Equipment
SI-0003100,S-001536,7228,238320,33007.18,Storefront
SI-0003101,S-001536,3724,238320,125637.28,Crew
SI-0003102,S-001536,5403,541511,42918.74,Truck
SI-0003103,S-001537,8810,722513,75824.64,Truck
SI-0003104,S-001537,3632,541511,21609.85,Office
SI-0003105,S-001537,8397,541612,130319.34,Office
SI-0003106,S-001538,9082,484110,86984.31,Warehouse
SI-0003107,S-001539,9082,561720,37082.18,Office
SI-0003108,S-001540,9082,722513,23573.49,Equipment
SI-0003109,S-001541,5606,722513,29446.83,Storefront
SI-0003110,S-001541,3632,541612,47907.84,Truck
SI-0003111,S-001542,8810,236115,43230.86,Truck
SI-0003112,S-001542,8397,484110,63517.65,Warehouse
SI-0003113,S-001542,9082,541612,28347.96,Storefront
SI-0003114,S-001543,3724,238320,95484.22,Office
SI-0003115,S-001543,3724,541511,14677.58,Equipment
SI-0003116,S-001543,7228,238320,15493.65,Office
SI-0003117,S-001544,5403,541511,175186.57,Equipment
SI-0003118,S-001544,5606,236115,57438.69,Equipment
SI-0003119,S-001545,3632,541612,99236.65,Office
SI-0003120,S-001546,8397,541612,13933.75,Equipment
SI-0003121,S-001547,7228,238220,10854.8,Equipment
SI-0003122,S-001547,8810,238320,19447.21,Office
SI-0003123,S-001548,8397,541612,37894.65,Equipment
SI-0003124,S-001548,5606,722513,26733.29,Storefront
SI-0003125,S-001549,5403,722513,17066.82,Storefront
SI-0003126,S-001549,8397,484110,25040.23,Warehouse
SI-0003127,S-001549,5403,484110,8383.36,Storefront
SI-0003128,S-001550,7228,541511,21413.9,Crew
SI-0003129,S-001550,5403,561720,42460.93,Equipment
SI-0003130,S-001551,3632,236115,39894.63,Storefront
SI-0003131,S-001551,5606,484110,32812.28,Warehouse
SI-0003132,S-001552,9082,541511,12802.33,Storefront
SI-0003133,S-001552,8810,484110,58044.07,Warehouse
SI-0003134,S-001552,7228,238320,17947.57,Crew
SI-0003135,S-001553,3724,238320,13814.85,Truck
SI-0003136,S-001553,8810,541612,48673.04,Crew
SI-0003137,S-001553,8810,541511,25504.18,Warehouse
SI-0003138,S-001554,3632,541511,28058.73,Truck
SI-0003139,S-001554,5403,236115,10454.29,Equipment
SI-0003140,S-001554,7228,238220,43770.02,Storefront
SI-0003141,S-001555,3632,236115,62367.64,Equipment
SI-0003142,S-001556,7228,541612,13840.93,Office
SI-0003143,S-001557,3632,238220,21323.3,Storefront
SI-0003144,S-001557,3724,541511,81990.97,Office
SI-0003145,S-001558,5403,238320,21616.63,Office
SI-0003146,S-001558,3632,238320,36539.84,Crew
SI-0003147,S-001559,3632,541612,151266.25,Equipment
SI-0003148,S-001559,7228,238220,20079.98,Truck
SI-0003149,S-001560,5606,238220,24805.85,Crew
SI-0003150,S-001561,5606,541511,40996.57,Warehouse
SI-0003151,S-001562,8397,238320,27858.81,Truck
SI-0003152,S-001562,8810,541511,14394.92,Equipment
SI-0003153,S-001563,9082,541612,23530.41,Truck
SI-0003154,S-001563,8397,541612,149397.33,Storefront
SI-0003155,S-001563,9082,541612,18357.01,Equipment
SI-0003156,S-001564,9082,541612,22343.54,Equipment
SI-0003157,S-001565,8810,561720,48774.59,Storefront
SI-0003158,S-001565,8810,484110,44973.75,Truck
SI-0003159,S-001566,3724,236115,58104.74,Warehouse
SI-0003160,S-001566,3724,722513,13759.37,Equipment
SI-0003161,S-001566,5403,238220,30211.0,Warehouse
SI-0003162,S-001567,7228,722513,5843.13,Truck
SI-0003163,S-001567,5403,541612,49912.1,Warehouse
SI-0003164,S-001568,8810,561720,108923.68,Warehouse
SI-0003165,S-001568,3632,541612,30970.84,Storefront
SI-0003166,S-001568,5606,722513,126258.23,Office
SI-0003167,S-001569,9082,238320,31397.6,Crew
SI-0003168,S-001569,7228,236115,57187.96,Truck
SI-0003169,S-001569,5403,484110,46389.44,Crew
SI-0003170,S-001570,5606,541612,60788.36,Equipment
SI-0003171,S-001571,5403,238220,30629.15,Crew
SI-0003172,S-001572,9082,541511,8694.23,Truck
SI-0003173,S-001572,5403,722513,23466.25,Equipment
SI-0003174,S-001573,5606,722513,29127.26,Crew
SI-0003175,S-001573,5403,238320,11789.53,Truck
SI-0003176,S-001574,8397,722513,11382.29,Crew
SI-0003177,S-001574,9082,238220,12843.52,Office
SI-0003178,S-001574,8397,236115,5667.61,Equipment
SI-0003179,S-001575,5606,722513,44338.97,Storefront
SI-0003180,S-001576,8397,236115,14535.21,Truck
SI-0003181,S-001576,9082,484110,17124.71,Storefront
SI-0003182,S-001577,3632,236115,11387.34,Truck
SI-0003183,S-001578,5403,541511,32440.47,Storefront
SI-0003184,S-001579,3724,541511,28379.53,Truck
SI-0003185,S-001579,5403,561720,18006.3,Truck
SI-0003186,S-001579,8810,484110,65671.67,Crew
SI-0003187,S-001580,5403,238320,31103.49,Storefront
SI-0003188,S-001580,3632,238220,107334.48,Warehouse
SI-0003189,S-001580,5606,541511,42811.38,Office
SI-0003190,S-001581,8810,722513,20613.89,Storefront
SI-0003191,S-001581,8397,238320,39439.56,Storefront
SI-0003192,S-001581,9082,236115,19325.19,Truck
SI-0003193,S-001582,5606,541511,17781.51,Crew
SI-0003194,S-001583,5606,541511,30936.91,Truck
SI-0003195,S-001583,3724,484110,33181.83,Equipment
SI-0003196,S-001583,8810,238220,49316.58,Warehouse
SI-0003197,S-001584,5403,238220,16724.26,Equipment
SI-0003198,S-001584,3724,722513,126116.46,Truck
SI-0003199,S-001585,8810,238320,20503.53,Truck
SI-0003200,S-001586,8810,541612,12360.1,Storefront
SI-0003201,S-001587,5403,236115,35806.59,Storefront
SI-0003202,S-001587,3632,238320,13927.21,Crew
SI-0003203,S-001588,5403,236115,23379.14,Truck
SI-0003204,S-001589,8810,722513,8208.33,Office
SI-0003205,S-001589,9082,238220,18561.18,Crew
SI-0003206,S-001589,8397,238320,90899.27,Office
SI-0003207,S-001590,5403,238220,25394.61,Office
SI-0003208,S-001591,5606,484110,54976.05,Warehouse
SI-0003209,S-001591,8810,541612,42164.57,Equipment
SI-0003210,S-001592,5403,484110,17720.91,Crew
SI-0003211,S-001593,5403,484110,18391.43,Equipment
SI-0003212,S-001593,3724,541511,27820.53,Equipment
SI-0003213,S-001594,8397,541612,45998.01,Warehouse
SI-0003214,S-001595,8397,722513,43642.9,Equipment
SI-0003215,S-001595,8810,561720,14664.92,Warehouse
SI-0003216,S-001596,8810,722513,42647.1,Office
SI-0003217,S-001597,9082,541612,31860.01,Office
SI-0003218,S-001597,5403,236115,137440.29,Warehouse
SI-0003219,S-001597,5403,236115,48995.64,Equipment
SI-0003220,S-001598,5606,541612,22559.69,Truck
SI-0003221,S-001599,3632,561720,31604.72,Crew
SI-0003222,S-001600,7228,484110,27980.86,Truck
SI-0003223,S-001600,3632,236115,77227.74,Warehouse
SI-0003224,S-001601,3724,561720,15176.96,Warehouse
SI-0003225,S-001602,7228,561720,59865.63,Office
SI-0003226,S-001603,3724,541612,55290.83,Storefront
SI-0003227,S-001604,3724,484110,29092.77,Office
SI-0003228,S-001604,8397,484110,66881.02,Truck
SI-0003229,S-001604,8397,484110,21905.06,Crew
SI-0003230,S-001605,9082,541612,32636.24,Truck
SI-0003231,S-001605,3724,722513,34751.64,Warehouse
SI-0003232,S-001605,3724,238220,40616.94,Storefront
SI-0003233,S-001606,5606,541612,48527.14,Storefront
SI-0003234,S-001607,8810,238220,28509.97,Crew
SI-0003235,S-001608,5606,541511,92785.89,Crew
SI-0003236,S-001608,9082,541612,45868.0,Warehouse
SI-0003237,S-001608,3632,541612,25272.77,Equipment
SI-0003238,S-001609,7228,238220,24534.1,Crew
SI-0003239,S-001609,3632,238220,86990.26,Office
SI-0003240,S-001610,8397,541612,49223.2,Office
SI-0003241,S-001611,9082,722513,63993.62,Equipment
SI-0003242,S-001611,5403,236115,111771.46,Office
SI-0003243,S-001611,7228,238220,8255.48,Truck
SI-0003244,S-001612,9082,236115,17386.8,Crew
SI-0003245,S-001613,3724,484110,47380.77,Warehouse
SI-0003246,S-001614,8397,722513,18342.4,Office
SI-0003247,S-001614,7228,561720,33065.48,Storefront
SI-0003248,S-001614,8397,238220,84860.68,Storefront
SI-0003249,S-001615,8397,541612,15895.28,Office
SI-0003250,S-001615,7228,484110,25289.62,Equipment
SI-0003251,S-001616,5606,484110,60686.59,Equipment
SI-0003252,S-001617,3632,561720,27754.55,Crew
SI-0003253,S-001618,5606,484110,15438.77,Storefront
SI-0003254,S-001618,3724,484110,41422.5,Storefront
SI-0003255,S-001618,5606,238320,101770.18,Crew
SI-0003256,S-001619,8810,238220,11367.18,Storefront
SI-0003257,S-001619,8397,561720,125846.73,Storefront
SI-0003258,S-001620,8397,722513,39962.44,Office
SI-0003259,S-001621,5403,484110,27633.55,Crew
SI-0003260,S-001621,9082,561720,54106.26,Warehouse
SI-0003261,S-001622,7228,236115,28260.88,Warehouse
SI-0003262,S-001622,5606,238220,16899.18,Office
SI-0003263,S-001622,7228,541511,21942.51,Equipment
SI-0003264,S-001623,3632,541511,43313.32,Office
SI-0003265,S-001623,5606,541612,15521.08,Truck
SI-0003266,S-001624,7228,541511,23491.0,Crew
SI-0003267,S-001624,5403,541612,49177.34,Crew
SI-0003268,S-001625,5606,238320,16267.15,Crew
SI-0003269,S-001626,8397,561720,50776.93,Equipment
SI-0003270,S-001626,8397,238220,64101.99,Crew
SI-0003271,S-001627,8397,238220,27688.71,Equipment
SI-0003272,S-001627,3724,238320,8910.55,Warehouse
SI-0003273,S-001627,7228,561720,24040.73,Office
SI-0003274,S-001628,3632,722513,11079.91,Truck
SI-0003275,S-001628,9082,236115,21613.8,Storefront
SI-0003276,S-001629,5606,541511,17474.76,Warehouse
SI-0003277,S-001630,9082,561720,25913.75,Equipment
SI-0003278,S-001630,3724,541511,20967.62,Warehouse
SI-0003279,S-001630,5403,541612,8853.06,Warehouse
SI-0003280,S-001631,3632,541612,27059.45,Warehouse
SI-0003281,S-001631,9082,484110,15878.18,Office
SI-0003282,S-001631,8810,484110,52712.53,Warehouse
SI-0003283,S-001632,3724,238320,20124.72,Storefront
SI-0003284,S-001632,8810,722513,55480.98,Truck
SI-0003285,S-001633,5403,722513,50501.24,Truck
SI-0003286,S-001633,5403,541511,17912.57,Office
SI-0003287,S-001633,3632,541612,88126.65,Office
SI-0003288,S-001634,7228,722513,28014.4,Warehouse
SI-0003289,S-001634,5606,722513,12643.48,Equipment
SI-0003290,S-001635,3724,238320,55565.81,Equipment
SI-0003291,S-001636,8397,541511,18959.58,Office
SI-0003292,S-001637,8397,561720,21435.79,Equipment
SI-0003293,S-001637,9082,722513,30946.98,Truck
SI-0003294,S-001638,8810,722513,8621.08,Storefront
SI-0003295,S-001638,7228,541511,4182.64,Storefront
SI-0003296,S-001639,5403,238320,22324.15,Crew
SI-0003297,S-001640,9082,238320,44445.45,Warehouse
SI-0003298,S-001640,3632,541511,14457.98,Warehouse
SI-0003299,S-001641,5606,722513,22970.37,Warehouse
SI-0003300,S-001641,9082,722513,25299.54,Truck
SI-0003301,S-001642,5403,722513,40646.28,Office
SI-0003302,S-001643,8810,541612,6403.2,Office
SI-0003303,S-001643,9082,484110,18941.09,Crew
SI-0003304,S-001644,9082,561720,68302.04,Crew
SI-0003305,S-001645,3724,238220,16652.39,Truck
SI-0003306,S-001645,8810,541612,80430.56,Equipment
SI-0003307,S-001645,7228,722513,54462.97,Office
SI-0003308,S-001646,8810,561720,18111.68,Truck
SI-0003309,S-001646,7228,561720,13406.7,Warehouse
SI-0003310,S-001646,8810,484110,82588.56,Warehouse
SI-0003311,S-001647,5606,722513,61099.03,Warehouse
SI-0003312,S-001648,3632,541612,41034.78,Crew
SI-0003313,S-001648,9082,541612,88002.12,Truck
SI-0003314,S-001648,5606,541612,38174.27,Storefront
SI-0003315,S-001649,3632,561720,12314.29,Storefront
SI-0003316,S-001649,5403,238320,28216.16,Storefront
SI-0003317,S-001649,8810,238220,31789.99,Warehouse
SI-0003318,S-001650,5403,238220,37234.07,Crew
SI-0003319,S-001650,8397,484110,43567.34,Office
SI-0003320,S-001651,3632,238320,22188.54,Office
SI-0003321,S-001652,5403,722513,111738.02,Office
SI-0003322,S-001653,3632,541511,9085.94,Storefront
SI-0003323,S-001653,5403,238320,26601.69,Office
SI-0003324,S-001654,8810,238220,62147.91,Storefront
SI-0003325,S-001655,5403,236115,20960.18,Truck
SI-0003326,S-001655,9082,561720,48654.04,Equipment
SI-0003327,S-001655,8397,541511,46138.33,Warehouse
SI-0003328,S-001656,3724,238320,58866.98,Office
SI-0003329,S-001657,3632,541612,5088.37,Warehouse
SI-0003330,S-001658,8810,484110,43646.09,Crew
SI-0003331,S-001658,8397,236115,18168.47,Equipment
SI-0003332,S-001658,3632,484110,31443.97,Warehouse
SI-0003333,S-001659,9082,238220,48371.54,Equipment
SI-0003334,S-001660,8810,238320,21646.35,Office
SI-0003335,S-001661,7228,484110,56360.98,Equipment
SI-0003336,S-001661,8397,541511,10015.63,Warehouse
SI-0003337,S-001662,8810,238220,34481.89,Equipment
SI-0003338,S-001662,8397,238320,28607.13,Storefront
SI-0003339,S-001662,5403,722513,27798.48,Storefront
SI-0003340,S-001663,9082,236115,36415.56,Storefront
SI-0003341,S-001664,5606,238320,9116.88,Equipment
SI-0003342,S-001664,9082,484110,46490.36,Equipment
SI-0003343,S-001664,5403,238220,24382.54,Storefront
SI-0003344,S-001665,9082,238320,46755.52,Warehouse
SI-0003345,S-001665,3724,484110,40118.6,Storefront
SI-0003346,S-001666,5606,238220,24977.92,Crew
SI-0003347,S-001667,8810,722513,54905.94,Equipment
SI-0003348,S-001667,7228,484110,40229.2,Truck
SI-0003349,S-001668,8397,541511,48492.48,Office
SI-0003350,S-001668,5403,722513,29263.35,Truck
SI-0003351,S-001669,5403,541612,26398.3,Office
SI-0003352,S-001669,8397,722513,11136.83,Office
SI-0003353,S-001669,5403,238320,23695.35,Storefront
SI-0003354,S-001670,8397,236115,51896.59,Crew
SI-0003355,S-001670,8397,238220,19587.89,Storefront
SI-0003356,S-001671,3632,561720,57075.22,Warehouse
SI-0003357,S-001671,3724,484110,19093.86,Crew
SI-0003358,S-001672,3724,238220,21714.02,Office
SI-0003359,S-001673,3724,236115,83776.64,Office
SI-0003360,S-001674,7228,541612,56664.78,Office
SI-0003361,S-001674,9082,561720,18998.6,Equipment
SI-0003362,S-001674,7228,722513,17062.81,Office
SI-0003363,S-001675,8810,541612,26453.83,Equipment
SI-0003364,S-001675,7228,238320,48019.78,Truck
SI-0003365,S-001675,5606,722513,10305.17,Office
SI-0003366,S-001676,3632,541511,104709.24,Equipment
SI-0003367,S-001677,3632,541511,17074.4,Crew
SI-0003368,S-001678,3632,238320,50795.17,Crew
SI-0003369,S-001678,8397,722513,11826.97,Storefront
SI-0003370,S-001679,5403,722513,88987.21,Truck
SI-0003371,S-001679,5606,541612,21386.27,Equipment
SI-0003372,S-001680,5606,238220,59238.02,Crew
SI-0003373,S-001680,8810,561720,23985.18,Warehouse
SI-0003374,S-001681,5606,238320,47258.56,Office
SI-0003375,S-001681,9082,238220,10089.01,Office
SI-0003376,S-001682,7228,541612,36052.34,Warehouse
SI-0003377,S-001682,9082,561720,16619.53,Crew
SI-0003378,S-001683,7228,238320,14059.39,Crew
SI-0003379,S-001683,9082,238220,18234.4,Truck
SI-0003380,S-001684,8397,561720,47442.14,Crew
SI-0003381,S-001684,8810,484110,46473.03,Warehouse
SI-0003382,S-001684,7228,238220,13275.84,Truck
SI-0003383,S-001685,3632,541511,36323.1,Storefront
SI-0003384,S-001685,8397,484110,29186.76,Storefront
SI-0003385,S-001686,5606,236115,17671.17,Office
SI-0003386,S-001686,3724,484110,15212.36,Office
SI-0003387,S-001687,3724,236115,11820.58,Truck
SI-0003388,S-001688,9082,238320,20749.45,Warehouse
SI-0003389,S-001689,3724,722513,22419.86,Crew
SI-0003390,S-001689,3632,561720,69492.68,Storefront
SI-0003391,S-001690,5606,238320,117990.51,Truck
SI-0003392,S-001691,8397,561720,57210.03,Storefront
SI-0003393,S-001692,3724,236115,32886.99,Warehouse
SI-0003394,S-001692,5403,236115,22337.62,Equipment
SI-0003395,S-001692,3632,238220,27432.81,Storefront
SI-0003396,S-001693,5403,484110,50082.44,Equipment
SI-0003397,S-001693,9082,722513,47592.5,Storefront
SI-0003398,S-001693,7228,541612,44211.09,Crew
SI-0003399,S-001694,9082,561720,152469.66,Truck
SI-0003400,S-001694,8397,238320,7786.49,Storefront
SI-0003401,S-001695,8397,236115,58239.43,Warehouse
SI-0003402,S-001695,5606,238320,14277.97,Crew
SI-0003403,S-001696,8397,541511,166015.5,Warehouse
SI-0003404,S-001696,8810,236115,69498.87,Warehouse
SI-0003405,S-001697,8397,236115,13755.2,Storefront
SI-0003406,S-001697,7228,238320,23052.49,Warehouse
SI-0003407,S-001697,5403,541612,77006.9,Storefront
SI-0003408,S-001698,9082,484110,77244.73,Truck
SI-0003409,S-001698,8810,238320,41189.82,Truck
SI-0003410,S-001699,9082,541511,48003.06,Crew
SI-0003411,S-001699,5403,541511,27162.76,Equipment
SI-0003412,S-001699,7228,722513,45878.76,Truck
SI-0003413,S-001700,3724,238220,12602.24,Storefront
SI-0003414,S-001700,7228,484110,9102.12,Truck
SI-0003415,S-001700,8397,238220,55215.22,Crew
SI-0003416,S-001701,8397,238220,12504.51,Equipment
SI-0003417,S-001702,8397,484110,132217.37,Warehouse
SI-0003418,S-001702,8810,722513,17504.88,Crew
SI-0003419,S-001703,8397,541511,79859.41,Storefront
SI-0003420,S-001703,5606,484110,77115.0,Warehouse
SI-0003421,S-001704,8397,541612,45021.43,Office
SI-0003422,S-001704,9082,484110,17088.76,Storefront
SI-0003423,S-001704,7228,236115,96062.99,Truck
SI-0003424,S-001705,3632,561720,30386.56,Crew
SI-0003425,S-001706,8397,238320,47597.73,Warehouse
SI-0003426,S-001706,3632,238320,42532.22,Truck
SI-0003427,S-001706,5403,484110,59848.72,Crew
SI-0003428,S-001707,5606,236115,68203.94,Truck
SI-0003429,S-001707,5606,722513,25946.68,Equipment
SI-0003430,S-001708,3724,561720,9580.45,Truck
SI-0003431,S-001708,5606,238320,25019.78,Warehouse
SI-0003432,S-001709,5403,541511,85857.13,Warehouse
SI-0003433,S-001710,5403,541511,42211.23,Equipment
SI-0003434,S-001711,5403,541511,55974.08,Crew
SI-0003435,S-001712,8397,236115,39753.29,Equipment
SI-0003436,S-001713,5403,541511,51295.99,Warehouse
SI-0003437,S-001714,9082,238320,37799.58,Crew
SI-0003438,S-001714,5606,541612,27913.91,Office
SI-0003439,S-001714,3724,238220,71466.72,Warehouse
SI-0003440,S-001715,8810,236115,25310.85,Crew
SI-0003441,S-001715,8397,561720,24095.51,Storefront
SI-0003442,S-001715,9082,561720,22835.85,Truck
SI-0003443,S-001716,9082,722513,21100.63,Crew
SI-0003444,S-001716,5403,238220,42547.58,Warehouse
SI-0003445,S-001717,8810,561720,244189.03,Truck
SI-0003446,S-001718,8810,561720,90725.82,Office
SI-0003447,S-001718,3724,541511,14390.48,Equipment
SI-0003448,S-001719,8810,238220,16508.12,Crew
SI-0003449,S-001720,8397,484110,44215.77,Storefront
SI-0003450,S-001720,8810,722513,17188.51,Office
SI-0003451,S-001720,3724,722513,15952.69,Warehouse
SI-0003452,S-001721,8397,484110,27305.37,Office
SI-0003453,S-001721,3632,541612,62509.94,Office
SI-0003454,S-001722,3632,238220,57733.41,Truck
SI-0003455,S-001723,9082,541612,24359.37,Truck
SI-0003456,S-001723,3632,561720,29465.5,Office
SI-0003457,S-001723,3724,541511,82149.99,Warehouse
SI-0003458,S-001724,9082,236115,24658.32,Truck
SI-0003459,S-001724,5403,484110,44952.64,Storefront
SI-0003460,S-001725,5403,561720,54551.12,Crew
SI-0003461,S-001725,3724,561720,14535.66,Equipment
SI-0003462,S-001726,3632,236115,44236.12,Warehouse
SI-0003463,S-001726,8810,236115,42338.1,Storefront
SI-0003464,S-001726,7228,238220,60379.26,Equipment
SI-0003465,S-001727,5606,541511,45585.67,Warehouse
SI-0003466,S-001728,9082,484110,25197.03,Equipment
SI-0003467,S-001729,5403,238320,31818.19,Truck
SI-0003468,S-001730,7228,238320,46448.85,Truck
SI-0003469,S-001730,5606,236115,33763.05,Crew
SI-0003470,S-001731,3724,541612,23091.82,Warehouse
SI-0003471,S-001731,7228,238320,12664.0,Equipment
SI-0003472,S-001731,5403,484110,21433.97,Office
SI-0003473,S-001732,8810,484110,23983.96,Truck
SI-0003474,S-001733,9082,722513,21072.86,Equipment
SI-0003475,S-001733,9082,236115,10413.21,Crew
SI-0003476,S-001733,7228,484110,25742.02,Truck
SI-0003477,S-001734,8810,541612,25944.08,Office
SI-0003478,S-001735,5606,238320,32842.59,Warehouse
SI-0003479,S-001735,8810,722513,80829.13,Equipment
SI-0003480,S-001735,9082,236115,24354.91,Truck
SI-0003481,S-001736,8397,484110,268625.6,Crew
SI-0003482,S-001736,9082,541612,22279.55,Warehouse
SI-0003483,S-001736,8810,541511,25968.26,Warehouse
SI-0003484,S-001737,7228,722513,39646.65,Truck
SI-0003485,S-001737,9082,561720,19072.83,Warehouse
SI-0003486,S-001737,8810,541511,50093.51,Office
SI-0003487,S-001738,5606,561720,14763.38,Truck
SI-0003488,S-001738,8810,238220,18453.05,Warehouse
SI-0003489,S-001738,5606,238220,35237.19,Equipment
SI-0003490,S-001739,7228,561720,23555.96,Office
SI-0003491,S-001739,5606,561720,40399.69,Storefront
SI-0003492,S-001739,3724,238220,21337.96,Equipment
SI-0003493,S-001740,7228,722513,33602.16,Equipment
SI-0003494,S-001740,5403,561720,36491.99,Warehouse
SI-0003495,S-001741,7228,238220,91728.11,Office
SI-0003496,S-001742,5403,541612,101844.5,Crew
SI-0003497,S-001742,7228,722513,63785.35,Warehouse
SI-0003498,S-001743,9082,238320,30413.54,Equipment
SI-0003499,S-001743,3724,238320,11543.34,Warehouse
SI-0003500,S-001743,9082,236115,54293.67,Office
SI-0003501,S-001744,3724,484110,41613.25,Equipment
SI-0003502,S-001745,9082,484110,36215.77,Warehouse
SI-0003503,S-001745,3632,238320,34070.24,Office
SI-0003504,S-001746,9082,236115,35861.2,Office
SI-0003505,S-001747,8810,722513,25876.86,Warehouse
SI-0003506,S-001747,9082,236115,65795.19,Equipment
SI-0003507,S-001748,8397,561720,35110.23,Crew
SI-0003508,S-001749,8810,238320,22064.47,Equipment
SI-0003509,S-001750,3632,541612,122835.64,Office
SI-0003510,S-001750,5403,722513,58361.74,Warehouse
SI-0003511,S-001751,3724,238220,203074.94,Warehouse
SI-0003512,S-001752,8810,236115,13641.34,Crew
SI-0003513,S-001752,8397,238320,24229.0,Truck
SI-0003514,S-001753,3724,236115,34515.81,Office
SI-0003515,S-001754,5403,722513,6213.66,Equipment
SI-0003516,S-001755,8397,238320,20137.6,Office
SI-0003517,S-001755,5403,541511,49487.71,Warehouse
SI-0003518,S-001755,3632,484110,27501.15,Storefront
SI-0003519,S-001756,3724,541511,28313.73,Equipment
SI-0003520,S-001756,7228,484110,29809.99,Truck
SI-0003521,S-001756,5606,561720,36702.58,Warehouse
SI-0003522,S-001757,7228,541612,21223.25,Office
SI-0003523,S-001757,7228,236115,74290.56,Truck
SI-0003524,S-001757,8810,484110,90301.56,Equipment
SI-0003525,S-001758,5606,238220,24511.57,Storefront
SI-0003526,S-001758,8810,238220,26130.17,Crew
SI-0003527,S-001758,3632,238320,58024.44,Crew
SI-0003528,S-001759,3632,484110,67204.79,Crew
SI-0003529,S-001760,3632,236115,13306.0,Storefront
SI-0003530,S-001760,5403,236115,39757.29,Equipment
SI-0003531,S-001760,7228,561720,99570.6,Warehouse
SI-0003532,S-001761,3724,722513,26718.28,Office
SI-0003533,S-001761,8397,484110,10187.64,Warehouse
SI-0003534,S-001762,3724,541612,36267.05,Crew
SI-0003535,S-001763,3632,236115,10852.14,Truck
SI-0003536,S-001763,5606,484110,41295.76,Office
SI-0003537,S-001764,5403,236115,35161.21,Truck
SI-0003538,S-001764,3724,236115,10893.97,Warehouse
SI-0003539,S-001764,5606,561720,9736.66,Equipment
SI-0003540,S-001765,8397,722513,108203.76,Warehouse
SI-0003541,S-001766,8397,541612,38270.11,Office
SI-0003542,S-001766,7228,236115,12531.98,Warehouse
SI-0003543,S-001766,9082,484110,21593.46,Storefront
SI-0003544,S-001767,9082,541511,24743.27,Storefront
SI-0003545,S-001768,5403,561720,23452.06,Warehouse
SI-0003546,S-001768,3632,484110,11573.11,Storefront
SI-0003547,S-001769,5606,236115,35531.72,Truck
SI-0003548,S-001769,9082,484110,59485.77,Office
SI-0003549,S-001770,5606,561720,99519.32,Equipment
SI-0003550,S-001771,9082,561720,13373.98,Storefront
SI-0003551,S-001772,3632,236115,47417.63,Office
SI-0003552,S-001773,7228,238220,34677.81,Equipment
SI-0003553,S-001773,3724,541511,17147.13,Office
SI-0003554,S-001773,5403,238220,56246.59,Crew
SI-0003555,S-001774,3724,484110,14694.8,Truck
SI-0003556,S-001774,5403,236115,51236.56,Storefront
SI-0003557,S-001774,5606,238320,13103.69,Office
SI-0003558,S-001775,7228,238320,53554.8,Truck
SI-0003559,S-001775,5403,722513,13632.55,Warehouse
SI-0003560,S-001776,8810,236115,28178.42,Equipment
SI-0003561,S-001776,7228,541511,27596.48,Crew
SI-0003562,S-001776,5403,238320,20613.86,Warehouse
SI-0003563,S-001777,9082,541511,28070.65,Warehouse
SI-0003564,S-001778,7228,541511,42368.34,Storefront
SI-0003565,S-001778,3724,541511,39507.74,Office
SI-0003566,S-001778,9082,484110,51834.07,Storefront
SI-0003567,S-001779,5606,236115,66076.5,Truck
SI-0003568,S-001779,3724,541511,17584.12,Storefront
SI-0003569,S-001779,5403,238320,50263.41,Storefront
SI-0003570,S-001780,7228,722513,9547.02,Warehouse
SI-0003571,S-001780,5403,236115,34224.53,Equipment
SI-0003572,S-001781,8397,238220,14691.74,Office
SI-0003573,S-001781,3724,561720,54773.6,Office
SI-0003574,S-001781,5606,541612,17863.36,Crew
SI-0003575,S-001782,9082,541511,14424.71,Storefront
SI-0003576,S-001782,3724,236115,67173.76,Warehouse
SI-0003577,S-001782,3632,541511,40001.68,Warehouse
SI-0003578,S-001783,3632,484110,38962.54,Storefront
SI-0003579,S-001783,5403,541612,17962.52,Warehouse
SI-0003580,S-001783,3632,541612,92402.19,Crew
SI-0003581,S-001784,9082,236115,32245.42,Warehouse
SI-0003582,S-001785,5606,238220,66704.96,Equipment
SI-0003583,S-001785,3724,236115,24225.14,Office
SI-0003584,S-001786,3724,722513,21917.43,Truck
SI-0003585,S-001786,8810,722513,88096.33,Equipment
SI-0003586,S-001787,3632,484110,55752.15,Warehouse
SI-0003587,S-001787,3724,541612,65899.0,Truck
SI-0003588,S-001788,3632,722513,23364.79,Crew
SI-0003589,S-001788,8810,541612,15313.26,Storefront
SI-0003590,S-001789,8397,238220,25952.5,Warehouse
SI-0003591,S-001790,3632,541511,29141.59,Storefront
SI-0003592,S-001791,9082,238320,11588.79,Truck
SI-0003593,S-001791,7228,238220,14335.84,Storefront
SI-0003594,S-001791,8397,236115,44789.94,Warehouse
SI-0003595,S-001792,5403,238320,21292.63,Office
SI-0003596,S-001792,8397,541612,73096.61,Equipment
SI-0003597,S-001792,5403,238320,35280.84,Equipment
SI-0003598,S-001793,5606,722513,60869.45,Office
SI-0003599,S-001793,8810,236115,44695.97,Storefront
SI-0003600,S-001793,5606,541612,85136.58,Truck
SI-0003601,S-001794,5403,238220,25606.98,Crew
SI-0003602,S-001794,5606,484110,9136.34,Truck
SI-0003603,S-001794,8810,561720,57048.25,Warehouse
SI-0003604,S-001795,3724,541612,14664.72,Equipment
SI-0003605,S-001795,8810,561720,60086.03,Truck
SI-0003606,S-001796,5606,236115,24003.68,Office
SI-0003607,S-001797,9082,541612,51421.59,Equipment
SI-0003608,S-001797,8397,484110,84569.74,Equipment
SI-0003609,S-001798,5403,236115,58507.55,Crew
SI-0003610,S-001798,8810,238220,31024.63,Truck
SI-0003611,S-001799,9082,238320,23783.54,Storefront
SI-0003612,S-001799,8810,722513,64646.8,Office
SI-0003613,S-001800,3724,541612,28661.57,Equipment
SI-0003614,S-001800,3724,238220,31137.22,Truck
SI-0003615,S-001800,3724,561720,44345.03,Equipment
SI-0003616,S-001801,9082,722513,39959.16,Crew
SI-0003617,S-001802,5606,541612,23621.23,Warehouse
SI-0003618,S-001803,7228,561720,17286.09,Storefront
SI-0003619,S-001803,8810,722513,41635.41,Office
SI-0003620,S-001803,9082,238220,25441.18,Equipment
SI-0003621,S-001804,5403,238220,87118.57,Warehouse
SI-0003622,S-001804,8810,541511,20356.29,Equipment
SI-0003623,S-001804,3632,722513,19150.72,Storefront
SI-0003624,S-001805,8810,238320,22917.53,Equipment
SI-0003625,S-001805,8397,541511,21871.57,Equipment
SI-0003626,S-001806,5403,484110,41483.07,Warehouse
SI-0003627,S-001807,5606,722513,37521.42,Equipment
SI-0003628,S-001808,5606,236115,12549.33,Warehouse
SI-0003629,S-001808,3632,561720,22788.66,Storefront
SI-0003630,S-001808,3632,541612,34238.63,Crew
SI-0003631,S-001809,3632,722513,41866.06,Truck
SI-0003632,S-001809,8810,541612,35968.56,Truck
SI-0003633,S-001810,7228,541511,21483.69,Equipment
SI-0003634,S-001810,8810,722513,50773.25,Warehouse
SI-0003635,S-001811,3632,236115,36263.93,Equipment
SI-0003636,S-001812,3632,238220,100161.95,Equipment
SI-0003637,S-001813,7228,722513,43645.56,Warehouse
SI-0003638,S-001813,3724,484110,17564.02,Crew
SI-0003639,S-001813,8397,541612,26606.1,Crew
SI-0003640,S-001814,8397,238220,68107.4,Crew
SI-0003641,S-001814,9082,541612,10236.47,Storefront
SI-0003642,S-001815,5403,541511,18481.65,Office
SI-0003643,S-001815,3632,561720,11132.79,Equipment
SI-0003644,S-001815,8397,541511,23268.48,Crew
SI-0003645,S-001816,8397,541511,75725.95,Equipment
SI-0003646,S-001816,7228,238320,42620.98,Warehouse
SI-0003647,S-001817,7228,561720,139755.47,Equipment
SI-0003648,S-001818,5606,722513,70932.0,Warehouse
SI-0003649,S-001818,8397,561720,42852.48,Storefront
SI-0003650,S-001818,3724,561720,36223.21,Office
SI-0003651,S-001819,3724,236115,57256.3,Storefront
SI-0003652,S-001819,3632,236115,24058.44,Storefront
SI-0003653,S-001820,3632,541511,44278.26,Equipment
SI-0003654,S-001821,3724,541511,53946.1,Warehouse
SI-0003655,S-001822,7228,541612,10219.34,Truck
SI-0003656,S-001823,9082,238320,36662.07,Warehouse
SI-0003657,S-001824,5606,238320,35729.85,Truck
SI-0003658,S-001824,3632,238220,27042.52,Crew
SI-0003659,S-001825,5403,561720,21073.26,Office
SI-0003660,S-001825,8810,722513,28259.32,Equipment
SI-0003661,S-001826,3632,238220,26716.08,Storefront
SI-0003662,S-001826,7228,561720,30190.96,Office
SI-0003663,S-001827,9082,722513,71402.27,Storefront
SI-0003664,S-001827,8397,541511,29190.73,Warehouse
SI-0003665,S-001827,5606,238220,16878.79,Equipment
SI-0003666,S-001828,5403,541612,25055.59,Storefront
SI-0003667,S-001829,5403,541511,20052.85,Storefront
SI-0003668,S-001829,8810,238220,33581.77,Storefront
SI-0003669,S-001829,8397,541511,16302.17,Truck
SI-0003670,S-001830,9082,561720,14349.08,Equipment
SI-0003671,S-001831,3632,541612,27469.09,Office
SI-0003672,S-001831,9082,561720,108083.83,Crew
SI-0003673,S-001832,3632,561720,67972.59,Warehouse
SI-0003674,S-001832,8397,541612,137426.78,Warehouse
SI-0003675,S-001832,8810,238320,50236.7,Warehouse
SI-0003676,S-001833,5403,722513,86970.64,Warehouse
SI-0003677,S-001834,7228,561720,17168.45,Warehouse
SI-0003678,S-001834,5606,236115,28903.1,Office
SI-0003679,S-001835,9082,236115,50589.0,Truck
SI-0003680,S-001836,5403,238220,16016.16,Equipment
SI-0003681,S-001836,3724,238320,57128.37,Storefront
SI-0003682,S-001836,9082,484110,56779.0,Equipment
SI-0003683,S-001837,3632,484110,18925.02,Crew
SI-0003684,S-001838,3632,561720,87785.55,Warehouse
SI-0003685,S-001839,5606,238320,23755.44,Warehouse
SI-0003686,S-001840,3724,238320,44949.12,Truck
SI-0003687,S-001840,8397,561720,15918.35,Office
SI-0003688,S-001841,9082,238320,30701.67,Equipment
SI-0003689,S-001841,3632,561720,48513.62,Equipment
SI-0003690,S-001842,5606,541612,40961.4,Storefront
SI-0003691,S-001843,9082,561720,28189.24,Warehouse
SI-0003692,S-001843,3632,561720,41965.12,Office
SI-0003693,S-001844,3632,541612,17201.52,Truck
SI-0003694,S-001845,8810,238320,26940.71,Truck
SI-0003695,S-001845,8397,484110,16381.87,Truck
SI-0003696,S-001846,3724,236115,25129.27,Equipment
SI-0003697,S-001847,5403,722513,6959.23,Crew
SI-0003698,S-001847,8810,541612,27246.27,Equipment
SI-0003699,S-001847,7228,541612,14957.02,Equipment
SI-0003700,S-001848,3632,238220,15431.13,Office
SI-0003701,S-001848,3724,236115,22261.47,Equipment
SI-0003702,S-001848,5606,484110,124429.64,Crew
SI-0003703,S-001849,5403,238320,127080.74,Truck
SI-0003704,S-001849,8397,238320,15921.54,Storefront
SI-0003705,S-001850,5606,238320,44868.66,Warehouse
SI-0003706,S-001850,8397,541612,15647.53,Warehouse
SI-0003707,S-001850,9082,484110,40023.25,Storefront
SI-0003708,S-001851,7228,238220,111194.19,Office
SI-0003709,S-001851,5606,484110,60833.93,Crew
SI-0003710,S-001852,7228,236115,13493.94,Warehouse
SI-0003711,S-001853,3724,484110,22357.69,Warehouse
SI-0003712,S-001853,7228,484110,24316.55,Office
SI-0003713,S-001853,3632,238320,137063.09,Storefront
SI-0003714,S-001854,3632,722513,38247.46,Storefront
SI-0003715,S-001854,5403,722513,34404.63,Storefront
SI-0003716,S-001855,8810,541612,26281.55,Truck
SI-0003717,S-001855,8397,238320,29937.26,Equipment
SI-0003718,S-001855,9082,541511,39577.63,Truck
SI-0003719,S-001856,7228,238220,53542.12,Office
SI-0003720,S-001856,8397,238220,27354.91,Truck
SI-0003721,S-001857,5403,236115,21083.94,Warehouse
SI-0003722,S-001857,3632,484110,13112.06,Warehouse
SI-0003723,S-001857,9082,722513,29007.87,Crew
SI-0003724,S-001858,3724,236115,53216.67,Crew
SI-0003725,S-001859,5606,722513,68871.87,Truck
SI-0003726,S-001859,8810,561720,31707.24,Storefront
SI-0003727,S-001859,3632,238320,20991.41,Truck
SI-0003728,S-001860,8397,722513,50548.18,Equipment
SI-0003729,S-001861,5403,484110,31528.2,Office
SI-0003730,S-001861,3632,541511,42365.1,Crew
SI-0003731,S-001862,5606,561720,35530.4,Truck
SI-0003732,S-001863,8810,484110,42344.5,Truck
SI-0003733,S-001863,8810,484110,21022.26,Crew
SI-0003734,S-001863,8810,722513,31718.32,Office
SI-0003735,S-001864,7228,238220,13980.08,Office
SI-0003736,S-001864,8397,541511,6665.31,Office
SI-0003737,S-001865,7228,561720,18060.65,Warehouse
SI-0003738,S-001865,3724,541511,12418.21,Equipment
SI-0003739,S-001866,3724,722513,195746.99,Crew
SI-0003740,S-001866,8810,236115,23760.58,Equipment
SI-0003741,S-001866,7228,541612,8342.39,Office
SI-0003742,S-001867,3724,561720,16600.54,Truck
SI-0003743,S-001867,8810,236115,97699.86,Equipment
SI-0003744,S-001868,8810,722513,28069.14,Crew
SI-0003745,S-001868,8397,722513,48310.48,Truck
SI-0003746,S-001868,7228,238320,74661.58,Storefront
SI-0003747,S-001869,5606,722513,31501.8,Storefront
SI-0003748,S-001869,8810,238320,198696.45,Office
SI-0003749,S-001869,3632,238220,29741.86,Office
SI-0003750,S-001870,3632,541511,7988.87,Equipment
SI-0003751,S-001870,5403,238220,19639.68,Equipment
SI-0003752,S-001870,3632,561720,169748.73,Crew
SI-0003753,S-001871,9082,561720,31839.25,Warehouse
SI-0003754,S-001871,8810,561720,35168.5,Truck
SI-0003755,S-001872,8397,238320,65591.84,Storefront
SI-0003756,S-001872,3724,561720,48676.92,Office
SI-0003757,S-001873,8397,484110,15741.56,Office
SI-0003758,S-001873,5403,236115,30218.63,Equipment
SI-0003759,S-001874,5403,541612,39149.06,Equipment
SI-0003760,S-001874,7228,722513,78842.35,Crew
SI-0003761,S-001874,5403,722513,27661.64,Warehouse
SI-0003762,S-001875,8810,238320,41110.84,Crew
SI-0003763,S-001876,3632,236115,35268.84,Truck
SI-0003764,S-001876,7228,722513,27956.47,Office
SI-0003765,S-001877,5403,484110,200531.72,Truck
SI-0003766,S-001878,3632,238320,17699.8,Office
SI-0003767,S-001878,3724,484110,32507.95,Warehouse
SI-0003768,S-001879,9082,484110,11088.08,Equipment
SI-0003769,S-001880,8397,561720,14610.32,Equipment
SI-0003770,S-001880,3724,561720,92819.99,Truck
SI-0003771,S-001881,8810,541612,70712.16,Storefront
SI-0003772,S-001881,8397,238220,14247.63,Truck
SI-0003773,S-001881,7228,541612,120496.49,Warehouse
SI-0003774,S-001882,7228,238320,6460.81,Warehouse
SI-0003775,S-001882,3632,484110,97292.02,Storefront
SI-0003776,S-001882,8397,541612,19084.16,Equipment
SI-0003777,S-001883,5606,561720,60841.19,Equipment
SI-0003778,S-001883,3632,722513,26515.04,Storefront
SI-0003779,S-001883,9082,236115,18670.54,Crew
SI-0003780,S-001884,9082,541511,59265.54,Equipment
SI-0003781,S-001884,5606,484110,11234.01,Warehouse
SI-0003782,S-001884,5606,484110,47718.5,Warehouse
SI-0003783,S-001885,9082,541612,22729.36,Office
SI-0003784,S-001885,7228,238320,31908.36,Crew
SI-0003785,S-001886,5606,238320,71948.13,Warehouse
SI-0003786,S-001886,3632,722513,33007.09,Equipment
SI-0003787,S-001886,3724,236115,11979.17,Truck
SI-0003788,S-001887,3724,541511,35847.15,Office
SI-0003789,S-001887,3632,561720,57901.37,Warehouse
SI-0003790,S-001888,8810,561720,15003.5,Storefront
SI-0003791,S-001889,5606,238220,75471.51,Storefront
SI-0003792,S-001889,7228,238220,42250.02,Truck
SI-0003793,S-001890,5403,561720,48632.2,Storefront
SI-0003794,S-001890,7228,484110,13301.26,Warehouse
SI-0003795,S-001891,3632,561720,44657.57,Equipment
SI-0003796,S-001891,3724,561720,16534.11,Equipment
SI-0003797,S-001892,8397,722513,59574.9,Equipment
SI-0003798,S-001892,3724,484110,25378.0,Crew
SI-0003799,S-001892,5403,541612,9520.87,Office
SI-0003800,S-001893,8810,722513,43229.53,Warehouse
SI-0003801,S-001893,8810,541612,62584.88,Truck
SI-0003802,S-001893,7228,236115,154617.69,Office
SI-0003803,S-001894,5606,238320,31077.83,Storefront
SI-0003804,S-001895,7228,722513,35225.85,Storefront
SI-0003805,S-001895,3632,561720,49466.56,Crew
SI-0003806,S-001896,3632,238320,56486.85,Truck
SI-0003807,S-001896,8397,541612,13590.8,Truck
SI-0003808,S-001897,8810,484110,25306.44,Storefront
SI-0003809,S-001897,3632,238220,52579.72,Equipment
SI-0003810,S-001898,8397,541511,35154.13,Equipment
SI-0003811,S-001898,7228,541511,55114.62,Crew
SI-0003812,S-001898,3724,541511,49396.1,Equipment
SI-0003813,S-001899,8810,238220,5521.71,Truck
SI-0003814,S-001899,7228,484110,60020.83,Truck
SI-0003815,S-001899,8397,541612,37729.9,Storefront
SI-0003816,S-001900,3632,236115,29541.43,Equipment
SI-0003817,S-001900,8810,561720,109171.52,Equipment
SI-0003818,S-001900,5403,238220,13404.12,Storefront
SI-0003819,S-001901,3632,541612,19341.44,Warehouse
SI-0003820,S-001901,5606,238320,10428.04,Warehouse
SI-0003821,S-001902,3724,484110,30173.75,Warehouse
SI-0003822,S-001903,5606,541511,48256.02,Office
SI-0003823,S-001903,8397,238220,47973.45,Truck
SI-0003824,S-001904,3724,238320,11866.43,Crew
SI-0003825,S-001905,5606,541511,13566.98,Crew
SI-0003826,S-001905,8397,561720,28261.35,Storefront
SI-0003827,S-001905,8810,484110,41451.31,Warehouse
SI-0003828,S-001906,9082,238320,51940.71,Truck
SI-0003829,S-001906,5403,484110,13704.13,Warehouse
SI-0003830,S-001907,5403,541511,15948.24,Crew
SI-0003831,S-001908,5403,484110,13623.71,Equipment
SI-0003832,S-001909,5403,541511,109988.27,Storefront
SI-0003833,S-001909,5403,541612,25294.29,Warehouse
SI-0003834,S-001910,5403,722513,50253.48,Warehouse
SI-0003835,S-001910,3632,236115,33356.64,Warehouse
SI-0003836,S-001910,9082,541612,22613.02,Crew
SI-0003837,S-001911,3724,236115,31560.91,Warehouse
SI-0003838,S-001912,3632,541511,20997.52,Office
SI-0003839,S-001912,3632,541612,27337.87,Storefront
SI-0003840,S-001912,5606,561720,121077.61,Equipment
SI-0003841,S-001913,3632,722513,45982.28,Warehouse
SI-0003842,S-001913,7228,236115,18293.55,Equipment
SI-0003843,S-001913,8810,541511,14324.87,Truck
SI-0003844,S-001914,8810,722513,104414.82,Office
SI-0003845,S-001914,8810,541511,13684.98,Truck
SI-0003846,S-001915,7228,238220,74824.34,Warehouse
SI-0003847,S-001915,5606,541612,10999.24,Truck
SI-0003848,S-001915,8810,722513,22686.62,Office
SI-0003849,S-001916,7228,541612,24312.34,Warehouse
SI-0003850,S-001916,3724,722513,51315.31,Crew
SI-0003851,S-001916,5606,541511,49402.62,Truck
SI-0003852,S-001917,3632,561720,16903.62,Office
SI-0003853,S-001917,8397,541511,58347.61,Equipment
SI-0003854,S-001917,9082,238220,28902.33,Crew
SI-0003855,S-001918,5606,722513,5929.82,Crew
SI-0003856,S-001918,8397,541612,49973.09,Office
SI-0003857,S-001918,3632,236115,13465.41,Warehouse
SI-0003858,S-001919,3632,238220,27443.31,Storefront
SI-0003859,S-001919,5403,561720,13517.85,Equipment
SI-0003860,S-001919,3632,541612,44614.69,Warehouse
SI-0003861,S-001920,5403,238320,42918.06,Warehouse
SI-0003862,S-001920,7228,541511,73887.25,Crew
SI-0003863,S-001921,8397,484110,38218.67,Storefront
SI-0003864,S-001922,8397,238320,43792.08,Warehouse
SI-0003865,S-001922,3632,541511,23567.17,Truck
SI-0003866,S-001922,3724,541612,19733.94,Storefront
SI-0003867,S-001923,5403,238220,49209.63,Storefront
SI-0003868,S-001923,3724,541511,26375.34,Storefront
SI-0003869,S-001924,5606,236115,74293.82,Crew
SI-0003870,S-001925,3632,541612,69997.36,Truck
SI-0003871,S-001926,5403,236115,63594.48,Storefront
SI-0003872,S-001926,5606,236115,37354.21,Equipment
SI-0003873,S-001926,7228,722513,31357.82,Office
SI-0003874,S-001927,5606,561720,33553.59,Crew
SI-0003875,S-001927,8397,238220,36844.08,Crew
SI-0003876,S-001928,8810,238320,42083.73,Office
SI-0003877,S-001928,8810,541612,24210.37,Equipment
SI-0003878,S-001928,3724,484110,45398.22,Storefront
SI-0003879,S-001929,8810,236115,28403.29,Warehouse
SI-0003880,S-001929,5403,561720,88802.22,Truck
SI-0003881,S-001930,3724,541511,66542.53,Crew
SI-0003882,S-001931,8397,561720,33498.14,Equipment
SI-0003883,S-001931,3632,236115,39463.71,Office
SI-0003884,S-001931,3724,541612,18809.3,Warehouse
SI-0003885,S-001932,3724,236115,25050.28,Truck
SI-0003886,S-001932,7228,238220,113740.26,Office
SI-0003887,S-001932,9082,541511,75321.15,Office
SI-0003888,S-001933,8397,722513,34265.31,Equipment
SI-0003889,S-001933,5403,541511,17442.81,Office
SI-0003890,S-001934,5606,541612,45458.44,Equipment
SI-0003891,S-001935,5403,541511,28201.18,Office
SI-0003892,S-001935,7228,561720,57536.15,Office
SI-0003893,S-001935,9082,484110,7238.89,Storefront
SI-0003894,S-001936,5403,236115,34660.89,Equipment
SI-0003895,S-001937,7228,484110,9493.22,Crew
SI-0003896,S-001938,8810,238220,15812.39,Crew
SI-0003897,S-001938,3632,541612,28510.28,Equipment
SI-0003898,S-001939,5606,541511,77084.17,Truck
SI-0003899,S-001939,9082,484110,21538.13,Warehouse
SI-0003900,S-001940,8810,484110,16504.67,Office
SI-0003901,S-001941,3632,238220,29650.21,Warehouse
SI-0003902,S-001942,5606,541511,25943.41,Equipment
SI-0003903,S-001943,8810,238220,91476.07,Crew
SI-0003904,S-001943,3632,238220,17499.38,Warehouse
SI-0003905,S-001943,3724,541511,31119.99,Truck
SI-0003906,S-001944,8810,541612,49293.51,Truck
SI-0003907,S-001944,7228,238320,68552.57,Storefront
SI-0003908,S-001944,5403,238220,15957.35,Equipment
SI-0003909,S-001945,5403,484110,26747.47,Crew
SI-0003910,S-001946,3632,722513,12298.11,Truck
SI-0003911,S-001947,7228,541612,13281.15,Crew
SI-0003912,S-001948,3724,236115,5197.4,Crew
SI-0003913,S-001948,9082,236115,21124.1,Storefront
SI-0003914,S-001949,5403,541511,20172.86,Equipment
SI-0003915,S-001949,9082,238220,35997.62,Truck
SI-0003916,S-001950,9082,722513,114189.15,Equipment
SI-0003917,S-001951,5606,561720,27044.09,Office
SI-0003918,S-001951,9082,541612,61444.63,Crew
SI-0003919,S-001951,5403,541511,21574.12,Truck
SI-0003920,S-001952,8810,561720,86866.6,Truck
SI-0003921,S-001953,8397,722513,97239.14,Equipment
SI-0003922,S-001953,9082,236115,18233.92,Equipment
SI-0003923,S-001954,8397,484110,24380.07,Truck
SI-0003924,S-001954,8397,541511,36400.39,Office
SI-0003925,S-001955,8810,238320,78104.39,Warehouse
SI-0003926,S-001955,7228,541612,21686.35,Warehouse
SI-0003927,S-001956,9082,541612,99426.19,Crew
SI-0003928,S-001956,9082,561720,35561.59,Truck
SI-0003929,S-001957,3724,541511,40088.99,Truck
SI-0003930,S-001957,5403,484110,42004.24,Warehouse
SI-0003931,S-001958,3724,238220,22992.0,Equipment
SI-0003932,S-001959,5606,541612,83956.85,Warehouse
SI-0003933,S-001959,9082,238220,102415.76,Crew
SI-0003934,S-001959,3632,484110,62957.19,Equipment
SI-0003935,S-001960,5403,236115,92051.67,Truck
SI-0003936,S-001960,5606,541511,37819.58,Crew
SI-0003937,S-001960,3632,238220,14737.94,Storefront
SI-0003938,S-001961,8810,561720,19698.32,Storefront
SI-0003939,S-001961,5606,236115,40146.86,Office
SI-0003940,S-001961,3724,238320,94449.35,Truck
SI-0003941,S-001962,3724,236115,21876.27,Storefront
SI-0003942,S-001962,9082,722513,30053.86,Truck
SI-0003943,S-001962,9082,561720,42537.17,Equipment
SI-0003944,S-001963,5606,541511,28283.57,Office
SI-0003945,S-001964,3632,238220,63648.1,Storefront
SI-0003946,S-001964,3724,236115,21488.48,Crew
SI-0003947,S-001964,9082,484110,135469.75,Crew
SI-0003948,S-001965,8810,561720,72132.03,Warehouse
SI-0003949,S-001966,8810,561720,33590.27,Crew
SI-0003950,S-001966,5606,541511,85220.26,Warehouse
SI-0003951,S-001966,3724,541612,50101.83,Equipment
SI-0003952,S-001967,9082,238220,29816.48,Equipment
SI-0003953,S-001967,3632,722513,12409.55,Truck
SI-0003954,S-001968,8810,561720,19837.01,Office
SI-0003955,S-001969,8397,722513,32953.72,Warehouse
SI-0003956,S-001969,8810,561720,21913.17,Truck
SI-0003957,S-001969,5606,722513,25199.38,Office
SI-0003958,S-001970,9082,238220,58297.86,Equipment
SI-0003959,S-001971,3724,722513,14291.05,Equipment
SI-0003960,S-001971,9082,238320,36147.48,Crew
SI-0003961,S-001972,5606,541511,31233.33,Crew
SI-0003962,S-001972,3724,238220,66590.37,Crew
SI-0003963,S-001972,3632,722513,49471.99,Truck
SI-0003964,S-001973,9082,236115,27327.93,Crew
SI-0003965,S-001973,8810,541511,55279.31,Warehouse
SI-0003966,S-001974,3632,238220,93637.14,Equipment
SI-0003967,S-001974,5606,541612,45832.28,Storefront
SI-0003968,S-001974,5606,561720,8767.98,Equipment
SI-0003969,S-001975,3724,238320,55201.26,Truck
SI-0003970,S-001975,8397,484110,24457.48,Warehouse
SI-0003971,S-001976,7228,541511,59409.6,Warehouse
SI-0003972,S-001976,5403,541511,44706.19,Crew
SI-0003973,S-001976,3632,238220,46977.44,Warehouse
SI-0003974,S-001977,3632,722513,17664.84,Warehouse
SI-0003975,S-001978,5606,238220,26150.33,Equipment
SI-0003976,S-001978,3632,238320,20655.66,Office
SI-0003977,S-001979,3632,236115,27318.0,Equipment
SI-0003978,S-001979,3724,484110,76440.08,Equipment
SI-0003979,S-001979,3724,238320,34589.88,Office
SI-0003980,S-001980,9082,561720,127339.09,Crew
SI-0003981,S-001980,9082,541511,26062.31,Equipment
SI-0003982,S-001981,9082,541612,68262.04,Equipment
SI-0003983,S-001981,5403,541612,134899.41,Office
SI-0003984,S-001981,3724,484110,37029.03,Equipment
SI-0003985,S-001982,7228,238220,76790.3,Warehouse
SI-0003986,S-001982,3724,236115,41130.72,Warehouse
SI-0003987,S-001983,3632,541612,22344.13,Equipment
SI-0003988,S-001983,9082,541511,46498.34,Office
SI-0003989,S-001984,5403,541511,15569.06,Storefront
SI-0003990,S-001985,8810,238220,34970.92,Crew
SI-0003991,S-001985,9082,541612,22056.95,Warehouse
SI-0003992,S-001985,3724,236115,20228.22,Storefront
SI-0003993,S-001986,8397,238320,66384.95,Crew
SI-0003994,S-001986,8810,541612,66187.49,Warehouse
SI-0003995,S-001987,7228,236115,36585.6,Truck
SI-0003996,S-001988,3724,238220,77490.3,Equipment
SI-0003997,S-001988,7228,561720,87264.22,Storefront
SI-0003998,S-001989,3632,541612,34078.09,Equipment
SI-0003999,S-001990,9082,484110,51237.38,Storefront
SI-0004000,S-001990,3632,561720,32278.66,Office
SI-0004001,S-001991,8810,484110,20554.56,Crew
SI-0004002,S-001991,8397,561720,23298.26,Storefront
SI-0004003,S-001992,5403,238220,8134.34,Storefront
SI-0004004,S-001993,5403,238220,85281.1,Truck
SI-0004005,S-001994,5606,561720,14530.66,Crew
SI-0004006,S-001994,5606,541612,8089.42,Equipment
SI-0004007,S-001995,3632,236115,100350.73,Equipment
SI-0004008,S-001995,9082,722513,24012.15,Storefront
SI-0004009,S-001995,8810,238320,26078.96,Crew
SI-0004010,S-001996,7228,238220,37636.42,Crew
SI-0004011,S-001996,3632,484110,48302.36,Storefront
SI-0004012,S-001997,3724,236115,45742.1,Crew
SI-0004013,S-001997,5403,541612,35146.74,Office
SI-0004014,S-001997,5606,722513,15681.29,Equipment
SI-0004015,S-001998,3724,561720,5147.77,Equipment
SI-0004016,S-001998,8397,238320,11794.01,Warehouse
SI-0004017,S-001998,8810,236115,68286.0,Warehouse
SI-0004018,S-001999,5606,541612,104218.32,Equipment
SI-0004019,S-001999,5606,541511,37109.25,Warehouse
SI-0004020,S-001999,5403,238220,28266.15,Truck
SI-0004021,S-002000,9082,238320,26547.54,Truck
SI-0004022,S-002001,3724,541511,57227.99,Equipment
SI-0004023,S-002001,3724,722513,79725.54,Crew
SI-0004024,S-002001,5606,236115,14863.5,Equipment
SI-0004025,S-002002,9082,484110,37404.89,Warehouse
SI-0004026,S-002002,5403,238320,31018.6,Warehouse
SI-0004027,S-002003,9082,238220,22214.56,Truck
SI-0004028,S-002004,7228,484110,62084.4,Crew
SI-0004029,S-002004,8810,561720,127030.29,Warehouse
SI-0004030,S-002004,8810,236115,45728.0,Crew
SI-0004031,S-002005,3724,484110,16805.65,Storefront
SI-0004032,S-002005,8810,541511,103284.76,Crew
SI-0004033,S-002006,7228,541511,6895.71,Storefront
SI-0004034,S-002006,3632,561720,65994.69,Equipment
SI-0004035,S-002006,8397,541612,24648.67,Storefront
SI-0004036,S-002007,8397,484110,46188.85,Equipment
SI-0004037,S-002008,3632,238220,32051.01,Office
SI-0004038,S-002008,9082,238320,26808.93,Office
SI-0004039,S-002009,5403,541511,31818.99,Warehouse
SI-0004040,S-002009,9082,236115,14503.55,Equipment
SI-0004041,S-002010,9082,561720,22148.87,Crew
SI-0004042,S-002010,8397,238220,70929.83,Equipment
SI-0004043,S-002011,5606,561720,8511.03,Equipment
SI-0004044,S-002012,3632,238220,60900.93,Office
SI-0004045,S-002012,7228,722513,31284.92,Storefront
SI-0004046,S-002013,5606,484110,42149.35,Truck
SI-0004047,S-002014,8397,541612,52908.69,Warehouse
SI-0004048,S-002015,8397,238220,33383.76,Office
SI-0004049,S-002015,8810,722513,70720.7,Storefront
SI-0004050,S-002016,7228,238320,45077.18,Crew
SI-0004051,S-002016,8397,541612,19237.26,Truck
SI-0004052,S-002016,3632,541511,20057.86,Truck
SI-0004053,S-002017,5606,541511,24445.34,Equipment
SI-0004054,S-002017,8397,238220,33907.84,Equipment
SI-0004055,S-002017,9082,484110,51436.3,Crew
SI-0004056,S-002018,8810,236115,54739.02,Truck
SI-0004057,S-002018,8810,561720,18072.32,Crew
SI-0004058,S-002018,9082,561720,30850.89,Truck
SI-0004059,S-002019,8397,541511,38919.29,Crew
SI-0004060,S-002019,8397,541511,29557.93,Equipment
SI-0004061,S-002020,7228,561720,45030.12,Equipment
SI-0004062,S-002020,7228,238220,19580.24,Warehouse
SI-0004063,S-002020,3632,561720,31637.46,Truck
SI-0004064,S-002021,9082,484110,45646.1,Truck
SI-0004065,S-002021,8397,541612,56662.27,Equipment
SI-0004066,S-002022,5403,238220,15292.8,Office
SI-0004067,S-002022,5606,236115,17975.26,Warehouse
SI-0004068,S-002022,8810,541612,83608.86,Storefront
SI-0004069,S-002023,7228,561720,25421.76,Warehouse
SI-0004070,S-002024,3724,238220,21535.87,Warehouse
SI-0004071,S-002024,3632,238320,81283.35,Equipment
SI-0004072,S-002025,3724,541511,73837.49,Office
SI-0004073,S-002025,7228,484110,16585.46,Office
SI-0004074,S-002025,9082,561720,28978.21,Crew
SI-0004075,S-002026,8810,484110,9217.16,Storefront
SI-0004076,S-002026,5403,236115,16817.47,Storefront
SI-0004077,S-002027,5403,238320,57098.5,Crew
SI-0004078,S-002028,9082,236115,24165.62,Equipment
SI-0004079,S-002028,5403,561720,46286.75,Crew
SI-0004080,S-002028,3632,236115,17164.78,Warehouse
SI-0004081,S-002029,9082,484110,26692.44,Office
SI-0004082,S-002029,9082,561720,37343.18,Office
SI-0004083,S-002030,8810,484110,6043.06,Equipment
SI-0004084,S-002030,8397,236115,24462.81,Crew
SI-0004085,S-002030,3632,722513,22195.74,Storefront
SI-0004086,S-002031,5403,722513,71503.54,Truck
SI-0004087,S-002031,9082,238220,26089.17,Crew
SI-0004088,S-002032,7228,541511,86152.41,Crew
SI-0004089,S-002032,3724,238320,70172.59,Office
SI-0004090,S-002032,5403,561720,34573.82,Truck
SI-0004091,S-002033,5606,541612,30113.67,Equipment
SI-0004092,S-002033,8810,561720,24429.85,Truck
SI-0004093,S-002033,5606,238320,40133.44,Warehouse
SI-0004094,S-002034,8397,236115,64403.09,Crew
SI-0004095,S-002034,7228,541511,46150.36,Warehouse
SI-0004096,S-002035,5606,238320,19524.65,Equipment
SI-0004097,S-002035,7228,561720,15245.44,Storefront
SI-0004098,S-002035,9082,484110,70021.61,Truck
SI-0004099,S-002036,5606,238220,53375.67,Storefront
SI-0004100,S-002037,9082,561720,17081.74,Storefront
SI-0004101,S-002037,5606,561720,15571.83,Equipment
SI-0004102,S-002038,8810,722513,66018.38,Truck
SI-0004103,S-002039,3724,722513,18458.61,Equipment
SI-0004104,S-002039,5606,722513,84398.16,Storefront
SI-0004105,S-002039,8397,236115,25065.3,Truck
SI-0004106,S-002040,7228,484110,14997.22,Storefront
SI-0004107,S-002041,5403,238220,63236.49,Equipment
SI-0004108,S-002041,8397,561720,24095.44,Office
SI-0004109,S-002041,7228,236115,29119.39,Equipment
SI-0004110,S-002042,3632,541612,45378.97,Storefront
SI-0004111,S-002042,9082,238320,56707.22,Truck
SI-0004112,S-002043,5606,722513,41277.14,Truck
SI-0004113,S-002044,3632,541511,51381.28,Warehouse
SI-0004114,S-002044,7228,722513,15077.64,Storefront
SI-0004115,S-002045,5403,238320,31647.34,Truck
SI-0004116,S-002045,5606,238320,43777.72,Crew
SI-0004117,S-002046,3724,236115,32732.93,Office
SI-0004118,S-002046,8810,238220,15937.15,Equipment
SI-0004119,S-002046,9082,541612,46781.73,Truck
SI-0004120,S-002047,8810,541612,40978.63,Crew
SI-0004121,S-002047,5403,722513,55186.34,Crew
SI-0004122,S-002048,8810,238320,34213.32,Warehouse
SI-0004123,S-002048,8810,561720,53271.59,Equipment
SI-0004124,S-002049,8810,541511,15188.68,Storefront
SI-0004125,S-002049,9082,484110,21499.05,Warehouse
SI-0004126,S-002049,8810,238320,31473.27,Crew
SI-0004127,S-002050,8810,541612,30854.51,Warehouse
SI-0004128,S-002051,3632,238320,21038.76,Equipment
SI-0004129,S-002051,5403,722513,17672.26,Equipment
SI-0004130,S-002052,9082,541511,30905.86,Storefront
SI-0004131,S-002053,9082,722513,30680.67,Warehouse
SI-0004132,S-002053,5403,238320,42289.33,Equipment
SI-0004133,S-002053,5606,238320,54637.23,Storefront
SI-0004134,S-002054,3724,484110,191988.84,Storefront
SI-0004135,S-002054,3632,722513,12353.81,Office
SI-0004136,S-002054,3632,238220,24392.52,Office
SI-0004137,S-002055,5606,484110,26193.7,Equipment
SI-0004138,S-002055,8810,541612,14143.81,Truck
SI-0004139,S-002056,3632,722513,76858.08,Truck
SI-0004140,S-002056,5606,541511,36939.06,Truck
SI-0004141,S-002056,5606,236115,175899.68,Equipment
SI-0004142,S-002057,3724,722513,67306.5,Crew
SI-0004143,S-002057,7228,722513,36767.17,Office
SI-0004144,S-002057,8397,541612,14506.64,Crew
SI-0004145,S-002058,3632,238320,71263.64,Crew
SI-0004146,S-002058,5606,236115,24490.82,Crew
SI-0004147,S-002058,5606,541612,34273.06,Crew
SI-0004148,S-002059,8810,561720,77988.51,Truck
SI-0004149,S-002060,3724,722513,14884.54,Storefront
SI-0004150,S-002060,9082,238220,38371.51,Crew
SI-0004151,S-002061,3724,561720,27220.93,Crew
SI-0004152,S-002062,8810,541511,40228.47,Warehouse
SI-0004153,S-002062,5403,541612,56143.53,Office
SI-0004154,S-002063,8397,541612,27848.67,Crew
SI-0004155,S-002063,3632,722513,39360.63,Crew
SI-0004156,S-002064,5403,238320,34708.88,Truck
SI-0004157,S-002064,5606,722513,70673.7,Crew
SI-0004158,S-002065,3632,722513,9033.71,Storefront
SI-0004159,S-002065,5403,561720,14023.94,Crew
SI-0004160,S-002065,5606,238320,92027.99,Warehouse
SI-0004161,S-002066,7228,722513,85877.22,Crew
SI-0004162,S-002067,3724,238320,66471.02,Truck
SI-0004163,S-002068,3724,238220,55834.78,Truck
SI-0004164,S-002068,5606,238320,11107.88,Equipment
SI-0004165,S-002068,3632,541612,31652.98,Equipment
SI-0004166,S-002069,7228,238320,14566.08,Crew
SI-0004167,S-002069,8397,541612,24837.15,Storefront
SI-0004168,S-002069,8397,722513,65010.39,Storefront
SI-0004169,S-002070,9082,238320,27013.8,Office
SI-0004170,S-002070,5606,541612,103881.72,Storefront
SI-0004171,S-002070,8810,236115,70102.99,Office
SI-0004172,S-002071,3724,541612,75131.78,Truck
SI-0004173,S-002071,9082,238320,32154.79,Truck
SI-0004174,S-002072,3724,541612,40166.49,Storefront
SI-0004175,S-002073,8397,484110,17944.32,Warehouse
SI-0004176,S-002073,3724,236115,105638.97,Warehouse
SI-0004177,S-002073,5403,238320,37040.78,Crew
SI-0004178,S-002074,9082,561720,26892.9,Equipment
SI-0004179,S-002075,9082,238220,54136.13,Truck
SI-0004180,S-002076,3632,541511,51987.55,Equipment
SI-0004181,S-002077,8397,541511,18961.58,Warehouse
SI-0004182,S-002077,7228,236115,14608.58,Warehouse
SI-0004183,S-002078,5606,238220,87446.87,Office
SI-0004184,S-002078,3632,541511,19999.53,Truck
SI-0004185,S-002078,8397,561720,22801.8,Equipment
SI-0004186,S-002079,7228,238220,11455.47,Storefront
SI-0004187,S-002080,8397,541612,132066.99,Storefront
SI-0004188,S-002080,5606,484110,61970.7,Crew
SI-0004189,S-002080,8810,238220,73685.47,Equipment
SI-0004190,S-002081,8810,484110,18151.47,Crew
SI-0004191,S-002082,8810,236115,29958.78,Crew
SI-0004192,S-002082,8810,236115,31697.23,Office
SI-0004193,S-002083,8810,484110,55332.24,Crew
SI-0004194,S-002083,8810,541612,43418.18,Office
SI-0004195,S-002083,8397,238220,10486.8,Warehouse
SI-0004196,S-002084,7228,541612,16238.56,Crew
SI-0004197,S-002084,8810,238320,17480.37,Truck
SI-0004198,S-002084,8397,238320,80671.48,Truck
SI-0004199,S-002085,5606,238220,183877.07,Storefront
SI-0004200,S-002085,7228,484110,63868.3,Office
SI-0004201,S-002086,3632,541511,44896.38,Crew
SI-0004202,S-002086,3632,541511,40348.28,Office
SI-0004203,S-002086,5403,541612,34714.5,Warehouse
SI-0004204,S-002087,8397,238220,23202.88,Storefront
SI-0004205,S-002087,5403,238220,32381.57,Crew
SI-0004206,S-002088,5403,238320,16114.65,Office
SI-0004207,S-002088,3632,722513,32117.95,Equipment
SI-0004208,S-002088,5403,722513,37057.59,Equipment
SI-0004209,S-002089,3632,236115,63077.24,Truck
SI-0004210,S-002090,7228,541511,23665.92,Office
SI-0004211,S-002090,5403,236115,48747.65,Warehouse
SI-0004212,S-002091,3632,484110,31100.5,Office
SI-0004213,S-002091,3632,561720,18802.77,Warehouse
SI-0004214,S-002091,7228,561720,22453.45,Office
SI-0004215,S-002092,3724,561720,14282.45,Storefront
SI-0004216,S-002092,5403,238320,25167.54,Office
SI-0004217,S-002092,8397,484110,14622.11,Storefront
SI-0004218,S-002093,3724,236115,24774.47,Office
SI-0004219,S-002093,8397,238220,32687.9,Crew
SI-0004220,S-002093,3632,238220,19133.62,Storefront
SI-0004221,S-002094,8397,722513,37266.77,Crew
SI-0004222,S-002095,3632,238220,84553.31,Storefront
SI-0004223,S-002095,8810,238220,36098.76,Warehouse
SI-0004224,S-002095,7228,541511,28111.92,Warehouse
SI-0004225,S-002096,8397,561720,27557.81,Office
SI-0004226,S-002096,9082,541612,36668.94,Truck
SI-0004227,S-002096,3724,541612,21211.27,Truck
SI-0004228,S-002097,5403,238220,94960.06,Crew
SI-0004229,S-002098,8397,238320,17506.93,Storefront
SI-0004230,S-002098,7228,541612,82558.87,Equipment
SI-0004231,S-002098,7228,238320,19787.45,Office
SI-0004232,S-002099,8810,722513,31879.14,Crew
SI-0004233,S-002100,3724,238320,82190.13,Truck
SI-0004234,S-002101,5606,541612,48921.73,Storefront
SI-0004235,S-002101,3632,561720,55899.54,Crew
SI-0004236,S-002102,5403,236115,26918.45,Warehouse
SI-0004237,S-002102,8397,722513,12044.81,Storefront
SI-0004238,S-002103,5606,541511,106343.01,Truck
SI-0004239,S-002104,7228,541612,5604.61,Equipment
SI-0004240,S-002104,3632,541511,5773.3,Office
SI-0004241,S-002104,8810,561720,29472.91,Storefront
SI-0004242,S-002105,9082,561720,19000.14,Storefront
SI-0004243,S-002105,7228,484110,57212.04,Truck
SI-0004244,S-002105,9082,561720,14187.76,Warehouse
SI-0004245,S-002106,8810,236115,43778.24,Equipment
SI-0004246,S-002107,3724,238220,35309.86,Equipment
SI-0004247,S-002108,5606,484110,156509.33,Warehouse
SI-0004248,S-002108,9082,238220,36265.3,Office
SI-0004249,S-002109,8810,722513,16046.1,Storefront
SI-0004250,S-002110,7228,238320,39893.78,Storefront
SI-0004251,S-002111,5606,541511,20138.3,Storefront
SI-0004252,S-002112,3632,238220,12422.41,Office
SI-0004253,S-002112,9082,238220,57856.23,Warehouse
SI-0004254,S-002112,5606,236115,22371.39,Warehouse
SI-0004255,S-002113,5403,541511,39826.27,Office
SI-0004256,S-002113,3632,238220,55710.57,Crew
SI-0004257,S-002114,8397,561720,11166.43,Equipment
SI-0004258,S-002115,8810,541612,23182.09,Equipment
SI-0004259,S-002115,3724,238320,58308.39,Equipment
SI-0004260,S-002115,8810,541612,36878.36,Warehouse
SI-0004261,S-002116,9082,484110,34767.01,Storefront
SI-0004262,S-002116,7228,722513,42255.55,Warehouse
SI-0004263,S-002116,3632,236115,44408.45,Crew
SI-0004264,S-002117,5403,236115,24496.3,Warehouse
SI-0004265,S-002117,8397,722513,49949.07,Crew
SI-0004266,S-002117,9082,561720,26452.31,Equipment
SI-0004267,S-002118,8397,561720,32650.56,Warehouse
SI-0004268,S-002118,8810,541612,38639.83,Warehouse
SI-0004269,S-002119,5403,722513,34116.98,Equipment
SI-0004270,S-002119,8397,236115,37185.47,Truck
SI-0004271,S-002120,3632,238320,53610.79,Storefront
SI-0004272,S-002120,5606,561720,24732.7,Equipment
SI-0004273,S-002120,7228,236115,26982.68,Crew
SI-0004274,S-002121,9082,238220,35066.2,Storefront
SI-0004275,S-002121,9082,238220,65590.62,Warehouse
SI-0004276,S-002121,8810,236115,50183.91,Crew
SI-0004277,S-002122,8397,484110,17382.64,Office
SI-0004278,S-002122,9082,561720,34691.08,Crew
SI-0004279,S-002122,3724,561720,42241.07,Office
SI-0004280,S-002123,8397,722513,27401.09,Equipment
SI-0004281,S-002124,3632,541511,14604.6,Equipment
SI-0004282,S-002124,9082,722513,134531.74,Storefront
SI-0004283,S-002125,3632,541612,97712.4,Warehouse
SI-0004284,S-002126,5606,484110,32797.28,Equipment
SI-0004285,S-002127,3724,236115,17555.29,Office
SI-0004286,S-002127,8810,561720,22835.47,Warehouse
SI-0004287,S-002127,9082,722513,23344.91,Truck
SI-0004288,S-002128,3724,236115,22791.19,Crew
SI-0004289,S-002128,5606,722513,202089.45,Truck
SI-0004290,S-002129,3724,236115,34250.75,Storefront
SI-0004291,S-002129,5403,541511,23495.43,Truck
SI-0004292,S-002130,3724,541511,17463.23,Truck
SI-0004293,S-002131,8810,484110,25530.92,Storefront
SI-0004294,S-002131,8810,541612,35842.17,Crew
SI-0004295,S-002132,8397,541612,34761.29,Truck
SI-0004296,S-002132,8397,484110,81605.17,Storefront
SI-0004297,S-002133,8810,722513,43081.09,Truck
SI-0004298,S-002134,3632,238220,7715.05,Truck
SI-0004299,S-002134,5606,541511,50747.5,Truck
SI-0004300,S-002134,7228,541511,43113.89,Truck
SI-0004301,S-002135,3724,541511,47148.51,Storefront
SI-0004302,S-002135,5403,238220,18464.24,Warehouse
SI-0004303,S-002135,5403,541612,28621.38,Truck
SI-0004304,S-002136,8397,541511,16996.37,Truck
SI-0004305,S-002136,5606,484110,24552.9,Crew
SI-0004306,S-002137,3632,722513,40229.2,Storefront
SI-0004307,S-002137,5606,541511,190045.41,Crew
SI-0004308,S-002137,3632,722513,22730.77,Storefront
SI-0004309,S-002138,5403,238220,21877.53,Office
SI-0004310,S-002138,9082,561720,20156.92,Crew
SI-0004311,S-002138,3632,238320,39953.95,Crew
SI-0004312,S-002139,7228,238320,15598.77,Office
SI-0004313,S-002140,8810,541511,56005.94,Equipment
SI-0004314,S-002140,3632,238220,16526.34,Equipment
SI-0004315,S-002140,8397,236115,9433.89,Storefront
SI-0004316,S-002141,3632,541511,35126.96,Warehouse
SI-0004317,S-002141,7228,236115,48173.57,Warehouse
SI-0004318,S-002141,7228,541511,44750.9,Office
SI-0004319,S-002142,5403,541511,39164.9,Crew
SI-0004320,S-002142,8397,561720,34674.67,Crew
SI-0004321,S-002143,5606,238220,109050.62,Crew
SI-0004322,S-002143,7228,238320,19173.87,Storefront
SI-0004323,S-002144,8810,722513,53879.35,Equipment
SI-0004324,S-002145,5403,541612,124221.98,Office
SI-0004325,S-002145,7228,236115,69256.83,Equipment
SI-0004326,S-002145,3632,238320,42208.78,Storefront
SI-0004327,S-002146,5403,236115,8916.39,Crew
SI-0004328,S-002147,5403,238220,36040.79,Equipment
SI-0004329,S-002148,8397,541612,19691.66,Crew
SI-0004330,S-002149,7228,541612,42538.14,Storefront
SI-0004331,S-002150,9082,238220,8830.87,Equipment
SI-0004332,S-002150,3632,561720,13694.97,Office
SI-0004333,S-002150,7228,541511,9435.69,Warehouse
SI-0004334,S-002151,8397,722513,10115.01,Office
SI-0004335,S-002151,9082,561720,38469.75,Storefront
SI-0004336,S-002151,3724,541612,30520.7,Crew
SI-0004337,S-002152,3632,722513,38541.85,Crew
SI-0004338,S-002153,3724,238320,18677.19,Office
SI-0004339,S-002153,9082,541511,21012.72,Equipment
SI-0004340,S-002154,5606,238320,63725.39,Storefront
SI-0004341,S-002155,5403,484110,73913.98,Truck
SI-0004342,S-002155,5606,238320,64919.08,Storefront
SI-0004343,S-002156,3632,236115,29153.7,Truck
SI-0004344,S-002157,5606,238320,19081.05,Truck
SI-0004345,S-002158,5606,722513,17106.98,Truck
SI-0004346,S-002159,3632,561720,78474.22,Equipment
SI-0004347,S-002160,5606,722513,23489.17,Warehouse
SI-0004348,S-002160,5606,238320,45370.38,Equipment
SI-0004349,S-002161,7228,238220,28162.62,Storefront
SI-0004350,S-002161,3632,722513,26686.68,Equipment
SI-0004351,S-002162,3632,722513,6980.6,Storefront
SI-0004352,S-002162,9082,561720,29207.5,Storefront
SI-0004353,S-002162,8397,484110,42014.03,Crew
SI-0004354,S-002163,8810,541511,18376.47,Warehouse
SI-0004355,S-002164,3632,541511,14054.48,Warehouse
SI-0004356,S-002164,3724,236115,28559.79,Truck
SI-0004357,S-002164,5403,236115,46313.63,Truck
SI-0004358,S-002165,5403,238320,58022.95,Crew
SI-0004359,S-002165,5606,484110,33790.83,Crew
SI-0004360,S-002165,5403,484110,57162.93,Truck
SI-0004361,S-002166,3724,561720,14244.3,Warehouse
SI-0004362,S-002166,8397,238220,31170.24,Equipment
SI-0004363,S-002167,8810,238220,85815.3,Office
SI-0004364,S-002167,7228,484110,26744.76,Office
SI-0004365,S-002167,7228,541612,68600.21,Office
SI-0004366,S-002168,5403,238220,49013.17,Storefront
SI-0004367,S-002168,3724,484110,10824.59,Office
SI-0004368,S-002168,5606,238320,36000.52,Crew
SI-0004369,S-002169,8397,722513,88936.66,Warehouse
SI-0004370,S-002170,8810,236115,47659.29,Warehouse
SI-0004371,S-002171,9082,722513,18755.98,Storefront
SI-0004372,S-002171,5403,722513,14586.11,Crew
SI-0004373,S-002171,8810,238220,26305.83,Storefront
SI-0004374,S-002172,5403,541612,38252.76,Office
SI-0004375,S-002173,8810,236115,65980.39,Crew
SI-0004376,S-002174,5403,541511,77372.67,Office
SI-0004377,S-002174,8810,541612,12874.9,Office
SI-0004378,S-002175,7228,484110,161144.55,Warehouse
SI-0004379,S-002176,7228,484110,34300.99,Equipment
SI-0004380,S-002176,5606,561720,34755.33,Crew
SI-0004381,S-002176,5606,484110,64958.94,Office
SI-0004382,S-002177,5403,541511,14105.25,Crew
SI-0004383,S-002178,3724,238320,12741.71,Storefront
SI-0004384,S-002179,8397,722513,17746.82,Crew
SI-0004385,S-002180,5606,236115,64350.52,Office
SI-0004386,S-002181,9082,484110,23145.48,Warehouse
SI-0004387,S-002181,9082,722513,23631.13,Equipment
SI-0004388,S-002182,3724,238320,30723.14,Office
SI-0004389,S-002183,7228,722513,32216.2,Equipment
SI-0004390,S-002183,9082,238220,78309.07,Equipment
SI-0004391,S-002183,9082,238220,24598.0,Equipment
SI-0004392,S-002184,3724,561720,43123.47,Storefront
SI-0004393,S-002184,9082,236115,52382.13,Storefront
SI-0004394,S-002184,8397,541612,12379.67,Equipment
SI-0004395,S-002185,8810,484110,16367.13,Office
SI-0004396,S-002185,7228,238220,42692.39,Warehouse
SI-0004397,S-002185,9082,722513,22967.58,Office
SI-0004398,S-002186,7228,541612,17234.83,Warehouse
SI-0004399,S-002187,8810,238220,74897.94,Crew
SI-0004400,S-002187,3724,541511,47089.93,Truck
SI-0004401,S-002187,8397,541612,83245.9,Storefront
SI-0004402,S-002188,3724,541612,8645.24,Equipment
SI-0004403,S-002188,3724,541612,20164.37,Storefront
SI-0004404,S-002189,9082,484110,24983.6,Storefront
SI-0004405,S-002189,9082,238320,40237.55,Truck
SI-0004406,S-002189,7228,238320,78988.87,Crew
SI-0004407,S-002190,5403,541511,17786.65,Storefront
SI-0004408,S-002190,3724,238220,36816.47,Crew
SI-0004409,S-002191,7228,541612,22712.6,Truck
SI-0004410,S-002192,9082,722513,129041.63,Crew
SI-0004411,S-002193,3724,236115,77033.47,Crew
SI-0004412,S-002193,3632,484110,59809.55,Crew
SI-0004413,S-002193,8810,238220,7747.91,Crew
SI-0004414,S-002194,3724,722513,44664.68,Storefront
SI-0004415,S-002195,8810,722513,31599.39,Office
SI-0004416,S-002195,3632,541612,30920.53,Warehouse
SI-0004417,S-002195,7228,541511,25958.78,Truck
SI-0004418,S-002196,8397,238320,57892.3,Storefront
SI-0004419,S-002196,8397,541612,12754.06,Truck
SI-0004420,S-002197,3632,484110,18766.05,Crew
SI-0004421,S-002198,5606,722513,59833.24,Crew
SI-0004422,S-002198,7228,484110,17603.49,Truck
SI-0004423,S-002198,8810,541511,48175.49,Crew
SI-0004424,S-002199,5403,238320,16372.28,Crew
SI-0004425,S-002199,3632,238320,11252.29,Office
SI-0004426,S-002199,5606,484110,35490.59,Storefront
SI-0004427,S-002200,3632,541511,15014.01,Truck
SI-0004428,S-002200,8397,561720,23410.51,Equipment
SI-0004429,S-002200,7228,561720,20088.15,Truck
SI-0004430,S-002201,8810,561720,75859.27,Storefront
SI-0004431,S-002202,8810,238220,53952.25,Storefront
SI-0004432,S-002202,7228,541511,5315.28,Office
SI-0004433,S-002202,9082,541511,30094.44,Storefront
SI-0004434,S-002203,8397,561720,106865.26,Truck
SI-0004435,S-002204,3632,484110,97329.3,Storefront
SI-0004436,S-002204,8397,238320,47309.54,Office
SI-0004437,S-002205,8397,238320,6571.7,Equipment
SI-0004438,S-002206,8397,484110,21186.66,Storefront
SI-0004439,S-002207,8810,238320,74136.18,Crew
SI-0004440,S-002207,3724,541511,36794.12,Storefront
SI-0004441,S-002207,8810,236115,33597.81,Crew
SI-0004442,S-002208,5606,238220,10516.93,Truck
SI-0004443,S-002208,5606,541612,13992.24,Equipment
SI-0004444,S-002209,3724,541612,10638.32,Equipment
SI-0004445,S-002209,3724,541511,74022.11,Office
SI-0004446,S-002210,3724,238320,15571.03,Office
SI-0004447,S-002211,7228,236115,14366.96,Truck
SI-0004448,S-002211,3632,236115,5527.33,Truck
SI-0004449,S-002212,8397,541612,12776.97,Storefront
SI-0004450,S-002213,9082,561720,16895.04,Equipment
SI-0004451,S-002213,9082,541612,17317.22,Truck
SI-0004452,S-002213,3632,236115,59742.55,Storefront
SI-0004453,S-002214,7228,484110,36088.75,Equipment
SI-0004454,S-002214,8810,484110,41102.41,Storefront
SI-0004455,S-002214,5606,561720,24635.86,Truck
SI-0004456,S-002215,5403,722513,24654.02,Crew
SI-0004457,S-002215,3632,238220,57571.36,Crew
SI-0004458,S-002216,7228,541612,121931.64,Warehouse
SI-0004459,S-002216,3724,484110,40672.09,Office
SI-0004460,S-002217,9082,236115,23079.39,Crew
SI-0004461,S-002217,5606,541511,37051.56,Equipment
SI-0004462,S-002218,5403,484110,51078.87,Warehouse
SI-0004463,S-002218,5403,238320,23494.52,Truck
SI-0004464,S-002218,3724,561720,34230.72,Crew
SI-0004465,S-002219,9082,238320,57060.79,Office
SI-0004466,S-002219,3724,484110,139303.16,Warehouse
SI-0004467,S-002219,5403,238320,47322.74,Truck
SI-0004468,S-002220,7228,561720,28995.97,Storefront
SI-0004469,S-002220,3632,238220,12930.77,Warehouse
SI-0004470,S-002220,8397,236115,37315.44,Storefront
SI-0004471,S-002221,3632,541612,33299.88,Crew
SI-0004472,S-002221,3632,561720,8061.97,Truck
SI-0004473,S-002222,7228,541612,73298.39,Warehouse
SI-0004474,S-002222,8810,238320,55214.54,Storefront
SI-0004475,S-002222,8810,541511,63625.04,Truck
SI-0004476,S-002223,3724,238220,11947.5,Warehouse
SI-0004477,S-002223,5403,236115,9452.84,Crew
SI-0004478,S-002223,7228,561720,36646.98,Office
SI-0004479,S-002224,5403,541612,14205.28,Crew
SI-0004480,S-002224,9082,541511,33608.38,Equipment
SI-0004481,S-002224,7228,236115,73937.22,Office
SI-0004482,S-002225,8397,484110,22010.21,Crew
SI-0004483,S-002225,5606,722513,44166.69,Truck
SI-0004484,S-002225,8397,236115,23870.35,Warehouse
SI-0004485,S-002226,8810,561720,36744.88,Crew
SI-0004486,S-002226,3632,541612,10801.37,Crew
SI-0004487,S-002226,9082,484110,28708.24,Truck
SI-0004488,S-002227,9082,238320,40225.0,Crew
SI-0004489,S-002227,3724,236115,16403.52,Equipment
SI-0004490,S-002228,8810,722513,35247.39,Office
SI-0004491,S-002228,5606,561720,96310.77,Office
SI-0004492,S-002229,3632,484110,11363.02,Office
SI-0004493,S-002230,5403,484110,57656.33,Crew
SI-0004494,S-002230,9082,722513,22543.29,Office
SI-0004495,S-002231,7228,541612,27889.92,Storefront
SI-0004496,S-002231,7228,541612,19642.46,Crew
SI-0004497,S-002231,9082,561720,25610.4,Equipment
SI-0004498,S-002232,3724,238320,36593.72,Equipment
SI-0004499,S-002233,3724,561720,118322.46,Truck
SI-0004500,S-002234,8810,541511,41712.67,Office
SI-0004501,S-002234,8810,236115,14515.22,Warehouse
SI-0004502,S-002235,7228,236115,12062.55,Truck
SI-0004503,S-002236,5403,238320,33115.56,Warehouse
SI-0004504,S-002236,5606,238220,33534.53,Crew
SI-0004505,S-002237,7228,722513,39866.15,Office
SI-0004506,S-002237,9082,541511,15130.06,Office
SI-0004507,S-002237,5403,484110,43412.13,Crew
SI-0004508,S-002238,8810,484110,31397.32,Office
SI-0004509,S-002238,9082,238220,45299.73,Office
SI-0004510,S-002238,8397,541612,31414.73,Storefront
SI-0004511,S-002239,7228,238320,29535.73,Storefront
SI-0004512,S-002240,8397,238220,24092.04,Equipment
SI-0004513,S-002241,5606,541511,80143.18,Warehouse
SI-0004514,S-002241,9082,236115,41712.22,Truck
SI-0004515,S-002241,8810,541511,27033.01,Storefront
SI-0004516,S-002242,3632,238320,41961.99,Crew
SI-0004517,S-002242,8810,541612,21221.46,Truck
SI-0004518,S-002243,5403,238220,38200.9,Storefront
SI-0004519,S-002243,8397,561720,51488.17,Warehouse
SI-0004520,S-002243,3632,238320,36945.25,Storefront
SI-0004521,S-002244,8810,484110,75240.4,Warehouse
SI-0004522,S-002244,8397,561720,59983.92,Truck
SI-0004523,S-002244,5403,236115,10175.59,Storefront
SI-0004524,S-002245,8810,561720,63210.17,Office
SI-0004525,S-002245,5403,238320,44968.39,Truck
SI-0004526,S-002246,9082,238220,44028.08,Crew
SI-0004527,S-002247,8810,541511,12223.09,Crew
SI-0004528,S-002248,3724,722513,26594.4,Office
SI-0004529,S-002248,3724,561720,35319.7,Storefront
SI-0004530,S-002248,3724,238320,16508.64,Truck
SI-0004531,S-002249,9082,484110,19481.02,Warehouse
SI-0004532,S-002249,8810,236115,49086.61,Crew
SI-0004533,S-002249,9082,236115,36744.72,Office
SI-0004534,S-002250,5403,238220,15804.38,Crew
SI-0004535,S-002250,3724,541612,24333.97,Storefront
SI-0004536,S-002250,3724,238320,22127.09,Truck
SI-0004537,S-002251,9082,541612,60726.34,Storefront
SI-0004538,S-002251,3632,722513,58985.57,Truck
SI-0004539,S-002251,3632,236115,49710.99,Crew
SI-0004540,S-002252,7228,236115,17093.23,Storefront
SI-0004541,S-002252,8810,238220,89600.44,Crew
SI-0004542,S-002252,8397,238320,35980.31,Storefront
SI-0004543,S-002253,5606,238320,67702.12,Office
SI-0004544,S-002253,7228,722513,38184.75,Equipment
SI-0004545,S-002254,7228,541511,14889.35,Truck
SI-0004546,S-002254,5403,238320,19610.76,Office
SI-0004547,S-002254,5403,238220,47465.31,Crew
SI-0004548,S-002255,8397,561720,12120.44,Storefront
SI-0004549,S-002256,7228,238220,84852.6,Truck
SI-0004550,S-002257,5606,541511,24464.79,Equipment
SI-0004551,S-002257,7228,722513,47178.69,Storefront
SI-0004552,S-002258,5606,236115,27842.44,Warehouse
SI-0004553,S-002258,8397,722513,42907.56,Truck
SI-0004554,S-002259,8397,238220,17650.87,Crew
SI-0004555,S-002260,9082,541511,23551.46,Office
SI-0004556,S-002260,8397,561720,72136.76,Truck
SI-0004557,S-002260,9082,238220,27558.9,Crew
SI-0004558,S-002261,5606,722513,33150.18,Warehouse
SI-0004559,S-002262,3724,484110,19327.35,Storefront
SI-0004560,S-002262,7228,236115,20537.85,Office
SI-0004561,S-002262,8397,238220,43491.71,Office
SI-0004562,S-002263,9082,238320,88961.98,Warehouse
SI-0004563,S-002263,8810,561720,41138.6,Storefront
SI-0004564,S-002263,8810,484110,69461.86,Equipment
SI-0004565,S-002264,7228,238320,18758.36,Storefront
SI-0004566,S-002265,8810,561720,13025.23,Warehouse
SI-0004567,S-002265,3632,238220,70570.82,Equipment
SI-0004568,S-002266,3632,541511,18537.67,Truck
SI-0004569,S-002267,3724,238320,42040.91,Equipment
SI-0004570,S-002267,3632,561720,8112.9,Crew
SI-0004571,S-002267,3632,238220,35479.56,Warehouse
SI-0004572,S-002268,8397,722513,82813.51,Truck
SI-0004573,S-002269,9082,722513,22292.67,Equipment
SI-0004574,S-002269,5606,484110,17835.78,Equipment
SI-0004575,S-002269,5606,484110,34936.13,Storefront
SI-0004576,S-002270,9082,238320,31893.46,Office
SI-0004577,S-002271,5403,238320,35635.7,Warehouse
SI-0004578,S-002272,3632,238320,22408.17,Equipment
SI-0004579,S-002272,7228,238320,98281.53,Office
SI-0004580,S-002272,7228,238320,40364.49,Truck
SI-0004581,S-002273,8810,541511,49957.1,Warehouse
SI-0004582,S-002273,8397,541511,210643.03,Equipment
SI-0004583,S-002274,8810,238320,58007.58,Crew
SI-0004584,S-002275,7228,541612,23460.6,Truck
SI-0004585,S-002275,7228,722513,16476.85,Crew
SI-0004586,S-002276,5606,541612,21762.05,Storefront
SI-0004587,S-002276,5606,722513,22973.96,Truck
SI-0004588,S-002277,8810,484110,86063.55,Warehouse
SI-0004589,S-002277,8397,238320,25071.33,Truck
SI-0004590,S-002278,5403,722513,47995.39,Warehouse
SI-0004591,S-002278,9082,541612,12312.32,Warehouse
SI-0004592,S-002279,8397,541612,10378.95,Truck
SI-0004593,S-002280,5403,561720,123499.64,Truck
SI-0004594,S-002281,5403,541511,18109.03,Storefront
SI-0004595,S-002281,8810,561720,17005.48,Crew
SI-0004596,S-002282,5606,484110,57573.05,Warehouse
SI-0004597,S-002283,8397,541612,31988.38,Storefront
SI-0004598,S-002283,9082,238220,53251.03,Warehouse
SI-0004599,S-002283,9082,722513,28094.84,Storefront
SI-0004600,S-002284,8810,722513,34888.71,Storefront
SI-0004601,S-002285,7228,236115,34625.88,Truck
SI-0004602,S-002286,7228,722513,37346.9,Storefront
SI-0004603,S-002287,5606,238220,22190.83,Truck
SI-0004604,S-002287,5606,238320,17931.17,Warehouse
SI-0004605,S-002288,3632,541612,59637.56,Equipment
SI-0004606,S-002288,9082,541612,105704.26,Office
SI-0004607,S-002288,5606,484110,19121.92,Storefront
SI-0004608,S-002289,3724,238220,49726.04,Truck
SI-0004609,S-002289,3724,238320,38115.01,Storefront
SI-0004610,S-002290,8810,238320,8909.22,Storefront
SI-0004611,S-002290,9082,238220,10165.28,Storefront
SI-0004612,S-002290,7228,484110,57791.6,Warehouse
SI-0004613,S-002291,8397,484110,19976.77,Truck
SI-0004614,S-002291,5606,238220,55230.86,Truck
SI-0004615,S-002291,8397,484110,26057.79,Crew
SI-0004616,S-002292,8810,541612,32173.22,Equipment
SI-0004617,S-002292,9082,236115,66401.94,Warehouse
SI-0004618,S-002293,5606,238220,25291.45,Warehouse
SI-0004619,S-002294,9082,238220,29525.77,Storefront
SI-0004620,S-002294,9082,238220,94543.99,Warehouse
SI-0004621,S-002294,3632,561720,84428.48,Storefront
SI-0004622,S-002295,9082,238220,18877.65,Office
SI-0004623,S-002295,8810,722513,23686.47,Warehouse
SI-0004624,S-002296,3632,722513,145366.01,Storefront
SI-0004625,S-002297,9082,484110,15229.14,Warehouse
SI-0004626,S-002298,9082,561720,23507.3,Truck
SI-0004627,S-002298,3724,484110,18757.78,Crew
SI-0004628,S-002299,3632,238320,14255.22,Truck
SI-0004629,S-002299,5606,541612,114641.97,Warehouse
SI-0004630,S-002300,5403,722513,39015.96,Crew
SI-0004631,S-002300,9082,541612,196586.43,Office
SI-0004632,S-002300,7228,484110,117618.77,Office
SI-0004633,S-002301,5403,238320,38966.99,Office
SI-0004634,S-002301,3632,561720,12788.18,Equipment
SI-0004635,S-002302,8397,238220,10026.04,Truck
SI-0004636,S-002302,8810,238320,154803.3,Storefront
SI-0004637,S-002302,8397,238320,21841.87,Crew
SI-0004638,S-002303,8397,236115,17377.06,Office
SI-0004639,S-002303,7228,541612,28855.01,Office
SI-0004640,S-002303,8397,484110,24779.83,Equipment
SI-0004641,S-002304,3724,561720,22178.93,Office
SI-0004642,S-002304,3724,238220,27525.74,Warehouse
SI-0004643,S-002304,7228,238220,14682.14,Truck
SI-0004644,S-002305,5403,238320,20062.54,Equipment
SI-0004645,S-002305,5403,541511,24407.23,Warehouse
SI-0004646,S-002306,8397,238320,23384.91,Truck
SI-0004647,S-002307,5403,484110,85733.04,Office
SI-0004648,S-002307,5606,561720,10967.92,Truck
SI-0004649,S-002308,9082,236115,11221.41,Office
SI-0004650,S-002308,3724,484110,25811.52,Storefront
SI-0004651,S-002308,3724,561720,58196.79,Storefront
SI-0004652,S-002309,8810,722513,39824.1,Office
SI-0004653,S-002309,3632,238220,94210.55,Truck
SI-0004654,S-002309,5606,541511,8514.27,Truck
SI-0004655,S-002310,5403,238220,39980.47,Warehouse
SI-0004656,S-002310,8397,238220,14615.41,Crew
SI-0004657,S-002311,5606,238320,17990.09,Crew
SI-0004658,S-002311,5403,541511,56189.42,Office
SI-0004659,S-002312,3724,238320,78771.59,Truck
SI-0004660,S-002312,3724,238320,19346.53,Truck
SI-0004661,S-002312,8810,561720,35925.95,Truck
SI-0004662,S-002313,3724,541612,60431.19,Office
SI-0004663,S-002314,7228,722513,17881.87,Truck
SI-0004664,S-002315,5403,722513,112197.33,Warehouse
SI-0004665,S-002315,8397,541612,16807.78,Storefront
SI-0004666,S-002316,3632,541511,110202.03,Crew
SI-0004667,S-002316,3724,541612,7239.32,Truck
SI-0004668,S-002316,5403,722513,12029.86,Equipment
SI-0004669,S-002317,7228,484110,25102.64,Office
SI-0004670,S-002317,5606,541612,40433.7,Truck
SI-0004671,S-002317,7228,541511,34204.48,Truck
SI-0004672,S-002318,5606,484110,21771.29,Warehouse
SI-0004673,S-002318,8397,238220,7360.16,Truck
SI-0004674,S-002318,8397,541511,14024.18,Storefront
SI-0004675,S-002319,5606,236115,9472.95,Warehouse
SI-0004676,S-002319,9082,541511,25819.43,Crew
SI-0004677,S-002319,3724,541612,165985.55,Office
SI-0004678,S-002320,7228,541612,6290.18,Warehouse
SI-0004679,S-002321,5403,541612,40273.64,Office
SI-0004680,S-002322,7228,236115,41376.77,Storefront
SI-0004681,S-002322,7228,561720,21954.27,Crew
SI-0004682,S-002322,3632,236115,40436.73,Office
SI-0004683,S-002323,8810,236115,26378.7,Crew
SI-0004684,S-002323,8397,484110,19277.77,Truck
SI-0004685,S-002324,8397,238320,43724.58,Warehouse
SI-0004686,S-002324,8397,238220,36631.41,Office
SI-0004687,S-002325,3632,541612,10692.17,Warehouse
SI-0004688,S-002326,7228,541511,42010.81,Equipment
SI-0004689,S-002326,3632,238220,16523.36,Office
SI-0004690,S-002327,5403,238220,48578.32,Warehouse
SI-0004691,S-002327,3632,722513,10376.33,Office
SI-0004692,S-002327,3724,484110,27641.7,Office
SI-0004693,S-002328,5403,484110,31445.26,Storefront
SI-0004694,S-002329,5403,238320,19104.58,Warehouse
SI-0004695,S-002330,5403,561720,26649.18,Office
SI-0004696,S-002330,5403,236115,31626.22,Warehouse
SI-0004697,S-002331,5606,238320,30627.13,Office
SI-0004698,S-002331,5403,238220,141122.43,Equipment
SI-0004699,S-002332,9082,238220,21422.08,Equipment
SI-0004700,S-002332,8397,236115,15431.1,Crew
SI-0004701,S-002333,3632,484110,37866.69,Equipment
SI-0004702,S-002334,5606,541612,19946.51,Crew
SI-0004703,S-002334,3632,541612,9790.43,Truck
SI-0004704,S-002335,8397,484110,52862.54,Storefront
SI-0004705,S-002336,3632,236115,29384.6,Storefront
SI-0004706,S-002337,8810,722513,56548.49,Truck
SI-0004707,S-002337,3724,561720,17435.99,Office
SI-0004708,S-002337,9082,238320,111409.49,Office
SI-0004709,S-002338,3632,722513,61015.28,Truck
SI-0004710,S-002338,8397,541511,59790.65,Truck
SI-0004711,S-002339,5403,238320,53804.47,Crew
SI-0004712,S-002340,5403,238320,21688.77,Storefront
SI-0004713,S-002340,3724,238220,40249.45,Warehouse
SI-0004714,S-002340,8810,541511,29615.89,Office
SI-0004715,S-002341,3632,238220,15324.99,Warehouse
SI-0004716,S-002342,7228,238220,27208.41,Office
SI-0004717,S-002342,3632,541511,15761.68,Equipment
SI-0004718,S-002342,5606,236115,33876.43,Storefront
SI-0004719,S-002343,5403,238320,49179.66,Office
SI-0004720,S-002344,3632,238320,51883.99,Storefront
SI-0004721,S-002345,5606,238320,78462.72,Warehouse
SI-0004722,S-002345,3632,238320,26961.74,Crew
SI-0004723,S-002346,5403,238320,46545.8,Warehouse
SI-0004724,S-002346,9082,238320,69063.97,Truck
SI-0004725,S-002346,7228,238320,28844.03,Storefront
SI-0004726,S-002347,8810,722513,26969.48,Warehouse
SI-0004727,S-002348,8397,541612,73732.84,Warehouse
SI-0004728,S-002348,9082,238320,30162.37,Storefront
SI-0004729,S-002349,3724,238320,7796.3,Equipment
SI-0004730,S-002350,9082,541511,25695.16,Office
SI-0004731,S-002350,7228,238320,48582.57,Equipment
SI-0004732,S-002350,3632,236115,21942.58,Storefront
SI-0004733,S-002351,9082,541612,15432.37,Crew
SI-0004734,S-002352,7228,541612,27612.84,Equipment
SI-0004735,S-002352,8810,722513,66361.27,Office
SI-0004736,S-002353,3724,238320,36720.95,Equipment
SI-0004737,S-002353,8810,238320,26321.77,Crew
SI-0004738,S-002353,3632,236115,32672.17,Storefront
SI-0004739,S-002354,5403,722513,143111.63,Equipment
SI-0004740,S-002354,7228,561720,93879.93,Crew
SI-0004741,S-002354,8810,236115,19123.23,Warehouse
SI-0004742,S-002355,9082,484110,52438.8,Truck
SI-0004743,S-002355,7228,236115,13467.66,Equipment
SI-0004744,S-002356,8397,541511,107340.61,Warehouse
SI-0004745,S-002357,5606,484110,44085.38,Truck
SI-0004746,S-002358,5403,236115,9430.23,Truck
SI-0004747,S-002358,3632,236115,161733.1,Truck
SI-0004748,S-002358,5403,236115,13105.9,Office
SI-0004749,S-002359,3632,238320,46072.69,Warehouse
SI-0004750,S-002359,3632,484110,107078.29,Warehouse
SI-0004751,S-002359,3724,541612,26082.95,Office
SI-0004752,S-002360,5403,238320,10482.44,Warehouse
SI-0004753,S-002360,5606,236115,99186.92,Warehouse
SI-0004754,S-002360,3724,722513,20553.25,Equipment
SI-0004755,S-002361,3632,484110,19928.16,Crew
SI-0004756,S-002361,5606,238220,15151.59,Office
SI-0004757,S-002361,3632,238320,189982.82,Office
SI-0004758,S-002362,9082,236115,43130.66,Crew
SI-0004759,S-002362,8810,541612,37237.87,Crew
SI-0004760,S-002363,5606,484110,33773.91,Equipment
SI-0004761,S-002363,5403,722513,13708.6,Equipment
SI-0004762,S-002363,3724,722513,5667.03,Warehouse
SI-0004763,S-002364,8397,541511,84040.98,Warehouse
SI-0004764,S-002364,5606,236115,60920.54,Storefront
SI-0004765,S-002365,3724,541612,37011.74,Storefront
SI-0004766,S-002366,7228,236115,23806.09,Truck
SI-0004767,S-002366,5403,236115,23930.18,Truck
SI-0004768,S-002367,9082,484110,59506.18,Storefront
SI-0004769,S-002367,5606,541511,38674.07,Storefront
SI-0004770,S-002367,9082,561720,29627.84,Crew
SI-0004771,S-002368,3632,722513,17197.59,Warehouse
SI-0004772,S-002368,5606,238320,26299.44,Warehouse
SI-0004773,S-002369,5606,238220,14237.79,Office
SI-0004774,S-002370,3632,484110,27823.86,Storefront
SI-0004775,S-002371,5403,484110,11825.77,Warehouse
SI-0004776,S-002371,5606,484110,33838.63,Office
SI-0004777,S-002372,8397,238320,27143.77,Equipment
SI-0004778,S-002373,5606,484110,27163.6,Storefront
SI-0004779,S-002373,9082,722513,58399.26,Equipment
SI-0004780,S-002374,7228,238220,17156.99,Truck
SI-0004781,S-002374,7228,541511,44758.52,Warehouse
SI-0004782,S-002374,8810,238320,28766.58,Storefront
SI-0004783,S-002375,8397,541612,30895.34,Equipment
SI-0004784,S-002375,5403,236115,41677.55,Equipment
SI-0004785,S-002375,8810,238220,21281.1,Storefront
SI-0004786,S-002376,5606,484110,40798.14,Warehouse
SI-0004787,S-002376,5606,541511,102270.47,Office
SI-0004788,S-002377,5606,238220,71679.44,Crew
SI-0004789,S-002377,8810,541511,80978.19,Equipment
SI-0004790,S-002378,5606,484110,76002.85,Storefront
SI-0004791,S-002378,3632,238220,12536.42,Crew
SI-0004792,S-002378,5606,236115,25263.18,Warehouse
SI-0004793,S-002379,8397,722513,30337.89,Storefront
SI-0004794,S-002379,5606,236115,23476.79,Office
SI-0004795,S-002379,9082,238220,19604.05,Equipment
SI-0004796,S-002380,5403,722513,38250.8,Crew
SI-0004797,S-002381,7228,541511,27604.79,Office
SI-0004798,S-002382,8397,484110,31141.5,Crew
SI-0004799,S-002382,5606,561720,44745.42,Warehouse
SI-0004800,S-002382,9082,238320,39830.72,Storefront
SI-0004801,S-002383,3724,236115,22239.05,Warehouse
SI-0004802,S-002384,3632,238320,26926.9,Office
SI-0004803,S-002384,9082,722513,26163.32,Equipment
SI-0004804,S-002385,8810,238220,48740.33,Storefront
SI-0004805,S-002386,5403,722513,21523.83,Equipment
SI-0004806,S-002387,8397,541612,22322.0,Crew
SI-0004807,S-002388,5403,722513,73858.99,Warehouse
SI-0004808,S-002388,3632,561720,16771.28,Storefront
SI-0004809,S-002388,5403,238320,46832.08,Equipment
SI-0004810,S-002389,5606,561720,76798.22,Equipment
SI-0004811,S-002389,3724,722513,24461.5,Truck
SI-0004812,S-002390,8397,541511,160441.04,Equipment
SI-0004813,S-002390,8810,238220,31487.97,Office
SI-0004814,S-002390,8810,722513,31082.03,Truck
SI-0004815,S-002391,5606,541511,14138.83,Crew
SI-0004816,S-002392,5403,561720,29250.97,Warehouse
SI-0004817,S-002392,7228,561720,23453.28,Equipment
SI-0004818,S-002393,8810,722513,46746.79,Equipment
SI-0004819,S-002393,7228,541612,26342.69,Truck
SI-0004820,S-002393,7228,236115,61508.96,Warehouse
SI-0004821,S-002394,7228,541612,23333.93,Truck
SI-0004822,S-002395,3724,484110,28664.26,Warehouse
SI-0004823,S-002396,5606,561720,12893.09,Equipment
SI-0004824,S-002396,5403,541612,108622.8,Office
SI-0004825,S-002396,7228,722513,9564.67,Office
SI-0004826,S-002397,7228,561720,44006.48,Crew
SI-0004827,S-002398,8810,561720,39436.03,Storefront
SI-0004828,S-002398,8810,484110,10973.73,Truck
SI-0004829,S-002399,8397,238320,75713.81,Warehouse
SI-0004830,S-002400,8397,238220,9848.85,Crew
SI-0004831,S-002400,8397,484110,31508.92,Truck
SI-0004832,S-002400,3632,541612,58446.67,Office
SI-0004833,S-002401,9082,541612,31810.64,Warehouse
SI-0004834,S-002402,7228,541511,28326.37,Equipment
SI-0004835,S-002403,5606,561720,43100.12,Crew
SI-0004836,S-002404,3632,484110,23047.42,Crew
SI-0004837,S-002404,3632,722513,11043.07,Storefront
SI-0004838,S-002405,3632,236115,35415.73,Equipment
SI-0004839,S-002405,8397,722513,40502.88,Office
SI-0004840,S-002406,8397,484110,9837.14,Office
SI-0004841,S-002406,9082,238320,32994.44,Office
SI-0004842,S-002407,8810,238320,168631.44,Truck
SI-0004843,S-002407,5606,236115,27280.6,Truck
SI-0004844,S-002408,8397,541612,15726.66,Crew
SI-0004845,S-002409,5606,484110,33687.71,Warehouse
SI-0004846,S-002410,5606,238220,33663.15,Warehouse
SI-0004847,S-002410,8397,561720,27647.69,Office
SI-0004848,S-002410,3724,238320,34550.17,Storefront
SI-0004849,S-002411,3724,238220,66416.59,Crew
SI-0004850,S-002411,5403,236115,27723.78,Truck
SI-0004851,S-002412,7228,238220,37037.79,Office
SI-0004852,S-002413,5403,238320,16050.87,Warehouse
SI-0004853,S-002414,3632,238320,32904.19,Equipment
SI-0004854,S-002414,8810,541612,27011.79,Office
SI-0004855,S-002415,8397,238220,18584.31,Office
SI-0004856,S-002416,7228,238320,35301.68,Warehouse
SI-0004857,S-002417,3632,236115,28367.53,Warehouse
SI-0004858,S-002418,3632,541511,32581.43,Storefront
SI-0004859,S-002418,5606,722513,32413.4,Office
SI-0004860,S-002418,3724,561720,70036.06,Equipment
SI-0004861,S-002419,5403,238320,11088.3,Warehouse
SI-0004862,S-002420,8810,484110,47344.0,Storefront
SI-0004863,S-002420,8397,238220,22570.29,Truck
SI-0004864,S-002421,3724,238220,11323.82,Warehouse
SI-0004865,S-002421,5606,484110,15744.11,Equipment
SI-0004866,S-002422,3724,722513,22319.28,Crew
SI-0004867,S-002422,7228,484110,17883.99,Truck
SI-0004868,S-002423,8397,238220,16450.45,Storefront
SI-0004869,S-002424,7228,236115,126801.98,Warehouse
SI-0004870,S-002425,7228,236115,13208.71,Office
SI-0004871,S-002425,3724,561720,24550.33,Truck
SI-0004872,S-002425,3724,236115,7884.59,Warehouse
SI-0004873,S-002426,8397,484110,74109.82,Warehouse
SI-0004874,S-002426,3632,484110,19430.0,Storefront
SI-0004875,S-002427,9082,722513,7796.17,Storefront
SI-0004876,S-002428,3632,238320,16391.52,Warehouse
SI-0004877,S-002428,9082,238220,25810.36,Storefront
SI-0004878,S-002429,9082,722513,52996.58,Equipment
SI-0004879,S-002429,7228,238220,12526.97,Crew
SI-0004880,S-002430,9082,484110,111984.3,Office
SI-0004881,S-002430,3724,238320,11164.26,Office
SI-0004882,S-002430,7228,561720,15566.41,Storefront
SI-0004883,S-002431,5403,561720,37147.69,Truck
SI-0004884,S-002431,7228,541511,32612.15,Truck
SI-0004885,S-002432,5403,238320,26121.86,Equipment
SI-0004886,S-002432,5403,541612,44029.43,Warehouse
SI-0004887,S-002432,9082,541612,15643.26,Equipment
SI-0004888,S-002433,5606,236115,29155.17,Storefront
SI-0004889,S-002433,5403,561720,76819.03,Truck
SI-0004890,S-002434,8397,541511,27890.11,Equipment
SI-0004891,S-002434,3632,238220,31789.5,Crew
SI-0004892,S-002434,8810,238220,25184.77,Storefront
SI-0004893,S-002435,9082,238320,31079.5,Storefront
SI-0004894,S-002436,3724,722513,22261.52,Truck
SI-0004895,S-002436,8397,238320,21044.12,Storefront
SI-0004896,S-002436,5403,541612,65433.01,Storefront
SI-0004897,S-002437,3724,541511,23760.9,Storefront
SI-0004898,S-002437,8810,561720,6719.31,Warehouse
SI-0004899,S-002438,3724,236115,40525.47,Storefront
SI-0004900,S-002438,3724,238320,122141.08,Truck
SI-0004901,S-002438,7228,238220,18677.48,Office
SI-0004902,S-002439,8810,541612,15376.29,Office
SI-0004903,S-002440,8810,238220,90878.97,Storefront
SI-0004904,S-002441,7228,484110,13731.42,Storefront
SI-0004905,S-002441,7228,238220,19836.23,Crew
SI-0004906,S-002441,9082,541511,28577.54,Truck
SI-0004907,S-002442,9082,561720,31763.87,Office
SI-0004908,S-002442,3632,561720,43036.54,Crew
SI-0004909,S-002443,5403,561720,20057.83,Office
SI-0004910,S-002443,5403,541612,13261.76,Storefront
SI-0004911,S-002444,3632,561720,17553.3,Warehouse
SI-0004912,S-002444,8810,238220,119753.51,Crew
SI-0004913,S-002444,7228,561720,37471.61,Office
SI-0004914,S-002445,8397,722513,25942.16,Equipment
SI-0004915,S-002446,9082,484110,19225.05,Warehouse
SI-0004916,S-002446,8397,238320,26844.59,Truck
SI-0004917,S-002446,8397,484110,81097.33,Office
SI-0004918,S-002447,9082,236115,59545.88,Warehouse
SI-0004919,S-002448,5606,238220,56233.54,Storefront
SI-0004920,S-002449,7228,541511,16111.45,Crew
SI-0004921,S-002449,7228,561720,51191.26,Truck
SI-0004922,S-002449,8397,541511,11885.62,Crew
SI-0004923,S-002450,5403,238220,31518.24,Warehouse
SI-0004924,S-002451,7228,722513,24949.05,Warehouse
SI-0004925,S-002451,9082,238320,37898.76,Crew
SI-0004926,S-002451,9082,541612,16126.05,Equipment
SI-0004927,S-002452,8810,541612,61343.89,Truck
SI-0004928,S-002453,3632,238320,26742.46,Warehouse
SI-0004929,S-002453,8397,541511,36253.61,Truck
SI-0004930,S-002454,3632,722513,25520.77,Storefront
SI-0004931,S-002454,3724,238320,109702.06,Storefront
SI-0004932,S-002455,5403,236115,24323.89,Crew
SI-0004933,S-002455,9082,561720,26941.73,Equipment
SI-0004934,S-002456,3724,541511,95912.39,Warehouse
SI-0004935,S-002457,7228,541511,58892.63,Office
SI-0004936,S-002457,8810,236115,21134.89,Warehouse
SI-0004937,S-002458,7228,238220,85084.65,Truck
SI-0004938,S-002459,3724,541612,31562.67,Truck
SI-0004939,S-002459,5403,238220,11074.18,Storefront
SI-0004940,S-002459,5403,484110,73136.98,Truck
SI-0004941,S-002460,5606,541511,43063.98,Equipment
SI-0004942,S-002460,5606,541612,38493.46,Warehouse
SI-0004943,S-002461,8397,484110,28655.5,Storefront
SI-0004944,S-002461,9082,541612,63821.25,Office
SI-0004945,S-002461,7228,541612,75559.3,Crew
SI-0004946,S-002462,3724,236115,43776.38,Equipment
SI-0004947,S-002462,3632,238320,24586.57,Warehouse
SI-0004948,S-002462,7228,541612,36729.78,Truck
SI-0004949,S-002463,8810,236115,40796.02,Equipment
SI-0004950,S-002463,3632,484110,37321.88,Storefront
SI-0004951,S-002463,5606,541511,70774.55,Storefront
SI-0004952,S-002464,5606,541612,54577.13,Storefront
SI-0004953,S-002464,3632,722513,23481.25,Office
SI-0004954,S-002465,7228,541511,32266.71,Crew
SI-0004955,S-002465,3724,236115,73851.38,Office
SI-0004956,S-002466,3724,541511,15450.75,Equipment
SI-0004957,S-002466,5403,238320,22001.89,Warehouse
SI-0004958,S-002467,3724,561720,15868.46,Truck
SI-0004959,S-002467,5606,236115,64631.34,Equipment
SI-0004960,S-002468,8810,541511,121692.03,Truck
SI-0004961,S-002468,5403,561720,68715.12,Office
SI-0004962,S-002468,5606,238220,11674.5,Crew
SI-0004963,S-002469,3632,238320,37159.92,Crew
SI-0004964,S-002469,5403,484110,19537.32,Crew
SI-0004965,S-002469,8397,238320,21763.61,Office
SI-0004966,S-002470,7228,561720,42567.79,Equipment
SI-0004967,S-002470,3632,238220,25482.47,Storefront
SI-0004968,S-002471,7228,238220,61476.68,Office
SI-0004969,S-002471,8397,484110,75575.59,Truck
SI-0004970,S-002472,9082,541612,47903.06,Truck
SI-0004971,S-002472,7228,561720,64537.21,Crew
SI-0004972,S-002472,5606,541612,70871.42,Storefront
SI-0004973,S-002473,3632,541612,89349.07,Warehouse
SI-0004974,S-002473,3724,561720,30091.3,Truck
SI-0004975,S-002473,9082,561720,56746.55,Truck
SI-0004976,S-002474,3724,561720,13823.6,Storefront
SI-0004977,S-002475,3632,722513,23830.27,Storefront
SI-0004978,S-002476,3724,238220,17899.4,Warehouse
SI-0004979,S-002477,3632,722513,34319.96,Storefront
SI-0004980,S-002478,3724,722513,57302.63,Crew
SI-0004981,S-002479,5606,484110,58767.04,Storefront
SI-0004982,S-002479,5606,541511,89936.59,Truck
SI-0004983,S-002479,5606,541612,119150.15,Warehouse
SI-0004984,S-002480,3632,238320,42202.77,Warehouse
SI-0004985,S-002480,8810,722513,50537.7,Office
SI-0004986,S-002481,3724,238320,29282.58,Crew
SI-0004987,S-002482,7228,541511,16802.98,Warehouse
SI-0004988,S-002482,8810,236115,28786.6,Office
SI-0004989,S-002483,3632,541511,96304.08,Crew
SI-0004990,S-002483,8397,541511,22979.77,Truck
SI-0004991,S-002484,5403,238320,38480.85,Office
SI-0004992,S-002484,3724,484110,41749.37,Crew
SI-0004993,S-002485,8810,238320,44366.38,Storefront
SI-0004994,S-002486,3724,236115,29686.62,Storefront
SI-0004995,S-002487,3724,238320,52089.7,Truck
SI-0004996,S-002488,9082,561720,28541.5,Storefront
SI-0004997,S-002488,3724,541612,29021.09,Storefront
SI-0004998,S-002489,8397,236115,44902.94,Crew
SI-0004999,S-002489,5606,236115,50636.48,Storefront
SI-0005000,S-002490,8397,238320,38855.42,Truck
SI-0005001,S-002491,5403,561720,6367.18,Office
SI-0005002,S-002491,7228,541511,32452.0,Warehouse
SI-0005003,S-002491,5606,484110,14792.14,Storefront
SI-0005004,S-002492,5606,238320,63964.9,Warehouse
SI-0005005,S-002492,9082,722513,17915.69,Equipment
SI-0005006,S-002492,7228,236115,16092.77,Office
SI-0005007,S-002493,8810,236115,19474.98,Equipment
SI-0005008,S-002493,7228,541511,25589.14,Warehouse
SI-0005009,S-002494,5606,561720,21258.66,Storefront
SI-0005010,S-002494,3632,484110,137513.96,Equipment
SI-0005011,S-002495,5606,541511,90301.72,Truck
SI-0005012,S-002496,5606,484110,21577.91,Warehouse
SI-0005013,S-002496,8397,722513,31033.88,Warehouse
SI-0005014,S-002496,3632,561720,43179.75,Storefront
SI-0005015,S-002497,8397,236115,60903.89,Office
SI-0005016,S-002497,3632,484110,10340.95,Crew
SI-0005017,S-002497,5606,561720,9376.21,Equipment
SI-0005018,S-002498,8397,238320,49261.42,Truck
SI-0005019,S-002498,8397,484110,23351.35,Storefront
SI-0005020,S-002499,8397,561720,105444.55,Crew
SI-0005021,S-002500,8397,484110,37962.04,Truck
SI-0005022,S-002500,5403,238320,20255.11,Warehouse
SI-0005023,S-002501,9082,722513,24439.6,Storefront
SI-0005024,S-002501,8397,722513,73574.34,Office
SI-0005025,S-002502,5403,541511,24710.69,Truck
SI-0005026,S-002503,8397,484110,37428.35,Office
SI-0005027,S-002503,3724,236115,123875.38,Equipment
SI-0005028,S-002503,7228,541511,8061.09,Truck
SI-0005029,S-002504,3632,561720,47486.65,Truck
SI-0005030,S-002504,8810,238220,43271.73,Equipment
SI-0005031,S-002504,8810,541511,94808.12,Storefront
SI-0005032,S-002505,9082,541511,94743.42,Warehouse
SI-0005033,S-002505,5403,541511,49620.55,Warehouse
SI-0005034,S-002505,3724,722513,64426.9,Truck
SI-0005035,S-002506,8810,238220,23069.65,Storefront
SI-0005036,S-002506,8397,236115,54500.5,Truck
SI-0005037,S-002507,7228,541612,32813.32,Truck
SI-0005038,S-002508,8810,484110,34319.43,Office
SI-0005039,S-002508,7228,238320,32827.92,Truck
SI-0005040,S-002508,5606,484110,53821.35,Office
SI-0005041,S-002509,8397,722513,135198.27,Storefront
SI-0005042,S-002509,5403,238220,106890.92,Storefront
SI-0005043,S-002509,5403,238320,18843.84,Warehouse
SI-0005044,S-002510,3724,561720,21843.72,Truck
SI-0005045,S-002511,5606,238320,11103.28,Equipment
SI-0005046,S-002512,8810,722513,14526.28,Warehouse
SI-0005047,S-002512,3724,541612,49543.04,Office
SI-0005048,S-002513,3632,541612,65892.53,Office
SI-0005049,S-002513,7228,238220,17354.26,Office
SI-0005050,S-002514,8810,722513,18714.0,Equipment
SI-0005051,S-002514,3724,722513,63653.29,Office
SI-0005052,S-002514,9082,238220,196407.31,Office
SI-0005053,S-002515,5403,541612,15485.67,Storefront
SI-0005054,S-002515,8810,561720,10294.18,Truck
SI-0005055,S-002515,9082,541612,48337.15,Truck
SI-0005056,S-002516,5606,541612,57927.73,Warehouse
SI-0005057,S-002516,5403,238220,34879.05,Office
SI-0005058,S-002517,3632,238220,36922.82,Truck
SI-0005059,S-002518,5403,541511,20627.34,Warehouse
SI-0005060,S-002519,7228,541511,26463.43,Crew
SI-0005061,S-002519,8397,722513,25062.28,Crew
SI-0005062,S-002519,5606,561720,21489.8,Truck
SI-0005063,S-002520,3632,561720,17647.14,Equipment
SI-0005064,S-002520,3632,236115,35283.89,Truck
SI-0005065,S-002520,8397,561720,25654.28,Crew
SI-0005066,S-002521,3632,484110,42222.7,Truck
SI-0005067,S-002522,9082,541612,26824.67,Office
SI-0005068,S-002522,8397,561720,20010.38,Truck
SI-0005069,S-002522,8397,484110,13471.66,Crew
SI-0005070,S-002523,8397,484110,58925.91,Equipment
SI-0005071,S-002523,9082,541612,29461.35,Crew
SI-0005072,S-002523,9082,238220,24042.23,Truck
SI-0005073,S-002524,3724,484110,42500.53,Truck
SI-0005074,S-002525,7228,541612,21385.88,Office
SI-0005075,S-002525,9082,238220,45856.91,Truck
SI-0005076,S-002525,9082,541612,116037.1,Storefront
SI-0005077,S-002526,8397,722513,79443.98,Equipment
SI-0005078,S-002527,8810,541612,112801.45,Crew
SI-0005079,S-002527,8397,484110,14638.18,Truck
SI-0005080,S-002528,7228,484110,84034.98,Crew
SI-0005081,S-002528,9082,236115,17917.12,Crew
SI-0005082,S-002529,3724,484110,39346.41,Equipment
SI-0005083,S-002529,3724,722513,35480.01,Warehouse
SI-0005084,S-002529,3632,541511,31075.53,Equipment
SI-0005085,S-002530,8810,236115,93966.37,Equipment
SI-0005086,S-002531,3632,722513,92027.9,Warehouse
SI-0005087,S-002531,9082,238220,4495.07,Storefront
SI-0005088,S-002532,8810,541612,71993.14,Equipment
SI-0005089,S-002532,3632,238220,39777.88,Warehouse
SI-0005090,S-002532,7228,236115,67558.35,Truck
SI-0005091,S-002533,5403,561720,11002.68,Equipment
SI-0005092,S-002534,3632,484110,17704.27,Warehouse
SI-0005093,S-002535,5606,484110,28150.52,Crew
SI-0005094,S-002536,5606,541511,40810.19,Crew
SI-0005095,S-002536,3724,236115,45592.14,Warehouse
SI-0005096,S-002536,3632,238220,30167.87,Crew
SI-0005097,S-002537,5403,541612,78509.96,Equipment
SI-0005098,S-002537,3632,561720,14678.64,Equipment
SI-0005099,S-002537,9082,236115,7931.5,Truck
SI-0005100,S-002538,5606,722513,52388.71,Warehouse
SI-0005101,S-002538,7228,484110,16998.7,Storefront
SI-0005102,S-002539,7228,541612,99693.4,Warehouse
SI-0005103,S-002539,3632,722513,128304.21,Equipment
SI-0005104,S-002539,5606,561720,33459.5,Office
SI-0005105,S-002540,3724,484110,167701.12,Storefront
SI-0005106,S-002541,9082,561720,71380.21,Equipment
SI-0005107,S-002541,5606,484110,20977.55,Warehouse
SI-0005108,S-002541,8810,238220,33948.2,Truck
SI-0005109,S-002542,5606,238220,15348.46,Crew
SI-0005110,S-002542,3632,238320,18871.87,Equipment
SI-0005111,S-002543,3724,541511,44066.84,Storefront
SI-0005112,S-002543,3632,238220,69477.65,Truck
SI-0005113,S-002543,5403,561720,19202.89,Truck
SI-0005114,S-002544,3724,541612,33668.18,Storefront
SI-0005115,S-002544,5606,561720,15151.4,Warehouse
SI-0005116,S-002544,8397,484110,8215.35,Crew
SI-0005117,S-002545,8810,541612,38898.89,Office
SI-0005118,S-002546,5606,238320,33011.49,Storefront
SI-0005119,S-002546,8810,484110,12860.87,Office
SI-0005120,S-002547,8810,236115,18553.38,Crew
SI-0005121,S-002548,3632,722513,30054.13,Office
SI-0005122,S-002548,5403,541612,44079.77,Crew
SI-0005123,S-002549,7228,541612,24630.89,Storefront
SI-0005124,S-002549,5606,561720,32221.64,Equipment
SI-0005125,S-002550,8810,561720,32116.56,Storefront
SI-0005126,S-002550,9082,541612,7574.5,Truck
SI-0005127,S-002550,8397,561720,87167.5,Warehouse
SI-0005128,S-002551,8397,236115,45051.0,Warehouse
SI-0005129,S-002551,8810,238220,67753.16,Crew
SI-0005130,S-002552,9082,561720,6346.34,Truck
SI-0005131,S-002552,9082,236115,111866.45,Storefront
SI-0005132,S-002553,5403,236115,35749.81,Office
SI-0005133,S-002553,5606,484110,32021.77,Crew
SI-0005134,S-002554,7228,236115,33830.29,Storefront
SI-0005135,S-002554,8810,722513,36765.33,Crew
SI-0005136,S-002555,7228,541612,39057.05,Truck
SI-0005137,S-002556,9082,541612,29021.76,Crew
SI-0005138,S-002556,3724,541511,67550.91,Truck
SI-0005139,S-002556,8397,541612,178746.47,Crew
SI-0005140,S-002557,3724,238320,36769.45,Office
SI-0005141,S-002558,9082,484110,22568.59,Truck
SI-0005142,S-002558,3632,238220,26340.12,Storefront
SI-0005143,S-002558,9082,238220,22186.56,Storefront
SI-0005144,S-002559,5606,238220,69139.35,Office
SI-0005145,S-002559,5403,238220,71234.86,Truck
SI-0005146,S-002560,8810,236115,40259.99,Equipment
SI-0005147,S-002560,5606,484110,41681.17,Office
SI-0005148,S-002561,5403,238320,20895.15,Office
SI-0005149,S-002562,3724,238220,44154.38,Crew
SI-0005150,S-002562,3724,238320,39412.17,Equipment
SI-0005151,S-002563,8397,236115,27251.26,Office
SI-0005152,S-002563,3632,238220,40963.63,Office
SI-0005153,S-002564,5606,236115,33179.26,Warehouse
SI-0005154,S-002564,8397,238320,58051.78,Crew
SI-0005155,S-002564,8810,238220,32667.06,Storefront
SI-0005156,S-002565,8810,238320,35834.94,Crew
SI-0005157,S-002566,3632,238220,66582.69,Warehouse
SI-0005158,S-002566,7228,541511,30333.19,Crew
SI-0005159,S-002566,3724,561720,10889.92,Office
SI-0005160,S-002567,5606,238320,32667.43,Truck
SI-0005161,S-002567,8397,238220,26312.08,Warehouse
SI-0005162,S-002567,3724,541511,23420.28,Equipment
SI-0005163,S-002568,3724,236115,24437.97,Warehouse
SI-0005164,S-002568,9082,236115,31269.17,Office
SI-0005165,S-002568,3724,541612,12064.01,Office
SI-0005166,S-002569,3724,238220,54109.43,Crew
SI-0005167,S-002569,9082,541612,43639.65,Office
SI-0005168,S-002569,5403,238320,128937.46,Crew
SI-0005169,S-002570,8397,561720,26709.57,Equipment
SI-0005170,S-002570,3724,541511,34127.22,Storefront
SI-0005171,S-002571,3632,236115,17816.8,Equipment
SI-0005172,S-002571,5403,722513,24427.89,Warehouse
SI-0005173,S-002571,7228,722513,31359.88,Crew
SI-0005174,S-002572,3632,484110,38150.75,Storefront
SI-0005175,S-002572,3632,722513,11280.54,Storefront
SI-0005176,S-002573,8397,561720,8761.74,Storefront
SI-0005177,S-002573,3724,238320,77237.84,Storefront
SI-0005178,S-002574,8397,236115,122255.24,Equipment
SI-0005179,S-002575,7228,238320,39952.72,Office
SI-0005180,S-002576,5606,484110,16983.84,Office
SI-0005181,S-002576,7228,238220,80192.71,Equipment
SI-0005182,S-002576,5403,561720,18252.39,Truck
SI-0005183,S-002577,3724,722513,13147.22,Equipment
SI-0005184,S-002577,8810,236115,31973.79,Storefront
SI-0005185,S-002577,9082,238220,131180.21,Crew
SI-0005186,S-002578,9082,238320,19783.32,Storefront
SI-0005187,S-002578,8810,238220,46167.24,Warehouse
SI-0005188,S-002578,3632,238220,50923.12,Crew
SI-0005189,S-002579,5403,236115,37629.14,Office
SI-0005190,S-002579,7228,238220,97326.32,Truck
SI-0005191,S-002579,7228,238320,31174.04,Office
SI-0005192,S-002580,8397,541612,21958.29,Warehouse
SI-0005193,S-002580,9082,722513,36764.66,Warehouse
SI-0005194,S-002581,8810,541612,176081.4,Crew
SI-0005195,S-002581,5606,238220,30189.94,Storefront
SI-0005196,S-002582,3724,561720,11002.43,Crew
SI-0005197,S-002582,9082,561720,16854.28,Storefront
SI-0005198,S-002583,5606,238220,11678.68,Warehouse
SI-0005199,S-002584,7228,238320,26839.63,Storefront
SI-0005200,S-002584,3632,541612,52435.93,Storefront
SI-0005201,S-002584,8397,238320,49665.04,Truck
SI-0005202,S-002585,7228,541612,37226.56,Storefront
SI-0005203,S-002585,7228,484110,68948.97,Truck
SI-0005204,S-002585,7228,722513,84297.42,Crew
SI-0005205,S-002586,3724,238320,59771.49,Office
SI-0005206,S-002586,3632,561720,34324.11,Crew
SI-0005207,S-002586,8810,484110,291900.61,Truck
SI-0005208,S-002587,5606,541612,10776.57,Equipment
SI-0005209,S-002587,3724,541612,51551.1,Warehouse
SI-0005210,S-002588,3632,541511,21971.53,Equipment
SI-0005211,S-002588,3632,484110,14746.87,Crew
SI-0005212,S-002588,7228,484110,31080.6,Warehouse
SI-0005213,S-002589,8397,561720,28115.78,Warehouse
SI-0005214,S-002589,7228,238220,7615.76,Truck
SI-0005215,S-002589,3632,541612,24753.73,Crew
SI-0005216,S-002590,3724,541511,55682.09,Equipment
SI-0005217,S-002590,5606,722513,95494.57,Office
SI-0005218,S-002590,8810,238320,67915.41,Equipment
SI-0005219,S-002591,8397,238220,6748.6,Equipment
SI-0005220,S-002591,3724,236115,43738.02,Office
SI-0005221,S-002592,5403,238320,20900.34,Crew
SI-0005222,S-002592,3724,561720,34675.94,Crew
SI-0005223,S-002592,9082,238320,16645.04,Office
SI-0005224,S-002593,5606,541612,22988.58,Storefront
SI-0005225,S-002594,3632,561720,54985.59,Truck
SI-0005226,S-002594,3724,484110,22987.14,Truck
SI-0005227,S-002595,9082,561720,22741.25,Storefront
SI-0005228,S-002595,8397,238320,24328.32,Truck
SI-0005229,S-002596,5606,236115,16746.02,Equipment
SI-0005230,S-002597,8397,236115,32374.27,Office
SI-0005231,S-002598,3724,236115,14280.16,Office
SI-0005232,S-002598,3724,238220,37241.41,Warehouse
SI-0005233,S-002599,3632,484110,45750.57,Crew
SI-0005234,S-002600,3632,541511,47524.01,Equipment
SI-0005235,S-002600,3724,236115,32754.71,Crew
SI-0005236,S-002601,9082,722513,32400.78,Truck
SI-0005237,S-002602,8810,238320,16739.42,Office
SI-0005238,S-002603,8810,238220,59738.94,Truck
SI-0005239,S-002603,8397,238320,52163.62,Crew
SI-0005240,S-002603,3632,238320,36077.48,Storefront
SI-0005241,S-002604,3632,722513,14021.27,Equipment
SI-0005242,S-002604,3724,541511,69399.16,Crew
SI-0005243,S-002604,7228,561720,33730.18,Truck
SI-0005244,S-002605,3724,236115,45227.05,Warehouse
SI-0005245,S-002605,5403,722513,24643.28,Warehouse
SI-0005246,S-002606,9082,484110,40814.77,Truck
SI-0005247,S-002606,8810,541511,38227.55,Truck
SI-0005248,S-002606,3724,238320,68223.4,Truck
SI-0005249,S-002607,3724,561720,6708.95,Office
SI-0005250,S-002608,3632,561720,26104.1,Warehouse
SI-0005251,S-002608,3632,541612,4784.53,Crew
SI-0005252,S-002609,8397,238220,14053.47,Crew
SI-0005253,S-002609,7228,238220,48934.58,Office
SI-0005254,S-002610,3632,238320,35739.19,Storefront
SI-0005255,S-002610,3632,236115,74137.32,Crew
SI-0005256,S-002611,8810,238320,52327.73,Truck
SI-0005257,S-002612,5403,236115,37124.81,Office
SI-0005258,S-002612,8810,484110,18424.08,Truck
SI-0005259,S-002613,5403,484110,43582.34,Storefront
SI-0005260,S-002614,8397,236115,85553.97,Storefront
SI-0005261,S-002614,9082,722513,12508.66,Crew
SI-0005262,S-002615,5606,722513,15005.58,Equipment
SI-0005263,S-002615,9082,722513,19572.05,Equipment
SI-0005264,S-002615,8397,541511,53523.22,Equipment
SI-0005265,S-002616,7228,236115,38278.95,Equipment
SI-0005266,S-002617,8810,541612,13114.08,Storefront
SI-0005267,S-002617,5403,238220,35900.76,Warehouse
SI-0005268,S-002617,9082,561720,20793.83,Crew
SI-0005269,S-002618,8810,561720,21281.07,Office
SI-0005270,S-002619,3724,484110,75140.54,Truck
SI-0005271,S-002619,8810,484110,17883.73,Storefront
SI-0005272,S-002619,3632,484110,20140.06,Crew
SI-0005273,S-002620,9082,722513,25245.73,Warehouse
SI-0005274,S-002620,7228,541511,71465.63,Office
SI-0005275,S-002620,8810,238320,78790.97,Warehouse
SI-0005276,S-002621,3632,541511,40578.78,Equipment
SI-0005277,S-002622,9082,541612,59645.53,Equipment
SI-0005278,S-002623,8397,561720,28095.11,Office
SI-0005279,S-002624,3632,484110,81592.04,Warehouse
SI-0005280,S-002624,8810,561720,28930.93,Truck
SI-0005281,S-002625,3724,541511,15007.95,Crew
SI-0005282,S-002625,5606,722513,4673.54,Warehouse
SI-0005283,S-002626,3724,561720,13753.6,Equipment
SI-0005284,S-002627,3632,541511,126682.25,Crew
SI-0005285,S-002628,9082,561720,48758.66,Equipment
SI-0005286,S-002628,9082,541511,48433.82,Warehouse
SI-0005287,S-002629,3632,238320,25266.12,Truck
SI-0005288,S-002629,8397,541511,66422.09,Crew
SI-0005289,S-002630,5606,484110,87086.7,Office
SI-0005290,S-002630,3632,561720,52968.44,Crew
SI-0005291,S-002631,8810,484110,15533.67,Truck
SI-0005292,S-002631,5403,541511,14183.73,Equipment
SI-0005293,S-002631,8397,541612,43507.04,Warehouse
SI-0005294,S-002632,8810,238220,44978.91,Equipment
SI-0005295,S-002632,9082,541612,10821.39,Crew
SI-0005296,S-002632,8810,484110,45807.24,Equipment
SI-0005297,S-002633,5606,561720,55890.53,Truck
SI-0005298,S-002633,5606,484110,31347.74,Storefront
SI-0005299,S-002633,7228,722513,62218.38,Storefront
SI-0005300,S-002634,8810,541612,18197.54,Office
SI-0005301,S-002635,3724,484110,86421.05,Warehouse
SI-0005302,S-002636,9082,541511,26829.96,Crew
SI-0005303,S-002636,3724,541511,18606.98,Equipment
SI-0005304,S-002637,9082,238320,29482.85,Office
SI-0005305,S-002637,7228,561720,39134.62,Equipment
SI-0005306,S-002638,5606,541612,41807.2,Office
SI-0005307,S-002638,3724,238220,20328.94,Truck
SI-0005308,S-002639,5606,238220,21842.94,Office
SI-0005309,S-002639,5606,238320,68747.15,Storefront
SI-0005310,S-002640,5606,236115,18155.87,Storefront
SI-0005311,S-002640,8397,236115,43355.2,Crew
SI-0005312,S-002640,9082,541612,16328.94,Office
SI-0005313,S-002641,8397,541612,14745.01,Storefront
SI-0005314,S-002642,3724,722513,21915.62,Crew
SI-0005315,S-002642,9082,236115,28633.6,Truck
SI-0005316,S-002642,8397,238320,55199.16,Warehouse
SI-0005317,S-002643,9082,541511,13632.57,Crew
SI-0005318,S-002643,7228,238320,19228.36,Warehouse
SI-0005319,S-002643,3632,561720,23609.82,Equipment
SI-0005320,S-002644,7228,541612,27331.52,Office
SI-0005321,S-002645,9082,541511,95818.9,Office
SI-0005322,S-002645,3724,238220,18865.39,Crew
SI-0005323,S-002646,8810,238320,32792.46,Office
SI-0005324,S-002646,3632,484110,18584.54,Office
SI-0005325,S-002647,3632,541612,36051.82,Truck
SI-0005326,S-002648,5403,541612,31907.56,Warehouse
SI-0005327,S-002648,3724,561720,44496.57,Crew
SI-0005328,S-002649,5403,561720,26784.92,Storefront
SI-0005329,S-002649,8810,722513,67536.13,Storefront
SI-0005330,S-002649,8397,541612,18310.44,Office
SI-0005331,S-002650,8397,722513,13704.19,Truck
SI-0005332,S-002650,5606,722513,26427.92,Crew
SI-0005333,S-002651,3724,722513,29027.64,Equipment
SI-0005334,S-002652,7228,541612,76219.36,Office
SI-0005335,S-002652,7228,238220,14427.15,Office
SI-0005336,S-002653,5403,236115,24804.12,Equipment
SI-0005337,S-002653,8810,561720,71263.86,Storefront
SI-0005338,S-002653,8397,238220,17143.41,Storefront
SI-0005339,S-002654,8810,238220,17847.96,Storefront
SI-0005340,S-002655,5403,238320,18776.24,Storefront
SI-0005341,S-002655,9082,236115,153061.51,Office
SI-0005342,S-002655,7228,722513,17329.69,Storefront
SI-0005343,S-002656,8810,561720,12911.24,Crew
SI-0005344,S-002656,3632,238320,23769.05,Storefront
SI-0005345,S-002656,5606,238320,50126.92,Crew
SI-0005346,S-002657,5606,236115,12263.33,Storefront
SI-0005347,S-002658,8397,236115,36892.12,Equipment
SI-0005348,S-002658,7228,722513,17553.91,Warehouse
SI-0005349,S-002658,3632,561720,31524.18,Equipment
SI-0005350,S-002659,8810,236115,10441.97,Equipment
SI-0005351,S-002660,5606,561720,30128.1,Equipment
SI-0005352,S-002661,5403,484110,60497.78,Truck
SI-0005353,S-002661,8397,561720,21061.15,Storefront
SI-0005354,S-002661,7228,238320,37275.6,Storefront
SI-0005355,S-002662,8397,238220,37509.29,Storefront
SI-0005356,S-002663,5403,238220,18775.73,Equipment
SI-0005357,S-002664,9082,238220,37602.67,Storefront
SI-0005358,S-002665,3724,561720,25680.1,Crew
SI-0005359,S-002665,5606,484110,69383.09,Equipment
SI-0005360,S-002666,5606,561720,33832.44,Warehouse
SI-0005361,S-002666,9082,484110,90847.81,Crew
SI-0005362,S-002666,8397,238320,40438.54,Truck
SI-0005363,S-002667,3724,484110,74347.71,Equipment
SI-0005364,S-002667,5606,236115,12969.45,Truck
SI-0005365,S-002668,5606,238320,82738.8,Storefront
SI-0005366,S-002668,3724,236115,51642.89,Storefront
SI-0005367,S-002669,9082,561720,25870.45,Equipment
SI-0005368,S-002669,3632,561720,25868.4,Equipment
SI-0005369,S-002669,3724,238320,42134.51,Crew
SI-0005370,S-002670,3724,541612,46321.62,Crew
SI-0005371,S-002671,7228,541511,38790.41,Crew
SI-0005372,S-002671,9082,238220,13891.02,Office
SI-0005373,S-002671,5403,236115,28757.08,Crew
SI-0005374,S-002672,8810,541612,44366.61,Crew
SI-0005375,S-002672,8397,561720,48552.75,Crew
SI-0005376,S-002673,7228,236115,26293.01,Storefront
SI-0005377,S-002673,5606,238220,18884.72,Truck
SI-0005378,S-002673,3632,238220,12190.2,Truck
SI-0005379,S-002674,3724,238320,36032.27,Storefront
SI-0005380,S-002674,5606,541511,19549.75,Truck
SI-0005381,S-002675,5403,541511,52136.37,Warehouse
SI-0005382,S-002675,8810,561720,6691.23,Office
SI-0005383,S-002676,9082,236115,11787.13,Storefront
SI-0005384,S-002676,7228,722513,11417.62,Truck
SI-0005385,S-002676,3632,236115,32091.64,Equipment
SI-0005386,S-002677,3724,722513,40588.66,Storefront
SI-0005387,S-002677,8397,541511,41079.33,Storefront
SI-0005388,S-002678,7228,484110,20397.27,Equipment
SI-0005389,S-002679,3724,541511,56985.76,Warehouse
SI-0005390,S-002679,3632,238320,37714.81,Crew
SI-0005391,S-002679,5403,541612,53414.68,Storefront
SI-0005392,S-002680,5606,484110,65910.46,Warehouse
SI-0005393,S-002680,3724,561720,16096.92,Crew
SI-0005394,S-002681,3724,238220,16367.98,Storefront
SI-0005395,S-002682,9082,238320,49568.85,Equipment
SI-0005396,S-002682,5606,238320,80104.88,Storefront
SI-0005397,S-002683,9082,236115,58323.93,Crew
SI-0005398,S-002683,3632,722513,12268.27,Storefront
SI-0005399,S-002683,5606,561720,26803.72,Equipment
SI-0005400,S-002684,3724,238220,31579.16,Warehouse
SI-0005401,S-002684,3724,541511,80534.19,Storefront
SI-0005402,S-002685,9082,484110,10798.26,Office
SI-0005403,S-002685,8810,541511,104137.35,Storefront
SI-0005404,S-002686,8397,541612,102321.49,Equipment
SI-0005405,S-002686,9082,238220,26810.36,Truck
SI-0005406,S-002686,3724,722513,57107.79,Crew
SI-0005407,S-002687,7228,541612,35418.18,Storefront
SI-0005408,S-002687,7228,722513,64076.07,Equipment
SI-0005409,S-002687,8397,722513,29398.91,Equipment
SI-0005410,S-002688,3632,236115,51584.33,Crew
SI-0005411,S-002688,9082,541511,19910.44,Warehouse
SI-0005412,S-002688,3632,238220,30449.44,Truck
SI-0005413,S-002689,5606,484110,88730.46,Office
SI-0005414,S-002689,3632,541612,24429.39,Storefront
SI-0005415,S-002689,3724,541511,26974.0,Truck
SI-0005416,S-002690,8810,238220,42807.98,Storefront
SI-0005417,S-002691,8397,541511,30894.15,Storefront
SI-0005418,S-002692,8810,236115,25430.45,Office
SI-0005419,S-002692,3724,238320,89253.68,Office
SI-0005420,S-002692,8397,541612,27942.56,Office
SI-0005421,S-002693,7228,238320,21852.03,Office
SI-0005422,S-002693,9082,238320,13993.4,Equipment
SI-0005423,S-002694,8810,722513,17992.39,Warehouse
SI-0005424,S-002694,3724,238320,7880.17,Office
SI-0005425,S-002695,3632,561720,24123.03,Warehouse
SI-0005426,S-002695,8397,238220,33715.6,Crew
SI-0005427,S-002696,7228,238320,348084.76,Warehouse
SI-0005428,S-002696,3632,541511,69040.27,Crew
SI-0005429,S-002697,7228,541511,87609.68,Truck
SI-0005430,S-002697,8810,238220,16905.21,Office
SI-0005431,S-002697,5606,541612,35699.51,Crew
SI-0005432,S-002698,8397,561720,103166.15,Equipment
SI-0005433,S-002698,3724,541511,12284.69,Crew
SI-0005434,S-002698,8397,236115,21296.61,Warehouse
SI-0005435,S-002699,9082,238320,88548.55,Office
SI-0005436,S-002700,8810,541612,8754.25,Warehouse
SI-0005437,S-002700,8810,561720,41622.95,Crew
SI-0005438,S-002701,3632,541612,11334.21,Crew
SI-0005439,S-002701,7228,541612,80182.61,Warehouse
SI-0005440,S-002701,3724,238220,33279.42,Truck
SI-0005441,S-002702,5403,541612,32802.49,Truck
SI-0005442,S-002703,8397,238220,38173.73,Truck
SI-0005443,S-002703,5403,236115,26707.12,Crew
SI-0005444,S-002703,9082,722513,73766.75,Truck
SI-0005445,S-002704,5403,561720,38023.94,Equipment
SI-0005446,S-002704,5403,561720,19491.45,Storefront
SI-0005447,S-002704,5606,541511,142017.27,Warehouse
SI-0005448,S-002705,7228,238320,22674.79,Storefront
SI-0005449,S-002705,3632,484110,20865.01,Equipment
SI-0005450,S-002706,5403,722513,43811.07,Equipment
SI-0005451,S-002707,8810,561720,10216.73,Warehouse
SI-0005452,S-002707,3724,541511,7628.1,Equipment
SI-0005453,S-002707,8397,541612,31404.26,Truck
SI-0005454,S-002708,8810,541511,27217.89,Storefront
SI-0005455,S-002709,9082,561720,20679.33,Truck
SI-0005456,S-002709,3724,238320,70820.23,Crew
SI-0005457,S-002709,7228,238220,17096.84,Office
SI-0005458,S-002710,3632,541511,199186.57,Equipment
SI-0005459,S-002710,8810,238320,33994.85,Truck
SI-0005460,S-002710,8397,236115,16955.65,Truck
SI-0005461,S-002711,8810,236115,23000.61,Storefront
SI-0005462,S-002711,7228,541612,38340.19,Truck
SI-0005463,S-002712,8810,484110,19986.08,Office
SI-0005464,S-002712,8397,236115,31050.35,Crew
SI-0005465,S-002713,3632,541612,13640.06,Office
SI-0005466,S-002713,8810,484110,65592.63,Office
SI-0005467,S-002714,8397,541511,78939.98,Equipment
SI-0005468,S-002715,3724,236115,17690.8,Office
SI-0005469,S-002715,3724,236115,76566.37,Warehouse
SI-0005470,S-002716,5606,238220,14056.88,Truck
SI-0005471,S-002717,5403,541511,37075.47,Storefront
SI-0005472,S-002717,3632,238320,65953.35,Crew
SI-0005473,S-002717,8810,236115,20791.88,Storefront
SI-0005474,S-002718,8397,238220,41858.93,Warehouse
SI-0005475,S-002719,8397,236115,38907.16,Truck
SI-0005476,S-002719,7228,561720,42258.74,Crew
SI-0005477,S-002720,5403,541511,37580.88,Warehouse
SI-0005478,S-002720,3724,541612,30427.81,Equipment
SI-0005479,S-002721,7228,561720,31458.32,Crew
SI-0005480,S-002721,8810,238320,16777.11,Office
SI-0005481,S-002721,8397,541612,59799.98,Warehouse
SI-0005482,S-002722,9082,238220,32067.63,Storefront
SI-0005483,S-002722,5606,541612,46584.25,Warehouse
SI-0005484,S-002723,5606,484110,59893.88,Storefront
SI-0005485,S-002723,5403,541612,28738.72,Equipment
SI-0005486,S-002724,3724,561720,12120.5,Equipment
SI-0005487,S-002724,8810,238220,21716.34,Crew
SI-0005488,S-002725,3724,561720,37433.91,Office
SI-0005489,S-002726,3632,236115,18478.38,Truck
SI-0005490,S-002726,5606,238320,100077.32,Office
SI-0005491,S-002726,5606,541511,101019.36,Crew
SI-0005492,S-002727,5403,238320,34509.33,Warehouse
SI-0005493,S-002728,5403,561720,71504.8,Equipment
SI-0005494,S-002728,5606,541612,27708.98,Storefront
SI-0005495,S-002729,8810,561720,19214.36,Office
SI-0005496,S-002730,7228,541511,175144.9,Warehouse
SI-0005497,S-002731,5606,238220,26168.38,Storefront
SI-0005498,S-002731,9082,484110,54454.11,Equipment
SI-0005499,S-002731,9082,238220,18200.99,Truck
SI-0005500,S-002732,3724,541612,47201.83,Storefront
SI-0005501,S-002732,7228,484110,81717.14,Equipment
SI-0005502,S-002732,8397,238320,24194.29,Storefront
SI-0005503,S-002733,8397,238220,13913.97,Crew
SI-0005504,S-002733,8810,561720,52294.8,Truck
SI-0005505,S-002733,7228,541511,18546.44,Crew
SI-0005506,S-002734,8810,561720,29769.41,Warehouse
SI-0005507,S-002735,7228,541511,26094.21,Warehouse
SI-0005508,S-002735,9082,541612,109398.07,Crew
SI-0005509,S-002736,8810,236115,31642.29,Warehouse
SI-0005510,S-002736,7228,722513,15755.39,Warehouse
SI-0005511,S-002737,7228,561720,33256.35,Storefront
SI-0005512,S-002737,3632,541612,30877.65,Crew
SI-0005513,S-002738,3632,484110,30282.02,Equipment
SI-0005514,S-002738,3632,238220,30818.39,Storefront
SI-0005515,S-002738,8810,561720,31733.23,Truck
SI-0005516,S-002739,5606,541612,26973.56,Crew
SI-0005517,S-002739,8810,238220,27427.68,Crew
SI-0005518,S-002740,5403,722513,44628.13,Crew
SI-0005519,S-002741,3632,238220,13004.06,Office
SI-0005520,S-002741,9082,722513,75198.68,Equipment
SI-0005521,S-002742,7228,561720,50608.33,Crew
SI-0005522,S-002742,9082,238220,23180.89,Truck
SI-0005523,S-002742,3724,561720,14449.37,Truck
SI-0005524,S-002743,3632,484110,42465.04,Truck
SI-0005525,S-002743,8810,238320,43832.57,Crew
SI-0005526,S-002743,7228,238220,31444.46,Crew
SI-0005527,S-002744,9082,236115,34637.27,Storefront
SI-0005528,S-002744,9082,238220,35834.54,Truck
SI-0005529,S-002745,5403,541511,33937.53,Truck
SI-0005530,S-002746,9082,541511,55304.02,Equipment
SI-0005531,S-002747,7228,238220,32827.22,Office
SI-0005532,S-002747,9082,236115,51038.61,Crew
SI-0005533,S-002748,3632,722513,25040.39,Storefront
SI-0005534,S-002748,8397,238220,46499.66,Truck
SI-0005535,S-002748,7228,238320,36753.21,Equipment
SI-0005536,S-002749,8397,541612,14367.21,Office
SI-0005537,S-002749,3724,236115,57850.61,Storefront
SI-0005538,S-002750,3724,541612,124279.32,Truck
SI-0005539,S-002750,8397,541612,15274.24,Storefront
SI-0005540,S-002750,7228,238320,25726.75,Crew
SI-0005541,S-002751,5606,238320,38593.9,Storefront
SI-0005542,S-002751,9082,561720,13387.44,Truck
SI-0005543,S-002751,8397,561720,47874.45,Equipment
SI-0005544,S-002752,3632,561720,33543.67,Crew
SI-0005545,S-002752,9082,238220,23950.87,Warehouse
SI-0005546,S-002752,3724,236115,37833.02,Equipment
SI-0005547,S-002753,3632,238320,18497.8,Office
SI-0005548,S-002753,5403,238220,16990.65,Equipment
SI-0005549,S-002754,3632,541511,45301.66,Crew
SI-0005550,S-002754,3724,236115,57360.8,Truck
SI-0005551,S-002755,8810,484110,30492.82,Office
SI-0005552,S-002755,8397,541511,22780.18,Crew
SI-0005553,S-002756,5403,541511,42427.62,Office
SI-0005554,S-002756,8810,541511,15651.6,Equipment
SI-0005555,S-002757,8810,541511,26885.79,Equipment
SI-0005556,S-002757,7228,561720,41187.54,Office
SI-0005557,S-002757,8397,722513,73005.71,Crew
SI-0005558,S-002758,3724,541612,79033.6,Warehouse
SI-0005559,S-002759,7228,561720,21496.73,Office
SI-0005560,S-002759,3724,541511,25468.95,Warehouse
SI-0005561,S-002760,3724,238320,38959.59,Warehouse
SI-0005562,S-002760,8397,238320,75138.01,Warehouse
SI-0005563,S-002761,8397,541612,30531.99,Crew
SI-0005564,S-002761,5606,236115,25158.78,Warehouse
SI-0005565,S-002762,7228,541511,19319.17,Storefront
SI-0005566,S-002763,8810,484110,10606.19,Crew
SI-0005567,S-002764,3632,541612,23726.68,Equipment
SI-0005568,S-002765,8397,561720,136897.79,Warehouse
SI-0005569,S-002766,5403,236115,117191.65,Storefront
SI-0005570,S-002767,5606,238320,111061.1,Office
SI-0005571,S-002767,3632,484110,54887.75,Equipment
SI-0005572,S-002768,7228,236115,47141.49,Storefront
SI-0005573,S-002769,3632,484110,24455.24,Office
SI-0005574,S-002770,9082,238220,58166.37,Truck
SI-0005575,S-002770,9082,541511,25474.24,Warehouse
SI-0005576,S-002770,3724,238320,32586.2,Truck
SI-0005577,S-002771,5403,561720,32978.41,Storefront
SI-0005578,S-002771,5403,238320,72366.56,Equipment
SI-0005579,S-002772,3632,722513,26259.22,Office
SI-0005580,S-002773,8397,238320,83275.69,Office
SI-0005581,S-002773,3632,561720,7403.91,Crew
SI-0005582,S-002774,9082,722513,33492.3,Warehouse
SI-0005583,S-002774,9082,238220,7208.08,Storefront
SI-0005584,S-002774,5403,484110,78939.51,Storefront
SI-0005585,S-002775,5606,722513,26113.34,Truck
SI-0005586,S-002776,7228,236115,45750.47,Office
SI-0005587,S-002776,5403,236115,41685.9,Storefront
SI-0005588,S-002776,8810,541511,32463.01,Equipment
SI-0005589,S-002777,5403,561720,27305.92,Equipment
SI-0005590,S-002777,3632,238220,72133.48,Equipment
SI-0005591,S-002777,7228,484110,24633.26,Equipment
SI-0005592,S-002778,8810,236115,24871.02,Equipment
SI-0005593,S-002778,9082,238220,14985.2,Office
SI-0005594,S-002779,9082,238220,19477.46,Crew
SI-0005595,S-002779,8810,722513,17900.76,Equipment
SI-0005596,S-002780,8397,238220,81212.22,Truck
SI-0005597,S-002780,3632,722513,130571.51,Equipment
SI-0005598,S-002780,8810,722513,14122.74,Storefront
SI-0005599,S-002781,7228,236115,52537.02,Equipment
SI-0005600,S-002782,7228,238320,91299.87,Storefront
SI-0005601,S-002783,5403,722513,53104.94,Crew
SI-0005602,S-002784,5606,722513,11132.82,Storefront
SI-0005603,S-002784,5403,238320,19087.67,Truck
SI-0005604,S-002785,8810,561720,47792.99,Truck
SI-0005605,S-002785,5403,541612,15272.53,Truck
SI-0005606,S-002786,7228,238220,45979.44,Office
SI-0005607,S-002786,3724,484110,31207.53,Equipment
SI-0005608,S-002787,9082,561720,33325.35,Crew
SI-0005609,S-002787,8397,722513,51096.32,Equipment
SI-0005610,S-002787,5403,541511,30642.9,Warehouse
SI-0005611,S-002788,5403,541511,78698.38,Office
SI-0005612,S-002788,9082,722513,23650.68,Crew
SI-0005613,S-002789,3632,238220,24660.89,Office
SI-0005614,S-002789,5606,722513,21788.3,Office
SI-0005615,S-002790,8397,541511,41675.77,Office
SI-0005616,S-002790,5403,238320,38239.02,Storefront
SI-0005617,S-002790,3724,541612,11417.23,Truck
SI-0005618,S-002791,3632,238320,70719.82,Equipment
SI-0005619,S-002792,5403,236115,24502.86,Truck
SI-0005620,S-002793,3632,561720,24720.33,Equipment
SI-0005621,S-002793,3632,238220,33008.76,Crew
SI-0005622,S-002794,7228,238220,15102.92,Truck
SI-0005623,S-002794,5606,541612,23283.76,Storefront
SI-0005624,S-002795,5606,541511,9146.08,Crew
SI-0005625,S-002795,7228,238320,108416.91,Office
SI-0005626,S-002796,9082,541511,12704.34,Crew
SI-0005627,S-002797,8397,561720,15595.44,Truck
SI-0005628,S-002798,3632,541511,95376.07,Crew
SI-0005629,S-002798,3632,541612,25512.2,Warehouse
SI-0005630,S-002798,8810,541612,31542.02,Equipment
SI-0005631,S-002799,3632,561720,123738.06,Equipment
SI-0005632,S-002800,9082,238320,52299.76,Crew
SI-0005633,S-002800,7228,236115,23208.7,Truck
SI-0005634,S-002801,5403,722513,523977.02,Crew
SI-0005635,S-002801,8397,236115,26261.79,Office
SI-0005636,S-002802,5606,238220,19520.88,Truck
SI-0005637,S-002803,9082,541612,6840.89,Truck
SI-0005638,S-002803,3632,236115,59953.65,Crew
SI-0005639,S-002803,8810,484110,144844.57,Equipment
SI-0005640,S-002804,3632,541612,125328.71,Equipment
SI-0005641,S-002805,5403,541511,17869.97,Crew
SI-0005642,S-002805,5606,238220,43108.54,Truck
SI-0005643,S-002806,5403,561720,33152.38,Equipment
SI-0005644,S-002807,3724,561720,7676.62,Crew
SI-0005645,S-002807,9082,541612,13562.49,Office
SI-0005646,S-002808,8397,238220,16994.4,Warehouse
SI-0005647,S-002808,3724,238220,62745.44,Warehouse
SI-0005648,S-002808,8397,561720,21561.59,Storefront
SI-0005649,S-002809,5403,561720,12723.07,Warehouse
SI-0005650,S-002809,8397,722513,14558.71,Storefront
SI-0005651,S-002810,9082,236115,43717.32,Equipment
SI-0005652,S-002811,8810,236115,79707.44,Truck
SI-0005653,S-002811,5403,541511,13846.85,Storefront
SI-0005654,S-002811,9082,541511,22721.63,Office
SI-0005655,S-002812,3724,484110,25099.47,Crew
SI-0005656,S-002812,3724,541612,63961.64,Warehouse
SI-0005657,S-002812,5606,238220,13520.67,Warehouse
SI-0005658,S-002813,8810,541511,28610.59,Equipment
SI-0005659,S-002813,9082,561720,46265.98,Equipment
SI-0005660,S-002814,9082,722513,50917.56,Crew
SI-0005661,S-002814,3632,561720,49307.68,Equipment
SI-0005662,S-002815,7228,236115,44324.18,Storefront
SI-0005663,S-002816,5403,722513,26321.65,Crew
SI-0005664,S-002816,5403,236115,9826.17,Truck
SI-0005665,S-002816,3632,236115,3639.12,Storefront
SI-0005666,S-002817,8810,561720,47506.08,Warehouse
SI-0005667,S-002817,8810,236115,11802.97,Storefront
SI-0005668,S-002818,8810,541511,183962.3,Storefront
SI-0005669,S-002818,3724,561720,43680.25,Equipment
SI-0005670,S-002818,5403,541511,25000.68,Warehouse
SI-0005671,S-002819,8397,722513,55336.01,Office
SI-0005672,S-002819,5403,541612,10610.59,Storefront
SI-0005673,S-002819,8810,561720,18121.2,Equipment
SI-0005674,S-002820,3724,484110,9148.85,Crew
SI-0005675,S-002820,8397,722513,61567.48,Truck
SI-0005676,S-002820,3632,722513,54192.32,Storefront
SI-0005677,S-002821,5606,238220,46574.53,Crew
SI-0005678,S-002821,5606,541612,19080.66,Storefront
SI-0005679,S-002821,7228,484110,41369.53,Storefront
SI-0005680,S-002822,5606,722513,13173.86,Storefront
SI-0005681,S-002822,9082,238320,11334.9,Storefront
SI-0005682,S-002823,8810,484110,28736.37,Truck
SI-0005683,S-002824,7228,238320,113639.35,Crew
SI-0005684,S-002824,8810,238220,71468.29,Truck
SI-0005685,S-002825,7228,541511,44505.63,Equipment
SI-0005686,S-002825,5606,561720,30801.07,Equipment
SI-0005687,S-002825,3632,541511,19583.39,Truck
SI-0005688,S-002826,8810,561720,24914.39,Storefront
SI-0005689,S-002827,3632,722513,57026.05,Equipment
SI-0005690,S-002827,8397,238320,23814.59,Crew
SI-0005691,S-002827,9082,722513,54198.35,Crew
SI-0005692,S-002828,7228,236115,32279.03,Truck
SI-0005693,S-002828,8810,722513,49902.17,Storefront
SI-0005694,S-002828,7228,561720,26271.24,Storefront
SI-0005695,S-002829,5403,238320,22389.34,Warehouse
SI-0005696,S-002829,8810,722513,59843.47,Storefront
SI-0005697,S-002829,3632,238320,14234.79,Office
SI-0005698,S-002830,5403,236115,99924.6,Warehouse
SI-0005699,S-002830,9082,238220,29090.55,Crew
SI-0005700,S-002831,3632,236115,29374.03,Truck
SI-0005701,S-002832,5606,541612,45352.31,Crew
SI-0005702,S-002832,3724,561720,54271.9,Office
SI-0005703,S-002832,5606,236115,45753.96,Office
SI-0005704,S-002833,3724,236115,31971.5,Truck
SI-0005705,S-002834,5403,238220,167455.73,Warehouse
SI-0005706,S-002834,5403,484110,31006.87,Office
SI-0005707,S-002834,5403,541612,22062.35,Truck
SI-0005708,S-002835,3724,484110,54061.61,Office
SI-0005709,S-002835,7228,236115,80439.38,Equipment
SI-0005710,S-002835,3632,238220,38117.46,Storefront
SI-0005711,S-002836,9082,541612,35383.41,Equipment
SI-0005712,S-002836,3632,238320,40484.53,Office
SI-0005713,S-002837,5403,541612,21148.2,Crew
SI-0005714,S-002837,3724,541511,34769.18,Warehouse
SI-0005715,S-002837,3632,236115,18011.03,Office
SI-0005716,S-002838,9082,236115,28624.24,Equipment
SI-0005717,S-002838,3632,484110,16942.09,Office
SI-0005718,S-002838,3632,541612,17045.34,Truck
SI-0005719,S-002839,9082,484110,50744.29,Equipment
SI-0005720,S-002839,3724,561720,109949.07,Crew
SI-0005721,S-002840,7228,722513,27566.02,Warehouse
SI-0005722,S-002840,3724,236115,136657.64,Storefront
SI-0005723,S-002841,5403,541612,49375.92,Storefront
SI-0005724,S-002841,8397,722513,46263.49,Crew
SI-0005725,S-002841,3724,238220,43382.36,Storefront
SI-0005726,S-002842,9082,722513,39251.77,Truck
SI-0005727,S-002842,5606,484110,54672.61,Warehouse
SI-0005728,S-002843,8397,238220,29419.68,Truck
SI-0005729,S-002843,5606,236115,42285.34,Crew
SI-0005730,S-002844,5606,722513,24757.56,Office
SI-0005731,S-002845,3632,236115,38810.4,Equipment
SI-0005732,S-002845,8397,236115,33977.95,Crew
SI-0005733,S-002846,8397,722513,62718.52,Equipment
SI-0005734,S-002846,9082,561720,37568.75,Truck
SI-0005735,S-002846,5606,541612,11905.27,Truck
SI-0005736,S-002847,7228,238320,53669.46,Warehouse
SI-0005737,S-002848,5606,236115,52981.99,Crew
SI-0005738,S-002848,5606,238320,62503.8,Office
SI-0005739,S-002849,7228,238320,22096.73,Equipment
SI-0005740,S-002849,8397,541511,53055.1,Truck
SI-0005741,S-002849,8810,541511,24416.38,Storefront
SI-0005742,S-002850,3632,484110,48164.79,Warehouse
SI-0005743,S-002851,3724,541612,14645.83,Crew
SI-0005744,S-002851,5403,484110,36399.55,Equipment
SI-0005745,S-002851,9082,722513,43325.57,Truck
SI-0005746,S-002852,9082,484110,32377.4,Storefront
SI-0005747,S-002852,8397,238220,15883.44,Truck
SI-0005748,S-002853,7228,722513,28988.61,Warehouse
SI-0005749,S-002853,7228,541511,13252.82,Storefront
SI-0005750,S-002853,8397,236115,18020.86,Office
SI-0005751,S-002854,3724,238320,8090.75,Storefront
SI-0005752,S-002854,5403,484110,35239.22,Storefront
SI-0005753,S-002854,5403,238320,24923.48,Office
SI-0005754,S-002855,3632,561720,13495.43,Equipment
SI-0005755,S-002855,3724,561720,14957.48,Storefront
SI-0005756,S-002855,9082,238320,17255.69,Crew
SI-0005757,S-002856,8397,722513,44719.19,Equipment
SI-0005758,S-002857,3632,561720,41875.86,Storefront
SI-0005759,S-002857,3724,541612,81477.23,Equipment
SI-0005760,S-002858,8397,541612,10998.2,Crew
SI-0005761,S-002858,5606,238320,32062.57,Warehouse
SI-0005762,S-002858,3632,541612,39847.9,Office
SI-0005763,S-002859,3724,541612,39259.52,Office
SI-0005764,S-002860,7228,541511,43591.1,Office
SI-0005765,S-002861,5403,722513,20983.69,Crew
SI-0005766,S-002862,3632,561720,92046.53,Office
SI-0005767,S-002862,3632,238320,17754.19,Warehouse
SI-0005768,S-002863,7228,722513,14788.16,Storefront
SI-0005769,S-002863,7228,238220,39826.17,Storefront
SI-0005770,S-002864,5403,238320,12808.19,Truck
SI-0005771,S-002865,7228,541612,68296.77,Equipment
SI-0005772,S-002865,3632,484110,37749.25,Warehouse
SI-0005773,S-002865,5606,541612,11932.78,Office
SI-0005774,S-002866,8810,541612,37828.06,Equipment
SI-0005775,S-002866,8810,722513,46096.86,Storefront
SI-0005776,S-002866,5606,238320,24373.1,Warehouse
SI-0005777,S-002867,8810,541612,70016.49,Truck
SI-0005778,S-002867,5606,238220,13392.22,Office
SI-0005779,S-002867,8397,238220,32629.55,Crew
SI-0005780,S-002868,5606,238220,55669.4,Warehouse
SI-0005781,S-002869,5606,484110,36256.05,Office
SI-0005782,S-002870,3632,238220,21343.75,Warehouse
SI-0005783,S-002871,8397,236115,115362.64,Warehouse
SI-0005784,S-002872,5403,541612,70869.1,Office
SI-0005785,S-002873,8810,541612,92933.69,Storefront
SI-0005786,S-002873,3632,238220,21833.12,Storefront
SI-0005787,S-002874,3632,541511,82394.55,Equipment
SI-0005788,S-002874,9082,484110,40436.52,Warehouse
SI-0005789,S-002875,5403,236115,69610.74,Equipment
SI-0005790,S-002876,3724,722513,23492.6,Storefront
SI-0005791,S-002876,9082,541511,52483.19,Storefront
SI-0005792,S-002876,8810,541511,74358.9,Storefront
SI-0005793,S-002877,5403,722513,74556.84,Equipment
SI-0005794,S-002877,5606,484110,31466.54,Crew
SI-0005795,S-002877,7228,722513,122035.02,Crew
SI-0005796,S-002878,5606,722513,24252.28,Office
SI-0005797,S-002879,5403,541612,11333.14,Crew
SI-0005798,S-002879,5606,541612,150745.18,Office
SI-0005799,S-002880,8397,541612,15505.46,Warehouse
SI-0005800,S-002881,3632,238320,31672.42,Storefront
SI-0005801,S-002881,9082,236115,11730.5,Office
SI-0005802,S-002881,3724,238320,16881.66,Truck
SI-0005803,S-002882,5606,722513,27285.59,Office
SI-0005804,S-002882,8810,541511,20398.88,Truck
SI-0005805,S-002882,5606,722513,14947.39,Truck
SI-0005806,S-002883,8397,541511,47999.27,Truck
SI-0005807,S-002883,8397,238320,77523.83,Warehouse
SI-0005808,S-002884,5606,541511,132619.45,Equipment
SI-0005809,S-002884,8397,236115,112095.55,Crew
SI-0005810,S-002884,5606,238220,34883.45,Equipment
SI-0005811,S-002885,3724,238220,109065.64,Office
SI-0005812,S-002886,8810,722513,20833.69,Office
SI-0005813,S-002887,5403,236115,12659.28,Storefront
SI-0005814,S-002888,5606,238320,38197.57,Crew
SI-0005815,S-002889,5606,238220,28078.35,Crew
SI-0005816,S-002889,7228,484110,18359.99,Truck
SI-0005817,S-002889,5606,238320,20858.89,Office
SI-0005818,S-002890,3724,561720,15506.24,Crew
SI-0005819,S-002891,3632,484110,34960.28,Equipment
SI-0005820,S-002891,5403,236115,36920.59,Crew
SI-0005821,S-002892,7228,541511,16536.39,Office
SI-0005822,S-002893,3632,541511,23019.99,Truck
SI-0005823,S-002893,7228,722513,22814.18,Warehouse
SI-0005824,S-002894,5606,561720,11113.48,Storefront
SI-0005825,S-002895,8810,236115,64771.65,Storefront
SI-0005826,S-002896,8397,236115,24891.67,Crew
SI-0005827,S-002896,8810,561720,29722.4,Crew
SI-0005828,S-002896,8397,484110,140143.99,Truck
SI-0005829,S-002897,7228,238320,47057.95,Storefront
SI-0005830,S-002897,5403,236115,9386.27,Warehouse
SI-0005831,S-002898,8810,484110,46509.24,Storefront
SI-0005832,S-002898,3724,541511,19300.93,Equipment
SI-0005833,S-002899,3632,238320,58306.73,Truck
SI-0005834,S-002899,9082,722513,23192.9,Crew
SI-0005835,S-002899,5403,484110,13084.95,Office
SI-0005836,S-002900,9082,722513,26264.21,Truck
SI-0005837,S-002901,8810,238320,79826.96,Warehouse
SI-0005838,S-002901,8810,722513,119170.73,Office
SI-0005839,S-002902,5403,484110,26586.57,Office
SI-0005840,S-002902,7228,722513,17900.37,Warehouse
SI-0005841,S-002903,3632,484110,22413.88,Equipment
SI-0005842,S-002904,3724,541511,29840.98,Equipment
SI-0005843,S-002904,7228,541612,31652.21,Equipment
SI-0005844,S-002905,3632,541511,27193.53,Equipment
SI-0005845,S-002905,5606,541511,43233.83,Equipment
SI-0005846,S-002906,3632,238220,36837.98,Warehouse
SI-0005847,S-002906,7228,238220,12773.62,Equipment
SI-0005848,S-002907,3724,238220,32632.67,Storefront
SI-0005849,S-002907,5606,484110,47891.9,Office
SI-0005850,S-002908,3632,561720,42939.22,Warehouse
SI-0005851,S-002908,3724,484110,50251.07,Truck
SI-0005852,S-002909,8810,541511,21557.1,Truck
SI-0005853,S-002909,5606,561720,60145.05,Truck
SI-0005854,S-002910,9082,561720,14375.66,Equipment
SI-0005855,S-002910,8397,722513,8590.03,Storefront
SI-0005856,S-002910,3724,541511,9954.32,Equipment
SI-0005857,S-002911,3632,722513,12454.17,Warehouse
SI-0005858,S-002911,5606,238220,64060.92,Warehouse
SI-0005859,S-002911,8810,238320,64008.09,Storefront
SI-0005860,S-002912,3724,722513,82866.86,Warehouse
SI-0005861,S-002912,5403,541612,10608.05,Office
SI-0005862,S-002912,8810,484110,20208.0,Office
SI-0005863,S-002913,3724,238320,25854.76,Crew
SI-0005864,S-002913,7228,238220,29183.52,Office
SI-0005865,S-002913,5606,484110,257715.6,Storefront
SI-0005866,S-002914,3724,484110,13622.23,Truck
SI-0005867,S-002914,3724,484110,30055.21,Truck
SI-0005868,S-002915,5606,238220,45181.27,Truck
SI-0005869,S-002915,3724,722513,41548.3,Storefront
SI-0005870,S-002916,3632,484110,17113.66,Storefront
SI-0005871,S-002916,3632,238320,175155.95,Truck
SI-0005872,S-002916,7228,541612,57254.23,Truck
SI-0005873,S-002917,5606,561720,20543.8,Crew
SI-0005874,S-002918,3632,541511,14504.87,Crew
SI-0005875,S-002919,8397,541612,22551.24,Equipment
SI-0005876,S-002919,3724,236115,14379.17,Equipment
SI-0005877,S-002920,7228,484110,14137.81,Office
SI-0005878,S-002920,3632,541612,13813.84,Crew
SI-0005879,S-002921,8810,236115,15737.5,Equipment
SI-0005880,S-002922,8397,238220,27749.35,Office
SI-0005881,S-002923,8810,238220,14393.83,Truck
SI-0005882,S-002923,3632,238220,33683.01,Warehouse
SI-0005883,S-002924,5403,541511,25545.87,Truck
SI-0005884,S-002924,5606,238320,50484.26,Truck
SI-0005885,S-002924,5403,236115,19342.33,Office
SI-0005886,S-002925,8810,561720,44517.02,Warehouse
SI-0005887,S-002925,9082,561720,71927.02,Truck
SI-0005888,S-002925,5606,484110,49915.92,Warehouse
SI-0005889,S-002926,3632,541511,33736.37,Crew
SI-0005890,S-002927,8810,722513,69087.72,Crew
SI-0005891,S-002928,3632,484110,14251.23,Truck
SI-0005892,S-002929,5403,561720,30280.03,Crew
SI-0005893,S-002930,5606,238320,17759.83,Office
SI-0005894,S-002930,3632,238220,18764.45,Storefront
SI-0005895,S-002930,9082,236115,40709.01,Equipment
SI-0005896,S-002931,9082,561720,19378.41,Truck
SI-0005897,S-002931,3724,238220,55895.02,Equipment
SI-0005898,S-002932,5403,561720,31189.73,Office
SI-0005899,S-002932,7228,238220,101583.04,Warehouse
SI-0005900,S-002933,5606,561720,24589.07,Truck
SI-0005901,S-002934,8397,238320,52026.09,Office
SI-0005902,S-002934,8810,236115,37964.62,Storefront
SI-0005903,S-002934,3632,238320,21719.8,Storefront
SI-0005904,S-002935,9082,484110,86212.53,Equipment
SI-0005905,S-002936,3632,561720,44531.32,Truck
SI-0005906,S-002936,5403,541511,16444.35,Office
SI-0005907,S-002936,8810,238320,11341.59,Storefront
SI-0005908,S-002937,5403,541612,68194.01,Office
SI-0005909,S-002937,3632,561720,68841.75,Truck
SI-0005910,S-002938,8810,541612,49068.25,Truck
SI-0005911,S-002939,7228,238320,36966.24,Equipment
SI-0005912,S-002939,8810,236115,42528.46,Storefront
SI-0005913,S-002940,5403,484110,25496.79,Crew
SI-0005914,S-002940,8810,236115,51595.17,Crew
SI-0005915,S-002940,3724,236115,33318.95,Equipment
SI-0005916,S-002941,3724,541511,17405.76,Truck
SI-0005917,S-002941,3724,722513,21658.92,Warehouse
SI-0005918,S-002941,9082,236115,8689.11,Storefront
SI-0005919,S-002942,8810,238220,8859.76,Equipment
SI-0005920,S-002942,3632,236115,10315.07,Warehouse
SI-0005921,S-002943,5606,236115,57995.41,Warehouse
SI-0005922,S-002943,8810,541511,69881.5,Warehouse
SI-0005923,S-002943,5403,236115,49400.67,Storefront
SI-0005924,S-002944,8397,236115,48010.16,Truck
SI-0005925,S-002944,5606,484110,10409.25,Warehouse
SI-0005926,S-002945,8810,722513,28635.99,Warehouse
SI-0005927,S-002945,5606,236115,118720.78,Truck
SI-0005928,S-002945,5403,541511,143333.27,Warehouse
SI-0005929,S-002946,9082,541612,115532.88,Warehouse
SI-0005930,S-002946,9082,236115,29387.52,Truck
SI-0005931,S-002947,3724,484110,12020.27,Truck
SI-0005932,S-002948,7228,722513,24419.47,Equipment
SI-0005933,S-002949,3632,238320,36362.56,Crew
SI-0005934,S-002949,8810,561720,48430.73,Warehouse
SI-0005935,S-002949,8810,238320,24434.55,Storefront
SI-0005936,S-002950,5606,541511,19130.93,Truck
SI-0005937,S-002950,5606,541511,29630.47,Crew
SI-0005938,S-002951,5403,238220,7404.93,Warehouse
SI-0005939,S-002951,3724,238320,51128.68,Office
SI-0005940,S-002951,8810,238220,13538.87,Warehouse
SI-0005941,S-002952,3724,561720,77124.75,Warehouse
SI-0005942,S-002952,5606,484110,92719.37,Crew
SI-0005943,S-002953,5606,541511,40262.36,Equipment
SI-0005944,S-002953,3632,238320,18453.74,Storefront
SI-0005945,S-002953,5606,541612,73802.64,Office
SI-0005946,S-002954,5606,236115,20398.76,Office
SI-0005947,S-002954,9082,238320,28237.64,Equipment
SI-0005948,S-002954,3632,541612,24154.52,Truck
SI-0005949,S-002955,5606,238220,35906.94,Storefront
SI-0005950,S-002956,8397,238220,30555.96,Office
SI-0005951,S-002957,7228,541612,15472.14,Equipment
SI-0005952,S-002957,8810,236115,28951.4,Truck
SI-0005953,S-002958,5606,541612,63115.67,Equipment
SI-0005954,S-002958,5403,722513,51534.94,Storefront
SI-0005955,S-002958,7228,541612,19833.1,Warehouse
SI-0005956,S-002959,3724,238320,86149.32,Truck
SI-0005957,S-002959,5403,238320,24968.7,Crew
SI-0005958,S-002959,9082,236115,43671.28,Equipment
SI-0005959,S-002960,5403,541612,89540.1,Equipment
SI-0005960,S-002961,7228,236115,189038.42,Truck
SI-0005961,S-002962,8397,541511,37007.69,Warehouse
SI-0005962,S-002962,3724,238220,18788.71,Office
SI-0005963,S-002962,3724,236115,72001.58,Office
SI-0005964,S-002963,9082,236115,19879.36,Warehouse
SI-0005965,S-002963,5606,238320,11466.08,Equipment
SI-0005966,S-002963,8810,236115,61456.07,Warehouse
SI-0005967,S-002964,7228,236115,56537.65,Equipment
SI-0005968,S-002965,9082,236115,69119.65,Crew
SI-0005969,S-002966,5606,238220,4644.12,Crew
SI-0005970,S-002966,3632,722513,71313.05,Warehouse
SI-0005971,S-002966,5403,561720,53490.62,Equipment
SI-0005972,S-002967,7228,561720,84110.5,Storefront
SI-0005973,S-002968,8397,484110,90883.68,Truck
SI-0005974,S-002969,8810,484110,14126.32,Equipment
SI-0005975,S-002969,8810,484110,17797.96,Office
SI-0005976,S-002969,9082,541511,102203.5,Office
SI-0005977,S-002970,9082,236115,19463.38,Equipment
SI-0005978,S-002970,3724,541511,30499.03,Crew
SI-0005979,S-002970,5403,541612,22213.96,Equipment
SI-0005980,S-002971,5606,541612,86198.47,Truck
SI-0005981,S-002971,5403,236115,23837.67,Equipment
SI-0005982,S-002971,3632,561720,17812.92,Warehouse
SI-0005983,S-002972,3724,238320,53209.93,Truck
SI-0005984,S-002972,7228,541511,28790.53,Crew
SI-0005985,S-002972,7228,541511,32311.5,Office
SI-0005986,S-002973,9082,236115,33879.19,Equipment
SI-0005987,S-002973,5403,541511,21977.55,Warehouse
SI-0005988,S-002974,7228,722513,41040.05,Office
SI-0005989,S-002975,3632,541511,57812.67,Truck
SI-0005990,S-002975,3724,236115,58673.88,Office
SI-0005991,S-002976,5403,484110,17903.18,Storefront
SI-0005992,S-002976,8810,722513,48258.06,Warehouse
SI-0005993,S-002977,7228,238320,11644.59,Equipment
SI-0005994,S-002977,8810,541612,40412.6,Office
SI-0005995,S-002977,3724,238220,27939.59,Office
SI-0005996,S-002978,9082,238220,85738.15,Equipment
SI-0005997,S-002978,8397,722513,28192.03,Storefront
SI-0005998,S-002978,5403,722513,32952.99,Office
SI-0005999,S-002979,7228,484110,34354.33,Storefront
SI-0006000,S-002979,5403,722513,14849.86,Office
SI-0006001,S-002980,9082,541612,49367.56,Equipment
SI-0006002,S-002980,5606,561720,68296.26,Office
SI-0006003,S-002981,7228,236115,31751.57,Office
SI-0006004,S-002982,9082,238320,17155.61,Equipment
SI-0006005,S-002982,3632,541511,78290.18,Warehouse
SI-0006006,S-002982,5606,238320,53773.01,Equipment
SI-0006007,S-002983,9082,722513,49348.01,Truck
SI-0006008,S-002983,9082,722513,25725.97,Storefront
SI-0006009,S-002983,5403,238320,21613.09,Warehouse
SI-0006010,S-002984,3724,484110,48764.21,Storefront
SI-0006011,S-002985,7228,541612,32639.54,Warehouse
SI-0006012,S-002985,8397,484110,32749.3,Crew
SI-0006013,S-002985,8397,541612,34130.28,Office
SI-0006014,S-002986,3724,541612,35626.08,Storefront
SI-0006015,S-002986,3632,238320,13837.24,Crew
SI-0006016,S-002986,9082,722513,15120.48,Office
SI-0006017,S-002987,3724,541511,34193.22,Truck
SI-0006018,S-002987,3632,541511,19686.23,Office
SI-0006019,S-002987,8397,238220,42835.76,Truck
SI-0006020,S-002988,8397,722513,24322.62,Storefront
SI-0006021,S-002988,7228,236115,67429.28,Equipment
SI-0006022,S-002988,5606,541511,30731.34,Crew
SI-0006023,S-002989,8397,484110,77954.82,Warehouse
SI-0006024,S-002989,8810,561720,51924.34,Crew
SI-0006025,S-002990,5403,238220,66410.81,Truck
SI-0006026,S-002990,3632,484110,12174.92,Storefront
SI-0006027,S-002991,5606,238220,21927.9,Storefront
SI-0006028,S-002991,7228,238220,17499.67,Crew
SI-0006029,S-002992,8810,484110,57173.05,Crew
SI-0006030,S-002993,3724,236115,7069.12,Equipment
SI-0006031,S-002994,3724,541612,76595.59,Warehouse
SI-0006032,S-002994,5403,238320,35319.72,Equipment
SI-0006033,S-002994,5403,238220,26448.3,Office
SI-0006034,S-002995,5606,541612,20675.98,Office
SI-0006035,S-002995,5606,236115,37084.63,Warehouse
SI-0006036,S-002996,5403,541511,68500.03,Equipment
SI-0006037,S-002996,3724,238320,40164.68,Truck
SI-0006038,S-002996,3724,236115,14265.23,Truck
SI-0006039,S-002997,5606,722513,30847.03,Office
SI-0006040,S-002998,8810,561720,21655.95,Storefront
SI-0006041,S-002999,8397,722513,28009.23,Warehouse
SI-0006042,S-003000,5606,561720,34297.76,Truck
SI-0006043,S-003000,5606,238320,14609.98,Office
SI-0006044,S-003001,3632,722513,19822.37,Crew
SI-0006045,S-003002,8397,484110,17250.7,Crew
SI-0006046,S-003002,8397,484110,15171.19,Storefront
SI-0006047,S-003003,9082,722513,53445.23,Truck
SI-0006048,S-003004,5403,236115,13665.96,Crew
SI-0006049,S-003004,9082,238320,24252.73,Storefront
SI-0006050,S-003005,3632,722513,15818.34,Truck
SI-0006051,S-003006,8397,238320,58119.11,Warehouse
SI-0006052,S-003006,5403,541511,31165.82,Storefront
SI-0006053,S-003007,8397,238320,38232.97,Storefront
SI-0006054,S-003007,7228,484110,46381.23,Office
SI-0006055,S-003008,8397,236115,43372.37,Truck
SI-0006056,S-003008,9082,561720,41977.37,Office
SI-0006057,S-003008,5606,541511,57187.34,Equipment
SI-0006058,S-003009,8810,236115,23641.85,Warehouse
SI-0006059,S-003009,5606,238320,27851.09,Equipment
SI-0006060,S-003010,3632,541511,18772.03,Warehouse
SI-0006061,S-003010,3632,238220,25145.28,Office
SI-0006062,S-003010,8810,236115,21826.88,Office
SI-0006063,S-003011,5403,238220,10088.88,Warehouse
SI-0006064,S-003012,9082,238320,45104.24,Office
SI-0006065,S-003012,8810,541612,27103.33,Warehouse
SI-0006066,S-003012,3724,561720,26452.62,Storefront
SI-0006067,S-003013,8397,722513,34810.31,Office
SI-0006068,S-003013,5403,238220,29945.11,Storefront
SI-0006069,S-003013,8397,238220,66529.23,Truck
SI-0006070,S-003014,7228,236115,17713.32,Equipment
SI-0006071,S-003015,9082,238320,36228.31,Storefront
SI-0006072,S-003015,3632,236115,23780.42,Storefront
SI-0006073,S-003016,3632,236115,46783.13,Warehouse
SI-0006074,S-003016,8810,722513,38365.81,Warehouse
SI-0006075,S-003016,7228,541612,45050.82,Warehouse
SI-0006076,S-003017,8810,484110,66313.27,Truck
SI-0006077,S-003017,5403,541612,26215.58,Storefront
SI-0006078,S-003017,5403,484110,19159.79,Warehouse
SI-0006079,S-003018,9082,484110,112062.25,Office
SI-0006080,S-003018,8810,236115,20312.66,Storefront
SI-0006081,S-003019,5606,541511,28057.7,Crew
SI-0006082,S-003020,5403,541511,10992.62,Equipment
SI-0006083,S-003020,8397,541612,23223.21,Storefront
SI-0006084,S-003021,3724,236115,22454.39,Storefront
SI-0006085,S-003022,3724,484110,18183.54,Warehouse
SI-0006086,S-003022,3724,484110,15910.15,Truck
SI-0006087,S-003022,9082,238320,74586.33,Storefront
SI-0006088,S-003023,3632,238220,12180.68,Crew
SI-0006089,S-003024,3632,541612,51649.08,Equipment
SI-0006090,S-003024,9082,541511,34980.53,Crew
SI-0006091,S-003024,9082,561720,11595.55,Equipment
SI-0006092,S-003025,7228,238220,27808.81,Office
SI-0006093,S-003025,7228,238320,27276.36,Truck
SI-0006094,S-003025,5606,484110,59494.08,Warehouse
SI-0006095,S-003026,7228,541511,26373.11,Storefront
SI-0006096,S-003026,8397,541612,30334.2,Warehouse
SI-0006097,S-003027,8810,541511,13200.07,Equipment
SI-0006098,S-003027,7228,238220,23510.48,Warehouse
SI-0006099,S-003027,7228,238220,106355.54,Warehouse
SI-0006100,S-003028,7228,722513,82723.42,Storefront
SI-0006101,S-003028,8397,484110,20008.89,Warehouse
SI-0006102,S-003029,3724,541612,36901.93,Equipment
SI-0006103,S-003030,9082,541612,142463.32,Storefront
SI-0006104,S-003031,8810,236115,26396.53,Crew
SI-0006105,S-003032,9082,561720,25619.32,Warehouse
SI-0006106,S-003032,3632,238320,11191.34,Crew
SI-0006107,S-003032,8810,561720,37151.37,Warehouse
SI-0006108,S-003033,8397,484110,25948.61,Equipment
SI-0006109,S-003033,9082,238220,107915.77,Warehouse
SI-0006110,S-003033,3632,561720,29114.33,Storefront
SI-0006111,S-003034,5403,722513,49939.45,Office
SI-0006112,S-003034,7228,484110,38584.33,Crew
SI-0006113,S-003034,8810,484110,106259.51,Equipment
SI-0006114,S-003035,8810,541612,53091.73,Crew
SI-0006115,S-003035,7228,541511,74761.22,Crew
SI-0006116,S-003035,3632,238320,27686.37,Crew
SI-0006117,S-003036,3724,541511,11564.43,Crew
SI-0006118,S-003036,5606,238320,12673.21,Crew
SI-0006119,S-003036,7228,484110,31278.48,Warehouse
SI-0006120,S-003037,3724,236115,6723.0,Crew
SI-0006121,S-003037,5403,238320,229001.31,Truck
SI-0006122,S-003038,9082,238220,47668.77,Equipment
SI-0006123,S-003038,5403,541612,72527.68,Warehouse
SI-0006124,S-003038,9082,484110,24535.61,Warehouse
SI-0006125,S-003039,8397,238220,17646.25,Storefront
SI-0006126,S-003039,5606,541511,33723.78,Office
SI-0006127,S-003040,9082,541511,24668.21,Truck
SI-0006128,S-003041,3724,236115,67023.4,Truck
SI-0006129,S-003041,3632,541511,20566.58,Truck
SI-0006130,S-003041,8810,722513,41184.51,Warehouse
SI-0006131,S-003042,7228,541511,33178.24,Equipment
SI-0006132,S-003042,5403,238220,33299.58,Office
SI-0006133,S-003042,3724,238220,11582.08,Crew
SI-0006134,S-003043,8810,238320,21465.69,Truck
SI-0006135,S-003043,5606,238320,21695.49,Truck
SI-0006136,S-003044,8810,236115,10307.6,Office
SI-0006137,S-003045,5606,541511,26143.47,Office
SI-0006138,S-003046,9082,722513,30744.98,Crew
SI-0006139,S-003046,9082,541511,103252.55,Equipment
SI-0006140,S-003047,7228,238320,53432.58,Office
SI-0006141,S-003048,8397,541612,20521.96,Truck
SI-0006142,S-003049,3632,238220,40755.03,Storefront
SI-0006143,S-003049,9082,722513,14114.9,Equipment
SI-0006144,S-003049,9082,238220,46636.18,Equipment
SI-0006145,S-003050,8397,484110,42828.96,Storefront
SI-0006146,S-003051,3724,561720,88608.91,Office
SI-0006147,S-003051,3724,541612,13132.14,Truck
SI-0006148,S-003051,8810,561720,21319.27,Crew
SI-0006149,S-003052,7228,484110,14393.4,Office
SI-0006150,S-003053,9082,236115,77678.7,Equipment
SI-0006151,S-003054,8810,722513,74588.01,Equipment
SI-0006152,S-003054,5606,541511,19597.28,Truck
SI-0006153,S-003055,3724,238320,10363.94,Equipment
SI-0006154,S-003056,3724,238320,20543.52,Office
SI-0006155,S-003056,5606,238320,74236.39,Truck
SI-0006156,S-003057,8397,484110,32071.34,Crew
SI-0006157,S-003057,5403,236115,36119.2,Truck
SI-0006158,S-003057,7228,561720,27281.25,Crew
SI-0006159,S-003058,8397,541511,56231.94,Storefront
SI-0006160,S-003058,8810,541612,33322.77,Crew
SI-0006161,S-003058,3632,561720,15462.56,Crew
SI-0006162,S-003059,3724,236115,21704.24,Equipment
SI-0006163,S-003059,8810,484110,30478.77,Storefront
SI-0006164,S-003059,8397,561720,21422.29,Warehouse
SI-0006165,S-003060,8397,561720,37326.76,Storefront
SI-0006166,S-003060,9082,236115,22542.33,Warehouse
SI-0006167,S-003061,8810,238220,20153.19,Crew
SI-0006168,S-003062,3632,722513,23731.04,Storefront
SI-0006169,S-003063,7228,238220,31281.89,Storefront
SI-0006170,S-003064,5403,236115,33986.21,Warehouse
SI-0006171,S-003064,5403,238320,20944.16,Warehouse
SI-0006172,S-003064,3632,238220,98682.9,Warehouse
SI-0006173,S-003065,5606,238220,31583.5,Storefront
SI-0006174,S-003065,5606,238220,36459.24,Truck
SI-0006175,S-003065,5403,541511,26717.49,Storefront
SI-0006176,S-003066,9082,561720,35578.14,Warehouse
SI-0006177,S-003066,5403,238220,40163.27,Office
SI-0006178,S-003067,9082,238220,34535.01,Truck
SI-0006179,S-003067,7228,541511,14678.17,Truck
SI-0006180,S-003067,3632,484110,23567.84,Storefront
SI-0006181,S-003068,7228,541511,37353.68,Equipment
SI-0006182,S-003068,5606,236115,27903.81,Crew
SI-0006183,S-003069,5403,484110,61126.43,Crew
SI-0006184,S-003069,3724,722513,22295.82,Warehouse
SI-0006185,S-003070,8810,541612,95804.25,Equipment
SI-0006186,S-003070,9082,484110,56051.79,Office
SI-0006187,S-003071,5403,541612,11288.25,Warehouse
SI-0006188,S-003072,3632,541612,20409.14,Equipment
SI-0006189,S-003072,7228,238320,50616.81,Crew
SI-0006190,S-003073,8397,236115,97067.0,Office
SI-0006191,S-003073,3632,236115,22646.86,Equipment
SI-0006192,S-003073,5403,484110,13538.79,Crew
SI-0006193,S-003074,5403,238220,8261.8,Storefront
SI-0006194,S-003075,9082,541511,39737.29,Equipment
SI-0006195,S-003075,8397,238220,10894.05,Crew
SI-0006196,S-003075,5606,722513,14147.15,Storefront
SI-0006197,S-003076,8810,561720,27212.7,Crew
SI-0006198,S-003076,9082,236115,12797.28,Office
SI-0006199,S-003077,3632,484110,85288.88,Equipment
SI-0006200,S-003078,8810,238320,18112.57,Truck
SI-0006201,S-003078,3632,561720,61153.83,Crew
SI-0006202,S-003079,7228,541612,69031.02,Warehouse
SI-0006203,S-003079,7228,541612,22287.5,Office
SI-0006204,S-003079,8397,541511,13716.88,Warehouse
SI-0006205,S-003080,5403,722513,17913.01,Truck
SI-0006206,S-003080,8810,561720,9969.1,Warehouse
SI-0006207,S-003081,5403,561720,47949.97,Equipment
SI-0006208,S-003081,9082,236115,17562.26,Storefront
SI-0006209,S-003081,5606,238320,25772.03,Storefront
SI-0006210,S-003082,8810,238220,16260.02,Office
SI-0006211,S-003083,3632,484110,17176.24,Storefront
SI-0006212,S-003083,7228,484110,106430.89,Equipment
SI-0006213,S-003083,8397,561720,49369.55,Truck
SI-0006214,S-003084,9082,541612,45522.42,Office
SI-0006215,S-003084,9082,541612,191704.47,Crew
SI-0006216,S-003085,3632,236115,19240.55,Office
SI-0006217,S-003085,3632,238320,10891.66,Office
SI-0006218,S-003085,3724,541511,30921.43,Office
SI-0006219,S-003086,3724,722513,25121.98,Storefront
SI-0006220,S-003087,8810,238320,95162.98,Storefront
SI-0006221,S-003087,3632,541612,28392.2,Office
SI-0006222,S-003088,8810,238220,19575.2,Warehouse
SI-0006223,S-003088,3632,238320,29402.66,Warehouse
SI-0006224,S-003089,3724,541612,184043.6,Office
SI-0006225,S-003089,9082,722513,8321.54,Storefront
SI-0006226,S-003090,7228,541511,29230.9,Warehouse
SI-0006227,S-003090,3632,541612,43737.13,Storefront
SI-0006228,S-003091,8397,238220,42953.62,Equipment
SI-0006229,S-003092,7228,561720,49639.42,Office
SI-0006230,S-003092,3724,541511,28379.51,Office
SI-0006231,S-003093,5403,541612,82379.92,Warehouse
SI-0006232,S-003093,8397,722513,53831.46,Equipment
SI-0006233,S-003093,8397,238220,66288.1,Crew
SI-0006234,S-003094,8397,238320,26946.85,Storefront
SI-0006235,S-003094,8810,238220,24725.38,Truck
SI-0006236,S-003095,5403,561720,52093.27,Truck
SI-0006237,S-003095,7228,236115,21698.28,Crew
SI-0006238,S-003095,5606,541511,37218.28,Warehouse
SI-0006239,S-003096,8397,484110,15978.2,Storefront
SI-0006240,S-003096,8810,541612,40316.35,Warehouse
SI-0006241,S-003097,3724,561720,18468.36,Warehouse
SI-0006242,S-003098,9082,484110,21420.67,Storefront
SI-0006243,S-003098,9082,484110,45919.86,Storefront
SI-0006244,S-003098,3724,236115,17674.36,Storefront
SI-0006245,S-003099,8397,541511,37712.84,Office
SI-0006246,S-003100,5606,561720,130714.53,Office
SI-0006247,S-003100,3632,722513,42053.2,Crew
SI-0006248,S-003101,5403,722513,29084.32,Equipment
SI-0006249,S-003102,5403,541511,30757.95,Warehouse
SI-0006250,S-003102,7228,722513,18665.82,Warehouse
SI-0006251,S-003102,3632,236115,127171.91,Crew
SI-0006252,S-003103,8397,484110,12498.45,Warehouse
SI-0006253,S-003103,8397,541612,7305.09,Office
SI-0006254,S-003104,7228,541612,19191.02,Office
SI-0006255,S-003104,7228,484110,34280.1,Equipment
SI-0006256,S-003105,5403,722513,11466.3,Crew
SI-0006257,S-003105,3724,484110,23524.44,Office
SI-0006258,S-003105,8397,541511,14475.47,Warehouse
SI-0006259,S-003106,3632,541511,15608.69,Warehouse
SI-0006260,S-003107,9082,236115,93518.39,Crew
SI-0006261,S-003107,8397,541511,34479.84,Equipment
SI-0006262,S-003107,5606,561720,15915.41,Equipment
SI-0006263,S-003108,3724,541612,41664.86,Equipment
SI-0006264,S-003108,5606,722513,29450.09,Warehouse
SI-0006265,S-003109,8397,561720,11192.15,Warehouse
SI-0006266,S-003109,7228,238220,106137.02,Crew
SI-0006267,S-003110,5403,541511,20209.86,Equipment
SI-0006268,S-003110,5403,541612,42503.52,Office
SI-0006269,S-003110,8397,236115,35575.1,Truck
SI-0006270,S-003111,8810,561720,74088.79,Office
SI-0006271,S-003111,3632,236115,52971.66,Crew
SI-0006272,S-003112,5403,561720,14682.82,Truck
SI-0006273,S-003113,3632,561720,46462.41,Warehouse
SI-0006274,S-003113,7228,236115,54790.0,Crew
SI-0006275,S-003114,3632,238220,33803.01,Crew
SI-0006276,S-003114,8810,238320,23204.52,Storefront
SI-0006277,S-003115,8397,722513,11484.41,Office
SI-0006278,S-003115,8397,236115,35727.81,Warehouse
SI-0006279,S-003116,5403,238220,21890.0,Truck
SI-0006280,S-003116,3724,541612,12181.99,Warehouse
SI-0006281,S-003116,5606,541612,32627.84,Storefront
SI-0006282,S-003117,3632,541612,20696.28,Crew
SI-0006283,S-003117,5606,236115,20960.22,Truck
SI-0006284,S-003118,8810,722513,26480.91,Crew
SI-0006285,S-003119,9082,238220,27628.22,Office
SI-0006286,S-003120,3632,541511,20021.03,Crew
SI-0006287,S-003120,9082,561720,16536.32,Warehouse
SI-0006288,S-003120,9082,561720,24115.39,Truck
SI-0006289,S-003121,5606,238320,34842.17,Storefront
SI-0006290,S-003121,3724,722513,71642.85,Equipment
SI-0006291,S-003122,8810,561720,30621.36,Storefront
SI-0006292,S-003122,8810,541511,40000.34,Office
SI-0006293,S-003122,8397,236115,42003.75,Crew
SI-0006294,S-003123,3724,541511,54849.92,Warehouse
SI-0006295,S-003124,8810,236115,47313.65,Crew
SI-0006296,S-003125,3724,541612,158286.51,Crew
SI-0006297,S-003125,7228,236115,6202.36,Office
SI-0006298,S-003125,8397,722513,19401.16,Truck
SI-0006299,S-003126,8397,238220,97833.15,Office
SI-0006300,S-003126,5606,541511,58443.18,Storefront
SI-0006301,S-003126,9082,722513,50534.72,Truck
SI-0006302,S-003127,5403,541511,20195.49,Office
SI-0006303,S-003128,9082,541511,26054.26,Crew
SI-0006304,S-003129,7228,722513,27805.15,Warehouse
SI-0006305,S-003130,5606,541511,21018.09,Warehouse
SI-0006306,S-003131,5403,238220,13659.43,Office
SI-0006307,S-003131,8810,238320,43267.1,Crew
SI-0006308,S-003131,8397,541511,33448.01,Storefront
SI-0006309,S-003132,3632,238220,45263.27,Office
SI-0006310,S-003132,7228,541511,28928.01,Truck
SI-0006311,S-003133,3724,561720,60748.27,Storefront
SI-0006312,S-003133,5403,238220,54363.59,Crew
SI-0006313,S-003134,8810,541612,26463.22,Warehouse
SI-0006314,S-003134,5606,561720,85256.58,Storefront
SI-0006315,S-003134,8810,236115,57638.48,Equipment
SI-0006316,S-003135,8397,484110,10022.18,Truck
SI-0006317,S-003135,3632,561720,67849.0,Storefront
SI-0006318,S-003135,3632,238320,28910.64,Office
SI-0006319,S-003136,9082,236115,59874.46,Crew
SI-0006320,S-003136,5606,541612,59132.05,Storefront
SI-0006321,S-003137,3724,541612,48074.83,Truck
SI-0006322,S-003138,3632,238220,18609.55,Warehouse
SI-0006323,S-003138,9082,238320,12445.3,Equipment
SI-0006324,S-003139,3632,722513,9280.27,Equipment
SI-0006325,S-003140,3724,238320,28838.82,Crew
SI-0006326,S-003140,8397,541511,64428.13,Equipment
SI-0006327,S-003141,5606,238220,20945.46,Crew
SI-0006328,S-003141,8810,541612,37882.48,Office
SI-0006329,S-003142,3632,722513,23329.52,Storefront
SI-0006330,S-003143,9082,238220,59796.11,Truck
SI-0006331,S-003143,3724,236115,96128.64,Truck
SI-0006332,S-003143,9082,484110,17240.75,Truck
SI-0006333,S-003144,3632,236115,23881.36,Warehouse
SI-0006334,S-003145,3724,561720,28522.67,Truck
SI-0006335,S-003146,5606,561720,22691.32,Warehouse
SI-0006336,S-003146,8397,541612,9321.84,Storefront
SI-0006337,S-003147,9082,484110,38279.84,Office
SI-0006338,S-003147,3724,238220,20890.22,Storefront
SI-0006339,S-003147,5606,541612,66560.16,Equipment
SI-0006340,S-003148,7228,541612,69168.37,Equipment
SI-0006341,S-003148,5606,561720,36430.41,Truck
SI-0006342,S-003148,5606,236115,25902.85,Equipment
SI-0006343,S-003149,8810,541612,10580.13,Storefront
SI-0006344,S-003149,8397,541612,45389.11,Truck
SI-0006345,S-003150,8810,484110,8574.39,Office
SI-0006346,S-003151,7228,484110,13109.92,Warehouse
SI-0006347,S-003151,5606,236115,35083.17,Storefront
SI-0006348,S-003152,3632,561720,100782.25,Equipment
SI-0006349,S-003152,3724,541511,129993.24,Truck
SI-0006350,S-003153,5403,541612,29324.79,Truck
SI-0006351,S-003153,8397,236115,21240.14,Equipment
SI-0006352,S-003153,3724,236115,21113.3,Office
SI-0006353,S-003154,8810,238220,67639.0,Crew
SI-0006354,S-003154,3724,561720,27836.65,Storefront
SI-0006355,S-003155,5606,238320,10817.85,Office
SI-0006356,S-003155,5403,484110,55372.57,Crew
SI-0006357,S-003155,7228,722513,47417.89,Equipment
SI-0006358,S-003156,3724,541612,33092.89,Warehouse
SI-0006359,S-003157,3632,238320,19654.97,Warehouse
SI-0006360,S-003158,3632,238320,51905.12,Storefront
SI-0006361,S-003159,7228,541511,19024.87,Crew
SI-0006362,S-003160,5403,722513,63325.51,Storefront
SI-0006363,S-003161,7228,722513,68732.72,Warehouse
SI-0006364,S-003162,8397,238220,19271.43,Office
SI-0006365,S-003162,5403,541511,37839.03,Office
SI-0006366,S-003162,7228,541612,22596.47,Warehouse
SI-0006367,S-003163,3632,484110,23036.44,Truck
SI-0006368,S-003164,5606,238320,104716.41,Truck
SI-0006369,S-003164,9082,238320,27176.04,Crew
SI-0006370,S-003165,8397,561720,91065.6,Office
SI-0006371,S-003165,8810,541612,17536.94,Office
SI-0006372,S-003165,8397,561720,26050.52,Storefront
SI-0006373,S-003166,7228,238320,47937.92,Office
SI-0006374,S-003166,3632,541511,34336.84,Office
SI-0006375,S-003167,3724,484110,71365.48,Storefront
SI-0006376,S-003168,7228,236115,52183.05,Crew
SI-0006377,S-003168,9082,541511,19496.46,Warehouse
SI-0006378,S-003169,8810,541511,171082.35,Storefront
SI-0006379,S-003169,9082,541612,54600.41,Office
SI-0006380,S-003170,3724,238220,49953.92,Truck
SI-0006381,S-003170,7228,541511,107733.02,Crew
SI-0006382,S-003171,5403,484110,8662.73,Storefront
SI-0006383,S-003171,7228,236115,39735.57,Crew
SI-0006384,S-003172,9082,722513,20125.5,Storefront
SI-0006385,S-003172,3724,561720,28442.94,Storefront
SI-0006386,S-003173,3724,484110,56246.36,Crew
SI-0006387,S-003173,8810,561720,21427.24,Warehouse
SI-0006388,S-003174,5606,561720,50196.97,Warehouse
SI-0006389,S-003174,9082,236115,26270.38,Warehouse
SI-0006390,S-003174,7228,238220,66928.73,Crew
SI-0006391,S-003175,9082,238320,14820.0,Office
SI-0006392,S-003175,9082,541612,27810.84,Office
SI-0006393,S-003176,5403,238220,24935.86,Equipment
SI-0006394,S-003176,8810,561720,35297.49,Crew
SI-0006395,S-003177,3724,541612,61728.66,Warehouse
SI-0006396,S-003177,9082,484110,14553.59,Crew
SI-0006397,S-003177,3632,561720,48730.15,Storefront
SI-0006398,S-003178,8810,722513,10298.86,Equipment
SI-0006399,S-003179,3724,541511,53248.11,Equipment
SI-0006400,S-003179,5606,238220,110882.02,Truck
SI-0006401,S-003179,8810,238320,35201.84,Truck
SI-0006402,S-003180,8810,238220,106490.59,Crew
SI-0006403,S-003180,5403,722513,66670.81,Storefront
SI-0006404,S-003180,8810,238320,31039.58,Equipment
SI-0006405,S-003181,5606,541511,21788.62,Equipment
SI-0006406,S-003181,3724,722513,22231.24,Storefront
SI-0006407,S-003181,3632,238320,57468.81,Storefront
SI-0006408,S-003182,7228,541612,35022.62,Equipment
SI-0006409,S-003182,8810,722513,29837.14,Office
SI-0006410,S-003182,8810,541511,14695.97,Warehouse
SI-0006411,S-003183,7228,238320,72087.22,Storefront
SI-0006412,S-003183,9082,541612,26662.31,Truck
SI-0006413,S-003184,9082,722513,24812.52,Truck
SI-0006414,S-003184,5403,722513,69318.03,Truck
SI-0006415,S-003185,8810,236115,64617.4,Equipment
SI-0006416,S-003185,5403,236115,20598.59,Equipment
SI-0006417,S-003186,5403,722513,43521.47,Equipment
SI-0006418,S-003186,3632,561720,38102.13,Equipment
SI-0006419,S-003187,8810,561720,20249.51,Office
SI-0006420,S-003187,3724,238220,28017.53,Truck
SI-0006421,S-003188,9082,236115,9825.49,Storefront
SI-0006422,S-003188,7228,541511,24239.5,Warehouse
SI-0006423,S-003188,5403,238320,46955.26,Equipment
SI-0006424,S-003189,3632,238220,10904.66,Storefront
SI-0006425,S-003189,8810,484110,45887.17,Storefront
SI-0006426,S-003190,3724,484110,2726.86,Warehouse
SI-0006427,S-003190,8397,236115,46503.57,Warehouse
SI-0006428,S-003190,5606,541612,41044.91,Storefront
SI-0006429,S-003191,9082,561720,29861.01,Office
SI-0006430,S-003191,8397,541511,17027.04,Equipment
SI-0006431,S-003192,7228,238220,37414.34,Storefront
SI-0006432,S-003193,8397,238220,24003.41,Truck
SI-0006433,S-003193,8810,561720,38528.08,Equipment
SI-0006434,S-003193,5606,541612,46610.71,Truck
SI-0006435,S-003194,8397,484110,10496.73,Truck
SI-0006436,S-003195,3632,722513,51165.5,Crew
SI-0006437,S-003196,8810,722513,15180.57,Storefront
SI-0006438,S-003197,5403,541511,112192.32,Crew
SI-0006439,S-003197,3632,722513,95583.13,Truck
SI-0006440,S-003197,3632,484110,26152.94,Office
SI-0006441,S-003198,3632,238220,18892.51,Warehouse
SI-0006442,S-003199,3724,541511,48891.22,Equipment
SI-0006443,S-003200,5606,561720,29893.16,Storefront
SI-0006444,S-003201,8810,722513,29392.74,Crew
SI-0006445,S-003201,3632,484110,26875.25,Warehouse
SI-0006446,S-003201,8397,236115,34547.82,Storefront
SI-0006447,S-003202,9082,541612,37392.59,Crew
SI-0006448,S-003202,8810,561720,115779.13,Storefront
SI-0006449,S-003202,3632,236115,32425.53,Storefront
SI-0006450,S-003203,3724,541511,26602.33,Equipment
SI-0006451,S-003204,3632,541511,10768.44,Equipment
SI-0006452,S-003204,3632,236115,24372.2,Storefront
SI-0006453,S-003204,3724,238220,49006.09,Storefront
SI-0006454,S-003205,3724,722513,20710.47,Warehouse
SI-0006455,S-003205,5606,541612,7074.46,Warehouse
SI-0006456,S-003206,5606,541511,53534.67,Crew
SI-0006457,S-003206,5606,236115,50074.3,Storefront
SI-0006458,S-003206,8397,561720,4297.6,Crew
SI-0006459,S-003207,3724,541511,32331.98,Warehouse
SI-0006460,S-003208,5403,541612,54690.66,Warehouse
SI-0006461,S-003209,3632,541511,37382.09,Office
SI-0006462,S-003210,3632,238320,117430.19,Warehouse
SI-0006463,S-003210,7228,236115,35918.72,Warehouse
SI-0006464,S-003210,8397,484110,19335.57,Equipment
SI-0006465,S-003211,8397,541612,26746.15,Office
SI-0006466,S-003212,7228,722513,55553.93,Equipment
SI-0006467,S-003212,7228,238220,25126.96,Office
SI-0006468,S-003212,3724,561720,29606.44,Equipment
SI-0006469,S-003213,7228,236115,25390.84,Equipment
SI-0006470,S-003213,8397,541511,27179.69,Equipment
SI-0006471,S-003213,3632,238220,59187.0,Office
SI-0006472,S-003214,5403,722513,161082.61,Office
SI-0006473,S-003214,7228,236115,22861.47,Office
SI-0006474,S-003214,3632,541612,45166.46,Truck
SI-0006475,S-003215,8397,484110,60648.74,Office
SI-0006476,S-003215,5606,541511,27200.77,Storefront
SI-0006477,S-003216,3724,541612,21307.27,Storefront
SI-0006478,S-003217,3632,541612,44160.52,Crew
SI-0006479,S-003217,9082,541511,23348.26,Equipment
SI-0006480,S-003218,7228,722513,24471.6,Office
SI-0006481,S-003218,5606,238320,35826.02,Office
SI-0006482,S-003218,7228,484110,57830.85,Storefront
SI-0006483,S-003219,3632,484110,25252.67,Equipment
SI-0006484,S-003219,8397,238320,21654.07,Crew
SI-0006485,S-003220,5403,541612,116248.13,Office
SI-0006486,S-003220,5606,238220,43744.39,Warehouse
SI-0006487,S-003221,8810,236115,57267.22,Warehouse
SI-0006488,S-003221,9082,561720,14091.29,Crew
SI-0006489,S-003221,3632,561720,22152.37,Warehouse
SI-0006490,S-003222,9082,236115,23359.72,Office
SI-0006491,S-003222,3632,238320,48480.58,Crew
SI-0006492,S-003222,3632,236115,19348.2,Warehouse
SI-0006493,S-003223,9082,238320,19881.65,Truck
SI-0006494,S-003223,7228,722513,59877.06,Storefront
SI-0006495,S-003224,3632,238220,25064.45,Warehouse
SI-0006496,S-003225,5403,236115,22445.84,Warehouse
SI-0006497,S-003226,9082,541612,16907.29,Truck
SI-0006498,S-003226,5403,541612,37514.52,Warehouse
SI-0006499,S-003226,7228,484110,29265.08,Equipment
SI-0006500,S-003227,5606,541511,30534.51,Storefront
SI-0006501,S-003227,3724,236115,8369.3,Truck
SI-0006502,S-003228,3724,236115,15421.29,Crew
SI-0006503,S-003228,3632,541612,24403.19,Crew
SI-0006504,S-003228,8810,722513,14056.17,Storefront
SI-0006505,S-003229,9082,541612,32824.44,Warehouse
SI-0006506,S-003229,3632,722513,23648.4,Crew
SI-0006507,S-003230,9082,238220,39199.15,Crew
SI-0006508,S-003230,5606,238320,25367.93,Crew
SI-0006509,S-003231,7228,561720,15780.09,Truck
SI-0006510,S-003231,9082,722513,23479.63,Office
SI-0006511,S-003232,5606,484110,42142.58,Warehouse
SI-0006512,S-003232,8810,541612,21816.76,Crew
SI-0006513,S-003232,8810,541511,26653.27,Equipment
SI-0006514,S-003233,5606,236115,30931.11,Equipment
SI-0006515,S-003234,3632,236115,24121.79,Storefront
SI-0006516,S-003234,9082,541612,30369.38,Warehouse
SI-0006517,S-003234,3724,236115,96864.11,Truck
SI-0006518,S-003235,8810,541612,163513.85,Office
SI-0006519,S-003236,7228,238320,74563.53,Equipment
SI-0006520,S-003236,7228,722513,40317.72,Equipment
SI-0006521,S-003236,5606,722513,57800.16,Equipment
SI-0006522,S-003237,8397,238220,45211.74,Crew
SI-0006523,S-003238,3632,541612,31225.07,Truck
SI-0006524,S-003238,5403,541511,19947.7,Office
SI-0006525,S-003238,8810,561720,46022.88,Equipment
SI-0006526,S-003239,8397,238320,9704.07,Office
SI-0006527,S-003240,3632,541612,33001.41,Storefront
SI-0006528,S-003240,9082,541511,12873.64,Office
SI-0006529,S-003241,3632,541612,25087.43,Office
SI-0006530,S-003242,8810,238320,19912.55,Truck
SI-0006531,S-003243,8810,484110,37374.57,Storefront
SI-0006532,S-003243,8397,722513,99418.35,Warehouse
SI-0006533,S-003244,9082,238320,28469.15,Office
SI-0006534,S-003244,5606,561720,37593.89,Equipment
SI-0006535,S-003245,5403,238220,17807.87,Warehouse
SI-0006536,S-003245,9082,722513,18170.18,Truck
SI-0006537,S-003245,7228,561720,42127.38,Crew
SI-0006538,S-003246,3724,541511,21687.73,Equipment
SI-0006539,S-003246,5403,561720,33914.24,Office
SI-0006540,S-003246,5606,722513,13197.47,Truck
SI-0006541,S-003247,5606,561720,106075.1,Crew
SI-0006542,S-003247,8810,484110,49845.9,Warehouse
SI-0006543,S-003248,3632,722513,69540.65,Crew
SI-0006544,S-003248,3632,722513,27730.8,Office
SI-0006545,S-003249,8397,722513,36666.15,Office
SI-0006546,S-003249,9082,236115,53502.47,Storefront
SI-0006547,S-003250,8810,561720,28752.55,Crew
SI-0006548,S-003250,7228,541511,43664.37,Truck
SI-0006549,S-003251,9082,541612,108030.13,Equipment
SI-0006550,S-003251,5403,238220,39161.46,Office
SI-0006551,S-003252,3724,238220,34237.29,Warehouse
SI-0006552,S-003253,7228,238320,11965.83,Storefront
SI-0006553,S-003253,3724,484110,41095.89,Truck
SI-0006554,S-003254,9082,541511,21419.92,Crew
SI-0006555,S-003255,8810,236115,19772.15,Crew
SI-0006556,S-003256,8397,238220,19867.52,Equipment
SI-0006557,S-003256,7228,238320,57010.55,Equipment
SI-0006558,S-003256,5403,238320,40413.22,Office
SI-0006559,S-003257,7228,561720,17379.65,Truck
SI-0006560,S-003258,3724,541612,25863.56,Office
SI-0006561,S-003259,3632,561720,27231.21,Crew
SI-0006562,S-003259,9082,541612,61828.76,Truck
SI-0006563,S-003259,5403,561720,20522.38,Warehouse
SI-0006564,S-003260,3632,236115,52458.65,Storefront
SI-0006565,S-003260,8397,238220,25980.9,Equipment
SI-0006566,S-003260,5606,236115,43146.73,Crew
SI-0006567,S-003261,3632,238220,46519.39,Office
SI-0006568,S-003262,9082,236115,23430.07,Office
SI-0006569,S-003263,5403,541612,66846.09,Storefront
SI-0006570,S-003264,7228,541612,35997.48,Truck
SI-0006571,S-003264,8397,238320,16563.47,Truck
SI-0006572,S-003264,3724,561720,22035.89,Truck
SI-0006573,S-003265,3632,541511,22586.2,Truck
SI-0006574,S-003266,8810,238220,19945.02,Equipment
SI-0006575,S-003266,8397,238220,93757.03,Truck
SI-0006576,S-003266,9082,722513,25488.83,Equipment
SI-0006577,S-003267,3724,238320,71455.78,Equipment
SI-0006578,S-003267,5606,541612,27386.51,Crew
SI-0006579,S-003267,5403,236115,98830.2,Office
SI-0006580,S-003268,7228,484110,38090.39,Crew
SI-0006581,S-003268,8810,236115,17861.2,Crew
SI-0006582,S-003268,5403,238220,9315.83,Storefront
SI-0006583,S-003269,8810,484110,12720.05,Crew
SI-0006584,S-003269,5403,238320,54745.74,Truck
SI-0006585,S-003269,8810,561720,81913.74,Equipment
SI-0006586,S-003270,3632,238220,51745.04,Truck
SI-0006587,S-003270,7228,238220,55053.42,Storefront
SI-0006588,S-003271,3724,236115,78152.45,Warehouse
SI-0006589,S-003272,9082,561720,78371.6,Warehouse
SI-0006590,S-003273,8397,541511,27248.73,Equipment
SI-0006591,S-003274,3724,238220,10317.73,Storefront
SI-0006592,S-003274,5403,238320,77065.36,Warehouse
SI-0006593,S-003275,7228,722513,15625.33,Truck
SI-0006594,S-003275,3724,541612,90999.61,Truck
SI-0006595,S-003276,7228,561720,88875.54,Equipment
SI-0006596,S-003277,5606,238320,35181.3,Storefront
SI-0006597,S-003277,9082,238320,138495.23,Truck
SI-0006598,S-003277,9082,238320,49754.6,Crew
SI-0006599,S-003278,5403,561720,128506.11,Office
SI-0006600,S-003278,5403,238320,64140.27,Truck
SI-0006601,S-003278,3724,484110,36419.63,Office
SI-0006602,S-003279,5403,484110,38337.75,Truck
SI-0006603,S-003280,8810,238320,42305.17,Equipment
SI-0006604,S-003280,8397,484110,42501.43,Equipment
SI-0006605,S-003281,8397,541511,9853.14,Warehouse
SI-0006606,S-003282,5606,541511,16114.88,Office
SI-0006607,S-003283,5403,484110,56912.63,Warehouse
SI-0006608,S-003283,3724,484110,8709.05,Storefront
SI-0006609,S-003283,3724,238220,16042.57,Storefront
SI-0006610,S-003284,8810,541612,59611.46,Truck
SI-0006611,S-003284,5606,541511,12679.5,Office
SI-0006612,S-003285,5606,561720,139590.27,Equipment
SI-0006613,S-003285,3632,722513,25773.89,Equipment
SI-0006614,S-003285,9082,238320,22963.93,Office
SI-0006615,S-003286,5606,238320,140572.67,Truck
SI-0006616,S-003286,5606,541612,51343.37,Crew
SI-0006617,S-003287,3724,722513,54683.59,Warehouse
SI-0006618,S-003288,3632,561720,35648.06,Warehouse
SI-0006619,S-003288,7228,541511,24791.12,Storefront
SI-0006620,S-003289,3724,541612,102577.19,Warehouse
SI-0006621,S-003289,9082,238220,25692.25,Office
SI-0006622,S-003289,8397,722513,37473.5,Storefront
SI-0006623,S-003290,8397,541511,42782.55,Truck
SI-0006624,S-003291,8810,541511,37411.63,Crew
SI-0006625,S-003292,3632,238220,13590.75,Equipment
SI-0006626,S-003293,5606,722513,82937.27,Equipment
SI-0006627,S-003294,5606,541511,32680.75,Equipment
SI-0006628,S-003294,3724,722513,126088.93,Truck
SI-0006629,S-003295,5606,561720,69631.55,Crew
SI-0006630,S-003295,8397,236115,67157.21,Storefront
SI-0006631,S-003296,3632,541511,24644.57,Storefront
SI-0006632,S-003297,3724,238220,23313.63,Truck
SI-0006633,S-003297,3632,236115,14417.45,Truck
SI-0006634,S-003297,7228,484110,22187.7,Truck
SI-0006635,S-003298,5606,541511,32436.22,Truck
SI-0006636,S-003298,5403,561720,13147.52,Crew
SI-0006637,S-003299,5606,236115,27913.88,Warehouse
SI-0006638,S-003299,5403,722513,16578.48,Warehouse
SI-0006639,S-003299,9082,484110,30451.62,Warehouse
SI-0006640,S-003300,3632,238320,27798.96,Equipment
SI-0006641,S-003300,8397,238220,19464.69,Crew
SI-0006642,S-003300,9082,236115,42335.71,Office
SI-0006643,S-003301,5403,722513,24267.51,Equipment
SI-0006644,S-003302,7228,238320,58262.36,Equipment
SI-0006645,S-003302,8810,484110,16248.55,Crew
SI-0006646,S-003302,9082,236115,57570.98,Crew
SI-0006647,S-003303,5403,722513,100759.86,Office
SI-0006648,S-003303,8397,236115,30453.15,Office
SI-0006649,S-003304,8810,236115,59448.59,Warehouse
SI-0006650,S-003305,7228,238320,40919.88,Truck
SI-0006651,S-003306,7228,238320,15886.13,Storefront
SI-0006652,S-003306,8397,541612,16716.34,Warehouse
SI-0006653,S-003307,5403,236115,99946.75,Office
SI-0006654,S-003307,5606,722513,45510.27,Equipment
SI-0006655,S-003307,7228,236115,7523.26,Crew
SI-0006656,S-003308,8397,541511,91729.45,Warehouse
SI-0006657,S-003308,7228,541511,92529.2,Truck
SI-0006658,S-003309,8397,238220,29739.91,Equipment
SI-0006659,S-003309,9082,484110,52009.22,Warehouse
SI-0006660,S-003310,3632,541612,11433.7,Crew
SI-0006661,S-003311,5606,238220,23231.07,Equipment
SI-0006662,S-003312,7228,484110,68307.22,Crew
SI-0006663,S-003312,3632,541612,102584.15,Crew
SI-0006664,S-003313,8810,238220,17323.53,Equipment
SI-0006665,S-003313,9082,561720,78895.03,Storefront
SI-0006666,S-003313,9082,722513,29108.22,Truck
SI-0006667,S-003314,3724,722513,10394.76,Storefront
SI-0006668,S-003314,8810,541612,48004.61,Storefront
SI-0006669,S-003314,7228,541612,83252.82,Crew
SI-0006670,S-003315,7228,541612,86699.84,Truck
SI-0006671,S-003315,8397,541511,16753.62,Warehouse
SI-0006672,S-003315,3724,541612,14781.27,Office
SI-0006673,S-003316,8397,541511,34000.27,Equipment
SI-0006674,S-003316,3632,561720,17165.25,Storefront
SI-0006675,S-003316,3632,722513,49293.21,Warehouse
SI-0006676,S-003317,5606,484110,21899.41,Office
SI-0006677,S-003317,8810,722513,16855.11,Office
SI-0006678,S-003318,3632,541511,47954.67,Crew
SI-0006679,S-003318,5403,238320,18202.28,Warehouse
SI-0006680,S-003318,9082,561720,41904.4,Storefront
SI-0006681,S-003319,5403,484110,20007.25,Office
SI-0006682,S-003320,3724,484110,23608.32,Storefront
SI-0006683,S-003321,7228,722513,24524.69,Office
SI-0006684,S-003322,9082,236115,111482.72,Storefront
SI-0006685,S-003323,8810,722513,31499.43,Warehouse
SI-0006686,S-003323,3632,236115,32124.84,Crew
SI-0006687,S-003323,8397,484110,53123.26,Equipment
SI-0006688,S-003324,5403,541612,26634.94,Storefront
SI-0006689,S-003324,3724,561720,14780.96,Office
SI-0006690,S-003325,3632,238220,104822.39,Crew
SI-0006691,S-003325,3632,484110,44955.88,Warehouse
SI-0006692,S-003325,9082,541612,23144.59,Storefront
SI-0006693,S-003326,8810,236115,47634.65,Truck
SI-0006694,S-003327,8397,484110,155571.46,Crew
SI-0006695,S-003328,5606,484110,80293.83,Warehouse
SI-0006696,S-003329,3632,238220,43450.37,Equipment
SI-0006697,S-003330,3724,541511,50228.6,Warehouse
SI-0006698,S-003330,3632,484110,60209.53,Warehouse
SI-0006699,S-003330,7228,541511,48230.98,Crew
SI-0006700,S-003331,5403,722513,66059.31,Storefront
SI-0006701,S-003331,8397,541612,18105.02,Office
SI-0006702,S-003332,5606,238320,47309.33,Warehouse
SI-0006703,S-003332,3724,722513,15886.85,Warehouse
SI-0006704,S-003333,8397,238220,17371.91,Storefront
SI-0006705,S-003333,3632,238320,34352.19,Storefront
SI-0006706,S-003334,3724,541511,60925.85,Storefront
SI-0006707,S-003334,5403,236115,31582.12,Office
SI-0006708,S-003335,5403,238220,23813.57,Office
SI-0006709,S-003336,5403,561720,12972.01,Truck
SI-0006710,S-003336,5403,541612,41772.22,Warehouse
SI-0006711,S-003337,7228,541511,17484.95,Office
SI-0006712,S-003338,7228,541511,18651.68,Warehouse
SI-0006713,S-003339,7228,541612,27470.76,Equipment
SI-0006714,S-003339,3724,561720,97482.39,Warehouse
SI-0006715,S-003340,3724,722513,52108.15,Storefront
SI-0006716,S-003340,9082,722513,5952.86,Crew
SI-0006717,S-003340,8810,236115,33844.3,Equipment
SI-0006718,S-003341,7228,238220,14666.58,Equipment
SI-0006719,S-003342,8810,484110,42637.91,Equipment
SI-0006720,S-003343,9082,238320,26918.06,Warehouse
SI-0006721,S-003344,3632,238220,25448.52,Office
SI-0006722,S-003345,8397,541612,41171.91,Storefront
SI-0006723,S-003345,9082,238220,41702.47,Warehouse
SI-0006724,S-003346,8397,722513,42228.45,Storefront
SI-0006725,S-003346,3724,541511,34214.12,Equipment
SI-0006726,S-003347,5403,238320,41925.59,Truck
SI-0006727,S-003347,5403,541511,21782.94,Storefront
SI-0006728,S-003347,7228,541612,7260.3,Crew
SI-0006729,S-003348,3632,236115,26053.4,Crew
SI-0006730,S-003348,5403,541612,62977.97,Crew
SI-0006731,S-003349,8810,541511,37872.18,Warehouse
SI-0006732,S-003350,8397,541511,17803.93,Crew
SI-0006733,S-003350,3632,484110,102392.02,Storefront
SI-0006734,S-003351,8810,484110,18692.48,Office
SI-0006735,S-003352,3632,541511,40587.99,Truck
SI-0006736,S-003352,3632,541612,31717.32,Warehouse
SI-0006737,S-003353,8397,236115,19656.94,Office
SI-0006738,S-003353,9082,561720,27544.23,Equipment
SI-0006739,S-003353,9082,238320,75862.85,Equipment
SI-0006740,S-003354,3724,238220,36597.42,Truck
SI-0006741,S-003354,3632,484110,14928.33,Truck
SI-0006742,S-003354,8397,236115,80050.95,Storefront
SI-0006743,S-003355,8810,236115,78577.14,Storefront
SI-0006744,S-003355,8810,541612,133522.13,Warehouse
SI-0006745,S-003355,9082,236115,18208.57,Office
SI-0006746,S-003356,3632,722513,7202.87,Warehouse
SI-0006747,S-003357,8810,238220,24782.78,Storefront
SI-0006748,S-003357,8810,541511,75381.03,Crew
SI-0006749,S-003357,7228,541511,35212.64,Crew
SI-0006750,S-003358,5606,236115,27707.78,Warehouse
SI-0006751,S-003358,5403,541511,41129.56,Truck
SI-0006752,S-003358,5606,722513,14598.17,Office
SI-0006753,S-003359,3724,236115,18381.07,Crew
SI-0006754,S-003359,3632,238320,69697.63,Warehouse
SI-0006755,S-003360,3632,484110,61987.6,Equipment
SI-0006756,S-003360,5403,561720,21961.22,Warehouse
SI-0006757,S-003361,8397,238320,16837.61,Office
SI-0006758,S-003362,3632,238320,17282.63,Crew
SI-0006759,S-003363,3632,722513,13696.43,Truck
SI-0006760,S-003363,5606,238220,48826.33,Truck
SI-0006761,S-003363,7228,722513,92903.51,Truck
SI-0006762,S-003364,5403,238220,57588.02,Equipment
SI-0006763,S-003364,8397,238320,41008.92,Truck
SI-0006764,S-003365,5403,722513,26491.43,Truck
SI-0006765,S-003365,9082,484110,26777.47,Truck
SI-0006766,S-003365,7228,484110,59538.21,Storefront
SI-0006767,S-003366,8397,238320,84584.16,Truck
SI-0006768,S-003366,5606,484110,20465.9,Equipment
SI-0006769,S-003367,5606,484110,44796.44,Truck
SI-0006770,S-003367,7228,722513,12618.17,Warehouse
SI-0006771,S-003368,9082,238320,29449.6,Truck
SI-0006772,S-003368,3632,236115,30567.28,Warehouse
SI-0006773,S-003368,8810,484110,72331.68,Equipment
SI-0006774,S-003369,8397,722513,19341.44,Truck
SI-0006775,S-003369,3724,236115,29850.13,Equipment
SI-0006776,S-003369,8397,236115,16435.72,Equipment
SI-0006777,S-003370,5606,722513,9125.82,Warehouse
SI-0006778,S-003371,7228,236115,55146.31,Storefront
SI-0006779,S-003371,7228,561720,31019.53,Warehouse
SI-0006780,S-003372,7228,541612,28787.28,Crew
SI-0006781,S-003373,5403,238320,20400.85,Office
SI-0006782,S-003373,5606,236115,36631.79,Storefront
SI-0006783,S-003374,5403,238220,53979.34,Truck
SI-0006784,S-003374,3724,541511,17508.92,Office
SI-0006785,S-003374,9082,722513,18395.97,Equipment
SI-0006786,S-003375,3724,238220,34618.81,Truck
SI-0006787,S-003376,3632,541511,36634.23,Truck
SI-0006788,S-003376,7228,561720,23738.51,Storefront
SI-0006789,S-003377,3724,722513,79313.77,Warehouse
SI-0006790,S-003378,7228,484110,40076.34,Storefront
SI-0006791,S-003379,5403,561720,36049.4,Truck
SI-0006792,S-003379,9082,484110,40464.87,Equipment
SI-0006793,S-003380,8397,541511,55628.33,Warehouse
SI-0006794,S-003381,9082,236115,20542.58,Storefront
SI-0006795,S-003381,3724,238320,43467.92,Truck
SI-0006796,S-003382,3724,541612,73751.88,Truck
SI-0006797,S-003383,3724,541612,26558.68,Crew
SI-0006798,S-003383,3724,236115,33483.36,Warehouse
SI-0006799,S-003384,8810,541511,30619.45,Crew
SI-0006800,S-003384,5403,722513,23540.41,Crew
SI-0006801,S-003385,7228,541511,21222.35,Office
SI-0006802,S-003385,8397,541612,26940.53,Equipment
SI-0006803,S-003386,8810,238220,56560.01,Truck
SI-0006804,S-003386,8810,484110,12029.01,Crew
SI-0006805,S-003387,8397,722513,27551.51,Warehouse
SI-0006806,S-003387,8397,561720,48671.3,Warehouse
SI-0006807,S-003388,5403,484110,71667.25,Office
SI-0006808,S-003388,8397,238320,15359.51,Storefront
SI-0006809,S-003389,5606,722513,9007.76,Crew
SI-0006810,S-003389,5606,561720,57917.85,Truck
SI-0006811,S-003389,5606,236115,68498.34,Office
SI-0006812,S-003390,5606,722513,20630.8,Equipment
SI-0006813,S-003390,3632,484110,17945.33,Truck
SI-0006814,S-003390,7228,541511,15414.95,Crew
SI-0006815,S-003391,8397,484110,50754.92,Office
SI-0006816,S-003392,8397,236115,76908.13,Crew
SI-0006817,S-003392,8810,238320,46679.62,Equipment
SI-0006818,S-003393,7228,236115,15214.16,Office
SI-0006819,S-003393,3632,722513,21239.52,Truck
SI-0006820,S-003393,8810,484110,5225.91,Truck
SI-0006821,S-003394,5403,238320,153670.61,Truck
SI-0006822,S-003394,5403,722513,9937.52,Crew
SI-0006823,S-003395,5403,236115,43051.33,Crew
SI-0006824,S-003396,9082,541511,33175.06,Storefront
SI-0006825,S-003397,3724,484110,15289.03,Office
SI-0006826,S-003398,5606,722513,9553.41,Office
SI-0006827,S-003398,3632,541511,18930.65,Truck
SI-0006828,S-003399,8397,541511,30390.99,Warehouse
SI-0006829,S-003399,7228,238220,43861.85,Crew
SI-0006830,S-003400,3724,722513,27112.16,Truck
SI-0006831,S-003400,8397,722513,13990.98,Office
SI-0006832,S-003401,8810,236115,50967.52,Office
SI-0006833,S-003401,5606,722513,35302.8,Crew
SI-0006834,S-003402,8397,541511,56690.2,Storefront
SI-0006835,S-003402,3632,541511,35416.82,Truck
SI-0006836,S-003403,9082,238320,37382.84,Warehouse
SI-0006837,S-003404,5403,484110,46593.36,Warehouse
SI-0006838,S-003405,8397,484110,127998.32,Warehouse
SI-0006839,S-003406,9082,236115,34844.66,Office
SI-0006840,S-003407,8810,238220,115093.63,Equipment
SI-0006841,S-003407,7228,238320,7428.74,Truck
SI-0006842,S-003408,8810,541612,11845.47,Office
SI-0006843,S-003408,5606,541612,7329.08,Equipment
SI-0006844,S-003409,3632,561720,27615.18,Storefront
SI-0006845,S-003410,7228,236115,148648.43,Truck
SI-0006846,S-003410,8810,236115,54309.95,Storefront
SI-0006847,S-003410,3632,238220,33061.83,Equipment
SI-0006848,S-003411,3632,541511,36209.66,Crew
SI-0006849,S-003411,3632,238220,48049.5,Equipment
SI-0006850,S-003411,3632,236115,16968.73,Crew
SI-0006851,S-003412,5403,561720,35517.59,Warehouse
SI-0006852,S-003413,8810,236115,89449.89,Office
SI-0006853,S-003414,8397,722513,31957.1,Truck
SI-0006854,S-003414,3632,484110,28793.34,Crew
SI-0006855,S-003414,3632,238220,33659.11,Truck
SI-0006856,S-003415,3724,722513,13249.12,Office
SI-0006857,S-003415,5403,541511,44227.48,Crew
SI-0006858,S-003416,9082,722513,54529.08,Truck
SI-0006859,S-003416,8810,238220,19942.37,Storefront
SI-0006860,S-003417,3632,238220,32396.29,Warehouse
SI-0006861,S-003418,7228,238220,7839.38,Truck
SI-0006862,S-003418,5403,561720,29883.44,Crew
SI-0006863,S-003419,8397,484110,9223.31,Warehouse
SI-0006864,S-003419,3632,722513,32599.25,Storefront
SI-0006865,S-003419,3724,484110,70159.88,Crew
SI-0006866,S-003420,3724,238320,41309.44,Crew
SI-0006867,S-003420,9082,238220,7999.22,Truck
SI-0006868,S-003421,8397,238220,27405.34,Equipment
SI-0006869,S-003421,3724,238320,17737.14,Storefront
SI-0006870,S-003422,8810,561720,63608.72,Crew
SI-0006871,S-003422,3724,484110,27884.14,Office
SI-0006872,S-003422,8397,238220,7879.06,Office
SI-0006873,S-003423,8810,561720,133092.83,Storefront
SI-0006874,S-003423,8397,484110,36314.12,Office
SI-0006875,S-003424,3724,484110,81577.08,Crew
SI-0006876,S-003424,3724,484110,118923.48,Truck
SI-0006877,S-003424,9082,484110,31416.53,Warehouse
SI-0006878,S-003425,5606,541511,17833.51,Warehouse
SI-0006879,S-003425,5606,722513,56289.22,Crew
SI-0006880,S-003426,5403,484110,22465.95,Equipment
SI-0006881,S-003427,5606,722513,9600.03,Warehouse
SI-0006882,S-003427,3632,236115,104247.08,Crew
SI-0006883,S-003427,3632,541511,51471.23,Crew
SI-0006884,S-003428,9082,238220,15023.24,Office
SI-0006885,S-003428,5403,541612,41032.67,Warehouse
SI-0006886,S-003429,9082,238220,23667.03,Crew
SI-0006887,S-003429,5606,238320,14163.25,Crew
SI-0006888,S-003430,9082,541511,17766.24,Warehouse
SI-0006889,S-003430,7228,238320,16273.25,Equipment
SI-0006890,S-003431,3632,541511,22578.77,Equipment
SI-0006891,S-003431,8397,541511,28659.87,Storefront
SI-0006892,S-003431,3724,238320,31956.38,Storefront
SI-0006893,S-003432,5403,541612,92031.09,Office
SI-0006894,S-003432,3632,722513,5494.49,Crew
SI-0006895,S-003432,5403,484110,9363.68,Crew
SI-0006896,S-003433,7228,484110,88728.63,Truck
SI-0006897,S-003433,9082,238220,116084.0,Warehouse
SI-0006898,S-003434,7228,541612,150603.96,Truck
SI-0006899,S-003434,3632,484110,47594.55,Storefront
SI-0006900,S-003434,5606,541511,26215.13,Storefront
SI-0006901,S-003435,3724,238220,73139.26,Storefront
SI-0006902,S-003435,9082,541511,32153.88,Warehouse
SI-0006903,S-003436,9082,561720,14516.41,Warehouse
SI-0006904,S-003437,7228,236115,14958.78,Office
SI-0006905,S-003438,8397,484110,11330.8,Crew
SI-0006906,S-003438,5403,541612,42110.94,Office
SI-0006907,S-003438,7228,236115,60196.38,Truck
SI-0006908,S-003439,7228,561720,27172.78,Equipment
SI-0006909,S-003439,8810,541612,15978.09,Crew
SI-0006910,S-003439,7228,541511,87753.13,Truck
SI-0006911,S-003440,8397,484110,21415.95,Equipment
SI-0006912,S-003440,3632,238320,60741.35,Warehouse
SI-0006913,S-003441,5403,238220,26779.5,Office
SI-0006914,S-003441,7228,541612,24274.25,Warehouse
SI-0006915,S-003441,8810,238320,32461.78,Warehouse
SI-0006916,S-003442,8810,484110,60752.35,Equipment
SI-0006917,S-003443,5606,722513,67833.61,Equipment
SI-0006918,S-003444,9082,561720,116488.66,Office
SI-0006919,S-003445,7228,541612,22015.07,Storefront
SI-0006920,S-003445,8397,236115,74184.57,Office
SI-0006921,S-003446,5403,238220,16679.88,Truck
SI-0006922,S-003446,5606,484110,25000.66,Crew
SI-0006923,S-003446,3724,541612,34902.98,Warehouse
SI-0006924,S-003447,9082,238320,45744.35,Crew
SI-0006925,S-003447,9082,541511,31795.6,Storefront
SI-0006926,S-003447,8397,722513,22832.96,Warehouse
SI-0006927,S-003448,3724,561720,11933.99,Crew
SI-0006928,S-003448,8397,484110,9009.05,Crew
SI-0006929,S-003448,3632,236115,27576.61,Crew
SI-0006930,S-003449,3724,541511,22167.66,Warehouse
SI-0006931,S-003449,7228,561720,26972.01,Warehouse
SI-0006932,S-003449,8810,541511,97377.47,Office
SI-0006933,S-003450,8397,541612,68808.41,Truck
SI-0006934,S-003451,7228,722513,171819.63,Equipment
SI-0006935,S-003451,3632,236115,9298.78,Crew
SI-0006936,S-003452,9082,484110,36693.54,Crew
SI-0006937,S-003452,5606,238220,6953.09,Crew
SI-0006938,S-003452,5403,238320,22236.53,Storefront
SI-0006939,S-003453,7228,541612,18034.89,Crew
SI-0006940,S-003453,9082,236115,44354.74,Crew
SI-0006941,S-003453,9082,561720,83801.79,Warehouse
SI-0006942,S-003454,3724,484110,23939.17,Equipment
SI-0006943,S-003454,9082,541612,70112.62,Crew
SI-0006944,S-003454,5606,722513,65835.36,Truck
SI-0006945,S-003455,7228,541612,68308.54,Truck
SI-0006946,S-003455,9082,238220,37065.49,Crew
SI-0006947,S-003456,8810,541511,17764.16,Office
SI-0006948,S-003456,8810,541612,25357.78,Truck
SI-0006949,S-003456,3632,541511,77637.54,Warehouse
SI-0006950,S-003457,7228,484110,67914.96,Crew
SI-0006951,S-003457,7228,238220,18400.97,Office
SI-0006952,S-003458,8397,238320,49549.62,Office
SI-0006953,S-003458,5403,484110,39615.51,Storefront
SI-0006954,S-003459,7228,238320,18203.35,Warehouse
SI-0006955,S-003459,3632,541511,30980.69,Warehouse
SI-0006956,S-003459,3632,561720,28730.47,Truck
SI-0006957,S-003460,3632,238320,22064.32,Storefront
SI-0006958,S-003460,8810,561720,31883.74,Storefront
SI-0006959,S-003461,7228,541612,31626.84,Storefront
SI-0006960,S-003461,9082,561720,65358.09,Warehouse
SI-0006961,S-003462,3632,541612,32011.67,Office
SI-0006962,S-003463,5403,561720,32255.58,Equipment
SI-0006963,S-003463,9082,541612,41877.1,Warehouse
SI-0006964,S-003463,5403,238320,24681.37,Crew
SI-0006965,S-003464,5403,238320,54409.57,Crew
SI-0006966,S-003464,3632,238220,42894.61,Storefront
SI-0006967,S-003464,8397,722513,87464.68,Equipment
SI-0006968,S-003465,5606,484110,89331.91,Storefront
SI-0006969,S-003465,7228,722513,46902.55,Truck
SI-0006970,S-003465,7228,541612,17788.59,Office
SI-0006971,S-003466,7228,484110,46463.17,Warehouse
SI-0006972,S-003466,5403,236115,52411.87,Warehouse
SI-0006973,S-003466,3724,561720,90707.76,Office
SI-0006974,S-003467,5403,541612,54139.79,Equipment
SI-0006975,S-003467,8397,238220,33209.11,Storefront
SI-0006976,S-003467,5606,484110,18716.45,Equipment
SI-0006977,S-003468,7228,561720,75100.43,Warehouse
SI-0006978,S-003468,5606,541612,11138.64,Crew
SI-0006979,S-003469,9082,238220,87946.77,Office
SI-0006980,S-003469,5403,541511,32115.39,Crew
SI-0006981,S-003469,5606,722513,16173.12,Storefront
SI-0006982,S-003470,8397,541511,19052.69,Crew
SI-0006983,S-003470,3632,541511,77099.12,Office
SI-0006984,S-003471,5403,238220,30807.39,Truck
SI-0006985,S-003472,3724,238320,10834.26,Office
SI-0006986,S-003472,5403,541511,38671.29,Crew
SI-0006987,S-003473,9082,541612,87591.41,Truck
SI-0006988,S-003473,8810,238320,87963.31,Equipment
SI-0006989,S-003473,3632,236115,10651.83,Warehouse
SI-0006990,S-003474,5606,541511,38218.39,Crew
SI-0006991,S-003474,5606,541511,133994.83,Crew
SI-0006992,S-003475,8810,722513,42277.16,Equipment
SI-0006993,S-003475,3632,484110,38583.35,Truck
SI-0006994,S-003476,8397,541612,14467.85,Warehouse
SI-0006995,S-003477,5606,484110,130499.26,Warehouse
SI-0006996,S-003477,7228,541511,40919.77,Storefront
SI-0006997,S-003477,3632,236115,29803.19,Truck
SI-0006998,S-003478,7228,484110,35568.23,Warehouse
SI-0006999,S-003478,5606,722513,54239.76,Storefront
SI-0007000,S-003478,8397,238220,26718.48,Warehouse
SI-0007001,S-003479,5403,238220,49099.63,Storefront
SI-0007002,S-003479,5606,541511,59796.67,Warehouse
SI-0007003,S-003479,9082,484110,65115.05,Equipment
SI-0007004,S-003480,8397,238320,48007.7,Equipment
SI-0007005,S-003481,3632,561720,10242.42,Warehouse
SI-0007006,S-003482,8397,541511,22715.18,Storefront
SI-0007007,S-003482,8397,484110,25838.86,Equipment
SI-0007008,S-003483,3632,236115,19288.69,Truck
SI-0007009,S-003483,5606,722513,24918.74,Truck
SI-0007010,S-003484,3632,238320,16802.87,Equipment
SI-0007011,S-003484,3632,722513,138071.69,Storefront
SI-0007012,S-003485,7228,541511,41610.1,Warehouse
SI-0007013,S-003485,9082,238220,13616.09,Truck
SI-0007014,S-003485,8397,561720,43472.42,Office
SI-0007015,S-003486,3632,236115,111949.21,Truck
SI-0007016,S-003487,3632,722513,144485.97,Crew
SI-0007017,S-003487,8810,561720,25016.03,Equipment
SI-0007018,S-003488,3632,541511,137624.18,Warehouse
SI-0007019,S-003488,8810,541511,6971.85,Office
SI-0007020,S-003488,5606,236115,63713.02,Crew
SI-0007021,S-003489,8397,722513,29968.22,Crew
SI-0007022,S-003490,3724,561720,19114.07,Storefront
SI-0007023,S-003490,5606,238320,46094.44,Office
SI-0007024,S-003490,7228,484110,10566.6,Equipment
SI-0007025,S-003491,3632,541511,43904.64,Equipment
SI-0007026,S-003491,8397,541612,80198.7,Storefront
SI-0007027,S-003491,9082,722513,28799.9,Storefront
SI-0007028,S-003492,3632,722513,17484.41,Office
SI-0007029,S-003492,7228,236115,18922.08,Storefront
SI-0007030,S-003492,7228,238320,26447.57,Office
SI-0007031,S-003493,3632,541612,21563.53,Crew
SI-0007032,S-003493,9082,236115,34196.55,Truck
SI-0007033,S-003494,7228,722513,27326.21,Storefront
SI-0007034,S-003494,8397,541511,69557.16,Storefront
SI-0007035,S-003494,7228,238220,14482.63,Storefront
SI-0007036,S-003495,8397,238220,32027.44,Office
SI-0007037,S-003496,3632,541612,23360.82,Equipment
SI-0007038,S-003497,3724,541612,24044.64,Warehouse
SI-0007039,S-003497,5606,238320,38106.58,Truck
SI-0007040,S-003497,8810,561720,25234.55,Office
SI-0007041,S-003498,3632,541511,110303.28,Equipment
SI-0007042,S-003498,5606,541612,48145.92,Equipment
SI-0007043,S-003498,3724,236115,88407.15,Warehouse
SI-0007044,S-003499,8810,238220,27890.46,Warehouse
SI-0007045,S-003500,9082,238220,21578.4,Equipment
SI-0007046,S-003500,3724,238320,48155.46,Storefront
SI-0007047,S-003500,3632,561720,31343.24,Equipment
SI-0007048,S-003501,8810,561720,70856.69,Warehouse
SI-0007049,S-003502,3632,541511,18853.5,Equipment
SI-0007050,S-003503,5606,722513,35200.93,Warehouse
SI-0007051,S-003504,3724,238320,29092.54,Equipment
SI-0007052,S-003505,3632,238220,29031.74,Storefront
SI-0007053,S-003505,8397,541511,64461.37,Office
SI-0007054,S-003506,3632,541612,45573.58,Storefront
SI-0007055,S-003507,3724,238320,30155.4,Truck
SI-0007056,S-003507,7228,236115,65412.5,Truck
SI-0007057,S-003507,5403,561720,29842.73,Office
SI-0007058,S-003508,8810,238320,33482.35,Truck
SI-0007059,S-003508,5403,541511,9189.12,Storefront
SI-0007060,S-003508,7228,238320,34319.05,Storefront
SI-0007061,S-003509,3724,722513,27516.37,Storefront
SI-0007062,S-003509,3632,238220,75414.37,Office
SI-0007063,S-003509,3632,722513,14681.18,Office
SI-0007064,S-003510,3724,236115,58406.34,Office
SI-0007065,S-003510,9082,484110,66224.01,Equipment
SI-0007066,S-003510,8397,541511,23553.41,Office
SI-0007067,S-003511,8810,238220,8976.72,Warehouse
SI-0007068,S-003512,8397,238220,33694.41,Storefront
SI-0007069,S-003512,3632,238320,14002.96,Storefront
SI-0007070,S-003512,3724,238220,26563.56,Crew
SI-0007071,S-003513,5403,722513,17837.92,Storefront
SI-0007072,S-003513,3632,722513,59300.52,Office
SI-0007073,S-003514,8397,484110,51877.41,Truck
SI-0007074,S-003514,3724,238320,37193.32,Storefront
SI-0007075,S-003514,7228,541612,35803.34,Warehouse
SI-0007076,S-003515,3724,541511,65667.28,Truck
SI-0007077,S-003515,8397,561720,31457.88,Truck
SI-0007078,S-003515,5606,484110,42354.56,Warehouse
SI-0007079,S-003516,8810,561720,66359.76,Equipment
SI-0007080,S-003516,7228,236115,29066.72,Truck
SI-0007081,S-003517,8810,541612,27550.27,Storefront
SI-0007082,S-003517,8397,238220,46999.85,Storefront
SI-0007083,S-003517,7228,484110,39353.44,Office
SI-0007084,S-003518,3632,541511,88230.74,Truck
SI-0007085,S-003518,5606,236115,42130.03,Storefront
SI-0007086,S-003519,7228,541612,53721.22,Crew
SI-0007087,S-003519,8810,236115,46411.59,Storefront
SI-0007088,S-003520,5606,541511,15238.47,Crew
SI-0007089,S-003520,9082,236115,16557.62,Office
SI-0007090,S-003520,8397,541511,124999.58,Storefront
SI-0007091,S-003521,8397,561720,18709.48,Warehouse
SI-0007092,S-003522,5403,236115,428583.31,Equipment
SI-0007093,S-003522,3632,541511,36587.94,Equipment
SI-0007094,S-003523,5403,722513,27323.34,Truck
SI-0007095,S-003524,9082,238220,20617.56,Equipment
SI-0007096,S-003524,5403,561720,41820.45,Equipment
SI-0007097,S-003524,3724,561720,27411.04,Office
SI-0007098,S-003525,8397,238220,43184.42,Office
SI-0007099,S-003525,8397,238220,32011.06,Crew
SI-0007100,S-003525,3632,238320,25820.95,Office
SI-0007101,S-003526,8810,541612,29587.36,Equipment
SI-0007102,S-003527,3724,541612,13272.55,Warehouse
SI-0007103,S-003527,7228,238320,105721.95,Office
SI-0007104,S-003528,9082,238320,50157.4,Equipment
SI-0007105,S-003528,7228,722513,73049.28,Storefront
SI-0007106,S-003529,3632,722513,32914.54,Equipment
SI-0007107,S-003529,3724,238320,20663.65,Office
SI-0007108,S-003529,9082,236115,103030.53,Office
SI-0007109,S-003530,5606,236115,14519.46,Warehouse
SI-0007110,S-003530,3724,561720,57149.28,Truck
SI-0007111,S-003530,8810,561720,16925.97,Office
SI-0007112,S-003531,9082,236115,56259.79,Office
SI-0007113,S-003531,7228,541511,28648.26,Truck
SI-0007114,S-003532,3724,561720,54412.21,Office
SI-0007115,S-003532,5606,722513,14760.64,Equipment
SI-0007116,S-003533,5606,541511,25518.84,Warehouse
SI-0007117,S-003533,8397,541612,33717.9,Office
SI-0007118,S-003534,3632,541612,23308.81,Crew
SI-0007119,S-003534,5403,541511,20420.02,Truck
SI-0007120,S-003534,3724,484110,40963.34,Storefront
SI-0007121,S-003535,7228,561720,40418.48,Storefront
SI-0007122,S-003536,3632,236115,40029.64,Equipment
SI-0007123,S-003536,8810,541612,23835.65,Warehouse
SI-0007124,S-003537,3632,541612,52133.23,Office
SI-0007125,S-003537,8810,236115,128654.64,Crew
SI-0007126,S-003537,7228,484110,33749.48,Warehouse
SI-0007127,S-003538,3632,541511,18965.35,Office
SI-0007128,S-003539,3632,722513,19556.2,Office
SI-0007129,S-003539,9082,561720,61630.37,Storefront
SI-0007130,S-003540,5606,238220,70394.51,Truck
SI-0007131,S-003541,3724,541511,22806.14,Office
SI-0007132,S-003541,8397,541511,53343.65,Crew
SI-0007133,S-003542,5606,238220,28786.89,Storefront
SI-0007134,S-003543,3724,236115,41120.51,Warehouse
SI-0007135,S-003544,5403,238220,50170.6,Truck
SI-0007136,S-003544,5403,238220,22941.36,Equipment
SI-0007137,S-003545,3632,722513,55199.85,Storefront
SI-0007138,S-003545,7228,722513,106637.67,Crew
SI-0007139,S-003545,3632,238320,102625.1,Equipment
SI-0007140,S-003546,9082,541612,34988.77,Warehouse
SI-0007141,S-003547,3632,541612,19251.16,Crew
SI-0007142,S-003547,3724,722513,35820.5,Storefront
SI-0007143,S-003547,3724,238320,21007.12,Storefront
SI-0007144,S-003548,5403,561720,18339.92,Equipment
SI-0007145,S-003548,5606,238320,13789.54,Warehouse
SI-0007146,S-003549,9082,484110,64589.71,Truck
SI-0007147,S-003549,3724,484110,21448.02,Crew
SI-0007148,S-003549,8810,541612,35250.26,Truck
SI-0007149,S-003550,7228,236115,37000.38,Office
SI-0007150,S-003550,8810,541511,27003.02,Storefront
SI-0007151,S-003551,8397,236115,55481.56,Equipment
SI-0007152,S-003552,5403,561720,80888.17,Warehouse
SI-0007153,S-003553,3724,484110,21585.37,Warehouse
SI-0007154,S-003553,3724,541612,14910.78,Equipment
SI-0007155,S-003554,3632,541511,52412.3,Equipment
SI-0007156,S-003554,8397,484110,40483.71,Truck
SI-0007157,S-003555,9082,541511,25320.39,Warehouse
SI-0007158,S-003555,5606,238320,21164.32,Equipment
SI-0007159,S-003555,8810,238320,35198.4,Truck
SI-0007160,S-003556,3724,561720,37382.48,Office
SI-0007161,S-003557,5403,236115,13468.68,Storefront
SI-0007162,S-003558,8810,561720,83472.62,Truck
SI-0007163,S-003558,5606,236115,23981.96,Office
SI-0007164,S-003559,7228,238220,29940.01,Storefront
SI-0007165,S-003559,5403,238320,59077.26,Office
SI-0007166,S-003559,5606,236115,91490.96,Warehouse
SI-0007167,S-003560,7228,484110,77555.28,Storefront
SI-0007168,S-003560,5403,238220,170715.68,Crew
SI-0007169,S-003561,8810,238320,28085.94,Warehouse
SI-0007170,S-003561,5606,238220,23181.52,Truck
SI-0007171,S-003561,8810,541612,13689.37,Equipment
SI-0007172,S-003562,9082,238220,16225.68,Truck
SI-0007173,S-003563,3632,561720,12839.19,Storefront
SI-0007174,S-003563,8397,541612,20089.55,Storefront
SI-0007175,S-003564,8810,541511,18855.22,Storefront
SI-0007176,S-003564,5403,561720,53753.61,Crew
SI-0007177,S-003565,8810,561720,41278.06,Storefront
SI-0007178,S-003566,5606,561720,57213.39,Equipment
SI-0007179,S-003566,7228,722513,102106.93,Crew
SI-0007180,S-003567,5403,541511,23728.26,Equipment
SI-0007181,S-003567,3632,541511,36440.43,Office
SI-0007182,S-003567,3724,236115,99673.42,Storefront
SI-0007183,S-003568,8810,236115,56981.01,Truck
SI-0007184,S-003568,3724,238320,13724.31,Equipment
SI-0007185,S-003568,8397,561720,15512.23,Truck
SI-0007186,S-003569,3632,541612,286533.64,Equipment
SI-0007187,S-003569,7228,541511,14572.72,Storefront
SI-0007188,S-003570,3632,238320,55657.5,Truck
SI-0007189,S-003570,3724,236115,102748.62,Equipment
SI-0007190,S-003570,9082,484110,229900.47,Equipment
SI-0007191,S-003571,8397,238220,49399.63,Storefront
SI-0007192,S-003571,3724,541612,66808.3,Crew
SI-0007193,S-003571,8397,722513,9198.88,Warehouse
SI-0007194,S-003572,7228,541612,18325.9,Storefront
SI-0007195,S-003572,7228,236115,164496.59,Warehouse
SI-0007196,S-003573,8397,236115,24826.93,Warehouse
SI-0007197,S-003573,3724,238320,18672.56,Truck
SI-0007198,S-003573,8397,238220,118031.63,Equipment
SI-0007199,S-003574,5606,238220,5534.92,Equipment
SI-0007200,S-003574,3632,561720,38112.43,Storefront
SI-0007201,S-003574,5606,561720,33924.17,Crew
SI-0007202,S-003575,8810,238220,48686.09,Warehouse
SI-0007203,S-003575,5606,236115,22505.57,Truck
SI-0007204,S-003576,7228,561720,74252.65,Storefront
SI-0007205,S-003576,3632,484110,36924.78,Crew
SI-0007206,S-003577,8397,484110,28726.79,Crew
SI-0007207,S-003577,8397,238220,43117.52,Equipment
SI-0007208,S-003577,7228,541511,20251.6,Crew
SI-0007209,S-003578,5403,484110,43179.57,Equipment
SI-0007210,S-003578,8810,541511,115160.65,Office
SI-0007211,S-003579,3632,236115,33560.51,Office
SI-0007212,S-003580,5403,484110,70709.58,Office
SI-0007213,S-003580,9082,484110,57194.35,Warehouse
SI-0007214,S-003580,9082,561720,34259.63,Office
SI-0007215,S-003581,7228,236115,34825.88,Truck
SI-0007216,S-003582,3724,484110,10832.99,Storefront
SI-0007217,S-003582,5403,541511,39273.98,Office
SI-0007218,S-003582,8810,722513,21308.72,Crew
SI-0007219,S-003583,9082,236115,105603.82,Crew
SI-0007220,S-003583,7228,238220,39953.81,Truck
SI-0007221,S-003584,3724,484110,11367.48,Truck
SI-0007222,S-003585,3724,541511,60764.11,Office
SI-0007223,S-003585,8810,541612,42267.63,Crew
SI-0007224,S-003585,9082,238320,33388.89,Crew
SI-0007225,S-003586,5606,238320,25033.54,Warehouse
SI-0007226,S-003586,5606,722513,55790.13,Office
SI-0007227,S-003586,9082,238320,56485.2,Truck
SI-0007228,S-003587,7228,541612,11958.29,Truck
SI-0007229,S-003587,5403,541612,21037.59,Truck
SI-0007230,S-003588,7228,541511,40879.83,Truck
SI-0007231,S-003588,3632,561720,53060.47,Crew
SI-0007232,S-003588,5403,238320,33879.21,Office
SI-0007233,S-003589,3632,722513,276590.07,Office
SI-0007234,S-003590,5403,238320,29302.62,Truck
SI-0007235,S-003590,3632,236115,14147.2,Truck
SI-0007236,S-003591,5606,541511,134426.88,Storefront
SI-0007237,S-003592,3724,541612,6050.75,Warehouse
SI-0007238,S-003593,8397,722513,52771.42,Storefront
SI-0007239,S-003593,9082,561720,15631.64,Crew
SI-0007240,S-003593,8810,541511,23604.66,Equipment
SI-0007241,S-003594,5606,722513,25363.76,Crew
SI-0007242,S-003594,7228,722513,52044.27,Storefront
SI-0007243,S-003595,7228,236115,28738.72,Equipment
SI-0007244,S-003595,9082,541612,22995.31,Warehouse
SI-0007245,S-003596,3632,236115,14620.05,Storefront
SI-0007246,S-003597,8397,484110,25612.96,Crew
SI-0007247,S-003597,5403,484110,195952.04,Storefront
SI-0007248,S-003597,5403,238320,35811.01,Crew
SI-0007249,S-003598,3724,484110,31757.81,Storefront
SI-0007250,S-003599,5606,541612,69563.97,Warehouse
SI-0007251,S-003600,5403,238220,9592.2,Warehouse
SI-0007252,S-003600,8397,722513,31079.09,Warehouse
SI-0007253,S-003600,9082,561720,34258.27,Crew
SI-0007254,S-003601,8397,238220,30757.07,Warehouse
SI-0007255,S-003601,3632,541612,12593.79,Office
SI-0007256,S-003602,5403,236115,15323.1,Office
SI-0007257,S-003602,5606,722513,15510.82,Truck
SI-0007258,S-003602,5606,541511,20560.92,Office
SI-0007259,S-003603,8810,541612,17908.27,Storefront
SI-0007260,S-003603,5403,238320,65496.93,Warehouse
SI-0007261,S-003603,5606,484110,13217.02,Storefront
SI-0007262,S-003604,8397,238220,32667.42,Office
SI-0007263,S-003604,3724,722513,18052.27,Warehouse
SI-0007264,S-003605,5606,238220,50670.61,Truck
SI-0007265,S-003605,8810,484110,21438.23,Crew
SI-0007266,S-003605,3724,484110,106169.42,Equipment
SI-0007267,S-003606,8397,541511,14916.68,Office
SI-0007268,S-003606,3632,236115,12745.57,Office
SI-0007269,S-003606,5606,561720,37161.51,Equipment
SI-0007270,S-003607,7228,484110,26974.87,Crew
SI-0007271,S-003607,8810,484110,134646.94,Warehouse
SI-0007272,S-003607,3724,561720,37965.7,Warehouse
SI-0007273,S-003608,3724,238320,31991.91,Crew
SI-0007274,S-003608,7228,722513,70083.42,Storefront
SI-0007275,S-003608,5606,484110,60873.23,Storefront
SI-0007276,S-003609,3724,541511,13903.06,Office
SI-0007277,S-003609,3632,236115,18172.19,Equipment
SI-0007278,S-003609,5606,561720,60376.19,Warehouse
SI-0007279,S-003610,5606,238320,73189.85,Truck
SI-0007280,S-003610,5403,722513,43148.46,Equipment
SI-0007281,S-003610,5403,236115,83220.91,Truck
SI-0007282,S-003611,5403,238220,10438.2,Storefront
SI-0007283,S-003612,9082,238320,75152.76,Equipment
SI-0007284,S-003613,5606,238320,12860.31,Truck
SI-0007285,S-003613,7228,541612,7616.72,Truck
SI-0007286,S-003614,5606,722513,34115.87,Crew
SI-0007287,S-003614,3724,541511,17891.89,Equipment
SI-0007288,S-003615,8397,561720,52889.11,Storefront
SI-0007289,S-003615,3724,722513,12686.29,Equipment
SI-0007290,S-003616,7228,561720,12032.21,Warehouse
SI-0007291,S-003617,5403,238220,23185.24,Crew
SI-0007292,S-003617,8397,722513,38291.12,Warehouse
SI-0007293,S-003617,7228,484110,47411.05,Office
SI-0007294,S-003618,3724,484110,68424.79,Storefront
SI-0007295,S-003618,3724,238320,60757.35,Truck
SI-0007296,S-003619,9082,236115,21546.0,Equipment
SI-0007297,S-003619,5606,236115,47615.08,Office
SI-0007298,S-003619,8397,484110,29173.88,Crew
SI-0007299,S-003620,3632,236115,18030.5,Warehouse
SI-0007300,S-003621,5606,541511,59304.18,Equipment
SI-0007301,S-003621,7228,484110,49010.63,Crew
SI-0007302,S-003621,8397,561720,50425.78,Equipment
SI-0007303,S-003622,9082,236115,95413.01,Truck
SI-0007304,S-003623,5606,541612,94577.76,Office
SI-0007305,S-003623,3724,722513,22574.2,Office
SI-0007306,S-003623,7228,541612,20996.66,Warehouse
SI-0007307,S-003624,5606,722513,76581.81,Equipment
SI-0007308,S-003624,8397,484110,21142.67,Warehouse
SI-0007309,S-003624,3632,722513,13065.37,Truck
SI-0007310,S-003625,8810,484110,63969.54,Crew
SI-0007311,S-003626,3724,484110,28675.15,Office
SI-0007312,S-003626,8397,236115,78745.51,Warehouse
SI-0007313,S-003627,8810,484110,13234.95,Warehouse
SI-0007314,S-003627,3724,236115,125328.44,Crew
SI-0007315,S-003627,8397,238220,9626.38,Storefront
SI-0007316,S-003628,3632,238320,17787.72,Storefront
SI-0007317,S-003628,5606,238220,37393.9,Truck
SI-0007318,S-003628,3724,541612,50551.6,Truck
SI-0007319,S-003629,3632,238320,59902.46,Warehouse
SI-0007320,S-003629,9082,236115,60515.47,Office
SI-0007321,S-003629,3724,238220,17842.25,Equipment
SI-0007322,S-003630,3632,236115,46545.03,Warehouse
SI-0007323,S-003631,3724,236115,57714.8,Truck
SI-0007324,S-003632,8397,236115,49756.84,Crew
SI-0007325,S-003632,3724,722513,27925.37,Truck
SI-0007326,S-003632,8397,484110,22603.59,Storefront
SI-0007327,S-003633,9082,236115,40064.57,Storefront
SI-0007328,S-003633,7228,541511,27075.25,Warehouse
SI-0007329,S-003634,7228,541612,214900.81,Truck
SI-0007330,S-003634,3724,541612,52151.49,Crew
SI-0007331,S-003635,7228,541511,4868.34,Warehouse
SI-0007332,S-003635,5606,541511,81533.0,Truck
SI-0007333,S-003635,5403,722513,78995.15,Warehouse
SI-0007334,S-003636,8810,238220,9132.96,Storefront
SI-0007335,S-003637,9082,484110,40526.4,Office
SI-0007336,S-003638,5606,238220,23848.28,Office
SI-0007337,S-003639,8397,238220,59065.82,Warehouse
SI-0007338,S-003640,9082,561720,49847.35,Crew
SI-0007339,S-003640,3724,236115,12814.57,Warehouse
SI-0007340,S-003641,3632,236115,162181.37,Office
SI-0007341,S-003642,5403,561720,26711.47,Truck
SI-0007342,S-003643,5606,541612,66301.72,Storefront
SI-0007343,S-003644,5403,541511,38034.38,Equipment
SI-0007344,S-003645,5606,561720,37275.82,Storefront
SI-0007345,S-003646,8810,541612,26559.43,Storefront
SI-0007346,S-003646,5403,484110,22894.5,Storefront
SI-0007347,S-003647,3724,561720,27817.16,Equipment
SI-0007348,S-003648,5403,236115,12191.76,Office
SI-0007349,S-003649,9082,236115,46517.57,Warehouse
SI-0007350,S-003649,9082,722513,38638.63,Equipment
SI-0007351,S-003649,9082,236115,9832.79,Storefront
SI-0007352,S-003650,8397,541612,58691.99,Equipment
SI-0007353,S-003651,3632,238220,52711.43,Truck
SI-0007354,S-003651,9082,238220,15974.04,Crew
SI-0007355,S-003651,3632,236115,37717.72,Warehouse
SI-0007356,S-003652,5403,238220,39986.93,Office
SI-0007357,S-003653,8397,238220,28321.9,Warehouse
SI-0007358,S-003653,5606,722513,39088.82,Equipment
SI-0007359,S-003654,8397,484110,11424.87,Truck
SI-0007360,S-003655,3632,238220,35065.88,Crew
SI-0007361,S-003655,3724,541612,32407.88,Warehouse
SI-0007362,S-003656,7228,541612,76186.19,Equipment
SI-0007363,S-003656,5403,238320,16613.75,Equipment
SI-0007364,S-003656,8810,561720,108941.54,Truck
SI-0007365,S-003657,5606,238220,40558.81,Storefront
SI-0007366,S-003658,3632,236115,31253.28,Truck
SI-0007367,S-003658,3632,541511,26649.84,Storefront
SI-0007368,S-003659,5403,238220,47926.03,Equipment
SI-0007369,S-003659,5403,484110,87899.13,Office
SI-0007370,S-003659,8397,238220,53513.38,Warehouse
SI-0007371,S-003660,8397,238320,56800.9,Warehouse
SI-0007372,S-003660,8810,484110,8744.88,Truck
SI-0007373,S-003660,5606,722513,21402.48,Storefront
SI-0007374,S-003661,7228,541511,11799.66,Office
SI-0007375,S-003661,5403,561720,85084.93,Equipment
SI-0007376,S-003662,7228,238220,13449.54,Warehouse
SI-0007377,S-003663,9082,541612,14012.45,Storefront
SI-0007378,S-003664,8810,238220,34707.37,Office
SI-0007379,S-003664,7228,722513,47490.48,Equipment
SI-0007380,S-003665,9082,541612,24354.81,Storefront
SI-0007381,S-003666,8397,541612,34238.37,Storefront
SI-0007382,S-003666,5403,238320,19707.74,Warehouse
SI-0007383,S-003666,5403,561720,78616.82,Truck
SI-0007384,S-003667,5403,541511,30698.7,Equipment
SI-0007385,S-003667,3724,238320,39204.16,Warehouse
SI-0007386,S-003668,9082,722513,150835.63,Equipment
SI-0007387,S-003669,8397,541612,37486.61,Warehouse
SI-0007388,S-003669,5403,238320,33132.0,Warehouse
SI-0007389,S-003670,5403,541612,75916.53,Warehouse
SI-0007390,S-003671,3632,541511,21075.21,Office
SI-0007391,S-003672,7228,236115,17254.36,Equipment
SI-0007392,S-003673,8397,541612,8093.22,Equipment
SI-0007393,S-003674,5606,238220,27018.52,Equipment
SI-0007394,S-003675,3632,541511,61120.17,Truck
SI-0007395,S-003675,5606,561720,31133.95,Storefront
SI-0007396,S-003676,5606,541511,153779.06,Equipment
SI-0007397,S-003676,8397,541612,54585.32,Equipment
SI-0007398,S-003677,8397,238220,27675.43,Truck
SI-0007399,S-003678,5606,561720,103829.84,Warehouse
SI-0007400,S-003678,8397,238220,38895.71,Equipment
SI-0007401,S-003678,3632,238220,21696.96,Storefront
SI-0007402,S-003679,5606,561720,41377.05,Truck
SI-0007403,S-003679,5403,541612,17438.12,Office
SI-0007404,S-003679,8397,541511,165115.07,Office
SI-0007405,S-003680,8397,238220,19827.72,Warehouse
SI-0007406,S-003680,8810,541612,7120.7,Equipment
SI-0007407,S-003680,8397,484110,63380.89,Office
SI-0007408,S-003681,9082,236115,41852.1,Equipment
SI-0007409,S-003682,3632,236115,26578.36,Crew
SI-0007410,S-003682,3724,561720,61554.9,Crew
SI-0007411,S-003683,3632,541511,10632.25,Truck
SI-0007412,S-003684,7228,484110,23410.14,Equipment
SI-0007413,S-003684,8397,236115,32228.73,Warehouse
SI-0007414,S-003685,3724,484110,18859.89,Office
SI-0007415,S-003685,8810,238320,20595.52,Office
SI-0007416,S-003685,8810,561720,17455.5,Truck
SI-0007417,S-003686,3724,236115,24364.93,Warehouse
SI-0007418,S-003687,8397,722513,65761.9,Crew
SI-0007419,S-003687,7228,484110,39278.93,Warehouse
SI-0007420,S-003688,8397,236115,23628.54,Equipment
SI-0007421,S-003689,8397,561720,25381.06,Warehouse
SI-0007422,S-003689,9082,561720,80315.48,Warehouse
SI-0007423,S-003689,3632,238320,18718.14,Equipment
SI-0007424,S-003690,8810,236115,83738.46,Equipment
SI-0007425,S-003690,7228,238220,47984.73,Equipment
SI-0007426,S-003690,9082,561720,33064.2,Office
SI-0007427,S-003691,7228,236115,41747.54,Storefront
SI-0007428,S-003692,5606,484110,14743.26,Crew
SI-0007429,S-003692,9082,722513,24325.32,Equipment
SI-0007430,S-003693,5403,484110,13845.2,Equipment
SI-0007431,S-003693,3724,238320,15030.18,Office
SI-0007432,S-003694,7228,236115,16594.94,Truck
SI-0007433,S-003694,5606,722513,60690.19,Truck
SI-0007434,S-003695,7228,561720,30757.0,Equipment
SI-0007435,S-003695,8397,238220,21549.0,Storefront
SI-0007436,S-003696,8810,541612,44069.79,Storefront
SI-0007437,S-003697,5606,561720,57594.6,Crew
SI-0007438,S-003697,3632,561720,22723.25,Office
SI-0007439,S-003698,5403,238220,58780.6,Storefront
SI-0007440,S-003699,3724,238320,9262.3,Crew
SI-0007441,S-003700,8397,541511,22145.27,Truck
SI-0007442,S-003700,3632,238320,59702.28,Storefront
SI-0007443,S-003701,5606,541612,18165.52,Warehouse
SI-0007444,S-003701,5403,541511,116994.55,Truck
SI-0007445,S-003702,7228,561720,16108.37,Crew
SI-0007446,S-003702,8810,484110,20463.89,Truck
SI-0007447,S-003702,8397,561720,20412.61,Crew
SI-0007448,S-003703,5606,722513,19785.25,Crew
SI-0007449,S-003703,3724,238320,26768.39,Office
SI-0007450,S-003703,3632,236115,75016.03,Storefront
SI-0007451,S-003704,5606,238220,78810.98,Equipment
SI-0007452,S-003705,3724,541511,15678.62,Storefront
SI-0007453,S-003705,8397,484110,12611.76,Storefront
SI-0007454,S-003705,8397,561720,33303.3,Truck
SI-0007455,S-003706,5606,561720,20365.39,Storefront
SI-0007456,S-003706,3632,541511,41168.74,Equipment
SI-0007457,S-003706,7228,541511,8130.9,Warehouse
SI-0007458,S-003707,5403,238320,27278.68,Warehouse
SI-0007459,S-003707,9082,541511,64320.28,Storefront
SI-0007460,S-003707,5403,484110,26518.93,Equipment
SI-0007461,S-003708,5403,722513,16093.49,Truck
SI-0007462,S-003709,9082,541612,43685.39,Storefront
SI-0007463,S-003710,5606,541511,22684.34,Office
SI-0007464,S-003710,5403,238220,32635.72,Truck
SI-0007465,S-003711,8810,541511,59514.67,Office
SI-0007466,S-003711,7228,722513,47771.77,Warehouse
SI-0007467,S-003711,3724,238220,10283.59,Equipment
SI-0007468,S-003712,7228,722513,18859.14,Storefront
SI-0007469,S-003712,3724,541612,32485.55,Equipment
SI-0007470,S-003713,9082,484110,62348.52,Warehouse
SI-0007471,S-003714,3632,561720,83389.55,Office
SI-0007472,S-003715,8810,238220,41565.41,Equipment
SI-0007473,S-003716,5606,541511,84548.68,Equipment
SI-0007474,S-003716,7228,238320,27848.37,Crew
SI-0007475,S-003716,9082,541511,31064.29,Office
SI-0007476,S-003717,3632,238220,55521.61,Crew
SI-0007477,S-003717,3724,541511,39063.17,Truck
SI-0007478,S-003718,8810,238220,10146.68,Warehouse
SI-0007479,S-003719,3632,561720,103658.31,Truck
SI-0007480,S-003719,8810,541511,43544.47,Storefront
SI-0007481,S-003720,7228,238220,22759.4,Crew
SI-0007482,S-003720,3632,238320,32769.73,Storefront
SI-0007483,S-003720,8810,238320,62199.99,Warehouse
SI-0007484,S-003721,8810,238320,55388.35,Office
SI-0007485,S-003721,9082,238220,56657.39,Storefront
SI-0007486,S-003722,7228,541612,19724.58,Crew
SI-0007487,S-003722,5403,561720,31158.64,Crew
SI-0007488,S-003723,3724,236115,25192.45,Truck
SI-0007489,S-003724,5403,238320,15443.66,Storefront
SI-0007490,S-003725,8810,541612,59708.78,Truck
SI-0007491,S-003726,8397,541511,69021.49,Truck
SI-0007492,S-003727,8810,484110,11452.19,Truck
SI-0007493,S-003728,5403,238320,26531.62,Storefront
SI-0007494,S-003728,3632,561720,24073.97,Warehouse
SI-0007495,S-003729,8810,238220,18700.17,Warehouse
SI-0007496,S-003729,8810,541511,13898.0,Crew
SI-0007497,S-003730,5606,238220,24046.86,Crew
SI-0007498,S-003730,9082,541612,34073.21,Warehouse
SI-0007499,S-003730,3724,541511,26791.71,Office
SI-0007500,S-003731,8810,238320,33585.18,Office
SI-0007501,S-003732,9082,722513,26856.41,Storefront
SI-0007502,S-003732,9082,236115,37297.94,Truck
SI-0007503,S-003733,3724,561720,42029.34,Equipment
SI-0007504,S-003734,9082,722513,34566.02,Office
SI-0007505,S-003734,3632,541511,17026.74,Truck
SI-0007506,S-003734,3724,236115,12649.26,Storefront
SI-0007507,S-003735,3632,722513,44793.74,Warehouse
SI-0007508,S-003735,8810,722513,22662.04,Warehouse
SI-0007509,S-003735,5606,238320,22524.01,Office
SI-0007510,S-003736,8397,236115,21059.02,Crew
SI-0007511,S-003736,7228,722513,23283.74,Office
SI-0007512,S-003736,8397,722513,102850.96,Equipment
SI-0007513,S-003737,5403,238320,22867.18,Storefront
SI-0007514,S-003737,5606,561720,21269.75,Truck
SI-0007515,S-003738,5606,484110,123533.19,Equipment
SI-0007516,S-003738,7228,484110,59412.51,Equipment
SI-0007517,S-003738,7228,561720,72099.69,Warehouse
SI-0007518,S-003739,7228,484110,55363.73,Truck
SI-0007519,S-003739,9082,722513,31855.43,Equipment
SI-0007520,S-003739,3632,561720,16411.85,Truck
SI-0007521,S-003740,5606,238320,38140.66,Equipment
SI-0007522,S-003740,5403,236115,9661.61,Storefront
SI-0007523,S-003740,8397,541612,13665.0,Truck
SI-0007524,S-003741,5403,541612,69320.16,Crew
SI-0007525,S-003742,5606,236115,36625.28,Storefront
SI-0007526,S-003742,3724,238220,36784.85,Storefront
SI-0007527,S-003742,5606,541612,21364.51,Office
SI-0007528,S-003743,8810,238320,16195.47,Crew
SI-0007529,S-003743,7228,236115,11879.1,Storefront
SI-0007530,S-003743,9082,541612,6884.3,Truck
SI-0007531,S-003744,3724,236115,56361.46,Warehouse
SI-0007532,S-003744,3632,484110,55424.92,Crew
SI-0007533,S-003744,5606,561720,43981.32,Truck
SI-0007534,S-003745,8397,541511,61135.39,Warehouse
SI-0007535,S-003745,3724,236115,44395.8,Office
SI-0007536,S-003746,3632,561720,22701.94,Warehouse
SI-0007537,S-003747,9082,561720,48364.66,Crew
SI-0007538,S-003748,3724,541612,19590.94,Truck
SI-0007539,S-003748,3724,236115,34238.22,Storefront
SI-0007540,S-003748,8397,561720,49777.09,Equipment
SI-0007541,S-003749,3724,238320,19360.71,Truck
SI-0007542,S-003749,9082,238320,139384.08,Equipment
SI-0007543,S-003750,9082,238220,11734.59,Storefront
SI-0007544,S-003751,5403,238320,67822.47,Office
SI-0007545,S-003751,9082,238320,24891.59,Equipment
SI-0007546,S-003752,5606,722513,45210.68,Equipment
SI-0007547,S-003753,3724,484110,16208.78,Equipment
SI-0007548,S-003753,3724,238320,39423.4,Warehouse
SI-0007549,S-003753,3724,541612,4157.88,Office
SI-0007550,S-003754,5606,541511,187581.61,Storefront
SI-0007551,S-003754,5606,541511,16201.1,Office
SI-0007552,S-003754,8810,238220,41243.9,Storefront
SI-0007553,S-003755,3632,561720,7827.52,Crew
SI-0007554,S-003755,5606,238220,39111.74,Storefront
SI-0007555,S-003756,5606,236115,12252.04,Storefront
SI-0007556,S-003756,3724,541612,38984.99,Storefront
SI-0007557,S-003756,7228,236115,35054.35,Truck
SI-0007558,S-003757,5606,541511,21740.77,Equipment
SI-0007559,S-003757,7228,722513,72064.68,Storefront
SI-0007560,S-003758,3724,236115,52962.44,Equipment
SI-0007561,S-003758,7228,236115,18433.76,Crew
SI-0007562,S-003758,3724,541511,23450.56,Warehouse
SI-0007563,S-003759,5606,541612,80261.69,Equipment
SI-0007564,S-003759,8397,238320,15433.06,Equipment
SI-0007565,S-003759,3632,561720,18522.74,Truck
SI-0007566,S-003760,5403,561720,13500.17,Truck
SI-0007567,S-003760,7228,238320,10364.81,Storefront
SI-0007568,S-003761,5606,541511,17781.94,Equipment
SI-0007569,S-003762,3724,236115,25416.64,Truck
SI-0007570,S-003762,5403,722513,11299.41,Equipment
SI-0007571,S-003763,3724,484110,27797.78,Office
SI-0007572,S-003763,3724,236115,26704.33,Equipment
SI-0007573,S-003764,5606,561720,26535.33,Crew
SI-0007574,S-003764,9082,238220,55269.44,Office
SI-0007575,S-003765,5606,561720,85933.32,Warehouse
SI-0007576,S-003765,3724,722513,22013.92,Warehouse
SI-0007577,S-003765,8397,541511,14655.35,Storefront
SI-0007578,S-003766,3724,541511,14292.33,Crew
SI-0007579,S-003767,3724,722513,28108.54,Truck
SI-0007580,S-003768,5606,236115,13438.14,Truck
SI-0007581,S-003769,5606,238320,86590.97,Warehouse
SI-0007582,S-003770,3724,238220,19907.26,Warehouse
SI-0007583,S-003770,3632,722513,33784.9,Equipment
SI-0007584,S-003770,8810,236115,58989.14,Warehouse
SI-0007585,S-003771,9082,722513,98628.55,Office
SI-0007586,S-003771,7228,722513,42735.68,Warehouse
SI-0007587,S-003771,3724,484110,16557.07,Equipment
SI-0007588,S-003772,5606,541612,47781.23,Truck
SI-0007589,S-003773,3724,722513,65180.88,Equipment
SI-0007590,S-003773,8397,722513,21981.31,Truck
SI-0007591,S-003773,8397,541511,90869.71,Equipment
SI-0007592,S-003774,7228,238220,35346.72,Truck
SI-0007593,S-003775,8397,236115,29281.75,Truck
SI-0007594,S-003775,3632,722513,23026.47,Warehouse
SI-0007595,S-003775,7228,722513,35021.08,Storefront
SI-0007596,S-003776,9082,238220,123159.47,Truck
SI-0007597,S-003777,8397,236115,34626.99,Office
SI-0007598,S-003777,9082,561720,115675.51,Warehouse
SI-0007599,S-003778,8810,561720,25329.71,Storefront
SI-0007600,S-003779,8397,484110,45954.68,Warehouse
SI-0007601,S-003780,7228,238220,99237.62,Storefront
SI-0007602,S-003781,3632,238320,29773.39,Office
SI-0007603,S-003782,5606,541511,65812.13,Office
SI-0007604,S-003782,3724,541612,30768.64,Truck
SI-0007605,S-003783,5606,541511,47663.68,Truck
SI-0007606,S-003784,8397,484110,8467.41,Office
SI-0007607,S-003784,7228,722513,13225.21,Crew
SI-0007608,S-003785,9082,561720,28065.82,Crew
SI-0007609,S-003785,8810,238220,22091.65,Truck
SI-0007610,S-003785,8810,541511,39169.65,Equipment
SI-0007611,S-003786,5403,484110,45560.85,Truck
SI-0007612,S-003787,3632,541612,32908.84,Storefront
SI-0007613,S-003788,3632,484110,44308.57,Storefront
SI-0007614,S-003788,9082,236115,15997.56,Crew
SI-0007615,S-003788,5606,722513,24202.47,Storefront
SI-0007616,S-003789,5403,541612,15471.63,Office
SI-0007617,S-003789,5403,236115,48327.8,Warehouse
SI-0007618,S-003790,3724,238320,17658.34,Office
SI-0007619,S-003790,3632,238220,24432.64,Truck
SI-0007620,S-003791,5403,238220,41759.14,Truck
SI-0007621,S-003791,8397,238320,83748.52,Crew
SI-0007622,S-003791,3632,236115,19447.65,Storefront
SI-0007623,S-003792,8397,238320,11991.23,Storefront
SI-0007624,S-003793,8810,541612,49293.85,Warehouse
SI-0007625,S-003793,5606,541511,71364.47,Warehouse
SI-0007626,S-003793,8397,561720,37530.27,Crew
SI-0007627,S-003794,8810,541612,47741.29,Equipment
SI-0007628,S-003794,3632,722513,9878.42,Office
SI-0007629,S-003794,9082,541612,88052.51,Warehouse
SI-0007630,S-003795,5606,236115,6967.39,Truck
SI-0007631,S-003796,7228,238320,28183.95,Office
SI-0007632,S-003796,5606,236115,49939.17,Crew
SI-0007633,S-003796,7228,722513,46428.79,Office
SI-0007634,S-003797,3632,722513,17608.18,Office
SI-0007635,S-003797,9082,561720,51509.45,Equipment
SI-0007636,S-003797,9082,541612,19609.52,Warehouse
SI-0007637,S-003798,8810,541612,46401.24,Warehouse
SI-0007638,S-003798,3632,238320,35102.83,Storefront
SI-0007639,S-003798,9082,541612,74269.75,Crew
SI-0007640,S-003799,3724,238220,29896.7,Equipment
SI-0007641,S-003799,8397,722513,42876.39,Storefront
SI-0007642,S-003799,8397,541612,22384.15,Office
SI-0007643,S-003800,3632,561720,16325.66,Warehouse
SI-0007644,S-003800,3632,722513,38175.99,Office
SI-0007645,S-003801,8810,236115,66301.75,Storefront
SI-0007646,S-003801,5606,238220,19171.74,Truck
SI-0007647,S-003801,9082,238320,28296.76,Truck
SI-0007648,S-003802,8397,561720,17619.32,Crew
SI-0007649,S-003802,7228,541612,8493.04,Equipment
SI-0007650,S-003803,3724,238220,23943.53,Truck
SI-0007651,S-003804,3632,541511,25186.43,Truck
SI-0007652,S-003804,7228,722513,23328.8,Storefront
SI-0007653,S-003805,8810,541612,19405.49,Equipment
SI-0007654,S-003806,9082,541612,59360.87,Equipment
SI-0007655,S-003806,8397,541612,143471.34,Office
SI-0007656,S-003807,8397,561720,75177.83,Crew
SI-0007657,S-003808,3632,541511,31844.53,Equipment
SI-0007658,S-003809,8810,484110,20621.31,Equipment
SI-0007659,S-003809,3632,722513,37936.03,Warehouse
SI-0007660,S-003809,3724,484110,30004.68,Storefront
SI-0007661,S-003810,5403,236115,25454.75,Crew
SI-0007662,S-003810,5606,541612,22555.75,Crew
SI-0007663,S-003810,7228,561720,26511.16,Warehouse
SI-0007664,S-003811,3632,561720,16030.21,Warehouse
SI-0007665,S-003811,9082,484110,21586.73,Truck
SI-0007666,S-003812,5403,561720,10407.12,Equipment
SI-0007667,S-003812,5403,238320,40835.62,Storefront
SI-0007668,S-003812,8397,722513,73543.76,Truck
SI-0007669,S-003813,3724,561720,42210.85,Equipment
SI-0007670,S-003813,8397,561720,27423.9,Truck
SI-0007671,S-003813,5606,236115,34903.62,Office
SI-0007672,S-003814,8810,722513,52129.16,Storefront
SI-0007673,S-003815,7228,238320,55937.85,Warehouse
SI-0007674,S-003815,5606,236115,18191.26,Office
SI-0007675,S-003816,7228,561720,92808.3,Office
SI-0007676,S-003816,5403,722513,31814.15,Storefront
SI-0007677,S-003817,9082,238320,53538.2,Truck
SI-0007678,S-003818,8397,561720,16195.58,Office
SI-0007679,S-003818,8397,561720,42317.48,Office
SI-0007680,S-003819,3724,541511,12661.49,Warehouse
SI-0007681,S-003820,9082,541612,8376.63,Storefront
SI-0007682,S-003820,3632,541612,20771.8,Office
SI-0007683,S-003820,5403,722513,3147.85,Crew
SI-0007684,S-003821,8397,541511,88094.12,Truck
SI-0007685,S-003822,9082,561720,33368.26,Storefront
SI-0007686,S-003823,9082,541612,32227.82,Truck
SI-0007687,S-003823,7228,541511,86979.63,Equipment
SI-0007688,S-003824,5606,541612,102970.02,Storefront
SI-0007689,S-003824,3724,238220,207757.5,Warehouse
SI-0007690,S-003824,3724,541511,27999.54,Equipment
SI-0007691,S-003825,3724,541612,13100.86,Storefront
SI-0007692,S-003825,7228,541612,76129.5,Office
SI-0007693,S-003826,5403,484110,10475.18,Storefront
SI-0007694,S-003826,3724,238320,56508.02,Warehouse
SI-0007695,S-003827,3632,236115,56326.15,Truck
SI-0007696,S-003828,3632,236115,38409.07,Office
SI-0007697,S-003828,3724,541511,55714.09,Crew
SI-0007698,S-003828,3724,541612,53961.79,Warehouse
SI-0007699,S-003829,8397,541612,57164.38,Storefront
SI-0007700,S-003829,9082,541511,68938.09,Crew
SI-0007701,S-003830,5606,238320,52156.94,Warehouse
SI-0007702,S-003830,8397,561720,8583.92,Equipment
SI-0007703,S-003830,3724,541511,27541.23,Office
SI-0007704,S-003831,3724,236115,39563.2,Storefront
SI-0007705,S-003831,5403,722513,30389.59,Warehouse
SI-0007706,S-003831,5403,561720,37070.86,Equipment
SI-0007707,S-003832,8397,238320,19420.65,Truck
SI-0007708,S-003833,5606,722513,12597.81,Warehouse
SI-0007709,S-003833,3632,541511,81230.42,Truck
SI-0007710,S-003833,9082,541511,38209.25,Crew
SI-0007711,S-003834,9082,236115,18079.16,Storefront
SI-0007712,S-003834,5403,722513,97797.56,Storefront
SI-0007713,S-003834,7228,541511,20183.78,Equipment
SI-0007714,S-003835,3632,561720,40683.74,Warehouse
SI-0007715,S-003836,7228,484110,67228.69,Equipment
SI-0007716,S-003837,8810,236115,30643.55,Warehouse
SI-0007717,S-003837,9082,541612,73345.69,Warehouse
SI-0007718,S-003837,5403,561720,21940.42,Truck
SI-0007719,S-003838,7228,238220,19399.04,Storefront
SI-0007720,S-003838,3632,238220,41050.41,Storefront
SI-0007721,S-003839,3724,722513,25081.16,Warehouse
SI-0007722,S-003839,8810,541511,19866.65,Storefront
SI-0007723,S-003840,3632,722513,37624.85,Warehouse
SI-0007724,S-003840,9082,238220,29262.56,Office
SI-0007725,S-003840,3724,238220,47099.09,Warehouse
SI-0007726,S-003841,8810,238320,39885.92,Crew
SI-0007727,S-003841,8397,541612,9836.31,Truck
SI-0007728,S-003841,5606,238320,13304.66,Crew
SI-0007729,S-003842,3724,484110,26229.96,Warehouse
SI-0007730,S-003843,8397,236115,11629.23,Warehouse
SI-0007731,S-003843,3632,238220,39410.16,Crew
SI-0007732,S-003843,7228,484110,25984.01,Warehouse
SI-0007733,S-003844,5403,541612,31214.67,Storefront
SI-0007734,S-003844,5606,238220,29163.26,Truck
SI-0007735,S-003844,8397,484110,163837.78,Warehouse
SI-0007736,S-003845,3724,238220,62860.65,Truck
SI-0007737,S-003845,7228,541612,20965.96,Office
SI-0007738,S-003845,8810,541511,35221.51,Warehouse
SI-0007739,S-003846,3632,541511,28472.45,Office
SI-0007740,S-003846,5403,722513,24243.97,Crew
SI-0007741,S-003847,3632,722513,50741.32,Office
SI-0007742,S-003847,7228,236115,18711.52,Truck
SI-0007743,S-003847,3724,722513,10729.78,Storefront
SI-0007744,S-003848,5403,561720,42449.99,Crew
SI-0007745,S-003849,3724,722513,17659.32,Crew
SI-0007746,S-003850,9082,484110,40956.62,Crew
SI-0007747,S-003851,8810,541511,50620.23,Truck
SI-0007748,S-003852,9082,541612,31765.24,Office
SI-0007749,S-003852,3632,484110,140056.07,Warehouse
SI-0007750,S-003853,8810,236115,27094.27,Storefront
SI-0007751,S-003854,8810,238220,14525.45,Warehouse
SI-0007752,S-003854,9082,541612,39892.63,Crew
SI-0007753,S-003855,8810,236115,26099.04,Warehouse
SI-0007754,S-003855,3632,484110,70291.26,Storefront
SI-0007755,S-003856,3632,238220,43422.42,Warehouse
SI-0007756,S-003856,9082,236115,24205.64,Warehouse
SI-0007757,S-003857,8397,541612,49548.01,Warehouse
SI-0007758,S-003857,5403,541511,41961.25,Warehouse
SI-0007759,S-003858,3632,238220,58265.53,Equipment
SI-0007760,S-003859,3724,236115,68015.63,Storefront
SI-0007761,S-003859,8397,238220,66547.19,Truck
SI-0007762,S-003860,9082,722513,18789.33,Office
SI-0007763,S-003860,7228,541511,59343.48,Truck
SI-0007764,S-003860,5403,484110,36892.73,Warehouse
SI-0007765,S-003861,8810,541511,10950.55,Equipment
SI-0007766,S-003861,5403,236115,24726.38,Warehouse
SI-0007767,S-003861,9082,541511,29156.27,Storefront
SI-0007768,S-003862,9082,238220,31203.46,Crew
SI-0007769,S-003862,5403,722513,79651.3,Office
SI-0007770,S-003862,5606,236115,106626.09,Equipment
SI-0007771,S-003863,3724,238320,16308.41,Equipment
SI-0007772,S-003864,8810,722513,87727.82,Storefront
SI-0007773,S-003864,3632,561720,33985.62,Equipment
SI-0007774,S-003865,7228,236115,39269.21,Equipment
SI-0007775,S-003865,5403,561720,35745.82,Storefront
SI-0007776,S-003866,8810,541612,9713.24,Office
SI-0007777,S-003867,3724,561720,25490.76,Equipment
SI-0007778,S-003868,8397,561720,13627.16,Equipment
SI-0007779,S-003869,5606,541612,50564.94,Warehouse
SI-0007780,S-003869,8397,722513,119251.69,Warehouse
SI-0007781,S-003869,8397,484110,9536.44,Storefront
SI-0007782,S-003870,3632,541511,17643.89,Equipment
SI-0007783,S-003870,3632,722513,62349.56,Storefront
SI-0007784,S-003870,5403,238220,60106.3,Crew
SI-0007785,S-003871,5606,722513,13005.67,Storefront
SI-0007786,S-003872,9082,541612,7105.11,Office
SI-0007787,S-003873,5403,238320,27999.5,Crew
SI-0007788,S-003873,9082,722513,63258.82,Truck
SI-0007789,S-003873,9082,484110,55634.38,Office
SI-0007790,S-003874,5403,541612,56914.79,Equipment
SI-0007791,S-003874,7228,541511,6491.2,Truck
SI-0007792,S-003875,5403,236115,45149.9,Truck
SI-0007793,S-003876,9082,238320,28261.88,Crew
SI-0007794,S-003877,5403,561720,57992.86,Warehouse
SI-0007795,S-003877,8810,236115,32386.1,Equipment
SI-0007796,S-003877,3632,561720,22888.65,Truck
SI-0007797,S-003878,8810,236115,210561.01,Crew
SI-0007798,S-003878,3724,561720,21146.21,Storefront
SI-0007799,S-003878,3724,722513,43836.76,Storefront
SI-0007800,S-003879,5403,238220,43318.45,Equipment
SI-0007801,S-003880,8397,722513,60474.16,Crew
SI-0007802,S-003881,8810,238320,8787.49,Equipment
SI-0007803,S-003882,8810,541612,19491.04,Truck
SI-0007804,S-003883,7228,236115,29237.78,Equipment
SI-0007805,S-003884,8397,541612,20911.25,Truck
SI-0007806,S-003884,9082,541511,19108.4,Truck
SI-0007807,S-003884,8397,541612,35191.96,Office
SI-0007808,S-003885,5403,722513,37116.4,Office
SI-0007809,S-003885,3724,541612,26389.45,Storefront
SI-0007810,S-003886,8397,238320,74835.67,Crew
SI-0007811,S-003887,3724,236115,12783.32,Truck
SI-0007812,S-003887,5606,541612,48826.78,Storefront
SI-0007813,S-003887,5403,238320,25746.48,Office
SI-0007814,S-003888,5606,238220,50747.24,Equipment
SI-0007815,S-003888,7228,238220,18337.64,Truck
SI-0007816,S-003889,9082,561720,60448.69,Crew
SI-0007817,S-003889,5403,484110,7254.67,Storefront
SI-0007818,S-003889,7228,561720,16358.52,Equipment
SI-0007819,S-003890,7228,541612,28788.14,Warehouse
SI-0007820,S-003890,3632,541612,62687.19,Warehouse
SI-0007821,S-003891,3724,484110,21098.57,Equipment
SI-0007822,S-003891,3724,236115,26963.58,Office
SI-0007823,S-003892,8397,722513,50198.08,Warehouse
SI-0007824,S-003893,8397,541612,132233.5,Equipment
SI-0007825,S-003893,3632,722513,31837.43,Equipment
SI-0007826,S-003893,3632,238320,18495.5,Truck
SI-0007827,S-003894,8397,722513,18223.09,Office
SI-0007828,S-003894,5606,541511,27402.49,Truck
SI-0007829,S-003895,8810,238220,52847.94,Truck
SI-0007830,S-003895,5606,541612,77215.74,Crew
SI-0007831,S-003895,9082,484110,16697.37,Warehouse
SI-0007832,S-003896,8810,541612,41897.89,Crew
SI-0007833,S-003896,5403,541511,18083.33,Truck
SI-0007834,S-003896,5606,561720,25307.08,Storefront
SI-0007835,S-003897,9082,541612,29521.95,Crew
SI-0007836,S-003897,9082,541612,30263.45,Crew
SI-0007837,S-003897,8810,541511,20513.63,Warehouse
SI-0007838,S-003898,9082,484110,57696.0,Truck
SI-0007839,S-003899,8810,484110,26979.58,Equipment
SI-0007840,S-003899,7228,541612,12552.69,Crew
SI-0007841,S-003899,7228,561720,15296.83,Equipment
SI-0007842,S-003900,3724,561720,84302.56,Crew
SI-0007843,S-003900,5606,238320,11700.93,Office
SI-0007844,S-003901,9082,236115,46522.67,Warehouse
SI-0007845,S-003901,5403,541511,9512.42,Warehouse
SI-0007846,S-003901,8810,484110,33990.32,Office
SI-0007847,S-003902,5606,561720,70899.41,Truck
SI-0007848,S-003903,3724,238320,5382.58,Crew
SI-0007849,S-003903,3632,541612,27064.0,Office
SI-0007850,S-003904,5403,541612,63588.2,Office
SI-0007851,S-003905,8810,722513,32696.96,Office
SI-0007852,S-003905,7228,236115,47402.28,Storefront
SI-0007853,S-003905,7228,238220,18084.21,Warehouse
SI-0007854,S-003906,3724,541511,55184.65,Truck
SI-0007855,S-003907,9082,238320,35481.76,Equipment
SI-0007856,S-003907,9082,561720,54008.64,Storefront
SI-0007857,S-003908,9082,561720,27123.43,Storefront
SI-0007858,S-003909,5606,238220,27987.9,Office
SI-0007859,S-003910,3632,236115,5455.24,Equipment
SI-0007860,S-003910,7228,722513,11263.1,Office
SI-0007861,S-003910,9082,561720,39564.81,Office
SI-0007862,S-003911,7228,238220,26328.01,Storefront
SI-0007863,S-003912,5606,561720,47634.46,Equipment
SI-0007864,S-003912,9082,541511,43554.12,Storefront
SI-0007865,S-003913,9082,561720,387547.28,Office
SI-0007866,S-003914,3724,541511,42641.49,Crew
SI-0007867,S-003914,3724,236115,36691.44,Storefront
SI-0007868,S-003915,3632,541612,51169.74,Truck
SI-0007869,S-003915,7228,541612,36313.26,Storefront
SI-0007870,S-003915,8397,238320,8827.78,Storefront
SI-0007871,S-003916,5403,541612,47811.54,Crew
SI-0007872,S-003916,9082,541511,18816.64,Office
SI-0007873,S-003917,7228,484110,21759.57,Crew
SI-0007874,S-003917,5606,238320,90754.57,Office
SI-0007875,S-003918,8810,236115,21512.16,Storefront
SI-0007876,S-003918,9082,722513,32998.47,Warehouse
SI-0007877,S-003919,8397,484110,15151.01,Equipment
SI-0007878,S-003920,8397,561720,27223.49,Equipment
SI-0007879,S-003920,7228,238320,10018.15,Crew
SI-0007880,S-003920,3724,238220,36285.87,Equipment
SI-0007881,S-003921,3724,238220,23180.19,Warehouse
SI-0007882,S-003922,5606,238320,90644.77,Storefront
SI-0007883,S-003922,5403,541612,57245.19,Warehouse
SI-0007884,S-003922,3724,484110,34486.92,Truck
SI-0007885,S-003923,5403,238220,23295.8,Office
SI-0007886,S-003923,8397,238220,12493.57,Equipment
SI-0007887,S-003924,5403,561720,13795.87,Warehouse
SI-0007888,S-003925,3724,238320,85163.89,Crew
SI-0007889,S-003926,8397,236115,25967.99,Truck
SI-0007890,S-003927,8397,722513,22138.54,Office
SI-0007891,S-003927,5403,238320,38664.65,Truck
SI-0007892,S-003928,3724,541511,8067.6,Equipment
SI-0007893,S-003928,3724,484110,20921.63,Equipment
SI-0007894,S-003929,5606,238320,11675.03,Crew
SI-0007895,S-003929,8810,238220,73821.06,Crew
SI-0007896,S-003929,3632,238320,92572.88,Equipment
SI-0007897,S-003930,3724,236115,22177.39,Truck
SI-0007898,S-003931,7228,484110,31368.33,Storefront
SI-0007899,S-003931,7228,541612,80399.32,Office
SI-0007900,S-003932,8397,236115,132826.41,Truck
SI-0007901,S-003932,5606,484110,118998.07,Truck
SI-0007902,S-003932,9082,541612,85124.86,Equipment
SI-0007903,S-003933,8397,541612,31678.28,Warehouse
SI-0007904,S-003933,8397,484110,20212.29,Equipment
SI-0007905,S-003933,9082,541612,126018.11,Crew
SI-0007906,S-003934,9082,722513,31227.36,Equipment
SI-0007907,S-003935,3724,561720,81122.84,Truck
SI-0007908,S-003936,8397,238320,42235.0,Office
SI-0007909,S-003936,3632,484110,37394.47,Crew
SI-0007910,S-003936,5403,238320,24555.63,Office
SI-0007911,S-003937,9082,722513,35701.04,Crew
SI-0007912,S-003937,3724,561720,12022.42,Warehouse
SI-0007913,S-003938,3724,238220,66198.41,Equipment
SI-0007914,S-003938,9082,561720,38375.33,Warehouse
SI-0007915,S-003938,7228,238320,68379.18,Warehouse
SI-0007916,S-003939,3632,541612,16486.61,Warehouse
SI-0007917,S-003939,5403,541612,27099.69,Office
SI-0007918,S-003940,5606,541511,74606.99,Equipment
SI-0007919,S-003940,5403,236115,42303.09,Office
SI-0007920,S-003940,9082,561720,13840.61,Equipment
SI-0007921,S-003941,7228,722513,28118.5,Storefront
SI-0007922,S-003942,8397,541511,82648.31,Warehouse
SI-0007923,S-003943,8810,238320,35992.06,Storefront
SI-0007924,S-003943,3632,236115,50280.69,Warehouse
SI-0007925,S-003943,9082,541612,62601.19,Office
SI-0007926,S-003944,3632,484110,54840.15,Storefront
SI-0007927,S-003945,5606,561720,23983.17,Truck
SI-0007928,S-003945,3724,236115,73304.02,Crew
SI-0007929,S-003945,8810,238320,23333.18,Equipment
SI-0007930,S-003946,8810,541511,32487.72,Warehouse
SI-0007931,S-003947,9082,484110,17346.74,Warehouse
SI-0007932,S-003947,7228,541511,120919.33,Crew
SI-0007933,S-003948,7228,238220,17717.33,Storefront
SI-0007934,S-003948,5606,236115,26519.02,Truck
SI-0007935,S-003948,3724,722513,26721.31,Equipment
SI-0007936,S-003949,3632,561720,39994.04,Equipment
SI-0007937,S-003949,5403,722513,33777.87,Truck
SI-0007938,S-003950,7228,236115,14517.74,Office
SI-0007939,S-003951,5403,561720,16746.26,Crew
SI-0007940,S-003951,3632,238220,42153.29,Truck
SI-0007941,S-003951,8810,541612,46813.72,Equipment
SI-0007942,S-003952,5606,236115,71477.09,Crew
SI-0007943,S-003952,5403,238220,48469.16,Equipment
SI-0007944,S-003953,8397,541612,12171.26,Storefront
SI-0007945,S-003953,3724,238320,69028.76,Storefront
SI-0007946,S-003954,7228,541511,19644.37,Storefront
SI-0007947,S-003954,7228,238320,47661.12,Equipment
SI-0007948,S-003955,5606,561720,34436.03,Warehouse
SI-0007949,S-003955,3632,484110,34703.27,Crew
SI-0007950,S-003955,8810,541511,81167.43,Warehouse
SI-0007951,S-003956,8810,238320,47004.57,Warehouse
SI-0007952,S-003956,8397,238320,58174.41,Office
SI-0007953,S-003957,8810,484110,8085.43,Equipment
SI-0007954,S-003957,5606,484110,66081.21,Storefront
SI-0007955,S-003957,9082,484110,25526.89,Truck
SI-0007956,S-003958,7228,484110,23562.32,Truck
SI-0007957,S-003958,3724,561720,44821.85,Office
SI-0007958,S-003958,7228,236115,126531.78,Warehouse
SI-0007959,S-003959,5606,541511,67707.78,Office
SI-0007960,S-003959,5606,236115,23252.11,Equipment
SI-0007961,S-003960,8810,238220,13898.97,Office
SI-0007962,S-003960,3724,238320,33145.57,Storefront
SI-0007963,S-003960,9082,238320,12766.61,Equipment
SI-0007964,S-003961,3632,238320,70701.28,Crew
SI-0007965,S-003961,8397,484110,16470.78,Office
SI-0007966,S-003962,7228,541511,34017.75,Crew
SI-0007967,S-003962,3724,236115,26493.6,Crew
SI-0007968,S-003962,3632,236115,33837.08,Warehouse
SI-0007969,S-003963,5403,722513,17232.53,Warehouse
SI-0007970,S-003963,3632,238220,47853.79,Equipment
SI-0007971,S-003964,9082,236115,14008.72,Office
SI-0007972,S-003965,7228,541511,323252.23,Office
SI-0007973,S-003965,8397,236115,35199.78,Warehouse
SI-0007974,S-003965,8810,484110,20711.73,Equipment
SI-0007975,S-003966,9082,484110,20635.65,Office
SI-0007976,S-003967,7228,541612,23349.18,Warehouse
SI-0007977,S-003968,8810,541612,59289.15,Equipment
SI-0007978,S-003968,8397,484110,15474.07,Warehouse
SI-0007979,S-003968,5606,541511,75307.64,Office
SI-0007980,S-003969,8810,561720,79490.85,Storefront
SI-0007981,S-003970,3724,541511,19377.32,Crew
SI-0007982,S-003971,3632,484110,124977.03,Equipment
SI-0007983,S-003971,3724,238220,78791.96,Office
SI-0007984,S-003972,9082,541511,21543.32,Warehouse
SI-0007985,S-003972,5606,722513,35343.69,Truck
SI-0007986,S-003972,5403,541511,17013.34,Office
SI-0007987,S-003973,7228,561720,40796.96,Equipment
SI-0007988,S-003973,7228,484110,37144.13,Equipment
SI-0007989,S-003973,9082,238220,42884.77,Truck
SI-0007990,S-003974,8397,541612,14072.23,Equipment
SI-0007991,S-003974,5403,541511,42111.15,Office
SI-0007992,S-003974,8810,238320,76297.97,Office
SI-0007993,S-003975,3724,238320,12843.62,Warehouse
SI-0007994,S-003976,9082,236115,24225.19,Truck
SI-0007995,S-003976,8810,722513,6150.93,Equipment
SI-0007996,S-003977,8397,561720,47328.46,Storefront
SI-0007997,S-003978,3724,541511,36501.11,Equipment
SI-0007998,S-003978,7228,484110,101000.92,Storefront
SI-0007999,S-003979,8397,238320,27943.67,Truck
SI-0008000,S-003979,9082,236115,30774.95,Truck
SI-0008001,S-003979,8810,238320,107923.65,Crew
SI-0008002,S-003980,9082,236115,93724.06,Equipment
SI-0008003,S-003981,8810,238220,19177.88,Storefront
SI-0008004,S-003981,3632,236115,24986.73,Warehouse
SI-0008005,S-003982,7228,484110,73744.77,Office
SI-0008006,S-003983,3724,561720,77933.98,Office
SI-0008007,S-003984,9082,722513,12103.58,Equipment
SI-0008008,S-003984,3724,484110,12089.67,Storefront
SI-0008009,S-003984,9082,541612,70033.81,Truck
SI-0008010,S-003985,5606,238320,14393.46,Storefront
SI-0008011,S-003986,7228,484110,32265.7,Office
SI-0008012,S-003986,8810,484110,38383.84,Equipment
SI-0008013,S-003986,3632,236115,29598.31,Truck
SI-0008014,S-003987,9082,484110,23427.53,Storefront
SI-0008015,S-003987,5606,541511,22673.84,Truck
SI-0008016,S-003988,5606,561720,11431.52,Truck
SI-0008017,S-003988,8810,238220,54893.05,Office
SI-0008018,S-003989,5403,722513,24027.35,Crew
SI-0008019,S-003989,3724,541612,20729.09,Warehouse
SI-0008020,S-003990,3632,238320,26337.33,Equipment
SI-0008021,S-003990,8397,238320,18291.63,Warehouse
SI-0008022,S-003991,9082,238320,15945.2,Warehouse
SI-0008023,S-003991,9082,484110,48863.01,Crew
SI-0008024,S-003992,3724,561720,30336.65,Office
SI-0008025,S-003992,9082,541511,11373.32,Office
SI-0008026,S-003992,3632,484110,44247.24,Equipment
SI-0008027,S-003993,3632,541612,63075.02,Crew
SI-0008028,S-003993,5606,561720,26805.39,Warehouse
SI-0008029,S-003993,3632,484110,79614.87,Truck
SI-0008030,S-003994,3724,238220,59945.48,Crew
SI-0008031,S-003994,3632,541511,42119.7,Truck
SI-0008032,S-003994,5403,722513,81370.63,Storefront
SI-0008033,S-003995,3632,484110,19399.15,Equipment
SI-0008034,S-003995,8810,484110,46586.81,Storefront
SI-0008035,S-003996,5403,236115,26750.51,Truck
SI-0008036,S-003997,5606,541612,48373.77,Warehouse
SI-0008037,S-003997,8810,541511,19991.4,Warehouse
SI-0008038,S-003997,3632,236115,37631.09,Truck
SI-0008039,S-003998,3724,236115,39557.03,Warehouse
SI-0008040,S-003998,9082,541511,18457.75,Storefront
SI-0008041,S-003998,5403,722513,98516.26,Equipment
SI-0008042,S-003999,8397,541612,27406.91,Storefront
SI-0008043,S-003999,3724,484110,18515.17,Truck
SI-0008044,S-004000,5606,236115,27429.53,Equipment
SI-0008045,S-004000,9082,484110,12173.11,Equipment
SI-0008046,S-004001,9082,236115,10943.28,Warehouse
SI-0008047,S-004001,8397,541511,47985.71,Warehouse
SI-0008048,S-004001,5403,238220,22270.15,Equipment
SI-0008049,S-004002,5403,236115,95763.59,Truck
SI-0008050,S-004002,8397,722513,16616.13,Storefront
SI-0008051,S-004002,5403,541511,26955.33,Equipment
SI-0008052,S-004003,5606,722513,38009.58,Crew
SI-0008053,S-004004,3632,484110,16576.48,Storefront
SI-0008054,S-004005,5403,722513,13893.08,Equipment
SI-0008055,S-004006,8810,722513,17835.82,Warehouse
SI-0008056,S-004006,8810,541511,31633.36,Truck
SI-0008057,S-004006,3632,541511,28335.29,Crew
SI-0008058,S-004007,3724,541612,21708.3,Office
SI-0008059,S-004007,8397,236115,19393.87,Crew
SI-0008060,S-004007,8810,236115,29694.04,Warehouse
SI-0008061,S-004008,8397,561720,7498.34,Equipment
SI-0008062,S-004009,3632,238320,66838.37,Storefront
SI-0008063,S-004009,7228,238220,31982.35,Equipment
SI-0008064,S-004010,8397,561720,22583.08,Truck
SI-0008065,S-004010,8810,541511,68484.98,Truck
SI-0008066,S-004011,9082,722513,101903.72,Equipment
SI-0008067,S-004011,5403,541511,36180.55,Storefront
SI-0008068,S-004011,3724,541612,55294.34,Storefront
SI-0008069,S-004012,7228,238220,22756.76,Truck
SI-0008070,S-004012,3724,236115,24385.33,Storefront
SI-0008071,S-004013,5606,236115,9866.66,Truck
SI-0008072,S-004013,7228,561720,44424.88,Crew
SI-0008073,S-004014,8397,541511,30340.81,Equipment
SI-0008074,S-004014,5606,541612,65423.1,Crew
SI-0008075,S-004015,8810,238220,52371.92,Office
SI-0008076,S-004016,5606,238320,56037.76,Truck
SI-0008077,S-004016,5606,541612,61912.8,Truck
SI-0008078,S-004017,3724,484110,9185.32,Equipment
SI-0008079,S-004017,9082,238320,260254.58,Office
SI-0008080,S-004018,7228,238220,38126.66,Truck
SI-0008081,S-004018,8397,541612,33583.71,Warehouse
SI-0008082,S-004018,9082,722513,30981.86,Equipment
SI-0008083,S-004019,3632,541612,57485.78,Warehouse
SI-0008084,S-004019,7228,541612,18387.87,Crew
SI-0008085,S-004019,3724,541612,25693.5,Warehouse
SI-0008086,S-004020,5606,541612,16431.05,Crew
SI-0008087,S-004020,7228,541612,39293.29,Equipment
SI-0008088,S-004021,9082,238320,29217.31,Office
SI-0008089,S-004021,5606,722513,9172.48,Storefront
SI-0008090,S-004021,5403,561720,24901.23,Storefront
SI-0008091,S-004022,5606,541511,22560.07,Office
SI-0008092,S-004023,8810,722513,34192.25,Storefront
SI-0008093,S-004023,5606,541511,50370.97,Storefront
SI-0008094,S-004024,7228,561720,14233.92,Crew
SI-0008095,S-004025,8810,541511,17041.01,Equipment
SI-0008096,S-004025,8810,541511,19041.61,Warehouse
SI-0008097,S-004026,8810,484110,25214.18,Storefront
SI-0008098,S-004027,5403,238320,74373.82,Storefront
SI-0008099,S-004027,5403,561720,27682.57,Equipment
SI-0008100,S-004027,3724,541511,34944.38,Truck
SI-0008101,S-004028,8810,238320,60025.95,Warehouse
SI-0008102,S-004028,3632,238320,17149.82,Warehouse
SI-0008103,S-004028,8810,541511,87768.24,Truck
SI-0008104,S-004029,8397,238320,54925.72,Warehouse
SI-0008105,S-004029,3632,561720,11413.77,Equipment
SI-0008106,S-004029,5606,484110,20580.31,Crew
SI-0008107,S-004030,8397,541511,67533.82,Truck
SI-0008108,S-004030,7228,541612,55748.83,Equipment
SI-0008109,S-004031,5606,484110,20256.81,Warehouse
SI-0008110,S-004032,9082,722513,103677.24,Crew
SI-0008111,S-004033,5606,541612,39463.82,Storefront
SI-0008112,S-004033,3724,561720,120058.22,Equipment
SI-0008113,S-004033,9082,561720,30363.89,Crew
SI-0008114,S-004034,5403,484110,23606.82,Equipment
SI-0008115,S-004034,5606,541511,35534.49,Storefront
SI-0008116,S-004035,8810,561720,63150.28,Truck
SI-0008117,S-004035,8397,541612,49130.31,Crew
SI-0008118,S-004035,8810,238320,16170.27,Crew
SI-0008119,S-004036,7228,561720,50821.91,Storefront
SI-0008120,S-004037,5403,238220,20276.43,Warehouse
SI-0008121,S-004037,3724,561720,20676.74,Truck
SI-0008122,S-004037,5606,238220,30323.61,Warehouse
SI-0008123,S-004038,8397,236115,19127.27,Office
SI-0008124,S-004039,5606,484110,55178.95,Crew
SI-0008125,S-004039,8810,722513,31955.62,Office
SI-0008126,S-004039,3724,561720,38250.41,Warehouse
SI-0008127,S-004040,5403,541612,27654.6,Equipment
SI-0008128,S-004040,5606,722513,30069.96,Crew
SI-0008129,S-004040,3632,541612,11868.88,Truck
SI-0008130,S-004041,3632,484110,31887.2,Warehouse
SI-0008131,S-004042,3632,238220,28596.8,Office
SI-0008132,S-004042,9082,541612,16536.96,Storefront
SI-0008133,S-004043,3724,722513,83455.66,Equipment
SI-0008134,S-004044,7228,722513,15890.09,Warehouse
SI-0008135,S-004045,7228,561720,4866.85,Equipment
SI-0008136,S-004046,7228,722513,15274.64,Equipment
SI-0008137,S-004046,8397,561720,25328.15,Warehouse
SI-0008138,S-004046,9082,722513,23604.35,Truck
SI-0008139,S-004047,5403,541511,81742.77,Warehouse
SI-0008140,S-004047,3632,722513,58815.99,Storefront
SI-0008141,S-004048,5606,541612,48482.57,Storefront
SI-0008142,S-004048,8397,484110,21209.07,Truck
SI-0008143,S-004049,9082,238220,44276.57,Storefront
SI-0008144,S-004050,5606,541511,5929.96,Warehouse
SI-0008145,S-004051,9082,484110,24559.92,Warehouse
SI-0008146,S-004051,5403,541612,28031.22,Crew
SI-0008147,S-004052,7228,238320,39381.45,Truck
SI-0008148,S-004052,5403,722513,18602.72,Warehouse
SI-0008149,S-004052,3632,541511,36529.66,Office
SI-0008150,S-004053,3724,561720,23535.14,Equipment
SI-0008151,S-004054,5606,236115,11876.42,Truck
SI-0008152,S-004054,7228,484110,7450.25,Equipment
SI-0008153,S-004054,5606,236115,22307.02,Truck
SI-0008154,S-004055,9082,238320,34783.15,Storefront
SI-0008155,S-004055,7228,238320,10488.35,Crew
SI-0008156,S-004055,9082,238220,77287.17,Crew
SI-0008157,S-004056,3632,236115,34482.97,Storefront
SI-0008158,S-004056,3632,541612,99351.18,Storefront
SI-0008159,S-004056,7228,722513,138798.92,Equipment
SI-0008160,S-004057,5606,541511,26148.3,Truck
SI-0008161,S-004058,5403,484110,84729.66,Warehouse
SI-0008162,S-004058,3632,541612,43072.8,Warehouse
SI-0008163,S-004058,5606,236115,33956.63,Truck
SI-0008164,S-004059,3724,238220,48429.43,Warehouse
SI-0008165,S-004059,8810,236115,29619.73,Office
SI-0008166,S-004059,3632,236115,159965.47,Warehouse
SI-0008167,S-004060,8397,722513,10356.04,Equipment
SI-0008168,S-004061,7228,561720,23054.71,Office
SI-0008169,S-004061,5606,541511,70516.76,Warehouse
SI-0008170,S-004061,8397,541511,15982.91,Equipment
SI-0008171,S-004062,3632,561720,23533.77,Warehouse
SI-0008172,S-004063,8810,541511,36724.59,Warehouse
SI-0008173,S-004063,8397,541612,15295.8,Office
SI-0008174,S-004063,5403,561720,36089.67,Equipment
SI-0008175,S-004064,3632,541511,68953.48,Warehouse
SI-0008176,S-004064,5606,541612,48386.53,Truck
SI-0008177,S-004065,3632,541511,136008.34,Office
SI-0008178,S-004065,7228,238220,116288.58,Office
SI-0008179,S-004066,3724,238220,23825.61,Crew
SI-0008180,S-004066,5403,541511,24499.43,Storefront
SI-0008181,S-004066,8397,541612,19478.74,Crew
SI-0008182,S-004067,8397,541612,22848.02,Office
SI-0008183,S-004067,8397,484110,24057.68,Crew
SI-0008184,S-004068,8397,238320,210902.87,Truck
SI-0008185,S-004069,8810,238220,102973.13,Crew
SI-0008186,S-004070,3724,561720,53413.92,Storefront
SI-0008187,S-004070,5606,541612,30064.81,Warehouse
SI-0008188,S-004071,3724,236115,21969.26,Storefront
SI-0008189,S-004071,3724,722513,107431.24,Truck
SI-0008190,S-004072,9082,238320,74384.35,Truck
SI-0008191,S-004072,3724,722513,45687.07,Equipment
SI-0008192,S-004072,3632,722513,27739.19,Truck
SI-0008193,S-004073,7228,722513,35294.59,Equipment
SI-0008194,S-004073,8397,238220,9741.84,Office
SI-0008195,S-004074,9082,236115,73650.35,Truck
SI-0008196,S-004074,9082,238320,28402.54,Crew
SI-0008197,S-004074,3724,236115,38608.83,Crew
SI-0008198,S-004075,5606,484110,33468.42,Truck
SI-0008199,S-004076,5606,541511,25414.6,Truck
SI-0008200,S-004076,5606,484110,8024.09,Office
SI-0008201,S-004076,9082,722513,18159.01,Truck
SI-0008202,S-004077,8397,238220,18870.5,Equipment
SI-0008203,S-004077,9082,541511,47221.12,Office
SI-0008204,S-004077,5606,541612,38882.89,Office
SI-0008205,S-004078,8810,238320,3392.07,Truck
SI-0008206,S-004079,3632,236115,34067.74,Truck
SI-0008207,S-004079,3724,484110,35044.33,Warehouse
SI-0008208,S-004080,5403,484110,39030.46,Warehouse
SI-0008209,S-004081,7228,238320,36762.98,Crew
SI-0008210,S-004081,5403,541612,33488.97,Equipment
SI-0008211,S-004081,8397,561720,49787.12,Warehouse
SI-0008212,S-004082,8810,484110,23572.21,Warehouse
SI-0008213,S-004082,3632,484110,48231.34,Crew
SI-0008214,S-004083,3724,236115,41781.43,Crew
SI-0008215,S-004084,7228,484110,44858.23,Warehouse
SI-0008216,S-004085,7228,541612,16126.89,Equipment
SI-0008217,S-004085,5403,722513,20078.15,Office
SI-0008218,S-004086,7228,541511,19939.76,Truck
SI-0008219,S-004086,7228,238320,49752.93,Truck
SI-0008220,S-004087,7228,541511,65442.5,Equipment
SI-0008221,S-004087,9082,541612,101546.94,Storefront
SI-0008222,S-004088,8810,236115,71474.14,Office
SI-0008223,S-004089,5403,236115,21965.13,Storefront
SI-0008224,S-004089,3724,238220,17166.49,Office
SI-0008225,S-004090,5403,238320,41284.42,Crew
SI-0008226,S-004091,8397,236115,20575.94,Storefront
SI-0008227,S-004091,9082,236115,57657.6,Crew
SI-0008228,S-004091,8810,541612,21915.62,Truck
SI-0008229,S-004092,9082,561720,34465.24,Crew
SI-0008230,S-004093,5606,484110,19589.0,Crew
SI-0008231,S-004094,8810,236115,15829.0,Crew
SI-0008232,S-004095,3632,238220,32494.78,Truck
SI-0008233,S-004096,3632,238220,26625.1,Equipment
SI-0008234,S-004097,5606,541511,28097.49,Warehouse
SI-0008235,S-004097,5606,541511,35502.27,Office
SI-0008236,S-004097,7228,484110,135073.35,Truck
SI-0008237,S-004098,8397,238220,18035.73,Equipment
SI-0008238,S-004099,5403,238320,39100.03,Truck
SI-0008239,S-004099,3632,484110,80005.4,Truck
SI-0008240,S-004099,8810,722513,141151.26,Office
SI-0008241,S-004100,9082,238220,6461.81,Equipment
SI-0008242,S-004100,8397,238220,34750.08,Storefront
SI-0008243,S-004101,3632,541612,45967.45,Storefront
SI-0008244,S-004101,3632,541612,28938.89,Storefront
SI-0008245,S-004102,9082,238320,30908.55,Equipment
SI-0008246,S-004103,3632,561720,34406.54,Storefront
SI-0008247,S-004103,7228,238220,44150.62,Crew
SI-0008248,S-004104,5606,541612,13440.36,Warehouse
SI-0008249,S-004105,3724,541612,34147.88,Storefront
SI-0008250,S-004105,3632,541511,44447.37,Warehouse
SI-0008251,S-004106,3724,722513,23817.72,Office
SI-0008252,S-004106,7228,238220,19118.28,Crew
SI-0008253,S-004107,5606,236115,21196.9,Warehouse
SI-0008254,S-004107,3724,484110,92918.21,Truck
SI-0008255,S-004108,5606,484110,62178.98,Equipment
SI-0008256,S-004108,9082,236115,41745.69,Office
SI-0008257,S-004109,5403,541612,22368.6,Office
SI-0008258,S-004110,8810,722513,63169.26,Storefront
SI-0008259,S-004111,8397,238320,16982.18,Equipment
SI-0008260,S-004111,3632,236115,54012.83,Truck
SI-0008261,S-004111,5606,236115,12894.9,Equipment
SI-0008262,S-004112,3724,541511,7657.28,Equipment
SI-0008263,S-004112,8397,541612,13947.56,Equipment
SI-0008264,S-004112,5606,236115,31468.97,Office
SI-0008265,S-004113,3724,238320,17327.88,Crew
SI-0008266,S-004114,5606,238220,16140.22,Office
SI-0008267,S-004115,5403,238320,15306.31,Equipment
SI-0008268,S-004115,5403,238320,20520.69,Storefront
SI-0008269,S-004116,8397,561720,59713.72,Crew
SI-0008270,S-004116,9082,561720,35138.34,Office
SI-0008271,S-004116,5403,484110,9516.01,Crew
SI-0008272,S-004117,5606,561720,16595.32,Office
SI-0008273,S-004117,5606,722513,21166.49,Office
SI-0008274,S-004117,9082,722513,47485.03,Office
SI-0008275,S-004118,5606,561720,37680.88,Office
SI-0008276,S-004118,3632,541511,33789.0,Office
SI-0008277,S-004118,9082,236115,31983.6,Crew
SI-0008278,S-004119,8397,238220,24956.09,Crew
SI-0008279,S-004120,7228,722513,17220.04,Office
SI-0008280,S-004120,8810,541612,4886.59,Crew
SI-0008281,S-004121,8810,561720,283548.81,Warehouse
SI-0008282,S-004121,9082,722513,26918.54,Truck
SI-0008283,S-004122,8397,561720,29641.52,Equipment
SI-0008284,S-004122,9082,236115,16323.75,Truck
SI-0008285,S-004123,5606,238320,32000.05,Equipment
SI-0008286,S-004123,5606,722513,69486.18,Storefront
SI-0008287,S-004123,3724,541612,24451.07,Storefront
SI-0008288,S-004124,9082,722513,26466.9,Truck
SI-0008289,S-004125,3632,561720,51831.73,Equipment
SI-0008290,S-004125,5403,238320,27048.68,Equipment
SI-0008291,S-004125,8810,561720,93519.14,Truck
SI-0008292,S-004126,8397,238320,50262.49,Truck
SI-0008293,S-004127,3724,238220,46372.16,Warehouse
SI-0008294,S-004127,3632,236115,32067.04,Truck
SI-0008295,S-004127,3632,238320,47466.23,Office
SI-0008296,S-004128,5606,238320,135785.4,Storefront
SI-0008297,S-004129,8397,238320,34968.93,Warehouse
SI-0008298,S-004129,5403,238220,15129.47,Storefront
SI-0008299,S-004129,8397,238220,18718.53,Warehouse
SI-0008300,S-004130,8397,238220,25754.32,Office
SI-0008301,S-004131,3724,541612,43078.8,Warehouse
SI-0008302,S-004132,7228,484110,53725.09,Warehouse
SI-0008303,S-004132,5403,541612,52794.54,Office
SI-0008304,S-004132,7228,238220,63193.51,Truck
SI-0008305,S-004133,7228,238320,29011.3,Storefront
SI-0008306,S-004133,9082,541612,17662.02,Warehouse
SI-0008307,S-004133,7228,561720,29694.99,Crew
SI-0008308,S-004134,8810,561720,55630.7,Crew
SI-0008309,S-004135,9082,541612,6862.29,Crew
SI-0008310,S-004135,5403,541612,31174.03,Equipment
SI-0008311,S-004136,3724,236115,30591.83,Warehouse
SI-0008312,S-004137,5403,484110,29469.05,Storefront
SI-0008313,S-004138,8810,484110,28893.9,Truck
SI-0008314,S-004139,5403,561720,20525.93,Crew
SI-0008315,S-004139,7228,541612,19199.99,Equipment
SI-0008316,S-004140,7228,541511,17833.29,Storefront
SI-0008317,S-004140,9082,722513,34592.47,Office
SI-0008318,S-004140,9082,541511,32525.1,Office
SI-0008319,S-004141,3632,484110,180704.28,Office
SI-0008320,S-004142,8397,722513,15296.21,Warehouse
SI-0008321,S-004142,3724,541612,68729.48,Warehouse
SI-0008322,S-004142,5403,561720,26415.6,Office
SI-0008323,S-004143,8810,236115,19623.44,Warehouse
SI-0008324,S-004143,8810,561720,165072.87,Office
SI-0008325,S-004144,3724,561720,92080.3,Truck
SI-0008326,S-004144,5403,541612,38760.92,Warehouse
SI-0008327,S-004144,3724,541612,36705.0,Equipment
SI-0008328,S-004145,5606,561720,63376.38,Truck
SI-0008329,S-004145,5403,238320,23782.62,Truck
SI-0008330,S-004146,5606,561720,19267.39,Equipment
SI-0008331,S-004147,5606,541612,53144.73,Truck
SI-0008332,S-004147,8397,561720,20152.58,Storefront
SI-0008333,S-004147,8397,238220,22124.15,Crew
SI-0008334,S-004148,5606,722513,88647.79,Crew
SI-0008335,S-004148,5403,238320,60227.82,Office
SI-0008336,S-004149,5403,238220,59853.11,Office
SI-0008337,S-004149,5606,236115,22012.27,Equipment
SI-0008338,S-004150,9082,541612,31778.1,Equipment
SI-0008339,S-004150,3724,722513,364178.76,Truck
SI-0008340,S-004150,8810,541511,66455.3,Warehouse
SI-0008341,S-004151,9082,236115,38832.42,Warehouse
SI-0008342,S-004151,9082,722513,31785.32,Crew
SI-0008343,S-004152,3632,561720,47945.88,Crew
SI-0008344,S-004152,9082,484110,43668.24,Warehouse
SI-0008345,S-004152,5606,236115,48124.66,Truck
SI-0008346,S-004153,9082,541612,37023.63,Truck
SI-0008347,S-004154,5606,236115,18192.68,Storefront
SI-0008348,S-004154,8397,484110,35558.35,Office
SI-0008349,S-004155,5606,541612,56725.85,Office
SI-0008350,S-004155,8397,722513,50603.34,Truck
SI-0008351,S-004155,8397,541612,94663.08,Warehouse
SI-0008352,S-004156,7228,722513,14231.11,Storefront
SI-0008353,S-004156,3724,238220,23700.48,Warehouse
SI-0008354,S-004156,5606,236115,113521.28,Storefront
SI-0008355,S-004157,3632,722513,77102.01,Crew
SI-0008356,S-004157,3632,484110,27757.2,Office
SI-0008357,S-004158,7228,541511,31087.61,Office
SI-0008358,S-004158,9082,561720,106812.76,Warehouse
SI-0008359,S-004159,5403,238320,42517.33,Truck
SI-0008360,S-004159,8397,722513,48589.43,Storefront
SI-0008361,S-004159,3724,722513,104150.47,Equipment
SI-0008362,S-004160,9082,238220,22566.03,Office
SI-0008363,S-004160,5403,236115,48770.08,Crew
SI-0008364,S-004161,5606,236115,39305.86,Office
SI-0008365,S-004161,3724,722513,32650.28,Truck
SI-0008366,S-004161,3724,722513,55963.39,Equipment
SI-0008367,S-004162,8810,238320,35071.23,Office
SI-0008368,S-004162,5403,484110,34237.18,Office
SI-0008369,S-004162,5606,722513,26674.15,Crew
SI-0008370,S-004163,8810,484110,54042.44,Storefront
SI-0008371,S-004164,3632,541511,32148.75,Crew
SI-0008372,S-004165,5403,722513,32663.65,Truck
SI-0008373,S-004166,5606,541511,49809.61,Equipment
SI-0008374,S-004166,8397,541511,32922.23,Truck
SI-0008375,S-004167,8397,541612,27067.24,Crew
SI-0008376,S-004167,8810,238320,63134.54,Warehouse
SI-0008377,S-004167,3632,484110,20264.57,Storefront
SI-0008378,S-004168,7228,541612,69304.65,Crew
SI-0008379,S-004169,5403,561720,52726.44,Equipment
SI-0008380,S-004170,9082,541612,9485.05,Storefront
SI-0008381,S-004171,7228,236115,25774.15,Truck
SI-0008382,S-004171,7228,561720,45282.92,Office
SI-0008383,S-004172,7228,238220,18535.88,Equipment
SI-0008384,S-004173,8397,541612,17226.79,Office
SI-0008385,S-004173,7228,484110,32778.5,Warehouse
SI-0008386,S-004173,3632,541511,16041.11,Storefront
SI-0008387,S-004174,5606,541511,116853.01,Warehouse
SI-0008388,S-004174,5403,541612,66567.93,Storefront
SI-0008389,S-004175,3724,238220,21297.5,Crew
SI-0008390,S-004175,3632,238220,25041.89,Warehouse
SI-0008391,S-004175,8810,236115,65151.72,Office
SI-0008392,S-004176,5403,238320,49783.15,Equipment
SI-0008393,S-004176,7228,541511,73004.84,Equipment
SI-0008394,S-004177,5606,238220,26621.15,Storefront
SI-0008395,S-004177,5403,238220,22706.93,Crew
SI-0008396,S-004178,9082,541511,26255.87,Storefront
SI-0008397,S-004178,5606,238320,50214.35,Warehouse
SI-0008398,S-004178,3724,238220,51595.59,Truck
SI-0008399,S-004179,8397,484110,48870.36,Truck
SI-0008400,S-004180,8397,238320,29151.8,Crew
SI-0008401,S-004180,3724,541511,27064.74,Storefront
SI-0008402,S-004181,5403,561720,55299.24,Truck
SI-0008403,S-004181,3724,238320,9745.08,Equipment
SI-0008404,S-004182,8810,484110,10209.52,Warehouse
SI-0008405,S-004183,3632,236115,22412.92,Crew
SI-0008406,S-004183,7228,541511,19932.45,Warehouse
SI-0008407,S-004184,5606,238220,88375.11,Storefront
SI-0008408,S-004184,5403,722513,12149.61,Office
SI-0008409,S-004184,5403,541612,19473.48,Storefront
SI-0008410,S-004185,9082,238220,74743.06,Storefront
SI-0008411,S-004185,8397,561720,13409.32,Warehouse
SI-0008412,S-004186,3724,238220,57968.96,Office
SI-0008413,S-004186,7228,561720,19697.74,Equipment
SI-0008414,S-004187,8810,236115,36078.24,Storefront
SI-0008415,S-004187,8397,236115,15043.03,Equipment
SI-0008416,S-004187,5606,238220,32711.71,Crew
SI-0008417,S-004188,7228,541511,11834.84,Crew
SI-0008418,S-004188,5606,236115,63075.15,Crew
SI-0008419,S-004188,3632,238320,21873.61,Truck
SI-0008420,S-004189,3632,541612,13951.51,Equipment
SI-0008421,S-004189,3632,541511,8198.2,Truck
SI-0008422,S-004190,7228,541612,23898.9,Truck
SI-0008423,S-004191,8810,238320,42492.75,Warehouse
SI-0008424,S-004192,9082,541511,43173.3,Truck
SI-0008425,S-004193,7228,541511,15447.32,Office
SI-0008426,S-004193,8397,238220,48906.66,Warehouse
SI-0008427,S-004194,5606,561720,34598.45,Truck
SI-0008428,S-004194,5606,236115,34016.66,Equipment
SI-0008429,S-004195,8810,236115,27256.33,Warehouse
SI-0008430,S-004195,7228,541511,8747.69,Office
SI-0008431,S-004195,7228,541612,51569.53,Truck
SI-0008432,S-004196,3724,236115,38104.24,Warehouse
SI-0008433,S-004196,3632,541511,37115.97,Crew
SI-0008434,S-004197,5606,541511,141799.91,Truck
SI-0008435,S-004197,3724,722513,7461.66,Warehouse
SI-0008436,S-004198,5606,722513,29683.8,Storefront
SI-0008437,S-004199,5606,541511,68916.21,Truck
SI-0008438,S-004199,5403,238320,13024.39,Equipment
SI-0008439,S-004199,5403,238220,26057.07,Equipment
SI-0008440,S-004200,9082,236115,10489.23,Equipment
SI-0008441,S-004201,3724,484110,67778.31,Crew
SI-0008442,S-004202,7228,722513,32163.96,Office
SI-0008443,S-004203,7228,484110,75850.7,Crew
SI-0008444,S-004203,3724,238220,28873.21,Storefront
SI-0008445,S-004203,5403,238320,35061.47,Truck
SI-0008446,S-004204,5606,238320,30672.14,Equipment
SI-0008447,S-004204,5403,238320,91576.48,Crew
SI-0008448,S-004205,7228,236115,15459.46,Storefront
SI-0008449,S-004205,3632,238220,35116.84,Crew
SI-0008450,S-004205,3724,236115,19168.62,Warehouse
SI-0008451,S-004206,8397,722513,35264.41,Crew
SI-0008452,S-004206,9082,561720,37267.88,Office
SI-0008453,S-004206,7228,484110,89394.38,Crew
SI-0008454,S-004207,9082,238320,14446.47,Crew
SI-0008455,S-004208,9082,238220,18989.45,Truck
SI-0008456,S-004208,5403,561720,122496.02,Storefront
SI-0008457,S-004209,9082,541612,75605.18,Truck
SI-0008458,S-004209,8397,238320,12050.32,Truck
SI-0008459,S-004210,8397,722513,33051.9,Truck
SI-0008460,S-004210,9082,238320,32492.93,Office
SI-0008461,S-004210,3724,722513,40604.92,Office
SI-0008462,S-004211,5606,484110,8017.95,Warehouse
SI-0008463,S-004211,5403,484110,4550.75,Equipment
SI-0008464,S-004211,3632,541511,11570.49,Warehouse
SI-0008465,S-004212,3632,541612,25296.0,Office
SI-0008466,S-004212,7228,722513,19525.32,Equipment
SI-0008467,S-004213,5606,722513,42146.72,Warehouse
SI-0008468,S-004213,5403,541612,49014.35,Office
SI-0008469,S-004213,8810,238320,17274.2,Office
SI-0008470,S-004214,3724,561720,10169.5,Equipment
SI-0008471,S-004214,5403,238220,136510.48,Storefront
SI-0008472,S-004215,8810,561720,12099.72,Warehouse
SI-0008473,S-004216,8810,541511,16017.82,Office
SI-0008474,S-004216,9082,561720,67384.44,Warehouse
SI-0008475,S-004216,5403,722513,44152.52,Equipment
SI-0008476,S-004217,8397,561720,128107.66,Office
SI-0008477,S-004217,9082,561720,31444.0,Office
SI-0008478,S-004218,5403,484110,28283.02,Truck
SI-0008479,S-004219,8397,541511,111777.71,Office
SI-0008480,S-004219,3632,484110,79091.06,Storefront
SI-0008481,S-004219,3632,722513,45799.58,Equipment
SI-0008482,S-004220,8810,484110,28136.52,Truck
SI-0008483,S-004221,5403,238220,12714.11,Equipment
SI-0008484,S-004221,3724,484110,132921.38,Warehouse
SI-0008485,S-004221,3632,561720,13974.52,Office
SI-0008486,S-004222,3632,541612,22728.14,Warehouse
SI-0008487,S-004223,3632,722513,33972.61,Truck
SI-0008488,S-004223,5403,541612,19876.27,Office
SI-0008489,S-004224,8397,561720,36675.21,Equipment
SI-0008490,S-004225,8810,722513,116940.12,Warehouse
SI-0008491,S-004225,9082,484110,33434.43,Truck
SI-0008492,S-004226,8397,484110,52228.75,Crew
SI-0008493,S-004227,3724,238220,21441.33,Truck
SI-0008494,S-004228,3724,236115,42435.6,Office
SI-0008495,S-004228,8810,484110,55375.17,Office
SI-0008496,S-004229,3724,236115,16321.43,Office
SI-0008497,S-004230,5403,236115,98553.36,Crew
SI-0008498,S-004231,8397,541612,20515.0,Crew
SI-0008499,S-004231,9082,236115,17267.89,Office
SI-0008500,S-004232,9082,722513,20499.05,Truck
SI-0008501,S-004233,5606,541511,12561.09,Crew
SI-0008502,S-004233,5606,722513,37962.18,Crew
SI-0008503,S-004234,5403,541511,48746.76,Truck
SI-0008504,S-004235,9082,484110,67157.48,Crew
SI-0008505,S-004236,8810,484110,23855.66,Warehouse
SI-0008506,S-004236,8810,722513,25908.52,Crew
SI-0008507,S-004236,7228,561720,32943.19,Crew
SI-0008508,S-004237,5403,238320,8496.19,Warehouse
SI-0008509,S-004237,8810,484110,65300.61,Truck
SI-0008510,S-004238,3724,238220,58974.52,Storefront
SI-0008511,S-004239,3632,561720,13779.69,Equipment
SI-0008512,S-004240,7228,561720,19482.28,Truck
SI-0008513,S-004240,5403,238320,12748.48,Office
SI-0008514,S-004240,3632,238320,56516.87,Truck
SI-0008515,S-004241,7228,236115,32317.05,Crew
SI-0008516,S-004241,3632,541511,92625.75,Equipment
SI-0008517,S-004241,8397,541511,19729.24,Truck
SI-0008518,S-004242,7228,236115,25949.26,Truck
SI-0008519,S-004242,8397,561720,51567.05,Office
SI-0008520,S-004242,8810,484110,5160.76,Storefront
SI-0008521,S-004243,3724,238220,24740.99,Truck
SI-0008522,S-004243,3724,484110,108765.64,Crew
SI-0008523,S-004244,3724,561720,32846.63,Crew
SI-0008524,S-004244,3632,238220,45719.65,Truck
SI-0008525,S-004245,5403,722513,61718.63,Truck
SI-0008526,S-004245,8397,484110,18974.57,Truck
SI-0008527,S-004245,5403,238220,15033.16,Equipment
SI-0008528,S-004246,3632,238320,39275.9,Crew
SI-0008529,S-004247,8397,541511,9501.92,Office
SI-0008530,S-004247,8810,238320,8999.42,Crew
SI-0008531,S-004247,5403,722513,72701.5,Crew
SI-0008532,S-004248,8810,722513,19688.52,Office
SI-0008533,S-004248,5403,238320,26182.3,Office
SI-0008534,S-004249,3632,236115,35909.98,Crew
SI-0008535,S-004249,5403,541612,45867.91,Storefront
SI-0008536,S-004249,3724,238220,24548.41,Office
SI-0008537,S-004250,3724,722513,7717.11,Warehouse
SI-0008538,S-004250,8810,236115,20843.16,Equipment
SI-0008539,S-004250,5403,722513,11134.84,Crew
SI-0008540,S-004251,3724,541511,27130.52,Storefront
SI-0008541,S-004251,8810,561720,20499.72,Equipment
SI-0008542,S-004251,9082,541511,23177.76,Truck
SI-0008543,S-004252,8397,236115,50803.88,Warehouse
SI-0008544,S-004252,7228,541511,56897.2,Office
SI-0008545,S-004253,3724,561720,30395.08,Warehouse
SI-0008546,S-004253,9082,238220,41739.1,Crew
SI-0008547,S-004254,8397,561720,55831.3,Warehouse
SI-0008548,S-004254,5403,236115,105414.12,Warehouse
SI-0008549,S-004254,5606,236115,27132.12,Equipment
SI-0008550,S-004255,7228,722513,202975.43,Office
SI-0008551,S-004255,8810,541511,21011.38,Storefront
SI-0008552,S-004255,9082,238220,216987.62,Equipment
SI-0008553,S-004256,3724,722513,63131.47,Office
SI-0008554,S-004257,8397,238320,41373.25,Equipment
SI-0008555,S-004258,9082,541612,26754.27,Storefront
SI-0008556,S-004259,3724,541511,65675.64,Storefront
SI-0008557,S-004259,7228,541511,39107.45,Office
SI-0008558,S-004259,7228,722513,79560.81,Crew
SI-0008559,S-004260,7228,541511,26070.81,Equipment
SI-0008560,S-004260,8397,484110,65814.5,Warehouse
SI-0008561,S-004260,7228,722513,13168.03,Storefront
SI-0008562,S-004261,3724,541511,68425.16,Crew
SI-0008563,S-004262,8397,238220,46594.78,Crew
SI-0008564,S-004263,3724,236115,60726.07,Truck
SI-0008565,S-004264,5606,236115,64381.29,Office
SI-0008566,S-004264,5403,541511,34367.03,Equipment
SI-0008567,S-004265,3632,484110,38494.52,Storefront
SI-0008568,S-004265,7228,561720,16732.17,Warehouse
SI-0008569,S-004265,8810,541511,39262.76,Equipment
SI-0008570,S-004266,5403,561720,89365.84,Warehouse
SI-0008571,S-004267,8397,541612,59183.23,Equipment
SI-0008572,S-004267,8397,238320,32107.3,Crew
SI-0008573,S-004268,3632,238320,54211.79,Storefront
SI-0008574,S-004269,7228,561720,29149.8,Truck
SI-0008575,S-004269,5403,722513,113832.1,Crew
SI-0008576,S-004269,5403,236115,53826.98,Truck
SI-0008577,S-004270,3724,236115,8977.76,Truck
SI-0008578,S-004270,9082,238220,42741.46,Warehouse
SI-0008579,S-004271,3632,722513,35997.56,Truck
SI-0008580,S-004272,8810,541612,20442.65,Crew
SI-0008581,S-004272,8810,541511,16006.79,Warehouse
SI-0008582,S-004272,8397,722513,14164.26,Office
SI-0008583,S-004273,5606,541612,25064.08,Crew
SI-0008584,S-004273,8810,238320,39236.32,Truck
SI-0008585,S-004273,9082,561720,24790.23,Storefront
SI-0008586,S-004274,8397,238320,29412.75,Storefront
SI-0008587,S-004274,5403,238320,28815.61,Equipment
SI-0008588,S-004275,8810,484110,14658.32,Equipment
SI-0008589,S-004275,9082,238220,55749.16,Equipment
SI-0008590,S-004276,5403,722513,40715.15,Office
SI-0008591,S-004276,8810,722513,32227.87,Office
SI-0008592,S-004277,7228,722513,23973.96,Equipment
SI-0008593,S-004278,5606,238220,57853.27,Warehouse
SI-0008594,S-004279,3724,561720,42787.58,Equipment
SI-0008595,S-004279,8810,236115,44330.12,Equipment
SI-0008596,S-004279,5606,541511,83288.13,Storefront
SI-0008597,S-004280,7228,541612,37308.85,Truck
SI-0008598,S-004280,3724,238220,66893.64,Crew
SI-0008599,S-004281,5606,238320,27688.8,Crew
SI-0008600,S-004281,8810,541612,131728.49,Storefront
SI-0008601,S-004282,3632,561720,65928.01,Office
SI-0008602,S-004282,9082,484110,15455.53,Office
SI-0008603,S-004282,5606,722513,12382.48,Truck
SI-0008604,S-004283,8810,484110,13507.43,Truck
SI-0008605,S-004284,5606,541612,34694.74,Truck
SI-0008606,S-004284,5403,722513,35293.35,Warehouse
SI-0008607,S-004284,3632,561720,29963.33,Crew
SI-0008608,S-004285,9082,238320,56899.64,Storefront
SI-0008609,S-004285,5606,561720,19196.6,Storefront
SI-0008610,S-004285,3632,541612,22112.77,Storefront
SI-0008611,S-004286,5606,238220,24827.54,Storefront
SI-0008612,S-004286,8397,722513,41793.02,Equipment
SI-0008613,S-004287,7228,561720,35440.4,Warehouse
SI-0008614,S-004287,3632,561720,75385.45,Crew
SI-0008615,S-004288,8810,238320,22524.91,Office
SI-0008616,S-004288,8810,238320,37330.65,Storefront
SI-0008617,S-004288,9082,541612,45605.72,Office
SI-0008618,S-004289,7228,484110,63439.88,Storefront
SI-0008619,S-004289,9082,541612,28653.45,Storefront
SI-0008620,S-004289,5606,484110,4654.8,Office
SI-0008621,S-004290,3724,541612,29982.16,Office
SI-0008622,S-004290,3724,722513,27929.48,Warehouse
SI-0008623,S-004290,3724,722513,40922.56,Truck
SI-0008624,S-004291,5606,541511,23595.2,Office
SI-0008625,S-004291,8397,236115,51561.2,Office
SI-0008626,S-004292,8810,236115,22687.98,Crew
SI-0008627,S-004292,7228,238220,18262.65,Truck
SI-0008628,S-004292,9082,238220,92196.34,Crew
SI-0008629,S-004293,5606,541612,32789.66,Truck
SI-0008630,S-004294,3632,722513,6324.66,Equipment
SI-0008631,S-004295,7228,561720,23704.62,Truck
SI-0008632,S-004296,7228,541511,70192.05,Truck
SI-0008633,S-004296,5606,484110,17844.9,Equipment
SI-0008634,S-004296,9082,236115,92577.71,Truck
SI-0008635,S-004297,5606,484110,73656.32,Crew
SI-0008636,S-004297,3724,238220,12874.28,Warehouse
SI-0008637,S-004297,8397,238220,44880.15,Office
SI-0008638,S-004298,5606,722513,45267.25,Warehouse
SI-0008639,S-004298,5606,722513,9163.33,Warehouse
SI-0008640,S-004298,8810,236115,53958.92,Office
SI-0008641,S-004299,3724,238220,82502.58,Crew
SI-0008642,S-004299,8810,541511,40501.77,Office
SI-0008643,S-004300,5606,238320,16586.03,Crew
SI-0008644,S-004301,9082,236115,44784.76,Truck
SI-0008645,S-004301,7228,236115,45676.52,Truck
SI-0008646,S-004301,7228,238320,25752.04,Crew
SI-0008647,S-004302,3724,722513,23232.43,Equipment
SI-0008648,S-004303,8810,238320,18757.15,Warehouse
SI-0008649,S-004304,8810,484110,50644.81,Warehouse
SI-0008650,S-004304,9082,238220,21474.51,Truck
SI-0008651,S-004305,9082,561720,26845.68,Equipment
SI-0008652,S-004305,3724,238220,38486.11,Storefront
SI-0008653,S-004306,5606,484110,19245.79,Equipment
SI-0008654,S-004307,8810,722513,25280.77,Office
SI-0008655,S-004307,5403,541511,110232.88,Crew
SI-0008656,S-004308,3724,238320,12441.53,Equipment
SI-0008657,S-004308,7228,484110,18065.61,Storefront
SI-0008658,S-004309,3724,238220,22018.29,Crew
SI-0008659,S-004309,8810,484110,48236.13,Crew
SI-0008660,S-004310,3724,722513,23901.64,Truck
SI-0008661,S-004310,8810,561720,46202.17,Warehouse
SI-0008662,S-004310,5403,541612,6909.77,Storefront
SI-0008663,S-004311,5606,236115,53726.75,Storefront
SI-0008664,S-004311,8810,484110,27986.59,Storefront
SI-0008665,S-004312,8397,541612,35262.76,Truck
SI-0008666,S-004313,7228,238220,33120.45,Storefront
SI-0008667,S-004313,5403,722513,91184.47,Truck
SI-0008668,S-004313,8810,561720,24268.54,Crew
SI-0008669,S-004314,8810,484110,15439.28,Warehouse
SI-0008670,S-004315,8810,561720,72890.03,Office
SI-0008671,S-004315,3724,541511,7673.79,Storefront
SI-0008672,S-004315,5606,561720,25140.63,Equipment
SI-0008673,S-004316,3632,722513,69191.92,Warehouse
SI-0008674,S-004317,3632,236115,65663.17,Truck
SI-0008675,S-004318,5606,541612,85993.99,Truck
SI-0008676,S-004318,8810,238220,17391.68,Office
SI-0008677,S-004318,3632,541511,21413.47,Equipment
SI-0008678,S-004319,8397,541511,43681.22,Crew
SI-0008679,S-004319,3724,238220,110119.1,Office
SI-0008680,S-004319,3632,541511,25659.05,Office
SI-0008681,S-004320,9082,561720,13501.82,Equipment
SI-0008682,S-004320,5403,561720,46321.12,Warehouse
SI-0008683,S-004321,8810,722513,34679.23,Equipment
SI-0008684,S-004322,5606,236115,31376.91,Storefront
SI-0008685,S-004322,8810,484110,23237.92,Truck
SI-0008686,S-004323,8810,541612,37810.52,Equipment
SI-0008687,S-004323,3724,236115,26754.97,Equipment
SI-0008688,S-004323,3724,484110,14432.16,Warehouse
SI-0008689,S-004324,8810,238220,56407.83,Warehouse
SI-0008690,S-004325,7228,236115,13838.06,Crew
SI-0008691,S-004326,8397,238320,39500.88,Equipment
SI-0008692,S-004326,5606,541511,144968.51,Office
SI-0008693,S-004327,9082,561720,43451.72,Crew
SI-0008694,S-004328,3724,722513,64201.08,Truck
SI-0008695,S-004329,5403,541612,27067.64,Storefront
SI-0008696,S-004330,3632,561720,5584.55,Warehouse
SI-0008697,S-004331,3724,238320,186643.54,Office
SI-0008698,S-004331,5606,541511,59181.44,Crew
SI-0008699,S-004331,5606,236115,30455.69,Equipment
SI-0008700,S-004332,5403,236115,48595.08,Office
SI-0008701,S-004333,3724,236115,51280.32,Office
SI-0008702,S-004333,8397,238220,42326.37,Truck
SI-0008703,S-004333,9082,541612,64434.45,Storefront
SI-0008704,S-004334,7228,722513,64958.5,Warehouse
SI-0008705,S-004334,7228,722513,49179.19,Office
SI-0008706,S-004334,9082,541511,21196.24,Equipment
SI-0008707,S-004335,7228,236115,4698.19,Crew
SI-0008708,S-004335,5606,541511,20735.79,Crew
SI-0008709,S-004336,5606,541612,23319.22,Warehouse
SI-0008710,S-004336,8397,561720,48354.92,Warehouse
SI-0008711,S-004337,5606,722513,21456.71,Equipment
SI-0008712,S-004337,5403,484110,41813.48,Equipment
SI-0008713,S-004338,5606,238320,24670.12,Office
SI-0008714,S-004338,7228,238220,42070.19,Crew
SI-0008715,S-004338,9082,541612,63269.73,Office
SI-0008716,S-004339,9082,541612,63328.04,Office
SI-0008717,S-004339,9082,561720,72246.69,Storefront
SI-0008718,S-004340,7228,561720,47412.87,Equipment
SI-0008719,S-004341,8397,722513,33127.8,Crew
SI-0008720,S-004341,3632,541612,21345.53,Storefront
SI-0008721,S-004341,7228,238220,29433.12,Truck
SI-0008722,S-004342,9082,238320,40689.1,Equipment
SI-0008723,S-004342,5403,722513,23957.22,Office
SI-0008724,S-004343,8397,541612,34003.28,Office
SI-0008725,S-004344,9082,238320,29730.0,Equipment
SI-0008726,S-004345,3632,238320,25483.53,Truck
SI-0008727,S-004346,5403,722513,42903.52,Warehouse
SI-0008728,S-004347,7228,238220,45221.68,Warehouse
SI-0008729,S-004347,5403,561720,21313.47,Equipment
SI-0008730,S-004347,3632,238220,18330.63,Storefront
SI-0008731,S-004348,3632,236115,22908.78,Crew
SI-0008732,S-004348,8397,722513,49414.14,Warehouse
SI-0008733,S-004348,8397,541511,46263.23,Equipment
SI-0008734,S-004349,7228,484110,27264.87,Truck
SI-0008735,S-004349,5403,484110,15330.15,Crew
SI-0008736,S-004349,5606,236115,39871.46,Truck
SI-0008737,S-004350,5606,541612,76206.14,Warehouse
SI-0008738,S-004350,3724,236115,32429.32,Storefront
SI-0008739,S-004350,9082,541612,63558.05,Equipment
SI-0008740,S-004351,8810,561720,47809.35,Storefront
SI-0008741,S-004351,5403,722513,61354.73,Storefront
SI-0008742,S-004352,3724,236115,59712.87,Warehouse
SI-0008743,S-004352,5403,541511,37522.25,Equipment
SI-0008744,S-004352,9082,238220,15019.37,Equipment
SI-0008745,S-004353,9082,238320,10512.44,Equipment
SI-0008746,S-004354,5403,541612,28461.98,Office
SI-0008747,S-004355,9082,561720,31595.44,Office
SI-0008748,S-004355,8810,541612,10121.49,Truck
SI-0008749,S-004356,8397,484110,12650.4,Storefront
SI-0008750,S-004356,3632,561720,7810.42,Equipment
SI-0008751,S-004356,5606,238320,54706.39,Equipment
SI-0008752,S-004357,8810,238220,14140.2,Crew
SI-0008753,S-004357,5403,561720,38077.26,Office
SI-0008754,S-004357,9082,722513,22679.76,Equipment
SI-0008755,S-004358,5606,484110,17753.64,Equipment
SI-0008756,S-004358,7228,722513,56917.98,Office
SI-0008757,S-004359,5606,484110,31361.04,Equipment
SI-0008758,S-004359,8810,561720,18224.73,Storefront
SI-0008759,S-004360,8397,484110,22410.66,Crew
SI-0008760,S-004360,3724,238220,136593.93,Crew
SI-0008761,S-004360,5403,484110,20923.91,Storefront
SI-0008762,S-004361,5403,561720,21018.8,Storefront
SI-0008763,S-004361,8810,484110,21635.4,Storefront
SI-0008764,S-004361,8810,238320,46552.72,Equipment
SI-0008765,S-004362,9082,541511,74967.06,Equipment
SI-0008766,S-004362,8397,561720,37610.15,Equipment
SI-0008767,S-004362,5606,541511,13195.43,Truck
SI-0008768,S-004363,8810,238220,14425.45,Crew
SI-0008769,S-004364,5606,541612,52153.83,Equipment
SI-0008770,S-004365,3724,238220,39077.96,Storefront
SI-0008771,S-004366,5403,484110,32689.55,Equipment
SI-0008772,S-004366,5606,561720,22001.75,Storefront
SI-0008773,S-004366,3632,238320,31521.45,Crew
SI-0008774,S-004367,3632,541511,97197.61,Warehouse
SI-0008775,S-004367,9082,722513,14430.19,Office
SI-0008776,S-004367,8397,236115,43297.35,Warehouse
SI-0008777,S-004368,3632,561720,45447.38,Crew
SI-0008778,S-004369,8397,238220,33700.52,Truck
SI-0008779,S-004369,5403,541612,66342.76,Office
SI-0008780,S-004370,7228,484110,27180.92,Equipment
SI-0008781,S-004371,8810,561720,25926.55,Equipment
SI-0008782,S-004372,3724,541511,51221.4,Storefront
SI-0008783,S-004372,8810,238320,46203.23,Warehouse
SI-0008784,S-004373,3632,541511,54320.14,Equipment
SI-0008785,S-004373,5403,722513,40144.33,Equipment
SI-0008786,S-004373,7228,541612,36198.28,Storefront
SI-0008787,S-004374,7228,541511,73267.99,Storefront
SI-0008788,S-004374,9082,484110,149034.29,Warehouse
SI-0008789,S-004374,8397,541511,35102.09,Crew
SI-0008790,S-004375,3724,541612,72455.31,Office
SI-0008791,S-004375,9082,541511,15741.56,Crew
SI-0008792,S-004376,9082,722513,24928.68,Truck
SI-0008793,S-004376,8397,541511,10013.47,Truck
SI-0008794,S-004376,9082,561720,15538.31,Equipment
SI-0008795,S-004377,7228,541511,21950.45,Storefront
SI-0008796,S-004378,8810,541612,31252.01,Office
SI-0008797,S-004379,9082,236115,60788.58,Truck
SI-0008798,S-004380,3632,541511,20411.45,Truck
SI-0008799,S-004380,3724,541612,20627.19,Storefront
SI-0008800,S-004381,9082,561720,22014.76,Warehouse
SI-0008801,S-004382,8810,541612,16112.54,Truck
SI-0008802,S-004383,5403,561720,48538.37,Equipment
SI-0008803,S-004383,9082,238320,72949.47,Truck
SI-0008804,S-004384,5606,238220,26983.33,Truck
SI-0008805,S-004384,7228,722513,20568.4,Equipment
SI-0008806,S-004385,9082,541612,83720.13,Storefront
SI-0008807,S-004385,8397,561720,123800.58,Truck
SI-0008808,S-004385,3632,236115,27077.98,Storefront
SI-0008809,S-004386,5606,541612,37790.73,Truck
SI-0008810,S-004386,3632,541612,34738.49,Warehouse
SI-0008811,S-004386,7228,484110,51627.55,Equipment
SI-0008812,S-004387,5606,541612,25654.35,Warehouse
SI-0008813,S-004388,8397,238220,77074.08,Crew
SI-0008814,S-004388,5403,541612,47049.66,Office
SI-0008815,S-004389,5606,561720,33584.19,Crew
SI-0008816,S-004390,3724,236115,23563.99,Truck
SI-0008817,S-004390,8397,238220,33735.03,Warehouse
SI-0008818,S-004391,5403,541511,11970.37,Truck
SI-0008819,S-004391,8397,238220,10189.3,Truck
SI-0008820,S-004392,8810,238320,17630.13,Office
SI-0008821,S-004393,8397,541511,33047.16,Storefront
SI-0008822,S-004394,5403,541511,36330.82,Warehouse
SI-0008823,S-004394,7228,722513,65256.46,Equipment
SI-0008824,S-004395,8397,238220,81968.59,Storefront
SI-0008825,S-004395,3724,484110,11901.12,Truck
SI-0008826,S-004395,5403,238320,33334.75,Storefront
SI-0008827,S-004396,9082,722513,22603.5,Truck
SI-0008828,S-004396,9082,238320,26199.35,Storefront
SI-0008829,S-004396,5606,722513,80690.1,Equipment
SI-0008830,S-004397,5403,541511,12138.13,Crew
SI-0008831,S-004397,5403,541612,72057.37,Crew
SI-0008832,S-004398,5403,541612,24076.55,Equipment
SI-0008833,S-004398,9082,561720,15652.79,Storefront
SI-0008834,S-004399,7228,541511,63023.57,Equipment
SI-0008835,S-004400,9082,561720,19839.41,Warehouse
SI-0008836,S-004400,9082,541511,47292.14,Warehouse
SI-0008837,S-004400,3632,236115,44846.33,Equipment
SI-0008838,S-004401,9082,541511,47007.98,Truck
SI-0008839,S-004402,5606,722513,36334.51,Warehouse
SI-0008840,S-004403,8397,541612,18885.68,Equipment
SI-0008841,S-004403,8810,238320,24915.76,Warehouse
SI-0008842,S-004403,7228,722513,27705.76,Office
SI-0008843,S-004404,5403,238320,88942.41,Office
SI-0008844,S-004405,9082,722513,108485.78,Storefront
SI-0008845,S-004405,5403,236115,70635.08,Warehouse
SI-0008846,S-004406,5403,541511,26695.5,Storefront
SI-0008847,S-004407,5403,236115,72739.19,Warehouse
SI-0008848,S-004408,8397,561720,25179.88,Truck
SI-0008849,S-004408,3724,238320,56213.63,Crew
SI-0008850,S-004408,5403,541511,13961.27,Truck
SI-0008851,S-004409,5403,541511,28878.61,Office
SI-0008852,S-004409,3724,236115,68426.82,Crew
SI-0008853,S-004410,8810,484110,45222.84,Office
SI-0008854,S-004410,3632,484110,18245.96,Warehouse
SI-0008855,S-004410,7228,541511,54432.51,Storefront
SI-0008856,S-004411,9082,238220,39133.3,Storefront
SI-0008857,S-004411,8810,236115,155918.93,Crew
SI-0008858,S-004411,3632,541612,34392.72,Equipment
SI-0008859,S-004412,8397,722513,28398.68,Truck
SI-0008860,S-004413,3724,238320,18916.09,Office
SI-0008861,S-004413,8397,236115,31888.9,Equipment
SI-0008862,S-004413,3632,541612,48153.92,Storefront
SI-0008863,S-004414,7228,484110,34883.75,Equipment
SI-0008864,S-004414,7228,484110,122102.71,Storefront
SI-0008865,S-004414,9082,561720,125295.74,Office
SI-0008866,S-004415,3632,238320,25581.94,Crew
SI-0008867,S-004415,3724,722513,28123.93,Truck
SI-0008868,S-004415,9082,722513,77068.51,Crew
SI-0008869,S-004416,9082,238320,33164.08,Equipment
SI-0008870,S-004416,8397,722513,21895.77,Equipment
SI-0008871,S-004416,8810,561720,11957.81,Crew
SI-0008872,S-004417,8397,238220,28750.28,Equipment
SI-0008873,S-004418,5606,236115,54237.24,Crew
SI-0008874,S-004418,9082,722513,22975.19,Warehouse
SI-0008875,S-004419,3724,236115,11299.9,Equipment
SI-0008876,S-004419,3724,238320,62742.89,Office
SI-0008877,S-004420,3632,238220,19229.91,Equipment
SI-0008878,S-004420,7228,541511,27631.96,Crew
SI-0008879,S-004421,5606,236115,19028.66,Truck
SI-0008880,S-004421,9082,722513,58011.7,Warehouse
SI-0008881,S-004422,9082,238320,16362.13,Storefront
SI-0008882,S-004422,3724,561720,12247.42,Equipment
SI-0008883,S-004423,8397,541511,36255.28,Crew
SI-0008884,S-004423,3632,238220,20102.58,Truck
SI-0008885,S-004424,5403,236115,25354.69,Crew
SI-0008886,S-004424,8810,561720,30225.65,Storefront
SI-0008887,S-004425,8810,238220,34494.46,Equipment
SI-0008888,S-004426,3632,238220,36887.07,Crew
SI-0008889,S-004426,7228,236115,31124.11,Equipment
SI-0008890,S-004426,3632,484110,17134.24,Truck
SI-0008891,S-004427,5403,238320,18452.69,Truck
SI-0008892,S-004427,3724,722513,37981.55,Warehouse
SI-0008893,S-004428,3632,561720,55474.14,Crew
SI-0008894,S-004428,8810,484110,25804.99,Truck
SI-0008895,S-004428,3724,722513,78851.43,Crew
SI-0008896,S-004429,5606,541511,11022.32,Storefront
SI-0008897,S-004429,8397,238320,12417.3,Office
SI-0008898,S-004429,7228,238320,127520.66,Warehouse
SI-0008899,S-004430,3724,541511,8677.36,Equipment
SI-0008900,S-004430,5606,238220,41370.66,Equipment
SI-0008901,S-004431,3724,238220,64074.15,Equipment
SI-0008902,S-004431,8810,722513,9985.09,Warehouse
SI-0008903,S-004432,8810,722513,43743.45,Office
SI-0008904,S-004432,9082,541612,54576.61,Storefront
SI-0008905,S-004433,8397,238220,12609.44,Truck
SI-0008906,S-004434,3724,236115,44421.87,Office
SI-0008907,S-004435,3632,541612,10663.52,Crew
SI-0008908,S-004435,9082,722513,19628.99,Warehouse
SI-0008909,S-004435,8397,484110,49963.9,Warehouse
SI-0008910,S-004436,3724,722513,37079.86,Storefront
SI-0008911,S-004436,5403,561720,26615.54,Storefront
SI-0008912,S-004436,3632,484110,60876.65,Storefront
SI-0008913,S-004437,5403,722513,84766.33,Storefront
SI-0008914,S-004437,7228,238220,24057.88,Office
SI-0008915,S-004438,7228,722513,12982.47,Crew
SI-0008916,S-004438,3724,238220,47145.73,Truck
SI-0008917,S-004438,5403,722513,74442.33,Storefront
SI-0008918,S-004439,3632,238220,36360.28,Office
SI-0008919,S-004440,7228,484110,4930.36,Office
SI-0008920,S-004440,9082,541612,38825.43,Office
SI-0008921,S-004441,7228,484110,34799.59,Storefront
SI-0008922,S-004441,8810,722513,24656.34,Storefront
SI-0008923,S-004441,5403,561720,68760.64,Office
SI-0008924,S-004442,5403,238320,45433.69,Equipment
SI-0008925,S-004443,8810,238320,50963.03,Truck
SI-0008926,S-004443,3632,722513,55423.74,Storefront
SI-0008927,S-004443,8397,541612,47513.38,Storefront
SI-0008928,S-004444,8397,484110,61210.54,Storefront
SI-0008929,S-004444,9082,238320,20503.12,Equipment
SI-0008930,S-004445,9082,541511,20195.81,Crew
SI-0008931,S-004445,5606,561720,55001.58,Warehouse
SI-0008932,S-004446,7228,541511,18574.65,Equipment
SI-0008933,S-004446,7228,484110,85481.86,Equipment
SI-0008934,S-004447,8397,541511,22071.97,Warehouse
SI-0008935,S-004447,7228,236115,56385.43,Truck
SI-0008936,S-004448,5403,541612,18231.51,Crew
SI-0008937,S-004448,7228,238220,8558.33,Warehouse
SI-0008938,S-004449,9082,722513,42465.57,Truck
SI-0008939,S-004450,9082,541612,24306.7,Truck
SI-0008940,S-004451,5403,722513,39324.93,Warehouse
SI-0008941,S-004452,5606,541612,22201.29,Office
SI-0008942,S-004452,5403,238320,49077.56,Warehouse
SI-0008943,S-004452,8397,484110,68151.07,Truck
SI-0008944,S-004453,7228,484110,31101.4,Storefront
SI-0008945,S-004453,8397,541511,19671.04,Office
SI-0008946,S-004454,5606,238220,65956.1,Office
SI-0008947,S-004454,5606,722513,42470.16,Truck
SI-0008948,S-004455,5403,238320,40275.71,Equipment
SI-0008949,S-004455,5403,541511,22435.31,Office
SI-0008950,S-004456,8397,236115,11354.43,Truck
SI-0008951,S-004456,5606,484110,36422.48,Crew
SI-0008952,S-004457,7228,541511,24094.07,Warehouse
SI-0008953,S-004457,7228,722513,12298.92,Storefront
SI-0008954,S-004457,3724,722513,14875.61,Equipment
SI-0008955,S-004458,8397,484110,34455.38,Truck
SI-0008956,S-004459,7228,541612,53768.75,Storefront
SI-0008957,S-004460,5403,236115,44684.54,Warehouse
SI-0008958,S-004460,3724,541511,23095.86,Crew
SI-0008959,S-004460,9082,561720,21026.95,Warehouse
SI-0008960,S-004461,8397,722513,51968.81,Storefront
SI-0008961,S-004461,9082,541612,53390.33,Crew
SI-0008962,S-004461,5403,236115,15177.96,Crew
SI-0008963,S-004462,8810,238220,31907.57,Storefront
SI-0008964,S-004462,5606,561720,27735.86,Storefront
SI-0008965,S-004462,8397,236115,76730.71,Equipment
SI-0008966,S-004463,5606,484110,101474.46,Warehouse
SI-0008967,S-004464,7228,722513,22918.29,Crew
SI-0008968,S-004464,9082,722513,22600.76,Office
SI-0008969,S-004465,8397,484110,50816.4,Storefront
SI-0008970,S-004465,8810,236115,164832.01,Crew
SI-0008971,S-004465,8810,561720,9167.85,Office
SI-0008972,S-004466,8810,561720,17113.45,Equipment
SI-0008973,S-004466,5606,722513,9550.44,Truck
SI-0008974,S-004466,7228,238320,26790.53,Office
SI-0008975,S-004467,5403,238320,33436.1,Office
SI-0008976,S-004467,5606,541511,28691.47,Storefront
SI-0008977,S-004467,9082,541511,85534.65,Storefront
SI-0008978,S-004468,3632,541612,75799.36,Equipment
SI-0008979,S-004468,3632,541511,38336.02,Truck
SI-0008980,S-004468,8397,238320,124132.39,Storefront
SI-0008981,S-004469,3632,722513,81797.87,Crew
SI-0008982,S-004469,7228,238220,32380.03,Warehouse
SI-0008983,S-004470,5403,238320,21573.55,Equipment
SI-0008984,S-004471,7228,484110,94622.55,Truck
SI-0008985,S-004471,3724,541612,72386.98,Equipment
SI-0008986,S-004472,5606,722513,17914.04,Equipment
SI-0008987,S-004472,3724,561720,29508.4,Office
SI-0008988,S-004473,5606,238320,55525.4,Warehouse
SI-0008989,S-004474,5606,541511,17850.68,Truck
SI-0008990,S-004475,9082,541612,26830.42,Storefront
SI-0008991,S-004475,5606,238220,57260.01,Warehouse
SI-0008992,S-004475,3632,561720,53076.98,Crew
SI-0008993,S-004476,5606,238320,102434.91,Office
SI-0008994,S-004476,9082,236115,33941.94,Truck
SI-0008995,S-004477,3724,561720,44355.07,Equipment
SI-0008996,S-004477,8810,484110,86686.22,Office
SI-0008997,S-004478,3632,722513,30891.86,Truck
SI-0008998,S-004479,3724,484110,23415.45,Warehouse
SI-0008999,S-004479,7228,238220,3520.29,Office
SI-0009000,S-004480,8397,236115,76333.98,Crew
SI-0009001,S-004480,5606,236115,55567.05,Truck
SI-0009002,S-004480,8810,484110,20473.57,Equipment
SI-0009003,S-004481,5403,541511,14201.13,Truck
SI-0009004,S-004482,9082,238220,43390.11,Equipment
SI-0009005,S-004482,7228,238320,42067.72,Truck
SI-0009006,S-004483,3724,238320,97305.72,Truck
SI-0009007,S-004483,8810,238220,26864.28,Warehouse
SI-0009008,S-004483,9082,238320,36272.59,Crew
SI-0009009,S-004484,9082,484110,29627.61,Truck
SI-0009010,S-004484,9082,541612,9778.21,Truck
SI-0009011,S-004484,8810,722513,23792.45,Storefront
SI-0009012,S-004485,8397,236115,36447.74,Warehouse
SI-0009013,S-004485,9082,236115,73043.85,Crew
SI-0009014,S-004485,5606,561720,36291.15,Warehouse
SI-0009015,S-004486,7228,238320,48066.97,Equipment
SI-0009016,S-004487,8397,238220,91469.83,Equipment
SI-0009017,S-004487,8810,722513,21982.54,Storefront
SI-0009018,S-004488,5606,541511,68267.01,Crew
SI-0009019,S-004489,3632,541511,16085.5,Crew
SI-0009020,S-004490,3632,484110,34440.94,Equipment
SI-0009021,S-004490,5606,238220,14481.41,Storefront
SI-0009022,S-004491,5606,722513,24517.37,Equipment
SI-0009023,S-004492,8397,561720,28693.17,Office
SI-0009024,S-004492,3724,541612,26221.15,Truck
SI-0009025,S-004492,8810,561720,28562.65,Equipment
SI-0009026,S-004493,3724,722513,65912.12,Storefront
SI-0009027,S-004493,5606,238220,103992.77,Equipment
SI-0009028,S-004494,5606,541612,18441.8,Office
SI-0009029,S-004495,8397,238320,17743.8,Storefront
SI-0009030,S-004496,5606,561720,31413.86,Crew
SI-0009031,S-004496,7228,722513,21197.84,Storefront
SI-0009032,S-004497,9082,484110,13155.38,Warehouse
SI-0009033,S-004497,7228,722513,37694.94,Storefront
SI-0009034,S-004497,7228,484110,56839.44,Crew
SI-0009035,S-004498,3724,541511,8253.57,Office
SI-0009036,S-004498,5606,484110,18738.65,Equipment
SI-0009037,S-004498,7228,541612,13678.31,Equipment
SI-0009038,S-004499,9082,561720,56874.07,Storefront
SI-0009039,S-004499,8810,238320,45844.66,Truck
SI-0009040,S-004500,3632,238320,22557.98,Equipment
SI-0009041,S-004500,8397,238220,41198.21,Truck
SI-0009042,S-004500,5606,238320,32395.44,Office
SI-0009043,S-004501,5606,238220,30037.16,Storefront
SI-0009044,S-004501,3724,236115,28755.76,Office
SI-0009045,S-004501,3724,236115,34218.93,Equipment
SI-0009046,S-004502,5403,236115,14191.32,Truck
SI-0009047,S-004503,5403,238220,106097.19,Crew
SI-0009048,S-004503,5606,236115,20766.71,Office
SI-0009049,S-004504,7228,722513,55836.7,Office
SI-0009050,S-004504,9082,722513,36199.97,Truck
SI-0009051,S-004505,8397,238320,34077.57,Equipment
SI-0009052,S-004505,5606,541511,55821.68,Warehouse
SI-0009053,S-004506,8397,238220,51232.67,Crew
SI-0009054,S-004506,3632,541612,18410.03,Warehouse
SI-0009055,S-004506,8397,238320,34131.78,Office
SI-0009056,S-004507,9082,484110,28728.56,Equipment
SI-0009057,S-004507,8397,541511,21988.31,Warehouse
SI-0009058,S-004507,8397,238320,118254.52,Truck
SI-0009059,S-004508,5606,238320,98229.67,Storefront
SI-0009060,S-004508,5606,541612,6767.38,Equipment
SI-0009061,S-004508,5403,238220,30664.4,Office
SI-0009062,S-004509,9082,541511,29974.88,Crew
SI-0009063,S-004509,8397,484110,39454.59,Office
SI-0009064,S-004509,7228,561720,27346.67,Warehouse
SI-0009065,S-004510,3632,722513,58628.36,Crew
SI-0009066,S-004511,5403,484110,13827.38,Storefront
SI-0009067,S-004512,3632,722513,15701.75,Warehouse
SI-0009068,S-004512,3724,541612,34517.57,Warehouse
SI-0009069,S-004513,7228,722513,16689.65,Truck
SI-0009070,S-004513,8397,238220,23872.62,Crew
SI-0009071,S-004514,9082,484110,36653.34,Storefront
SI-0009072,S-004514,7228,541612,109859.72,Storefront
SI-0009073,S-004515,3632,484110,103803.66,Storefront
SI-0009074,S-004515,5606,484110,66280.33,Truck
SI-0009075,S-004516,7228,561720,23491.77,Warehouse
SI-0009076,S-004517,9082,238220,52265.34,Equipment
SI-0009077,S-004517,9082,541612,27448.44,Equipment
SI-0009078,S-004517,7228,541612,26238.99,Office
SI-0009079,S-004518,8397,484110,23733.24,Warehouse
SI-0009080,S-004518,5606,722513,62201.43,Equipment
SI-0009081,S-004519,8397,541612,35591.47,Truck
SI-0009082,S-004520,8397,236115,25375.25,Warehouse
SI-0009083,S-004521,8397,238220,37276.02,Office
SI-0009084,S-004521,8810,484110,15015.37,Storefront
SI-0009085,S-004521,8397,236115,33113.38,Storefront
SI-0009086,S-004522,3632,484110,23403.48,Truck
SI-0009087,S-004523,3724,561720,26464.27,Warehouse
SI-0009088,S-004524,9082,561720,26853.95,Crew
SI-0009089,S-004525,9082,561720,33379.51,Warehouse
SI-0009090,S-004525,7228,236115,48680.08,Crew
SI-0009091,S-004526,8810,722513,6027.71,Storefront
SI-0009092,S-004526,9082,236115,25723.9,Storefront
SI-0009093,S-004527,3724,541511,19339.99,Truck
SI-0009094,S-004527,5403,236115,26742.85,Warehouse
SI-0009095,S-004527,5403,541612,46982.66,Office
SI-0009096,S-004528,9082,238320,21922.47,Office
SI-0009097,S-004528,9082,238220,25395.89,Warehouse
SI-0009098,S-004528,5403,236115,59035.55,Office
SI-0009099,S-004529,3632,238220,33643.73,Truck
SI-0009100,S-004529,8810,484110,19111.28,Warehouse
SI-0009101,S-004530,8397,541511,50503.71,Office
SI-0009102,S-004531,3632,484110,25922.94,Storefront
SI-0009103,S-004531,5403,541612,14900.39,Storefront
SI-0009104,S-004532,7228,722513,9081.6,Crew
SI-0009105,S-004533,3632,541612,17438.99,Office
SI-0009106,S-004533,7228,541612,40449.74,Truck
SI-0009107,S-004534,5606,484110,57122.95,Warehouse
SI-0009108,S-004534,8397,236115,10231.91,Office
SI-0009109,S-004534,9082,238320,21963.7,Office
SI-0009110,S-004535,3632,484110,10337.43,Crew
SI-0009111,S-004536,8397,484110,46215.9,Warehouse
SI-0009112,S-004536,5606,541612,33428.02,Crew
SI-0009113,S-004536,9082,541612,19110.78,Equipment
SI-0009114,S-004537,3632,484110,55188.08,Crew
SI-0009115,S-004537,8397,541612,39936.51,Crew
SI-0009116,S-004538,3724,238320,46723.02,Equipment
SI-0009117,S-004538,5403,541511,33042.79,Office
SI-0009118,S-004538,5606,238320,40951.16,Crew
SI-0009119,S-004539,8810,541511,23023.97,Office
SI-0009120,S-004539,9082,236115,56728.01,Storefront
SI-0009121,S-004539,5606,484110,31250.59,Equipment
SI-0009122,S-004540,7228,236115,46534.16,Crew
SI-0009123,S-004540,8810,238220,47924.37,Office
SI-0009124,S-004541,9082,541511,38595.08,Warehouse
SI-0009125,S-004542,8810,238320,16669.12,Truck
SI-0009126,S-004542,8397,541612,90535.75,Warehouse
SI-0009127,S-004542,3632,722513,14614.0,Crew
SI-0009128,S-004543,5606,722513,20842.33,Warehouse
SI-0009129,S-004543,7228,236115,14024.96,Office
SI-0009130,S-004543,7228,238320,21599.15,Storefront
SI-0009131,S-004544,5403,541612,38544.82,Truck
SI-0009132,S-004544,7228,541511,16855.72,Crew
SI-0009133,S-004544,8397,238220,24667.67,Storefront
SI-0009134,S-004545,9082,541612,48534.95,Equipment
SI-0009135,S-004546,5403,561720,44788.32,Storefront
SI-0009136,S-004546,3724,238320,12698.78,Crew
SI-0009137,S-004547,5606,541511,9072.01,Equipment
SI-0009138,S-004548,5606,722513,32487.93,Storefront
SI-0009139,S-004548,9082,238220,30527.24,Office
SI-0009140,S-004548,7228,541511,76121.25,Truck
SI-0009141,S-004549,5403,236115,81542.31,Office
SI-0009142,S-004550,7228,238320,41800.94,Storefront
SI-0009143,S-004551,3724,561720,68815.84,Storefront
SI-0009144,S-004551,7228,722513,14420.79,Warehouse
SI-0009145,S-004552,3724,236115,25431.7,Truck
SI-0009146,S-004553,7228,238320,27779.01,Equipment
SI-0009147,S-004554,9082,561720,17845.36,Storefront
SI-0009148,S-004554,3724,238220,35886.22,Equipment
SI-0009149,S-004555,7228,722513,37413.11,Warehouse
SI-0009150,S-004556,9082,541612,15287.55,Storefront
SI-0009151,S-004556,8810,238220,41676.07,Warehouse
SI-0009152,S-004557,5403,238220,56841.82,Storefront
SI-0009153,S-004557,3724,722513,65801.05,Warehouse
SI-0009154,S-004557,3632,541612,19452.04,Truck
SI-0009155,S-004558,5606,722513,26298.41,Office
SI-0009156,S-004559,7228,561720,80704.46,Truck
SI-0009157,S-004560,8397,541612,38679.54,Warehouse
SI-0009158,S-004560,3632,238320,23686.38,Office
SI-0009159,S-004560,7228,238320,40362.52,Truck
SI-0009160,S-004561,7228,561720,37314.4,Storefront
SI-0009161,S-004561,8397,484110,72411.61,Storefront
SI-0009162,S-004561,5606,238320,12722.37,Crew
SI-0009163,S-004562,8810,236115,30300.33,Warehouse
SI-0009164,S-004562,3724,484110,10532.86,Crew
SI-0009165,S-004562,8810,541511,24669.6,Warehouse
SI-0009166,S-004563,5403,484110,69378.34,Equipment
SI-0009167,S-004563,8810,484110,30988.63,Warehouse
SI-0009168,S-004563,5606,722513,33067.49,Crew
SI-0009169,S-004564,3632,722513,31254.05,Crew
SI-0009170,S-004564,3724,238220,37728.39,Crew
SI-0009171,S-004565,8397,541511,19803.06,Warehouse
SI-0009172,S-004565,9082,541511,37548.37,Equipment
SI-0009173,S-004565,5403,541511,29229.91,Crew
SI-0009174,S-004566,8810,238220,13867.11,Equipment
SI-0009175,S-004566,5403,238320,10603.89,Storefront
SI-0009176,S-004567,9082,561720,19477.92,Crew
SI-0009177,S-004567,5606,238220,48224.31,Office
SI-0009178,S-004567,8810,238320,66432.78,Crew
SI-0009179,S-004568,5403,561720,60809.74,Truck
SI-0009180,S-004568,5606,722513,44312.9,Truck
SI-0009181,S-004568,5606,238320,9462.66,Crew
SI-0009182,S-004569,9082,484110,25148.91,Crew
SI-0009183,S-004569,8810,238220,55995.84,Storefront
SI-0009184,S-004570,3724,238220,55772.21,Truck
SI-0009185,S-004570,8810,722513,24558.82,Office
SI-0009186,S-004570,5606,722513,22485.87,Office
SI-0009187,S-004571,7228,484110,14154.1,Truck
SI-0009188,S-004571,3632,541612,30671.77,Warehouse
SI-0009189,S-004571,3632,561720,17706.89,Truck
SI-0009190,S-004572,8397,722513,28824.85,Crew
SI-0009191,S-004573,7228,236115,14557.72,Office
SI-0009192,S-004574,3632,238320,99507.34,Equipment
SI-0009193,S-004575,7228,722513,45700.61,Warehouse
SI-0009194,S-004575,5606,238320,22367.42,Storefront
SI-0009195,S-004575,3632,238220,26458.87,Storefront
SI-0009196,S-004576,9082,541511,34392.15,Crew
SI-0009197,S-004576,3632,238320,22098.79,Office
SI-0009198,S-004576,3632,541612,30687.08,Storefront
SI-0009199,S-004577,8810,484110,58038.82,Equipment
SI-0009200,S-004577,3632,484110,95953.62,Equipment
SI-0009201,S-004578,8397,238220,29793.6,Crew
SI-0009202,S-004578,8397,722513,72770.92,Storefront
SI-0009203,S-004579,5403,238320,39270.35,Truck
SI-0009204,S-004579,8810,236115,17768.07,Office
SI-0009205,S-004579,3632,238220,13070.18,Office
SI-0009206,S-004580,3724,541511,20239.78,Storefront
SI-0009207,S-004580,3632,238220,64258.04,Equipment
SI-0009208,S-004580,8810,722513,39120.41,Storefront
SI-0009209,S-004581,3632,541612,32607.93,Truck
SI-0009210,S-004582,5606,561720,35880.69,Crew
SI-0009211,S-004582,3724,722513,23092.53,Crew
SI-0009212,S-004582,9082,541612,9429.61,Truck
SI-0009213,S-004583,5403,238220,30611.81,Equipment
SI-0009214,S-004583,9082,236115,30680.29,Office
SI-0009215,S-004583,5606,238320,24669.44,Storefront
SI-0009216,S-004584,5403,484110,24274.14,Crew
SI-0009217,S-004584,5606,238320,15425.85,Warehouse
SI-0009218,S-004584,7228,484110,71798.24,Truck
SI-0009219,S-004585,3724,561720,29339.33,Storefront
SI-0009220,S-004585,7228,541511,26789.66,Equipment
SI-0009221,S-004585,3724,484110,25904.07,Crew
SI-0009222,S-004586,3632,236115,76689.57,Storefront
SI-0009223,S-004586,9082,238220,21659.34,Equipment
SI-0009224,S-004586,3724,541612,10098.11,Crew
SI-0009225,S-004587,5403,236115,91663.0,Equipment
SI-0009226,S-004587,8397,541612,102024.83,Truck
SI-0009227,S-004588,3632,238220,27139.11,Storefront
SI-0009228,S-004589,5606,561720,11651.23,Warehouse
SI-0009229,S-004590,8810,561720,13684.01,Crew
SI-0009230,S-004590,5403,541511,61744.39,Office
SI-0009231,S-004590,7228,541511,30311.9,Equipment
SI-0009232,S-004591,7228,236115,153518.89,Storefront
SI-0009233,S-004591,8397,541612,88702.3,Storefront
SI-0009234,S-004591,5606,541511,29016.91,Storefront
SI-0009235,S-004592,5403,236115,13454.22,Truck
SI-0009236,S-004592,5403,238320,13023.39,Truck
SI-0009237,S-004593,3632,238220,43834.59,Office
SI-0009238,S-004593,9082,236115,37137.89,Equipment
SI-0009239,S-004594,9082,238220,25179.84,Storefront
SI-0009240,S-004594,5606,541612,39264.06,Storefront
SI-0009241,S-004595,3632,236115,8475.53,Crew
SI-0009242,S-004595,8810,238320,37359.71,Warehouse
SI-0009243,S-004596,3632,484110,28981.81,Storefront
SI-0009244,S-004596,8397,541511,38125.56,Equipment
SI-0009245,S-004596,9082,238220,31909.25,Crew
SI-0009246,S-004597,7228,238220,45512.38,Warehouse
SI-0009247,S-004597,8810,541511,21804.92,Truck
SI-0009248,S-004598,3632,238220,17313.52,Storefront
SI-0009249,S-004599,8810,236115,22880.96,Storefront
SI-0009250,S-004599,3724,238320,23554.93,Truck
SI-0009251,S-004599,3632,236115,41475.13,Crew
SI-0009252,S-004600,3724,541612,38127.41,Office
SI-0009253,S-004600,3724,484110,64349.16,Storefront
SI-0009254,S-004600,5606,238320,19221.14,Truck
SI-0009255,S-004601,7228,541511,25754.77,Truck
SI-0009256,S-004602,9082,238320,36610.73,Storefront
SI-0009257,S-004603,3724,722513,35162.99,Warehouse
SI-0009258,S-004603,9082,722513,18406.32,Truck
SI-0009259,S-004603,8810,238220,48630.07,Office
SI-0009260,S-004604,8397,561720,7583.33,Equipment
SI-0009261,S-004604,9082,484110,11265.96,Office
SI-0009262,S-004604,3724,236115,55394.74,Crew
SI-0009263,S-004605,5606,541511,44791.78,Warehouse
SI-0009264,S-004605,3724,238320,46541.28,Equipment
SI-0009265,S-004605,8810,238320,53675.02,Crew
SI-0009266,S-004606,7228,238320,111533.0,Office
SI-0009267,S-004607,7228,722513,33872.29,Storefront
SI-0009268,S-004608,7228,561720,69129.14,Truck
SI-0009269,S-004609,8810,484110,7098.56,Equipment
SI-0009270,S-004610,3632,722513,20461.52,Warehouse
SI-0009271,S-004611,8397,484110,47983.26,Equipment
SI-0009272,S-004611,5606,722513,35248.34,Equipment
SI-0009273,S-004612,3632,484110,22102.78,Office
SI-0009274,S-004612,8810,238320,61045.5,Crew
SI-0009275,S-004613,3632,541612,49728.05,Office
SI-0009276,S-004614,5606,238220,44048.38,Storefront
SI-0009277,S-004614,5606,238220,22546.91,Equipment
SI-0009278,S-004614,5606,238320,25553.17,Truck
SI-0009279,S-004615,7228,561720,50806.61,Truck
SI-0009280,S-004615,7228,541511,28559.34,Truck
SI-0009281,S-004615,5403,484110,64883.88,Equipment
SI-0009282,S-004616,3724,541511,19789.44,Truck
SI-0009283,S-004616,5606,238220,11045.63,Crew
SI-0009284,S-004616,3724,561720,9889.44,Equipment
SI-0009285,S-004617,7228,722513,33999.7,Truck
SI-0009286,S-004618,7228,238220,36222.22,Office
SI-0009287,S-004618,9082,236115,74442.45,Storefront
SI-0009288,S-004619,3632,561720,48852.06,Equipment
SI-0009289,S-004619,3724,238220,30520.59,Truck
SI-0009290,S-004619,5606,541612,31861.25,Crew
SI-0009291,S-004620,3724,722513,12193.29,Storefront
SI-0009292,S-004620,5403,484110,15215.6,Equipment
SI-0009293,S-004621,8397,541511,36796.81,Warehouse
SI-0009294,S-004621,7228,722513,17686.04,Crew
SI-0009295,S-004622,3724,541612,25528.49,Office
SI-0009296,S-004622,5606,236115,97223.75,Warehouse
SI-0009297,S-004622,8397,238320,71707.86,Truck
SI-0009298,S-004623,3632,238320,20682.49,Office
SI-0009299,S-004623,3632,541511,29471.9,Crew
SI-0009300,S-004623,5606,238320,63044.77,Office
SI-0009301,S-004624,5606,238220,36342.34,Crew
SI-0009302,S-004624,3632,541511,31571.91,Crew
SI-0009303,S-004625,3632,238220,14563.23,Storefront
SI-0009304,S-004626,8397,484110,24599.51,Crew
SI-0009305,S-004627,3632,541612,15963.63,Equipment
SI-0009306,S-004627,8397,541612,126352.88,Storefront
SI-0009307,S-004627,8397,722513,34781.17,Crew
SI-0009308,S-004628,8397,484110,52172.08,Warehouse
SI-0009309,S-004629,5606,484110,88889.2,Office
SI-0009310,S-004629,8810,541612,30653.24,Equipment
SI-0009311,S-004629,3724,484110,20289.18,Warehouse
SI-0009312,S-004630,8810,236115,56175.91,Warehouse
SI-0009313,S-004631,8810,484110,27450.5,Crew
SI-0009314,S-004632,5606,484110,30667.17,Office
SI-0009315,S-004632,3724,484110,54533.08,Office
SI-0009316,S-004632,8810,236115,22179.93,Truck
SI-0009317,S-004633,5606,238320,32723.75,Storefront
SI-0009318,S-004633,8810,238220,17778.1,Office
SI-0009319,S-004634,5403,236115,28955.78,Truck
SI-0009320,S-004634,5403,541511,137319.65,Office
SI-0009321,S-004635,8397,541511,10176.45,Truck
SI-0009322,S-004635,9082,541612,26993.31,Office
SI-0009323,S-004635,8810,236115,29460.21,Equipment
SI-0009324,S-004636,5606,238320,109866.14,Warehouse
SI-0009325,S-004637,3724,484110,61938.05,Warehouse
SI-0009326,S-004638,8810,238220,54607.51,Equipment
SI-0009327,S-004638,3632,238220,32890.61,Equipment
SI-0009328,S-004638,5403,541612,8455.77,Office
SI-0009329,S-004639,8810,722513,38925.26,Storefront
SI-0009330,S-004639,8810,238220,39235.96,Truck
SI-0009331,S-004639,7228,541612,28058.14,Equipment
SI-0009332,S-004640,3632,541511,80464.77,Truck
SI-0009333,S-004640,8810,236115,20437.24,Crew
SI-0009334,S-004641,5403,561720,22497.55,Crew
SI-0009335,S-004641,9082,561720,34217.85,Warehouse
SI-0009336,S-004642,7228,238320,75180.95,Office
SI-0009337,S-004642,3632,561720,106605.18,Warehouse
SI-0009338,S-004642,5403,722513,33878.79,Crew
SI-0009339,S-004643,9082,561720,23415.17,Crew
SI-0009340,S-004643,5606,238220,7867.6,Warehouse
SI-0009341,S-004644,3632,561720,6057.54,Equipment
SI-0009342,S-004644,9082,541612,155249.25,Storefront
SI-0009343,S-004644,7228,236115,22537.73,Warehouse
SI-0009344,S-004645,8810,236115,61942.27,Truck
SI-0009345,S-004645,3632,541612,199152.2,Crew
SI-0009346,S-004646,5403,722513,20701.81,Crew
SI-0009347,S-004647,3724,484110,99683.45,Office
SI-0009348,S-004647,3724,238320,20001.27,Equipment
SI-0009349,S-004648,8810,541511,198914.33,Office
SI-0009350,S-004649,8397,236115,35495.54,Equipment
SI-0009351,S-004650,3724,238320,60720.44,Crew
SI-0009352,S-004650,8810,541612,15685.54,Crew
SI-0009353,S-004651,5403,561720,6076.27,Equipment
SI-0009354,S-004652,5606,541511,35152.94,Crew
SI-0009355,S-004653,8810,722513,81167.73,Warehouse
SI-0009356,S-004654,8397,722513,72911.46,Office
SI-0009357,S-004654,8810,236115,50892.28,Storefront
SI-0009358,S-004655,5606,236115,25579.84,Storefront
SI-0009359,S-004655,3632,236115,14762.16,Storefront
SI-0009360,S-004656,7228,238220,16540.98,Truck
SI-0009361,S-004656,7228,541612,38940.13,Storefront
SI-0009362,S-004656,3632,561720,8246.84,Crew
SI-0009363,S-004657,8397,722513,23062.91,Equipment
SI-0009364,S-004657,3724,238320,13068.26,Warehouse
SI-0009365,S-004658,5403,236115,26229.5,Storefront
SI-0009366,S-004658,3724,541511,64877.13,Crew
SI-0009367,S-004659,5403,541511,82578.03,Truck
SI-0009368,S-004659,5606,238320,14016.34,Truck
SI-0009369,S-004659,5403,541612,45326.44,Office
SI-0009370,S-004660,5403,722513,261379.09,Warehouse
SI-0009371,S-004661,5606,722513,47168.06,Truck
SI-0009372,S-004661,5606,561720,45442.07,Office
SI-0009373,S-004661,5606,484110,21179.43,Truck
SI-0009374,S-004662,8810,238320,23023.73,Crew
SI-0009375,S-004662,3632,541511,34742.67,Truck
SI-0009376,S-004663,9082,238320,9559.49,Warehouse
SI-0009377,S-004663,3724,561720,25851.56,Warehouse
SI-0009378,S-004664,9082,484110,19383.26,Storefront
SI-0009379,S-004665,8397,484110,15811.41,Crew
SI-0009380,S-004665,5403,541511,13458.88,Storefront
SI-0009381,S-004665,3632,541612,24197.03,Warehouse
SI-0009382,S-004666,3632,541511,45078.78,Truck
SI-0009383,S-004666,9082,238220,17934.67,Storefront
SI-0009384,S-004666,3724,238320,27390.19,Crew
SI-0009385,S-004667,8810,722513,49988.4,Warehouse
SI-0009386,S-004667,8397,722513,46394.7,Truck
SI-0009387,S-004667,5403,561720,47476.37,Storefront
SI-0009388,S-004668,5606,484110,74631.79,Office
SI-0009389,S-004669,7228,541612,26786.81,Storefront
SI-0009390,S-004670,7228,236115,23950.07,Crew
SI-0009391,S-004671,8810,238220,80032.16,Storefront
SI-0009392,S-004672,3632,722513,19031.46,Storefront
SI-0009393,S-004672,5606,236115,51709.08,Crew
SI-0009394,S-004672,3632,238320,21699.36,Truck
SI-0009395,S-004673,7228,541511,20876.46,Warehouse
SI-0009396,S-004674,3724,541612,32534.73,Warehouse
SI-0009397,S-004674,5403,541511,64591.93,Crew
SI-0009398,S-004674,5606,238220,10377.36,Crew
SI-0009399,S-004675,7228,236115,46392.95,Crew
SI-0009400,S-004675,7228,236115,7744.0,Crew
SI-0009401,S-004675,3632,541511,46984.59,Crew
SI-0009402,S-004676,3632,561720,13390.77,Warehouse
SI-0009403,S-004677,3724,236115,50365.93,Truck
SI-0009404,S-004678,3632,722513,58161.62,Equipment
SI-0009405,S-004678,8810,484110,66600.28,Crew
SI-0009406,S-004679,3632,541612,37652.16,Warehouse
SI-0009407,S-004679,3632,722513,68591.02,Warehouse
SI-0009408,S-004680,3632,541511,25371.12,Warehouse
SI-0009409,S-004680,8810,561720,9682.23,Truck
SI-0009410,S-004681,9082,236115,20201.65,Office
SI-0009411,S-004681,8810,238320,8424.93,Crew
SI-0009412,S-004681,8810,541612,48471.57,Truck
SI-0009413,S-004682,9082,236115,17659.32,Crew
SI-0009414,S-004682,9082,541511,27867.07,Truck
SI-0009415,S-004682,9082,236115,6484.66,Warehouse
SI-0009416,S-004683,5403,238320,20318.25,Office
SI-0009417,S-004683,8397,238320,44643.42,Warehouse
SI-0009418,S-004684,5606,236115,14143.75,Warehouse
SI-0009419,S-004684,3724,236115,78804.77,Crew
SI-0009420,S-004684,8810,541511,8183.83,Warehouse
SI-0009421,S-004685,5606,236115,26894.61,Warehouse
SI-0009422,S-004686,9082,541612,34973.04,Truck
SI-0009423,S-004686,5403,541612,52287.47,Equipment
SI-0009424,S-004686,5606,561720,23892.7,Warehouse
SI-0009425,S-004687,7228,238220,23151.72,Truck
SI-0009426,S-004687,7228,238220,24533.56,Warehouse
SI-0009427,S-004688,8810,722513,98846.01,Warehouse
SI-0009428,S-004688,7228,236115,54751.06,Crew
SI-0009429,S-004688,8810,238320,8207.56,Warehouse
SI-0009430,S-004689,3724,541511,15102.23,Storefront
SI-0009431,S-004689,8810,238320,63987.68,Storefront
SI-0009432,S-004690,8810,722513,13880.96,Storefront
SI-0009433,S-004691,3632,236115,31395.64,Warehouse
SI-0009434,S-004691,3724,236115,36869.96,Storefront
SI-0009435,S-004691,8397,238320,38755.84,Warehouse
SI-0009436,S-004692,3632,236115,35565.33,Warehouse
SI-0009437,S-004692,5606,238220,38217.0,Warehouse
SI-0009438,S-004692,7228,238220,13280.88,Office
SI-0009439,S-004693,3724,484110,9581.0,Truck
SI-0009440,S-004693,5403,238320,24305.58,Warehouse
SI-0009441,S-004693,3724,561720,17587.08,Truck
SI-0009442,S-004694,5403,561720,21630.47,Equipment
SI-0009443,S-004694,8810,238220,73325.63,Storefront
SI-0009444,S-004694,5403,484110,124122.28,Warehouse
SI-0009445,S-004695,7228,238220,15042.68,Warehouse
SI-0009446,S-004695,5403,541511,16445.9,Crew
SI-0009447,S-004696,5403,238220,45100.57,Office
SI-0009448,S-004696,7228,541511,17353.0,Office
SI-0009449,S-004697,9082,238220,19446.63,Warehouse
SI-0009450,S-004697,5606,561720,25393.66,Truck
SI-0009451,S-004698,8810,238220,98481.11,Truck
SI-0009452,S-004698,5403,238220,15081.41,Crew
SI-0009453,S-004699,8810,561720,46614.66,Crew
SI-0009454,S-004700,5606,541511,20060.72,Office
SI-0009455,S-004700,5606,561720,26553.8,Warehouse
SI-0009456,S-004700,3724,561720,25824.54,Storefront
SI-0009457,S-004701,7228,238320,36948.08,Storefront
SI-0009458,S-004701,7228,238220,87492.02,Warehouse
SI-0009459,S-004701,5606,238320,33920.21,Warehouse
SI-0009460,S-004702,5606,484110,30239.62,Crew
SI-0009461,S-004702,8810,236115,40534.3,Crew
SI-0009462,S-004703,9082,561720,35843.5,Crew
SI-0009463,S-004703,3632,484110,10123.88,Truck
SI-0009464,S-004703,3724,238220,28084.01,Office
SI-0009465,S-004704,5403,236115,72408.15,Office
SI-0009466,S-004704,7228,484110,39478.01,Equipment
SI-0009467,S-004705,9082,541511,22472.96,Office
SI-0009468,S-004705,8397,541511,7224.04,Office
SI-0009469,S-004705,8810,238220,54465.88,Truck
SI-0009470,S-004706,7228,484110,18832.45,Crew
SI-0009471,S-004707,5403,238220,18802.02,Office
SI-0009472,S-004707,8397,238220,78473.71,Equipment
SI-0009473,S-004708,8810,238220,14944.96,Office
SI-0009474,S-004708,8810,541612,78512.13,Crew
SI-0009475,S-004708,9082,541511,102851.54,Warehouse
SI-0009476,S-004709,5606,541612,25421.43,Equipment
SI-0009477,S-004709,3724,236115,33874.38,Crew
SI-0009478,S-004710,3724,561720,24325.72,Warehouse
SI-0009479,S-004711,3724,236115,30343.24,Storefront
SI-0009480,S-004711,5403,722513,30504.85,Storefront
SI-0009481,S-004712,7228,561720,40441.24,Truck
SI-0009482,S-004712,7228,722513,41451.96,Equipment
SI-0009483,S-004712,5606,236115,26812.4,Equipment
SI-0009484,S-004713,5403,484110,40674.75,Equipment
SI-0009485,S-004713,5606,484110,55897.06,Warehouse
SI-0009486,S-004714,3724,238220,59692.79,Warehouse
SI-0009487,S-004714,5403,722513,81596.83,Equipment
SI-0009488,S-004715,7228,541612,18645.57,Equipment
SI-0009489,S-004715,3724,484110,12464.01,Warehouse
SI-0009490,S-004715,9082,236115,81151.45,Crew
SI-0009491,S-004716,8810,238220,16812.14,Truck
SI-0009492,S-004717,8810,722513,7266.77,Warehouse
SI-0009493,S-004717,3632,722513,82574.45,Crew
SI-0009494,S-004718,5606,561720,118824.37,Office
SI-0009495,S-004719,5403,238320,37815.36,Equipment
SI-0009496,S-004720,8810,236115,30045.67,Truck
SI-0009497,S-004720,3724,236115,28109.57,Crew
SI-0009498,S-004720,8810,236115,58441.85,Truck
SI-0009499,S-004721,9082,238320,29141.46,Truck
SI-0009500,S-004721,8397,561720,41085.63,Equipment
SI-0009501,S-004721,3724,236115,5840.47,Office
SI-0009502,S-004722,8397,238220,50083.06,Storefront
SI-0009503,S-004723,8397,541511,32169.16,Crew
SI-0009504,S-004724,9082,238220,7783.12,Storefront
SI-0009505,S-004725,3724,561720,37278.78,Storefront
SI-0009506,S-004725,7228,541511,27651.53,Storefront
SI-0009507,S-004725,7228,236115,14220.67,Crew
SI-0009508,S-004726,5606,541612,29148.52,Office
SI-0009509,S-004726,3724,561720,11143.52,Crew
SI-0009510,S-004726,8397,238220,40985.22,Warehouse
SI-0009511,S-004727,7228,561720,108125.94,Office
SI-0009512,S-004727,3632,236115,5884.91,Warehouse
SI-0009513,S-004728,5403,561720,47915.15,Equipment
SI-0009514,S-004728,3632,541511,24438.64,Office
SI-0009515,S-004729,3632,236115,100033.69,Crew
SI-0009516,S-004729,7228,541511,21176.28,Office
SI-0009517,S-004729,8810,484110,38076.3,Office
SI-0009518,S-004730,3724,541511,77473.63,Warehouse
SI-0009519,S-004730,5403,238320,34756.29,Warehouse
SI-0009520,S-004730,7228,238320,93263.82,Truck
SI-0009521,S-004731,8397,236115,70629.88,Crew
SI-0009522,S-004731,7228,722513,19135.33,Crew
SI-0009523,S-004731,3724,722513,38447.41,Warehouse
SI-0009524,S-004732,7228,541612,58578.11,Equipment
SI-0009525,S-004732,3724,561720,62519.5,Truck
SI-0009526,S-004732,5606,238320,42087.58,Crew
SI-0009527,S-004733,7228,238320,120933.64,Equipment
SI-0009528,S-004733,7228,238220,142895.87,Crew
SI-0009529,S-004733,3724,484110,96065.52,Truck
SI-0009530,S-004734,7228,541612,15592.01,Truck
SI-0009531,S-004734,8810,541511,15301.39,Storefront
SI-0009532,S-004735,9082,722513,11921.7,Office
SI-0009533,S-004735,3632,236115,49308.51,Storefront
SI-0009534,S-004735,8397,722513,26670.05,Crew
SI-0009535,S-004736,8397,236115,29164.13,Truck
SI-0009536,S-004737,5606,238320,61370.08,Storefront
SI-0009537,S-004737,5403,561720,50173.81,Storefront
SI-0009538,S-004737,3724,238320,30608.43,Office
SI-0009539,S-004738,9082,238220,98784.38,Crew
SI-0009540,S-004738,8397,236115,38823.02,Storefront
SI-0009541,S-004738,5606,722513,29162.71,Warehouse
SI-0009542,S-004739,5606,541511,17214.8,Equipment
SI-0009543,S-004739,5606,238320,24610.16,Office
SI-0009544,S-004739,9082,722513,52026.48,Truck
SI-0009545,S-004740,7228,238320,33809.04,Equipment
SI-0009546,S-004740,8810,238220,49226.23,Office
SI-0009547,S-004740,7228,541511,67518.1,Warehouse
SI-0009548,S-004741,5606,541511,119032.94,Storefront
SI-0009549,S-004742,3632,238220,53692.89,Warehouse
SI-0009550,S-004743,7228,541511,28903.55,Office
SI-0009551,S-004744,9082,541511,22254.24,Office
SI-0009552,S-004745,8397,238220,11834.1,Warehouse
SI-0009553,S-004745,5606,484110,124840.67,Warehouse
SI-0009554,S-004745,8810,238220,58542.28,Crew
SI-0009555,S-004746,8397,236115,13669.74,Storefront
SI-0009556,S-004746,3724,484110,17383.87,Equipment
SI-0009557,S-004747,3632,541511,45971.85,Equipment
SI-0009558,S-004747,3724,238320,29538.47,Truck
SI-0009559,S-004747,5606,541511,27382.4,Office
SI-0009560,S-004748,5403,238320,96648.25,Storefront
SI-0009561,S-004748,5606,484110,168629.1,Crew
SI-0009562,S-004748,9082,238220,16167.44,Truck
SI-0009563,S-004749,3632,541511,29083.33,Equipment
SI-0009564,S-004749,3632,238220,33655.98,Office
SI-0009565,S-004750,7228,541612,36069.45,Truck
SI-0009566,S-004750,7228,541612,21466.04,Truck
SI-0009567,S-004751,8810,541511,62321.76,Equipment
SI-0009568,S-004752,3632,238220,42134.52,Equipment
SI-0009569,S-004753,5403,722513,34692.2,Office
SI-0009570,S-004753,5403,236115,15801.52,Storefront
SI-0009571,S-004753,5606,561720,16826.76,Storefront
SI-0009572,S-004754,8810,238320,22155.34,Storefront
SI-0009573,S-004754,8397,541511,41485.42,Crew
SI-0009574,S-004754,5403,238320,72906.63,Equipment
SI-0009575,S-004755,3724,541511,17693.19,Crew
SI-0009576,S-004755,8397,484110,13258.71,Truck
SI-0009577,S-004755,5403,236115,95035.34,Crew
SI-0009578,S-004756,3724,541612,52488.6,Crew
SI-0009579,S-004756,9082,236115,13146.22,Storefront
SI-0009580,S-004756,8810,541511,33398.01,Crew
SI-0009581,S-004757,5606,238320,7252.56,Crew
SI-0009582,S-004757,8397,238220,47275.74,Crew
SI-0009583,S-004757,7228,236115,32048.01,Office
SI-0009584,S-004758,7228,541612,23816.64,Crew
SI-0009585,S-004758,9082,236115,45837.02,Equipment
SI-0009586,S-004758,3724,236115,37973.9,Office
SI-0009587,S-004759,3632,238320,110745.1,Storefront
SI-0009588,S-004760,5403,238220,19973.89,Warehouse
SI-0009589,S-004760,5403,236115,20614.66,Warehouse
SI-0009590,S-004761,8810,561720,44279.97,Office
SI-0009591,S-004761,7228,238220,29791.32,Truck
SI-0009592,S-004762,7228,236115,48522.41,Warehouse
SI-0009593,S-004762,8810,541511,60576.87,Warehouse
SI-0009594,S-004762,8810,541612,23170.74,Truck
SI-0009595,S-004763,7228,541612,30206.12,Office
SI-0009596,S-004763,8810,561720,34037.62,Warehouse
SI-0009597,S-004763,8397,541511,76715.63,Truck
SI-0009598,S-004764,5606,484110,49681.63,Truck
SI-0009599,S-004765,5606,561720,24772.74,Storefront
SI-0009600,S-004766,3632,541511,84457.65,Equipment
SI-0009601,S-004766,5403,541612,22691.17,Storefront
SI-0009602,S-004766,3724,541612,62128.09,Equipment
SI-0009603,S-004767,3632,561720,21978.17,Warehouse
SI-0009604,S-004767,5606,238320,55928.53,Storefront
SI-0009605,S-004767,8397,541511,9495.63,Warehouse
SI-0009606,S-004768,7228,236115,52971.69,Storefront
SI-0009607,S-004768,5403,722513,11425.44,Warehouse
SI-0009608,S-004768,5606,541511,13248.66,Warehouse
SI-0009609,S-004769,8397,238220,24110.13,Equipment
SI-0009610,S-004769,9082,722513,14025.52,Crew
SI-0009611,S-004770,3724,238320,38232.6,Equipment
SI-0009612,S-004770,8397,484110,6832.8,Truck
SI-0009613,S-004771,7228,561720,31793.36,Crew
SI-0009614,S-004772,3724,238220,45304.89,Crew
SI-0009615,S-004772,3724,541511,11082.42,Crew
SI-0009616,S-004773,9082,238320,40091.7,Warehouse
SI-0009617,S-004773,9082,722513,123285.3,Warehouse
SI-0009618,S-004773,7228,541511,92359.94,Storefront
SI-0009619,S-004774,5403,561720,61797.11,Crew
SI-0009620,S-004774,5606,541511,10309.98,Truck
SI-0009621,S-004775,3724,561720,20454.85,Storefront
SI-0009622,S-004776,3632,541511,65488.48,Storefront
SI-0009623,S-004776,5403,541511,31307.64,Storefront
SI-0009624,S-004777,8810,541612,44213.83,Crew
SI-0009625,S-004778,8397,541612,13566.51,Warehouse
SI-0009626,S-004778,9082,541612,50185.73,Crew
SI-0009627,S-004778,9082,722513,99129.87,Storefront
SI-0009628,S-004779,9082,541612,22681.9,Truck
SI-0009629,S-004779,3724,236115,15336.36,Equipment
SI-0009630,S-004779,5606,236115,53838.42,Truck
SI-0009631,S-004780,3724,484110,19187.32,Office
SI-0009632,S-004780,3724,561720,65465.28,Storefront
SI-0009633,S-004781,9082,238220,55974.6,Storefront
SI-0009634,S-004782,3724,484110,92083.49,Truck
SI-0009635,S-004782,5403,722513,29732.51,Storefront
SI-0009636,S-004782,7228,238320,12878.04,Storefront
SI-0009637,S-004783,3632,561720,116871.17,Crew
SI-0009638,S-004783,7228,484110,103334.07,Crew
SI-0009639,S-004784,3632,541612,133208.56,Truck
SI-0009640,S-004784,5606,541612,57430.57,Storefront
SI-0009641,S-004785,7228,561720,27235.26,Equipment
SI-0009642,S-004785,7228,484110,39584.12,Truck
SI-0009643,S-004785,5606,541612,62944.44,Crew
SI-0009644,S-004786,5403,238320,27262.62,Crew
SI-0009645,S-004786,7228,722513,89848.15,Warehouse
SI-0009646,S-004787,9082,722513,10945.38,Crew
SI-0009647,S-004787,3632,238320,68705.46,Office
SI-0009648,S-004787,8397,541612,70334.91,Crew
SI-0009649,S-004788,7228,236115,28132.04,Crew
SI-0009650,S-004788,3632,236115,12070.08,Office
SI-0009651,S-004789,8397,236115,47570.31,Truck
SI-0009652,S-004789,8810,561720,24284.28,Equipment
SI-0009653,S-004789,7228,238220,13789.94,Warehouse
SI-0009654,S-004790,3632,561720,12164.94,Equipment
SI-0009655,S-004791,8397,541511,37578.63,Truck
SI-0009656,S-004792,3632,484110,26928.73,Warehouse
SI-0009657,S-004792,9082,561720,57831.5,Equipment
SI-0009658,S-004792,3632,236115,45460.54,Truck
SI-0009659,S-004793,8397,236115,45276.72,Truck
SI-0009660,S-004793,8810,484110,138640.51,Warehouse
SI-0009661,S-004794,5606,541612,40012.32,Warehouse
SI-0009662,S-004794,3724,561720,25516.9,Warehouse
SI-0009663,S-004795,9082,238320,35384.99,Crew
SI-0009664,S-004795,9082,541511,55807.62,Office
SI-0009665,S-004795,5606,541612,19080.68,Warehouse
SI-0009666,S-004796,7228,541511,21725.76,Crew
SI-0009667,S-004796,8810,541511,73991.33,Office
SI-0009668,S-004797,7228,238220,54063.83,Truck
SI-0009669,S-004797,9082,238320,30354.7,Warehouse
SI-0009670,S-004798,8810,722513,23950.65,Truck
SI-0009671,S-004799,8810,541612,18900.14,Storefront
SI-0009672,S-004799,8810,236115,16023.81,Truck
SI-0009673,S-004799,3724,238320,33899.32,Truck
SI-0009674,S-004800,9082,722513,11303.43,Crew
SI-0009675,S-004800,8810,236115,33614.57,Equipment
SI-0009676,S-004800,9082,541612,46433.55,Crew
SI-0009677,S-004801,8810,541612,83423.05,Truck
SI-0009678,S-004801,7228,236115,94901.09,Crew
SI-0009679,S-004801,5403,541612,13894.55,Storefront
SI-0009680,S-004802,8397,238220,44116.24,Crew
SI-0009681,S-004803,3724,541612,21866.2,Storefront
SI-0009682,S-004803,3724,561720,30152.93,Office
SI-0009683,S-004803,8397,484110,8812.15,Storefront
SI-0009684,S-004804,9082,722513,32941.12,Equipment
SI-0009685,S-004804,3632,238320,45451.21,Storefront
SI-0009686,S-004804,5403,541612,39437.56,Crew
SI-0009687,S-004805,3724,236115,25549.09,Equipment
SI-0009688,S-004805,3632,541511,17258.92,Truck
SI-0009689,S-004806,8810,238320,33617.29,Storefront
SI-0009690,S-004807,9082,238320,33520.87,Storefront
SI-0009691,S-004807,7228,238320,83161.33,Truck
SI-0009692,S-004807,3724,561720,58513.73,Office
SI-0009693,S-004808,7228,541511,43284.38,Equipment
SI-0009694,S-004808,7228,541511,49931.62,Crew
SI-0009695,S-004808,3632,722513,17420.7,Warehouse
SI-0009696,S-004809,7228,541511,32862.5,Warehouse
SI-0009697,S-004810,5606,484110,120972.09,Office
SI-0009698,S-004811,9082,236115,33444.06,Crew
SI-0009699,S-004812,9082,236115,20426.17,Equipment
SI-0009700,S-004812,8397,238320,71371.41,Warehouse
SI-0009701,S-004813,3632,561720,17119.74,Equipment
SI-0009702,S-004814,5403,484110,35989.3,Truck
SI-0009703,S-004814,7228,236115,9026.22,Truck
SI-0009704,S-004814,8810,484110,10613.4,Warehouse
SI-0009705,S-004815,5606,238320,40537.77,Office
SI-0009706,S-004816,9082,238220,24126.47,Crew
SI-0009707,S-004816,5403,541612,19154.27,Storefront
SI-0009708,S-004816,8397,722513,16603.35,Warehouse
SI-0009709,S-004817,9082,238320,66009.7,Truck
SI-0009710,S-004817,3632,238220,63491.19,Crew
SI-0009711,S-004818,9082,236115,49745.93,Equipment
SI-0009712,S-004819,8397,722513,32008.63,Storefront
SI-0009713,S-004819,8810,238320,69465.76,Crew
SI-0009714,S-004820,8397,484110,21473.89,Storefront
SI-0009715,S-004820,8810,238220,33007.7,Equipment
SI-0009716,S-004821,5403,238220,66749.37,Warehouse
SI-0009717,S-004821,5403,722513,18419.61,Storefront
SI-0009718,S-004822,8810,236115,67522.52,Crew
SI-0009719,S-004822,3632,722513,15698.53,Storefront
SI-0009720,S-004823,7228,541511,24880.9,Warehouse
SI-0009721,S-004823,8397,541511,16661.23,Crew
SI-0009722,S-004824,8397,236115,42737.56,Crew
SI-0009723,S-004824,3724,238220,103280.46,Office
SI-0009724,S-004825,7228,238320,27060.26,Office
SI-0009725,S-004825,8397,238320,54336.56,Equipment
SI-0009726,S-004826,3724,541511,33361.13,Equipment
SI-0009727,S-004826,8810,541612,27669.63,Storefront
SI-0009728,S-004826,5403,541612,9988.05,Office
SI-0009729,S-004827,5403,236115,24025.09,Office
SI-0009730,S-004827,7228,541511,16728.06,Equipment
SI-0009731,S-004828,9082,484110,107805.81,Truck
SI-0009732,S-004828,8810,236115,29959.02,Equipment
SI-0009733,S-004829,7228,236115,31798.17,Office
SI-0009734,S-004829,5403,541511,41455.27,Truck
SI-0009735,S-004829,7228,541511,26754.18,Truck
SI-0009736,S-004830,3632,541612,39341.33,Storefront
SI-0009737,S-004830,3724,722513,25731.3,Office
SI-0009738,S-004831,3632,238220,38416.25,Office
SI-0009739,S-004831,9082,541511,37671.85,Storefront
SI-0009740,S-004831,7228,238220,16642.47,Storefront
SI-0009741,S-004832,3724,541612,43418.17,Truck
SI-0009742,S-004832,8810,236115,112996.25,Warehouse
SI-0009743,S-004833,3724,541612,12157.55,Warehouse
SI-0009744,S-004833,3724,238220,16493.1,Warehouse
SI-0009745,S-004834,7228,561720,47724.21,Warehouse
SI-0009746,S-004835,7228,236115,40485.69,Office
SI-0009747,S-004835,8397,238320,14974.39,Storefront
SI-0009748,S-004836,8397,541511,164203.05,Office
SI-0009749,S-004836,3724,238220,21631.71,Crew
SI-0009750,S-004837,3724,484110,27339.94,Equipment
SI-0009751,S-004837,8397,722513,18866.91,Equipment
SI-0009752,S-004838,8810,561720,176153.91,Crew
SI-0009753,S-004839,9082,541612,111163.37,Office
SI-0009754,S-004839,9082,541511,24164.39,Warehouse
SI-0009755,S-004840,3724,722513,40131.12,Equipment
SI-0009756,S-004840,3632,236115,13934.16,Storefront
SI-0009757,S-004841,9082,238320,25530.7,Office
SI-0009758,S-004841,3724,561720,19500.31,Equipment
SI-0009759,S-004842,5403,561720,17278.42,Truck
SI-0009760,S-004842,8397,541612,24826.92,Office
SI-0009761,S-004843,5606,238320,36413.62,Storefront
SI-0009762,S-004843,3724,236115,94070.68,Storefront
SI-0009763,S-004843,8397,541612,119831.53,Storefront
SI-0009764,S-004844,8397,484110,90215.39,Storefront
SI-0009765,S-004845,8810,236115,46915.21,Warehouse
SI-0009766,S-004846,3724,238220,26438.58,Warehouse
SI-0009767,S-004846,7228,561720,47851.79,Truck
SI-0009768,S-004846,8810,541511,25454.36,Warehouse
SI-0009769,S-004847,3632,561720,201057.63,Truck
SI-0009770,S-004847,3632,561720,43735.49,Storefront
SI-0009771,S-004847,8397,238320,105034.72,Storefront
SI-0009772,S-004848,3724,238320,91918.56,Warehouse
SI-0009773,S-004849,5606,541511,59126.27,Crew
SI-0009774,S-004849,7228,484110,19586.18,Crew
SI-0009775,S-004850,8810,541511,14489.76,Office
SI-0009776,S-004851,3724,236115,19099.42,Equipment
SI-0009777,S-004851,9082,541511,59704.75,Equipment
SI-0009778,S-004852,9082,236115,26514.38,Storefront
SI-0009779,S-004852,5606,722513,10907.1,Truck
SI-0009780,S-004853,3724,722513,40342.55,Truck
SI-0009781,S-004854,7228,236115,46832.64,Office
SI-0009782,S-004855,3632,561720,31674.15,Office
SI-0009783,S-004855,3632,541511,41492.27,Office
SI-0009784,S-004856,8397,541612,46861.1,Office
SI-0009785,S-004857,5403,236115,14098.81,Truck
SI-0009786,S-004857,3632,238320,31125.03,Office
SI-0009787,S-004858,5606,561720,26707.28,Equipment
SI-0009788,S-004858,5403,561720,37501.59,Crew
SI-0009789,S-004859,3724,541511,67752.48,Warehouse
SI-0009790,S-004859,5403,541511,58496.56,Office
SI-0009791,S-004859,8810,484110,16368.27,Crew
SI-0009792,S-004860,8810,561720,26865.46,Truck
SI-0009793,S-004861,3632,238220,14012.81,Equipment
SI-0009794,S-004862,3724,561720,23746.63,Warehouse
SI-0009795,S-004862,3632,484110,63524.02,Truck
SI-0009796,S-004863,7228,561720,28330.14,Crew
SI-0009797,S-004863,3724,236115,105788.95,Storefront
SI-0009798,S-004864,8397,722513,51294.52,Office
SI-0009799,S-004864,5403,236115,17415.38,Office
SI-0009800,S-004864,9082,541511,21370.8,Warehouse
SI-0009801,S-004865,5403,236115,28623.94,Storefront
SI-0009802,S-004866,5606,238220,24802.74,Warehouse
SI-0009803,S-004866,3632,722513,21692.47,Crew
SI-0009804,S-004867,3724,541511,22864.2,Office
SI-0009805,S-004867,8397,484110,25735.96,Storefront
SI-0009806,S-004867,5606,722513,26543.2,Warehouse
SI-0009807,S-004868,8397,238220,18043.98,Crew
SI-0009808,S-004869,3632,238220,56207.21,Crew
SI-0009809,S-004869,5606,541612,54946.32,Warehouse
SI-0009810,S-004869,5403,236115,65863.28,Crew
SI-0009811,S-004870,5403,722513,50853.96,Storefront
SI-0009812,S-004870,3724,541511,5039.96,Storefront
SI-0009813,S-004870,7228,541511,6150.16,Storefront
SI-0009814,S-004871,8397,484110,64520.85,Warehouse
SI-0009815,S-004871,3724,238320,27946.44,Warehouse
SI-0009816,S-004872,3724,238220,72201.92,Office
SI-0009817,S-004873,5403,541511,21002.56,Equipment
SI-0009818,S-004873,7228,541612,19802.88,Office
SI-0009819,S-004874,5606,561720,44936.8,Storefront
SI-0009820,S-004874,5403,484110,59166.92,Crew
SI-0009821,S-004874,5403,541612,6374.67,Office
SI-0009822,S-004875,8810,561720,23701.65,Equipment
SI-0009823,S-004875,3632,484110,15192.45,Crew
SI-0009824,S-004876,7228,238320,43845.8,Truck
SI-0009825,S-004877,7228,238320,37783.92,Storefront
SI-0009826,S-004877,3724,238220,29694.21,Truck
SI-0009827,S-004878,9082,541612,36901.19,Office
SI-0009828,S-004878,9082,561720,41767.42,Storefront
SI-0009829,S-004878,3724,561720,41197.76,Warehouse
SI-0009830,S-004879,8397,236115,41760.06,Storefront
SI-0009831,S-004880,8397,484110,13730.37,Storefront
SI-0009832,S-004880,8397,561720,118556.32,Warehouse
SI-0009833,S-004881,7228,238320,20784.31,Crew
SI-0009834,S-004881,8810,484110,41221.33,Crew
SI-0009835,S-004881,9082,541612,34146.26,Truck
SI-0009836,S-004882,3724,541612,25383.36,Storefront
SI-0009837,S-004882,9082,238220,95951.64,Office
SI-0009838,S-004882,8810,722513,6901.31,Crew
SI-0009839,S-004883,8397,722513,10596.05,Equipment
SI-0009840,S-004883,3724,238320,31061.18,Warehouse
SI-0009841,S-004883,3724,722513,16784.96,Warehouse
SI-0009842,S-004884,3632,238220,37377.72,Equipment
SI-0009843,S-004884,9082,541511,25710.24,Truck
SI-0009844,S-004884,3724,561720,21392.22,Crew
SI-0009845,S-004885,9082,484110,26529.86,Equipment
SI-0009846,S-004886,3632,484110,4760.84,Crew
SI-0009847,S-004886,5606,236115,15608.19,Truck
SI-0009848,S-004887,5403,238220,15628.23,Storefront
SI-0009849,S-004887,9082,541511,51777.56,Warehouse
SI-0009850,S-004888,5403,238220,32731.35,Office
SI-0009851,S-004888,8810,722513,32228.37,Equipment
SI-0009852,S-004889,5403,541612,67390.47,Office
SI-0009853,S-004889,5606,561720,29840.56,Office
SI-0009854,S-004889,8810,541612,40238.02,Office
SI-0009855,S-004890,3724,236115,15883.11,Office
SI-0009856,S-004890,3632,722513,161435.76,Crew
SI-0009857,S-004891,3632,236115,27558.27,Office
SI-0009858,S-004891,8810,238220,69596.88,Equipment
SI-0009859,S-004892,5403,541612,91754.9,Storefront
SI-0009860,S-004892,5606,238220,16160.03,Office
SI-0009861,S-004893,3632,236115,71940.57,Truck
SI-0009862,S-004893,5403,722513,16638.53,Warehouse
SI-0009863,S-004894,5403,541511,22732.77,Warehouse
SI-0009864,S-004894,8810,238220,21608.44,Truck
SI-0009865,S-004894,7228,541612,18804.55,Storefront
SI-0009866,S-004895,3632,541511,16286.48,Warehouse
SI-0009867,S-004896,8397,722513,33214.94,Truck
SI-0009868,S-004896,3724,236115,12386.73,Crew
SI-0009869,S-004897,5606,238320,36178.05,Truck
SI-0009870,S-004897,5403,238220,120750.22,Truck
SI-0009871,S-004898,5403,541511,81837.31,Office
SI-0009872,S-004898,5606,238320,78623.33,Equipment
SI-0009873,S-004898,9082,236115,28806.23,Office
SI-0009874,S-004899,8810,238220,41464.45,Office
SI-0009875,S-004899,8810,484110,60706.83,Truck
SI-0009876,S-004899,8810,541511,66146.7,Office
SI-0009877,S-004900,7228,238220,31099.66,Office
SI-0009878,S-004901,5403,238320,19515.02,Warehouse
SI-0009879,S-004901,7228,561720,13076.51,Storefront
SI-0009880,S-004902,8810,541511,29897.94,Crew
SI-0009881,S-004902,8397,238220,28480.74,Storefront
SI-0009882,S-004902,8397,541612,40833.24,Truck
SI-0009883,S-004903,5403,541511,16121.06,Storefront
SI-0009884,S-004904,8810,484110,52129.59,Office
SI-0009885,S-004904,5606,541612,35431.84,Office
SI-0009886,S-004905,5403,561720,18063.62,Office
SI-0009887,S-004906,8810,238320,60068.14,Truck
SI-0009888,S-004906,9082,722513,31804.93,Truck
SI-0009889,S-004907,7228,561720,82072.56,Office
SI-0009890,S-004907,3632,484110,20791.76,Crew
SI-0009891,S-004907,3632,484110,33825.94,Warehouse
SI-0009892,S-004908,9082,484110,24543.3,Warehouse
SI-0009893,S-004909,7228,238320,41291.84,Office
SI-0009894,S-004909,3724,484110,83491.1,Crew
SI-0009895,S-004910,8397,561720,45192.56,Equipment
SI-0009896,S-004911,3632,236115,37752.98,Equipment
SI-0009897,S-004911,9082,236115,67655.1,Storefront
SI-0009898,S-004912,3724,541511,15552.04,Truck
SI-0009899,S-004912,8810,561720,105158.19,Office
SI-0009900,S-004912,9082,541612,66035.0,Truck
SI-0009901,S-004913,7228,541612,11471.68,Crew
SI-0009902,S-004913,5403,236115,11764.59,Office
SI-0009903,S-004913,3724,238320,91143.76,Crew
SI-0009904,S-004914,5606,238220,11156.28,Storefront
SI-0009905,S-004914,5606,238220,20011.96,Office
SI-0009906,S-004914,8810,238320,28422.17,Storefront
SI-0009907,S-004915,7228,541612,51879.08,Storefront
SI-0009908,S-004916,7228,238220,56835.53,Truck
SI-0009909,S-004916,8397,722513,19719.1,Storefront
SI-0009910,S-004917,8397,541511,47847.69,Equipment
SI-0009911,S-004917,3632,541511,26010.36,Truck
SI-0009912,S-004917,9082,238320,85293.98,Warehouse
SI-0009913,S-004918,5606,722513,14363.23,Office
SI-0009914,S-004918,8397,238320,64042.11,Storefront
SI-0009915,S-004918,5403,541511,28306.46,Truck
SI-0009916,S-004919,7228,561720,30892.96,Truck
SI-0009917,S-004920,7228,238220,11072.1,Warehouse
SI-0009918,S-004921,5606,236115,33696.56,Truck
SI-0009919,S-004921,9082,561720,49883.39,Equipment
SI-0009920,S-004922,5606,561720,10229.92,Equipment
SI-0009921,S-004922,8397,561720,81073.99,Crew
SI-0009922,S-004923,7228,541511,63723.6,Storefront
SI-0009923,S-004924,3724,236115,12543.72,Crew
SI-0009924,S-004924,8810,484110,26029.15,Storefront
SI-0009925,S-004925,9082,561720,92199.55,Equipment
SI-0009926,S-004926,5403,236115,24257.77,Storefront
SI-0009927,S-004927,8810,561720,39272.28,Office
SI-0009928,S-004927,8810,238220,38578.11,Truck
SI-0009929,S-004927,8397,561720,18028.14,Truck
SI-0009930,S-004928,8810,238320,13752.91,Equipment
SI-0009931,S-004929,3724,561720,71249.5,Truck
SI-0009932,S-004930,5403,236115,87414.01,Truck
SI-0009933,S-004930,5403,484110,49440.22,Warehouse
SI-0009934,S-004930,7228,541511,64220.67,Equipment
SI-0009935,S-004931,8810,236115,19013.79,Crew
SI-0009936,S-004932,3724,541511,14378.43,Crew
SI-0009937,S-004932,5606,238320,34507.96,Warehouse
SI-0009938,S-004933,5606,238320,73399.68,Office
SI-0009939,S-004933,8810,238320,21535.55,Warehouse
SI-0009940,S-004933,5606,236115,32256.61,Office
SI-0009941,S-004934,5403,238320,50925.52,Crew
SI-0009942,S-004934,5403,722513,10321.37,Crew
SI-0009943,S-004934,3632,484110,31809.25,Equipment
SI-0009944,S-004935,3632,484110,31558.96,Storefront
SI-0009945,S-004935,8397,236115,30583.97,Crew
SI-0009946,S-004936,8397,541511,12039.3,Equipment
SI-0009947,S-004936,5606,722513,32451.99,Office
SI-0009948,S-004936,7228,722513,11812.79,Warehouse
SI-0009949,S-004937,5403,541612,45555.87,Crew
SI-0009950,S-004937,3724,484110,22616.63,Crew
SI-0009951,S-004937,7228,238320,48616.85,Warehouse
SI-0009952,S-004938,8810,238220,61398.67,Storefront
SI-0009953,S-004938,8810,541511,55799.3,Storefront
SI-0009954,S-004939,7228,561720,98688.3,Office
SI-0009955,S-004939,7228,236115,34433.42,Equipment
SI-0009956,S-004940,5403,238320,30308.77,Storefront
SI-0009957,S-004940,8397,238220,23514.1,Office
SI-0009958,S-004941,3632,236115,18847.97,Warehouse
SI-0009959,S-004942,9082,561720,32186.75,Equipment
SI-0009960,S-004942,5606,238320,12297.22,Crew
SI-0009961,S-004942,9082,722513,56108.52,Storefront
SI-0009962,S-004943,5403,561720,6238.25,Equipment
SI-0009963,S-004943,8397,541612,46054.9,Equipment
SI-0009964,S-004944,5606,238220,25290.94,Storefront
SI-0009965,S-004944,5403,484110,33338.34,Truck
SI-0009966,S-004944,8810,541511,23528.55,Truck
SI-0009967,S-004945,8810,236115,58527.65,Warehouse
SI-0009968,S-004945,7228,238320,25181.51,Warehouse
SI-0009969,S-004945,8397,561720,45757.95,Truck
SI-0009970,S-004946,5403,484110,19219.17,Equipment
SI-0009971,S-004946,5606,541612,41930.65,Office
SI-0009972,S-004947,5606,236115,19792.23,Warehouse
SI-0009973,S-004948,5606,238220,87036.78,Truck
SI-0009974,S-004949,7228,238320,45019.0,Storefront
SI-0009975,S-004950,5606,541612,24150.41,Storefront
SI-0009976,S-004950,5403,236115,21267.84,Truck
SI-0009977,S-004950,3724,561720,25085.05,Office
SI-0009978,S-004951,5606,541612,36873.64,Crew
SI-0009979,S-004952,3724,541612,59754.68,Truck
SI-0009980,S-004952,9082,541612,39154.12,Crew
SI-0009981,S-004953,5403,722513,33874.87,Truck
SI-0009982,S-004954,7228,561720,60247.52,Truck
SI-0009983,S-004954,8397,722513,57178.5,Equipment
SI-0009984,S-004954,3632,238220,12707.84,Office
SI-0009985,S-004955,8397,561720,41389.17,Truck
SI-0009986,S-004956,7228,484110,36020.91,Crew
SI-0009987,S-004956,5606,238220,26544.48,Equipment
SI-0009988,S-004956,9082,484110,42258.52,Equipment
SI-0009989,S-004957,7228,236115,10849.45,Truck
SI-0009990,S-004957,9082,238320,56660.21,Crew
SI-0009991,S-004957,8397,541612,112272.17,Equipment
SI-0009992,S-004958,8810,484110,24599.61,Office
SI-0009993,S-004958,5606,238220,49659.66,Office
SI-0009994,S-004958,3632,484110,86602.34,Office
SI-0009995,S-004959,7228,236115,23339.11,Crew
SI-0009996,S-004959,7228,541511,81092.86,Warehouse
SI-0009997,S-004959,3632,484110,91803.92,Warehouse
SI-0009998,S-004960,7228,541511,12470.89,Warehouse
SI-0009999,S-004960,8397,561720,37865.6,Equipment
SI-0010000,S-004961,3724,541511,23217.42,Warehouse
SI-0010001,S-004962,7228,238220,60345.97,Truck
SI-0010002,S-004962,5606,561720,49357.64,Truck
SI-0010003,S-004963,3632,541511,24674.94,Truck
SI-0010004,S-004963,8810,484110,35623.44,Warehouse
SI-0010005,S-004963,7228,484110,17802.1,Truck
SI-0010006,S-004964,9082,238220,71856.39,Truck
SI-0010007,S-004964,9082,238320,6595.07,Storefront
SI-0010008,S-004965,5606,722513,20232.57,Office
SI-0010009,S-004966,7228,238220,35124.99,Storefront
SI-0010010,S-004966,3724,541511,54556.86,Truck
SI-0010011,S-004966,5403,238320,22349.48,Warehouse
SI-0010012,S-004967,3632,722513,56190.72,Storefront
SI-0010013,S-004967,5606,238220,174980.47,Office
SI-0010014,S-004967,8397,484110,12480.12,Equipment
SI-0010015,S-004968,8397,236115,34001.89,Storefront
SI-0010016,S-004969,5403,238220,46561.77,Warehouse
SI-0010017,S-004969,7228,236115,73509.69,Warehouse
SI-0010018,S-004970,8810,238320,31964.88,Truck
SI-0010019,S-004970,9082,236115,44248.34,Equipment
SI-0010020,S-004971,7228,236115,44741.07,Storefront
SI-0010021,S-004972,7228,541612,78775.06,Storefront
SI-0010022,S-004973,9082,722513,12342.56,Truck
SI-0010023,S-004973,5606,541612,31856.56,Storefront
SI-0010024,S-004973,5403,484110,41516.51,Storefront
SI-0010025,S-004974,9082,236115,47456.11,Equipment
SI-0010026,S-004974,7228,722513,90759.56,Office
SI-0010027,S-004975,5403,541612,267920.19,Truck
SI-0010028,S-004975,8397,722513,22807.81,Warehouse
SI-0010029,S-004975,8397,561720,18965.7,Warehouse
SI-0010030,S-004976,5606,238320,32153.69,Truck
SI-0010031,S-004976,3724,541612,43022.36,Storefront
SI-0010032,S-004977,5606,236115,22546.93,Office
SI-0010033,S-004977,5606,541612,64580.11,Office
SI-0010034,S-004977,3632,561720,46379.94,Equipment
SI-0010035,S-004978,9082,541612,8902.13,Crew
SI-0010036,S-004978,5606,561720,22467.47,Office
SI-0010037,S-004978,3632,236115,86062.63,Equipment
SI-0010038,S-004979,3632,541612,16470.38,Crew
SI-0010039,S-004979,8397,238320,18728.26,Storefront
SI-0010040,S-004979,8810,541511,17476.02,Truck
SI-0010041,S-004980,7228,541612,29491.05,Office
SI-0010042,S-004980,9082,541612,21919.0,Storefront
SI-0010043,S-004980,8810,561720,27960.05,Truck
SI-0010044,S-004981,8810,722513,71488.98,Office
SI-0010045,S-004981,3632,541511,67258.51,Truck
SI-0010046,S-004981,9082,541511,49988.26,Storefront
SI-0010047,S-004982,5606,561720,30739.6,Crew
SI-0010048,S-004983,5403,238220,251778.95,Storefront
SI-0010049,S-004983,8397,238320,22229.13,Equipment
SI-0010050,S-004984,3724,541612,41713.55,Warehouse
SI-0010051,S-004984,7228,541511,70354.49,Office
SI-0010052,S-004985,5403,238220,50438.48,Storefront
SI-0010053,S-004985,7228,236115,38382.8,Storefront
SI-0010054,S-004986,7228,238220,29002.47,Truck
SI-0010055,S-004986,3724,236115,13625.12,Crew
SI-0010056,S-004986,3724,238320,28030.08,Office
SI-0010057,S-004987,8810,561720,37433.2,Truck
SI-0010058,S-004988,5606,238320,8446.52,Office
SI-0010059,S-004988,3724,236115,17540.01,Office
SI-0010060,S-004989,3724,484110,64466.15,Office
SI-0010061,S-004989,8397,541511,36555.99,Equipment
SI-0010062,S-004990,5606,541612,46512.9,Equipment
SI-0010063,S-004990,8810,238320,11619.74,Crew
SI-0010064,S-004990,8397,541511,63271.18,Crew
SI-0010065,S-004991,8397,561720,59837.23,Storefront
SI-0010066,S-004991,7228,722513,16237.43,Office
SI-0010067,S-004992,8397,722513,36855.78,Office
SI-0010068,S-004993,5606,561720,69171.3,Storefront
SI-0010069,S-004994,8810,722513,36338.28,Office
SI-0010070,S-004995,8810,541612,27907.16,Warehouse
SI-0010071,S-004995,5403,541511,35207.81,Equipment
SI-0010072,S-004995,9082,541612,34970.01,Warehouse
SI-0010073,S-004996,3724,236115,25606.78,Storefront
SI-0010074,S-004996,8810,238220,20647.66,Crew
SI-0010075,S-004997,3632,238220,97478.94,Storefront
SI-0010076,S-004997,8810,541612,26726.48,Equipment
SI-0010077,S-004997,7228,541511,43015.75,Warehouse
SI-0010078,S-004998,9082,238220,40757.86,Storefront
SI-0010079,S-004998,8397,541612,116810.12,Storefront
SI-0010080,S-004998,3724,484110,23028.07,Storefront
SI-0010081,S-004999,9082,541511,31779.67,Equipment
SI-0010082,S-005000,3632,238320,56048.33,Crew
SI-0010083,S-005001,7228,722513,55424.44,Office
SI-0010084,S-005002,3724,236115,77758.35,Truck
SI-0010085,S-005002,7228,484110,17815.37,Warehouse
SI-0010086,S-005003,8810,722513,38224.7,Crew
SI-0010087,S-005004,5403,238320,28620.68,Storefront
SI-0010088,S-005005,8810,236115,24120.85,Storefront
SI-0010089,S-005005,9082,238320,32482.68,Warehouse
SI-0010090,S-005006,7228,541612,19121.15,Office
SI-0010091,S-005006,5606,722513,12596.26,Equipment
SI-0010092,S-005007,5606,484110,33169.67,Crew
SI-0010093,S-005008,8397,236115,23323.46,Storefront
SI-0010094,S-005009,7228,236115,15452.57,Equipment
SI-0010095,S-005009,8810,561720,34943.79,Truck
SI-0010096,S-005010,3724,541511,11962.42,Crew
SI-0010097,S-005010,9082,722513,80544.23,Warehouse
SI-0010098,S-005011,3724,541511,103113.98,Truck
SI-0010099,S-005012,8397,238220,13235.73,Equipment
SI-0010100,S-005012,3724,238320,7384.41,Storefront
SI-0010101,S-005012,5403,238320,11120.95,Truck
SI-0010102,S-005013,5606,541612,22173.51,Storefront
SI-0010103,S-005014,8810,541511,53717.41,Storefront
SI-0010104,S-005014,7228,722513,68286.74,Office
SI-0010105,S-005014,9082,541511,24571.92,Warehouse
SI-0010106,S-005015,9082,484110,73325.99,Crew
SI-0010107,S-005015,8810,541612,14450.18,Equipment
SI-0010108,S-005015,5403,722513,57365.41,Warehouse
SI-0010109,S-005016,9082,541511,189686.99,Crew
SI-0010110,S-005016,3724,541511,29749.78,Crew
SI-0010111,S-005016,3632,238320,30900.68,Warehouse
SI-0010112,S-005017,8397,484110,18610.7,Office
SI-0010113,S-005017,5403,561720,65517.27,Storefront
SI-0010114,S-005017,3632,541612,32867.22,Warehouse
SI-0010115,S-005018,3632,561720,24091.65,Equipment
SI-0010116,S-005018,5403,238320,37528.66,Office
SI-0010117,S-005019,5606,238220,69989.17,Warehouse
SI-0010118,S-005019,3724,722513,17306.88,Truck
SI-0010119,S-005019,9082,541511,8546.11,Warehouse
SI-0010120,S-005020,5606,238320,9064.6,Office
SI-0010121,S-005020,9082,238220,98611.86,Truck
SI-0010122,S-005021,8810,238320,78675.46,Equipment
SI-0010123,S-005021,3724,541511,42983.11,Crew
SI-0010124,S-005022,5606,541511,66617.07,Warehouse
SI-0010125,S-005022,5403,541511,23895.57,Office
SI-0010126,S-005022,8810,238320,26620.35,Crew
SI-0010127,S-005023,3724,561720,30261.58,Office
SI-0010128,S-005024,3724,236115,29507.41,Office
SI-0010129,S-005024,8810,541511,24564.09,Equipment
SI-0010130,S-005025,3632,238320,33285.41,Office
SI-0010131,S-005025,5403,561720,54148.41,Crew
SI-0010132,S-005026,8810,236115,28975.7,Warehouse
SI-0010133,S-005027,8810,238320,38253.95,Office
SI-0010134,S-005027,7228,722513,12411.96,Crew
SI-0010135,S-005027,8397,541612,59539.65,Truck
SI-0010136,S-005028,8397,484110,31876.43,Equipment
SI-0010137,S-005029,7228,238220,12144.41,Office
SI-0010138,S-005029,8397,238320,118817.96,Truck
SI-0010139,S-005029,8397,722513,45169.51,Crew
SI-0010140,S-005030,8397,238320,19932.25,Warehouse
SI-0010141,S-005031,5403,484110,57277.58,Storefront
SI-0010142,S-005031,9082,484110,40467.74,Storefront
SI-0010143,S-005031,8810,561720,85573.59,Equipment
SI-0010144,S-005032,8397,238320,38973.69,Storefront
SI-0010145,S-005033,8810,541511,14103.8,Truck
SI-0010146,S-005033,8810,238220,79383.21,Office
SI-0010147,S-005033,5606,238320,20188.55,Office
SI-0010148,S-005034,3632,484110,35126.3,Truck
SI-0010149,S-005034,3724,238220,73048.99,Storefront
SI-0010150,S-005034,8810,722513,13440.6,Office
SI-0010151,S-005035,3632,541511,50715.22,Warehouse
SI-0010152,S-005035,7228,541612,19012.99,Crew
SI-0010153,S-005035,8810,484110,26941.31,Truck
SI-0010154,S-005036,8810,541612,70459.97,Warehouse
SI-0010155,S-005037,8810,541612,30520.1,Storefront
SI-0010156,S-005037,5403,238320,130498.32,Truck
SI-0010157,S-005037,7228,238220,24660.79,Crew
SI-0010158,S-005038,3632,238320,22720.03,Office
SI-0010159,S-005039,8810,238320,27897.65,Truck
SI-0010160,S-005040,3632,484110,42379.5,Equipment
SI-0010161,S-005040,5403,484110,34312.36,Office
SI-0010162,S-005041,8397,561720,85664.16,Warehouse
SI-0010163,S-005042,5606,541511,70939.94,Office
SI-0010164,S-005042,8397,484110,20040.27,Office
SI-0010165,S-005043,9082,722513,22492.63,Equipment
SI-0010166,S-005044,5403,722513,55457.73,Crew
SI-0010167,S-005045,8397,541511,10498.75,Truck
SI-0010168,S-005045,5606,541612,77994.37,Warehouse
SI-0010169,S-005046,5606,484110,18907.57,Equipment
SI-0010170,S-005047,9082,541612,47186.86,Truck
SI-0010171,S-005047,8397,236115,23431.34,Truck
SI-0010172,S-005047,9082,238220,19943.31,Storefront
SI-0010173,S-005048,3724,484110,21652.33,Truck
SI-0010174,S-005048,5403,484110,99201.41,Truck
SI-0010175,S-005048,3724,561720,16493.19,Office
SI-0010176,S-005049,3724,484110,37816.33,Warehouse
SI-0010177,S-005050,5403,561720,22701.53,Warehouse
SI-0010178,S-005050,8397,541511,21666.22,Storefront
SI-0010179,S-005051,5606,722513,26035.94,Storefront
SI-0010180,S-005052,7228,541511,49645.8,Storefront
SI-0010181,S-005053,8810,238320,74168.51,Crew
SI-0010182,S-005054,9082,238220,27175.34,Crew
SI-0010183,S-005054,8810,541511,45689.37,Storefront
SI-0010184,S-005054,3632,238220,30560.0,Office
SI-0010185,S-005055,9082,722513,43949.15,Warehouse
SI-0010186,S-005055,3632,484110,128439.76,Warehouse
SI-0010187,S-005056,8397,561720,67452.15,Storefront
SI-0010188,S-005056,8810,541511,15751.15,Storefront
SI-0010189,S-005056,7228,541612,55174.21,Warehouse
SI-0010190,S-005057,7228,238320,22085.82,Equipment
SI-0010191,S-005058,5606,238220,17069.36,Office
SI-0010192,S-005059,8397,484110,50820.92,Warehouse
SI-0010193,S-005059,8810,722513,21516.25,Crew
SI-0010194,S-005059,5606,236115,20221.82,Truck
SI-0010195,S-005060,5606,561720,57181.08,Office
SI-0010196,S-005061,3632,561720,33762.31,Office
SI-0010197,S-005061,5403,722513,17874.75,Storefront
SI-0010198,S-005061,5606,238220,28427.05,Warehouse
SI-0010199,S-005062,8397,238320,17129.38,Office
SI-0010200,S-005062,3724,541612,37218.7,Crew
SI-0010201,S-005062,8397,238220,36427.09,Equipment
SI-0010202,S-005063,3632,561720,47300.39,Warehouse
SI-0010203,S-005064,5403,722513,43961.86,Crew
SI-0010204,S-005064,8810,722513,29022.64,Equipment
SI-0010205,S-005065,8397,238220,32939.4,Truck
SI-0010206,S-005066,9082,541511,19496.72,Warehouse
SI-0010207,S-005066,7228,236115,20139.93,Storefront
SI-0010208,S-005067,9082,238220,42854.12,Storefront
SI-0010209,S-005067,9082,484110,20252.8,Office
SI-0010210,S-005068,8810,236115,13884.67,Crew
SI-0010211,S-005069,9082,484110,20404.42,Truck
SI-0010212,S-005069,9082,561720,15671.08,Storefront
SI-0010213,S-005070,3724,541612,37092.95,Crew
SI-0010214,S-005070,5606,561720,35833.05,Truck
SI-0010215,S-005070,3632,484110,28174.28,Office
SI-0010216,S-005071,3632,484110,32075.6,Warehouse
SI-0010217,S-005072,5403,541612,4664.33,Equipment
SI-0010218,S-005072,5606,484110,57027.25,Truck
SI-0010219,S-005072,5403,722513,62329.48,Office
SI-0010220,S-005073,9082,484110,53401.28,Truck
SI-0010221,S-005073,7228,722513,24526.7,Warehouse
SI-0010222,S-005073,3724,541612,20403.15,Office
SI-0010223,S-005074,5606,238320,42586.29,Storefront
SI-0010224,S-005074,5403,238320,34836.6,Warehouse
SI-0010225,S-005075,7228,238220,42684.88,Storefront
SI-0010226,S-005075,9082,541612,70281.27,Truck
SI-0010227,S-005076,7228,238320,51934.15,Storefront
SI-0010228,S-005076,5403,722513,116493.22,Truck
SI-0010229,S-005076,3724,541612,47072.63,Storefront
SI-0010230,S-005077,8397,236115,113809.36,Office
SI-0010231,S-005078,3632,238320,10971.18,Crew
SI-0010232,S-005078,5403,484110,18358.87,Truck
SI-0010233,S-005079,3632,722513,23290.89,Equipment
SI-0010234,S-005080,8397,561720,43107.72,Office
SI-0010235,S-005080,8810,722513,14621.91,Crew
SI-0010236,S-005081,5606,238220,79743.57,Equipment
SI-0010237,S-005081,5403,722513,38921.58,Warehouse
SI-0010238,S-005081,5403,236115,77388.12,Equipment
SI-0010239,S-005082,5403,238320,16862.57,Equipment
SI-0010240,S-005082,5606,541511,31566.38,Equipment
SI-0010241,S-005083,8397,484110,22304.47,Crew
SI-0010242,S-005083,8810,722513,6883.32,Warehouse
SI-0010243,S-005084,5606,484110,15246.8,Equipment
SI-0010244,S-005085,5606,561720,8192.8,Equipment
SI-0010245,S-005085,5403,238220,20598.16,Office
SI-0010246,S-005085,3724,561720,73111.08,Storefront
SI-0010247,S-005086,7228,484110,23825.34,Office
SI-0010248,S-005087,9082,236115,112794.88,Truck
SI-0010249,S-005087,5606,484110,38866.64,Office
SI-0010250,S-005088,3724,541612,74472.84,Crew
SI-0010251,S-005088,5606,722513,46473.82,Office
SI-0010252,S-005088,8397,484110,57046.17,Equipment
SI-0010253,S-005089,8397,541612,36100.59,Warehouse
SI-0010254,S-005089,8810,541511,27866.21,Warehouse
SI-0010255,S-005089,5403,541612,32608.16,Crew
SI-0010256,S-005090,7228,722513,93934.36,Warehouse
SI-0010257,S-005090,3632,238320,17487.14,Equipment
SI-0010258,S-005090,8810,238220,91261.93,Office
SI-0010259,S-005091,3724,484110,48437.13,Warehouse
SI-0010260,S-005091,3724,238220,15019.68,Storefront
SI-0010261,S-005092,5606,722513,21157.61,Office
SI-0010262,S-005092,9082,561720,6956.12,Equipment
SI-0010263,S-005092,8397,238220,10602.69,Warehouse
SI-0010264,S-005093,8810,238220,23567.72,Storefront
SI-0010265,S-005093,8810,541511,13699.37,Truck
SI-0010266,S-005094,5606,541612,27028.16,Crew
SI-0010267,S-005095,5606,722513,30881.53,Office
SI-0010268,S-005095,3724,484110,20464.29,Office
SI-0010269,S-005096,9082,541612,80531.5,Office
SI-0010270,S-005096,9082,541511,11218.67,Truck
SI-0010271,S-005096,3724,722513,20755.43,Truck
SI-0010272,S-005097,9082,541612,21444.38,Storefront
SI-0010273,S-005097,5606,236115,58989.01,Equipment
SI-0010274,S-005098,9082,484110,11170.02,Equipment
SI-0010275,S-005098,3724,541612,55986.73,Equipment
SI-0010276,S-005099,7228,561720,73065.39,Warehouse
SI-0010277,S-005099,8810,722513,21177.2,Warehouse
SI-0010278,S-005099,5606,236115,90305.95,Storefront
SI-0010279,S-005100,5606,238220,17864.77,Warehouse
SI-0010280,S-005100,3724,238320,65288.07,Office
SI-0010281,S-005101,8397,484110,38498.12,Equipment
SI-0010282,S-005102,3632,238320,54101.4,Equipment
SI-0010283,S-005103,8810,561720,67490.03,Crew
SI-0010284,S-005103,8810,238220,69750.97,Storefront
SI-0010285,S-005103,9082,484110,20884.27,Storefront
SI-0010286,S-005104,3724,236115,54143.38,Truck
SI-0010287,S-005104,3724,541612,64501.06,Office
SI-0010288,S-005105,8397,541511,33790.75,Warehouse
SI-0010289,S-005106,5606,722513,27623.17,Office
SI-0010290,S-005106,5403,561720,62651.75,Equipment
SI-0010291,S-005106,3724,236115,6363.54,Office
SI-0010292,S-005107,5606,238320,33284.94,Equipment
SI-0010293,S-005107,5403,541511,17826.51,Crew
SI-0010294,S-005108,5606,238220,37013.65,Warehouse
SI-0010295,S-005109,3632,238220,54327.49,Truck
SI-0010296,S-005110,5403,722513,24490.15,Truck
SI-0010297,S-005110,7228,561720,57948.64,Truck
SI-0010298,S-005110,8397,722513,30508.18,Office
SI-0010299,S-005111,3724,238220,27924.2,Storefront
SI-0010300,S-005112,9082,238320,30371.96,Equipment
SI-0010301,S-005113,7228,541612,115814.17,Equipment
SI-0010302,S-005113,3632,238320,13190.53,Warehouse
SI-0010303,S-005113,8397,561720,39972.78,Warehouse
SI-0010304,S-005114,9082,484110,9402.01,Storefront
SI-0010305,S-005114,3632,238320,73965.95,Warehouse
SI-0010306,S-005115,9082,722513,47246.09,Warehouse
SI-0010307,S-005115,9082,238220,32149.79,Warehouse
SI-0010308,S-005116,3632,541612,153688.01,Equipment
SI-0010309,S-005117,3632,238320,56143.29,Truck
SI-0010310,S-005118,3632,238320,44259.23,Crew
SI-0010311,S-005119,9082,722513,42788.29,Truck
SI-0010312,S-005119,8397,236115,15265.64,Crew
SI-0010313,S-005120,5606,541612,35296.35,Office
SI-0010314,S-005120,8810,561720,33336.41,Warehouse
SI-0010315,S-005121,8397,541511,23080.0,Storefront
SI-0010316,S-005121,7228,561720,62747.52,Equipment
SI-0010317,S-005122,5606,238320,32773.84,Warehouse
SI-0010318,S-005122,8810,561720,78067.02,Office
SI-0010319,S-005123,8810,238220,9870.39,Truck
SI-0010320,S-005123,3724,484110,34309.2,Equipment
SI-0010321,S-005124,9082,238220,59945.39,Crew
SI-0010322,S-005124,5606,236115,75593.43,Warehouse
SI-0010323,S-005124,3632,238220,26271.18,Warehouse
SI-0010324,S-005125,5403,561720,33981.23,Truck
SI-0010325,S-005126,3632,541612,26640.17,Storefront
SI-0010326,S-005127,9082,722513,52776.64,Crew
SI-0010327,S-005127,5606,484110,22920.29,Warehouse
SI-0010328,S-005127,3632,541612,28310.1,Equipment
SI-0010329,S-005128,8810,541511,46558.53,Warehouse
SI-0010330,S-005128,5606,541612,23340.95,Crew
SI-0010331,S-005129,7228,484110,20943.43,Warehouse
SI-0010332,S-005130,3632,561720,39152.9,Crew
SI-0010333,S-005130,8810,238220,43569.62,Crew
SI-0010334,S-005130,5606,238320,14569.24,Truck
SI-0010335,S-005131,7228,238220,23872.05,Equipment
SI-0010336,S-005131,8397,722513,93211.18,Equipment
SI-0010337,S-005132,3724,561720,43887.19,Storefront
SI-0010338,S-005132,8397,541612,48521.41,Truck
SI-0010339,S-005133,7228,238320,81216.63,Crew
SI-0010340,S-005133,3632,722513,24573.69,Warehouse
SI-0010341,S-005134,8810,561720,125299.78,Equipment
SI-0010342,S-005134,8810,541511,14319.02,Truck
SI-0010343,S-005134,8810,238320,46222.03,Truck
SI-0010344,S-005135,8810,541612,33839.84,Storefront
SI-0010345,S-005135,7228,561720,15310.81,Truck
SI-0010346,S-005136,8397,541511,57070.37,Storefront
SI-0010347,S-005136,8810,561720,88472.12,Equipment
SI-0010348,S-005137,3724,722513,35476.16,Crew
SI-0010349,S-005137,3632,541612,14885.76,Office
SI-0010350,S-005137,3632,561720,35088.91,Warehouse
SI-0010351,S-005138,3632,541612,27000.81,Office
SI-0010352,S-005139,9082,238320,42058.45,Equipment
SI-0010353,S-005140,8397,484110,34722.63,Warehouse
SI-0010354,S-005141,3724,541612,255413.82,Office
SI-0010355,S-005141,7228,541511,23280.82,Storefront
SI-0010356,S-005142,3724,561720,23291.68,Truck
SI-0010357,S-005142,3632,541612,32537.79,Warehouse
SI-0010358,S-005143,5403,236115,91991.85,Crew
SI-0010359,S-005143,7228,541612,24152.82,Office
SI-0010360,S-005143,8397,236115,116774.88,Warehouse
SI-0010361,S-005144,5403,238220,50188.07,Warehouse
SI-0010362,S-005144,5403,561720,16345.05,Equipment
SI-0010363,S-005144,7228,541511,19060.93,Crew
SI-0010364,S-005145,5403,722513,49341.24,Warehouse
SI-0010365,S-005145,3632,236115,57735.86,Storefront
SI-0010366,S-005146,8397,561720,20779.94,Warehouse
SI-0010367,S-005147,7228,722513,79679.73,Storefront
SI-0010368,S-005147,5403,722513,28465.72,Crew
SI-0010369,S-005148,3632,484110,24019.47,Storefront
SI-0010370,S-005148,8397,238220,20523.92,Warehouse
SI-0010371,S-005149,9082,484110,14523.57,Storefront
SI-0010372,S-005149,8397,484110,78918.85,Storefront
SI-0010373,S-005149,8397,722513,23382.86,Storefront
SI-0010374,S-005150,3724,541612,60359.12,Equipment
SI-0010375,S-005150,8397,484110,10424.3,Truck
SI-0010376,S-005151,3632,541612,38792.11,Office
SI-0010377,S-005151,9082,484110,20940.15,Warehouse
SI-0010378,S-005152,3724,484110,26614.35,Equipment
SI-0010379,S-005152,3724,722513,41205.22,Equipment
SI-0010380,S-005152,3724,238320,23295.86,Equipment
SI-0010381,S-005153,9082,561720,55008.65,Truck
SI-0010382,S-005153,3724,238320,27932.52,Warehouse
SI-0010383,S-005153,7228,238220,19232.62,Office
SI-0010384,S-005154,3724,238220,12900.71,Equipment
SI-0010385,S-005154,5403,238220,26186.79,Crew
SI-0010386,S-005155,9082,561720,17734.0,Crew
SI-0010387,S-005155,5403,561720,18527.01,Office
SI-0010388,S-005156,3724,238220,11084.38,Warehouse
SI-0010389,S-005157,5606,238220,27634.74,Office
SI-0010390,S-005157,8810,541612,24285.29,Storefront
SI-0010391,S-005157,7228,541612,10595.53,Warehouse
SI-0010392,S-005158,5606,541511,11696.67,Office
SI-0010393,S-005159,7228,236115,25035.61,Office
SI-0010394,S-005160,7228,238220,118872.86,Truck
SI-0010395,S-005160,5606,722513,94079.47,Office
SI-0010396,S-005161,3632,238320,11262.8,Equipment
SI-0010397,S-005161,7228,236115,28377.58,Warehouse
SI-0010398,S-005161,5403,561720,77401.1,Warehouse
SI-0010399,S-005162,7228,541511,25550.22,Office
SI-0010400,S-005162,9082,722513,37931.93,Office
SI-0010401,S-005163,7228,561720,62600.4,Office
SI-0010402,S-005163,9082,541612,18667.52,Warehouse
SI-0010403,S-005163,3632,238220,18894.02,Storefront
SI-0010404,S-005164,8810,236115,9224.77,Warehouse
SI-0010405,S-005164,3632,722513,56680.05,Storefront
SI-0010406,S-005165,7228,541612,46538.04,Warehouse
SI-0010407,S-005165,8810,561720,24610.92,Equipment
SI-0010408,S-005166,8397,238320,89410.14,Storefront
SI-0010409,S-005167,8397,238320,40091.33,Warehouse
SI-0010410,S-005167,7228,722513,15694.09,Storefront
SI-0010411,S-005167,3724,236115,27123.85,Equipment
SI-0010412,S-005168,3724,238220,92364.29,Equipment
SI-0010413,S-005168,7228,561720,14011.61,Equipment
SI-0010414,S-005169,3632,541511,32735.99,Truck
SI-0010415,S-005169,5403,561720,52068.72,Truck
SI-0010416,S-005170,9082,236115,29931.73,Equipment
SI-0010417,S-005170,7228,541612,21194.14,Truck
SI-0010418,S-005171,9082,722513,179071.64,Crew
SI-0010419,S-005171,8397,541511,23970.03,Crew
SI-0010420,S-005171,3632,541612,27181.25,Warehouse
SI-0010421,S-005172,5403,561720,24544.92,Crew
SI-0010422,S-005173,3724,541612,96144.16,Crew
SI-0010423,S-005174,8397,561720,60660.65,Equipment
SI-0010424,S-005174,7228,722513,69342.87,Office
SI-0010425,S-005174,3632,238320,12734.69,Crew
SI-0010426,S-005175,3724,541511,102088.38,Truck
SI-0010427,S-005175,7228,238220,95738.13,Warehouse
SI-0010428,S-005175,8810,561720,80395.54,Crew
SI-0010429,S-005176,8397,484110,49095.44,Equipment
SI-0010430,S-005177,3724,541511,45671.78,Crew
SI-0010431,S-005177,7228,484110,27145.2,Storefront
SI-0010432,S-005178,8810,541511,14814.06,Truck
SI-0010433,S-005179,8810,238320,42319.47,Storefront
SI-0010434,S-005180,8810,541511,27760.87,Equipment
SI-0010435,S-005180,5606,541612,45134.57,Storefront
SI-0010436,S-005180,7228,561720,16637.9,Office
SI-0010437,S-005181,5403,236115,22523.98,Office
SI-0010438,S-005181,8397,484110,26339.96,Equipment
SI-0010439,S-005182,7228,238320,8861.91,Office
SI-0010440,S-005182,3632,722513,18305.7,Warehouse
SI-0010441,S-005183,9082,238320,60516.71,Truck
SI-0010442,S-005183,5403,236115,29047.98,Equipment
SI-0010443,S-005184,8397,484110,11527.59,Storefront
SI-0010444,S-005185,5606,236115,36616.12,Storefront
SI-0010445,S-005186,5403,238220,25078.32,Office
SI-0010446,S-005186,5403,236115,38446.89,Crew
SI-0010447,S-005186,3632,561720,11687.15,Office
SI-0010448,S-005187,5403,484110,47398.59,Storefront
SI-0010449,S-005187,8810,238320,7653.12,Office
SI-0010450,S-005188,8810,561720,8216.01,Storefront
SI-0010451,S-005188,7228,238220,55994.16,Storefront
SI-0010452,S-005189,3632,541511,37405.72,Office
SI-0010453,S-005190,3724,238320,25168.66,Crew
SI-0010454,S-005190,9082,238220,47239.3,Crew
SI-0010455,S-005190,7228,561720,26114.14,Crew
SI-0010456,S-005191,7228,541511,16356.66,Office
SI-0010457,S-005191,8810,238320,33691.37,Crew
SI-0010458,S-005192,8810,541511,52899.76,Storefront
SI-0010459,S-005192,8810,722513,21733.58,Office
SI-0010460,S-005192,5606,238220,21405.3,Warehouse
SI-0010461,S-005193,3632,236115,14715.67,Crew
SI-0010462,S-005193,3632,722513,30669.78,Crew
SI-0010463,S-005194,8397,236115,34748.85,Truck
SI-0010464,S-005194,3632,561720,55937.9,Storefront
SI-0010465,S-005194,7228,722513,20160.7,Truck
SI-0010466,S-005195,5403,484110,37183.12,Office
SI-0010467,S-005195,8810,236115,32544.5,Crew
SI-0010468,S-005195,3724,484110,12037.43,Warehouse
SI-0010469,S-005196,5403,541511,11127.66,Equipment
SI-0010470,S-005196,9082,238320,113059.44,Warehouse
SI-0010471,S-005196,9082,236115,37934.75,Crew
SI-0010472,S-005197,9082,722513,91484.55,Warehouse
SI-0010473,S-005197,5403,541612,14578.18,Truck
SI-0010474,S-005198,5403,484110,3793.35,Office
SI-0010475,S-005199,3632,484110,41697.49,Storefront
SI-0010476,S-005199,5403,541511,22492.25,Crew
SI-0010477,S-005200,7228,561720,40051.0,Office
SI-0010478,S-005200,9082,541612,89302.97,Warehouse
SI-0010479,S-005201,5403,238320,35461.8,Office
SI-0010480,S-005201,7228,722513,93286.58,Warehouse
SI-0010481,S-005201,8810,541612,14691.68,Warehouse
SI-0010482,S-005202,5606,541511,14875.59,Crew
SI-0010483,S-005202,8810,238320,20772.29,Office
SI-0010484,S-005202,5403,238220,15076.42,Crew
SI-0010485,S-005203,9082,484110,14853.0,Storefront
SI-0010486,S-005203,3724,541612,49825.24,Equipment
SI-0010487,S-005203,8397,484110,24440.05,Truck
SI-0010488,S-005204,8397,484110,27689.01,Crew
SI-0010489,S-005204,3632,541612,31503.72,Equipment
SI-0010490,S-005205,7228,484110,17076.34,Warehouse
SI-0010491,S-005205,5606,541612,23508.06,Storefront
SI-0010492,S-005205,5606,484110,56166.49,Equipment
SI-0010493,S-005206,8810,541511,45266.01,Truck
SI-0010494,S-005206,9082,236115,44229.09,Storefront
SI-0010495,S-005206,8810,238220,44850.95,Crew
SI-0010496,S-005207,5606,236115,40732.33,Equipment
SI-0010497,S-005207,9082,238220,22890.88,Storefront
SI-0010498,S-005208,5606,541612,28980.81,Warehouse
SI-0010499,S-005209,8810,236115,15253.35,Crew
SI-0010500,S-005209,7228,561720,16471.52,Storefront
SI-0010501,S-005210,3632,238320,48551.27,Storefront
SI-0010502,S-005211,8810,541612,21272.6,Truck
SI-0010503,S-005211,5606,238220,9738.05,Equipment
SI-0010504,S-005211,8810,238320,34049.18,Truck
SI-0010505,S-005212,7228,722513,25843.35,Warehouse
SI-0010506,S-005213,8810,238220,34690.35,Crew
SI-0010507,S-005214,5403,541511,49866.78,Storefront
SI-0010508,S-005214,3632,541511,121411.47,Storefront
SI-0010509,S-005214,3724,541612,30497.48,Storefront
SI-0010510,S-005215,3632,484110,62306.42,Office
SI-0010511,S-005215,3632,541511,68987.41,Truck
SI-0010512,S-005216,3724,561720,33426.2,Crew
SI-0010513,S-005217,8397,541511,40385.3,Storefront
SI-0010514,S-005217,8397,238220,73874.2,Equipment
SI-0010515,S-005217,5606,561720,18261.44,Warehouse
SI-0010516,S-005218,3632,541511,265955.42,Warehouse
SI-0010517,S-005219,3724,722513,31465.99,Office
SI-0010518,S-005220,8810,541511,5679.32,Warehouse
SI-0010519,S-005221,9082,722513,38121.88,Warehouse
SI-0010520,S-005221,5606,722513,21584.5,Equipment
SI-0010521,S-005221,8810,484110,36974.72,Office
SI-0010522,S-005222,5606,541612,58152.44,Truck
SI-0010523,S-005222,7228,541612,11045.3,Equipment
SI-0010524,S-005223,3632,238220,10148.54,Equipment
SI-0010525,S-005223,7228,541612,21883.85,Truck
SI-0010526,S-005223,8397,722513,28476.19,Crew
SI-0010527,S-005224,3632,541511,22632.64,Equipment
SI-0010528,S-005225,5606,236115,14872.9,Equipment
SI-0010529,S-005226,8810,541511,18473.48,Office
SI-0010530,S-005226,8397,541511,14424.16,Warehouse
SI-0010531,S-005226,8397,238220,129291.46,Office
SI-0010532,S-005227,9082,561720,85363.83,Equipment
SI-0010533,S-005227,5403,238320,45162.73,Crew
SI-0010534,S-005228,8810,541511,58053.04,Warehouse
SI-0010535,S-005229,7228,238220,31012.63,Warehouse
SI-0010536,S-005229,9082,238220,37407.78,Warehouse
SI-0010537,S-005230,7228,722513,6924.5,Office
SI-0010538,S-005230,8397,541612,6378.81,Crew
SI-0010539,S-005230,5403,541511,30140.4,Warehouse
SI-0010540,S-005231,8397,238320,9970.0,Office
SI-0010541,S-005232,5606,561720,65443.81,Office
SI-0010542,S-005232,5606,541612,17778.77,Office
SI-0010543,S-005233,5606,236115,84831.06,Storefront
SI-0010544,S-005234,5606,236115,28049.84,Equipment
SI-0010545,S-005234,5606,722513,102344.19,Storefront
SI-0010546,S-005235,9082,541612,46494.9,Storefront
SI-0010547,S-005236,3632,561720,33110.88,Crew
SI-0010548,S-005236,8810,238220,91027.24,Truck
SI-0010549,S-005237,3632,561720,20618.42,Equipment
SI-0010550,S-005238,8397,561720,48562.84,Office
SI-0010551,S-005238,3724,238320,103122.08,Crew
SI-0010552,S-005238,3724,484110,34509.59,Office
SI-0010553,S-005239,3632,722513,7767.22,Crew
SI-0010554,S-005239,8810,238220,49018.05,Equipment
SI-0010555,S-005240,3632,541612,58497.68,Truck
SI-0010556,S-005240,8810,722513,16600.14,Office
SI-0010557,S-005241,3632,722513,84363.41,Equipment
SI-0010558,S-005241,3724,236115,25012.62,Truck
SI-0010559,S-005242,8397,541511,13140.32,Truck
SI-0010560,S-005243,8397,541612,30105.98,Warehouse
SI-0010561,S-005243,5606,561720,63302.38,Storefront
SI-0010562,S-005243,8397,541612,44678.29,Office
SI-0010563,S-005244,5606,236115,98375.88,Crew
SI-0010564,S-005244,8810,238220,49633.37,Warehouse
SI-0010565,S-005245,8397,561720,28683.18,Crew
SI-0010566,S-005245,8397,722513,35131.41,Crew
SI-0010567,S-005245,3724,238220,31463.17,Truck
SI-0010568,S-005246,3632,722513,88752.11,Equipment
SI-0010569,S-005246,7228,238220,34488.83,Truck
SI-0010570,S-005247,8397,561720,17127.55,Equipment
SI-0010571,S-005247,3632,238220,61241.63,Truck
SI-0010572,S-005247,5403,238320,24397.69,Equipment
SI-0010573,S-005248,5606,722513,54560.61,Office
SI-0010574,S-005249,7228,541612,64838.47,Storefront
SI-0010575,S-005249,3724,238220,26572.27,Equipment
SI-0010576,S-005249,9082,541511,29812.95,Equipment
SI-0010577,S-005250,9082,541612,17980.23,Storefront
SI-0010578,S-005250,5606,236115,6471.77,Crew
SI-0010579,S-005250,3632,484110,22919.06,Storefront
SI-0010580,S-005251,8397,722513,18069.98,Crew
SI-0010581,S-005251,3632,561720,29785.98,Truck
SI-0010582,S-005251,5403,238320,16481.98,Warehouse
SI-0010583,S-005252,3632,561720,20030.21,Equipment
SI-0010584,S-005252,7228,484110,7863.18,Equipment
SI-0010585,S-005253,9082,238220,37058.34,Equipment
SI-0010586,S-005254,7228,541612,35805.06,Storefront
SI-0010587,S-005255,5606,236115,36129.26,Warehouse
SI-0010588,S-005256,7228,541612,8537.94,Storefront
SI-0010589,S-005256,7228,236115,24049.35,Warehouse
SI-0010590,S-005256,7228,238220,61142.52,Warehouse
SI-0010591,S-005257,8397,238320,19323.98,Truck
SI-0010592,S-005257,5403,541511,36562.84,Crew
SI-0010593,S-005257,3632,236115,35205.81,Warehouse
SI-0010594,S-005258,3632,722513,20173.9,Office
SI-0010595,S-005259,5403,561720,19518.21,Equipment
SI-0010596,S-005259,5606,541511,42506.95,Warehouse
SI-0010597,S-005260,8810,484110,20343.14,Office
SI-0010598,S-005261,7228,541511,36559.66,Equipment
SI-0010599,S-005261,8810,541511,15541.61,Storefront
SI-0010600,S-005262,5403,722513,8234.48,Truck
SI-0010601,S-005262,5606,236115,28894.4,Truck
SI-0010602,S-005263,5403,236115,42096.1,Crew
SI-0010603,S-005264,7228,541612,26905.28,Truck
SI-0010604,S-005264,3632,722513,34320.66,Equipment
SI-0010605,S-005265,5403,236115,6834.47,Storefront
SI-0010606,S-005265,7228,236115,35929.2,Equipment
SI-0010607,S-005266,9082,484110,74733.21,Truck
SI-0010608,S-005266,8397,484110,47570.22,Office
SI-0010609,S-005267,8810,561720,13437.45,Storefront
SI-0010610,S-005268,5403,541612,45301.73,Storefront
SI-0010611,S-005268,3724,236115,41527.94,Office
SI-0010612,S-005268,8810,541612,22743.1,Truck
SI-0010613,S-005269,3632,722513,62716.29,Office
SI-0010614,S-005270,5403,238220,16676.92,Crew
SI-0010615,S-005270,3724,484110,29316.33,Office
SI-0010616,S-005270,3632,541612,10461.68,Truck
SI-0010617,S-005271,7228,238320,17786.81,Equipment
SI-0010618,S-005272,9082,484110,21348.56,Storefront
SI-0010619,S-005273,9082,541612,29872.1,Truck
SI-0010620,S-005273,7228,541511,82875.47,Storefront
SI-0010621,S-005273,8397,236115,18874.52,Warehouse
SI-0010622,S-005274,5606,722513,21965.41,Warehouse
SI-0010623,S-005274,7228,541511,35224.08,Warehouse
SI-0010624,S-005274,5403,561720,63857.65,Equipment
SI-0010625,S-005275,5606,561720,22242.11,Truck
SI-0010626,S-005275,3632,541511,33127.89,Storefront
SI-0010627,S-005276,5606,561720,66659.99,Warehouse
SI-0010628,S-005276,3724,238220,21467.55,Warehouse
SI-0010629,S-005277,3724,484110,290058.88,Office
SI-0010630,S-005277,8810,238220,33384.6,Office
SI-0010631,S-005278,9082,238220,18084.52,Equipment
SI-0010632,S-005278,3724,236115,42986.23,Storefront
SI-0010633,S-005279,3632,541511,82913.38,Crew
SI-0010634,S-005279,5403,541612,23080.26,Truck
SI-0010635,S-005280,3632,541511,40216.0,Warehouse
SI-0010636,S-005281,3724,238220,36225.26,Office
SI-0010637,S-005282,5403,484110,14413.15,Crew
SI-0010638,S-005282,3724,541511,32390.75,Equipment
SI-0010639,S-005283,7228,238220,75975.32,Office
SI-0010640,S-005284,5606,238220,71880.44,Equipment
SI-0010641,S-005284,3724,238220,25670.37,Equipment
SI-0010642,S-005284,3632,238320,28645.79,Warehouse
SI-0010643,S-005285,8397,561720,67653.24,Office
SI-0010644,S-005285,7228,484110,73843.29,Equipment
SI-0010645,S-005286,8810,236115,32061.49,Storefront
SI-0010646,S-005286,8397,236115,49909.78,Warehouse
SI-0010647,S-005286,7228,541511,38379.24,Office
SI-0010648,S-005287,5606,561720,113150.79,Warehouse
SI-0010649,S-005288,3724,561720,31765.51,Equipment
SI-0010650,S-005288,5403,541612,47301.42,Office
SI-0010651,S-005288,3724,238320,16302.29,Warehouse
SI-0010652,S-005289,9082,561720,38750.82,Crew
SI-0010653,S-005289,8397,236115,14869.91,Equipment
SI-0010654,S-005289,3632,561720,31843.37,Crew
SI-0010655,S-005290,8397,561720,36401.13,Truck
SI-0010656,S-005290,5403,561720,43658.53,Equipment
SI-0010657,S-005291,3632,238320,14958.75,Storefront
SI-0010658,S-005292,8810,722513,61905.83,Office
SI-0010659,S-005292,9082,238320,27075.94,Office
SI-0010660,S-005292,5606,236115,9344.13,Office
SI-0010661,S-005293,7228,236115,36547.95,Storefront
SI-0010662,S-005293,3632,561720,114834.5,Office
SI-0010663,S-005294,3724,541511,5403.81,Office
SI-0010664,S-005294,3632,238320,40314.77,Truck
SI-0010665,S-005295,8810,561720,12900.88,Warehouse
SI-0010666,S-005295,7228,561720,26455.42,Crew
SI-0010667,S-005295,3724,236115,36459.0,Truck
SI-0010668,S-005296,3632,541612,33502.74,Truck
SI-0010669,S-005296,3724,561720,95777.61,Equipment
SI-0010670,S-005296,5403,541612,33924.64,Crew
SI-0010671,S-005297,5606,541612,21480.5,Storefront
SI-0010672,S-005297,5606,236115,22319.89,Equipment
SI-0010673,S-005297,9082,561720,20955.13,Truck
SI-0010674,S-005298,8810,238320,29547.74,Crew
SI-0010675,S-005298,3632,541612,43673.68,Equipment
SI-0010676,S-005299,3632,561720,33679.37,Truck
SI-0010677,S-005300,7228,722513,43857.14,Storefront
SI-0010678,S-005300,5403,484110,34168.51,Crew
SI-0010679,S-005300,5403,236115,22706.34,Truck
SI-0010680,S-005301,9082,236115,12444.84,Warehouse
SI-0010681,S-005302,9082,541511,44164.34,Office
SI-0010682,S-005302,3632,541511,28701.13,Equipment
SI-0010683,S-005303,5403,236115,38963.25,Equipment
SI-0010684,S-005304,8810,484110,34434.01,Office
SI-0010685,S-005304,3632,236115,77404.17,Warehouse
SI-0010686,S-005305,5606,541511,42289.83,Warehouse
SI-0010687,S-005305,8397,561720,56893.31,Equipment
SI-0010688,S-005305,8397,238220,6533.83,Equipment
SI-0010689,S-005306,5403,238320,15248.85,Equipment
SI-0010690,S-005306,3724,722513,22522.48,Crew
SI-0010691,S-005306,5403,541612,46554.27,Truck
SI-0010692,S-005307,3724,484110,31445.67,Crew
SI-0010693,S-005308,3724,238220,16071.86,Warehouse
SI-0010694,S-005308,5403,541511,36885.85,Equipment
SI-0010695,S-005309,5606,484110,124515.79,Warehouse
SI-0010696,S-005310,5606,541511,69827.26,Truck
SI-0010697,S-005310,7228,541511,97983.63,Truck
SI-0010698,S-005310,3632,541612,16057.87,Equipment
SI-0010699,S-005311,5606,238220,15342.31,Warehouse
SI-0010700,S-005312,9082,561720,29756.84,Office
SI-0010701,S-005313,5403,722513,13385.81,Crew
SI-0010702,S-005313,7228,722513,31056.27,Warehouse
SI-0010703,S-005314,3632,238220,19329.94,Warehouse
SI-0010704,S-005314,8397,484110,70798.81,Office
SI-0010705,S-005315,7228,722513,45214.58,Office
SI-0010706,S-005316,5403,238220,21138.46,Warehouse
SI-0010707,S-005317,3724,541612,82558.42,Warehouse
SI-0010708,S-005318,5403,238220,20313.8,Truck
SI-0010709,S-005318,3724,722513,39242.37,Crew
SI-0010710,S-005318,7228,238320,34994.59,Crew
SI-0010711,S-005319,8397,484110,20636.3,Office
SI-0010712,S-005319,3632,541612,64628.51,Equipment
SI-0010713,S-005319,3632,561720,30627.48,Office
SI-0010714,S-005320,5606,722513,46568.13,Warehouse
SI-0010715,S-005320,7228,236115,18593.47,Equipment
SI-0010716,S-005320,8397,722513,16380.18,Truck
SI-0010717,S-005321,5403,561720,41649.84,Warehouse
SI-0010718,S-005322,9082,238320,29834.89,Office
SI-0010719,S-005322,8810,238320,27887.08,Crew
SI-0010720,S-005323,5606,238320,99591.63,Equipment
SI-0010721,S-005323,9082,541612,7664.07,Warehouse
SI-0010722,S-005324,8397,541612,10419.15,Storefront
SI-0010723,S-005324,3724,238320,15362.28,Storefront
SI-0010724,S-005324,5403,541511,31233.56,Office
SI-0010725,S-005325,7228,484110,9814.17,Truck
SI-0010726,S-005325,9082,238220,23159.25,Warehouse
SI-0010727,S-005326,5403,484110,16490.25,Office
SI-0010728,S-005327,7228,561720,7887.42,Equipment
SI-0010729,S-005328,7228,238220,25294.15,Equipment
SI-0010730,S-005328,5606,541612,26645.66,Equipment
SI-0010731,S-005328,5403,236115,30399.83,Equipment
SI-0010732,S-005329,9082,541612,123418.21,Office
SI-0010733,S-005330,3632,484110,55886.85,Office
SI-0010734,S-005330,3724,541612,87421.23,Warehouse
SI-0010735,S-005331,3724,541612,10546.03,Equipment
SI-0010736,S-005332,8810,236115,95307.39,Crew
SI-0010737,S-005332,8397,561720,149756.38,Warehouse
SI-0010738,S-005333,5606,238220,48943.01,Office
SI-0010739,S-005333,9082,541511,43237.23,Truck
SI-0010740,S-005333,9082,238220,17722.09,Warehouse
SI-0010741,S-005334,7228,541612,150483.61,Truck
SI-0010742,S-005334,5606,561720,13819.73,Office
SI-0010743,S-005335,5606,238220,29981.95,Equipment
SI-0010744,S-005335,8810,484110,59978.18,Equipment
SI-0010745,S-005336,8810,561720,25086.95,Equipment
SI-0010746,S-005336,3632,484110,74183.91,Crew
SI-0010747,S-005337,9082,238320,15058.42,Storefront
SI-0010748,S-005338,8397,484110,25636.88,Truck
SI-0010749,S-005338,5403,238320,33551.37,Truck
SI-0010750,S-005339,3724,722513,42677.26,Equipment
SI-0010751,S-005340,3632,236115,37749.34,Truck
SI-0010752,S-005340,8397,238220,137712.05,Storefront
SI-0010753,S-005340,3724,541511,75579.88,Equipment
SI-0010754,S-005341,5403,541511,27978.41,Crew
SI-0010755,S-005341,7228,561720,95766.09,Warehouse
SI-0010756,S-005342,5606,541511,26413.95,Storefront
SI-0010757,S-005342,8810,236115,54738.28,Office
SI-0010758,S-005343,5606,541612,24919.88,Warehouse
SI-0010759,S-005344,9082,561720,53312.88,Warehouse
SI-0010760,S-005345,8397,238220,18069.56,Warehouse
SI-0010761,S-005345,9082,238320,53484.52,Storefront
SI-0010762,S-005345,3632,238320,33920.99,Office
SI-0010763,S-005346,9082,561720,38870.08,Equipment
SI-0010764,S-005347,5403,484110,33481.24,Warehouse
SI-0010765,S-005348,8810,541612,54373.23,Office
SI-0010766,S-005349,5403,484110,28723.52,Crew
SI-0010767,S-005350,8810,722513,52610.37,Equipment
SI-0010768,S-005351,3724,722513,21895.34,Truck
SI-0010769,S-005352,8810,236115,74569.1,Crew
SI-0010770,S-005352,8810,541612,48345.16,Truck
SI-0010771,S-005352,8397,722513,39735.68,Storefront
SI-0010772,S-005353,9082,236115,31812.66,Equipment
SI-0010773,S-005353,5403,722513,15421.54,Truck
SI-0010774,S-005353,3632,236115,27269.28,Truck
SI-0010775,S-005354,5606,238320,35817.7,Equipment
SI-0010776,S-005354,8397,722513,19971.02,Equipment
SI-0010777,S-005354,9082,238320,70296.75,Truck
SI-0010778,S-005355,5403,561720,53588.54,Warehouse
SI-0010779,S-005355,9082,541612,20363.79,Equipment
SI-0010780,S-005355,7228,484110,27634.94,Equipment
SI-0010781,S-005356,8397,541511,31402.34,Warehouse
SI-0010782,S-005357,3632,238220,27011.55,Crew
SI-0010783,S-005357,3724,722513,73933.36,Crew
SI-0010784,S-005358,7228,541511,46261.76,Crew
SI-0010785,S-005358,3724,722513,19336.91,Equipment
SI-0010786,S-005359,5403,236115,7396.85,Warehouse
SI-0010787,S-005359,8810,236115,54255.03,Storefront
SI-0010788,S-005359,8397,236115,41145.21,Warehouse
SI-0010789,S-005360,5606,722513,19469.91,Office
SI-0010790,S-005361,7228,236115,17521.34,Equipment
SI-0010791,S-005361,5403,541612,36466.81,Equipment
SI-0010792,S-005362,7228,238220,35837.45,Truck
SI-0010793,S-005363,9082,541511,52909.15,Equipment
SI-0010794,S-005364,7228,722513,48471.86,Equipment
SI-0010795,S-005365,8397,561720,17623.66,Crew
SI-0010796,S-005366,3724,484110,47898.9,Storefront
SI-0010797,S-005366,5606,541612,75094.37,Crew
SI-0010798,S-005366,3632,541511,44253.19,Office
SI-0010799,S-005367,8810,236115,30529.81,Truck
SI-0010800,S-005368,5403,561720,50642.23,Equipment
SI-0010801,S-005368,7228,722513,15709.51,Equipment
SI-0010802,S-005368,8810,484110,33478.21,Warehouse
SI-0010803,S-005369,3632,238220,22707.07,Office
SI-0010804,S-005370,3632,541612,37378.16,Crew
SI-0010805,S-005370,3632,541511,20532.72,Warehouse
SI-0010806,S-005371,7228,541612,111819.89,Office
SI-0010807,S-005371,9082,541612,14020.96,Crew
SI-0010808,S-005371,8397,722513,115907.18,Storefront
SI-0010809,S-005372,3724,541511,41442.11,Truck
SI-0010810,S-005372,5403,541612,42766.67,Crew
SI-0010811,S-005372,9082,722513,27162.49,Storefront
SI-0010812,S-005373,3724,541612,14484.3,Warehouse
SI-0010813,S-005374,3632,484110,36312.77,Truck
SI-0010814,S-005374,3632,236115,10590.0,Warehouse
SI-0010815,S-005374,7228,238220,35006.31,Equipment
SI-0010816,S-005375,3724,238320,57791.63,Office
SI-0010817,S-005375,5606,238220,48124.68,Storefront
SI-0010818,S-005376,8810,484110,215263.1,Crew
SI-0010819,S-005377,3632,238220,37858.68,Office
SI-0010820,S-005378,5403,238220,20072.44,Truck
SI-0010821,S-005378,8810,541612,7342.09,Warehouse
SI-0010822,S-005379,8810,541511,11366.0,Crew
SI-0010823,S-005379,8397,484110,56981.2,Truck
SI-0010824,S-005380,9082,561720,6214.39,Warehouse
SI-0010825,S-005381,7228,484110,38191.07,Crew
SI-0010826,S-005382,5606,561720,55379.63,Warehouse
SI-0010827,S-005382,7228,236115,115784.36,Truck
SI-0010828,S-005383,5606,236115,15891.56,Truck
SI-0010829,S-005383,3632,238220,37540.7,Storefront
SI-0010830,S-005383,7228,561720,43819.58,Office
SI-0010831,S-005384,3632,236115,37675.73,Truck
SI-0010832,S-005384,8810,484110,45624.09,Office
SI-0010833,S-005385,8810,236115,45595.87,Crew
SI-0010834,S-005385,5606,541612,28493.73,Storefront
SI-0010835,S-005385,5403,238220,61348.86,Storefront
SI-0010836,S-005386,3724,238220,35666.83,Warehouse
SI-0010837,S-005386,3632,484110,15412.99,Crew
SI-0010838,S-005387,8810,236115,15211.77,Storefront
SI-0010839,S-005387,5606,484110,33349.14,Crew
SI-0010840,S-005387,8397,541612,20761.83,Equipment
SI-0010841,S-005388,5403,722513,24217.18,Equipment
SI-0010842,S-005389,8397,238220,118549.77,Equipment
SI-0010843,S-005389,9082,561720,14080.17,Storefront
SI-0010844,S-005390,5606,541511,64750.57,Equipment
SI-0010845,S-005391,8810,484110,39538.59,Equipment
SI-0010846,S-005391,3632,722513,91899.26,Storefront
SI-0010847,S-005392,5606,541612,42368.6,Storefront
SI-0010848,S-005393,3724,561720,18632.18,Crew
SI-0010849,S-005393,3724,561720,10862.42,Office
SI-0010850,S-005394,7228,722513,45597.71,Crew
SI-0010851,S-005394,8810,561720,36462.58,Truck
SI-0010852,S-005394,3724,236115,53175.97,Crew
SI-0010853,S-005395,5403,722513,23647.49,Equipment
SI-0010854,S-005395,7228,541612,11705.87,Office
SI-0010855,S-005395,5403,238320,25539.04,Storefront
SI-0010856,S-005396,7228,238320,16563.78,Crew
SI-0010857,S-005396,7228,722513,8696.94,Warehouse
SI-0010858,S-005396,8397,541511,45775.3,Office
SI-0010859,S-005397,8397,238320,64928.68,Equipment
SI-0010860,S-005398,5403,541612,73134.36,Truck
SI-0010861,S-005399,3632,541511,18208.69,Equipment
SI-0010862,S-005399,5606,236115,23780.95,Equipment
SI-0010863,S-005400,8810,722513,44000.79,Office
SI-0010864,S-005400,5606,541511,34994.14,Storefront
SI-0010865,S-005401,8397,541511,62091.92,Warehouse
SI-0010866,S-005401,5403,238320,58180.98,Crew
SI-0010867,S-005402,8810,484110,36088.59,Truck
SI-0010868,S-005403,5403,722513,67283.62,Truck
SI-0010869,S-005404,7228,484110,33445.94,Equipment
SI-0010870,S-005404,8810,484110,26129.92,Equipment
SI-0010871,S-005404,8397,236115,36877.44,Equipment
SI-0010872,S-005405,8810,541612,18539.82,Warehouse
SI-0010873,S-005405,5403,541511,33588.91,Storefront
SI-0010874,S-005405,5606,236115,50828.34,Crew
SI-0010875,S-005406,9082,541612,55840.1,Storefront
SI-0010876,S-005406,5403,722513,34554.16,Storefront
SI-0010877,S-005406,8397,722513,17763.6,Warehouse
SI-0010878,S-005407,3632,236115,23075.69,Warehouse
SI-0010879,S-005407,7228,238220,25519.28,Truck
SI-0010880,S-005407,7228,484110,22115.49,Crew
SI-0010881,S-005408,8810,484110,16211.14,Crew
SI-0010882,S-005408,8397,561720,42828.77,Office
SI-0010883,S-005408,3724,236115,16455.13,Equipment
SI-0010884,S-005409,5606,541511,18834.41,Crew
SI-0010885,S-005409,8397,541511,76852.92,Crew
SI-0010886,S-005410,5403,238220,7981.28,Office
SI-0010887,S-005411,5606,236115,94227.53,Office
SI-0010888,S-005412,7228,484110,105626.41,Warehouse
SI-0010889,S-005412,8810,722513,25768.93,Office
SI-0010890,S-005413,8810,484110,58977.41,Warehouse
SI-0010891,S-005413,9082,484110,17807.45,Truck
SI-0010892,S-005414,5606,541511,25546.47,Office
SI-0010893,S-005414,9082,541612,29439.24,Crew
SI-0010894,S-005415,8810,238320,43940.22,Crew
SI-0010895,S-005415,3632,238320,60784.52,Warehouse
SI-0010896,S-005416,3632,238220,61258.28,Warehouse
SI-0010897,S-005416,5403,541612,34087.9,Truck
SI-0010898,S-005417,8397,722513,21895.78,Equipment
SI-0010899,S-005417,3724,722513,28797.31,Truck
SI-0010900,S-005418,7228,561720,28887.69,Office
SI-0010901,S-005418,3632,541511,30747.4,Equipment
SI-0010902,S-005418,3632,238320,31725.75,Equipment
SI-0010903,S-005419,5403,722513,11493.98,Crew
SI-0010904,S-005420,3724,722513,46417.43,Warehouse
SI-0010905,S-005420,7228,484110,44986.42,Storefront
SI-0010906,S-005420,5403,541612,21727.51,Equipment
SI-0010907,S-005421,8810,722513,36625.93,Storefront
SI-0010908,S-005421,8810,236115,30078.74,Truck
SI-0010909,S-005421,8397,238320,41079.28,Crew
SI-0010910,S-005422,3632,722513,8331.1,Truck
SI-0010911,S-005423,7228,541612,50377.5,Warehouse
SI-0010912,S-005423,5403,238220,14574.52,Storefront
SI-0010913,S-005424,7228,722513,9806.84,Equipment
SI-0010914,S-005425,3632,484110,40242.16,Truck
SI-0010915,S-005426,9082,236115,33337.31,Truck
SI-0010916,S-005426,5606,561720,29470.26,Office
SI-0010917,S-005427,5606,722513,68963.53,Warehouse
SI-0010918,S-005427,8810,722513,28691.85,Equipment
SI-0010919,S-005427,3632,236115,61667.64,Crew
SI-0010920,S-005428,9082,561720,15475.56,Crew
SI-0010921,S-005428,7228,541511,20372.97,Truck
SI-0010922,S-005428,9082,541511,16641.75,Truck
SI-0010923,S-005429,5403,541612,8380.02,Office
SI-0010924,S-005430,3724,561720,41460.74,Warehouse
SI-0010925,S-005430,8397,541511,43388.97,Crew
SI-0010926,S-005430,3724,722513,25261.64,Crew
SI-0010927,S-005431,5403,541511,21775.59,Storefront
SI-0010928,S-005432,5606,238220,30616.25,Crew
SI-0010929,S-005432,5606,238320,63553.73,Storefront
SI-0010930,S-005433,8810,238220,9388.66,Storefront
SI-0010931,S-005434,3724,541612,26738.87,Equipment
SI-0010932,S-005435,5403,561720,15087.26,Equipment
SI-0010933,S-005435,3632,541612,23046.14,Warehouse
SI-0010934,S-005435,8810,722513,23578.97,Crew
SI-0010935,S-005436,3724,238320,36061.08,Warehouse
SI-0010936,S-005436,9082,236115,14828.02,Crew
SI-0010937,S-005436,3724,541612,33681.7,Storefront
SI-0010938,S-005437,8810,236115,45283.28,Equipment
SI-0010939,S-005437,3724,236115,53486.39,Warehouse
SI-0010940,S-005437,9082,541612,26145.57,Truck
SI-0010941,S-005438,9082,541612,60930.84,Storefront
SI-0010942,S-005439,3632,236115,204509.73,Truck
SI-0010943,S-005439,3632,561720,6039.3,Storefront
SI-0010944,S-005439,8397,238320,30432.83,Truck
SI-0010945,S-005440,3632,238220,40139.42,Truck
SI-0010946,S-005440,9082,238220,25020.93,Crew
SI-0010947,S-005440,8397,541612,13169.75,Equipment
SI-0010948,S-005441,9082,236115,34904.26,Office
SI-0010949,S-005441,3724,561720,13789.6,Office
SI-0010950,S-005441,5403,238320,76323.56,Warehouse
SI-0010951,S-005442,7228,236115,39548.61,Equipment
SI-0010952,S-005443,5606,541511,38565.58,Equipment
SI-0010953,S-005443,5606,238220,12538.07,Storefront
SI-0010954,S-005444,5403,238320,12389.69,Equipment
SI-0010955,S-005445,7228,541511,36298.69,Equipment
SI-0010956,S-005445,5403,484110,73690.52,Crew
SI-0010957,S-005445,7228,541511,14470.17,Equipment
SI-0010958,S-005446,8810,484110,31801.07,Truck
SI-0010959,S-005446,8397,238320,14623.71,Warehouse
SI-0010960,S-005447,7228,541511,16855.95,Equipment
SI-0010961,S-005447,8397,541612,128802.85,Warehouse
SI-0010962,S-005448,5606,236115,33141.99,Warehouse
SI-0010963,S-005448,7228,236115,63634.41,Warehouse
SI-0010964,S-005449,8397,722513,81362.59,Office
SI-0010965,S-005450,8397,236115,33299.65,Office
SI-0010966,S-005450,5606,484110,32441.23,Equipment
SI-0010967,S-005450,5403,541511,135103.81,Crew
SI-0010968,S-005451,3724,236115,22526.91,Storefront
SI-0010969,S-005452,7228,561720,45423.71,Crew
SI-0010970,S-005452,3632,238320,118128.19,Warehouse
SI-0010971,S-005453,3632,238220,42831.52,Truck
SI-0010972,S-005454,8397,541612,32868.34,Truck
SI-0010973,S-005454,5606,236115,126637.81,Office
SI-0010974,S-005455,3632,722513,87835.45,Truck
SI-0010975,S-005455,8810,541612,26547.89,Truck
SI-0010976,S-005455,8810,561720,28043.25,Truck
SI-0010977,S-005456,3632,236115,19687.04,Equipment
SI-0010978,S-005456,8397,238320,9263.81,Equipment
SI-0010979,S-005456,5606,561720,5141.75,Equipment
SI-0010980,S-005457,8810,238320,45369.1,Equipment
SI-0010981,S-005457,8397,541511,23141.49,Crew
SI-0010982,S-005458,9082,484110,47049.61,Crew
SI-0010983,S-005458,7228,484110,49598.21,Storefront
SI-0010984,S-005458,8397,722513,14810.25,Warehouse
SI-0010985,S-005459,8810,238220,42947.99,Storefront
SI-0010986,S-005459,5403,484110,55396.77,Storefront
SI-0010987,S-005459,8810,541511,21668.52,Storefront
SI-0010988,S-005460,3724,238220,28779.59,Crew
SI-0010989,S-005461,3632,238220,44780.43,Equipment
SI-0010990,S-005461,8397,561720,16426.72,Office
SI-0010991,S-005462,8397,722513,64495.49,Truck
SI-0010992,S-005462,5403,484110,28495.72,Storefront
SI-0010993,S-005463,8810,484110,134077.18,Truck
SI-0010994,S-005464,3724,722513,38587.37,Crew
SI-0010995,S-005464,5403,722513,56119.97,Office
SI-0010996,S-005465,8810,722513,65847.37,Warehouse
SI-0010997,S-005466,5403,541511,63750.93,Crew
SI-0010998,S-005466,3724,238220,137525.37,Office
SI-0010999,S-005466,5606,541511,22779.2,Warehouse
SI-0011000,S-005467,7228,238220,22920.89,Office
SI-0011001,S-005467,3724,238220,47391.96,Warehouse
SI-0011002,S-005467,3724,722513,21789.68,Storefront
SI-0011003,S-005468,9082,236115,44840.32,Equipment
SI-0011004,S-005468,3632,541612,9797.69,Equipment
SI-0011005,S-005468,9082,561720,28959.25,Equipment
SI-0011006,S-005469,9082,722513,32674.39,Crew
SI-0011007,S-005470,5606,561720,49122.44,Storefront
SI-0011008,S-005471,3724,561720,52203.63,Truck
SI-0011009,S-005471,5606,541612,47426.6,Crew
SI-0011010,S-005472,3632,484110,47238.52,Warehouse
SI-0011011,S-005472,7228,238320,45659.86,Warehouse
SI-0011012,S-005472,8810,238320,62609.91,Equipment
SI-0011013,S-005473,7228,236115,16665.69,Crew
SI-0011014,S-005474,5403,541511,85961.15,Crew
SI-0011015,S-005475,9082,541612,20378.03,Crew
SI-0011016,S-005476,5403,541612,6289.19,Warehouse
SI-0011017,S-005476,3632,238220,15404.43,Warehouse
SI-0011018,S-005476,3724,722513,69994.37,Truck
SI-0011019,S-005477,8397,722513,11537.31,Storefront
SI-0011020,S-005477,9082,561720,35068.03,Office
SI-0011021,S-005478,5403,561720,10524.15,Truck
SI-0011022,S-005478,3632,238220,40750.19,Office
SI-0011023,S-005479,8810,238320,28762.29,Warehouse
SI-0011024,S-005479,5606,722513,49748.16,Equipment
SI-0011025,S-005479,8397,236115,7268.69,Truck
SI-0011026,S-005480,3724,561720,33091.6,Equipment
SI-0011027,S-005480,8810,541612,23898.99,Storefront
SI-0011028,S-005481,3632,236115,10685.05,Office
SI-0011029,S-005482,3632,561720,18596.02,Truck
SI-0011030,S-005482,5403,236115,9117.44,Equipment
SI-0011031,S-005482,8397,541612,124456.84,Storefront
SI-0011032,S-005483,7228,722513,53376.43,Office
SI-0011033,S-005483,8397,541511,66748.96,Equipment
SI-0011034,S-005483,5403,722513,11262.58,Office
SI-0011035,S-005484,3724,484110,39713.49,Equipment
SI-0011036,S-005484,3632,236115,77090.82,Storefront
SI-0011037,S-005485,3632,541612,23302.68,Warehouse
SI-0011038,S-005486,5606,541612,41071.5,Truck
SI-0011039,S-005486,3632,484110,52360.74,Truck
SI-0011040,S-005486,7228,561720,33377.9,Office
SI-0011041,S-005487,5403,561720,34299.72,Storefront
SI-0011042,S-005487,8810,541612,34457.63,Truck
SI-0011043,S-005488,8397,541612,10746.97,Crew
SI-0011044,S-005488,7228,484110,38506.21,Crew
SI-0011045,S-005489,9082,238320,35309.65,Equipment
SI-0011046,S-005489,3632,236115,77763.41,Equipment
SI-0011047,S-005489,8397,236115,32841.44,Storefront
SI-0011048,S-005490,8397,236115,34476.88,Truck
SI-0011049,S-005490,8810,722513,18737.29,Equipment
SI-0011050,S-005491,3724,722513,12898.79,Truck
SI-0011051,S-005492,3724,541511,74266.17,Equipment
SI-0011052,S-005493,3632,561720,14285.24,Equipment
SI-0011053,S-005494,3724,561720,21229.39,Truck
SI-0011054,S-005494,5403,484110,20124.73,Truck
SI-0011055,S-005494,3632,238220,73173.56,Warehouse
SI-0011056,S-005495,5403,541511,17678.49,Storefront
SI-0011057,S-005495,3632,541612,49157.14,Warehouse
SI-0011058,S-005496,3632,238320,22897.74,Storefront
SI-0011059,S-005497,3724,561720,59446.94,Office
SI-0011060,S-005497,3632,238220,45212.45,Office
SI-0011061,S-005498,8397,236115,37584.72,Storefront
SI-0011062,S-005498,5403,484110,31719.81,Office
SI-0011063,S-005498,9082,238320,15010.38,Crew
SI-0011064,S-005499,3724,236115,15550.74,Truck
SI-0011065,S-005499,8810,541612,57809.38,Warehouse
SI-0011066,S-005499,5403,238320,45504.12,Storefront
SI-0011067,S-005500,3632,722513,11234.7,Warehouse
SI-0011068,S-005501,7228,238320,10551.84,Warehouse
SI-0011069,S-005501,3724,541612,32517.21,Truck
SI-0011070,S-005501,8810,236115,17060.96,Crew
SI-0011071,S-005502,7228,541612,85313.59,Warehouse
SI-0011072,S-005503,3632,541511,63407.94,Office
SI-0011073,S-005503,9082,561720,40823.51,Crew
SI-0011074,S-005503,7228,236115,62300.15,Storefront
SI-0011075,S-005504,7228,238220,25378.71,Equipment
SI-0011076,S-005505,5403,722513,21360.32,Storefront
SI-0011077,S-005506,9082,722513,15653.62,Warehouse
SI-0011078,S-005507,3632,238320,14983.6,Storefront
SI-0011079,S-005507,8810,238320,15418.73,Truck
SI-0011080,S-005508,3632,541511,24534.17,Warehouse
SI-0011081,S-005508,3632,722513,31731.56,Equipment
SI-0011082,S-005508,8810,722513,64479.56,Crew
SI-0011083,S-005509,8810,238220,15941.22,Truck
SI-0011084,S-005509,3724,541511,34590.59,Equipment
SI-0011085,S-005509,7228,236115,23074.19,Crew
SI-0011086,S-005510,3632,484110,27088.71,Storefront
SI-0011087,S-005511,5403,238220,93089.98,Equipment
SI-0011088,S-005511,5606,561720,36665.2,Warehouse
SI-0011089,S-005511,3724,238320,123714.09,Storefront
SI-0011090,S-005512,5606,484110,30666.93,Warehouse
SI-0011091,S-005513,8810,541612,13809.79,Equipment
SI-0011092,S-005513,9082,541511,169301.73,Storefront
SI-0011093,S-005514,5403,541511,23856.71,Truck
SI-0011094,S-005515,3632,541511,42756.14,Truck
SI-0011095,S-005515,8397,561720,50830.11,Crew
SI-0011096,S-005516,3724,561720,22335.59,Storefront
SI-0011097,S-005516,3724,722513,12681.35,Equipment
SI-0011098,S-005517,7228,238320,22941.97,Crew
SI-0011099,S-005518,8810,484110,42145.0,Truck
SI-0011100,S-005518,8810,541612,89220.29,Truck
SI-0011101,S-005519,8397,238220,17279.67,Equipment
SI-0011102,S-005519,8397,541612,25605.89,Equipment
SI-0011103,S-005520,3724,236115,73420.12,Truck
SI-0011104,S-005521,9082,484110,27305.28,Truck
SI-0011105,S-005521,3632,561720,40029.66,Crew
SI-0011106,S-005522,3724,484110,35397.15,Crew
SI-0011107,S-005523,3724,238320,59251.81,Storefront
SI-0011108,S-005524,5606,236115,28073.34,Truck
SI-0011109,S-005524,8810,541511,17640.55,Storefront
SI-0011110,S-005524,7228,722513,9047.11,Crew
SI-0011111,S-005525,7228,541511,42663.84,Office
SI-0011112,S-005525,5403,722513,16910.32,Truck
SI-0011113,S-005525,3724,561720,26178.62,Storefront
SI-0011114,S-005526,7228,238220,73866.08,Equipment
SI-0011115,S-005526,5403,484110,34775.24,Crew
SI-0011116,S-005527,7228,722513,33562.21,Truck
SI-0011117,S-005527,5403,484110,25374.03,Truck
SI-0011118,S-005527,3632,541612,28427.36,Truck
SI-0011119,S-005528,5403,484110,28419.15,Storefront
SI-0011120,S-005529,9082,541511,39728.77,Office
SI-0011121,S-005529,8810,722513,57602.2,Warehouse
SI-0011122,S-005529,8810,236115,22247.58,Crew
SI-0011123,S-005530,3724,722513,29050.41,Crew
SI-0011124,S-005530,7228,236115,49067.52,Equipment
SI-0011125,S-005531,5606,722513,81036.23,Equipment
SI-0011126,S-005532,3632,561720,70181.12,Crew
SI-0011127,S-005533,5606,561720,38317.57,Storefront
SI-0011128,S-005533,3724,722513,22885.49,Equipment
SI-0011129,S-005533,3632,541511,46957.72,Storefront
SI-0011130,S-005534,3724,238220,59343.37,Truck
SI-0011131,S-005534,3724,236115,27232.62,Warehouse
SI-0011132,S-005535,3632,722513,32264.65,Equipment
SI-0011133,S-005536,5403,541511,19080.22,Warehouse
SI-0011134,S-005536,8397,561720,16418.02,Equipment
SI-0011135,S-005537,5606,484110,5549.93,Storefront
SI-0011136,S-005537,3632,561720,48381.42,Office
SI-0011137,S-005538,5403,561720,36741.28,Truck
SI-0011138,S-005538,5606,561720,55762.63,Office
SI-0011139,S-005538,5403,541612,17296.05,Equipment
SI-0011140,S-005539,5403,541511,19945.06,Warehouse
SI-0011141,S-005540,5403,541511,38176.81,Equipment
SI-0011142,S-005541,8810,484110,29479.95,Office
SI-0011143,S-005541,8397,238320,18154.71,Warehouse
SI-0011144,S-005542,5403,484110,84473.97,Office
SI-0011145,S-005542,9082,484110,14832.1,Truck
SI-0011146,S-005543,3724,541612,69795.62,Office
SI-0011147,S-005543,3632,541511,29433.6,Storefront
SI-0011148,S-005544,5606,236115,28884.39,Office
SI-0011149,S-005545,7228,238220,29614.32,Crew
SI-0011150,S-005545,8397,238320,11939.7,Warehouse
SI-0011151,S-005545,7228,238320,44097.51,Crew
SI-0011152,S-005546,8397,236115,129466.89,Truck
SI-0011153,S-005546,7228,541511,11948.11,Equipment
SI-0011154,S-005547,3724,541612,30540.24,Equipment
SI-0011155,S-005547,7228,484110,45042.98,Storefront
SI-0011156,S-005548,3724,236115,56425.64,Storefront
SI-0011157,S-005548,9082,238320,21168.9,Equipment
SI-0011158,S-005548,5403,541511,26572.23,Storefront
SI-0011159,S-005549,5606,236115,28992.2,Truck
SI-0011160,S-005550,8397,238220,40128.59,Crew
SI-0011161,S-005551,3724,238220,43629.86,Truck
SI-0011162,S-005552,9082,238320,23626.57,Truck
SI-0011163,S-005553,5403,238320,49433.14,Equipment
SI-0011164,S-005553,5606,236115,92896.95,Storefront
SI-0011165,S-005554,3632,236115,205218.76,Equipment
SI-0011166,S-005554,7228,238220,17302.78,Truck
SI-0011167,S-005555,3632,238320,31249.2,Storefront
SI-0011168,S-005555,8810,541511,111065.14,Crew
SI-0011169,S-005555,7228,541511,18593.31,Warehouse
SI-0011170,S-005556,5606,541511,20900.0,Truck
SI-0011171,S-005556,3724,238320,52161.12,Crew
SI-0011172,S-005557,3724,541612,75901.06,Crew
SI-0011173,S-005557,3724,722513,195567.66,Warehouse
SI-0011174,S-005558,3724,238320,13660.68,Storefront
SI-0011175,S-005559,8397,541612,36625.09,Storefront
SI-0011176,S-005559,3632,541511,34441.02,Storefront
SI-0011177,S-005559,5403,238220,23825.44,Warehouse
SI-0011178,S-005560,5403,484110,41740.85,Equipment
SI-0011179,S-005561,9082,561720,8865.69,Equipment
SI-0011180,S-005562,7228,238220,18803.36,Storefront
SI-0011181,S-005562,8397,238220,13568.46,Crew
SI-0011182,S-005562,8810,722513,86684.76,Equipment
SI-0011183,S-005563,8810,541511,52880.21,Storefront
SI-0011184,S-005564,3724,484110,48090.89,Truck
SI-0011185,S-005565,5403,238220,27708.23,Truck
SI-0011186,S-005566,3632,561720,47386.06,Storefront
SI-0011187,S-005567,5403,541612,27233.45,Office
SI-0011188,S-005568,5403,238220,85840.07,Office
SI-0011189,S-005569,9082,541511,36273.19,Equipment
SI-0011190,S-005569,8397,541511,29894.69,Equipment
SI-0011191,S-005570,8397,722513,14588.88,Crew
SI-0011192,S-005571,3724,238220,29339.89,Crew
SI-0011193,S-005571,3632,484110,46435.73,Storefront
SI-0011194,S-005572,3724,541511,10692.39,Office
SI-0011195,S-005572,8397,541511,67879.83,Office
SI-0011196,S-005573,3632,238220,49285.35,Crew
SI-0011197,S-005574,8397,561720,14177.08,Warehouse
SI-0011198,S-005575,5606,561720,34789.44,Storefront
SI-0011199,S-005576,7228,541511,32038.09,Equipment
SI-0011200,S-005576,9082,238220,45599.39,Equipment
SI-0011201,S-005577,3632,484110,46089.6,Crew
SI-0011202,S-005578,3724,561720,22840.78,Warehouse
SI-0011203,S-005578,7228,541612,20989.91,Warehouse
SI-0011204,S-005578,3724,541612,58826.13,Office
SI-0011205,S-005579,8810,236115,110391.16,Storefront
SI-0011206,S-005580,8397,541511,24600.67,Equipment
SI-0011207,S-005580,8397,238320,14190.46,Storefront
SI-0011208,S-005581,8397,722513,54086.42,Warehouse
SI-0011209,S-005581,7228,561720,36679.31,Equipment
SI-0011210,S-005581,3724,541612,21260.21,Warehouse
SI-0011211,S-005582,8810,561720,29679.37,Crew
SI-0011212,S-005582,8397,541511,43187.75,Warehouse
SI-0011213,S-005582,5606,722513,26334.34,Warehouse
SI-0011214,S-005583,8397,238320,97543.63,Truck
SI-0011215,S-005583,3724,541511,42431.69,Equipment
SI-0011216,S-005583,5403,484110,60095.55,Warehouse
SI-0011217,S-005584,8810,238220,23129.44,Equipment
SI-0011218,S-005584,8397,236115,62424.83,Office
SI-0011219,S-005584,5403,236115,10915.55,Equipment
SI-0011220,S-005585,5403,238320,130756.87,Truck
SI-0011221,S-005585,8397,722513,12066.51,Truck
SI-0011222,S-005586,3632,238220,11215.27,Truck
SI-0011223,S-005586,5606,238220,105521.77,Truck
SI-0011224,S-005587,7228,541511,38663.39,Equipment
SI-0011225,S-005587,5606,541612,15019.38,Storefront
SI-0011226,S-005588,3632,722513,18715.11,Warehouse
SI-0011227,S-005588,8397,722513,76952.76,Storefront
SI-0011228,S-005589,3632,722513,30289.39,Warehouse
SI-0011229,S-005589,9082,541511,45922.89,Warehouse
SI-0011230,S-005590,3724,484110,11220.27,Equipment
SI-0011231,S-005590,3632,484110,26208.37,Equipment
SI-0011232,S-005590,9082,484110,88301.04,Office
SI-0011233,S-005591,3724,541612,15035.67,Warehouse
SI-0011234,S-005591,3632,484110,20293.95,Equipment
SI-0011235,S-005591,8397,484110,36943.78,Crew
SI-0011236,S-005592,9082,484110,64105.95,Storefront
SI-0011237,S-005592,5403,561720,9108.19,Equipment
SI-0011238,S-005592,3724,722513,37453.23,Warehouse
SI-0011239,S-005593,8810,484110,53874.88,Storefront
SI-0011240,S-005594,5606,541511,46351.25,Crew
SI-0011241,S-005594,3724,484110,8219.02,Crew
SI-0011242,S-005594,3724,238220,11621.85,Crew
SI-0011243,S-005595,8810,484110,114549.85,Truck
SI-0011244,S-005595,5606,238220,36339.66,Truck
SI-0011245,S-005595,5606,236115,22931.49,Office
SI-0011246,S-005596,3632,561720,19584.71,Crew
SI-0011247,S-005596,9082,722513,18114.13,Crew
SI-0011248,S-005596,8810,722513,63616.31,Truck
SI-0011249,S-005597,5606,561720,32916.57,Storefront
SI-0011250,S-005598,7228,238320,26967.04,Storefront
SI-0011251,S-005599,8810,484110,23190.45,Warehouse
SI-0011252,S-005600,8397,238320,35193.25,Warehouse
SI-0011253,S-005600,8397,236115,49252.49,Storefront
SI-0011254,S-005600,9082,722513,59194.78,Crew
SI-0011255,S-005601,7228,238320,16969.25,Crew
SI-0011256,S-005601,8810,238320,24483.84,Office
SI-0011257,S-005601,8810,541612,65112.06,Crew
SI-0011258,S-005602,8397,561720,26813.57,Storefront
SI-0011259,S-005603,9082,541511,21731.29,Crew
SI-0011260,S-005603,8810,238220,21926.42,Crew
SI-0011261,S-005603,7228,561720,17701.47,Truck
SI-0011262,S-005604,5606,238320,21679.73,Storefront
SI-0011263,S-005605,3632,561720,28776.7,Truck
SI-0011264,S-005605,3724,561720,13928.86,Office
SI-0011265,S-005605,3724,236115,75549.28,Equipment
SI-0011266,S-005606,5606,484110,41670.73,Warehouse
SI-0011267,S-005606,7228,722513,107474.77,Truck
SI-0011268,S-005606,5606,722513,22231.56,Crew
SI-0011269,S-005607,3632,541612,18418.41,Truck
SI-0011270,S-005607,8397,561720,59369.7,Crew
SI-0011271,S-005608,9082,541612,30517.42,Crew
SI-0011272,S-005608,7228,484110,46931.03,Warehouse
SI-0011273,S-005609,7228,561720,42958.23,Office
SI-0011274,S-005609,5606,238220,44073.1,Warehouse
SI-0011275,S-005609,3724,541612,16916.61,Warehouse
SI-0011276,S-005610,5606,238220,40006.32,Truck
SI-0011277,S-005610,8810,238220,31262.76,Equipment
SI-0011278,S-005611,8397,541612,23586.05,Warehouse
SI-0011279,S-005611,3632,541612,26869.72,Equipment
SI-0011280,S-005611,8810,238320,6437.42,Storefront
SI-0011281,S-005612,3724,484110,20344.19,Crew
SI-0011282,S-005613,7228,561720,84098.69,Warehouse
SI-0011283,S-005613,7228,541612,9446.98,Storefront
SI-0011284,S-005614,3632,484110,20582.74,Warehouse
SI-0011285,S-005614,5403,541511,34606.42,Equipment
SI-0011286,S-005614,3632,722513,30461.83,Office
SI-0011287,S-005615,8397,484110,57210.0,Equipment
SI-0011288,S-005616,8397,238220,44970.84,Truck
SI-0011289,S-005616,3632,484110,59424.38,Equipment
SI-0011290,S-005617,8397,722513,62443.55,Storefront
SI-0011291,S-005617,9082,722513,14201.2,Equipment
SI-0011292,S-005618,9082,236115,30724.74,Equipment
SI-0011293,S-005618,8810,541612,46686.21,Truck
SI-0011294,S-005619,8397,238220,5850.84,Warehouse
SI-0011295,S-005619,8397,722513,26940.73,Storefront
SI-0011296,S-005620,3632,541511,26854.21,Office
SI-0011297,S-005620,8810,541511,39207.15,Crew
SI-0011298,S-005620,9082,722513,14257.11,Office
SI-0011299,S-005621,5403,561720,22602.04,Crew
SI-0011300,S-005621,3724,238220,70831.66,Storefront
SI-0011301,S-005622,8810,236115,64054.63,Equipment
SI-0011302,S-005623,9082,541612,75068.02,Equipment
SI-0011303,S-005624,3632,561720,29753.65,Office
SI-0011304,S-005624,7228,236115,33437.78,Warehouse
SI-0011305,S-005625,3724,236115,53962.67,Office
SI-0011306,S-005626,5606,484110,40214.69,Storefront
SI-0011307,S-005626,5606,238220,36451.89,Office
SI-0011308,S-005626,8397,541612,31709.51,Warehouse
SI-0011309,S-005627,3632,561720,18464.09,Storefront
SI-0011310,S-005627,7228,238220,51532.9,Truck
SI-0011311,S-005628,8397,561720,21141.65,Crew
SI-0011312,S-005628,3724,722513,30906.67,Crew
SI-0011313,S-005628,9082,484110,14901.99,Warehouse
SI-0011314,S-005629,9082,722513,96480.14,Office
SI-0011315,S-005629,7228,561720,15532.84,Equipment
SI-0011316,S-005630,8810,238320,30152.35,Office
SI-0011317,S-005630,8397,238320,88533.93,Equipment
SI-0011318,S-005630,3724,541612,13118.09,Truck
SI-0011319,S-005631,3724,541612,60253.68,Equipment
SI-0011320,S-005631,9082,541612,132666.06,Office
SI-0011321,S-005632,7228,236115,16462.37,Office
SI-0011322,S-005632,8397,722513,68100.63,Office
SI-0011323,S-005632,5606,236115,36533.09,Warehouse
SI-0011324,S-005633,7228,561720,35133.44,Truck
SI-0011325,S-005633,5403,238320,9748.06,Storefront
SI-0011326,S-005633,8397,541511,17248.55,Crew
SI-0011327,S-005634,7228,541511,34733.13,Equipment
SI-0011328,S-005635,9082,722513,98927.68,Truck
SI-0011329,S-005635,3724,484110,38869.98,Storefront
SI-0011330,S-005636,7228,236115,16229.98,Crew
SI-0011331,S-005636,3632,238320,22876.22,Storefront
SI-0011332,S-005637,3632,238220,52306.69,Equipment
SI-0011333,S-005638,7228,541612,17734.8,Equipment
SI-0011334,S-005639,9082,561720,107955.15,Office
SI-0011335,S-005639,3632,238220,41485.05,Storefront
SI-0011336,S-005640,5606,238220,33368.72,Storefront
SI-0011337,S-005640,9082,541511,22580.0,Warehouse
SI-0011338,S-005641,5606,541612,16754.96,Storefront
SI-0011339,S-005641,3724,238220,85287.43,Truck
SI-0011340,S-005641,9082,484110,15481.73,Equipment
SI-0011341,S-005642,5606,238220,12327.0,Storefront
SI-0011342,S-005643,5403,484110,68808.67,Storefront
SI-0011343,S-005643,8397,236115,12573.21,Warehouse
SI-0011344,S-005643,5403,484110,51997.31,Storefront
SI-0011345,S-005644,5403,484110,17601.5,Equipment
SI-0011346,S-005644,5403,484110,27342.85,Storefront
SI-0011347,S-005645,3632,541612,35628.29,Truck
SI-0011348,S-005645,8810,541612,45539.5,Equipment
SI-0011349,S-005646,5606,541511,25530.6,Equipment
SI-0011350,S-005647,5606,722513,35696.05,Equipment
SI-0011351,S-005648,9082,236115,54425.39,Storefront
SI-0011352,S-005649,9082,541511,10347.2,Truck
SI-0011353,S-005650,5403,236115,13518.91,Storefront
SI-0011354,S-005651,8397,541511,14918.0,Warehouse
SI-0011355,S-005652,5403,484110,22599.56,Office
SI-0011356,S-005652,8397,541612,8888.49,Crew
SI-0011357,S-005652,8397,541511,12499.03,Storefront
SI-0011358,S-005653,8810,236115,32923.25,Crew
SI-0011359,S-005653,3632,238220,157966.74,Truck
SI-0011360,S-005654,8397,238220,35194.36,Truck
SI-0011361,S-005654,7228,484110,18201.58,Truck
SI-0011362,S-005654,8397,722513,42694.0,Crew
SI-0011363,S-005655,3724,541612,20884.1,Storefront
SI-0011364,S-005655,9082,236115,154637.15,Office
SI-0011365,S-005655,5403,484110,28748.82,Crew
SI-0011366,S-005656,8810,238220,90388.58,Office
SI-0011367,S-005656,5403,238220,47380.27,Crew
SI-0011368,S-005656,5403,561720,36976.46,Truck
SI-0011369,S-005657,5403,236115,32027.51,Truck
SI-0011370,S-005658,3724,238220,21101.73,Storefront
SI-0011371,S-005658,8397,238220,90019.62,Truck
SI-0011372,S-005658,8397,722513,25233.54,Storefront
SI-0011373,S-005659,5403,484110,50841.56,Storefront
SI-0011374,S-005659,7228,238320,7624.8,Storefront
SI-0011375,S-005660,8810,238320,35456.75,Warehouse
SI-0011376,S-005660,3632,238220,7261.9,Warehouse
SI-0011377,S-005661,8810,722513,18179.21,Warehouse
SI-0011378,S-005661,5403,238220,30827.26,Crew
SI-0011379,S-005661,8397,561720,33017.68,Storefront
SI-0011380,S-005662,5403,541511,39243.94,Crew
SI-0011381,S-005663,5403,541612,136690.46,Storefront
SI-0011382,S-005664,3724,541612,17123.99,Equipment
SI-0011383,S-005664,3632,236115,10035.25,Storefront
SI-0011384,S-005665,8810,236115,11951.72,Storefront
SI-0011385,S-005666,3724,722513,64305.44,Equipment
SI-0011386,S-005666,7228,238220,16682.16,Equipment
SI-0011387,S-005666,7228,236115,74609.53,Storefront
SI-0011388,S-005667,5403,541511,81743.29,Office
SI-0011389,S-005667,8397,238220,36106.63,Equipment
SI-0011390,S-005667,8397,722513,27243.84,Crew
SI-0011391,S-005668,5403,484110,24216.02,Truck
SI-0011392,S-005668,5403,541612,15024.58,Office
SI-0011393,S-005669,8397,722513,69734.96,Warehouse
SI-0011394,S-005669,7228,238320,62275.15,Storefront
SI-0011395,S-005669,5606,541511,12987.42,Equipment
SI-0011396,S-005670,9082,236115,168351.94,Crew
SI-0011397,S-005670,5606,722513,26480.64,Crew
SI-0011398,S-005670,8397,238220,8480.81,Truck
SI-0011399,S-005671,9082,236115,17896.14,Equipment
SI-0011400,S-005672,5606,484110,46136.89,Warehouse
SI-0011401,S-005673,8810,541511,33283.71,Truck
SI-0011402,S-005673,8810,238220,13236.13,Warehouse
SI-0011403,S-005673,3632,541511,66646.51,Truck
SI-0011404,S-005674,7228,541612,79109.79,Office
SI-0011405,S-005675,9082,238220,18226.05,Equipment
SI-0011406,S-005676,8810,561720,15183.75,Warehouse
SI-0011407,S-005677,7228,541511,5690.86,Warehouse
SI-0011408,S-005677,5606,561720,34673.95,Office
SI-0011409,S-005678,9082,541511,37357.9,Storefront
SI-0011410,S-005678,7228,236115,69683.73,Equipment
SI-0011411,S-005678,7228,236115,46885.96,Equipment
SI-0011412,S-005679,9082,238220,24857.22,Storefront
SI-0011413,S-005679,5606,238220,119965.27,Warehouse
SI-0011414,S-005679,3632,561720,68423.5,Warehouse
SI-0011415,S-005680,3724,541511,60600.86,Storefront
SI-0011416,S-005680,8397,722513,42303.89,Equipment
SI-0011417,S-005680,8810,238320,22415.66,Crew
SI-0011418,S-005681,8810,484110,41801.51,Equipment
SI-0011419,S-005681,3724,561720,39993.72,Office
SI-0011420,S-005681,7228,541511,26481.15,Office
SI-0011421,S-005682,7228,541612,44164.02,Office
SI-0011422,S-005682,9082,722513,47729.93,Storefront
SI-0011423,S-005682,7228,238320,8914.82,Warehouse
SI-0011424,S-005683,5403,541511,58853.22,Storefront
SI-0011425,S-005683,8397,722513,58989.46,Truck
SI-0011426,S-005683,3632,561720,28353.97,Storefront
SI-0011427,S-005684,9082,722513,17310.59,Warehouse
SI-0011428,S-005685,3724,238220,61107.9,Storefront
SI-0011429,S-005685,3632,484110,43658.48,Storefront
SI-0011430,S-005686,8810,561720,21077.18,Crew
SI-0011431,S-005686,7228,722513,41877.32,Office
SI-0011432,S-005687,5403,561720,51482.61,Equipment
SI-0011433,S-005687,5606,561720,39353.35,Warehouse
SI-0011434,S-005688,7228,236115,142237.57,Truck
SI-0011435,S-005688,3724,236115,35536.93,Truck
SI-0011436,S-005688,8397,238320,21548.72,Truck
SI-0011437,S-005689,5606,541511,29308.23,Equipment
SI-0011438,S-005690,7228,484110,42960.73,Warehouse
SI-0011439,S-005690,5403,236115,31472.97,Equipment
SI-0011440,S-005691,3632,238220,53871.76,Storefront
SI-0011441,S-005691,5606,561720,58445.59,Office
SI-0011442,S-005691,7228,541511,55637.53,Truck
SI-0011443,S-005692,7228,238320,66126.79,Warehouse
SI-0011444,S-005693,5606,541511,16501.06,Equipment
SI-0011445,S-005693,7228,722513,156338.2,Crew
SI-0011446,S-005693,3632,541612,20443.21,Truck
SI-0011447,S-005694,5606,541511,26540.21,Truck
SI-0011448,S-005695,8810,236115,19577.3,Equipment
SI-0011449,S-005695,7228,541511,40642.55,Office
SI-0011450,S-005695,9082,484110,125631.02,Truck
SI-0011451,S-005696,5606,541511,15602.97,Storefront
SI-0011452,S-005697,5606,541612,76297.74,Office
SI-0011453,S-005698,5606,541612,39608.57,Warehouse
SI-0011454,S-005698,7228,561720,46572.74,Crew
SI-0011455,S-005699,8810,541511,50149.43,Truck
SI-0011456,S-005699,5403,561720,34215.84,Warehouse
SI-0011457,S-005700,9082,541612,43753.4,Storefront
SI-0011458,S-005701,9082,238320,25491.37,Truck
SI-0011459,S-005702,5606,541511,84030.61,Equipment
SI-0011460,S-005702,8397,484110,45780.14,Office
SI-0011461,S-005703,3632,484110,50366.95,Warehouse
SI-0011462,S-005703,9082,236115,17286.22,Crew
SI-0011463,S-005703,3632,541612,61233.25,Truck
SI-0011464,S-005704,8810,484110,110481.13,Warehouse
SI-0011465,S-005704,8810,484110,14800.71,Warehouse
SI-0011466,S-005705,3724,238320,64436.45,Office
SI-0011467,S-005706,5606,238220,36334.32,Equipment
SI-0011468,S-005706,3632,541511,24981.6,Crew
SI-0011469,S-005706,5606,541511,98205.32,Storefront
SI-0011470,S-005707,3632,484110,14452.33,Truck
SI-0011471,S-005707,7228,722513,29117.97,Warehouse
SI-0011472,S-005707,3724,561720,40989.01,Crew
SI-0011473,S-005708,5403,484110,16841.59,Truck
SI-0011474,S-005709,9082,484110,25082.55,Truck
SI-0011475,S-005709,3724,238220,33755.54,Crew
SI-0011476,S-005709,3632,236115,19441.6,Truck
SI-0011477,S-005710,5403,561720,464789.86,Crew
SI-0011478,S-005711,8397,541511,30155.11,Storefront
SI-0011479,S-005712,3632,238320,26550.83,Office
SI-0011480,S-005712,3724,541511,15731.43,Crew
SI-0011481,S-005712,9082,541612,37433.53,Storefront
SI-0011482,S-005713,3632,541511,26667.37,Office
SI-0011483,S-005713,8397,238220,34552.44,Warehouse
SI-0011484,S-005713,5403,561720,34004.23,Storefront
SI-0011485,S-005714,3724,238220,124829.59,Office
SI-0011486,S-005715,8397,541511,58772.09,Warehouse
SI-0011487,S-005715,3632,238320,16334.34,Storefront
SI-0011488,S-005715,9082,484110,9534.88,Office
SI-0011489,S-005716,8810,722513,20767.29,Crew
SI-0011490,S-005717,5403,484110,13952.69,Crew
SI-0011491,S-005718,3724,236115,52164.04,Warehouse
SI-0011492,S-005718,7228,541612,32740.84,Office
SI-0011493,S-005718,3632,238320,11181.29,Office
SI-0011494,S-005719,8397,484110,11321.76,Storefront
SI-0011495,S-005720,5403,561720,151105.29,Equipment
SI-0011496,S-005721,9082,238220,54657.54,Truck
SI-0011497,S-005721,5606,541612,32395.3,Crew
SI-0011498,S-005721,3632,236115,66625.43,Truck
SI-0011499,S-005722,9082,561720,118740.41,Equipment
SI-0011500,S-005722,8810,238320,67827.72,Storefront
SI-0011501,S-005723,5606,561720,16315.09,Warehouse
SI-0011502,S-005724,8397,722513,16126.81,Truck
SI-0011503,S-005724,5606,561720,182557.38,Crew
SI-0011504,S-005725,3632,238320,31669.86,Equipment
SI-0011505,S-005726,8397,238220,55020.41,Office
SI-0011506,S-005726,7228,238220,78904.4,Truck
SI-0011507,S-005727,7228,238320,31709.28,Warehouse
SI-0011508,S-005727,7228,484110,19486.72,Storefront
SI-0011509,S-005727,9082,722513,64055.74,Crew
SI-0011510,S-005728,5403,484110,95685.17,Office
SI-0011511,S-005728,8810,238220,135951.66,Warehouse
SI-0011512,S-005729,5403,236115,79277.08,Office
SI-0011513,S-005730,8810,484110,63516.67,Equipment
SI-0011514,S-005730,5403,561720,15499.55,Truck
SI-0011515,S-005731,3632,722513,37390.59,Office
SI-0011516,S-005732,5606,561720,30894.79,Warehouse
SI-0011517,S-005732,7228,541612,12510.56,Equipment
SI-0011518,S-005732,8810,722513,23239.87,Truck
SI-0011519,S-005733,8397,561720,29271.9,Office
SI-0011520,S-005734,8810,236115,48170.85,Crew
SI-0011521,S-005735,3724,238220,50794.01,Truck
SI-0011522,S-005735,5403,541612,14217.88,Office
SI-0011523,S-005735,9082,561720,96214.5,Crew
SI-0011524,S-005736,9082,722513,18063.92,Warehouse
SI-0011525,S-005736,3632,238220,27983.28,Storefront
SI-0011526,S-005736,7228,541511,75361.69,Warehouse
SI-0011527,S-005737,7228,541511,32260.49,Equipment
SI-0011528,S-005737,5403,541511,22214.46,Warehouse
SI-0011529,S-005738,7228,722513,26214.94,Crew
SI-0011530,S-005739,7228,484110,76630.9,Truck
SI-0011531,S-005739,9082,236115,63076.56,Truck
SI-0011532,S-005739,8397,541612,242913.83,Storefront
SI-0011533,S-005740,8810,722513,22996.81,Equipment
SI-0011534,S-005741,8810,236115,20776.27,Equipment
SI-0011535,S-005741,5606,236115,45089.0,Truck
SI-0011536,S-005742,3632,561720,56467.09,Warehouse
SI-0011537,S-005742,5606,236115,75057.01,Warehouse
SI-0011538,S-005743,8397,484110,88868.1,Warehouse
SI-0011539,S-005744,8397,238220,8897.8,Office
SI-0011540,S-005744,5606,236115,100395.2,Crew
SI-0011541,S-005744,3724,541511,10182.45,Storefront
SI-0011542,S-005745,8397,541511,65954.62,Equipment
SI-0011543,S-005746,3724,722513,54361.19,Crew
SI-0011544,S-005746,8397,561720,61443.33,Equipment
SI-0011545,S-005747,5403,484110,32825.14,Office
SI-0011546,S-005747,5606,722513,70795.68,Crew
SI-0011547,S-005748,8397,484110,36372.34,Crew
SI-0011548,S-005748,8397,541612,41858.43,Office
SI-0011549,S-005749,3724,484110,34436.94,Equipment
SI-0011550,S-005749,5403,238320,14277.3,Truck
SI-0011551,S-005750,9082,238220,118535.16,Truck
SI-0011552,S-005751,5403,238320,16461.18,Equipment
SI-0011553,S-005751,3632,484110,22907.07,Warehouse
SI-0011554,S-005751,9082,541511,98132.12,Equipment
SI-0011555,S-005752,8397,236115,20006.13,Equipment
SI-0011556,S-005752,8397,541511,46542.68,Warehouse
SI-0011557,S-005752,3724,238220,26375.58,Equipment
SI-0011558,S-005753,9082,238320,34830.45,Crew
SI-0011559,S-005753,5606,541511,22096.13,Equipment
SI-0011560,S-005754,3724,238320,17678.65,Office
SI-0011561,S-005755,3632,238220,14781.4,Equipment
SI-0011562,S-005755,7228,238320,24802.13,Equipment
SI-0011563,S-005755,8810,238220,22684.19,Crew
SI-0011564,S-005756,9082,238220,21037.38,Equipment
SI-0011565,S-005756,5403,236115,50978.44,Warehouse
SI-0011566,S-005756,8397,484110,93988.11,Warehouse
SI-0011567,S-005757,9082,541612,54680.53,Crew
SI-0011568,S-005758,8397,541511,66525.21,Crew
SI-0011569,S-005759,3632,238220,23383.65,Crew
SI-0011570,S-005759,5606,484110,16681.59,Office
SI-0011571,S-005759,8810,722513,32627.51,Warehouse
SI-0011572,S-005760,8810,541612,24612.51,Truck
SI-0011573,S-005761,3724,561720,16066.2,Equipment
SI-0011574,S-005761,7228,484110,47247.5,Office
SI-0011575,S-005761,3632,484110,14038.2,Office
SI-0011576,S-005762,5606,236115,14148.75,Storefront
SI-0011577,S-005762,8397,484110,131579.57,Office
SI-0011578,S-005763,7228,722513,97658.69,Office
SI-0011579,S-005763,7228,541612,60484.85,Office
SI-0011580,S-005763,8810,541612,43745.89,Warehouse
SI-0011581,S-005764,3632,541511,64665.99,Warehouse
SI-0011582,S-005764,3632,722513,16181.01,Storefront
SI-0011583,S-005765,8397,541612,71495.15,Office
SI-0011584,S-005766,9082,561720,31970.92,Office
SI-0011585,S-005766,3724,238220,52527.71,Equipment
SI-0011586,S-005767,9082,541511,7098.37,Equipment
SI-0011587,S-005768,3632,238220,39990.84,Equipment
SI-0011588,S-005769,8810,484110,16093.81,Equipment
SI-0011589,S-005769,3724,541511,76141.87,Warehouse
SI-0011590,S-005770,7228,541511,14137.89,Crew
SI-0011591,S-005770,3632,238320,29188.97,Warehouse
SI-0011592,S-005770,9082,541511,32162.63,Equipment
SI-0011593,S-005771,8810,238220,32285.95,Truck
SI-0011594,S-005771,3724,722513,13441.2,Truck
SI-0011595,S-005772,9082,484110,11780.51,Crew
SI-0011596,S-005772,3632,561720,47908.02,Office
SI-0011597,S-005773,5403,238320,25665.47,Equipment
SI-0011598,S-005773,8810,236115,16352.98,Warehouse
SI-0011599,S-005774,5403,236115,10897.05,Warehouse
SI-0011600,S-005775,9082,238320,51396.31,Warehouse
SI-0011601,S-005775,3632,561720,68211.02,Crew
SI-0011602,S-005776,8810,238220,22809.93,Office
SI-0011603,S-005776,7228,541511,79077.97,Truck
SI-0011604,S-005777,3724,236115,53263.7,Warehouse
SI-0011605,S-005777,5403,541511,48965.09,Equipment
SI-0011606,S-005778,8397,541511,34405.76,Crew
SI-0011607,S-005778,8397,484110,45419.77,Truck
SI-0011608,S-005778,3724,541612,42905.06,Equipment
SI-0011609,S-005779,3724,484110,36816.2,Office
SI-0011610,S-005779,8810,541511,73938.96,Truck
SI-0011611,S-005780,5606,561720,24216.01,Crew
SI-0011612,S-005780,8810,561720,20932.38,Equipment
SI-0011613,S-005781,7228,238320,83955.07,Truck
SI-0011614,S-005781,5606,484110,57117.3,Warehouse
SI-0011615,S-005781,5606,541511,82996.4,Office
SI-0011616,S-005782,3724,541511,12705.07,Warehouse
SI-0011617,S-005782,8810,541511,65578.98,Storefront
SI-0011618,S-005782,3632,541612,57754.54,Equipment
SI-0011619,S-005783,8810,484110,30247.4,Storefront
SI-0011620,S-005783,5606,541511,16860.61,Warehouse
SI-0011621,S-005784,3724,722513,21896.69,Equipment
SI-0011622,S-005784,7228,561720,38031.02,Crew
SI-0011623,S-005784,8397,484110,42702.7,Office
SI-0011624,S-005785,3632,561720,18026.83,Warehouse
SI-0011625,S-005786,7228,561720,20406.83,Truck
SI-0011626,S-005787,3632,541612,33674.38,Storefront
SI-0011627,S-005788,7228,484110,19644.72,Crew
SI-0011628,S-005788,9082,541511,15920.87,Warehouse
SI-0011629,S-005788,3724,238320,70466.49,Crew
SI-0011630,S-005789,3632,541612,46105.73,Warehouse
SI-0011631,S-005789,3724,541511,18027.34,Crew
SI-0011632,S-005790,8397,238220,60847.07,Storefront
SI-0011633,S-005791,5403,541612,12676.34,Office
SI-0011634,S-005791,3632,238220,273054.77,Truck
SI-0011635,S-005791,3632,484110,33184.6,Truck
SI-0011636,S-005792,5403,238220,71821.84,Warehouse
SI-0011637,S-005792,8810,238220,6799.17,Office
SI-0011638,S-005793,8810,541612,57881.63,Truck
SI-0011639,S-005793,7228,238320,15066.19,Storefront
SI-0011640,S-005794,3632,541612,27105.74,Truck
SI-0011641,S-005794,9082,484110,12736.36,Truck
SI-0011642,S-005795,9082,238320,180779.59,Truck
SI-0011643,S-005796,3632,561720,35499.66,Office
SI-0011644,S-005796,5403,561720,13044.19,Truck
SI-0011645,S-005797,5403,236115,28369.04,Equipment
SI-0011646,S-005798,5403,236115,98148.34,Crew
SI-0011647,S-005799,3724,541511,19699.01,Crew
SI-0011648,S-005799,8810,722513,44567.16,Storefront
SI-0011649,S-005799,3632,484110,26351.42,Warehouse
SI-0011650,S-005800,9082,484110,15979.98,Crew
SI-0011651,S-005800,8397,541511,93189.07,Storefront
SI-0011652,S-005801,5606,541511,61246.47,Warehouse
SI-0011653,S-005801,5403,238320,97776.72,Equipment
SI-0011654,S-005802,7228,484110,16924.61,Storefront
SI-0011655,S-005803,3632,561720,21950.03,Equipment
SI-0011656,S-005804,7228,238320,41833.67,Truck
SI-0011657,S-005804,5403,722513,22288.51,Crew
SI-0011658,S-005804,7228,238320,50843.12,Equipment
SI-0011659,S-005805,3632,722513,81479.26,Office
SI-0011660,S-005806,9082,722513,18266.19,Office
SI-0011661,S-005807,3724,484110,20618.17,Truck
SI-0011662,S-005808,7228,561720,15837.84,Storefront
SI-0011663,S-005809,7228,484110,23267.27,Truck
SI-0011664,S-005809,5403,722513,96112.99,Truck
SI-0011665,S-005809,7228,561720,91651.97,Crew
SI-0011666,S-005810,3724,541511,23987.68,Office
SI-0011667,S-005810,3632,238320,74581.37,Truck
SI-0011668,S-005810,3724,238220,20060.82,Office
SI-0011669,S-005811,7228,541511,11668.59,Warehouse
SI-0011670,S-005812,8810,561720,53357.3,Truck
SI-0011671,S-005812,3632,238220,42106.82,Crew
SI-0011672,S-005812,5403,484110,25202.88,Storefront
SI-0011673,S-005813,3724,722513,30150.4,Truck
SI-0011674,S-005813,3632,238220,8883.22,Crew
SI-0011675,S-005813,5403,561720,25914.41,Truck
SI-0011676,S-005814,5403,541612,25084.69,Office
SI-0011677,S-005814,3632,722513,77927.73,Equipment
SI-0011678,S-005815,8810,541511,57889.38,Storefront
SI-0011679,S-005816,3632,541511,18270.72,Office
SI-0011680,S-005816,3724,541612,30052.77,Equipment
SI-0011681,S-005817,3724,238220,52457.26,Warehouse
SI-0011682,S-005817,9082,541511,51246.69,Equipment
SI-0011683,S-005817,8810,236115,12435.41,Equipment
SI-0011684,S-005818,3632,238320,34940.95,Storefront
SI-0011685,S-005818,3632,238320,28290.21,Truck
SI-0011686,S-005818,7228,541511,70472.6,Storefront
SI-0011687,S-005819,8397,484110,20724.37,Truck
SI-0011688,S-005819,9082,236115,71480.94,Storefront
SI-0011689,S-005820,8810,238320,17689.19,Storefront
SI-0011690,S-005820,3632,541612,33431.34,Office
SI-0011691,S-005821,5403,484110,26632.09,Crew
SI-0011692,S-005821,8397,236115,88678.45,Storefront
SI-0011693,S-005821,5606,236115,95242.06,Truck
SI-0011694,S-005822,8810,722513,22676.11,Truck
SI-0011695,S-005822,5606,236115,39406.06,Warehouse
SI-0011696,S-005822,8397,238320,27693.07,Equipment
SI-0011697,S-005823,5403,541511,30519.87,Truck
SI-0011698,S-005824,8397,722513,41859.74,Office
SI-0011699,S-005824,3724,484110,13466.82,Office
SI-0011700,S-005825,8810,561720,29945.18,Truck
SI-0011701,S-005826,7228,484110,15135.86,Storefront
SI-0011702,S-005827,8810,722513,33236.67,Crew
SI-0011703,S-005827,7228,561720,14063.85,Truck
SI-0011704,S-005827,7228,722513,46015.45,Crew
SI-0011705,S-005828,3724,561720,21442.49,Office
SI-0011706,S-005828,9082,561720,85291.03,Crew
SI-0011707,S-005828,9082,238320,21768.15,Warehouse
SI-0011708,S-005829,3724,541511,65908.98,Office
SI-0011709,S-005829,5403,484110,265958.18,Truck
SI-0011710,S-005830,8397,541511,44423.19,Storefront
SI-0011711,S-005830,8397,238220,34397.76,Warehouse
SI-0011712,S-005830,8810,561720,81165.66,Truck
SI-0011713,S-005831,8397,722513,14515.23,Office
SI-0011714,S-005832,9082,238320,7024.29,Equipment
SI-0011715,S-005832,3632,238320,21351.33,Equipment
SI-0011716,S-005832,7228,238220,47335.21,Office
SI-0011717,S-005833,8397,238220,151432.84,Equipment
SI-0011718,S-005833,3632,541511,61162.64,Equipment
SI-0011719,S-005833,3632,561720,32098.02,Truck
SI-0011720,S-005834,3724,541612,4524.21,Truck
SI-0011721,S-005835,3632,238320,20426.73,Crew
SI-0011722,S-005835,8397,484110,28105.56,Warehouse
SI-0011723,S-005836,3632,722513,32612.06,Office
SI-0011724,S-005837,5403,238320,38542.97,Equipment
SI-0011725,S-005837,3632,541612,32652.21,Warehouse
SI-0011726,S-005838,3724,541511,28751.09,Office
SI-0011727,S-005838,7228,722513,69480.4,Truck
SI-0011728,S-005838,8397,236115,57223.43,Office
SI-0011729,S-005839,5403,236115,14830.97,Truck
SI-0011730,S-005839,8810,236115,34293.14,Warehouse
SI-0011731,S-005839,3724,484110,17206.71,Storefront
SI-0011732,S-005840,5606,238220,19150.95,Storefront
SI-0011733,S-005841,5606,238320,42392.07,Equipment
SI-0011734,S-005842,8397,541511,7407.3,Crew
SI-0011735,S-005843,8397,238220,35183.48,Crew
SI-0011736,S-005844,3632,238220,50783.75,Truck
SI-0011737,S-005844,9082,561720,20544.39,Crew
SI-0011738,S-005845,5606,541612,48752.32,Equipment
SI-0011739,S-005846,8397,541612,65662.84,Warehouse
SI-0011740,S-005846,5403,236115,11103.41,Crew
SI-0011741,S-005847,8397,238220,225656.87,Storefront
SI-0011742,S-005848,8810,236115,152690.47,Storefront
SI-0011743,S-005848,7228,484110,82906.01,Warehouse
SI-0011744,S-005848,9082,236115,33251.93,Storefront
SI-0011745,S-005849,8810,238320,14858.53,Crew
SI-0011746,S-005849,5606,541612,13990.01,Equipment
SI-0011747,S-005849,3632,541511,67877.46,Office
SI-0011748,S-005850,8810,236115,65371.92,Storefront
SI-0011749,S-005850,5606,484110,76687.76,Equipment
SI-0011750,S-005850,7228,541511,71737.85,Equipment
SI-0011751,S-005851,5606,236115,19851.79,Truck
SI-0011752,S-005852,5606,541612,17965.6,Truck
SI-0011753,S-005852,7228,484110,19802.91,Storefront
SI-0011754,S-005853,5403,236115,32423.85,Warehouse
SI-0011755,S-005854,8397,484110,37406.65,Crew
SI-0011756,S-005854,9082,238320,25426.63,Office
SI-0011757,S-005855,5606,238220,31928.8,Crew
SI-0011758,S-005856,8810,561720,11824.85,Storefront
SI-0011759,S-005857,8397,236115,18040.27,Office
SI-0011760,S-005857,8810,541612,79074.36,Storefront
SI-0011761,S-005858,5403,238320,54807.83,Storefront
SI-0011762,S-005859,3724,238220,30522.77,Storefront
SI-0011763,S-005859,5403,484110,15470.52,Crew
SI-0011764,S-005859,3724,541511,87179.22,Truck
SI-0011765,S-005860,8397,236115,55895.69,Equipment
SI-0011766,S-005860,9082,238220,32646.94,Equipment
SI-0011767,S-005861,8397,236115,17609.52,Truck
SI-0011768,S-005861,7228,541612,43674.28,Truck
SI-0011769,S-005862,5606,236115,23931.12,Crew
SI-0011770,S-005862,8397,238220,12920.47,Storefront
SI-0011771,S-005863,8397,561720,22578.51,Warehouse
SI-0011772,S-005864,8397,541612,49926.21,Warehouse
SI-0011773,S-005864,9082,541511,42858.32,Truck
SI-0011774,S-005865,5606,484110,17541.7,Warehouse
SI-0011775,S-005865,9082,722513,154917.69,Crew
SI-0011776,S-005866,3724,541612,34133.51,Storefront
SI-0011777,S-005866,7228,238320,5584.58,Equipment
SI-0011778,S-005866,3632,561720,29038.0,Office
SI-0011779,S-005867,3724,541511,32159.12,Warehouse
SI-0011780,S-005867,7228,484110,45305.58,Storefront
SI-0011781,S-005867,3724,561720,18808.56,Equipment
SI-0011782,S-005868,7228,722513,31470.73,Equipment
SI-0011783,S-005868,5606,238320,16674.97,Equipment
SI-0011784,S-005869,8810,561720,60510.25,Storefront
SI-0011785,S-005869,9082,484110,42180.09,Office
SI-0011786,S-005869,3724,238220,32219.64,Crew
SI-0011787,S-005870,5606,484110,9257.78,Storefront
SI-0011788,S-005870,3724,484110,8917.17,Equipment
SI-0011789,S-005871,5606,484110,14455.17,Truck
SI-0011790,S-005872,3724,722513,23541.41,Office
SI-0011791,S-005872,9082,484110,19722.02,Truck
SI-0011792,S-005872,5606,484110,21548.68,Storefront
SI-0011793,S-005873,7228,561720,60355.38,Warehouse
SI-0011794,S-005873,7228,238220,29442.87,Truck
SI-0011795,S-005873,7228,722513,26824.45,Office
SI-0011796,S-005874,3724,722513,80079.93,Truck
SI-0011797,S-005875,3632,484110,24918.32,Office
SI-0011798,S-005876,3724,484110,97381.87,Truck
SI-0011799,S-005876,8810,238220,114041.12,Office
SI-0011800,S-005877,8397,541612,38686.0,Office
SI-0011801,S-005877,5606,541511,11821.32,Storefront
SI-0011802,S-005877,7228,236115,14270.88,Office
SI-0011803,S-005878,7228,484110,11522.85,Truck
SI-0011804,S-005878,3632,236115,9036.48,Equipment
SI-0011805,S-005878,7228,484110,46044.64,Warehouse
SI-0011806,S-005879,9082,541511,25310.52,Warehouse
SI-0011807,S-005880,9082,541612,63965.54,Crew
SI-0011808,S-005880,9082,238220,71723.67,Warehouse
SI-0011809,S-005880,9082,541511,54113.22,Warehouse
SI-0011810,S-005881,3724,722513,49855.43,Storefront
SI-0011811,S-005881,5403,541511,46371.22,Crew
SI-0011812,S-005882,5403,238320,50040.36,Truck
SI-0011813,S-005883,8397,238220,38920.61,Storefront
SI-0011814,S-005884,3724,484110,81172.57,Office
SI-0011815,S-005884,7228,238320,96684.67,Office
SI-0011816,S-005885,8397,541612,34340.65,Crew
SI-0011817,S-005885,5606,561720,92366.33,Truck
SI-0011818,S-005886,8397,236115,51551.17,Crew
SI-0011819,S-005887,5403,541612,32961.81,Warehouse
SI-0011820,S-005887,9082,541612,67773.48,Truck
SI-0011821,S-005887,5403,238220,20547.54,Storefront
SI-0011822,S-005888,5403,238220,54070.98,Warehouse
SI-0011823,S-005889,5403,722513,8444.02,Warehouse
SI-0011824,S-005889,5403,484110,11997.49,Office
SI-0011825,S-005889,3724,541612,9228.26,Truck
SI-0011826,S-005890,7228,541612,53979.22,Office
SI-0011827,S-005890,8810,484110,42026.82,Office
SI-0011828,S-005891,8397,541511,39251.96,Equipment
SI-0011829,S-005891,7228,541612,81147.24,Warehouse
SI-0011830,S-005891,5403,561720,7596.91,Office
SI-0011831,S-005892,9082,722513,75718.65,Equipment
SI-0011832,S-005892,9082,541612,140549.6,Crew
SI-0011833,S-005892,7228,722513,50261.79,Crew
SI-0011834,S-005893,9082,561720,49649.16,Warehouse
SI-0011835,S-005894,5403,541612,46900.39,Truck
SI-0011836,S-005894,5403,484110,16138.1,Warehouse
SI-0011837,S-005894,7228,238220,56732.54,Crew
SI-0011838,S-005895,5606,541511,49632.14,Truck
SI-0011839,S-005895,5403,484110,26972.48,Warehouse
SI-0011840,S-005895,3632,238220,29839.85,Warehouse
SI-0011841,S-005896,5606,236115,19405.14,Truck
SI-0011842,S-005896,8810,561720,16562.88,Crew
SI-0011843,S-005896,7228,541612,31126.1,Truck
SI-0011844,S-005897,8397,484110,31310.56,Storefront
SI-0011845,S-005898,8397,561720,9225.2,Office
SI-0011846,S-005898,8810,561720,15826.06,Office
SI-0011847,S-005899,5606,238320,22511.4,Truck
SI-0011848,S-005900,3632,541612,41748.27,Warehouse
SI-0011849,S-005900,8397,541511,37343.19,Warehouse
SI-0011850,S-005900,8397,238220,16456.62,Warehouse
SI-0011851,S-005901,8810,238320,10229.28,Crew
SI-0011852,S-005902,5403,236115,39806.95,Storefront
SI-0011853,S-005902,8810,561720,46506.21,Truck
SI-0011854,S-005902,8397,238220,12102.02,Storefront
SI-0011855,S-005903,3632,541612,37834.85,Truck
SI-0011856,S-005903,7228,484110,91729.08,Truck
SI-0011857,S-005903,8397,484110,30203.8,Warehouse
SI-0011858,S-005904,5606,541612,24333.84,Warehouse
SI-0011859,S-005905,3632,484110,319112.66,Crew
SI-0011860,S-005905,3632,484110,15016.51,Warehouse
SI-0011861,S-005905,9082,236115,47666.54,Crew
SI-0011862,S-005906,8810,238320,34769.0,Warehouse
SI-0011863,S-005907,5606,484110,87082.29,Office
SI-0011864,S-005907,3632,541612,133265.13,Crew
SI-0011865,S-005908,3632,541511,21625.34,Office
SI-0011866,S-005908,8810,236115,83635.26,Crew
SI-0011867,S-005909,7228,541511,25297.17,Warehouse
SI-0011868,S-005910,5403,541612,49126.81,Office
SI-0011869,S-005911,8397,484110,128278.61,Crew
SI-0011870,S-005911,3724,561720,13125.55,Equipment
SI-0011871,S-005912,5403,561720,42188.91,Crew
SI-0011872,S-005912,3632,561720,165863.29,Truck
SI-0011873,S-005913,8397,236115,94818.14,Equipment
SI-0011874,S-005914,7228,541612,48441.93,Storefront
SI-0011875,S-005915,8397,238320,152172.89,Office
SI-0011876,S-005915,3632,722513,28242.94,Storefront
SI-0011877,S-005915,9082,561720,38940.27,Office
SI-0011878,S-005916,9082,484110,19787.4,Warehouse
SI-0011879,S-005916,8810,238220,69261.04,Equipment
SI-0011880,S-005916,9082,541612,41458.3,Crew
SI-0011881,S-005917,5606,236115,238201.44,Equipment
SI-0011882,S-005917,7228,238320,30656.67,Crew
SI-0011883,S-005917,3632,561720,19892.89,Storefront
SI-0011884,S-005918,3724,541612,23513.35,Equipment
SI-0011885,S-005918,3632,561720,132723.65,Crew
SI-0011886,S-005919,3724,238220,128077.7,Storefront
SI-0011887,S-005919,7228,541511,26187.91,Office
SI-0011888,S-005919,3724,541511,32139.32,Equipment
SI-0011889,S-005920,8810,541612,6534.48,Warehouse
SI-0011890,S-005921,7228,722513,12670.48,Crew
SI-0011891,S-005921,9082,722513,28337.59,Crew
SI-0011892,S-005921,8810,236115,65784.61,Equipment
SI-0011893,S-005922,3724,722513,11035.95,Equipment
SI-0011894,S-005922,8810,236115,29193.36,Storefront
SI-0011895,S-005923,8397,484110,37070.15,Truck
SI-0011896,S-005923,5606,238320,16718.11,Office
SI-0011897,S-005923,3632,722513,13669.02,Warehouse
SI-0011898,S-005924,8810,722513,20698.71,Warehouse
SI-0011899,S-005924,8397,236115,34772.83,Storefront
SI-0011900,S-005925,7228,484110,31164.91,Equipment
SI-0011901,S-005925,9082,238320,23146.8,Storefront
SI-0011902,S-005926,8397,541612,35781.25,Office
SI-0011903,S-005926,5606,541612,55239.44,Storefront
SI-0011904,S-005927,3724,722513,62472.61,Truck
SI-0011905,S-005927,5403,238320,14957.33,Storefront
SI-0011906,S-005927,3632,236115,50940.31,Equipment
SI-0011907,S-005928,3632,722513,29408.1,Truck
SI-0011908,S-005928,5403,541511,24203.05,Equipment
SI-0011909,S-005929,8810,484110,26404.96,Warehouse
SI-0011910,S-005929,3724,484110,19925.13,Office
SI-0011911,S-005930,3632,561720,115877.87,Crew
SI-0011912,S-005931,9082,541511,33357.92,Truck
SI-0011913,S-005931,8397,484110,20060.33,Truck
SI-0011914,S-005932,8810,484110,61476.31,Crew
SI-0011915,S-005933,8397,561720,32340.64,Office
SI-0011916,S-005934,3724,541612,9338.19,Equipment
SI-0011917,S-005935,8810,238220,62594.2,Crew
SI-0011918,S-005935,3632,541612,9715.35,Crew
SI-0011919,S-005936,5606,541511,46279.99,Office
SI-0011920,S-005937,3632,541612,28433.57,Crew
SI-0011921,S-005937,8810,484110,46637.9,Truck
SI-0011922,S-005938,8397,561720,5776.01,Truck
SI-0011923,S-005938,5403,722513,24317.32,Warehouse
SI-0011924,S-005938,5403,236115,31308.72,Equipment
SI-0011925,S-005939,8397,238220,42615.57,Office
SI-0011926,S-005940,3724,238220,48531.54,Warehouse
SI-0011927,S-005941,8810,541511,111861.04,Truck
SI-0011928,S-005941,5606,541511,27139.75,Warehouse
SI-0011929,S-005942,8397,722513,72631.71,Storefront
SI-0011930,S-005942,8810,484110,23763.18,Equipment
SI-0011931,S-005942,8397,722513,15984.04,Office
SI-0011932,S-005943,3632,722513,18233.97,Truck
SI-0011933,S-005943,3632,541511,19178.45,Crew
SI-0011934,S-005944,5606,238320,14364.42,Equipment
SI-0011935,S-005945,8397,236115,26519.27,Office
SI-0011936,S-005945,3724,238320,12347.03,Crew
SI-0011937,S-005946,7228,722513,37981.22,Equipment
SI-0011938,S-005946,7228,238220,15219.59,Truck
SI-0011939,S-005947,5403,561720,19022.84,Office
SI-0011940,S-005947,7228,722513,4732.44,Truck
SI-0011941,S-005948,3724,238220,9808.65,Storefront
SI-0011942,S-005949,3632,561720,35037.06,Crew
SI-0011943,S-005950,5606,541612,15121.56,Equipment
SI-0011944,S-005950,3724,561720,81435.65,Truck
SI-0011945,S-005951,5606,238320,22229.98,Warehouse
SI-0011946,S-005951,7228,541511,15997.71,Warehouse
SI-0011947,S-005951,3632,561720,21949.66,Office
SI-0011948,S-005952,9082,541511,44246.3,Crew
SI-0011949,S-005953,3724,722513,34796.93,Storefront
SI-0011950,S-005953,5403,236115,24459.55,Equipment
SI-0011951,S-005954,7228,238320,50972.88,Warehouse
SI-0011952,S-005955,8810,238220,42921.07,Warehouse
SI-0011953,S-005955,8397,561720,24938.93,Office
SI-0011954,S-005956,8810,484110,41536.37,Office
SI-0011955,S-005957,9082,541511,66975.31,Crew
SI-0011956,S-005957,8810,484110,41008.81,Truck
SI-0011957,S-005958,8810,722513,69674.63,Crew
SI-0011958,S-005958,5606,561720,39567.56,Office
SI-0011959,S-005959,8810,722513,68928.55,Office
SI-0011960,S-005959,3724,541511,19774.27,Crew
SI-0011961,S-005959,8810,484110,83274.44,Equipment
SI-0011962,S-005960,7228,236115,51031.41,Office
SI-0011963,S-005961,5606,236115,60828.94,Storefront
SI-0011964,S-005961,8397,236115,8448.89,Equipment
SI-0011965,S-005961,5606,236115,65526.24,Equipment
SI-0011966,S-005962,3724,238220,157123.28,Office
SI-0011967,S-005962,3724,236115,23505.37,Equipment
SI-0011968,S-005963,3632,484110,28546.94,Warehouse
SI-0011969,S-005963,5606,561720,37736.08,Office
SI-0011970,S-005963,5606,541612,15748.83,Truck
SI-0011971,S-005964,7228,238320,19466.46,Warehouse
SI-0011972,S-005964,8397,238320,64512.4,Truck
SI-0011973,S-005965,9082,238320,21715.73,Warehouse
SI-0011974,S-005965,8810,541612,10891.7,Storefront
SI-0011975,S-005966,5606,238220,26736.33,Truck
SI-0011976,S-005966,8397,541511,20417.93,Truck
SI-0011977,S-005967,5606,541612,45526.69,Warehouse
SI-0011978,S-005967,3632,236115,32707.08,Truck
SI-0011979,S-005967,7228,484110,22226.72,Truck
SI-0011980,S-005968,3632,722513,40715.29,Office
SI-0011981,S-005968,3724,722513,45172.1,Truck
SI-0011982,S-005968,5403,238220,38440.86,Equipment
SI-0011983,S-005969,8810,236115,39536.84,Warehouse
SI-0011984,S-005969,5403,541511,10523.95,Office
SI-0011985,S-005969,7228,722513,39936.42,Office
SI-0011986,S-005970,5403,238320,67396.74,Storefront
SI-0011987,S-005970,5606,722513,19354.51,Storefront
SI-0011988,S-005971,9082,541511,3254.44,Office
SI-0011989,S-005971,3632,561720,25215.2,Truck
SI-0011990,S-005971,3724,484110,27244.66,Storefront
SI-0011991,S-005972,3632,541511,97887.16,Storefront
SI-0011992,S-005973,5403,236115,40872.42,Equipment
SI-0011993,S-005973,8810,722513,59092.7,Crew
SI-0011994,S-005974,7228,541612,14793.73,Warehouse
SI-0011995,S-005974,5606,484110,37898.84,Warehouse
SI-0011996,S-005975,3724,541511,168453.7,Storefront
SI-0011997,S-005975,5403,238220,30137.74,Office
SI-0011998,S-005975,5403,561720,32733.96,Truck
SI-0011999,S-005976,8810,238320,9207.58,Truck
SI-0012000,S-005976,9082,541511,23036.18,Office
SI-0012001,S-005977,3724,722513,11339.29,Equipment
SI-0012002,S-005978,8397,722513,43841.07,Crew
SI-0012003,S-005978,5403,722513,37950.56,Storefront
SI-0012004,S-005978,5606,236115,20564.7,Truck
SI-0012005,S-005979,5403,484110,58111.0,Storefront
SI-0012006,S-005979,7228,238320,32759.09,Storefront
SI-0012007,S-005980,8397,541612,106116.97,Crew
SI-0012008,S-005981,5403,541612,130824.66,Office
SI-0012009,S-005981,3632,541612,60377.79,Crew
SI-0012010,S-005982,8397,238220,23727.3,Storefront
SI-0012011,S-005983,8397,541612,133604.44,Office
SI-0012012,S-005983,3724,236115,28514.78,Warehouse
SI-0012013,S-005983,7228,484110,18926.91,Equipment
SI-0012014,S-005984,8810,238220,60865.59,Storefront
SI-0012015,S-005984,5606,561720,14425.74,Storefront
SI-0012016,S-005985,9082,541511,111252.61,Crew
SI-0012017,S-005986,3632,541511,22211.92,Office
SI-0012018,S-005986,8397,541612,14617.12,Warehouse
SI-0012019,S-005987,8397,541612,13601.12,Equipment
SI-0012020,S-005988,5403,484110,27611.76,Storefront
SI-0012021,S-005988,3724,541612,116638.7,Equipment
SI-0012022,S-005988,3632,484110,42632.01,Equipment
SI-0012023,S-005989,3724,722513,16910.1,Office
SI-0012024,S-005990,9082,541511,45602.9,Equipment
SI-0012025,S-005990,9082,541612,97054.3,Warehouse
SI-0012026,S-005991,5403,541511,55943.33,Crew
SI-0012027,S-005992,9082,236115,126163.15,Office
SI-0012028,S-005992,3632,484110,15098.13,Equipment
SI-0012029,S-005992,8397,561720,18642.09,Crew
SI-0012030,S-005993,5606,541612,9444.23,Truck
SI-0012031,S-005993,7228,541612,26946.94,Equipment
SI-0012032,S-005993,3632,722513,90929.8,Office
SI-0012033,S-005994,3632,541511,36567.0,Truck
SI-0012034,S-005994,9082,484110,55449.26,Truck
SI-0012035,S-005995,3632,561720,26625.67,Crew
SI-0012036,S-005995,8810,484110,58366.38,Equipment
SI-0012037,S-005995,5606,541511,37247.92,Warehouse
SI-0012038,S-005996,9082,561720,29424.77,Storefront
SI-0012039,S-005997,5403,238320,58322.0,Crew
SI-0012040,S-005997,3724,238320,67086.15,Storefront
SI-0012041,S-005998,8397,561720,111632.7,Warehouse
SI-0012042,S-005998,5403,238320,27002.63,Truck
SI-0012043,S-005998,8810,722513,28575.65,Crew
SI-0012044,S-005999,7228,238220,16515.52,Office
SI-0012045,S-006000,5403,722513,58280.14,Truck
SI-0012046,S-006001,8810,238220,33035.39,Truck
SI-0012047,S-006001,8810,561720,38420.38,Storefront
SI-0012048,S-006001,5606,541612,27088.85,Storefront
SI-0012049,S-006002,5403,238220,15223.4,Crew
SI-0012050,S-006002,3724,238220,8507.73,Truck
SI-0012051,S-006002,3724,561720,15952.12,Office
SI-0012052,S-006003,8810,722513,20561.4,Office
SI-0012053,S-006004,3632,541511,38960.75,Storefront
SI-0012054,S-006005,3724,238220,11536.95,Office
SI-0012055,S-006005,8810,238320,62731.31,Truck
SI-0012056,S-006005,5606,236115,34867.7,Crew
SI-0012057,S-006006,7228,484110,12312.22,Equipment
SI-0012058,S-006006,8397,561720,44883.84,Crew
SI-0012059,S-006007,7228,541612,46989.34,Office
SI-0012060,S-006007,8397,238320,46242.91,Crew
SI-0012061,S-006007,8397,722513,50051.15,Warehouse
SI-0012062,S-006008,5606,541612,41152.03,Office
SI-0012063,S-006008,7228,541612,264939.17,Office
SI-0012064,S-006008,3632,238320,17432.74,Warehouse
SI-0012065,S-006009,9082,541511,17387.08,Storefront
SI-0012066,S-006009,5403,238220,40571.88,Equipment
SI-0012067,S-006009,7228,722513,25259.91,Crew
SI-0012068,S-006010,9082,541511,52359.5,Equipment
SI-0012069,S-006010,9082,722513,37859.96,Crew
SI-0012070,S-006010,5403,484110,49836.3,Crew
SI-0012071,S-006011,3632,541511,32621.08,Storefront
SI-0012072,S-006012,7228,238320,31526.77,Office
SI-0012073,S-006012,8810,561720,45789.93,Crew
SI-0012074,S-006013,5606,541511,14562.28,Crew
SI-0012075,S-006014,7228,238320,35841.12,Office
SI-0012076,S-006015,3632,541511,10984.38,Equipment
SI-0012077,S-006015,3632,238220,12036.16,Storefront
SI-0012078,S-006016,5606,238320,11692.29,Office
SI-0012079,S-006016,3724,541511,140058.82,Warehouse
SI-0012080,S-006017,7228,484110,77923.99,Crew
SI-0012081,S-006017,8810,541612,58379.32,Storefront
SI-0012082,S-006017,3724,541612,23341.34,Office
SI-0012083,S-006018,8397,238220,38911.26,Warehouse
SI-0012084,S-006018,3632,484110,31290.74,Office
SI-0012085,S-006018,5403,722513,35461.63,Truck
SI-0012086,S-006019,3724,484110,14711.69,Crew
SI-0012087,S-006020,3632,236115,22038.38,Warehouse
SI-0012088,S-006020,5403,561720,24610.19,Office
SI-0012089,S-006021,8810,238220,119334.72,Warehouse
SI-0012090,S-006022,5606,541511,52572.74,Warehouse
SI-0012091,S-006023,3632,541511,32033.98,Crew
SI-0012092,S-006023,3632,722513,18545.49,Truck
SI-0012093,S-006024,8397,541511,45513.76,Office
SI-0012094,S-006024,8810,484110,28102.3,Equipment
SI-0012095,S-006024,8810,561720,50009.75,Office
SI-0012096,S-006025,3632,238320,19345.15,Equipment
SI-0012097,S-006025,3632,541612,12932.45,Warehouse
SI-0012098,S-006025,9082,541612,26551.34,Storefront
SI-0012099,S-006026,3724,722513,12787.21,Warehouse
SI-0012100,S-006026,9082,238320,12409.09,Office
SI-0012101,S-006026,7228,238220,15655.85,Warehouse
SI-0012102,S-006027,5606,541612,38072.57,Warehouse
SI-0012103,S-006027,9082,541612,50999.01,Crew
SI-0012104,S-006027,8810,541511,20898.19,Office
SI-0012105,S-006028,8810,236115,44101.78,Truck
SI-0012106,S-006028,8810,484110,25338.26,Crew
SI-0012107,S-006028,3724,236115,33212.45,Warehouse
SI-0012108,S-006029,8810,236115,40252.95,Truck
SI-0012109,S-006030,8397,541511,28540.82,Warehouse
SI-0012110,S-006031,3632,541612,26769.39,Equipment
SI-0012111,S-006031,5606,561720,69341.27,Storefront
SI-0012112,S-006032,5606,484110,14560.16,Equipment
SI-0012113,S-006032,8810,236115,20746.77,Storefront
SI-0012114,S-006032,7228,541612,68419.96,Truck
SI-0012115,S-006033,3632,236115,11073.42,Truck
SI-0012116,S-006033,3632,561720,35218.3,Truck
SI-0012117,S-006033,8397,238220,62033.79,Storefront
SI-0012118,S-006034,7228,722513,6812.26,Equipment
SI-0012119,S-006034,3724,238220,27221.63,Crew
SI-0012120,S-006034,5606,722513,52367.05,Office
SI-0012121,S-006035,8810,722513,76054.2,Storefront
SI-0012122,S-006035,9082,722513,18424.9,Warehouse
SI-0012123,S-006036,3724,561720,32376.19,Crew
SI-0012124,S-006036,3632,484110,42573.18,Warehouse
SI-0012125,S-006036,9082,541612,64961.55,Warehouse
SI-0012126,S-006037,8397,484110,15093.95,Office
SI-0012127,S-006038,8397,238320,51750.17,Warehouse
SI-0012128,S-006039,8397,722513,42442.25,Office
SI-0012129,S-006040,5606,722513,38299.21,Warehouse
SI-0012130,S-006040,5403,541511,31372.73,Crew
SI-0012131,S-006041,8397,561720,36386.94,Warehouse
SI-0012132,S-006041,3632,236115,33319.41,Truck
SI-0012133,S-006041,7228,238320,26103.33,Warehouse
SI-0012134,S-006042,3632,722513,48571.83,Crew
SI-0012135,S-006043,3724,722513,126874.99,Truck
SI-0012136,S-006044,9082,484110,38702.65,Office
SI-0012137,S-006044,5606,484110,98343.97,Truck
SI-0012138,S-006044,3724,238220,41613.04,Office
SI-0012139,S-006045,8810,722513,68010.43,Office
SI-0012140,S-006045,9082,238220,41003.4,Storefront
SI-0012141,S-006045,5606,541612,35259.15,Office
SI-0012142,S-006046,7228,541511,19714.65,Equipment
SI-0012143,S-006046,7228,561720,25473.38,Equipment
SI-0012144,S-006046,8397,541612,27822.3,Storefront
SI-0012145,S-006047,5606,236115,31146.11,Crew
SI-0012146,S-006047,8397,541511,47649.06,Storefront
SI-0012147,S-006047,3632,236115,15819.44,Warehouse
SI-0012148,S-006048,3724,238320,31052.46,Storefront
SI-0012149,S-006049,7228,238220,27224.74,Truck
SI-0012150,S-006049,8397,561720,12708.17,Truck
SI-0012151,S-006049,5606,236115,17950.63,Office
SI-0012152,S-006050,8810,722513,8507.94,Truck
SI-0012153,S-006050,7228,541511,13195.78,Equipment
SI-0012154,S-006051,8810,541612,74416.67,Storefront
SI-0012155,S-006051,9082,484110,48366.77,Equipment
SI-0012156,S-006052,5606,541612,33395.63,Office
SI-0012157,S-006052,7228,238320,10554.85,Office
SI-0012158,S-006052,5403,541612,65861.02,Warehouse
SI-0012159,S-006053,8810,722513,67829.87,Truck
SI-0012160,S-006053,8810,238320,59169.77,Storefront
SI-0012161,S-006054,8810,561720,84634.06,Warehouse
SI-0012162,S-006054,5403,561720,37710.15,Equipment
SI-0012163,S-006054,9082,238220,38527.85,Crew
SI-0012164,S-006055,5403,541612,83902.3,Crew
SI-0012165,S-006055,7228,236115,65581.07,Truck
SI-0012166,S-006055,9082,541612,158914.76,Truck
SI-0012167,S-006056,3724,722513,46851.65,Warehouse
SI-0012168,S-006056,5403,236115,73926.87,Equipment
SI-0012169,S-006057,8397,722513,13941.19,Storefront
SI-0012170,S-006057,8397,541612,41841.65,Office
SI-0012171,S-006057,8810,561720,21202.43,Office
SI-0012172,S-006058,3632,541511,39327.65,Truck
SI-0012173,S-006059,5403,236115,21128.1,Office
SI-0012174,S-006060,8397,722513,43741.37,Storefront
SI-0012175,S-006060,8810,238320,16026.05,Equipment
SI-0012176,S-006061,3724,238220,29075.15,Truck
SI-0012177,S-006061,5403,541511,38901.83,Storefront
SI-0012178,S-006062,5403,484110,22383.72,Equipment
SI-0012179,S-006062,5403,238320,26520.62,Office
SI-0012180,S-006063,5403,238220,13841.78,Equipment
SI-0012181,S-006063,5403,561720,67344.35,Storefront
SI-0012182,S-006063,3724,238320,43625.86,Equipment
SI-0012183,S-006064,7228,484110,43933.43,Crew
SI-0012184,S-006064,3724,722513,15014.55,Truck
SI-0012185,S-006065,3632,722513,15702.59,Crew
SI-0012186,S-006065,7228,541612,30340.57,Office
SI-0012187,S-006065,3632,238220,34627.24,Office
SI-0012188,S-006066,5606,238320,44009.23,Truck
SI-0012189,S-006066,5606,238220,17707.33,Storefront
SI-0012190,S-006067,3632,722513,12496.74,Storefront
SI-0012191,S-006067,3724,238320,33724.89,Warehouse
SI-0012192,S-006067,8810,238320,64041.96,Warehouse
SI-0012193,S-006068,8397,541612,7821.52,Storefront
SI-0012194,S-006068,3724,541511,77662.2,Storefront
SI-0012195,S-006069,8810,541511,20745.08,Equipment
SI-0012196,S-006069,3724,238320,44714.76,Storefront
SI-0012197,S-006070,8810,484110,15025.13,Crew
SI-0012198,S-006070,8810,238220,5131.16,Office
SI-0012199,S-006071,5606,236115,13509.54,Warehouse
SI-0012200,S-006071,8810,722513,13320.07,Crew
SI-0012201,S-006072,8810,238320,15566.92,Equipment
SI-0012202,S-006072,3724,238220,9661.9,Warehouse
SI-0012203,S-006072,9082,238220,9159.82,Truck
SI-0012204,S-006073,8397,541511,120958.87,Storefront
SI-0012205,S-006073,5403,541612,145330.62,Office
SI-0012206,S-006073,8397,561720,8799.71,Truck
SI-0012207,S-006074,5403,541511,64156.26,Crew
SI-0012208,S-006075,5606,484110,17037.61,Truck
SI-0012209,S-006076,5606,541511,10077.85,Truck
SI-0012210,S-006076,7228,238320,160662.3,Crew
SI-0012211,S-006077,8810,238220,12891.89,Storefront
SI-0012212,S-006077,8397,236115,11825.08,Warehouse
SI-0012213,S-006078,3632,541612,83633.35,Storefront
SI-0012214,S-006078,3632,484110,30820.35,Storefront
SI-0012215,S-006079,5606,236115,16757.95,Warehouse
SI-0012216,S-006079,3724,484110,22073.48,Equipment
SI-0012217,S-006080,7228,541511,4235.85,Equipment
SI-0012218,S-006081,8810,722513,11937.1,Truck
SI-0012219,S-006081,5403,541511,11803.89,Warehouse
SI-0012220,S-006082,5606,722513,5704.69,Crew
SI-0012221,S-006082,3724,484110,47488.39,Warehouse
SI-0012222,S-006082,8810,541612,24586.8,Truck
SI-0012223,S-006083,3632,238320,41333.66,Storefront
SI-0012224,S-006083,9082,236115,9180.65,Warehouse
SI-0012225,S-006084,7228,722513,8047.66,Storefront
SI-0012226,S-006084,7228,541612,16866.14,Warehouse
SI-0012227,S-006085,3724,722513,98514.81,Equipment
SI-0012228,S-006085,5606,484110,95558.99,Office
SI-0012229,S-006085,7228,541612,48802.2,Office
SI-0012230,S-006086,9082,722513,28241.42,Truck
SI-0012231,S-006087,3632,541511,40069.81,Warehouse
SI-0012232,S-006087,3724,484110,30797.45,Warehouse
SI-0012233,S-006087,3632,722513,26902.58,Crew
SI-0012234,S-006088,7228,722513,34316.05,Crew
SI-0012235,S-006089,5403,236115,39407.96,Crew
SI-0012236,S-006090,8397,238220,99763.27,Truck
SI-0012237,S-006090,9082,561720,14909.27,Crew
SI-0012238,S-006091,5403,541612,40848.07,Storefront
SI-0012239,S-006091,8810,236115,9643.6,Equipment
SI-0012240,S-006091,7228,238320,28949.53,Truck
SI-0012241,S-006092,5606,722513,24357.76,Warehouse
SI-0012242,S-006092,3632,722513,115007.84,Office
SI-0012243,S-006093,3724,561720,34036.61,Crew
SI-0012244,S-006093,7228,238220,42977.82,Warehouse
SI-0012245,S-006094,5403,722513,36821.36,Equipment
SI-0012246,S-006094,5606,541612,52986.83,Office
SI-0012247,S-006095,8810,722513,36618.48,Crew
SI-0012248,S-006095,3724,541612,25493.01,Warehouse
SI-0012249,S-006096,5403,541612,20135.98,Crew
SI-0012250,S-006097,5403,541511,27461.21,Equipment
SI-0012251,S-006097,3724,238320,7006.02,Truck
SI-0012252,S-006098,5606,541511,21756.43,Crew
SI-0012253,S-006098,9082,236115,42287.37,Truck
SI-0012254,S-006098,7228,541612,31669.11,Truck
SI-0012255,S-006099,3724,541511,72732.15,Storefront
SI-0012256,S-006100,5606,722513,18215.33,Equipment
SI-0012257,S-006100,7228,236115,47798.22,Storefront
SI-0012258,S-006101,8810,238220,11814.32,Warehouse
SI-0012259,S-006102,8397,484110,34791.5,Office
SI-0012260,S-006102,8397,541612,24885.85,Office
SI-0012261,S-006102,5606,238220,10850.66,Storefront
SI-0012262,S-006103,5606,541612,8999.43,Warehouse
SI-0012263,S-006103,9082,541511,17604.64,Equipment
SI-0012264,S-006103,5606,236115,33253.53,Warehouse
SI-0012265,S-006104,3632,561720,51211.61,Office
SI-0012266,S-006105,3724,484110,173031.15,Storefront
SI-0012267,S-006105,3724,541511,44764.77,Crew
SI-0012268,S-006105,5403,722513,34464.53,Storefront
SI-0012269,S-006106,7228,238320,22895.2,Office
SI-0012270,S-006106,8810,238320,12386.12,Crew
SI-0012271,S-006107,8810,541511,13974.88,Crew
SI-0012272,S-006107,8397,541511,81060.86,Storefront
SI-0012273,S-006107,5606,722513,31091.97,Crew
SI-0012274,S-006108,3632,541612,12655.59,Storefront
SI-0012275,S-006108,5606,238220,19027.83,Office
SI-0012276,S-006108,8397,238220,51312.76,Warehouse
SI-0012277,S-006109,7228,561720,25911.8,Equipment
SI-0012278,S-006110,5403,541612,18561.44,Crew
SI-0012279,S-006110,8810,236115,63578.69,Office
SI-0012280,S-006110,3724,238320,103809.07,Warehouse
SI-0012281,S-006111,5403,541511,51149.74,Storefront
SI-0012282,S-006111,8810,561720,30641.91,Warehouse
SI-0012283,S-006111,8810,541511,11037.99,Truck
SI-0012284,S-006112,5403,238220,26134.66,Office
SI-0012285,S-006113,5403,541511,22694.88,Truck
SI-0012286,S-006114,5606,722513,32244.11,Crew
SI-0012287,S-006114,9082,236115,17257.41,Equipment
SI-0012288,S-006114,3632,722513,56992.84,Storefront
SI-0012289,S-006115,8810,722513,55927.39,Storefront
SI-0012290,S-006116,8397,541511,15469.45,Office
SI-0012291,S-006116,3632,238320,35465.21,Warehouse
SI-0012292,S-006116,9082,541612,25273.04,Storefront
SI-0012293,S-006117,7228,236115,97581.63,Crew
SI-0012294,S-006117,5606,561720,68886.67,Storefront
SI-0012295,S-006117,7228,541511,11802.23,Equipment
SI-0012296,S-006118,8397,238220,24245.45,Storefront
SI-0012297,S-006118,7228,238220,24422.87,Equipment
SI-0012298,S-006118,9082,236115,82148.8,Crew
SI-0012299,S-006119,9082,238220,30167.63,Office
SI-0012300,S-006119,8810,484110,35465.75,Truck
SI-0012301,S-006120,9082,236115,41926.55,Warehouse
SI-0012302,S-006120,3724,561720,23452.91,Truck
SI-0012303,S-006121,3724,484110,84108.05,Truck
SI-0012304,S-006121,5403,238320,40667.43,Truck
SI-0012305,S-006122,3632,484110,13539.32,Office
SI-0012306,S-006122,3632,541612,92645.48,Warehouse
SI-0012307,S-006123,9082,484110,72116.89,Crew
SI-0012308,S-006123,5606,238220,52938.77,Office
SI-0012309,S-006124,9082,236115,100357.65,Warehouse
SI-0012310,S-006124,5606,484110,63803.86,Truck
SI-0012311,S-006125,5403,238320,62787.05,Storefront
SI-0012312,S-006126,3724,484110,69169.61,Equipment
SI-0012313,S-006127,7228,236115,18013.52,Equipment
SI-0012314,S-006127,9082,541511,41185.26,Storefront
SI-0012315,S-006128,5606,236115,24902.11,Office
SI-0012316,S-006128,8397,238320,17095.25,Storefront
SI-0012317,S-006129,7228,722513,38442.96,Equipment
SI-0012318,S-006129,7228,238220,49483.24,Storefront
SI-0012319,S-006129,5403,236115,51371.56,Storefront
SI-0012320,S-006130,5606,238320,77639.22,Equipment
SI-0012321,S-006131,8397,722513,24601.46,Equipment
SI-0012322,S-006131,3632,541612,111601.15,Office
SI-0012323,S-006131,5403,561720,37103.85,Truck
SI-0012324,S-006132,9082,561720,22520.96,Warehouse
SI-0012325,S-006133,9082,541511,37089.6,Warehouse
SI-0012326,S-006134,3724,236115,31940.9,Storefront
SI-0012327,S-006134,5606,541612,16647.86,Storefront
SI-0012328,S-006135,7228,541511,9315.52,Warehouse
SI-0012329,S-006135,5606,484110,60047.01,Storefront
SI-0012330,S-006136,7228,238220,90681.3,Office
SI-0012331,S-006136,8397,541511,26970.82,Crew
SI-0012332,S-006136,9082,238220,31594.69,Office
SI-0012333,S-006137,7228,238220,51205.97,Crew
SI-0012334,S-006137,8397,236115,32703.11,Office
SI-0012335,S-006137,3724,238220,53453.93,Crew
SI-0012336,S-006138,3632,236115,16241.3,Office
SI-0012337,S-006138,7228,484110,19649.61,Crew
SI-0012338,S-006138,8397,541511,21298.02,Warehouse
SI-0012339,S-006139,3632,238320,53941.19,Office
SI-0012340,S-006139,5606,541511,22767.97,Crew
SI-0012341,S-006140,9082,238220,15879.2,Office
SI-0012342,S-006140,3632,238220,21559.48,Crew
SI-0012343,S-006141,9082,722513,26549.96,Warehouse
SI-0012344,S-006141,8810,236115,22714.72,Warehouse
SI-0012345,S-006141,3724,722513,16944.13,Warehouse
SI-0012346,S-006142,7228,238220,30549.51,Storefront
SI-0012347,S-006142,3632,238320,45012.99,Equipment
SI-0012348,S-006143,9082,236115,89471.14,Crew
SI-0012349,S-006143,3724,541612,69797.96,Truck
SI-0012350,S-006144,9082,541511,19446.43,Crew
SI-0012351,S-006144,5403,541612,134441.32,Truck
SI-0012352,S-006144,8810,561720,16058.63,Warehouse
SI-0012353,S-006145,3724,541612,28416.97,Crew
SI-0012354,S-006145,8810,541612,42808.32,Storefront
SI-0012355,S-006146,9082,541612,35993.7,Warehouse
SI-0012356,S-006146,5606,238220,26275.17,Storefront
SI-0012357,S-006146,5606,722513,18698.82,Office
SI-0012358,S-006147,8810,541511,29784.47,Crew
SI-0012359,S-006148,8810,722513,68398.47,Truck
SI-0012360,S-006149,5606,541612,31687.43,Crew
SI-0012361,S-006149,8810,484110,16988.94,Storefront
SI-0012362,S-006149,3724,722513,50490.39,Storefront
SI-0012363,S-006150,5606,561720,52638.92,Equipment
SI-0012364,S-006151,3724,238320,55009.67,Crew
SI-0012365,S-006152,5403,236115,25040.14,Storefront
SI-0012366,S-006152,8397,561720,27526.37,Storefront
SI-0012367,S-006153,3724,238320,66488.39,Crew
SI-0012368,S-006153,8810,238320,5254.41,Storefront
SI-0012369,S-006154,3632,722513,30325.25,Equipment
SI-0012370,S-006154,7228,722513,33751.35,Warehouse
SI-0012371,S-006155,5606,541511,53592.34,Truck
SI-0012372,S-006155,8397,722513,24142.23,Equipment
SI-0012373,S-006155,7228,238220,34469.82,Truck
SI-0012374,S-006156,7228,238220,97136.43,Office
SI-0012375,S-006156,8810,484110,28800.6,Warehouse
SI-0012376,S-006156,7228,236115,19755.14,Crew
SI-0012377,S-006157,9082,541511,88580.28,Crew
SI-0012378,S-006157,5403,484110,23124.54,Crew
SI-0012379,S-006157,3632,722513,25611.4,Warehouse
SI-0012380,S-006158,3632,561720,41303.68,Crew
SI-0012381,S-006158,5606,541511,33881.04,Storefront
SI-0012382,S-006159,5403,722513,64268.1,Truck
SI-0012383,S-006160,3724,541612,22876.28,Warehouse
SI-0012384,S-006160,5403,238320,56469.13,Storefront
SI-0012385,S-006161,8397,541612,23053.67,Truck
SI-0012386,S-006162,8810,541511,113241.81,Truck
SI-0012387,S-006162,7228,561720,42128.1,Truck
SI-0012388,S-006162,3632,541511,15309.23,Truck
SI-0012389,S-006163,3632,484110,12633.79,Truck
SI-0012390,S-006163,5606,561720,29944.3,Warehouse
SI-0012391,S-006164,3724,236115,26601.42,Storefront
SI-0012392,S-006164,9082,541511,47128.14,Equipment
SI-0012393,S-006164,3724,484110,23335.85,Storefront
SI-0012394,S-006165,9082,484110,14764.76,Storefront
SI-0012395,S-006166,3724,236115,24687.89,Storefront
SI-0012396,S-006166,5606,238220,52679.53,Equipment
SI-0012397,S-006167,5403,484110,47691.1,Office
SI-0012398,S-006167,5606,238220,32640.7,Office
SI-0012399,S-006167,3632,561720,21209.72,Truck
SI-0012400,S-006168,5606,541511,71220.45,Warehouse
SI-0012401,S-006168,3724,541612,21709.59,Crew
SI-0012402,S-006169,8397,561720,22523.53,Crew
SI-0012403,S-006170,5403,722513,127306.57,Truck
SI-0012404,S-006171,7228,561720,78189.84,Truck
SI-0012405,S-006171,3632,238320,76886.78,Crew
SI-0012406,S-006171,9082,722513,22655.76,Warehouse
SI-0012407,S-006172,5606,541612,8235.83,Equipment
SI-0012408,S-006173,8810,484110,56275.25,Warehouse
SI-0012409,S-006174,3632,484110,49009.94,Warehouse
SI-0012410,S-006174,5403,484110,47521.07,Warehouse
SI-0012411,S-006174,8810,484110,98150.39,Warehouse
SI-0012412,S-006175,3632,236115,42114.7,Crew
SI-0012413,S-006175,5606,238320,39587.52,Warehouse
SI-0012414,S-006176,3632,561720,55961.72,Storefront
SI-0012415,S-006176,8397,541511,22384.7,Office
SI-0012416,S-006176,7228,236115,64432.96,Equipment
SI-0012417,S-006177,7228,236115,20935.35,Warehouse
SI-0012418,S-006177,8397,238220,11394.45,Storefront
SI-0012419,S-006178,3724,541511,28113.76,Equipment
SI-0012420,S-006178,5606,722513,34926.75,Crew
SI-0012421,S-006179,8810,722513,26207.57,Office
SI-0012422,S-006179,7228,561720,31524.5,Crew
SI-0012423,S-006180,3724,238320,141892.09,Equipment
SI-0012424,S-006180,3632,541612,22604.62,Office
SI-0012425,S-006181,5403,236115,60889.51,Truck
SI-0012426,S-006182,8810,238320,125908.69,Truck
SI-0012427,S-006182,3724,541612,103673.51,Equipment
SI-0012428,S-006182,7228,541612,77610.93,Equipment
SI-0012429,S-006183,7228,722513,22266.28,Truck
SI-0012430,S-006183,3632,238320,25835.03,Crew
SI-0012431,S-006183,5606,238320,34972.63,Crew
SI-0012432,S-006184,5606,238220,53344.5,Storefront
SI-0012433,S-006185,5403,238220,33495.96,Storefront
SI-0012434,S-006185,8810,722513,31603.85,Warehouse
SI-0012435,S-006185,3724,238220,22431.63,Truck
SI-0012436,S-006186,3724,484110,28605.61,Office
SI-0012437,S-006187,9082,238220,100998.94,Warehouse
SI-0012438,S-006188,3724,541612,44746.26,Warehouse
SI-0012439,S-006189,7228,541511,66353.45,Warehouse
SI-0012440,S-006189,3632,238220,32235.69,Storefront
SI-0012441,S-006189,7228,541511,39436.71,Crew
SI-0012442,S-006190,7228,722513,148598.02,Storefront
SI-0012443,S-006191,5606,484110,30825.31,Warehouse
SI-0012444,S-006191,5403,236115,89057.21,Crew
SI-0012445,S-006192,3724,238220,106887.23,Truck
SI-0012446,S-006193,7228,484110,33399.45,Truck
SI-0012447,S-006193,7228,238320,48167.33,Crew
SI-0012448,S-006194,7228,238320,34791.07,Equipment
SI-0012449,S-006194,7228,238320,14208.35,Storefront
SI-0012450,S-006195,8810,236115,29844.54,Crew
SI-0012451,S-006195,9082,236115,22359.71,Truck
SI-0012452,S-006195,8810,484110,19055.6,Truck
SI-0012453,S-006196,3724,541511,64415.39,Storefront
SI-0012454,S-006196,5403,541612,13605.95,Truck
SI-0012455,S-006196,3724,238220,36143.64,Crew
SI-0012456,S-006197,8810,541511,59108.59,Truck
SI-0012457,S-006197,5403,722513,44545.2,Storefront
SI-0012458,S-006198,9082,236115,42132.8,Storefront
SI-0012459,S-006199,8397,238220,30900.36,Office
SI-0012460,S-006199,5403,541612,29813.26,Truck
SI-0012461,S-006199,3724,236115,70354.71,Warehouse
SI-0012462,S-006200,8810,238320,81685.22,Office
SI-0012463,S-006200,5606,541511,41892.93,Office
SI-0012464,S-006201,7228,561720,48604.19,Warehouse
SI-0012465,S-006201,7228,238320,17084.66,Office
SI-0012466,S-006202,5403,238320,57682.12,Storefront
SI-0012467,S-006203,8810,238220,15981.93,Crew
SI-0012468,S-006203,3724,236115,28142.84,Office
SI-0012469,S-006203,5403,236115,28442.15,Office
SI-0012470,S-006204,5606,541612,31551.12,Warehouse
SI-0012471,S-006204,9082,541511,17312.19,Equipment
SI-0012472,S-006205,8397,541612,259191.38,Office
SI-0012473,S-006205,3632,238320,45780.74,Warehouse
SI-0012474,S-006206,8810,722513,31197.47,Storefront
SI-0012475,S-006206,5403,561720,44883.76,Crew
SI-0012476,S-006206,5403,541511,38152.68,Warehouse
SI-0012477,S-006207,3724,561720,87681.57,Storefront
SI-0012478,S-006207,8810,238220,40761.38,Warehouse
SI-0012479,S-006208,5403,541612,35667.29,Crew
SI-0012480,S-006208,8397,238220,23534.75,Office
SI-0012481,S-006208,5403,561720,25362.28,Truck
SI-0012482,S-006209,9082,722513,9052.92,Truck
SI-0012483,S-006209,7228,541511,37978.78,Crew
SI-0012484,S-006210,8397,236115,21434.8,Storefront
SI-0012485,S-006211,8810,238320,54479.92,Office
SI-0012486,S-006212,3632,238220,35467.72,Storefront
SI-0012487,S-006212,3724,238320,8798.47,Equipment
SI-0012488,S-006212,5403,238220,26829.21,Equipment
SI-0012489,S-006213,7228,561720,17416.78,Crew
SI-0012490,S-006213,3632,561720,119888.56,Storefront
SI-0012491,S-006214,9082,722513,98351.92,Crew
SI-0012492,S-006215,5403,238220,21301.84,Crew
SI-0012493,S-006216,5606,722513,31852.02,Crew
SI-0012494,S-006216,3724,541612,44694.31,Crew
SI-0012495,S-006216,8810,541511,42345.35,Crew
SI-0012496,S-006217,9082,541612,23888.17,Storefront
SI-0012497,S-006217,9082,238220,85131.17,Truck
SI-0012498,S-006217,3632,238220,122077.23,Crew
SI-0012499,S-006218,3724,541511,64587.22,Truck
SI-0012500,S-006218,7228,541511,130106.42,Crew
SI-0012501,S-006218,3632,238220,72288.39,Office
SI-0012502,S-006219,9082,238320,39534.28,Warehouse
SI-0012503,S-006219,8397,722513,18404.9,Crew
SI-0012504,S-006219,3632,722513,14162.56,Crew
SI-0012505,S-006220,8397,722513,54107.76,Truck
SI-0012506,S-006220,3632,541612,66387.22,Warehouse
SI-0012507,S-006221,3724,484110,29538.64,Office
SI-0012508,S-006222,8810,722513,9119.12,Equipment
SI-0012509,S-006223,5403,722513,131731.98,Crew
SI-0012510,S-006223,8397,722513,51143.15,Warehouse
SI-0012511,S-006224,3632,238220,13171.61,Equipment
SI-0012512,S-006224,5403,484110,24437.72,Equipment
SI-0012513,S-006224,7228,238220,24810.3,Crew
SI-0012514,S-006225,7228,561720,5698.98,Equipment
SI-0012515,S-006225,8810,561720,22288.83,Crew
SI-0012516,S-006225,3632,541511,46849.37,Office
SI-0012517,S-006226,5403,541612,39510.13,Crew
SI-0012518,S-006226,9082,484110,55733.36,Truck
SI-0012519,S-006226,7228,236115,33418.93,Truck
SI-0012520,S-006227,5606,238220,17657.84,Warehouse
SI-0012521,S-006227,8810,484110,73236.78,Storefront
SI-0012522,S-006228,7228,561720,54773.72,Warehouse
SI-0012523,S-006228,9082,541612,31319.1,Equipment
SI-0012524,S-006229,9082,484110,38421.65,Office
SI-0012525,S-006229,3724,561720,101356.78,Crew
SI-0012526,S-006229,9082,541612,52341.14,Crew
SI-0012527,S-006230,7228,541612,34013.33,Crew
SI-0012528,S-006230,5403,238320,13280.33,Warehouse
SI-0012529,S-006230,3632,722513,19669.6,Warehouse
SI-0012530,S-006231,7228,541612,45247.21,Office
SI-0012531,S-006232,8810,722513,33182.29,Crew
SI-0012532,S-006232,9082,722513,55386.69,Storefront
SI-0012533,S-006232,5403,541511,20330.42,Crew
SI-0012534,S-006233,5606,238220,31045.57,Crew
SI-0012535,S-006233,8810,541511,91527.89,Crew
SI-0012536,S-006233,3724,236115,30701.17,Storefront
SI-0012537,S-006234,8397,541612,6822.74,Office
SI-0012538,S-006234,7228,541511,18115.59,Equipment
SI-0012539,S-006234,3632,541511,79412.81,Crew
SI-0012540,S-006235,7228,541612,43045.03,Storefront
SI-0012541,S-006236,7228,484110,17104.91,Storefront
SI-0012542,S-006236,3632,541511,185559.62,Storefront
SI-0012543,S-006237,3632,238320,12069.91,Warehouse
SI-0012544,S-006237,8397,541612,55384.94,Warehouse
SI-0012545,S-006237,9082,238320,16607.72,Truck
SI-0012546,S-006238,3632,561720,14897.75,Truck
SI-0012547,S-006238,7228,238320,37205.0,Office
SI-0012548,S-006239,3632,541612,116039.83,Warehouse
SI-0012549,S-006239,7228,484110,24760.17,Equipment
SI-0012550,S-006239,8397,561720,22102.61,Crew
SI-0012551,S-006240,3724,238220,31018.35,Crew
SI-0012552,S-006240,3724,541612,28096.58,Truck
SI-0012553,S-006241,7228,484110,48006.37,Equipment
SI-0012554,S-006241,5403,722513,16101.26,Warehouse
SI-0012555,S-006241,7228,541511,76573.96,Equipment
SI-0012556,S-006242,5403,561720,32478.54,Storefront
SI-0012557,S-006242,7228,238320,52637.09,Office
SI-0012558,S-006243,8397,541612,30363.13,Warehouse
SI-0012559,S-006243,7228,541511,56011.55,Crew
SI-0012560,S-006244,3724,541612,25288.85,Truck
SI-0012561,S-006244,5606,722513,73374.64,Truck
SI-0012562,S-006244,9082,484110,36897.6,Truck
SI-0012563,S-006245,9082,236115,15708.78,Storefront
SI-0012564,S-006246,8810,722513,82620.0,Storefront
SI-0012565,S-006246,3632,236115,36274.39,Equipment
SI-0012566,S-006247,9082,561720,78890.05,Truck
SI-0012567,S-006247,7228,541511,172878.61,Crew
SI-0012568,S-006248,9082,541612,30032.43,Warehouse
SI-0012569,S-006248,7228,541612,39836.62,Crew
SI-0012570,S-006249,5403,236115,25908.11,Warehouse
SI-0012571,S-006249,7228,236115,46598.23,Truck
SI-0012572,S-006249,7228,238220,19725.21,Storefront
SI-0012573,S-006250,3632,541511,21837.82,Truck
SI-0012574,S-006250,8397,561720,199489.92,Crew
SI-0012575,S-006251,3632,484110,39558.95,Equipment
SI-0012576,S-006251,8810,722513,40638.58,Crew
SI-0012577,S-006252,9082,561720,35979.95,Warehouse
SI-0012578,S-006252,3724,238220,61311.16,Warehouse
SI-0012579,S-006252,8810,541612,10820.48,Truck
SI-0012580,S-006253,5606,561720,10630.77,Office
SI-0012581,S-006253,8397,236115,13668.02,Office
SI-0012582,S-006254,8397,541511,20486.51,Office
SI-0012583,S-006254,8397,722513,18254.98,Storefront
SI-0012584,S-006255,5403,722513,51861.6,Truck
SI-0012585,S-006255,8810,236115,20710.89,Crew
SI-0012586,S-006255,7228,238220,70008.36,Truck
SI-0012587,S-006256,9082,236115,77876.36,Equipment
SI-0012588,S-006256,9082,238220,60028.71,Equipment
SI-0012589,S-006257,3724,541612,25261.01,Storefront
SI-0012590,S-006258,5403,561720,80686.37,Storefront
SI-0012591,S-006259,8397,541612,31481.33,Truck
SI-0012592,S-006260,3724,236115,106426.04,Storefront
SI-0012593,S-006260,3724,722513,61793.28,Equipment
SI-0012594,S-006261,8810,236115,42001.28,Warehouse
SI-0012595,S-006262,3632,238320,14014.17,Storefront
SI-0012596,S-006262,8397,484110,52177.84,Warehouse
SI-0012597,S-006263,8397,541612,61422.19,Equipment
SI-0012598,S-006263,5606,541612,21278.07,Storefront
SI-0012599,S-006264,7228,541511,51933.03,Warehouse
SI-0012600,S-006264,3632,238220,56469.65,Office
SI-0012601,S-006264,5606,484110,148627.89,Equipment
SI-0012602,S-006265,5606,484110,56070.71,Equipment
SI-0012603,S-006266,7228,238220,7598.97,Warehouse
SI-0012604,S-006266,8397,722513,6817.84,Office
SI-0012605,S-006267,3632,238320,18994.82,Office
SI-0012606,S-006267,3724,484110,19590.47,Office
SI-0012607,S-006268,3632,722513,52018.3,Storefront
SI-0012608,S-006268,8810,541511,44107.49,Storefront
SI-0012609,S-006269,8397,541511,54238.49,Equipment
SI-0012610,S-006269,8397,541612,19832.43,Warehouse
SI-0012611,S-006269,5606,236115,162099.02,Truck
SI-0012612,S-006270,5606,541612,22027.77,Storefront
SI-0012613,S-006270,5403,561720,37967.49,Truck
SI-0012614,S-006270,3724,541612,50751.99,Storefront
SI-0012615,S-006271,5403,484110,28202.69,Office
SI-0012616,S-006271,3724,541612,25597.25,Office
SI-0012617,S-006272,3632,722513,67482.63,Warehouse
SI-0012618,S-006272,8810,561720,18076.44,Storefront
SI-0012619,S-006273,7228,561720,48245.1,Equipment
SI-0012620,S-006273,3724,238320,9064.59,Truck
SI-0012621,S-006274,8810,236115,30545.89,Office
SI-0012622,S-006275,3724,238220,10336.66,Equipment
SI-0012623,S-006276,5606,238220,38109.86,Equipment
SI-0012624,S-006277,3724,238220,30794.74,Storefront
SI-0012625,S-006277,9082,561720,52416.77,Office
SI-0012626,S-006277,5606,722513,18482.46,Truck
SI-0012627,S-006278,5403,238220,37311.63,Equipment
SI-0012628,S-006278,5606,238320,25525.68,Crew
SI-0012629,S-006279,8810,238320,34239.21,Crew
SI-0012630,S-006280,9082,484110,22142.85,Truck
SI-0012631,S-006280,8397,561720,23985.66,Equipment
SI-0012632,S-006280,9082,236115,11066.14,Storefront
SI-0012633,S-006281,3632,238320,104467.28,Office
SI-0012634,S-006282,3632,541612,72553.29,Warehouse
SI-0012635,S-006282,8810,561720,23868.85,Office
SI-0012636,S-006283,5606,722513,66847.46,Crew
SI-0012637,S-006283,3724,722513,46398.9,Equipment
SI-0012638,S-006284,9082,238320,14797.53,Office
SI-0012639,S-006284,5606,561720,24382.61,Truck
SI-0012640,S-006284,5403,238320,10971.99,Storefront
SI-0012641,S-006285,8810,238320,87074.0,Storefront
SI-0012642,S-006285,8810,722513,30820.58,Storefront
SI-0012643,S-006286,8397,484110,14743.3,Truck
SI-0012644,S-006286,3724,238220,20706.46,Equipment
SI-0012645,S-006287,8810,541612,65868.62,Office
SI-0012646,S-006287,7228,238320,10151.06,Office
SI-0012647,S-006287,5403,238220,193007.77,Crew
SI-0012648,S-006288,7228,541612,21571.18,Crew
SI-0012649,S-006289,8810,238320,38156.01,Warehouse
SI-0012650,S-006290,5403,722513,29301.36,Truck
SI-0012651,S-006290,9082,561720,28562.87,Storefront
SI-0012652,S-006291,9082,484110,28002.05,Office
SI-0012653,S-006292,5606,484110,39980.66,Truck
SI-0012654,S-006293,8397,238220,17644.36,Crew
SI-0012655,S-006293,7228,484110,34956.56,Truck
SI-0012656,S-006294,5403,238320,50398.15,Crew
SI-0012657,S-006294,5606,722513,45691.82,Warehouse
SI-0012658,S-006295,5606,561720,64256.25,Truck
SI-0012659,S-006295,8397,541612,31972.6,Truck
SI-0012660,S-006295,8810,236115,116852.48,Storefront
SI-0012661,S-006296,5606,722513,69756.51,Crew
SI-0012662,S-006297,9082,238220,17514.2,Office
SI-0012663,S-006298,8397,541511,28204.13,Office
SI-0012664,S-006298,7228,541511,42906.13,Equipment
SI-0012665,S-006298,5403,541612,86271.11,Equipment
SI-0012666,S-006299,7228,541511,57460.03,Equipment
SI-0012667,S-006299,3632,541511,77712.04,Truck
SI-0012668,S-006300,5606,236115,18218.69,Warehouse
SI-0012669,S-006300,8397,561720,36971.61,Warehouse
SI-0012670,S-006300,8397,722513,19838.09,Equipment
SI-0012671,S-006301,8397,722513,51221.4,Truck
SI-0012672,S-006301,5403,484110,17925.6,Equipment
SI-0012673,S-006301,3724,236115,48982.02,Truck
SI-0012674,S-006302,9082,722513,36265.6,Equipment
SI-0012675,S-006302,3724,238220,65745.62,Truck
SI-0012676,S-006302,8397,541511,40866.29,Truck
SI-0012677,S-006303,3632,561720,82485.72,Warehouse
SI-0012678,S-006303,8397,484110,12784.95,Storefront
SI-0012679,S-006304,7228,561720,46622.38,Truck
SI-0012680,S-006304,5403,484110,39380.1,Equipment
SI-0012681,S-006305,8810,484110,159624.73,Crew
SI-0012682,S-006306,9082,238220,58127.98,Truck
SI-0012683,S-006306,8397,541511,24021.83,Truck
SI-0012684,S-006307,9082,722513,134756.92,Office
SI-0012685,S-006308,8810,238320,81250.76,Equipment
SI-0012686,S-006308,5606,541511,42294.64,Warehouse
SI-0012687,S-006309,8397,236115,20950.39,Equipment
SI-0012688,S-006310,9082,238220,96461.99,Warehouse
SI-0012689,S-006310,3632,484110,13820.33,Storefront
SI-0012690,S-006310,3632,236115,25310.85,Office
SI-0012691,S-006311,3632,238320,32448.1,Equipment
SI-0012692,S-006311,5606,541612,7411.49,Storefront
SI-0012693,S-006312,9082,541612,20848.02,Warehouse
SI-0012694,S-006312,3724,561720,29592.56,Office
SI-0012695,S-006312,8397,484110,23517.49,Office
SI-0012696,S-006313,7228,722513,83511.77,Crew
SI-0012697,S-006313,3724,541511,58633.02,Office
SI-0012698,S-006314,9082,541511,34803.0,Crew
SI-0012699,S-006314,9082,238220,12813.33,Truck
SI-0012700,S-006314,8810,541612,31300.12,Warehouse
SI-0012701,S-006315,5403,541612,7282.24,Crew
SI-0012702,S-006316,5606,238320,22909.06,Storefront
SI-0012703,S-006316,5403,238220,48721.95,Office
SI-0012704,S-006316,8397,541511,15520.92,Crew
SI-0012705,S-006317,8810,722513,17125.02,Office
SI-0012706,S-006317,5606,238220,16894.5,Crew
SI-0012707,S-006318,8397,561720,34529.57,Office
SI-0012708,S-006319,5403,561720,41597.62,Equipment
SI-0012709,S-006320,5403,722513,64287.66,Equipment
SI-0012710,S-006320,5606,541511,37867.13,Truck
SI-0012711,S-006320,3724,484110,46609.96,Equipment
SI-0012712,S-006321,8397,484110,37570.4,Office
SI-0012713,S-006322,7228,236115,50524.23,Warehouse
SI-0012714,S-006322,5403,238320,21803.87,Storefront
SI-0012715,S-006322,3632,238220,50205.89,Crew
SI-0012716,S-006323,7228,541612,130511.26,Crew
SI-0012717,S-006323,5606,722513,28636.52,Office
SI-0012718,S-006323,7228,238320,31686.7,Truck
SI-0012719,S-006324,8397,236115,30331.87,Truck
SI-0012720,S-006325,3632,541511,19575.5,Storefront
SI-0012721,S-006325,8397,541511,20533.94,Equipment
SI-0012722,S-006325,8397,541511,17090.44,Office
SI-0012723,S-006326,9082,541612,16529.28,Truck
SI-0012724,S-006326,3724,722513,41262.37,Crew
SI-0012725,S-006327,5403,561720,78759.01,Equipment
SI-0012726,S-006327,5606,236115,14174.05,Crew
SI-0012727,S-006328,3632,722513,63974.8,Truck
SI-0012728,S-006328,7228,236115,251353.16,Warehouse
SI-0012729,S-006329,8397,722513,43083.64,Equipment
SI-0012730,S-006329,8810,541511,25757.52,Truck
SI-0012731,S-006330,3632,541612,45964.74,Office
SI-0012732,S-006331,7228,484110,57539.46,Storefront
SI-0012733,S-006331,3632,238220,22909.77,Warehouse
SI-0012734,S-006331,5606,236115,24994.76,Equipment
SI-0012735,S-006332,9082,484110,7283.04,Office
SI-0012736,S-006332,9082,561720,40901.6,Truck
SI-0012737,S-006333,5403,561720,73857.69,Storefront
SI-0012738,S-006333,8810,484110,55207.2,Truck
SI-0012739,S-006333,5403,238220,53341.15,Warehouse
SI-0012740,S-006334,8810,541511,16896.34,Storefront
SI-0012741,S-006335,7228,238320,55306.06,Storefront
SI-0012742,S-006335,8397,238220,20837.52,Office
SI-0012743,S-006335,9082,561720,12355.97,Crew
SI-0012744,S-006336,8810,484110,29612.91,Storefront
SI-0012745,S-006336,5403,541612,51448.37,Storefront
SI-0012746,S-006336,7228,236115,5423.26,Warehouse
SI-0012747,S-006337,7228,236115,15393.04,Office
SI-0012748,S-006338,8397,484110,32157.72,Office
SI-0012749,S-006339,3724,561720,51721.77,Crew
SI-0012750,S-006339,5606,541511,49259.54,Office
SI-0012751,S-006339,5403,484110,27474.54,Equipment
SI-0012752,S-006340,5606,561720,32708.2,Crew
SI-0012753,S-006341,9082,484110,56311.75,Warehouse
SI-0012754,S-006341,5606,541511,166874.26,Office
SI-0012755,S-006342,7228,238320,17726.83,Truck
SI-0012756,S-006342,9082,236115,52722.1,Storefront
SI-0012757,S-006342,3632,541511,17421.35,Storefront
SI-0012758,S-006343,5606,561720,79446.85,Equipment
SI-0012759,S-006343,9082,722513,24098.41,Truck
SI-0012760,S-006344,7228,238320,18217.9,Storefront
SI-0012761,S-006345,8810,238220,19411.56,Truck
SI-0012762,S-006345,5606,541511,122222.85,Truck
SI-0012763,S-006346,8810,722513,33568.42,Warehouse
SI-0012764,S-006346,7228,238220,49582.36,Storefront
SI-0012765,S-006346,9082,484110,55024.89,Office
SI-0012766,S-006347,5606,541612,67264.14,Storefront
SI-0012767,S-006348,3724,561720,22555.87,Crew
SI-0012768,S-006349,5403,238320,29454.97,Crew
SI-0012769,S-006349,8397,238220,111513.64,Equipment
SI-0012770,S-006349,5403,236115,24437.99,Equipment
SI-0012771,S-006350,8397,236115,28279.42,Warehouse
SI-0012772,S-006351,8810,541612,130935.2,Truck
SI-0012773,S-006351,5606,484110,19973.75,Crew
SI-0012774,S-006351,3632,541511,26438.92,Crew
SI-0012775,S-006352,3632,238320,42802.48,Truck
SI-0012776,S-006352,5403,236115,20291.98,Office
SI-0012777,S-006352,9082,236115,31652.36,Office
SI-0012778,S-006353,7228,722513,55330.32,Crew
SI-0012779,S-006353,5403,541612,38927.23,Equipment
SI-0012780,S-006354,5403,561720,264968.18,Office
SI-0012781,S-006355,9082,236115,19359.53,Truck
SI-0012782,S-006355,8810,238220,19296.68,Crew
SI-0012783,S-006355,7228,561720,34980.53,Crew
SI-0012784,S-006356,5606,484110,67526.21,Crew
SI-0012785,S-006356,8397,238320,38175.28,Office
SI-0012786,S-006357,5606,238220,26378.73,Crew
SI-0012787,S-006357,5606,722513,51679.72,Crew
SI-0012788,S-006357,5606,722513,22606.51,Warehouse
SI-0012789,S-006358,3724,238320,11162.64,Crew
SI-0012790,S-006358,3724,541511,10790.57,Truck
SI-0012791,S-006358,8397,484110,16517.77,Crew
SI-0012792,S-006359,5606,561720,42391.28,Crew
SI-0012793,S-006359,8397,541612,42137.13,Warehouse
SI-0012794,S-006359,9082,238220,32565.15,Office
SI-0012795,S-006360,3724,541612,64557.09,Office
SI-0012796,S-006361,5606,238320,41672.76,Office
SI-0012797,S-006361,5403,541612,72982.72,Warehouse
SI-0012798,S-006362,3632,541612,31139.77,Equipment
SI-0012799,S-006363,9082,722513,18544.99,Office
SI-0012800,S-006364,9082,561720,38739.57,Warehouse
SI-0012801,S-006364,7228,484110,55835.93,Office
SI-0012802,S-006365,5403,236115,54749.99,Crew
SI-0012803,S-006365,5606,541612,125451.61,Truck
SI-0012804,S-006365,8810,484110,16707.06,Warehouse
SI-0012805,S-006366,3724,561720,49498.62,Truck
SI-0012806,S-006366,5606,484110,26876.56,Equipment
SI-0012807,S-006366,5606,561720,56455.02,Equipment
SI-0012808,S-006367,9082,238320,29570.36,Crew
SI-0012809,S-006367,8810,484110,22875.88,Storefront
SI-0012810,S-006368,9082,541612,10936.11,Truck
SI-0012811,S-006368,8810,722513,10305.36,Equipment
SI-0012812,S-006369,8397,238320,47263.02,Storefront
SI-0012813,S-006370,8397,722513,9816.44,Equipment
SI-0012814,S-006370,3724,484110,27453.99,Storefront
SI-0012815,S-006370,3724,722513,16183.78,Truck
SI-0012816,S-006371,5403,238220,35257.05,Truck
SI-0012817,S-006372,8810,484110,53547.86,Equipment
SI-0012818,S-006372,3724,541511,7124.76,Truck
SI-0012819,S-006372,7228,238220,132283.89,Truck
SI-0012820,S-006373,3724,484110,34698.21,Equipment
SI-0012821,S-006373,8810,541612,44281.28,Equipment
SI-0012822,S-006374,9082,238220,58595.61,Equipment
SI-0012823,S-006374,8397,722513,41469.2,Storefront
SI-0012824,S-006374,3724,541612,55020.69,Truck
SI-0012825,S-006375,3724,561720,37648.65,Truck
SI-0012826,S-006376,3632,236115,25935.09,Office
SI-0012827,S-006377,8397,561720,21645.73,Warehouse
SI-0012828,S-006378,9082,236115,25420.3,Warehouse
SI-0012829,S-006379,5606,238320,29895.56,Equipment
SI-0012830,S-006379,3724,236115,34989.66,Office
SI-0012831,S-006379,8810,238320,77648.31,Truck
SI-0012832,S-006380,3632,541511,58394.59,Warehouse
SI-0012833,S-006380,3632,484110,44352.23,Crew
SI-0012834,S-006381,9082,541511,45463.2,Warehouse
SI-0012835,S-006381,3632,561720,20554.54,Warehouse
SI-0012836,S-006381,3724,722513,13076.38,Truck
SI-0012837,S-006382,7228,236115,21505.81,Equipment
SI-0012838,S-006382,9082,722513,3746.54,Storefront
SI-0012839,S-006382,5403,561720,49390.84,Equipment
SI-0012840,S-006383,7228,238320,31948.23,Storefront
SI-0012841,S-006384,3632,541511,100581.4,Equipment
SI-0012842,S-006385,5606,541511,59668.13,Warehouse
SI-0012843,S-006385,5606,238220,19741.83,Truck
SI-0012844,S-006386,8810,541511,47203.12,Office
SI-0012845,S-006387,5403,541612,58418.88,Crew
SI-0012846,S-006387,5606,238220,22916.63,Storefront
SI-0012847,S-006387,9082,722513,27138.7,Truck
SI-0012848,S-006388,9082,238320,26516.38,Crew
SI-0012849,S-006389,3724,238220,60746.99,Storefront
SI-0012850,S-006389,5606,484110,109321.92,Equipment
SI-0012851,S-006389,3632,238320,47833.29,Crew
SI-0012852,S-006390,7228,722513,28151.05,Equipment
SI-0012853,S-006391,5403,484110,56668.33,Storefront
SI-0012854,S-006392,7228,561720,35845.9,Equipment
SI-0012855,S-006392,7228,541511,63589.13,Office
SI-0012856,S-006392,5403,238220,8827.25,Warehouse
SI-0012857,S-006393,3632,484110,12757.96,Truck
SI-0012858,S-006393,3724,238320,53121.91,Warehouse
SI-0012859,S-006393,9082,722513,10692.95,Crew
SI-0012860,S-006394,8397,722513,63208.74,Storefront
SI-0012861,S-006394,8397,484110,33153.05,Warehouse
SI-0012862,S-006395,8397,541612,40812.81,Truck
SI-0012863,S-006395,8810,238320,37616.69,Truck
SI-0012864,S-006396,5606,238220,44377.38,Warehouse
SI-0012865,S-006397,8397,484110,92013.12,Warehouse
SI-0012866,S-006397,3724,484110,38718.04,Warehouse
SI-0012867,S-006397,8810,541511,31328.46,Equipment
SI-0012868,S-006398,5403,238220,36740.97,Office
SI-0012869,S-006398,3724,561720,32795.73,Equipment
SI-0012870,S-006399,7228,238220,132095.91,Crew
SI-0012871,S-006400,7228,541612,26629.98,Office
SI-0012872,S-006400,5606,238320,64823.58,Warehouse
SI-0012873,S-006400,7228,561720,62999.18,Warehouse
SI-0012874,S-006401,3724,238320,48936.72,Storefront
SI-0012875,S-006402,3724,541511,17756.33,Office
SI-0012876,S-006402,3724,484110,12309.75,Equipment
SI-0012877,S-006403,9082,236115,44742.28,Warehouse
SI-0012878,S-006403,5606,484110,14104.63,Warehouse
SI-0012879,S-006404,8397,722513,32065.45,Equipment
SI-0012880,S-006404,8397,238220,27759.34,Equipment
SI-0012881,S-006404,9082,722513,110267.3,Warehouse
SI-0012882,S-006405,3724,722513,60196.25,Office
SI-0012883,S-006405,8810,541612,37478.19,Storefront
SI-0012884,S-006406,5403,236115,36181.25,Warehouse
SI-0012885,S-006407,5403,238320,40737.78,Crew
SI-0012886,S-006407,8397,238220,28658.22,Crew
SI-0012887,S-006407,3632,541612,37009.17,Truck
SI-0012888,S-006408,3632,484110,53613.98,Office
SI-0012889,S-006409,8397,541511,17957.51,Storefront
SI-0012890,S-006409,5403,238220,28153.64,Equipment
SI-0012891,S-006410,3632,541612,78041.11,Equipment
SI-0012892,S-006410,5403,238320,17502.26,Warehouse
SI-0012893,S-006410,5403,484110,23908.54,Office
SI-0012894,S-006411,9082,541612,6487.04,Truck
SI-0012895,S-006412,8397,541612,20041.18,Truck
SI-0012896,S-006412,7228,541511,41435.23,Truck
SI-0012897,S-006413,8810,238320,16748.43,Warehouse
SI-0012898,S-006413,5606,541511,8058.92,Storefront
SI-0012899,S-006414,3724,541612,37967.81,Warehouse
SI-0012900,S-006414,3632,238320,15843.09,Crew
SI-0012901,S-006414,3632,541511,4409.12,Crew
SI-0012902,S-006415,5606,238320,51660.39,Crew
SI-0012903,S-006415,3724,561720,123354.29,Equipment
SI-0012904,S-006416,3724,236115,32281.23,Warehouse
SI-0012905,S-006416,3632,236115,34622.39,Warehouse
SI-0012906,S-006417,5403,484110,31551.84,Warehouse
SI-0012907,S-006417,3632,541511,32774.21,Equipment
SI-0012908,S-006418,5606,484110,10523.11,Crew
SI-0012909,S-006418,3632,561720,49410.52,Warehouse
SI-0012910,S-006419,7228,541511,23854.33,Crew
SI-0012911,S-006420,7228,541511,31503.49,Warehouse
SI-0012912,S-006420,8810,722513,52535.02,Office
SI-0012913,S-006421,7228,238220,80781.36,Warehouse
SI-0012914,S-006421,3724,236115,32664.02,Storefront
SI-0012915,S-006422,5606,484110,10480.66,Office
SI-0012916,S-006423,3724,722513,15022.14,Truck
SI-0012917,S-006423,5403,561720,46172.08,Warehouse
SI-0012918,S-006423,3724,484110,68363.21,Office
SI-0012919,S-006424,8810,722513,22642.18,Office
SI-0012920,S-006425,7228,722513,52199.05,Crew
SI-0012921,S-006426,7228,541511,18536.9,Storefront
SI-0012922,S-006427,8397,722513,30077.71,Crew
SI-0012923,S-006428,5606,541612,40841.1,Truck
SI-0012924,S-006429,9082,236115,7988.95,Warehouse
SI-0012925,S-006429,8397,484110,7970.43,Truck
SI-0012926,S-006430,9082,541511,40179.28,Office
SI-0012927,S-006431,7228,236115,8010.63,Warehouse
SI-0012928,S-006431,7228,238320,19766.62,Truck
SI-0012929,S-006432,7228,561720,44911.44,Warehouse
SI-0012930,S-006433,8397,722513,52249.47,Warehouse
SI-0012931,S-006434,5606,238220,11244.07,Storefront
SI-0012932,S-006434,8810,561720,22941.01,Warehouse
SI-0012933,S-006434,7228,236115,7776.26,Storefront
SI-0012934,S-006435,9082,484110,15393.52,Crew
SI-0012935,S-006435,9082,236115,78982.53,Equipment
SI-0012936,S-006436,5403,561720,54876.19,Storefront
SI-0012937,S-006436,9082,561720,40400.13,Storefront
SI-0012938,S-006436,8397,238220,42991.17,Crew
SI-0012939,S-006437,3632,541511,24328.52,Office
SI-0012940,S-006437,9082,561720,77836.24,Truck
SI-0012941,S-006437,5606,238320,52186.06,Storefront
SI-0012942,S-006438,8397,541511,39640.74,Warehouse
SI-0012943,S-006438,8810,238220,36300.52,Storefront
SI-0012944,S-006439,3724,541511,79423.51,Crew
SI-0012945,S-006439,3724,238320,24154.45,Office
SI-0012946,S-006439,3632,541511,56160.39,Crew
SI-0012947,S-006440,9082,238220,38114.13,Office
SI-0012948,S-006440,7228,541511,119880.3,Equipment
SI-0012949,S-006440,8397,541612,43201.67,Office
SI-0012950,S-006441,8810,236115,24883.23,Storefront
SI-0012951,S-006441,5606,236115,13971.31,Truck
SI-0012952,S-006441,8810,541511,30529.05,Crew
SI-0012953,S-006442,5606,484110,61946.16,Equipment
SI-0012954,S-006443,5403,238320,12365.92,Storefront
SI-0012955,S-006443,3632,541511,29942.1,Crew
SI-0012956,S-006444,7228,541612,56604.69,Equipment
SI-0012957,S-006445,5606,561720,17560.41,Storefront
SI-0012958,S-006445,9082,541612,68101.19,Equipment
SI-0012959,S-006445,9082,561720,30284.28,Storefront
SI-0012960,S-006446,3724,541612,37469.95,Equipment
SI-0012961,S-006447,5403,484110,25629.59,Warehouse
SI-0012962,S-006447,8810,541612,29962.66,Storefront
SI-0012963,S-006447,3724,238320,24103.54,Office
SI-0012964,S-006448,5403,561720,28313.98,Equipment
SI-0012965,S-006448,5606,722513,9664.15,Storefront
SI-0012966,S-006448,3632,722513,30346.43,Crew
SI-0012967,S-006449,7228,722513,81335.06,Storefront
SI-0012968,S-006450,9082,484110,23939.67,Equipment
SI-0012969,S-006450,3632,236115,66929.32,Truck
SI-0012970,S-006451,3724,541612,46720.09,Office
SI-0012971,S-006452,8397,484110,30304.4,Storefront
SI-0012972,S-006452,3724,561720,42725.36,Warehouse
SI-0012973,S-006452,7228,238220,12669.77,Warehouse
SI-0012974,S-006453,5606,541612,33377.29,Storefront
SI-0012975,S-006454,9082,238220,16991.44,Warehouse
SI-0012976,S-006454,5606,541511,60878.41,Office
SI-0012977,S-006454,8810,484110,12964.55,Storefront
SI-0012978,S-006455,3724,561720,16146.58,Office
SI-0012979,S-006455,3632,238220,12762.84,Crew
SI-0012980,S-006455,5403,541612,50699.45,Warehouse
SI-0012981,S-006456,3724,484110,38121.02,Office
SI-0012982,S-006456,5403,238320,46630.29,Office
SI-0012983,S-006456,5403,236115,34484.22,Warehouse
SI-0012984,S-006457,9082,238320,49891.36,Warehouse
SI-0012985,S-006457,8810,541511,21396.38,Truck
SI-0012986,S-006458,5403,541612,19250.75,Storefront
SI-0012987,S-006458,3724,561720,48015.5,Crew
SI-0012988,S-006458,7228,238320,60528.99,Office
SI-0012989,S-006459,8810,484110,71706.98,Office
SI-0012990,S-006459,8810,238220,48414.55,Crew
SI-0012991,S-006460,7228,238220,23742.4,Truck
SI-0012992,S-006460,8397,484110,48906.21,Storefront
SI-0012993,S-006461,5403,238220,99448.67,Equipment
SI-0012994,S-006462,7228,238220,13852.09,Office
SI-0012995,S-006462,7228,561720,5273.89,Warehouse
SI-0012996,S-006462,8397,722513,13868.45,Storefront
SI-0012997,S-006463,8810,238320,32108.73,Storefront
SI-0012998,S-006463,5403,541511,39297.86,Office
SI-0012999,S-006464,9082,238320,236896.03,Truck
SI-0013000,S-006465,5606,484110,75119.4,Truck
SI-0013001,S-006466,8810,484110,11727.97,Crew
SI-0013002,S-006466,7228,238320,26464.87,Crew
SI-0013003,S-006467,5403,722513,34605.62,Office
SI-0013004,S-006467,5403,238220,29085.61,Storefront
SI-0013005,S-006467,3724,238320,121225.8,Warehouse
SI-0013006,S-006468,8397,238220,125923.17,Office
SI-0013007,S-006469,8810,541511,21270.03,Crew
SI-0013008,S-006469,8397,484110,11750.72,Warehouse
SI-0013009,S-006470,7228,541511,25807.51,Warehouse
SI-0013010,S-006470,8397,484110,11423.48,Crew
SI-0013011,S-006470,3632,238220,28669.05,Truck
SI-0013012,S-006471,3632,238220,140318.3,Crew
SI-0013013,S-006471,8397,236115,19101.17,Equipment
SI-0013014,S-006472,9082,561720,65993.4,Crew
SI-0013015,S-006473,8397,541511,237888.22,Office
SI-0013016,S-006474,5606,236115,19766.3,Warehouse
SI-0013017,S-006474,3632,541612,74538.87,Storefront
SI-0013018,S-006475,3724,541511,26652.81,Truck
SI-0013019,S-006475,9082,541612,22974.17,Office
SI-0013020,S-006475,3632,484110,40627.6,Crew
SI-0013021,S-006476,5403,238220,33306.5,Warehouse
SI-0013022,S-006476,9082,561720,43523.86,Office
SI-0013023,S-006476,7228,541612,78744.78,Warehouse
SI-0013024,S-006477,9082,236115,52782.51,Office
SI-0013025,S-006478,9082,236115,32773.1,Office
SI-0013026,S-006478,3632,236115,34740.67,Truck
SI-0013027,S-006478,3632,236115,142714.82,Office
SI-0013028,S-006479,7228,236115,55157.8,Crew
SI-0013029,S-006479,5606,541612,47948.7,Office
SI-0013030,S-006480,3724,541511,84365.08,Crew
SI-0013031,S-006480,9082,541612,29982.27,Warehouse
SI-0013032,S-006481,5403,238220,32485.73,Storefront
SI-0013033,S-006481,5606,238320,22877.34,Truck
SI-0013034,S-006482,7228,561720,50567.46,Equipment
SI-0013035,S-006483,3632,236115,30395.11,Truck
SI-0013036,S-006484,5606,541511,22517.05,Warehouse
SI-0013037,S-006485,5403,238220,41572.78,Crew
SI-0013038,S-006485,8397,238220,55826.09,Storefront
SI-0013039,S-006485,8810,722513,39603.45,Crew
SI-0013040,S-006486,9082,541612,41465.31,Equipment
SI-0013041,S-006487,8397,541511,25462.55,Storefront
SI-0013042,S-006488,3632,484110,62407.94,Storefront
SI-0013043,S-006488,8397,561720,58205.61,Storefront
SI-0013044,S-006489,7228,484110,36585.36,Truck
SI-0013045,S-006490,7228,238320,33639.12,Storefront
SI-0013046,S-006490,9082,236115,15768.61,Equipment
SI-0013047,S-006491,8810,238320,39020.99,Equipment
SI-0013048,S-006492,7228,238320,50037.53,Warehouse
SI-0013049,S-006493,9082,561720,9921.53,Storefront
SI-0013050,S-006493,9082,541612,24938.25,Crew
SI-0013051,S-006494,3724,541511,54250.64,Storefront
SI-0013052,S-006494,7228,561720,8863.21,Office
SI-0013053,S-006495,7228,238220,69449.74,Warehouse
SI-0013054,S-006496,9082,238220,17697.99,Storefront
SI-0013055,S-006497,5403,541612,12643.57,Equipment
SI-0013056,S-006497,3632,722513,47247.11,Warehouse
SI-0013057,S-006498,9082,541511,33369.29,Equipment
SI-0013058,S-006498,8810,722513,11311.08,Crew
SI-0013059,S-006498,7228,541612,24220.69,Crew
SI-0013060,S-006499,7228,238320,26463.81,Storefront
SI-0013061,S-006499,5403,541612,75478.54,Warehouse
SI-0013062,S-006500,3724,541511,22958.74,Crew
SI-0013063,S-006501,3632,238320,46119.62,Office
SI-0013064,S-006501,3632,484110,23809.32,Office
SI-0013065,S-006501,3724,238220,112538.57,Office
SI-0013066,S-006502,8810,236115,21407.66,Office
SI-0013067,S-006502,8810,484110,57683.4,Storefront
SI-0013068,S-006503,8810,561720,23714.96,Office
SI-0013069,S-006503,3632,238320,37446.35,Storefront
SI-0013070,S-006503,9082,484110,26846.06,Office
SI-0013071,S-006504,5606,238320,32235.69,Office
SI-0013072,S-006504,5403,561720,53082.21,Storefront
SI-0013073,S-006505,9082,561720,52436.22,Truck
SI-0013074,S-006505,9082,541511,18606.63,Crew
SI-0013075,S-006506,5606,541612,31569.25,Storefront
SI-0013076,S-006506,7228,561720,22754.24,Truck
SI-0013077,S-006506,5606,541612,23211.25,Office
SI-0013078,S-006507,5606,238320,21256.52,Office
SI-0013079,S-006507,5606,722513,23162.2,Equipment
SI-0013080,S-006507,8397,236115,15121.78,Warehouse
SI-0013081,S-006508,8810,541511,32092.79,Equipment
SI-0013082,S-006509,8397,541511,57134.19,Truck
SI-0013083,S-006510,3724,722513,63562.6,Truck
SI-0013084,S-006511,3632,236115,22218.86,Office
SI-0013085,S-006511,7228,722513,101270.65,Office
SI-0013086,S-006511,8397,238220,26966.09,Crew
SI-0013087,S-006512,5606,541612,56695.85,Storefront
SI-0013088,S-006512,8397,722513,38970.58,Storefront
SI-0013089,S-006512,5606,238320,39356.34,Truck
SI-0013090,S-006513,5403,561720,34997.03,Equipment
SI-0013091,S-006513,5403,484110,16939.84,Office
SI-0013092,S-006514,8397,722513,27609.69,Office
SI-0013093,S-006515,3724,484110,40052.03,Office
SI-0013094,S-006515,3724,722513,14239.41,Storefront
SI-0013095,S-006516,5403,238320,41742.2,Truck
SI-0013096,S-006516,5606,541612,19145.4,Office
SI-0013097,S-006517,5606,561720,27789.69,Storefront
SI-0013098,S-006517,9082,541511,64949.39,Warehouse
SI-0013099,S-006518,7228,238220,51582.46,Storefront
SI-0013100,S-006518,8810,238220,43645.68,Truck
SI-0013101,S-006518,5403,484110,55801.87,Storefront
SI-0013102,S-006519,9082,238320,40598.48,Equipment
SI-0013103,S-006519,5606,484110,76873.02,Office
SI-0013104,S-006520,7228,484110,30547.8,Crew
SI-0013105,S-006520,5403,561720,81152.71,Warehouse
SI-0013106,S-006520,5403,561720,53056.03,Warehouse
SI-0013107,S-006521,3632,541511,21441.3,Warehouse
SI-0013108,S-006522,3724,238220,34602.26,Warehouse
SI-0013109,S-006523,5403,236115,71017.45,Equipment
SI-0013110,S-006524,3632,722513,11185.76,Crew
SI-0013111,S-006524,7228,722513,17519.01,Crew
SI-0013112,S-006525,5606,561720,19095.41,Office
SI-0013113,S-006526,7228,238220,39550.49,Storefront
SI-0013114,S-006526,3724,238320,25928.2,Crew
SI-0013115,S-006526,8397,722513,14813.34,Office
SI-0013116,S-006527,8810,238320,76046.55,Storefront
SI-0013117,S-006528,7228,236115,17636.81,Office
SI-0013118,S-006528,5403,541511,23484.57,Warehouse
SI-0013119,S-006528,3724,722513,42947.07,Crew
SI-0013120,S-006529,5403,238220,8064.07,Warehouse
SI-0013121,S-006529,5403,484110,11291.03,Office
SI-0013122,S-006529,3632,238320,40969.44,Truck
SI-0013123,S-006530,5403,541612,17726.0,Warehouse
SI-0013124,S-006531,9082,236115,47114.96,Storefront
SI-0013125,S-006531,3724,236115,103595.51,Storefront
SI-0013126,S-006531,5403,541511,53414.32,Warehouse
SI-0013127,S-006532,9082,722513,18879.63,Crew
SI-0013128,S-006532,3632,722513,9386.26,Truck
SI-0013129,S-006532,5606,236115,68517.31,Storefront
SI-0013130,S-006533,8810,236115,92019.63,Storefront
SI-0013131,S-006533,8397,722513,110431.1,Storefront
SI-0013132,S-006534,5606,238320,108020.27,Storefront
SI-0013133,S-006535,3724,561720,18519.54,Truck
SI-0013134,S-006535,5403,238220,49563.8,Storefront
SI-0013135,S-006535,8810,238320,9201.55,Office
SI-0013136,S-006536,7228,238220,27914.04,Crew
SI-0013137,S-006536,9082,236115,7985.42,Storefront
SI-0013138,S-006536,5606,561720,42099.12,Storefront
SI-0013139,S-006537,8397,238220,57279.66,Truck
SI-0013140,S-006537,3724,561720,54287.65,Storefront
SI-0013141,S-006537,8810,541612,17354.45,Warehouse
SI-0013142,S-006538,3724,238320,12307.95,Warehouse
SI-0013143,S-006538,3632,541511,23995.01,Equipment
SI-0013144,S-006538,5403,722513,11745.83,Storefront
SI-0013145,S-006539,5403,238320,4539.65,Warehouse
SI-0013146,S-006539,3632,238220,32374.06,Warehouse
SI-0013147,S-006540,3632,561720,45255.09,Office
SI-0013148,S-006541,5606,238320,42919.11,Warehouse
SI-0013149,S-006542,5403,238220,19596.2,Office
SI-0013150,S-006542,3632,541511,226458.85,Warehouse
SI-0013151,S-006542,7228,484110,44824.67,Crew
SI-0013152,S-006543,8810,484110,13210.43,Warehouse
SI-0013153,S-006543,9082,541612,24476.77,Equipment
SI-0013154,S-006543,8397,236115,77015.08,Crew
SI-0013155,S-006544,3724,238220,54398.54,Office
SI-0013156,S-006544,3632,236115,10784.53,Warehouse
SI-0013157,S-006545,3632,541612,18297.6,Truck
SI-0013158,S-006545,7228,722513,41024.89,Warehouse
SI-0013159,S-006546,9082,541511,232399.06,Warehouse
SI-0013160,S-006547,8810,238320,32719.33,Storefront
SI-0013161,S-006548,5403,541612,13903.98,Truck
SI-0013162,S-006548,9082,484110,38039.83,Crew
SI-0013163,S-006549,5606,238320,25389.45,Office
SI-0013164,S-006549,5403,541511,30827.92,Truck
SI-0013165,S-006549,7228,541612,15640.72,Crew
SI-0013166,S-006550,5606,238220,25698.64,Truck
SI-0013167,S-006550,5606,238320,13449.19,Equipment
SI-0013168,S-006550,7228,238320,17027.06,Equipment
SI-0013169,S-006551,3632,238220,35310.97,Storefront
SI-0013170,S-006552,8810,541511,120435.46,Truck
SI-0013171,S-006553,9082,541511,58489.65,Warehouse
SI-0013172,S-006554,9082,722513,27466.23,Crew
SI-0013173,S-006554,9082,238220,75095.67,Crew
SI-0013174,S-006555,7228,484110,70439.56,Office
SI-0013175,S-006555,5606,484110,22925.74,Crew
SI-0013176,S-006555,8397,238320,40706.23,Storefront
SI-0013177,S-006556,3724,541612,36740.02,Office
SI-0013178,S-006557,8397,484110,20297.35,Equipment
SI-0013179,S-006557,5606,238320,57807.04,Office
SI-0013180,S-006557,5403,238320,32706.22,Storefront
SI-0013181,S-006558,8397,238320,23748.06,Storefront
SI-0013182,S-006559,5403,561720,30603.22,Storefront
SI-0013183,S-006559,8810,541612,15357.19,Truck
SI-0013184,S-006560,8397,541511,85224.27,Crew
SI-0013185,S-006560,5606,561720,32220.29,Truck
SI-0013186,S-006561,5606,561720,20586.49,Truck
SI-0013187,S-006561,5606,722513,23078.15,Office
SI-0013188,S-006562,7228,238320,8937.22,Crew
SI-0013189,S-006563,3724,541612,34890.08,Equipment
SI-0013190,S-006563,3724,238320,33062.32,Warehouse
SI-0013191,S-006564,3724,722513,52334.12,Equipment
SI-0013192,S-006564,3632,541612,9129.36,Office
SI-0013193,S-006565,3632,541511,30270.81,Storefront
SI-0013194,S-006566,3724,561720,18401.51,Equipment
SI-0013195,S-006566,8810,238320,14113.88,Warehouse
SI-0013196,S-006567,8810,238220,8781.8,Crew
SI-0013197,S-006567,5403,238220,24894.66,Office
SI-0013198,S-006567,7228,236115,94061.96,Storefront
SI-0013199,S-006568,7228,541511,77004.12,Storefront
SI-0013200,S-006568,3724,722513,13751.87,Equipment
SI-0013201,S-006569,5606,238320,15782.13,Warehouse
SI-0013202,S-006569,8810,238320,30830.16,Truck
SI-0013203,S-006570,5606,484110,84827.54,Equipment
SI-0013204,S-006571,3724,561720,15210.24,Truck
SI-0013205,S-006571,8810,541511,98129.7,Office
SI-0013206,S-006572,7228,561720,21445.69,Crew
SI-0013207,S-006572,3724,561720,31519.72,Equipment
SI-0013208,S-006572,8810,484110,23276.63,Office
SI-0013209,S-006573,8810,722513,81993.7,Crew
SI-0013210,S-006574,7228,238220,62486.6,Office
SI-0013211,S-006574,5403,238220,34164.37,Warehouse
SI-0013212,S-006574,3724,238320,59239.6,Warehouse
SI-0013213,S-006575,3724,236115,33829.75,Storefront
SI-0013214,S-006575,8397,238220,21032.68,Equipment
SI-0013215,S-006575,8810,722513,147437.83,Storefront
SI-0013216,S-006576,5606,238320,22237.49,Office
SI-0013217,S-006576,3724,484110,48643.98,Crew
SI-0013218,S-006577,5403,561720,25097.34,Truck
SI-0013219,S-006577,5606,541511,10793.13,Crew
SI-0013220,S-006577,7228,541511,28661.3,Office
SI-0013221,S-006578,8810,541612,18710.81,Crew
SI-0013222,S-006579,9082,541612,37628.89,Warehouse
SI-0013223,S-006580,5403,238220,18499.62,Office
SI-0013224,S-006580,8397,238320,28558.5,Truck
SI-0013225,S-006581,7228,238320,42131.98,Equipment
SI-0013226,S-006581,3724,541511,21559.09,Office
SI-0013227,S-006581,9082,541612,12608.17,Equipment
SI-0013228,S-006582,3632,238320,33057.99,Storefront
SI-0013229,S-006582,8810,561720,45482.14,Storefront
SI-0013230,S-006582,5403,541511,34335.86,Storefront
SI-0013231,S-006583,3724,238320,21128.57,Truck
SI-0013232,S-006583,7228,541612,19025.09,Crew
SI-0013233,S-006584,8397,236115,104144.09,Warehouse
SI-0013234,S-006584,5403,484110,18565.34,Office
SI-0013235,S-006585,3724,484110,29509.72,Truck
SI-0013236,S-006585,3632,236115,64396.47,Equipment
SI-0013237,S-006585,5606,238220,80456.41,Warehouse
SI-0013238,S-006586,9082,238320,17056.03,Equipment
SI-0013239,S-006586,3632,238220,6735.25,Equipment
SI-0013240,S-006587,3724,236115,11573.23,Crew
SI-0013241,S-006588,8397,238220,22080.94,Equipment
SI-0013242,S-006588,8810,541612,68459.81,Truck
SI-0013243,S-006588,8810,238320,33910.63,Equipment
SI-0013244,S-006589,9082,238220,71997.47,Equipment
SI-0013245,S-006589,3632,722513,102630.45,Truck
SI-0013246,S-006589,5606,541511,29078.56,Warehouse
SI-0013247,S-006590,7228,541612,84199.06,Office
SI-0013248,S-006590,8397,484110,34118.35,Warehouse
SI-0013249,S-006590,7228,541511,107006.78,Storefront
SI-0013250,S-006591,9082,541612,24278.83,Truck
SI-0013251,S-006591,3724,541612,8729.0,Truck
SI-0013252,S-006591,9082,238320,28743.92,Crew
SI-0013253,S-006592,8810,238320,18821.71,Warehouse
SI-0013254,S-006593,8397,541511,15105.34,Equipment
SI-0013255,S-006593,7228,722513,18057.65,Storefront
SI-0013256,S-006593,8397,541511,69644.38,Truck
SI-0013257,S-006594,3632,238220,22071.35,Office
SI-0013258,S-006595,5606,722513,27845.81,Warehouse
SI-0013259,S-006595,8810,238320,18394.41,Warehouse
SI-0013260,S-006596,5403,238220,20886.16,Equipment
SI-0013261,S-006597,5403,541511,11738.44,Storefront
SI-0013262,S-006598,3724,541511,11617.34,Storefront
SI-0013263,S-006598,5606,561720,20658.37,Equipment
SI-0013264,S-006598,8810,238320,15017.59,Truck
SI-0013265,S-006599,9082,541612,18715.31,Storefront
SI-0013266,S-006599,3724,561720,51423.68,Storefront
SI-0013267,S-006600,9082,541511,45664.87,Office
SI-0013268,S-006600,9082,484110,47051.67,Office
SI-0013269,S-006600,7228,484110,7731.34,Office
SI-0013270,S-006601,7228,541511,58481.45,Truck
SI-0013271,S-006601,5606,541511,46487.72,Office
SI-0013272,S-006601,3724,541511,130563.22,Storefront
SI-0013273,S-006602,3724,541612,46135.31,Warehouse
SI-0013274,S-006602,3724,484110,27350.6,Storefront
SI-0013275,S-006602,5606,722513,32621.07,Storefront
SI-0013276,S-006603,5606,541511,20684.48,Office
SI-0013277,S-006603,3632,236115,12310.25,Office
SI-0013278,S-006604,9082,484110,113965.69,Storefront
SI-0013279,S-006604,5403,236115,38768.6,Office
SI-0013280,S-006604,5403,722513,15850.07,Warehouse
SI-0013281,S-006605,3632,484110,52949.74,Equipment
SI-0013282,S-006606,9082,238220,49164.85,Office
SI-0013283,S-006606,8397,541612,23129.57,Equipment
SI-0013284,S-006606,3724,722513,13342.03,Office
SI-0013285,S-006607,5403,238220,18347.85,Equipment
SI-0013286,S-006607,5606,722513,18568.55,Truck
SI-0013287,S-006608,8397,541612,41065.86,Truck
SI-0013288,S-006609,5403,238320,47762.51,Storefront
SI-0013289,S-006610,5403,541511,61180.41,Office
SI-0013290,S-006611,7228,236115,11432.16,Equipment
SI-0013291,S-006611,5606,541511,10427.57,Crew
SI-0013292,S-006612,7228,541612,14940.41,Warehouse
SI-0013293,S-006613,8810,561720,23039.94,Office
SI-0013294,S-006613,5606,541612,15224.22,Equipment
SI-0013295,S-006613,3724,238220,26451.63,Truck
SI-0013296,S-006614,5606,238220,31425.87,Warehouse
SI-0013297,S-006614,8397,541612,197082.73,Office
SI-0013298,S-006614,8810,236115,20466.07,Truck
SI-0013299,S-006615,8397,236115,38346.0,Truck
SI-0013300,S-006616,9082,722513,13628.32,Truck
SI-0013301,S-006617,5403,722513,25392.22,Office
SI-0013302,S-006617,3632,238220,22421.83,Storefront
SI-0013303,S-006617,8397,722513,10252.07,Truck
SI-0013304,S-006618,3724,238220,42025.9,Storefront
SI-0013305,S-006618,9082,541511,32907.59,Equipment
SI-0013306,S-006619,5403,541511,24138.24,Warehouse
SI-0013307,S-006619,5403,484110,94191.03,Warehouse
SI-0013308,S-006620,5606,238220,14257.01,Storefront
SI-0013309,S-006620,3724,541511,44517.89,Warehouse
SI-0013310,S-006620,5403,238220,138020.75,Crew
SI-0013311,S-006621,3632,541612,10819.66,Truck
SI-0013312,S-006621,8810,541511,11087.33,Equipment
SI-0013313,S-006621,5606,238320,84679.04,Crew
SI-0013314,S-006622,8810,541511,43541.77,Warehouse
SI-0013315,S-006623,3724,236115,58322.95,Storefront
SI-0013316,S-006623,9082,484110,187062.88,Truck
SI-0013317,S-006624,9082,541612,41474.46,Storefront
SI-0013318,S-006624,7228,561720,18475.67,Truck
SI-0013319,S-006625,7228,238220,7462.76,Crew
SI-0013320,S-006625,5403,238320,31022.79,Crew
SI-0013321,S-006625,9082,722513,50988.7,Truck
SI-0013322,S-006626,5606,238220,63793.79,Warehouse
SI-0013323,S-006627,3724,484110,22004.42,Office
SI-0013324,S-006627,5403,236115,50945.78,Office
SI-0013325,S-006628,5606,484110,15638.57,Equipment
SI-0013326,S-006629,9082,541511,82520.71,Office
SI-0013327,S-006629,3632,541511,46251.08,Equipment
SI-0013328,S-006630,9082,541612,38895.55,Warehouse
SI-0013329,S-006630,5606,561720,47552.8,Office
SI-0013330,S-006631,9082,541511,43580.48,Warehouse
SI-0013331,S-006632,3724,238320,85988.67,Equipment
SI-0013332,S-006632,5403,484110,23702.02,Warehouse
SI-0013333,S-006633,9082,561720,25527.41,Storefront
SI-0013334,S-006633,5403,484110,28727.38,Crew
SI-0013335,S-006633,3632,561720,45187.46,Truck
SI-0013336,S-006634,5606,484110,41147.84,Storefront
SI-0013337,S-006635,8397,236115,18278.03,Storefront
SI-0013338,S-006635,8397,238220,27168.3,Equipment
SI-0013339,S-006635,7228,541612,36132.59,Warehouse
SI-0013340,S-006636,8397,238220,26992.94,Warehouse
SI-0013341,S-006637,5403,722513,19884.98,Crew
SI-0013342,S-006637,5606,722513,10836.37,Equipment
SI-0013343,S-006637,8397,236115,22949.09,Equipment
SI-0013344,S-006638,8810,238320,12675.4,Truck
SI-0013345,S-006638,5403,238220,24050.25,Warehouse
SI-0013346,S-006639,8397,238220,33375.51,Truck
SI-0013347,S-006640,7228,722513,67694.71,Office
SI-0013348,S-006641,9082,236115,29846.08,Truck
SI-0013349,S-006641,9082,541612,16538.25,Office
SI-0013350,S-006642,9082,484110,23452.93,Office
SI-0013351,S-006643,5403,561720,41817.94,Equipment
SI-0013352,S-006643,8397,722513,215774.68,Crew
SI-0013353,S-006644,3632,484110,25307.66,Storefront
SI-0013354,S-006645,8810,722513,49435.2,Crew
SI-0013355,S-006645,9082,561720,46349.17,Storefront
SI-0013356,S-006646,9082,561720,156167.6,Equipment
SI-0013357,S-006647,3632,722513,8655.91,Warehouse
SI-0013358,S-006647,5403,561720,70769.79,Office
SI-0013359,S-006647,9082,238320,39137.8,Warehouse
SI-0013360,S-006648,8810,541511,21231.64,Office
SI-0013361,S-006648,3632,238220,142010.38,Equipment
SI-0013362,S-006649,7228,238320,34173.69,Warehouse
SI-0013363,S-006649,5606,541511,11530.39,Crew
SI-0013364,S-006649,8810,561720,67696.78,Truck
SI-0013365,S-006650,8397,236115,33016.73,Equipment
SI-0013366,S-006650,7228,236115,18251.14,Warehouse
SI-0013367,S-006650,8397,238220,19673.76,Crew
SI-0013368,S-006651,3724,541612,103259.31,Storefront
SI-0013369,S-006651,3724,541612,23979.99,Office
SI-0013370,S-006651,3632,722513,59438.22,Truck
SI-0013371,S-006652,3632,484110,52908.16,Storefront
SI-0013372,S-006653,3632,238220,67487.66,Equipment
SI-0013373,S-006653,3724,238320,28670.95,Equipment
SI-0013374,S-006654,8810,236115,28086.43,Truck
SI-0013375,S-006655,8397,238220,59394.75,Crew
SI-0013376,S-006655,7228,561720,14203.76,Storefront
SI-0013377,S-006655,5403,722513,36792.16,Storefront
SI-0013378,S-006656,7228,238320,29649.64,Crew
SI-0013379,S-006656,8810,561720,65732.54,Truck
SI-0013380,S-006657,7228,722513,27284.07,Crew
SI-0013381,S-006657,8810,541612,10615.5,Truck
SI-0013382,S-006657,8397,238220,29348.79,Office
SI-0013383,S-006658,3724,561720,47033.21,Truck
SI-0013384,S-006658,5403,722513,26705.41,Office
SI-0013385,S-006658,5403,238220,15956.17,Office
SI-0013386,S-006659,3632,541612,7958.5,Warehouse
SI-0013387,S-006659,9082,722513,18514.66,Truck
SI-0013388,S-006660,9082,722513,36877.56,Equipment
SI-0013389,S-006661,9082,541511,68287.37,Crew
SI-0013390,S-006661,8810,722513,9102.35,Truck
SI-0013391,S-006661,9082,236115,18557.52,Office
SI-0013392,S-006662,7228,722513,14814.22,Storefront
SI-0013393,S-006662,9082,236115,41426.56,Storefront
SI-0013394,S-006662,5606,561720,45364.99,Warehouse
SI-0013395,S-006663,3632,238220,62448.48,Storefront
SI-0013396,S-006663,5606,484110,53461.06,Equipment
SI-0013397,S-006664,8397,722513,44904.83,Warehouse
SI-0013398,S-006664,8810,238220,32607.8,Storefront
SI-0013399,S-006664,8810,238220,34145.76,Truck
SI-0013400,S-006665,8810,238320,265434.57,Storefront
SI-0013401,S-006665,9082,238220,5688.74,Storefront
SI-0013402,S-006666,3632,484110,21272.77,Truck
SI-0013403,S-006666,7228,238320,21490.72,Storefront
SI-0013404,S-006666,9082,236115,4244.86,Storefront
SI-0013405,S-006667,5606,541612,25258.16,Equipment
SI-0013406,S-006668,8397,238320,36836.55,Office
SI-0013407,S-006669,9082,236115,21278.15,Office
SI-0013408,S-006669,9082,561720,36494.23,Storefront
SI-0013409,S-006669,3724,561720,26263.49,Truck
SI-0013410,S-006670,5606,238220,48639.54,Warehouse
SI-0013411,S-006671,3632,541511,54436.74,Warehouse
SI-0013412,S-006671,7228,238320,29172.23,Crew
SI-0013413,S-006671,3724,541511,70191.81,Warehouse
SI-0013414,S-006672,3632,236115,24238.69,Warehouse
SI-0013415,S-006672,7228,541511,25968.0,Office
SI-0013416,S-006672,8397,541612,64733.68,Equipment
SI-0013417,S-006673,7228,238320,28758.69,Crew
SI-0013418,S-006673,5606,561720,8428.04,Crew
SI-0013419,S-006674,8810,541612,116715.08,Storefront
SI-0013420,S-006674,3724,541612,17629.33,Office
SI-0013421,S-006674,5403,541612,84437.7,Storefront
SI-0013422,S-006675,3632,541511,109422.68,Warehouse
SI-0013423,S-006675,8397,238220,66557.35,Equipment
SI-0013424,S-006675,3632,722513,27014.35,Office
SI-0013425,S-006676,5606,238320,17224.19,Truck
SI-0013426,S-006676,3632,238320,55825.54,Office
SI-0013427,S-006677,5606,561720,46596.74,Equipment
SI-0013428,S-006677,5403,238220,15046.75,Warehouse
SI-0013429,S-006677,5403,238320,29676.27,Storefront
SI-0013430,S-006678,3724,541612,16786.17,Storefront
SI-0013431,S-006678,3632,561720,94093.89,Crew
SI-0013432,S-006678,5403,561720,159866.85,Equipment
SI-0013433,S-006679,8810,236115,62303.52,Office
SI-0013434,S-006680,7228,236115,28834.34,Office
SI-0013435,S-006681,7228,484110,30724.75,Crew
SI-0013436,S-006682,8810,541612,52089.05,Truck
SI-0013437,S-006682,5606,238320,21503.23,Office
SI-0013438,S-006682,8810,561720,49318.0,Equipment
SI-0013439,S-006683,3724,561720,17178.59,Crew
SI-0013440,S-006683,5606,722513,38872.49,Equipment
SI-0013441,S-006683,3724,238220,61712.5,Warehouse
SI-0013442,S-006684,8810,238220,20725.43,Equipment
SI-0013443,S-006685,3724,722513,28613.89,Truck
SI-0013444,S-006685,8810,561720,44734.79,Crew
SI-0013445,S-006686,8397,541612,35063.16,Truck
SI-0013446,S-006686,7228,238220,87854.25,Storefront
SI-0013447,S-006687,5403,561720,11200.62,Truck
SI-0013448,S-006687,3724,238220,16169.29,Storefront
SI-0013449,S-006688,3632,238220,13345.6,Storefront
SI-0013450,S-006688,5606,484110,21927.03,Storefront
SI-0013451,S-006689,5403,238320,19463.38,Office
SI-0013452,S-006689,7228,541612,8663.36,Office
SI-0013453,S-006689,7228,541612,34498.04,Equipment
SI-0013454,S-006690,3632,561720,7095.94,Storefront
SI-0013455,S-006690,9082,236115,19378.11,Truck
SI-0013456,S-006691,8397,561720,64536.5,Crew
SI-0013457,S-006691,9082,236115,19949.7,Office
SI-0013458,S-006691,3724,236115,12345.83,Warehouse
SI-0013459,S-006692,5606,236115,24418.65,Warehouse
SI-0013460,S-006692,5403,541612,21994.35,Office
SI-0013461,S-006692,8397,238220,8108.84,Equipment
SI-0013462,S-006693,5403,484110,47453.91,Storefront
SI-0013463,S-006693,8397,541612,45568.29,Storefront
SI-0013464,S-006694,3632,541612,22870.33,Storefront
SI-0013465,S-006694,3724,238220,63710.61,Warehouse
SI-0013466,S-006694,3632,238220,69482.53,Office
SI-0013467,S-006695,8397,484110,20656.61,Equipment
SI-0013468,S-006695,5403,541511,23696.63,Warehouse
SI-0013469,S-006696,5403,484110,27410.62,Storefront
SI-0013470,S-006696,3724,236115,96022.4,Truck
SI-0013471,S-006696,3724,541612,30821.99,Warehouse
SI-0013472,S-006697,9082,236115,88237.03,Warehouse
SI-0013473,S-006697,3632,484110,14198.22,Truck
SI-0013474,S-006697,3724,722513,32278.84,Warehouse
SI-0013475,S-006698,8810,722513,31440.65,Office
SI-0013476,S-006699,3632,238220,95908.75,Warehouse
SI-0013477,S-006699,8810,236115,51073.48,Truck
SI-0013478,S-006700,3724,561720,42157.03,Storefront
SI-0013479,S-006701,5606,541511,17655.43,Truck
SI-0013480,S-006702,3724,561720,91230.78,Equipment
SI-0013481,S-006702,9082,561720,31681.85,Crew
SI-0013482,S-006703,9082,238220,22198.8,Office
SI-0013483,S-006703,9082,541612,68959.59,Truck
SI-0013484,S-006703,5606,484110,92997.74,Truck
SI-0013485,S-006704,5606,541511,45082.35,Warehouse
SI-0013486,S-006705,7228,484110,21055.48,Storefront
SI-0013487,S-006705,3632,238220,14101.73,Storefront
SI-0013488,S-006706,7228,541511,35252.93,Equipment
SI-0013489,S-006706,3724,722513,38499.37,Crew
SI-0013490,S-006707,5403,541612,50626.28,Equipment
SI-0013491,S-006707,7228,238320,19944.43,Warehouse
SI-0013492,S-006708,5606,541612,7382.69,Equipment
SI-0013493,S-006708,3632,238320,38109.91,Warehouse
SI-0013494,S-006709,9082,238320,33382.35,Warehouse
SI-0013495,S-006710,7228,238220,40534.64,Equipment
SI-0013496,S-006710,7228,561720,13050.16,Office
SI-0013497,S-006710,8397,238220,35732.2,Equipment
SI-0013498,S-006711,8810,541511,23062.98,Warehouse
SI-0013499,S-006712,5606,561720,42565.52,Storefront
SI-0013500,S-006713,7228,541511,26445.24,Storefront
SI-0013501,S-006714,3632,541511,24326.18,Equipment
SI-0013502,S-006715,5403,561720,8028.89,Office
SI-0013503,S-006715,5606,238320,18499.44,Truck
SI-0013504,S-006716,3632,236115,19850.67,Equipment
SI-0013505,S-006716,5606,561720,56404.15,Crew
SI-0013506,S-006716,8810,484110,33983.31,Equipment
SI-0013507,S-006717,8810,238220,86129.74,Office
SI-0013508,S-006718,5606,561720,70173.1,Warehouse
SI-0013509,S-006719,3724,561720,94148.58,Office
SI-0013510,S-006719,3632,541612,58622.13,Office
SI-0013511,S-006719,5403,541511,8872.68,Truck
SI-0013512,S-006720,3632,238220,23434.13,Crew
SI-0013513,S-006720,7228,541511,15407.23,Storefront
SI-0013514,S-006721,5606,722513,24497.05,Truck
SI-0013515,S-006721,9082,561720,23418.17,Truck
SI-0013516,S-006721,9082,541612,10142.26,Storefront
SI-0013517,S-006722,8397,541612,87534.62,Office
SI-0013518,S-006722,8810,236115,46470.75,Office
SI-0013519,S-006723,3632,236115,22367.25,Crew
SI-0013520,S-006724,7228,722513,4036.33,Equipment
SI-0013521,S-006725,5403,236115,32921.82,Office
SI-0013522,S-006725,3724,541511,36662.07,Truck
SI-0013523,S-006725,8810,484110,35657.93,Storefront
SI-0013524,S-006726,3724,236115,23878.47,Office
SI-0013525,S-006727,9082,541511,36301.22,Storefront
SI-0013526,S-006727,8397,722513,38138.07,Storefront
SI-0013527,S-006727,5403,238320,14133.96,Equipment
SI-0013528,S-006728,5606,722513,33260.15,Equipment
SI-0013529,S-006729,8397,541511,20460.45,Equipment
SI-0013530,S-006729,3632,238320,22439.15,Truck
SI-0013531,S-006729,7228,238220,95671.04,Warehouse
SI-0013532,S-006730,7228,238320,12887.95,Crew
SI-0013533,S-006731,3724,238220,32090.3,Crew
SI-0013534,S-006731,5606,238320,31751.65,Crew
SI-0013535,S-006732,5606,484110,22993.83,Crew
SI-0013536,S-006732,5606,484110,16921.05,Truck
SI-0013537,S-006733,7228,236115,19468.56,Equipment
SI-0013538,S-006733,7228,541511,41977.15,Warehouse
SI-0013539,S-006734,5403,561720,13789.18,Warehouse
SI-0013540,S-006734,5403,541511,12351.88,Warehouse
SI-0013541,S-006734,7228,561720,40398.87,Warehouse
SI-0013542,S-006735,3632,541612,30063.08,Warehouse
SI-0013543,S-006735,5606,722513,22750.81,Equipment
SI-0013544,S-006736,5606,541612,81622.46,Storefront
SI-0013545,S-006737,3724,541612,13720.02,Equipment
SI-0013546,S-006738,7228,541511,20116.41,Equipment
SI-0013547,S-006738,8397,484110,22948.1,Office
SI-0013548,S-006738,5403,561720,7465.83,Equipment
SI-0013549,S-006739,7228,236115,56160.95,Truck
SI-0013550,S-006739,8397,484110,25529.06,Truck
SI-0013551,S-006739,8397,236115,15845.66,Storefront
SI-0013552,S-006740,5606,561720,61264.87,Warehouse
SI-0013553,S-006740,7228,541511,49082.03,Crew
SI-0013554,S-006741,8397,238320,43694.45,Crew
SI-0013555,S-006741,3724,236115,24753.66,Equipment
SI-0013556,S-006741,7228,238220,36502.91,Office
SI-0013557,S-006742,8397,238220,82845.82,Truck
SI-0013558,S-006742,3724,238220,17816.69,Warehouse
SI-0013559,S-006742,5403,238320,23709.86,Crew
SI-0013560,S-006743,8810,238320,12715.19,Warehouse
SI-0013561,S-006744,5403,484110,46508.22,Warehouse
SI-0013562,S-006745,3724,238220,64999.38,Equipment
SI-0013563,S-006746,3632,236115,71653.61,Warehouse
SI-0013564,S-006746,3632,236115,10318.77,Truck
SI-0013565,S-006747,3724,561720,9681.8,Crew
SI-0013566,S-006748,5403,722513,22213.19,Truck
SI-0013567,S-006749,8810,541612,48770.08,Crew
SI-0013568,S-006749,8810,722513,94328.87,Crew
SI-0013569,S-006750,8397,238220,33729.21,Truck
SI-0013570,S-006750,9082,722513,16296.54,Storefront
SI-0013571,S-006751,3632,484110,17826.22,Office
SI-0013572,S-006751,5606,561720,65227.5,Storefront
SI-0013573,S-006751,5403,238220,27071.22,Crew
SI-0013574,S-006752,5403,236115,16413.82,Equipment
SI-0013575,S-006753,8810,484110,124293.11,Truck
SI-0013576,S-006754,9082,722513,31416.22,Storefront
SI-0013577,S-006754,9082,236115,37895.96,Storefront
SI-0013578,S-006754,8397,541612,66581.16,Office
SI-0013579,S-006755,8397,238220,44677.07,Equipment
SI-0013580,S-006755,8397,541612,95671.42,Warehouse
SI-0013581,S-006756,5403,722513,73749.63,Crew
SI-0013582,S-006757,8810,541511,22538.99,Truck
SI-0013583,S-006757,5606,238220,18754.63,Crew
SI-0013584,S-006758,5403,541612,44678.47,Office
SI-0013585,S-006759,3632,236115,14456.33,Warehouse
SI-0013586,S-006759,3724,238220,40116.79,Storefront
SI-0013587,S-006760,7228,561720,52837.89,Warehouse
SI-0013588,S-006761,3724,238220,30477.07,Truck
SI-0013589,S-006762,5403,484110,10108.81,Truck
SI-0013590,S-006762,3632,238220,20014.54,Equipment
SI-0013591,S-006763,5403,541612,13871.33,Warehouse
SI-0013592,S-006764,9082,236115,11653.09,Storefront
SI-0013593,S-006764,3632,484110,51988.58,Office
SI-0013594,S-006764,8397,541612,10750.96,Storefront
SI-0013595,S-006765,7228,561720,52935.59,Warehouse
SI-0013596,S-006765,9082,484110,91828.14,Equipment
SI-0013597,S-006766,9082,541511,122939.88,Crew
SI-0013598,S-006767,9082,236115,36433.81,Truck
SI-0013599,S-006767,5606,238220,14637.46,Storefront
SI-0013600,S-006767,5606,236115,28638.38,Crew
SI-0013601,S-006768,5403,484110,28832.91,Office
SI-0013602,S-006768,8810,722513,29955.09,Warehouse
SI-0013603,S-006769,3632,541511,21739.28,Equipment
SI-0013604,S-006769,8810,484110,24897.37,Office
SI-0013605,S-006769,5403,561720,73553.38,Warehouse
SI-0013606,S-006770,3724,561720,188867.95,Crew
SI-0013607,S-006770,3632,484110,18113.63,Warehouse
SI-0013608,S-006770,8810,238220,37414.54,Office
SI-0013609,S-006771,3724,561720,53045.29,Warehouse
SI-0013610,S-006771,7228,722513,49593.65,Crew
SI-0013611,S-006772,8397,238320,31268.01,Storefront
SI-0013612,S-006772,8810,238220,36872.07,Warehouse
SI-0013613,S-006772,5606,561720,26333.35,Office
SI-0013614,S-006773,3632,236115,26358.33,Truck
SI-0013615,S-006774,7228,561720,27544.03,Equipment
SI-0013616,S-006774,3632,561720,44203.89,Warehouse
SI-0013617,S-006774,3632,541612,19641.45,Office
SI-0013618,S-006775,3724,238320,24979.74,Equipment
SI-0013619,S-006775,3724,484110,46977.05,Equipment
SI-0013620,S-006775,8810,236115,19015.74,Storefront
SI-0013621,S-006776,5606,236115,21664.74,Truck
SI-0013622,S-006776,7228,484110,19308.92,Equipment
SI-0013623,S-006776,5606,238320,108671.33,Equipment
SI-0013624,S-006777,5606,541511,26548.04,Storefront
SI-0013625,S-006777,3724,236115,107084.38,Warehouse
SI-0013626,S-006778,5403,238320,23891.8,Office
SI-0013627,S-006778,5403,484110,120117.2,Office
SI-0013628,S-006779,3632,236115,18792.31,Equipment
SI-0013629,S-006779,5606,561720,25351.76,Equipment
SI-0013630,S-006779,3632,722513,37102.26,Office
SI-0013631,S-006780,5606,238320,37480.85,Crew
SI-0013632,S-006780,5606,238320,40420.72,Warehouse
SI-0013633,S-006781,3724,236115,43559.33,Truck
SI-0013634,S-006781,8397,238320,25423.21,Warehouse
SI-0013635,S-006782,5606,561720,131296.44,Storefront
SI-0013636,S-006782,5606,722513,51673.44,Office
SI-0013637,S-006782,8397,236115,40878.34,Truck
SI-0013638,S-006783,5606,722513,12855.31,Equipment
SI-0013639,S-006783,8397,561720,61287.88,Storefront
SI-0013640,S-006784,5606,484110,48867.68,Storefront
SI-0013641,S-006785,3632,484110,50438.12,Equipment
SI-0013642,S-006785,7228,541612,45259.95,Office
SI-0013643,S-006786,5403,541612,11620.88,Equipment
SI-0013644,S-006787,3632,541511,18549.14,Storefront
SI-0013645,S-006788,8397,561720,44739.94,Warehouse
SI-0013646,S-006789,8810,561720,43175.75,Equipment
SI-0013647,S-006789,9082,238320,32012.3,Truck
SI-0013648,S-006790,8810,722513,52292.3,Equipment
SI-0013649,S-006791,3724,541511,128286.14,Equipment
SI-0013650,S-006791,5403,541612,43610.02,Crew
SI-0013651,S-006791,7228,238320,56291.91,Warehouse
SI-0013652,S-006792,7228,236115,54598.3,Truck
SI-0013653,S-006792,8810,722513,118402.21,Crew
SI-0013654,S-006793,5606,484110,66658.88,Crew
SI-0013655,S-006793,3724,541612,32654.34,Truck
SI-0013656,S-006794,3632,561720,31656.31,Storefront
SI-0013657,S-006794,7228,722513,101937.73,Equipment
SI-0013658,S-006795,5606,722513,6076.11,Crew
SI-0013659,S-006795,9082,238320,14245.14,Crew
SI-0013660,S-006796,3724,541612,24952.36,Office
SI-0013661,S-006797,3724,484110,15171.14,Truck
SI-0013662,S-006797,7228,236115,143130.08,Storefront
SI-0013663,S-006797,8810,238220,65947.14,Storefront
SI-0013664,S-006798,3632,722513,16531.89,Truck
SI-0013665,S-006798,3632,484110,23066.25,Truck
SI-0013666,S-006798,5403,238320,30777.36,Equipment
SI-0013667,S-006799,7228,722513,81385.07,Equipment
SI-0013668,S-006799,8810,238320,27098.46,Storefront
SI-0013669,S-006799,8397,238220,12079.93,Office
SI-0013670,S-006800,7228,541511,30112.38,Storefront
SI-0013671,S-006800,5606,236115,26493.19,Warehouse
SI-0013672,S-006801,3632,541511,66491.88,Warehouse
SI-0013673,S-006801,7228,541511,43582.14,Equipment
SI-0013674,S-006801,5606,722513,38268.92,Equipment
SI-0013675,S-006802,3632,722513,32576.62,Equipment
SI-0013676,S-006802,5403,722513,26785.22,Equipment
SI-0013677,S-006803,8397,541612,28428.93,Office
SI-0013678,S-006803,8397,236115,5695.89,Warehouse
SI-0013679,S-006804,8397,484110,33463.39,Office
SI-0013680,S-006805,5606,238320,4249.74,Truck
SI-0013681,S-006806,8810,561720,31650.22,Office
SI-0013682,S-006806,3724,541612,47682.17,Truck
SI-0013683,S-006806,8810,541612,16911.58,Storefront
SI-0013684,S-006807,3632,236115,33931.02,Truck
SI-0013685,S-006808,5403,561720,16838.95,Equipment
SI-0013686,S-006809,8397,561720,30837.7,Truck
SI-0013687,S-006809,9082,484110,34380.66,Equipment
SI-0013688,S-006809,5403,236115,37698.48,Equipment
SI-0013689,S-006810,3632,238220,28689.54,Office
SI-0013690,S-006811,8397,561720,25524.67,Crew
SI-0013691,S-006812,5606,238220,27203.69,Storefront
SI-0013692,S-006813,5403,541511,54470.05,Equipment
SI-0013693,S-006814,7228,238320,27812.28,Equipment
SI-0013694,S-006814,7228,238220,111942.17,Equipment
SI-0013695,S-006814,8810,484110,64852.46,Equipment
SI-0013696,S-006815,9082,484110,25754.06,Equipment
SI-0013697,S-006815,3632,541511,33654.44,Warehouse
SI-0013698,S-006816,9082,484110,18738.67,Truck
SI-0013699,S-006816,7228,561720,43427.4,Crew
SI-0013700,S-006817,8810,236115,50885.26,Truck
SI-0013701,S-006818,8397,561720,84742.1,Truck
SI-0013702,S-006818,3724,541612,15839.82,Warehouse
SI-0013703,S-006819,8810,541612,18754.81,Storefront
SI-0013704,S-006819,7228,541511,39669.9,Office
SI-0013705,S-006819,9082,722513,20399.08,Equipment
SI-0013706,S-006820,8810,236115,26339.65,Warehouse
SI-0013707,S-006820,8810,541511,22059.68,Warehouse
SI-0013708,S-006821,8397,238320,47184.79,Office
SI-0013709,S-006821,5403,541511,40732.63,Crew
SI-0013710,S-006822,5403,484110,21651.34,Truck
SI-0013711,S-006822,8397,238320,79967.62,Office
SI-0013712,S-006823,5403,238320,42501.21,Equipment
SI-0013713,S-006824,8810,238320,11102.65,Truck
SI-0013714,S-006825,9082,561720,89365.89,Warehouse
SI-0013715,S-006825,5403,541612,20408.45,Truck
SI-0013716,S-006825,8810,541612,19803.33,Office
SI-0013717,S-006826,5403,722513,101200.28,Warehouse
SI-0013718,S-006826,3632,238320,5349.17,Office
SI-0013719,S-006827,8810,541511,115639.89,Crew
SI-0013720,S-006827,7228,561720,14291.07,Crew
SI-0013721,S-006828,9082,484110,18926.0,Truck
SI-0013722,S-006828,5403,484110,44174.07,Warehouse
SI-0013723,S-006829,7228,722513,23408.6,Truck
SI-0013724,S-006830,9082,484110,43998.25,Equipment
SI-0013725,S-006831,3632,484110,23994.8,Storefront
SI-0013726,S-006831,8397,238220,49066.41,Crew
SI-0013727,S-006832,5606,722513,40057.72,Storefront
SI-0013728,S-006832,8810,541511,25591.01,Truck
SI-0013729,S-006833,5606,238220,80308.71,Office
SI-0013730,S-006833,9082,238320,44359.17,Crew
SI-0013731,S-006834,7228,561720,42071.44,Crew
SI-0013732,S-006834,5403,541511,17205.57,Crew
SI-0013733,S-006835,5403,722513,32950.3,Storefront
SI-0013734,S-006835,9082,238320,27997.67,Storefront
SI-0013735,S-006835,9082,238220,92010.61,Truck
SI-0013736,S-006836,8810,238320,40743.64,Storefront
SI-0013737,S-006837,5606,238220,27597.41,Office
SI-0013738,S-006838,3724,561720,60675.14,Crew
SI-0013739,S-006839,8397,561720,35187.67,Equipment
SI-0013740,S-006840,3632,541511,18484.11,Truck
SI-0013741,S-006840,5606,236115,16530.11,Storefront
SI-0013742,S-006840,5403,238320,30570.62,Truck
SI-0013743,S-006841,5403,541511,30797.96,Crew
SI-0013744,S-006841,8810,722513,17584.91,Crew
SI-0013745,S-006841,8397,722513,45729.6,Storefront
SI-0013746,S-006842,5403,238220,23354.73,Truck
SI-0013747,S-006843,7228,484110,70313.22,Crew
SI-0013748,S-006843,3724,238320,43511.12,Crew
SI-0013749,S-006844,3632,722513,37508.19,Crew
SI-0013750,S-006844,7228,238320,11174.35,Warehouse
SI-0013751,S-006845,3724,561720,17182.37,Crew
SI-0013752,S-006845,7228,238320,30613.1,Crew
SI-0013753,S-006845,5403,236115,36569.99,Warehouse
SI-0013754,S-006846,3632,541612,185218.61,Storefront
SI-0013755,S-006846,5403,722513,95634.07,Equipment
SI-0013756,S-006846,8810,541511,23344.66,Equipment
SI-0013757,S-006847,8397,484110,49068.29,Storefront
SI-0013758,S-006847,5606,541612,36191.2,Crew
SI-0013759,S-006848,8810,484110,57734.28,Truck
SI-0013760,S-006849,3632,541612,24993.61,Storefront
SI-0013761,S-006849,8810,484110,27127.61,Equipment
SI-0013762,S-006850,7228,238220,8216.31,Storefront
SI-0013763,S-006850,3724,722513,48559.89,Crew
SI-0013764,S-006850,5606,541511,70160.39,Storefront
SI-0013765,S-006851,9082,722513,18309.52,Crew
SI-0013766,S-006852,5606,238320,37569.2,Storefront
SI-0013767,S-006853,8810,541612,14277.02,Crew
SI-0013768,S-006853,5606,541612,36252.24,Storefront
SI-0013769,S-006854,7228,236115,32463.85,Storefront
SI-0013770,S-006854,3632,541612,32459.31,Crew
SI-0013771,S-006855,8810,541612,48205.76,Equipment
SI-0013772,S-006856,8810,541511,31305.28,Truck
SI-0013773,S-006857,5403,238220,6712.98,Storefront
SI-0013774,S-006857,3724,561720,36511.94,Truck
SI-0013775,S-006857,7228,238220,84117.24,Storefront
SI-0013776,S-006858,3632,236115,26491.92,Office
SI-0013777,S-006858,9082,541511,39282.46,Office
SI-0013778,S-006859,8810,561720,11923.89,Storefront
SI-0013779,S-006859,3724,236115,17119.48,Office
SI-0013780,S-006860,5403,541511,22837.35,Crew
SI-0013781,S-006860,8397,238320,66612.17,Crew
SI-0013782,S-006861,8397,541612,81449.29,Crew
SI-0013783,S-006862,9082,236115,22680.74,Equipment
SI-0013784,S-006862,3632,541612,17239.43,Equipment
SI-0013785,S-006863,8397,236115,29697.59,Crew
SI-0013786,S-006863,7228,722513,26444.51,Storefront
SI-0013787,S-006864,3724,236115,71111.42,Truck
SI-0013788,S-006865,8810,541511,66528.64,Equipment
SI-0013789,S-006866,5606,561720,88731.46,Crew
SI-0013790,S-006866,8810,541612,13056.55,Equipment
SI-0013791,S-006867,9082,722513,21445.47,Warehouse
SI-0013792,S-006868,3724,541511,24864.69,Warehouse
SI-0013793,S-006869,8810,561720,21493.76,Equipment
SI-0013794,S-006870,3632,541511,15813.38,Office
SI-0013795,S-006871,3724,238220,27056.54,Office
SI-0013796,S-006871,5606,236115,62343.47,Warehouse
SI-0013797,S-006871,8397,238220,32799.25,Equipment
SI-0013798,S-006872,5606,484110,97340.05,Crew
SI-0013799,S-006873,5606,484110,39450.23,Warehouse
SI-0013800,S-006874,7228,238320,17479.06,Warehouse
SI-0013801,S-006874,3724,541511,39516.39,Equipment
SI-0013802,S-006874,8810,238320,14906.74,Warehouse
SI-0013803,S-006875,3632,541511,201817.62,Storefront
SI-0013804,S-006875,5606,541511,37995.33,Crew
SI-0013805,S-006875,5403,238220,13718.52,Warehouse
SI-0013806,S-006876,3724,238320,23910.68,Warehouse
SI-0013807,S-006876,7228,541612,69165.36,Warehouse
SI-0013808,S-006876,7228,541612,55256.68,Crew
SI-0013809,S-006877,7228,484110,28076.66,Truck
SI-0013810,S-006878,5606,238220,37812.99,Truck
SI-0013811,S-006878,3724,541612,53729.28,Equipment
SI-0013812,S-006879,3632,484110,24209.85,Equipment
SI-0013813,S-006880,8397,238320,51654.36,Warehouse
SI-0013814,S-006880,3632,236115,6531.34,Storefront
SI-0013815,S-006881,3632,484110,23756.85,Storefront
SI-0013816,S-006881,9082,238320,40554.86,Crew
SI-0013817,S-006882,5403,484110,21163.62,Warehouse
SI-0013818,S-006883,5403,238220,10894.22,Equipment
SI-0013819,S-006884,3632,484110,31049.95,Office
SI-0013820,S-006885,9082,722513,32620.47,Crew
SI-0013821,S-006885,3724,484110,38345.81,Equipment
SI-0013822,S-006885,3632,561720,42979.67,Warehouse
SI-0013823,S-006886,8397,238320,31232.8,Crew
SI-0013824,S-006887,5606,722513,5541.57,Storefront
SI-0013825,S-006887,5403,541511,8607.46,Truck
SI-0013826,S-006888,3632,238220,34865.71,Crew
SI-0013827,S-006888,3632,561720,36377.42,Office
SI-0013828,S-006888,5403,238320,72365.54,Equipment
SI-0013829,S-006889,5606,238220,24699.09,Equipment
SI-0013830,S-006890,3724,561720,12032.63,Truck
SI-0013831,S-006890,7228,238320,48154.86,Crew
SI-0013832,S-006890,8397,541612,6769.72,Office
SI-0013833,S-006891,5403,541612,54500.62,Office
SI-0013834,S-006891,9082,238220,38239.3,Truck
SI-0013835,S-006891,7228,236115,80009.96,Warehouse
SI-0013836,S-006892,7228,238320,16625.67,Crew
SI-0013837,S-006893,8397,484110,13442.71,Equipment
SI-0013838,S-006893,3632,236115,27235.0,Crew
SI-0013839,S-006894,3724,541511,28825.47,Equipment
SI-0013840,S-006894,7228,541612,36769.51,Truck
SI-0013841,S-006895,9082,236115,12189.92,Office
SI-0013842,S-006895,5403,238220,22384.04,Equipment
SI-0013843,S-006896,8810,238320,26990.54,Office
SI-0013844,S-006896,7228,238220,107970.07,Equipment
SI-0013845,S-006897,9082,541612,17661.37,Warehouse
SI-0013846,S-006897,5403,722513,10450.15,Office
SI-0013847,S-006898,8810,484110,9442.99,Equipment
SI-0013848,S-006899,8397,484110,61291.7,Equipment
SI-0013849,S-006899,7228,561720,66661.15,Warehouse
SI-0013850,S-006900,5403,722513,62423.87,Truck
SI-0013851,S-006900,8397,561720,76606.69,Crew
SI-0013852,S-006901,3632,561720,47401.95,Equipment
SI-0013853,S-006901,8397,561720,102166.88,Crew
SI-0013854,S-006902,8397,484110,17967.84,Warehouse
SI-0013855,S-006903,5606,238220,28295.81,Truck
SI-0013856,S-006903,7228,722513,33279.33,Office
SI-0013857,S-006904,3632,722513,35596.27,Crew
SI-0013858,S-006904,3632,561720,54438.05,Equipment
SI-0013859,S-006904,8810,541511,39304.17,Equipment
SI-0013860,S-006905,8810,238320,33938.69,Office
SI-0013861,S-006905,8810,722513,7279.34,Truck
SI-0013862,S-006905,7228,722513,48797.98,Equipment
SI-0013863,S-006906,3632,238220,39808.97,Warehouse
SI-0013864,S-006907,9082,541612,65192.1,Storefront
SI-0013865,S-006907,8810,561720,19063.67,Office
SI-0013866,S-006907,3632,541612,40662.05,Office
SI-0013867,S-006908,8397,238220,115772.05,Warehouse
SI-0013868,S-006908,9082,238220,20745.89,Office
SI-0013869,S-006908,7228,561720,69594.44,Warehouse
SI-0013870,S-006909,8810,238320,52888.31,Equipment
SI-0013871,S-006910,5403,236115,28524.67,Truck
SI-0013872,S-006910,9082,541612,15619.41,Warehouse
SI-0013873,S-006910,9082,484110,24056.06,Warehouse
SI-0013874,S-006911,9082,541511,181199.33,Office
SI-0013875,S-006912,5606,541612,80171.88,Warehouse
SI-0013876,S-006913,7228,238220,14824.19,Warehouse
SI-0013877,S-006914,3632,236115,68938.31,Office
SI-0013878,S-006914,8810,541511,44958.35,Crew
SI-0013879,S-006914,3632,561720,42425.14,Office
SI-0013880,S-006915,3632,561720,37421.11,Equipment
SI-0013881,S-006915,3632,541511,12549.98,Office
SI-0013882,S-006915,3724,722513,29569.19,Crew
SI-0013883,S-006916,3632,541511,10232.93,Crew
SI-0013884,S-006917,3724,484110,65545.43,Warehouse
SI-0013885,S-006917,5403,236115,50107.01,Storefront
SI-0013886,S-006917,7228,238320,13109.52,Crew
SI-0013887,S-006918,8810,238220,33745.19,Warehouse
SI-0013888,S-006918,3724,722513,15858.29,Storefront
SI-0013889,S-006919,8810,236115,16879.84,Warehouse
SI-0013890,S-006919,7228,236115,28053.65,Warehouse
SI-0013891,S-006920,3632,561720,75592.4,Equipment
SI-0013892,S-006921,3632,238320,14861.08,Truck
SI-0013893,S-006921,5606,561720,12827.71,Warehouse
SI-0013894,S-006922,5606,238220,21799.38,Equipment
SI-0013895,S-006923,7228,238220,20882.23,Equipment
SI-0013896,S-006923,8810,238320,31790.54,Office
SI-0013897,S-006924,5606,561720,23370.16,Equipment
SI-0013898,S-006924,8810,238320,13916.96,Truck
SI-0013899,S-006925,5403,236115,149921.62,Equipment
SI-0013900,S-006925,9082,238320,80614.25,Equipment
SI-0013901,S-006926,5606,561720,35417.48,Warehouse
SI-0013902,S-006926,8397,236115,27996.19,Storefront
SI-0013903,S-006926,5606,484110,18520.83,Crew
SI-0013904,S-006927,5403,238320,14744.91,Office
SI-0013905,S-006928,8397,484110,63054.03,Truck
SI-0013906,S-006928,5606,541511,8802.64,Equipment
SI-0013907,S-006929,5403,484110,30702.43,Storefront
SI-0013908,S-006929,7228,561720,61374.01,Warehouse
SI-0013909,S-006929,5403,238220,52121.65,Crew
SI-0013910,S-006930,3724,484110,10361.11,Crew
SI-0013911,S-006931,9082,541612,51631.58,Crew
SI-0013912,S-006931,9082,238220,24701.57,Crew
SI-0013913,S-006931,8810,236115,67095.51,Storefront
SI-0013914,S-006932,8397,541511,27515.19,Crew
SI-0013915,S-006932,8397,238320,18183.36,Crew
SI-0013916,S-006933,3632,722513,61257.9,Truck
SI-0013917,S-006933,8810,236115,275558.97,Warehouse
SI-0013918,S-006934,8810,236115,20526.15,Office
SI-0013919,S-006934,5403,541612,50219.15,Office
SI-0013920,S-006934,3724,541511,143102.48,Storefront
SI-0013921,S-006935,9082,236115,27856.27,Crew
SI-0013922,S-006936,3632,541612,71266.43,Equipment
SI-0013923,S-006937,8397,238220,4424.96,Crew
SI-0013924,S-006938,9082,541612,58306.46,Storefront
SI-0013925,S-006939,5606,561720,15849.73,Crew
SI-0013926,S-006939,5403,541612,11226.43,Truck
SI-0013927,S-006939,7228,541511,61720.64,Crew
SI-0013928,S-006940,5403,541511,21349.09,Crew
SI-0013929,S-006941,3632,541612,38052.38,Warehouse
SI-0013930,S-006942,3632,722513,25864.53,Truck
SI-0013931,S-006942,8810,484110,9076.18,Warehouse
SI-0013932,S-006943,8397,541612,50726.32,Equipment
SI-0013933,S-006943,9082,238220,71542.65,Warehouse
SI-0013934,S-006944,3632,484110,32260.89,Office
SI-0013935,S-006944,8397,541612,29465.32,Warehouse
SI-0013936,S-006944,3632,236115,18479.13,Equipment
SI-0013937,S-006945,9082,238220,131259.01,Storefront
SI-0013938,S-006945,9082,561720,105527.44,Office
SI-0013939,S-006945,5403,238320,77963.37,Truck
SI-0013940,S-006946,5606,238220,26042.77,Storefront
SI-0013941,S-006946,9082,561720,55337.16,Storefront
SI-0013942,S-006947,5403,236115,55789.72,Truck
SI-0013943,S-006948,5606,238220,21960.91,Crew
SI-0013944,S-006948,7228,238320,6701.6,Office
SI-0013945,S-006949,3724,484110,57332.29,Truck
SI-0013946,S-006950,9082,722513,55809.48,Warehouse
SI-0013947,S-006950,8397,561720,28494.35,Crew
SI-0013948,S-006951,7228,722513,106184.38,Crew
SI-0013949,S-006951,8397,236115,45535.66,Crew
SI-0013950,S-006951,3632,722513,15851.63,Office
SI-0013951,S-006952,8397,238320,55438.49,Crew
SI-0013952,S-006952,3724,238320,87909.73,Equipment
SI-0013953,S-006953,9082,236115,15514.9,Equipment
SI-0013954,S-006953,8397,722513,10471.28,Storefront
SI-0013955,S-006954,5606,541511,8802.13,Warehouse
SI-0013956,S-006954,8397,722513,17474.77,Crew
SI-0013957,S-006955,3632,561720,25278.43,Office
SI-0013958,S-006955,8397,541612,26564.55,Office
SI-0013959,S-006955,8810,541612,90503.46,Storefront
SI-0013960,S-006956,5606,238320,46477.23,Crew
SI-0013961,S-006957,3632,541612,23028.18,Warehouse
SI-0013962,S-006957,3724,722513,110796.08,Crew
SI-0013963,S-006958,8810,722513,38497.24,Equipment
SI-0013964,S-006958,3632,238320,14781.68,Storefront
SI-0013965,S-006958,5606,722513,59925.89,Crew
SI-0013966,S-006959,5403,561720,31408.59,Warehouse
SI-0013967,S-006959,3724,722513,44916.17,Truck
SI-0013968,S-006959,5403,722513,12159.76,Crew
SI-0013969,S-006960,8397,561720,14740.68,Equipment
SI-0013970,S-006961,3724,722513,22026.35,Truck
SI-0013971,S-006961,7228,484110,114505.27,Office
SI-0013972,S-006962,9082,541612,13508.58,Crew
SI-0013973,S-006962,5403,238320,53014.72,Crew
SI-0013974,S-006963,7228,541511,37709.95,Storefront
SI-0013975,S-006964,8397,238320,33070.02,Office
SI-0013976,S-006964,8397,722513,11715.85,Crew
SI-0013977,S-006965,7228,484110,101557.71,Truck
SI-0013978,S-006965,9082,541612,12377.3,Truck
SI-0013979,S-006966,3724,236115,63934.53,Office
SI-0013980,S-006966,7228,238220,104794.92,Equipment
SI-0013981,S-006967,5403,722513,67551.87,Warehouse
SI-0013982,S-006968,5403,238220,25406.3,Truck
SI-0013983,S-006968,9082,484110,31002.24,Warehouse
SI-0013984,S-006969,3632,541511,14843.71,Equipment
SI-0013985,S-006970,7228,238220,51723.29,Storefront
SI-0013986,S-006970,9082,561720,40018.31,Truck
SI-0013987,S-006970,9082,236115,50137.53,Truck
SI-0013988,S-006971,8397,236115,142990.14,Crew
SI-0013989,S-006972,7228,541612,29701.83,Equipment
SI-0013990,S-006972,8810,236115,60482.8,Equipment
SI-0013991,S-006973,8810,541612,50478.34,Crew
SI-0013992,S-006974,9082,484110,15037.09,Truck
SI-0013993,S-006975,8810,561720,72077.91,Storefront
SI-0013994,S-006976,8810,484110,36926.65,Storefront
SI-0013995,S-006977,3632,484110,28461.35,Warehouse
SI-0013996,S-006978,9082,484110,27549.72,Truck
SI-0013997,S-006979,3724,722513,305470.52,Office
SI-0013998,S-006979,8810,541511,29625.38,Storefront
SI-0013999,S-006980,8810,238220,32724.55,Truck
SI-0014000,S-006980,8810,484110,31706.49,Crew
SI-0014001,S-006980,7228,236115,147600.02,Equipment
SI-0014002,S-006981,8397,238220,13315.2,Warehouse
SI-0014003,S-006981,3632,561720,10879.71,Warehouse
SI-0014004,S-006981,8810,484110,43926.58,Office
SI-0014005,S-006982,3632,238220,62587.52,Crew
SI-0014006,S-006982,8810,236115,23290.61,Warehouse
SI-0014007,S-006982,5403,236115,106916.41,Crew
SI-0014008,S-006983,9082,561720,44472.63,Crew
SI-0014009,S-006983,8397,484110,31561.53,Office
SI-0014010,S-006983,5606,722513,43776.59,Equipment
SI-0014011,S-006984,8810,541612,167824.93,Equipment
SI-0014012,S-006985,7228,484110,8871.21,Crew
SI-0014013,S-006985,5606,238320,26866.39,Crew
SI-0014014,S-006986,8397,484110,120919.05,Warehouse
SI-0014015,S-006986,8397,238220,58096.66,Warehouse
SI-0014016,S-006986,5403,541511,11377.33,Storefront
SI-0014017,S-006987,7228,561720,10957.97,Warehouse
SI-0014018,S-006987,3724,238220,14030.81,Warehouse
SI-0014019,S-006988,7228,541612,109938.31,Equipment
SI-0014020,S-006988,8810,238320,39617.24,Crew
SI-0014021,S-006988,8397,236115,11062.03,Warehouse
SI-0014022,S-006989,8810,484110,109994.42,Truck
SI-0014023,S-006989,7228,238220,80362.88,Crew
SI-0014024,S-006990,9082,722513,38651.33,Warehouse
SI-0014025,S-006990,5606,238320,28154.02,Storefront
SI-0014026,S-006990,3724,561720,43376.03,Office
SI-0014027,S-006991,3632,238320,30772.89,Storefront
SI-0014028,S-006992,3724,236115,64458.64,Warehouse
SI-0014029,S-006993,3632,236115,38131.26,Crew
SI-0014030,S-006994,5403,561720,8526.21,Truck
SI-0014031,S-006995,3632,484110,55680.89,Equipment
SI-0014032,S-006995,8397,722513,41824.92,Office
SI-0014033,S-006995,7228,484110,15888.34,Crew
SI-0014034,S-006996,7228,238220,63193.92,Truck
SI-0014035,S-006997,9082,561720,42269.81,Storefront
SI-0014036,S-006998,3724,238220,131922.32,Truck
SI-0014037,S-006998,3724,722513,5944.06,Warehouse
SI-0014038,S-006998,3724,541612,45685.17,Warehouse
SI-0014039,S-006999,5403,541612,27969.81,Warehouse
SI-0014040,S-007000,5403,561720,21265.5,Equipment
SI-0014041,S-007000,5606,541612,43905.26,Equipment
SI-0014042,S-007001,9082,561720,24281.57,Warehouse
SI-0014043,S-007001,3724,238220,67944.84,Office
SI-0014044,S-007002,3632,722513,17025.73,Storefront
SI-0014045,S-007002,5606,722513,19988.72,Storefront
SI-0014046,S-007003,9082,238220,26480.62,Crew
SI-0014047,S-007003,3632,238220,14700.49,Truck
SI-0014048,S-007004,8810,541511,60969.47,Truck
SI-0014049,S-007005,3632,484110,39019.14,Truck
SI-0014050,S-007005,3632,541511,44770.94,Equipment
SI-0014051,S-007006,5606,541612,106496.34,Warehouse
SI-0014052,S-007006,5403,722513,74313.16,Storefront
SI-0014053,S-007006,3724,541511,21397.38,Warehouse
SI-0014054,S-007007,3632,722513,53381.82,Equipment
SI-0014055,S-007008,7228,238320,19484.39,Warehouse
SI-0014056,S-007008,3632,541511,58096.83,Storefront
SI-0014057,S-007008,8810,541612,37644.69,Office
SI-0014058,S-007009,8397,541612,19239.91,Equipment
SI-0014059,S-007010,3724,484110,15318.52,Office
SI-0014060,S-007010,3724,484110,38174.92,Crew
SI-0014061,S-007011,3724,238320,80351.16,Storefront
SI-0014062,S-007011,5606,238220,75369.86,Office
SI-0014063,S-007012,5606,236115,53799.99,Equipment
SI-0014064,S-007012,3632,238320,19333.24,Warehouse
SI-0014065,S-007013,8810,541612,57546.1,Truck
SI-0014066,S-007013,5403,484110,29030.6,Office
SI-0014067,S-007013,3724,236115,47143.06,Crew
SI-0014068,S-007014,7228,541511,88528.74,Warehouse
SI-0014069,S-007014,9082,484110,35016.54,Warehouse
SI-0014070,S-007014,9082,484110,15059.75,Office
SI-0014071,S-007015,3724,541511,71188.69,Office
SI-0014072,S-007015,3724,484110,31927.84,Office
SI-0014073,S-007015,7228,236115,32304.87,Warehouse
SI-0014074,S-007016,5403,238320,37374.68,Office
SI-0014075,S-007016,9082,541511,32855.61,Warehouse
SI-0014076,S-007016,9082,541612,76216.16,Truck
SI-0014077,S-007017,3724,561720,51049.41,Equipment
SI-0014078,S-007017,9082,541612,34566.98,Equipment
SI-0014079,S-007017,5403,722513,60364.35,Storefront
SI-0014080,S-007018,8397,484110,15247.04,Crew
SI-0014081,S-007018,8397,484110,16867.76,Warehouse
SI-0014082,S-007019,8397,484110,10305.61,Warehouse
SI-0014083,S-007019,9082,722513,12430.46,Equipment
SI-0014084,S-007019,3724,236115,35912.8,Crew
SI-0014085,S-007020,8810,722513,20144.03,Office
SI-0014086,S-007021,9082,236115,42137.05,Crew
SI-0014087,S-007022,8397,238320,30421.79,Storefront
SI-0014088,S-007023,5606,541612,57512.55,Warehouse
SI-0014089,S-007023,8810,238320,40916.09,Equipment
SI-0014090,S-007023,9082,484110,48100.56,Office
SI-0014091,S-007024,9082,541511,44265.38,Equipment
SI-0014092,S-007024,8397,484110,84380.97,Crew
SI-0014093,S-007025,8397,484110,41233.98,Truck
SI-0014094,S-007026,3724,561720,55003.65,Warehouse
SI-0014095,S-007027,5403,541511,36971.67,Equipment
SI-0014096,S-007027,9082,541612,37453.16,Equipment
SI-0014097,S-007028,9082,238320,47433.35,Truck
SI-0014098,S-007028,5403,236115,18411.38,Truck
SI-0014099,S-007028,3632,722513,39709.33,Truck
SI-0014100,S-007029,5403,484110,18549.23,Storefront
SI-0014101,S-007029,5403,541612,40511.35,Warehouse
SI-0014102,S-007030,5606,236115,32074.43,Storefront
SI-0014103,S-007030,7228,238320,58369.82,Storefront
SI-0014104,S-007031,5606,238320,98059.67,Office
SI-0014105,S-007031,5606,561720,36082.6,Equipment
SI-0014106,S-007031,3724,484110,23995.34,Truck
SI-0014107,S-007032,7228,561720,11416.91,Equipment
SI-0014108,S-007033,5403,722513,40815.9,Crew
SI-0014109,S-007034,3724,541511,59914.42,Equipment
SI-0014110,S-007034,7228,561720,14952.16,Office
SI-0014111,S-007034,3724,484110,100805.54,Office
SI-0014112,S-007035,8397,541511,28355.97,Crew
SI-0014113,S-007035,9082,236115,36088.67,Crew
SI-0014114,S-007036,5403,238320,11838.89,Storefront
SI-0014115,S-007036,5403,541511,23851.41,Truck
SI-0014116,S-007037,8397,722513,9267.33,Truck
SI-0014117,S-007037,8810,236115,14500.69,Office
SI-0014118,S-007038,7228,722513,14716.64,Warehouse
SI-0014119,S-007038,9082,238220,51272.54,Crew
SI-0014120,S-007038,8397,236115,13358.36,Warehouse
SI-0014121,S-007039,8810,238320,229364.38,Warehouse
SI-0014122,S-007039,8810,238220,119191.57,Crew
SI-0014123,S-007039,8810,236115,37762.07,Office
SI-0014124,S-007040,8810,236115,60869.1,Office
SI-0014125,S-007040,7228,541612,23164.11,Equipment
SI-0014126,S-007041,3724,236115,30474.9,Truck
SI-0014127,S-007042,9082,561720,93123.95,Office
SI-0014128,S-007043,3724,484110,61475.65,Warehouse
SI-0014129,S-007043,5606,541511,46775.96,Warehouse
SI-0014130,S-007044,7228,238320,30750.52,Truck
SI-0014131,S-007045,5606,238220,58135.57,Equipment
SI-0014132,S-007045,5606,238320,33125.48,Storefront
SI-0014133,S-007046,8810,541511,35759.3,Crew
SI-0014134,S-007047,7228,722513,15007.57,Crew
SI-0014135,S-007047,8810,722513,92678.53,Equipment
SI-0014136,S-007048,7228,238320,27170.56,Crew
SI-0014137,S-007048,9082,236115,19576.89,Office
SI-0014138,S-007049,5403,722513,41933.56,Equipment
SI-0014139,S-007049,7228,236115,37039.3,Storefront
SI-0014140,S-007050,7228,722513,39964.2,Truck
SI-0014141,S-007050,5606,484110,47709.48,Truck
SI-0014142,S-007050,8397,238220,27963.43,Storefront
SI-0014143,S-007051,8397,236115,39061.02,Truck
SI-0014144,S-007052,3632,238320,48352.72,Truck
SI-0014145,S-007052,3632,561720,77211.21,Storefront
SI-0014146,S-007052,5606,541511,12345.05,Storefront
SI-0014147,S-007053,8397,541511,36696.13,Crew
SI-0014148,S-007054,5606,541511,39952.8,Warehouse
SI-0014149,S-007054,9082,722513,43004.76,Truck
SI-0014150,S-007054,7228,238320,9689.04,Office
SI-0014151,S-007055,5403,238320,35748.48,Warehouse
SI-0014152,S-007055,7228,722513,21697.84,Office
SI-0014153,S-007055,5403,236115,23649.7,Crew
SI-0014154,S-007056,8810,236115,20379.46,Office
SI-0014155,S-007057,3724,541612,32427.4,Crew
SI-0014156,S-007058,9082,238220,31060.63,Storefront
SI-0014157,S-007058,7228,238220,18570.04,Equipment
SI-0014158,S-007058,9082,541612,33370.34,Truck
SI-0014159,S-007059,9082,238220,21004.16,Truck
SI-0014160,S-007059,5606,561720,25770.36,Crew
SI-0014161,S-007060,5403,541612,48081.59,Truck
SI-0014162,S-007061,5606,484110,16625.21,Storefront
SI-0014163,S-007061,9082,541612,16000.23,Equipment
SI-0014164,S-007061,5606,238220,22642.58,Warehouse
SI-0014165,S-007062,3724,541511,42267.61,Truck
SI-0014166,S-007063,8397,236115,20520.18,Truck
SI-0014167,S-007063,5606,236115,28676.21,Equipment
SI-0014168,S-007063,7228,238320,29954.7,Warehouse
SI-0014169,S-007064,7228,238220,30807.5,Storefront
SI-0014170,S-007064,5606,238220,18308.14,Storefront
SI-0014171,S-007064,5403,484110,10887.94,Office
SI-0014172,S-007065,8810,561720,20675.25,Office
SI-0014173,S-007066,8397,238320,32095.88,Equipment
SI-0014174,S-007067,3724,541612,71810.69,Truck
SI-0014175,S-007067,8810,238320,150101.58,Crew
SI-0014176,S-007068,8810,541612,77398.64,Warehouse
SI-0014177,S-007068,3632,541511,28192.03,Crew
SI-0014178,S-007069,5606,484110,42759.41,Warehouse
SI-0014179,S-007069,8810,541612,10244.69,Office
SI-0014180,S-007069,9082,722513,23057.56,Equipment
SI-0014181,S-007070,5403,236115,57984.78,Office
SI-0014182,S-007070,8397,238220,28295.58,Truck
SI-0014183,S-007071,9082,541511,23155.51,Truck
SI-0014184,S-007072,8397,541612,21621.59,Warehouse
SI-0014185,S-007072,5606,541511,21566.81,Crew
SI-0014186,S-007073,5606,236115,85006.13,Crew
SI-0014187,S-007073,5606,236115,41646.78,Warehouse
SI-0014188,S-007073,8397,541612,12461.04,Truck
SI-0014189,S-007074,9082,541511,51380.54,Truck
SI-0014190,S-007074,3724,722513,83388.35,Truck
SI-0014191,S-007075,5606,238220,26983.08,Truck
SI-0014192,S-007075,8397,541511,31376.83,Storefront
SI-0014193,S-007075,8810,484110,40117.02,Office
SI-0014194,S-007076,5606,722513,31888.84,Warehouse
SI-0014195,S-007077,8397,236115,49936.26,Crew
SI-0014196,S-007077,3724,541612,15630.03,Equipment
SI-0014197,S-007078,7228,238220,25547.46,Office
SI-0014198,S-007079,5403,541511,10964.22,Crew
SI-0014199,S-007079,3724,561720,67833.64,Warehouse
SI-0014200,S-007080,8810,722513,101822.85,Crew
SI-0014201,S-007080,8397,722513,10551.67,Office
SI-0014202,S-007081,3724,236115,12291.06,Warehouse
SI-0014203,S-007082,3724,561720,29202.49,Crew
SI-0014204,S-007082,3724,484110,13369.43,Storefront
SI-0014205,S-007082,7228,484110,27022.37,Equipment
SI-0014206,S-007083,8810,541612,32054.71,Equipment
SI-0014207,S-007083,8397,484110,31437.41,Storefront
SI-0014208,S-007083,5606,722513,59513.11,Equipment
SI-0014209,S-007084,9082,722513,15780.81,Warehouse
SI-0014210,S-007084,3724,238220,25208.15,Equipment
SI-0014211,S-007084,5606,541612,66166.53,Office
SI-0014212,S-007085,9082,561720,16250.54,Warehouse
SI-0014213,S-007085,3724,541511,14832.76,Crew
SI-0014214,S-007086,3632,238220,16645.63,Truck
SI-0014215,S-007086,9082,722513,45576.91,Warehouse
SI-0014216,S-007087,3724,238220,51248.01,Crew
SI-0014217,S-007087,5606,541612,54794.68,Office
SI-0014218,S-007087,9082,561720,13639.67,Office
SI-0014219,S-007088,8397,238220,38270.07,Crew
SI-0014220,S-007088,9082,238220,26069.29,Crew
SI-0014221,S-007088,8810,722513,67243.25,Warehouse
SI-0014222,S-007089,7228,238220,14446.9,Office
SI-0014223,S-007089,5606,722513,48940.09,Storefront
SI-0014224,S-007090,9082,541612,33849.42,Warehouse
SI-0014225,S-007090,5403,541612,78117.22,Warehouse
SI-0014226,S-007090,3724,541511,14563.8,Equipment
SI-0014227,S-007091,9082,561720,12164.57,Storefront
SI-0014228,S-007091,8810,238220,50194.24,Truck
SI-0014229,S-007091,9082,238220,27229.22,Equipment
SI-0014230,S-007092,9082,238220,85039.66,Truck
SI-0014231,S-007092,5403,541612,63927.21,Warehouse
SI-0014232,S-007093,8810,238220,24961.93,Crew
SI-0014233,S-007093,3632,484110,17385.42,Truck
SI-0014234,S-007094,3724,484110,14018.04,Crew
SI-0014235,S-007094,3632,722513,46786.91,Equipment
SI-0014236,S-007094,5403,722513,17909.53,Equipment
SI-0014237,S-007095,5403,541612,97153.89,Equipment
SI-0014238,S-007095,8397,541612,18780.38,Truck
SI-0014239,S-007096,9082,238320,10751.95,Truck
SI-0014240,S-007096,3724,722513,38894.99,Storefront
SI-0014241,S-007096,5606,561720,11966.44,Office
SI-0014242,S-007097,8397,238220,22287.89,Truck
SI-0014243,S-007097,3632,561720,23114.44,Equipment
SI-0014244,S-007097,3632,561720,30991.08,Crew
SI-0014245,S-007098,9082,561720,45615.86,Storefront
SI-0014246,S-007099,8397,238320,23707.45,Equipment
SI-0014247,S-007100,7228,541511,77892.72,Truck
SI-0014248,S-007100,8397,541511,54012.24,Office
SI-0014249,S-007100,3632,561720,2825.72,Truck
SI-0014250,S-007101,9082,722513,33918.32,Office
SI-0014251,S-007101,8397,722513,21418.92,Crew
SI-0014252,S-007102,3632,238220,21145.36,Warehouse
SI-0014253,S-007103,8397,238320,18572.06,Crew
SI-0014254,S-007104,5606,541612,17605.29,Equipment
SI-0014255,S-007105,3724,238220,48437.97,Storefront
SI-0014256,S-007105,3724,238320,29642.37,Equipment
SI-0014257,S-007105,3632,236115,66139.62,Warehouse
SI-0014258,S-007106,5606,236115,19242.76,Equipment
SI-0014259,S-007107,3724,722513,37582.84,Equipment
SI-0014260,S-007107,7228,238320,71230.43,Crew
SI-0014261,S-007107,7228,541612,48882.17,Office
SI-0014262,S-007108,9082,541612,14284.03,Storefront
SI-0014263,S-007108,8810,238220,37286.62,Warehouse
SI-0014264,S-007108,8810,541612,54729.23,Equipment
SI-0014265,S-007109,9082,238320,45770.47,Truck
SI-0014266,S-007109,9082,541511,54726.61,Storefront
SI-0014267,S-007109,3724,236115,66766.08,Crew
SI-0014268,S-007110,8810,484110,29856.02,Equipment
SI-0014269,S-007111,5403,561720,8781.76,Crew
SI-0014270,S-007112,3724,484110,45051.08,Office
SI-0014271,S-007112,5606,722513,74613.54,Crew
SI-0014272,S-007113,8397,484110,66619.2,Equipment
SI-0014273,S-007113,7228,541511,38081.62,Warehouse
SI-0014274,S-007114,7228,484110,41872.56,Warehouse
SI-0014275,S-007115,8397,561720,54914.92,Truck
SI-0014276,S-007115,3632,238220,44486.73,Crew
SI-0014277,S-007116,5606,236115,48573.72,Truck
SI-0014278,S-007116,3632,541612,19748.21,Storefront
SI-0014279,S-007116,7228,722513,25439.12,Truck
SI-0014280,S-007117,8810,238220,11314.19,Office
SI-0014281,S-007118,8397,238220,48577.41,Equipment
SI-0014282,S-007119,3724,561720,28132.29,Warehouse
SI-0014283,S-007120,5403,541612,87755.94,Warehouse
SI-0014284,S-007121,3632,722513,51672.63,Equipment
SI-0014285,S-007122,5403,484110,13731.54,Office
SI-0014286,S-007123,3724,236115,26574.58,Crew
SI-0014287,S-007123,8397,238320,25568.4,Crew
SI-0014288,S-007123,7228,236115,53064.39,Crew
SI-0014289,S-007124,5403,484110,59459.41,Office
SI-0014290,S-007124,5606,238220,27010.13,Warehouse
SI-0014291,S-007124,3724,722513,35978.44,Storefront
SI-0014292,S-007125,8397,484110,21959.41,Storefront
SI-0014293,S-007126,9082,238320,67695.67,Warehouse
SI-0014294,S-007126,5606,236115,36477.64,Storefront
SI-0014295,S-007126,3724,236115,73403.65,Equipment
SI-0014296,S-007127,8810,561720,53504.33,Crew
SI-0014297,S-007128,8397,561720,34406.55,Equipment
SI-0014298,S-007128,7228,238320,41089.08,Equipment
SI-0014299,S-007128,3632,541511,13552.25,Crew
SI-0014300,S-007129,5606,484110,11460.81,Crew
SI-0014301,S-007129,8810,722513,16699.49,Truck
SI-0014302,S-007130,5403,561720,222457.13,Crew
SI-0014303,S-007131,9082,484110,8655.41,Crew
SI-0014304,S-007131,8810,238320,18733.67,Equipment
SI-0014305,S-007132,3632,541511,30812.38,Truck
SI-0014306,S-007132,5606,236115,18357.86,Crew
SI-0014307,S-007132,5606,238320,41323.28,Truck
SI-0014308,S-007133,3632,541612,23067.0,Office
SI-0014309,S-007133,8810,541511,42116.63,Truck
SI-0014310,S-007133,9082,561720,23554.46,Storefront
SI-0014311,S-007134,7228,484110,28567.27,Crew
SI-0014312,S-007135,5403,541511,26407.86,Office
SI-0014313,S-007136,3724,238220,18597.37,Crew
SI-0014314,S-007137,8397,561720,60788.5,Warehouse
SI-0014315,S-007137,9082,236115,38014.36,Storefront
SI-0014316,S-007137,9082,236115,26936.68,Storefront
SI-0014317,S-007138,3724,541612,26473.54,Warehouse
SI-0014318,S-007138,9082,541511,8995.62,Warehouse
SI-0014319,S-007139,3632,541511,14436.83,Warehouse
SI-0014320,S-007139,8397,722513,24063.43,Warehouse
SI-0014321,S-007140,8810,238320,119966.05,Warehouse
SI-0014322,S-007140,5606,541612,29758.92,Storefront
SI-0014323,S-007141,8810,722513,42212.94,Office
SI-0014324,S-007141,3724,541511,46239.62,Truck
SI-0014325,S-007141,8397,561720,36838.09,Storefront
SI-0014326,S-007142,8397,722513,6375.73,Warehouse
SI-0014327,S-007142,3724,238220,33726.36,Office
SI-0014328,S-007143,8810,236115,20595.51,Truck
SI-0014329,S-007144,3632,561720,32253.66,Truck
SI-0014330,S-007144,3724,722513,23234.09,Truck
SI-0014331,S-007145,3632,238220,13445.43,Storefront
SI-0014332,S-007145,3632,238220,47283.64,Office
SI-0014333,S-007145,5606,722513,30411.29,Truck
SI-0014334,S-007146,8810,238220,70120.52,Truck
SI-0014335,S-007147,5403,541511,13521.89,Office
SI-0014336,S-007147,9082,561720,91656.25,Equipment
SI-0014337,S-007148,9082,238320,35142.67,Warehouse
SI-0014338,S-007148,3724,236115,21181.05,Equipment
SI-0014339,S-007148,3724,236115,36819.42,Equipment
SI-0014340,S-007149,8810,236115,31300.52,Crew
SI-0014341,S-007150,5606,722513,28445.67,Office
SI-0014342,S-007151,9082,238320,71219.35,Equipment
SI-0014343,S-007151,9082,541612,76318.81,Truck
SI-0014344,S-007151,3724,541511,54244.95,Warehouse
SI-0014345,S-007152,3632,238220,14661.53,Warehouse
SI-0014346,S-007153,5403,484110,45547.83,Warehouse
SI-0014347,S-007154,3724,541511,23756.36,Storefront
SI-0014348,S-007154,7228,541612,21327.22,Office
SI-0014349,S-007155,8397,484110,21659.39,Truck
SI-0014350,S-007155,8810,236115,51700.24,Equipment
SI-0014351,S-007156,3724,541511,34646.26,Storefront
SI-0014352,S-007156,5606,541612,18371.18,Truck
SI-0014353,S-007156,8810,236115,22245.28,Equipment
SI-0014354,S-007157,8810,541612,32574.37,Truck
SI-0014355,S-007158,8397,484110,31213.6,Equipment
SI-0014356,S-007158,3724,722513,65331.17,Warehouse
SI-0014357,S-007158,7228,561720,14926.68,Truck
SI-0014358,S-007159,5403,722513,20262.71,Equipment
SI-0014359,S-007159,3724,238220,54331.37,Office
SI-0014360,S-007159,5606,561720,35821.28,Storefront
SI-0014361,S-007160,3632,236115,61431.05,Equipment
SI-0014362,S-007160,7228,541612,41922.47,Warehouse
SI-0014363,S-007160,8810,722513,63172.05,Crew
SI-0014364,S-007161,3724,236115,70613.29,Office
SI-0014365,S-007161,3632,541612,27822.74,Equipment
SI-0014366,S-007162,5403,236115,48180.3,Truck
SI-0014367,S-007163,5403,541511,20691.37,Warehouse
SI-0014368,S-007163,3632,722513,27302.2,Crew
SI-0014369,S-007163,3632,722513,19998.1,Office
SI-0014370,S-007164,5403,541511,79135.29,Office
SI-0014371,S-007164,8810,541612,12917.95,Equipment
SI-0014372,S-007165,8397,541511,31917.65,Equipment
SI-0014373,S-007165,3724,238220,45946.46,Truck
SI-0014374,S-007166,8397,541511,35661.57,Office
SI-0014375,S-007167,3632,541612,18324.88,Equipment
SI-0014376,S-007168,5606,722513,31888.68,Equipment
SI-0014377,S-007168,3632,541612,48298.25,Equipment
SI-0014378,S-007168,9082,722513,54183.34,Warehouse
SI-0014379,S-007169,7228,236115,34847.45,Storefront
SI-0014380,S-007169,5403,238320,23941.1,Warehouse
SI-0014381,S-007169,8810,541612,60430.49,Truck
SI-0014382,S-007170,5403,541511,26694.91,Warehouse
SI-0014383,S-007170,8810,541612,47723.72,Warehouse
SI-0014384,S-007171,3724,238220,61952.94,Office
SI-0014385,S-007172,8397,238320,8013.5,Storefront
SI-0014386,S-007172,8397,561720,239176.55,Truck
SI-0014387,S-007172,9082,238320,74641.48,Crew
SI-0014388,S-007173,8397,484110,72250.48,Crew
SI-0014389,S-007174,8810,484110,15958.21,Warehouse
SI-0014390,S-007175,7228,561720,31198.17,Truck
SI-0014391,S-007175,8397,484110,9555.28,Equipment
SI-0014392,S-007175,5606,541511,38115.4,Crew
SI-0014393,S-007176,5403,541511,76218.09,Office
SI-0014394,S-007176,8397,561720,21742.9,Office
SI-0014395,S-007177,8810,238320,12374.92,Storefront
SI-0014396,S-007178,5403,561720,24880.94,Warehouse
SI-0014397,S-007179,5403,541511,13645.82,Office
SI-0014398,S-007179,8810,236115,43403.66,Equipment
SI-0014399,S-007179,7228,541612,36700.21,Equipment
SI-0014400,S-007180,9082,541612,20887.37,Warehouse
SI-0014401,S-007180,3724,236115,18364.68,Equipment
SI-0014402,S-007180,5403,238320,144886.64,Warehouse
SI-0014403,S-007181,3724,236115,45257.49,Truck
SI-0014404,S-007182,8397,722513,52439.83,Crew
SI-0014405,S-007182,9082,238320,14626.72,Equipment
SI-0014406,S-007182,3724,238320,48907.59,Warehouse
SI-0014407,S-007183,9082,561720,80114.97,Crew
SI-0014408,S-007183,3724,236115,83344.44,Office
SI-0014409,S-007184,8810,561720,56535.58,Storefront
SI-0014410,S-007184,8397,484110,87458.36,Warehouse
SI-0014411,S-007184,7228,238320,52513.31,Warehouse
SI-0014412,S-007185,5606,238320,7113.3,Crew
SI-0014413,S-007186,3632,484110,33133.48,Crew
SI-0014414,S-007186,9082,238320,20247.63,Truck
SI-0014415,S-007186,5403,238220,18726.86,Crew
SI-0014416,S-007187,3632,541511,139026.08,Crew
SI-0014417,S-007188,5403,541612,64513.25,Truck
SI-0014418,S-007188,5403,541612,17023.44,Office
SI-0014419,S-007188,3632,238320,19387.98,Office
SI-0014420,S-007189,3632,541612,16603.89,Warehouse
SI-0014421,S-007189,5403,541612,49627.27,Warehouse
SI-0014422,S-007190,5606,541511,45090.24,Storefront
SI-0014423,S-007190,9082,236115,198516.44,Crew
SI-0014424,S-007191,5606,561720,32961.22,Warehouse
SI-0014425,S-007191,8810,561720,34511.99,Truck
SI-0014426,S-007191,8810,561720,18815.11,Equipment
SI-0014427,S-007192,5606,236115,29975.59,Crew
SI-0014428,S-007192,8810,484110,75696.07,Equipment
SI-0014429,S-007192,9082,236115,45678.52,Office
SI-0014430,S-007193,9082,484110,97153.97,Warehouse
SI-0014431,S-007193,3724,238220,220497.59,Truck
SI-0014432,S-007193,8810,561720,57808.6,Office
SI-0014433,S-007194,5606,238320,60371.14,Crew
SI-0014434,S-007194,3724,236115,28415.96,Truck
SI-0014435,S-007194,3724,238320,26135.09,Storefront
SI-0014436,S-007195,9082,238220,50315.23,Office
SI-0014437,S-007195,3724,238220,27750.97,Equipment
SI-0014438,S-007196,8810,236115,35120.58,Office
SI-0014439,S-007196,5606,236115,20826.05,Storefront
SI-0014440,S-007197,3724,722513,11667.47,Storefront
SI-0014441,S-007198,8397,236115,195482.51,Office
SI-0014442,S-007198,3632,561720,27264.12,Truck
SI-0014443,S-007199,5606,484110,20136.96,Crew
SI-0014444,S-007199,7228,236115,26595.45,Equipment
SI-0014445,S-007200,8397,541612,32657.93,Truck
SI-0014446,S-007200,8810,238320,11587.0,Warehouse
SI-0014447,S-007201,3724,722513,46960.55,Truck
SI-0014448,S-007201,8397,236115,25964.15,Equipment
SI-0014449,S-007201,7228,238220,46482.69,Warehouse
SI-0014450,S-007202,5403,236115,30663.89,Warehouse
SI-0014451,S-007202,3724,238220,12605.2,Office
SI-0014452,S-007202,3724,561720,51923.45,Storefront
SI-0014453,S-007203,8397,236115,11805.11,Warehouse
SI-0014454,S-007203,8397,484110,27035.3,Truck
SI-0014455,S-007203,3724,541612,14386.66,Truck
SI-0014456,S-007204,8397,484110,8366.73,Warehouse
SI-0014457,S-007205,3632,541612,23903.5,Storefront
SI-0014458,S-007205,5403,238320,55591.17,Truck
SI-0014459,S-007206,3724,236115,32320.29,Crew
SI-0014460,S-007206,5606,561720,48291.09,Warehouse
SI-0014461,S-007207,8810,238320,23521.69,Storefront
SI-0014462,S-007207,5606,541612,78500.22,Warehouse
SI-0014463,S-007207,3724,236115,16513.37,Crew
SI-0014464,S-007208,5403,484110,39927.28,Warehouse
SI-0014465,S-007208,8397,484110,26976.3,Equipment
SI-0014466,S-007209,3632,238220,15468.76,Office
SI-0014467,S-007209,5403,484110,46443.17,Warehouse
SI-0014468,S-007210,5403,236115,53403.15,Warehouse
SI-0014469,S-007211,8810,541612,80127.29,Office
SI-0014470,S-007211,8397,236115,22956.36,Storefront
SI-0014471,S-007211,5606,541511,41080.31,Warehouse
SI-0014472,S-007212,8810,236115,17866.3,Office
SI-0014473,S-007212,3724,236115,38827.53,Equipment
SI-0014474,S-007212,5403,561720,77355.57,Equipment
SI-0014475,S-007213,5403,238320,13275.79,Warehouse
SI-0014476,S-007214,3632,541612,43369.4,Truck
SI-0014477,S-007214,8810,722513,21023.31,Storefront
SI-0014478,S-007215,5403,236115,30465.26,Storefront
SI-0014479,S-007216,3632,238320,37988.05,Storefront
SI-0014480,S-007216,3724,236115,33824.85,Truck
SI-0014481,S-007216,5606,541612,76612.64,Equipment
SI-0014482,S-007217,5403,541612,135379.74,Storefront
SI-0014483,S-007217,9082,722513,27667.6,Storefront
SI-0014484,S-007218,5403,238220,71727.37,Storefront
SI-0014485,S-007218,7228,238320,94532.45,Truck
SI-0014486,S-007218,8810,238220,28344.49,Office
SI-0014487,S-007219,7228,238320,47732.68,Storefront
SI-0014488,S-007219,3724,722513,55498.22,Truck
SI-0014489,S-007219,5403,541612,18383.02,Office
SI-0014490,S-007220,9082,541612,17430.67,Storefront
SI-0014491,S-007220,8397,541511,34403.22,Truck
SI-0014492,S-007220,3724,541511,23962.36,Truck
SI-0014493,S-007221,9082,238220,7448.82,Crew
SI-0014494,S-007221,8397,238220,50732.07,Office
SI-0014495,S-007222,3632,238320,37587.85,Equipment
SI-0014496,S-007222,8810,484110,119931.52,Truck
SI-0014497,S-007222,9082,722513,35682.08,Office
SI-0014498,S-007223,3724,541612,13672.01,Truck
SI-0014499,S-007223,5606,238220,58489.0,Storefront
SI-0014500,S-007224,5606,541511,56048.68,Office
SI-0014501,S-007225,3632,722513,11744.54,Storefront
SI-0014502,S-007225,8810,238220,99437.4,Equipment
SI-0014503,S-007226,5606,541612,32466.26,Equipment
SI-0014504,S-007227,9082,236115,50701.08,Warehouse
SI-0014505,S-007227,3724,484110,72582.0,Crew
SI-0014506,S-007227,8810,238220,111148.3,Crew
SI-0014507,S-007228,5403,484110,117581.07,Crew
SI-0014508,S-007229,5606,236115,11705.18,Crew
SI-0014509,S-007230,3724,722513,69635.73,Truck
SI-0014510,S-007230,7228,238220,27841.17,Warehouse
SI-0014511,S-007230,5403,484110,72297.35,Warehouse
SI-0014512,S-007231,8397,541612,49910.03,Storefront
SI-0014513,S-007231,8810,484110,37266.17,Truck
SI-0014514,S-007231,5606,541612,86457.79,Storefront
SI-0014515,S-007232,3724,541612,92397.92,Office
SI-0014516,S-007232,7228,541612,55041.7,Equipment
SI-0014517,S-007232,3724,541612,24186.19,Crew
SI-0014518,S-007233,8810,236115,36553.3,Crew
SI-0014519,S-007233,9082,561720,27918.24,Warehouse
SI-0014520,S-007234,3724,541511,27097.68,Truck
SI-0014521,S-007234,3632,722513,94023.64,Truck
SI-0014522,S-007235,7228,541511,42197.9,Office
SI-0014523,S-007235,5403,561720,21096.59,Warehouse
SI-0014524,S-007236,8810,722513,15376.1,Crew
SI-0014525,S-007236,8810,236115,21340.37,Office
SI-0014526,S-007237,3724,561720,79999.28,Office
SI-0014527,S-007238,7228,238220,170008.57,Truck
SI-0014528,S-007239,3632,484110,48113.9,Storefront
SI-0014529,S-007239,3724,561720,96769.64,Warehouse
SI-0014530,S-007239,3632,238220,15239.85,Crew
SI-0014531,S-007240,8810,484110,21080.42,Equipment
SI-0014532,S-007241,9082,541612,46542.87,Equipment
SI-0014533,S-007241,8810,484110,31195.27,Crew
SI-0014534,S-007242,7228,484110,10441.11,Truck
SI-0014535,S-007242,9082,541511,16788.4,Storefront
SI-0014536,S-007243,8397,541511,4233.33,Truck
SI-0014537,S-007243,7228,541511,53064.12,Truck
SI-0014538,S-007243,5403,541612,26099.72,Storefront
SI-0014539,S-007244,3632,236115,70672.88,Warehouse
SI-0014540,S-007244,3724,561720,10924.11,Equipment
SI-0014541,S-007244,5403,541612,62525.4,Storefront
SI-0014542,S-007245,7228,236115,15280.91,Crew
SI-0014543,S-007246,7228,541612,20562.2,Storefront
SI-0014544,S-007246,8397,236115,154489.43,Crew
SI-0014545,S-007247,7228,722513,23665.46,Equipment
SI-0014546,S-007248,8397,561720,31160.52,Truck
SI-0014547,S-007248,3632,541511,32352.76,Storefront
SI-0014548,S-007249,8397,236115,35275.16,Equipment
SI-0014549,S-007250,3724,238220,11965.46,Equipment
SI-0014550,S-007250,9082,238220,31177.75,Warehouse
SI-0014551,S-007251,8397,541511,2537.24,Warehouse
SI-0014552,S-007251,3724,236115,106739.17,Truck
SI-0014553,S-007252,3724,238220,97492.47,Warehouse
SI-0014554,S-007253,9082,561720,49307.23,Crew
SI-0014555,S-007253,3632,238220,19652.62,Warehouse
SI-0014556,S-007254,9082,541612,80663.17,Crew
SI-0014557,S-007255,3632,722513,50833.3,Crew
SI-0014558,S-007255,5606,722513,44815.2,Crew
SI-0014559,S-007256,9082,238220,25901.62,Crew
SI-0014560,S-007256,8397,541511,33046.99,Equipment
SI-0014561,S-007257,3724,484110,135645.46,Storefront
SI-0014562,S-007258,8397,561720,23205.06,Warehouse
SI-0014563,S-007258,5403,541612,20730.8,Crew
SI-0014564,S-007258,9082,238220,25308.04,Crew
SI-0014565,S-007259,7228,238220,21554.73,Equipment
SI-0014566,S-007260,3724,236115,134655.97,Office
SI-0014567,S-007260,5403,722513,13605.3,Warehouse
SI-0014568,S-007261,3632,238320,18063.88,Crew
SI-0014569,S-007261,5606,484110,29260.05,Warehouse
SI-0014570,S-007262,9082,722513,15950.32,Storefront
SI-0014571,S-007262,8397,541511,14582.39,Warehouse
SI-0014572,S-007262,7228,484110,36321.87,Warehouse
SI-0014573,S-007263,8397,238220,16313.2,Truck
SI-0014574,S-007264,5403,238220,21581.21,Storefront
SI-0014575,S-007264,8810,236115,10188.89,Warehouse
SI-0014576,S-007264,3632,722513,45909.45,Storefront
SI-0014577,S-007265,8810,236115,25128.23,Storefront
SI-0014578,S-007266,9082,541511,66316.99,Storefront
SI-0014579,S-007267,5606,238320,48589.76,Crew
SI-0014580,S-007267,8810,541612,32950.59,Truck
SI-0014581,S-007267,5606,238320,23974.56,Storefront
SI-0014582,S-007268,9082,484110,13251.33,Storefront
SI-0014583,S-007268,5403,236115,13224.67,Office
SI-0014584,S-007269,9082,541511,40423.45,Office
SI-0014585,S-007269,9082,541612,73816.57,Warehouse
SI-0014586,S-007269,9082,561720,49081.68,Crew
SI-0014587,S-007270,5403,541612,53629.25,Office
SI-0014588,S-007270,8397,236115,21614.03,Equipment
SI-0014589,S-007271,8397,238320,20479.24,Office
SI-0014590,S-007272,8810,561720,107175.29,Crew
SI-0014591,S-007272,8397,238220,61999.39,Crew
SI-0014592,S-007273,8397,561720,72405.0,Equipment
SI-0014593,S-007273,3724,541612,44893.96,Warehouse
SI-0014594,S-007274,8810,541511,35359.62,Truck
SI-0014595,S-007275,5606,236115,58930.26,Warehouse
SI-0014596,S-007276,9082,541612,93275.96,Equipment
SI-0014597,S-007277,7228,722513,30309.5,Office
SI-0014598,S-007277,8397,561720,12808.27,Warehouse
SI-0014599,S-007277,8810,541612,82108.47,Warehouse
SI-0014600,S-007278,8810,238320,27143.41,Storefront
SI-0014601,S-007278,9082,238220,16959.45,Storefront
SI-0014602,S-007278,3724,541511,14476.28,Storefront
SI-0014603,S-007279,5403,238320,43256.2,Storefront
SI-0014604,S-007279,3724,561720,32069.51,Warehouse
SI-0014605,S-007279,5606,484110,41420.51,Storefront
SI-0014606,S-007280,9082,484110,52452.52,Storefront
SI-0014607,S-007281,9082,722513,21980.24,Warehouse
SI-0014608,S-007281,5606,236115,65842.05,Warehouse
SI-0014609,S-007281,7228,238320,22582.9,Equipment
SI-0014610,S-007282,3632,541612,26638.68,Storefront
SI-0014611,S-007282,9082,561720,61752.36,Warehouse
SI-0014612,S-007282,3632,484110,34760.08,Truck
SI-0014613,S-007283,5606,236115,50735.88,Crew
SI-0014614,S-007284,5403,561720,40665.92,Storefront
SI-0014615,S-007284,8397,236115,40645.1,Equipment
SI-0014616,S-007285,8810,722513,9847.8,Office
SI-0014617,S-007286,5606,236115,79772.4,Office
SI-0014618,S-007287,7228,484110,27375.09,Crew
SI-0014619,S-007287,7228,541511,39726.0,Truck
SI-0014620,S-007288,8397,238320,44083.59,Warehouse
SI-0014621,S-007288,9082,722513,45678.04,Truck
SI-0014622,S-007289,9082,541612,19965.63,Equipment
SI-0014623,S-007290,3632,722513,12926.99,Equipment
SI-0014624,S-007290,5403,541511,91746.34,Storefront
SI-0014625,S-007291,3632,484110,78095.99,Office
SI-0014626,S-007292,5403,484110,39100.71,Office
SI-0014627,S-007293,9082,236115,112878.59,Truck
SI-0014628,S-007293,8810,541612,71578.98,Crew
SI-0014629,S-007294,9082,238320,66935.68,Equipment
SI-0014630,S-007294,3632,561720,14564.06,Office
SI-0014631,S-007295,5403,236115,22561.42,Truck
SI-0014632,S-007295,3724,238220,27102.6,Truck
SI-0014633,S-007296,8397,238220,40061.11,Crew
SI-0014634,S-007296,9082,541511,9269.45,Equipment
SI-0014635,S-007296,3724,561720,20516.75,Warehouse
SI-0014636,S-007297,5403,561720,61060.14,Equipment
SI-0014637,S-007297,5606,722513,15835.12,Equipment
SI-0014638,S-007298,9082,484110,34064.49,Warehouse
SI-0014639,S-007298,3632,484110,13327.49,Office
SI-0014640,S-007298,5606,722513,23022.03,Office
SI-0014641,S-007299,9082,541612,42342.84,Equipment
SI-0014642,S-007299,8397,484110,17593.82,Truck
SI-0014643,S-007300,5606,561720,67748.97,Storefront
SI-0014644,S-007300,3724,541612,24729.68,Storefront
SI-0014645,S-007301,3632,722513,21894.27,Equipment
SI-0014646,S-007301,9082,541511,65310.04,Office
SI-0014647,S-007302,3632,541511,9879.0,Warehouse
SI-0014648,S-007303,8810,484110,76505.78,Warehouse
SI-0014649,S-007303,3632,722513,51706.27,Truck
SI-0014650,S-007304,8397,541511,20168.12,Storefront
SI-0014651,S-007304,8397,561720,77960.93,Warehouse
SI-0014652,S-007304,3632,722513,7592.61,Truck
SI-0014653,S-007305,8397,238320,84821.72,Office
SI-0014654,S-007305,3632,561720,30340.39,Crew
SI-0014655,S-007305,8397,722513,22304.08,Truck
SI-0014656,S-007306,8397,238220,22307.64,Storefront
SI-0014657,S-007306,3632,484110,27591.32,Truck
SI-0014658,S-007307,7228,484110,29190.01,Equipment
SI-0014659,S-007308,5606,484110,22368.12,Office
SI-0014660,S-007308,8810,238220,43458.96,Equipment
SI-0014661,S-007309,3632,484110,17042.68,Equipment
SI-0014662,S-007309,5403,236115,38777.0,Storefront
SI-0014663,S-007309,5606,561720,18583.73,Office
SI-0014664,S-007310,8397,236115,40350.22,Equipment
SI-0014665,S-007310,3632,561720,54992.78,Equipment
SI-0014666,S-007311,3632,236115,21072.12,Warehouse
SI-0014667,S-007311,7228,722513,36832.18,Crew
SI-0014668,S-007311,3724,238220,21000.46,Crew
SI-0014669,S-007312,7228,484110,30039.79,Equipment
SI-0014670,S-007313,7228,236115,20775.21,Truck
SI-0014671,S-007313,8397,722513,58000.26,Truck
SI-0014672,S-007314,8397,236115,26659.12,Crew
SI-0014673,S-007315,3632,238320,38952.57,Warehouse
SI-0014674,S-007315,3632,238220,58115.75,Truck
SI-0014675,S-007316,7228,236115,10309.69,Office
SI-0014676,S-007316,5403,238220,28440.33,Office
SI-0014677,S-007316,3724,484110,19904.89,Warehouse
SI-0014678,S-007317,3632,541612,12954.2,Crew
SI-0014679,S-007317,5403,238220,30486.54,Truck
SI-0014680,S-007318,7228,238220,9866.18,Crew
SI-0014681,S-007318,7228,236115,13824.9,Truck
SI-0014682,S-007319,3724,238220,48454.64,Truck
SI-0014683,S-007319,5606,561720,56436.42,Truck
SI-0014684,S-007320,9082,484110,25925.7,Equipment
SI-0014685,S-007320,9082,238220,21687.77,Equipment
SI-0014686,S-007321,5606,541612,41960.27,Equipment
SI-0014687,S-007321,3724,236115,23586.18,Storefront
SI-0014688,S-007321,8810,722513,74465.48,Equipment
SI-0014689,S-007322,3724,238220,101008.37,Warehouse
SI-0014690,S-007323,3724,722513,12218.9,Truck
SI-0014691,S-007323,5403,238220,30577.82,Office
SI-0014692,S-007323,7228,541612,54896.74,Office
SI-0014693,S-007324,5403,238320,21213.29,Office
SI-0014694,S-007324,8397,541612,50443.01,Truck
SI-0014695,S-007325,8397,541612,21553.83,Crew
SI-0014696,S-007325,8397,541511,49501.56,Storefront
SI-0014697,S-007325,5606,561720,27550.77,Office
SI-0014698,S-007326,5606,722513,38797.37,Equipment
SI-0014699,S-007326,7228,238220,22852.92,Crew
SI-0014700,S-007326,3632,238320,29207.81,Truck
SI-0014701,S-007327,5403,484110,40357.79,Equipment
SI-0014702,S-007327,7228,238320,32526.01,Storefront
SI-0014703,S-007327,3724,236115,74118.97,Warehouse
SI-0014704,S-007328,8810,722513,28526.67,Crew
SI-0014705,S-007328,5403,541612,26057.06,Office
SI-0014706,S-007329,8397,236115,35160.98,Storefront
SI-0014707,S-007329,9082,722513,34890.78,Crew
SI-0014708,S-007330,7228,722513,96536.98,Warehouse
SI-0014709,S-007330,7228,484110,17113.95,Storefront
SI-0014710,S-007330,7228,541511,9188.73,Crew
SI-0014711,S-007331,3632,484110,139805.75,Storefront
SI-0014712,S-007332,5606,561720,47709.98,Truck
SI-0014713,S-007333,3724,561720,60044.94,Warehouse
SI-0014714,S-007333,9082,238320,31955.46,Storefront
SI-0014715,S-007333,5606,236115,41553.38,Truck
SI-0014716,S-007334,8397,484110,39125.58,Crew
SI-0014717,S-007335,3724,236115,30311.38,Crew
SI-0014718,S-007336,5403,541511,18264.07,Crew
SI-0014719,S-007336,7228,484110,25256.67,Truck
SI-0014720,S-007337,8397,238220,46932.02,Warehouse
SI-0014721,S-007338,3724,722513,43317.84,Truck
SI-0014722,S-007338,3724,541511,12920.48,Crew
SI-0014723,S-007339,5606,236115,19892.63,Equipment
SI-0014724,S-007340,8397,722513,68104.23,Storefront
SI-0014725,S-007340,8810,722513,41587.81,Truck
SI-0014726,S-007341,9082,236115,48418.67,Equipment
SI-0014727,S-007341,3632,484110,29678.03,Equipment
SI-0014728,S-007341,9082,484110,20798.51,Office
SI-0014729,S-007342,8397,541511,64579.44,Equipment
SI-0014730,S-007343,7228,238220,26145.22,Office
SI-0014731,S-007343,9082,541612,54517.12,Truck
SI-0014732,S-007344,7228,722513,24147.94,Truck
SI-0014733,S-007344,3724,561720,60236.21,Truck
SI-0014734,S-007345,3632,484110,43441.81,Warehouse
SI-0014735,S-007346,9082,722513,35650.13,Office
SI-0014736,S-007346,8810,561720,36802.44,Storefront
SI-0014737,S-007347,8397,484110,40098.25,Truck
SI-0014738,S-007347,8397,236115,33512.08,Equipment
SI-0014739,S-007347,3724,484110,18230.44,Crew
SI-0014740,S-007348,3632,236115,27085.14,Storefront
SI-0014741,S-007349,7228,484110,31006.81,Equipment
SI-0014742,S-007350,8397,541511,54460.63,Storefront
SI-0014743,S-007351,5606,484110,48087.02,Storefront
SI-0014744,S-007352,7228,484110,32142.74,Crew
SI-0014745,S-007353,8397,484110,12089.27,Crew
SI-0014746,S-007353,9082,561720,25915.69,Storefront
SI-0014747,S-007353,5606,561720,20789.49,Warehouse
SI-0014748,S-007354,3724,541612,22512.43,Crew
SI-0014749,S-007354,5606,238220,36788.46,Storefront
SI-0014750,S-007355,5403,541612,20276.81,Office
SI-0014751,S-007355,5403,484110,26303.15,Equipment
SI-0014752,S-007355,7228,722513,53386.43,Equipment
SI-0014753,S-007356,9082,541612,14390.73,Crew
SI-0014754,S-007357,5606,238220,15098.74,Truck
SI-0014755,S-007357,7228,541612,25336.53,Storefront
SI-0014756,S-007358,3724,236115,16815.72,Truck
SI-0014757,S-007358,5403,722513,17539.65,Storefront
SI-0014758,S-007359,7228,722513,32994.19,Warehouse
SI-0014759,S-007359,3724,541612,123069.66,Truck
SI-0014760,S-007359,8810,541612,31131.54,Storefront
SI-0014761,S-007360,7228,561720,86723.79,Warehouse
SI-0014762,S-007360,5403,722513,78325.23,Crew
SI-0014763,S-007360,8397,238320,11541.64,Storefront
SI-0014764,S-007361,3632,561720,29372.12,Warehouse
SI-0014765,S-007361,3632,236115,31709.8,Office
SI-0014766,S-007362,8397,541612,27474.15,Warehouse
SI-0014767,S-007362,3724,238320,94433.3,Truck
SI-0014768,S-007362,8810,541511,38782.91,Crew
SI-0014769,S-007363,5403,238220,104799.01,Office
SI-0014770,S-007364,5606,561720,59613.04,Storefront
SI-0014771,S-007365,3632,541612,52653.28,Warehouse
SI-0014772,S-007366,8397,541511,20601.86,Truck
SI-0014773,S-007366,3632,722513,120327.56,Office
SI-0014774,S-007366,3724,484110,28450.95,Truck
SI-0014775,S-007367,8810,722513,10347.17,Equipment
SI-0014776,S-007368,8397,236115,18085.64,Warehouse
SI-0014777,S-007369,8397,541511,19350.92,Storefront
SI-0014778,S-007369,8397,238220,22891.54,Equipment
SI-0014779,S-007370,5403,541612,37914.47,Warehouse
SI-0014780,S-007370,9082,541612,50402.68,Equipment
SI-0014781,S-007370,5606,238320,27450.85,Storefront
SI-0014782,S-007371,7228,561720,22204.03,Equipment
SI-0014783,S-007371,5403,484110,20509.34,Storefront
SI-0014784,S-007371,5606,541612,22622.84,Truck
SI-0014785,S-007372,5403,541511,46418.35,Truck
SI-0014786,S-007372,5606,561720,71875.74,Crew
SI-0014787,S-007372,8810,541612,9567.2,Truck
SI-0014788,S-007373,3632,561720,17440.83,Warehouse
SI-0014789,S-007374,8397,238320,39914.6,Office
SI-0014790,S-007375,5403,236115,118433.16,Warehouse
SI-0014791,S-007375,8810,238320,13650.49,Equipment
SI-0014792,S-007376,3632,484110,14144.38,Storefront
SI-0014793,S-007376,3724,561720,21044.58,Truck
SI-0014794,S-007377,9082,484110,17447.87,Warehouse
SI-0014795,S-007377,8810,541511,4713.36,Office
SI-0014796,S-007378,3724,722513,52275.21,Equipment
SI-0014797,S-007378,7228,722513,8764.3,Warehouse
SI-0014798,S-007378,3632,484110,13700.93,Office
SI-0014799,S-007379,7228,484110,56701.36,Equipment
SI-0014800,S-007380,3632,238220,38286.58,Storefront
SI-0014801,S-007380,7228,238220,124021.29,Office
SI-0014802,S-007381,5606,236115,38765.7,Crew
SI-0014803,S-007381,8810,238320,6448.33,Warehouse
SI-0014804,S-007381,7228,561720,19452.07,Office
SI-0014805,S-007382,5606,722513,55639.51,Storefront
SI-0014806,S-007382,5403,238320,29211.47,Storefront
SI-0014807,S-007382,7228,238320,189063.43,Crew
SI-0014808,S-007383,8397,484110,30758.93,Storefront
SI-0014809,S-007383,5606,541511,18791.97,Storefront
SI-0014810,S-007383,3724,484110,21078.27,Truck
SI-0014811,S-007384,5606,561720,8590.17,Truck
SI-0014812,S-007384,8810,238320,23543.28,Office
SI-0014813,S-007384,8397,722513,25989.41,Warehouse
SI-0014814,S-007385,8810,541612,45829.54,Crew
SI-0014815,S-007385,8810,238220,24371.52,Storefront
SI-0014816,S-007385,3632,541511,13173.29,Truck
SI-0014817,S-007386,8397,236115,24356.53,Office
SI-0014818,S-007386,7228,541511,26275.61,Equipment
SI-0014819,S-007387,8810,561720,99253.04,Equipment
SI-0014820,S-007387,8397,238220,36299.48,Truck
SI-0014821,S-007388,5403,238320,33781.48,Warehouse
SI-0014822,S-007388,8810,541511,33079.21,Office
SI-0014823,S-007389,9082,722513,15895.15,Warehouse
SI-0014824,S-007389,8397,238220,17520.26,Truck
SI-0014825,S-007389,9082,238220,29469.18,Crew
SI-0014826,S-007390,8397,238320,63557.11,Crew
SI-0014827,S-007391,5403,238220,36315.96,Office
SI-0014828,S-007391,3632,722513,36965.62,Truck
SI-0014829,S-007391,3632,484110,97211.11,Truck
SI-0014830,S-007392,9082,236115,35563.74,Crew
SI-0014831,S-007392,7228,541511,30764.75,Equipment
SI-0014832,S-007393,3632,238220,30843.53,Crew
SI-0014833,S-007394,7228,238320,5029.74,Truck
SI-0014834,S-007394,8810,561720,39058.07,Warehouse
SI-0014835,S-007394,3724,236115,20787.46,Truck
SI-0014836,S-007395,8397,541511,60533.71,Truck
SI-0014837,S-007395,3724,541612,42996.93,Truck
SI-0014838,S-007395,5403,238220,10408.36,Warehouse
SI-0014839,S-007396,3724,541612,31568.79,Warehouse
SI-0014840,S-007396,3724,484110,18696.68,Office
SI-0014841,S-007397,3632,541511,23405.92,Truck
SI-0014842,S-007397,5403,561720,19436.63,Crew
SI-0014843,S-007398,7228,236115,22553.55,Truck
SI-0014844,S-007398,3632,484110,24940.08,Equipment
SI-0014845,S-007398,3632,238220,34814.28,Truck
SI-0014846,S-007399,8810,722513,78290.97,Storefront
SI-0014847,S-007399,7228,722513,42651.55,Equipment
SI-0014848,S-007399,9082,722513,18893.3,Office
SI-0014849,S-007400,3632,238220,18104.3,Office
SI-0014850,S-007401,5606,238320,36082.77,Truck
SI-0014851,S-007401,9082,722513,55377.88,Office
SI-0014852,S-007402,8810,238220,11413.14,Truck
SI-0014853,S-007402,8810,236115,10968.22,Storefront
SI-0014854,S-007403,5403,561720,52876.79,Office
SI-0014855,S-007403,8397,484110,44708.68,Truck
SI-0014856,S-007403,9082,236115,6545.1,Equipment
SI-0014857,S-007404,3632,561720,13391.56,Crew
SI-0014858,S-007404,5606,238220,60202.89,Warehouse
SI-0014859,S-007404,8810,541612,16906.54,Storefront
SI-0014860,S-007405,7228,238320,31812.13,Warehouse
SI-0014861,S-007406,7228,238320,26340.99,Storefront
SI-0014862,S-007407,8397,561720,21529.59,Crew
SI-0014863,S-007407,3724,541511,50685.47,Storefront
SI-0014864,S-007408,3632,484110,32272.45,Equipment
SI-0014865,S-007408,5403,541511,55821.09,Crew
SI-0014866,S-007409,3632,541612,14493.42,Crew
SI-0014867,S-007410,3632,541511,181099.11,Office
SI-0014868,S-007410,9082,238320,57068.38,Equipment
SI-0014869,S-007410,7228,722513,32279.61,Office
SI-0014870,S-007411,7228,541612,30612.7,Warehouse
SI-0014871,S-007411,7228,541511,16207.76,Truck
SI-0014872,S-007411,9082,236115,14202.61,Office
SI-0014873,S-007412,3632,238320,39111.97,Equipment
SI-0014874,S-007412,8810,541511,28952.6,Truck
SI-0014875,S-007412,7228,722513,66960.01,Office
SI-0014876,S-007413,3724,561720,54157.15,Storefront
SI-0014877,S-007414,9082,541612,14363.46,Crew
SI-0014878,S-007414,3724,541511,33403.19,Crew
SI-0014879,S-007414,9082,238320,26123.77,Office
SI-0014880,S-007415,7228,238320,30234.53,Crew
SI-0014881,S-007416,7228,722513,33515.83,Office
SI-0014882,S-007417,8397,238220,22278.12,Truck
SI-0014883,S-007418,3632,561720,21004.46,Warehouse
SI-0014884,S-007419,3724,541612,45629.16,Crew
SI-0014885,S-007419,3632,541511,52625.06,Crew
SI-0014886,S-007420,8810,561720,33400.82,Truck
SI-0014887,S-007420,7228,541612,12222.23,Office
SI-0014888,S-007421,5403,722513,23631.05,Office
SI-0014889,S-007422,9082,484110,28862.31,Equipment
SI-0014890,S-007422,9082,541612,74990.12,Office
SI-0014891,S-007423,8810,484110,52016.32,Warehouse
SI-0014892,S-007424,8397,238320,77027.42,Warehouse
SI-0014893,S-007425,5403,541612,45536.17,Office
SI-0014894,S-007426,3724,541511,37102.52,Crew
SI-0014895,S-007427,5403,236115,15244.7,Storefront
SI-0014896,S-007427,3724,238220,19119.04,Equipment
SI-0014897,S-007427,3632,238220,23085.01,Warehouse
SI-0014898,S-007428,8810,238320,21978.03,Office
SI-0014899,S-007429,8810,541511,19462.0,Warehouse
SI-0014900,S-007430,5403,722513,38689.52,Equipment
SI-0014901,S-007431,5606,238320,75956.7,Office
SI-0014902,S-007431,8397,541511,25020.73,Storefront
SI-0014903,S-007432,8810,541612,46787.07,Warehouse
SI-0014904,S-007432,9082,541612,23765.31,Equipment
SI-0014905,S-007433,5403,236115,30360.84,Storefront
SI-0014906,S-007433,9082,238320,17564.37,Warehouse
SI-0014907,S-007434,7228,561720,34980.53,Crew
SI-0014908,S-007434,5403,541612,12028.96,Truck
SI-0014909,S-007434,5606,541612,27946.81,Office
SI-0014910,S-007435,3632,238220,30442.51,Crew
SI-0014911,S-007436,9082,238220,11731.13,Equipment
SI-0014912,S-007437,3632,541612,22525.99,Crew
SI-0014913,S-007437,3724,238220,30100.26,Equipment
SI-0014914,S-007438,5606,484110,28724.74,Crew
SI-0014915,S-007438,7228,541612,30594.27,Office
SI-0014916,S-007438,7228,238220,19738.37,Equipment
SI-0014917,S-007439,8810,541511,21915.81,Storefront
SI-0014918,S-007439,7228,722513,57445.71,Truck
SI-0014919,S-007440,3632,238320,22740.52,Truck
SI-0014920,S-007440,3632,541612,36363.33,Warehouse
SI-0014921,S-007440,5403,236115,30754.38,Storefront
SI-0014922,S-007441,8397,561720,21258.24,Warehouse
SI-0014923,S-007441,9082,541612,34273.33,Office
SI-0014924,S-007441,8397,541612,53121.06,Truck
SI-0014925,S-007442,5606,238320,35512.07,Truck
SI-0014926,S-007442,5403,236115,33149.36,Equipment
SI-0014927,S-007443,5606,238220,20214.09,Equipment
SI-0014928,S-007444,3724,238320,5892.04,Storefront
SI-0014929,S-007444,3724,238320,30250.21,Office
SI-0014930,S-007445,5606,236115,31838.22,Crew
SI-0014931,S-007446,9082,561720,21033.37,Storefront
SI-0014932,S-007446,7228,561720,21963.24,Warehouse
SI-0014933,S-007446,5606,541612,23632.56,Truck
SI-0014934,S-007447,9082,561720,49842.98,Crew
SI-0014935,S-007448,3724,236115,12971.09,Crew
SI-0014936,S-007448,9082,238220,23494.64,Crew
SI-0014937,S-007449,5606,484110,55152.15,Truck
SI-0014938,S-007450,9082,238320,71556.56,Crew
SI-0014939,S-007451,5606,484110,81651.09,Truck
SI-0014940,S-007452,5403,722513,46716.78,Warehouse
SI-0014941,S-007452,5403,238220,6487.37,Office
SI-0014942,S-007452,9082,238320,7698.23,Storefront
SI-0014943,S-007453,8810,541511,111235.24,Storefront
SI-0014944,S-007453,3632,238220,21858.94,Crew
SI-0014945,S-007454,5403,236115,40639.34,Truck
SI-0014946,S-007454,7228,541511,6946.59,Warehouse
SI-0014947,S-007455,9082,541612,30117.79,Office
SI-0014948,S-007455,3724,238320,13053.33,Storefront
SI-0014949,S-007455,8397,541612,137503.58,Truck
SI-0014950,S-007456,5403,541612,47096.33,Equipment
SI-0014951,S-007456,8397,722513,32219.77,Crew
SI-0014952,S-007456,8810,561720,21967.73,Crew
SI-0014953,S-007457,7228,484110,82798.23,Office
SI-0014954,S-007457,3632,236115,30890.13,Truck
SI-0014955,S-007457,3632,561720,17577.95,Equipment
SI-0014956,S-007458,9082,561720,38096.55,Storefront
SI-0014957,S-007458,5606,541612,30697.15,Equipment
SI-0014958,S-007459,9082,541612,92218.83,Storefront
SI-0014959,S-007459,9082,561720,43239.67,Equipment
SI-0014960,S-007459,9082,541511,28992.25,Office
SI-0014961,S-007460,5606,541511,18939.53,Office
SI-0014962,S-007460,8810,561720,49206.85,Truck
SI-0014963,S-007460,3724,236115,19670.95,Crew
SI-0014964,S-007461,7228,236115,155994.59,Storefront
SI-0014965,S-007461,8810,484110,43337.43,Office
SI-0014966,S-007462,5403,484110,81237.72,Warehouse
SI-0014967,S-007463,9082,561720,77567.46,Equipment
SI-0014968,S-007463,5606,236115,16002.89,Warehouse
SI-0014969,S-007463,3632,541511,30042.35,Warehouse
SI-0014970,S-007464,3632,238220,18923.36,Warehouse
SI-0014971,S-007465,5403,722513,26287.38,Crew
SI-0014972,S-007465,5403,722513,105372.48,Truck
SI-0014973,S-007466,8810,238220,62308.13,Equipment
SI-0014974,S-007466,7228,236115,114774.26,Truck
SI-0014975,S-007467,5403,236115,17128.27,Warehouse
SI-0014976,S-007467,3724,484110,25877.46,Truck
SI-0014977,S-007467,5606,238320,37306.1,Crew
SI-0014978,S-007468,8810,484110,61633.87,Truck
SI-0014979,S-007468,5606,484110,30178.99,Equipment
SI-0014980,S-007469,5606,484110,13520.72,Equipment
SI-0014981,S-007470,3724,541511,9647.46,Crew
SI-0014982,S-007471,5606,722513,25904.95,Crew
SI-0014983,S-007472,8397,238320,59859.41,Crew
SI-0014984,S-007472,8397,484110,19887.98,Crew
SI-0014985,S-007472,3632,541612,8789.25,Warehouse
SI-0014986,S-007473,7228,561720,142446.05,Crew
SI-0014987,S-007473,3724,541511,49559.59,Warehouse
SI-0014988,S-007473,8397,484110,30253.17,Truck
SI-0014989,S-007474,3724,541511,14576.0,Equipment
SI-0014990,S-007475,7228,541612,41454.81,Warehouse
SI-0014991,S-007475,8397,238320,18850.02,Truck
SI-0014992,S-007475,3724,238220,89762.73,Crew
SI-0014993,S-007476,3632,561720,74968.41,Office
SI-0014994,S-007477,3632,238320,57336.13,Truck
SI-0014995,S-007477,3632,238320,49115.94,Crew
SI-0014996,S-007478,7228,541612,19576.33,Warehouse
SI-0014997,S-007478,5403,238220,39507.57,Storefront
SI-0014998,S-007478,7228,722513,40078.77,Crew
SI-0014999,S-007479,9082,236115,57477.18,Warehouse
SI-0015000,S-007479,3632,236115,33281.2,Warehouse
SI-0015001,S-007480,3724,541612,86134.33,Crew
SI-0015002,S-007480,7228,722513,3633.77,Truck
SI-0015003,S-007480,7228,238320,37219.27,Crew
SI-0015004,S-007481,8397,236115,10402.93,Office
SI-0015005,S-007481,5403,236115,18070.61,Equipment
SI-0015006,S-007481,3724,238220,34737.7,Truck
SI-0015007,S-007482,3724,541511,30467.2,Warehouse
SI-0015008,S-007483,5606,541612,24267.44,Equipment
SI-0015009,S-007483,5403,541612,42109.58,Warehouse
SI-0015010,S-007483,8810,484110,17109.3,Office
SI-0015011,S-007484,5403,484110,19972.68,Office
SI-0015012,S-007484,7228,541612,39544.8,Warehouse
SI-0015013,S-007485,5403,541511,45111.0,Office
SI-0015014,S-007486,8397,541612,55007.59,Office
SI-0015015,S-007487,7228,238220,61077.93,Truck
SI-0015016,S-007487,8810,561720,15746.86,Warehouse
SI-0015017,S-007488,9082,541612,8529.62,Storefront
SI-0015018,S-007488,8810,561720,75822.3,Office
SI-0015019,S-007488,8397,238220,33300.28,Crew
SI-0015020,S-007489,3724,541612,48756.54,Storefront
SI-0015021,S-007489,3724,561720,16867.97,Office
SI-0015022,S-007490,7228,541511,45760.91,Office
SI-0015023,S-007491,7228,238220,44508.25,Crew
SI-0015024,S-007491,8397,541511,59913.61,Truck
SI-0015025,S-007492,5403,238320,31837.39,Truck
SI-0015026,S-007492,9082,238220,108189.59,Equipment
SI-0015027,S-007493,3724,722513,38658.59,Warehouse
SI-0015028,S-007493,5606,236115,17597.01,Equipment
SI-0015029,S-007493,3724,236115,120989.78,Crew
SI-0015030,S-007494,9082,541612,9398.46,Crew
SI-0015031,S-007495,8810,561720,7106.5,Storefront
SI-0015032,S-007496,3632,238220,27505.64,Truck
SI-0015033,S-007497,9082,541511,22782.03,Storefront
SI-0015034,S-007497,7228,722513,13248.0,Equipment
SI-0015035,S-007497,3724,541612,43853.62,Crew
SI-0015036,S-007498,3632,238320,56051.14,Truck
SI-0015037,S-007498,7228,541612,15381.16,Crew
SI-0015038,S-007498,5403,541511,23889.53,Crew
SI-0015039,S-007499,5403,561720,9298.76,Crew
SI-0015040,S-007499,5606,722513,36553.51,Truck
SI-0015041,S-007499,8810,484110,45140.22,Crew
SI-0015042,S-007500,9082,722513,104611.24,Warehouse
SI-0015043,S-007500,5403,722513,69194.57,Warehouse
SI-0015044,S-007501,3724,238320,81395.95,Warehouse
SI-0015045,S-007501,5403,238320,24355.14,Warehouse
SI-0015046,S-007501,8810,722513,76087.49,Storefront
SI-0015047,S-007502,8397,484110,27020.41,Storefront
SI-0015048,S-007502,5606,722513,25555.47,Crew
SI-0015049,S-007502,9082,484110,38218.29,Storefront
SI-0015050,S-007503,5606,484110,49920.73,Equipment
SI-0015051,S-007503,8397,541612,37488.98,Truck
SI-0015052,S-007504,5403,561720,28535.4,Crew
SI-0015053,S-007504,9082,236115,33216.46,Crew
SI-0015054,S-007505,3632,238220,37428.16,Warehouse
SI-0015055,S-007505,5403,541511,27214.69,Warehouse
SI-0015056,S-007505,8810,484110,11276.6,Equipment
SI-0015057,S-007506,5606,541511,9904.14,Truck
SI-0015058,S-007507,3632,541511,24781.58,Storefront
SI-0015059,S-007507,8810,561720,16485.06,Crew
SI-0015060,S-007507,8810,561720,6926.99,Office
SI-0015061,S-007508,9082,541511,46254.16,Office
SI-0015062,S-007508,3724,541612,96898.03,Warehouse
SI-0015063,S-007508,5606,236115,52171.24,Crew
SI-0015064,S-007509,3724,561720,13572.17,Office
SI-0015065,S-007509,5403,541511,25972.4,Storefront
SI-0015066,S-007509,3724,484110,49013.79,Warehouse
SI-0015067,S-007510,5403,238320,91480.85,Storefront
SI-0015068,S-007510,9082,238220,28069.42,Storefront
SI-0015069,S-007510,3632,722513,28566.82,Office
SI-0015070,S-007511,7228,561720,24049.47,Crew
SI-0015071,S-007512,8810,561720,37964.66,Equipment
SI-0015072,S-007513,5606,541612,200434.6,Warehouse
SI-0015073,S-007513,3632,238220,37386.67,Storefront
SI-0015074,S-007514,9082,541612,25381.95,Office
SI-0015075,S-007515,9082,238220,28160.57,Office
SI-0015076,S-007515,3632,561720,17185.73,Warehouse
SI-0015077,S-007515,7228,541511,65673.46,Office
SI-0015078,S-007516,7228,238220,27061.61,Office
SI-0015079,S-007516,3724,236115,65241.95,Crew
SI-0015080,S-007517,5403,722513,27568.34,Storefront
SI-0015081,S-007518,9082,541511,19482.64,Storefront
SI-0015082,S-007519,3632,238320,46256.75,Warehouse
SI-0015083,S-007519,8810,722513,40228.36,Truck
SI-0015084,S-007519,7228,722513,20435.06,Office
SI-0015085,S-007520,5606,722513,21764.05,Storefront
SI-0015086,S-007520,8397,236115,105637.98,Office
SI-0015087,S-007521,7228,236115,20712.7,Warehouse
SI-0015088,S-007521,7228,561720,31463.7,Equipment
SI-0015089,S-007521,5403,236115,70661.42,Storefront
SI-0015090,S-007522,8810,561720,35489.85,Truck
SI-0015091,S-007523,7228,238220,62575.27,Storefront
SI-0015092,S-007524,5403,238220,47453.48,Equipment
SI-0015093,S-007524,3632,236115,22443.56,Warehouse
SI-0015094,S-007525,5606,561720,110338.83,Truck
SI-0015095,S-007525,5403,541612,21213.12,Crew
SI-0015096,S-007526,3724,541612,42140.48,Office
SI-0015097,S-007526,9082,484110,103098.87,Equipment
SI-0015098,S-007526,7228,541511,79830.73,Storefront
SI-0015099,S-007527,3632,238320,18748.43,Crew
SI-0015100,S-007527,5403,561720,9621.68,Storefront
SI-0015101,S-007527,9082,236115,21028.14,Storefront
SI-0015102,S-007528,5606,236115,35205.17,Crew
SI-0015103,S-007528,3632,238220,14001.31,Storefront
SI-0015104,S-007529,8397,561720,21373.82,Warehouse
SI-0015105,S-007529,3632,561720,15232.95,Office
SI-0015106,S-007530,3724,541612,13078.95,Storefront
SI-0015107,S-007530,3724,238220,39054.99,Equipment
SI-0015108,S-007531,7228,238320,25146.02,Warehouse
SI-0015109,S-007531,8810,236115,13686.07,Crew
SI-0015110,S-007531,5606,238320,36901.61,Equipment
SI-0015111,S-007532,5606,722513,18495.56,Storefront
SI-0015112,S-007533,7228,236115,68268.38,Crew
SI-0015113,S-007533,3724,238220,18807.99,Truck
SI-0015114,S-007534,8810,236115,38213.64,Storefront
SI-0015115,S-007535,9082,238220,24968.11,Equipment
SI-0015116,S-007536,8810,541511,22066.59,Warehouse
SI-0015117,S-007536,5403,238220,48454.58,Warehouse
SI-0015118,S-007537,8810,541612,22162.67,Equipment
SI-0015119,S-007537,5606,484110,50623.16,Office
SI-0015120,S-007537,5403,722513,46336.86,Crew
SI-0015121,S-007538,5606,238220,19572.92,Warehouse
SI-0015122,S-007539,7228,541511,52837.1,Equipment
SI-0015123,S-007539,3724,541612,26899.57,Office
SI-0015124,S-007540,8397,238220,88024.95,Office
SI-0015125,S-007540,7228,722513,13565.77,Office
SI-0015126,S-007541,3632,541612,28976.92,Equipment
SI-0015127,S-007541,8397,238220,65773.31,Storefront
SI-0015128,S-007542,7228,541612,97905.6,Storefront
SI-0015129,S-007542,7228,541612,24787.62,Office
SI-0015130,S-007542,3632,722513,48000.51,Warehouse
SI-0015131,S-007543,8810,236115,56714.17,Storefront
SI-0015132,S-007543,5606,541511,91939.15,Warehouse
SI-0015133,S-007544,5403,238320,13215.2,Office
SI-0015134,S-007544,7228,236115,62164.8,Office
SI-0015135,S-007545,5606,238320,50043.39,Storefront
SI-0015136,S-007545,7228,484110,136829.17,Truck
SI-0015137,S-007545,3724,236115,61643.26,Office
SI-0015138,S-007546,5403,722513,21523.99,Warehouse
SI-0015139,S-007546,8397,541612,35757.49,Equipment
SI-0015140,S-007546,3724,236115,24336.1,Warehouse
SI-0015141,S-007547,5403,238220,13451.8,Equipment
SI-0015142,S-007548,3632,236115,6602.06,Storefront
SI-0015143,S-007548,5403,236115,43832.88,Office
SI-0015144,S-007548,8810,541612,11112.6,Equipment
SI-0015145,S-007549,7228,236115,41664.96,Crew
SI-0015146,S-007549,3724,484110,30609.7,Warehouse
SI-0015147,S-007549,7228,541511,46941.25,Warehouse
SI-0015148,S-007550,7228,561720,34092.47,Storefront
SI-0015149,S-007550,5403,722513,26523.08,Office
SI-0015150,S-007550,3632,722513,34970.49,Truck
SI-0015151,S-007551,5403,561720,9453.19,Storefront
SI-0015152,S-007551,3632,484110,39581.0,Equipment
SI-0015153,S-007551,8810,541511,49830.46,Truck
SI-0015154,S-007552,7228,236115,52711.11,Office
SI-0015155,S-007552,3724,484110,71841.84,Equipment
SI-0015156,S-007553,3632,561720,18201.17,Warehouse
SI-0015157,S-007553,8397,238320,10357.04,Equipment
SI-0015158,S-007553,3724,541511,14971.94,Crew
SI-0015159,S-007554,7228,541612,18518.01,Office
SI-0015160,S-007555,9082,484110,61014.57,Warehouse
SI-0015161,S-007556,8810,484110,38776.66,Storefront
SI-0015162,S-007556,7228,541612,63969.31,Truck
SI-0015163,S-007557,5403,236115,12762.22,Crew
SI-0015164,S-007557,3724,722513,24199.02,Crew
SI-0015165,S-007558,3724,238320,43781.09,Office
SI-0015166,S-007559,8810,541612,34379.6,Truck
SI-0015167,S-007559,3632,561720,23481.68,Truck
SI-0015168,S-007560,3632,541511,119668.4,Equipment
SI-0015169,S-007561,8397,238220,25358.3,Crew
SI-0015170,S-007561,8810,541612,58575.53,Warehouse
SI-0015171,S-007562,5606,541511,18860.66,Warehouse
SI-0015172,S-007563,9082,238320,67194.51,Truck
SI-0015173,S-007563,7228,561720,35413.74,Crew
SI-0015174,S-007563,5606,561720,31848.69,Storefront
SI-0015175,S-007564,3632,236115,33360.67,Truck
SI-0015176,S-007565,5403,238320,23040.2,Truck
SI-0015177,S-007565,5403,238220,47857.41,Storefront
SI-0015178,S-007565,9082,561720,57650.31,Storefront
SI-0015179,S-007566,5606,541612,51564.98,Truck
SI-0015180,S-007566,5606,541511,27153.34,Storefront
SI-0015181,S-007566,5606,561720,54894.47,Office
SI-0015182,S-007567,5606,236115,38785.13,Office
SI-0015183,S-007567,3724,236115,20908.46,Storefront
SI-0015184,S-007567,9082,541511,30871.47,Truck
SI-0015185,S-007568,3724,236115,22275.24,Warehouse
SI-0015186,S-007568,3724,238220,62326.25,Truck
SI-0015187,S-007568,5403,722513,53287.21,Warehouse
SI-0015188,S-007569,3632,541612,25925.72,Equipment
SI-0015189,S-007569,9082,484110,20260.91,Warehouse
SI-0015190,S-007569,8397,541612,18806.34,Warehouse
SI-0015191,S-007570,5606,541511,8075.67,Crew
SI-0015192,S-007571,5606,541612,50835.64,Truck
SI-0015193,S-007571,9082,238220,60462.58,Warehouse
SI-0015194,S-007572,9082,484110,65370.33,Storefront
SI-0015195,S-007572,5403,541511,25276.18,Equipment
SI-0015196,S-007572,8397,541511,23404.1,Warehouse
SI-0015197,S-007573,5403,236115,101353.49,Crew
SI-0015198,S-007573,3724,484110,27445.95,Truck
SI-0015199,S-007573,8397,238320,40173.75,Warehouse
SI-0015200,S-007574,5403,561720,68289.52,Equipment
SI-0015201,S-007574,8397,236115,73011.67,Crew
SI-0015202,S-007575,8397,236115,73281.4,Storefront
SI-0015203,S-007575,3632,238220,40678.77,Equipment
SI-0015204,S-007576,5403,238320,21810.31,Storefront
SI-0015205,S-007576,8810,541612,25083.31,Truck
SI-0015206,S-007576,7228,484110,35304.25,Warehouse
SI-0015207,S-007577,8810,238220,14446.13,Crew
SI-0015208,S-007577,8397,238220,23864.96,Truck
SI-0015209,S-007577,5606,484110,23445.43,Equipment
SI-0015210,S-007578,3724,238320,39447.58,Truck
SI-0015211,S-007578,3632,238320,26538.7,Crew
SI-0015212,S-007578,3632,236115,19882.22,Truck
SI-0015213,S-007579,9082,236115,57999.25,Crew
SI-0015214,S-007580,7228,484110,105619.31,Equipment
SI-0015215,S-007581,8397,541612,18400.78,Equipment
SI-0015216,S-007581,5403,238320,12511.06,Warehouse
SI-0015217,S-007581,3724,541511,59922.8,Crew
SI-0015218,S-007582,5606,541511,36272.38,Truck
SI-0015219,S-007583,8810,541612,58346.8,Truck
SI-0015220,S-007583,8810,238320,28275.08,Crew
SI-0015221,S-007583,7228,238220,29822.16,Equipment
SI-0015222,S-007584,8810,561720,19064.04,Storefront
SI-0015223,S-007584,3724,541612,17881.97,Equipment
SI-0015224,S-007585,9082,236115,49994.94,Equipment
SI-0015225,S-007585,5606,541511,50004.79,Equipment
SI-0015226,S-007586,9082,541612,39036.86,Equipment
SI-0015227,S-007586,5606,484110,68906.8,Office
SI-0015228,S-007586,5403,238320,9989.4,Truck
SI-0015229,S-007587,3632,541612,48919.25,Truck
SI-0015230,S-007587,7228,484110,40046.61,Crew
SI-0015231,S-007588,5403,722513,16577.76,Truck
SI-0015232,S-007588,7228,238320,48783.1,Storefront
SI-0015233,S-007589,8397,722513,35486.07,Office
SI-0015234,S-007589,3724,238320,51919.9,Storefront
SI-0015235,S-007589,5403,238320,31483.97,Truck
SI-0015236,S-007590,8810,561720,28986.16,Office
SI-0015237,S-007590,5403,238320,17731.15,Warehouse
SI-0015238,S-007590,5403,561720,33388.67,Crew
SI-0015239,S-007591,3632,238320,30130.81,Crew
SI-0015240,S-007591,5606,541511,42706.42,Office
SI-0015241,S-007592,8397,541511,35758.08,Truck
SI-0015242,S-007592,8810,484110,14081.35,Warehouse
SI-0015243,S-007593,5606,238320,23293.84,Warehouse
SI-0015244,S-007594,3632,722513,24634.46,Crew
SI-0015245,S-007595,9082,238320,40017.79,Storefront
SI-0015246,S-007595,3632,236115,61644.82,Office
SI-0015247,S-007596,5606,561720,52364.79,Crew
SI-0015248,S-007596,3632,561720,33970.55,Crew
SI-0015249,S-007596,9082,238320,8186.22,Warehouse
SI-0015250,S-007597,5606,238320,16345.53,Equipment
SI-0015251,S-007597,8397,238220,24121.71,Crew
SI-0015252,S-007598,7228,722513,20643.03,Truck
SI-0015253,S-007598,3632,541511,34598.12,Crew
SI-0015254,S-007599,3724,238220,38097.4,Truck
SI-0015255,S-007600,7228,541511,38644.7,Equipment
SI-0015256,S-007600,5403,238320,46319.97,Truck
SI-0015257,S-007601,3724,238220,33130.45,Truck
SI-0015258,S-007601,5606,238220,41257.05,Truck
SI-0015259,S-007602,3724,238320,26891.66,Office
SI-0015260,S-007602,3632,541511,28035.88,Storefront
SI-0015261,S-007602,9082,238220,41478.3,Crew
SI-0015262,S-007603,5606,541511,46801.97,Crew
SI-0015263,S-007603,5403,561720,14020.27,Office
SI-0015264,S-007603,9082,236115,50885.54,Crew
SI-0015265,S-007604,8397,541511,15553.4,Crew
SI-0015266,S-007605,9082,238320,91573.72,Office
SI-0015267,S-007605,5606,541612,50882.81,Truck
SI-0015268,S-007606,8397,561720,26940.49,Storefront
SI-0015269,S-007607,9082,722513,100347.7,Truck
SI-0015270,S-007607,9082,541612,14015.5,Office
SI-0015271,S-007607,3632,541511,37742.12,Truck
SI-0015272,S-007608,3632,561720,146691.53,Crew
SI-0015273,S-007609,9082,484110,83258.91,Warehouse
SI-0015274,S-007610,8397,541511,113665.07,Storefront
SI-0015275,S-007611,5606,541612,32088.45,Office
SI-0015276,S-007611,8397,722513,42391.58,Truck
SI-0015277,S-007612,3724,238320,35821.17,Office
SI-0015278,S-007612,8397,236115,33425.11,Storefront
SI-0015279,S-007612,8810,484110,29690.99,Storefront
SI-0015280,S-007613,3724,484110,10831.97,Warehouse
SI-0015281,S-007613,3724,541612,10963.3,Office
SI-0015282,S-007614,5403,541612,41008.38,Crew
SI-0015283,S-007614,9082,484110,164013.69,Warehouse
SI-0015284,S-007615,3724,561720,15304.56,Office
SI-0015285,S-007615,5606,541511,41026.02,Crew
SI-0015286,S-007616,8397,722513,60283.96,Crew
SI-0015287,S-007617,5403,484110,70685.14,Warehouse
SI-0015288,S-007618,9082,541612,14994.72,Office
SI-0015289,S-007618,8397,236115,42321.41,Equipment
SI-0015290,S-007618,8397,238320,24282.67,Warehouse
SI-0015291,S-007619,8397,541612,85719.6,Office
SI-0015292,S-007619,5403,238320,8196.1,Truck
SI-0015293,S-007619,8397,484110,31785.68,Equipment
SI-0015294,S-007620,3632,236115,28712.05,Truck
SI-0015295,S-007620,3724,484110,15206.92,Warehouse
SI-0015296,S-007620,9082,236115,34152.82,Crew
SI-0015297,S-007621,3724,722513,20424.66,Warehouse
SI-0015298,S-007621,9082,722513,10248.27,Office
SI-0015299,S-007622,3724,236115,21192.8,Equipment
SI-0015300,S-007622,3724,541511,20462.06,Truck
SI-0015301,S-007622,3724,236115,33587.39,Storefront
SI-0015302,S-007623,8810,238320,7015.92,Equipment
SI-0015303,S-007624,9082,238320,14976.42,Storefront
SI-0015304,S-007625,5403,238220,24989.51,Office
SI-0015305,S-007625,5606,238220,17514.46,Truck
SI-0015306,S-007625,7228,238220,18895.51,Truck
SI-0015307,S-007626,3632,541612,132201.68,Crew
SI-0015308,S-007626,3632,561720,33486.24,Storefront
SI-0015309,S-007627,8397,236115,21576.05,Crew
SI-0015310,S-007628,3632,561720,30916.88,Storefront
SI-0015311,S-007628,8397,722513,27636.57,Warehouse
SI-0015312,S-007629,5606,238320,127472.21,Crew
SI-0015313,S-007630,7228,484110,39757.35,Office
SI-0015314,S-007630,3724,722513,13118.1,Equipment
SI-0015315,S-007631,5606,541511,29469.79,Crew
SI-0015316,S-007631,9082,236115,15161.46,Storefront
SI-0015317,S-007632,3724,484110,61247.97,Truck
SI-0015318,S-007632,5606,541511,45449.63,Office
SI-0015319,S-007633,9082,236115,34786.62,Office
SI-0015320,S-007633,5403,541612,53884.09,Office
SI-0015321,S-007633,8397,236115,44770.95,Storefront
SI-0015322,S-007634,8810,722513,24786.26,Truck
SI-0015323,S-007634,5403,561720,30345.54,Truck
SI-0015324,S-007635,8810,236115,77977.55,Crew
SI-0015325,S-007635,5403,238220,26170.71,Storefront
SI-0015326,S-007636,8397,541511,52946.27,Office
SI-0015327,S-007636,9082,484110,45715.2,Storefront
SI-0015328,S-007636,7228,238220,34231.57,Storefront
SI-0015329,S-007637,8810,238220,41655.49,Truck
SI-0015330,S-007637,9082,238220,43042.54,Warehouse
SI-0015331,S-007637,8810,722513,68248.96,Warehouse
SI-0015332,S-007638,5403,238220,43199.4,Crew
SI-0015333,S-007638,8810,484110,16034.97,Equipment
SI-0015334,S-007639,3632,722513,12653.85,Crew
SI-0015335,S-007640,7228,236115,31035.91,Office
SI-0015336,S-007640,3632,236115,44370.67,Truck
SI-0015337,S-007641,3724,722513,58264.49,Warehouse
SI-0015338,S-007641,5403,236115,13217.25,Equipment
SI-0015339,S-007642,9082,484110,44018.53,Storefront
SI-0015340,S-007642,8397,561720,86527.84,Office
SI-0015341,S-007643,9082,238320,67670.22,Office
SI-0015342,S-007644,3724,541511,30794.9,Truck
SI-0015343,S-007644,8397,541612,27691.94,Office
SI-0015344,S-007645,8397,541612,28837.27,Office
SI-0015345,S-007645,5403,561720,48206.96,Crew
SI-0015346,S-007645,8397,722513,76456.71,Equipment
SI-0015347,S-007646,3632,722513,89382.77,Storefront
SI-0015348,S-007647,5606,238220,19039.98,Crew
SI-0015349,S-007647,9082,722513,60055.6,Warehouse
SI-0015350,S-007647,7228,236115,26245.24,Office
SI-0015351,S-007648,8810,484110,35511.98,Storefront
SI-0015352,S-007648,3724,236115,13642.3,Truck
SI-0015353,S-007649,8810,561720,37135.42,Warehouse
SI-0015354,S-007649,9082,238320,27248.77,Equipment
SI-0015355,S-007650,5403,236115,53416.41,Crew
SI-0015356,S-007651,5606,236115,8969.11,Storefront
SI-0015357,S-007651,8810,541612,27068.31,Warehouse
SI-0015358,S-007651,5403,561720,25721.35,Office
SI-0015359,S-007652,3632,236115,31813.88,Warehouse
SI-0015360,S-007653,8397,238320,57712.82,Crew
SI-0015361,S-007653,9082,541511,16835.24,Equipment
SI-0015362,S-007653,8810,238220,29879.25,Crew
SI-0015363,S-007654,7228,722513,24747.32,Truck
SI-0015364,S-007655,8397,238320,56730.75,Truck
SI-0015365,S-007655,5403,561720,24874.08,Storefront
SI-0015366,S-007655,3632,722513,21823.5,Truck
SI-0015367,S-007656,5606,561720,43526.74,Storefront
SI-0015368,S-007656,3724,484110,10522.32,Crew
SI-0015369,S-007656,5606,561720,7873.73,Warehouse
SI-0015370,S-007657,5403,238320,13270.97,Office
SI-0015371,S-007658,5403,236115,20433.82,Truck
SI-0015372,S-007659,8810,484110,60168.48,Truck
SI-0015373,S-007659,9082,236115,35586.85,Warehouse
SI-0015374,S-007660,7228,561720,74566.67,Equipment
SI-0015375,S-007660,8810,484110,33836.92,Office
SI-0015376,S-007660,8810,561720,34255.09,Truck
SI-0015377,S-007661,9082,236115,36249.22,Storefront
SI-0015378,S-007661,7228,541612,32366.09,Truck
SI-0015379,S-007661,8397,722513,28836.47,Office
SI-0015380,S-007662,3724,238220,28386.03,Office
SI-0015381,S-007662,5403,722513,14643.95,Equipment
SI-0015382,S-007662,9082,561720,52162.25,Equipment
SI-0015383,S-007663,3724,561720,35579.74,Equipment
SI-0015384,S-007663,9082,541612,47115.24,Equipment
SI-0015385,S-007664,5606,236115,46605.82,Office
SI-0015386,S-007664,5606,484110,30481.12,Truck
SI-0015387,S-007664,5606,238320,35804.7,Crew
SI-0015388,S-007665,8810,541612,16440.04,Office
SI-0015389,S-007665,5403,541511,94859.29,Equipment
SI-0015390,S-007665,8810,238320,21377.3,Equipment
SI-0015391,S-007666,8397,722513,32690.66,Warehouse
SI-0015392,S-007666,8810,561720,31552.09,Storefront
SI-0015393,S-007666,3632,561720,11763.2,Equipment
SI-0015394,S-007667,7228,238220,19633.37,Truck
SI-0015395,S-007667,5606,561720,27502.39,Crew
SI-0015396,S-007667,5403,722513,32756.23,Equipment
SI-0015397,S-007668,5403,722513,29215.67,Office
SI-0015398,S-007669,5606,541511,19186.94,Equipment
SI-0015399,S-007669,9082,561720,11296.14,Crew
SI-0015400,S-007669,3724,484110,72022.73,Office
SI-0015401,S-007670,5403,238220,22922.66,Equipment
SI-0015402,S-007670,8397,484110,6279.53,Office
SI-0015403,S-007671,8397,541612,40288.64,Office
SI-0015404,S-007671,8397,484110,30975.38,Storefront
SI-0015405,S-007671,8397,561720,46142.0,Equipment
SI-0015406,S-007672,9082,722513,52340.39,Storefront
SI-0015407,S-007672,9082,541612,79999.34,Office
SI-0015408,S-007672,9082,484110,22869.31,Equipment
SI-0015409,S-007673,8397,722513,16724.63,Crew
SI-0015410,S-007673,5606,236115,9769.39,Truck
SI-0015411,S-007673,3724,541612,35185.86,Truck
SI-0015412,S-007674,5606,238320,181402.75,Truck
SI-0015413,S-007675,3724,541511,17520.66,Equipment
SI-0015414,S-007675,8810,238320,41972.59,Equipment
SI-0015415,S-007676,7228,238320,111575.3,Storefront
SI-0015416,S-007676,5606,561720,17653.36,Office
SI-0015417,S-007677,5606,484110,24923.19,Crew
SI-0015418,S-007677,9082,238220,22398.62,Equipment
SI-0015419,S-007678,3724,541612,20427.3,Office
SI-0015420,S-007679,3724,238320,18739.01,Storefront
SI-0015421,S-007680,8810,236115,20054.78,Equipment
SI-0015422,S-007681,9082,484110,4504.47,Truck
SI-0015423,S-007681,3632,236115,21265.23,Office
SI-0015424,S-007681,8810,561720,46267.64,Warehouse
SI-0015425,S-007682,7228,722513,18106.09,Crew
SI-0015426,S-007682,8810,238320,34052.77,Crew
SI-0015427,S-007683,8397,238320,52867.95,Crew
SI-0015428,S-007683,9082,722513,43541.72,Storefront
SI-0015429,S-007683,9082,484110,72600.55,Truck
SI-0015430,S-007684,5606,236115,43712.11,Warehouse
SI-0015431,S-007684,8397,722513,35813.85,Warehouse
SI-0015432,S-007684,5403,541612,71353.41,Crew
SI-0015433,S-007685,5403,238220,6947.01,Crew
SI-0015434,S-007685,3724,541511,100784.81,Office
SI-0015435,S-007686,3724,236115,36646.81,Office
SI-0015436,S-007686,3632,541612,16377.84,Warehouse
SI-0015437,S-007686,9082,541612,90253.95,Warehouse
SI-0015438,S-007687,3724,238220,56387.69,Equipment
SI-0015439,S-007687,5606,236115,60750.4,Warehouse
SI-0015440,S-007688,5606,484110,92465.08,Truck
SI-0015441,S-007688,3632,238320,19918.45,Crew
SI-0015442,S-007688,3724,541612,62872.61,Office
SI-0015443,S-007689,7228,238220,61322.03,Storefront
SI-0015444,S-007690,5606,541511,107451.02,Office
SI-0015445,S-007690,7228,238220,10623.27,Crew
SI-0015446,S-007691,5403,722513,47808.83,Truck
SI-0015447,S-007691,3724,541511,76664.02,Warehouse
SI-0015448,S-007692,9082,541612,12022.66,Equipment
SI-0015449,S-007693,3724,722513,58356.65,Storefront
SI-0015450,S-007694,8810,484110,22117.37,Office
SI-0015451,S-007694,3724,561720,85704.5,Equipment
SI-0015452,S-007695,8397,236115,85741.75,Crew
SI-0015453,S-007695,3632,238320,49984.92,Truck
SI-0015454,S-007696,5403,238320,12141.17,Office
SI-0015455,S-007696,9082,238220,51797.26,Equipment
SI-0015456,S-007696,8397,561720,19823.38,Warehouse
SI-0015457,S-007697,7228,561720,14964.56,Warehouse
SI-0015458,S-007697,8810,541612,37051.78,Truck
SI-0015459,S-007697,8810,238320,12500.44,Office
SI-0015460,S-007698,3632,561720,59367.34,Warehouse
SI-0015461,S-007698,9082,484110,26126.52,Crew
SI-0015462,S-007699,5403,236115,20335.89,Office
SI-0015463,S-007700,3632,541612,51783.68,Equipment
SI-0015464,S-007700,9082,236115,6778.45,Crew
SI-0015465,S-007701,8397,236115,19675.14,Crew
SI-0015466,S-007702,3724,238320,33133.67,Warehouse
SI-0015467,S-007702,5606,238320,26765.2,Storefront
SI-0015468,S-007702,8397,238320,24877.96,Office
SI-0015469,S-007703,3724,236115,29617.48,Office
SI-0015470,S-007703,8397,722513,128870.52,Storefront
SI-0015471,S-007703,3632,238220,31483.49,Truck
SI-0015472,S-007704,3724,236115,13675.49,Office
SI-0015473,S-007704,5403,541511,33434.06,Storefront
SI-0015474,S-007705,5403,722513,14370.69,Warehouse
SI-0015475,S-007705,5403,484110,17245.9,Warehouse
SI-0015476,S-007705,5403,238220,15154.25,Crew
SI-0015477,S-007706,3724,236115,17066.6,Crew
SI-0015478,S-007707,8810,722513,16158.13,Storefront
SI-0015479,S-007707,3632,722513,50903.25,Equipment
SI-0015480,S-007707,5403,541511,45038.69,Storefront
SI-0015481,S-007708,3724,238320,52679.6,Truck
SI-0015482,S-007708,8397,561720,37456.09,Equipment
SI-0015483,S-007708,8397,722513,53306.46,Equipment
SI-0015484,S-007709,3632,541511,15507.64,Warehouse
SI-0015485,S-007709,3632,541612,69630.01,Equipment
SI-0015486,S-007709,9082,541612,14388.37,Truck
SI-0015487,S-007710,9082,236115,3725.87,Storefront
SI-0015488,S-007711,3632,484110,9913.77,Truck
SI-0015489,S-007712,5403,722513,24453.06,Office
SI-0015490,S-007712,3632,561720,8703.85,Warehouse
SI-0015491,S-007712,3724,238220,35157.84,Crew
SI-0015492,S-007713,8810,238220,16388.88,Equipment
SI-0015493,S-007713,5606,541511,104496.24,Office
SI-0015494,S-007713,8810,561720,38537.16,Crew
SI-0015495,S-007714,3632,722513,22881.48,Office
SI-0015496,S-007714,3724,238220,29920.69,Warehouse
SI-0015497,S-007715,5606,541511,23841.65,Storefront
SI-0015498,S-007715,5606,484110,80866.2,Truck
SI-0015499,S-007716,9082,561720,21162.08,Storefront
SI-0015500,S-007717,7228,561720,23674.03,Storefront
SI-0015501,S-007718,3632,722513,6955.35,Office
SI-0015502,S-007718,7228,236115,92354.84,Truck
SI-0015503,S-007719,7228,561720,21933.18,Truck
SI-0015504,S-007720,7228,722513,36905.51,Crew
SI-0015505,S-007720,5403,541511,33818.38,Equipment
SI-0015506,S-007721,3724,236115,42124.1,Storefront
SI-0015507,S-007721,5606,238220,61904.55,Truck
SI-0015508,S-007722,5606,722513,38372.77,Equipment
SI-0015509,S-007723,5606,541511,60682.46,Truck
SI-0015510,S-007723,5403,541612,37448.48,Truck
SI-0015511,S-007723,8810,561720,30801.62,Crew
SI-0015512,S-007724,7228,236115,33379.58,Office
SI-0015513,S-007724,8397,484110,28793.7,Crew
SI-0015514,S-007724,8397,722513,12630.48,Equipment
SI-0015515,S-007725,3632,541511,11769.5,Truck
SI-0015516,S-007725,5606,238220,13080.1,Warehouse
SI-0015517,S-007726,8397,238320,11928.37,Truck
SI-0015518,S-007726,7228,238320,11667.65,Office
SI-0015519,S-007727,9082,541612,44107.62,Crew
SI-0015520,S-007727,5403,541511,20473.68,Equipment
SI-0015521,S-007727,7228,238220,17615.09,Crew
SI-0015522,S-007728,8810,238220,48047.25,Storefront
SI-0015523,S-007729,5403,541612,14480.38,Warehouse
SI-0015524,S-007730,7228,561720,5895.03,Equipment
SI-0015525,S-007730,5606,238220,67938.89,Office
SI-0015526,S-007731,7228,484110,91674.13,Crew
SI-0015527,S-007731,8397,561720,9599.32,Equipment
SI-0015528,S-007732,3724,236115,67442.52,Equipment
SI-0015529,S-007732,5606,541612,20855.27,Storefront
SI-0015530,S-007733,7228,484110,21763.24,Office
SI-0015531,S-007733,9082,236115,57910.82,Truck
SI-0015532,S-007734,5403,541511,28743.31,Equipment
SI-0015533,S-007734,3632,722513,38888.66,Crew
SI-0015534,S-007735,8810,541612,11452.99,Office
SI-0015535,S-007735,5606,484110,27328.45,Truck
SI-0015536,S-007735,3724,541612,71345.61,Equipment
SI-0015537,S-007736,3724,561720,16684.69,Warehouse
SI-0015538,S-007736,3632,541511,12677.63,Storefront
SI-0015539,S-007736,7228,541612,13634.26,Equipment
SI-0015540,S-007737,5606,541612,8972.49,Warehouse
SI-0015541,S-007737,3632,561720,52656.94,Crew
SI-0015542,S-007738,7228,561720,43996.47,Crew
SI-0015543,S-007739,9082,484110,10012.29,Office
SI-0015544,S-007740,5403,541511,14320.99,Crew
SI-0015545,S-007740,3632,484110,87480.43,Storefront
SI-0015546,S-007741,8397,238320,44887.21,Warehouse
SI-0015547,S-007742,8397,238320,5320.16,Equipment
SI-0015548,S-007742,5606,236115,40715.01,Equipment
SI-0015549,S-007743,5606,541612,29170.56,Truck
SI-0015550,S-007743,7228,484110,41290.43,Truck
SI-0015551,S-007743,8810,541612,14329.67,Warehouse
SI-0015552,S-007744,3724,484110,27865.85,Warehouse
SI-0015553,S-007745,5606,238220,62444.24,Office
SI-0015554,S-007745,5606,238320,24933.57,Office
SI-0015555,S-007745,8810,722513,20770.86,Truck
SI-0015556,S-007746,8810,541511,47949.66,Office
SI-0015557,S-007747,9082,484110,44093.33,Storefront
SI-0015558,S-007747,8397,541511,53666.05,Office
SI-0015559,S-007748,9082,238220,83487.24,Storefront
SI-0015560,S-007749,3724,238320,34485.62,Warehouse
SI-0015561,S-007750,5403,238320,34974.91,Office
SI-0015562,S-007750,5606,238220,8863.01,Crew
SI-0015563,S-007750,3632,722513,89570.83,Crew
SI-0015564,S-007751,8397,561720,20397.68,Equipment
SI-0015565,S-007751,3632,722513,70976.95,Warehouse
SI-0015566,S-007752,8397,236115,35702.52,Warehouse
SI-0015567,S-007752,5606,238220,27171.11,Storefront
SI-0015568,S-007752,7228,238220,13026.33,Office
SI-0015569,S-007753,5606,722513,18165.15,Storefront
SI-0015570,S-007753,7228,541612,18896.07,Office
SI-0015571,S-007754,8810,236115,21282.87,Storefront
SI-0015572,S-007754,7228,541511,27958.04,Crew
SI-0015573,S-007754,5403,238220,38149.38,Equipment
SI-0015574,S-007755,9082,541612,43451.4,Storefront
SI-0015575,S-007755,8397,236115,26780.07,Crew
SI-0015576,S-007756,3632,236115,38038.66,Equipment
SI-0015577,S-007756,9082,236115,46382.53,Office
SI-0015578,S-007756,9082,541511,26539.42,Storefront
SI-0015579,S-007757,5606,541612,65008.77,Office
SI-0015580,S-007757,8397,238220,27562.26,Office
SI-0015581,S-007757,8397,238320,49104.81,Truck
SI-0015582,S-007758,5606,541612,66644.87,Office
SI-0015583,S-007758,3724,238320,66867.05,Equipment
SI-0015584,S-007759,8397,238220,14389.58,Storefront
SI-0015585,S-007759,5403,561720,35104.25,Warehouse
SI-0015586,S-007759,8397,541612,23697.68,Equipment
SI-0015587,S-007760,9082,561720,28756.34,Office
SI-0015588,S-007761,5403,238220,81289.96,Storefront
SI-0015589,S-007762,3724,484110,17111.9,Storefront
SI-0015590,S-007762,9082,561720,17335.55,Crew
SI-0015591,S-007762,5606,561720,60783.11,Truck
SI-0015592,S-007763,8397,238320,29588.99,Equipment
SI-0015593,S-007763,5403,236115,66356.92,Office
SI-0015594,S-007764,3724,722513,87240.35,Truck
SI-0015595,S-007764,8810,541511,12495.26,Truck
SI-0015596,S-007764,3632,238320,9890.35,Equipment
SI-0015597,S-007765,8397,541511,36212.26,Crew
SI-0015598,S-007765,5606,541511,18600.08,Storefront
SI-0015599,S-007766,8810,561720,31240.88,Equipment
SI-0015600,S-007767,8810,561720,21250.51,Storefront
SI-0015601,S-007767,3632,238320,19378.96,Equipment
SI-0015602,S-007768,3632,561720,36451.0,Warehouse
SI-0015603,S-007768,8397,238220,30314.94,Storefront
SI-0015604,S-007769,5606,238220,41836.69,Warehouse
SI-0015605,S-007770,8810,561720,16162.47,Crew
SI-0015606,S-007770,3632,238320,115286.87,Office
SI-0015607,S-007770,9082,541511,48023.79,Equipment
SI-0015608,S-007771,8810,541511,26304.04,Warehouse
SI-0015609,S-007772,5403,541612,99715.28,Storefront
SI-0015610,S-007772,8810,484110,42620.86,Crew
SI-0015611,S-007772,3724,238220,52032.13,Office
SI-0015612,S-007773,8397,484110,19368.08,Crew
SI-0015613,S-007774,3724,541612,32944.71,Storefront
SI-0015614,S-007774,7228,561720,59134.58,Office
SI-0015615,S-007775,8397,238220,56991.69,Storefront
SI-0015616,S-007775,3632,541511,88590.5,Office
SI-0015617,S-007775,5606,238220,23856.23,Storefront
SI-0015618,S-007776,5403,541612,57896.03,Warehouse
SI-0015619,S-007776,3724,484110,22036.2,Office
SI-0015620,S-007777,5403,561720,41641.48,Storefront
SI-0015621,S-007778,8810,238320,56406.17,Warehouse
SI-0015622,S-007779,8397,484110,50190.35,Storefront
SI-0015623,S-007780,8397,541511,20789.84,Equipment
SI-0015624,S-007780,8397,238220,106304.09,Equipment
SI-0015625,S-007780,9082,722513,14333.33,Storefront
SI-0015626,S-007781,8810,484110,24092.63,Equipment
SI-0015627,S-007782,3724,238320,17388.7,Crew
SI-0015628,S-007782,3724,484110,34978.4,Warehouse
SI-0015629,S-007783,8397,541511,25398.05,Truck
SI-0015630,S-007783,5606,541612,10645.54,Truck
SI-0015631,S-007783,5606,541612,36841.9,Crew
SI-0015632,S-007784,8810,236115,14080.64,Equipment
SI-0015633,S-007784,5606,484110,40051.73,Crew
SI-0015634,S-007785,9082,722513,39266.59,Storefront
SI-0015635,S-007786,8810,238320,14942.35,Truck
SI-0015636,S-007786,3632,541511,51265.38,Warehouse
SI-0015637,S-007787,7228,238320,25678.79,Equipment
SI-0015638,S-007788,9082,722513,25429.46,Equipment
SI-0015639,S-007788,5403,541612,80324.75,Equipment
SI-0015640,S-007789,3724,238320,27146.47,Office
SI-0015641,S-007789,5606,541511,4537.43,Truck
SI-0015642,S-007789,8810,541511,26126.44,Equipment
SI-0015643,S-007790,3632,541612,14857.18,Truck
SI-0015644,S-007790,8397,238320,58753.67,Truck
SI-0015645,S-007790,3632,238320,55898.9,Office
SI-0015646,S-007791,7228,541612,22095.7,Crew
SI-0015647,S-007791,7228,238320,31734.91,Storefront
SI-0015648,S-007792,7228,541612,25009.75,Storefront
SI-0015649,S-007792,8397,541612,68397.5,Storefront
SI-0015650,S-007792,5403,722513,56643.54,Crew
SI-0015651,S-007793,5403,722513,24319.44,Truck
SI-0015652,S-007793,8810,236115,24494.61,Storefront
SI-0015653,S-007793,3724,541612,19433.62,Warehouse
SI-0015654,S-007794,9082,238320,59933.33,Storefront
SI-0015655,S-007795,5403,541511,15384.06,Warehouse
SI-0015656,S-007796,9082,236115,10115.86,Equipment
SI-0015657,S-007796,3724,238220,50973.51,Office
SI-0015658,S-007796,7228,541511,26540.6,Equipment
SI-0015659,S-007797,7228,541612,32344.31,Storefront
SI-0015660,S-007797,8810,238220,7104.86,Equipment
SI-0015661,S-007798,8397,236115,19551.16,Warehouse
SI-0015662,S-007798,5403,238320,41182.95,Equipment
SI-0015663,S-007799,9082,236115,15209.87,Warehouse
SI-0015664,S-007799,5606,541612,52296.29,Crew
SI-0015665,S-007800,3632,722513,89519.68,Crew
SI-0015666,S-007800,5606,484110,6780.04,Storefront
SI-0015667,S-007800,3724,238220,31506.59,Truck
SI-0015668,S-007801,9082,561720,27113.25,Storefront
SI-0015669,S-007801,8810,541612,27368.63,Office
SI-0015670,S-007801,7228,238320,27423.47,Storefront
SI-0015671,S-007802,5403,238320,46750.91,Equipment
SI-0015672,S-007802,5606,484110,34255.06,Crew
SI-0015673,S-007802,8397,541511,30759.9,Crew
SI-0015674,S-007803,7228,238320,32128.75,Equipment
SI-0015675,S-007804,5606,561720,22820.85,Crew
SI-0015676,S-007804,5403,238220,22249.92,Equipment
SI-0015677,S-007804,3724,236115,60612.29,Storefront
SI-0015678,S-007805,3724,541612,16638.63,Crew
SI-0015679,S-007805,8397,484110,17496.5,Storefront
SI-0015680,S-007806,3724,561720,34201.67,Truck
SI-0015681,S-007807,7228,541511,45542.23,Warehouse
SI-0015682,S-007808,5606,236115,61898.14,Warehouse
SI-0015683,S-007808,7228,236115,16463.84,Warehouse
SI-0015684,S-007809,8810,561720,15935.13,Office
SI-0015685,S-007809,5403,541511,26346.94,Storefront
SI-0015686,S-007810,5403,561720,16108.93,Storefront
SI-0015687,S-007810,3724,541612,54390.6,Office
SI-0015688,S-007811,8810,561720,32506.06,Truck
SI-0015689,S-007811,3724,484110,34163.58,Truck
SI-0015690,S-007812,7228,722513,49836.54,Equipment
SI-0015691,S-007813,3724,238320,54772.09,Truck
SI-0015692,S-007814,3724,236115,23062.96,Warehouse
SI-0015693,S-007815,3632,484110,15286.83,Equipment
SI-0015694,S-007815,9082,541511,27643.77,Truck
SI-0015695,S-007816,5403,484110,24930.93,Truck
SI-0015696,S-007816,3724,722513,7987.1,Crew
SI-0015697,S-007816,7228,541612,67482.33,Crew
SI-0015698,S-007817,5403,238320,21980.08,Crew
SI-0015699,S-007817,5606,484110,14329.68,Equipment
SI-0015700,S-007818,5403,541511,80939.77,Crew
SI-0015701,S-007818,8810,236115,67657.65,Storefront
SI-0015702,S-007819,3724,484110,41479.59,Crew
SI-0015703,S-007819,7228,238220,15547.51,Truck
SI-0015704,S-007819,9082,541511,34278.04,Office
SI-0015705,S-007820,9082,541612,24882.55,Storefront
SI-0015706,S-007820,8810,238220,7625.51,Office
SI-0015707,S-007821,3724,561720,34080.25,Storefront
SI-0015708,S-007821,9082,238320,42790.48,Equipment
SI-0015709,S-007821,8397,722513,13917.67,Warehouse
SI-0015710,S-007822,8397,561720,50199.16,Warehouse
SI-0015711,S-007823,9082,561720,32621.54,Equipment
SI-0015712,S-007823,9082,722513,22433.88,Storefront
SI-0015713,S-007824,5606,541511,8883.4,Warehouse
SI-0015714,S-007824,3632,541511,65604.69,Storefront
SI-0015715,S-007825,5606,238220,36400.61,Equipment
SI-0015716,S-007826,5606,484110,82077.75,Warehouse
SI-0015717,S-007827,7228,238220,35317.65,Office
SI-0015718,S-007827,3724,722513,10716.95,Storefront
SI-0015719,S-007828,9082,722513,45838.25,Warehouse
SI-0015720,S-007828,9082,561720,74319.73,Office
SI-0015721,S-007829,3724,541612,4415.11,Office
SI-0015722,S-007830,8810,238320,22483.07,Warehouse
SI-0015723,S-007831,3632,238320,16832.95,Warehouse
SI-0015724,S-007831,8397,238220,11836.1,Truck
SI-0015725,S-007832,7228,238320,26201.01,Storefront
SI-0015726,S-007833,5606,238320,15494.78,Office
SI-0015727,S-007833,5403,236115,54453.83,Truck
SI-0015728,S-007833,3724,541612,28035.42,Crew
SI-0015729,S-007834,3724,561720,22608.64,Crew
SI-0015730,S-007834,5606,236115,16293.68,Office
SI-0015731,S-007835,9082,722513,21831.76,Crew
SI-0015732,S-007835,7228,236115,40532.1,Equipment
SI-0015733,S-007835,3632,722513,32846.56,Crew
SI-0015734,S-007836,3724,561720,8719.63,Storefront
SI-0015735,S-007836,7228,722513,50358.32,Office
SI-0015736,S-007836,5403,238220,34417.71,Warehouse
SI-0015737,S-007837,3632,484110,19606.2,Office
SI-0015738,S-007838,5606,541511,93825.62,Warehouse
SI-0015739,S-007839,3632,541511,59371.87,Crew
SI-0015740,S-007840,5403,484110,17530.36,Equipment
SI-0015741,S-007840,8397,236115,15506.34,Equipment
SI-0015742,S-007841,7228,484110,64715.61,Warehouse
SI-0015743,S-007841,7228,541511,20775.49,Equipment
SI-0015744,S-007842,8397,484110,7428.28,Warehouse
SI-0015745,S-007842,3632,541612,28416.52,Office
SI-0015746,S-007842,5403,561720,37236.42,Office
SI-0015747,S-007843,9082,238320,22425.3,Warehouse
SI-0015748,S-007843,7228,484110,23820.63,Equipment
SI-0015749,S-007843,8810,561720,49631.84,Truck
SI-0015750,S-007844,8397,484110,35799.64,Equipment
SI-0015751,S-007844,7228,238320,13405.54,Truck
SI-0015752,S-007845,8397,238220,13262.2,Crew
SI-0015753,S-007845,5403,236115,18431.13,Office
SI-0015754,S-007845,5403,484110,27750.34,Office
SI-0015755,S-007846,8397,561720,22962.84,Equipment
SI-0015756,S-007846,8397,238320,214824.17,Office
SI-0015757,S-007846,9082,484110,38059.92,Storefront
SI-0015758,S-007847,5606,238320,44194.76,Office
SI-0015759,S-007848,3632,484110,43125.53,Office
SI-0015760,S-007848,5606,722513,13195.95,Crew
SI-0015761,S-007848,5606,561720,84425.08,Equipment
SI-0015762,S-007849,5403,238320,20215.55,Storefront
SI-0015763,S-007849,3724,236115,18070.73,Storefront
SI-0015764,S-007849,3632,238220,20617.1,Warehouse
SI-0015765,S-007850,9082,541511,34332.7,Equipment
SI-0015766,S-007851,9082,541612,54903.72,Equipment
SI-0015767,S-007851,7228,722513,29440.36,Storefront
SI-0015768,S-007851,9082,238320,19757.8,Truck
SI-0015769,S-007852,3632,238320,30480.25,Office
SI-0015770,S-007852,5606,541612,16677.54,Storefront
SI-0015771,S-007852,7228,541612,50574.42,Truck
SI-0015772,S-007853,8810,722513,52683.99,Warehouse
SI-0015773,S-007853,5403,484110,37179.02,Truck
SI-0015774,S-007854,3632,484110,54615.26,Crew
SI-0015775,S-007854,9082,236115,51049.04,Crew
SI-0015776,S-007854,5606,541511,24189.73,Equipment
SI-0015777,S-007855,8397,238320,23367.98,Crew
SI-0015778,S-007855,8810,541511,8228.43,Warehouse
SI-0015779,S-007855,5606,484110,36681.52,Office
SI-0015780,S-007856,9082,541511,24510.76,Equipment
SI-0015781,S-007857,8810,238320,19659.47,Storefront
SI-0015782,S-007858,9082,238320,37591.31,Equipment
SI-0015783,S-007859,8810,236115,34305.0,Truck
SI-0015784,S-007859,5606,722513,21052.54,Truck
SI-0015785,S-007859,7228,238220,76665.35,Warehouse
SI-0015786,S-007860,8810,238320,48392.13,Warehouse
SI-0015787,S-007860,5606,541511,16826.41,Equipment
SI-0015788,S-007861,9082,484110,15890.8,Warehouse
SI-0015789,S-007861,5403,238220,27163.93,Warehouse
SI-0015790,S-007862,5606,238320,41322.38,Crew
SI-0015791,S-007862,9082,238220,33829.71,Equipment
SI-0015792,S-007863,8397,238220,14191.46,Storefront
SI-0015793,S-007863,8397,561720,23895.48,Crew
SI-0015794,S-007864,5606,236115,23909.24,Office
SI-0015795,S-007865,8810,238220,67438.1,Crew
SI-0015796,S-007865,3632,722513,117082.07,Equipment
SI-0015797,S-007865,5403,238220,18775.61,Truck
SI-0015798,S-007866,8397,484110,39369.65,Warehouse
SI-0015799,S-007866,8397,561720,45438.93,Equipment
SI-0015800,S-007866,3724,541612,33466.04,Office
SI-0015801,S-007867,9082,484110,13405.1,Crew
SI-0015802,S-007868,8810,541511,37129.61,Equipment
SI-0015803,S-007869,8397,722513,27515.1,Crew
SI-0015804,S-007869,7228,484110,21383.87,Office
SI-0015805,S-007869,5403,541612,59624.72,Office
SI-0015806,S-007870,3724,541511,46842.31,Office
SI-0015807,S-007870,8810,238320,42543.82,Truck
SI-0015808,S-007871,5403,238320,74021.62,Equipment
SI-0015809,S-007871,7228,238320,24305.97,Crew
SI-0015810,S-007871,5606,561720,49105.18,Office
SI-0015811,S-007872,8397,561720,41802.44,Truck
SI-0015812,S-007873,7228,541612,55398.07,Truck
SI-0015813,S-007874,8810,484110,20171.11,Office
SI-0015814,S-007874,3632,541612,62475.84,Storefront
SI-0015815,S-007874,9082,561720,23592.42,Truck
SI-0015816,S-007875,3724,541612,57282.29,Truck
SI-0015817,S-007876,8810,238220,131984.25,Equipment
SI-0015818,S-007876,5606,722513,27172.58,Equipment
SI-0015819,S-007877,3632,236115,29540.69,Storefront
SI-0015820,S-007878,3724,541612,6657.88,Warehouse
SI-0015821,S-007878,3724,238220,21549.99,Office
SI-0015822,S-007878,5403,484110,21905.55,Office
SI-0015823,S-007879,3632,561720,29133.97,Equipment
SI-0015824,S-007880,5403,722513,109426.31,Office
SI-0015825,S-007880,8810,238320,107742.59,Warehouse
SI-0015826,S-007880,3632,484110,17485.47,Crew
SI-0015827,S-007881,8810,238320,45749.18,Truck
SI-0015828,S-007881,7228,722513,126988.91,Office
SI-0015829,S-007881,8397,484110,29085.14,Warehouse
SI-0015830,S-007882,9082,541612,16156.46,Equipment
SI-0015831,S-007883,7228,484110,38155.07,Truck
SI-0015832,S-007883,5403,541612,8994.87,Equipment
SI-0015833,S-007884,3632,238320,26394.49,Equipment
SI-0015834,S-007885,9082,541612,11960.55,Truck
SI-0015835,S-007885,9082,484110,21257.21,Crew
SI-0015836,S-007886,9082,238220,15150.38,Equipment
SI-0015837,S-007887,8810,238220,112009.53,Equipment
SI-0015838,S-007887,9082,238320,58975.61,Storefront
SI-0015839,S-007887,3632,238220,19201.25,Warehouse
SI-0015840,S-007888,7228,722513,98458.73,Warehouse
SI-0015841,S-007888,5606,561720,20425.19,Warehouse
SI-0015842,S-007889,7228,722513,16271.55,Equipment
SI-0015843,S-007889,8397,541511,40287.07,Office
SI-0015844,S-007890,3724,236115,40783.7,Storefront
SI-0015845,S-007890,3632,236115,9491.86,Warehouse
SI-0015846,S-007891,8397,722513,175033.75,Equipment
SI-0015847,S-007892,7228,238320,28592.35,Warehouse
SI-0015848,S-007892,8397,722513,39354.53,Storefront
SI-0015849,S-007893,5403,238320,12393.84,Office
SI-0015850,S-007893,9082,541511,23645.77,Office
SI-0015851,S-007893,9082,541612,23960.23,Warehouse
SI-0015852,S-007894,5403,541612,17567.91,Equipment
SI-0015853,S-007894,5403,561720,59037.97,Warehouse
SI-0015854,S-007895,3724,541511,25749.98,Warehouse
SI-0015855,S-007895,3724,561720,68968.13,Storefront
SI-0015856,S-007896,7228,238220,25560.8,Crew
SI-0015857,S-007897,5606,722513,11630.44,Warehouse
SI-0015858,S-007897,8810,541511,9191.84,Office
SI-0015859,S-007898,3632,541511,11531.59,Crew
SI-0015860,S-007898,5403,541511,45694.72,Warehouse
SI-0015861,S-007899,8810,236115,36111.0,Warehouse
SI-0015862,S-007899,8810,722513,43793.42,Crew
SI-0015863,S-007900,9082,238320,39100.64,Storefront
SI-0015864,S-007901,3632,236115,28769.46,Crew
SI-0015865,S-007901,9082,484110,44266.49,Crew
SI-0015866,S-007901,9082,722513,14230.31,Warehouse
SI-0015867,S-007902,9082,238320,22685.47,Crew
SI-0015868,S-007903,8810,484110,14186.73,Equipment
SI-0015869,S-007903,8397,561720,44830.35,Crew
SI-0015870,S-007904,8397,484110,101981.22,Equipment
SI-0015871,S-007904,9082,722513,49555.12,Truck
SI-0015872,S-007905,3724,541511,29024.66,Equipment
SI-0015873,S-007905,5403,238320,66812.93,Crew
SI-0015874,S-007905,9082,561720,50703.42,Truck
SI-0015875,S-007906,5606,238220,68983.22,Crew
SI-0015876,S-007906,8810,238220,31083.9,Equipment
SI-0015877,S-007907,3632,238220,19265.67,Crew
SI-0015878,S-007908,9082,722513,24255.79,Office
SI-0015879,S-007908,7228,238320,59899.82,Truck
SI-0015880,S-007908,7228,561720,9053.84,Storefront
SI-0015881,S-007909,7228,238320,19665.37,Crew
SI-0015882,S-007909,5403,541511,86819.63,Warehouse
SI-0015883,S-007910,9082,722513,34287.64,Warehouse
SI-0015884,S-007911,8397,561720,6801.68,Office
SI-0015885,S-007911,8397,484110,73759.93,Truck
SI-0015886,S-007912,9082,541511,48842.24,Crew
SI-0015887,S-007912,3724,722513,33248.79,Warehouse
SI-0015888,S-007912,8397,541511,33631.77,Office
SI-0015889,S-007913,8397,561720,26946.48,Truck
SI-0015890,S-007914,3632,561720,28262.77,Storefront
SI-0015891,S-007914,7228,236115,27611.15,Equipment
SI-0015892,S-007915,8810,541612,105657.62,Crew
SI-0015893,S-007915,5403,541612,17995.83,Office
SI-0015894,S-007916,7228,722513,46834.0,Truck
SI-0015895,S-007916,3632,541511,29571.7,Office
SI-0015896,S-007916,8810,238220,50647.53,Office
SI-0015897,S-007917,9082,722513,16030.32,Crew
SI-0015898,S-007917,8397,238320,158844.59,Office
SI-0015899,S-007917,3724,561720,83075.5,Equipment
SI-0015900,S-007918,3632,238320,46791.31,Truck
SI-0015901,S-007918,8397,541511,13572.03,Office
SI-0015902,S-007919,8397,722513,74525.22,Office
SI-0015903,S-007919,3632,484110,25390.03,Equipment
SI-0015904,S-007920,8397,561720,52812.2,Crew
SI-0015905,S-007921,5403,236115,26848.95,Truck
SI-0015906,S-007922,3632,561720,36575.29,Storefront
SI-0015907,S-007923,5606,541511,28779.82,Crew
SI-0015908,S-007923,3724,722513,132432.68,Truck
SI-0015909,S-007923,7228,236115,70070.28,Crew
SI-0015910,S-007924,3632,541612,31066.54,Equipment
SI-0015911,S-007924,8397,236115,22250.09,Equipment
SI-0015912,S-007925,3632,722513,56895.54,Truck
SI-0015913,S-007925,3632,238220,21892.0,Truck
SI-0015914,S-007926,5606,238320,149762.08,Truck
SI-0015915,S-007926,3724,541612,19605.65,Office
SI-0015916,S-007926,3632,484110,37496.96,Equipment
SI-0015917,S-007927,7228,238220,17676.25,Office
SI-0015918,S-007927,9082,238220,41137.97,Crew
SI-0015919,S-007928,9082,541612,25607.78,Truck
SI-0015920,S-007929,8397,484110,40699.99,Office
SI-0015921,S-007929,7228,561720,50957.4,Storefront
SI-0015922,S-007930,9082,484110,17988.55,Office
SI-0015923,S-007930,3632,722513,36180.06,Equipment
SI-0015924,S-007931,3724,236115,24829.5,Office
SI-0015925,S-007932,5606,238320,11984.52,Office
SI-0015926,S-007933,7228,541612,52655.02,Warehouse
SI-0015927,S-007933,3724,561720,25460.48,Crew
SI-0015928,S-007934,5403,238220,15746.64,Storefront
SI-0015929,S-007934,3632,541612,22418.38,Storefront
SI-0015930,S-007934,9082,722513,22128.7,Truck
SI-0015931,S-007935,8810,238320,18891.19,Truck
SI-0015932,S-007936,9082,541511,17494.09,Equipment
SI-0015933,S-007936,3724,484110,20466.11,Equipment
SI-0015934,S-007936,3632,561720,61044.14,Truck
SI-0015935,S-007937,5403,238220,27337.41,Equipment
SI-0015936,S-007938,5403,541612,38871.9,Office
SI-0015937,S-007938,3724,541612,22719.14,Warehouse
SI-0015938,S-007939,3632,236115,8149.88,Office
SI-0015939,S-007939,5606,561720,50862.61,Office
SI-0015940,S-007940,3724,541612,24640.95,Warehouse
SI-0015941,S-007940,5403,484110,10485.8,Equipment
SI-0015942,S-007940,8810,236115,9246.67,Equipment
SI-0015943,S-007941,3632,541511,12483.59,Crew
SI-0015944,S-007942,3724,238220,68399.46,Equipment
SI-0015945,S-007942,3724,238320,16167.37,Office
SI-0015946,S-007943,8397,238320,30560.92,Equipment
SI-0015947,S-007944,5403,541511,74298.57,Truck
SI-0015948,S-007944,5403,722513,60271.81,Equipment
SI-0015949,S-007944,7228,236115,34103.26,Storefront
SI-0015950,S-007945,7228,541511,13714.21,Truck
SI-0015951,S-007945,3632,541511,13787.24,Truck
SI-0015952,S-007946,8397,238320,76280.64,Office
SI-0015953,S-007947,5403,541511,30455.19,Truck
SI-0015954,S-007947,8810,238320,41716.09,Equipment
SI-0015955,S-007947,5403,238320,71548.21,Office
SI-0015956,S-007948,9082,238220,34257.9,Truck
SI-0015957,S-007948,3632,236115,83410.98,Truck
SI-0015958,S-007949,5403,722513,161095.7,Equipment
SI-0015959,S-007949,5403,236115,52383.77,Crew
SI-0015960,S-007949,5403,541612,67885.24,Warehouse
SI-0015961,S-007950,3632,236115,17960.37,Equipment
SI-0015962,S-007950,8397,541612,27505.09,Warehouse
SI-0015963,S-007950,8397,561720,30849.59,Equipment
SI-0015964,S-007951,9082,238320,13459.8,Crew
SI-0015965,S-007952,8397,484110,40733.13,Office
SI-0015966,S-007953,5606,238220,42384.95,Equipment
SI-0015967,S-007954,7228,541511,31335.72,Storefront
SI-0015968,S-007955,3632,541511,25394.76,Warehouse
SI-0015969,S-007955,3632,541511,9124.19,Truck
SI-0015970,S-007956,3724,561720,4922.54,Equipment
SI-0015971,S-007957,9082,238320,36651.01,Office
SI-0015972,S-007957,7228,238320,78233.59,Warehouse
SI-0015973,S-007957,3724,561720,26265.39,Office
SI-0015974,S-007958,3724,238320,24368.34,Crew
SI-0015975,S-007958,3724,484110,55231.31,Truck
SI-0015976,S-007958,8397,722513,57762.31,Office
SI-0015977,S-007959,5403,722513,20594.4,Warehouse
SI-0015978,S-007960,5403,541612,132708.64,Office
SI-0015979,S-007960,3724,561720,11723.87,Storefront
SI-0015980,S-007961,5403,238220,20817.08,Warehouse
SI-0015981,S-007962,3632,238320,36631.16,Crew
SI-0015982,S-007962,3724,238320,66427.04,Storefront
SI-0015983,S-007963,5403,561720,15053.58,Office
SI-0015984,S-007963,3724,238220,14354.43,Storefront
SI-0015985,S-007963,5606,722513,75210.15,Storefront
SI-0015986,S-007964,8397,722513,51568.22,Crew
SI-0015987,S-007965,5606,238220,51165.15,Equipment
SI-0015988,S-007965,3724,561720,40840.8,Warehouse
SI-0015989,S-007966,8397,238320,78070.88,Storefront
SI-0015990,S-007966,3632,236115,36366.43,Equipment
SI-0015991,S-007967,8397,541612,46092.03,Equipment
SI-0015992,S-007968,3724,238320,50218.12,Storefront
SI-0015993,S-007969,7228,722513,30628.26,Office
SI-0015994,S-007969,5606,484110,16253.53,Truck
SI-0015995,S-007969,3632,238220,14838.29,Storefront
SI-0015996,S-007970,8810,238220,166435.1,Crew
SI-0015997,S-007970,3724,238320,25856.29,Truck
SI-0015998,S-007971,5606,561720,49526.42,Crew
SI-0015999,S-007971,5606,484110,44669.92,Warehouse
SI-0016000,S-007972,3632,236115,29496.64,Crew
SI-0016001,S-007972,7228,541612,108734.28,Warehouse
SI-0016002,S-007972,5606,561720,42411.41,Equipment
SI-0016003,S-007973,5606,238220,46872.63,Equipment
SI-0016004,S-007973,3632,484110,16589.68,Storefront
SI-0016005,S-007973,3632,238320,15956.3,Office
SI-0016006,S-007974,5403,238220,53760.15,Storefront
SI-0016007,S-007974,5403,541511,21409.48,Equipment
SI-0016008,S-007974,3632,541612,44573.12,Warehouse
SI-0016009,S-007975,8397,238220,24659.8,Equipment
SI-0016010,S-007976,3632,484110,10489.4,Crew
SI-0016011,S-007977,3724,238220,37085.48,Equipment
SI-0016012,S-007977,5403,541612,39284.14,Crew
SI-0016013,S-007977,5403,561720,36851.98,Office
SI-0016014,S-007978,8810,238320,32571.34,Equipment
SI-0016015,S-007978,3724,484110,25159.67,Truck
SI-0016016,S-007979,5606,236115,9596.78,Storefront
SI-0016017,S-007979,8397,238220,58664.72,Equipment
SI-0016018,S-007979,5606,484110,5962.57,Warehouse
SI-0016019,S-007980,7228,238220,46057.87,Warehouse
SI-0016020,S-007980,8810,484110,7297.84,Crew
SI-0016021,S-007981,8397,484110,42758.33,Warehouse
SI-0016022,S-007981,3724,561720,76448.09,Equipment
SI-0016023,S-007981,9082,484110,4033.36,Truck
SI-0016024,S-007982,9082,541612,33309.66,Equipment
SI-0016025,S-007982,9082,722513,42540.92,Equipment
SI-0016026,S-007982,8810,722513,24060.99,Storefront
SI-0016027,S-007983,7228,238220,38318.77,Storefront
SI-0016028,S-007983,3724,541612,50333.69,Warehouse
SI-0016029,S-007983,3632,541612,16919.48,Warehouse
SI-0016030,S-007984,8810,484110,69385.09,Storefront
SI-0016031,S-007984,5403,722513,25733.58,Storefront
SI-0016032,S-007985,5606,541612,14656.06,Warehouse
SI-0016033,S-007986,8397,541612,16422.28,Warehouse
SI-0016034,S-007986,5403,541511,45248.6,Office
SI-0016035,S-007987,5606,722513,31388.11,Warehouse
SI-0016036,S-007988,7228,238220,34865.97,Equipment
SI-0016037,S-007989,5606,236115,95999.13,Warehouse
SI-0016038,S-007989,7228,541612,30392.99,Office
SI-0016039,S-007990,3724,561720,85649.35,Warehouse
SI-0016040,S-007990,3724,541612,6263.19,Office
SI-0016041,S-007990,5606,238220,67004.47,Storefront
SI-0016042,S-007991,5606,541511,39731.03,Crew
SI-0016043,S-007992,8397,561720,69532.15,Office
SI-0016044,S-007993,3632,236115,43534.63,Truck
SI-0016045,S-007993,3724,238320,6221.47,Warehouse
SI-0016046,S-007993,5403,238320,27669.34,Warehouse
SI-0016047,S-007994,9082,561720,32972.03,Equipment
SI-0016048,S-007995,3632,236115,24856.87,Storefront
SI-0016049,S-007996,5403,722513,17253.17,Equipment
SI-0016050,S-007997,3724,236115,98548.59,Truck
SI-0016051,S-007998,5606,541612,22472.26,Warehouse
SI-0016052,S-007998,5606,238220,45581.7,Warehouse
SI-0016053,S-007999,3632,484110,21441.99,Equipment
SI-0016054,S-007999,3724,238320,5800.09,Crew
SI-0016055,S-008000,3632,236115,23906.44,Truck
SI-0016056,S-008000,9082,238220,101000.61,Warehouse
SI-0016057,S-008001,7228,561720,27835.92,Office
SI-0016058,S-008001,5403,238320,42184.11,Crew
SI-0016059,S-008002,7228,541612,19734.42,Truck
SI-0016060,S-008002,3632,561720,18494.87,Storefront
SI-0016061,S-008003,3632,722513,30991.08,Office
SI-0016062,S-008003,8810,722513,31456.09,Storefront
SI-0016063,S-008003,5606,236115,16467.15,Office
SI-0016064,S-008004,5403,541612,44429.61,Truck
SI-0016065,S-008004,7228,238220,43767.62,Office
SI-0016066,S-008005,9082,238320,50986.71,Crew
SI-0016067,S-008005,3632,561720,12107.93,Crew
SI-0016068,S-008005,9082,722513,36644.22,Storefront
SI-0016069,S-008006,5403,722513,18045.19,Office
SI-0016070,S-008007,5403,238220,100491.55,Equipment
SI-0016071,S-008007,9082,722513,9037.98,Crew
SI-0016072,S-008008,7228,236115,69784.34,Crew
SI-0016073,S-008008,8397,541511,27381.55,Warehouse
SI-0016074,S-008008,9082,722513,86537.59,Equipment
SI-0016075,S-008009,3724,238320,12433.5,Truck
SI-0016076,S-008009,3632,238320,61132.65,Storefront
SI-0016077,S-008009,8810,541612,108798.51,Storefront
SI-0016078,S-008010,9082,238220,12482.63,Crew
SI-0016079,S-008010,8397,236115,4490.52,Crew
SI-0016080,S-008010,7228,238320,13547.57,Truck
SI-0016081,S-008011,3632,236115,12304.15,Warehouse
SI-0016082,S-008011,3632,484110,17708.1,Crew
SI-0016083,S-008012,7228,541511,134662.23,Storefront
SI-0016084,S-008013,5403,238320,20216.22,Equipment
SI-0016085,S-008013,5606,561720,12461.45,Truck
SI-0016086,S-008013,5606,484110,14792.75,Crew
SI-0016087,S-008014,3632,236115,33438.33,Office
SI-0016088,S-008014,9082,561720,56345.43,Truck
SI-0016089,S-008015,8810,722513,135570.0,Truck
SI-0016090,S-008016,8397,238320,21703.73,Equipment
SI-0016091,S-008016,8397,561720,30274.19,Storefront
SI-0016092,S-008016,8397,238220,18676.88,Equipment
SI-0016093,S-008017,8397,238220,89097.0,Crew
SI-0016094,S-008017,8397,238220,37140.52,Office
SI-0016095,S-008017,3724,484110,18892.54,Crew
SI-0016096,S-008018,3724,238220,24895.41,Office
SI-0016097,S-008019,8810,541511,28568.04,Warehouse
SI-0016098,S-008019,3632,722513,25710.55,Crew
SI-0016099,S-008020,8397,541511,27347.72,Office
SI-0016100,S-008020,5403,541511,57698.05,Storefront
SI-0016101,S-008020,5403,541511,91708.95,Storefront
SI-0016102,S-008021,3724,238320,15677.28,Office
SI-0016103,S-008022,5403,238220,7596.22,Equipment
SI-0016104,S-008023,3724,236115,13982.63,Truck
SI-0016105,S-008023,5606,484110,47290.68,Office
SI-0016106,S-008024,9082,238320,13380.99,Truck
SI-0016107,S-008024,5606,541511,28824.29,Office
SI-0016108,S-008024,5606,541612,38248.58,Crew
SI-0016109,S-008025,8397,236115,34525.91,Equipment
SI-0016110,S-008025,5403,561720,28287.92,Crew
SI-0016111,S-008025,8810,238320,31531.3,Crew
SI-0016112,S-008026,8810,722513,21531.72,Warehouse
SI-0016113,S-008026,8810,541511,15158.7,Truck
SI-0016114,S-008026,5403,722513,12960.74,Crew
SI-0016115,S-008027,7228,236115,55917.46,Equipment
SI-0016116,S-008027,8397,238220,77276.4,Storefront
SI-0016117,S-008028,3724,236115,66187.91,Equipment
SI-0016118,S-008029,8397,722513,24124.73,Storefront
SI-0016119,S-008030,5403,238320,32794.39,Crew
SI-0016120,S-008031,5606,722513,20773.43,Office
SI-0016121,S-008031,5403,238220,7605.97,Storefront
SI-0016122,S-008031,7228,541511,38081.26,Office
SI-0016123,S-008032,9082,238320,54942.19,Storefront
SI-0016124,S-008033,7228,541511,16723.38,Office
SI-0016125,S-008033,3632,484110,8548.7,Crew
SI-0016126,S-008033,8397,722513,15309.21,Warehouse
SI-0016127,S-008034,3724,722513,7366.24,Storefront
SI-0016128,S-008034,8810,541612,11221.73,Storefront
SI-0016129,S-008035,7228,722513,41192.82,Warehouse
SI-0016130,S-008035,8397,561720,49848.73,Truck
SI-0016131,S-008036,3724,722513,60815.91,Office
SI-0016132,S-008036,3724,561720,47102.38,Office
SI-0016133,S-008037,7228,238320,104485.6,Storefront
SI-0016134,S-008037,8397,238320,12429.04,Crew
SI-0016135,S-008038,8810,722513,40690.01,Storefront
SI-0016136,S-008038,8810,484110,170808.35,Office
SI-0016137,S-008038,8810,722513,58984.94,Office
SI-0016138,S-008039,3632,722513,24573.1,Truck
SI-0016139,S-008040,9082,561720,23463.07,Storefront
SI-0016140,S-008040,8810,484110,22379.34,Truck
SI-0016141,S-008041,3632,236115,15077.61,Crew
SI-0016142,S-008042,8810,541511,22883.16,Storefront
SI-0016143,S-008042,3632,722513,58458.06,Equipment
SI-0016144,S-008043,8810,238220,66888.46,Equipment
SI-0016145,S-008044,8397,561720,73594.19,Truck
SI-0016146,S-008044,3724,238220,22755.48,Equipment
SI-0016147,S-008044,9082,238320,18862.64,Equipment
SI-0016148,S-008045,5403,541511,104967.27,Crew
SI-0016149,S-008045,5606,484110,107730.64,Truck
SI-0016150,S-008045,5403,238220,15097.31,Equipment
SI-0016151,S-008046,3724,236115,46997.2,Crew
SI-0016152,S-008047,7228,238220,38591.13,Storefront
SI-0016153,S-008048,3632,541612,28267.24,Truck
SI-0016154,S-008049,8397,238220,19016.16,Office
SI-0016155,S-008050,9082,238320,15845.97,Storefront
SI-0016156,S-008050,3724,722513,32354.65,Crew
SI-0016157,S-008050,3724,238320,115071.2,Equipment
SI-0016158,S-008051,7228,722513,63805.27,Truck
SI-0016159,S-008051,5403,722513,39900.55,Crew
SI-0016160,S-008051,8397,541511,39705.4,Office
SI-0016161,S-008052,9082,722513,74388.68,Equipment
SI-0016162,S-008052,5403,238220,74851.68,Warehouse
SI-0016163,S-008053,8810,541612,13154.93,Truck
SI-0016164,S-008053,8810,541511,24612.49,Crew
SI-0016165,S-008053,5403,236115,56895.49,Truck
SI-0016166,S-008054,8397,541511,41132.12,Crew
SI-0016167,S-008055,5403,541612,22275.73,Office
SI-0016168,S-008056,8810,541612,64353.67,Office
SI-0016169,S-008056,3724,541612,69954.78,Warehouse
SI-0016170,S-008057,7228,722513,57127.71,Crew
SI-0016171,S-008057,9082,541612,7724.92,Crew
SI-0016172,S-008058,3632,722513,39381.15,Equipment
SI-0016173,S-008058,9082,238320,24191.82,Truck
SI-0016174,S-008058,5606,484110,17137.05,Warehouse
SI-0016175,S-008059,9082,561720,9632.13,Storefront
SI-0016176,S-008060,8810,484110,34700.47,Equipment
SI-0016177,S-008060,3724,238320,39072.26,Crew
SI-0016178,S-008060,3724,238220,18777.42,Crew
SI-0016179,S-008061,3632,238220,34615.51,Crew
SI-0016180,S-008061,8397,238220,13195.46,Truck
SI-0016181,S-008061,3724,541511,8984.39,Crew
SI-0016182,S-008062,9082,238320,95537.06,Truck
SI-0016183,S-008062,5403,238320,13048.06,Warehouse
SI-0016184,S-008063,7228,561720,41083.85,Truck
SI-0016185,S-008063,5606,236115,27587.84,Equipment
SI-0016186,S-008064,3632,541612,31438.51,Warehouse
SI-0016187,S-008065,9082,484110,42229.41,Truck
SI-0016188,S-008065,7228,722513,24089.03,Storefront
SI-0016189,S-008065,9082,561720,102780.66,Equipment
SI-0016190,S-008066,7228,484110,36490.85,Storefront
SI-0016191,S-008066,7228,541511,91021.55,Crew
SI-0016192,S-008067,7228,238220,61279.04,Warehouse
SI-0016193,S-008067,5403,238320,34228.66,Warehouse
SI-0016194,S-008068,5403,238320,25743.48,Storefront
SI-0016195,S-008069,7228,561720,16794.39,Truck
SI-0016196,S-008069,5403,238220,27417.34,Truck
SI-0016197,S-008070,7228,722513,23492.24,Storefront
SI-0016198,S-008071,8397,541511,32267.02,Warehouse
SI-0016199,S-008071,5403,236115,55000.96,Truck
SI-0016200,S-008072,8397,238220,27415.6,Truck
SI-0016201,S-008072,9082,561720,21062.75,Storefront
SI-0016202,S-008073,9082,722513,39751.12,Warehouse
SI-0016203,S-008074,3724,238320,61449.78,Warehouse
SI-0016204,S-008074,8810,236115,30494.9,Office
SI-0016205,S-008075,3632,722513,53022.73,Warehouse
SI-0016206,S-008076,7228,541511,6860.53,Storefront
SI-0016207,S-008076,8397,541612,9604.41,Office
SI-0016208,S-008077,3632,722513,34602.16,Equipment
SI-0016209,S-008077,5403,541612,12339.45,Equipment
SI-0016210,S-008077,8810,541612,23870.42,Truck
SI-0016211,S-008078,8810,238220,26701.24,Storefront
SI-0016212,S-008078,7228,238220,24936.05,Crew
SI-0016213,S-008078,5403,484110,47986.11,Crew
SI-0016214,S-008079,9082,236115,24899.13,Storefront
SI-0016215,S-008079,8397,541612,86663.51,Truck
SI-0016216,S-008079,5403,722513,25872.14,Crew
SI-0016217,S-008080,9082,238220,34574.75,Equipment
SI-0016218,S-008080,5403,541511,42270.77,Warehouse
SI-0016219,S-008080,3724,541511,97430.28,Truck
SI-0016220,S-008081,5606,236115,24871.41,Storefront
SI-0016221,S-008082,8397,238320,13206.38,Truck
SI-0016222,S-008083,3632,238320,19382.23,Office
SI-0016223,S-008083,3724,238320,33606.44,Crew
SI-0016224,S-008083,3632,236115,21328.9,Truck
SI-0016225,S-008084,9082,541511,47631.87,Crew
SI-0016226,S-008085,9082,236115,48614.21,Warehouse
SI-0016227,S-008085,5403,561720,22966.42,Truck
SI-0016228,S-008085,3632,541612,54895.36,Office
SI-0016229,S-008086,8810,484110,28776.05,Office
SI-0016230,S-008086,8397,561720,95114.93,Crew
SI-0016231,S-008086,3724,722513,22852.52,Office
SI-0016232,S-008087,7228,238320,13380.93,Crew
SI-0016233,S-008087,8397,238320,83483.96,Equipment
SI-0016234,S-008087,3632,238220,11525.52,Crew
SI-0016235,S-008088,8397,541511,29854.88,Office
SI-0016236,S-008088,9082,722513,16364.65,Office
SI-0016237,S-008089,5606,238320,15631.63,Crew
SI-0016238,S-008090,8810,238220,41457.91,Office
SI-0016239,S-008091,8810,541612,83203.63,Storefront
SI-0016240,S-008092,9082,561720,13717.33,Crew
SI-0016241,S-008092,9082,541511,15523.26,Office
SI-0016242,S-008093,8810,541612,67126.18,Storefront
SI-0016243,S-008094,5606,484110,59259.25,Storefront
SI-0016244,S-008094,5403,484110,32259.87,Storefront
SI-0016245,S-008095,8397,722513,30616.45,Office
SI-0016246,S-008095,8810,238220,27150.69,Storefront
SI-0016247,S-008095,9082,236115,36510.43,Office
SI-0016248,S-008096,5606,236115,28625.53,Crew
SI-0016249,S-008097,9082,238220,66912.81,Storefront
SI-0016250,S-008097,8397,238220,22299.24,Equipment
SI-0016251,S-008098,8810,561720,80512.09,Equipment
SI-0016252,S-008098,8810,722513,47773.2,Equipment
SI-0016253,S-008098,7228,238320,19594.92,Storefront
SI-0016254,S-008099,5403,238320,63181.06,Office
SI-0016255,S-008100,3724,238320,54421.96,Truck
SI-0016256,S-008100,9082,561720,36626.37,Truck
SI-0016257,S-008100,5403,541612,24860.38,Equipment
SI-0016258,S-008101,9082,541612,179184.11,Truck
SI-0016259,S-008101,5606,561720,20854.08,Office
SI-0016260,S-008102,5606,236115,46229.65,Truck
SI-0016261,S-008102,5606,484110,79241.2,Warehouse
SI-0016262,S-008103,8397,561720,20171.38,Equipment
SI-0016263,S-008104,9082,484110,14608.61,Truck
SI-0016264,S-008104,3724,484110,38249.04,Truck
SI-0016265,S-008104,3724,561720,27252.27,Warehouse
SI-0016266,S-008105,9082,238220,40245.2,Office
SI-0016267,S-008106,5606,236115,15892.44,Office
SI-0016268,S-008106,5403,561720,65537.99,Office
SI-0016269,S-008106,3632,238220,47832.43,Warehouse
SI-0016270,S-008107,7228,236115,36835.57,Office
SI-0016271,S-008107,8397,484110,95984.14,Warehouse
SI-0016272,S-008107,8397,238320,46176.39,Warehouse
SI-0016273,S-008108,5403,561720,20864.22,Equipment
SI-0016274,S-008109,3632,238320,49803.67,Truck
SI-0016275,S-008109,3632,236115,32904.22,Storefront
SI-0016276,S-008109,9082,541511,34577.0,Office
SI-0016277,S-008110,5606,236115,49295.02,Equipment
SI-0016278,S-008111,8810,541511,59375.49,Crew
SI-0016279,S-008111,7228,236115,8371.22,Warehouse
SI-0016280,S-008111,3632,484110,117988.44,Office
SI-0016281,S-008112,3632,236115,29035.49,Storefront
SI-0016282,S-008112,7228,238220,7521.22,Crew
SI-0016283,S-008113,7228,561720,13774.11,Crew
SI-0016284,S-008114,5606,484110,20003.63,Office
SI-0016285,S-008114,3632,236115,35909.45,Warehouse
SI-0016286,S-008114,5606,238320,84532.56,Office
SI-0016287,S-008115,3632,238220,34494.25,Storefront
SI-0016288,S-008115,5606,561720,15838.09,Crew
SI-0016289,S-008116,3724,238320,26236.37,Office
SI-0016290,S-008116,5403,561720,33167.83,Truck
SI-0016291,S-008117,9082,541511,34136.76,Storefront
SI-0016292,S-008117,3724,484110,22143.35,Truck
SI-0016293,S-008117,5606,484110,56407.63,Office
SI-0016294,S-008118,5403,561720,8482.59,Truck
SI-0016295,S-008119,9082,238220,29199.03,Storefront
SI-0016296,S-008119,3724,541612,14763.36,Storefront
SI-0016297,S-008119,8810,541511,22438.51,Crew
SI-0016298,S-008120,7228,722513,49830.98,Storefront
SI-0016299,S-008121,7228,238320,135234.53,Crew
SI-0016300,S-008122,5606,484110,62799.11,Office
SI-0016301,S-008123,5403,722513,23189.87,Crew
SI-0016302,S-008123,3632,561720,182529.27,Storefront
SI-0016303,S-008123,5403,722513,22018.25,Crew
SI-0016304,S-008124,3632,541511,20735.26,Equipment
SI-0016305,S-008124,9082,238220,21954.15,Storefront
SI-0016306,S-008125,3724,236115,42778.97,Storefront
SI-0016307,S-008126,8397,561720,21151.34,Truck
SI-0016308,S-008127,3632,541511,45685.97,Truck
SI-0016309,S-008127,3724,238220,39605.04,Office
SI-0016310,S-008127,3724,238220,66525.11,Equipment
SI-0016311,S-008128,5403,541511,19720.73,Truck
SI-0016312,S-008129,5606,236115,118815.5,Equipment
SI-0016313,S-008129,8397,484110,32660.55,Storefront
SI-0016314,S-008129,9082,541612,87555.01,Office
SI-0016315,S-008130,5403,484110,22452.42,Storefront
SI-0016316,S-008131,7228,238220,22380.22,Equipment
SI-0016317,S-008131,8810,541612,118503.65,Truck
SI-0016318,S-008132,5606,236115,71165.31,Warehouse
SI-0016319,S-008132,8397,238220,15444.15,Storefront
SI-0016320,S-008132,7228,484110,59544.08,Equipment
SI-0016321,S-008133,3724,722513,91170.48,Crew
SI-0016322,S-008133,8810,561720,24352.93,Crew
SI-0016323,S-008133,9082,541612,127526.96,Equipment
SI-0016324,S-008134,9082,238320,42188.83,Equipment
SI-0016325,S-008135,8810,561720,35334.78,Warehouse
SI-0016326,S-008135,8397,238320,324514.51,Office
SI-0016327,S-008136,8397,541511,19009.17,Office
SI-0016328,S-008136,3724,484110,19065.88,Truck
SI-0016329,S-008137,3632,561720,63606.0,Storefront
SI-0016330,S-008137,5403,238220,22727.48,Storefront
SI-0016331,S-008138,3632,484110,46358.56,Storefront
SI-0016332,S-008138,8810,541612,75498.52,Warehouse
SI-0016333,S-008138,3724,541511,20599.99,Storefront
SI-0016334,S-008139,8810,541511,11979.12,Crew
SI-0016335,S-008140,5403,238220,33078.06,Office
SI-0016336,S-008141,3724,484110,56118.65,Storefront
SI-0016337,S-008141,5606,561720,27717.55,Storefront
SI-0016338,S-008141,5403,722513,158671.51,Equipment
SI-0016339,S-008142,3632,541612,21881.67,Warehouse
SI-0016340,S-008142,3632,541612,91415.91,Office
SI-0016341,S-008142,8810,541612,74971.66,Equipment
SI-0016342,S-008143,9082,238220,45173.63,Storefront
SI-0016343,S-008143,5403,484110,10267.59,Warehouse
SI-0016344,S-008144,5403,238220,63679.79,Office
SI-0016345,S-008144,8397,722513,16582.96,Truck
SI-0016346,S-008145,9082,561720,9604.5,Truck
SI-0016347,S-008145,5403,484110,10155.23,Office
SI-0016348,S-008146,3724,236115,29252.67,Truck
SI-0016349,S-008146,5403,484110,95057.64,Warehouse
SI-0016350,S-008147,7228,236115,11276.97,Storefront
SI-0016351,S-008147,5606,541511,20567.49,Truck
SI-0016352,S-008148,3632,561720,65110.94,Office
SI-0016353,S-008148,7228,238220,18800.34,Warehouse
SI-0016354,S-008149,3632,541511,36373.21,Truck
SI-0016355,S-008149,5606,541612,60173.87,Truck
SI-0016356,S-008149,8397,541511,11516.86,Crew
SI-0016357,S-008150,8810,236115,84496.7,Crew
SI-0016358,S-008150,7228,236115,74309.77,Crew
SI-0016359,S-008150,9082,561720,8417.06,Storefront
SI-0016360,S-008151,9082,722513,29188.79,Storefront
SI-0016361,S-008151,9082,236115,85952.44,Truck
SI-0016362,S-008151,5606,238320,23634.75,Equipment
SI-0016363,S-008152,5606,561720,60501.73,Truck
SI-0016364,S-008152,5606,238320,18021.99,Truck
SI-0016365,S-008152,8397,722513,92366.87,Truck
SI-0016366,S-008153,5606,238320,16027.62,Equipment
SI-0016367,S-008153,8397,236115,99049.26,Truck
SI-0016368,S-008153,3632,722513,112092.16,Storefront
SI-0016369,S-008154,8397,561720,34419.98,Storefront
SI-0016370,S-008155,5403,541511,15228.31,Warehouse
SI-0016371,S-008155,3632,238320,43593.76,Storefront
SI-0016372,S-008155,8397,238320,34841.09,Office
SI-0016373,S-008156,8397,484110,48675.26,Storefront
SI-0016374,S-008156,5606,722513,35585.1,Crew
SI-0016375,S-008157,3724,236115,55983.63,Warehouse
SI-0016376,S-008157,3632,722513,75215.83,Equipment
SI-0016377,S-008157,8810,561720,77427.26,Crew
SI-0016378,S-008158,3724,541612,33265.64,Equipment
SI-0016379,S-008158,7228,722513,10812.62,Crew
SI-0016380,S-008158,8397,238320,22193.32,Truck
SI-0016381,S-008159,8397,484110,149131.84,Crew
SI-0016382,S-008159,5606,238320,133500.38,Equipment
SI-0016383,S-008160,8397,541612,30740.68,Equipment
SI-0016384,S-008160,9082,484110,32800.93,Warehouse
SI-0016385,S-008160,3724,541612,31334.51,Truck
SI-0016386,S-008161,3724,236115,54564.31,Crew
SI-0016387,S-008162,8810,236115,47047.39,Storefront
SI-0016388,S-008162,3724,561720,65933.3,Truck
SI-0016389,S-008163,5606,238320,18332.19,Equipment
SI-0016390,S-008164,8397,541612,29768.2,Crew
SI-0016391,S-008164,9082,238220,49805.39,Equipment
SI-0016392,S-008165,8397,238220,21560.62,Equipment
SI-0016393,S-008165,3724,238220,68428.59,Warehouse
SI-0016394,S-008166,3724,236115,13742.09,Truck
SI-0016395,S-008167,3724,238320,40912.14,Warehouse
SI-0016396,S-008167,3724,541511,13433.98,Crew
SI-0016397,S-008167,9082,238320,73463.56,Warehouse
SI-0016398,S-008168,5606,722513,37553.01,Warehouse
SI-0016399,S-008169,3724,238320,21030.51,Office
SI-0016400,S-008169,8810,541612,66188.48,Truck
SI-0016401,S-008170,8810,236115,15032.6,Truck
SI-0016402,S-008171,5403,484110,48613.37,Equipment
SI-0016403,S-008171,8397,238220,47929.91,Office
SI-0016404,S-008171,7228,238320,34134.99,Storefront
SI-0016405,S-008172,8397,238320,46712.82,Warehouse
SI-0016406,S-008173,3632,238220,8212.99,Equipment
SI-0016407,S-008173,7228,484110,26846.45,Warehouse
SI-0016408,S-008174,5403,541511,40928.78,Warehouse
SI-0016409,S-008174,3632,722513,25751.6,Crew
SI-0016410,S-008175,3632,236115,5632.92,Truck
SI-0016411,S-008176,5403,561720,38530.24,Equipment
SI-0016412,S-008176,8397,238320,22286.78,Office
SI-0016413,S-008176,3632,238320,64103.43,Office
SI-0016414,S-008177,3724,541511,24768.36,Storefront
SI-0016415,S-008177,5403,238220,11430.2,Office
SI-0016416,S-008177,5606,561720,13034.33,Office
SI-0016417,S-008178,8810,561720,35602.1,Office
SI-0016418,S-008178,5606,541511,33863.88,Equipment
SI-0016419,S-008178,8397,722513,86358.34,Crew
SI-0016420,S-008179,5606,236115,36258.38,Office
SI-0016421,S-008179,5606,238220,22202.43,Equipment
SI-0016422,S-008180,8810,236115,27756.09,Crew
SI-0016423,S-008180,3632,722513,22581.5,Office
SI-0016424,S-008181,5606,722513,64766.11,Truck
SI-0016425,S-008181,9082,541511,22611.95,Storefront
SI-0016426,S-008181,5606,561720,17012.34,Office
SI-0016427,S-008182,8397,541612,57780.51,Office
SI-0016428,S-008183,8397,484110,9752.92,Truck
SI-0016429,S-008183,3724,541612,46762.98,Warehouse
SI-0016430,S-008184,3632,541511,94421.28,Warehouse
SI-0016431,S-008184,8397,541612,174436.78,Office
SI-0016432,S-008184,8810,236115,107944.94,Office
SI-0016433,S-008185,5403,722513,43331.19,Crew
SI-0016434,S-008186,8397,238220,17066.37,Storefront
SI-0016435,S-008186,7228,484110,24867.58,Truck
SI-0016436,S-008187,7228,238320,31906.47,Truck
SI-0016437,S-008187,3724,238320,22790.46,Equipment
SI-0016438,S-008187,5606,541511,6976.97,Office
SI-0016439,S-008188,3724,561720,29631.9,Warehouse
SI-0016440,S-008189,3632,236115,19251.94,Crew
SI-0016441,S-008189,8397,238320,16950.21,Storefront
SI-0016442,S-008190,7228,236115,9247.47,Storefront
SI-0016443,S-008190,8397,561720,5822.24,Warehouse
SI-0016444,S-008190,8397,541511,46595.01,Storefront
SI-0016445,S-008191,9082,236115,6953.83,Equipment
SI-0016446,S-008191,7228,541511,15200.88,Crew
SI-0016447,S-008191,7228,722513,53375.62,Truck
SI-0016448,S-008192,5606,236115,25033.02,Crew
SI-0016449,S-008192,7228,484110,27672.85,Equipment
SI-0016450,S-008192,9082,238320,52448.27,Crew
SI-0016451,S-008193,3724,238220,44721.95,Storefront
SI-0016452,S-008193,3632,238220,40543.56,Warehouse
SI-0016453,S-008193,3724,541612,49776.04,Warehouse
SI-0016454,S-008194,8810,541612,68572.36,Storefront
SI-0016455,S-008194,3724,238220,39255.51,Storefront
SI-0016456,S-008194,9082,722513,47764.55,Equipment
SI-0016457,S-008195,7228,484110,20695.08,Storefront
SI-0016458,S-008195,7228,238220,24324.87,Office
SI-0016459,S-008195,5606,238220,116544.6,Office
SI-0016460,S-008196,5606,561720,11198.9,Crew
SI-0016461,S-008196,8810,561720,35279.07,Storefront
SI-0016462,S-008197,7228,238220,67000.67,Storefront
SI-0016463,S-008197,3632,238320,28891.06,Truck
SI-0016464,S-008198,8810,541612,47619.81,Office
SI-0016465,S-008199,9082,484110,79743.25,Crew
SI-0016466,S-008200,8810,238220,31886.42,Warehouse
SI-0016467,S-008200,7228,722513,30459.5,Crew
SI-0016468,S-008200,5606,238220,30581.29,Storefront
SI-0016469,S-008201,7228,236115,23386.04,Storefront
SI-0016470,S-008202,3724,236115,78261.13,Storefront
SI-0016471,S-008202,5606,561720,41349.49,Crew
SI-0016472,S-008203,9082,541511,97761.59,Truck
SI-0016473,S-008204,9082,238220,98766.63,Warehouse
SI-0016474,S-008205,5403,484110,11790.93,Crew
SI-0016475,S-008206,7228,722513,120295.03,Equipment
SI-0016476,S-008207,7228,541511,51240.88,Equipment
SI-0016477,S-008208,9082,541612,22778.52,Office
SI-0016478,S-008208,8810,541612,18470.66,Office
SI-0016479,S-008208,5606,541511,65555.36,Warehouse
SI-0016480,S-008209,8810,238320,16021.31,Warehouse
SI-0016481,S-008210,3632,561720,120428.06,Warehouse
SI-0016482,S-008210,8810,561720,24357.84,Equipment
SI-0016483,S-008210,7228,238320,15587.43,Warehouse
SI-0016484,S-008211,7228,561720,17746.43,Office
SI-0016485,S-008211,5403,484110,28416.9,Office
SI-0016486,S-008212,5403,541511,27929.57,Crew
SI-0016487,S-008212,9082,236115,34160.31,Truck
SI-0016488,S-008212,7228,541612,11417.99,Crew
SI-0016489,S-008213,7228,541612,14935.87,Storefront
SI-0016490,S-008214,9082,541511,116054.22,Office
SI-0016491,S-008214,5606,484110,21834.73,Equipment
SI-0016492,S-008214,8397,541612,14705.74,Truck
SI-0016493,S-008215,7228,561720,47743.59,Storefront
SI-0016494,S-008215,8810,541612,11973.19,Truck
SI-0016495,S-008216,9082,541511,176760.28,Office
SI-0016496,S-008216,5606,541612,22968.86,Office
SI-0016497,S-008217,5606,561720,63942.95,Office
SI-0016498,S-008218,8397,484110,44667.13,Equipment
SI-0016499,S-008218,5403,561720,27459.84,Equipment
SI-0016500,S-008218,9082,484110,40591.49,Office
SI-0016501,S-008219,8397,541612,53700.76,Warehouse
SI-0016502,S-008219,3632,236115,15796.7,Equipment
SI-0016503,S-008220,5403,238220,16629.33,Truck
SI-0016504,S-008220,3724,541612,52854.31,Crew
SI-0016505,S-008221,3632,541612,11163.05,Warehouse
SI-0016506,S-008222,8810,541612,74842.97,Equipment
SI-0016507,S-008222,9082,722513,5170.73,Crew
SI-0016508,S-008222,7228,236115,112385.38,Warehouse
SI-0016509,S-008223,7228,541511,28770.21,Office
SI-0016510,S-008223,3632,238220,25352.71,Storefront
SI-0016511,S-008224,3632,561720,69343.82,Storefront
SI-0016512,S-008224,5403,722513,27847.02,Truck
SI-0016513,S-008225,9082,561720,40897.74,Equipment
SI-0016514,S-008225,7228,484110,57104.57,Office
SI-0016515,S-008226,5606,484110,16732.67,Truck
SI-0016516,S-008226,3724,238320,27644.56,Storefront
SI-0016517,S-008227,5606,484110,40608.56,Crew
SI-0016518,S-008228,5606,561720,53247.44,Crew
SI-0016519,S-008228,9082,238320,134085.44,Crew
SI-0016520,S-008228,7228,238320,11102.47,Crew
SI-0016521,S-008229,5606,541612,29809.53,Truck
SI-0016522,S-008229,5606,541511,45314.7,Truck
SI-0016523,S-008229,7228,722513,48964.28,Crew
SI-0016524,S-008230,8810,238220,38733.95,Truck
SI-0016525,S-008231,8810,236115,18388.7,Office
SI-0016526,S-008232,8810,561720,14258.56,Truck
SI-0016527,S-008232,9082,238220,35919.75,Storefront
SI-0016528,S-008232,9082,236115,84303.96,Crew
SI-0016529,S-008233,9082,238320,86760.05,Storefront
SI-0016530,S-008233,8810,722513,21506.99,Office
SI-0016531,S-008233,5606,238220,94740.52,Office
SI-0016532,S-008234,5606,722513,43986.08,Crew
SI-0016533,S-008234,3724,484110,39190.81,Truck
SI-0016534,S-008234,8810,484110,40333.59,Equipment
SI-0016535,S-008235,3632,238220,29677.14,Warehouse
SI-0016536,S-008235,8810,484110,195436.16,Storefront
SI-0016537,S-008235,5403,722513,13874.45,Warehouse
SI-0016538,S-008236,5403,561720,10678.73,Storefront
SI-0016539,S-008237,3632,541612,31516.95,Truck
SI-0016540,S-008238,3632,238220,42767.71,Truck
SI-0016541,S-008238,5403,238220,45404.21,Truck
SI-0016542,S-008239,8397,722513,7945.63,Crew
SI-0016543,S-008239,7228,238220,24467.96,Warehouse
SI-0016544,S-008239,5403,484110,44200.52,Equipment
SI-0016545,S-008240,8397,236115,15862.56,Crew
SI-0016546,S-008241,8397,238320,137923.56,Storefront
SI-0016547,S-008242,8810,722513,72943.83,Office
SI-0016548,S-008243,3724,722513,14692.86,Crew
SI-0016549,S-008243,8397,722513,77548.29,Truck
SI-0016550,S-008244,8397,238320,4523.58,Office
SI-0016551,S-008244,5606,561720,167664.21,Office
SI-0016552,S-008245,8810,484110,68606.89,Equipment
SI-0016553,S-008245,9082,541612,36085.17,Storefront
SI-0016554,S-008246,8810,238220,169847.33,Truck
SI-0016555,S-008247,3724,238320,36457.48,Equipment
SI-0016556,S-008247,9082,238320,5014.33,Crew
SI-0016557,S-008247,7228,541511,80235.18,Truck
SI-0016558,S-008248,8810,561720,9963.16,Equipment
SI-0016559,S-008248,5403,541612,20783.97,Crew
SI-0016560,S-008248,3724,238220,11196.27,Storefront
SI-0016561,S-008249,7228,238320,68233.4,Office
SI-0016562,S-008249,5403,722513,52534.91,Warehouse
SI-0016563,S-008250,8810,238220,59307.43,Warehouse
SI-0016564,S-008250,5606,541612,19359.35,Crew
SI-0016565,S-008251,8810,541511,40918.01,Crew
SI-0016566,S-008251,5606,561720,41653.32,Storefront
SI-0016567,S-008252,5606,541612,36307.7,Crew
SI-0016568,S-008252,8397,541612,38632.71,Truck
SI-0016569,S-008253,5606,541511,74176.46,Storefront
SI-0016570,S-008253,9082,484110,198181.37,Warehouse
SI-0016571,S-008253,8397,541612,16148.52,Crew
SI-0016572,S-008254,7228,541612,16277.73,Office
SI-0016573,S-008254,3632,238320,17191.28,Crew
SI-0016574,S-008254,3632,238220,45504.53,Storefront
SI-0016575,S-008255,3724,238320,87103.36,Office
SI-0016576,S-008255,9082,722513,23887.41,Truck
SI-0016577,S-008256,3724,541612,34547.75,Crew
SI-0016578,S-008256,3724,484110,19002.66,Storefront
SI-0016579,S-008256,5403,561720,95354.58,Truck
SI-0016580,S-008257,8810,561720,83163.94,Warehouse
SI-0016581,S-008257,3724,722513,35848.98,Truck
SI-0016582,S-008258,8397,541612,25942.84,Office
SI-0016583,S-008258,9082,238220,39474.81,Storefront
SI-0016584,S-008259,9082,236115,18728.75,Office
SI-0016585,S-008259,8810,541612,78638.84,Truck
SI-0016586,S-008259,3724,541511,9402.91,Equipment
SI-0016587,S-008260,3724,484110,79744.62,Office
SI-0016588,S-008260,7228,236115,66373.27,Storefront
SI-0016589,S-008260,7228,541511,76387.02,Truck
SI-0016590,S-008261,8810,722513,88959.88,Warehouse
SI-0016591,S-008262,3632,238320,39001.21,Office
SI-0016592,S-008262,7228,541511,47088.92,Storefront
SI-0016593,S-008263,3632,541612,15417.36,Office
SI-0016594,S-008264,5606,561720,19402.77,Warehouse
SI-0016595,S-008264,7228,541511,60950.12,Crew
SI-0016596,S-008265,8810,722513,17830.83,Warehouse
SI-0016597,S-008265,8397,541511,42781.66,Storefront
SI-0016598,S-008266,9082,236115,30959.49,Equipment
SI-0016599,S-008266,5403,541511,84498.3,Equipment
SI-0016600,S-008267,5606,484110,18071.06,Truck
SI-0016601,S-008267,7228,236115,38547.55,Warehouse
SI-0016602,S-008267,8397,722513,35003.18,Crew
SI-0016603,S-008268,5403,238320,37271.22,Storefront
SI-0016604,S-008268,9082,238320,32526.07,Storefront
SI-0016605,S-008268,3724,236115,18063.75,Crew
SI-0016606,S-008269,8397,238220,21626.93,Storefront
SI-0016607,S-008269,5403,541612,85122.11,Equipment
SI-0016608,S-008270,5606,561720,33296.15,Truck
SI-0016609,S-008271,8397,561720,84474.74,Truck
SI-0016610,S-008271,5606,238320,25963.35,Crew
SI-0016611,S-008271,5606,541511,29732.42,Equipment
SI-0016612,S-008272,5606,561720,135468.87,Office
SI-0016613,S-008273,8810,541612,31280.31,Crew
SI-0016614,S-008273,3632,484110,55390.35,Truck
SI-0016615,S-008273,5606,561720,25635.99,Crew
SI-0016616,S-008274,8810,238320,44856.18,Storefront
SI-0016617,S-008274,9082,722513,63747.13,Storefront
SI-0016618,S-008275,7228,561720,78069.96,Office
SI-0016619,S-008275,8397,541511,11480.87,Truck
SI-0016620,S-008276,3724,541511,26640.77,Crew
SI-0016621,S-008276,9082,722513,103996.12,Office
SI-0016622,S-008276,3632,722513,97027.68,Truck
SI-0016623,S-008277,5403,541511,126920.42,Equipment
SI-0016624,S-008278,5403,236115,37709.87,Crew
SI-0016625,S-008278,9082,484110,31777.07,Warehouse
SI-0016626,S-008279,9082,561720,46872.05,Equipment
SI-0016627,S-008280,7228,238320,21928.31,Office
SI-0016628,S-008280,8810,238320,35071.4,Crew
SI-0016629,S-008280,5403,236115,30596.94,Truck
SI-0016630,S-008281,3632,722513,24793.48,Office
SI-0016631,S-008281,7228,238220,62782.42,Truck
SI-0016632,S-008282,8397,236115,20738.17,Storefront
SI-0016633,S-008282,8397,236115,10753.72,Storefront
SI-0016634,S-008282,9082,561720,19551.13,Storefront
SI-0016635,S-008283,7228,484110,15994.23,Storefront
SI-0016636,S-008283,3724,561720,47190.39,Warehouse
SI-0016637,S-008283,7228,541511,11827.0,Crew
SI-0016638,S-008284,5403,541612,20148.74,Crew
SI-0016639,S-008284,7228,238220,33881.73,Storefront
SI-0016640,S-008285,7228,238320,11413.63,Storefront
SI-0016641,S-008285,7228,484110,32981.38,Office
SI-0016642,S-008286,9082,541612,51197.67,Equipment
SI-0016643,S-008287,3724,484110,119832.45,Crew
SI-0016644,S-008287,8810,484110,26248.06,Storefront
SI-0016645,S-008288,5606,484110,79414.84,Warehouse
SI-0016646,S-008288,5403,561720,20575.07,Office
SI-0016647,S-008288,8810,236115,45873.69,Warehouse
SI-0016648,S-008289,9082,238320,13359.46,Equipment
SI-0016649,S-008289,5606,722513,31059.6,Truck
SI-0016650,S-008290,3724,541511,31454.82,Storefront
SI-0016651,S-008291,8810,541612,43902.07,Equipment
SI-0016652,S-008292,8810,238220,48470.23,Storefront
SI-0016653,S-008292,8397,238220,23999.19,Equipment
SI-0016654,S-008292,9082,236115,69952.33,Truck
SI-0016655,S-008293,3632,238220,19900.72,Crew
SI-0016656,S-008293,9082,541511,36396.4,Office
SI-0016657,S-008294,9082,236115,34773.89,Storefront
SI-0016658,S-008294,8397,238320,27503.39,Equipment
SI-0016659,S-008295,9082,484110,34216.06,Warehouse
SI-0016660,S-008296,9082,236115,17570.16,Storefront
SI-0016661,S-008297,8810,236115,107162.1,Crew
SI-0016662,S-008297,8397,238320,29217.32,Equipment
SI-0016663,S-008297,3724,484110,14559.51,Warehouse
SI-0016664,S-008298,9082,541511,7496.42,Truck
SI-0016665,S-008299,5606,541511,121046.51,Office
SI-0016666,S-008299,9082,541511,56336.23,Equipment
SI-0016667,S-008299,8810,541612,38537.42,Storefront
SI-0016668,S-008300,8810,238320,118265.41,Crew
SI-0016669,S-008300,3632,561720,16656.09,Warehouse
SI-0016670,S-008300,8810,722513,24854.49,Storefront
SI-0016671,S-008301,8810,722513,63380.74,Office
SI-0016672,S-008301,3632,236115,35617.17,Equipment
SI-0016673,S-008302,5606,541612,50263.96,Equipment
SI-0016674,S-008302,7228,541511,45912.65,Warehouse
SI-0016675,S-008303,3632,541612,118651.35,Crew
SI-0016676,S-008303,3724,541612,16919.68,Storefront
SI-0016677,S-008304,5606,238220,32863.46,Warehouse
SI-0016678,S-008304,3632,236115,18232.41,Equipment
SI-0016679,S-008304,5606,722513,14265.91,Office
SI-0016680,S-008305,3724,541511,44350.43,Equipment
SI-0016681,S-008305,8810,722513,64813.09,Equipment
SI-0016682,S-008306,5606,541612,58838.84,Crew
SI-0016683,S-008307,5403,722513,14559.81,Crew
SI-0016684,S-008308,3632,561720,11295.73,Storefront
SI-0016685,S-008309,5606,722513,117088.85,Warehouse
SI-0016686,S-008309,5403,541612,10600.99,Crew
SI-0016687,S-008309,8810,561720,42043.91,Crew
SI-0016688,S-008310,7228,238220,54513.82,Equipment
SI-0016689,S-008310,7228,238320,24773.53,Office
SI-0016690,S-008310,8397,722513,56730.43,Truck
SI-0016691,S-008311,5606,238320,18598.17,Warehouse
SI-0016692,S-008311,5606,484110,17881.05,Storefront
SI-0016693,S-008311,8397,484110,23422.07,Equipment
SI-0016694,S-008312,8810,541511,37327.98,Storefront
SI-0016695,S-008313,8397,236115,23766.71,Crew
SI-0016696,S-008313,3724,238220,49292.29,Storefront
SI-0016697,S-008313,7228,236115,28331.56,Equipment
SI-0016698,S-008314,9082,236115,39556.07,Storefront
SI-0016699,S-008314,3724,541612,25072.9,Crew
SI-0016700,S-008314,8397,722513,33624.5,Storefront
SI-0016701,S-008315,5606,561720,15365.65,Crew
SI-0016702,S-008316,3632,484110,31669.88,Truck
SI-0016703,S-008316,3632,238220,32658.19,Office
SI-0016704,S-008316,9082,541612,15967.36,Office
SI-0016705,S-008317,3632,561720,47599.2,Crew
SI-0016706,S-008317,3632,561720,20079.51,Warehouse
SI-0016707,S-008318,3632,722513,39855.37,Equipment
SI-0016708,S-008319,8397,561720,49671.99,Office
SI-0016709,S-008319,3632,238320,16890.66,Truck
SI-0016710,S-008320,3632,722513,24783.58,Crew
SI-0016711,S-008321,8397,541612,56527.25,Warehouse
SI-0016712,S-008322,5403,561720,70181.04,Truck
SI-0016713,S-008322,3632,722513,21227.8,Crew
SI-0016714,S-008323,3632,238220,8091.55,Crew
SI-0016715,S-008323,5403,238220,29595.75,Warehouse
SI-0016716,S-008323,3632,541612,19921.84,Equipment
SI-0016717,S-008324,3724,236115,58684.12,Equipment
SI-0016718,S-008325,3632,238320,13889.19,Crew
SI-0016719,S-008325,7228,722513,20489.81,Truck
SI-0016720,S-008326,3724,238320,32578.74,Storefront
SI-0016721,S-008327,3724,484110,41661.09,Warehouse
SI-0016722,S-008327,5606,722513,67291.4,Office
SI-0016723,S-008328,9082,541612,78757.5,Office
SI-0016724,S-008328,8397,236115,29348.56,Office
SI-0016725,S-008329,7228,238320,27074.17,Equipment
SI-0016726,S-008330,8810,236115,7506.07,Storefront
SI-0016727,S-008331,8810,722513,25828.91,Storefront
SI-0016728,S-008331,8397,722513,14283.16,Office
SI-0016729,S-008332,3724,561720,19018.99,Storefront
SI-0016730,S-008332,8397,722513,24871.65,Equipment
SI-0016731,S-008332,3724,561720,26904.26,Truck
SI-0016732,S-008333,5403,541511,61337.42,Equipment
SI-0016733,S-008333,3632,541612,17246.77,Equipment
SI-0016734,S-008333,3724,484110,115850.24,Storefront
SI-0016735,S-008334,7228,541612,14489.5,Office
SI-0016736,S-008334,3632,541511,47645.8,Office
SI-0016737,S-008334,3724,238220,26672.34,Storefront
SI-0016738,S-008335,8810,238320,35928.61,Warehouse
SI-0016739,S-008335,8397,541612,36506.67,Equipment
SI-0016740,S-008336,3724,722513,13547.28,Warehouse
SI-0016741,S-008336,8397,561720,15060.53,Equipment
SI-0016742,S-008337,8810,236115,37348.3,Equipment
SI-0016743,S-008337,5606,541511,21827.81,Storefront
SI-0016744,S-008338,3724,238220,29531.33,Crew
SI-0016745,S-008338,8810,722513,17489.51,Storefront
SI-0016746,S-008339,7228,238220,51533.48,Crew
SI-0016747,S-008340,5606,722513,38716.57,Office
SI-0016748,S-008340,8810,238220,16725.58,Office
SI-0016749,S-008341,8810,238320,24763.08,Storefront
SI-0016750,S-008341,5606,484110,38426.54,Office
SI-0016751,S-008341,8810,236115,24492.06,Crew
SI-0016752,S-008342,5403,541511,39456.16,Warehouse
SI-0016753,S-008343,8397,722513,74243.79,Office
SI-0016754,S-008343,8397,238320,9114.8,Crew
SI-0016755,S-008343,3632,541511,82974.84,Crew
SI-0016756,S-008344,8810,238220,39007.57,Storefront
SI-0016757,S-008344,5403,722513,29071.19,Truck
SI-0016758,S-008344,5403,541612,29034.02,Crew
SI-0016759,S-008345,8397,238220,81267.81,Crew
SI-0016760,S-008345,7228,236115,58058.78,Warehouse
SI-0016761,S-008345,9082,238320,18063.47,Office
SI-0016762,S-008346,8810,722513,28522.94,Crew
SI-0016763,S-008346,8810,236115,57990.14,Storefront
SI-0016764,S-008346,9082,484110,40226.69,Crew
SI-0016765,S-008347,3724,541511,51984.17,Office
SI-0016766,S-008347,3632,484110,25184.67,Truck
SI-0016767,S-008347,5606,541612,119151.12,Truck
SI-0016768,S-008348,8397,238320,12883.02,Warehouse
SI-0016769,S-008348,7228,484110,106801.26,Crew
SI-0016770,S-008348,3632,238220,57767.96,Storefront
SI-0016771,S-008349,5403,541612,23446.75,Truck
SI-0016772,S-008349,9082,561720,22237.04,Crew
SI-0016773,S-008350,9082,236115,32098.41,Office
SI-0016774,S-008350,9082,236115,9897.42,Equipment
SI-0016775,S-008351,3724,484110,69129.61,Crew
SI-0016776,S-008351,5403,722513,21034.72,Truck
SI-0016777,S-008352,5606,238220,47577.1,Office
SI-0016778,S-008352,5403,484110,88404.24,Storefront
SI-0016779,S-008352,3724,541511,38290.15,Truck
SI-0016780,S-008353,3724,561720,38823.27,Equipment
SI-0016781,S-008353,8397,541511,102520.56,Warehouse
SI-0016782,S-008354,8397,238220,50569.98,Warehouse
SI-0016783,S-008355,3632,541612,57101.76,Equipment
SI-0016784,S-008355,7228,238320,16622.51,Storefront
SI-0016785,S-008356,8810,236115,172435.86,Truck
SI-0016786,S-008356,9082,561720,39784.42,Crew
SI-0016787,S-008356,3724,541612,30670.52,Storefront
SI-0016788,S-008357,3632,238320,34662.19,Equipment
SI-0016789,S-008357,5403,236115,14289.23,Truck
SI-0016790,S-008357,3724,541612,13681.08,Storefront
SI-0016791,S-008358,8810,541511,35649.53,Truck
SI-0016792,S-008358,7228,541511,11726.06,Warehouse
SI-0016793,S-008358,8810,236115,22545.74,Equipment
SI-0016794,S-008359,3632,236115,41159.87,Warehouse
SI-0016795,S-008359,8397,541612,54596.41,Crew
SI-0016796,S-008359,8810,561720,31845.99,Equipment
SI-0016797,S-008360,3724,722513,18903.16,Storefront
SI-0016798,S-008360,3724,484110,36999.66,Crew
SI-0016799,S-008360,5606,722513,58431.78,Equipment
SI-0016800,S-008361,7228,541511,155704.49,Storefront
SI-0016801,S-008362,8810,484110,44666.36,Warehouse
SI-0016802,S-008362,7228,236115,32876.1,Storefront
SI-0016803,S-008363,7228,484110,90691.07,Truck
SI-0016804,S-008363,9082,484110,11776.26,Truck
SI-0016805,S-008363,3632,238320,11453.21,Truck
SI-0016806,S-008364,3724,238220,45870.23,Crew
SI-0016807,S-008365,8810,561720,75184.48,Truck
SI-0016808,S-008366,8397,238220,110064.57,Crew
SI-0016809,S-008366,9082,484110,14087.57,Office
SI-0016810,S-008367,3724,541511,17176.66,Truck
SI-0016811,S-008367,5403,484110,69491.19,Storefront
SI-0016812,S-008367,3632,722513,36218.57,Warehouse
SI-0016813,S-008368,3724,484110,72691.37,Storefront
SI-0016814,S-008369,5403,238320,38222.7,Equipment
SI-0016815,S-008369,9082,484110,47142.82,Crew
SI-0016816,S-008370,5403,722513,13729.38,Equipment
SI-0016817,S-008371,8397,238220,71567.31,Crew
SI-0016818,S-008371,8397,561720,14517.69,Truck
SI-0016819,S-008371,8810,236115,44354.33,Truck
SI-0016820,S-008372,7228,722513,54343.49,Office
SI-0016821,S-008372,5606,238220,40572.24,Office
SI-0016822,S-008372,8397,561720,21472.88,Storefront
SI-0016823,S-008373,5606,238220,129592.04,Warehouse
SI-0016824,S-008373,9082,484110,22482.47,Equipment
SI-0016825,S-008374,5606,722513,29681.48,Equipment
SI-0016826,S-008374,5606,238220,23928.04,Storefront
SI-0016827,S-008375,5403,236115,12620.11,Storefront
SI-0016828,S-008375,5606,561720,84079.69,Truck
SI-0016829,S-008376,5606,484110,31801.66,Office
SI-0016830,S-008377,9082,541511,76203.87,Crew
SI-0016831,S-008377,5403,484110,31254.86,Warehouse
SI-0016832,S-008377,8810,238320,26223.9,Warehouse
SI-0016833,S-008378,8397,722513,21937.09,Crew
SI-0016834,S-008379,5403,484110,19391.04,Warehouse
SI-0016835,S-008380,3724,541612,35740.2,Office
SI-0016836,S-008380,3632,561720,41443.96,Crew
SI-0016837,S-008380,5403,484110,85667.66,Warehouse
SI-0016838,S-008381,7228,484110,25612.35,Warehouse
SI-0016839,S-008382,5403,238320,13066.93,Equipment
SI-0016840,S-008382,3724,238220,19048.73,Truck
SI-0016841,S-008383,9082,541511,39681.76,Warehouse
SI-0016842,S-008384,7228,722513,51255.66,Warehouse
SI-0016843,S-008384,3632,541511,17365.4,Equipment
SI-0016844,S-008385,3632,236115,31345.32,Truck
SI-0016845,S-008385,5606,238220,12224.77,Storefront
SI-0016846,S-008385,7228,541511,18854.87,Truck
SI-0016847,S-008386,3632,541612,46623.17,Crew
SI-0016848,S-008387,8397,561720,140233.41,Crew
SI-0016849,S-008388,8397,561720,18481.91,Truck
SI-0016850,S-008388,8810,238320,37167.08,Storefront
SI-0016851,S-008389,5403,541612,60961.75,Office
SI-0016852,S-008390,5403,722513,26598.27,Office
SI-0016853,S-008390,9082,484110,72653.96,Crew
SI-0016854,S-008390,8810,541612,69015.01,Warehouse
SI-0016855,S-008391,8810,238320,28772.01,Truck
SI-0016856,S-008391,8397,238320,15651.08,Warehouse
SI-0016857,S-008392,8810,541511,88994.19,Equipment
SI-0016858,S-008392,8810,541612,22427.53,Warehouse
SI-0016859,S-008393,7228,541511,28515.02,Truck
SI-0016860,S-008393,8397,541511,42374.54,Truck
SI-0016861,S-008394,7228,238220,45571.81,Crew
SI-0016862,S-008395,3724,722513,17180.58,Warehouse
SI-0016863,S-008396,8810,541612,139189.08,Warehouse
SI-0016864,S-008396,5606,484110,61241.68,Equipment
SI-0016865,S-008396,9082,238320,6862.67,Truck
SI-0016866,S-008397,3632,541612,41127.66,Equipment
SI-0016867,S-008397,3724,484110,56755.01,Storefront
SI-0016868,S-008397,3632,484110,18832.78,Crew
SI-0016869,S-008398,8810,541511,20545.41,Office
SI-0016870,S-008398,5403,236115,30995.83,Equipment
SI-0016871,S-008398,9082,484110,28976.8,Crew
SI-0016872,S-008399,8397,236115,16399.03,Office
SI-0016873,S-008399,9082,722513,14336.19,Equipment
SI-0016874,S-008399,3632,541612,37000.63,Storefront
SI-0016875,S-008400,3632,236115,56282.68,Warehouse
SI-0016876,S-008400,3724,541511,29966.25,Crew
SI-0016877,S-008401,8397,541511,8275.46,Warehouse
SI-0016878,S-008401,3632,541612,29672.6,Warehouse
SI-0016879,S-008401,7228,238220,39318.21,Truck
SI-0016880,S-008402,5403,541612,45586.74,Truck
SI-0016881,S-008402,3632,561720,9351.27,Equipment
SI-0016882,S-008402,9082,238320,48601.92,Equipment
SI-0016883,S-008403,7228,238320,54939.99,Storefront
SI-0016884,S-008404,9082,561720,54498.35,Storefront
SI-0016885,S-008405,3632,484110,35998.06,Storefront
SI-0016886,S-008405,9082,484110,53695.98,Crew
SI-0016887,S-008406,3724,561720,21181.51,Storefront
SI-0016888,S-008407,8397,541511,59885.5,Truck
SI-0016889,S-008407,5606,541511,136551.89,Truck
SI-0016890,S-008408,3632,541612,33859.34,Storefront
SI-0016891,S-008408,9082,541612,22135.03,Office
SI-0016892,S-008408,5403,722513,45798.31,Storefront
SI-0016893,S-008409,5606,484110,18218.9,Storefront
SI-0016894,S-008409,3632,722513,25799.78,Storefront
SI-0016895,S-008410,8397,238220,64494.83,Storefront
SI-0016896,S-008411,8810,541612,36308.39,Truck
SI-0016897,S-008411,9082,722513,32135.85,Crew
SI-0016898,S-008411,7228,238320,17983.3,Storefront
SI-0016899,S-008412,3724,236115,79894.17,Crew
SI-0016900,S-008412,7228,722513,16302.75,Office
SI-0016901,S-008413,5403,238320,33804.99,Office
SI-0016902,S-008414,8397,541511,13663.77,Equipment
SI-0016903,S-008414,8397,541511,65700.0,Equipment
SI-0016904,S-008414,3724,541612,28888.99,Crew
SI-0016905,S-008415,3724,541511,32626.64,Crew
SI-0016906,S-008415,5606,484110,25403.68,Storefront
SI-0016907,S-008416,3724,484110,21158.41,Storefront
SI-0016908,S-008416,5606,484110,12207.22,Crew
SI-0016909,S-008417,3632,238220,29118.88,Warehouse
SI-0016910,S-008418,5403,541511,24130.87,Storefront
SI-0016911,S-008418,5606,484110,55090.93,Office
SI-0016912,S-008418,8397,561720,17927.91,Truck
SI-0016913,S-008419,5606,236115,30807.42,Equipment
SI-0016914,S-008419,8397,561720,85874.17,Office
SI-0016915,S-008420,9082,236115,7465.43,Equipment
SI-0016916,S-008421,5606,541612,45166.83,Storefront
SI-0016917,S-008421,3724,722513,22897.36,Truck
SI-0016918,S-008421,3724,484110,35291.65,Equipment
SI-0016919,S-008422,3724,541511,14077.94,Equipment
SI-0016920,S-008422,3724,236115,54923.11,Warehouse
SI-0016921,S-008423,8810,561720,34806.74,Office
SI-0016922,S-008423,3632,238320,64126.81,Storefront
SI-0016923,S-008424,9082,484110,17476.04,Crew
SI-0016924,S-008424,3632,236115,21397.61,Office
SI-0016925,S-008424,3724,541511,53293.78,Warehouse
SI-0016926,S-008425,7228,238220,61638.26,Truck
SI-0016927,S-008425,7228,541612,38838.36,Crew
SI-0016928,S-008426,5403,236115,33743.34,Equipment
SI-0016929,S-008426,3632,484110,28899.79,Crew
SI-0016930,S-008427,7228,541612,20843.36,Crew
SI-0016931,S-008427,5403,238320,46173.83,Truck
SI-0016932,S-008427,9082,541511,76737.4,Equipment
SI-0016933,S-008428,8397,484110,21149.94,Crew
SI-0016934,S-008428,5403,722513,21475.3,Warehouse
SI-0016935,S-008428,3724,561720,47463.21,Office
SI-0016936,S-008429,7228,561720,87275.11,Equipment
SI-0016937,S-008429,3632,561720,12156.72,Storefront
SI-0016938,S-008430,8397,561720,28257.83,Storefront
SI-0016939,S-008430,8810,238320,22951.17,Truck
SI-0016940,S-008431,3632,541612,57950.92,Truck
SI-0016941,S-008431,8810,236115,60622.13,Warehouse
SI-0016942,S-008431,5606,541612,12455.23,Equipment
SI-0016943,S-008432,5606,722513,60130.29,Storefront
SI-0016944,S-008433,7228,541511,222033.37,Warehouse
SI-0016945,S-008433,8810,541511,36893.21,Warehouse
SI-0016946,S-008433,8397,236115,63014.3,Truck
SI-0016947,S-008434,8810,722513,12258.73,Equipment
SI-0016948,S-008435,5403,238320,69990.67,Warehouse
SI-0016949,S-008435,3632,561720,27997.12,Storefront
SI-0016950,S-008435,8397,561720,66506.56,Equipment
SI-0016951,S-008436,7228,238320,44846.14,Storefront
SI-0016952,S-008436,5403,722513,13917.35,Equipment
SI-0016953,S-008437,7228,484110,22511.36,Office
SI-0016954,S-008437,5606,541612,16950.63,Crew
SI-0016955,S-008437,3632,236115,27714.05,Equipment
SI-0016956,S-008438,7228,236115,31718.49,Truck
SI-0016957,S-008439,8810,541511,40045.0,Office
SI-0016958,S-008440,7228,541612,68292.61,Crew
SI-0016959,S-008440,5403,722513,65834.67,Truck
SI-0016960,S-008440,8397,484110,39244.26,Storefront
SI-0016961,S-008441,3724,238320,18868.04,Storefront
SI-0016962,S-008441,5403,722513,50972.5,Office
SI-0016963,S-008442,8397,541511,5082.87,Crew
SI-0016964,S-008442,8810,484110,29359.95,Storefront
SI-0016965,S-008442,3632,236115,33576.98,Storefront
SI-0016966,S-008443,3632,561720,15400.93,Equipment
SI-0016967,S-008443,9082,236115,141393.46,Storefront
SI-0016968,S-008444,5403,541612,35250.99,Storefront
SI-0016969,S-008444,5606,238220,45746.5,Truck
SI-0016970,S-008444,5403,238220,64327.15,Truck
SI-0016971,S-008445,3632,238220,99883.03,Storefront
SI-0016972,S-008445,8810,561720,48093.34,Warehouse
SI-0016973,S-008445,5403,238320,33419.56,Office
SI-0016974,S-008446,8397,236115,31132.51,Truck
SI-0016975,S-008446,8397,541511,14627.16,Truck
SI-0016976,S-008447,8810,238220,34919.12,Crew
SI-0016977,S-008447,8397,238320,61789.6,Equipment
SI-0016978,S-008447,8397,484110,42823.34,Office
SI-0016979,S-008448,3632,484110,34358.02,Equipment
SI-0016980,S-008448,3632,722513,59121.23,Warehouse
SI-0016981,S-008448,9082,238220,21041.63,Equipment
SI-0016982,S-008449,5606,484110,39283.42,Equipment
SI-0016983,S-008450,3724,541612,22009.25,Crew
SI-0016984,S-008450,8810,722513,24299.02,Crew
SI-0016985,S-008450,3632,722513,26006.55,Storefront
SI-0016986,S-008451,3632,722513,26338.6,Warehouse
SI-0016987,S-008452,3724,722513,123718.11,Storefront
SI-0016988,S-008452,3724,238220,33256.03,Office
SI-0016989,S-008452,3632,561720,18884.59,Storefront
SI-0016990,S-008453,3724,484110,20138.97,Warehouse
SI-0016991,S-008453,9082,236115,46131.97,Storefront
SI-0016992,S-008453,8810,238320,24324.56,Storefront
SI-0016993,S-008454,8397,238320,59529.77,Equipment
SI-0016994,S-008454,9082,238320,11909.04,Warehouse
SI-0016995,S-008454,5403,541511,13889.21,Storefront
SI-0016996,S-008455,8397,541511,13521.67,Warehouse
SI-0016997,S-008455,8810,541511,148408.98,Storefront
SI-0016998,S-008455,3724,722513,46539.11,Storefront
SI-0016999,S-008456,9082,722513,73383.51,Equipment
SI-0017000,S-008457,3632,541511,12092.12,Warehouse
SI-0017001,S-008457,5403,541612,20823.54,Crew
SI-0017002,S-008457,3632,236115,29705.15,Equipment
SI-0017003,S-008458,3632,236115,25222.22,Office
SI-0017004,S-008458,8810,238320,22721.01,Crew
SI-0017005,S-008459,8810,236115,77854.09,Truck
SI-0017006,S-008459,8810,236115,68974.96,Truck
SI-0017007,S-008459,3724,722513,31585.38,Warehouse
SI-0017008,S-008460,5403,722513,78035.87,Equipment
SI-0017009,S-008460,3632,484110,38245.49,Equipment
SI-0017010,S-008461,8810,722513,63795.65,Crew
SI-0017011,S-008461,5606,484110,28732.83,Warehouse
SI-0017012,S-008461,3724,722513,20823.57,Storefront
SI-0017013,S-008462,3632,236115,22841.51,Truck
SI-0017014,S-008462,3724,541612,20699.08,Warehouse
SI-0017015,S-008462,5403,238320,10498.69,Truck
SI-0017016,S-008463,3724,541612,56432.73,Equipment
SI-0017017,S-008463,8810,541511,18238.57,Warehouse
SI-0017018,S-008463,3724,722513,11761.7,Truck
SI-0017019,S-008464,5403,238220,41097.9,Equipment
SI-0017020,S-008464,3724,561720,16179.44,Warehouse
SI-0017021,S-008465,5606,238220,34132.7,Equipment
SI-0017022,S-008465,7228,238320,10548.16,Office
SI-0017023,S-008466,3724,238220,41467.46,Storefront
SI-0017024,S-008466,5606,541511,28766.59,Office
SI-0017025,S-008467,3724,541511,73186.66,Office
SI-0017026,S-008467,5403,484110,56155.24,Truck
SI-0017027,S-008468,3632,484110,16673.23,Warehouse
SI-0017028,S-008469,7228,238220,18318.78,Crew
SI-0017029,S-008470,9082,484110,53164.75,Crew
SI-0017030,S-008471,8397,238320,69626.51,Equipment
SI-0017031,S-008471,8810,238220,23266.05,Storefront
SI-0017032,S-008472,8810,484110,100276.36,Equipment
SI-0017033,S-008472,3724,238320,30827.32,Warehouse
SI-0017034,S-008473,5403,238220,6063.9,Equipment
SI-0017035,S-008473,8397,722513,16991.44,Storefront
SI-0017036,S-008473,5606,238220,17996.07,Crew
SI-0017037,S-008474,3632,722513,133549.31,Warehouse
SI-0017038,S-008474,9082,238320,11130.05,Crew
SI-0017039,S-008475,3724,238220,18328.75,Crew
SI-0017040,S-008476,9082,722513,13291.6,Truck
SI-0017041,S-008477,8810,541511,112322.95,Office
SI-0017042,S-008478,3632,722513,36803.69,Truck
SI-0017043,S-008478,9082,541612,12116.41,Crew
SI-0017044,S-008479,5403,238320,117868.33,Warehouse
SI-0017045,S-008479,7228,236115,14194.9,Office
SI-0017046,S-008480,5606,238320,18314.9,Storefront
SI-0017047,S-008480,3632,722513,35277.98,Warehouse
SI-0017048,S-008480,9082,484110,19645.48,Storefront
SI-0017049,S-008481,8810,238320,26087.45,Equipment
SI-0017050,S-008481,3632,561720,57603.11,Crew
SI-0017051,S-008481,5403,541612,52993.65,Crew
SI-0017052,S-008482,5403,541612,33639.9,Office
SI-0017053,S-008482,3632,561720,17169.61,Storefront
SI-0017054,S-008482,5606,236115,72410.6,Storefront
SI-0017055,S-008483,8397,238220,120130.96,Truck
SI-0017056,S-008483,8397,722513,21975.91,Crew
SI-0017057,S-008484,8397,561720,57649.89,Equipment
SI-0017058,S-008485,3632,484110,39588.76,Office
SI-0017059,S-008485,9082,561720,42423.89,Warehouse
SI-0017060,S-008485,3632,238220,33364.8,Storefront
SI-0017061,S-008486,8397,238220,63768.66,Truck
SI-0017062,S-008486,3724,484110,56028.04,Truck
SI-0017063,S-008486,5403,722513,119389.63,Truck
SI-0017064,S-008487,8397,236115,102355.15,Equipment
SI-0017065,S-008487,9082,238320,55861.23,Truck
SI-0017066,S-008488,7228,236115,76418.39,Equipment
SI-0017067,S-008489,7228,238220,83313.44,Storefront
SI-0017068,S-008490,5403,238320,30436.4,Office
SI-0017069,S-008490,8810,238320,103172.85,Equipment
SI-0017070,S-008491,7228,541612,14229.16,Warehouse
SI-0017071,S-008491,9082,541612,35330.66,Crew
SI-0017072,S-008492,8810,541511,23180.71,Equipment
SI-0017073,S-008492,5606,236115,16266.48,Crew
SI-0017074,S-008493,5606,541511,18239.78,Crew
SI-0017075,S-008494,8810,541511,23014.06,Office
SI-0017076,S-008494,5403,484110,16415.26,Crew
SI-0017077,S-008494,8810,541511,37877.09,Equipment
SI-0017078,S-008495,3724,238220,24260.27,Storefront
SI-0017079,S-008496,5403,238220,32270.34,Equipment
SI-0017080,S-008496,3632,236115,50679.61,Truck
SI-0017081,S-008496,7228,484110,180735.14,Warehouse
SI-0017082,S-008497,9082,236115,14447.84,Office
SI-0017083,S-008497,5606,722513,6493.07,Storefront
SI-0017084,S-008497,3632,541612,50456.3,Truck
SI-0017085,S-008498,3632,541511,39307.1,Office
SI-0017086,S-008498,8397,722513,33985.06,Office
SI-0017087,S-008498,9082,561720,39231.95,Truck
SI-0017088,S-008499,5403,541612,39069.68,Storefront
SI-0017089,S-008499,7228,238320,37641.54,Storefront
SI-0017090,S-008499,3724,541511,22971.38,Office
SI-0017091,S-008500,7228,484110,35985.49,Office
SI-0017092,S-008501,8810,541511,106444.23,Office
SI-0017093,S-008501,8397,236115,53143.35,Crew
SI-0017094,S-008502,8810,541511,113587.54,Warehouse
SI-0017095,S-008502,7228,238220,13748.53,Equipment
SI-0017096,S-008502,5403,722513,35770.95,Truck
SI-0017097,S-008503,8810,238220,33890.86,Office
SI-0017098,S-008504,5403,561720,31318.0,Storefront
SI-0017099,S-008504,8810,561720,33654.11,Truck
SI-0017100,S-008504,8810,238220,19293.98,Office
SI-0017101,S-008505,8810,541612,35415.46,Equipment
SI-0017102,S-008506,8810,541612,19579.92,Storefront
SI-0017103,S-008507,3632,238220,43347.45,Warehouse
SI-0017104,S-008507,5403,484110,110424.12,Equipment
SI-0017105,S-008507,8397,541612,24484.81,Truck
SI-0017106,S-008508,3632,238320,22141.98,Crew
SI-0017107,S-008508,8810,236115,24316.21,Storefront
SI-0017108,S-008509,7228,236115,42507.02,Office
SI-0017109,S-008509,9082,541612,9223.31,Office
SI-0017110,S-008509,3632,541511,40050.27,Equipment
SI-0017111,S-008510,9082,238320,72359.22,Warehouse
SI-0017112,S-008510,8810,541612,70736.66,Warehouse
SI-0017113,S-008510,3632,541511,9077.87,Crew
SI-0017114,S-008511,5403,238220,67294.47,Equipment
SI-0017115,S-008511,7228,722513,20046.28,Crew
SI-0017116,S-008511,5606,541511,64119.46,Office
SI-0017117,S-008512,3724,236115,56944.34,Truck
SI-0017118,S-008513,8810,238320,50711.98,Equipment
SI-0017119,S-008513,7228,238320,31541.87,Warehouse
SI-0017120,S-008514,8397,238320,17332.79,Storefront
SI-0017121,S-008514,8810,484110,26354.73,Storefront
SI-0017122,S-008514,9082,236115,53137.33,Equipment
SI-0017123,S-008515,5606,541612,35432.53,Equipment
SI-0017124,S-008516,9082,541612,41811.5,Equipment
SI-0017125,S-008517,3632,238220,20917.72,Equipment
SI-0017126,S-008518,3724,484110,94257.82,Office
SI-0017127,S-008519,3632,236115,52803.84,Office
SI-0017128,S-008519,8810,561720,39604.54,Truck
SI-0017129,S-008519,5403,484110,44168.96,Truck
SI-0017130,S-008520,8397,541511,15747.43,Warehouse
SI-0017131,S-008520,9082,484110,23833.86,Crew
SI-0017132,S-008520,8810,722513,14295.86,Office
SI-0017133,S-008521,9082,722513,88551.41,Equipment
SI-0017134,S-008522,8810,238220,28124.16,Equipment
SI-0017135,S-008522,3632,484110,67208.62,Office
SI-0017136,S-008522,5403,238320,84088.61,Crew
SI-0017137,S-008523,8397,561720,16002.72,Storefront
SI-0017138,S-008524,8397,722513,42868.11,Truck
SI-0017139,S-008525,8810,484110,18554.5,Equipment
SI-0017140,S-008525,7228,238220,65911.19,Truck
SI-0017141,S-008525,5606,238320,57583.97,Warehouse
SI-0017142,S-008526,3632,236115,21553.98,Crew
SI-0017143,S-008526,3632,238220,45972.39,Equipment
SI-0017144,S-008527,8810,238220,67692.91,Warehouse
SI-0017145,S-008527,9082,238320,32913.89,Equipment
SI-0017146,S-008527,3724,238320,47861.78,Crew
SI-0017147,S-008528,8397,541511,99840.05,Office
SI-0017148,S-008529,9082,541511,30766.08,Crew
SI-0017149,S-008529,3632,238220,111544.98,Equipment
SI-0017150,S-008530,8397,541612,66456.49,Warehouse
SI-0017151,S-008530,7228,541612,32284.76,Crew
SI-0017152,S-008531,5403,238220,20033.73,Warehouse
SI-0017153,S-008531,3632,561720,39316.15,Storefront
SI-0017154,S-008532,7228,561720,15527.37,Storefront
SI-0017155,S-008532,8810,238220,27505.87,Truck
SI-0017156,S-008532,5606,484110,45668.21,Equipment
SI-0017157,S-008533,8397,561720,18727.74,Storefront
SI-0017158,S-008533,3632,541612,12070.64,Warehouse
SI-0017159,S-008534,5403,484110,41289.5,Crew
SI-0017160,S-008534,8810,484110,43992.13,Truck
SI-0017161,S-008534,5403,722513,17455.28,Truck
SI-0017162,S-008535,3632,541612,55522.02,Warehouse
SI-0017163,S-008535,5403,541612,41185.75,Warehouse
SI-0017164,S-008536,8397,484110,63895.86,Crew
SI-0017165,S-008536,8810,722513,136594.63,Storefront
SI-0017166,S-008537,7228,541511,23557.88,Truck
SI-0017167,S-008537,5403,722513,19082.7,Warehouse
SI-0017168,S-008537,8810,236115,65857.77,Office
SI-0017169,S-008538,5606,541612,21583.4,Storefront
SI-0017170,S-008538,5403,236115,28540.75,Warehouse
SI-0017171,S-008539,5403,561720,32021.28,Equipment
SI-0017172,S-008539,7228,238320,45070.55,Warehouse
SI-0017173,S-008540,3632,238320,46178.71,Truck
SI-0017174,S-008540,7228,238320,6422.48,Truck
SI-0017175,S-008540,9082,238320,19144.7,Truck
SI-0017176,S-008541,9082,561720,37428.83,Truck
SI-0017177,S-008542,7228,238320,19266.72,Office
SI-0017178,S-008542,5403,722513,26255.07,Truck
SI-0017179,S-008543,5403,561720,22205.04,Truck
SI-0017180,S-008543,8810,541612,23162.14,Crew
SI-0017181,S-008544,8397,236115,70870.67,Warehouse
SI-0017182,S-008544,3632,238220,20290.59,Office
SI-0017183,S-008545,8397,722513,55200.61,Office
SI-0017184,S-008545,8810,236115,55275.63,Office
SI-0017185,S-008545,8810,238320,28105.22,Storefront
SI-0017186,S-008546,8810,484110,32970.22,Equipment
SI-0017187,S-008546,8810,541511,50376.41,Truck
SI-0017188,S-008546,5606,238220,16745.1,Crew
SI-0017189,S-008547,8397,238220,28929.4,Equipment
SI-0017190,S-008548,5403,561720,11599.24,Truck
SI-0017191,S-008549,9082,236115,69518.94,Crew
SI-0017192,S-008549,9082,722513,29450.71,Truck
SI-0017193,S-008549,5606,484110,8365.06,Crew
SI-0017194,S-008550,3724,541612,21516.11,Truck
SI-0017195,S-008550,8397,722513,28081.38,Truck
SI-0017196,S-008551,7228,722513,28042.84,Truck
SI-0017197,S-008552,5403,541511,42507.55,Office
SI-0017198,S-008553,9082,484110,47283.52,Office
SI-0017199,S-008553,5606,541612,32975.77,Equipment
SI-0017200,S-008554,3724,541612,27655.77,Truck
SI-0017201,S-008554,3632,541612,81855.36,Storefront
SI-0017202,S-008554,8810,541511,22732.85,Storefront
SI-0017203,S-008555,5606,541511,131657.54,Crew
SI-0017204,S-008556,8397,541511,149269.32,Office
SI-0017205,S-008556,3632,561720,78284.16,Warehouse
SI-0017206,S-008557,3724,561720,8697.09,Equipment
SI-0017207,S-008558,3724,561720,17055.3,Office
SI-0017208,S-008559,3632,561720,8980.19,Equipment
SI-0017209,S-008559,7228,561720,38672.79,Crew
SI-0017210,S-008559,3724,238320,56454.17,Office
SI-0017211,S-008560,7228,541612,18076.74,Storefront
SI-0017212,S-008560,7228,722513,24886.4,Crew
SI-0017213,S-008561,5606,236115,62910.73,Crew
SI-0017214,S-008562,3724,238320,7887.42,Truck
SI-0017215,S-008562,7228,238320,34422.59,Equipment
SI-0017216,S-008563,8810,561720,12077.59,Equipment
SI-0017217,S-008563,9082,484110,19035.49,Truck
SI-0017218,S-008564,5606,722513,49944.23,Storefront
SI-0017219,S-008565,8810,561720,16904.5,Equipment
SI-0017220,S-008565,3724,236115,38700.03,Office
SI-0017221,S-008565,8397,484110,10860.01,Office
SI-0017222,S-008566,8397,561720,16323.74,Storefront
SI-0017223,S-008566,8397,541511,88395.9,Storefront
SI-0017224,S-008567,5606,722513,15369.84,Truck
SI-0017225,S-008567,3724,484110,10342.67,Warehouse
SI-0017226,S-008568,7228,236115,39304.27,Truck
SI-0017227,S-008568,9082,541511,20318.26,Crew
SI-0017228,S-008569,8810,236115,24710.68,Storefront
SI-0017229,S-008569,3724,238220,12012.49,Office
SI-0017230,S-008569,8397,236115,12571.73,Truck
SI-0017231,S-008570,8810,561720,29131.83,Truck
SI-0017232,S-008571,7228,238220,45778.88,Office
SI-0017233,S-008572,9082,238320,40883.56,Office
SI-0017234,S-008572,7228,541511,136986.79,Truck
SI-0017235,S-008572,9082,722513,15885.12,Warehouse
SI-0017236,S-008573,3632,561720,21073.0,Storefront
SI-0017237,S-008573,9082,484110,18409.93,Office
SI-0017238,S-008574,7228,238320,29239.12,Office
SI-0017239,S-008575,5403,722513,16824.77,Truck
SI-0017240,S-008575,5403,484110,68068.08,Truck
SI-0017241,S-008576,5606,238220,49580.99,Truck
SI-0017242,S-008576,3632,541511,24382.37,Storefront
SI-0017243,S-008576,5403,541612,147695.3,Office
SI-0017244,S-008577,9082,722513,62833.69,Storefront
SI-0017245,S-008577,8397,722513,24446.5,Crew
SI-0017246,S-008577,3724,561720,44476.44,Truck
SI-0017247,S-008578,8810,236115,75429.74,Storefront
SI-0017248,S-008579,5606,484110,62005.81,Warehouse
SI-0017249,S-008579,3724,238220,55668.96,Storefront
SI-0017250,S-008580,5606,236115,28356.31,Crew
SI-0017251,S-008580,5403,541612,12488.48,Crew
SI-0017252,S-008581,8397,484110,29492.71,Equipment
SI-0017253,S-008581,9082,722513,8857.47,Truck
SI-0017254,S-008582,3724,236115,38054.45,Storefront
SI-0017255,S-008582,8397,561720,9760.55,Warehouse
SI-0017256,S-008582,8810,541511,34875.36,Crew
SI-0017257,S-008583,5606,541511,55653.85,Office
SI-0017258,S-008584,5606,541511,6636.96,Crew
SI-0017259,S-008584,8810,238220,86380.72,Warehouse
SI-0017260,S-008584,7228,238220,26874.51,Equipment
SI-0017261,S-008585,3632,541511,69867.76,Truck
SI-0017262,S-008585,5403,541511,10416.54,Truck
SI-0017263,S-008586,3632,541511,10964.09,Truck
SI-0017264,S-008587,9082,541612,53748.98,Crew
SI-0017265,S-008587,7228,238320,44812.7,Equipment
SI-0017266,S-008588,7228,238220,18677.52,Warehouse
SI-0017267,S-008588,5403,722513,15108.72,Office
SI-0017268,S-008589,3724,238220,24311.78,Storefront
SI-0017269,S-008590,3632,484110,98593.16,Equipment
SI-0017270,S-008591,8397,238220,31162.49,Equipment
SI-0017271,S-008592,9082,541612,21096.73,Storefront
SI-0017272,S-008592,9082,238220,135179.69,Crew
SI-0017273,S-008593,9082,561720,22533.26,Equipment
SI-0017274,S-008593,5403,484110,10804.37,Storefront
SI-0017275,S-008594,7228,238320,6961.68,Warehouse
SI-0017276,S-008594,8810,238320,67619.21,Truck
SI-0017277,S-008595,3724,238220,24528.63,Truck
SI-0017278,S-008595,7228,541511,53693.36,Storefront
SI-0017279,S-008596,5606,238320,26905.76,Crew
SI-0017280,S-008596,8810,541511,6171.33,Storefront
SI-0017281,S-008597,7228,541511,56984.59,Storefront
SI-0017282,S-008597,5606,238220,34214.64,Crew
SI-0017283,S-008597,9082,484110,45347.21,Warehouse
SI-0017284,S-008598,8810,541612,53210.18,Truck
SI-0017285,S-008598,8810,541511,127345.39,Equipment
SI-0017286,S-008598,9082,238320,28230.49,Warehouse
SI-0017287,S-008599,3724,238220,18888.8,Truck
SI-0017288,S-008600,9082,561720,28623.12,Office
SI-0017289,S-008600,3724,541612,13116.73,Storefront
SI-0017290,S-008600,3724,238220,30616.83,Equipment
SI-0017291,S-008601,3724,541612,44966.45,Storefront
SI-0017292,S-008602,9082,484110,32729.25,Office
SI-0017293,S-008602,5606,561720,17385.02,Office
SI-0017294,S-008602,3724,722513,36525.76,Office
SI-0017295,S-008603,3724,484110,9461.37,Truck
SI-0017296,S-008603,5606,561720,19436.82,Equipment
SI-0017297,S-008604,7228,238320,21938.77,Storefront
SI-0017298,S-008604,3632,561720,106359.19,Office
SI-0017299,S-008605,3632,238220,26407.36,Storefront
SI-0017300,S-008606,9082,561720,16823.54,Equipment
SI-0017301,S-008606,3724,238320,32550.92,Warehouse
SI-0017302,S-008607,5403,541511,30091.68,Office
SI-0017303,S-008608,3724,561720,64599.49,Equipment
SI-0017304,S-008609,5606,541511,35547.4,Office
SI-0017305,S-008609,9082,236115,8394.12,Office
SI-0017306,S-008610,8810,484110,21017.88,Crew
SI-0017307,S-008610,8397,236115,48278.12,Crew
SI-0017308,S-008610,8810,541511,18340.18,Storefront
SI-0017309,S-008611,8397,541511,11776.3,Equipment
SI-0017310,S-008611,3724,238320,31056.34,Warehouse
SI-0017311,S-008611,5606,541511,41058.16,Storefront
SI-0017312,S-008612,9082,541612,40554.83,Truck
SI-0017313,S-008612,5403,484110,86938.73,Truck
SI-0017314,S-008612,3632,236115,27737.39,Equipment
SI-0017315,S-008613,3724,561720,23366.35,Crew
SI-0017316,S-008613,3724,236115,22997.91,Office
SI-0017317,S-008613,8810,561720,15871.57,Warehouse
SI-0017318,S-008614,3632,238220,47139.4,Truck
SI-0017319,S-008614,9082,561720,14475.22,Truck
SI-0017320,S-008615,8810,722513,31157.81,Equipment
SI-0017321,S-008615,3632,541511,91788.37,Equipment
SI-0017322,S-008616,9082,238220,33821.19,Warehouse
SI-0017323,S-008617,3724,561720,49966.46,Office
SI-0017324,S-008617,7228,541612,69510.48,Warehouse
SI-0017325,S-008617,5403,238320,24192.87,Truck
SI-0017326,S-008618,3724,561720,39042.9,Office
SI-0017327,S-008619,8397,238220,19153.87,Storefront
SI-0017328,S-008619,8810,541511,18748.23,Office
SI-0017329,S-008620,5606,541511,18178.73,Office
SI-0017330,S-008621,5606,484110,105954.59,Crew
SI-0017331,S-008622,3724,236115,42214.06,Office
SI-0017332,S-008622,8397,236115,88807.59,Truck
SI-0017333,S-008622,5606,238220,59142.26,Equipment
SI-0017334,S-008623,5606,541612,63862.99,Office
SI-0017335,S-008623,8397,238320,20239.34,Equipment
SI-0017336,S-008624,5606,484110,18103.57,Warehouse
SI-0017337,S-008625,7228,238320,15949.1,Equipment
SI-0017338,S-008625,5606,236115,30133.16,Equipment
SI-0017339,S-008625,5403,541612,24751.99,Office
SI-0017340,S-008626,3724,484110,53415.76,Office
SI-0017341,S-008626,8810,561720,28501.73,Office
SI-0017342,S-008626,5606,541511,11785.42,Office
SI-0017343,S-008627,3632,541511,37024.68,Storefront
SI-0017344,S-008628,3632,238220,12267.27,Office
SI-0017345,S-008628,8397,541612,23492.2,Equipment
SI-0017346,S-008629,8397,238220,20131.44,Office
SI-0017347,S-008629,3724,238220,42668.62,Crew
SI-0017348,S-008630,5403,541511,11025.85,Truck
SI-0017349,S-008631,8810,722513,10509.33,Warehouse
SI-0017350,S-008631,8397,238220,114143.91,Storefront
SI-0017351,S-008631,7228,541612,113902.37,Office
SI-0017352,S-008632,3632,541612,24587.7,Crew
SI-0017353,S-008633,8397,238220,99946.45,Office
SI-0017354,S-008633,9082,238220,29608.22,Office
SI-0017355,S-008633,8397,238220,39588.99,Truck
SI-0017356,S-008634,5403,238220,16526.74,Storefront
SI-0017357,S-008635,8810,722513,24558.39,Truck
SI-0017358,S-008635,5606,722513,25501.63,Office
SI-0017359,S-008636,3632,236115,58083.84,Office
SI-0017360,S-008636,5606,722513,68823.37,Truck
SI-0017361,S-008637,3632,484110,51324.83,Storefront
SI-0017362,S-008638,5403,541511,18507.5,Equipment
SI-0017363,S-008638,3724,238320,57364.15,Office
SI-0017364,S-008638,3724,236115,37804.17,Office
SI-0017365,S-008639,8810,484110,22513.55,Storefront
SI-0017366,S-008640,5606,541612,17426.7,Equipment
SI-0017367,S-008640,3724,484110,29035.16,Warehouse
SI-0017368,S-008641,8397,561720,27229.12,Crew
SI-0017369,S-008641,5403,541511,38759.81,Storefront
SI-0017370,S-008641,8810,722513,39612.4,Crew
SI-0017371,S-008642,5403,541612,21054.88,Equipment
SI-0017372,S-008642,8397,484110,46088.83,Office
SI-0017373,S-008643,9082,238320,32464.82,Truck
SI-0017374,S-008644,8810,238320,19235.56,Office
SI-0017375,S-008645,8810,238220,53202.91,Office
SI-0017376,S-008645,9082,541511,18679.8,Storefront
SI-0017377,S-008645,8397,238320,19960.52,Equipment
SI-0017378,S-008646,3632,238220,48266.19,Office
SI-0017379,S-008647,3632,541612,75547.68,Warehouse
SI-0017380,S-008647,5403,541612,68984.25,Crew
SI-0017381,S-008648,5606,484110,27708.42,Equipment
SI-0017382,S-008648,3632,541612,31147.34,Warehouse
SI-0017383,S-008649,7228,238220,99987.63,Truck
SI-0017384,S-008649,9082,722513,116572.53,Warehouse
SI-0017385,S-008649,8810,541612,229731.24,Equipment
SI-0017386,S-008650,5403,561720,30745.24,Equipment
SI-0017387,S-008650,9082,236115,29658.51,Equipment
SI-0017388,S-008650,8397,238220,39164.2,Truck
SI-0017389,S-008651,5403,541511,36569.66,Equipment
SI-0017390,S-008651,7228,541511,49888.4,Warehouse
SI-0017391,S-008652,9082,541612,77903.48,Truck
SI-0017392,S-008652,7228,541612,15528.92,Equipment
SI-0017393,S-008652,7228,541612,19724.89,Storefront
SI-0017394,S-008653,5606,561720,9325.3,Storefront
SI-0017395,S-008653,9082,484110,11098.78,Storefront
SI-0017396,S-008654,7228,238320,50507.66,Office
SI-0017397,S-008654,3632,238220,31272.34,Storefront
SI-0017398,S-008654,9082,238220,80092.17,Crew
SI-0017399,S-008655,3724,484110,147098.19,Warehouse
SI-0017400,S-008655,9082,484110,60929.07,Storefront
SI-0017401,S-008655,8397,484110,9278.81,Warehouse
SI-0017402,S-008656,7228,561720,86969.28,Office
SI-0017403,S-008656,3724,561720,30903.95,Warehouse
SI-0017404,S-008657,8397,484110,42041.48,Truck
SI-0017405,S-008657,8810,561720,18169.69,Truck
SI-0017406,S-008658,5606,238320,16561.09,Storefront
SI-0017407,S-008658,8810,238320,17500.91,Office
SI-0017408,S-008658,9082,561720,12364.68,Crew
SI-0017409,S-008659,8397,236115,81420.23,Crew
SI-0017410,S-008659,5606,561720,47209.59,Truck
SI-0017411,S-008660,5606,236115,27119.56,Crew
SI-0017412,S-008660,9082,236115,90733.11,Office
SI-0017413,S-008660,3724,561720,6789.79,Office
SI-0017414,S-008661,5606,238220,17933.31,Storefront
SI-0017415,S-008661,5403,541612,10032.85,Office
SI-0017416,S-008661,3724,561720,38672.04,Office
SI-0017417,S-008662,3632,541511,12509.21,Truck
SI-0017418,S-008663,5606,236115,19566.57,Office
SI-0017419,S-008663,3632,236115,39609.91,Crew
SI-0017420,S-008663,5403,236115,24275.33,Warehouse
SI-0017421,S-008664,5403,238320,25360.27,Storefront
SI-0017422,S-008665,7228,484110,92344.94,Storefront
SI-0017423,S-008666,9082,484110,31038.25,Warehouse
SI-0017424,S-008667,7228,238220,31111.54,Storefront
SI-0017425,S-008667,3724,561720,40706.92,Truck
SI-0017426,S-008667,5606,722513,15814.89,Truck
SI-0017427,S-008668,3632,561720,39096.53,Crew
SI-0017428,S-008669,9082,541612,22940.27,Warehouse
SI-0017429,S-008669,5606,541612,102138.96,Warehouse
SI-0017430,S-008669,8810,236115,8691.39,Truck
SI-0017431,S-008670,3632,541511,13603.61,Warehouse
SI-0017432,S-008670,3724,484110,86798.72,Warehouse
SI-0017433,S-008671,8810,541612,17819.86,Warehouse
SI-0017434,S-008672,3632,238220,35785.31,Equipment
SI-0017435,S-008672,3632,236115,122634.06,Equipment
SI-0017436,S-008673,7228,561720,13089.32,Truck
SI-0017437,S-008674,9082,236115,26824.91,Warehouse
SI-0017438,S-008674,9082,541511,35430.84,Office
SI-0017439,S-008675,8810,541612,47043.95,Equipment
SI-0017440,S-008675,7228,541511,13185.69,Equipment
SI-0017441,S-008676,5606,484110,17281.29,Truck
SI-0017442,S-008676,3724,238320,21678.44,Truck
SI-0017443,S-008676,8397,238220,87691.09,Equipment
SI-0017444,S-008677,8397,541511,15788.84,Equipment
SI-0017445,S-008677,3724,484110,26885.12,Storefront
SI-0017446,S-008678,7228,561720,40913.06,Equipment
SI-0017447,S-008679,3724,484110,91851.64,Storefront
SI-0017448,S-008679,9082,236115,19824.57,Equipment
SI-0017449,S-008679,7228,484110,32172.43,Office
SI-0017450,S-008680,7228,238320,14123.1,Truck
SI-0017451,S-008680,3632,541612,17868.11,Equipment
SI-0017452,S-008680,5403,541511,50496.57,Crew
SI-0017453,S-008681,9082,541511,38778.83,Crew
SI-0017454,S-008682,8810,541612,45684.26,Warehouse
SI-0017455,S-008682,5403,561720,78406.57,Equipment
SI-0017456,S-008682,8810,541511,84812.06,Warehouse
SI-0017457,S-008683,9082,238320,6403.22,Equipment
SI-0017458,S-008683,7228,561720,45136.18,Equipment
SI-0017459,S-008684,9082,236115,34126.93,Truck
SI-0017460,S-008684,8397,238320,47726.73,Storefront
SI-0017461,S-008684,5606,484110,43926.83,Truck
SI-0017462,S-008685,5606,238220,44301.67,Truck
SI-0017463,S-008685,5403,238220,255080.15,Warehouse
SI-0017464,S-008685,9082,561720,49197.57,Office
SI-0017465,S-008686,5403,722513,37268.62,Office
SI-0017466,S-008686,3632,541612,24245.17,Storefront
SI-0017467,S-008686,8810,238220,9922.51,Equipment
SI-0017468,S-008687,5403,238320,45521.5,Crew
SI-0017469,S-008687,7228,541612,47271.09,Crew
SI-0017470,S-008688,7228,238320,52183.59,Warehouse
SI-0017471,S-008689,5403,722513,22285.79,Equipment
SI-0017472,S-008690,9082,561720,29730.78,Office
SI-0017473,S-008690,8397,484110,32948.93,Warehouse
SI-0017474,S-008691,5606,238320,28631.06,Truck
SI-0017475,S-008691,5403,561720,91255.27,Storefront
SI-0017476,S-008692,7228,541612,29530.2,Storefront
SI-0017477,S-008693,5403,236115,33470.48,Truck
SI-0017478,S-008693,3724,236115,18222.2,Warehouse
SI-0017479,S-008693,5606,561720,64345.1,Storefront
SI-0017480,S-008694,3724,722513,28294.07,Storefront
SI-0017481,S-008694,3632,541612,17211.58,Truck
SI-0017482,S-008695,7228,722513,23158.08,Equipment
SI-0017483,S-008695,5606,238220,15109.06,Truck
SI-0017484,S-008696,8810,236115,24513.07,Crew
SI-0017485,S-008696,3724,238320,9662.49,Office
SI-0017486,S-008696,8397,236115,6181.08,Equipment
SI-0017487,S-008697,3724,484110,8987.78,Warehouse
SI-0017488,S-008697,3632,238220,25714.46,Crew
SI-0017489,S-008697,7228,722513,14184.34,Crew
SI-0017490,S-008698,5403,561720,22214.26,Equipment
SI-0017491,S-008699,5606,484110,28660.13,Crew
SI-0017492,S-008700,8810,238320,20024.22,Storefront
SI-0017493,S-008701,5606,236115,10970.51,Warehouse
SI-0017494,S-008701,3632,238320,23527.29,Crew
SI-0017495,S-008701,9082,561720,19136.93,Office
SI-0017496,S-008702,3632,238220,29922.94,Warehouse
SI-0017497,S-008702,5606,484110,44735.16,Office
SI-0017498,S-008702,3724,541612,12589.39,Warehouse
SI-0017499,S-008703,8810,722513,38301.3,Storefront
SI-0017500,S-008703,5606,541511,20733.48,Equipment
SI-0017501,S-008703,9082,236115,115644.53,Warehouse
SI-0017502,S-008704,7228,238320,16031.95,Equipment
SI-0017503,S-008705,9082,561720,20702.83,Truck
SI-0017504,S-008705,5403,722513,82294.98,Office
SI-0017505,S-008706,5403,561720,14158.49,Truck
SI-0017506,S-008706,3632,484110,26534.6,Storefront
SI-0017507,S-008706,8810,541511,26780.97,Equipment
SI-0017508,S-008707,3724,722513,35916.82,Equipment
SI-0017509,S-008707,5403,484110,14517.5,Office
SI-0017510,S-008708,3724,541511,29016.36,Crew
SI-0017511,S-008708,3724,541612,38179.44,Equipment
SI-0017512,S-008708,3632,541511,13131.39,Equipment
SI-0017513,S-008709,8810,238320,55862.53,Truck
SI-0017514,S-008709,3632,238220,13198.01,Storefront
SI-0017515,S-008710,5403,238220,46254.66,Truck
SI-0017516,S-008711,5606,236115,29687.86,Crew
SI-0017517,S-008712,7228,722513,46607.04,Truck
SI-0017518,S-008712,3632,484110,53531.79,Crew
SI-0017519,S-008713,5403,238220,79557.95,Equipment
SI-0017520,S-008713,3724,238220,41459.14,Truck
SI-0017521,S-008713,5403,238320,53409.97,Office
SI-0017522,S-008714,7228,236115,25197.14,Warehouse
SI-0017523,S-008715,5606,238320,28307.77,Storefront
SI-0017524,S-008716,8810,238320,26892.07,Equipment
SI-0017525,S-008716,8810,484110,18990.39,Crew
SI-0017526,S-008717,3632,561720,38935.05,Storefront
SI-0017527,S-008718,3632,541612,26749.63,Crew
SI-0017528,S-008719,5403,238220,25758.27,Equipment
SI-0017529,S-008719,8810,541612,14272.15,Storefront
SI-0017530,S-008720,3632,238220,42677.52,Storefront
SI-0017531,S-008721,8810,561720,12677.72,Equipment
SI-0017532,S-008722,8397,541612,26227.26,Storefront
SI-0017533,S-008722,8397,561720,65453.71,Crew
SI-0017534,S-008722,3724,561720,16936.68,Equipment
SI-0017535,S-008723,5606,561720,37419.32,Equipment
SI-0017536,S-008724,8397,541612,58519.09,Crew
SI-0017537,S-008724,5403,236115,84598.46,Warehouse
SI-0017538,S-008724,8397,722513,25283.55,Storefront
SI-0017539,S-008725,3632,561720,70904.58,Warehouse
SI-0017540,S-008725,7228,541511,27794.09,Crew
SI-0017541,S-008725,5606,236115,18540.98,Equipment
SI-0017542,S-008726,8810,238220,52396.72,Storefront
SI-0017543,S-008726,3632,541612,40292.96,Equipment
SI-0017544,S-008726,9082,238320,69334.97,Storefront
SI-0017545,S-008727,8397,484110,16194.98,Office
SI-0017546,S-008727,8810,484110,20253.8,Warehouse
SI-0017547,S-008728,7228,722513,9081.79,Storefront
SI-0017548,S-008729,7228,541511,36816.24,Equipment
SI-0017549,S-008729,9082,541612,9103.46,Crew
SI-0017550,S-008730,5403,561720,72927.24,Storefront
SI-0017551,S-008730,3724,541511,11076.02,Office
SI-0017552,S-008730,3632,561720,32895.14,Truck
SI-0017553,S-008731,8810,541612,115640.98,Equipment
SI-0017554,S-008732,9082,722513,46495.19,Storefront
SI-0017555,S-008732,8810,541511,101515.34,Storefront
SI-0017556,S-008733,8810,238220,106436.78,Crew
SI-0017557,S-008733,3724,238320,89345.09,Equipment
SI-0017558,S-008734,5403,722513,60751.22,Crew
SI-0017559,S-008735,8810,722513,71578.96,Storefront
SI-0017560,S-008736,3632,541612,20748.08,Office
SI-0017561,S-008736,9082,722513,77629.35,Warehouse
SI-0017562,S-008737,5606,541612,27369.42,Crew
SI-0017563,S-008737,9082,238220,14213.57,Office
SI-0017564,S-008737,8810,236115,22113.99,Warehouse
SI-0017565,S-008738,3724,541511,43990.42,Equipment
SI-0017566,S-008739,3724,561720,32365.35,Warehouse
SI-0017567,S-008739,5606,561720,51148.47,Truck
SI-0017568,S-008739,3632,238220,33542.9,Equipment
SI-0017569,S-008740,3724,722513,11468.87,Crew
SI-0017570,S-008740,9082,484110,24961.7,Warehouse
SI-0017571,S-008740,9082,238320,154007.46,Truck
SI-0017572,S-008741,9082,484110,39591.32,Warehouse
SI-0017573,S-008742,5403,561720,25769.75,Truck
SI-0017574,S-008742,7228,561720,93565.91,Equipment
SI-0017575,S-008742,8397,236115,24506.28,Crew
SI-0017576,S-008743,7228,238320,17054.07,Storefront
SI-0017577,S-008743,7228,561720,31261.11,Storefront
SI-0017578,S-008744,5403,541612,90583.08,Crew
SI-0017579,S-008744,8397,722513,35682.1,Crew
SI-0017580,S-008744,7228,238220,29292.4,Crew
SI-0017581,S-008745,9082,722513,15998.67,Equipment
SI-0017582,S-008746,3724,484110,21396.55,Crew
SI-0017583,S-008746,8397,722513,61727.91,Storefront
SI-0017584,S-008746,3724,722513,55532.08,Warehouse
SI-0017585,S-008747,5403,238320,42694.8,Crew
SI-0017586,S-008747,3724,561720,59051.25,Warehouse
SI-0017587,S-008748,3724,238320,60354.47,Office
SI-0017588,S-008748,9082,238320,14167.77,Warehouse
SI-0017589,S-008749,5606,541511,21499.5,Truck
SI-0017590,S-008749,8810,561720,21150.42,Storefront
SI-0017591,S-008750,3632,238320,38831.82,Warehouse
SI-0017592,S-008750,8810,541612,24815.59,Truck
SI-0017593,S-008751,7228,238220,14394.81,Storefront
SI-0017594,S-008751,9082,541511,19266.57,Crew
SI-0017595,S-008752,8810,236115,46818.19,Storefront
SI-0017596,S-008753,5403,722513,31788.19,Storefront
SI-0017597,S-008753,8397,541511,43037.72,Storefront
SI-0017598,S-008754,3724,236115,5589.68,Office
SI-0017599,S-008754,5606,541612,35169.86,Warehouse
SI-0017600,S-008754,3632,236115,12954.36,Office
SI-0017601,S-008755,5606,541511,43352.48,Truck
SI-0017602,S-008755,3724,541612,22504.4,Crew
SI-0017603,S-008756,5403,484110,36347.9,Equipment
SI-0017604,S-008756,3632,541612,24180.64,Equipment
SI-0017605,S-008757,7228,484110,74197.56,Office
SI-0017606,S-008758,3632,541511,11118.47,Truck
SI-0017607,S-008758,3632,236115,73182.82,Warehouse
SI-0017608,S-008759,3632,238220,20161.05,Office
SI-0017609,S-008759,5403,238220,18291.38,Storefront
SI-0017610,S-008759,8810,238320,67728.95,Truck
SI-0017611,S-008760,7228,541511,9785.08,Storefront
SI-0017612,S-008760,5606,722513,19940.37,Storefront
SI-0017613,S-008761,5606,541612,17265.37,Office
SI-0017614,S-008762,3632,541511,32991.28,Storefront
SI-0017615,S-008762,8397,541511,244829.14,Equipment
SI-0017616,S-008762,5403,484110,6241.88,Crew
SI-0017617,S-008763,7228,238220,15285.65,Storefront
SI-0017618,S-008764,8810,238320,23803.87,Storefront
SI-0017619,S-008764,5606,238220,155351.3,Equipment
SI-0017620,S-008765,7228,541511,30144.56,Truck
SI-0017621,S-008766,8810,541612,18647.05,Equipment
SI-0017622,S-008766,5606,541511,25240.05,Office
SI-0017623,S-008766,3632,541612,22252.65,Warehouse
SI-0017624,S-008767,9082,484110,132998.97,Crew
SI-0017625,S-008767,3724,541612,9594.58,Warehouse
SI-0017626,S-008767,8397,238320,65700.94,Equipment
SI-0017627,S-008768,8810,484110,33899.53,Crew
SI-0017628,S-008768,8397,561720,40547.95,Equipment
SI-0017629,S-008769,5403,484110,77409.65,Office
SI-0017630,S-008769,8397,238320,44920.87,Equipment
SI-0017631,S-008769,3632,541511,135114.37,Truck
SI-0017632,S-008770,5606,236115,96122.88,Storefront
SI-0017633,S-008770,8810,484110,17645.87,Office
SI-0017634,S-008771,3724,484110,26172.81,Equipment
SI-0017635,S-008772,5606,238220,41378.61,Truck
SI-0017636,S-008772,9082,561720,17816.39,Storefront
SI-0017637,S-008773,5606,561720,49694.68,Equipment
SI-0017638,S-008773,8397,561720,48964.61,Equipment
SI-0017639,S-008773,7228,722513,50597.64,Warehouse
SI-0017640,S-008774,9082,561720,34894.72,Storefront
SI-0017641,S-008774,8810,238320,29266.85,Storefront
SI-0017642,S-008775,5403,561720,16129.41,Warehouse
SI-0017643,S-008775,3632,236115,46146.47,Equipment
SI-0017644,S-008775,9082,484110,20766.72,Storefront
SI-0017645,S-008776,5606,484110,25705.08,Truck
SI-0017646,S-008776,3632,238220,19909.3,Equipment
SI-0017647,S-008777,5606,238220,19920.41,Warehouse
SI-0017648,S-008777,3632,484110,27535.51,Truck
SI-0017649,S-008778,5403,541511,9685.78,Office
SI-0017650,S-008779,5403,484110,53610.52,Warehouse
SI-0017651,S-008780,7228,236115,29191.18,Office
SI-0017652,S-008781,3632,238220,26150.92,Crew
SI-0017653,S-008782,7228,541612,19637.02,Crew
SI-0017654,S-008783,5403,484110,37499.75,Equipment
SI-0017655,S-008783,3724,484110,23816.04,Storefront
SI-0017656,S-008784,8397,541511,23106.5,Truck
SI-0017657,S-008785,9082,238320,199365.76,Equipment
SI-0017658,S-008786,3724,238320,27850.99,Warehouse
SI-0017659,S-008786,7228,238220,79093.78,Equipment
SI-0017660,S-008786,8397,541511,17968.54,Truck
SI-0017661,S-008787,3632,238320,217437.5,Crew
SI-0017662,S-008787,9082,541612,26739.02,Warehouse
SI-0017663,S-008787,5606,541612,30568.84,Truck
SI-0017664,S-008788,3724,238220,30307.94,Equipment
SI-0017665,S-008788,8810,238320,23132.57,Truck
SI-0017666,S-008789,8810,484110,37911.48,Equipment
SI-0017667,S-008790,8810,238320,32512.85,Crew
SI-0017668,S-008790,9082,484110,17549.0,Crew
SI-0017669,S-008791,8397,238220,47547.25,Storefront
SI-0017670,S-008792,5403,484110,105527.66,Office
SI-0017671,S-008792,3632,722513,16710.03,Warehouse
SI-0017672,S-008793,8810,238220,11647.71,Crew
SI-0017673,S-008793,9082,238320,40742.67,Warehouse
SI-0017674,S-008793,3724,484110,110899.41,Crew
SI-0017675,S-008794,5403,238220,16122.94,Storefront
SI-0017676,S-008794,8397,722513,127127.69,Warehouse
SI-0017677,S-008794,3632,236115,22324.27,Office
SI-0017678,S-008795,3632,238220,28899.28,Storefront
SI-0017679,S-008795,9082,541612,62316.94,Equipment
SI-0017680,S-008796,8810,484110,27502.42,Storefront
SI-0017681,S-008796,5606,541612,41597.8,Storefront
SI-0017682,S-008797,3632,541511,170798.87,Truck
SI-0017683,S-008797,3724,238220,84678.02,Truck
SI-0017684,S-008797,3632,541612,3091.32,Truck
SI-0017685,S-008798,5403,238220,143348.43,Office
SI-0017686,S-008798,8397,541511,120385.82,Warehouse
SI-0017687,S-008799,9082,541511,6735.69,Truck
SI-0017688,S-008800,9082,236115,46212.3,Truck
SI-0017689,S-008800,8397,236115,24499.1,Storefront
SI-0017690,S-008801,9082,561720,59869.85,Equipment
SI-0017691,S-008801,8810,541612,31987.16,Storefront
SI-0017692,S-008801,8397,722513,46795.31,Storefront
SI-0017693,S-008802,9082,541612,85873.15,Equipment
SI-0017694,S-008802,8810,236115,51383.26,Crew
SI-0017695,S-008803,8810,236115,25419.99,Office
SI-0017696,S-008803,8397,236115,13493.64,Equipment
SI-0017697,S-008804,3632,236115,25145.8,Office
SI-0017698,S-008804,5403,236115,27031.14,Warehouse
SI-0017699,S-008805,5403,484110,70317.56,Equipment
SI-0017700,S-008805,5606,484110,38900.43,Equipment
SI-0017701,S-008806,7228,561720,60056.11,Equipment
SI-0017702,S-008807,9082,541612,18736.59,Equipment
SI-0017703,S-008807,5403,236115,61836.98,Warehouse
SI-0017704,S-008808,3632,541511,29516.36,Warehouse
SI-0017705,S-008808,3724,561720,14274.0,Storefront
SI-0017706,S-008808,8397,238220,23076.61,Warehouse
SI-0017707,S-008809,7228,541612,106508.5,Truck
SI-0017708,S-008810,9082,722513,76220.75,Crew
SI-0017709,S-008810,5403,238320,14328.4,Office
SI-0017710,S-008810,5606,484110,258905.37,Truck
SI-0017711,S-008811,5403,236115,100675.57,Equipment
SI-0017712,S-008811,8397,238220,43593.7,Storefront
SI-0017713,S-008812,9082,484110,36080.34,Office
SI-0017714,S-008813,5403,722513,24536.34,Equipment
SI-0017715,S-008813,3632,238320,21027.39,Storefront
SI-0017716,S-008813,3724,238220,14634.15,Truck
SI-0017717,S-008814,7228,561720,48690.47,Warehouse
SI-0017718,S-008814,8397,541612,85515.75,Warehouse
SI-0017719,S-008814,9082,238220,25127.7,Warehouse
SI-0017720,S-008815,3632,484110,60897.26,Equipment
SI-0017721,S-008816,5403,541612,132267.01,Warehouse
SI-0017722,S-008816,7228,561720,10410.19,Equipment
SI-0017723,S-008817,3724,561720,122911.67,Warehouse
SI-0017724,S-008817,8810,722513,12325.18,Truck
SI-0017725,S-008818,8810,561720,30608.69,Warehouse
SI-0017726,S-008819,5606,561720,72336.15,Office
SI-0017727,S-008820,3724,238220,21634.87,Office
SI-0017728,S-008820,9082,238320,32975.17,Crew
SI-0017729,S-008821,5606,484110,8895.13,Truck
SI-0017730,S-008821,8810,484110,55050.25,Storefront
SI-0017731,S-008822,3724,561720,15773.42,Equipment
SI-0017732,S-008823,5606,236115,68417.79,Equipment
SI-0017733,S-008823,3632,236115,18312.16,Storefront
SI-0017734,S-008824,5403,484110,15179.5,Office
SI-0017735,S-008824,8810,561720,43430.67,Crew
SI-0017736,S-008825,5606,722513,18876.85,Office
SI-0017737,S-008825,3632,238220,30690.93,Crew
SI-0017738,S-008825,8397,541511,44698.57,Crew
SI-0017739,S-008826,3632,722513,35853.62,Equipment
SI-0017740,S-008826,5606,541612,36818.43,Warehouse
SI-0017741,S-008826,3632,722513,44274.07,Truck
SI-0017742,S-008827,3724,238220,44109.84,Truck
SI-0017743,S-008827,9082,722513,90894.12,Storefront
SI-0017744,S-008828,3632,238220,26401.45,Truck
SI-0017745,S-008828,5606,238220,18363.67,Office
SI-0017746,S-008829,7228,238320,46653.17,Office
SI-0017747,S-008830,5403,541612,98082.9,Equipment
SI-0017748,S-008831,8397,541612,15725.07,Warehouse
SI-0017749,S-008831,8810,484110,85758.42,Crew
SI-0017750,S-008831,9082,238220,42635.92,Storefront
SI-0017751,S-008832,8397,541612,46808.55,Storefront
SI-0017752,S-008832,8810,561720,16040.77,Storefront
SI-0017753,S-008832,5403,236115,12759.97,Equipment
SI-0017754,S-008833,5403,541612,25528.61,Equipment
SI-0017755,S-008834,5606,238220,71854.75,Warehouse
SI-0017756,S-008835,9082,238220,117193.81,Storefront
SI-0017757,S-008835,3632,238220,39912.32,Office
SI-0017758,S-008835,5403,484110,64096.25,Truck
SI-0017759,S-008836,9082,238320,43922.6,Truck
SI-0017760,S-008836,8810,484110,38951.56,Crew
SI-0017761,S-008837,5403,541612,34520.22,Warehouse
SI-0017762,S-008837,3724,236115,36051.1,Equipment
SI-0017763,S-008838,8397,238220,12835.54,Equipment
SI-0017764,S-008839,7228,238320,20470.22,Crew
SI-0017765,S-008839,3632,561720,18524.96,Truck
SI-0017766,S-008839,3632,561720,22140.39,Truck
SI-0017767,S-008840,5606,722513,23082.66,Equipment
SI-0017768,S-008841,5606,484110,15846.3,Office
SI-0017769,S-008841,8810,561720,71629.78,Office
SI-0017770,S-008842,8810,541612,28459.02,Warehouse
SI-0017771,S-008843,5606,541511,31407.82,Storefront
SI-0017772,S-008844,8810,541612,9873.58,Storefront
SI-0017773,S-008844,8810,484110,76958.65,Storefront
SI-0017774,S-008844,3632,722513,102939.85,Warehouse
SI-0017775,S-008845,8810,484110,35573.74,Truck
SI-0017776,S-008845,9082,722513,48659.81,Office
SI-0017777,S-008845,3724,541612,49534.91,Crew
SI-0017778,S-008846,8397,541612,40525.21,Truck
SI-0017779,S-008846,3724,541511,44609.94,Crew
SI-0017780,S-008847,8810,541612,63894.39,Equipment
SI-0017781,S-008847,5403,722513,56260.38,Truck
SI-0017782,S-008847,7228,541511,51205.68,Crew
SI-0017783,S-008848,3724,238220,19910.17,Equipment
SI-0017784,S-008849,8810,236115,140878.0,Truck
SI-0017785,S-008849,5403,236115,11049.25,Storefront
SI-0017786,S-008850,8810,238320,25474.83,Truck
SI-0017787,S-008850,8397,541612,137231.23,Truck
SI-0017788,S-008851,8397,541511,28765.98,Equipment
SI-0017789,S-008852,8397,484110,32236.07,Equipment
SI-0017790,S-008853,3632,236115,55432.41,Office
SI-0017791,S-008854,3724,238320,105589.81,Truck
SI-0017792,S-008854,8810,238220,22474.25,Warehouse
SI-0017793,S-008854,5606,541511,14773.88,Warehouse
SI-0017794,S-008855,3724,722513,12993.65,Office
SI-0017795,S-008855,3724,561720,9113.12,Equipment
SI-0017796,S-008856,5403,238220,67324.98,Equipment
SI-0017797,S-008856,5403,484110,32251.13,Warehouse
SI-0017798,S-008857,3724,238320,20062.37,Office
SI-0017799,S-008857,3632,484110,24615.35,Crew
SI-0017800,S-008858,9082,541511,34565.41,Truck
SI-0017801,S-008858,8397,238320,59643.09,Storefront
SI-0017802,S-008859,3632,561720,34578.1,Crew
SI-0017803,S-008859,5606,722513,18791.56,Storefront
SI-0017804,S-008860,7228,238320,63845.58,Office
SI-0017805,S-008860,3632,484110,60473.58,Crew
SI-0017806,S-008861,7228,236115,26724.58,Truck
SI-0017807,S-008861,9082,722513,29193.44,Truck
SI-0017808,S-008862,5606,722513,61257.65,Office
SI-0017809,S-008862,8397,484110,45766.56,Storefront
SI-0017810,S-008862,7228,236115,60886.86,Equipment
SI-0017811,S-008863,9082,541612,51758.9,Equipment
SI-0017812,S-008863,7228,484110,15525.14,Office
SI-0017813,S-008864,8397,484110,24606.83,Office
SI-0017814,S-008865,7228,484110,28136.38,Truck
SI-0017815,S-008866,7228,541612,43891.47,Office
SI-0017816,S-008866,5403,236115,39334.37,Warehouse
SI-0017817,S-008866,3724,561720,14272.5,Office
SI-0017818,S-008867,5606,238320,54496.05,Storefront
SI-0017819,S-008867,5403,541511,66058.33,Equipment
SI-0017820,S-008868,8810,561720,89482.74,Equipment
SI-0017821,S-008869,7228,484110,20017.07,Storefront
SI-0017822,S-008870,3632,541612,15631.24,Crew
SI-0017823,S-008871,5403,484110,25750.5,Crew
SI-0017824,S-008872,3632,541511,37708.92,Storefront
SI-0017825,S-008872,8397,561720,52185.42,Storefront
SI-0017826,S-008873,7228,722513,183067.75,Storefront
SI-0017827,S-008874,8810,722513,51277.49,Storefront
SI-0017828,S-008875,3632,236115,10183.97,Equipment
SI-0017829,S-008876,3632,541612,20372.61,Warehouse
SI-0017830,S-008876,7228,484110,8869.26,Storefront
SI-0017831,S-008876,5403,484110,34595.65,Office
SI-0017832,S-008877,5606,722513,36626.27,Equipment
SI-0017833,S-008878,5403,561720,13453.76,Office
SI-0017834,S-008878,7228,238220,152939.71,Storefront
SI-0017835,S-008878,8397,561720,45678.43,Truck
SI-0017836,S-008879,9082,236115,35952.36,Equipment
SI-0017837,S-008879,5606,541511,105662.45,Warehouse
SI-0017838,S-008879,5403,722513,50904.13,Equipment
SI-0017839,S-008880,8810,722513,16244.49,Warehouse
SI-0017840,S-008881,5606,238320,61645.92,Warehouse
SI-0017841,S-008881,7228,236115,40627.83,Storefront
SI-0017842,S-008882,5403,238220,14424.86,Warehouse
SI-0017843,S-008882,3724,722513,33129.38,Truck
SI-0017844,S-008883,8397,722513,21066.48,Truck
SI-0017845,S-008883,3724,561720,32016.49,Storefront
SI-0017846,S-008883,5403,541511,9922.05,Office
SI-0017847,S-008884,9082,236115,53673.6,Office
SI-0017848,S-008884,8397,561720,31841.93,Crew
SI-0017849,S-008885,3632,541612,69445.6,Storefront
SI-0017850,S-008886,8810,541511,44324.74,Storefront
SI-0017851,S-008886,5606,541612,66813.72,Storefront
SI-0017852,S-008887,3632,236115,24031.63,Truck
SI-0017853,S-008887,5606,236115,31766.04,Equipment
SI-0017854,S-008888,3632,238220,32133.47,Crew
SI-0017855,S-008889,3724,541612,16031.7,Crew
SI-0017856,S-008889,5606,722513,53320.39,Office
SI-0017857,S-008890,9082,541612,11804.42,Truck
SI-0017858,S-008890,7228,541612,20033.05,Equipment
SI-0017859,S-008890,3632,236115,97798.87,Warehouse
SI-0017860,S-008891,3724,484110,20556.65,Truck
SI-0017861,S-008891,7228,541511,24344.98,Office
SI-0017862,S-008892,8397,541511,18529.68,Equipment
SI-0017863,S-008892,3724,722513,66388.51,Equipment
SI-0017864,S-008893,7228,541511,16257.13,Warehouse
SI-0017865,S-008893,5606,238320,39283.2,Equipment
SI-0017866,S-008894,5606,236115,48018.02,Equipment
SI-0017867,S-008894,8810,541612,34444.34,Equipment
SI-0017868,S-008895,5606,561720,15258.58,Storefront
SI-0017869,S-008896,3724,238320,16623.24,Truck
SI-0017870,S-008897,7228,484110,38074.22,Equipment
SI-0017871,S-008898,8810,722513,220943.8,Truck
SI-0017872,S-008898,8397,722513,20860.73,Warehouse
SI-0017873,S-008899,8397,238220,40031.75,Truck
SI-0017874,S-008899,3724,561720,44590.31,Crew
SI-0017875,S-008900,8810,238220,90318.57,Warehouse
SI-0017876,S-008901,8397,484110,72947.21,Storefront
SI-0017877,S-008901,7228,238320,42574.56,Storefront
SI-0017878,S-008902,5606,561720,71301.7,Crew
SI-0017879,S-008902,8810,236115,32138.83,Warehouse
SI-0017880,S-008903,3724,541612,52076.39,Office
SI-0017881,S-008903,3724,238220,54630.47,Warehouse
SI-0017882,S-008904,9082,236115,42326.62,Equipment
SI-0017883,S-008904,8397,722513,4278.35,Equipment
SI-0017884,S-008905,3724,561720,23301.65,Truck
SI-0017885,S-008905,9082,541511,89525.01,Crew
SI-0017886,S-008905,7228,541511,47678.31,Equipment
SI-0017887,S-008906,3632,484110,32206.42,Truck
SI-0017888,S-008906,8397,236115,75413.46,Office
SI-0017889,S-008906,3724,238320,20837.38,Equipment
SI-0017890,S-008907,8397,484110,25807.88,Office
SI-0017891,S-008907,8397,561720,13677.69,Warehouse
SI-0017892,S-008907,8810,484110,33598.92,Office
SI-0017893,S-008908,5403,238220,68131.65,Truck
SI-0017894,S-008908,5403,541511,38605.56,Storefront
SI-0017895,S-008908,5606,238320,122587.9,Equipment
SI-0017896,S-008909,8397,484110,19946.11,Office
SI-0017897,S-008909,8810,541511,53687.75,Truck
SI-0017898,S-008909,7228,484110,22299.37,Warehouse
SI-0017899,S-008910,8397,236115,35416.97,Warehouse
SI-0017900,S-008910,9082,541511,44915.94,Equipment
SI-0017901,S-008910,5606,238320,35056.94,Crew
SI-0017902,S-008911,5606,561720,33247.1,Truck
SI-0017903,S-008911,5606,541511,57051.17,Warehouse
SI-0017904,S-008912,9082,541612,62530.92,Storefront
SI-0017905,S-008913,3724,238220,17947.45,Equipment
SI-0017906,S-008913,3724,541511,83610.48,Office
SI-0017907,S-008913,8397,722513,49100.99,Storefront
SI-0017908,S-008914,5403,541511,57533.04,Office
SI-0017909,S-008915,5606,541612,96362.95,Office
SI-0017910,S-008915,9082,236115,13491.0,Truck
SI-0017911,S-008915,9082,484110,21332.98,Office
SI-0017912,S-008916,8810,561720,30160.91,Truck
SI-0017913,S-008916,8397,722513,17064.34,Warehouse
SI-0017914,S-008916,3724,484110,13176.5,Crew
SI-0017915,S-008917,8810,541612,28981.47,Office
SI-0017916,S-008917,3632,238320,57638.98,Office
SI-0017917,S-008918,7228,561720,32795.75,Crew
SI-0017918,S-008918,9082,236115,38682.23,Crew
SI-0017919,S-008919,3724,722513,63942.46,Office
SI-0017920,S-008919,5606,484110,8637.34,Truck
SI-0017921,S-008919,7228,238220,38398.18,Crew
SI-0017922,S-008920,3724,236115,20487.49,Crew
SI-0017923,S-008920,5403,484110,33987.67,Office
SI-0017924,S-008921,7228,236115,12016.59,Crew
SI-0017925,S-008921,9082,541511,66782.85,Crew
SI-0017926,S-008922,3632,236115,168885.46,Warehouse
SI-0017927,S-008923,3724,541612,98595.79,Equipment
SI-0017928,S-008923,8810,541612,12668.26,Equipment
SI-0017929,S-008924,3632,722513,35887.07,Equipment
SI-0017930,S-008924,7228,238320,22932.36,Storefront
SI-0017931,S-008924,5403,541511,22332.31,Warehouse
SI-0017932,S-008925,5403,561720,27188.98,Crew
SI-0017933,S-008925,7228,238320,19256.13,Office
SI-0017934,S-008925,3724,238220,6311.22,Truck
SI-0017935,S-008926,3632,484110,22577.43,Storefront
SI-0017936,S-008927,3632,561720,76694.96,Crew
SI-0017937,S-008928,3632,722513,10311.3,Truck
SI-0017938,S-008929,8810,484110,7395.07,Warehouse
SI-0017939,S-008929,3632,238220,43342.03,Crew
SI-0017940,S-008929,9082,238220,11765.63,Truck
SI-0017941,S-008930,8397,238220,108794.9,Equipment
SI-0017942,S-008930,7228,722513,39894.14,Office
SI-0017943,S-008931,9082,561720,122033.58,Storefront
SI-0017944,S-008932,5606,541511,80846.1,Equipment
SI-0017945,S-008932,3724,238320,13456.24,Office
SI-0017946,S-008932,7228,541511,12596.66,Storefront
SI-0017947,S-008933,8397,722513,48935.7,Crew
SI-0017948,S-008933,5403,238220,59035.29,Truck
SI-0017949,S-008933,3724,238320,12381.66,Office
SI-0017950,S-008934,5403,541612,11293.41,Storefront
SI-0017951,S-008934,5403,541511,22570.97,Truck
SI-0017952,S-008935,3632,541511,14569.31,Truck
SI-0017953,S-008935,3724,238320,32079.46,Office
SI-0017954,S-008935,3724,236115,43775.29,Truck
SI-0017955,S-008936,9082,722513,58890.61,Equipment
SI-0017956,S-008936,3632,238320,80351.84,Equipment
SI-0017957,S-008937,8397,238320,29436.04,Warehouse
SI-0017958,S-008938,3632,561720,14015.81,Equipment
SI-0017959,S-008939,7228,722513,58462.04,Storefront
SI-0017960,S-008939,5606,541612,21591.82,Storefront
SI-0017961,S-008940,8810,238320,49990.31,Storefront
SI-0017962,S-008940,3724,541612,34486.1,Warehouse
SI-0017963,S-008940,9082,238220,121648.62,Storefront
SI-0017964,S-008941,8397,541612,31858.96,Office
SI-0017965,S-008941,7228,484110,21711.46,Warehouse
SI-0017966,S-008942,3632,238320,21625.8,Office
SI-0017967,S-008942,8397,484110,14284.79,Equipment
SI-0017968,S-008942,9082,561720,15562.4,Warehouse
SI-0017969,S-008943,9082,541612,10228.17,Equipment
SI-0017970,S-008943,7228,236115,20147.36,Crew
SI-0017971,S-008943,5403,238320,30177.48,Crew
SI-0017972,S-008944,3724,561720,40248.3,Crew
SI-0017973,S-008944,7228,238220,16890.78,Crew
SI-0017974,S-008944,7228,238220,41809.09,Office
SI-0017975,S-008945,3724,722513,36999.43,Truck
SI-0017976,S-008945,8810,561720,56793.1,Storefront
SI-0017977,S-008945,3724,238320,22831.45,Storefront
SI-0017978,S-008946,5606,238220,50578.8,Equipment
SI-0017979,S-008946,5403,561720,12089.08,Office
SI-0017980,S-008947,5403,541511,16910.73,Office
SI-0017981,S-008948,5403,561720,115639.07,Warehouse
SI-0017982,S-008948,8810,541612,87847.72,Crew
SI-0017983,S-008948,3724,484110,26220.69,Truck
SI-0017984,S-008949,8397,236115,60103.97,Storefront
SI-0017985,S-008949,5403,541511,104077.23,Storefront
SI-0017986,S-008949,9082,561720,9785.13,Storefront
SI-0017987,S-008950,8397,561720,64503.06,Warehouse
SI-0017988,S-008950,3632,238320,10506.62,Equipment
SI-0017989,S-008950,5606,238320,26175.42,Crew
SI-0017990,S-008951,3724,236115,10300.43,Crew
SI-0017991,S-008951,7228,238220,14762.26,Crew
SI-0017992,S-008952,9082,484110,20323.0,Office
SI-0017993,S-008952,5606,561720,10525.0,Office
SI-0017994,S-008952,3724,541511,38198.32,Warehouse
SI-0017995,S-008953,7228,722513,13985.76,Equipment
SI-0017996,S-008953,5606,722513,9265.92,Truck
SI-0017997,S-008954,9082,561720,63657.5,Truck
SI-0017998,S-008954,8397,722513,44304.44,Storefront
SI-0017999,S-008954,7228,561720,149376.28,Crew
SI-0018000,S-008955,3632,561720,22265.32,Truck
SI-0018001,S-008955,3724,238220,43818.9,Storefront
SI-0018002,S-008956,8810,238320,43855.27,Office
SI-0018003,S-008956,3632,722513,36130.06,Truck
SI-0018004,S-008957,7228,484110,79539.32,Storefront
SI-0018005,S-008957,7228,541511,22853.79,Office
SI-0018006,S-008958,8810,561720,48996.74,Warehouse
SI-0018007,S-008958,5606,238320,7119.26,Office
SI-0018008,S-008959,9082,541511,8165.1,Warehouse
SI-0018009,S-008960,5403,238320,25609.13,Storefront
SI-0018010,S-008960,3632,541511,101984.2,Office
SI-0018011,S-008960,8810,484110,43587.48,Truck
SI-0018012,S-008961,5403,484110,43752.06,Warehouse
SI-0018013,S-008961,5403,722513,35906.37,Equipment
SI-0018014,S-008961,3632,541612,70573.22,Equipment
SI-0018015,S-008962,7228,541511,17687.98,Crew
SI-0018016,S-008963,3724,541612,109131.8,Warehouse
SI-0018017,S-008963,5403,541612,7317.33,Equipment
SI-0018018,S-008963,5606,484110,7968.74,Crew
SI-0018019,S-008964,7228,541511,22445.81,Warehouse
SI-0018020,S-008964,8810,722513,47756.96,Truck
SI-0018021,S-008965,3632,541511,26117.03,Equipment
SI-0018022,S-008965,8397,238320,38449.69,Office
SI-0018023,S-008965,8397,541612,59764.07,Crew
SI-0018024,S-008966,7228,238220,20759.93,Crew
SI-0018025,S-008967,8810,484110,55385.86,Equipment
SI-0018026,S-008967,3724,238220,38641.72,Office
SI-0018027,S-008968,7228,561720,9958.63,Crew
SI-0018028,S-008968,5606,238320,26043.37,Truck
SI-0018029,S-008968,9082,541511,34317.5,Office
SI-0018030,S-008969,8810,236115,34700.04,Crew
SI-0018031,S-008970,8397,541511,25217.11,Crew
SI-0018032,S-008970,3632,484110,18590.24,Truck
SI-0018033,S-008970,8397,541612,16162.72,Office
SI-0018034,S-008971,7228,238220,40147.34,Equipment
SI-0018035,S-008971,7228,484110,32353.15,Storefront
SI-0018036,S-008971,9082,561720,13227.24,Equipment
SI-0018037,S-008972,3632,238320,13283.07,Equipment
SI-0018038,S-008972,9082,238220,49420.22,Office
SI-0018039,S-008972,8810,238320,40947.13,Equipment
SI-0018040,S-008973,3724,236115,11168.88,Equipment
SI-0018041,S-008973,8810,484110,43673.09,Warehouse
SI-0018042,S-008974,7228,541511,31179.27,Storefront
SI-0018043,S-008975,9082,236115,34015.09,Truck
SI-0018044,S-008976,5606,561720,51563.53,Storefront
SI-0018045,S-008976,9082,722513,17319.37,Truck
SI-0018046,S-008976,3632,238320,28178.46,Truck
SI-0018047,S-008977,5606,541511,21683.01,Crew
SI-0018048,S-008977,8810,238220,41652.58,Warehouse
SI-0018049,S-008978,7228,484110,133721.4,Truck
SI-0018050,S-008979,8810,541612,37497.6,Office
SI-0018051,S-008980,9082,722513,58121.07,Truck
SI-0018052,S-008981,8810,236115,93743.03,Storefront
SI-0018053,S-008982,8397,238320,18148.29,Office
SI-0018054,S-008982,9082,722513,52444.74,Truck
SI-0018055,S-008982,9082,722513,101012.99,Truck
SI-0018056,S-008983,9082,484110,13290.52,Crew
SI-0018057,S-008983,5606,236115,86526.15,Office
SI-0018058,S-008983,8810,722513,9451.88,Office
SI-0018059,S-008984,3632,722513,35153.8,Equipment
SI-0018060,S-008985,5403,238220,19819.39,Storefront
SI-0018061,S-008986,9082,541511,8171.38,Crew
SI-0018062,S-008986,3632,561720,33121.28,Equipment
SI-0018063,S-008986,3632,541511,142692.77,Crew
SI-0018064,S-008987,8397,541511,39744.87,Crew
SI-0018065,S-008987,8397,238320,29038.21,Truck
SI-0018066,S-008987,5606,484110,14420.28,Warehouse
SI-0018067,S-008988,5606,722513,64161.11,Warehouse
SI-0018068,S-008989,5403,238320,24213.59,Equipment
SI-0018069,S-008990,5403,236115,53245.9,Warehouse
SI-0018070,S-008990,3632,561720,23430.24,Equipment
SI-0018071,S-008991,8397,236115,105938.54,Storefront
SI-0018072,S-008991,8810,541612,15363.06,Crew
SI-0018073,S-008992,8810,561720,17234.18,Office
SI-0018074,S-008992,9082,722513,43150.65,Truck
SI-0018075,S-008993,3724,541612,35940.08,Office
SI-0018076,S-008994,7228,238220,98144.17,Warehouse
SI-0018077,S-008994,5403,484110,32795.2,Truck
SI-0018078,S-008995,9082,541511,15223.21,Truck
SI-0018079,S-008996,8397,541612,21230.24,Office
SI-0018080,S-008997,8397,236115,50309.93,Office
SI-0018081,S-008997,5606,238220,41780.62,Office
SI-0018082,S-008997,7228,236115,163486.5,Equipment
SI-0018083,S-008998,9082,484110,21478.0,Office
SI-0018084,S-008998,5606,541511,69489.58,Warehouse
SI-0018085,S-008998,8397,238320,36966.6,Storefront
SI-0018086,S-008999,8810,722513,30635.23,Warehouse
SI-0018087,S-008999,7228,722513,46996.88,Crew
SI-0018088,S-009000,9082,722513,33677.29,Office
SI-0018089,S-009000,8810,541612,63338.31,Equipment
SI-0018090,S-009000,9082,238220,7843.71,Storefront
SI-0018091,S-009001,3632,722513,10734.64,Equipment
SI-0018092,S-009001,5403,238320,82893.27,Storefront
SI-0018093,S-009002,3724,238220,46621.55,Storefront
SI-0018094,S-009002,7228,484110,52849.57,Office
SI-0018095,S-009003,9082,541612,31212.65,Office
SI-0018096,S-009004,3632,236115,38709.58,Crew
SI-0018097,S-009005,9082,541612,27318.08,Storefront
SI-0018098,S-009005,3724,238220,66136.35,Truck
SI-0018099,S-009005,7228,484110,13525.8,Equipment
SI-0018100,S-009006,7228,541612,187302.07,Warehouse
SI-0018101,S-009006,3632,236115,68557.41,Crew
SI-0018102,S-009006,5403,541511,35653.38,Truck
SI-0018103,S-009007,7228,236115,55492.41,Truck
SI-0018104,S-009007,7228,236115,15767.55,Equipment
SI-0018105,S-009007,5606,541612,25739.98,Office
SI-0018106,S-009008,3724,238220,43683.29,Equipment
SI-0018107,S-009008,9082,484110,18714.91,Warehouse
SI-0018108,S-009008,3724,236115,89952.16,Storefront
SI-0018109,S-009009,7228,541612,48249.98,Equipment
SI-0018110,S-009010,5403,541511,46196.58,Warehouse
SI-0018111,S-009011,8810,541612,22397.91,Storefront
SI-0018112,S-009012,8810,238320,32278.57,Office
SI-0018113,S-009012,7228,722513,48419.75,Truck
SI-0018114,S-009013,5403,541612,15515.03,Office
SI-0018115,S-009014,8810,238220,18667.01,Warehouse
SI-0018116,S-009014,9082,722513,21685.38,Storefront
SI-0018117,S-009015,3724,561720,52031.85,Equipment
SI-0018118,S-009016,3724,236115,78245.98,Warehouse
SI-0018119,S-009016,5606,238220,18473.32,Storefront
SI-0018120,S-009016,3632,541511,26653.93,Storefront
SI-0018121,S-009017,3632,541612,41280.62,Crew
SI-0018122,S-009017,3632,238320,22953.3,Warehouse
SI-0018123,S-009017,5403,484110,137467.46,Crew
SI-0018124,S-009018,8397,561720,10242.49,Warehouse
SI-0018125,S-009019,8810,238220,4276.45,Office
SI-0018126,S-009019,8810,541511,11954.18,Equipment
SI-0018127,S-009019,3632,238220,197395.78,Crew
SI-0018128,S-009020,3632,541612,29396.48,Storefront
SI-0018129,S-009020,3632,238220,45719.15,Storefront
SI-0018130,S-009021,8810,238320,64008.59,Office
SI-0018131,S-009021,9082,236115,62565.37,Storefront
SI-0018132,S-009021,3724,238320,31196.55,Crew
SI-0018133,S-009022,5403,236115,53356.06,Storefront
SI-0018134,S-009022,5606,236115,28941.93,Warehouse
SI-0018135,S-009023,7228,236115,10699.94,Crew
SI-0018136,S-009024,7228,238320,85056.92,Storefront
SI-0018137,S-009025,3724,484110,28961.48,Crew
SI-0018138,S-009026,8397,561720,26154.48,Storefront
SI-0018139,S-009027,3724,541612,13187.24,Equipment
SI-0018140,S-009027,5606,238320,14994.55,Truck
SI-0018141,S-009028,3724,561720,16940.29,Warehouse
SI-0018142,S-009028,9082,238320,17435.86,Truck
SI-0018143,S-009028,3632,238320,78498.55,Storefront
SI-0018144,S-009029,7228,238320,76487.06,Storefront
SI-0018145,S-009029,9082,541612,26544.53,Crew
SI-0018146,S-009029,3724,722513,19781.1,Office
SI-0018147,S-009030,8810,238220,50589.32,Office
SI-0018148,S-009030,9082,238220,6554.2,Storefront
SI-0018149,S-009031,5403,238320,31153.32,Equipment
SI-0018150,S-009031,8810,238320,17030.79,Warehouse
SI-0018151,S-009031,9082,236115,70843.28,Storefront
SI-0018152,S-009032,9082,484110,94884.23,Storefront
SI-0018153,S-009032,7228,561720,14191.24,Office
SI-0018154,S-009032,5403,238320,46885.92,Crew
SI-0018155,S-009033,3632,541511,15383.72,Office
SI-0018156,S-009033,8397,238220,11915.44,Equipment
SI-0018157,S-009033,3724,561720,21262.11,Warehouse
SI-0018158,S-009034,9082,238220,57751.89,Warehouse
SI-0018159,S-009034,9082,561720,94181.38,Truck
SI-0018160,S-009035,5403,561720,56570.5,Warehouse
SI-0018161,S-009035,8397,236115,60758.48,Office
SI-0018162,S-009035,8810,238220,39338.65,Warehouse
SI-0018163,S-009036,8397,236115,20109.51,Warehouse
SI-0018164,S-009036,3724,561720,40486.96,Crew
SI-0018165,S-009036,8810,238220,82943.45,Storefront
SI-0018166,S-009037,3724,722513,37527.08,Crew
SI-0018167,S-009037,3632,541612,16233.43,Crew
SI-0018168,S-009038,5403,722513,81400.04,Truck
SI-0018169,S-009039,8397,541612,52041.16,Equipment
SI-0018170,S-009039,3632,561720,18751.08,Equipment
SI-0018171,S-009039,9082,722513,90877.55,Office
SI-0018172,S-009040,7228,238220,58120.41,Equipment
SI-0018173,S-009040,5606,722513,71723.81,Crew
SI-0018174,S-009040,5606,722513,23824.66,Equipment
SI-0018175,S-009041,8397,484110,43580.91,Crew
SI-0018176,S-009042,3724,484110,33301.15,Crew
SI-0018177,S-009043,5403,541511,139382.33,Truck
SI-0018178,S-009044,9082,238320,11782.5,Office
SI-0018179,S-009044,9082,561720,33997.06,Crew
SI-0018180,S-009045,9082,541612,54637.82,Equipment
SI-0018181,S-009045,5606,541612,32858.61,Office
SI-0018182,S-009046,5403,561720,76144.48,Warehouse
SI-0018183,S-009047,5606,541511,18861.32,Truck
SI-0018184,S-009047,8397,238220,17633.41,Warehouse
SI-0018185,S-009047,7228,238320,17455.78,Crew
SI-0018186,S-009048,8810,541511,5622.29,Crew
SI-0018187,S-009048,5606,541511,9309.03,Equipment
SI-0018188,S-009048,3632,561720,12212.54,Equipment
SI-0018189,S-009049,8397,238220,26359.0,Warehouse
SI-0018190,S-009049,8397,238220,88093.38,Truck
SI-0018191,S-009049,3632,236115,30673.82,Truck
SI-0018192,S-009050,7228,722513,36681.59,Office
SI-0018193,S-009051,3724,238220,55248.12,Storefront
SI-0018194,S-009052,5403,236115,22326.63,Warehouse
SI-0018195,S-009052,5606,541511,93727.19,Equipment
SI-0018196,S-009053,7228,722513,38884.09,Storefront
SI-0018197,S-009053,5606,722513,48962.4,Storefront
SI-0018198,S-009053,5606,484110,23516.81,Office
SI-0018199,S-009054,5606,561720,19455.67,Crew
SI-0018200,S-009054,9082,561720,73551.56,Storefront
SI-0018201,S-009055,7228,561720,23887.05,Truck
SI-0018202,S-009055,5403,722513,146948.66,Office
SI-0018203,S-009056,8810,484110,48488.48,Office
SI-0018204,S-009056,5606,484110,9994.78,Equipment
SI-0018205,S-009056,8397,541612,32315.1,Truck
SI-0018206,S-009057,9082,236115,30605.56,Crew
SI-0018207,S-009058,5403,484110,48939.12,Crew
SI-0018208,S-009059,5403,541612,75002.36,Warehouse
SI-0018209,S-009059,8397,561720,71624.05,Crew
SI-0018210,S-009060,5403,236115,80674.43,Equipment
SI-0018211,S-009060,7228,238320,25998.75,Truck
SI-0018212,S-009061,8397,541511,15834.21,Storefront
SI-0018213,S-009061,7228,541511,16428.96,Office
SI-0018214,S-009062,3632,238320,127925.09,Warehouse
SI-0018215,S-009062,3724,236115,35647.09,Crew
SI-0018216,S-009063,9082,238320,36157.08,Truck
SI-0018217,S-009063,5606,561720,19471.34,Office
SI-0018218,S-009063,3724,484110,64010.53,Storefront
SI-0018219,S-009064,8397,236115,12450.08,Storefront
SI-0018220,S-009065,7228,484110,25461.11,Storefront
SI-0018221,S-009065,5403,541511,53264.68,Storefront
SI-0018222,S-009066,5606,722513,80101.75,Warehouse
SI-0018223,S-009067,5403,541612,57272.87,Storefront
SI-0018224,S-009067,7228,238220,57267.77,Storefront
SI-0018225,S-009067,3724,236115,68572.96,Office
SI-0018226,S-009068,5606,541511,33933.52,Equipment
SI-0018227,S-009068,8397,722513,26224.54,Truck
SI-0018228,S-009068,7228,484110,22091.04,Equipment
SI-0018229,S-009069,5403,238320,37665.92,Office
SI-0018230,S-009070,3632,561720,38872.63,Storefront
SI-0018231,S-009070,3632,722513,40594.3,Crew
SI-0018232,S-009070,5606,238320,62220.64,Equipment
SI-0018233,S-009071,7228,722513,56378.35,Warehouse
SI-0018234,S-009071,8397,722513,23692.45,Storefront
SI-0018235,S-009071,8397,541612,8394.32,Crew
SI-0018236,S-009072,7228,541511,133415.58,Crew
SI-0018237,S-009072,7228,236115,16413.7,Storefront
SI-0018238,S-009073,5606,561720,17407.0,Crew
SI-0018239,S-009074,8810,722513,10967.5,Warehouse
SI-0018240,S-009074,5606,236115,63534.49,Equipment
SI-0018241,S-009074,3632,722513,76374.52,Truck
SI-0018242,S-009075,9082,722513,28694.25,Truck
SI-0018243,S-009075,8810,236115,41215.38,Equipment
SI-0018244,S-009076,5606,236115,36851.46,Warehouse
SI-0018245,S-009076,8810,484110,24053.84,Storefront
SI-0018246,S-009077,8810,541612,23952.2,Crew
SI-0018247,S-009077,8397,541511,14813.63,Storefront
SI-0018248,S-009077,8397,484110,67331.34,Warehouse
SI-0018249,S-009078,9082,484110,48580.83,Truck
SI-0018250,S-009078,7228,541612,32153.28,Storefront
SI-0018251,S-009078,5403,238220,38883.5,Equipment
SI-0018252,S-009079,3632,484110,19047.91,Crew
SI-0018253,S-009079,5403,238220,20377.57,Truck
SI-0018254,S-009080,8810,484110,28069.32,Storefront
SI-0018255,S-009081,8810,541612,20901.2,Storefront
SI-0018256,S-009082,3632,541612,29874.24,Equipment
SI-0018257,S-009083,7228,541612,48173.86,Storefront
SI-0018258,S-009083,8397,238220,85823.05,Equipment
SI-0018259,S-009084,9082,722513,231368.22,Office
SI-0018260,S-009084,3632,541511,35903.84,Crew
SI-0018261,S-009084,7228,238220,62266.45,Truck
SI-0018262,S-009085,7228,238320,17540.99,Crew
SI-0018263,S-009085,3724,238220,39347.48,Warehouse
SI-0018264,S-009086,7228,541511,59780.94,Truck
SI-0018265,S-009087,3724,541612,64958.31,Truck
SI-0018266,S-009087,8397,484110,56474.08,Crew
SI-0018267,S-009087,9082,541612,23838.37,Office
SI-0018268,S-009088,8810,541612,46676.3,Crew
SI-0018269,S-009088,8810,484110,9105.97,Warehouse
SI-0018270,S-009089,5606,238220,28456.17,Storefront
SI-0018271,S-009089,5606,541511,23460.87,Storefront
SI-0018272,S-009090,8397,238220,75975.39,Equipment
SI-0018273,S-009090,9082,236115,4978.35,Truck
SI-0018274,S-009090,7228,238220,51653.68,Truck
SI-0018275,S-009091,9082,484110,59177.06,Office
SI-0018276,S-009091,8397,236115,14083.6,Crew
SI-0018277,S-009092,8397,541511,118703.92,Equipment
SI-0018278,S-009092,9082,484110,104275.13,Storefront
SI-0018279,S-009092,3632,561720,22233.63,Equipment
SI-0018280,S-009093,5403,238320,14408.41,Equipment
SI-0018281,S-009093,3724,484110,33461.19,Warehouse
SI-0018282,S-009093,5606,561720,18582.41,Equipment
