SubmissionId,AccountId,AgentCode,CarrierId,LOB,EffDt,Channel,Status
S-000001,Kevin Perez,120192,TRAV,Umbrella,2025-02-08,IVANS,Bound
S-000002,Kevin Perez,120192,CHUB,Umbrella,2025-03-06,Portal,Quoted
S-000003,David Schmidt,120223,TRAV,Personal Auto,2025-03-03,IVANS,Bound
S-000004,David Schmidt,120223,ALLS,Personal Auto,2025-02-06,IVANS,Quoted
S-000005,David Schmidt,120223,GEIC,Personal Auto,2025-03-21,Portal,Quoted
S-000006,Darrell Barr,120241,TRAV,Homeowners,2025-03-22,IVANS,Bound
S-000007,Darrell Barr,120241,GEIC,Homeowners,2025-02-05,Portal,Quoted
S-000008,Darrell Barr,120241,FARM,Homeowners,2025-02-01,IVANS,Quoted
S-000009,Darrell Barr,120241,HART,Homeowners,2025-02-26,IVANS,Quoted
S-000010,Jessica Gutierrez,120176,ALLS,WC,2025-03-13,Portal,Bound
S-000011,Jessica Gutierrez,120176,LIBM,WC,2025-02-19,IVANS,Quoted
S-000012,Jessica Gutierrez,120176,NATI,WC,2025-02-17,Portal,Quoted
S-000013,Jessica Gutierrez,120176,HART,WC,2025-02-02,Portal,Quoted
S-000014,Pam Garcia,120174,ALLS,Package,2025-03-19,IVANS,Bound
S-000015,Pam Garcia,120174,PRGS,Package,2025-03-18,IVANS,Declined
S-000016,Kristy Hudson,120267,PRGS,Personal Auto,2025-02-16,IVANS,Bound
S-000017,Kristy Hudson,120267,GEIC,Personal Auto,2025-03-13,Portal,Declined
S-000018,Kristy Hudson,120267,AMFA,Personal Auto,2025-01-31,IVANS,Quoted
S-000019,Kristy Hudson,120267,TRAV,Personal Auto,2025-03-03,Portal,Quoted
S-000020,Michael Brown,120075,PRGS,BOP,2025-03-14,IVANS,Bound
S-000021,Michael Brown,120075,CHUB,BOP,2025-03-22,IVANS,Quoted
S-000022,Michael Brown,120075,LIBM,BOP,2025-03-11,Portal,Quoted
S-000023,Luke Rios,120163,ALLS,Homeowners,2025-03-19,IVANS,Bound
S-000024,Luke Rios,120163,CHUB,Homeowners,2025-03-15,Portal,Quoted
S-000025,Luke Rios,120163,GEIC,Homeowners,2025-02-08,Portal,Declined
S-000026,Luke Rios,120163,TRAV,Homeowners,2025-02-07,IVANS,Quoted
S-000027,Kevin Wilson,120192,AMFA,Personal Auto,2025-02-13,IVANS,Bound
S-000028,Kevin Wilson,120192,ALLS,Personal Auto,2025-03-24,IVANS,Declined
S-000029,Kevin Wilson,120192,PRGS,Personal Auto,2025-03-24,IVANS,Declined
S-000030,Thomas Valenzuela,120219,AMFA,Umbrella,2025-03-13,IVANS,Bound
S-000031,Thomas Valenzuela,120219,TRAV,Umbrella,2025-02-25,Portal,Quoted
S-000032,Thomas Valenzuela,120219,HART,Umbrella,2025-02-05,IVANS,Quoted
S-000033,Thomas Valenzuela,120219,TRAV,Umbrella,2025-02-08,IVANS,Declined
S-000034,Jacob Santiago,120262,NATI,Homeowners,2025-03-11,IVANS,Bound
S-000035,Jacob Santiago,120262,LIBM,Homeowners,2025-03-15,IVANS,Quoted
S-000036,Jacob Santiago,120262,AMFA,Homeowners,2025-02-09,IVANS,Quoted
S-000037,Jacob Santiago,120262,PRGS,Homeowners,2025-03-02,IVANS,Declined
S-000038,Jesse Salazar,120093,HART,WC,2025-03-22,Portal,Bound
S-000039,Jesse Salazar,120093,PRGS,WC,2025-02-03,Email,Quoted
S-000040,Jesse Salazar,120093,CHUB,WC,2025-02-18,IVANS,Declined
S-000041,Jesse Salazar,120093,NATI,WC,2025-03-08,Portal,Declined
S-000042,Lauren Nguyen,120139,PRGS,Personal Auto,2025-03-14,Portal,Bound
S-000043,Lauren Nguyen,120139,FARM,Personal Auto,2025-03-02,Email,Declined
S-000044,Christopher Jones,120192,NATI,Personal Auto,2025-02-07,Portal,Bound
S-000045,Christopher Jones,120192,HART,Personal Auto,2025-02-05,Email,Quoted
S-000046,Christopher Jones,120192,PRGS,Personal Auto,2025-03-20,Portal,Quoted
S-000047,Christopher Jones,120192,CHUB,Personal Auto,2025-03-20,Portal,Quoted
S-000048,Catherine Rodriguez,120143,ALLS,Personal Auto,2025-03-10,IVANS,Bound
S-000049,Catherine Rodriguez,120143,HART,Personal Auto,2025-03-22,Portal,Quoted
S-000050,Catherine Rodriguez,120143,PRGS,Personal Auto,2025-02-04,Portal,Declined
S-000051,Catherine Rodriguez,120143,CHUB,Personal Auto,2025-02-08,Portal,Declined
S-000052,Gregory Stokes,120255,AMFA,BOP,2025-01-31,IVANS,Bound
S-000053,Gregory Stokes,120255,PRGS,BOP,2025-02-20,Portal,Quoted
S-000054,Gregory Stokes,120255,NATI,BOP,2025-02-13,IVANS,Quoted
S-000055,Mark Mendoza,120205,PRGS,Homeowners,2025-03-02,IVANS,Bound
S-000056,Mark Mendoza,120205,CHUB,Homeowners,2025-02-25,Portal,Declined
S-000057,Mark Mendoza,120205,AMFA,Homeowners,2025-02-09,IVANS,Declined
S-000058,Erica Jackson,120291,ALLS,BOP,2025-01-31,Portal,Bound
S-000059,Erica Jackson,120291,PRGS,BOP,2025-01-31,Portal,Quoted
S-000060,Erica Jackson,120291,TRAV,BOP,2025-02-04,Portal,Quoted
S-000061,Erica Jackson,120291,HART,BOP,2025-02-27,Portal,Quoted
S-000062,Sarah Rogers,120026,NATI,Homeowners,2025-03-04,IVANS,Bound
S-000063,Sarah Rogers,120026,CHUB,Homeowners,2025-02-14,IVANS,Declined
S-000064,Sarah Rogers,120026,FARM,Homeowners,2025-03-24,Portal,Quoted
S-000065,Melissa Jones,120268,HART,Umbrella,2025-03-08,Portal,Bound
S-000066,Melissa Jones,120268,LIBM,Umbrella,2025-02-06,Portal,Quoted
S-000067,Melissa Jones,120268,AMFA,Umbrella,2025-03-18,Portal,Declined
S-000068,Melissa Jones,120268,LIBM,Umbrella,2025-03-11,Portal,Quoted
S-000069,Travis Mason,120110,ALLS,Personal Auto,2025-02-16,IVANS,Bound
S-000070,Travis Mason,120110,CHUB,Personal Auto,2025-02-28,Portal,Quoted
S-000071,Travis Mason,120110,NATI,Personal Auto,2025-03-08,Portal,Quoted
S-000072,Laura Perkins,120283,ALLS,Homeowners,2025-02-23,Portal,Bound
S-000073,Laura Perkins,120283,GEIC,Homeowners,2025-02-15,IVANS,Declined
S-000074,Laura Perkins,120283,LIBM,Homeowners,2025-03-25,Portal,Quoted
S-000075,Laura Perkins,120283,NATI,Homeowners,2025-03-11,IVANS,Quoted
S-000076,Andrea Woodard,120215,ALLS,Personal Auto,2025-02-12,IVANS,Bound
S-000077,Andrea Woodard,120215,GEIC,Personal Auto,2025-02-17,IVANS,Quoted
S-000078,Andrea Woodard,120215,CHUB,Personal Auto,2025-02-21,Portal,Declined
S-000079,Andrea Woodard,120215,GEIC,Personal Auto,2025-03-12,IVANS,Quoted
S-000080,Bradley Jones,120178,CHUB,WC,2025-02-04,IVANS,Bound
S-000081,Bradley Jones,120178,FARM,WC,2025-03-11,IVANS,Declined
S-000082,Bradley Jones,120178,ALLS,WC,2025-02-21,IVANS,Quoted
S-000083,Bradley Jones,120178,PRGS,WC,2025-02-11,Portal,Declined
S-000084,Christina Mercado,120115,TRAV,BOP,2025-02-06,Email,Bound
S-000085,Christina Mercado,120115,LIBM,BOP,2025-03-12,IVANS,Quoted
S-000086,Steven Gill,120174,TRAV,BOP,2025-03-01,IVANS,Bound
S-000087,Steven Gill,120174,ALLS,BOP,2025-03-18,IVANS,Quoted
S-000088,Steven Gill,120174,ALLS,BOP,2025-03-05,IVANS,Quoted
S-000089,Taylor Stone,120184,CHUB,Personal Auto,2025-03-06,IVANS,Bound
S-000090,Taylor Stone,120184,TRAV,Personal Auto,2025-02-25,IVANS,Quoted
S-000091,Taylor Stone,120184,TRAV,Personal Auto,2025-02-22,Portal,Declined
S-000092,Taylor Stone,120184,PRGS,Personal Auto,2025-03-13,Portal,Declined
S-000093,Brenda Pittman,120296,CHUB,Homeowners,2025-02-21,Portal,Bound
S-000094,Brenda Pittman,120296,LIBM,Homeowners,2025-03-20,Email,Declined
S-000095,Brenda Pittman,120296,PRGS,Homeowners,2025-03-06,IVANS,Declined
S-000096,Joan Pittman,120009,HART,Homeowners,2025-02-02,IVANS,Bound
S-000097,Joan Pittman,120009,FARM,Homeowners,2025-03-17,IVANS,Quoted
S-000098,Joan Pittman,120009,FARM,Homeowners,2025-02-12,Portal,Quoted
S-000099,Joan Pittman,120009,CHUB,Homeowners,2025-02-06,Portal,Quoted
S-000100,Carol Jones,120044,CHUB,Homeowners,2025-03-05,Portal,Bound
S-000101,Carol Jones,120044,PRGS,Homeowners,2025-02-14,Email,Declined
S-000102,Carol Jones,120044,ALLS,Homeowners,2025-02-01,Portal,Declined
S-000103,Carol Jones,120044,GEIC,Homeowners,2025-03-12,Email,Quoted
S-000104,Michelle Simpson,120041,FARM,Personal Auto,2025-02-24,IVANS,Bound
S-000105,Michelle Simpson,120041,TRAV,Personal Auto,2025-01-31,IVANS,Quoted
S-000106,Michelle Simpson,120041,HART,Personal Auto,2025-03-16,Portal,Declined
S-000107,Michelle Simpson,120041,TRAV,Personal Auto,2025-02-23,IVANS,Declined
S-000108,Andrea Hale,120021,ALLS,Personal Auto,2025-03-07,IVANS,Bound
S-000109,Andrea Hale,120021,TRAV,Personal Auto,2025-02-28,Portal,Quoted
S-000110,Troy Perez,120102,PRGS,Personal Auto,2025-03-23,IVANS,Bound
S-000111,Troy Perez,120102,NATI,Personal Auto,2025-03-09,IVANS,Quoted
S-000112,Alicia Pena,120071,ALLS,Homeowners,2025-02-10,Portal,Bound
S-000113,Alicia Pena,120071,NATI,Homeowners,2025-02-04,Portal,Quoted
S-000114,Alicia Pena,120071,PRGS,Homeowners,2025-03-13,IVANS,Quoted
S-000115,Alicia Pena,120071,PRGS,Homeowners,2025-02-25,IVANS,Quoted
S-000116,Kristen Keith,120262,NATI,BOP,2025-02-11,IVANS,Bound
S-000117,Kristen Keith,120262,GEIC,BOP,2025-02-12,IVANS,Quoted
S-000118,Amber Torres,120282,LIBM,Personal Auto,2025-03-11,Portal,Bound
S-000119,Amber Torres,120282,HART,Personal Auto,2025-03-13,IVANS,Quoted
S-000120,Amber Torres,120282,ALLS,Personal Auto,2025-02-07,IVANS,Quoted
S-000121,John Frazier,120235,GEIC,Personal Auto,2025-03-05,Portal,Bound
S-000122,John Frazier,120235,HART,Personal Auto,2025-02-02,Portal,Quoted
S-000123,Mary Lee,120182,TRAV,Personal Auto,2025-02-17,IVANS,Bound
S-000124,Mary Lee,120182,HART,Personal Auto,2025-02-25,IVANS,Quoted
S-000125,Mary Lee,120182,GEIC,Personal Auto,2025-02-24,Portal,Quoted
S-000126,Mary Lee,120182,PRGS,Personal Auto,2025-02-06,IVANS,Quoted
S-000127,Lisa Hicks,120275,GEIC,Personal Auto,2025-01-31,IVANS,Bound
S-000128,Lisa Hicks,120275,ALLS,Personal Auto,2025-03-09,Portal,Quoted
S-000129,Desiree Hughes,120066,NATI,Personal Auto,2025-03-19,Portal,Bound
S-000130,Desiree Hughes,120066,TRAV,Personal Auto,2025-02-21,Portal,Quoted
S-000131,Maria Kelly,120050,ALLS,Personal Auto,2025-03-09,Email,Bound
S-000132,Maria Kelly,120050,LIBM,Personal Auto,2025-02-07,IVANS,Declined
S-000133,Maria Kelly,120050,FARM,Personal Auto,2025-03-20,Portal,Quoted
S-000134,Maria Kelly,120050,FARM,Personal Auto,2025-02-12,Portal,Quoted
S-000135,Richard Benson,120179,GEIC,Personal Auto,2025-02-24,Portal,Bound
S-000136,Richard Benson,120179,NATI,Personal Auto,2025-02-02,Email,Quoted
S-000137,Richard Benson,120179,AMFA,Personal Auto,2025-02-18,Email,Declined
S-000138,Richard Benson,120179,LIBM,Personal Auto,2025-03-02,Portal,Quoted
S-000139,John Henry,120075,LIBM,BOP,2025-03-04,IVANS,Bound
S-000140,John Henry,120075,NATI,BOP,2025-02-17,Portal,Quoted
S-000141,John Henry,120075,ALLS,BOP,2025-03-06,Portal,Declined
S-000142,Alexis Dixon,120251,PRGS,Umbrella,2025-03-20,IVANS,Bound
S-000143,Alexis Dixon,120251,NATI,Umbrella,2025-03-08,IVANS,Declined
S-000144,Veronica Kim,120173,CHUB,Personal Auto,2025-02-18,IVANS,Bound
S-000145,Veronica Kim,120173,ALLS,Personal Auto,2025-02-26,Portal,Declined
S-000146,Veronica Kim,120173,PRGS,Personal Auto,2025-03-21,Portal,Declined
S-000147,Christopher Collier,120076,PRGS,Personal Auto,2025-02-20,Email,Bound
S-000148,Christopher Collier,120076,GEIC,Personal Auto,2025-02-08,Portal,Declined
S-000149,Jimmy Morgan,120247,TRAV,Personal Auto,2025-02-15,IVANS,Bound
S-000150,Jimmy Morgan,120247,LIBM,Personal Auto,2025-02-02,Portal,Declined
S-000151,Jimmy Morgan,120247,CHUB,Personal Auto,2025-02-16,IVANS,Declined
S-000152,Eric Browning,120056,ALLS,WC,2025-03-12,IVANS,Bound
S-000153,Eric Browning,120056,GEIC,WC,2025-02-08,Email,Declined
S-000154,Eric Browning,120056,TRAV,WC,2025-02-03,IVANS,Quoted
S-000155,Carrie Carroll,120299,PRGS,Personal Auto,2025-02-16,IVANS,Bound
S-000156,Carrie Carroll,120299,NATI,Personal Auto,2025-02-16,IVANS,Declined
S-000157,Justin Frazier,120041,TRAV,Homeowners,2025-02-20,Portal,Bound
S-000158,Justin Frazier,120041,NATI,Homeowners,2025-02-01,IVANS,Quoted
S-000159,Justin Frazier,120041,CHUB,Homeowners,2025-02-19,Email,Quoted
S-000160,Justin Frazier,120041,AMFA,Homeowners,2025-02-10,IVANS,Declined
S-000161,Denise Ortega,120124,FARM,Personal Auto,2025-03-06,Portal,Bound
S-000162,Denise Ortega,120124,NATI,Personal Auto,2025-03-18,Portal,Quoted
S-000163,Denise Ortega,120124,NATI,Personal Auto,2025-03-24,Portal,Declined
S-000164,David Pena,120188,AMFA,Homeowners,2025-03-02,Portal,Bound
S-000165,David Pena,120188,ALLS,Homeowners,2025-03-01,IVANS,Declined
S-000166,Paul Gonzalez,120235,AMFA,Personal Auto,2025-03-14,Portal,Bound
S-000167,Paul Gonzalez,120235,TRAV,Personal Auto,2025-02-23,Portal,Quoted
S-000168,Paul Gonzalez,120235,TRAV,Personal Auto,2025-03-08,Portal,Declined
S-000169,Sean Watkins,120012,ALLS,Personal Auto,2025-02-03,IVANS,Bound
S-000170,Sean Watkins,120012,CHUB,Personal Auto,2025-02-26,Portal,Quoted
S-000171,Olivia Castro,120280,ALLS,Homeowners,2025-02-20,Portal,Bound
S-000172,Olivia Castro,120280,FARM,Homeowners,2025-03-09,IVANS,Declined
S-000173,Amy Oconnor,120236,PRGS,BOP,2025-02-14,Portal,Bound
S-000174,Amy Oconnor,120236,TRAV,BOP,2025-03-14,IVANS,Quoted
S-000175,Amy Oconnor,120236,HART,BOP,2025-03-22,Email,Quoted
S-000176,Douglas Thomas,120064,CHUB,Personal Auto,2025-03-25,Portal,Bound
S-000177,Douglas Thomas,120064,FARM,Personal Auto,2025-03-07,Portal,Declined
S-000178,Cassandra Serrano,120226,PRGS,Personal Auto,2025-03-03,IVANS,Bound
S-000179,Cassandra Serrano,120226,NATI,Personal Auto,2025-02-13,Portal,Declined
S-000180,Cassandra Serrano,120226,NATI,Personal Auto,2025-03-25,IVANS,Quoted
S-000181,Cassandra Serrano,120226,CHUB,Personal Auto,2025-02-24,Portal,Quoted
S-000182,Albert Hernandez,120268,TRAV,Homeowners,2025-02-22,IVANS,Bound
S-000183,Albert Hernandez,120268,HART,Homeowners,2025-02-24,Portal,Quoted
S-000184,Albert Hernandez,120268,GEIC,Homeowners,2025-02-03,Portal,Declined
S-000185,Deborah Beasley,120148,PRGS,Homeowners,2025-02-05,Portal,Bound
S-000186,Deborah Beasley,120148,NATI,Homeowners,2025-02-01,IVANS,Quoted
S-000187,Evelyn Carter,120180,GEIC,Homeowners,2025-02-22,Portal,Bound
S-000188,Evelyn Carter,120180,HART,Homeowners,2025-02-09,IVANS,Quoted
S-000189,Evelyn Carter,120180,FARM,Homeowners,2025-03-06,IVANS,Declined
S-000190,Amber Mooney,120146,ALLS,Personal Auto,2025-02-04,Email,Bound
S-000191,Amber Mooney,120146,HART,Personal Auto,2025-02-26,Portal,Declined
S-000192,Kristen Herrera,120014,ALLS,Personal Auto,2025-02-11,Portal,Bound
S-000193,Kristen Herrera,120014,GEIC,Personal Auto,2025-03-13,Portal,Quoted
S-000194,Kristen Herrera,120014,CHUB,Personal Auto,2025-03-05,Portal,Declined
S-000195,Kristen Herrera,120014,AMFA,Personal Auto,2025-03-07,Portal,Quoted
S-000196,Ashley Mcgee,120108,ALLS,Homeowners,2025-02-24,Portal,Bound
S-000197,Ashley Mcgee,120108,NATI,Homeowners,2025-03-13,IVANS,Quoted
S-000198,Ashley Mcgee,120108,FARM,Homeowners,2025-02-04,IVANS,Quoted
S-000199,Ashley Mcgee,120108,AMFA,Homeowners,2025-03-20,Email,Declined
S-000200,Kevin Roberts,120275,HART,Homeowners,2025-03-03,IVANS,Bound
S-000201,Kevin Roberts,120275,LIBM,Homeowners,2025-02-01,Portal,Declined
S-000202,Kelly Hodges,120122,PRGS,BOP,2025-03-02,Portal,Bound
S-000203,Kelly Hodges,120122,CHUB,BOP,2025-02-19,Portal,Quoted
S-000204,Kelly Hodges,120122,AMFA,BOP,2025-02-07,Email,Quoted
S-000205,Kelly Hodges,120122,NATI,BOP,2025-03-22,Portal,Declined
S-000206,Michael Patterson,120069,HART,Personal Auto,2025-02-15,Portal,Bound
S-000207,Michael Patterson,120069,TRAV,Personal Auto,2025-03-19,Email,Quoted
S-000208,Denise Murillo,120116,PRGS,Personal Auto,2025-02-27,Portal,Bound
S-000209,Denise Murillo,120116,GEIC,Personal Auto,2025-02-25,Portal,Quoted
S-000210,Denise Murillo,120116,ALLS,Personal Auto,2025-03-10,IVANS,Declined
S-000211,Denise Murillo,120116,ALLS,Personal Auto,2025-03-19,Portal,Quoted
S-000212,Adam Rhodes,120135,TRAV,WC,2025-02-14,IVANS,Bound
S-000213,Adam Rhodes,120135,HART,WC,2025-02-15,Portal,Declined
S-000214,Adam Rhodes,120135,GEIC,WC,2025-02-05,Portal,Declined
S-000215,Adam Rhodes,120135,LIBM,WC,2025-03-19,IVANS,Quoted
S-000216,Elaine Hayes,120193,FARM,Homeowners,2025-03-24,Portal,Bound
S-000217,Elaine Hayes,120193,TRAV,Homeowners,2025-03-09,IVANS,Quoted
S-000218,Elaine Hayes,120193,PRGS,Homeowners,2025-03-14,IVANS,Quoted
S-000219,Elaine Hayes,120193,ALLS,Homeowners,2025-02-18,Portal,Declined
S-000220,Barbara Clark,120239,CHUB,Homeowners,2025-03-19,IVANS,Bound
S-000221,Barbara Clark,120239,LIBM,Homeowners,2025-02-09,IVANS,Quoted
S-000222,Steve Anthony,120168,HART,Personal Auto,2025-02-22,IVANS,Bound
S-000223,Steve Anthony,120168,LIBM,Personal Auto,2025-03-14,Portal,Quoted
S-000224,James Robinson,120298,TRAV,BOP,2025-02-09,Portal,Bound
S-000225,James Robinson,120298,AMFA,BOP,2025-03-17,Portal,Quoted
S-000226,Brian Smith,120177,AMFA,Personal Auto,2025-02-19,Portal,Bound
S-000227,Brian Smith,120177,TRAV,Personal Auto,2025-03-06,Portal,Quoted
S-000228,Brian Smith,120177,HART,Personal Auto,2025-03-06,IVANS,Declined
S-000229,Lance Proctor,120144,PRGS,Package,2025-03-11,IVANS,Bound
S-000230,Lance Proctor,120144,NATI,Package,2025-03-25,Email,Quoted
S-000231,Lance Proctor,120144,GEIC,Package,2025-03-24,Portal,Declined
S-000232,Lance Proctor,120144,ALLS,Package,2025-02-14,Portal,Quoted
S-000233,Gary Henry,120229,GEIC,Personal Auto,2025-03-17,Portal,Bound
S-000234,Gary Henry,120229,NATI,Personal Auto,2025-03-09,IVANS,Quoted
S-000235,Gary Henry,120229,NATI,Personal Auto,2025-03-23,Email,Quoted
S-000236,Gary Henry,120229,ALLS,Personal Auto,2025-03-15,IVANS,Quoted
S-000237,Zachary Duncan,120257,LIBM,Umbrella,2025-03-16,IVANS,Bound
S-000238,Zachary Duncan,120257,HART,Umbrella,2025-02-02,IVANS,Quoted
S-000239,Zachary Duncan,120257,AMFA,Umbrella,2025-02-26,Email,Quoted
S-000240,Zachary Duncan,120257,TRAV,Umbrella,2025-02-26,IVANS,Quoted
S-000241,Matthew Scott,120010,PRGS,Personal Auto,2025-02-20,Portal,Bound
S-000242,Matthew Scott,120010,GEIC,Personal Auto,2025-02-21,Portal,Declined
S-000243,Laura Valenzuela,120242,GEIC,Homeowners,2025-03-09,IVANS,Bound
S-000244,Laura Valenzuela,120242,TRAV,Homeowners,2025-03-09,Portal,Declined
S-000245,Deborah Owens,120249,PRGS,WC,2025-03-12,Portal,Bound
S-000246,Deborah Owens,120249,NATI,WC,2025-03-13,Email,Quoted
S-000247,Kimberly Smith,120031,ALLS,Personal Auto,2025-03-07,Portal,Bound
S-000248,Kimberly Smith,120031,PRGS,Personal Auto,2025-03-17,Email,Quoted
S-000249,Derek Larson,120006,TRAV,Personal Auto,2025-02-18,Portal,Bound
S-000250,Derek Larson,120006,AMFA,Personal Auto,2025-03-23,IVANS,Quoted
S-000251,Derek Larson,120006,ALLS,Personal Auto,2025-03-06,IVANS,Quoted
S-000252,Luis Morales,120129,LIBM,Personal Auto,2025-02-22,Email,Bound
S-000253,Luis Morales,120129,HART,Personal Auto,2025-02-27,IVANS,Quoted
S-000254,Luis Morales,120129,NATI,Personal Auto,2025-02-19,Portal,Quoted
S-000255,Luis Morales,120129,CHUB,Personal Auto,2025-02-26,IVANS,Declined
S-000256,David Rivera,120298,NATI,Homeowners,2025-02-08,IVANS,Bound
S-000257,David Rivera,120298,LIBM,Homeowners,2025-02-10,IVANS,Declined
S-000258,David Rivera,120298,TRAV,Homeowners,2025-02-24,IVANS,Quoted
S-000259,David Bishop,120141,HART,Homeowners,2025-03-11,Portal,Bound
S-000260,David Bishop,120141,FARM,Homeowners,2025-03-12,Portal,Quoted
S-000261,Cynthia Turner,120190,AMFA,Homeowners,2025-02-16,IVANS,Bound
S-000262,Cynthia Turner,120190,PRGS,Homeowners,2025-03-01,IVANS,Quoted
S-000263,Cynthia Turner,120190,TRAV,Homeowners,2025-02-05,Email,Quoted
S-000264,Daniel Harris,120113,GEIC,Homeowners,2025-03-23,Email,Bound
S-000265,Daniel Harris,120113,HART,Homeowners,2025-03-14,IVANS,Quoted
S-000266,Molly Davis,120179,AMFA,BOP,2025-03-23,IVANS,Bound
S-000267,Molly Davis,120179,ALLS,BOP,2025-03-23,IVANS,Declined
S-000268,Bryan Brown,120143,TRAV,Personal Auto,2025-03-08,Portal,Bound
S-000269,Bryan Brown,120143,NATI,Personal Auto,2025-03-25,Email,Declined
S-000270,Bryan Brown,120143,GEIC,Personal Auto,2025-03-08,IVANS,Declined
S-000271,Regina Moore,120163,FARM,BOP,2025-03-11,Portal,Bound
S-000272,Regina Moore,120163,LIBM,BOP,2025-02-17,Portal,Quoted
S-000273,Regina Moore,120163,GEIC,BOP,2025-02-03,Portal,Quoted
S-000274,Regina Moore,120163,ALLS,BOP,2025-03-18,Email,Quoted
S-000275,Christian Obrien,120060,PRGS,WC,2025-02-20,IVANS,Bound
S-000276,Christian Obrien,120060,TRAV,WC,2025-02-10,IVANS,Quoted
S-000277,Christian Obrien,120060,ALLS,WC,2025-03-07,IVANS,Quoted
S-000278,Christian Obrien,120060,TRAV,WC,2025-03-06,Portal,Quoted
S-000279,Lisa Lowe,120083,GEIC,Homeowners,2025-02-04,Portal,Bound
S-000280,Lisa Lowe,120083,TRAV,Homeowners,2025-02-22,Portal,Declined
S-000281,Michael Wong,120209,GEIC,Umbrella,2025-02-03,Portal,Bound
S-000282,Michael Wong,120209,PRGS,Umbrella,2025-02-07,Portal,Declined
S-000283,Michael Wong,120209,HART,Umbrella,2025-03-21,Portal,Quoted
S-000284,Michael Wong,120209,TRAV,Umbrella,2025-03-18,Email,Quoted
S-000285,Cindy Hayes,120043,LIBM,Personal Auto,2025-03-11,IVANS,Bound
S-000286,Cindy Hayes,120043,CHUB,Personal Auto,2025-03-11,Portal,Quoted
S-000287,Cindy Hayes,120043,TRAV,Personal Auto,2025-02-11,IVANS,Quoted
S-000288,Manuel Wilson,120204,GEIC,Homeowners,2025-02-28,IVANS,Bound
S-000289,Manuel Wilson,120204,FARM,Homeowners,2025-03-01,IVANS,Declined
S-000290,Manuel Wilson,120204,PRGS,Homeowners,2025-03-14,Portal,Declined
S-000291,Julia Garner,120077,TRAV,BOP,2025-02-15,IVANS,Bound
S-000292,Julia Garner,120077,CHUB,BOP,2025-03-05,IVANS,Quoted
S-000293,Julia Garner,120077,NATI,BOP,2025-02-24,IVANS,Declined
S-000294,Carol Bennett,120202,GEIC,Homeowners,2025-03-15,Email,Bound
S-000295,Carol Bennett,120202,AMFA,Homeowners,2025-02-23,Email,Declined
S-000296,Carol Bennett,120202,NATI,Homeowners,2025-03-05,Email,Declined
S-000297,Brandon Lee,120006,AMFA,Homeowners,2025-03-16,IVANS,Bound
S-000298,Brandon Lee,120006,HART,Homeowners,2025-03-04,Portal,Quoted
S-000299,Brandon Lee,120006,LIBM,Homeowners,2025-02-19,Portal,Quoted
S-000300,Brandon Lee,120006,LIBM,Homeowners,2025-02-07,Portal,Quoted
S-000301,Mary Ross,120006,PRGS,Umbrella,2025-02-20,IVANS,Bound
S-000302,Mary Ross,120006,TRAV,Umbrella,2025-03-15,IVANS,Declined
S-000303,Mary Castro,120222,LIBM,Personal Auto,2025-03-09,IVANS,Bound
S-000304,Mary Castro,120222,HART,Personal Auto,2025-03-16,IVANS,Quoted
S-000305,Mary Castro,120222,NATI,Personal Auto,2025-03-01,IVANS,Declined
S-000306,Mary Castro,120222,GEIC,Personal Auto,2025-03-24,Email,Quoted
S-000307,Joseph Smith,120167,HART,Personal Auto,2025-02-06,IVANS,Bound
S-000308,Joseph Smith,120167,FARM,Personal Auto,2025-02-18,Email,Declined
S-000309,Joseph Smith,120167,TRAV,Personal Auto,2025-03-14,IVANS,Quoted
S-000310,Joseph Smith,120167,PRGS,Personal Auto,2025-03-01,IVANS,Quoted
S-000311,Barbara Ayers,120140,CHUB,Homeowners,2025-02-09,IVANS,Bound
S-000312,Barbara Ayers,120140,HART,Homeowners,2025-02-06,Email,Declined
S-000313,Barbara Ayers,120140,ALLS,Homeowners,2025-02-01,IVANS,Declined
S-000314,Barbara Ayers,120140,AMFA,Homeowners,2025-03-23,IVANS,Quoted
S-000315,Thomas Mullins,120160,PRGS,BOP,2025-03-02,IVANS,Bound
S-000316,Thomas Mullins,120160,TRAV,BOP,2025-02-01,IVANS,Quoted
S-000317,Thomas Mullins,120160,HART,BOP,2025-03-05,IVANS,Quoted
S-000318,Thomas Mullins,120160,ALLS,BOP,2025-02-05,Portal,Declined
S-000319,Edward Harper,120278,HART,Personal Auto,2025-02-25,IVANS,Bound
S-000320,Edward Harper,120278,PRGS,Personal Auto,2025-02-28,Portal,Quoted
S-000321,James Ho,120171,TRAV,Homeowners,2025-03-15,Portal,Bound
S-000322,James Ho,120171,HART,Homeowners,2025-02-05,Portal,Quoted
S-000323,James Ho,120171,AMFA,Homeowners,2025-03-22,Email,Quoted
S-000324,Christina Medina,120133,TRAV,Personal Auto,2025-02-15,IVANS,Bound
S-000325,Christina Medina,120133,ALLS,Personal Auto,2025-02-21,IVANS,Quoted
S-000326,Christina Medina,120133,FARM,Personal Auto,2025-02-09,Portal,Declined
S-000327,Christina Medina,120133,AMFA,Personal Auto,2025-02-15,IVANS,Quoted
S-000328,Jeremy Fernandez,120120,ALLS,Personal Auto,2025-02-10,Portal,Bound
S-000329,Jeremy Fernandez,120120,NATI,Personal Auto,2025-02-10,IVANS,Quoted
S-000330,Jeremy Fernandez,120120,NATI,Personal Auto,2025-02-20,IVANS,Quoted
S-000331,Kimberly Smith,120085,ALLS,Personal Auto,2025-03-11,IVANS,Bound
S-000332,Kimberly Smith,120085,CHUB,Personal Auto,2025-03-19,Portal,Quoted
S-000333,Kimberly Smith,120085,CHUB,Personal Auto,2025-02-06,Portal,Quoted
S-000334,Melvin Anthony,120193,TRAV,Umbrella,2025-03-22,IVANS,Bound
S-000335,Melvin Anthony,120193,AMFA,Umbrella,2025-03-12,Portal,Declined
S-000336,Melvin Anthony,120193,AMFA,Umbrella,2025-03-18,Portal,Quoted
S-000337,Melvin Anthony,120193,NATI,Umbrella,2025-03-02,Portal,Quoted
S-000338,John Freeman,120013,NATI,WC,2025-03-13,Email,Bound
S-000339,John Freeman,120013,AMFA,WC,2025-03-10,IVANS,Quoted
S-000340,John Freeman,120013,LIBM,WC,2025-02-19,IVANS,Declined
S-000341,Jody Petersen,120291,HART,Personal Auto,2025-03-06,Portal,Bound
S-000342,Jody Petersen,120291,ALLS,Personal Auto,2025-02-15,Portal,Quoted
S-000343,Jody Petersen,120291,PRGS,Personal Auto,2025-03-03,IVANS,Quoted
S-000344,Natasha Valdez,120006,ALLS,Personal Auto,2025-03-10,IVANS,Bound
S-000345,Natasha Valdez,120006,HART,Personal Auto,2025-03-14,IVANS,Quoted
S-000346,Kristi Rogers,120029,TRAV,Umbrella,2025-03-10,IVANS,Bound
S-000347,Kristi Rogers,120029,HART,Umbrella,2025-03-14,Portal,Declined
S-000348,Nancy Lyons,120254,TRAV,BOP,2025-03-03,Portal,Bound
S-000349,Nancy Lyons,120254,PRGS,BOP,2025-03-24,Portal,Quoted
S-000350,Nancy Lyons,120254,GEIC,BOP,2025-02-04,Portal,Quoted
S-000351,Nancy Lyons,120254,LIBM,BOP,2025-03-03,Portal,Declined
S-000352,Jose Mcbride,120264,PRGS,BOP,2025-03-05,Portal,Bound
S-000353,Jose Mcbride,120264,TRAV,BOP,2025-03-02,Portal,Quoted
S-000354,Jose Mcbride,120264,ALLS,BOP,2025-03-19,IVANS,Declined
S-000355,Jose Mcbride,120264,FARM,BOP,2025-02-15,Portal,Declined
S-000356,Gregory Pittman,120178,GEIC,Personal Auto,2025-02-27,Portal,Bound
S-000357,Gregory Pittman,120178,NATI,Personal Auto,2025-02-12,Email,Quoted
S-000358,Gregory Pittman,120178,NATI,Personal Auto,2025-03-17,Portal,Declined
S-000359,Gregory Pittman,120178,FARM,Personal Auto,2025-03-21,Portal,Quoted
S-000360,Ernest Barrera,120216,CHUB,Personal Auto,2025-03-10,IVANS,Bound
S-000361,Ernest Barrera,120216,LIBM,Personal Auto,2025-02-03,Portal,Declined
S-000362,Michael Graham,120233,NATI,Personal Auto,2025-02-13,Portal,Bound
S-000363,Michael Graham,120233,GEIC,Personal Auto,2025-02-12,IVANS,Quoted
S-000364,Michael Graham,120233,ALLS,Personal Auto,2025-03-22,Portal,Declined
S-000365,Michael Graham,120233,GEIC,Personal Auto,2025-02-24,IVANS,Quoted
S-000366,Jennifer Dixon,120060,AMFA,Homeowners,2025-02-08,Portal,Bound
S-000367,Jennifer Dixon,120060,TRAV,Homeowners,2025-02-15,Portal,Quoted
S-000368,Jennifer Dixon,120060,HART,Homeowners,2025-02-09,IVANS,Quoted
S-000369,Kristen Wallace,120258,GEIC,WC,2025-02-15,IVANS,Bound
S-000370,Kristen Wallace,120258,ALLS,WC,2025-03-07,Portal,Quoted
S-000371,Kristen Wallace,120258,NATI,WC,2025-03-11,Portal,Declined
S-000372,Kristen Wallace,120258,TRAV,WC,2025-03-09,Portal,Declined
S-000373,Adam Cox,120113,GEIC,Homeowners,2025-03-14,IVANS,Bound
S-000374,Adam Cox,120113,NATI,Homeowners,2025-03-07,Portal,Declined
S-000375,Scott Jimenez,120189,PRGS,Homeowners,2025-03-24,Portal,Bound
S-000376,Scott Jimenez,120189,TRAV,Homeowners,2025-03-02,Portal,Declined
S-000377,Scott Jimenez,120189,AMFA,Homeowners,2025-03-23,IVANS,Declined
S-000378,Scott Jimenez,120189,GEIC,Homeowners,2025-02-12,Portal,Quoted
S-000379,Nicholas Murillo,120299,TRAV,Personal Auto,2025-02-07,Portal,Bound
S-000380,Nicholas Murillo,120299,LIBM,Personal Auto,2025-03-03,Portal,Quoted
S-000381,Nicholas Murillo,120299,FARM,Personal Auto,2025-02-16,IVANS,Quoted
S-000382,Kimberly Hamilton,120203,GEIC,Personal Auto,2025-03-09,Portal,Bound
S-000383,Kimberly Hamilton,120203,TRAV,Personal Auto,2025-03-03,Portal,Quoted
S-000384,Kimberly Hamilton,120203,TRAV,Personal Auto,2025-02-02,Portal,Quoted
S-000385,Kimberly Hamilton,120203,LIBM,Personal Auto,2025-03-11,IVANS,Quoted
S-000386,Benjamin Williams,120220,NATI,Personal Auto,2025-02-02,IVANS,Bound
S-000387,Benjamin Williams,120220,GEIC,Personal Auto,2025-02-02,Portal,Quoted
S-000388,Benjamin Williams,120220,GEIC,Personal Auto,2025-02-05,Portal,Declined
S-000389,Benjamin Williams,120220,AMFA,Personal Auto,2025-01-31,Portal,Quoted
S-000390,Jessica Roach,120155,LIBM,Homeowners,2025-01-31,Portal,Bound
S-000391,Jessica Roach,120155,CHUB,Homeowners,2025-03-24,Portal,Declined
S-000392,Jessica Roach,120155,HART,Homeowners,2025-02-02,Portal,Quoted
S-000393,Heidi Chambers,120152,TRAV,Package,2025-03-05,IVANS,Bound
S-000394,Heidi Chambers,120152,GEIC,Package,2025-03-23,IVANS,Declined
S-000395,Heidi Chambers,120152,GEIC,Package,2025-02-11,Portal,Quoted
S-000396,Heidi Chambers,120152,CHUB,Package,2025-02-23,IVANS,Declined
S-000397,Mary Kelly,120188,HART,Homeowners,2025-02-15,IVANS,Bound
S-000398,Mary Kelly,120188,AMFA,Homeowners,2025-03-25,Portal,Quoted
S-000399,Mary Kelly,120188,CHUB,Homeowners,2025-02-04,IVANS,Declined
S-000400,Mary Kelly,120188,CHUB,Homeowners,2025-02-09,Portal,Declined
S-000401,Megan Mcdonald,120044,AMFA,Personal Auto,2025-02-17,Email,Bound
S-000402,Megan Mcdonald,120044,CHUB,Personal Auto,2025-03-02,Email,Quoted
S-000403,Megan Mcdonald,120044,ALLS,Personal Auto,2025-03-05,Portal,Quoted
S-000404,Megan Mcdonald,120044,CHUB,Personal Auto,2025-02-03,Portal,Declined
S-000405,Stephanie Martin,120260,GEIC,Homeowners,2025-03-22,Portal,Bound
S-000406,Stephanie Martin,120260,TRAV,Homeowners,2025-02-23,IVANS,Quoted
S-000407,Stephanie Martin,120260,TRAV,Homeowners,2025-02-12,IVANS,Quoted
S-000408,Duane Kidd,120297,FARM,Personal Auto,2025-03-09,Portal,Bound
S-000409,Duane Kidd,120297,LIBM,Personal Auto,2025-02-19,Portal,Declined
S-000410,Duane Kidd,120297,GEIC,Personal Auto,2025-02-08,IVANS,Quoted
S-000411,Duane Kidd,120297,NATI,Personal Auto,2025-03-11,Portal,Quoted
S-000412,Cynthia Williams,120061,ALLS,Homeowners,2025-02-22,Portal,Bound
S-000413,Cynthia Williams,120061,CHUB,Homeowners,2025-03-11,IVANS,Quoted
S-000414,Cynthia Williams,120061,FARM,Homeowners,2025-02-01,IVANS,Declined
S-000415,Cynthia Williams,120061,PRGS,Homeowners,2025-03-02,Portal,Declined
S-000416,Robert Newton,120100,LIBM,BOP,2025-02-23,Portal,Bound
S-000417,Robert Newton,120100,GEIC,BOP,2025-02-17,IVANS,Quoted
S-000418,Robert Newton,120100,NATI,BOP,2025-03-20,IVANS,Declined
S-000419,Robert Newton,120100,HART,BOP,2025-02-08,IVANS,Quoted
S-000420,Leah Thompson,120235,ALLS,Homeowners,2025-01-31,Portal,Bound
S-000421,Leah Thompson,120235,CHUB,Homeowners,2025-03-20,IVANS,Declined
S-000422,Leah Thompson,120235,FARM,Homeowners,2025-03-21,IVANS,Quoted
S-000423,Leah Thompson,120235,PRGS,Homeowners,2025-02-27,IVANS,Declined
S-000424,Sherri Kennedy,120180,HART,BOP,2025-03-14,Email,Bound
S-000425,Sherri Kennedy,120180,NATI,BOP,2025-02-13,Portal,Quoted
S-000426,Sherri Kennedy,120180,FARM,BOP,2025-02-27,IVANS,Quoted
S-000427,Margaret Farley,120020,PRGS,Homeowners,2025-02-06,IVANS,Bound
S-000428,Margaret Farley,120020,HART,Homeowners,2025-03-13,IVANS,Declined
S-000429,Michelle Lewis,120028,ALLS,Homeowners,2025-02-14,IVANS,Bound
S-000430,Michelle Lewis,120028,GEIC,Homeowners,2025-03-07,IVANS,Quoted
S-000431,Michelle Lewis,120028,TRAV,Homeowners,2025-02-14,Portal,Quoted
S-000432,Jessica Brown,120289,FARM,BOP,2025-03-19,Portal,Bound
S-000433,Jessica Brown,120289,NATI,BOP,2025-02-26,IVANS,Quoted
S-000434,Laurie Pena,120064,FARM,Personal Auto,2025-03-01,Email,Bound
S-000435,Laurie Pena,120064,NATI,Personal Auto,2025-03-17,Portal,Quoted
S-000436,Laurie Pena,120064,ALLS,Personal Auto,2025-02-23,IVANS,Declined
S-000437,Laurie Pena,120064,CHUB,Personal Auto,2025-02-28,Portal,Quoted
S-000438,Kimberly Fischer,120092,GEIC,Umbrella,2025-02-11,Portal,Bound
S-000439,Kimberly Fischer,120092,LIBM,Umbrella,2025-03-08,Portal,Quoted
S-000440,Kimberly Fischer,120092,TRAV,Umbrella,2025-03-10,IVANS,Quoted
S-000441,Harold Garrett,120069,NATI,Personal Auto,2025-02-10,IVANS,Bound
S-000442,Harold Garrett,120069,ALLS,Personal Auto,2025-02-07,Email,Declined
S-000443,Harold Garrett,120069,HART,Personal Auto,2025-02-01,Portal,Quoted
S-000444,Benjamin Jenkins,120098,PRGS,Homeowners,2025-02-10,IVANS,Bound
S-000445,Benjamin Jenkins,120098,FARM,Homeowners,2025-03-23,Email,Declined
S-000446,Benjamin Jenkins,120098,AMFA,Homeowners,2025-03-02,IVANS,Quoted
S-000447,Benjamin Jenkins,120098,ALLS,Homeowners,2025-02-01,Email,Quoted
S-000448,Alexis Sanchez,120056,NATI,Homeowners,2025-03-04,Portal,Bound
S-000449,Alexis Sanchez,120056,PRGS,Homeowners,2025-02-12,IVANS,Quoted
S-000450,Alexis Sanchez,120056,AMFA,Homeowners,2025-03-13,IVANS,Declined
S-000451,Jordan Miller,120086,TRAV,Package,2025-02-19,Portal,Bound
S-000452,Jordan Miller,120086,HART,Package,2025-02-24,Portal,Quoted
S-000453,Jordan Miller,120086,ALLS,Package,2025-02-04,Email,Declined
S-000454,Ernest Phillips,120275,NATI,Personal Auto,2025-02-10,IVANS,Bound
S-000455,Ernest Phillips,120275,LIBM,Personal Auto,2025-02-15,Email,Declined
S-000456,Ernest Phillips,120275,FARM,Personal Auto,2025-03-22,Email,Declined
S-000457,Nichole Willis,120010,CHUB,Personal Auto,2025-02-27,IVANS,Bound
S-000458,Nichole Willis,120010,LIBM,Personal Auto,2025-03-22,Portal,Declined
S-000459,Nichole Willis,120010,FARM,Personal Auto,2025-02-18,IVANS,Declined
S-000460,Nichole Willis,120010,TRAV,Personal Auto,2025-03-25,IVANS,Declined
S-000461,Charles Davenport,120002,PRGS,Personal Auto,2025-03-13,Portal,Bound
S-000462,Charles Davenport,120002,ALLS,Personal Auto,2025-03-23,Portal,Quoted
S-000463,Charles Davenport,120002,TRAV,Personal Auto,2025-02-24,IVANS,Quoted
S-000464,Nicholas Rios,120048,HART,Homeowners,2025-02-04,Portal,Bound
S-000465,Nicholas Rios,120048,AMFA,Homeowners,2025-02-22,Email,Declined
S-000466,Nicholas Rios,120048,FARM,Homeowners,2025-03-14,IVANS,Quoted
S-000467,Nicholas Rios,120048,CHUB,Homeowners,2025-03-06,IVANS,Quoted
S-000468,Nicholas Williams,120165,TRAV,Homeowners,2025-03-23,Portal,Bound
S-000469,Nicholas Williams,120165,PRGS,Homeowners,2025-03-17,Portal,Declined
S-000470,Nicholas Williams,120165,AMFA,Homeowners,2025-03-12,IVANS,Quoted
S-000471,Billy Weeks,120115,TRAV,Umbrella,2025-02-09,IVANS,Bound
S-000472,Billy Weeks,120115,ALLS,Umbrella,2025-02-06,Portal,Quoted
S-000473,Katherine Robinson,120256,LIBM,Personal Auto,2025-02-26,Portal,Bound
S-000474,Katherine Robinson,120256,FARM,Personal Auto,2025-02-20,IVANS,Quoted
S-000475,Ann Barber,120086,ALLS,Personal Auto,2025-03-18,Portal,Bound
S-000476,Ann Barber,120086,NATI,Personal Auto,2025-02-23,IVANS,Declined
S-000477,Timothy Hill,120037,CHUB,Homeowners,2025-02-18,Portal,Bound
S-000478,Timothy Hill,120037,ALLS,Homeowners,2025-03-22,IVANS,Quoted
S-000479,Timothy Hill,120037,FARM,Homeowners,2025-03-19,IVANS,Quoted
S-000480,Tina Pineda,120269,PRGS,Package,2025-02-27,Email,Bound
S-000481,Tina Pineda,120269,ALLS,Package,2025-02-07,Portal,Quoted
S-000482,Tina Pineda,120269,GEIC,Package,2025-03-17,IVANS,Quoted
S-000483,Rose Watson,120149,HART,WC,2025-02-12,Portal,Bound
S-000484,Rose Watson,120149,NATI,WC,2025-03-07,Portal,Quoted
S-000485,Nicole Jenkins,120069,LIBM,Homeowners,2025-02-11,IVANS,Bound
S-000486,Nicole Jenkins,120069,HART,Homeowners,2025-03-13,IVANS,Declined
S-000487,Brian Anderson,120116,GEIC,Personal Auto,2025-03-22,Portal,Bound
S-000488,Brian Anderson,120116,PRGS,Personal Auto,2025-02-01,IVANS,Quoted
S-000489,Jeffrey Lane,120090,PRGS,Homeowners,2025-03-02,IVANS,Bound
S-000490,Jeffrey Lane,120090,CHUB,Homeowners,2025-02-20,Portal,Quoted
S-000491,Jeffrey Lane,120090,TRAV,Homeowners,2025-02-17,Portal,Declined
S-000492,Jeffrey Lane,120090,AMFA,Homeowners,2025-03-16,Portal,Quoted
S-000493,Valerie Lopez,120282,LIBM,Personal Auto,2025-03-09,Portal,Bound
S-000494,Valerie Lopez,120282,ALLS,Personal Auto,2025-02-08,Portal,Declined
S-000495,Valerie Lopez,120282,GEIC,Personal Auto,2025-02-17,Portal,Declined
S-000496,Valerie Lopez,120282,TRAV,Personal Auto,2025-02-28,Email,Quoted
S-000497,Bonnie Harmon,120136,PRGS,Umbrella,2025-02-23,Portal,Bound
S-000498,Bonnie Harmon,120136,GEIC,Umbrella,2025-03-16,IVANS,Quoted
S-000499,Michael Salazar,120274,GEIC,Personal Auto,2025-02-05,IVANS,Bound
S-000500,Michael Salazar,120274,TRAV,Personal Auto,2025-02-17,Portal,Declined
S-000501,Joshua Ware,120036,HART,Package,2025-02-19,Portal,Bound
S-000502,Joshua Ware,120036,FARM,Package,2025-03-08,Portal,Quoted
S-000503,Joshua Ware,120036,AMFA,Package,2025-02-22,IVANS,Declined
S-000504,Robert Baker,120104,ALLS,BOP,2025-03-15,Portal,Bound
S-000505,Robert Baker,120104,AMFA,BOP,2025-02-08,Portal,Declined
S-000506,Robert Baker,120104,PRGS,BOP,2025-02-02,IVANS,Quoted
S-000507,Robert Baker,120104,HART,BOP,2025-03-20,IVANS,Quoted
S-000508,James Mayo,120040,FARM,Personal Auto,2025-02-28,Email,Bound
S-000509,James Mayo,120040,NATI,Personal Auto,2025-02-27,Portal,Quoted
S-000510,James Mayo,120040,AMFA,Personal Auto,2025-03-22,IVANS,Quoted
S-000511,James Mayo,120040,NATI,Personal Auto,2025-03-01,IVANS,Quoted
S-000512,Marissa Combs,120274,HART,Personal Auto,2025-03-23,Portal,Bound
S-000513,Marissa Combs,120274,GEIC,Personal Auto,2025-02-01,IVANS,Declined
S-000514,Cindy Collins,120075,PRGS,Umbrella,2025-03-15,Portal,Bound
S-000515,Cindy Collins,120075,LIBM,Umbrella,2025-03-16,Portal,Quoted
S-000516,Cindy Collins,120075,FARM,Umbrella,2025-02-05,IVANS,Quoted
S-000517,Cindy Collins,120075,AMFA,Umbrella,2025-03-02,IVANS,Quoted
S-000518,Julie Mathews,120009,ALLS,Homeowners,2025-03-01,Portal,Bound
S-000519,Julie Mathews,120009,NATI,Homeowners,2025-03-17,Portal,Quoted
S-000520,Julie Mathews,120009,LIBM,Homeowners,2025-03-16,IVANS,Quoted
S-000521,Julie Mathews,120009,HART,Homeowners,2025-03-05,Portal,Quoted
S-000522,Jeffery Dunn,120230,ALLS,Homeowners,2025-02-21,IVANS,Bound
S-000523,Jeffery Dunn,120230,FARM,Homeowners,2025-03-11,IVANS,Quoted
S-000524,Jeffery Dunn,120230,FARM,Homeowners,2025-02-09,IVANS,Quoted
S-000525,Jeffery Dunn,120230,HART,Homeowners,2025-01-31,Portal,Quoted
S-000526,Lisa Curtis,120012,NATI,Homeowners,2025-02-19,IVANS,Bound
S-000527,Lisa Curtis,120012,TRAV,Homeowners,2025-03-18,Portal,Declined
S-000528,Lisa Curtis,120012,LIBM,Homeowners,2025-03-07,IVANS,Quoted
S-000529,Elizabeth Dominguez,120053,CHUB,Homeowners,2025-02-07,IVANS,Bound
S-000530,Elizabeth Dominguez,120053,HART,Homeowners,2025-03-08,Portal,Quoted
S-000531,Elizabeth Dominguez,120053,HART,Homeowners,2025-03-06,Email,Declined
S-000532,Laura Fernandez,120053,AMFA,BOP,2025-03-25,Portal,Bound
S-000533,Laura Fernandez,120053,NATI,BOP,2025-02-21,Email,Quoted
S-000534,Laura Fernandez,120053,GEIC,BOP,2025-03-03,Portal,Quoted
S-000535,Stacy Campbell,120091,GEIC,BOP,2025-02-17,Portal,Bound
S-000536,Stacy Campbell,120091,AMFA,BOP,2025-02-23,Portal,Quoted
S-000537,Stacy Campbell,120091,LIBM,BOP,2025-03-13,IVANS,Declined
S-000538,Tiffany Becker,120260,PRGS,Homeowners,2025-03-24,IVANS,Bound
S-000539,Tiffany Becker,120260,AMFA,Homeowners,2025-03-15,Portal,Declined
S-000540,Tiffany Becker,120260,CHUB,Homeowners,2025-03-10,Portal,Quoted
S-000541,Tiffany Becker,120260,FARM,Homeowners,2025-02-27,Portal,Declined
S-000542,Linda Wise,120043,CHUB,Personal Auto,2025-02-08,IVANS,Bound
S-000543,Linda Wise,120043,FARM,Personal Auto,2025-03-08,Portal,Declined
S-000544,Linda Wise,120043,FARM,Personal Auto,2025-02-15,Portal,Quoted
S-000545,Tammy Leach,120095,NATI,Homeowners,2025-02-14,Email,Bound
S-000546,Tammy Leach,120095,ALLS,Homeowners,2025-03-08,Portal,Quoted
S-000547,Tammy Leach,120095,PRGS,Homeowners,2025-03-18,Portal,Quoted
S-000548,Frank Padilla,120039,HART,Personal Auto,2025-02-09,Portal,Bound
S-000549,Frank Padilla,120039,ALLS,Personal Auto,2025-03-14,IVANS,Quoted
S-000550,Alexandra Snyder,120163,FARM,BOP,2025-02-14,Portal,Bound
S-000551,Alexandra Snyder,120163,ALLS,BOP,2025-02-04,IVANS,Quoted
S-000552,Alexandra Snyder,120163,ALLS,BOP,2025-02-11,Email,Quoted
S-000553,Pamela Khan,120010,PRGS,Personal Auto,2025-02-03,IVANS,Bound
S-000554,Pamela Khan,120010,NATI,Personal Auto,2025-02-07,Email,Declined
S-000555,Pamela Khan,120010,ALLS,Personal Auto,2025-02-25,Portal,Declined
S-000556,Jose Lee,120114,ALLS,WC,2025-02-21,Email,Bound
S-000557,Jose Lee,120114,GEIC,WC,2025-03-11,IVANS,Quoted
S-000558,Jose Lee,120114,GEIC,WC,2025-02-15,Email,Declined
S-000559,Jose Lee,120114,CHUB,WC,2025-02-01,IVANS,Quoted
S-000560,Sandra Meyers,120156,AMFA,WC,2025-03-05,Portal,Bound
S-000561,Sandra Meyers,120156,GEIC,WC,2025-02-10,Portal,Quoted
S-000562,Sandra Meyers,120156,FARM,WC,2025-03-13,IVANS,Declined
S-000563,Sandra Meyers,120156,TRAV,WC,2025-03-16,Portal,Quoted
S-000564,Shelly Bradshaw,120168,PRGS,Personal Auto,2025-02-03,Portal,Bound
S-000565,Shelly Bradshaw,120168,LIBM,Personal Auto,2025-01-31,Portal,Declined
S-000566,Shelly Bradshaw,120168,NATI,Personal Auto,2025-03-11,Portal,Declined
S-000567,Shelly Bradshaw,120168,GEIC,Personal Auto,2025-02-10,IVANS,Quoted
S-000568,Kimberly Clark,120218,GEIC,Package,2025-02-23,Email,Bound
S-000569,Kimberly Clark,120218,AMFA,Package,2025-02-06,Portal,Declined
S-000570,Kimberly Clark,120218,NATI,Package,2025-03-05,Portal,Quoted
S-000571,Kimberly Clark,120218,ALLS,Package,2025-02-25,Portal,Quoted
S-000572,Kristin Howell,120159,CHUB,BOP,2025-02-15,IVANS,Bound
S-000573,Kristin Howell,120159,LIBM,BOP,2025-03-01,IVANS,Quoted
S-000574,Kristin Howell,120159,GEIC,BOP,2025-02-04,Portal,Quoted
S-000575,Allison Pittman,120249,PRGS,WC,2025-02-19,Portal,Bound
S-000576,Allison Pittman,120249,HART,WC,2025-02-15,IVANS,Quoted
S-000577,Susan Kim,120085,ALLS,Homeowners,2025-02-27,Portal,Bound
S-000578,Susan Kim,120085,TRAV,Homeowners,2025-02-23,IVANS,Quoted
S-000579,Sarah Adams,120153,LIBM,Package,2025-02-17,Portal,Bound
S-000580,Sarah Adams,120153,TRAV,Package,2025-02-08,Email,Quoted
S-000581,Mary Sandoval,120159,HART,Umbrella,2025-03-11,IVANS,Bound
S-000582,Mary Sandoval,120159,CHUB,Umbrella,2025-02-06,IVANS,Quoted
S-000583,Mary Sandoval,120159,ALLS,Umbrella,2025-02-17,IVANS,Quoted
S-000584,Mary Sandoval,120159,PRGS,Umbrella,2025-02-02,Portal,Declined
S-000585,Ruth Morris,120018,ALLS,Package,2025-01-31,Portal,Bound
S-000586,Ruth Morris,120018,NATI,Package,2025-02-18,Portal,Declined
S-000587,Darren Gonzales,120113,HART,Personal Auto,2025-02-03,Portal,Bound
S-000588,Darren Gonzales,120113,TRAV,Personal Auto,2025-02-10,Portal,Quoted
S-000589,Darren Gonzales,120113,LIBM,Personal Auto,2025-02-04,Portal,Declined
S-000590,Veronica Miles,120041,ALLS,Personal Auto,2025-03-06,Portal,Bound
S-000591,Veronica Miles,120041,NATI,Personal Auto,2025-03-24,IVANS,Quoted
S-000592,Todd Butler,120114,PRGS,Umbrella,2025-02-16,Portal,Bound
S-000593,Todd Butler,120114,TRAV,Umbrella,2025-03-15,Portal,Declined
S-000594,Todd Butler,120114,GEIC,Umbrella,2025-03-24,IVANS,Quoted
S-000595,Todd Butler,120114,CHUB,Umbrella,2025-02-03,Portal,Declined
S-000596,Craig Frank,120260,HART,Personal Auto,2025-02-01,IVANS,Bound
S-000597,Craig Frank,120260,NATI,Personal Auto,2025-03-11,IVANS,Declined
S-000598,Craig Frank,120260,ALLS,Personal Auto,2025-03-14,Email,Declined
S-000599,Craig Frank,120260,GEIC,Personal Auto,2025-03-03,IVANS,Quoted
S-000600,Holly Raymond,120030,LIBM,BOP,2025-02-28,Portal,Bound
S-000601,Holly Raymond,120030,CHUB,BOP,2025-02-21,Portal,Quoted
S-000602,Holly Raymond,120030,AMFA,BOP,2025-03-22,Email,Quoted
S-000603,Holly Raymond,120030,NATI,BOP,2025-03-12,IVANS,Declined
S-000604,Thomas Powell,120073,GEIC,Umbrella,2025-03-14,IVANS,Bound
S-000605,Thomas Powell,120073,LIBM,Umbrella,2025-02-23,IVANS,Quoted
S-000606,Thomas Powell,120073,LIBM,Umbrella,2025-03-12,Portal,Quoted
S-000607,Thomas Powell,120073,AMFA,Umbrella,2025-02-28,Portal,Quoted
S-000608,Daniel Lee,120083,LIBM,Personal Auto,2025-03-21,Portal,Bound
S-000609,Daniel Lee,120083,TRAV,Personal Auto,2025-03-17,IVANS,Declined
S-000610,Tara Bond,120033,FARM,Personal Auto,2025-02-28,IVANS,Bound
S-000611,Tara Bond,120033,GEIC,Personal Auto,2025-03-02,Portal,Declined
S-000612,Tara Bond,120033,LIBM,Personal Auto,2025-02-08,Portal,Quoted
S-000613,Tara Bond,120033,AMFA,Personal Auto,2025-02-17,Portal,Quoted
S-000614,Heather Johnson,120285,NATI,Personal Auto,2025-02-05,IVANS,Bound
S-000615,Heather Johnson,120285,CHUB,Personal Auto,2025-03-22,IVANS,Declined
S-000616,Anna Arias,120033,LIBM,Personal Auto,2025-02-17,Portal,Bound
S-000617,Anna Arias,120033,AMFA,Personal Auto,2025-02-16,IVANS,Declined
S-000618,Anna Arias,120033,AMFA,Personal Auto,2025-02-07,IVANS,Quoted
S-000619,Jeffrey Roman,120119,NATI,Personal Auto,2025-03-14,Portal,Bound
S-000620,Jeffrey Roman,120119,FARM,Personal Auto,2025-03-17,IVANS,Quoted
S-000621,Jeffrey Roman,120119,ALLS,Personal Auto,2025-03-09,IVANS,Quoted
S-000622,Victor Marshall,120098,GEIC,BOP,2025-02-13,IVANS,Bound
S-000623,Victor Marshall,120098,AMFA,BOP,2025-03-02,IVANS,Quoted
S-000624,Victor Marshall,120098,NATI,BOP,2025-03-18,Portal,Declined
S-000625,Victor Marshall,120098,TRAV,BOP,2025-03-15,Email,Declined
S-000626,Rachel Gould,120091,PRGS,Homeowners,2025-02-25,Portal,Bound
S-000627,Rachel Gould,120091,ALLS,Homeowners,2025-03-22,IVANS,Quoted
S-000628,Stuart Patterson,120253,HART,BOP,2025-01-31,Portal,Bound
S-000629,Stuart Patterson,120253,NATI,BOP,2025-03-06,Email,Quoted
S-000630,Michelle Robinson,120111,HART,Umbrella,2025-02-08,Portal,Bound
S-000631,Michelle Robinson,120111,GEIC,Umbrella,2025-02-10,Portal,Declined
S-000632,Michelle Robinson,120111,NATI,Umbrella,2025-02-11,Portal,Quoted
S-000633,Zachary Sanchez,120179,AMFA,Personal Auto,2025-02-19,Portal,Bound
S-000634,Zachary Sanchez,120179,CHUB,Personal Auto,2025-02-17,Portal,Quoted
S-000635,Candace Baker,120156,NATI,Umbrella,2025-02-10,Portal,Bound
S-000636,Candace Baker,120156,AMFA,Umbrella,2025-03-01,Portal,Declined
S-000637,Jenny Banks,120171,ALLS,BOP,2025-02-08,Email,Bound
S-000638,Jenny Banks,120171,HART,BOP,2025-02-09,IVANS,Quoted
S-000639,Christine Irwin,120061,PRGS,Homeowners,2025-02-07,Portal,Bound
S-000640,Christine Irwin,120061,NATI,Homeowners,2025-03-10,Email,Declined
S-000641,Dennis Smith,120035,LIBM,Homeowners,2025-03-20,IVANS,Bound
S-000642,Dennis Smith,120035,PRGS,Homeowners,2025-03-17,IVANS,Quoted
S-000643,Benjamin Lewis,120197,ALLS,Personal Auto,2025-02-15,IVANS,Bound
S-000644,Benjamin Lewis,120197,AMFA,Personal Auto,2025-02-18,Portal,Quoted
S-000645,Christopher Dominguez,120071,NATI,Personal Auto,2025-03-17,IVANS,Bound
S-000646,Christopher Dominguez,120071,AMFA,Personal Auto,2025-03-05,Portal,Declined
S-000647,Christopher Dominguez,120071,FARM,Personal Auto,2025-02-02,Portal,Quoted
S-000648,Christopher Dominguez,120071,LIBM,Personal Auto,2025-02-28,Portal,Quoted
S-000649,Melissa Rios,120020,ALLS,Umbrella,2025-02-05,Portal,Bound
S-000650,Melissa Rios,120020,LIBM,Umbrella,2025-02-22,IVANS,Declined
S-000651,Melissa Rios,120020,AMFA,Umbrella,2025-02-22,IVANS,Declined
S-000652,Kevin Stewart,120121,AMFA,Personal Auto,2025-03-24,Portal,Bound
S-000653,Kevin Stewart,120121,TRAV,Personal Auto,2025-03-11,Portal,Declined
S-000654,Kevin Stewart,120121,PRGS,Personal Auto,2025-02-27,Portal,Quoted
S-000655,Kevin Stewart,120121,CHUB,Personal Auto,2025-03-04,IVANS,Declined
S-000656,David Thompson,120186,LIBM,Personal Auto,2025-02-09,Portal,Bound
S-000657,David Thompson,120186,ALLS,Personal Auto,2025-03-23,IVANS,Quoted
S-000658,David Thompson,120186,CHUB,Personal Auto,2025-02-17,IVANS,Declined
S-000659,Kenneth Henderson,120133,HART,Package,2025-02-06,IVANS,Bound
S-000660,Kenneth Henderson,120133,ALLS,Package,2025-03-17,Portal,Quoted
S-000661,Kenneth Henderson,120133,AMFA,Package,2025-03-08,Portal,Quoted
S-000662,Kenneth Henderson,120133,GEIC,Package,2025-03-25,Portal,Quoted
S-000663,Joseph Robinson,120071,ALLS,Personal Auto,2025-02-07,Portal,Bound
S-000664,Joseph Robinson,120071,NATI,Personal Auto,2025-03-22,Portal,Quoted
S-000665,Gabriel Davidson,120286,LIBM,BOP,2025-03-10,Email,Bound
S-000666,Gabriel Davidson,120286,TRAV,BOP,2025-02-23,IVANS,Quoted
S-000667,Eduardo Mcbride,120090,NATI,Personal Auto,2025-01-31,Portal,Bound
S-000668,Eduardo Mcbride,120090,TRAV,Personal Auto,2025-02-23,Email,Declined
S-000669,Eduardo Mcbride,120090,GEIC,Personal Auto,2025-02-25,IVANS,Quoted
S-000670,Eduardo Mcbride,120090,ALLS,Personal Auto,2025-03-08,Portal,Declined
S-000671,Amy Hill,120026,AMFA,Personal Auto,2025-01-31,Email,Bound
S-000672,Amy Hill,120026,FARM,Personal Auto,2025-02-25,Portal,Quoted
S-000673,Amy Hill,120026,LIBM,Personal Auto,2025-02-27,Portal,Quoted
S-000674,Amy Hill,120026,NATI,Personal Auto,2025-02-16,IVANS,Quoted
S-000675,Amanda Moore,120051,LIBM,Homeowners,2025-02-15,Portal,Bound
S-000676,Amanda Moore,120051,GEIC,Homeowners,2025-03-25,Email,Declined
S-000677,Amanda Moore,120051,AMFA,Homeowners,2025-03-01,IVANS,Quoted
S-000678,Daniel Guerra,120287,TRAV,Personal Auto,2025-02-18,Portal,Bound
S-000679,Daniel Guerra,120287,FARM,Personal Auto,2025-02-18,IVANS,Quoted
S-000680,Kyle Ramirez,120204,PRGS,Umbrella,2025-03-23,Portal,Bound
S-000681,Kyle Ramirez,120204,CHUB,Umbrella,2025-03-02,Portal,Declined
S-000682,Kyle Ramirez,120204,NATI,Umbrella,2025-02-23,Portal,Quoted
S-000683,Kyle Ramirez,120204,NATI,Umbrella,2025-02-01,Portal,Declined
S-000684,Dennis Cline,120197,CHUB,Umbrella,2025-02-08,Portal,Bound
S-000685,Dennis Cline,120197,PRGS,Umbrella,2025-03-07,IVANS,Quoted
S-000686,Dennis Cline,120197,HART,Umbrella,2025-02-22,IVANS,Quoted
S-000687,Dennis Cline,120197,LIBM,Umbrella,2025-03-25,Portal,Quoted
S-000688,Jennifer Moran,120192,HART,Personal Auto,2025-02-28,IVANS,Bound
S-000689,Jennifer Moran,120192,TRAV,Personal Auto,2025-02-03,IVANS,Quoted
S-000690,Jennifer Moran,120192,NATI,Personal Auto,2025-02-13,Portal,Declined
S-000691,Jennifer Moran,120192,ALLS,Personal Auto,2025-03-07,IVANS,Quoted
S-000692,Dylan King,120155,TRAV,Personal Auto,2025-02-26,Portal,Bound
S-000693,Dylan King,120155,CHUB,Personal Auto,2025-02-02,Portal,Quoted
S-000694,Dylan King,120155,CHUB,Personal Auto,2025-03-11,IVANS,Declined
S-000695,Nicole Williams,120290,PRGS,Personal Auto,2025-03-14,IVANS,Bound
S-000696,Nicole Williams,120290,ALLS,Personal Auto,2025-02-11,IVANS,Declined
S-000697,Joel Gray,120174,GEIC,Personal Auto,2025-02-14,Portal,Bound
S-000698,Joel Gray,120174,LIBM,Personal Auto,2025-02-25,Portal,Quoted
S-000699,Joel Gray,120174,CHUB,Personal Auto,2025-02-07,Portal,Declined
S-000700,Amanda Pena,120189,PRGS,Personal Auto,2025-02-21,IVANS,Bound
S-000701,Amanda Pena,120189,FARM,Personal Auto,2025-03-15,IVANS,Declined
S-000702,Amanda Pena,120189,TRAV,Personal Auto,2025-02-09,IVANS,Quoted
S-000703,Olivia Turner,120221,AMFA,Umbrella,2025-03-06,Portal,Bound
S-000704,Olivia Turner,120221,PRGS,Umbrella,2025-02-25,IVANS,Declined
S-000705,William Schaefer,120095,TRAV,WC,2025-03-10,Portal,Bound
S-000706,William Schaefer,120095,AMFA,WC,2025-02-24,Portal,Declined
S-000707,William Schaefer,120095,AMFA,WC,2025-03-24,Portal,Declined
S-000708,William Schaefer,120095,PRGS,WC,2025-02-01,Email,Quoted
S-000709,Julie Sims,120279,PRGS,Homeowners,2025-02-15,IVANS,Bound
S-000710,Julie Sims,120279,FARM,Homeowners,2025-03-25,Email,Declined
S-000711,Julie Sims,120279,AMFA,Homeowners,2025-03-13,IVANS,Quoted
S-000712,Julie Sims,120279,NATI,Homeowners,2025-02-04,Portal,Declined
S-000713,Bryan Wade,120132,FARM,Umbrella,2025-03-07,Portal,Bound
S-000714,Bryan Wade,120132,NATI,Umbrella,2025-03-01,Portal,Quoted
S-000715,Bryan Wade,120132,NATI,Umbrella,2025-02-11,IVANS,Quoted
S-000716,Peter Moreno,120230,PRGS,Homeowners,2025-03-11,IVANS,Bound
S-000717,Peter Moreno,120230,FARM,Homeowners,2025-03-01,IVANS,Quoted
S-000718,Peter Moreno,120230,LIBM,Homeowners,2025-02-13,IVANS,Declined
S-000719,Peter Moreno,120230,TRAV,Homeowners,2025-02-20,IVANS,Declined
S-000720,Melissa Graham,120034,HART,Homeowners,2025-03-14,IVANS,Bound
S-000721,Melissa Graham,120034,AMFA,Homeowners,2025-03-05,Portal,Quoted
S-000722,Melissa Graham,120034,AMFA,Homeowners,2025-02-18,IVANS,Quoted
S-000723,Erin Underwood,120091,TRAV,Umbrella,2025-02-25,IVANS,Bound
S-000724,Erin Underwood,120091,NATI,Umbrella,2025-02-23,Email,Quoted
S-000725,Erin Underwood,120091,CHUB,Umbrella,2025-01-31,Portal,Quoted
S-000726,Lauren Hunter,120155,CHUB,Package,2025-03-20,Portal,Bound
S-000727,Lauren Hunter,120155,HART,Package,2025-02-08,Email,Quoted
S-000728,Karen King,120025,AMFA,Personal Auto,2025-02-02,Email,Bound
S-000729,Karen King,120025,PRGS,Personal Auto,2025-03-24,Email,Quoted
S-000730,Karen King,120025,LIBM,Personal Auto,2025-03-04,Portal,Declined
S-000731,Virginia Castaneda,120050,PRGS,Homeowners,2025-03-14,IVANS,Bound
S-000732,Virginia Castaneda,120050,AMFA,Homeowners,2025-03-11,Portal,Quoted
S-000733,Virginia Castaneda,120050,AMFA,Homeowners,2025-02-05,IVANS,Quoted
S-000734,Taylor Johnson,120210,GEIC,Homeowners,2025-02-13,IVANS,Bound
S-000735,Taylor Johnson,120210,TRAV,Homeowners,2025-02-12,IVANS,Declined
S-000736,Taylor Johnson,120210,CHUB,Homeowners,2025-03-23,Email,Quoted
S-000737,Kyle Foley,120149,GEIC,Personal Auto,2025-02-11,IVANS,Bound
S-000738,Kyle Foley,120149,FARM,Personal Auto,2025-02-04,IVANS,Quoted
S-000739,Kyle Foley,120149,NATI,Personal Auto,2025-03-16,IVANS,Declined
S-000740,Emily Ross,120165,CHUB,Personal Auto,2025-03-15,IVANS,Bound
S-000741,Emily Ross,120165,GEIC,Personal Auto,2025-02-18,Portal,Quoted
S-000742,Emily Ross,120165,HART,Personal Auto,2025-03-23,Portal,Quoted
S-000743,Emily Ross,120165,PRGS,Personal Auto,2025-02-01,IVANS,Quoted
S-000744,Morgan Haney,120267,FARM,BOP,2025-03-23,IVANS,Bound
S-000745,Morgan Haney,120267,PRGS,BOP,2025-03-05,Portal,Declined
S-000746,Megan Kennedy,120108,GEIC,Personal Auto,2025-03-01,Portal,Bound
S-000747,Megan Kennedy,120108,LIBM,Personal Auto,2025-03-10,IVANS,Declined
S-000748,Megan Kennedy,120108,HART,Personal Auto,2025-03-04,Portal,Quoted
S-000749,Scott Salazar,120169,TRAV,Personal Auto,2025-02-14,Portal,Bound
S-000750,Scott Salazar,120169,ALLS,Personal Auto,2025-03-20,Portal,Quoted
S-000751,Scott Salazar,120169,AMFA,Personal Auto,2025-02-03,IVANS,Quoted
S-000752,Michael Gregory,120198,PRGS,Personal Auto,2025-02-20,Portal,Bound
S-000753,Michael Gregory,120198,NATI,Personal Auto,2025-02-05,IVANS,Quoted
S-000754,Michael Gregory,120198,TRAV,Personal Auto,2025-02-11,IVANS,Declined
S-000755,Adrian Adams,120047,NATI,Package,2025-02-05,Portal,Bound
S-000756,Adrian Adams,120047,LIBM,Package,2025-03-07,IVANS,Quoted
S-000757,Adrian Adams,120047,CHUB,Package,2025-02-19,IVANS,Declined
S-000758,Adrian Adams,120047,PRGS,Package,2025-03-13,Portal,Declined
S-000759,Stacie Fleming,120025,TRAV,BOP,2025-03-12,IVANS,Bound
S-000760,Stacie Fleming,120025,CHUB,BOP,2025-02-18,Portal,Quoted
S-000761,Stacie Fleming,120025,NATI,BOP,2025-02-01,IVANS,Quoted
S-000762,Stacie Fleming,120025,HART,BOP,2025-03-12,Portal,Quoted
S-000763,Derrick Glover,120244,PRGS,Personal Auto,2025-02-24,Portal,Bound
S-000764,Derrick Glover,120244,HART,Personal Auto,2025-03-17,Portal,Quoted
S-000765,Michael Obrien,120204,NATI,Personal Auto,2025-03-05,Email,Bound
S-000766,Michael Obrien,120204,PRGS,Personal Auto,2025-02-20,Portal,Declined
S-000767,Michael Obrien,120204,ALLS,Personal Auto,2025-03-15,Portal,Declined
S-000768,Molly Stephenson,120099,LIBM,BOP,2025-03-20,IVANS,Bound
S-000769,Molly Stephenson,120099,NATI,BOP,2025-02-15,IVANS,Quoted
S-000770,Molly Stephenson,120099,HART,BOP,2025-02-09,Email,Quoted
S-000771,Molly Stephenson,120099,TRAV,BOP,2025-01-31,Portal,Quoted
S-000772,Mary Simon,120220,ALLS,Personal Auto,2025-03-21,Portal,Bound
S-000773,Mary Simon,120220,NATI,Personal Auto,2025-03-05,Email,Declined
S-000774,Mary Simon,120220,NATI,Personal Auto,2025-02-05,IVANS,Quoted
S-000775,Mary Simon,120220,NATI,Personal Auto,2025-03-01,Portal,Quoted
S-000776,Dustin Ochoa,120261,PRGS,Homeowners,2025-02-19,IVANS,Bound
S-000777,Dustin Ochoa,120261,NATI,Homeowners,2025-02-03,IVANS,Declined
S-000778,Dustin Ochoa,120261,ALLS,Homeowners,2025-03-03,Portal,Quoted
S-000779,Dustin Ochoa,120261,NATI,Homeowners,2025-03-15,IVANS,Declined
S-000780,Danielle Russell,120285,PRGS,BOP,2025-03-08,IVANS,Bound
S-000781,Danielle Russell,120285,LIBM,BOP,2025-02-21,Portal,Quoted
S-000782,Danielle Russell,120285,ALLS,BOP,2025-02-03,Portal,Quoted
S-000783,Helen Franco,120245,CHUB,Personal Auto,2025-02-13,IVANS,Bound
S-000784,Helen Franco,120245,NATI,Personal Auto,2025-02-24,Portal,Quoted
S-000785,Joshua Salinas,120215,FARM,Package,2025-02-03,IVANS,Bound
S-000786,Joshua Salinas,120215,ALLS,Package,2025-02-03,IVANS,Declined
S-000787,Joshua Salinas,120215,HART,Package,2025-02-19,Portal,Quoted
S-000788,Joshua Salinas,120215,CHUB,Package,2025-02-07,IVANS,Quoted
S-000789,Patricia Aguirre,120278,NATI,WC,2025-02-03,IVANS,Bound
S-000790,Patricia Aguirre,120278,GEIC,WC,2025-03-15,IVANS,Declined
S-000791,Claudia Murphy,120295,PRGS,Homeowners,2025-02-22,Portal,Bound
S-000792,Claudia Murphy,120295,CHUB,Homeowners,2025-03-14,IVANS,Declined
S-000793,Brent Brown,120066,ALLS,BOP,2025-03-07,Email,Bound
S-000794,Brent Brown,120066,TRAV,BOP,2025-02-17,Email,Quoted
S-000795,Brent Brown,120066,PRGS,BOP,2025-03-06,Portal,Declined
S-000796,Brent Brown,120066,AMFA,BOP,2025-02-05,Email,Quoted
S-000797,Caleb Gentry,120126,GEIC,WC,2025-03-20,Portal,Bound
S-000798,Caleb Gentry,120126,HART,WC,2025-02-01,Portal,Quoted
S-000799,Caleb Gentry,120126,NATI,WC,2025-03-13,IVANS,Declined
S-000800,Caleb Gentry,120126,NATI,WC,2025-02-15,IVANS,Quoted
S-000801,Kelly Jennings,120265,NATI,Personal Auto,2025-03-16,Portal,Bound
S-000802,Kelly Jennings,120265,ALLS,Personal Auto,2025-02-21,Portal,Declined
S-000803,Kelly Jennings,120265,ALLS,Personal Auto,2025-03-04,IVANS,Quoted
S-000804,Kendra Chan,120184,PRGS,Personal Auto,2025-02-06,IVANS,Bound
S-000805,Kendra Chan,120184,TRAV,Personal Auto,2025-02-13,IVANS,Quoted
S-000806,Michael Bruce,120237,PRGS,WC,2025-03-16,Portal,Bound
S-000807,Michael Bruce,120237,HART,WC,2025-02-26,Portal,Declined
S-000808,Michael Bruce,120237,CHUB,WC,2025-02-11,IVANS,Quoted
S-000809,Michael Bruce,120237,GEIC,WC,2025-02-10,IVANS,Quoted
S-000810,Julie Roach,120263,AMFA,BOP,2025-02-02,Email,Bound
S-000811,Julie Roach,120263,PRGS,BOP,2025-03-23,IVANS,Declined
S-000812,Robert Mendoza,120139,FARM,WC,2025-03-25,Portal,Bound
S-000813,Robert Mendoza,120139,TRAV,WC,2025-03-08,IVANS,Quoted
S-000814,Robert Mendoza,120139,CHUB,WC,2025-02-07,Portal,Quoted
S-000815,Robert Mendoza,120139,TRAV,WC,2025-03-21,Portal,Declined
S-000816,Shannon Mendoza,120146,HART,BOP,2025-02-07,IVANS,Bound
S-000817,Shannon Mendoza,120146,FARM,BOP,2025-03-02,Portal,Quoted
S-000818,Shannon Mendoza,120146,NATI,BOP,2025-02-12,IVANS,Declined
S-000819,Shannon Mendoza,120146,AMFA,BOP,2025-03-01,Portal,Quoted
S-000820,Melissa Wilson,120216,HART,Umbrella,2025-02-15,IVANS,Bound
S-000821,Melissa Wilson,120216,CHUB,Umbrella,2025-03-17,Portal,Quoted
S-000822,Melissa Wilson,120216,PRGS,Umbrella,2025-03-02,Portal,Quoted
S-000823,James Freeman,120284,LIBM,Umbrella,2025-02-19,Portal,Bound
S-000824,James Freeman,120284,FARM,Umbrella,2025-02-12,IVANS,Declined
S-000825,Chase Murphy,120209,LIBM,BOP,2025-03-06,Portal,Bound
S-000826,Chase Murphy,120209,HART,BOP,2025-02-02,IVANS,Quoted
S-000827,Chase Murphy,120209,GEIC,BOP,2025-02-12,Portal,Quoted
S-000828,Michael Brown,120210,HART,Umbrella,2025-03-01,Portal,Bound
S-000829,Michael Brown,120210,PRGS,Umbrella,2025-03-02,IVANS,Quoted
S-000830,Michael Brown,120210,CHUB,Umbrella,2025-02-15,Portal,Quoted
S-000831,Christine Macias,120132,GEIC,Homeowners,2025-02-09,Portal,Bound
S-000832,Christine Macias,120132,NATI,Homeowners,2025-02-10,IVANS,Quoted
S-000833,Christine Macias,120132,HART,Homeowners,2025-02-05,Portal,Quoted
S-000834,Christine Macias,120132,TRAV,Homeowners,2025-03-14,IVANS,Quoted
S-000835,Nathaniel Schmidt,120294,HART,Personal Auto,2025-03-17,Portal,Bound
S-000836,Nathaniel Schmidt,120294,PRGS,Personal Auto,2025-02-19,IVANS,Quoted
S-000837,Nathaniel Schmidt,120294,TRAV,Personal Auto,2025-03-22,Portal,Declined
S-000838,Nathaniel Schmidt,120294,TRAV,Personal Auto,2025-02-21,Portal,Quoted
S-000839,Frederick Webb,120258,HART,Umbrella,2025-02-02,Portal,Bound
S-000840,Frederick Webb,120258,FARM,Umbrella,2025-03-03,IVANS,Declined
S-000841,Frederick Webb,120258,NATI,Umbrella,2025-03-21,IVANS,Quoted
S-000842,Amy Shaw,120212,PRGS,Personal Auto,2025-02-15,Portal,Bound
S-000843,Amy Shaw,120212,CHUB,Personal Auto,2025-02-12,Email,Quoted
S-000844,Amy Shaw,120212,ALLS,Personal Auto,2025-02-01,IVANS,Declined
S-000845,Dylan Newton,120110,GEIC,Personal Auto,2025-02-06,IVANS,Bound
S-000846,Dylan Newton,120110,NATI,Personal Auto,2025-03-05,IVANS,Quoted
S-000847,Dylan Newton,120110,FARM,Personal Auto,2025-02-20,Portal,Quoted
S-000848,Dylan Newton,120110,HART,Personal Auto,2025-02-17,Email,Quoted
S-000849,Kevin Gardner,120128,PRGS,WC,2025-03-16,IVANS,Bound
S-000850,Kevin Gardner,120128,GEIC,WC,2025-03-07,Portal,Quoted
S-000851,Kevin Gardner,120128,HART,WC,2025-02-15,Portal,Quoted
S-000852,Kevin Gardner,120128,LIBM,WC,2025-02-08,Portal,Quoted
S-000853,Eric Blake,120212,NATI,Umbrella,2025-03-16,Portal,Bound
S-000854,Eric Blake,120212,AMFA,Umbrella,2025-02-04,IVANS,Declined
S-000855,Patrick Mcdowell,120252,PRGS,Homeowners,2025-02-26,Portal,Bound
S-000856,Patrick Mcdowell,120252,LIBM,Homeowners,2025-03-09,IVANS,Quoted
S-000857,Jeffrey Bass,120066,TRAV,Homeowners,2025-03-23,IVANS,Bound
S-000858,Jeffrey Bass,120066,GEIC,Homeowners,2025-02-07,Portal,Quoted
S-000859,Jeffrey Bass,120066,CHUB,Homeowners,2025-02-05,Portal,Quoted
S-000860,Jeffrey Bass,120066,PRGS,Homeowners,2025-02-14,Portal,Quoted
S-000861,Anthony Stevens,120075,TRAV,Homeowners,2025-02-27,Portal,Bound
S-000862,Anthony Stevens,120075,ALLS,Homeowners,2025-02-14,IVANS,Quoted
S-000863,Anthony Stevens,120075,LIBM,Homeowners,2025-02-23,Email,Declined
S-000864,Anthony Stevens,120075,HART,Homeowners,2025-02-04,Portal,Quoted
S-000865,Brittany Porter,120128,LIBM,Homeowners,2025-02-24,Portal,Bound
S-000866,Brittany Porter,120128,HART,Homeowners,2025-02-17,Portal,Quoted
S-000867,Brittany Porter,120128,CHUB,Homeowners,2025-02-03,IVANS,Declined
S-000868,Joseph Baxter,120138,ALLS,Homeowners,2025-03-21,Portal,Bound
S-000869,Joseph Baxter,120138,TRAV,Homeowners,2025-02-02,Portal,Declined
S-000870,Joseph Baxter,120138,FARM,Homeowners,2025-03-12,IVANS,Declined
S-000871,Lisa Vaughn,120133,HART,WC,2025-03-11,Portal,Bound
S-000872,Lisa Vaughn,120133,CHUB,WC,2025-03-09,Portal,Quoted
S-000873,Lisa Vaughn,120133,TRAV,WC,2025-02-11,IVANS,Quoted
S-000874,Daniel Atkinson,120057,ALLS,BOP,2025-02-26,Portal,Bound
S-000875,Daniel Atkinson,120057,AMFA,BOP,2025-03-14,Portal,Quoted
S-000876,Daniel Atkinson,120057,PRGS,BOP,2025-03-10,Portal,Declined
S-000877,Michael Bell,120103,LIBM,Homeowners,2025-02-08,IVANS,Bound
S-000878,Michael Bell,120103,FARM,Homeowners,2025-02-28,Portal,Quoted
S-000879,Michael Bell,120103,TRAV,Homeowners,2025-02-12,IVANS,Quoted
S-000880,Michael Bell,120103,HART,Homeowners,2025-02-05,Portal,Quoted
S-000881,Benjamin Fleming,120230,PRGS,Umbrella,2025-02-27,IVANS,Bound
S-000882,Benjamin Fleming,120230,NATI,Umbrella,2025-03-11,IVANS,Quoted
S-000883,Benjamin Fleming,120230,LIBM,Umbrella,2025-03-19,Portal,Declined
S-000884,Benjamin Fleming,120230,CHUB,Umbrella,2025-03-18,IVANS,Quoted
S-000885,Sarah Shea,120139,HART,Personal Auto,2025-02-15,IVANS,Bound
S-000886,Sarah Shea,120139,AMFA,Personal Auto,2025-03-14,IVANS,Declined
S-000887,Sarah Moreno,120221,LIBM,Personal Auto,2025-02-03,IVANS,Bound
S-000888,Sarah Moreno,120221,NATI,Personal Auto,2025-03-11,Portal,Quoted
S-000889,Sarah Moreno,120221,ALLS,Personal Auto,2025-02-10,Portal,Quoted
S-000890,Margaret Moore,120180,HART,Package,2025-02-20,Email,Bound
S-000891,Margaret Moore,120180,PRGS,Package,2025-02-21,IVANS,Declined
S-000892,Margaret Moore,120180,NATI,Package,2025-03-17,Portal,Quoted
S-000893,Margaret Moore,120180,LIBM,Package,2025-03-15,Portal,Declined
S-000894,Melinda Lee,120138,PRGS,Homeowners,2025-02-08,Email,Bound
S-000895,Melinda Lee,120138,CHUB,Homeowners,2025-02-28,IVANS,Quoted
S-000896,Eric Dudley,120244,LIBM,Personal Auto,2025-03-11,IVANS,Bound
S-000897,Eric Dudley,120244,PRGS,Personal Auto,2025-03-03,Portal,Declined
S-000898,Eric Dudley,120244,TRAV,Personal Auto,2025-02-07,Portal,Quoted
S-000899,Anthony Wright,120092,GEIC,WC,2025-02-10,IVANS,Bound
S-000900,Anthony Wright,120092,PRGS,WC,2025-02-03,Email,Quoted
S-000901,Hannah Carter,120181,NATI,Personal Auto,2025-02-27,Portal,Bound
S-000902,Hannah Carter,120181,FARM,Personal Auto,2025-02-13,Portal,Quoted
S-000903,Hannah Carter,120181,AMFA,Personal Auto,2025-02-12,IVANS,Quoted
S-000904,Hannah Carter,120181,CHUB,Personal Auto,2025-03-02,IVANS,Declined
S-000905,Thomas Kelly,120269,FARM,Umbrella,2025-02-20,IVANS,Bound
S-000906,Thomas Kelly,120269,HART,Umbrella,2025-02-04,Portal,Quoted
S-000907,Thomas Kelly,120269,TRAV,Umbrella,2025-02-23,IVANS,Declined
S-000908,Diana Phelps,120219,CHUB,Personal Auto,2025-03-14,IVANS,Bound
S-000909,Diana Phelps,120219,GEIC,Personal Auto,2025-03-25,IVANS,Quoted
S-000910,Laura Riley,120070,ALLS,Homeowners,2025-03-10,Portal,Bound
S-000911,Laura Riley,120070,GEIC,Homeowners,2025-03-23,IVANS,Declined
S-000912,Willie Combs,120092,ALLS,BOP,2025-03-09,Portal,Bound
S-000913,Willie Combs,120092,CHUB,BOP,2025-03-07,IVANS,Quoted
S-000914,Willie Combs,120092,TRAV,BOP,2025-03-07,Portal,Quoted
S-000915,Willie Combs,120092,PRGS,BOP,2025-02-24,IVANS,Quoted
S-000916,Kevin Bailey,120083,NATI,BOP,2025-03-01,Portal,Bound
S-000917,Kevin Bailey,120083,LIBM,BOP,2025-02-14,Email,Quoted
S-000918,Kevin Bailey,120083,CHUB,BOP,2025-02-11,Email,Declined
S-000919,Kenneth Gilbert,120095,GEIC,Umbrella,2025-02-02,IVANS,Bound
S-000920,Kenneth Gilbert,120095,AMFA,Umbrella,2025-02-10,IVANS,Quoted
S-000921,Kenneth Gilbert,120095,HART,Umbrella,2025-02-02,IVANS,Declined
S-000922,Kenneth Gilbert,120095,HART,Umbrella,2025-02-25,IVANS,Quoted
S-000923,Jo Morales,120098,GEIC,WC,2025-03-05,Portal,Bound
S-000924,Jo Morales,120098,FARM,WC,2025-03-23,Portal,Quoted
S-000925,Janet Davis,120065,HART,Homeowners,2025-02-16,IVANS,Bound
S-000926,Janet Davis,120065,GEIC,Homeowners,2025-03-20,IVANS,Quoted
S-000927,Kent Atkins,120014,GEIC,Personal Auto,2025-02-13,Portal,Bound
S-000928,Kent Atkins,120014,TRAV,Personal Auto,2025-03-12,Portal,Quoted
S-000929,Kent Atkins,120014,LIBM,Personal Auto,2025-02-08,Portal,Quoted
S-000930,Patrick Cox,120120,HART,WC,2025-03-21,Portal,Bound
S-000931,Patrick Cox,120120,TRAV,WC,2025-02-20,IVANS,Quoted
S-000932,Heather Contreras,120141,NATI,Homeowners,2025-02-28,IVANS,Bound
S-000933,Heather Contreras,120141,TRAV,Homeowners,2025-03-09,Portal,Declined
S-000934,Heather Contreras,120141,LIBM,Homeowners,2025-03-21,Portal,Quoted
S-000935,Heather Contreras,120141,PRGS,Homeowners,2025-01-31,IVANS,Quoted
S-000936,Tracy Robertson,120118,TRAV,Homeowners,2025-03-06,IVANS,Bound
S-000937,Tracy Robertson,120118,FARM,Homeowners,2025-03-16,Email,Quoted
S-000938,Tracy Robertson,120118,ALLS,Homeowners,2025-03-09,Email,Declined
S-000939,Tracy Robertson,120118,LIBM,Homeowners,2025-02-24,IVANS,Declined
S-000940,Aaron Thomas,120220,PRGS,Homeowners,2025-02-25,IVANS,Bound
S-000941,Aaron Thomas,120220,GEIC,Homeowners,2025-03-09,IVANS,Quoted
S-000942,Aaron Thomas,120220,ALLS,Homeowners,2025-02-07,Portal,Declined
S-000943,Aaron Thomas,120220,LIBM,Homeowners,2025-02-15,Portal,Declined
S-000944,Jack Davis,120154,TRAV,Personal Auto,2025-02-17,IVANS,Bound
S-000945,Jack Davis,120154,HART,Personal Auto,2025-02-23,IVANS,Quoted
S-000946,Alisha Dixon,120053,ALLS,Personal Auto,2025-03-06,IVANS,Bound
S-000947,Alisha Dixon,120053,PRGS,Personal Auto,2025-02-02,IVANS,Quoted
S-000948,Alisha Dixon,120053,CHUB,Personal Auto,2025-03-05,IVANS,Quoted
S-000949,Alisha Dixon,120053,LIBM,Personal Auto,2025-02-04,Portal,Quoted
S-000950,John Ward,120275,CHUB,Personal Auto,2025-03-18,IVANS,Bound
S-000951,John Ward,120275,TRAV,Personal Auto,2025-02-10,Portal,Declined
S-000952,Steven Cohen,120252,ALLS,Personal Auto,2025-03-01,IVANS,Bound
S-000953,Steven Cohen,120252,HART,Personal Auto,2025-03-25,Email,Quoted
S-000954,Steven Cohen,120252,NATI,Personal Auto,2025-02-12,IVANS,Declined
S-000955,David Harmon,120213,LIBM,BOP,2025-03-23,Email,Bound
S-000956,David Harmon,120213,TRAV,BOP,2025-02-07,IVANS,Quoted
S-000957,David Harmon,120213,PRGS,BOP,2025-02-18,Portal,Declined
S-000958,Donald Sanchez,120084,LIBM,WC,2025-03-03,Portal,Bound
S-000959,Donald Sanchez,120084,HART,WC,2025-02-24,Email,Declined
S-000960,Donald Sanchez,120084,ALLS,WC,2025-02-11,Email,Quoted
S-000961,Donald Sanchez,120084,GEIC,WC,2025-02-04,Portal,Declined
S-000962,Jesse Smith,120236,TRAV,Homeowners,2025-01-31,Portal,Bound
S-000963,Jesse Smith,120236,CHUB,Homeowners,2025-03-09,Email,Quoted
S-000964,Jesse Smith,120236,HART,Homeowners,2025-03-21,Email,Declined
S-000965,Kimberly Powell,120198,ALLS,Personal Auto,2025-03-24,Portal,Bound
S-000966,Kimberly Powell,120198,CHUB,Personal Auto,2025-02-25,IVANS,Quoted
S-000967,Kimberly Powell,120198,FARM,Personal Auto,2025-02-13,IVANS,Quoted
S-000968,Jessica Ramos,120219,AMFA,BOP,2025-02-28,IVANS,Bound
S-000969,Jessica Ramos,120219,TRAV,BOP,2025-02-09,IVANS,Declined
S-000970,Jessica Ramos,120219,PRGS,BOP,2025-02-28,IVANS,Quoted
S-000971,Jessica Ramos,120219,LIBM,BOP,2025-03-23,IVANS,Quoted
S-000972,Maria Moore,120170,TRAV,Personal Auto,2025-03-03,Portal,Bound
S-000973,Maria Moore,120170,GEIC,Personal Auto,2025-02-17,Portal,Quoted
S-000974,Rachel Cruz,120215,ALLS,Personal Auto,2025-02-18,IVANS,Bound
S-000975,Rachel Cruz,120215,TRAV,Personal Auto,2025-02-26,IVANS,Quoted
S-000976,Rachel Cruz,120215,LIBM,Personal Auto,2025-02-03,Portal,Quoted
S-000977,Rachel Cruz,120215,PRGS,Personal Auto,2025-03-20,IVANS,Quoted
S-000978,Chris Butler,120015,CHUB,Homeowners,2025-02-01,Portal,Bound
S-000979,Chris Butler,120015,HART,Homeowners,2025-02-26,Portal,Quoted
S-000980,Jill Perez,120149,TRAV,Homeowners,2025-02-03,Portal,Bound
S-000981,Jill Perez,120149,ALLS,Homeowners,2025-02-01,Email,Quoted
S-000982,Jill Perez,120149,GEIC,Homeowners,2025-02-03,IVANS,Declined
S-000983,Jill Perez,120149,HART,Homeowners,2025-03-21,IVANS,Quoted
S-000984,Kimberly Ballard,120040,FARM,Personal Auto,2025-02-28,IVANS,Bound
S-000985,Kimberly Ballard,120040,PRGS,Personal Auto,2025-02-14,IVANS,Quoted
S-000986,Patricia Estrada,120173,TRAV,BOP,2025-02-17,Email,Bound
S-000987,Patricia Estrada,120173,LIBM,BOP,2025-01-31,IVANS,Quoted
S-000988,Christina Lyons,120168,CHUB,Personal Auto,2025-03-04,Portal,Bound
S-000989,Christina Lyons,120168,HART,Personal Auto,2025-02-26,IVANS,Declined
S-000990,Christina Lyons,120168,ALLS,Personal Auto,2025-03-14,Email,Declined
S-000991,Christina Lyons,120168,PRGS,Personal Auto,2025-02-08,Portal,Declined
S-000992,Michael Kirk,120033,TRAV,BOP,2025-03-25,IVANS,Bound
S-000993,Michael Kirk,120033,GEIC,BOP,2025-02-02,IVANS,Quoted
S-000994,Pamela Davis,120211,TRAV,Package,2025-02-18,Email,Bound
S-000995,Pamela Davis,120211,AMFA,Package,2025-03-08,Portal,Declined
S-000996,Pamela Davis,120211,FARM,Package,2025-03-23,Portal,Quoted
S-000997,Pamela Davis,120211,GEIC,Package,2025-03-08,Portal,Quoted
S-000998,Jerry Carlson,120131,HART,Umbrella,2025-01-31,Email,Bound
S-000999,Jerry Carlson,120131,CHUB,Umbrella,2025-03-19,IVANS,Quoted
S-001000,Jerry Carlson,120131,AMFA,Umbrella,2025-02-12,Portal,Declined
S-001001,Jerome Garcia,120194,PRGS,BOP,2025-03-01,Portal,Bound
S-001002,Jerome Garcia,120194,TRAV,BOP,2025-03-18,IVANS,Declined
S-001003,Jerome Garcia,120194,GEIC,BOP,2025-02-14,Portal,Quoted
S-001004,Jerome Garcia,120194,GEIC,BOP,2025-02-11,Portal,Quoted
S-001005,Michael Williams,120209,GEIC,Personal Auto,2025-02-15,Portal,Bound
S-001006,Michael Williams,120209,FARM,Personal Auto,2025-02-07,Portal,Declined
S-001007,Michael Williams,120209,LIBM,Personal Auto,2025-03-24,Portal,Quoted
S-001008,Michael Williams,120209,NATI,Personal Auto,2025-02-17,IVANS,Quoted
S-001009,Robert Hicks,120265,TRAV,Personal Auto,2025-02-12,Portal,Bound
S-001010,Robert Hicks,120265,CHUB,Personal Auto,2025-03-04,IVANS,Declined
S-001011,Jennifer Boyd,120112,HART,WC,2025-02-14,Portal,Bound
S-001012,Jennifer Boyd,120112,LIBM,WC,2025-03-03,Portal,Quoted
S-001013,Jennifer Boyd,120112,TRAV,WC,2025-02-13,Portal,Quoted
S-001014,Nicole Clarke,120108,CHUB,Package,2025-02-07,Email,Bound
S-001015,Nicole Clarke,120108,ALLS,Package,2025-03-16,Portal,Declined
S-001016,Nicole Clarke,120108,NATI,Package,2025-02-24,Portal,Declined
S-001017,Nicole Clarke,120108,TRAV,Package,2025-02-01,IVANS,Quoted
S-001018,Barry Watts,120262,ALLS,Homeowners,2025-03-23,Portal,Bound
S-001019,Barry Watts,120262,GEIC,Homeowners,2025-02-22,Portal,Quoted
S-001020,Barry Watts,120262,AMFA,Homeowners,2025-03-08,IVANS,Quoted
S-001021,Barry Watts,120262,FARM,Homeowners,2025-02-16,IVANS,Declined
S-001022,Dale Livingston,120106,TRAV,WC,2025-01-31,IVANS,Bound
S-001023,Dale Livingston,120106,FARM,WC,2025-02-24,Portal,Quoted
S-001024,Ashley Bryant,120095,GEIC,Homeowners,2025-03-13,IVANS,Bound
S-001025,Ashley Bryant,120095,AMFA,Homeowners,2025-03-05,IVANS,Declined
S-001026,John Anderson,120264,ALLS,Personal Auto,2025-02-22,Portal,Bound
S-001027,John Anderson,120264,CHUB,Personal Auto,2025-02-06,IVANS,Quoted
S-001028,John Anderson,120264,NATI,Personal Auto,2025-03-03,IVANS,Quoted
S-001029,Jacob Barnes,120007,ALLS,Personal Auto,2025-02-05,Email,Bound
S-001030,Jacob Barnes,120007,FARM,Personal Auto,2025-03-13,IVANS,Quoted
S-001031,Abigail Thompson,120131,ALLS,Homeowners,2025-03-24,Portal,Bound
S-001032,Abigail Thompson,120131,FARM,Homeowners,2025-02-23,Email,Quoted
S-001033,Kayla Williams,120037,TRAV,Personal Auto,2025-03-23,Email,Bound
S-001034,Kayla Williams,120037,CHUB,Personal Auto,2025-03-20,Portal,Quoted
S-001035,Kayla Williams,120037,FARM,Personal Auto,2025-02-28,IVANS,Quoted
S-001036,Kayla Williams,120037,CHUB,Personal Auto,2025-02-26,Portal,Quoted
S-001037,Mark Oconnor,120014,TRAV,WC,2025-03-16,IVANS,Bound
S-001038,Mark Oconnor,120014,AMFA,WC,2025-02-26,IVANS,Declined
S-001039,Mark Oconnor,120014,AMFA,WC,2025-02-10,IVANS,Quoted
S-001040,Crystal Harper,120010,TRAV,Homeowners,2025-03-23,IVANS,Bound
S-001041,Crystal Harper,120010,GEIC,Homeowners,2025-03-23,Portal,Declined
S-001042,Crystal Harper,120010,NATI,Homeowners,2025-02-03,IVANS,Quoted
S-001043,Leslie Parker,120110,AMFA,Umbrella,2025-02-09,IVANS,Bound
S-001044,Leslie Parker,120110,ALLS,Umbrella,2025-03-04,IVANS,Quoted
S-001045,Leslie Parker,120110,ALLS,Umbrella,2025-02-27,IVANS,Declined
S-001046,Leslie Parker,120110,CHUB,Umbrella,2025-03-15,Portal,Quoted
S-001047,Katherine Long,120299,NATI,WC,2025-02-18,IVANS,Bound
S-001048,Katherine Long,120299,AMFA,WC,2025-02-24,Portal,Quoted
S-001049,Katherine Long,120299,LIBM,WC,2025-02-04,IVANS,Quoted
S-001050,Katherine Long,120299,AMFA,WC,2025-02-21,Portal,Quoted
S-001051,Jessica Austin,120083,HART,Homeowners,2025-03-12,IVANS,Bound
S-001052,Jessica Austin,120083,AMFA,Homeowners,2025-02-20,IVANS,Quoted
S-001053,Jessica Austin,120083,PRGS,Homeowners,2025-03-19,IVANS,Declined
S-001054,Ruben Klein,120238,GEIC,Personal Auto,2025-03-24,Portal,Bound
S-001055,Ruben Klein,120238,TRAV,Personal Auto,2025-02-24,Email,Quoted
S-001056,Ruben Klein,120238,ALLS,Personal Auto,2025-03-15,Portal,Quoted
S-001057,Justin Franklin,120170,PRGS,BOP,2025-02-06,Portal,Bound
S-001058,Justin Franklin,120170,AMFA,BOP,2025-02-24,IVANS,Declined
S-001059,Justin Franklin,120170,ALLS,BOP,2025-02-12,Portal,Quoted
S-001060,Dylan Waters,120092,PRGS,Personal Auto,2025-02-12,Portal,Bound
S-001061,Dylan Waters,120092,GEIC,Personal Auto,2025-02-09,Portal,Declined
S-001062,Donald Campbell,120250,CHUB,Personal Auto,2025-02-15,Portal,Bound
S-001063,Donald Campbell,120250,AMFA,Personal Auto,2025-02-03,IVANS,Declined
S-001064,Donald Campbell,120250,HART,Personal Auto,2025-03-14,IVANS,Quoted
S-001065,Donald Campbell,120250,LIBM,Personal Auto,2025-02-18,IVANS,Declined
S-001066,James Alexander,120099,CHUB,Umbrella,2025-02-22,Portal,Bound
S-001067,James Alexander,120099,GEIC,Umbrella,2025-03-12,IVANS,Declined
S-001068,James Alexander,120099,AMFA,Umbrella,2025-03-14,Portal,Declined
S-001069,Timothy Gomez,120048,NATI,Personal Auto,2025-03-24,Portal,Bound
S-001070,Timothy Gomez,120048,ALLS,Personal Auto,2025-03-14,IVANS,Quoted
S-001071,Timothy Gomez,120048,LIBM,Personal Auto,2025-02-23,Email,Quoted
S-001072,Regina Molina,120252,GEIC,Personal Auto,2025-02-05,Email,Bound
S-001073,Regina Molina,120252,NATI,Personal Auto,2025-03-19,IVANS,Quoted
S-001074,Regina Molina,120252,HART,Personal Auto,2025-02-04,IVANS,Declined
S-001075,Regina Molina,120252,FARM,Personal Auto,2025-03-22,Portal,Quoted
S-001076,Randy Gill,120290,GEIC,WC,2025-02-05,IVANS,Bound
S-001077,Randy Gill,120290,PRGS,WC,2025-02-21,Portal,Quoted
S-001078,Randy Gill,120290,HART,WC,2025-03-14,IVANS,Declined
S-001079,Randy Gill,120290,TRAV,WC,2025-03-25,IVANS,Declined
S-001080,Deanna Barrett,120254,FARM,Homeowners,2025-03-08,Portal,Bound
S-001081,Deanna Barrett,120254,LIBM,Homeowners,2025-03-24,IVANS,Quoted
S-001082,Deanna Barrett,120254,GEIC,Homeowners,2025-02-13,IVANS,Quoted
S-001083,Deanna Barrett,120254,ALLS,Homeowners,2025-02-07,IVANS,Declined
S-001084,Heather Brown,120004,CHUB,Homeowners,2025-02-28,Portal,Bound
S-001085,Heather Brown,120004,FARM,Homeowners,2025-02-08,IVANS,Quoted
S-001086,Heather Brown,120004,LIBM,Homeowners,2025-03-07,IVANS,Quoted
S-001087,Scott Lewis,120092,TRAV,WC,2025-02-11,IVANS,Bound
S-001088,Scott Lewis,120092,GEIC,WC,2025-03-20,IVANS,Quoted
S-001089,Scott Lewis,120092,ALLS,WC,2025-02-09,IVANS,Quoted
S-001090,Scott Lewis,120092,NATI,WC,2025-03-25,Portal,Quoted
S-001091,Steven King,120212,LIBM,BOP,2025-02-17,IVANS,Bound
S-001092,Steven King,120212,CHUB,BOP,2025-03-09,Portal,Quoted
S-001093,Steven King,120212,ALLS,BOP,2025-02-09,Portal,Declined
S-001094,Alan Jones,120007,HART,Personal Auto,2025-02-22,Portal,Bound
S-001095,Alan Jones,120007,NATI,Personal Auto,2025-03-04,IVANS,Quoted
S-001096,Alan Jones,120007,ALLS,Personal Auto,2025-02-27,Portal,Quoted
S-001097,Veronica Martinez,120127,CHUB,Personal Auto,2025-02-15,IVANS,Bound
S-001098,Veronica Martinez,120127,AMFA,Personal Auto,2025-02-25,Portal,Quoted
S-001099,Veronica Martinez,120127,ALLS,Personal Auto,2025-03-25,Portal,Declined
S-001100,Veronica Martinez,120127,NATI,Personal Auto,2025-03-06,Portal,Declined
S-001101,Susan White,120125,AMFA,Package,2025-02-03,IVANS,Bound
S-001102,Susan White,120125,HART,Package,2025-03-03,Portal,Quoted
S-001103,Mark Zhang,120243,PRGS,Personal Auto,2025-03-20,Portal,Bound
S-001104,Mark Zhang,120243,NATI,Personal Auto,2025-02-23,Portal,Declined
S-001105,Mark Zhang,120243,ALLS,Personal Auto,2025-02-07,IVANS,Quoted
S-001106,Mark Zhang,120243,AMFA,Personal Auto,2025-02-16,IVANS,Quoted
S-001107,Christian Christian,120227,FARM,BOP,2025-03-03,IVANS,Bound
S-001108,Christian Christian,120227,LIBM,BOP,2025-03-11,Portal,Quoted
S-001109,Christian Christian,120227,HART,BOP,2025-03-14,IVANS,Quoted
S-001110,Christian Christian,120227,PRGS,BOP,2025-03-08,Portal,Quoted
S-001111,Cynthia Graham,120074,FARM,Personal Auto,2025-02-05,Portal,Bound
S-001112,Cynthia Graham,120074,CHUB,Personal Auto,2025-02-27,IVANS,Quoted
S-001113,Cynthia Graham,120074,CHUB,Personal Auto,2025-03-09,IVANS,Quoted
S-001114,Chelsea Houston,120163,GEIC,Personal Auto,2025-03-06,Portal,Bound
S-001115,Chelsea Houston,120163,NATI,Personal Auto,2025-03-09,Portal,Declined
S-001116,Chelsea Houston,120163,LIBM,Personal Auto,2025-02-20,IVANS,Quoted
S-001117,Danny Yates,120274,NATI,Homeowners,2025-02-24,IVANS,Bound
S-001118,Danny Yates,120274,CHUB,Homeowners,2025-03-04,IVANS,Quoted
S-001119,Danny Yates,120274,CHUB,Homeowners,2025-02-02,Portal,Quoted
S-001120,Danny Yates,120274,PRGS,Homeowners,2025-02-07,Portal,Declined
S-001121,Whitney Crane,120190,LIBM,Personal Auto,2025-02-19,Email,Bound
S-001122,Whitney Crane,120190,CHUB,Personal Auto,2025-03-02,Portal,Quoted
S-001123,Whitney Crane,120190,NATI,Personal Auto,2025-03-03,Portal,Quoted
S-001124,William Edwards,120035,AMFA,Personal Auto,2025-03-06,Portal,Bound
S-001125,William Edwards,120035,LIBM,Personal Auto,2025-03-02,Portal,Quoted
S-001126,William Edwards,120035,HART,Personal Auto,2025-02-09,IVANS,Quoted
S-001127,William Edwards,120035,GEIC,Personal Auto,2025-03-24,IVANS,Declined
S-001128,Diana Thomas,120231,LIBM,Homeowners,2025-01-31,IVANS,Bound
S-001129,Diana Thomas,120231,TRAV,Homeowners,2025-03-08,Portal,Quoted
S-001130,Diana Thomas,120231,GEIC,Homeowners,2025-02-10,IVANS,Declined
S-001131,Diana Thomas,120231,PRGS,Homeowners,2025-02-12,IVANS,Declined
S-001132,Christopher Grant,120048,HART,Personal Auto,2025-02-12,Portal,Bound
S-001133,Christopher Grant,120048,GEIC,Personal Auto,2025-02-06,IVANS,Declined
S-001134,Christopher Grant,120048,LIBM,Personal Auto,2025-02-19,Portal,Declined
S-001135,Christopher Grant,120048,ALLS,Personal Auto,2025-02-01,IVANS,Quoted
S-001136,Christina Martin,120043,TRAV,BOP,2025-03-22,Portal,Bound
S-001137,Christina Martin,120043,ALLS,BOP,2025-02-12,IVANS,Declined
S-001138,Christina Martin,120043,HART,BOP,2025-03-16,IVANS,Quoted
S-001139,Monica Patrick,120027,NATI,BOP,2025-03-09,Portal,Bound
S-001140,Monica Patrick,120027,GEIC,BOP,2025-02-15,IVANS,Declined
S-001141,Monica Patrick,120027,TRAV,BOP,2025-03-03,Portal,Declined
S-001142,Monica Patrick,120027,GEIC,BOP,2025-02-28,Portal,Quoted
S-001143,Erin Randall,120238,HART,Personal Auto,2025-02-04,Portal,Bound
S-001144,Erin Randall,120238,CHUB,Personal Auto,2025-02-15,IVANS,Quoted
S-001145,Erin Randall,120238,GEIC,Personal Auto,2025-03-06,IVANS,Quoted
S-001146,Hayden Smith,120000,TRAV,Homeowners,2025-02-10,Portal,Bound
S-001147,Hayden Smith,120000,PRGS,Homeowners,2025-02-01,IVANS,Quoted
S-001148,Kenneth Tucker,120000,ALLS,Homeowners,2025-02-09,Portal,Bound
S-001149,Kenneth Tucker,120000,AMFA,Homeowners,2025-02-05,Portal,Declined
S-001150,Kenneth Tucker,120000,AMFA,Homeowners,2025-03-02,IVANS,Declined
S-001151,Amy Beasley,120214,GEIC,Homeowners,2025-02-24,IVANS,Bound
S-001152,Amy Beasley,120214,CHUB,Homeowners,2025-03-16,IVANS,Declined
S-001153,Andrew Montoya,120215,PRGS,Personal Auto,2025-02-06,IVANS,Bound
S-001154,Andrew Montoya,120215,FARM,Personal Auto,2025-03-09,Portal,Quoted
S-001155,Andrew Montoya,120215,FARM,Personal Auto,2025-03-16,IVANS,Quoted
S-001156,Kimberly Barrett,120172,GEIC,BOP,2025-02-09,IVANS,Bound
S-001157,Kimberly Barrett,120172,LIBM,BOP,2025-03-05,IVANS,Declined
S-001158,Kimberly Barrett,120172,HART,BOP,2025-02-11,Portal,Declined
S-001159,Kimberly Barrett,120172,TRAV,BOP,2025-02-25,IVANS,Declined
S-001160,Haley Wright,120229,GEIC,Personal Auto,2025-02-28,Portal,Bound
S-001161,Haley Wright,120229,PRGS,Personal Auto,2025-02-15,IVANS,Quoted
S-001162,Jonathan Jones,120185,ALLS,BOP,2025-03-15,IVANS,Bound
S-001163,Jonathan Jones,120185,FARM,BOP,2025-03-04,IVANS,Quoted
S-001164,Jonathan Jones,120185,CHUB,BOP,2025-02-07,IVANS,Declined
S-001165,Kevin Reyes,120210,HART,Homeowners,2025-02-14,Portal,Bound
S-001166,Kevin Reyes,120210,PRGS,Homeowners,2025-03-14,Email,Quoted
S-001167,Kevin Reyes,120210,LIBM,Homeowners,2025-02-12,Portal,Quoted
S-001168,Jesse Robinson,120154,NATI,Umbrella,2025-02-25,Portal,Bound
S-001169,Jesse Robinson,120154,PRGS,Umbrella,2025-03-20,IVANS,Quoted
S-001170,Jesse Robinson,120154,CHUB,Umbrella,2025-02-15,IVANS,Quoted
S-001171,Jesse Robinson,120154,AMFA,Umbrella,2025-02-25,Portal,Quoted
S-001172,Sara Burton,120084,TRAV,Homeowners,2025-02-02,IVANS,Bound
S-001173,Sara Burton,120084,NATI,Homeowners,2025-03-15,IVANS,Quoted
S-001174,Sara Burton,120084,CHUB,Homeowners,2025-03-24,Email,Declined
S-001175,Jennifer Cruz,120124,TRAV,WC,2025-03-21,IVANS,Bound
S-001176,Jennifer Cruz,120124,ALLS,WC,2025-02-22,IVANS,Quoted
S-001177,Jennifer Cruz,120124,LIBM,WC,2025-03-05,IVANS,Quoted
S-001178,Jennifer Cruz,120124,HART,WC,2025-02-21,Email,Quoted
S-001179,Kimberly Jimenez,120223,GEIC,BOP,2025-03-16,IVANS,Bound
S-001180,Kimberly Jimenez,120223,HART,BOP,2025-03-05,Email,Quoted
S-001181,Kimberly Jimenez,120223,FARM,BOP,2025-03-16,Portal,Declined
S-001182,Kelsey Peterson,120204,PRGS,WC,2025-02-09,Portal,Bound
S-001183,Kelsey Peterson,120204,CHUB,WC,2025-03-10,IVANS,Quoted
S-001184,Daisy Smith,120143,LIBM,Homeowners,2025-03-15,Email,Bound
S-001185,Daisy Smith,120143,GEIC,Homeowners,2025-03-21,Portal,Quoted
S-001186,Daisy Smith,120143,NATI,Homeowners,2025-03-19,Email,Quoted
S-001187,Kendra Bennett,120168,GEIC,Personal Auto,2025-03-16,IVANS,Bound
S-001188,Kendra Bennett,120168,TRAV,Personal Auto,2025-03-19,Portal,Declined
S-001189,Kendra Bennett,120168,PRGS,Personal Auto,2025-02-03,Email,Quoted
S-001190,Kendra Bennett,120168,ALLS,Personal Auto,2025-02-10,IVANS,Quoted
S-001191,Olivia Santana,120155,HART,Homeowners,2025-01-31,Portal,Bound
S-001192,Olivia Santana,120155,AMFA,Homeowners,2025-02-21,IVANS,Quoted
S-001193,Olivia Santana,120155,PRGS,Homeowners,2025-03-06,IVANS,Declined
S-001194,Olivia Santana,120155,GEIC,Homeowners,2025-02-15,IVANS,Quoted
S-001195,Kayla Perez,120291,AMFA,Umbrella,2025-02-08,Portal,Bound
S-001196,Kayla Perez,120291,NATI,Umbrella,2025-02-03,IVANS,Quoted
S-001197,Kayla Perez,120291,LIBM,Umbrella,2025-02-14,IVANS,Declined
S-001198,Kayla Perez,120291,NATI,Umbrella,2025-03-15,Portal,Declined
S-001199,Phillip Ryan,120030,ALLS,Personal Auto,2025-03-12,Portal,Bound
S-001200,Phillip Ryan,120030,GEIC,Personal Auto,2025-02-20,IVANS,Quoted
S-001201,Phillip Ryan,120030,NATI,Personal Auto,2025-03-21,Portal,Quoted
S-001202,Jennifer Hudson,120151,HART,Homeowners,2025-03-18,IVANS,Bound
S-001203,Jennifer Hudson,120151,AMFA,Homeowners,2025-02-24,Portal,Quoted
S-001204,Teresa May,120144,CHUB,Personal Auto,2025-03-16,IVANS,Bound
S-001205,Teresa May,120144,TRAV,Personal Auto,2025-02-27,IVANS,Quoted
S-001206,Teresa May,120144,HART,Personal Auto,2025-02-17,Portal,Quoted
S-001207,Travis Garrison,120039,LIBM,Homeowners,2025-03-02,IVANS,Bound
S-001208,Travis Garrison,120039,HART,Homeowners,2025-03-10,Portal,Quoted
S-001209,Laura Hendricks,120204,PRGS,Personal Auto,2025-02-13,Portal,Bound
S-001210,Laura Hendricks,120204,TRAV,Personal Auto,2025-03-14,Portal,Declined
S-001211,Laura Hendricks,120204,FARM,Personal Auto,2025-03-04,IVANS,Quoted
S-001212,Laura Hendricks,120204,TRAV,Personal Auto,2025-03-07,Email,Declined
S-001213,Alexander Mitchell,120028,NATI,Personal Auto,2025-02-18,Portal,Bound
S-001214,Alexander Mitchell,120028,TRAV,Personal Auto,2025-03-24,IVANS,Quoted
S-001215,Kevin Greer,120136,TRAV,Homeowners,2025-02-01,Portal,Bound
S-001216,Kevin Greer,120136,NATI,Homeowners,2025-03-09,Portal,Quoted
S-001217,Kevin Greer,120136,PRGS,Homeowners,2025-02-01,IVANS,Declined
S-001218,Kevin Greer,120136,ALLS,Homeowners,2025-03-24,Portal,Quoted
S-001219,Kaitlin Johnson,120187,GEIC,Personal Auto,2025-03-05,IVANS,Bound
S-001220,Kaitlin Johnson,120187,FARM,Personal Auto,2025-02-12,Portal,Quoted
S-001221,Kaitlin Johnson,120187,NATI,Personal Auto,2025-02-19,Portal,Quoted
S-001222,Kaitlin Johnson,120187,FARM,Personal Auto,2025-02-12,Portal,Quoted
S-001223,Steven Mcmahon,120008,GEIC,Homeowners,2025-03-06,Portal,Bound
S-001224,Steven Mcmahon,120008,ALLS,Homeowners,2025-02-28,Portal,Quoted
S-001225,Frederick Clark,120059,TRAV,WC,2025-02-17,IVANS,Bound
S-001226,Frederick Clark,120059,ALLS,WC,2025-02-01,Portal,Declined
S-001227,Frederick Clark,120059,LIBM,WC,2025-02-23,IVANS,Quoted
S-001228,Frederick Clark,120059,AMFA,WC,2025-03-08,Portal,Declined
S-001229,Jessica Tucker,120073,HART,Homeowners,2025-02-23,IVANS,Bound
S-001230,Jessica Tucker,120073,TRAV,Homeowners,2025-02-24,Email,Quoted
S-001231,Donald Stanley,120056,NATI,Homeowners,2025-02-16,IVANS,Bound
S-001232,Donald Stanley,120056,HART,Homeowners,2025-03-17,Portal,Declined
S-001233,Donald Stanley,120056,CHUB,Homeowners,2025-02-24,Portal,Quoted
S-001234,Donald Stanley,120056,GEIC,Homeowners,2025-02-12,IVANS,Quoted
S-001235,Patricia Davis,120295,GEIC,Umbrella,2025-02-05,Email,Bound
S-001236,Patricia Davis,120295,TRAV,Umbrella,2025-02-12,Email,Quoted
S-001237,Jeff Nguyen,120138,HART,Personal Auto,2025-02-21,Portal,Bound
S-001238,Jeff Nguyen,120138,LIBM,Personal Auto,2025-02-21,IVANS,Quoted
S-001239,Jeff Nguyen,120138,AMFA,Personal Auto,2025-03-20,Portal,Declined
S-001240,Jeff Nguyen,120138,CHUB,Personal Auto,2025-02-26,Portal,Declined
S-001241,Timothy Pugh,120014,AMFA,Personal Auto,2025-02-19,Portal,Bound
S-001242,Timothy Pugh,120014,GEIC,Personal Auto,2025-02-19,Email,Quoted
S-001243,Lori Sanders,120028,TRAV,Homeowners,2025-02-01,Portal,Bound
S-001244,Lori Sanders,120028,CHUB,Homeowners,2025-03-15,IVANS,Declined
S-001245,Lori Sanders,120028,HART,Homeowners,2025-03-25,Portal,Declined
S-001246,Jeffery Johnson,120144,TRAV,Personal Auto,2025-02-06,Portal,Bound
S-001247,Jeffery Johnson,120144,HART,Personal Auto,2025-02-16,IVANS,Quoted
S-001248,Jeffery Johnson,120144,ALLS,Personal Auto,2025-02-02,Portal,Quoted
S-001249,Jeffery Johnson,120144,FARM,Personal Auto,2025-03-16,Portal,Declined
S-001250,Jose Nelson,120178,PRGS,Personal Auto,2025-03-15,IVANS,Bound
S-001251,Jose Nelson,120178,GEIC,Personal Auto,2025-03-12,IVANS,Declined
S-001252,Jose Nelson,120178,AMFA,Personal Auto,2025-02-22,Portal,Declined
S-001253,Kevin Alvarez,120259,PRGS,Umbrella,2025-02-16,Portal,Bound
S-001254,Kevin Alvarez,120259,GEIC,Umbrella,2025-02-22,Portal,Declined
S-001255,Stephanie Miller,120291,FARM,BOP,2025-02-24,IVANS,Bound
S-001256,Stephanie Miller,120291,GEIC,BOP,2025-02-04,Portal,Declined
S-001257,Stephanie Miller,120291,HART,BOP,2025-03-13,IVANS,Quoted
S-001258,Stephanie Miller,120291,PRGS,BOP,2025-03-02,IVANS,Declined
S-001259,Evelyn Ruiz,120116,HART,Personal Auto,2025-03-02,IVANS,Bound
S-001260,Evelyn Ruiz,120116,TRAV,Personal Auto,2025-03-18,IVANS,Quoted
S-001261,Hayley Washington,120181,CHUB,BOP,2025-02-07,IVANS,Bound
S-001262,Hayley Washington,120181,TRAV,BOP,2025-03-16,IVANS,Declined
S-001263,Tracy Bradshaw,120067,GEIC,Personal Auto,2025-02-25,IVANS,Bound
S-001264,Tracy Bradshaw,120067,FARM,Personal Auto,2025-02-03,Portal,Declined
S-001265,Tracy Bradshaw,120067,LIBM,Personal Auto,2025-03-12,Portal,Quoted
S-001266,Rebecca Francis,120185,TRAV,Homeowners,2025-03-04,IVANS,Bound
S-001267,Rebecca Francis,120185,LIBM,Homeowners,2025-03-23,IVANS,Declined
S-001268,John Barrett,120056,LIBM,BOP,2025-02-24,IVANS,Bound
S-001269,John Barrett,120056,CHUB,BOP,2025-03-24,Email,Declined
S-001270,Julie Cunningham,120128,GEIC,Personal Auto,2025-03-24,IVANS,Bound
S-001271,Julie Cunningham,120128,AMFA,Personal Auto,2025-02-12,Portal,Quoted
S-001272,Julie Cunningham,120128,ALLS,Personal Auto,2025-03-14,Portal,Quoted
S-001273,Roy Wyatt,120184,PRGS,Personal Auto,2025-02-02,IVANS,Bound
S-001274,Roy Wyatt,120184,FARM,Personal Auto,2025-02-24,IVANS,Quoted
S-001275,Roy Wyatt,120184,TRAV,Personal Auto,2025-03-03,Portal,Quoted
S-001276,Cory Hill,120141,LIBM,Personal Auto,2025-02-25,IVANS,Bound
S-001277,Cory Hill,120141,PRGS,Personal Auto,2025-02-26,Portal,Quoted
S-001278,Cory Hill,120141,PRGS,Personal Auto,2025-02-27,IVANS,Quoted
S-001279,Cory Hill,120141,ALLS,Personal Auto,2025-03-24,Email,Quoted
S-001280,Maria Bennett,120114,PRGS,Personal Auto,2025-02-11,Portal,Bound
S-001281,Maria Bennett,120114,CHUB,Personal Auto,2025-03-07,IVANS,Quoted
S-001282,Maria Bennett,120114,NATI,Personal Auto,2025-02-21,Portal,Quoted
S-001283,Maria Bennett,120114,ALLS,Personal Auto,2025-02-20,Email,Quoted
S-001284,Krista Elliott,120007,HART,Personal Auto,2025-02-22,Portal,Bound
S-001285,Krista Elliott,120007,PRGS,Personal Auto,2025-02-10,IVANS,Quoted
S-001286,Christopher Brown,120251,PRGS,Personal Auto,2025-02-11,Portal,Bound
S-001287,Christopher Brown,120251,ALLS,Personal Auto,2025-03-04,IVANS,Declined
S-001288,Christopher Brown,120251,NATI,Personal Auto,2025-02-05,Portal,Quoted
S-001289,Stacy Duffy,120068,TRAV,Personal Auto,2025-03-05,Email,Bound
S-001290,Stacy Duffy,120068,CHUB,Personal Auto,2025-03-07,IVANS,Quoted
S-001291,Stacy Duffy,120068,ALLS,Personal Auto,2025-02-28,IVANS,Quoted
S-001292,Stacy Duffy,120068,FARM,Personal Auto,2025-03-10,Portal,Quoted
S-001293,Shawn Warren,120287,HART,BOP,2025-02-10,Portal,Bound
S-001294,Shawn Warren,120287,CHUB,BOP,2025-02-21,Email,Declined
S-001295,Shawn Warren,120287,LIBM,BOP,2025-02-13,IVANS,Quoted
S-001296,Rebekah Jackson,120037,HART,BOP,2025-03-21,IVANS,Bound
S-001297,Rebekah Jackson,120037,FARM,BOP,2025-02-17,IVANS,Declined
S-001298,Rebekah Jackson,120037,GEIC,BOP,2025-03-24,IVANS,Declined
S-001299,Kelsey Hall,120036,TRAV,Package,2025-02-17,IVANS,Bound
S-001300,Kelsey Hall,120036,AMFA,Package,2025-03-23,IVANS,Declined
S-001301,Kelsey Hall,120036,LIBM,Package,2025-03-03,Portal,Declined
S-001302,Kelsey Hall,120036,FARM,Package,2025-03-07,IVANS,Quoted
S-001303,Trevor Moody,120129,ALLS,Package,2025-03-07,Portal,Bound
S-001304,Trevor Moody,120129,AMFA,Package,2025-02-08,Portal,Quoted
S-001305,Trevor Moody,120129,GEIC,Package,2025-02-22,IVANS,Declined
S-001306,Trevor Moody,120129,HART,Package,2025-03-05,Portal,Quoted
S-001307,Sheila Carpenter,120283,HART,Personal Auto,2025-02-21,IVANS,Bound
S-001308,Sheila Carpenter,120283,PRGS,Personal Auto,2025-03-19,IVANS,Declined
S-001309,Sheila Carpenter,120283,NATI,Personal Auto,2025-03-02,Portal,Declined
S-001310,Heather Kim,120008,TRAV,Personal Auto,2025-02-05,Email,Bound
S-001311,Heather Kim,120008,FARM,Personal Auto,2025-03-18,IVANS,Quoted
S-001312,Heather Kim,120008,HART,Personal Auto,2025-02-06,IVANS,Declined
S-001313,Mary Powers,120269,LIBM,Personal Auto,2025-03-06,Email,Bound
S-001314,Mary Powers,120269,TRAV,Personal Auto,2025-03-13,IVANS,Quoted
S-001315,Julie Combs,120140,NATI,Personal Auto,2025-02-01,Email,Bound
S-001316,Julie Combs,120140,CHUB,Personal Auto,2025-02-12,IVANS,Quoted
S-001317,Julie Combs,120140,GEIC,Personal Auto,2025-02-11,Portal,Quoted
S-001318,Jason White,120182,GEIC,BOP,2025-03-15,Portal,Bound
S-001319,Jason White,120182,CHUB,BOP,2025-02-24,IVANS,Quoted
S-001320,Jason White,120182,ALLS,BOP,2025-03-02,IVANS,Quoted
S-001321,Jason White,120182,PRGS,BOP,2025-02-22,IVANS,Quoted
S-001322,Thomas Orr,120026,HART,Umbrella,2025-02-01,IVANS,Bound
S-001323,Thomas Orr,120026,CHUB,Umbrella,2025-03-22,Portal,Declined
S-001324,Thomas Orr,120026,GEIC,Umbrella,2025-02-12,Email,Quoted
S-001325,Thomas Orr,120026,CHUB,Umbrella,2025-03-04,IVANS,Declined
S-001326,Timothy Roach,120024,ALLS,Personal Auto,2025-02-20,Email,Bound
S-001327,Timothy Roach,120024,CHUB,Personal Auto,2025-02-18,Email,Quoted
S-001328,Daniel Welch,120166,CHUB,Package,2025-02-24,IVANS,Bound
S-001329,Daniel Welch,120166,AMFA,Package,2025-02-17,Portal,Declined
S-001330,Joanna Fields,120173,CHUB,WC,2025-03-24,Portal,Bound
S-001331,Joanna Fields,120173,HART,WC,2025-02-03,Portal,Quoted
S-001332,Joanna Fields,120173,NATI,WC,2025-02-02,Portal,Quoted
S-001333,Joanna Fields,120173,PRGS,WC,2025-02-11,IVANS,Quoted
S-001334,David Figueroa,120052,LIBM,Homeowners,2025-02-04,IVANS,Bound
S-001335,David Figueroa,120052,GEIC,Homeowners,2025-02-02,IVANS,Quoted
S-001336,David Figueroa,120052,AMFA,Homeowners,2025-02-15,Portal,Quoted
S-001337,David Figueroa,120052,NATI,Homeowners,2025-02-11,IVANS,Quoted
S-001338,Elizabeth Krueger,120066,TRAV,Umbrella,2025-03-22,Portal,Bound
S-001339,Elizabeth Krueger,120066,LIBM,Umbrella,2025-03-07,Portal,Quoted
S-001340,Bryan Collins,120169,ALLS,Homeowners,2025-02-08,Portal,Bound
S-001341,Bryan Collins,120169,CHUB,Homeowners,2025-03-06,IVANS,Declined
S-001342,Bryan Collins,120169,FARM,Homeowners,2025-03-19,Portal,Declined
S-001343,Amber Allen,120037,GEIC,Personal Auto,2025-02-16,Portal,Bound
S-001344,Amber Allen,120037,PRGS,Personal Auto,2025-03-02,Portal,Quoted
S-001345,Kathryn Dalton,120102,TRAV,Personal Auto,2025-02-21,IVANS,Bound
S-001346,Kathryn Dalton,120102,NATI,Personal Auto,2025-02-08,IVANS,Quoted
S-001347,Kathryn Dalton,120102,GEIC,Personal Auto,2025-03-18,IVANS,Quoted
S-001348,Kathryn Dalton,120102,ALLS,Personal Auto,2025-02-12,Portal,Quoted
S-001349,Joanne Willis,120227,GEIC,Personal Auto,2025-03-08,IVANS,Bound
S-001350,Joanne Willis,120227,PRGS,Personal Auto,2025-01-31,Portal,Quoted
S-001351,Joanne Willis,120227,AMFA,Personal Auto,2025-03-08,Portal,Declined
S-001352,Joanne Willis,120227,HART,Personal Auto,2025-02-06,IVANS,Declined
S-001353,Charles Bruce,120095,PRGS,Personal Auto,2025-03-20,Portal,Bound
S-001354,Charles Bruce,120095,HART,Personal Auto,2025-03-15,Portal,Quoted
S-001355,Susan Taylor,120263,TRAV,Homeowners,2025-03-25,Portal,Bound
S-001356,Susan Taylor,120263,AMFA,Homeowners,2025-02-10,IVANS,Declined
S-001357,Jennifer Perez,120082,LIBM,Homeowners,2025-02-04,IVANS,Bound
S-001358,Jennifer Perez,120082,ALLS,Homeowners,2025-02-14,Email,Declined
S-001359,Robert Montoya,120220,AMFA,Umbrella,2025-02-10,Email,Bound
S-001360,Robert Montoya,120220,NATI,Umbrella,2025-02-05,IVANS,Quoted
S-001361,Alexander Vincent,120276,PRGS,BOP,2025-02-07,IVANS,Bound
S-001362,Alexander Vincent,120276,HART,BOP,2025-03-13,IVANS,Quoted
S-001363,Alexander Vincent,120276,LIBM,BOP,2025-03-04,Portal,Declined
S-001364,Donna Larsen,120012,CHUB,Homeowners,2025-03-17,IVANS,Bound
S-001365,Donna Larsen,120012,LIBM,Homeowners,2025-02-20,Portal,Declined
S-001366,Donna Larsen,120012,AMFA,Homeowners,2025-02-02,Email,Quoted
S-001367,Donna Larsen,120012,TRAV,Homeowners,2025-01-31,Portal,Quoted
S-001368,Michael Nichols,120299,TRAV,BOP,2025-03-10,Portal,Bound
S-001369,Michael Nichols,120299,GEIC,BOP,2025-02-22,IVANS,Declined
S-001370,Michael Nichols,120299,CHUB,BOP,2025-03-03,IVANS,Quoted
S-001371,Michael Nichols,120299,HART,BOP,2025-03-16,Portal,Declined
S-001372,Stephanie Mercer,120237,ALLS,Personal Auto,2025-03-24,IVANS,Bound
S-001373,Stephanie Mercer,120237,HART,Personal Auto,2025-03-18,IVANS,Quoted
S-001374,Joanne Diaz,120255,CHUB,BOP,2025-03-24,Portal,Bound
S-001375,Joanne Diaz,120255,LIBM,BOP,2025-03-17,Portal,Quoted
S-001376,Joanne Diaz,120255,LIBM,BOP,2025-02-07,IVANS,Quoted
S-001377,Joanne Diaz,120255,LIBM,BOP,2025-02-05,IVANS,Declined
S-001378,Stephanie Irwin,120139,LIBM,Personal Auto,2025-02-03,IVANS,Bound
S-001379,Stephanie Irwin,120139,GEIC,Personal Auto,2025-02-26,Portal,Quoted
S-001380,Stephanie Irwin,120139,AMFA,Personal Auto,2025-03-02,IVANS,Declined
S-001381,Stephanie Irwin,120139,FARM,Personal Auto,2025-03-02,Portal,Quoted
S-001382,Denise Ballard,120137,CHUB,Package,2025-03-12,IVANS,Bound
S-001383,Denise Ballard,120137,TRAV,Package,2025-03-21,IVANS,Declined
S-001384,Mark Hoffman,120163,CHUB,Personal Auto,2025-03-23,IVANS,Bound
S-001385,Mark Hoffman,120163,LIBM,Personal Auto,2025-02-16,Portal,Declined
S-001386,Mark Hoffman,120163,PRGS,Personal Auto,2025-03-21,Portal,Quoted
S-001387,Joseph Smith,120095,HART,Umbrella,2025-03-16,Portal,Bound
S-001388,Joseph Smith,120095,AMFA,Umbrella,2025-03-10,Portal,Declined
S-001389,Joseph Smith,120095,LIBM,Umbrella,2025-02-08,Email,Declined
S-001390,Joseph Smith,120095,NATI,Umbrella,2025-02-25,Portal,Declined
S-001391,Jacob Wood,120152,AMFA,WC,2025-02-17,IVANS,Bound
S-001392,Jacob Wood,120152,ALLS,WC,2025-02-26,Portal,Declined
S-001393,Jacob Wood,120152,LIBM,WC,2025-03-21,Portal,Quoted
S-001394,Jamie White,120211,GEIC,Personal Auto,2025-02-06,IVANS,Bound
S-001395,Jamie White,120211,HART,Personal Auto,2025-02-02,IVANS,Quoted
S-001396,Jamie White,120211,CHUB,Personal Auto,2025-03-20,Email,Quoted
S-001397,Anna Lowe,120271,NATI,Personal Auto,2025-03-03,Portal,Bound
S-001398,Anna Lowe,120271,TRAV,Personal Auto,2025-02-06,Portal,Declined
S-001399,Anna Lowe,120271,CHUB,Personal Auto,2025-01-31,Portal,Quoted
S-001400,Anna Lowe,120271,ALLS,Personal Auto,2025-03-10,Email,Quoted
S-001401,Justin Hodges,120280,LIBM,Homeowners,2025-02-17,Email,Bound
S-001402,Justin Hodges,120280,ALLS,Homeowners,2025-02-16,IVANS,Quoted
S-001403,Justin Hodges,120280,FARM,Homeowners,2025-02-20,Portal,Quoted
S-001404,Justin Hodges,120280,TRAV,Homeowners,2025-03-12,IVANS,Declined
S-001405,Barbara Turner,120240,AMFA,Homeowners,2025-02-20,IVANS,Bound
S-001406,Barbara Turner,120240,ALLS,Homeowners,2025-02-03,Portal,Declined
S-001407,Alex Williams,120146,HART,Personal Auto,2025-03-01,IVANS,Bound
S-001408,Alex Williams,120146,AMFA,Personal Auto,2025-02-09,Portal,Quoted
S-001409,Alex Williams,120146,LIBM,Personal Auto,2025-02-09,IVANS,Quoted
S-001410,Kevin Williams,120076,TRAV,Personal Auto,2025-02-14,IVANS,Bound
S-001411,Kevin Williams,120076,PRGS,Personal Auto,2025-03-01,Portal,Quoted
S-001412,Kevin Williams,120076,CHUB,Personal Auto,2025-03-16,Portal,Declined
S-001413,Carolyn Miller,120112,LIBM,Package,2025-03-20,Portal,Bound
S-001414,Carolyn Miller,120112,ALLS,Package,2025-03-23,Email,Quoted
S-001415,Carolyn Miller,120112,FARM,Package,2025-03-02,Portal,Declined
S-001416,Carolyn Miller,120112,CHUB,Package,2025-02-12,IVANS,Quoted
S-001417,David Mitchell,120043,AMFA,BOP,2025-03-08,Portal,Bound
S-001418,David Mitchell,120043,CHUB,BOP,2025-03-23,Portal,Quoted
S-001419,Anthony Munoz,120088,FARM,Homeowners,2025-01-31,Portal,Bound
S-001420,Anthony Munoz,120088,HART,Homeowners,2025-03-01,Portal,Declined
S-001421,Anthony Munoz,120088,AMFA,Homeowners,2025-03-05,Portal,Quoted
S-001422,Anthony Munoz,120088,AMFA,Homeowners,2025-03-17,Portal,Quoted
S-001423,Christopher Anderson,120201,GEIC,Personal Auto,2025-02-28,Email,Bound
S-001424,Christopher Anderson,120201,PRGS,Personal Auto,2025-02-22,Portal,Quoted
S-001425,Christopher Anderson,120201,AMFA,Personal Auto,2025-03-14,Portal,Quoted
S-001426,Heidi Oconnell,120273,ALLS,BOP,2025-03-01,IVANS,Bound
S-001427,Heidi Oconnell,120273,AMFA,BOP,2025-02-12,IVANS,Declined
S-001428,Heidi Oconnell,120273,NATI,BOP,2025-03-06,IVANS,Quoted
S-001429,Heidi Oconnell,120273,GEIC,BOP,2025-02-14,Portal,Quoted
S-001430,Shawn Lee,120246,ALLS,Personal Auto,2025-03-05,IVANS,Bound
S-001431,Shawn Lee,120246,FARM,Personal Auto,2025-02-11,IVANS,Declined
S-001432,Shawn Lee,120246,NATI,Personal Auto,2025-02-06,Portal,Quoted
S-001433,Richard Hart,120013,NATI,Personal Auto,2025-02-07,Email,Bound
S-001434,Richard Hart,120013,FARM,Personal Auto,2025-02-26,IVANS,Declined
S-001435,Richard Hart,120013,LIBM,Personal Auto,2025-02-02,IVANS,Quoted
S-001436,Robert Smith,120290,NATI,Homeowners,2025-02-22,IVANS,Bound
S-001437,Robert Smith,120290,ALLS,Homeowners,2025-03-16,IVANS,Quoted
S-001438,Robert Smith,120290,HART,Homeowners,2025-02-20,Email,Declined
S-001439,Catherine Weber,120013,ALLS,WC,2025-03-04,IVANS,Bound
S-001440,Catherine Weber,120013,PRGS,WC,2025-03-06,Portal,Quoted
S-001441,Catherine Weber,120013,FARM,WC,2025-02-20,IVANS,Declined
S-001442,Catherine Weber,120013,CHUB,WC,2025-02-08,IVANS,Quoted
S-001443,Teresa Nguyen,120222,GEIC,WC,2025-03-11,Portal,Bound
S-001444,Teresa Nguyen,120222,CHUB,WC,2025-02-11,Portal,Declined
S-001445,Teresa Nguyen,120222,ALLS,WC,2025-02-03,Portal,Declined
S-001446,Teresa Nguyen,120222,AMFA,WC,2025-02-07,IVANS,Declined
S-001447,Justin Manning,120211,LIBM,Personal Auto,2025-02-22,IVANS,Bound
S-001448,Justin Manning,120211,AMFA,Personal Auto,2025-02-20,IVANS,Quoted
S-001449,Justin Manning,120211,HART,Personal Auto,2025-03-12,IVANS,Quoted
S-001450,Daniel Graham,120001,PRGS,Umbrella,2025-03-01,IVANS,Bound
S-001451,Daniel Graham,120001,LIBM,Umbrella,2025-03-08,IVANS,Quoted
S-001452,Daniel Graham,120001,HART,Umbrella,2025-03-02,IVANS,Quoted
S-001453,Daniel Graham,120001,LIBM,Umbrella,2025-01-31,Portal,Quoted
S-001454,Joseph Lester,120270,FARM,Personal Auto,2025-02-17,Portal,Bound
S-001455,Joseph Lester,120270,ALLS,Personal Auto,2025-03-17,IVANS,Quoted
S-001456,Joseph Lester,120270,GEIC,Personal Auto,2025-03-04,Email,Quoted
S-001457,Brian Oliver,120275,FARM,Umbrella,2025-02-21,IVANS,Bound
S-001458,Brian Oliver,120275,LIBM,Umbrella,2025-03-19,Email,Quoted
S-001459,Jacob Rogers,120152,PRGS,Umbrella,2025-03-04,IVANS,Bound
S-001460,Jacob Rogers,120152,ALLS,Umbrella,2025-03-21,IVANS,Quoted
S-001461,Kevin Wiley,120138,NATI,BOP,2025-03-23,Portal,Bound
S-001462,Kevin Wiley,120138,GEIC,BOP,2025-03-02,IVANS,Quoted
S-001463,Kevin Wiley,120138,ALLS,BOP,2025-02-21,Portal,Declined
S-001464,Kevin Wiley,120138,GEIC,BOP,2025-03-01,IVANS,Quoted
S-001465,Rita Mason,120066,GEIC,BOP,2025-02-28,IVANS,Bound
S-001466,Rita Mason,120066,NATI,BOP,2025-02-23,Portal,Quoted
S-001467,Michelle Ward,120100,CHUB,Personal Auto,2025-02-22,IVANS,Bound
S-001468,Michelle Ward,120100,LIBM,Personal Auto,2025-02-05,Portal,Declined
S-001469,Michael Gonzalez,120008,LIBM,Umbrella,2025-03-17,Portal,Bound
S-001470,Michael Gonzalez,120008,FARM,Umbrella,2025-03-19,Portal,Declined
S-001471,Michael Gonzalez,120008,PRGS,Umbrella,2025-02-09,Portal,Declined
S-001472,Mark Rodriguez,120168,ALLS,Homeowners,2025-03-13,IVANS,Bound
S-001473,Mark Rodriguez,120168,AMFA,Homeowners,2025-02-02,IVANS,Quoted
S-001474,Mark Rodriguez,120168,CHUB,Homeowners,2025-03-24,Portal,Quoted
S-001475,Whitney Hill,120243,PRGS,BOP,2025-02-23,IVANS,Bound
S-001476,Whitney Hill,120243,TRAV,BOP,2025-02-27,Portal,Quoted
S-001477,Whitney Hill,120243,AMFA,BOP,2025-02-28,Portal,Quoted
S-001478,Gerald Foley,120197,NATI,BOP,2025-02-06,Portal,Bound
S-001479,Gerald Foley,120197,GEIC,BOP,2025-02-19,Portal,Quoted
S-001480,Gerald Foley,120197,FARM,BOP,2025-02-24,IVANS,Quoted
S-001481,Gerald Foley,120197,FARM,BOP,2025-02-16,IVANS,Quoted
S-001482,Jennifer Valencia,120160,TRAV,Umbrella,2025-03-13,IVANS,Bound
S-001483,Jennifer Valencia,120160,GEIC,Umbrella,2025-02-26,IVANS,Declined
S-001484,Jennifer Valencia,120160,CHUB,Umbrella,2025-03-18,Portal,Quoted
S-001485,Jennifer Valencia,120160,AMFA,Umbrella,2025-02-18,IVANS,Quoted
S-001486,Melody Hodges,120108,AMFA,Personal Auto,2025-02-09,Portal,Bound
S-001487,Melody Hodges,120108,CHUB,Personal Auto,2025-02-03,Email,Declined
S-001488,Melody Hodges,120108,LIBM,Personal Auto,2025-03-19,Portal,Declined
S-001489,Brenda Frey,120022,HART,Homeowners,2025-02-03,IVANS,Bound
S-001490,Brenda Frey,120022,GEIC,Homeowners,2025-02-12,IVANS,Declined
S-001491,Brenda Frey,120022,ALLS,Homeowners,2025-03-09,Portal,Quoted
S-001492,Michael Patton,120151,ALLS,Homeowners,2025-03-23,IVANS,Bound
S-001493,Michael Patton,120151,TRAV,Homeowners,2025-03-09,IVANS,Declined
S-001494,Michael Patton,120151,NATI,Homeowners,2025-03-04,Portal,Declined
S-001495,Michael Patton,120151,TRAV,Homeowners,2025-02-26,Portal,Quoted
S-001496,Jessica Scott,120092,GEIC,Personal Auto,2025-03-10,Email,Bound
S-001497,Jessica Scott,120092,AMFA,Personal Auto,2025-02-10,Portal,Declined
S-001498,Jessica Scott,120092,PRGS,Personal Auto,2025-02-20,IVANS,Quoted
S-001499,Jessica Scott,120092,PRGS,Personal Auto,2025-03-18,Portal,Quoted
S-001500,Sheri Gallegos,120181,HART,Personal Auto,2025-02-26,IVANS,Bound
S-001501,Sheri Gallegos,120181,CHUB,Personal Auto,2025-02-24,Portal,Quoted
S-001502,Sheri Gallegos,120181,CHUB,Personal Auto,2025-03-15,Portal,Quoted
S-001503,William Ramirez,120009,GEIC,Personal Auto,2025-02-05,Email,Bound
S-001504,William Ramirez,120009,FARM,Personal Auto,2025-03-09,Portal,Declined
S-001505,William Ramirez,120009,NATI,Personal Auto,2025-02-17,Portal,Quoted
S-001506,Joshua Massey,120108,TRAV,BOP,2025-02-21,Portal,Bound
S-001507,Joshua Massey,120108,GEIC,BOP,2025-02-11,Portal,Declined
S-001508,Joshua Massey,120108,LIBM,BOP,2025-01-31,Portal,Declined
S-001509,Joshua Massey,120108,CHUB,BOP,2025-02-08,IVANS,Quoted
S-001510,Nathan Wilson,120264,LIBM,Personal Auto,2025-03-04,Portal,Bound
S-001511,Nathan Wilson,120264,HART,Personal Auto,2025-02-07,IVANS,Declined
S-001512,Nathan Wilson,120264,AMFA,Personal Auto,2025-02-26,Portal,Declined
S-001513,Thomas Bautista,120127,CHUB,Personal Auto,2025-02-15,IVANS,Bound
S-001514,Thomas Bautista,120127,HART,Personal Auto,2025-02-17,IVANS,Quoted
S-001515,Thomas Bautista,120127,ALLS,Personal Auto,2025-02-14,IVANS,Declined
S-001516,Thomas Bautista,120127,AMFA,Personal Auto,2025-02-17,Portal,Declined
S-001517,Ruben Wallace,120013,TRAV,Homeowners,2025-02-08,Email,Bound
S-001518,Ruben Wallace,120013,PRGS,Homeowners,2025-03-22,Portal,Quoted
S-001519,Megan Patterson,120102,CHUB,Personal Auto,2025-02-11,Portal,Bound
S-001520,Megan Patterson,120102,PRGS,Personal Auto,2025-02-08,Portal,Quoted
S-001521,Megan Patterson,120102,FARM,Personal Auto,2025-03-11,Portal,Declined
S-001522,Ricky Clay,120019,ALLS,Homeowners,2025-03-15,Portal,Bound
S-001523,Ricky Clay,120019,CHUB,Homeowners,2025-02-06,IVANS,Quoted
S-001524,Ricky Clay,120019,AMFA,Homeowners,2025-02-09,Portal,Quoted
S-001525,Ricky Clay,120019,NATI,Homeowners,2025-02-21,IVANS,Quoted
S-001526,Kathryn Wells,120258,HART,Personal Auto,2025-03-04,IVANS,Bound
S-001527,Kathryn Wells,120258,FARM,Personal Auto,2025-03-22,IVANS,Declined
S-001528,Jennifer Williamson,120299,GEIC,Personal Auto,2025-03-12,Portal,Bound
S-001529,Jennifer Williamson,120299,NATI,Personal Auto,2025-03-11,IVANS,Quoted
S-001530,Jennifer Williamson,120299,FARM,Personal Auto,2025-02-26,Portal,Declined
S-001531,Jennifer Williamson,120299,HART,Personal Auto,2025-03-16,IVANS,Declined
S-001532,Brenda Johnson,120246,GEIC,Package,2025-02-12,IVANS,Bound
S-001533,Brenda Johnson,120246,PRGS,Package,2025-02-01,IVANS,Declined
S-001534,Tracy Gutierrez,120162,FARM,Homeowners,2025-03-21,Portal,Bound
S-001535,Tracy Gutierrez,120162,NATI,Homeowners,2025-03-19,Portal,Declined
S-001536,Jason Miller,120233,NATI,Homeowners,2025-03-07,Portal,Bound
S-001537,Jason Miller,120233,HART,Homeowners,2025-03-04,IVANS,Declined
S-001538,Jason Miller,120233,AMFA,Homeowners,2025-03-07,IVANS,Quoted
S-001539,Jason Miller,120233,AMFA,Homeowners,2025-02-19,Portal,Declined
S-001540,Thomas Dawson,120149,CHUB,Personal Auto,2025-03-10,IVANS,Bound
S-001541,Thomas Dawson,120149,LIBM,Personal Auto,2025-03-05,IVANS,Quoted
S-001542,Wanda Frazier,120194,LIBM,Personal Auto,2025-02-23,Portal,Bound
S-001543,Wanda Frazier,120194,AMFA,Personal Auto,2025-03-06,IVANS,Quoted
S-001544,Andrew Chen,120135,TRAV,Personal Auto,2025-02-04,Email,Bound
S-001545,Andrew Chen,120135,CHUB,Personal Auto,2025-02-03,Email,Quoted
S-001546,Andrew Chen,120135,LIBM,Personal Auto,2025-02-12,Email,Quoted
S-001547,Sean Davis,120015,TRAV,Homeowners,2025-03-03,Portal,Bound
S-001548,Sean Davis,120015,AMFA,Homeowners,2025-02-20,IVANS,Quoted
S-001549,Sean Davis,120015,ALLS,Homeowners,2025-03-22,Portal,Quoted
S-001550,Sean Davis,120015,CHUB,Homeowners,2025-03-16,IVANS,Declined
S-001551,Tara King,120130,HART,Homeowners,2025-02-10,IVANS,Bound
S-001552,Tara King,120130,NATI,Homeowners,2025-02-16,Portal,Quoted
S-001553,William Winters,120124,PRGS,BOP,2025-02-08,Portal,Bound
S-001554,William Winters,120124,CHUB,BOP,2025-03-25,Email,Declined
S-001555,William Winters,120124,LIBM,BOP,2025-02-22,Portal,Quoted
S-001556,Ashley Walls,120279,ALLS,BOP,2025-03-10,IVANS,Bound
S-001557,Ashley Walls,120279,FARM,BOP,2025-03-13,IVANS,Declined
S-001558,Michelle Garcia,120257,PRGS,Homeowners,2025-02-13,IVANS,Bound
S-001559,Michelle Garcia,120257,FARM,Homeowners,2025-01-31,IVANS,Quoted
S-001560,Michelle Garcia,120257,LIBM,Homeowners,2025-02-10,IVANS,Quoted
S-001561,Jacob Hall,120030,GEIC,BOP,2025-02-01,Portal,Bound
S-001562,Jacob Hall,120030,LIBM,BOP,2025-03-01,IVANS,Quoted
S-001563,Jacob Hall,120030,CHUB,BOP,2025-02-09,IVANS,Quoted
S-001564,Jacob Hall,120030,NATI,BOP,2025-02-23,Portal,Quoted
S-001565,Amber Barber,120159,PRGS,Homeowners,2025-02-21,Portal,Bound
S-001566,Amber Barber,120159,GEIC,Homeowners,2025-03-15,IVANS,Quoted
S-001567,Amber Barber,120159,TRAV,Homeowners,2025-02-28,IVANS,Quoted
S-001568,Amber Barber,120159,CHUB,Homeowners,2025-02-17,Portal,Declined
S-001569,Katherine Perry,120121,AMFA,Personal Auto,2025-03-21,Portal,Bound
S-001570,Katherine Perry,120121,LIBM,Personal Auto,2025-03-14,Portal,Quoted
S-001571,Katherine Perry,120121,TRAV,Personal Auto,2025-02-09,Portal,Quoted
S-001572,Ashley Williams,120190,NATI,Package,2025-01-31,Portal,Bound
S-001573,Ashley Williams,120190,GEIC,Package,2025-02-15,Portal,Quoted
S-001574,Ashley Williams,120190,AMFA,Package,2025-02-18,Portal,Declined
S-001575,Matthew Clay,120221,GEIC,WC,2025-02-03,Portal,Bound
S-001576,Matthew Clay,120221,AMFA,WC,2025-03-14,IVANS,Quoted
S-001577,Matthew Clay,120221,AMFA,WC,2025-02-12,IVANS,Quoted
S-001578,Edgar Thomas,120133,NATI,BOP,2025-03-10,Portal,Bound
S-001579,Edgar Thomas,120133,LIBM,BOP,2025-03-04,Portal,Declined
S-001580,Edgar Thomas,120133,LIBM,BOP,2025-03-15,IVANS,Quoted
S-001581,Edgar Thomas,120133,FARM,BOP,2025-03-22,IVANS,Quoted
S-001582,Kevin Smith,120205,ALLS,BOP,2025-02-26,IVANS,Bound
S-001583,Kevin Smith,120205,NATI,BOP,2025-03-20,Email,Quoted
S-001584,James Reeves,120193,CHUB,Personal Auto,2025-03-04,Portal,Bound
S-001585,James Reeves,120193,FARM,Personal Auto,2025-02-15,Portal,Declined
S-001586,Sophia Riley,120165,AMFA,Personal Auto,2025-02-22,Portal,Bound
S-001587,Sophia Riley,120165,LIBM,Personal Auto,2025-02-28,IVANS,Quoted
S-001588,David Nichols,120099,HART,Homeowners,2025-03-09,Portal,Bound
S-001589,David Nichols,120099,FARM,Homeowners,2025-02-10,Portal,Declined
S-001590,David Nichols,120099,CHUB,Homeowners,2025-03-15,Portal,Declined
S-001591,Stacie Michael,120095,HART,Personal Auto,2025-03-15,Portal,Bound
S-001592,Stacie Michael,120095,CHUB,Personal Auto,2025-03-10,Portal,Quoted
S-001593,Stacie Michael,120095,TRAV,Personal Auto,2025-03-11,Portal,Quoted
S-001594,Stacie Michael,120095,PRGS,Personal Auto,2025-02-03,IVANS,Quoted
S-001595,Jerry Abbott,120190,PRGS,Personal Auto,2025-03-20,Portal,Bound
S-001596,Jerry Abbott,120190,AMFA,Personal Auto,2025-02-17,IVANS,Declined
S-001597,Jerry Abbott,120190,TRAV,Personal Auto,2025-02-18,Portal,Quoted
S-001598,Lisa Gardner,120037,GEIC,BOP,2025-02-22,Email,Bound
S-001599,Lisa Gardner,120037,LIBM,BOP,2025-02-11,Portal,Declined
S-001600,Lisa Gardner,120037,HART,BOP,2025-02-11,IVANS,Declined
S-001601,Wanda Moran,120146,CHUB,Homeowners,2025-02-25,Portal,Bound
S-001602,Wanda Moran,120146,GEIC,Homeowners,2025-02-17,Portal,Quoted
S-001603,Wanda Moran,120146,FARM,Homeowners,2025-02-08,Portal,Declined
S-001604,Deanna Gomez,120190,TRAV,WC,2025-03-23,Portal,Bound
S-001605,Deanna Gomez,120190,ALLS,WC,2025-03-06,IVANS,Quoted
S-001606,Deanna Gomez,120190,PRGS,WC,2025-02-28,IVANS,Declined
S-001607,Duane Johnson,120253,GEIC,BOP,2025-03-23,IVANS,Bound
S-001608,Duane Johnson,120253,HART,BOP,2025-02-02,Portal,Declined
S-001609,Joseph Walker,120006,ALLS,BOP,2025-02-19,Portal,Bound
S-001610,Joseph Walker,120006,HART,BOP,2025-01-31,Email,Declined
S-001611,Joseph Walker,120006,LIBM,BOP,2025-03-08,Portal,Quoted
S-001612,Joseph Walker,120006,TRAV,BOP,2025-03-12,IVANS,Quoted
S-001613,Heather Larsen,120098,AMFA,Personal Auto,2025-03-08,Portal,Bound
S-001614,Heather Larsen,120098,CHUB,Personal Auto,2025-03-18,IVANS,Quoted
S-001615,Heather Larsen,120098,GEIC,Personal Auto,2025-02-07,IVANS,Quoted
S-001616,Heather Larsen,120098,HART,Personal Auto,2025-03-19,IVANS,Quoted
S-001617,John Jones,120001,ALLS,Homeowners,2025-03-25,Portal,Bound
S-001618,John Jones,120001,NATI,Homeowners,2025-02-03,IVANS,Declined
S-001619,John Jones,120001,LIBM,Homeowners,2025-02-14,IVANS,Quoted
S-001620,John Jones,120001,PRGS,Homeowners,2025-03-16,Portal,Quoted
S-001621,Pamela Pena,120098,ALLS,Homeowners,2025-03-10,Portal,Bound
S-001622,Pamela Pena,120098,FARM,Homeowners,2025-02-13,Portal,Quoted
S-001623,Wendy Davenport,120060,FARM,BOP,2025-03-19,IVANS,Bound
S-001624,Wendy Davenport,120060,TRAV,BOP,2025-03-25,Portal,Declined
S-001625,Wendy Davenport,120060,TRAV,BOP,2025-02-16,IVANS,Quoted
S-001626,Glenda Parker,120275,GEIC,Personal Auto,2025-02-07,IVANS,Bound
S-001627,Glenda Parker,120275,HART,Personal Auto,2025-03-08,IVANS,Quoted
S-001628,Glenda Parker,120275,NATI,Personal Auto,2025-03-20,Portal,Quoted
S-001629,Christopher Lopez,120063,ALLS,BOP,2025-02-08,Email,Bound
S-001630,Christopher Lopez,120063,LIBM,BOP,2025-02-09,IVANS,Quoted
S-001631,Christopher Lopez,120063,GEIC,BOP,2025-02-11,Portal,Quoted
S-001632,Christopher Lopez,120063,GEIC,BOP,2025-03-13,IVANS,Quoted
S-001633,Hannah Lane,120231,TRAV,Homeowners,2025-01-31,Portal,Bound
S-001634,Hannah Lane,120231,AMFA,Homeowners,2025-03-14,Portal,Declined
S-001635,Hannah Lane,120231,LIBM,Homeowners,2025-02-09,Email,Quoted
S-001636,Hannah Lane,120231,FARM,Homeowners,2025-02-19,Portal,Declined
S-001637,Ryan Merritt,120174,NATI,Personal Auto,2025-03-18,IVANS,Bound
S-001638,Ryan Merritt,120174,HART,Personal Auto,2025-03-24,Portal,Quoted
S-001639,Ryan Merritt,120174,HART,Personal Auto,2025-03-14,Portal,Quoted
S-001640,Ryan Merritt,120174,FARM,Personal Auto,2025-02-10,IVANS,Quoted
S-001641,Andrew Robinson,120223,LIBM,Homeowners,2025-03-24,Email,Bound
S-001642,Andrew Robinson,120223,GEIC,Homeowners,2025-02-25,IVANS,Declined
S-001643,Kimberly Taylor,120106,HART,Umbrella,2025-02-17,IVANS,Bound
S-001644,Kimberly Taylor,120106,AMFA,Umbrella,2025-02-14,Email,Quoted
S-001645,Laura Bowen,120103,NATI,Umbrella,2025-02-05,IVANS,Bound
S-001646,Laura Bowen,120103,CHUB,Umbrella,2025-02-20,IVANS,Quoted
S-001647,Laura Bowen,120103,TRAV,Umbrella,2025-03-19,IVANS,Quoted
S-001648,Nicole Young,120267,HART,WC,2025-03-05,IVANS,Bound
S-001649,Nicole Young,120267,CHUB,WC,2025-03-12,IVANS,Quoted
S-001650,Nicole Young,120267,NATI,WC,2025-03-20,IVANS,Quoted
S-001651,Walter Smith,120250,FARM,Umbrella,2025-03-04,Portal,Bound
S-001652,Walter Smith,120250,TRAV,Umbrella,2025-03-23,Portal,Declined
S-001653,Deanna Keller,120184,AMFA,Personal Auto,2025-02-19,IVANS,Bound
S-001654,Deanna Keller,120184,LIBM,Personal Auto,2025-03-03,Portal,Quoted
S-001655,Deanna Keller,120184,NATI,Personal Auto,2025-03-07,Portal,Declined
S-001656,Nicholas Taylor,120177,ALLS,Homeowners,2025-02-17,Portal,Bound
S-001657,Nicholas Taylor,120177,PRGS,Homeowners,2025-01-31,Email,Quoted
S-001658,Nicholas Taylor,120177,TRAV,Homeowners,2025-03-01,Portal,Declined
S-001659,Thomas Campbell,120104,CHUB,Personal Auto,2025-02-05,IVANS,Bound
S-001660,Thomas Campbell,120104,FARM,Personal Auto,2025-03-06,IVANS,Declined
S-001661,Thomas Campbell,120104,GEIC,Personal Auto,2025-03-06,Portal,Declined
S-001662,Thomas Campbell,120104,ALLS,Personal Auto,2025-03-14,Portal,Declined
S-001663,Jill Wood,120030,TRAV,Umbrella,2025-03-11,IVANS,Bound
S-001664,Jill Wood,120030,AMFA,Umbrella,2025-03-18,IVANS,Quoted
S-001665,Jill Wood,120030,CHUB,Umbrella,2025-03-25,Portal,Quoted
S-001666,Jill Wood,120030,CHUB,Umbrella,2025-02-06,IVANS,Declined
S-001667,Mark Carter,120021,HART,BOP,2025-03-23,Portal,Bound
S-001668,Mark Carter,120021,CHUB,BOP,2025-02-19,Email,Declined
S-001669,Mark Carter,120021,AMFA,BOP,2025-02-05,Portal,Declined
S-001670,Melinda Giles,120104,HART,Personal Auto,2025-03-25,Portal,Bound
S-001671,Melinda Giles,120104,ALLS,Personal Auto,2025-03-11,IVANS,Declined
S-001672,Melinda Giles,120104,LIBM,Personal Auto,2025-03-05,Portal,Quoted
S-001673,Melinda Giles,120104,TRAV,Personal Auto,2025-03-10,IVANS,Declined
S-001674,Marcus Thomas,120097,CHUB,BOP,2025-03-18,Email,Bound
S-001675,Marcus Thomas,120097,AMFA,BOP,2025-03-18,IVANS,Quoted
S-001676,Lindsay Willis,120098,HART,WC,2025-03-02,Portal,Bound
S-001677,Lindsay Willis,120098,ALLS,WC,2025-02-19,IVANS,Quoted
S-001678,Joanna Schmidt,120116,PRGS,BOP,2025-02-03,IVANS,Bound
S-001679,Joanna Schmidt,120116,ALLS,BOP,2025-02-16,Portal,Quoted
S-001680,Jessica Baker,120080,NATI,BOP,2025-03-18,Portal,Bound
S-001681,Jessica Baker,120080,FARM,BOP,2025-02-05,IVANS,Quoted
S-001682,Alexander Atkinson,120046,PRGS,Umbrella,2025-02-28,IVANS,Bound
S-001683,Alexander Atkinson,120046,ALLS,Umbrella,2025-03-01,Portal,Declined
S-001684,Alexander Atkinson,120046,ALLS,Umbrella,2025-03-25,IVANS,Declined
S-001685,Alexander Atkinson,120046,NATI,Umbrella,2025-02-25,Portal,Quoted
S-001686,Emily Barnett,120111,PRGS,Package,2025-03-06,Portal,Bound
S-001687,Emily Barnett,120111,ALLS,Package,2025-03-06,Email,Declined
S-001688,Emily Barnett,120111,AMFA,Package,2025-02-28,IVANS,Quoted
S-001689,Emily Barnett,120111,TRAV,Package,2025-03-25,Portal,Declined
S-001690,Joshua White,120075,AMFA,Personal Auto,2025-03-22,Portal,Bound
S-001691,Joshua White,120075,NATI,Personal Auto,2025-02-05,IVANS,Quoted
S-001692,Joshua White,120075,HART,Personal Auto,2025-02-16,Portal,Declined
S-001693,Joshua White,120075,CHUB,Personal Auto,2025-02-22,IVANS,Quoted
S-001694,Aaron Andrews,120105,NATI,Personal Auto,2025-02-25,IVANS,Bound
S-001695,Aaron Andrews,120105,ALLS,Personal Auto,2025-02-03,IVANS,Quoted
S-001696,Aaron Andrews,120105,HART,Personal Auto,2025-03-02,Portal,Declined
S-001697,Cindy Levy,120209,ALLS,Personal Auto,2025-02-04,Email,Bound
S-001698,Cindy Levy,120209,HART,Personal Auto,2025-03-21,Email,Quoted
S-001699,Cindy Levy,120209,HART,Personal Auto,2025-02-27,Email,Declined
S-001700,Cindy Levy,120209,AMFA,Personal Auto,2025-03-03,Portal,Declined
S-001701,Eric Meyers,120101,ALLS,Personal Auto,2025-02-20,IVANS,Bound
S-001702,Eric Meyers,120101,TRAV,Personal Auto,2025-03-23,IVANS,Quoted
S-001703,Eric Meyers,120101,HART,Personal Auto,2025-03-23,Portal,Declined
S-001704,Eric Meyers,120101,AMFA,Personal Auto,2025-02-01,Email,Quoted
S-001705,Willie Mcclure,120072,PRGS,Personal Auto,2025-02-08,IVANS,Bound
S-001706,Willie Mcclure,120072,FARM,Personal Auto,2025-02-10,Portal,Quoted
S-001707,Willie Mcclure,120072,HART,Personal Auto,2025-03-23,IVANS,Declined
S-001708,Jeffrey Larson,120011,PRGS,Personal Auto,2025-02-28,IVANS,Bound
S-001709,Jeffrey Larson,120011,ALLS,Personal Auto,2025-02-19,IVANS,Quoted
S-001710,Jeffrey Larson,120011,FARM,Personal Auto,2025-03-04,IVANS,Quoted
S-001711,Jeffrey Warren,120151,ALLS,WC,2025-02-14,Email,Bound
S-001712,Jeffrey Warren,120151,AMFA,WC,2025-03-10,Portal,Quoted
S-001713,Jeffrey Warren,120151,FARM,WC,2025-03-25,Portal,Declined
S-001714,Jeffrey Warren,120151,PRGS,WC,2025-02-12,Portal,Quoted
S-001715,Ian Thomas,120023,ALLS,BOP,2025-02-28,IVANS,Bound
S-001716,Ian Thomas,120023,TRAV,BOP,2025-02-14,Portal,Quoted
S-001717,Ian Thomas,120023,HART,BOP,2025-02-12,Portal,Quoted
S-001718,Ian Thomas,120023,PRGS,BOP,2025-02-15,IVANS,Quoted
S-001719,Larry Wong,120075,PRGS,Personal Auto,2025-03-17,Email,Bound
S-001720,Larry Wong,120075,CHUB,Personal Auto,2025-02-14,Portal,Quoted
S-001721,Larry Wong,120075,ALLS,Personal Auto,2025-03-11,IVANS,Declined
S-001722,Teresa Schroeder,120146,PRGS,Umbrella,2025-02-19,IVANS,Bound
S-001723,Teresa Schroeder,120146,HART,Umbrella,2025-02-27,Portal,Quoted
S-001724,Larry Rocha,120047,PRGS,BOP,2025-02-27,Portal,Bound
S-001725,Larry Rocha,120047,CHUB,BOP,2025-02-25,Portal,Quoted
S-001726,Larry Rocha,120047,TRAV,BOP,2025-03-17,IVANS,Quoted
S-001727,Larry Rocha,120047,HART,BOP,2025-02-13,Portal,Quoted
S-001728,Steven Miles,120256,LIBM,Homeowners,2025-02-28,IVANS,Bound
S-001729,Steven Miles,120256,HART,Homeowners,2025-02-23,Portal,Quoted
S-001730,Steven Miles,120256,TRAV,Homeowners,2025-03-19,IVANS,Declined
S-001731,Adam Carroll,120189,LIBM,Homeowners,2025-03-10,Email,Bound
S-001732,Adam Carroll,120189,FARM,Homeowners,2025-02-26,Email,Quoted
S-001733,Adam Carroll,120189,AMFA,Homeowners,2025-03-18,IVANS,Quoted
S-001734,Christine Wise,120033,ALLS,Personal Auto,2025-03-22,IVANS,Bound
S-001735,Christine Wise,120033,PRGS,Personal Auto,2025-03-07,Portal,Quoted
S-001736,Thomas Wilson,120123,LIBM,Personal Auto,2025-02-01,IVANS,Bound
S-001737,Thomas Wilson,120123,CHUB,Personal Auto,2025-03-23,IVANS,Declined
S-001738,Thomas Wilson,120123,GEIC,Personal Auto,2025-02-03,IVANS,Quoted
S-001739,Thomas Wilson,120123,HART,Personal Auto,2025-03-11,Portal,Quoted
S-001740,Kelli Jenkins,120015,GEIC,Umbrella,2025-02-23,Portal,Bound
S-001741,Kelli Jenkins,120015,ALLS,Umbrella,2025-02-11,IVANS,Quoted
S-001742,Kelli Jenkins,120015,ALLS,Umbrella,2025-02-10,IVANS,Quoted
S-001743,Kelli Jenkins,120015,FARM,Umbrella,2025-03-08,Email,Declined
S-001744,James May,120184,GEIC,Homeowners,2025-02-18,Portal,Bound
S-001745,James May,120184,LIBM,Homeowners,2025-03-11,Portal,Quoted
S-001746,James May,120184,FARM,Homeowners,2025-02-17,IVANS,Quoted
S-001747,Brittany Small,120142,NATI,Homeowners,2025-03-18,IVANS,Bound
S-001748,Brittany Small,120142,HART,Homeowners,2025-03-23,Email,Quoted
S-001749,Sean Holt,120048,TRAV,WC,2025-03-18,IVANS,Bound
S-001750,Sean Holt,120048,AMFA,WC,2025-02-10,Email,Quoted
S-001751,Sean Holt,120048,GEIC,WC,2025-03-16,Portal,Quoted
S-001752,Erik Johnson,120206,ALLS,Personal Auto,2025-02-13,Portal,Bound
S-001753,Erik Johnson,120206,CHUB,Personal Auto,2025-03-03,Email,Declined
S-001754,Valerie Salas,120068,HART,Homeowners,2025-02-19,Portal,Bound
S-001755,Valerie Salas,120068,AMFA,Homeowners,2025-02-02,IVANS,Quoted
S-001756,Valerie Salas,120068,GEIC,Homeowners,2025-03-16,IVANS,Quoted
S-001757,Amy Anderson,120210,NATI,Personal Auto,2025-02-25,Portal,Bound
S-001758,Amy Anderson,120210,LIBM,Personal Auto,2025-02-07,IVANS,Quoted
S-001759,Joseph Evans,120211,CHUB,BOP,2025-03-10,Portal,Bound
S-001760,Joseph Evans,120211,ALLS,BOP,2025-03-25,Portal,Declined
S-001761,Joseph Evans,120211,AMFA,BOP,2025-02-26,Portal,Quoted
S-001762,Joseph Evans,120211,AMFA,BOP,2025-02-08,IVANS,Quoted
S-001763,John Hanson,120260,TRAV,Homeowners,2025-02-24,IVANS,Bound
S-001764,John Hanson,120260,PRGS,Homeowners,2025-02-11,Portal,Quoted
S-001765,John Hanson,120260,NATI,Homeowners,2025-03-24,IVANS,Quoted
S-001766,Michelle Buchanan,120169,CHUB,BOP,2025-03-05,IVANS,Bound
S-001767,Michelle Buchanan,120169,AMFA,BOP,2025-02-06,IVANS,Declined
S-001768,Michelle Buchanan,120169,NATI,BOP,2025-02-18,Portal,Quoted
S-001769,Michelle Buchanan,120169,AMFA,BOP,2025-03-12,IVANS,Declined
S-001770,Karen Lambert,120160,NATI,WC,2025-02-20,Portal,Bound
S-001771,Karen Lambert,120160,CHUB,WC,2025-03-11,Portal,Quoted
S-001772,Alex Krause,120204,FARM,Homeowners,2025-03-07,IVANS,Bound
S-001773,Alex Krause,120204,TRAV,Homeowners,2025-02-07,IVANS,Quoted
S-001774,Alex Krause,120204,NATI,Homeowners,2025-02-13,IVANS,Quoted
S-001775,Alex Krause,120204,HART,Homeowners,2025-02-23,IVANS,Quoted
S-001776,Gregory Parker,120070,HART,Homeowners,2025-02-15,IVANS,Bound
S-001777,Gregory Parker,120070,FARM,Homeowners,2025-03-24,IVANS,Quoted
S-001778,Gregory Parker,120070,LIBM,Homeowners,2025-03-13,Email,Quoted
S-001779,Gregory Parker,120070,LIBM,Homeowners,2025-03-10,Email,Quoted
S-001780,Meredith Bailey,120095,CHUB,Personal Auto,2025-03-17,IVANS,Bound
S-001781,Meredith Bailey,120095,ALLS,Personal Auto,2025-03-18,IVANS,Quoted
S-001782,Sandra Marquez,120261,LIBM,BOP,2025-03-25,Portal,Bound
S-001783,Sandra Marquez,120261,ALLS,BOP,2025-03-05,IVANS,Quoted
S-001784,Sandra Marquez,120261,NATI,BOP,2025-03-12,IVANS,Quoted
S-001785,Michele Dixon,120220,LIBM,Personal Auto,2025-03-07,IVANS,Bound
S-001786,Michele Dixon,120220,NATI,Personal Auto,2025-03-19,IVANS,Quoted
S-001787,Michele Dixon,120220,GEIC,Personal Auto,2025-03-24,IVANS,Declined
S-001788,Daniel Khan,120234,LIBM,WC,2025-03-04,Portal,Bound
S-001789,Daniel Khan,120234,NATI,WC,2025-02-11,IVANS,Declined
S-001790,Daniel Khan,120234,GEIC,WC,2025-03-16,Portal,Declined
S-001791,Denise Wolf,120086,PRGS,Personal Auto,2025-03-20,Portal,Bound
S-001792,Denise Wolf,120086,LIBM,Personal Auto,2025-03-02,Email,Quoted
S-001793,Amber Williams,120094,NATI,Personal Auto,2025-03-24,Portal,Bound
S-001794,Amber Williams,120094,HART,Personal Auto,2025-02-14,Portal,Quoted
S-001795,Amber Williams,120094,ALLS,Personal Auto,2025-03-17,IVANS,Quoted
S-001796,Amber Williams,120094,AMFA,Personal Auto,2025-02-02,Portal,Quoted
S-001797,Brian Molina,120053,CHUB,WC,2025-02-17,IVANS,Bound
S-001798,Brian Molina,120053,GEIC,WC,2025-03-04,IVANS,Declined
S-001799,Alexander Castro,120267,NATI,Package,2025-02-17,Portal,Bound
S-001800,Alexander Castro,120267,ALLS,Package,2025-03-14,IVANS,Declined
S-001801,Alexander Castro,120267,PRGS,Package,2025-02-07,Portal,Quoted
S-001802,Diana Perez,120119,ALLS,Personal Auto,2025-02-08,Portal,Bound
S-001803,Diana Perez,120119,HART,Personal Auto,2025-02-27,Portal,Quoted
S-001804,Elizabeth Burgess,120232,GEIC,Personal Auto,2025-02-17,Portal,Bound
S-001805,Elizabeth Burgess,120232,LIBM,Personal Auto,2025-03-17,IVANS,Declined
S-001806,Elizabeth Burgess,120232,NATI,Personal Auto,2025-03-13,Portal,Quoted
S-001807,Elizabeth Burgess,120232,CHUB,Personal Auto,2025-02-04,IVANS,Quoted
S-001808,Joseph Byrd,120149,CHUB,Umbrella,2025-03-03,IVANS,Bound
S-001809,Joseph Byrd,120149,TRAV,Umbrella,2025-02-17,IVANS,Declined
S-001810,Joseph Byrd,120149,TRAV,Umbrella,2025-03-18,Portal,Declined
S-001811,Joseph Byrd,120149,AMFA,Umbrella,2025-02-13,Portal,Quoted
S-001812,Ethan Blake,120240,LIBM,Homeowners,2025-02-25,IVANS,Bound
S-001813,Ethan Blake,120240,FARM,Homeowners,2025-02-01,Portal,Quoted
S-001814,Angelica Young,120009,GEIC,BOP,2025-02-02,Portal,Bound
S-001815,Angelica Young,120009,ALLS,BOP,2025-03-04,IVANS,Quoted
S-001816,Crystal Sutton,120279,TRAV,Homeowners,2025-03-03,Portal,Bound
S-001817,Crystal Sutton,120279,AMFA,Homeowners,2025-02-24,IVANS,Declined
S-001818,Crystal Sutton,120279,CHUB,Homeowners,2025-02-21,IVANS,Declined
S-001819,Julie Ramirez,120242,PRGS,Homeowners,2025-02-26,Portal,Bound
S-001820,Julie Ramirez,120242,NATI,Homeowners,2025-02-19,Portal,Declined
S-001821,Julie Ramirez,120242,NATI,Homeowners,2025-03-14,Portal,Quoted
S-001822,Julie Ramirez,120242,TRAV,Homeowners,2025-03-10,IVANS,Quoted
S-001823,Tammy Johnson,120021,HART,Homeowners,2025-02-03,IVANS,Bound
S-001824,Tammy Johnson,120021,CHUB,Homeowners,2025-02-28,Portal,Quoted
S-001825,Tammy Johnson,120021,PRGS,Homeowners,2025-03-08,IVANS,Declined
S-001826,Gregory Matthews,120241,NATI,Personal Auto,2025-03-19,Portal,Bound
S-001827,Gregory Matthews,120241,CHUB,Personal Auto,2025-02-18,Portal,Declined
S-001828,Gregory Matthews,120241,CHUB,Personal Auto,2025-03-21,Portal,Quoted
S-001829,Gregory Matthews,120241,FARM,Personal Auto,2025-03-02,Portal,Declined
S-001830,Nathan Berg,120291,LIBM,BOP,2025-02-09,IVANS,Bound
S-001831,Nathan Berg,120291,AMFA,BOP,2025-03-06,IVANS,Quoted
S-001832,Nathan Berg,120291,GEIC,BOP,2025-02-13,Portal,Quoted
S-001833,Holly Wells,120107,TRAV,Personal Auto,2025-03-24,IVANS,Bound
S-001834,Holly Wells,120107,AMFA,Personal Auto,2025-01-31,IVANS,Quoted
S-001835,Melanie Daniels,120218,CHUB,Personal Auto,2025-02-06,Portal,Bound
S-001836,Melanie Daniels,120218,NATI,Personal Auto,2025-02-01,IVANS,Quoted
S-001837,Melanie Daniels,120218,LIBM,Personal Auto,2025-03-22,Portal,Quoted
S-001838,Melanie Daniels,120218,AMFA,Personal Auto,2025-02-26,Portal,Declined
S-001839,Andrea Smith,120236,CHUB,Personal Auto,2025-02-25,IVANS,Bound
S-001840,Andrea Smith,120236,ALLS,Personal Auto,2025-03-19,IVANS,Declined
S-001841,Andrea Smith,120236,HART,Personal Auto,2025-02-07,Portal,Declined
S-001842,Randall Stokes,120177,PRGS,Homeowners,2025-03-06,Portal,Bound
S-001843,Randall Stokes,120177,CHUB,Homeowners,2025-03-16,IVANS,Quoted
S-001844,Randall Stokes,120177,GEIC,Homeowners,2025-02-06,Portal,Quoted
S-001845,Michael Pruitt,120292,CHUB,WC,2025-02-06,Email,Bound
S-001846,Michael Pruitt,120292,NATI,WC,2025-03-07,Portal,Quoted
S-001847,Joseph Kirk,120094,FARM,Umbrella,2025-02-25,Email,Bound
S-001848,Joseph Kirk,120094,CHUB,Umbrella,2025-02-20,Portal,Quoted
S-001849,Joseph Kirk,120094,NATI,Umbrella,2025-03-16,IVANS,Quoted
S-001850,Joseph Kirk,120094,GEIC,Umbrella,2025-02-28,IVANS,Declined
S-001851,Brenda Curtis,120273,PRGS,Homeowners,2025-02-07,Portal,Bound
S-001852,Brenda Curtis,120273,CHUB,Homeowners,2025-02-25,Portal,Quoted
S-001853,Brenda Curtis,120273,LIBM,Homeowners,2025-03-01,Portal,Quoted
S-001854,Brenda Curtis,120273,NATI,Homeowners,2025-03-12,IVANS,Quoted
S-001855,Judith Carrillo,120236,CHUB,Homeowners,2025-02-21,Email,Bound
S-001856,Judith Carrillo,120236,LIBM,Homeowners,2025-02-15,IVANS,Declined
S-001857,Judith Carrillo,120236,ALLS,Homeowners,2025-02-15,Portal,Declined
S-001858,Kimberly Bishop,120216,CHUB,Personal Auto,2025-02-10,Portal,Bound
S-001859,Kimberly Bishop,120216,ALLS,Personal Auto,2025-02-27,Email,Quoted
S-001860,Kimberly Bishop,120216,NATI,Personal Auto,2025-02-08,IVANS,Quoted
S-001861,Kimberly Bishop,120216,AMFA,Personal Auto,2025-02-24,Email,Quoted
S-001862,Rachel Cook,120289,TRAV,WC,2025-02-13,Portal,Bound
S-001863,Rachel Cook,120289,AMFA,WC,2025-03-22,Portal,Quoted
S-001864,Rachel Cook,120289,NATI,WC,2025-02-09,IVANS,Quoted
S-001865,Wayne Cruz,120018,PRGS,Homeowners,2025-02-08,IVANS,Bound
S-001866,Wayne Cruz,120018,TRAV,Homeowners,2025-03-11,Portal,Quoted
S-001867,Wayne Cruz,120018,GEIC,Homeowners,2025-03-24,Portal,Quoted
S-001868,Tyler Noble,120188,ALLS,Personal Auto,2025-03-09,Portal,Bound
S-001869,Tyler Noble,120188,TRAV,Personal Auto,2025-02-05,IVANS,Quoted
S-001870,Shelia Anthony,120150,TRAV,Personal Auto,2025-03-17,Portal,Bound
S-001871,Shelia Anthony,120150,ALLS,Personal Auto,2025-03-24,IVANS,Quoted
S-001872,Eric Adams,120181,AMFA,Personal Auto,2025-02-11,Portal,Bound
S-001873,Eric Adams,120181,FARM,Personal Auto,2025-02-28,Portal,Declined
S-001874,Tina Juarez,120272,HART,Homeowners,2025-03-07,Portal,Bound
S-001875,Tina Juarez,120272,TRAV,Homeowners,2025-02-24,IVANS,Quoted
S-001876,Tina Juarez,120272,LIBM,Homeowners,2025-03-06,Email,Quoted
S-001877,Tina Juarez,120272,ALLS,Homeowners,2025-03-15,IVANS,Declined
S-001878,Brittney Hunt,120013,PRGS,Homeowners,2025-03-04,IVANS,Bound
S-001879,Brittney Hunt,120013,ALLS,Homeowners,2025-02-17,IVANS,Quoted
S-001880,Brittney Hunt,120013,ALLS,Homeowners,2025-03-17,Email,Declined
S-001881,Jerry Kelley,120254,LIBM,Personal Auto,2025-03-05,IVANS,Bound
S-001882,Jerry Kelley,120254,GEIC,Personal Auto,2025-03-06,IVANS,Quoted
S-001883,Jerry Kelley,120254,GEIC,Personal Auto,2025-02-12,IVANS,Quoted
S-001884,Jerry Kelley,120254,CHUB,Personal Auto,2025-02-03,Email,Declined
S-001885,David Harris,120011,CHUB,Homeowners,2025-03-15,Portal,Bound
S-001886,David Harris,120011,LIBM,Homeowners,2025-03-13,IVANS,Quoted
S-001887,Elizabeth Robinson,120233,ALLS,BOP,2025-02-18,Portal,Bound
S-001888,Elizabeth Robinson,120233,LIBM,BOP,2025-03-25,Portal,Declined
S-001889,Gina Graves,120255,CHUB,Personal Auto,2025-02-05,IVANS,Bound
S-001890,Gina Graves,120255,PRGS,Personal Auto,2025-03-15,Email,Quoted
S-001891,Jo Schneider,120088,CHUB,Personal Auto,2025-03-13,Portal,Bound
S-001892,Jo Schneider,120088,FARM,Personal Auto,2025-02-10,IVANS,Declined
S-001893,Jo Schneider,120088,FARM,Personal Auto,2025-01-31,IVANS,Quoted
S-001894,Jo Schneider,120088,GEIC,Personal Auto,2025-02-11,Portal,Declined
S-001895,Paul Miranda,120272,LIBM,Package,2025-03-22,IVANS,Bound
S-001896,Paul Miranda,120272,CHUB,Package,2025-02-26,IVANS,Quoted
S-001897,John Camacho,120012,AMFA,Personal Auto,2025-02-04,IVANS,Bound
S-001898,John Camacho,120012,FARM,Personal Auto,2025-03-05,IVANS,Quoted
S-001899,John Camacho,120012,LIBM,Personal Auto,2025-02-07,IVANS,Declined
S-001900,Janice Ward,120050,LIBM,Personal Auto,2025-03-16,IVANS,Bound
S-001901,Janice Ward,120050,HART,Personal Auto,2025-02-06,IVANS,Quoted
S-001902,Janice Ward,120050,AMFA,Personal Auto,2025-01-31,Email,Quoted
S-001903,Shelly Butler,120224,NATI,Personal Auto,2025-03-25,IVANS,Bound
S-001904,Shelly Butler,120224,ALLS,Personal Auto,2025-02-01,Portal,Declined
S-001905,Danielle Black,120190,GEIC,Personal Auto,2025-02-26,Portal,Bound
S-001906,Danielle Black,120190,NATI,Personal Auto,2025-03-22,Portal,Declined
S-001907,Kevin Pittman,120034,ALLS,Personal Auto,2025-02-23,IVANS,Bound
S-001908,Kevin Pittman,120034,LIBM,Personal Auto,2025-02-11,Portal,Declined
S-001909,Kevin Pittman,120034,CHUB,Personal Auto,2025-03-18,Portal,Quoted
S-001910,Kevin Pittman,120034,GEIC,Personal Auto,2025-03-20,Portal,Quoted
S-001911,Amber Webster,120191,LIBM,Personal Auto,2025-03-10,IVANS,Bound
S-001912,Amber Webster,120191,AMFA,Personal Auto,2025-02-08,Portal,Quoted
S-001913,Amber Webster,120191,ALLS,Personal Auto,2025-03-20,IVANS,Quoted
S-001914,Amber Webster,120191,HART,Personal Auto,2025-02-14,IVANS,Declined
S-001915,Katherine Yu,120129,LIBM,Personal Auto,2025-02-04,Portal,Bound
S-001916,Katherine Yu,120129,PRGS,Personal Auto,2025-02-25,IVANS,Quoted
S-001917,Katherine Yu,120129,ALLS,Personal Auto,2025-02-09,Portal,Quoted
S-001918,Katherine Yu,120129,NATI,Personal Auto,2025-03-13,IVANS,Declined
S-001919,Susan Casey,120026,GEIC,Umbrella,2025-02-07,Portal,Bound
S-001920,Susan Casey,120026,NATI,Umbrella,2025-02-09,IVANS,Quoted
S-001921,Susan Casey,120026,CHUB,Umbrella,2025-02-07,IVANS,Declined
S-001922,Susan Casey,120026,AMFA,Umbrella,2025-02-14,Email,Quoted
S-001923,Nathan Lewis,120092,ALLS,Personal Auto,2025-03-06,IVANS,Bound
S-001924,Nathan Lewis,120092,LIBM,Personal Auto,2025-02-16,Portal,Quoted
S-001925,Nathan Lewis,120092,NATI,Personal Auto,2025-02-24,Portal,Quoted
S-001926,Nathan Lewis,120092,GEIC,Personal Auto,2025-03-17,IVANS,Declined
S-001927,James Hanson,120038,NATI,BOP,2025-03-18,Portal,Bound
S-001928,James Hanson,120038,GEIC,BOP,2025-03-06,Portal,Quoted
S-001929,Kimberly Lewis,120008,NATI,Homeowners,2025-02-02,IVANS,Bound
S-001930,Kimberly Lewis,120008,PRGS,Homeowners,2025-02-11,Portal,Declined
S-001931,Kimberly Lewis,120008,AMFA,Homeowners,2025-03-12,Portal,Quoted
S-001932,Kimberly Lewis,120008,AMFA,Homeowners,2025-02-22,Email,Quoted
S-001933,James Washington,120289,PRGS,WC,2025-03-05,IVANS,Bound
S-001934,James Washington,120289,NATI,WC,2025-02-17,Portal,Quoted
S-001935,Jeffrey Mckenzie,120260,NATI,Personal Auto,2025-03-18,Portal,Bound
S-001936,Jeffrey Mckenzie,120260,PRGS,Personal Auto,2025-02-02,Portal,Quoted
S-001937,Jeffrey Mckenzie,120260,GEIC,Personal Auto,2025-02-07,Portal,Quoted
S-001938,Jeffrey Mckenzie,120260,LIBM,Personal Auto,2025-03-17,Email,Quoted
S-001939,John Castillo,120194,GEIC,Personal Auto,2025-02-12,IVANS,Bound
S-001940,John Castillo,120194,CHUB,Personal Auto,2025-02-05,Portal,Declined
S-001941,John Castillo,120194,ALLS,Personal Auto,2025-02-26,Email,Quoted
S-001942,John Castillo,120194,ALLS,Personal Auto,2025-03-25,Portal,Quoted
S-001943,Kenneth Brown,120290,ALLS,BOP,2025-03-05,Portal,Bound
S-001944,Kenneth Brown,120290,TRAV,BOP,2025-03-14,Portal,Quoted
S-001945,Kenneth Brown,120290,NATI,BOP,2025-03-08,IVANS,Quoted
S-001946,James Edwards,120121,TRAV,Umbrella,2025-03-04,IVANS,Bound
S-001947,James Edwards,120121,FARM,Umbrella,2025-02-25,Portal,Quoted
S-001948,Steven Miller,120252,HART,BOP,2025-02-19,Email,Bound
S-001949,Steven Miller,120252,NATI,BOP,2025-03-16,IVANS,Quoted
S-001950,Jordan Fuller,120224,TRAV,Umbrella,2025-03-24,IVANS,Bound
S-001951,Jordan Fuller,120224,HART,Umbrella,2025-02-06,IVANS,Quoted
S-001952,Angela Brewer,120105,LIBM,Package,2025-03-07,IVANS,Bound
S-001953,Angela Brewer,120105,HART,Package,2025-03-08,IVANS,Quoted
S-001954,Sarah Hernandez,120213,PRGS,WC,2025-03-15,IVANS,Bound
S-001955,Sarah Hernandez,120213,GEIC,WC,2025-02-24,IVANS,Quoted
S-001956,Drew Lopez,120111,AMFA,Umbrella,2025-02-10,Portal,Bound
S-001957,Drew Lopez,120111,NATI,Umbrella,2025-03-08,Portal,Quoted
S-001958,Kevin Gordon,120061,LIBM,Homeowners,2025-02-08,IVANS,Bound
S-001959,Kevin Gordon,120061,AMFA,Homeowners,2025-02-14,Portal,Quoted
S-001960,Lisa Weaver,120049,ALLS,Homeowners,2025-02-03,IVANS,Bound
S-001961,Lisa Weaver,120049,GEIC,Homeowners,2025-02-07,Email,Declined
S-001962,Holly Thomas,120228,ALLS,BOP,2025-03-23,Email,Bound
S-001963,Holly Thomas,120228,CHUB,BOP,2025-02-08,Portal,Declined
S-001964,David Rodriguez,120250,PRGS,Personal Auto,2025-02-23,Portal,Bound
S-001965,David Rodriguez,120250,AMFA,Personal Auto,2025-02-18,IVANS,Declined
S-001966,Kurt Weiss,120024,HART,Umbrella,2025-03-10,Email,Bound
S-001967,Kurt Weiss,120024,TRAV,Umbrella,2025-02-05,Portal,Declined
S-001968,Kurt Weiss,120024,NATI,Umbrella,2025-02-19,Portal,Quoted
S-001969,Kurt Weiss,120024,LIBM,Umbrella,2025-03-17,Email,Quoted
S-001970,Mark Henry,120193,TRAV,Homeowners,2025-02-13,IVANS,Bound
S-001971,Mark Henry,120193,HART,Homeowners,2025-02-18,Portal,Declined
S-001972,Charles Young,120233,TRAV,BOP,2025-02-12,Portal,Bound
S-001973,Charles Young,120233,GEIC,BOP,2025-02-15,Portal,Declined
S-001974,Charles Young,120233,AMFA,BOP,2025-02-13,IVANS,Quoted
S-001975,Charles Young,120233,HART,BOP,2025-03-21,IVANS,Declined
S-001976,Dana Moreno,120266,GEIC,Umbrella,2025-02-02,IVANS,Bound
S-001977,Dana Moreno,120266,ALLS,Umbrella,2025-03-17,Portal,Declined
S-001978,Dana Moreno,120266,ALLS,Umbrella,2025-02-19,Portal,Declined
S-001979,Tonya Myers,120008,ALLS,BOP,2025-03-23,Email,Bound
S-001980,Tonya Myers,120008,HART,BOP,2025-03-13,Portal,Quoted
S-001981,Tonya Myers,120008,CHUB,BOP,2025-03-09,IVANS,Quoted
S-001982,Tonya Myers,120008,GEIC,BOP,2025-03-13,IVANS,Declined
S-001983,Brian Pena,120242,AMFA,Homeowners,2025-03-20,Portal,Bound
S-001984,Brian Pena,120242,TRAV,Homeowners,2025-02-12,Portal,Quoted
S-001985,David Taylor,120062,NATI,Personal Auto,2025-03-11,IVANS,Bound
S-001986,David Taylor,120062,PRGS,Personal Auto,2025-03-16,Portal,Quoted
S-001987,Joshua Williams,120082,NATI,Homeowners,2025-02-01,IVANS,Bound
S-001988,Joshua Williams,120082,AMFA,Homeowners,2025-03-10,Portal,Declined
S-001989,Joshua Williams,120082,FARM,Homeowners,2025-03-21,IVANS,Quoted
S-001990,Matthew Acosta,120129,CHUB,BOP,2025-03-14,IVANS,Bound
S-001991,Matthew Acosta,120129,GEIC,BOP,2025-03-04,Portal,Declined
S-001992,Matthew Acosta,120129,TRAV,BOP,2025-03-17,Portal,Quoted
S-001993,Matthew Acosta,120129,FARM,BOP,2025-03-25,IVANS,Quoted
S-001994,Jesus Fuentes,120221,LIBM,Personal Auto,2025-02-03,Email,Bound
S-001995,Jesus Fuentes,120221,HART,Personal Auto,2025-03-02,Portal,Quoted
S-001996,Richard Chavez,120061,PRGS,Homeowners,2025-03-18,Email,Bound
S-001997,Richard Chavez,120061,GEIC,Homeowners,2025-02-08,Portal,Quoted
S-001998,Eric Wood,120150,GEIC,Personal Auto,2025-02-08,IVANS,Bound
S-001999,Eric Wood,120150,FARM,Personal Auto,2025-03-22,IVANS,Quoted
S-002000,Eric Wood,120150,FARM,Personal Auto,2025-03-07,IVANS,Quoted
S-002001,Christopher Martin,120297,FARM,Umbrella,2025-02-14,Portal,Bound
S-002002,Christopher Martin,120297,AMFA,Umbrella,2025-02-12,Portal,Quoted
S-002003,Christopher Martin,120297,LIBM,Umbrella,2025-03-25,Portal,Quoted
S-002004,Christopher Martin,120297,ALLS,Umbrella,2025-03-21,Portal,Declined
S-002005,Joshua Mcintosh,120274,FARM,Personal Auto,2025-02-10,Portal,Bound
S-002006,Joshua Mcintosh,120274,TRAV,Personal Auto,2025-02-09,Portal,Quoted
S-002007,Richard Roberts,120038,GEIC,Package,2025-03-02,Portal,Bound
S-002008,Richard Roberts,120038,TRAV,Package,2025-02-12,Email,Quoted
S-002009,Richard Roberts,120038,AMFA,Package,2025-02-18,Portal,Quoted
S-002010,Richard Roberts,120038,LIBM,Package,2025-02-28,IVANS,Declined
S-002011,Marc Gonzalez,120011,NATI,WC,2025-03-01,Email,Bound
S-002012,Marc Gonzalez,120011,TRAV,WC,2025-03-22,Portal,Quoted
S-002013,Marc Gonzalez,120011,PRGS,WC,2025-02-19,IVANS,Declined
S-002014,Thomas Smith,120134,HART,Package,2025-02-09,Email,Bound
S-002015,Thomas Smith,120134,TRAV,Package,2025-02-24,IVANS,Declined
S-002016,Thomas Smith,120134,LIBM,Package,2025-03-07,IVANS,Declined
S-002017,Thomas Smith,120134,FARM,Package,2025-03-15,Portal,Quoted
S-002018,James Henson,120058,TRAV,BOP,2025-02-03,Portal,Bound
S-002019,James Henson,120058,ALLS,BOP,2025-03-16,IVANS,Declined
S-002020,James Henson,120058,LIBM,BOP,2025-02-25,IVANS,Quoted
S-002021,James Henson,120058,NATI,BOP,2025-02-01,Portal,Quoted
S-002022,Ashley Randolph,120283,PRGS,Package,2025-03-18,Portal,Bound
S-002023,Ashley Randolph,120283,GEIC,Package,2025-02-24,Portal,Declined
S-002024,Ashley Randolph,120283,LIBM,Package,2025-02-10,Portal,Quoted
S-002025,Brandon Conway,120074,HART,Personal Auto,2025-03-24,Portal,Bound
S-002026,Brandon Conway,120074,TRAV,Personal Auto,2025-02-04,Email,Quoted
S-002027,Brandon Conway,120074,TRAV,Personal Auto,2025-02-21,IVANS,Declined
S-002028,Brandon Conway,120074,FARM,Personal Auto,2025-03-15,IVANS,Declined
S-002029,Sean Wright,120208,NATI,Personal Auto,2025-03-21,IVANS,Bound
S-002030,Sean Wright,120208,CHUB,Personal Auto,2025-02-12,Portal,Declined
S-002031,Arthur Parker,120138,ALLS,Personal Auto,2025-03-11,Portal,Bound
S-002032,Arthur Parker,120138,NATI,Personal Auto,2025-02-27,IVANS,Quoted
S-002033,Arthur Parker,120138,AMFA,Personal Auto,2025-03-13,IVANS,Quoted
S-002034,Arthur Parker,120138,AMFA,Personal Auto,2025-03-11,Portal,Quoted
S-002035,Ashley Lewis,120074,NATI,Package,2025-03-24,Portal,Bound
S-002036,Ashley Lewis,120074,HART,Package,2025-02-16,Email,Quoted
S-002037,Rebecca Fisher,120285,PRGS,BOP,2025-03-06,IVANS,Bound
S-002038,Rebecca Fisher,120285,HART,BOP,2025-02-04,Portal,Quoted
S-002039,Rebecca Fisher,120285,NATI,BOP,2025-02-23,IVANS,Declined
S-002040,Rebecca Fisher,120285,TRAV,BOP,2025-03-12,Portal,Quoted
S-002041,Brian Farrell,120218,FARM,BOP,2025-02-14,IVANS,Bound
S-002042,Brian Farrell,120218,CHUB,BOP,2025-02-15,IVANS,Quoted
S-002043,Nancy Johnson,120206,ALLS,Personal Auto,2025-02-10,Portal,Bound
S-002044,Nancy Johnson,120206,FARM,Personal Auto,2025-03-03,Portal,Quoted
S-002045,Laura Clark,120000,TRAV,WC,2025-03-13,IVANS,Bound
S-002046,Laura Clark,120000,PRGS,WC,2025-02-06,IVANS,Quoted
S-002047,Laura Clark,120000,HART,WC,2025-03-11,Email,Quoted
S-002048,Todd Harris,120050,LIBM,BOP,2025-03-08,Portal,Bound
S-002049,Todd Harris,120050,HART,BOP,2025-03-16,Portal,Quoted
S-002050,Patrick Ochoa,120252,TRAV,WC,2025-03-06,Portal,Bound
S-002051,Patrick Ochoa,120252,CHUB,WC,2025-03-10,Portal,Declined
S-002052,Lisa Roberts,120260,FARM,Personal Auto,2025-02-27,IVANS,Bound
S-002053,Lisa Roberts,120260,TRAV,Personal Auto,2025-03-19,Email,Declined
S-002054,Lisa Roberts,120260,HART,Personal Auto,2025-02-11,IVANS,Declined
S-002055,Lisa Roberts,120260,CHUB,Personal Auto,2025-02-14,IVANS,Declined
S-002056,John Chavez,120179,FARM,BOP,2025-02-03,IVANS,Bound
S-002057,John Chavez,120179,AMFA,BOP,2025-03-03,IVANS,Quoted
S-002058,Mike Cooke,120209,NATI,Personal Auto,2025-03-10,IVANS,Bound
S-002059,Mike Cooke,120209,FARM,Personal Auto,2025-03-25,IVANS,Declined
S-002060,Mike Cooke,120209,CHUB,Personal Auto,2025-02-16,Portal,Quoted
S-002061,Mike Cooke,120209,FARM,Personal Auto,2025-03-18,Email,Quoted
S-002062,Frank Bates,120060,TRAV,WC,2025-02-23,Portal,Bound
S-002063,Frank Bates,120060,CHUB,WC,2025-02-02,IVANS,Quoted
S-002064,Tara Gonzalez,120037,ALLS,Package,2025-03-19,Portal,Bound
S-002065,Tara Gonzalez,120037,HART,Package,2025-03-08,Portal,Quoted
S-002066,Latasha Leonard,120264,LIBM,WC,2025-02-10,IVANS,Bound
S-002067,Latasha Leonard,120264,AMFA,WC,2025-02-10,IVANS,Declined
S-002068,Latasha Leonard,120264,NATI,WC,2025-03-22,Portal,Declined
S-002069,Latasha Leonard,120264,TRAV,WC,2025-03-10,IVANS,Declined
S-002070,Eric Williams,120267,TRAV,WC,2025-03-01,IVANS,Bound
S-002071,Eric Williams,120267,HART,WC,2025-02-27,Portal,Quoted
S-002072,Eric Williams,120267,CHUB,WC,2025-02-01,IVANS,Declined
S-002073,Eric Williams,120267,FARM,WC,2025-02-18,Portal,Declined
S-002074,Clinton Brown,120299,HART,Personal Auto,2025-02-21,Portal,Bound
S-002075,Clinton Brown,120299,PRGS,Personal Auto,2025-03-21,Portal,Declined
S-002076,Ashlee Montoya,120134,TRAV,Personal Auto,2025-03-09,Portal,Bound
S-002077,Ashlee Montoya,120134,ALLS,Personal Auto,2025-02-16,Portal,Quoted
S-002078,Ashlee Montoya,120134,NATI,Personal Auto,2025-03-11,Portal,Quoted
S-002079,Ashlee Montoya,120134,CHUB,Personal Auto,2025-03-09,Portal,Quoted
S-002080,Judith Mccoy,120260,ALLS,Personal Auto,2025-02-16,Portal,Bound
S-002081,Judith Mccoy,120260,AMFA,Personal Auto,2025-02-28,Portal,Quoted
S-002082,James Boyd,120193,LIBM,BOP,2025-02-26,Portal,Bound
S-002083,James Boyd,120193,PRGS,BOP,2025-02-08,Portal,Quoted
S-002084,James Boyd,120193,HART,BOP,2025-02-03,IVANS,Quoted
S-002085,Emily Smith,120180,HART,Homeowners,2025-03-08,IVANS,Bound
S-002086,Emily Smith,120180,AMFA,Homeowners,2025-02-02,Portal,Quoted
S-002087,Linda Johnson,120115,PRGS,Homeowners,2025-02-01,IVANS,Bound
S-002088,Linda Johnson,120115,LIBM,Homeowners,2025-03-04,IVANS,Quoted
S-002089,Kimberly Gonzales,120176,HART,WC,2025-02-12,Email,Bound
S-002090,Kimberly Gonzales,120176,FARM,WC,2025-02-27,Portal,Quoted
S-002091,Sierra Sandoval,120165,FARM,Personal Auto,2025-02-10,IVANS,Bound
S-002092,Sierra Sandoval,120165,TRAV,Personal Auto,2025-03-15,IVANS,Quoted
S-002093,Hannah Sanchez,120270,LIBM,Personal Auto,2025-02-09,IVANS,Bound
S-002094,Hannah Sanchez,120270,FARM,Personal Auto,2025-03-08,Portal,Quoted
S-002095,Hannah Sanchez,120270,FARM,Personal Auto,2025-03-08,Portal,Declined
S-002096,Charles Fuller,120218,PRGS,WC,2025-03-20,IVANS,Bound
S-002097,Charles Fuller,120218,ALLS,WC,2025-03-25,IVANS,Declined
S-002098,Sarah Holder,120180,PRGS,Personal Auto,2025-03-25,Portal,Bound
S-002099,Sarah Holder,120180,GEIC,Personal Auto,2025-03-22,IVANS,Quoted
S-002100,Sarah Holder,120180,TRAV,Personal Auto,2025-02-26,IVANS,Quoted
S-002101,Michael Jones,120122,GEIC,WC,2025-03-16,Portal,Bound
S-002102,Michael Jones,120122,TRAV,WC,2025-02-28,IVANS,Declined
S-002103,Michael Jones,120122,FARM,WC,2025-03-05,Email,Quoted
S-002104,Michael Jones,120122,ALLS,WC,2025-03-01,IVANS,Declined
S-002105,Angela Wilkins,120100,AMFA,Homeowners,2025-02-17,Portal,Bound
S-002106,Angela Wilkins,120100,ALLS,Homeowners,2025-03-16,IVANS,Quoted
S-002107,Angela Wilkins,120100,FARM,Homeowners,2025-02-14,IVANS,Quoted
S-002108,Leah Bender,120057,TRAV,Personal Auto,2025-03-25,Portal,Bound
S-002109,Leah Bender,120057,PRGS,Personal Auto,2025-02-17,IVANS,Declined
S-002110,Leah Bender,120057,HART,Personal Auto,2025-03-16,Email,Declined
S-002111,Luis Sutton,120095,GEIC,Homeowners,2025-02-24,Portal,Bound
S-002112,Luis Sutton,120095,PRGS,Homeowners,2025-02-02,Portal,Quoted
S-002113,Luis Sutton,120095,FARM,Homeowners,2025-02-18,Portal,Quoted
S-002114,Luis Sutton,120095,NATI,Homeowners,2025-02-13,IVANS,Quoted
S-002115,Brandi Wilson,120023,AMFA,Umbrella,2025-02-06,IVANS,Bound
S-002116,Brandi Wilson,120023,FARM,Umbrella,2025-02-22,IVANS,Quoted
S-002117,Brandi Wilson,120023,CHUB,Umbrella,2025-02-22,Portal,Declined
S-002118,Brandi Wilson,120023,LIBM,Umbrella,2025-02-28,Portal,Quoted
S-002119,Elizabeth Simpson,120040,LIBM,Homeowners,2025-03-18,IVANS,Bound
S-002120,Elizabeth Simpson,120040,FARM,Homeowners,2025-03-23,Portal,Quoted
S-002121,Emily Davis,120222,FARM,Personal Auto,2025-02-13,Portal,Bound
S-002122,Emily Davis,120222,AMFA,Personal Auto,2025-03-16,Portal,Quoted
S-002123,Emily Davis,120222,TRAV,Personal Auto,2025-03-07,Portal,Quoted
S-002124,Sarah Davenport,120208,TRAV,Homeowners,2025-02-14,Email,Bound
S-002125,Sarah Davenport,120208,GEIC,Homeowners,2025-02-24,IVANS,Quoted
S-002126,Sarah Davenport,120208,FARM,Homeowners,2025-03-23,Portal,Quoted
S-002127,Jeremy Woodward,120042,ALLS,Personal Auto,2025-02-24,Email,Bound
S-002128,Jeremy Woodward,120042,TRAV,Personal Auto,2025-02-13,Portal,Declined
S-002129,Jeremy Woodward,120042,GEIC,Personal Auto,2025-03-15,Portal,Declined
S-002130,Angela Duncan,120108,FARM,Homeowners,2025-02-10,IVANS,Bound
S-002131,Angela Duncan,120108,GEIC,Homeowners,2025-02-10,IVANS,Declined
S-002132,Angela Duncan,120108,CHUB,Homeowners,2025-03-21,Portal,Quoted
S-002133,Katherine Oliver,120092,HART,Umbrella,2025-03-16,Portal,Bound
S-002134,Katherine Oliver,120092,TRAV,Umbrella,2025-02-13,Portal,Declined
S-002135,Katherine Oliver,120092,GEIC,Umbrella,2025-02-21,IVANS,Declined
S-002136,Michelle Chandler,120112,ALLS,Homeowners,2025-02-26,IVANS,Bound
S-002137,Michelle Chandler,120112,LIBM,Homeowners,2025-02-12,Portal,Declined
S-002138,Megan Coleman,120156,TRAV,Homeowners,2025-02-19,Email,Bound
S-002139,Megan Coleman,120156,LIBM,Homeowners,2025-02-16,Email,Declined
S-002140,Megan Coleman,120156,LIBM,Homeowners,2025-02-12,Portal,Quoted
S-002141,Megan Coleman,120156,HART,Homeowners,2025-03-08,Portal,Quoted
S-002142,Katherine Small,120053,PRGS,BOP,2025-02-26,IVANS,Bound
S-002143,Katherine Small,120053,AMFA,BOP,2025-03-03,Portal,Quoted
S-002144,Katherine Small,120053,ALLS,BOP,2025-02-23,Portal,Quoted
S-002145,Brian Martinez,120238,TRAV,Umbrella,2025-03-17,Email,Bound
S-002146,Brian Martinez,120238,LIBM,Umbrella,2025-02-04,IVANS,Quoted
S-002147,Paul Roberts,120125,GEIC,Personal Auto,2025-03-23,IVANS,Bound
S-002148,Paul Roberts,120125,AMFA,Personal Auto,2025-02-06,IVANS,Quoted
S-002149,Paul Roberts,120125,FARM,Personal Auto,2025-03-23,IVANS,Quoted
S-002150,Amy Hernandez,120229,LIBM,Package,2025-03-25,IVANS,Bound
S-002151,Amy Hernandez,120229,CHUB,Package,2025-03-21,IVANS,Quoted
S-002152,Amy Hernandez,120229,ALLS,Package,2025-01-31,IVANS,Declined
S-002153,Amy Hernandez,120229,HART,Package,2025-02-13,Portal,Declined
S-002154,Mary King,120100,HART,Package,2025-02-04,Email,Bound
S-002155,Mary King,120100,ALLS,Package,2025-03-04,Portal,Quoted
S-002156,Mary King,120100,GEIC,Package,2025-03-23,IVANS,Quoted
S-002157,Tony Gordon,120170,NATI,WC,2025-03-24,Portal,Bound
S-002158,Tony Gordon,120170,CHUB,WC,2025-03-11,Portal,Quoted
S-002159,Tony Gordon,120170,LIBM,WC,2025-02-08,IVANS,Quoted
S-002160,Mary Rowe,120176,PRGS,Personal Auto,2025-02-01,Portal,Bound
S-002161,Mary Rowe,120176,FARM,Personal Auto,2025-03-16,Portal,Quoted
S-002162,Roberto Velasquez,120014,PRGS,Personal Auto,2025-03-24,Portal,Bound
S-002163,Roberto Velasquez,120014,LIBM,Personal Auto,2025-03-15,Portal,Quoted
S-002164,Roberto Velasquez,120014,TRAV,Personal Auto,2025-03-05,IVANS,Quoted
S-002165,Roberto Velasquez,120014,CHUB,Personal Auto,2025-03-20,Portal,Quoted
S-002166,Thomas Ruiz,120136,GEIC,Homeowners,2025-02-02,IVANS,Bound
S-002167,Thomas Ruiz,120136,ALLS,Homeowners,2025-03-13,Portal,Declined
S-002168,Thomas Ruiz,120136,ALLS,Homeowners,2025-03-02,IVANS,Quoted
S-002169,Monica Webb,120268,PRGS,Umbrella,2025-03-06,IVANS,Bound
S-002170,Monica Webb,120268,GEIC,Umbrella,2025-02-25,Portal,Quoted
S-002171,Monica Webb,120268,GEIC,Umbrella,2025-03-24,Portal,Quoted
S-002172,Douglas Scott,120293,AMFA,Personal Auto,2025-03-17,Portal,Bound
S-002173,Douglas Scott,120293,FARM,Personal Auto,2025-03-09,Portal,Declined
S-002174,Douglas Scott,120293,TRAV,Personal Auto,2025-02-25,IVANS,Quoted
S-002175,Stephanie Evans,120298,NATI,Personal Auto,2025-03-16,IVANS,Bound
S-002176,Stephanie Evans,120298,HART,Personal Auto,2025-02-10,IVANS,Quoted
S-002177,Michael Stewart,120204,HART,WC,2025-02-13,IVANS,Bound
S-002178,Michael Stewart,120204,TRAV,WC,2025-02-02,Portal,Quoted
S-002179,Michael Stewart,120204,ALLS,WC,2025-02-26,IVANS,Quoted
S-002180,Michael Stewart,120204,ALLS,WC,2025-03-15,IVANS,Quoted
S-002181,Patrick Walters,120192,GEIC,Personal Auto,2025-01-31,IVANS,Bound
S-002182,Patrick Walters,120192,LIBM,Personal Auto,2025-02-28,Email,Quoted
S-002183,Patrick Walters,120192,HART,Personal Auto,2025-03-08,IVANS,Quoted
S-002184,Carl Barnes,120167,ALLS,WC,2025-03-03,Portal,Bound
S-002185,Carl Barnes,120167,FARM,WC,2025-02-02,Portal,Declined
S-002186,Drew Davis,120051,LIBM,Homeowners,2025-02-24,Portal,Bound
S-002187,Drew Davis,120051,TRAV,Homeowners,2025-03-03,Portal,Declined
S-002188,Drew Davis,120051,NATI,Homeowners,2025-03-02,IVANS,Quoted
S-002189,Drew Davis,120051,ALLS,Homeowners,2025-02-10,IVANS,Declined
S-002190,Marvin Bowman,120160,NATI,Umbrella,2025-02-07,Email,Bound
S-002191,Marvin Bowman,120160,LIBM,Umbrella,2025-03-05,Portal,Declined
S-002192,Marvin Bowman,120160,CHUB,Umbrella,2025-03-08,Email,Quoted
S-002193,Marvin Bowman,120160,AMFA,Umbrella,2025-02-21,IVANS,Quoted
S-002194,Julie Campbell,120108,NATI,Personal Auto,2025-03-06,IVANS,Bound
S-002195,Julie Campbell,120108,PRGS,Personal Auto,2025-03-13,Portal,Quoted
S-002196,Amber Caldwell,120191,AMFA,BOP,2025-03-09,Portal,Bound
S-002197,Amber Caldwell,120191,GEIC,BOP,2025-02-21,IVANS,Quoted
S-002198,Adam Oliver,120255,LIBM,Personal Auto,2025-02-11,IVANS,Bound
S-002199,Adam Oliver,120255,AMFA,Personal Auto,2025-02-18,Portal,Quoted
S-002200,Adam Oliver,120255,CHUB,Personal Auto,2025-03-07,Portal,Quoted
S-002201,Melissa Williams,120186,AMFA,Homeowners,2025-02-25,Portal,Bound
S-002202,Melissa Williams,120186,HART,Homeowners,2025-03-16,Email,Quoted
S-002203,Martin Oliver,120104,TRAV,Homeowners,2025-01-31,IVANS,Bound
S-002204,Martin Oliver,120104,HART,Homeowners,2025-03-01,Portal,Declined
S-002205,Martin Oliver,120104,AMFA,Homeowners,2025-02-25,IVANS,Quoted
S-002206,Martin Oliver,120104,AMFA,Homeowners,2025-03-12,IVANS,Quoted
S-002207,Jonathan Collins,120218,PRGS,Homeowners,2025-02-07,IVANS,Bound
S-002208,Jonathan Collins,120218,HART,Homeowners,2025-03-15,Portal,Quoted
S-002209,Jonathan Collins,120218,LIBM,Homeowners,2025-02-13,IVANS,Quoted
S-002210,Jonathan Collins,120218,AMFA,Homeowners,2025-03-19,Portal,Quoted
S-002211,Mckenzie Bowen,120032,LIBM,Homeowners,2025-03-20,Email,Bound
S-002212,Mckenzie Bowen,120032,GEIC,Homeowners,2025-03-14,IVANS,Declined
S-002213,Charlotte Thompson,120026,NATI,Umbrella,2025-02-16,Portal,Bound
S-002214,Charlotte Thompson,120026,AMFA,Umbrella,2025-03-20,IVANS,Declined
S-002215,Charlotte Thompson,120026,CHUB,Umbrella,2025-02-18,Portal,Declined
S-002216,Charlotte Thompson,120026,PRGS,Umbrella,2025-02-20,IVANS,Quoted
S-002217,Tiffany Perez,120261,ALLS,BOP,2025-03-05,Portal,Bound
S-002218,Tiffany Perez,120261,PRGS,BOP,2025-02-22,IVANS,Quoted
S-002219,Tiffany Perez,120261,HART,BOP,2025-02-09,IVANS,Quoted
S-002220,Tiffany Perez,120261,NATI,BOP,2025-02-26,Portal,Quoted
S-002221,Joseph Gamble,120194,ALLS,Homeowners,2025-03-08,IVANS,Bound
S-002222,Joseph Gamble,120194,FARM,Homeowners,2025-03-12,Portal,Quoted
S-002223,Dustin Diaz,120221,ALLS,Umbrella,2025-02-16,Portal,Bound
S-002224,Dustin Diaz,120221,LIBM,Umbrella,2025-02-21,Portal,Quoted
S-002225,Dustin Diaz,120221,TRAV,Umbrella,2025-02-23,Portal,Quoted
S-002226,Dustin Diaz,120221,LIBM,Umbrella,2025-03-15,Email,Declined
S-002227,Christopher Herrera,120223,PRGS,WC,2025-02-14,Portal,Bound
S-002228,Christopher Herrera,120223,FARM,WC,2025-02-07,Email,Quoted
S-002229,Christopher Herrera,120223,TRAV,WC,2025-02-07,Portal,Quoted
S-002230,Kathryn Hill,120098,FARM,BOP,2025-02-03,Portal,Bound
S-002231,Kathryn Hill,120098,ALLS,BOP,2025-03-24,Portal,Quoted
S-002232,Kathryn Hill,120098,PRGS,BOP,2025-03-23,IVANS,Quoted
S-002233,Stacy Cole,120197,HART,Personal Auto,2025-02-13,IVANS,Bound
S-002234,Stacy Cole,120197,PRGS,Personal Auto,2025-03-05,Portal,Quoted
S-002235,Stacy Cole,120197,AMFA,Personal Auto,2025-02-14,IVANS,Quoted
S-002236,Stacy Cole,120197,LIBM,Personal Auto,2025-03-05,Portal,Quoted
S-002237,Erin Patton,120077,AMFA,Personal Auto,2025-02-22,Portal,Bound
S-002238,Erin Patton,120077,ALLS,Personal Auto,2025-02-01,Portal,Quoted
S-002239,Erin Patton,120077,ALLS,Personal Auto,2025-02-10,IVANS,Declined
S-002240,Wendy Wang,120037,HART,Homeowners,2025-03-17,Portal,Bound
S-002241,Wendy Wang,120037,GEIC,Homeowners,2025-02-09,IVANS,Quoted
S-002242,Wendy Wang,120037,AMFA,Homeowners,2025-03-24,IVANS,Quoted
S-002243,Wendy Wang,120037,PRGS,Homeowners,2025-02-20,IVANS,Quoted
S-002244,John Lindsey,120090,LIBM,Homeowners,2025-02-06,IVANS,Bound
S-002245,John Lindsey,120090,ALLS,Homeowners,2025-02-01,Email,Quoted
S-002246,John Lindsey,120090,AMFA,Homeowners,2025-03-25,IVANS,Declined
S-002247,Meghan Woods,120160,TRAV,Personal Auto,2025-03-01,IVANS,Bound
S-002248,Meghan Woods,120160,FARM,Personal Auto,2025-03-15,IVANS,Declined
S-002249,Carrie Gibson,120048,ALLS,Homeowners,2025-03-18,IVANS,Bound
S-002250,Carrie Gibson,120048,AMFA,Homeowners,2025-03-20,Portal,Declined
S-002251,Carrie Gibson,120048,PRGS,Homeowners,2025-03-12,Portal,Quoted
S-002252,Carrie Gibson,120048,TRAV,Homeowners,2025-03-09,IVANS,Quoted
S-002253,Michelle Collins,120107,HART,Umbrella,2025-02-25,Email,Bound
S-002254,Michelle Collins,120107,CHUB,Umbrella,2025-02-11,Portal,Declined
S-002255,Michelle Collins,120107,PRGS,Umbrella,2025-03-22,IVANS,Declined
S-002256,Michelle Collins,120107,PRGS,Umbrella,2025-02-11,Portal,Declined
S-002257,Carrie Carr,120008,CHUB,Homeowners,2025-02-06,IVANS,Bound
S-002258,Carrie Carr,120008,AMFA,Homeowners,2025-02-22,Portal,Quoted
S-002259,Michelle Phillips,120217,HART,Homeowners,2025-01-31,IVANS,Bound
S-002260,Michelle Phillips,120217,CHUB,Homeowners,2025-02-10,IVANS,Quoted
S-002261,Michelle Phillips,120217,GEIC,Homeowners,2025-03-25,Portal,Declined
S-002262,Michelle Phillips,120217,CHUB,Homeowners,2025-03-02,Portal,Declined
S-002263,Peter Grant,120123,TRAV,WC,2025-03-12,IVANS,Bound
S-002264,Peter Grant,120123,ALLS,WC,2025-03-07,Portal,Quoted
S-002265,Brian Smith,120087,HART,Personal Auto,2025-02-13,Portal,Bound
S-002266,Brian Smith,120087,TRAV,Personal Auto,2025-02-19,IVANS,Declined
S-002267,Brian Smith,120087,PRGS,Personal Auto,2025-02-06,Portal,Quoted
S-002268,Thomas Matthews,120263,LIBM,Personal Auto,2025-03-16,Portal,Bound
S-002269,Thomas Matthews,120263,ALLS,Personal Auto,2025-03-14,Portal,Declined
S-002270,Thomas Matthews,120263,AMFA,Personal Auto,2025-03-18,IVANS,Declined
S-002271,Randall Tran,120091,CHUB,BOP,2025-03-08,Portal,Bound
S-002272,Randall Tran,120091,LIBM,BOP,2025-02-17,Portal,Declined
S-002273,Randall Tran,120091,PRGS,BOP,2025-03-02,Email,Quoted
S-002274,Randall Tran,120091,FARM,BOP,2025-03-01,Portal,Quoted
S-002275,Steven Rivera,120042,ALLS,Personal Auto,2025-01-31,Portal,Bound
S-002276,Steven Rivera,120042,TRAV,Personal Auto,2025-02-11,IVANS,Declined
S-002277,Steven Rivera,120042,PRGS,Personal Auto,2025-02-22,Portal,Declined
S-002278,Steven Rivera,120042,GEIC,Personal Auto,2025-03-21,IVANS,Declined
S-002279,David Barnett,120023,CHUB,WC,2025-02-21,IVANS,Bound
S-002280,David Barnett,120023,PRGS,WC,2025-03-05,IVANS,Quoted
S-002281,David Barnett,120023,GEIC,WC,2025-02-11,Portal,Declined
S-002282,Jennifer Howard,120163,GEIC,Homeowners,2025-02-19,Email,Bound
S-002283,Jennifer Howard,120163,PRGS,Homeowners,2025-02-06,IVANS,Declined
S-002284,Jennifer Howard,120163,HART,Homeowners,2025-02-02,Portal,Declined
S-002285,Jennifer Howard,120163,AMFA,Homeowners,2025-02-22,IVANS,Quoted
S-002286,Stanley Turner,120208,LIBM,BOP,2025-02-23,Portal,Bound
S-002287,Stanley Turner,120208,FARM,BOP,2025-03-11,IVANS,Quoted
S-002288,William Hunt,120248,PRGS,WC,2025-02-23,IVANS,Bound
S-002289,William Hunt,120248,CHUB,WC,2025-02-27,Portal,Declined
S-002290,Michael Huffman,120078,PRGS,Personal Auto,2025-03-02,Email,Bound
S-002291,Michael Huffman,120078,ALLS,Personal Auto,2025-02-03,Portal,Quoted
S-002292,Michael Huffman,120078,TRAV,Personal Auto,2025-03-03,IVANS,Quoted
S-002293,Michael Huffman,120078,LIBM,Personal Auto,2025-03-13,IVANS,Quoted
S-002294,Nicholas Ellis,120055,TRAV,Homeowners,2025-03-20,Portal,Bound
S-002295,Nicholas Ellis,120055,FARM,Homeowners,2025-03-10,IVANS,Declined
S-002296,Nicholas Ellis,120055,LIBM,Homeowners,2025-02-18,IVANS,Quoted
S-002297,Lauren Callahan,120143,TRAV,Umbrella,2025-03-14,Email,Bound
S-002298,Lauren Callahan,120143,PRGS,Umbrella,2025-03-19,Email,Declined
S-002299,James Rodriguez,120176,ALLS,Homeowners,2025-02-04,IVANS,Bound
S-002300,James Rodriguez,120176,TRAV,Homeowners,2025-02-26,IVANS,Quoted
S-002301,James Rodriguez,120176,AMFA,Homeowners,2025-03-25,IVANS,Quoted
S-002302,James Rodriguez,120176,AMFA,Homeowners,2025-03-01,IVANS,Declined
S-002303,Alison Ortega,120198,GEIC,Homeowners,2025-03-23,Portal,Bound
S-002304,Alison Ortega,120198,AMFA,Homeowners,2025-03-11,IVANS,Quoted
S-002305,Alison Ortega,120198,FARM,Homeowners,2025-02-07,Portal,Quoted
S-002306,Susan Flores,120246,TRAV,BOP,2025-02-19,IVANS,Bound
S-002307,Susan Flores,120246,PRGS,BOP,2025-02-06,Email,Quoted
S-002308,Andrew Pace,120115,GEIC,Personal Auto,2025-02-27,Portal,Bound
S-002309,Andrew Pace,120115,PRGS,Personal Auto,2025-03-02,Email,Quoted
S-002310,Samantha Clark,120272,PRGS,Personal Auto,2025-03-15,Portal,Bound
S-002311,Samantha Clark,120272,AMFA,Personal Auto,2025-02-17,Portal,Quoted
S-002312,Samantha Clark,120272,HART,Personal Auto,2025-03-22,Email,Quoted
S-002313,Samantha Clark,120272,CHUB,Personal Auto,2025-02-27,IVANS,Declined
S-002314,Kelly Harris,120220,CHUB,WC,2025-02-04,Portal,Bound
S-002315,Kelly Harris,120220,GEIC,WC,2025-02-27,IVANS,Quoted
S-002316,Christie Hall,120164,FARM,Personal Auto,2025-03-22,Portal,Bound
S-002317,Christie Hall,120164,CHUB,Personal Auto,2025-03-02,Portal,Quoted
S-002318,Christie Hall,120164,AMFA,Personal Auto,2025-03-10,IVANS,Quoted
S-002319,Christie Hall,120164,TRAV,Personal Auto,2025-01-31,Email,Quoted
S-002320,Eric Daniels,120241,HART,Homeowners,2025-02-11,IVANS,Bound
S-002321,Eric Daniels,120241,TRAV,Homeowners,2025-03-20,IVANS,Declined
S-002322,James Foster,120271,TRAV,Homeowners,2025-03-15,Email,Bound
S-002323,James Foster,120271,HART,Homeowners,2025-03-22,IVANS,Quoted
S-002324,James Foster,120271,FARM,Homeowners,2025-03-13,Portal,Quoted
S-002325,James Foster,120271,LIBM,Homeowners,2025-02-04,IVANS,Declined
S-002326,Janet Henry,120050,FARM,Personal Auto,2025-03-13,Portal,Bound
S-002327,Janet Henry,120050,LIBM,Personal Auto,2025-02-05,Portal,Declined
S-002328,Janet Henry,120050,TRAV,Personal Auto,2025-03-21,IVANS,Quoted
S-002329,Janet Henry,120050,NATI,Personal Auto,2025-03-15,IVANS,Quoted
S-002330,Elizabeth Gray,120268,AMFA,Homeowners,2025-02-21,Portal,Bound
S-002331,Elizabeth Gray,120268,CHUB,Homeowners,2025-03-08,IVANS,Quoted
S-002332,Elizabeth Gray,120268,FARM,Homeowners,2025-02-08,Portal,Declined
S-002333,Elizabeth Gray,120268,GEIC,Homeowners,2025-03-01,IVANS,Quoted
S-002334,Cynthia Chen,120165,LIBM,Homeowners,2025-01-31,IVANS,Bound
S-002335,Cynthia Chen,120165,PRGS,Homeowners,2025-03-21,Portal,Quoted
S-002336,Cynthia Chen,120165,TRAV,Homeowners,2025-03-22,Portal,Quoted
S-002337,Joseph Bennett,120281,GEIC,BOP,2025-02-14,Email,Bound
S-002338,Joseph Bennett,120281,TRAV,BOP,2025-03-01,Portal,Quoted
S-002339,Joseph Bennett,120281,CHUB,BOP,2025-03-02,IVANS,Quoted
S-002340,Joseph Bennett,120281,PRGS,BOP,2025-03-25,IVANS,Quoted
S-002341,Brandi Parker,120199,AMFA,Personal Auto,2025-02-26,Portal,Bound
S-002342,Brandi Parker,120199,GEIC,Personal Auto,2025-03-12,Portal,Quoted
S-002343,Brandi Parker,120199,CHUB,Personal Auto,2025-02-18,IVANS,Declined
S-002344,Brooke Sanders,120192,FARM,Homeowners,2025-02-05,IVANS,Bound
S-002345,Brooke Sanders,120192,HART,Homeowners,2025-03-17,IVANS,Quoted
S-002346,Brooke Sanders,120192,GEIC,Homeowners,2025-02-13,IVANS,Declined
S-002347,Brooke Sanders,120192,GEIC,Homeowners,2025-02-27,Portal,Quoted
S-002348,Joshua Foster,120276,TRAV,Personal Auto,2025-02-03,IVANS,Bound
S-002349,Joshua Foster,120276,ALLS,Personal Auto,2025-03-24,Portal,Quoted
S-002350,Joshua Foster,120276,NATI,Personal Auto,2025-02-26,IVANS,Quoted
S-002351,Joshua Foster,120276,LIBM,Personal Auto,2025-03-05,IVANS,Quoted
S-002352,Kim Scott,120207,TRAV,Homeowners,2025-02-10,IVANS,Bound
S-002353,Kim Scott,120207,NATI,Homeowners,2025-03-08,Portal,Quoted
S-002354,Charles Simmons,120019,ALLS,WC,2025-02-04,Portal,Bound
S-002355,Charles Simmons,120019,LIBM,WC,2025-02-13,IVANS,Declined
S-002356,Charles Simmons,120019,HART,WC,2025-03-18,IVANS,Quoted
S-002357,Carrie Davis,120056,HART,Personal Auto,2025-02-11,Portal,Bound
S-002358,Carrie Davis,120056,FARM,Personal Auto,2025-03-15,IVANS,Declined
S-002359,Carrie Davis,120056,ALLS,Personal Auto,2025-03-01,IVANS,Declined
S-002360,Carrie Davis,120056,FARM,Personal Auto,2025-03-06,IVANS,Quoted
S-002361,Brandy Wells,120014,AMFA,Personal Auto,2025-02-14,Portal,Bound
S-002362,Brandy Wells,120014,NATI,Personal Auto,2025-02-25,IVANS,Quoted
S-002363,David Sanders,120166,LIBM,BOP,2025-02-28,Portal,Bound
S-002364,David Sanders,120166,CHUB,BOP,2025-03-14,Portal,Quoted
S-002365,David Sanders,120166,FARM,BOP,2025-03-01,Portal,Quoted
S-002366,Christian Walker,120250,FARM,WC,2025-02-19,IVANS,Bound
S-002367,Christian Walker,120250,TRAV,WC,2025-02-01,IVANS,Declined
S-002368,Christian Walker,120250,HART,WC,2025-02-04,Portal,Quoted
S-002369,Anne Brown,120127,ALLS,BOP,2025-02-15,IVANS,Bound
S-002370,Anne Brown,120127,NATI,BOP,2025-02-01,IVANS,Quoted
S-002371,Anne Brown,120127,TRAV,BOP,2025-02-20,IVANS,Quoted
S-002372,Anne Brown,120127,NATI,BOP,2025-03-03,Portal,Quoted
S-002373,Donald Murray,120259,NATI,BOP,2025-03-10,IVANS,Bound
S-002374,Donald Murray,120259,GEIC,BOP,2025-02-16,IVANS,Quoted
S-002375,Cristian Johnson,120238,LIBM,Homeowners,2025-02-24,IVANS,Bound
S-002376,Cristian Johnson,120238,CHUB,Homeowners,2025-02-25,IVANS,Quoted
S-002377,Jessica Watson,120186,FARM,Homeowners,2025-02-11,Email,Bound
S-002378,Jessica Watson,120186,ALLS,Homeowners,2025-03-12,Portal,Declined
S-002379,Cindy Lee,120161,TRAV,Personal Auto,2025-03-24,IVANS,Bound
S-002380,Cindy Lee,120161,NATI,Personal Auto,2025-02-28,Portal,Quoted
S-002381,Cindy Lee,120161,PRGS,Personal Auto,2025-03-24,Portal,Declined
S-002382,Elaine Hernandez,120065,NATI,Personal Auto,2025-02-16,Portal,Bound
S-002383,Elaine Hernandez,120065,ALLS,Personal Auto,2025-03-24,IVANS,Declined
S-002384,Michael Daniel,120155,LIBM,Personal Auto,2025-02-22,IVANS,Bound
S-002385,Michael Daniel,120155,NATI,Personal Auto,2025-02-17,Portal,Quoted
S-002386,Michael Daniel,120155,HART,Personal Auto,2025-03-09,Portal,Declined
S-002387,Michael Daniel,120155,TRAV,Personal Auto,2025-03-17,IVANS,Quoted
S-002388,Tammy Hall,120085,PRGS,Personal Auto,2025-02-12,Portal,Bound
S-002389,Tammy Hall,120085,TRAV,Personal Auto,2025-03-05,IVANS,Quoted
S-002390,Tammy Hall,120085,NATI,Personal Auto,2025-03-08,Portal,Quoted
S-002391,Nicole Hess,120244,ALLS,Personal Auto,2025-02-12,Portal,Bound
S-002392,Nicole Hess,120244,AMFA,Personal Auto,2025-02-15,Portal,Declined
S-002393,Nicole Hess,120244,HART,Personal Auto,2025-03-20,IVANS,Declined
S-002394,Nicole Hess,120244,GEIC,Personal Auto,2025-02-15,Portal,Declined
S-002395,Christopher Walters,120226,FARM,Homeowners,2025-02-21,IVANS,Bound
S-002396,Christopher Walters,120226,HART,Homeowners,2025-03-22,IVANS,Declined
S-002397,Robert Werner,120123,CHUB,WC,2025-03-12,Portal,Bound
S-002398,Robert Werner,120123,LIBM,WC,2025-02-10,IVANS,Quoted
S-002399,Kristi Wood,120174,FARM,BOP,2025-03-04,Portal,Bound
S-002400,Kristi Wood,120174,GEIC,BOP,2025-03-21,IVANS,Quoted
S-002401,Kristi Wood,120174,ALLS,BOP,2025-02-13,Portal,Quoted
S-002402,Kristi Wood,120174,AMFA,BOP,2025-02-21,Portal,Quoted
S-002403,Roger Walker,120180,ALLS,Personal Auto,2025-03-03,Portal,Bound
S-002404,Roger Walker,120180,CHUB,Personal Auto,2025-03-25,IVANS,Quoted
S-002405,Roger Walker,120180,NATI,Personal Auto,2025-03-16,Portal,Quoted
S-002406,Danielle Burke,120038,FARM,WC,2025-02-16,IVANS,Bound
S-002407,Danielle Burke,120038,LIBM,WC,2025-02-09,IVANS,Quoted
S-002408,Danielle Burke,120038,ALLS,WC,2025-02-04,Email,Quoted
S-002409,Danielle Burke,120038,HART,WC,2025-03-19,Portal,Quoted
S-002410,Michael Arnold,120223,FARM,WC,2025-02-04,IVANS,Bound
S-002411,Michael Arnold,120223,TRAV,WC,2025-02-14,IVANS,Quoted
S-002412,Michael Arnold,120223,NATI,WC,2025-03-16,IVANS,Declined
S-002413,Robert Wolf,120247,ALLS,Personal Auto,2025-03-15,IVANS,Bound
S-002414,Robert Wolf,120247,HART,Personal Auto,2025-02-26,Portal,Quoted
S-002415,Gina Peters,120138,ALLS,Package,2025-01-31,IVANS,Bound
S-002416,Gina Peters,120138,GEIC,Package,2025-03-09,IVANS,Quoted
S-002417,Gina Peters,120138,CHUB,Package,2025-02-23,IVANS,Quoted
S-002418,Jack Gallagher,120111,GEIC,Homeowners,2025-03-09,Portal,Bound
S-002419,Jack Gallagher,120111,LIBM,Homeowners,2025-02-06,IVANS,Declined
S-002420,Jack Gallagher,120111,ALLS,Homeowners,2025-02-24,Portal,Quoted
S-002421,Jack Gallagher,120111,NATI,Homeowners,2025-03-20,Portal,Declined
S-002422,Dave King,120074,NATI,Personal Auto,2025-02-13,IVANS,Bound
S-002423,Dave King,120074,LIBM,Personal Auto,2025-03-19,IVANS,Declined
S-002424,Dave King,120074,GEIC,Personal Auto,2025-02-26,Portal,Quoted
S-002425,Willie Burton,120157,HART,Homeowners,2025-03-19,Portal,Bound
S-002426,Willie Burton,120157,CHUB,Homeowners,2025-02-04,Portal,Quoted
S-002427,Willie Burton,120157,ALLS,Homeowners,2025-03-18,IVANS,Declined
S-002428,Willie Burton,120157,CHUB,Homeowners,2025-03-03,IVANS,Declined
S-002429,Wayne Barry,120062,TRAV,WC,2025-02-16,IVANS,Bound
S-002430,Wayne Barry,120062,PRGS,WC,2025-03-05,IVANS,Quoted
S-002431,Wayne Barry,120062,HART,WC,2025-03-24,Portal,Quoted
S-002432,Ian Elliott,120206,CHUB,Personal Auto,2025-02-09,Portal,Bound
S-002433,Ian Elliott,120206,PRGS,Personal Auto,2025-03-06,Portal,Declined
S-002434,Ian Elliott,120206,ALLS,Personal Auto,2025-03-25,IVANS,Quoted
S-002435,Lawrence Hunt,120262,TRAV,Umbrella,2025-03-02,Portal,Bound
S-002436,Lawrence Hunt,120262,AMFA,Umbrella,2025-02-14,Portal,Declined
S-002437,Bradley Fisher,120168,CHUB,Homeowners,2025-02-08,Portal,Bound
S-002438,Bradley Fisher,120168,NATI,Homeowners,2025-02-10,IVANS,Quoted
S-002439,Bradley Fisher,120168,NATI,Homeowners,2025-02-21,IVANS,Declined
S-002440,Richard Hogan,120084,NATI,Homeowners,2025-02-25,Portal,Bound
S-002441,Richard Hogan,120084,LIBM,Homeowners,2025-03-09,IVANS,Quoted
S-002442,Thomas Black,120133,PRGS,BOP,2025-02-07,Portal,Bound
S-002443,Thomas Black,120133,FARM,BOP,2025-02-13,Portal,Quoted
S-002444,Thomas Black,120133,HART,BOP,2025-02-21,Portal,Quoted
S-002445,Thomas Black,120133,LIBM,BOP,2025-03-06,Email,Declined
S-002446,Jake Hernandez,120044,GEIC,Homeowners,2025-02-09,IVANS,Bound
S-002447,Jake Hernandez,120044,FARM,Homeowners,2025-03-19,Email,Quoted
S-002448,Jake Hernandez,120044,CHUB,Homeowners,2025-02-06,Portal,Quoted
S-002449,Jake Hernandez,120044,PRGS,Homeowners,2025-02-06,IVANS,Declined
S-002450,Samuel Wells,120263,AMFA,Package,2025-03-05,IVANS,Bound
S-002451,Samuel Wells,120263,HART,Package,2025-02-22,Email,Quoted
S-002452,Samuel Wells,120263,NATI,Package,2025-02-09,IVANS,Quoted
S-002453,Alex Garcia,120160,HART,Personal Auto,2025-03-23,IVANS,Bound
S-002454,Alex Garcia,120160,CHUB,Personal Auto,2025-02-20,IVANS,Declined
S-002455,Alex Garcia,120160,PRGS,Personal Auto,2025-02-26,IVANS,Declined
S-002456,Alex Garcia,120160,CHUB,Personal Auto,2025-03-19,IVANS,Quoted
S-002457,Debra Mueller,120138,NATI,Umbrella,2025-03-19,Portal,Bound
S-002458,Debra Mueller,120138,AMFA,Umbrella,2025-03-06,IVANS,Quoted
S-002459,Debra Mueller,120138,GEIC,Umbrella,2025-03-21,IVANS,Quoted
S-002460,Shawn Baker,120124,NATI,Personal Auto,2025-02-24,IVANS,Bound
S-002461,Shawn Baker,120124,CHUB,Personal Auto,2025-02-25,Portal,Quoted
S-002462,Donald Allen,120020,HART,Homeowners,2025-02-02,Portal,Bound
S-002463,Donald Allen,120020,CHUB,Homeowners,2025-01-31,Portal,Quoted
S-002464,Donald Allen,120020,GEIC,Homeowners,2025-02-27,Portal,Declined
S-002465,Michael Zimmerman,120064,AMFA,BOP,2025-03-20,IVANS,Bound
S-002466,Michael Zimmerman,120064,PRGS,BOP,2025-02-22,Portal,Declined
S-002467,Michael Zimmerman,120064,FARM,BOP,2025-02-09,Portal,Declined
S-002468,Michael Zimmerman,120064,PRGS,BOP,2025-02-23,Portal,Quoted
S-002469,Kevin Acosta,120148,HART,Personal Auto,2025-03-14,IVANS,Bound
S-002470,Kevin Acosta,120148,ALLS,Personal Auto,2025-02-19,IVANS,Quoted
S-002471,Kevin Acosta,120148,NATI,Personal Auto,2025-03-25,Portal,Quoted
S-002472,Kevin Acosta,120148,CHUB,Personal Auto,2025-03-05,IVANS,Declined
S-002473,Philip Barrett,120050,ALLS,Personal Auto,2025-03-19,Email,Bound
S-002474,Philip Barrett,120050,NATI,Personal Auto,2025-02-07,IVANS,Quoted
S-002475,Philip Barrett,120050,PRGS,Personal Auto,2025-02-23,Portal,Quoted
S-002476,Philip Barrett,120050,GEIC,Personal Auto,2025-03-09,IVANS,Quoted
S-002477,Alicia Gray,120057,TRAV,Personal Auto,2025-02-03,IVANS,Bound
S-002478,Alicia Gray,120057,ALLS,Personal Auto,2025-02-02,Portal,Quoted
S-002479,Alicia Gray,120057,AMFA,Personal Auto,2025-02-22,Email,Quoted
S-002480,Alicia Gray,120057,PRGS,Personal Auto,2025-02-04,Portal,Declined
S-002481,Michelle Lynch,120221,TRAV,Personal Auto,2025-02-16,IVANS,Bound
S-002482,Michelle Lynch,120221,AMFA,Personal Auto,2025-03-16,IVANS,Quoted
S-002483,Michelle Lynch,120221,NATI,Personal Auto,2025-03-16,Portal,Quoted
S-002484,Michelle Lynch,120221,ALLS,Personal Auto,2025-02-20,IVANS,Quoted
S-002485,Stephen Blankenship,120222,PRGS,Umbrella,2025-02-08,Portal,Bound
S-002486,Stephen Blankenship,120222,NATI,Umbrella,2025-02-01,Portal,Quoted
S-002487,Stephen Blankenship,120222,ALLS,Umbrella,2025-03-07,Portal,Quoted
S-002488,Linda Mckee,120124,NATI,Personal Auto,2025-03-17,Email,Bound
S-002489,Linda Mckee,120124,LIBM,Personal Auto,2025-03-18,Portal,Quoted
S-002490,Candace Anthony,120134,ALLS,Homeowners,2025-02-14,Portal,Bound
S-002491,Candace Anthony,120134,HART,Homeowners,2025-02-17,Portal,Quoted
S-002492,Candace Anthony,120134,FARM,Homeowners,2025-02-06,IVANS,Quoted
S-002493,Candace Anthony,120134,TRAV,Homeowners,2025-02-03,Portal,Declined
S-002494,Danielle Newman,120099,HART,Personal Auto,2025-02-15,IVANS,Bound
S-002495,Danielle Newman,120099,GEIC,Personal Auto,2025-02-13,Portal,Declined
S-002496,Jonathan Morris,120045,LIBM,Personal Auto,2025-03-13,Portal,Bound
S-002497,Jonathan Morris,120045,PRGS,Personal Auto,2025-03-12,IVANS,Quoted
S-002498,Jonathan Morris,120045,CHUB,Personal Auto,2025-03-16,Portal,Quoted
S-002499,Candice Martinez,120098,FARM,Personal Auto,2025-02-08,Email,Bound
S-002500,Candice Martinez,120098,TRAV,Personal Auto,2025-02-22,IVANS,Declined
S-002501,Candice Martinez,120098,ALLS,Personal Auto,2025-03-20,IVANS,Quoted
S-002502,Candice Martinez,120098,HART,Personal Auto,2025-02-07,Portal,Declined
S-002503,Sherry Rosales,120273,PRGS,Personal Auto,2025-02-07,Portal,Bound
S-002504,Sherry Rosales,120273,FARM,Personal Auto,2025-03-24,Email,Declined
S-002505,Sherry Rosales,120273,FARM,Personal Auto,2025-02-17,Portal,Quoted
S-002506,Cassie Perez,120041,HART,Personal Auto,2025-02-17,Portal,Bound
S-002507,Cassie Perez,120041,FARM,Personal Auto,2025-02-18,Portal,Quoted
S-002508,Cassie Perez,120041,GEIC,Personal Auto,2025-03-03,Portal,Quoted
S-002509,Robyn Russo,120161,AMFA,Homeowners,2025-03-10,Portal,Bound
S-002510,Robyn Russo,120161,TRAV,Homeowners,2025-02-28,Portal,Quoted
S-002511,Daniel Hayes,120225,FARM,Umbrella,2025-03-11,Portal,Bound
S-002512,Daniel Hayes,120225,NATI,Umbrella,2025-03-08,Email,Quoted
S-002513,Daniel Hayes,120225,PRGS,Umbrella,2025-02-23,IVANS,Declined
S-002514,Daniel Hayes,120225,NATI,Umbrella,2025-03-11,Email,Quoted
S-002515,Stacey White,120067,GEIC,Personal Auto,2025-02-21,Portal,Bound
S-002516,Stacey White,120067,ALLS,Personal Auto,2025-02-23,IVANS,Declined
S-002517,Laura Chavez,120176,NATI,Homeowners,2025-03-14,IVANS,Bound
S-002518,Laura Chavez,120176,ALLS,Homeowners,2025-03-05,IVANS,Quoted
S-002519,Larry Silva,120100,TRAV,Personal Auto,2025-02-25,IVANS,Bound
S-002520,Larry Silva,120100,NATI,Personal Auto,2025-02-09,Portal,Quoted
S-002521,Larry Silva,120100,HART,Personal Auto,2025-02-17,IVANS,Quoted
S-002522,Larry Silva,120100,GEIC,Personal Auto,2025-02-22,IVANS,Quoted
S-002523,Joanna Stone,120205,HART,Umbrella,2025-02-22,Portal,Bound
S-002524,Joanna Stone,120205,ALLS,Umbrella,2025-03-10,IVANS,Declined
S-002525,Joanna Stone,120205,CHUB,Umbrella,2025-03-21,IVANS,Declined
S-002526,Matthew Anderson,120168,GEIC,Homeowners,2025-02-05,IVANS,Bound
S-002527,Matthew Anderson,120168,HART,Homeowners,2025-02-02,IVANS,Quoted
S-002528,Allison Johnson,120060,TRAV,Personal Auto,2025-02-26,IVANS,Bound
S-002529,Allison Johnson,120060,PRGS,Personal Auto,2025-02-21,Portal,Quoted
S-002530,Pamela Camacho,120112,PRGS,BOP,2025-03-08,IVANS,Bound
S-002531,Pamela Camacho,120112,ALLS,BOP,2025-03-12,Portal,Quoted
S-002532,Pamela Camacho,120112,CHUB,BOP,2025-02-25,Portal,Quoted
S-002533,Pamela Camacho,120112,FARM,BOP,2025-02-04,Portal,Quoted
S-002534,Gabriel Gonzalez,120147,NATI,WC,2025-03-10,IVANS,Bound
S-002535,Gabriel Gonzalez,120147,GEIC,WC,2025-03-10,Portal,Quoted
S-002536,Gabriel Gonzalez,120147,AMFA,WC,2025-02-15,IVANS,Declined
S-002537,Gabriel Gonzalez,120147,ALLS,WC,2025-02-28,Portal,Quoted
S-002538,Sherri Sandoval,120032,PRGS,Homeowners,2025-03-22,Email,Bound
S-002539,Sherri Sandoval,120032,NATI,Homeowners,2025-03-17,Portal,Quoted
S-002540,Sherri Sandoval,120032,LIBM,Homeowners,2025-02-07,IVANS,Quoted
S-002541,Martin Rodriguez,120019,HART,BOP,2025-03-19,IVANS,Bound
S-002542,Martin Rodriguez,120019,TRAV,BOP,2025-03-05,Portal,Quoted
S-002543,Martin Rodriguez,120019,AMFA,BOP,2025-02-05,IVANS,Quoted
S-002544,Dawn Taylor,120008,ALLS,Personal Auto,2025-02-17,IVANS,Bound
S-002545,Dawn Taylor,120008,PRGS,Personal Auto,2025-03-06,Portal,Declined
S-002546,Dawn Taylor,120008,NATI,Personal Auto,2025-02-27,IVANS,Quoted
S-002547,Dawn Taylor,120008,FARM,Personal Auto,2025-03-06,IVANS,Declined
S-002548,Michael Taylor,120266,PRGS,Umbrella,2025-02-21,IVANS,Bound
S-002549,Michael Taylor,120266,TRAV,Umbrella,2025-02-28,IVANS,Quoted
S-002550,Kevin Bailey,120064,LIBM,Umbrella,2025-03-12,IVANS,Bound
S-002551,Kevin Bailey,120064,ALLS,Umbrella,2025-03-12,IVANS,Declined
S-002552,Kevin Bailey,120064,CHUB,Umbrella,2025-02-13,IVANS,Declined
S-002553,Ashley Keller,120140,GEIC,Personal Auto,2025-03-19,IVANS,Bound
S-002554,Ashley Keller,120140,FARM,Personal Auto,2025-03-22,IVANS,Declined
S-002555,Ashley Keller,120140,HART,Personal Auto,2025-03-09,Portal,Quoted
S-002556,Daniel Parks,120039,NATI,WC,2025-03-04,Email,Bound
S-002557,Daniel Parks,120039,LIBM,WC,2025-02-04,IVANS,Declined
S-002558,Daniel Parks,120039,TRAV,WC,2025-02-07,Portal,Quoted
S-002559,Nicholas Steele,120079,HART,Umbrella,2025-01-31,Portal,Bound
S-002560,Nicholas Steele,120079,PRGS,Umbrella,2025-03-14,Portal,Declined
S-002561,Nicholas Steele,120079,NATI,Umbrella,2025-02-12,IVANS,Declined
S-002562,Nicholas Steele,120079,GEIC,Umbrella,2025-03-12,Portal,Quoted
S-002563,Matthew Olson,120161,PRGS,BOP,2025-02-21,IVANS,Bound
S-002564,Matthew Olson,120161,TRAV,BOP,2025-02-13,Email,Quoted
S-002565,Matthew Olson,120161,GEIC,BOP,2025-03-02,Portal,Declined
S-002566,Kelli Barrera,120010,CHUB,Personal Auto,2025-02-01,IVANS,Bound
S-002567,Kelli Barrera,120010,ALLS,Personal Auto,2025-03-09,Portal,Quoted
S-002568,Kelli Barrera,120010,GEIC,Personal Auto,2025-03-05,Portal,Quoted
S-002569,Jordan Gilmore,120206,NATI,Homeowners,2025-03-01,Portal,Bound
S-002570,Jordan Gilmore,120206,FARM,Homeowners,2025-03-21,Portal,Declined
S-002571,Jordan Gilmore,120206,GEIC,Homeowners,2025-02-13,Portal,Quoted
S-002572,Kristen Clay,120299,FARM,Personal Auto,2025-02-02,Portal,Bound
S-002573,Kristen Clay,120299,CHUB,Personal Auto,2025-03-20,Portal,Declined
S-002574,Kristen Clay,120299,NATI,Personal Auto,2025-02-28,IVANS,Quoted
S-002575,Leslie Mcdonald,120116,NATI,Personal Auto,2025-03-13,IVANS,Bound
S-002576,Leslie Mcdonald,120116,GEIC,Personal Auto,2025-03-19,Portal,Declined
S-002577,Leslie Mcdonald,120116,HART,Personal Auto,2025-03-25,IVANS,Declined
S-002578,Leslie Mcdonald,120116,PRGS,Personal Auto,2025-02-12,Portal,Declined
S-002579,Lauren Haynes,120182,CHUB,WC,2025-02-13,Portal,Bound
S-002580,Lauren Haynes,120182,FARM,WC,2025-02-17,Portal,Quoted
S-002581,Lauren Haynes,120182,LIBM,WC,2025-03-13,IVANS,Declined
S-002582,Emily Sanchez,120239,PRGS,BOP,2025-03-24,Email,Bound
S-002583,Emily Sanchez,120239,GEIC,BOP,2025-02-21,Email,Quoted
S-002584,David Burton,120012,CHUB,WC,2025-03-19,Portal,Bound
S-002585,David Burton,120012,FARM,WC,2025-02-13,Portal,Declined
S-002586,David Burton,120012,LIBM,WC,2025-03-20,IVANS,Declined
S-002587,Edward Trevino,120072,TRAV,WC,2025-03-24,Portal,Bound
S-002588,Edward Trevino,120072,NATI,WC,2025-03-13,Portal,Quoted
S-002589,Donna Smith,120011,ALLS,Personal Auto,2025-02-10,IVANS,Bound
S-002590,Donna Smith,120011,AMFA,Personal Auto,2025-02-01,Portal,Declined
S-002591,Donna Smith,120011,HART,Personal Auto,2025-02-14,IVANS,Quoted
S-002592,Robert Carlson,120253,TRAV,Umbrella,2025-03-22,Email,Bound
S-002593,Robert Carlson,120253,GEIC,Umbrella,2025-03-20,IVANS,Quoted
S-002594,Robert Carlson,120253,GEIC,Umbrella,2025-02-08,Email,Quoted
S-002595,Stephen Williams,120206,HART,Personal Auto,2025-03-21,IVANS,Bound
S-002596,Stephen Williams,120206,PRGS,Personal Auto,2025-02-07,IVANS,Quoted
S-002597,Amanda Garrett,120152,ALLS,Homeowners,2025-02-02,IVANS,Bound
S-002598,Amanda Garrett,120152,PRGS,Homeowners,2025-02-14,IVANS,Quoted
S-002599,Amanda Davis,120170,CHUB,Homeowners,2025-02-20,Portal,Bound
S-002600,Amanda Davis,120170,PRGS,Homeowners,2025-03-14,Portal,Quoted
S-002601,Amanda Davis,120170,AMFA,Homeowners,2025-02-21,IVANS,Quoted
S-002602,Amanda Davis,120170,ALLS,Homeowners,2025-02-24,IVANS,Quoted
S-002603,Barbara Oneal,120298,TRAV,Homeowners,2025-03-01,IVANS,Bound
S-002604,Barbara Oneal,120298,LIBM,Homeowners,2025-03-22,IVANS,Quoted
S-002605,Barbara Oneal,120298,GEIC,Homeowners,2025-03-11,IVANS,Quoted
S-002606,Barbara Oneal,120298,GEIC,Homeowners,2025-02-10,IVANS,Declined
S-002607,Hailey Holt,120106,HART,WC,2025-02-09,Portal,Bound
S-002608,Hailey Holt,120106,NATI,WC,2025-03-12,IVANS,Declined
S-002609,Hailey Holt,120106,GEIC,WC,2025-02-17,IVANS,Declined
S-002610,Hailey Holt,120106,FARM,WC,2025-03-09,Portal,Declined
S-002611,Melissa Palmer,120004,NATI,Personal Auto,2025-02-01,IVANS,Bound
S-002612,Melissa Palmer,120004,TRAV,Personal Auto,2025-03-02,IVANS,Declined
S-002613,Melissa Palmer,120004,ALLS,Personal Auto,2025-03-02,Portal,Declined
S-002614,Laura Alvarez,120053,TRAV,Homeowners,2025-02-08,Email,Bound
S-002615,Laura Alvarez,120053,FARM,Homeowners,2025-02-04,Portal,Declined
S-002616,Laura Alvarez,120053,ALLS,Homeowners,2025-02-19,IVANS,Quoted
S-002617,Laura Alvarez,120053,PRGS,Homeowners,2025-02-22,Portal,Declined
S-002618,Craig Ayala,120172,PRGS,Umbrella,2025-03-07,Portal,Bound
S-002619,Craig Ayala,120172,HART,Umbrella,2025-02-25,IVANS,Quoted
S-002620,Craig Ayala,120172,ALLS,Umbrella,2025-03-19,Portal,Quoted
S-002621,Molly Flores,120194,LIBM,BOP,2025-03-07,IVANS,Bound
S-002622,Molly Flores,120194,ALLS,BOP,2025-02-01,Portal,Quoted
S-002623,Molly Flores,120194,ALLS,BOP,2025-03-10,Email,Declined
S-002624,Molly Flores,120194,CHUB,BOP,2025-02-07,Portal,Declined
S-002625,Craig Richardson,120074,GEIC,WC,2025-03-10,Portal,Bound
S-002626,Craig Richardson,120074,FARM,WC,2025-03-03,Portal,Quoted
S-002627,Craig Richardson,120074,FARM,WC,2025-02-11,IVANS,Quoted
S-002628,Craig Richardson,120074,ALLS,WC,2025-03-11,IVANS,Quoted
S-002629,Patricia Cunningham,120152,FARM,Personal Auto,2025-03-03,Email,Bound
S-002630,Patricia Cunningham,120152,HART,Personal Auto,2025-03-20,IVANS,Quoted
S-002631,Patricia Cunningham,120152,GEIC,Personal Auto,2025-02-07,IVANS,Quoted
S-002632,Patricia Cunningham,120152,CHUB,Personal Auto,2025-02-22,IVANS,Declined
S-002633,Patricia Miller,120266,HART,BOP,2025-03-12,IVANS,Bound
S-002634,Patricia Miller,120266,TRAV,BOP,2025-03-18,Portal,Quoted
S-002635,Patricia Miller,120266,FARM,BOP,2025-02-27,IVANS,Quoted
S-002636,Benjamin Rosario,120222,TRAV,BOP,2025-02-15,Portal,Bound
S-002637,Benjamin Rosario,120222,LIBM,BOP,2025-03-23,IVANS,Quoted
S-002638,Benjamin Rosario,120222,PRGS,BOP,2025-03-20,IVANS,Quoted
S-002639,Tina Richard,120089,GEIC,Personal Auto,2025-03-10,IVANS,Bound
S-002640,Tina Richard,120089,NATI,Personal Auto,2025-02-05,IVANS,Quoted
S-002641,Tina Richard,120089,HART,Personal Auto,2025-03-13,Portal,Quoted
S-002642,Tina Richard,120089,AMFA,Personal Auto,2025-02-28,Portal,Quoted
S-002643,Jennifer Jones,120213,TRAV,Homeowners,2025-03-12,IVANS,Bound
S-002644,Jennifer Jones,120213,AMFA,Homeowners,2025-02-02,Portal,Quoted
S-002645,Jennifer Jones,120213,LIBM,Homeowners,2025-03-22,Portal,Quoted
S-002646,Erin Brennan,120153,TRAV,Personal Auto,2025-03-10,Portal,Bound
S-002647,Erin Brennan,120153,LIBM,Personal Auto,2025-03-03,IVANS,Declined
S-002648,Laura Kramer,120141,ALLS,Package,2025-02-18,IVANS,Bound
S-002649,Laura Kramer,120141,GEIC,Package,2025-02-16,Portal,Declined
S-002650,Laura Kramer,120141,NATI,Package,2025-02-28,Portal,Declined
S-002651,Laura Kramer,120141,PRGS,Package,2025-03-09,IVANS,Declined
S-002652,James Martin,120234,LIBM,Personal Auto,2025-03-21,Portal,Bound
S-002653,James Martin,120234,PRGS,Personal Auto,2025-03-09,Portal,Declined
S-002654,James Martin,120234,PRGS,Personal Auto,2025-03-23,IVANS,Declined
S-002655,James Martin,120234,NATI,Personal Auto,2025-02-28,Portal,Quoted
S-002656,Tiffany Taylor,120295,ALLS,Personal Auto,2025-02-03,IVANS,Bound
S-002657,Tiffany Taylor,120295,GEIC,Personal Auto,2025-02-06,Portal,Quoted
S-002658,Tiffany Taylor,120295,PRGS,Personal Auto,2025-02-25,IVANS,Declined
S-002659,Haley Reynolds,120212,GEIC,WC,2025-03-13,Portal,Bound
S-002660,Haley Reynolds,120212,TRAV,WC,2025-02-17,IVANS,Declined
S-002661,Heather Bell,120070,LIBM,Personal Auto,2025-03-11,IVANS,Bound
S-002662,Heather Bell,120070,ALLS,Personal Auto,2025-02-01,Portal,Declined
S-002663,Valerie Wood,120045,GEIC,Personal Auto,2025-03-07,IVANS,Bound
S-002664,Valerie Wood,120045,TRAV,Personal Auto,2025-02-09,IVANS,Quoted
S-002665,Elizabeth Jones,120124,AMFA,WC,2025-02-03,Portal,Bound
S-002666,Elizabeth Jones,120124,LIBM,WC,2025-03-04,IVANS,Quoted
S-002667,Tiffany Campbell,120178,AMFA,Personal Auto,2025-02-14,Portal,Bound
S-002668,Tiffany Campbell,120178,PRGS,Personal Auto,2025-02-25,IVANS,Quoted
S-002669,Tiffany Campbell,120178,NATI,Personal Auto,2025-03-05,IVANS,Declined
S-002670,Tiffany Campbell,120178,HART,Personal Auto,2025-02-24,IVANS,Quoted
S-002671,Jennifer Thompson,120120,HART,Personal Auto,2025-03-04,Portal,Bound
S-002672,Jennifer Thompson,120120,TRAV,Personal Auto,2025-03-05,IVANS,Quoted
S-002673,Jennifer Thompson,120120,GEIC,Personal Auto,2025-02-05,Portal,Quoted
S-002674,Nicole Dean,120193,NATI,Homeowners,2025-03-25,Portal,Bound
S-002675,Nicole Dean,120193,AMFA,Homeowners,2025-03-19,Portal,Quoted
S-002676,Nicole Dean,120193,TRAV,Homeowners,2025-02-01,Portal,Declined
S-002677,David Underwood,120131,AMFA,Personal Auto,2025-02-05,IVANS,Bound
S-002678,David Underwood,120131,FARM,Personal Auto,2025-02-28,IVANS,Quoted
S-002679,Kerri Hoover,120017,LIBM,Umbrella,2025-02-09,Email,Bound
S-002680,Kerri Hoover,120017,ALLS,Umbrella,2025-02-26,IVANS,Quoted
S-002681,Kerri Hoover,120017,NATI,Umbrella,2025-03-03,Email,Quoted
S-002682,Vanessa Joyce,120194,LIBM,WC,2025-02-17,IVANS,Bound
S-002683,Vanessa Joyce,120194,ALLS,WC,2025-03-14,Portal,Quoted
S-002684,Vanessa Joyce,120194,GEIC,WC,2025-03-08,IVANS,Quoted
S-002685,Vanessa Joyce,120194,FARM,WC,2025-03-08,Email,Quoted
S-002686,Garrett Cohen,120270,PRGS,WC,2025-03-19,Portal,Bound
S-002687,Garrett Cohen,120270,LIBM,WC,2025-02-04,IVANS,Quoted
S-002688,Brandon Schmidt,120114,GEIC,Homeowners,2025-02-18,Portal,Bound
S-002689,Brandon Schmidt,120114,ALLS,Homeowners,2025-02-20,IVANS,Declined
S-002690,Jessica Spencer,120025,GEIC,BOP,2025-03-09,IVANS,Bound
S-002691,Jessica Spencer,120025,ALLS,BOP,2025-02-15,Portal,Declined
S-002692,Jessica Spencer,120025,FARM,BOP,2025-03-24,Portal,Quoted
S-002693,Jessica Spencer,120025,TRAV,BOP,2025-03-08,IVANS,Declined
S-002694,Krystal Solis,120292,PRGS,Personal Auto,2025-03-23,IVANS,Bound
S-002695,Krystal Solis,120292,TRAV,Personal Auto,2025-02-11,IVANS,Quoted
S-002696,Krystal Solis,120292,LIBM,Personal Auto,2025-03-08,Portal,Quoted
S-002697,Krystal Solis,120292,FARM,Personal Auto,2025-03-17,IVANS,Declined
S-002698,Mitchell Moore,120057,TRAV,BOP,2025-03-25,IVANS,Bound
S-002699,Mitchell Moore,120057,FARM,BOP,2025-02-22,IVANS,Declined
S-002700,Mitchell Moore,120057,LIBM,BOP,2025-02-12,IVANS,Quoted
S-002701,Mitchell Moore,120057,HART,BOP,2025-02-09,Portal,Quoted
S-002702,Joseph Stevens,120005,TRAV,BOP,2025-02-03,Portal,Bound
S-002703,Joseph Stevens,120005,FARM,BOP,2025-03-13,IVANS,Quoted
S-002704,Rachael Smith,120073,TRAV,Homeowners,2025-02-24,Portal,Bound
S-002705,Rachael Smith,120073,ALLS,Homeowners,2025-02-25,Portal,Declined
S-002706,Rachael Smith,120073,AMFA,Homeowners,2025-02-22,IVANS,Quoted
S-002707,Heather Diaz,120063,TRAV,Homeowners,2025-02-03,IVANS,Bound
S-002708,Heather Diaz,120063,NATI,Homeowners,2025-02-03,IVANS,Quoted
S-002709,Heather Diaz,120063,FARM,Homeowners,2025-02-06,Portal,Declined
S-002710,Sandra Chambers,120178,PRGS,Package,2025-02-08,IVANS,Bound
S-002711,Sandra Chambers,120178,HART,Package,2025-03-18,Portal,Quoted
S-002712,Michelle Greene,120210,NATI,WC,2025-03-23,IVANS,Bound
S-002713,Michelle Greene,120210,PRGS,WC,2025-03-05,IVANS,Quoted
S-002714,Michelle Greene,120210,FARM,WC,2025-03-25,IVANS,Declined
S-002715,Joel Graves,120257,HART,Personal Auto,2025-03-10,Portal,Bound
S-002716,Joel Graves,120257,PRGS,Personal Auto,2025-02-17,Portal,Declined
S-002717,Joel Graves,120257,NATI,Personal Auto,2025-03-04,Portal,Quoted
S-002718,Erica Mills,120005,ALLS,Homeowners,2025-03-24,Portal,Bound
S-002719,Erica Mills,120005,PRGS,Homeowners,2025-02-13,Email,Declined
S-002720,Erica Mills,120005,LIBM,Homeowners,2025-03-06,IVANS,Quoted
S-002721,Erica Mills,120005,LIBM,Homeowners,2025-02-17,IVANS,Quoted
S-002722,Danielle Kline,120164,ALLS,Homeowners,2025-02-13,Email,Bound
S-002723,Danielle Kline,120164,HART,Homeowners,2025-02-22,IVANS,Quoted
S-002724,Danielle Kline,120164,PRGS,Homeowners,2025-02-27,IVANS,Quoted
S-002725,Charles Zuniga,120240,GEIC,BOP,2025-03-14,Portal,Bound
S-002726,Charles Zuniga,120240,FARM,BOP,2025-03-24,IVANS,Quoted
S-002727,Charles Zuniga,120240,TRAV,BOP,2025-02-27,Portal,Quoted
S-002728,Wendy Watson,120084,ALLS,Umbrella,2025-03-19,Portal,Bound
S-002729,Wendy Watson,120084,FARM,Umbrella,2025-02-03,Portal,Declined
S-002730,Tracy Walker,120238,NATI,Personal Auto,2025-03-24,Portal,Bound
S-002731,Tracy Walker,120238,TRAV,Personal Auto,2025-03-12,IVANS,Declined
S-002732,Tracy Walker,120238,ALLS,Personal Auto,2025-02-25,IVANS,Declined
S-002733,Tracy Walker,120238,GEIC,Personal Auto,2025-02-13,IVANS,Quoted
S-002734,Brian Salinas,120271,GEIC,Personal Auto,2025-02-04,IVANS,Bound
S-002735,Brian Salinas,120271,FARM,Personal Auto,2025-03-08,Portal,Quoted
S-002736,Ryan Castro,120298,LIBM,Homeowners,2025-03-05,Portal,Bound
S-002737,Ryan Castro,120298,FARM,Homeowners,2025-02-19,IVANS,Quoted
S-002738,Mark Graham,120105,LIBM,Homeowners,2025-02-23,Portal,Bound
S-002739,Mark Graham,120105,ALLS,Homeowners,2025-03-13,Portal,Quoted
S-002740,Mark Graham,120105,FARM,Homeowners,2025-02-18,Portal,Declined
S-002741,Mark Graham,120105,ALLS,Homeowners,2025-03-25,IVANS,Quoted
S-002742,Calvin Ortega,120248,LIBM,Homeowners,2025-02-12,IVANS,Bound
S-002743,Calvin Ortega,120248,HART,Homeowners,2025-02-17,Email,Quoted
S-002744,Calvin Ortega,120248,HART,Homeowners,2025-03-14,Portal,Quoted
S-002745,Calvin Ortega,120248,HART,Homeowners,2025-02-21,IVANS,Quoted
S-002746,Chad Garrett,120256,GEIC,WC,2025-02-12,IVANS,Bound
S-002747,Chad Garrett,120256,NATI,WC,2025-03-23,IVANS,Declined
S-002748,Chad Garrett,120256,PRGS,WC,2025-02-15,Portal,Quoted
S-002749,Brent Robbins,120189,ALLS,Homeowners,2025-02-24,Portal,Bound
S-002750,Brent Robbins,120189,GEIC,Homeowners,2025-03-20,Email,Declined
S-002751,Brent Robbins,120189,HART,Homeowners,2025-03-11,Portal,Quoted
S-002752,Brent Robbins,120189,TRAV,Homeowners,2025-02-14,IVANS,Quoted
S-002753,Jessica Young,120180,LIBM,WC,2025-03-04,IVANS,Bound
S-002754,Jessica Young,120180,HART,WC,2025-02-16,Email,Quoted
S-002755,Allison Jones,120219,AMFA,Personal Auto,2025-02-12,Portal,Bound
S-002756,Allison Jones,120219,NATI,Personal Auto,2025-02-17,Portal,Declined
S-002757,Allison Jones,120219,NATI,Personal Auto,2025-03-13,IVANS,Quoted
S-002758,Brenda Lloyd,120000,TRAV,WC,2025-03-15,Portal,Bound
S-002759,Brenda Lloyd,120000,ALLS,WC,2025-02-16,Portal,Quoted
S-002760,Brenda Lloyd,120000,GEIC,WC,2025-03-15,IVANS,Quoted
S-002761,Brenda Lloyd,120000,NATI,WC,2025-02-06,IVANS,Quoted
S-002762,Jennifer Odonnell,120092,HART,Personal Auto,2025-03-14,Portal,Bound
S-002763,Jennifer Odonnell,120092,GEIC,Personal Auto,2025-03-20,IVANS,Quoted
S-002764,Jennifer Odonnell,120092,TRAV,Personal Auto,2025-01-31,IVANS,Quoted
S-002765,Gary Ballard,120101,HART,BOP,2025-02-14,Portal,Bound
S-002766,Gary Ballard,120101,TRAV,BOP,2025-02-12,IVANS,Quoted
S-002767,Gary Ballard,120101,LIBM,BOP,2025-03-09,Portal,Quoted
S-002768,Gary Ballard,120101,TRAV,BOP,2025-03-17,IVANS,Quoted
S-002769,Richard Cole,120113,PRGS,BOP,2025-03-17,Email,Bound
S-002770,Richard Cole,120113,LIBM,BOP,2025-02-07,Portal,Declined
S-002771,Richard Cole,120113,FARM,BOP,2025-02-12,Portal,Quoted
S-002772,Richard Cole,120113,HART,BOP,2025-03-17,IVANS,Quoted
S-002773,James Ware,120006,HART,WC,2025-03-10,IVANS,Bound
S-002774,James Ware,120006,CHUB,WC,2025-02-22,IVANS,Declined
S-002775,Aaron Marshall,120275,PRGS,Personal Auto,2025-03-10,IVANS,Bound
S-002776,Aaron Marshall,120275,ALLS,Personal Auto,2025-03-16,IVANS,Quoted
S-002777,Susan Sutton,120014,AMFA,BOP,2025-03-20,Portal,Bound
S-002778,Susan Sutton,120014,LIBM,BOP,2025-03-13,Email,Declined
S-002779,Susan Sutton,120014,FARM,BOP,2025-03-08,IVANS,Quoted
S-002780,Susan Sutton,120014,TRAV,BOP,2025-01-31,IVANS,Declined
S-002781,Natalie Berry,120093,GEIC,Personal Auto,2025-03-22,IVANS,Bound
S-002782,Natalie Berry,120093,PRGS,Personal Auto,2025-02-01,Portal,Declined
S-002783,Natalie Berry,120093,TRAV,Personal Auto,2025-02-03,IVANS,Declined
S-002784,Natalie Berry,120093,ALLS,Personal Auto,2025-02-10,IVANS,Declined
S-002785,Tina Jefferson,120183,GEIC,BOP,2025-02-22,Portal,Bound
S-002786,Tina Jefferson,120183,TRAV,BOP,2025-02-06,Portal,Quoted
S-002787,Tina Jefferson,120183,ALLS,BOP,2025-03-16,Portal,Quoted
S-002788,Daryl Martin,120135,FARM,Personal Auto,2025-02-04,Portal,Bound
S-002789,Daryl Martin,120135,ALLS,Personal Auto,2025-03-14,Portal,Quoted
S-002790,Daryl Martin,120135,LIBM,Personal Auto,2025-02-14,Portal,Quoted
S-002791,Daryl Martin,120135,NATI,Personal Auto,2025-03-12,IVANS,Declined
S-002792,Jill Rivera,120120,GEIC,Homeowners,2025-03-13,Portal,Bound
S-002793,Jill Rivera,120120,TRAV,Homeowners,2025-03-18,IVANS,Quoted
S-002794,Jill Rivera,120120,ALLS,Homeowners,2025-02-08,Portal,Declined
S-002795,Nicholas Boyer,120016,AMFA,Umbrella,2025-02-07,Portal,Bound
S-002796,Nicholas Boyer,120016,FARM,Umbrella,2025-03-19,Portal,Quoted
S-002797,Gary Valdez,120252,PRGS,Personal Auto,2025-02-14,Portal,Bound
S-002798,Gary Valdez,120252,CHUB,Personal Auto,2025-02-19,Portal,Quoted
S-002799,Gary Valdez,120252,FARM,Personal Auto,2025-02-03,Portal,Quoted
S-002800,Erin Brooks,120246,HART,Personal Auto,2025-02-19,Portal,Bound
S-002801,Erin Brooks,120246,FARM,Personal Auto,2025-03-21,IVANS,Quoted
S-002802,Erin Brooks,120246,CHUB,Personal Auto,2025-02-17,IVANS,Declined
S-002803,Frances Moore,120280,CHUB,Umbrella,2025-02-14,Portal,Bound
S-002804,Frances Moore,120280,FARM,Umbrella,2025-02-27,Email,Quoted
S-002805,Bruce Wagner,120104,LIBM,Personal Auto,2025-02-17,Portal,Bound
S-002806,Bruce Wagner,120104,AMFA,Personal Auto,2025-03-24,Portal,Quoted
S-002807,Christopher Harris,120033,CHUB,Homeowners,2025-03-16,Portal,Bound
S-002808,Christopher Harris,120033,TRAV,Homeowners,2025-02-17,IVANS,Quoted
S-002809,Brian Reynolds,120276,HART,Homeowners,2025-02-01,IVANS,Bound
S-002810,Brian Reynolds,120276,FARM,Homeowners,2025-02-19,IVANS,Quoted
S-002811,Brian Reynolds,120276,NATI,Homeowners,2025-03-23,IVANS,Declined
S-002812,Selena Allen,120286,TRAV,BOP,2025-03-04,Portal,Bound
S-002813,Selena Allen,120286,CHUB,BOP,2025-03-04,IVANS,Quoted
S-002814,Selena Allen,120286,AMFA,BOP,2025-03-22,Portal,Declined
S-002815,Selena Allen,120286,NATI,BOP,2025-03-12,IVANS,Declined
S-002816,Alexander Hernandez,120037,GEIC,BOP,2025-03-10,Portal,Bound
S-002817,Alexander Hernandez,120037,NATI,BOP,2025-02-03,IVANS,Quoted
S-002818,Alexander Hernandez,120037,AMFA,BOP,2025-02-14,Portal,Declined
S-002819,Jason Mckee,120081,TRAV,WC,2025-03-11,Portal,Bound
S-002820,Jason Mckee,120081,LIBM,WC,2025-02-07,IVANS,Quoted
S-002821,Jason Mckee,120081,PRGS,WC,2025-03-15,Email,Quoted
S-002822,Jason Mckee,120081,HART,WC,2025-02-27,Portal,Declined
S-002823,Beth Bush,120200,TRAV,WC,2025-02-06,Portal,Bound
S-002824,Beth Bush,120200,NATI,WC,2025-02-21,IVANS,Quoted
S-002825,Michele Johnson,120004,TRAV,WC,2025-02-14,Portal,Bound
S-002826,Michele Johnson,120004,PRGS,WC,2025-03-14,Email,Quoted
S-002827,Michele Johnson,120004,LIBM,WC,2025-03-21,Portal,Declined
S-002828,Michele Johnson,120004,NATI,WC,2025-02-19,IVANS,Quoted
S-002829,Jason Obrien,120240,CHUB,WC,2025-02-10,IVANS,Bound
S-002830,Jason Obrien,120240,ALLS,WC,2025-02-20,Portal,Declined
S-002831,Jason Obrien,120240,AMFA,WC,2025-02-13,Email,Quoted
S-002832,Jason Obrien,120240,PRGS,WC,2025-03-05,Portal,Declined
S-002833,Jared Norris,120288,HART,Umbrella,2025-01-31,Portal,Bound
S-002834,Jared Norris,120288,GEIC,Umbrella,2025-03-03,Portal,Quoted
S-002835,Kimberly Duran,120148,NATI,BOP,2025-03-09,Portal,Bound
S-002836,Kimberly Duran,120148,LIBM,BOP,2025-02-08,IVANS,Declined
S-002837,Kimberly Duran,120148,AMFA,BOP,2025-03-14,Portal,Quoted
S-002838,Brandi Price,120025,AMFA,BOP,2025-03-24,Portal,Bound
S-002839,Brandi Price,120025,TRAV,BOP,2025-02-08,Portal,Declined
S-002840,Brandi Price,120025,ALLS,BOP,2025-03-15,Portal,Quoted
S-002841,Brandi Price,120025,PRGS,BOP,2025-03-04,Email,Declined
S-002842,Valerie Lyons,120193,CHUB,Personal Auto,2025-03-22,Email,Bound
S-002843,Valerie Lyons,120193,GEIC,Personal Auto,2025-03-16,IVANS,Quoted
S-002844,Valerie Lyons,120193,AMFA,Personal Auto,2025-02-10,Portal,Quoted
S-002845,Aaron Frazier,120187,ALLS,BOP,2025-02-27,Portal,Bound
S-002846,Aaron Frazier,120187,CHUB,BOP,2025-03-19,IVANS,Quoted
S-002847,Samuel Rivera,120177,TRAV,Personal Auto,2025-02-07,IVANS,Bound
S-002848,Samuel Rivera,120177,PRGS,Personal Auto,2025-02-22,IVANS,Quoted
S-002849,James Gibson,120151,LIBM,Homeowners,2025-03-05,IVANS,Bound
S-002850,James Gibson,120151,ALLS,Homeowners,2025-03-18,IVANS,Quoted
S-002851,Rhonda Butler,120276,TRAV,Personal Auto,2025-02-25,IVANS,Bound
S-002852,Rhonda Butler,120276,HART,Personal Auto,2025-03-18,Portal,Quoted
S-002853,Rhonda Butler,120276,GEIC,Personal Auto,2025-02-22,Portal,Declined
S-002854,Rhonda Butler,120276,ALLS,Personal Auto,2025-02-27,Portal,Quoted
S-002855,Diana Harmon,120216,ALLS,BOP,2025-03-21,Portal,Bound
S-002856,Diana Harmon,120216,FARM,BOP,2025-02-22,IVANS,Declined
S-002857,Timothy Guerra,120158,TRAV,Homeowners,2025-02-26,Portal,Bound
S-002858,Timothy Guerra,120158,NATI,Homeowners,2025-03-11,Email,Declined
S-002859,Timothy Guerra,120158,FARM,Homeowners,2025-03-08,IVANS,Quoted
S-002860,Christopher Henderson,120139,GEIC,Umbrella,2025-02-20,IVANS,Bound
S-002861,Christopher Henderson,120139,HART,Umbrella,2025-03-04,Portal,Declined
S-002862,Christopher Henderson,120139,FARM,Umbrella,2025-03-02,IVANS,Declined
S-002863,Jonathan Rowe,120090,AMFA,Personal Auto,2025-03-07,IVANS,Bound
S-002864,Jonathan Rowe,120090,ALLS,Personal Auto,2025-03-04,IVANS,Quoted
S-002865,Joann Schwartz,120286,TRAV,WC,2025-03-02,IVANS,Bound
S-002866,Joann Schwartz,120286,GEIC,WC,2025-03-22,IVANS,Quoted
S-002867,Joann Schwartz,120286,AMFA,WC,2025-02-15,Portal,Quoted
S-002868,Susan Brown,120223,NATI,Personal Auto,2025-02-19,IVANS,Bound
S-002869,Susan Brown,120223,GEIC,Personal Auto,2025-02-13,Portal,Quoted
S-002870,Susan Brown,120223,PRGS,Personal Auto,2025-03-25,Email,Quoted
S-002871,Samantha Jones,120149,PRGS,Personal Auto,2025-03-07,Email,Bound
S-002872,Samantha Jones,120149,ALLS,Personal Auto,2025-02-18,Portal,Declined
S-002873,Samantha Jones,120149,NATI,Personal Auto,2025-03-24,Portal,Quoted
S-002874,Samantha Jones,120149,TRAV,Personal Auto,2025-02-07,IVANS,Declined
S-002875,Brett Roberts,120020,GEIC,BOP,2025-03-17,IVANS,Bound
S-002876,Brett Roberts,120020,ALLS,BOP,2025-02-10,Email,Quoted
S-002877,Brett Roberts,120020,ALLS,BOP,2025-03-03,Email,Declined
S-002878,Brett Roberts,120020,CHUB,BOP,2025-03-15,IVANS,Quoted
S-002879,Bryan Stanton,120061,TRAV,Umbrella,2025-02-26,Portal,Bound
S-002880,Bryan Stanton,120061,GEIC,Umbrella,2025-02-09,Portal,Quoted
S-002881,Bryan Stanton,120061,AMFA,Umbrella,2025-03-05,Email,Declined
S-002882,Bryan Stanton,120061,PRGS,Umbrella,2025-02-28,Portal,Quoted
S-002883,Todd Arnold,120260,TRAV,Personal Auto,2025-03-16,IVANS,Bound
S-002884,Todd Arnold,120260,LIBM,Personal Auto,2025-03-24,Email,Declined
S-002885,Todd Arnold,120260,PRGS,Personal Auto,2025-02-17,Portal,Declined
S-002886,Todd Arnold,120260,HART,Personal Auto,2025-03-06,Portal,Quoted
S-002887,Michael Stone,120119,FARM,WC,2025-03-19,IVANS,Bound
S-002888,Michael Stone,120119,TRAV,WC,2025-03-20,Portal,Quoted
S-002889,Michael Stone,120119,PRGS,WC,2025-03-18,Portal,Quoted
S-002890,Michael Stone,120119,HART,WC,2025-02-06,IVANS,Declined
S-002891,Matthew Jones,120061,GEIC,Umbrella,2025-03-16,IVANS,Bound
S-002892,Matthew Jones,120061,PRGS,Umbrella,2025-01-31,IVANS,Quoted
S-002893,Matthew Jones,120061,AMFA,Umbrella,2025-01-31,Portal,Declined
S-002894,Brent Weiss,120152,FARM,Personal Auto,2025-03-12,Portal,Bound
S-002895,Brent Weiss,120152,TRAV,Personal Auto,2025-03-08,IVANS,Quoted
S-002896,Brent Weiss,120152,NATI,Personal Auto,2025-02-27,Portal,Quoted
S-002897,Angela Tanner,120168,ALLS,Personal Auto,2025-03-12,Portal,Bound
S-002898,Angela Tanner,120168,HART,Personal Auto,2025-03-20,IVANS,Quoted
S-002899,Angela Tanner,120168,CHUB,Personal Auto,2025-02-17,IVANS,Quoted
S-002900,Angela Tanner,120168,AMFA,Personal Auto,2025-02-21,Portal,Quoted
S-002901,Jennifer Olsen,120237,LIBM,Umbrella,2025-02-08,Portal,Bound
S-002902,Jennifer Olsen,120237,PRGS,Umbrella,2025-02-10,IVANS,Quoted
S-002903,Jennifer Olsen,120237,AMFA,Umbrella,2025-02-14,IVANS,Quoted
S-002904,Mary Lamb,120290,TRAV,Personal Auto,2025-03-23,Portal,Bound
S-002905,Mary Lamb,120290,FARM,Personal Auto,2025-02-08,Portal,Quoted
S-002906,Mary Lamb,120290,LIBM,Personal Auto,2025-02-25,IVANS,Quoted
S-002907,Mary Lamb,120290,CHUB,Personal Auto,2025-02-02,IVANS,Declined
S-002908,Mario Short,120055,CHUB,Homeowners,2025-03-02,IVANS,Bound
S-002909,Mario Short,120055,AMFA,Homeowners,2025-03-18,Portal,Declined
S-002910,Brandon Morgan,120125,TRAV,BOP,2025-03-18,Portal,Bound
S-002911,Brandon Morgan,120125,GEIC,BOP,2025-03-13,Portal,Declined
S-002912,Brandon Morgan,120125,HART,BOP,2025-03-19,Portal,Quoted
S-002913,Brandon Morgan,120125,PRGS,BOP,2025-02-21,Portal,Declined
S-002914,Cody Proctor,120051,FARM,Personal Auto,2025-02-08,IVANS,Bound
S-002915,Cody Proctor,120051,GEIC,Personal Auto,2025-03-12,IVANS,Quoted
S-002916,Cody Proctor,120051,PRGS,Personal Auto,2025-03-22,IVANS,Declined
S-002917,Cody Proctor,120051,CHUB,Personal Auto,2025-02-06,IVANS,Quoted
S-002918,Joshua Greene,120046,HART,Personal Auto,2025-02-17,Email,Bound
S-002919,Joshua Greene,120046,TRAV,Personal Auto,2025-02-14,IVANS,Quoted
S-002920,Joshua Greene,120046,PRGS,Personal Auto,2025-02-11,Portal,Quoted
S-002921,Nicholas Harrison,120297,NATI,BOP,2025-02-23,IVANS,Bound
S-002922,Nicholas Harrison,120297,FARM,BOP,2025-02-25,IVANS,Declined
S-002923,Jessica Allen,120070,TRAV,WC,2025-02-03,IVANS,Bound
S-002924,Jessica Allen,120070,GEIC,WC,2025-02-02,Portal,Quoted
S-002925,Jessica Allen,120070,LIBM,WC,2025-02-19,Email,Declined
S-002926,Jessica Allen,120070,ALLS,WC,2025-02-26,IVANS,Quoted
S-002927,George Armstrong,120029,ALLS,BOP,2025-02-01,Portal,Bound
S-002928,George Armstrong,120029,GEIC,BOP,2025-02-28,IVANS,Quoted
S-002929,John Case,120034,TRAV,BOP,2025-03-20,Email,Bound
S-002930,John Case,120034,GEIC,BOP,2025-03-18,Email,Quoted
S-002931,John Case,120034,HART,BOP,2025-02-17,IVANS,Declined
S-002932,John Case,120034,FARM,BOP,2025-02-09,Portal,Declined
S-002933,Lindsey Mathis,120079,PRGS,BOP,2025-03-12,IVANS,Bound
S-002934,Lindsey Mathis,120079,LIBM,BOP,2025-02-17,Portal,Declined
S-002935,Lindsey Mathis,120079,CHUB,BOP,2025-03-19,IVANS,Declined
S-002936,Andrew Moreno,120038,NATI,Personal Auto,2025-02-12,IVANS,Bound
S-002937,Andrew Moreno,120038,LIBM,Personal Auto,2025-02-15,Portal,Declined
S-002938,Dawn Alvarez,120271,TRAV,WC,2025-03-17,IVANS,Bound
S-002939,Dawn Alvarez,120271,CHUB,WC,2025-03-05,IVANS,Quoted
S-002940,Dawn Alvarez,120271,GEIC,WC,2025-03-07,IVANS,Declined
S-002941,Dawn Alvarez,120271,AMFA,WC,2025-02-12,Portal,Quoted
S-002942,Courtney Dalton,120287,GEIC,Personal Auto,2025-03-15,Email,Bound
S-002943,Courtney Dalton,120287,ALLS,Personal Auto,2025-02-23,IVANS,Quoted
S-002944,Courtney Dalton,120287,HART,Personal Auto,2025-02-24,Portal,Quoted
S-002945,Courtney Dalton,120287,ALLS,Personal Auto,2025-03-14,Portal,Quoted
S-002946,Robert Davis,120268,CHUB,BOP,2025-03-20,Portal,Bound
S-002947,Robert Davis,120268,AMFA,BOP,2025-02-17,Email,Quoted
S-002948,Robert Davis,120268,ALLS,BOP,2025-03-18,Portal,Quoted
S-002949,Wanda Anderson,120164,FARM,Homeowners,2025-02-02,Portal,Bound
S-002950,Wanda Anderson,120164,PRGS,Homeowners,2025-03-15,Portal,Declined
S-002951,Wanda Anderson,120164,PRGS,Homeowners,2025-03-13,Portal,Quoted
S-002952,Kevin Thompson,120234,PRGS,Homeowners,2025-03-24,Portal,Bound
S-002953,Kevin Thompson,120234,HART,Homeowners,2025-02-14,Portal,Quoted
S-002954,Kevin Thompson,120234,ALLS,Homeowners,2025-02-20,Email,Declined
S-002955,Kevin Thompson,120234,ALLS,Homeowners,2025-02-19,IVANS,Quoted
S-002956,Kenneth White,120101,HART,BOP,2025-03-22,Portal,Bound
S-002957,Kenneth White,120101,NATI,BOP,2025-02-03,Portal,Quoted
S-002958,Kenneth White,120101,PRGS,BOP,2025-03-05,Portal,Quoted
S-002959,Kenneth White,120101,ALLS,BOP,2025-03-20,IVANS,Quoted
S-002960,Alejandro Johnson,120115,ALLS,Package,2025-02-06,Portal,Bound
S-002961,Alejandro Johnson,120115,GEIC,Package,2025-03-18,IVANS,Quoted
S-002962,Alejandro Johnson,120115,AMFA,Package,2025-02-28,Portal,Quoted
S-002963,Carlos Wood,120095,LIBM,Personal Auto,2025-02-28,Portal,Bound
S-002964,Carlos Wood,120095,HART,Personal Auto,2025-03-19,Portal,Quoted
S-002965,Jacob Hayes,120286,NATI,WC,2025-03-04,IVANS,Bound
S-002966,Jacob Hayes,120286,CHUB,WC,2025-03-20,IVANS,Quoted
S-002967,Jacob Hayes,120286,LIBM,WC,2025-02-10,Portal,Declined
S-002968,Jacob Hayes,120286,CHUB,WC,2025-03-21,Portal,Declined
S-002969,Olivia Taylor,120175,FARM,Homeowners,2025-02-16,IVANS,Bound
S-002970,Olivia Taylor,120175,CHUB,Homeowners,2025-03-19,IVANS,Quoted
S-002971,Morgan Schmitt,120274,PRGS,Personal Auto,2025-02-19,IVANS,Bound
S-002972,Morgan Schmitt,120274,LIBM,Personal Auto,2025-02-09,Email,Quoted
S-002973,Jacqueline Jones,120286,PRGS,Homeowners,2025-03-21,Portal,Bound
S-002974,Jacqueline Jones,120286,NATI,Homeowners,2025-02-27,IVANS,Quoted
S-002975,Lindsay Davis,120124,PRGS,Umbrella,2025-03-24,IVANS,Bound
S-002976,Lindsay Davis,120124,AMFA,Umbrella,2025-02-14,Portal,Quoted
S-002977,Lindsay Davis,120124,LIBM,Umbrella,2025-02-08,Portal,Quoted
S-002978,Lindsay Davis,120124,NATI,Umbrella,2025-03-13,Portal,Declined
S-002979,Michael Chang,120119,PRGS,Personal Auto,2025-02-16,Portal,Bound
S-002980,Michael Chang,120119,NATI,Personal Auto,2025-03-06,Portal,Declined
S-002981,Lisa Norris,120082,ALLS,WC,2025-03-09,Portal,Bound
S-002982,Lisa Norris,120082,NATI,WC,2025-02-05,Email,Declined
S-002983,Todd Wilson,120094,ALLS,Personal Auto,2025-03-12,Portal,Bound
S-002984,Todd Wilson,120094,FARM,Personal Auto,2025-03-16,Portal,Declined
S-002985,Shelley Smith,120286,TRAV,BOP,2025-02-18,Portal,Bound
S-002986,Shelley Smith,120286,AMFA,BOP,2025-02-13,Portal,Quoted
S-002987,Shelley Smith,120286,PRGS,BOP,2025-02-26,Portal,Quoted
S-002988,Matthew Delgado,120236,NATI,Personal Auto,2025-03-01,IVANS,Bound
S-002989,Matthew Delgado,120236,ALLS,Personal Auto,2025-02-04,IVANS,Quoted
S-002990,Matthew Delgado,120236,HART,Personal Auto,2025-03-19,Portal,Quoted
S-002991,Matthew Delgado,120236,TRAV,Personal Auto,2025-02-13,Portal,Quoted
S-002992,Rebecca Kelly,120068,GEIC,Personal Auto,2025-02-02,Portal,Bound
S-002993,Rebecca Kelly,120068,PRGS,Personal Auto,2025-02-05,IVANS,Quoted
S-002994,Rebecca Kelly,120068,HART,Personal Auto,2025-03-21,Portal,Declined
S-002995,Rebecca Barr,120161,ALLS,Personal Auto,2025-03-01,IVANS,Bound
S-002996,Rebecca Barr,120161,CHUB,Personal Auto,2025-03-12,IVANS,Declined
S-002997,Rebecca Barr,120161,PRGS,Personal Auto,2025-02-24,Portal,Quoted
S-002998,Rebecca Barr,120161,LIBM,Personal Auto,2025-02-09,IVANS,Quoted
S-002999,Jonathan Flores,120267,FARM,Personal Auto,2025-03-22,IVANS,Bound
S-003000,Jonathan Flores,120267,ALLS,Personal Auto,2025-02-21,IVANS,Quoted
S-003001,Ronald Garcia,120269,PRGS,Umbrella,2025-03-17,IVANS,Bound
S-003002,Ronald Garcia,120269,CHUB,Umbrella,2025-03-24,Portal,Declined
S-003003,Ronald Garcia,120269,FARM,Umbrella,2025-03-02,Email,Quoted
S-003004,Ronald Garcia,120269,HART,Umbrella,2025-03-20,Portal,Declined
S-003005,Thomas Hays,120066,ALLS,Homeowners,2025-02-06,IVANS,Bound
S-003006,Thomas Hays,120066,FARM,Homeowners,2025-03-10,Portal,Quoted
S-003007,Thomas Hays,120066,GEIC,Homeowners,2025-02-24,Email,Quoted
S-003008,Thomas Hays,120066,FARM,Homeowners,2025-02-15,IVANS,Declined
S-003009,Mary Thompson,120128,NATI,Personal Auto,2025-03-21,Email,Bound
S-003010,Mary Thompson,120128,PRGS,Personal Auto,2025-02-22,Email,Declined
S-003011,Mary Thompson,120128,PRGS,Personal Auto,2025-02-12,Portal,Quoted
S-003012,Mary Thompson,120128,HART,Personal Auto,2025-02-24,Portal,Quoted
S-003013,Susan Stone,120169,HART,Umbrella,2025-01-31,Portal,Bound
S-003014,Susan Stone,120169,GEIC,Umbrella,2025-02-12,IVANS,Declined
S-003015,Susan Stone,120169,AMFA,Umbrella,2025-03-20,IVANS,Declined
S-003016,Susan Stone,120169,ALLS,Umbrella,2025-02-16,IVANS,Quoted
S-003017,Jennifer Porter,120212,GEIC,Personal Auto,2025-02-03,Portal,Bound
S-003018,Jennifer Porter,120212,LIBM,Personal Auto,2025-03-20,Portal,Declined
S-003019,Jennifer Porter,120212,TRAV,Personal Auto,2025-02-12,Portal,Declined
S-003020,Jennifer Porter,120212,TRAV,Personal Auto,2025-02-11,IVANS,Quoted
S-003021,James Rosales,120099,TRAV,Personal Auto,2025-02-15,IVANS,Bound
S-003022,James Rosales,120099,GEIC,Personal Auto,2025-03-16,IVANS,Quoted
S-003023,James Rosales,120099,LIBM,Personal Auto,2025-03-22,IVANS,Quoted
S-003024,James Kelley,120283,HART,BOP,2025-03-08,Portal,Bound
S-003025,James Kelley,120283,PRGS,BOP,2025-02-28,Email,Quoted
S-003026,James Kelley,120283,PRGS,BOP,2025-03-09,IVANS,Declined
S-003027,James Kelley,120283,NATI,BOP,2025-02-26,Portal,Quoted
S-003028,Michael Lee,120190,FARM,BOP,2025-02-25,Portal,Bound
S-003029,Michael Lee,120190,NATI,BOP,2025-02-03,Portal,Declined
S-003030,Justin Clark,120229,GEIC,Homeowners,2025-01-31,Portal,Bound
S-003031,Justin Clark,120229,NATI,Homeowners,2025-02-06,IVANS,Declined
S-003032,Justin Clark,120229,FARM,Homeowners,2025-02-17,IVANS,Declined
S-003033,John Murphy,120071,AMFA,Personal Auto,2025-02-02,Portal,Bound
S-003034,John Murphy,120071,PRGS,Personal Auto,2025-02-27,Email,Declined
S-003035,John Murphy,120071,GEIC,Personal Auto,2025-02-14,Portal,Declined
S-003036,Samantha Avery,120072,PRGS,Personal Auto,2025-03-10,IVANS,Bound
S-003037,Samantha Avery,120072,AMFA,Personal Auto,2025-03-15,IVANS,Declined
S-003038,Samantha Avery,120072,CHUB,Personal Auto,2025-02-08,Portal,Quoted
S-003039,Samantha Avery,120072,CHUB,Personal Auto,2025-02-26,Portal,Declined
S-003040,Jose Clayton,120065,TRAV,Umbrella,2025-02-15,Portal,Bound
S-003041,Jose Clayton,120065,PRGS,Umbrella,2025-02-27,Portal,Quoted
S-003042,Jose Clayton,120065,GEIC,Umbrella,2025-03-21,IVANS,Quoted
S-003043,Jose Clayton,120065,CHUB,Umbrella,2025-03-12,Email,Quoted
S-003044,Nicholas Garcia,120118,CHUB,Homeowners,2025-02-12,Portal,Bound
S-003045,Nicholas Garcia,120118,LIBM,Homeowners,2025-02-07,Portal,Quoted
S-003046,Nicholas Garcia,120118,AMFA,Homeowners,2025-02-01,IVANS,Quoted
S-003047,Nicholas Garcia,120118,GEIC,Homeowners,2025-03-12,IVANS,Declined
S-003048,Jessica Steele,120088,HART,Umbrella,2025-02-28,Portal,Bound
S-003049,Jessica Steele,120088,LIBM,Umbrella,2025-03-10,IVANS,Quoted
S-003050,Jessica Steele,120088,GEIC,Umbrella,2025-03-11,Portal,Declined
S-003051,Mark Russell,120137,LIBM,Homeowners,2025-02-10,Portal,Bound
S-003052,Mark Russell,120137,PRGS,Homeowners,2025-03-05,Portal,Declined
S-003053,Thomas Baker,120144,NATI,Umbrella,2025-02-16,IVANS,Bound
S-003054,Thomas Baker,120144,ALLS,Umbrella,2025-02-28,Portal,Quoted
S-003055,Thomas Baker,120144,ALLS,Umbrella,2025-02-17,IVANS,Quoted
S-003056,Chelsea Davenport,120096,HART,BOP,2025-02-10,IVANS,Bound
S-003057,Chelsea Davenport,120096,CHUB,BOP,2025-03-24,IVANS,Quoted
S-003058,Kristi Gill,120026,FARM,WC,2025-02-14,Portal,Bound
S-003059,Kristi Gill,120026,GEIC,WC,2025-02-07,Email,Declined
S-003060,Kristi Gill,120026,LIBM,WC,2025-03-20,IVANS,Declined
S-003061,Kristi Gill,120026,GEIC,WC,2025-02-10,IVANS,Quoted
S-003062,Travis Austin,120103,GEIC,Personal Auto,2025-02-24,IVANS,Bound
S-003063,Travis Austin,120103,NATI,Personal Auto,2025-02-23,Email,Declined
S-003064,Andrea Wolf,120013,CHUB,Personal Auto,2025-03-17,Portal,Bound
S-003065,Andrea Wolf,120013,AMFA,Personal Auto,2025-02-19,IVANS,Quoted
S-003066,Andrea Wolf,120013,AMFA,Personal Auto,2025-02-28,IVANS,Quoted
S-003067,Janice Hughes,120072,PRGS,Personal Auto,2025-03-14,IVANS,Bound
S-003068,Janice Hughes,120072,CHUB,Personal Auto,2025-02-17,Portal,Quoted
S-003069,Janice Hughes,120072,ALLS,Personal Auto,2025-02-28,IVANS,Quoted
S-003070,Janice Hughes,120072,LIBM,Personal Auto,2025-03-10,Portal,Quoted
S-003071,Shawn Christensen,120025,FARM,Package,2025-03-13,IVANS,Bound
S-003072,Shawn Christensen,120025,TRAV,Package,2025-03-24,IVANS,Quoted
S-003073,Tina Myers,120155,TRAV,Personal Auto,2025-01-31,Portal,Bound
S-003074,Tina Myers,120155,GEIC,Personal Auto,2025-02-02,Portal,Quoted
S-003075,Michelle Randolph,120005,HART,Homeowners,2025-02-22,Portal,Bound
S-003076,Michelle Randolph,120005,TRAV,Homeowners,2025-03-10,Portal,Quoted
S-003077,Margaret Burke,120043,TRAV,Personal Auto,2025-03-06,Portal,Bound
S-003078,Margaret Burke,120043,GEIC,Personal Auto,2025-03-11,Email,Quoted
S-003079,Martin Bush,120226,TRAV,WC,2025-02-06,IVANS,Bound
S-003080,Martin Bush,120226,LIBM,WC,2025-03-19,Email,Declined
S-003081,Martin Bush,120226,ALLS,WC,2025-02-15,Portal,Quoted
S-003082,Martin Bush,120226,CHUB,WC,2025-03-15,Email,Declined
S-003083,Nicole Delgado,120284,HART,BOP,2025-02-14,IVANS,Bound
S-003084,Nicole Delgado,120284,CHUB,BOP,2025-03-04,Portal,Quoted
S-003085,Ashley Ortiz,120149,AMFA,Package,2025-03-22,Portal,Bound
S-003086,Ashley Ortiz,120149,HART,Package,2025-02-03,IVANS,Declined
S-003087,Julie Mendoza,120105,PRGS,Personal Auto,2025-03-02,Portal,Bound
S-003088,Julie Mendoza,120105,FARM,Personal Auto,2025-03-09,IVANS,Quoted
S-003089,Julie Mendoza,120105,GEIC,Personal Auto,2025-03-10,Email,Quoted
S-003090,Eric Wells,120020,NATI,BOP,2025-03-21,IVANS,Bound
S-003091,Eric Wells,120020,FARM,BOP,2025-02-25,IVANS,Quoted
S-003092,Eric Wells,120020,CHUB,BOP,2025-02-04,IVANS,Declined
S-003093,Eric Wells,120020,CHUB,BOP,2025-03-04,Portal,Declined
S-003094,Christina Burns,120284,CHUB,Personal Auto,2025-02-13,Portal,Bound
S-003095,Christina Burns,120284,AMFA,Personal Auto,2025-03-19,IVANS,Quoted
S-003096,Christina Burns,120284,GEIC,Personal Auto,2025-02-10,Portal,Declined
S-003097,David Adkins,120264,CHUB,Personal Auto,2025-03-06,Portal,Bound
S-003098,David Adkins,120264,AMFA,Personal Auto,2025-03-11,IVANS,Declined
S-003099,David Adkins,120264,NATI,Personal Auto,2025-03-15,Portal,Declined
S-003100,Cristina Scott,120066,TRAV,Personal Auto,2025-02-17,Email,Bound
S-003101,Cristina Scott,120066,ALLS,Personal Auto,2025-02-16,Portal,Quoted
S-003102,Michael Sheppard,120042,TRAV,Personal Auto,2025-02-02,Portal,Bound
S-003103,Michael Sheppard,120042,HART,Personal Auto,2025-03-23,Email,Declined
S-003104,Amy Hall,120040,PRGS,Personal Auto,2025-02-17,IVANS,Bound
S-003105,Amy Hall,120040,HART,Personal Auto,2025-02-03,Portal,Declined
S-003106,Amy Hall,120040,GEIC,Personal Auto,2025-02-18,IVANS,Declined
S-003107,Amy Hall,120040,TRAV,Personal Auto,2025-02-01,IVANS,Declined
S-003108,Darryl Jones,120263,ALLS,Umbrella,2025-02-16,Portal,Bound
S-003109,Darryl Jones,120263,CHUB,Umbrella,2025-02-17,IVANS,Quoted
S-003110,Darryl Jones,120263,CHUB,Umbrella,2025-02-04,IVANS,Quoted
S-003111,Darryl Jones,120263,NATI,Umbrella,2025-02-17,Portal,Quoted
S-003112,Brandy Robles,120043,ALLS,WC,2025-02-23,IVANS,Bound
S-003113,Brandy Robles,120043,HART,WC,2025-02-19,Portal,Quoted
S-003114,Rachel Gonzalez,120265,TRAV,Homeowners,2025-02-14,IVANS,Bound
S-003115,Rachel Gonzalez,120265,AMFA,Homeowners,2025-02-02,IVANS,Declined
S-003116,Rachel Gonzalez,120265,LIBM,Homeowners,2025-02-08,Portal,Quoted
S-003117,Elizabeth Robbins,120148,AMFA,Personal Auto,2025-03-06,IVANS,Bound
S-003118,Elizabeth Robbins,120148,PRGS,Personal Auto,2025-03-01,Email,Quoted
S-003119,Elizabeth Robbins,120148,TRAV,Personal Auto,2025-02-03,Portal,Quoted
S-003120,Douglas Collins,120083,GEIC,Personal Auto,2025-02-01,IVANS,Bound
S-003121,Douglas Collins,120083,ALLS,Personal Auto,2025-02-25,Portal,Quoted
S-003122,Alicia Martinez,120284,AMFA,Personal Auto,2025-02-05,Email,Bound
S-003123,Alicia Martinez,120284,HART,Personal Auto,2025-02-06,Portal,Quoted
S-003124,Walter Kelley,120083,TRAV,Homeowners,2025-02-22,IVANS,Bound
S-003125,Walter Kelley,120083,HART,Homeowners,2025-02-17,Portal,Quoted
S-003126,Walter Kelley,120083,CHUB,Homeowners,2025-03-04,IVANS,Quoted
S-003127,Gabriel Zimmerman,120126,NATI,Personal Auto,2025-02-19,Email,Bound
S-003128,Gabriel Zimmerman,120126,ALLS,Personal Auto,2025-02-25,Portal,Declined
S-003129,Gabriel Zimmerman,120126,GEIC,Personal Auto,2025-03-10,IVANS,Declined
S-003130,Alisha Gilmore,120118,CHUB,BOP,2025-03-08,IVANS,Bound
S-003131,Alisha Gilmore,120118,GEIC,BOP,2025-02-13,IVANS,Quoted
S-003132,Alisha Gilmore,120118,NATI,BOP,2025-02-18,Portal,Quoted
S-003133,Mary Mitchell,120136,HART,Homeowners,2025-03-17,IVANS,Bound
S-003134,Mary Mitchell,120136,GEIC,Homeowners,2025-02-07,IVANS,Quoted
S-003135,Michelle Bonilla,120299,ALLS,Homeowners,2025-02-06,IVANS,Bound
S-003136,Michelle Bonilla,120299,HART,Homeowners,2025-03-16,IVANS,Quoted
S-003137,Michelle Bonilla,120299,PRGS,Homeowners,2025-03-19,IVANS,Quoted
S-003138,Omar Carter,120072,LIBM,Homeowners,2025-01-31,IVANS,Bound
S-003139,Omar Carter,120072,AMFA,Homeowners,2025-03-24,IVANS,Declined
S-003140,Daniel Morgan,120000,ALLS,Homeowners,2025-03-11,IVANS,Bound
S-003141,Daniel Morgan,120000,HART,Homeowners,2025-02-11,Portal,Declined
S-003142,Sandra Allen,120081,CHUB,BOP,2025-02-11,Portal,Bound
S-003143,Sandra Allen,120081,GEIC,BOP,2025-03-01,IVANS,Quoted
S-003144,Kristi Adams,120180,CHUB,Personal Auto,2025-02-08,Portal,Bound
S-003145,Kristi Adams,120180,GEIC,Personal Auto,2025-03-15,Portal,Quoted
S-003146,Kristi Adams,120180,ALLS,Personal Auto,2025-02-07,Portal,Declined
S-003147,Kristi Adams,120180,AMFA,Personal Auto,2025-03-02,IVANS,Quoted
S-003148,Dennis Oconnell,120216,CHUB,Homeowners,2025-02-03,IVANS,Bound
S-003149,Dennis Oconnell,120216,GEIC,Homeowners,2025-03-23,IVANS,Quoted
S-003150,Jacob Cochran,120277,HART,Package,2025-02-18,Portal,Bound
S-003151,Jacob Cochran,120277,TRAV,Package,2025-02-04,Portal,Quoted
S-003152,William Brooks,120054,PRGS,Homeowners,2025-03-24,Portal,Bound
S-003153,William Brooks,120054,AMFA,Homeowners,2025-03-16,Portal,Declined
S-003154,Elizabeth Bradley,120167,LIBM,Package,2025-02-02,IVANS,Bound
S-003155,Elizabeth Bradley,120167,TRAV,Package,2025-03-04,Portal,Declined
S-003156,Sylvia Wood,120143,LIBM,Personal Auto,2025-02-20,IVANS,Bound
S-003157,Sylvia Wood,120143,AMFA,Personal Auto,2025-02-25,IVANS,Quoted
S-003158,Emily Rocha,120032,LIBM,Umbrella,2025-03-07,Portal,Bound
S-003159,Emily Rocha,120032,PRGS,Umbrella,2025-02-21,Email,Declined
S-003160,Debbie Livingston,120172,CHUB,Personal Auto,2025-03-09,Portal,Bound
S-003161,Debbie Livingston,120172,ALLS,Personal Auto,2025-03-04,Portal,Quoted
S-003162,Debbie Livingston,120172,HART,Personal Auto,2025-03-01,IVANS,Declined
S-003163,Debbie Livingston,120172,AMFA,Personal Auto,2025-02-13,Portal,Declined
S-003164,Ryan Black,120258,HART,Personal Auto,2025-03-25,Portal,Bound
S-003165,Ryan Black,120258,GEIC,Personal Auto,2025-02-17,Portal,Quoted
S-003166,Ryan Black,120258,ALLS,Personal Auto,2025-02-12,IVANS,Quoted
S-003167,Ryan Black,120258,PRGS,Personal Auto,2025-02-22,Email,Declined
S-003168,Kevin Hall,120105,FARM,BOP,2025-02-09,IVANS,Bound
S-003169,Kevin Hall,120105,ALLS,BOP,2025-02-15,Portal,Declined
S-003170,Kevin Hall,120105,LIBM,BOP,2025-03-19,IVANS,Quoted
S-003171,Jose Montgomery,120175,ALLS,BOP,2025-02-22,IVANS,Bound
S-003172,Jose Montgomery,120175,GEIC,BOP,2025-03-23,Email,Quoted
S-003173,Jose Montgomery,120175,GEIC,BOP,2025-02-27,IVANS,Quoted
S-003174,Abigail Hernandez,120144,FARM,WC,2025-03-02,Portal,Bound
S-003175,Abigail Hernandez,120144,AMFA,WC,2025-02-07,IVANS,Quoted
S-003176,Abigail Hernandez,120144,AMFA,WC,2025-03-15,IVANS,Quoted
S-003177,Mark Francis,120067,AMFA,BOP,2025-02-10,Portal,Bound
S-003178,Mark Francis,120067,CHUB,BOP,2025-03-14,Portal,Quoted
S-003179,Mark Francis,120067,ALLS,BOP,2025-02-17,IVANS,Declined
S-003180,Mark Francis,120067,ALLS,BOP,2025-03-03,Portal,Quoted
S-003181,Hailey Simon,120137,HART,Personal Auto,2025-02-18,IVANS,Bound
S-003182,Hailey Simon,120137,FARM,Personal Auto,2025-02-18,Portal,Quoted
S-003183,Cameron Dawson,120232,GEIC,Homeowners,2025-03-23,IVANS,Bound
S-003184,Cameron Dawson,120232,FARM,Homeowners,2025-02-24,Portal,Quoted
S-003185,Cameron Dawson,120232,ALLS,Homeowners,2025-02-18,Email,Quoted
S-003186,Cameron Dawson,120232,TRAV,Homeowners,2025-03-12,Portal,Quoted
S-003187,Wayne Fernandez,120107,TRAV,Homeowners,2025-02-09,IVANS,Bound
S-003188,Wayne Fernandez,120107,PRGS,Homeowners,2025-03-06,IVANS,Quoted
S-003189,Wayne Fernandez,120107,GEIC,Homeowners,2025-03-05,Portal,Quoted
S-003190,Wayne Fernandez,120107,FARM,Homeowners,2025-03-05,Portal,Declined
S-003191,Kevin Rush,120255,HART,Personal Auto,2025-03-03,IVANS,Bound
S-003192,Kevin Rush,120255,ALLS,Personal Auto,2025-02-10,IVANS,Quoted
S-003193,Kevin Rush,120255,ALLS,Personal Auto,2025-02-24,IVANS,Quoted
S-003194,Kevin Rush,120255,PRGS,Personal Auto,2025-03-14,IVANS,Quoted
S-003195,Jacob Lee,120133,ALLS,Homeowners,2025-02-11,Portal,Bound
S-003196,Jacob Lee,120133,TRAV,Homeowners,2025-03-18,Portal,Quoted
S-003197,Lindsey Williamson,120136,CHUB,Personal Auto,2025-02-05,Portal,Bound
S-003198,Lindsey Williamson,120136,FARM,Personal Auto,2025-03-07,IVANS,Declined
S-003199,Robert Cain,120019,PRGS,Homeowners,2025-02-07,Portal,Bound
S-003200,Robert Cain,120019,ALLS,Homeowners,2025-02-03,IVANS,Quoted
S-003201,Robert Cain,120019,HART,Homeowners,2025-02-04,Portal,Declined
S-003202,Michelle Paul,120037,NATI,WC,2025-03-20,Portal,Bound
S-003203,Michelle Paul,120037,FARM,WC,2025-02-16,IVANS,Quoted
S-003204,Michelle Paul,120037,ALLS,WC,2025-03-09,IVANS,Quoted
S-003205,Kimberly Hester,120204,NATI,WC,2025-03-09,Portal,Bound
S-003206,Kimberly Hester,120204,AMFA,WC,2025-02-26,IVANS,Quoted
S-003207,Kimberly Hester,120204,PRGS,WC,2025-02-28,Email,Declined
S-003208,Kimberly Hester,120204,FARM,WC,2025-03-12,Portal,Quoted
S-003209,Deanna Meyer,120267,GEIC,WC,2025-03-19,IVANS,Bound
S-003210,Deanna Meyer,120267,NATI,WC,2025-02-03,IVANS,Quoted
S-003211,Deanna Meyer,120267,CHUB,WC,2025-03-15,IVANS,Quoted
S-003212,Deanna Meyer,120267,HART,WC,2025-02-28,Portal,Declined
S-003213,Ashley Jordan,120085,HART,Homeowners,2025-03-25,Portal,Bound
S-003214,Ashley Jordan,120085,FARM,Homeowners,2025-02-22,Email,Quoted
S-003215,Ashley Jordan,120085,LIBM,Homeowners,2025-03-22,IVANS,Quoted
S-003216,Bryan Walker,120172,TRAV,Homeowners,2025-02-04,IVANS,Bound
S-003217,Bryan Walker,120172,AMFA,Homeowners,2025-03-18,Portal,Quoted
S-003218,Bryan Walker,120172,PRGS,Homeowners,2025-03-16,Email,Declined
S-003219,Raymond Bernard,120059,CHUB,WC,2025-03-17,Email,Bound
S-003220,Raymond Bernard,120059,LIBM,WC,2025-02-09,IVANS,Quoted
S-003221,Raymond Bernard,120059,FARM,WC,2025-03-20,Email,Quoted
S-003222,David Black,120263,CHUB,Umbrella,2025-03-17,Portal,Bound
S-003223,David Black,120263,GEIC,Umbrella,2025-03-05,IVANS,Declined
S-003224,David Black,120263,FARM,Umbrella,2025-02-18,Portal,Declined
S-003225,Colleen Miller,120040,TRAV,Homeowners,2025-02-22,Email,Bound
S-003226,Colleen Miller,120040,LIBM,Homeowners,2025-03-01,Portal,Quoted
S-003227,Colleen Miller,120040,CHUB,Homeowners,2025-03-24,IVANS,Declined
S-003228,Brandy Macdonald,120208,PRGS,Homeowners,2025-03-12,Portal,Bound
S-003229,Brandy Macdonald,120208,HART,Homeowners,2025-02-15,IVANS,Quoted
S-003230,Brandy Macdonald,120208,HART,Homeowners,2025-02-26,IVANS,Quoted
S-003231,Brandy Macdonald,120208,ALLS,Homeowners,2025-03-16,Portal,Quoted
S-003232,Michael Berry,120013,HART,Personal Auto,2025-02-20,Portal,Bound
S-003233,Michael Berry,120013,CHUB,Personal Auto,2025-03-19,IVANS,Declined
S-003234,Caleb Pierce,120018,TRAV,Homeowners,2025-03-21,IVANS,Bound
S-003235,Caleb Pierce,120018,PRGS,Homeowners,2025-02-04,IVANS,Quoted
S-003236,Rachael Conner,120296,TRAV,Homeowners,2025-03-23,Portal,Bound
S-003237,Rachael Conner,120296,PRGS,Homeowners,2025-03-15,Portal,Quoted
S-003238,Cynthia Nelson,120029,ALLS,Personal Auto,2025-02-18,IVANS,Bound
S-003239,Cynthia Nelson,120029,HART,Personal Auto,2025-03-07,Portal,Quoted
S-003240,Diane Cooley,120141,CHUB,Personal Auto,2025-02-20,Portal,Bound
S-003241,Diane Cooley,120141,TRAV,Personal Auto,2025-03-18,IVANS,Declined
S-003242,Michelle Cohen,120161,TRAV,BOP,2025-02-14,Portal,Bound
S-003243,Michelle Cohen,120161,HART,BOP,2025-03-01,IVANS,Quoted
S-003244,Michelle Cohen,120161,GEIC,BOP,2025-03-19,IVANS,Declined
S-003245,Michelle Cohen,120161,ALLS,BOP,2025-02-28,Email,Quoted
S-003246,Kimberly Shepherd,120298,AMFA,Umbrella,2025-02-13,Email,Bound
S-003247,Kimberly Shepherd,120298,GEIC,Umbrella,2025-03-22,Portal,Declined
S-003248,Kimberly Shepherd,120298,ALLS,Umbrella,2025-02-17,IVANS,Declined
S-003249,Andrea Obrien,120141,TRAV,BOP,2025-02-28,Portal,Bound
S-003250,Andrea Obrien,120141,CHUB,BOP,2025-03-24,IVANS,Declined
S-003251,Andrea Obrien,120141,AMFA,BOP,2025-03-16,Portal,Declined
S-003252,Tanya Burgess,120216,PRGS,Personal Auto,2025-02-04,Email,Bound
S-003253,Tanya Burgess,120216,CHUB,Personal Auto,2025-02-01,Email,Declined
S-003254,Carolyn Yates,120086,TRAV,Umbrella,2025-02-21,IVANS,Bound
S-003255,Carolyn Yates,120086,GEIC,Umbrella,2025-03-23,IVANS,Quoted
S-003256,Matthew Haynes,120299,NATI,Personal Auto,2025-03-07,IVANS,Bound
S-003257,Matthew Haynes,120299,CHUB,Personal Auto,2025-02-26,Portal,Quoted
S-003258,Randy Caldwell,120177,CHUB,Homeowners,2025-03-06,Portal,Bound
S-003259,Randy Caldwell,120177,AMFA,Homeowners,2025-03-07,IVANS,Declined
S-003260,Randy Caldwell,120177,NATI,Homeowners,2025-02-07,IVANS,Quoted
S-003261,Randy Caldwell,120177,TRAV,Homeowners,2025-02-26,Email,Declined
S-003262,Tiffany Ford,120083,FARM,Homeowners,2025-02-17,IVANS,Bound
S-003263,Tiffany Ford,120083,TRAV,Homeowners,2025-02-10,IVANS,Quoted
S-003264,Tiffany Ford,120083,LIBM,Homeowners,2025-03-10,IVANS,Quoted
S-003265,Ashley Ho,120283,GEIC,Homeowners,2025-03-12,IVANS,Bound
S-003266,Ashley Ho,120283,FARM,Homeowners,2025-02-21,Portal,Declined
S-003267,Ashley Ho,120283,LIBM,Homeowners,2025-03-02,IVANS,Quoted
S-003268,Ashley Ho,120283,CHUB,Homeowners,2025-03-22,IVANS,Declined
S-003269,David Fitzpatrick,120019,CHUB,BOP,2025-02-09,Portal,Bound
S-003270,David Fitzpatrick,120019,NATI,BOP,2025-02-19,Portal,Quoted
S-003271,Emily Mathis,120241,GEIC,Umbrella,2025-02-04,Portal,Bound
S-003272,Emily Mathis,120241,FARM,Umbrella,2025-02-07,IVANS,Declined
S-003273,Emily Mathis,120241,TRAV,Umbrella,2025-03-12,Email,Declined
S-003274,Jennifer Kim,120124,ALLS,Personal Auto,2025-01-31,IVANS,Bound
S-003275,Jennifer Kim,120124,HART,Personal Auto,2025-03-23,Portal,Quoted
S-003276,Jennifer Kim,120124,FARM,Personal Auto,2025-03-18,Portal,Quoted
S-003277,Jennifer Kim,120124,AMFA,Personal Auto,2025-02-13,Portal,Quoted
S-003278,David Perez,120213,PRGS,WC,2025-02-12,Portal,Bound
S-003279,David Perez,120213,TRAV,WC,2025-03-15,Portal,Quoted
S-003280,Scott Simmons,120143,HART,Homeowners,2025-03-02,Portal,Bound
S-003281,Scott Simmons,120143,AMFA,Homeowners,2025-03-03,IVANS,Declined
S-003282,Guy Graham,120092,TRAV,Homeowners,2025-02-13,IVANS,Bound
S-003283,Guy Graham,120092,ALLS,Homeowners,2025-02-19,IVANS,Quoted
S-003284,Guy Graham,120092,FARM,Homeowners,2025-02-12,IVANS,Quoted
S-003285,Guy Graham,120092,AMFA,Homeowners,2025-02-14,Portal,Declined
S-003286,Jason Sanchez,120140,NATI,Personal Auto,2025-03-22,IVANS,Bound
S-003287,Jason Sanchez,120140,ALLS,Personal Auto,2025-02-01,IVANS,Quoted
S-003288,Jason Sanchez,120140,PRGS,Personal Auto,2025-03-14,IVANS,Declined
S-003289,Nicholas Christian,120000,GEIC,BOP,2025-03-02,IVANS,Bound
S-003290,Nicholas Christian,120000,AMFA,BOP,2025-03-24,Portal,Declined
S-003291,Nicholas Christian,120000,HART,BOP,2025-02-05,Portal,Quoted
S-003292,Nicholas Christian,120000,AMFA,BOP,2025-03-06,Portal,Declined
S-003293,Amanda Cole,120132,ALLS,Homeowners,2025-02-07,Portal,Bound
S-003294,Amanda Cole,120132,NATI,Homeowners,2025-03-12,Email,Quoted
S-003295,Amanda Cole,120132,NATI,Homeowners,2025-03-22,IVANS,Quoted
S-003296,Amanda Cole,120132,LIBM,Homeowners,2025-02-01,Portal,Quoted
S-003297,John Adams,120271,PRGS,Homeowners,2025-03-06,Portal,Bound
S-003298,John Adams,120271,ALLS,Homeowners,2025-02-09,Portal,Quoted
S-003299,John Adams,120271,TRAV,Homeowners,2025-02-09,Portal,Quoted
S-003300,John Adams,120271,CHUB,Homeowners,2025-02-23,Portal,Quoted
S-003301,Amanda Hobbs,120144,GEIC,Homeowners,2025-03-02,Portal,Bound
S-003302,Amanda Hobbs,120144,PRGS,Homeowners,2025-02-10,Portal,Declined
S-003303,Amanda Hobbs,120144,CHUB,Homeowners,2025-02-26,IVANS,Quoted
S-003304,Amanda Hobbs,120144,TRAV,Homeowners,2025-03-09,IVANS,Declined
S-003305,Andrew Tucker,120008,GEIC,Homeowners,2025-03-25,Portal,Bound
S-003306,Andrew Tucker,120008,CHUB,Homeowners,2025-03-16,IVANS,Quoted
S-003307,Andrew Tucker,120008,ALLS,Homeowners,2025-03-14,IVANS,Quoted
S-003308,Andrew Tucker,120008,PRGS,Homeowners,2025-03-10,IVANS,Declined
S-003309,Kelsey Lynch,120004,HART,Personal Auto,2025-02-18,Email,Bound
S-003310,Kelsey Lynch,120004,NATI,Personal Auto,2025-02-01,IVANS,Quoted
S-003311,Kelsey Lynch,120004,PRGS,Personal Auto,2025-03-10,IVANS,Quoted
S-003312,Kelsey Lynch,120004,TRAV,Personal Auto,2025-02-07,IVANS,Quoted
S-003313,James Ingram,120022,ALLS,WC,2025-02-08,IVANS,Bound
S-003314,James Ingram,120022,FARM,WC,2025-03-06,Email,Quoted
S-003315,James Ingram,120022,NATI,WC,2025-03-18,Portal,Quoted
S-003316,Ronald Schmidt,120109,HART,BOP,2025-03-23,Portal,Bound
S-003317,Ronald Schmidt,120109,GEIC,BOP,2025-03-22,IVANS,Quoted
S-003318,Ronald Schmidt,120109,LIBM,BOP,2025-02-24,IVANS,Quoted
S-003319,Ronald Schmidt,120109,GEIC,BOP,2025-03-03,IVANS,Declined
S-003320,Frank Cruz,120248,HART,Homeowners,2025-02-22,IVANS,Bound
S-003321,Frank Cruz,120248,AMFA,Homeowners,2025-03-20,IVANS,Quoted
S-003322,Frank Cruz,120248,CHUB,Homeowners,2025-02-17,IVANS,Quoted
S-003323,Frank Cruz,120248,FARM,Homeowners,2025-03-21,Email,Quoted
S-003324,Sarah Ryan,120172,TRAV,BOP,2025-03-05,IVANS,Bound
S-003325,Sarah Ryan,120172,GEIC,BOP,2025-02-07,IVANS,Quoted
S-003326,Yvette Chapman,120212,LIBM,Personal Auto,2025-03-10,Email,Bound
S-003327,Yvette Chapman,120212,PRGS,Personal Auto,2025-02-09,Email,Declined
S-003328,Yvette Chapman,120212,ALLS,Personal Auto,2025-02-27,IVANS,Declined
S-003329,Yvette Chapman,120212,GEIC,Personal Auto,2025-01-31,IVANS,Declined
S-003330,Deborah Smith,120042,LIBM,Homeowners,2025-03-13,Portal,Bound
S-003331,Deborah Smith,120042,AMFA,Homeowners,2025-03-17,Portal,Declined
S-003332,William Tran,120033,HART,Homeowners,2025-02-05,Email,Bound
S-003333,William Tran,120033,PRGS,Homeowners,2025-02-27,IVANS,Declined
S-003334,William Tran,120033,CHUB,Homeowners,2025-02-06,IVANS,Quoted
S-003335,William Tran,120033,FARM,Homeowners,2025-03-02,Portal,Quoted
S-003336,Alyssa Rangel,120149,ALLS,Umbrella,2025-03-03,Portal,Bound
S-003337,Alyssa Rangel,120149,LIBM,Umbrella,2025-03-17,Portal,Quoted
S-003338,Karen Meyer,120278,ALLS,Personal Auto,2025-02-03,IVANS,Bound
S-003339,Karen Meyer,120278,AMFA,Personal Auto,2025-02-04,Email,Quoted
S-003340,Karen Meyer,120278,NATI,Personal Auto,2025-02-23,Portal,Declined
S-003341,Caitlin Mccarthy,120245,TRAV,Personal Auto,2025-02-08,IVANS,Bound
S-003342,Caitlin Mccarthy,120245,LIBM,Personal Auto,2025-02-28,Portal,Quoted
S-003343,Taylor Dyer,120104,LIBM,Personal Auto,2025-02-09,IVANS,Bound
S-003344,Taylor Dyer,120104,AMFA,Personal Auto,2025-02-28,IVANS,Quoted
S-003345,Taylor Dyer,120104,ALLS,Personal Auto,2025-03-24,Portal,Quoted
S-003346,Keith Garza,120126,TRAV,Personal Auto,2025-02-25,IVANS,Bound
S-003347,Keith Garza,120126,AMFA,Personal Auto,2025-03-22,Portal,Quoted
S-003348,Keith Garza,120126,NATI,Personal Auto,2025-02-28,Portal,Quoted
S-003349,Keith Garza,120126,FARM,Personal Auto,2025-03-15,Portal,Quoted
S-003350,Tracy Miller,120123,NATI,WC,2025-02-23,IVANS,Bound
S-003351,Tracy Miller,120123,TRAV,WC,2025-02-22,IVANS,Quoted
S-003352,Tracy Miller,120123,TRAV,WC,2025-02-06,IVANS,Declined
S-003353,Lauren Santos,120029,PRGS,Homeowners,2025-02-05,IVANS,Bound
S-003354,Lauren Santos,120029,ALLS,Homeowners,2025-02-06,Portal,Declined
S-003355,Randy Melendez,120018,GEIC,Homeowners,2025-03-09,Email,Bound
S-003356,Randy Melendez,120018,CHUB,Homeowners,2025-02-14,IVANS,Quoted
S-003357,Randy Melendez,120018,ALLS,Homeowners,2025-02-06,IVANS,Quoted
S-003358,Catherine Brown,120162,LIBM,Package,2025-02-01,IVANS,Bound
S-003359,Catherine Brown,120162,HART,Package,2025-02-18,Portal,Quoted
S-003360,Catherine Brown,120162,GEIC,Package,2025-02-17,IVANS,Declined
S-003361,Jamie Jackson,120157,ALLS,Umbrella,2025-03-02,Portal,Bound
S-003362,Jamie Jackson,120157,GEIC,Umbrella,2025-02-28,Portal,Quoted
S-003363,Jamie Jackson,120157,GEIC,Umbrella,2025-02-04,Portal,Quoted
S-003364,Jamie Jackson,120157,NATI,Umbrella,2025-02-12,IVANS,Quoted
S-003365,Albert Flores,120014,ALLS,Personal Auto,2025-02-10,Portal,Bound
S-003366,Albert Flores,120014,PRGS,Personal Auto,2025-02-10,IVANS,Declined
S-003367,Albert Flores,120014,CHUB,Personal Auto,2025-03-16,Portal,Quoted
S-003368,Joseph Clark,120100,NATI,Homeowners,2025-02-07,IVANS,Bound
S-003369,Joseph Clark,120100,LIBM,Homeowners,2025-02-24,IVANS,Quoted
S-003370,Joseph Clark,120100,LIBM,Homeowners,2025-03-07,Portal,Quoted
S-003371,Joseph Clark,120100,HART,Homeowners,2025-02-02,Portal,Quoted
S-003372,Jose Trujillo,120197,LIBM,Personal Auto,2025-02-23,Portal,Bound
S-003373,Jose Trujillo,120197,ALLS,Personal Auto,2025-02-09,IVANS,Quoted
S-003374,Jacob Castillo,120080,ALLS,Package,2025-01-31,Portal,Bound
S-003375,Jacob Castillo,120080,PRGS,Package,2025-02-12,Portal,Quoted
S-003376,Jacob Castillo,120080,HART,Package,2025-02-06,IVANS,Declined
S-003377,Jacob Castillo,120080,NATI,Package,2025-02-22,IVANS,Declined
S-003378,Andrew Lewis,120177,CHUB,Personal Auto,2025-02-15,IVANS,Bound
S-003379,Andrew Lewis,120177,PRGS,Personal Auto,2025-03-12,Email,Quoted
S-003380,Sherri Parker,120169,TRAV,Homeowners,2025-03-13,IVANS,Bound
S-003381,Sherri Parker,120169,ALLS,Homeowners,2025-02-12,IVANS,Quoted
S-003382,Sherri Parker,120169,GEIC,Homeowners,2025-02-05,Portal,Quoted
S-003383,Sherri Parker,120169,AMFA,Homeowners,2025-03-06,Portal,Quoted
S-003384,Michael Hurst,120254,PRGS,Umbrella,2025-02-23,Portal,Bound
S-003385,Michael Hurst,120254,LIBM,Umbrella,2025-03-02,Email,Quoted
S-003386,Michael Hurst,120254,NATI,Umbrella,2025-03-17,Portal,Quoted
S-003387,Michael Hurst,120254,NATI,Umbrella,2025-03-04,IVANS,Quoted
S-003388,Robert Hodges,120089,GEIC,BOP,2025-02-01,IVANS,Bound
S-003389,Robert Hodges,120089,FARM,BOP,2025-03-20,Portal,Quoted
S-003390,Robert Hodges,120089,ALLS,BOP,2025-03-21,Portal,Quoted
S-003391,Catherine Kelly,120169,NATI,Homeowners,2025-03-20,Portal,Bound
S-003392,Catherine Kelly,120169,ALLS,Homeowners,2025-02-17,IVANS,Quoted
S-003393,Catherine Kelly,120169,PRGS,Homeowners,2025-02-27,IVANS,Quoted
S-003394,Amy Flores,120021,AMFA,BOP,2025-03-13,Portal,Bound
S-003395,Amy Flores,120021,CHUB,BOP,2025-02-12,Portal,Quoted
S-003396,Amy Flores,120021,LIBM,BOP,2025-02-16,Portal,Quoted
S-003397,Amy Flores,120021,ALLS,BOP,2025-02-07,IVANS,Declined
S-003398,Melanie Underwood,120181,PRGS,Personal Auto,2025-02-28,Portal,Bound
S-003399,Melanie Underwood,120181,NATI,Personal Auto,2025-02-11,IVANS,Quoted
S-003400,Caitlin Bradshaw,120042,AMFA,Package,2025-03-18,IVANS,Bound
S-003401,Caitlin Bradshaw,120042,LIBM,Package,2025-03-25,IVANS,Quoted
S-003402,Caitlin Bradshaw,120042,PRGS,Package,2025-02-21,IVANS,Quoted
S-003403,Caitlin Bradshaw,120042,PRGS,Package,2025-02-04,IVANS,Declined
S-003404,Madison Wade,120059,PRGS,Umbrella,2025-02-12,Portal,Bound
S-003405,Madison Wade,120059,LIBM,Umbrella,2025-02-01,Portal,Declined
S-003406,Madison Wade,120059,LIBM,Umbrella,2025-03-13,IVANS,Quoted
S-003407,Angel Torres,120150,PRGS,Personal Auto,2025-02-18,IVANS,Bound
S-003408,Angel Torres,120150,ALLS,Personal Auto,2025-03-09,IVANS,Quoted
S-003409,Angel Torres,120150,ALLS,Personal Auto,2025-03-17,Portal,Quoted
S-003410,Zachary Bowman,120232,NATI,Homeowners,2025-02-22,IVANS,Bound
S-003411,Zachary Bowman,120232,ALLS,Homeowners,2025-02-23,Portal,Declined
S-003412,Zachary Bowman,120232,AMFA,Homeowners,2025-03-17,IVANS,Quoted
S-003413,Michael Payne,120041,GEIC,Homeowners,2025-02-09,Portal,Bound
S-003414,Michael Payne,120041,FARM,Homeowners,2025-02-28,Portal,Quoted
S-003415,Erin Simon,120225,ALLS,Personal Auto,2025-03-19,IVANS,Bound
S-003416,Erin Simon,120225,AMFA,Personal Auto,2025-03-09,Portal,Quoted
S-003417,Erin Simon,120225,NATI,Personal Auto,2025-03-08,IVANS,Quoted
S-003418,Erin Simon,120225,PRGS,Personal Auto,2025-02-19,IVANS,Quoted
S-003419,Derek Owens,120033,HART,Personal Auto,2025-02-26,IVANS,Bound
S-003420,Derek Owens,120033,GEIC,Personal Auto,2025-03-21,IVANS,Declined
S-003421,Margaret Sloan,120103,TRAV,Homeowners,2025-02-27,IVANS,Bound
S-003422,Margaret Sloan,120103,GEIC,Homeowners,2025-02-12,IVANS,Quoted
S-003423,Margaret Sloan,120103,FARM,Homeowners,2025-03-12,Portal,Quoted
S-003424,Kathleen Atkins,120184,AMFA,Personal Auto,2025-03-02,Portal,Bound
S-003425,Kathleen Atkins,120184,GEIC,Personal Auto,2025-03-05,IVANS,Quoted
S-003426,Kathleen Atkins,120184,ALLS,Personal Auto,2025-02-22,Portal,Quoted
S-003427,Brandon Alvarez,120145,AMFA,Personal Auto,2025-03-24,Portal,Bound
S-003428,Brandon Alvarez,120145,FARM,Personal Auto,2025-02-16,Email,Declined
S-003429,Brandon Alvarez,120145,TRAV,Personal Auto,2025-03-03,Portal,Quoted
S-003430,Brandon Alvarez,120145,CHUB,Personal Auto,2025-01-31,Portal,Quoted
S-003431,Anna Briggs,120139,PRGS,Umbrella,2025-02-25,Portal,Bound
S-003432,Anna Briggs,120139,HART,Umbrella,2025-03-08,Portal,Quoted
S-003433,Anna Briggs,120139,LIBM,Umbrella,2025-02-18,IVANS,Declined
S-003434,Christopher Hughes,120050,CHUB,Homeowners,2025-02-23,IVANS,Bound
S-003435,Christopher Hughes,120050,LIBM,Homeowners,2025-03-24,Portal,Quoted
S-003436,Christopher Hughes,120050,GEIC,Homeowners,2025-03-17,Email,Quoted
S-003437,Keith Alvarado,120014,ALLS,Personal Auto,2025-03-22,Portal,Bound
S-003438,Keith Alvarado,120014,AMFA,Personal Auto,2025-03-20,IVANS,Quoted
S-003439,Richard House,120218,FARM,Personal Auto,2025-02-17,IVANS,Bound
S-003440,Richard House,120218,GEIC,Personal Auto,2025-03-02,Portal,Quoted
S-003441,Richard House,120218,HART,Personal Auto,2025-03-07,IVANS,Declined
S-003442,Richard House,120218,CHUB,Personal Auto,2025-03-12,IVANS,Quoted
S-003443,Jonathan Donaldson,120095,NATI,Homeowners,2025-02-16,Portal,Bound
S-003444,Jonathan Donaldson,120095,GEIC,Homeowners,2025-02-23,IVANS,Quoted
S-003445,Jonathan Donaldson,120095,HART,Homeowners,2025-02-11,IVANS,Quoted
S-003446,Jonathan Donaldson,120095,ALLS,Homeowners,2025-03-18,IVANS,Quoted
S-003447,Daniel Barron,120156,TRAV,Homeowners,2025-02-08,Portal,Bound
S-003448,Daniel Barron,120156,HART,Homeowners,2025-02-10,IVANS,Declined
S-003449,Heather Middleton,120254,FARM,Personal Auto,2025-03-02,Portal,Bound
S-003450,Heather Middleton,120254,AMFA,Personal Auto,2025-02-27,IVANS,Declined
S-003451,Marissa Garcia,120280,CHUB,WC,2025-02-21,IVANS,Bound
S-003452,Marissa Garcia,120280,PRGS,WC,2025-03-17,Portal,Quoted
S-003453,Marissa Garcia,120280,NATI,WC,2025-02-07,Portal,Quoted
S-003454,Justin Horn,120155,PRGS,Personal Auto,2025-03-01,Email,Bound
S-003455,Justin Horn,120155,AMFA,Personal Auto,2025-03-07,IVANS,Quoted
S-003456,Justin Horn,120155,AMFA,Personal Auto,2025-03-23,IVANS,Quoted
S-003457,Justin Horn,120155,TRAV,Personal Auto,2025-02-07,Portal,Quoted
S-003458,Michael Perez,120231,ALLS,Package,2025-03-14,Portal,Bound
S-003459,Michael Perez,120231,PRGS,Package,2025-02-14,Portal,Declined
S-003460,Leslie Leon,120179,NATI,Umbrella,2025-03-19,Portal,Bound
S-003461,Leslie Leon,120179,AMFA,Umbrella,2025-03-23,Email,Quoted
S-003462,Leslie Leon,120179,TRAV,Umbrella,2025-03-22,Portal,Declined
S-003463,Kurt Morrow,120241,NATI,Personal Auto,2025-03-11,IVANS,Bound
S-003464,Kurt Morrow,120241,CHUB,Personal Auto,2025-02-14,Portal,Declined
S-003465,Kurt Morrow,120241,GEIC,Personal Auto,2025-02-21,Portal,Quoted
S-003466,Kurt Morrow,120241,PRGS,Personal Auto,2025-02-03,IVANS,Quoted
S-003467,Carol Kramer,120093,GEIC,Package,2025-02-22,Portal,Bound
S-003468,Carol Kramer,120093,HART,Package,2025-02-07,Portal,Quoted
S-003469,Carol Kramer,120093,CHUB,Package,2025-02-19,Portal,Quoted
S-003470,Corey Raymond,120025,GEIC,Homeowners,2025-03-19,Portal,Bound
S-003471,Corey Raymond,120025,PRGS,Homeowners,2025-03-06,IVANS,Declined
S-003472,Corey Raymond,120025,CHUB,Homeowners,2025-03-07,Portal,Quoted
S-003473,Jennifer Mcmillan,120270,LIBM,Personal Auto,2025-02-18,IVANS,Bound
S-003474,Jennifer Mcmillan,120270,HART,Personal Auto,2025-02-26,IVANS,Quoted
S-003475,Jennifer Mcmillan,120270,ALLS,Personal Auto,2025-03-21,Portal,Quoted
S-003476,Jennifer Mcmillan,120270,NATI,Personal Auto,2025-02-16,Portal,Quoted
S-003477,Reginald Monroe,120129,AMFA,Personal Auto,2025-03-25,IVANS,Bound
S-003478,Reginald Monroe,120129,HART,Personal Auto,2025-02-21,IVANS,Quoted
S-003479,Reginald Monroe,120129,NATI,Personal Auto,2025-02-12,Portal,Declined
S-003480,Nicole Hicks,120226,PRGS,Personal Auto,2025-02-15,IVANS,Bound
S-003481,Nicole Hicks,120226,ALLS,Personal Auto,2025-03-09,IVANS,Declined
S-003482,Cristian Cantrell,120228,GEIC,BOP,2025-02-02,IVANS,Bound
S-003483,Cristian Cantrell,120228,NATI,BOP,2025-02-23,Portal,Quoted
S-003484,Cristian Cantrell,120228,TRAV,BOP,2025-03-19,Email,Declined
S-003485,Cristian Cantrell,120228,HART,BOP,2025-02-18,Email,Declined
S-003486,Stephen Brewer,120205,GEIC,Homeowners,2025-03-23,Email,Bound
S-003487,Stephen Brewer,120205,CHUB,Homeowners,2025-03-25,IVANS,Quoted
S-003488,Stephen Brewer,120205,PRGS,Homeowners,2025-03-05,Portal,Quoted
S-003489,Michelle Chen,120090,PRGS,Homeowners,2025-02-02,Portal,Bound
S-003490,Michelle Chen,120090,LIBM,Homeowners,2025-03-19,IVANS,Declined
S-003491,Robert Smith,120120,GEIC,Personal Auto,2025-02-27,Portal,Bound
S-003492,Robert Smith,120120,AMFA,Personal Auto,2025-02-17,IVANS,Quoted
S-003493,Gregory Martinez,120202,GEIC,WC,2025-02-25,IVANS,Bound
S-003494,Gregory Martinez,120202,FARM,WC,2025-02-26,IVANS,Declined
S-003495,Gregory Martinez,120202,ALLS,WC,2025-02-09,Portal,Quoted
S-003496,Erica Robles,120100,FARM,WC,2025-02-25,Email,Bound
S-003497,Erica Robles,120100,NATI,WC,2025-03-04,IVANS,Declined
S-003498,Erica Robles,120100,NATI,WC,2025-03-22,IVANS,Declined
S-003499,Erica Robles,120100,PRGS,WC,2025-02-24,Portal,Quoted
S-003500,Andrea Williams,120261,GEIC,Personal Auto,2025-02-12,IVANS,Bound
S-003501,Andrea Williams,120261,TRAV,Personal Auto,2025-03-24,IVANS,Declined
S-003502,Andrea Williams,120261,HART,Personal Auto,2025-02-26,IVANS,Declined
S-003503,Melinda Smith,120240,TRAV,Personal Auto,2025-02-19,Portal,Bound
S-003504,Melinda Smith,120240,CHUB,Personal Auto,2025-02-04,Portal,Declined
S-003505,Darryl Taylor,120035,HART,BOP,2025-01-31,IVANS,Bound
S-003506,Darryl Taylor,120035,PRGS,BOP,2025-03-04,Portal,Declined
S-003507,Dawn Wade,120267,ALLS,Umbrella,2025-02-20,IVANS,Bound
S-003508,Dawn Wade,120267,CHUB,Umbrella,2025-03-02,Portal,Declined
S-003509,Dawn Wade,120267,HART,Umbrella,2025-03-12,IVANS,Declined
S-003510,Elizabeth Montgomery,120013,TRAV,Homeowners,2025-01-31,Portal,Bound
S-003511,Elizabeth Montgomery,120013,CHUB,Homeowners,2025-02-21,Portal,Quoted
S-003512,Elizabeth Montgomery,120013,AMFA,Homeowners,2025-02-02,Portal,Quoted
S-003513,Elizabeth Montgomery,120013,FARM,Homeowners,2025-02-09,Portal,Declined
S-003514,Christopher Warner,120083,LIBM,Personal Auto,2025-03-25,Email,Bound
S-003515,Christopher Warner,120083,HART,Personal Auto,2025-02-13,Email,Quoted
S-003516,Christopher Warner,120083,AMFA,Personal Auto,2025-02-12,IVANS,Quoted
S-003517,Christopher Warner,120083,ALLS,Personal Auto,2025-01-31,IVANS,Quoted
S-003518,Lisa Brennan,120112,PRGS,Package,2025-03-19,IVANS,Bound
S-003519,Lisa Brennan,120112,NATI,Package,2025-03-05,IVANS,Quoted
S-003520,Lisa Brennan,120112,NATI,Package,2025-02-03,Email,Declined
S-003521,Mark Knight,120060,CHUB,Personal Auto,2025-03-14,IVANS,Bound
S-003522,Mark Knight,120060,AMFA,Personal Auto,2025-02-07,Portal,Declined
S-003523,Mark Knight,120060,ALLS,Personal Auto,2025-02-28,IVANS,Quoted
S-003524,Mark Knight,120060,PRGS,Personal Auto,2025-02-27,IVANS,Quoted
S-003525,Melissa Fry,120035,PRGS,BOP,2025-02-03,Portal,Bound
S-003526,Melissa Fry,120035,TRAV,BOP,2025-02-02,IVANS,Quoted
S-003527,Melissa Fry,120035,LIBM,BOP,2025-02-14,Portal,Quoted
S-003528,Melissa Fry,120035,ALLS,BOP,2025-03-23,IVANS,Quoted
S-003529,Ruth Wilson,120082,TRAV,BOP,2025-03-24,Portal,Bound
S-003530,Ruth Wilson,120082,LIBM,BOP,2025-02-24,IVANS,Quoted
S-003531,Ruth Wilson,120082,ALLS,BOP,2025-02-28,Portal,Quoted
S-003532,Ruth Wilson,120082,LIBM,BOP,2025-03-21,Email,Declined
S-003533,Nathan Morgan,120195,PRGS,Personal Auto,2025-03-16,Portal,Bound
S-003534,Nathan Morgan,120195,TRAV,Personal Auto,2025-03-12,Portal,Declined
S-003535,Nathan Morgan,120195,LIBM,Personal Auto,2025-03-21,Email,Quoted
S-003536,Ashley Villegas,120122,NATI,Package,2025-02-01,Portal,Bound
S-003537,Ashley Villegas,120122,FARM,Package,2025-02-17,IVANS,Quoted
S-003538,Kristen Klein,120182,TRAV,Personal Auto,2025-02-17,IVANS,Bound
S-003539,Kristen Klein,120182,AMFA,Personal Auto,2025-02-05,Portal,Quoted
S-003540,Jennifer Aguilar,120009,PRGS,Homeowners,2025-02-22,IVANS,Bound
S-003541,Jennifer Aguilar,120009,ALLS,Homeowners,2025-02-08,Portal,Declined
S-003542,Jennifer Aguilar,120009,CHUB,Homeowners,2025-03-25,IVANS,Quoted
S-003543,Brittany Ray,120131,CHUB,Umbrella,2025-03-08,Portal,Bound
S-003544,Brittany Ray,120131,LIBM,Umbrella,2025-02-15,IVANS,Quoted
S-003545,Adam Stafford,120294,PRGS,Homeowners,2025-03-23,IVANS,Bound
S-003546,Adam Stafford,120294,ALLS,Homeowners,2025-03-03,Portal,Quoted
S-003547,Adam Stafford,120294,NATI,Homeowners,2025-03-07,Portal,Declined
S-003548,Charles Jackson,120191,ALLS,WC,2025-02-21,Portal,Bound
S-003549,Charles Jackson,120191,NATI,WC,2025-03-25,IVANS,Declined
S-003550,Richard Young,120200,HART,Personal Auto,2025-02-10,IVANS,Bound
S-003551,Richard Young,120200,NATI,Personal Auto,2025-02-15,IVANS,Declined
S-003552,Richard Young,120200,LIBM,Personal Auto,2025-02-05,IVANS,Quoted
S-003553,Johnny Harper,120045,ALLS,Personal Auto,2025-03-23,IVANS,Bound
S-003554,Johnny Harper,120045,AMFA,Personal Auto,2025-03-17,IVANS,Quoted
S-003555,Johnny Harper,120045,TRAV,Personal Auto,2025-03-10,Portal,Quoted
S-003556,Johnny Harper,120045,CHUB,Personal Auto,2025-03-21,Portal,Declined
S-003557,April Dunn,120228,NATI,BOP,2025-02-14,IVANS,Bound
S-003558,April Dunn,120228,GEIC,BOP,2025-03-11,Email,Declined
S-003559,April Dunn,120228,CHUB,BOP,2025-03-15,IVANS,Declined
S-003560,Jonathan Stevens,120037,HART,Personal Auto,2025-03-18,Portal,Bound
S-003561,Jonathan Stevens,120037,TRAV,Personal Auto,2025-02-07,Portal,Quoted
S-003562,Jonathan Stevens,120037,CHUB,Personal Auto,2025-02-26,Portal,Quoted
S-003563,Jonathan Stevens,120037,PRGS,Personal Auto,2025-02-24,IVANS,Quoted
S-003564,Carla Moon,120140,GEIC,BOP,2025-02-13,IVANS,Bound
S-003565,Carla Moon,120140,AMFA,BOP,2025-02-28,Portal,Quoted
S-003566,Carla Moon,120140,ALLS,BOP,2025-02-10,Portal,Declined
S-003567,Carla Moon,120140,TRAV,BOP,2025-02-17,IVANS,Quoted
S-003568,Julia Armstrong,120196,ALLS,BOP,2025-02-23,IVANS,Bound
S-003569,Julia Armstrong,120196,PRGS,BOP,2025-02-25,Portal,Declined
S-003570,Julia Armstrong,120196,HART,BOP,2025-02-12,Email,Declined
S-003571,Julia Armstrong,120196,TRAV,BOP,2025-03-15,Portal,Quoted
S-003572,Karen Carter,120165,HART,Personal Auto,2025-03-22,Portal,Bound
S-003573,Karen Carter,120165,FARM,Personal Auto,2025-03-15,IVANS,Quoted
S-003574,Karen Carter,120165,FARM,Personal Auto,2025-03-23,Portal,Quoted
S-003575,Daniel Williams,120002,ALLS,Umbrella,2025-03-12,IVANS,Bound
S-003576,Daniel Williams,120002,PRGS,Umbrella,2025-02-15,IVANS,Declined
S-003577,Daniel Williams,120002,PRGS,Umbrella,2025-02-14,IVANS,Declined
S-003578,Rodney Deleon,120014,HART,Homeowners,2025-03-06,Portal,Bound
S-003579,Rodney Deleon,120014,AMFA,Homeowners,2025-03-20,Portal,Quoted
S-003580,Troy Wong,120225,LIBM,Homeowners,2025-03-16,Portal,Bound
S-003581,Troy Wong,120225,ALLS,Homeowners,2025-02-20,Portal,Declined
S-003582,Troy Wong,120225,AMFA,Homeowners,2025-03-10,Portal,Quoted
S-003583,Cheyenne Williams,120155,HART,Homeowners,2025-03-05,IVANS,Bound
S-003584,Cheyenne Williams,120155,CHUB,Homeowners,2025-03-05,IVANS,Quoted
S-003585,Cheyenne Williams,120155,AMFA,Homeowners,2025-03-16,IVANS,Declined
S-003586,William Long,120068,ALLS,Personal Auto,2025-03-03,Portal,Bound
S-003587,William Long,120068,PRGS,Personal Auto,2025-03-05,IVANS,Quoted
S-003588,Joshua Osborne,120042,GEIC,Umbrella,2025-03-19,Portal,Bound
S-003589,Joshua Osborne,120042,ALLS,Umbrella,2025-02-26,IVANS,Declined
S-003590,David Jones,120141,LIBM,Homeowners,2025-03-09,Email,Bound
S-003591,David Jones,120141,HART,Homeowners,2025-02-23,Portal,Quoted
S-003592,David Jones,120141,NATI,Homeowners,2025-02-13,Email,Quoted
S-003593,David Jones,120141,CHUB,Homeowners,2025-02-23,IVANS,Quoted
S-003594,Brian Weaver,120111,AMFA,BOP,2025-02-18,Portal,Bound
S-003595,Brian Weaver,120111,GEIC,BOP,2025-02-25,IVANS,Quoted
S-003596,Brian Weaver,120111,TRAV,BOP,2025-03-06,IVANS,Declined
S-003597,Brian Weaver,120111,LIBM,BOP,2025-02-28,IVANS,Quoted
S-003598,Gina Roberson,120060,FARM,WC,2025-03-13,Portal,Bound
S-003599,Gina Roberson,120060,TRAV,WC,2025-03-16,Portal,Declined
S-003600,Gina Roberson,120060,PRGS,WC,2025-02-06,Portal,Quoted
S-003601,Robert Long,120031,TRAV,WC,2025-03-13,Portal,Bound
S-003602,Robert Long,120031,GEIC,WC,2025-03-09,IVANS,Quoted
S-003603,Robert Long,120031,AMFA,WC,2025-02-26,Portal,Quoted
S-003604,Robert Long,120031,PRGS,WC,2025-03-16,Portal,Declined
S-003605,Crystal Lopez,120150,GEIC,WC,2025-03-15,IVANS,Bound
S-003606,Crystal Lopez,120150,PRGS,WC,2025-03-06,Portal,Declined
S-003607,Crystal Lopez,120150,FARM,WC,2025-02-22,Portal,Quoted
S-003608,Crystal Lopez,120150,ALLS,WC,2025-03-17,Portal,Quoted
S-003609,Anita Wilson,120164,ALLS,Homeowners,2025-03-19,IVANS,Bound
S-003610,Anita Wilson,120164,TRAV,Homeowners,2025-03-11,IVANS,Quoted
S-003611,Anita Wilson,120164,CHUB,Homeowners,2025-02-20,Email,Quoted
S-003612,Anita Wilson,120164,GEIC,Homeowners,2025-03-17,IVANS,Declined
S-003613,Crystal Keith,120026,PRGS,Personal Auto,2025-02-28,Portal,Bound
S-003614,Crystal Keith,120026,FARM,Personal Auto,2025-03-05,IVANS,Declined
S-003615,Crystal Keith,120026,AMFA,Personal Auto,2025-03-10,Portal,Declined
S-003616,Shane Ryan,120271,HART,Package,2025-02-26,Portal,Bound
S-003617,Shane Ryan,120271,LIBM,Package,2025-03-10,Portal,Declined
S-003618,Shane Ryan,120271,AMFA,Package,2025-03-22,IVANS,Declined
S-003619,Lisa Richardson,120138,ALLS,Personal Auto,2025-03-09,IVANS,Bound
S-003620,Lisa Richardson,120138,HART,Personal Auto,2025-02-05,IVANS,Declined
S-003621,Lisa Richardson,120138,HART,Personal Auto,2025-03-02,IVANS,Declined
S-003622,Lisa Richardson,120138,CHUB,Personal Auto,2025-02-04,IVANS,Declined
S-003623,Jessica Morrison,120057,CHUB,Package,2025-03-18,Portal,Bound
S-003624,Jessica Morrison,120057,NATI,Package,2025-02-14,IVANS,Quoted
S-003625,Jessica Morrison,120057,NATI,Package,2025-03-10,Email,Declined
S-003626,Jessica Morrison,120057,GEIC,Package,2025-03-23,Portal,Declined
S-003627,Donald Solomon,120106,GEIC,WC,2025-03-23,Portal,Bound
S-003628,Donald Solomon,120106,ALLS,WC,2025-03-02,IVANS,Quoted
S-003629,Donald Solomon,120106,NATI,WC,2025-02-09,Portal,Declined
S-003630,Donald Solomon,120106,HART,WC,2025-02-01,Portal,Declined
S-003631,Joel Griffith,120220,AMFA,Personal Auto,2025-03-05,Portal,Bound
S-003632,Joel Griffith,120220,HART,Personal Auto,2025-03-20,Portal,Declined
S-003633,Julie Campbell,120227,PRGS,Personal Auto,2025-02-13,Portal,Bound
S-003634,Julie Campbell,120227,TRAV,Personal Auto,2025-03-11,IVANS,Quoted
S-003635,Julie Campbell,120227,TRAV,Personal Auto,2025-02-24,Portal,Quoted
S-003636,Dylan Carter,120238,PRGS,Personal Auto,2025-03-24,IVANS,Bound
S-003637,Dylan Carter,120238,AMFA,Personal Auto,2025-02-17,Portal,Quoted
S-003638,Dylan Carter,120238,NATI,Personal Auto,2025-02-07,Portal,Quoted
S-003639,Dylan Carter,120238,FARM,Personal Auto,2025-02-03,Portal,Declined
S-003640,Nancy Miller,120055,CHUB,Personal Auto,2025-02-12,IVANS,Bound
S-003641,Nancy Miller,120055,FARM,Personal Auto,2025-02-05,Portal,Declined
S-003642,John Mcconnell,120177,CHUB,Personal Auto,2025-02-03,Portal,Bound
S-003643,John Mcconnell,120177,FARM,Personal Auto,2025-01-31,Portal,Quoted
S-003644,Michael Turner,120138,FARM,Homeowners,2025-02-12,Email,Bound
S-003645,Michael Turner,120138,TRAV,Homeowners,2025-01-31,Email,Quoted
S-003646,Michael Turner,120138,AMFA,Homeowners,2025-03-09,Portal,Quoted
S-003647,Michael Turner,120138,PRGS,Homeowners,2025-02-25,IVANS,Quoted
S-003648,Kevin Estrada,120296,LIBM,BOP,2025-03-08,Portal,Bound
S-003649,Kevin Estrada,120296,HART,BOP,2025-02-06,Email,Declined
S-003650,Kathleen Jacobs,120036,NATI,Homeowners,2025-03-06,IVANS,Bound
S-003651,Kathleen Jacobs,120036,TRAV,Homeowners,2025-03-17,Email,Quoted
S-003652,Kathleen Jacobs,120036,AMFA,Homeowners,2025-01-31,IVANS,Quoted
S-003653,Kathleen Jacobs,120036,CHUB,Homeowners,2025-02-28,IVANS,Quoted
S-003654,Amanda Garrett,120115,FARM,BOP,2025-02-27,Portal,Bound
S-003655,Amanda Garrett,120115,AMFA,BOP,2025-02-22,Portal,Quoted
S-003656,Amanda Garrett,120115,GEIC,BOP,2025-02-06,Portal,Quoted
S-003657,Amanda Garrett,120115,AMFA,BOP,2025-02-21,IVANS,Quoted
S-003658,Cassandra Hudson,120017,GEIC,Homeowners,2025-02-24,Portal,Bound
S-003659,Cassandra Hudson,120017,FARM,Homeowners,2025-03-09,Email,Declined
S-003660,Kimberly Hughes,120256,HART,Homeowners,2025-02-03,Email,Bound
S-003661,Kimberly Hughes,120256,ALLS,Homeowners,2025-02-07,IVANS,Declined
S-003662,Kimberly Hughes,120256,PRGS,Homeowners,2025-02-10,IVANS,Declined
S-003663,Robert Gray,120257,GEIC,Umbrella,2025-02-24,Portal,Bound
S-003664,Robert Gray,120257,AMFA,Umbrella,2025-02-24,Email,Quoted
S-003665,Robert Gray,120257,LIBM,Umbrella,2025-02-15,Email,Quoted
S-003666,Kristen Nelson,120186,GEIC,WC,2025-02-01,Portal,Bound
S-003667,Kristen Nelson,120186,HART,WC,2025-02-22,Portal,Quoted
S-003668,Kristen Nelson,120186,CHUB,WC,2025-03-13,IVANS,Quoted
S-003669,Kristen Nelson,120186,ALLS,WC,2025-01-31,IVANS,Quoted
S-003670,Natalie Clark,120156,PRGS,WC,2025-03-15,Email,Bound
S-003671,Natalie Clark,120156,AMFA,WC,2025-03-02,Portal,Quoted
S-003672,Natalie Clark,120156,ALLS,WC,2025-02-15,IVANS,Quoted
S-003673,Natalie Clark,120156,NATI,WC,2025-02-10,Portal,Declined
S-003674,Sarah Kelley,120296,TRAV,Personal Auto,2025-03-18,Portal,Bound
S-003675,Sarah Kelley,120296,NATI,Personal Auto,2025-02-26,Portal,Quoted
S-003676,Sarah Kelley,120296,LIBM,Personal Auto,2025-03-22,IVANS,Declined
S-003677,Erika Horton,120258,HART,Personal Auto,2025-03-05,Portal,Bound
S-003678,Erika Horton,120258,FARM,Personal Auto,2025-02-26,Portal,Quoted
S-003679,Erika Horton,120258,PRGS,Personal Auto,2025-02-15,Portal,Quoted
S-003680,Melissa Smith,120220,AMFA,Umbrella,2025-03-01,Portal,Bound
S-003681,Melissa Smith,120220,CHUB,Umbrella,2025-02-24,IVANS,Quoted
S-003682,Melissa Smith,120220,CHUB,Umbrella,2025-02-22,Portal,Quoted
S-003683,Mark Mcdonald,120297,FARM,Personal Auto,2025-03-25,Email,Bound
S-003684,Mark Mcdonald,120297,ALLS,Personal Auto,2025-02-04,IVANS,Declined
S-003685,Jacqueline Olsen,120175,GEIC,Personal Auto,2025-02-23,IVANS,Bound
S-003686,Jacqueline Olsen,120175,LIBM,Personal Auto,2025-02-23,Portal,Quoted
S-003687,Jacqueline Olsen,120175,AMFA,Personal Auto,2025-03-23,Portal,Quoted
S-003688,Lisa Goodwin,120153,FARM,Umbrella,2025-03-25,IVANS,Bound
S-003689,Lisa Goodwin,120153,ALLS,Umbrella,2025-03-20,Portal,Quoted
S-003690,Frank Mcdowell,120266,HART,Homeowners,2025-02-12,Portal,Bound
S-003691,Frank Mcdowell,120266,PRGS,Homeowners,2025-02-25,IVANS,Quoted
S-003692,David Mccarty,120127,NATI,WC,2025-02-21,Portal,Bound
S-003693,David Mccarty,120127,TRAV,WC,2025-03-23,IVANS,Declined
S-003694,David Mccarty,120127,LIBM,WC,2025-03-05,Portal,Quoted
S-003695,David Mccarty,120127,HART,WC,2025-03-10,Portal,Quoted
S-003696,Jessica Oconnor,120034,TRAV,Personal Auto,2025-02-13,Portal,Bound
S-003697,Jessica Oconnor,120034,NATI,Personal Auto,2025-02-06,Portal,Quoted
S-003698,Jessica Oconnor,120034,PRGS,Personal Auto,2025-02-28,IVANS,Quoted
S-003699,Jessica Oconnor,120034,PRGS,Personal Auto,2025-02-28,IVANS,Quoted
S-003700,Sue Reyes,120047,GEIC,Personal Auto,2025-03-14,Portal,Bound
S-003701,Sue Reyes,120047,PRGS,Personal Auto,2025-02-19,IVANS,Declined
S-003702,Amy Huynh,120270,TRAV,Personal Auto,2025-03-17,Portal,Bound
S-003703,Amy Huynh,120270,AMFA,Personal Auto,2025-02-21,IVANS,Declined
S-003704,Amy Huynh,120270,AMFA,Personal Auto,2025-03-21,IVANS,Quoted
S-003705,Ethan Hebert,120247,GEIC,BOP,2025-03-16,Portal,Bound
S-003706,Ethan Hebert,120247,HART,BOP,2025-02-19,IVANS,Declined
S-003707,Pamela Robinson,120089,CHUB,Personal Auto,2025-02-15,Portal,Bound
S-003708,Pamela Robinson,120089,FARM,Personal Auto,2025-02-27,Email,Declined
S-003709,Pamela Robinson,120089,ALLS,Personal Auto,2025-02-09,Portal,Quoted
S-003710,Nancy Young,120106,LIBM,WC,2025-03-25,Portal,Bound
S-003711,Nancy Young,120106,PRGS,WC,2025-02-11,IVANS,Quoted
S-003712,Nancy Young,120106,HART,WC,2025-02-10,IVANS,Quoted
S-003713,Tina Rivera,120064,ALLS,Umbrella,2025-02-24,IVANS,Bound
S-003714,Tina Rivera,120064,AMFA,Umbrella,2025-03-07,IVANS,Quoted
S-003715,Tina Rivera,120064,PRGS,Umbrella,2025-02-15,Portal,Quoted
S-003716,Tina Rivera,120064,LIBM,Umbrella,2025-03-22,Portal,Quoted
S-003717,Michael Lopez,120016,CHUB,Homeowners,2025-02-23,IVANS,Bound
S-003718,Michael Lopez,120016,FARM,Homeowners,2025-02-27,Email,Quoted
S-003719,Michael Lopez,120016,HART,Homeowners,2025-02-10,Email,Quoted
S-003720,Christian Moran,120012,TRAV,Personal Auto,2025-03-07,IVANS,Bound
S-003721,Christian Moran,120012,AMFA,Personal Auto,2025-01-31,Portal,Declined
S-003722,Christian Moran,120012,AMFA,Personal Auto,2025-03-10,Portal,Declined
S-003723,Emily Harrison,120114,GEIC,Personal Auto,2025-03-21,Portal,Bound
S-003724,Emily Harrison,120114,PRGS,Personal Auto,2025-02-10,IVANS,Quoted
S-003725,Charles Leonard,120036,TRAV,Personal Auto,2025-02-10,Portal,Bound
S-003726,Charles Leonard,120036,LIBM,Personal Auto,2025-02-23,IVANS,Quoted
S-003727,Charles Leonard,120036,AMFA,Personal Auto,2025-02-17,IVANS,Quoted
S-003728,Charles Leonard,120036,FARM,Personal Auto,2025-02-11,IVANS,Quoted
S-003729,Matthew Brandt,120146,CHUB,WC,2025-02-05,Portal,Bound
S-003730,Matthew Brandt,120146,AMFA,WC,2025-02-09,Portal,Quoted
S-003731,Matthew Brandt,120146,GEIC,WC,2025-02-14,IVANS,Quoted
S-003732,Matthew Brandt,120146,NATI,WC,2025-02-09,Portal,Declined
S-003733,Carlos Miller,120253,ALLS,Personal Auto,2025-02-22,Portal,Bound
S-003734,Carlos Miller,120253,LIBM,Personal Auto,2025-02-23,IVANS,Declined
S-003735,Carlos Miller,120253,HART,Personal Auto,2025-02-22,IVANS,Quoted
S-003736,Clayton Nelson,120131,PRGS,Umbrella,2025-03-07,Portal,Bound
S-003737,Clayton Nelson,120131,LIBM,Umbrella,2025-03-21,IVANS,Quoted
S-003738,Christian May,120277,GEIC,Personal Auto,2025-02-16,IVANS,Bound
S-003739,Christian May,120277,PRGS,Personal Auto,2025-03-18,IVANS,Quoted
S-003740,Christian May,120277,CHUB,Personal Auto,2025-02-14,Portal,Quoted
S-003741,Christian May,120277,NATI,Personal Auto,2025-02-14,Email,Quoted
S-003742,Kathryn Johnson,120144,NATI,Umbrella,2025-03-13,IVANS,Bound
S-003743,Kathryn Johnson,120144,CHUB,Umbrella,2025-02-03,Portal,Declined
S-003744,Tiffany Garcia,120262,AMFA,Homeowners,2025-02-05,IVANS,Bound
S-003745,Tiffany Garcia,120262,FARM,Homeowners,2025-02-27,IVANS,Quoted
S-003746,Tiffany Garcia,120262,GEIC,Homeowners,2025-03-14,IVANS,Declined
S-003747,Heather Clark,120268,CHUB,Personal Auto,2025-03-03,IVANS,Bound
S-003748,Heather Clark,120268,ALLS,Personal Auto,2025-02-06,IVANS,Quoted
S-003749,James Garcia,120018,TRAV,Umbrella,2025-03-06,Portal,Bound
S-003750,James Garcia,120018,NATI,Umbrella,2025-03-13,Email,Declined
S-003751,Kara Harrison,120080,PRGS,Personal Auto,2025-02-21,Portal,Bound
S-003752,Kara Harrison,120080,CHUB,Personal Auto,2025-03-10,Portal,Declined
S-003753,Kara Harrison,120080,AMFA,Personal Auto,2025-03-03,Portal,Declined
S-003754,Kara Harrison,120080,NATI,Personal Auto,2025-03-20,IVANS,Quoted
S-003755,William Fletcher,120192,PRGS,Homeowners,2025-02-02,Portal,Bound
S-003756,William Fletcher,120192,ALLS,Homeowners,2025-02-22,Email,Quoted
S-003757,Joseph Walton,120247,AMFA,Personal Auto,2025-02-14,Portal,Bound
S-003758,Joseph Walton,120247,GEIC,Personal Auto,2025-02-20,Email,Declined
S-003759,Amber Brown,120017,CHUB,WC,2025-03-04,IVANS,Bound
S-003760,Amber Brown,120017,FARM,WC,2025-03-18,Portal,Quoted
S-003761,Amber Brown,120017,GEIC,WC,2025-02-10,IVANS,Quoted
S-003762,Amber Brown,120017,FARM,WC,2025-03-16,IVANS,Quoted
S-003763,Jeff Ross,120208,NATI,Homeowners,2025-02-18,Email,Bound
S-003764,Jeff Ross,120208,AMFA,Homeowners,2025-02-21,Email,Quoted
S-003765,Jeff Ross,120208,TRAV,Homeowners,2025-02-21,IVANS,Declined
S-003766,Jeff Ross,120208,HART,Homeowners,2025-03-07,Portal,Declined
S-003767,Doris Adkins,120250,GEIC,Personal Auto,2025-02-09,IVANS,Bound
S-003768,Doris Adkins,120250,FARM,Personal Auto,2025-03-19,Portal,Quoted
S-003769,Kenneth Potts,120252,PRGS,Personal Auto,2025-03-21,Portal,Bound
S-003770,Kenneth Potts,120252,LIBM,Personal Auto,2025-03-21,IVANS,Declined
S-003771,Kristin Robinson,120146,TRAV,Homeowners,2025-02-23,Portal,Bound
S-003772,Kristin Robinson,120146,FARM,Homeowners,2025-03-10,Portal,Quoted
S-003773,Shane Sanchez,120130,TRAV,Umbrella,2025-02-08,Portal,Bound
S-003774,Shane Sanchez,120130,LIBM,Umbrella,2025-02-26,IVANS,Quoted
S-003775,Shane Sanchez,120130,CHUB,Umbrella,2025-02-03,Email,Quoted
S-003776,Melvin Barrera,120036,FARM,BOP,2025-02-10,Email,Bound
S-003777,Melvin Barrera,120036,NATI,BOP,2025-03-12,Portal,Quoted
S-003778,Melvin Barrera,120036,PRGS,BOP,2025-03-04,Portal,Declined
S-003779,Melvin Barrera,120036,GEIC,BOP,2025-03-20,Portal,Quoted
S-003780,Laura Middleton,120219,GEIC,Personal Auto,2025-02-11,IVANS,Bound
S-003781,Laura Middleton,120219,FARM,Personal Auto,2025-03-03,Portal,Declined
S-003782,Taylor Harris,120181,NATI,Personal Auto,2025-02-24,Portal,Bound
S-003783,Taylor Harris,120181,GEIC,Personal Auto,2025-02-03,Portal,Declined
S-003784,Stanley Anderson,120240,PRGS,WC,2025-02-12,IVANS,Bound
S-003785,Stanley Anderson,120240,TRAV,WC,2025-02-25,IVANS,Quoted
S-003786,Stanley Anderson,120240,FARM,WC,2025-03-13,IVANS,Quoted
S-003787,Brandon Young,120139,FARM,Umbrella,2025-02-03,IVANS,Bound
S-003788,Brandon Young,120139,HART,Umbrella,2025-03-07,IVANS,Quoted
S-003789,Jennifer Pearson,120050,LIBM,WC,2025-02-27,IVANS,Bound
S-003790,Jennifer Pearson,120050,FARM,WC,2025-02-13,IVANS,Quoted
S-003791,Jennifer Pearson,120050,PRGS,WC,2025-02-25,Portal,Declined
S-003792,Jennifer Pearson,120050,ALLS,WC,2025-02-04,IVANS,Quoted
S-003793,Ann Mack,120160,HART,Homeowners,2025-03-21,Portal,Bound
S-003794,Ann Mack,120160,TRAV,Homeowners,2025-02-25,IVANS,Declined
S-003795,Ann Mack,120160,LIBM,Homeowners,2025-03-20,Portal,Declined
S-003796,Brandy Flowers,120167,CHUB,WC,2025-02-15,Portal,Bound
S-003797,Brandy Flowers,120167,NATI,WC,2025-02-10,Portal,Quoted
S-003798,Arthur Martinez,120175,LIBM,Homeowners,2025-02-08,IVANS,Bound
S-003799,Arthur Martinez,120175,ALLS,Homeowners,2025-02-03,Portal,Declined
S-003800,Arthur Martinez,120175,AMFA,Homeowners,2025-02-18,Portal,Quoted
S-003801,Arthur Martinez,120175,TRAV,Homeowners,2025-02-10,Portal,Declined
S-003802,Timothy Garcia,120058,LIBM,Personal Auto,2025-02-02,IVANS,Bound
S-003803,Timothy Garcia,120058,NATI,Personal Auto,2025-02-12,Email,Quoted
S-003804,Timothy Garcia,120058,TRAV,Personal Auto,2025-03-22,IVANS,Quoted
S-003805,Timothy Garcia,120058,PRGS,Personal Auto,2025-02-03,IVANS,Quoted
S-003806,Kathryn Ortega,120230,PRGS,Umbrella,2025-03-01,IVANS,Bound
S-003807,Kathryn Ortega,120230,FARM,Umbrella,2025-02-24,Portal,Declined
S-003808,Kathryn Ortega,120230,GEIC,Umbrella,2025-02-05,Portal,Quoted
S-003809,Caroline Hoffman,120010,HART,WC,2025-02-03,Portal,Bound
S-003810,Caroline Hoffman,120010,AMFA,WC,2025-02-04,IVANS,Quoted
S-003811,Caroline Hoffman,120010,GEIC,WC,2025-03-11,IVANS,Quoted
S-003812,Caroline Hoffman,120010,NATI,WC,2025-02-15,Portal,Quoted
S-003813,Jo Nelson,120280,NATI,Personal Auto,2025-02-06,Portal,Bound
S-003814,Jo Nelson,120280,HART,Personal Auto,2025-02-27,IVANS,Declined
S-003815,Jo Nelson,120280,HART,Personal Auto,2025-02-01,IVANS,Quoted
S-003816,Jo Nelson,120280,TRAV,Personal Auto,2025-02-12,IVANS,Quoted
S-003817,Gregory Daniels,120108,HART,Homeowners,2025-03-25,Portal,Bound
S-003818,Gregory Daniels,120108,CHUB,Homeowners,2025-03-25,Portal,Quoted
S-003819,Gregory Daniels,120108,PRGS,Homeowners,2025-03-24,IVANS,Declined
S-003820,Gregory Daniels,120108,NATI,Homeowners,2025-02-27,IVANS,Quoted
S-003821,Christopher Jackson,120126,LIBM,BOP,2025-02-15,Portal,Bound
S-003822,Christopher Jackson,120126,PRGS,BOP,2025-03-01,Portal,Declined
S-003823,Vickie Shelton,120103,PRGS,Umbrella,2025-03-08,IVANS,Bound
S-003824,Vickie Shelton,120103,CHUB,Umbrella,2025-02-12,Email,Quoted
S-003825,Vickie Shelton,120103,AMFA,Umbrella,2025-02-27,IVANS,Quoted
S-003826,Vickie Shelton,120103,HART,Umbrella,2025-02-23,IVANS,Quoted
S-003827,Jordan Deleon,120026,TRAV,Personal Auto,2025-03-21,Portal,Bound
S-003828,Jordan Deleon,120026,PRGS,Personal Auto,2025-03-10,Email,Declined
S-003829,Cameron Curry,120009,HART,Homeowners,2025-01-31,Portal,Bound
S-003830,Cameron Curry,120009,FARM,Homeowners,2025-03-06,Portal,Quoted
S-003831,Brandy Jones,120107,PRGS,BOP,2025-02-08,IVANS,Bound
S-003832,Brandy Jones,120107,NATI,BOP,2025-02-08,Portal,Quoted
S-003833,Brandy Jones,120107,HART,BOP,2025-03-25,Portal,Declined
S-003834,Brandy Jones,120107,CHUB,BOP,2025-02-11,Portal,Quoted
S-003835,William Marshall,120224,CHUB,Package,2025-03-06,IVANS,Bound
S-003836,William Marshall,120224,LIBM,Package,2025-03-08,Portal,Quoted
S-003837,William Marshall,120224,PRGS,Package,2025-03-17,IVANS,Quoted
S-003838,William Marshall,120224,FARM,Package,2025-03-05,IVANS,Quoted
S-003839,Christopher Harris,120182,ALLS,Package,2025-02-11,Portal,Bound
S-003840,Christopher Harris,120182,NATI,Package,2025-02-17,IVANS,Quoted
S-003841,Christopher Harris,120182,FARM,Package,2025-01-31,IVANS,Quoted
S-003842,Christopher Harris,120182,AMFA,Package,2025-03-13,IVANS,Declined
S-003843,Meagan Norman,120065,FARM,Personal Auto,2025-02-16,IVANS,Bound
S-003844,Meagan Norman,120065,LIBM,Personal Auto,2025-03-14,Portal,Declined
S-003845,Meagan Norman,120065,NATI,Personal Auto,2025-03-07,IVANS,Declined
S-003846,Meagan Norman,120065,LIBM,Personal Auto,2025-02-01,Portal,Quoted
S-003847,Christopher Oneal,120023,FARM,Homeowners,2025-03-13,IVANS,Bound
S-003848,Christopher Oneal,120023,NATI,Homeowners,2025-02-24,Portal,Declined
S-003849,Christopher Oneal,120023,ALLS,Homeowners,2025-02-09,IVANS,Quoted
S-003850,Christopher Oneal,120023,NATI,Homeowners,2025-02-16,IVANS,Quoted
S-003851,Ashley Thomas,120069,LIBM,BOP,2025-02-17,IVANS,Bound
S-003852,Ashley Thomas,120069,PRGS,BOP,2025-03-07,Portal,Quoted
S-003853,Ashley Thomas,120069,TRAV,BOP,2025-03-02,Email,Declined
S-003854,Ashley Thomas,120069,ALLS,BOP,2025-02-04,IVANS,Quoted
S-003855,Katherine Mckee,120101,ALLS,Umbrella,2025-01-31,Portal,Bound
S-003856,Katherine Mckee,120101,PRGS,Umbrella,2025-03-23,Portal,Quoted
S-003857,Katherine Mckee,120101,LIBM,Umbrella,2025-02-27,IVANS,Quoted
S-003858,Andrew Barnes,120048,HART,BOP,2025-03-09,Email,Bound
S-003859,Andrew Barnes,120048,GEIC,BOP,2025-03-25,Portal,Quoted
S-003860,Rachel Marshall,120172,TRAV,Personal Auto,2025-03-19,IVANS,Bound
S-003861,Rachel Marshall,120172,ALLS,Personal Auto,2025-02-25,IVANS,Declined
S-003862,Rachel Marshall,120172,CHUB,Personal Auto,2025-02-19,IVANS,Quoted
S-003863,Rachel Marshall,120172,ALLS,Personal Auto,2025-02-14,IVANS,Declined
S-003864,Andrea Salas,120088,CHUB,Umbrella,2025-03-15,IVANS,Bound
S-003865,Andrea Salas,120088,HART,Umbrella,2025-03-22,IVANS,Declined
S-003866,Andrea Salas,120088,FARM,Umbrella,2025-02-03,IVANS,Declined
S-003867,Oscar Bowen,120219,FARM,Personal Auto,2025-02-18,Portal,Bound
S-003868,Oscar Bowen,120219,AMFA,Personal Auto,2025-02-07,Portal,Quoted
S-003869,Oscar Bowen,120219,CHUB,Personal Auto,2025-02-11,IVANS,Declined
S-003870,Zachary Bridges,120290,NATI,Personal Auto,2025-03-18,Email,Bound
S-003871,Zachary Bridges,120290,GEIC,Personal Auto,2025-03-25,Portal,Quoted
S-003872,Jasmine Erickson,120124,PRGS,Personal Auto,2025-03-19,IVANS,Bound
S-003873,Jasmine Erickson,120124,TRAV,Personal Auto,2025-03-13,IVANS,Quoted
S-003874,Jasmine Erickson,120124,NATI,Personal Auto,2025-03-15,IVANS,Quoted
S-003875,Jasmine Erickson,120124,NATI,Personal Auto,2025-03-21,Email,Declined
S-003876,Troy Page,120048,TRAV,Package,2025-02-25,IVANS,Bound
S-003877,Troy Page,120048,CHUB,Package,2025-02-20,IVANS,Declined
S-003878,Troy Page,120048,HART,Package,2025-02-22,Portal,Declined
S-003879,Courtney Shaw,120296,GEIC,WC,2025-03-15,Portal,Bound
S-003880,Courtney Shaw,120296,LIBM,WC,2025-02-24,IVANS,Quoted
S-003881,Stacy Washington,120280,PRGS,Personal Auto,2025-02-13,Portal,Bound
S-003882,Stacy Washington,120280,AMFA,Personal Auto,2025-03-17,Portal,Quoted
S-003883,Stacy Washington,120280,FARM,Personal Auto,2025-02-04,IVANS,Declined
S-003884,Hannah Graham,120159,ALLS,Personal Auto,2025-03-21,Portal,Bound
S-003885,Hannah Graham,120159,GEIC,Personal Auto,2025-02-24,Portal,Quoted
S-003886,Hannah Graham,120159,TRAV,Personal Auto,2025-03-14,Portal,Quoted
S-003887,Hannah Graham,120159,TRAV,Personal Auto,2025-03-08,Portal,Declined
S-003888,Shannon Morris,120189,GEIC,Personal Auto,2025-03-01,IVANS,Bound
S-003889,Shannon Morris,120189,PRGS,Personal Auto,2025-02-12,IVANS,Quoted
S-003890,Shannon Morris,120189,PRGS,Personal Auto,2025-02-03,Portal,Quoted
S-003891,Shannon Morris,120189,NATI,Personal Auto,2025-02-03,Portal,Quoted
S-003892,Daniel Pugh,120206,GEIC,Personal Auto,2025-03-17,IVANS,Bound
S-003893,Daniel Pugh,120206,FARM,Personal Auto,2025-03-24,IVANS,Declined
S-003894,Laurie Mahoney,120269,NATI,WC,2025-02-03,IVANS,Bound
S-003895,Laurie Mahoney,120269,PRGS,WC,2025-02-23,Email,Quoted
S-003896,Laurie Mahoney,120269,TRAV,WC,2025-02-04,IVANS,Declined
S-003897,Laurie Mahoney,120269,AMFA,WC,2025-02-03,Portal,Declined
S-003898,Pamela Hampton,120088,ALLS,Homeowners,2025-03-10,IVANS,Bound
S-003899,Pamela Hampton,120088,LIBM,Homeowners,2025-02-04,Portal,Quoted
S-003900,Pamela Hampton,120088,LIBM,Homeowners,2025-02-18,IVANS,Quoted
S-003901,Kelsey Webb,120004,TRAV,Personal Auto,2025-03-08,Portal,Bound
S-003902,Kelsey Webb,120004,AMFA,Personal Auto,2025-03-09,Portal,Quoted
S-003903,Kelsey Webb,120004,GEIC,Personal Auto,2025-03-22,Email,Declined
S-003904,Kelsey Webb,120004,HART,Personal Auto,2025-03-16,IVANS,Quoted
S-003905,Willie Hanson,120204,FARM,Personal Auto,2025-02-02,IVANS,Bound
S-003906,Willie Hanson,120204,TRAV,Personal Auto,2025-02-02,IVANS,Declined
S-003907,Steven Torres,120292,NATI,Personal Auto,2025-03-09,Portal,Bound
S-003908,Steven Torres,120292,TRAV,Personal Auto,2025-03-20,Portal,Quoted
S-003909,Amanda Schwartz,120175,AMFA,Personal Auto,2025-03-17,Portal,Bound
S-003910,Amanda Schwartz,120175,CHUB,Personal Auto,2025-02-13,Portal,Quoted
S-003911,Ronald Martinez,120256,CHUB,Homeowners,2025-03-04,IVANS,Bound
S-003912,Ronald Martinez,120256,ALLS,Homeowners,2025-03-20,Portal,Quoted
S-003913,Jennifer Howell,120144,LIBM,BOP,2025-03-16,Portal,Bound
S-003914,Jennifer Howell,120144,CHUB,BOP,2025-02-27,Email,Declined
S-003915,Jessica Villa,120079,AMFA,Personal Auto,2025-02-02,IVANS,Bound
S-003916,Jessica Villa,120079,GEIC,Personal Auto,2025-02-19,Portal,Quoted
S-003917,Jessica Villa,120079,CHUB,Personal Auto,2025-03-24,IVANS,Quoted
S-003918,Glenda Moreno,120069,TRAV,Personal Auto,2025-03-06,Portal,Bound
S-003919,Glenda Moreno,120069,GEIC,Personal Auto,2025-02-21,IVANS,Quoted
S-003920,Glenda Moreno,120069,CHUB,Personal Auto,2025-03-03,Portal,Quoted
S-003921,Glenda Moreno,120069,CHUB,Personal Auto,2025-02-19,IVANS,Quoted
S-003922,Samantha Romero,120193,LIBM,Homeowners,2025-02-12,Portal,Bound
S-003923,Samantha Romero,120193,FARM,Homeowners,2025-02-16,IVANS,Quoted
S-003924,Helen Garcia,120085,GEIC,Homeowners,2025-02-27,IVANS,Bound
S-003925,Helen Garcia,120085,AMFA,Homeowners,2025-02-23,Portal,Declined
S-003926,Helen Garcia,120085,ALLS,Homeowners,2025-02-11,IVANS,Quoted
S-003927,Helen Garcia,120085,TRAV,Homeowners,2025-03-25,IVANS,Declined
S-003928,Nicholas Wright,120199,ALLS,Personal Auto,2025-03-18,IVANS,Bound
S-003929,Nicholas Wright,120199,NATI,Personal Auto,2025-03-06,IVANS,Declined
S-003930,Nicholas Wright,120199,CHUB,Personal Auto,2025-02-01,Portal,Declined
S-003931,Courtney Romero,120289,LIBM,Personal Auto,2025-03-07,IVANS,Bound
S-003932,Courtney Romero,120289,HART,Personal Auto,2025-03-25,IVANS,Quoted
S-003933,Amy Baldwin,120016,AMFA,Personal Auto,2025-02-10,Portal,Bound
S-003934,Amy Baldwin,120016,GEIC,Personal Auto,2025-03-11,Portal,Quoted
S-003935,Amy Baldwin,120016,TRAV,Personal Auto,2025-02-20,IVANS,Quoted
S-003936,George Bradley,120023,GEIC,Homeowners,2025-02-11,IVANS,Bound
S-003937,George Bradley,120023,TRAV,Homeowners,2025-03-24,IVANS,Quoted
S-003938,George Bradley,120023,AMFA,Homeowners,2025-02-19,Portal,Declined
S-003939,George Bradley,120023,NATI,Homeowners,2025-02-11,Portal,Quoted
S-003940,Sherri Brown,120095,TRAV,BOP,2025-02-15,Portal,Bound
S-003941,Sherri Brown,120095,PRGS,BOP,2025-02-28,IVANS,Quoted
S-003942,Sherri Brown,120095,ALLS,BOP,2025-03-09,IVANS,Quoted
S-003943,Sherri Brown,120095,GEIC,BOP,2025-02-16,IVANS,Declined
S-003944,Michael Acevedo,120009,ALLS,BOP,2025-02-16,Portal,Bound
S-003945,Michael Acevedo,120009,LIBM,BOP,2025-02-16,IVANS,Quoted
S-003946,Michael Acevedo,120009,TRAV,BOP,2025-03-11,Portal,Declined
S-003947,Michael Acevedo,120009,LIBM,BOP,2025-02-20,IVANS,Quoted
S-003948,Richard Lewis,120160,NATI,WC,2025-03-23,Portal,Bound
S-003949,Richard Lewis,120160,CHUB,WC,2025-02-13,Email,Declined
S-003950,Michael Hickman,120246,TRAV,Personal Auto,2025-02-01,Portal,Bound
S-003951,Michael Hickman,120246,ALLS,Personal Auto,2025-03-03,IVANS,Quoted
S-003952,Robert Scott,120078,HART,Personal Auto,2025-03-09,Portal,Bound
S-003953,Robert Scott,120078,GEIC,Personal Auto,2025-02-02,Portal,Declined
S-003954,Justin Ingram,120170,GEIC,Package,2025-02-09,Email,Bound
S-003955,Justin Ingram,120170,TRAV,Package,2025-03-24,Portal,Quoted
S-003956,Michelle Pena,120272,TRAV,Homeowners,2025-02-20,Portal,Bound
S-003957,Michelle Pena,120272,CHUB,Homeowners,2025-02-17,Email,Quoted
S-003958,Michelle Pena,120272,CHUB,Homeowners,2025-02-03,IVANS,Declined
S-003959,Laura Williams,120033,NATI,Homeowners,2025-03-17,IVANS,Bound
S-003960,Laura Williams,120033,FARM,Homeowners,2025-03-14,IVANS,Declined
S-003961,Michele Payne,120067,TRAV,BOP,2025-03-10,Portal,Bound
S-003962,Michele Payne,120067,PRGS,BOP,2025-03-25,Portal,Quoted
S-003963,Michele Payne,120067,FARM,BOP,2025-03-07,IVANS,Quoted
S-003964,Michele Payne,120067,ALLS,BOP,2025-02-03,IVANS,Declined
S-003965,Seth Brown,120027,NATI,Personal Auto,2025-02-17,IVANS,Bound
S-003966,Seth Brown,120027,LIBM,Personal Auto,2025-03-14,IVANS,Quoted
S-003967,Seth Brown,120027,ALLS,Personal Auto,2025-02-08,Portal,Quoted
S-003968,Stephanie Fischer,120066,ALLS,WC,2025-03-10,Portal,Bound
S-003969,Stephanie Fischer,120066,PRGS,WC,2025-02-25,IVANS,Quoted
S-003970,Stephanie Fischer,120066,LIBM,WC,2025-03-01,Portal,Declined
S-003971,Kayla Garrett,120100,TRAV,Umbrella,2025-02-09,IVANS,Bound
S-003972,Kayla Garrett,120100,AMFA,Umbrella,2025-03-16,Email,Quoted
S-003973,Alison Sullivan,120147,FARM,BOP,2025-02-13,IVANS,Bound
S-003974,Alison Sullivan,120147,NATI,BOP,2025-02-27,Portal,Quoted
S-003975,Alison Sullivan,120147,GEIC,BOP,2025-03-02,Portal,Declined
S-003976,Alison Sullivan,120147,TRAV,BOP,2025-02-14,Portal,Declined
S-003977,Nicole Mullins,120182,LIBM,Personal Auto,2025-02-16,Portal,Bound
S-003978,Nicole Mullins,120182,CHUB,Personal Auto,2025-02-23,Portal,Declined
S-003979,Nicole Mullins,120182,CHUB,Personal Auto,2025-03-12,Portal,Declined
S-003980,Kyle Howell,120076,GEIC,Personal Auto,2025-03-09,Portal,Bound
S-003981,Kyle Howell,120076,HART,Personal Auto,2025-03-16,Email,Quoted
S-003982,Kyle Howell,120076,FARM,Personal Auto,2025-03-25,IVANS,Quoted
S-003983,Brian Abbott,120258,HART,Umbrella,2025-03-22,IVANS,Bound
S-003984,Brian Abbott,120258,NATI,Umbrella,2025-03-17,IVANS,Quoted
S-003985,Cheyenne Lopez,120141,TRAV,BOP,2025-03-19,Portal,Bound
S-003986,Cheyenne Lopez,120141,NATI,BOP,2025-02-06,IVANS,Declined
S-003987,Joshua Mosley,120128,GEIC,Personal Auto,2025-03-02,IVANS,Bound
S-003988,Joshua Mosley,120128,NATI,Personal Auto,2025-02-05,Portal,Declined
S-003989,Joshua Mosley,120128,LIBM,Personal Auto,2025-02-06,Portal,Quoted
S-003990,Darius Baker,120068,GEIC,Homeowners,2025-02-21,Email,Bound
S-003991,Darius Baker,120068,ALLS,Homeowners,2025-03-19,Portal,Quoted
S-003992,Eric Wilson,120160,LIBM,Umbrella,2025-02-24,IVANS,Bound
S-003993,Eric Wilson,120160,HART,Umbrella,2025-03-07,IVANS,Declined
S-003994,Eric Wilson,120160,AMFA,Umbrella,2025-03-17,IVANS,Quoted
S-003995,Eric Wilson,120160,CHUB,Umbrella,2025-03-04,IVANS,Declined
S-003996,Lori Lynch,120115,CHUB,Package,2025-03-23,Portal,Bound
S-003997,Lori Lynch,120115,NATI,Package,2025-02-07,Portal,Declined
S-003998,Barry Wright,120102,PRGS,WC,2025-02-17,Portal,Bound
S-003999,Barry Wright,120102,HART,WC,2025-02-24,IVANS,Quoted
S-004000,Tina Vaughn,120241,TRAV,Umbrella,2025-02-24,Email,Bound
S-004001,Tina Vaughn,120241,LIBM,Umbrella,2025-03-09,IVANS,Declined
S-004002,Tina Vaughn,120241,LIBM,Umbrella,2025-02-14,IVANS,Declined
S-004003,Tina Vaughn,120241,AMFA,Umbrella,2025-02-22,Portal,Declined
S-004004,James Gardner,120004,AMFA,BOP,2025-03-21,IVANS,Bound
S-004005,James Gardner,120004,NATI,BOP,2025-02-05,IVANS,Quoted
S-004006,James Gardner,120004,TRAV,BOP,2025-02-05,Portal,Declined
S-004007,James Gardner,120004,ALLS,BOP,2025-03-19,IVANS,Declined
S-004008,Melanie Page,120209,LIBM,Personal Auto,2025-02-23,Portal,Bound
S-004009,Melanie Page,120209,FARM,Personal Auto,2025-03-09,Portal,Quoted
S-004010,Melanie Page,120209,TRAV,Personal Auto,2025-03-05,IVANS,Quoted
S-004011,Michael Anderson,120080,ALLS,Homeowners,2025-03-22,Portal,Bound
S-004012,Michael Anderson,120080,FARM,Homeowners,2025-03-03,Portal,Quoted
S-004013,Michael Anderson,120080,GEIC,Homeowners,2025-03-01,IVANS,Quoted
S-004014,Michael Anderson,120080,CHUB,Homeowners,2025-03-06,Portal,Quoted
S-004015,Raymond Smith,120056,GEIC,BOP,2025-03-14,IVANS,Bound
S-004016,Raymond Smith,120056,PRGS,BOP,2025-03-08,IVANS,Declined
S-004017,Cory Mcfarland,120038,ALLS,Package,2025-03-24,Portal,Bound
S-004018,Cory Mcfarland,120038,PRGS,Package,2025-03-25,Portal,Quoted
S-004019,Cory Mcfarland,120038,NATI,Package,2025-01-31,IVANS,Quoted
S-004020,Cory Mcfarland,120038,NATI,Package,2025-03-22,Email,Quoted
S-004021,Teresa Burch,120053,LIBM,Package,2025-03-17,Portal,Bound
S-004022,Teresa Burch,120053,FARM,Package,2025-02-13,Portal,Quoted
S-004023,Teresa Burch,120053,ALLS,Package,2025-03-22,IVANS,Quoted
S-004024,Richard Reyes,120195,GEIC,Personal Auto,2025-03-10,Portal,Bound
S-004025,Richard Reyes,120195,HART,Personal Auto,2025-02-17,IVANS,Declined
S-004026,Richard Reyes,120195,HART,Personal Auto,2025-02-02,Portal,Declined
S-004027,Jason Johnston,120204,TRAV,Umbrella,2025-02-27,Email,Bound
S-004028,Jason Johnston,120204,AMFA,Umbrella,2025-03-23,IVANS,Quoted
S-004029,Kimberly Green,120277,CHUB,Homeowners,2025-02-24,Portal,Bound
S-004030,Kimberly Green,120277,FARM,Homeowners,2025-03-20,Portal,Declined
S-004031,Kimberly Green,120277,ALLS,Homeowners,2025-02-01,IVANS,Declined
S-004032,Kimberly Green,120277,AMFA,Homeowners,2025-02-26,Portal,Quoted
S-004033,Daniel Webb,120030,GEIC,Personal Auto,2025-02-28,Portal,Bound
S-004034,Daniel Webb,120030,TRAV,Personal Auto,2025-02-18,Portal,Quoted
S-004035,Kimberly Ramirez,120149,PRGS,Umbrella,2025-03-17,Email,Bound
S-004036,Kimberly Ramirez,120149,CHUB,Umbrella,2025-02-09,Email,Declined
S-004037,Kimberly Ramirez,120149,LIBM,Umbrella,2025-02-24,Portal,Declined
S-004038,Lynn Craig,120059,CHUB,Personal Auto,2025-03-25,IVANS,Bound
S-004039,Lynn Craig,120059,TRAV,Personal Auto,2025-02-18,IVANS,Declined
S-004040,Mary Porter,120234,PRGS,Homeowners,2025-02-10,Portal,Bound
S-004041,Mary Porter,120234,LIBM,Homeowners,2025-02-05,Portal,Quoted
S-004042,Mary Porter,120234,AMFA,Homeowners,2025-03-15,IVANS,Declined
S-004043,Mary Porter,120234,CHUB,Homeowners,2025-02-09,IVANS,Declined
S-004044,Charles Garcia,120005,ALLS,Umbrella,2025-02-11,Email,Bound
S-004045,Charles Garcia,120005,TRAV,Umbrella,2025-02-09,Portal,Quoted
S-004046,Renee Hines,120077,PRGS,WC,2025-02-04,Portal,Bound
S-004047,Renee Hines,120077,CHUB,WC,2025-03-05,Portal,Quoted
S-004048,Renee Hines,120077,TRAV,WC,2025-03-07,Portal,Declined
S-004049,Renee Hines,120077,LIBM,WC,2025-03-19,Portal,Quoted
S-004050,Patricia Butler,120123,PRGS,Homeowners,2025-03-23,Portal,Bound
S-004051,Patricia Butler,120123,GEIC,Homeowners,2025-03-09,Portal,Declined
S-004052,Patricia Butler,120123,AMFA,Homeowners,2025-02-25,Portal,Declined
S-004053,Billy Parker,120243,NATI,Umbrella,2025-03-09,Portal,Bound
S-004054,Billy Parker,120243,LIBM,Umbrella,2025-02-02,Portal,Declined
S-004055,Billy Parker,120243,AMFA,Umbrella,2025-03-01,IVANS,Quoted
S-004056,Danielle Jones,120101,HART,Homeowners,2025-03-08,IVANS,Bound
S-004057,Danielle Jones,120101,FARM,Homeowners,2025-02-27,IVANS,Declined
S-004058,Danielle Jones,120101,GEIC,Homeowners,2025-01-31,Portal,Quoted
S-004059,Ryan Lopez,120236,HART,BOP,2025-01-31,IVANS,Bound
S-004060,Ryan Lopez,120236,ALLS,BOP,2025-02-03,IVANS,Quoted
S-004061,Ryan Lopez,120236,CHUB,BOP,2025-03-20,Portal,Declined
S-004062,Ryan Lopez,120236,CHUB,BOP,2025-03-14,IVANS,Declined
S-004063,Andrea Chapman,120150,FARM,Personal Auto,2025-03-07,IVANS,Bound
S-004064,Andrea Chapman,120150,CHUB,Personal Auto,2025-02-26,IVANS,Declined
S-004065,Patricia Mendez,120226,ALLS,Umbrella,2025-02-02,IVANS,Bound
S-004066,Patricia Mendez,120226,TRAV,Umbrella,2025-02-04,Email,Quoted
S-004067,Patricia Mendez,120226,GEIC,Umbrella,2025-02-17,IVANS,Declined
S-004068,Elizabeth Turner,120228,HART,Package,2025-02-05,IVANS,Bound
S-004069,Elizabeth Turner,120228,LIBM,Package,2025-03-11,IVANS,Quoted
S-004070,Elizabeth Turner,120228,NATI,Package,2025-02-24,Portal,Declined
S-004071,Elizabeth Turner,120228,AMFA,Package,2025-03-24,IVANS,Declined
S-004072,Albert Rodriguez,120058,NATI,Personal Auto,2025-01-31,Portal,Bound
S-004073,Albert Rodriguez,120058,GEIC,Personal Auto,2025-02-11,Portal,Declined
S-004074,Albert Rodriguez,120058,LIBM,Personal Auto,2025-03-21,Portal,Quoted
S-004075,Michele Leblanc,120153,PRGS,Umbrella,2025-02-06,IVANS,Bound
S-004076,Michele Leblanc,120153,LIBM,Umbrella,2025-03-18,IVANS,Declined
S-004077,Michele Leblanc,120153,NATI,Umbrella,2025-02-03,Portal,Quoted
S-004078,Michele Leblanc,120153,CHUB,Umbrella,2025-02-16,IVANS,Quoted
S-004079,Emily Shannon,120036,TRAV,Personal Auto,2025-02-17,Portal,Bound
S-004080,Emily Shannon,120036,LIBM,Personal Auto,2025-02-01,IVANS,Declined
S-004081,Emily Shannon,120036,GEIC,Personal Auto,2025-02-03,Portal,Quoted
S-004082,Ashley Gonzalez,120299,HART,Personal Auto,2025-03-07,IVANS,Bound
S-004083,Ashley Gonzalez,120299,ALLS,Personal Auto,2025-03-10,Email,Quoted
S-004084,Amanda Barnes,120282,GEIC,Personal Auto,2025-03-21,IVANS,Bound
S-004085,Amanda Barnes,120282,HART,Personal Auto,2025-02-16,Portal,Quoted
S-004086,David Mendoza,120173,PRGS,Homeowners,2025-03-21,Portal,Bound
S-004087,David Mendoza,120173,TRAV,Homeowners,2025-02-05,Email,Declined
S-004088,David Mendoza,120173,NATI,Homeowners,2025-03-04,Portal,Declined
S-004089,David Mendoza,120173,AMFA,Homeowners,2025-02-04,IVANS,Quoted
S-004090,Brandy Cortez,120262,NATI,Personal Auto,2025-03-02,Portal,Bound
S-004091,Brandy Cortez,120262,TRAV,Personal Auto,2025-03-06,IVANS,Quoted
S-004092,Brandy Cortez,120262,AMFA,Personal Auto,2025-02-13,Portal,Quoted
S-004093,Anita Dalton,120133,LIBM,BOP,2025-02-14,IVANS,Bound
S-004094,Anita Dalton,120133,GEIC,BOP,2025-02-19,IVANS,Declined
S-004095,Malik Hinton,120252,TRAV,Homeowners,2025-03-19,Portal,Bound
S-004096,Malik Hinton,120252,PRGS,Homeowners,2025-02-10,IVANS,Declined
S-004097,Malik Hinton,120252,CHUB,Homeowners,2025-02-10,IVANS,Quoted
S-004098,Malik Hinton,120252,NATI,Homeowners,2025-02-15,Portal,Declined
S-004099,Shawn Meyers,120020,TRAV,Homeowners,2025-03-12,IVANS,Bound
S-004100,Shawn Meyers,120020,LIBM,Homeowners,2025-03-02,IVANS,Declined
S-004101,Shawn Meyers,120020,HART,Homeowners,2025-03-05,Portal,Declined
S-004102,Shawn Meyers,120020,AMFA,Homeowners,2025-03-11,Email,Quoted
S-004103,Robert Bowers,120202,ALLS,Homeowners,2025-02-02,IVANS,Bound
S-004104,Robert Bowers,120202,PRGS,Homeowners,2025-01-31,IVANS,Quoted
S-004105,Robert Bowers,120202,PRGS,Homeowners,2025-02-01,Portal,Quoted
S-004106,Robert Bowers,120202,HART,Homeowners,2025-02-04,IVANS,Declined
S-004107,Rebecca Vasquez,120154,TRAV,Personal Auto,2025-03-19,Portal,Bound
S-004108,Rebecca Vasquez,120154,FARM,Personal Auto,2025-02-17,Portal,Quoted
S-004109,Rebecca Vasquez,120154,LIBM,Personal Auto,2025-03-25,Email,Declined
S-004110,James Wiley,120285,GEIC,Personal Auto,2025-03-18,Portal,Bound
S-004111,James Wiley,120285,HART,Personal Auto,2025-03-09,IVANS,Declined
S-004112,Katrina Bradford,120069,GEIC,Homeowners,2025-02-10,IVANS,Bound
S-004113,Katrina Bradford,120069,AMFA,Homeowners,2025-02-19,Portal,Declined
S-004114,Katrina Bradford,120069,HART,Homeowners,2025-02-02,IVANS,Quoted
S-004115,Katrina Bradford,120069,PRGS,Homeowners,2025-03-08,IVANS,Quoted
S-004116,Laura Osborne,120251,NATI,Homeowners,2025-02-24,IVANS,Bound
S-004117,Laura Osborne,120251,PRGS,Homeowners,2025-02-15,IVANS,Quoted
S-004118,Laura Osborne,120251,HART,Homeowners,2025-03-07,Portal,Declined
S-004119,Jonathan Mclean,120276,FARM,Personal Auto,2025-02-16,Portal,Bound
S-004120,Jonathan Mclean,120276,CHUB,Personal Auto,2025-02-20,Email,Declined
S-004121,Jonathan Mclean,120276,HART,Personal Auto,2025-02-01,Portal,Quoted
S-004122,Latoya Herrera,120288,AMFA,Homeowners,2025-02-04,IVANS,Bound
S-004123,Latoya Herrera,120288,FARM,Homeowners,2025-03-03,IVANS,Quoted
S-004124,Latoya Herrera,120288,HART,Homeowners,2025-02-07,Portal,Declined
S-004125,Omar Williams,120293,LIBM,Homeowners,2025-03-01,Portal,Bound
S-004126,Omar Williams,120293,FARM,Homeowners,2025-02-18,IVANS,Quoted
S-004127,Omar Williams,120293,ALLS,Homeowners,2025-03-01,Portal,Quoted
S-004128,Steven Martinez,120006,PRGS,Homeowners,2025-02-09,Portal,Bound
S-004129,Steven Martinez,120006,FARM,Homeowners,2025-02-11,IVANS,Quoted
S-004130,Steven Martinez,120006,HART,Homeowners,2025-03-07,Email,Quoted
S-004131,Maria Lopez,120265,TRAV,Personal Auto,2025-03-21,Portal,Bound
S-004132,Maria Lopez,120265,PRGS,Personal Auto,2025-03-18,IVANS,Quoted
S-004133,Maria Lopez,120265,NATI,Personal Auto,2025-02-18,Portal,Quoted
S-004134,Stephanie Collins,120179,LIBM,Umbrella,2025-02-23,Email,Bound
S-004135,Stephanie Collins,120179,CHUB,Umbrella,2025-02-14,IVANS,Quoted
S-004136,Stephanie Collins,120179,HART,Umbrella,2025-03-07,Portal,Declined
S-004137,Stephanie Collins,120179,NATI,Umbrella,2025-02-13,IVANS,Declined
S-004138,Thomas Fuentes,120219,PRGS,WC,2025-02-06,IVANS,Bound
S-004139,Thomas Fuentes,120219,AMFA,WC,2025-03-13,Portal,Quoted
S-004140,Thomas Fuentes,120219,LIBM,WC,2025-02-24,Portal,Declined
S-004141,Brandy Neal,120139,NATI,Personal Auto,2025-02-05,IVANS,Bound
S-004142,Brandy Neal,120139,TRAV,Personal Auto,2025-02-15,Portal,Quoted
S-004143,Brandy Neal,120139,HART,Personal Auto,2025-02-28,Portal,Declined
S-004144,Brandy Neal,120139,HART,Personal Auto,2025-03-21,IVANS,Declined
S-004145,Judy Payne,120092,ALLS,Umbrella,2025-03-18,IVANS,Bound
S-004146,Judy Payne,120092,CHUB,Umbrella,2025-03-16,IVANS,Declined
S-004147,Jeffery Yu,120065,TRAV,BOP,2025-01-31,Portal,Bound
S-004148,Jeffery Yu,120065,NATI,BOP,2025-02-04,IVANS,Quoted
S-004149,Jeffery Yu,120065,FARM,BOP,2025-02-20,IVANS,Declined
S-004150,Jeffery Yu,120065,CHUB,BOP,2025-02-25,Email,Quoted
S-004151,Mary Cooper,120254,GEIC,Umbrella,2025-02-15,IVANS,Bound
S-004152,Mary Cooper,120254,TRAV,Umbrella,2025-02-08,IVANS,Declined
S-004153,Mary Cooper,120254,LIBM,Umbrella,2025-02-24,Email,Quoted
S-004154,Emily Smith,120270,HART,Personal Auto,2025-02-21,Portal,Bound
S-004155,Emily Smith,120270,GEIC,Personal Auto,2025-03-05,IVANS,Quoted
S-004156,Emily Smith,120270,NATI,Personal Auto,2025-02-20,IVANS,Quoted
S-004157,Shannon Moore,120056,HART,Homeowners,2025-03-17,Portal,Bound
S-004158,Shannon Moore,120056,GEIC,Homeowners,2025-03-06,Portal,Quoted
S-004159,Shannon Moore,120056,NATI,Homeowners,2025-03-10,IVANS,Declined
S-004160,Bradley Andrews,120081,FARM,Package,2025-02-09,Portal,Bound
S-004161,Bradley Andrews,120081,LIBM,Package,2025-03-12,Email,Quoted
S-004162,Bradley Andrews,120081,GEIC,Package,2025-03-02,Portal,Quoted
S-004163,Bradley Andrews,120081,PRGS,Package,2025-02-18,IVANS,Quoted
S-004164,Elizabeth Wagner,120212,NATI,Umbrella,2025-03-22,Portal,Bound
S-004165,Elizabeth Wagner,120212,HART,Umbrella,2025-03-10,IVANS,Declined
S-004166,Madison Martin,120074,GEIC,Package,2025-03-14,Email,Bound
S-004167,Madison Martin,120074,CHUB,Package,2025-02-11,Portal,Quoted
S-004168,Christina Cohen,120022,LIBM,Personal Auto,2025-03-05,Email,Bound
S-004169,Christina Cohen,120022,FARM,Personal Auto,2025-03-14,Email,Quoted
S-004170,Caroline Ponce,120250,ALLS,Homeowners,2025-02-03,IVANS,Bound
S-004171,Caroline Ponce,120250,PRGS,Homeowners,2025-03-05,Portal,Quoted
S-004172,Caroline Ponce,120250,AMFA,Homeowners,2025-02-23,IVANS,Quoted
S-004173,Ashley Copeland,120109,LIBM,Homeowners,2025-03-14,Portal,Bound
S-004174,Ashley Copeland,120109,ALLS,Homeowners,2025-02-10,Email,Quoted
S-004175,Jennifer Jacobs,120131,AMFA,Homeowners,2025-02-08,Email,Bound
S-004176,Jennifer Jacobs,120131,CHUB,Homeowners,2025-03-06,Portal,Quoted
S-004177,Shannon Gray,120030,ALLS,Personal Auto,2025-03-02,IVANS,Bound
S-004178,Shannon Gray,120030,GEIC,Personal Auto,2025-02-18,IVANS,Quoted
S-004179,Shannon Gray,120030,AMFA,Personal Auto,2025-01-31,Portal,Quoted
S-004180,Kayla Davis,120197,AMFA,BOP,2025-02-12,IVANS,Bound
S-004181,Kayla Davis,120197,FARM,BOP,2025-02-11,Portal,Quoted
S-004182,Keith Baker,120177,GEIC,Personal Auto,2025-03-06,IVANS,Bound
S-004183,Keith Baker,120177,FARM,Personal Auto,2025-02-27,Portal,Quoted
S-004184,Keith Baker,120177,NATI,Personal Auto,2025-02-10,Portal,Quoted
S-004185,Amber Castro,120182,PRGS,Personal Auto,2025-02-02,Portal,Bound
S-004186,Amber Castro,120182,CHUB,Personal Auto,2025-02-16,Portal,Quoted
S-004187,Amber Castro,120182,FARM,Personal Auto,2025-02-05,Email,Quoted
S-004188,Matthew Benson,120141,PRGS,Homeowners,2025-03-11,IVANS,Bound
S-004189,Matthew Benson,120141,CHUB,Homeowners,2025-02-22,Portal,Quoted
S-004190,Ann Kemp,120238,PRGS,Personal Auto,2025-02-07,Portal,Bound
S-004191,Ann Kemp,120238,HART,Personal Auto,2025-02-05,Email,Declined
S-004192,Ann Kemp,120238,AMFA,Personal Auto,2025-02-20,Email,Quoted
S-004193,Jason Case,120276,LIBM,BOP,2025-02-21,IVANS,Bound
S-004194,Jason Case,120276,HART,BOP,2025-03-14,IVANS,Declined
S-004195,Jason Case,120276,NATI,BOP,2025-03-05,Portal,Quoted
S-004196,Jason Case,120276,NATI,BOP,2025-03-14,Portal,Quoted
S-004197,Robert Williams,120196,PRGS,Umbrella,2025-02-19,IVANS,Bound
S-004198,Robert Williams,120196,ALLS,Umbrella,2025-02-19,IVANS,Quoted
S-004199,Robert Williams,120196,TRAV,Umbrella,2025-02-09,IVANS,Quoted
S-004200,Briana Long,120211,NATI,Homeowners,2025-02-11,IVANS,Bound
S-004201,Briana Long,120211,AMFA,Homeowners,2025-03-14,Portal,Quoted
S-004202,Richard Thompson,120132,HART,Umbrella,2025-03-15,IVANS,Bound
S-004203,Richard Thompson,120132,AMFA,Umbrella,2025-03-21,Portal,Quoted
S-004204,Richard Thompson,120132,GEIC,Umbrella,2025-03-01,IVANS,Quoted
S-004205,Kaitlyn Warren,120097,ALLS,Personal Auto,2025-02-19,Portal,Bound
S-004206,Kaitlyn Warren,120097,NATI,Personal Auto,2025-03-22,IVANS,Declined
S-004207,Kaitlyn Warren,120097,PRGS,Personal Auto,2025-02-25,Portal,Declined
S-004208,Kaitlyn Warren,120097,GEIC,Personal Auto,2025-03-11,IVANS,Declined
S-004209,Donna Davis,120297,CHUB,Package,2025-03-20,IVANS,Bound
S-004210,Donna Davis,120297,LIBM,Package,2025-03-10,IVANS,Declined
S-004211,Stephen Miller,120290,TRAV,Homeowners,2025-02-18,Portal,Bound
S-004212,Stephen Miller,120290,GEIC,Homeowners,2025-02-03,IVANS,Quoted
S-004213,Kimberly Spencer,120052,AMFA,BOP,2025-03-17,IVANS,Bound
S-004214,Kimberly Spencer,120052,ALLS,BOP,2025-03-24,Email,Declined
S-004215,Jennifer Lee,120132,CHUB,Homeowners,2025-03-05,IVANS,Bound
S-004216,Jennifer Lee,120132,LIBM,Homeowners,2025-02-20,Email,Quoted
S-004217,Jennifer Lee,120132,FARM,Homeowners,2025-02-14,Portal,Quoted
S-004218,Maria Moore,120115,GEIC,Package,2025-02-20,IVANS,Bound
S-004219,Maria Moore,120115,LIBM,Package,2025-02-03,IVANS,Quoted
S-004220,Brooke Hernandez,120180,FARM,Homeowners,2025-02-12,Email,Bound
S-004221,Brooke Hernandez,120180,HART,Homeowners,2025-03-06,IVANS,Quoted
S-004222,Sheila Kennedy,120170,NATI,Homeowners,2025-02-27,Portal,Bound
S-004223,Sheila Kennedy,120170,HART,Homeowners,2025-02-15,IVANS,Declined
S-004224,Sheila Kennedy,120170,FARM,Homeowners,2025-03-03,Portal,Declined
S-004225,Sheila Kennedy,120170,LIBM,Homeowners,2025-02-15,IVANS,Declined
S-004226,Daniel Gomez,120000,CHUB,BOP,2025-03-16,IVANS,Bound
S-004227,Daniel Gomez,120000,HART,BOP,2025-02-16,Portal,Quoted
S-004228,Daniel Gomez,120000,LIBM,BOP,2025-02-27,Email,Quoted
S-004229,Daniel Gomez,120000,ALLS,BOP,2025-02-02,Portal,Quoted
S-004230,Heather Mcdonald,120142,FARM,Package,2025-03-24,IVANS,Bound
S-004231,Heather Mcdonald,120142,LIBM,Package,2025-03-03,Portal,Declined
S-004232,Heather Mcdonald,120142,PRGS,Package,2025-03-10,IVANS,Quoted
S-004233,Todd Waller,120058,AMFA,Personal Auto,2025-03-07,Portal,Bound
S-004234,Todd Waller,120058,FARM,Personal Auto,2025-03-22,IVANS,Quoted
S-004235,Todd Waller,120058,GEIC,Personal Auto,2025-02-14,IVANS,Declined
S-004236,Amy Johnson,120072,LIBM,WC,2025-02-22,Portal,Bound
S-004237,Amy Johnson,120072,FARM,WC,2025-03-18,IVANS,Quoted
S-004238,Nicole Olson,120070,LIBM,Umbrella,2025-03-10,Portal,Bound
S-004239,Nicole Olson,120070,FARM,Umbrella,2025-03-18,IVANS,Quoted
S-004240,Nicole Olson,120070,AMFA,Umbrella,2025-02-03,IVANS,Quoted
S-004241,Susan Lucero,120108,LIBM,Personal Auto,2025-02-20,IVANS,Bound
S-004242,Susan Lucero,120108,TRAV,Personal Auto,2025-02-07,IVANS,Quoted
S-004243,Susan Lucero,120108,CHUB,Personal Auto,2025-02-07,IVANS,Declined
S-004244,Brian Vargas,120088,CHUB,Personal Auto,2025-02-25,Email,Bound
S-004245,Brian Vargas,120088,LIBM,Personal Auto,2025-03-23,Portal,Declined
S-004246,Robert Carpenter,120152,FARM,Personal Auto,2025-03-01,Email,Bound
S-004247,Robert Carpenter,120152,ALLS,Personal Auto,2025-03-24,IVANS,Quoted
S-004248,Robert Carpenter,120152,AMFA,Personal Auto,2025-03-02,IVANS,Declined
S-004249,Micheal Allen,120156,NATI,WC,2025-02-04,IVANS,Bound
S-004250,Micheal Allen,120156,CHUB,WC,2025-03-16,IVANS,Quoted
S-004251,April Allen,120223,ALLS,Personal Auto,2025-02-21,IVANS,Bound
S-004252,April Allen,120223,LIBM,Personal Auto,2025-02-17,Portal,Quoted
S-004253,Brett Jones,120259,HART,WC,2025-02-23,IVANS,Bound
S-004254,Brett Jones,120259,LIBM,WC,2025-03-07,Portal,Quoted
S-004255,Brett Jones,120259,LIBM,WC,2025-03-12,IVANS,Quoted
S-004256,Bobby Phillips,120013,GEIC,BOP,2025-03-11,IVANS,Bound
S-004257,Bobby Phillips,120013,HART,BOP,2025-02-28,Portal,Declined
S-004258,Bobby Phillips,120013,NATI,BOP,2025-02-08,Portal,Declined
S-004259,Sue Burton,120080,TRAV,Homeowners,2025-02-10,IVANS,Bound
S-004260,Sue Burton,120080,FARM,Homeowners,2025-02-14,Portal,Declined
S-004261,Sue Burton,120080,PRGS,Homeowners,2025-01-31,Portal,Quoted
S-004262,Sue Burton,120080,AMFA,Homeowners,2025-02-19,IVANS,Quoted
S-004263,Alexander Ortiz,120192,TRAV,Personal Auto,2025-03-08,Portal,Bound
S-004264,Alexander Ortiz,120192,CHUB,Personal Auto,2025-02-06,IVANS,Declined
S-004265,Timothy Mcgee,120065,PRGS,WC,2025-03-10,IVANS,Bound
S-004266,Timothy Mcgee,120065,ALLS,WC,2025-03-11,IVANS,Declined
S-004267,Jennifer Sanford,120260,CHUB,Homeowners,2025-03-14,IVANS,Bound
S-004268,Jennifer Sanford,120260,TRAV,Homeowners,2025-03-07,Portal,Quoted
S-004269,Jennifer Sanford,120260,PRGS,Homeowners,2025-02-23,Email,Declined
S-004270,Allen Fisher,120075,AMFA,BOP,2025-03-18,IVANS,Bound
S-004271,Allen Fisher,120075,FARM,BOP,2025-02-10,IVANS,Quoted
S-004272,Allen Fisher,120075,FARM,BOP,2025-03-13,IVANS,Declined
S-004273,Amber Reynolds,120153,TRAV,Homeowners,2025-03-14,Email,Bound
S-004274,Amber Reynolds,120153,CHUB,Homeowners,2025-03-15,Portal,Quoted
S-004275,Amber Reynolds,120153,PRGS,Homeowners,2025-02-01,IVANS,Quoted
S-004276,Amber Reynolds,120153,ALLS,Homeowners,2025-02-16,IVANS,Quoted
S-004277,John Robertson,120096,PRGS,WC,2025-02-07,Portal,Bound
S-004278,John Robertson,120096,HART,WC,2025-02-11,Portal,Declined
S-004279,John Robertson,120096,HART,WC,2025-02-28,Portal,Declined
S-004280,Crystal Freeman,120281,ALLS,Homeowners,2025-03-15,Portal,Bound
S-004281,Crystal Freeman,120281,FARM,Homeowners,2025-03-05,IVANS,Quoted
S-004282,Maria Sexton,120184,AMFA,Umbrella,2025-03-01,Email,Bound
S-004283,Maria Sexton,120184,LIBM,Umbrella,2025-02-05,IVANS,Declined
S-004284,Maria Sexton,120184,ALLS,Umbrella,2025-02-28,IVANS,Quoted
S-004285,Cesar Carlson,120178,GEIC,Umbrella,2025-02-07,IVANS,Bound
S-004286,Cesar Carlson,120178,HART,Umbrella,2025-02-22,IVANS,Quoted
S-004287,Cesar Carlson,120178,PRGS,Umbrella,2025-02-02,Portal,Quoted
S-004288,Christina Baldwin,120181,CHUB,WC,2025-03-08,Portal,Bound
S-004289,Christina Baldwin,120181,LIBM,WC,2025-03-17,IVANS,Quoted
S-004290,Kelsey Estrada,120191,TRAV,Homeowners,2025-03-07,Portal,Bound
S-004291,Kelsey Estrada,120191,PRGS,Homeowners,2025-03-06,Portal,Quoted
S-004292,Kelsey Estrada,120191,GEIC,Homeowners,2025-03-23,IVANS,Quoted
S-004293,David Parker,120294,NATI,Homeowners,2025-03-10,Portal,Bound
S-004294,David Parker,120294,PRGS,Homeowners,2025-03-02,Portal,Quoted
S-004295,Stephanie Armstrong,120177,GEIC,Personal Auto,2025-02-28,IVANS,Bound
S-004296,Stephanie Armstrong,120177,CHUB,Personal Auto,2025-03-19,Portal,Declined
S-004297,Stephanie Armstrong,120177,FARM,Personal Auto,2025-02-02,IVANS,Quoted
S-004298,Stephanie Armstrong,120177,HART,Personal Auto,2025-02-03,IVANS,Quoted
S-004299,Matthew Turner,120045,PRGS,Personal Auto,2025-03-03,Portal,Bound
S-004300,Matthew Turner,120045,TRAV,Personal Auto,2025-02-25,IVANS,Declined
S-004301,Robert Morris,120198,LIBM,Personal Auto,2025-02-21,Portal,Bound
S-004302,Robert Morris,120198,CHUB,Personal Auto,2025-02-03,Email,Quoted
S-004303,Robert Morris,120198,TRAV,Personal Auto,2025-02-04,Portal,Declined
S-004304,Amanda Williams,120041,LIBM,Umbrella,2025-03-17,IVANS,Bound
S-004305,Amanda Williams,120041,TRAV,Umbrella,2025-03-12,IVANS,Declined
S-004306,Amanda Williams,120041,ALLS,Umbrella,2025-02-09,IVANS,Declined
S-004307,Christopher Glover,120233,ALLS,BOP,2025-03-21,IVANS,Bound
S-004308,Christopher Glover,120233,AMFA,BOP,2025-03-03,Portal,Declined
S-004309,David Mendez,120299,ALLS,Personal Auto,2025-02-19,IVANS,Bound
S-004310,David Mendez,120299,TRAV,Personal Auto,2025-03-11,IVANS,Quoted
S-004311,David Mendez,120299,LIBM,Personal Auto,2025-03-23,Email,Quoted
S-004312,David Mendez,120299,CHUB,Personal Auto,2025-02-14,Email,Quoted
S-004313,Stephanie Brown,120125,ALLS,Personal Auto,2025-02-03,Email,Bound
S-004314,Stephanie Brown,120125,NATI,Personal Auto,2025-02-20,IVANS,Declined
S-004315,Stephanie Brown,120125,NATI,Personal Auto,2025-03-04,Portal,Quoted
S-004316,Joseph Sanchez,120271,GEIC,Personal Auto,2025-02-15,Portal,Bound
S-004317,Joseph Sanchez,120271,CHUB,Personal Auto,2025-03-24,IVANS,Quoted
S-004318,Joseph Sanchez,120271,FARM,Personal Auto,2025-02-12,Email,Quoted
S-004319,Julie Morgan,120180,PRGS,Personal Auto,2025-02-23,Portal,Bound
S-004320,Julie Morgan,120180,NATI,Personal Auto,2025-02-13,IVANS,Quoted
S-004321,Julie Morgan,120180,GEIC,Personal Auto,2025-02-27,IVANS,Quoted
S-004322,Julie Morgan,120180,HART,Personal Auto,2025-02-27,Portal,Declined
S-004323,Corey Wilkins,120108,TRAV,BOP,2025-03-07,IVANS,Bound
S-004324,Corey Wilkins,120108,NATI,BOP,2025-02-13,IVANS,Declined
S-004325,Angela Nichols,120132,TRAV,Homeowners,2025-03-14,Portal,Bound
S-004326,Angela Nichols,120132,LIBM,Homeowners,2025-03-23,IVANS,Quoted
S-004327,Angela Nichols,120132,AMFA,Homeowners,2025-02-02,Portal,Declined
S-004328,Barry Odonnell,120221,NATI,Homeowners,2025-03-20,IVANS,Bound
S-004329,Barry Odonnell,120221,TRAV,Homeowners,2025-03-09,Portal,Quoted
S-004330,Barry Odonnell,120221,FARM,Homeowners,2025-03-17,Portal,Declined
S-004331,Diane Mcbride,120051,PRGS,Homeowners,2025-02-08,Portal,Bound
S-004332,Diane Mcbride,120051,GEIC,Homeowners,2025-02-24,Portal,Quoted
S-004333,Diane Mcbride,120051,ALLS,Homeowners,2025-02-13,IVANS,Quoted
S-004334,Nicole Gonzalez,120026,CHUB,Homeowners,2025-03-02,Portal,Bound
S-004335,Nicole Gonzalez,120026,TRAV,Homeowners,2025-02-15,IVANS,Declined
S-004336,Nicole Gonzalez,120026,NATI,Homeowners,2025-02-20,Portal,Declined
S-004337,Nicole Gonzalez,120026,PRGS,Homeowners,2025-02-15,Portal,Declined
S-004338,Kimberly Rogers,120248,ALLS,BOP,2025-03-25,Portal,Bound
S-004339,Kimberly Rogers,120248,AMFA,BOP,2025-03-20,Portal,Quoted
S-004340,Kimberly Rogers,120248,TRAV,BOP,2025-03-24,IVANS,Declined
S-004341,Michelle Mcmahon,120037,ALLS,Personal Auto,2025-02-18,IVANS,Bound
S-004342,Michelle Mcmahon,120037,AMFA,Personal Auto,2025-03-05,Portal,Quoted
S-004343,Michelle Mcmahon,120037,CHUB,Personal Auto,2025-02-14,Portal,Quoted
S-004344,Michelle Mcmahon,120037,TRAV,Personal Auto,2025-03-01,IVANS,Quoted
S-004345,Melissa Smith,120146,GEIC,Personal Auto,2025-02-20,Portal,Bound
S-004346,Melissa Smith,120146,CHUB,Personal Auto,2025-02-05,IVANS,Quoted
S-004347,Wendy Rodriguez,120223,AMFA,BOP,2025-03-11,IVANS,Bound
S-004348,Wendy Rodriguez,120223,GEIC,BOP,2025-02-20,Portal,Declined
S-004349,Wendy Rodriguez,120223,HART,BOP,2025-02-20,Portal,Quoted
S-004350,Jennifer Mckenzie,120282,FARM,Personal Auto,2025-02-09,IVANS,Bound
S-004351,Jennifer Mckenzie,120282,CHUB,Personal Auto,2025-03-09,Portal,Quoted
S-004352,Amy Gomez,120038,PRGS,Personal Auto,2025-03-11,Portal,Bound
S-004353,Amy Gomez,120038,FARM,Personal Auto,2025-03-07,Portal,Declined
S-004354,Amy Gomez,120038,ALLS,Personal Auto,2025-02-26,IVANS,Quoted
S-004355,Kimberly Elliott,120208,TRAV,Homeowners,2025-02-01,Portal,Bound
S-004356,Kimberly Elliott,120208,LIBM,Homeowners,2025-02-12,IVANS,Declined
S-004357,Kimberly Elliott,120208,PRGS,Homeowners,2025-02-26,IVANS,Quoted
S-004358,Sherry Bender,120000,TRAV,Homeowners,2025-02-08,Portal,Bound
S-004359,Sherry Bender,120000,NATI,Homeowners,2025-02-14,IVANS,Declined
S-004360,Benjamin Miller,120244,CHUB,WC,2025-03-13,IVANS,Bound
S-004361,Benjamin Miller,120244,FARM,WC,2025-03-21,Portal,Declined
S-004362,Gary Carey,120059,HART,Personal Auto,2025-03-19,Email,Bound
S-004363,Gary Carey,120059,FARM,Personal Auto,2025-02-10,IVANS,Declined
S-004364,Gary Carey,120059,CHUB,Personal Auto,2025-02-19,Portal,Quoted
S-004365,Gary Carey,120059,AMFA,Personal Auto,2025-02-24,Portal,Quoted
S-004366,Stephen Novak,120022,HART,WC,2025-03-08,Portal,Bound
S-004367,Stephen Novak,120022,LIBM,WC,2025-03-14,IVANS,Quoted
S-004368,Stephen Novak,120022,LIBM,WC,2025-03-20,Portal,Declined
S-004369,Kathleen Johnson,120211,FARM,Homeowners,2025-03-15,IVANS,Bound
S-004370,Kathleen Johnson,120211,AMFA,Homeowners,2025-02-09,IVANS,Quoted
S-004371,Brandon Miranda,120142,ALLS,BOP,2025-02-10,Portal,Bound
S-004372,Brandon Miranda,120142,LIBM,BOP,2025-02-21,IVANS,Quoted
S-004373,Brandon Miranda,120142,PRGS,BOP,2025-03-15,IVANS,Declined
S-004374,Brandon Miranda,120142,GEIC,BOP,2025-03-03,IVANS,Quoted
S-004375,Sheila Rice,120202,FARM,Umbrella,2025-02-19,IVANS,Bound
S-004376,Sheila Rice,120202,GEIC,Umbrella,2025-03-12,IVANS,Quoted
S-004377,Sheila Rice,120202,GEIC,Umbrella,2025-03-01,IVANS,Declined
S-004378,Kathy Carroll,120255,GEIC,BOP,2025-03-09,Portal,Bound
S-004379,Kathy Carroll,120255,ALLS,BOP,2025-03-18,IVANS,Quoted
S-004380,Kathy Carroll,120255,FARM,BOP,2025-02-19,Portal,Declined
S-004381,Kathy Carroll,120255,HART,BOP,2025-03-05,Portal,Quoted
S-004382,Jacob Bush,120130,PRGS,Personal Auto,2025-02-23,Portal,Bound
S-004383,Jacob Bush,120130,GEIC,Personal Auto,2025-02-20,Portal,Quoted
S-004384,Jacob Bush,120130,AMFA,Personal Auto,2025-02-24,Portal,Quoted
S-004385,Daniel Young,120047,GEIC,Personal Auto,2025-03-11,IVANS,Bound
S-004386,Daniel Young,120047,ALLS,Personal Auto,2025-02-11,Portal,Quoted
S-004387,Daniel Young,120047,FARM,Personal Auto,2025-03-25,IVANS,Quoted
S-004388,Daniel Young,120047,AMFA,Personal Auto,2025-03-18,Portal,Quoted
S-004389,Charles Miller,120107,CHUB,Personal Auto,2025-03-02,Portal,Bound
S-004390,Charles Miller,120107,PRGS,Personal Auto,2025-02-20,Portal,Quoted
S-004391,Charles Miller,120107,NATI,Personal Auto,2025-02-12,Portal,Declined
S-004392,Charles Miller,120107,PRGS,Personal Auto,2025-03-12,IVANS,Quoted
S-004393,Jonathan Moore,120201,GEIC,Umbrella,2025-03-21,IVANS,Bound
S-004394,Jonathan Moore,120201,PRGS,Umbrella,2025-03-23,IVANS,Quoted
S-004395,Jonathan Moore,120201,CHUB,Umbrella,2025-02-02,IVANS,Quoted
S-004396,James Alexander,120276,HART,Umbrella,2025-02-16,Portal,Bound
S-004397,James Alexander,120276,TRAV,Umbrella,2025-03-03,IVANS,Declined
S-004398,James Alexander,120276,PRGS,Umbrella,2025-03-19,Portal,Declined
S-004399,James Alexander,120276,FARM,Umbrella,2025-03-07,Portal,Declined
S-004400,Kayla Leblanc,120025,NATI,Personal Auto,2025-03-22,IVANS,Bound
S-004401,Kayla Leblanc,120025,PRGS,Personal Auto,2025-03-12,Portal,Quoted
S-004402,Kayla Leblanc,120025,ALLS,Personal Auto,2025-02-12,Portal,Quoted
S-004403,Mary Odom,120195,CHUB,Personal Auto,2025-03-03,IVANS,Bound
S-004404,Mary Odom,120195,GEIC,Personal Auto,2025-03-15,Portal,Quoted
S-004405,Mary Odom,120195,PRGS,Personal Auto,2025-02-16,Portal,Quoted
S-004406,Robin Hernandez,120183,HART,BOP,2025-03-23,Portal,Bound
S-004407,Robin Hernandez,120183,TRAV,BOP,2025-02-08,IVANS,Quoted
S-004408,Whitney Munoz,120014,TRAV,BOP,2025-02-06,Portal,Bound
S-004409,Whitney Munoz,120014,NATI,BOP,2025-03-05,Portal,Declined
S-004410,Jonathan Anderson,120053,PRGS,Personal Auto,2025-03-06,Portal,Bound
S-004411,Jonathan Anderson,120053,FARM,Personal Auto,2025-02-19,Portal,Quoted
S-004412,Amber Alvarez,120231,NATI,Personal Auto,2025-03-24,IVANS,Bound
S-004413,Amber Alvarez,120231,CHUB,Personal Auto,2025-02-08,IVANS,Quoted
S-004414,Amber Alvarez,120231,FARM,Personal Auto,2025-03-07,IVANS,Quoted
S-004415,Jill Gonzalez,120258,TRAV,Personal Auto,2025-02-25,IVANS,Bound
S-004416,Jill Gonzalez,120258,LIBM,Personal Auto,2025-02-18,Portal,Declined
S-004417,Jill Gonzalez,120258,CHUB,Personal Auto,2025-02-11,IVANS,Declined
S-004418,Jill Gonzalez,120258,NATI,Personal Auto,2025-03-03,Portal,Quoted
S-004419,Shannon Berg,120260,GEIC,Umbrella,2025-03-10,Portal,Bound
S-004420,Shannon Berg,120260,NATI,Umbrella,2025-03-21,IVANS,Declined
S-004421,Shannon Berg,120260,HART,Umbrella,2025-02-09,Portal,Declined
S-004422,Raymond Cohen,120273,ALLS,BOP,2025-03-13,Portal,Bound
S-004423,Raymond Cohen,120273,NATI,BOP,2025-02-17,IVANS,Quoted
S-004424,Jennifer Mccormick,120184,TRAV,Homeowners,2025-03-07,Portal,Bound
S-004425,Jennifer Mccormick,120184,FARM,Homeowners,2025-02-01,Portal,Quoted
S-004426,Jennifer Mccormick,120184,NATI,Homeowners,2025-02-14,Portal,Declined
S-004427,Jeffrey Brown,120066,GEIC,BOP,2025-03-25,IVANS,Bound
S-004428,Jeffrey Brown,120066,AMFA,BOP,2025-02-09,IVANS,Quoted
S-004429,Jeffrey Brown,120066,TRAV,BOP,2025-02-14,Portal,Quoted
S-004430,Blake Cowan,120019,FARM,Umbrella,2025-03-21,IVANS,Bound
S-004431,Blake Cowan,120019,GEIC,Umbrella,2025-03-08,Portal,Declined
S-004432,Blake Cowan,120019,NATI,Umbrella,2025-02-28,Portal,Quoted
S-004433,Jason Lane,120052,TRAV,Personal Auto,2025-03-21,IVANS,Bound
S-004434,Jason Lane,120052,GEIC,Personal Auto,2025-03-14,IVANS,Quoted
S-004435,Jodi Villa,120150,FARM,Personal Auto,2025-02-16,Portal,Bound
S-004436,Jodi Villa,120150,TRAV,Personal Auto,2025-02-20,IVANS,Declined
S-004437,Jodi Villa,120150,ALLS,Personal Auto,2025-03-21,IVANS,Declined
S-004438,Susan Waters,120255,GEIC,BOP,2025-02-13,Portal,Bound
S-004439,Susan Waters,120255,LIBM,BOP,2025-03-13,Portal,Quoted
S-004440,Margaret Wilson,120229,GEIC,Umbrella,2025-03-10,IVANS,Bound
S-004441,Margaret Wilson,120229,HART,Umbrella,2025-02-12,IVANS,Declined
S-004442,Margaret Wilson,120229,NATI,Umbrella,2025-02-21,Portal,Quoted
S-004443,Kristen Davis,120027,HART,Personal Auto,2025-03-24,Portal,Bound
S-004444,Kristen Davis,120027,ALLS,Personal Auto,2025-03-11,Portal,Quoted
S-004445,Kristen Davis,120027,ALLS,Personal Auto,2025-03-14,IVANS,Declined
S-004446,Brendan Griffin,120210,TRAV,WC,2025-03-12,Portal,Bound
S-004447,Brendan Griffin,120210,LIBM,WC,2025-02-28,Portal,Quoted
S-004448,Brendan Griffin,120210,CHUB,WC,2025-02-23,Email,Quoted
S-004449,Brittany Guzman,120252,GEIC,Personal Auto,2025-02-06,Portal,Bound
S-004450,Brittany Guzman,120252,CHUB,Personal Auto,2025-03-11,IVANS,Declined
S-004451,Monica Carson,120159,PRGS,Package,2025-02-17,IVANS,Bound
S-004452,Monica Carson,120159,LIBM,Package,2025-02-10,IVANS,Quoted
S-004453,Christine Thomas,120271,LIBM,BOP,2025-03-13,IVANS,Bound
S-004454,Christine Thomas,120271,GEIC,BOP,2025-02-03,Portal,Quoted
S-004455,Scott Guzman,120018,TRAV,BOP,2025-03-07,IVANS,Bound
S-004456,Scott Guzman,120018,ALLS,BOP,2025-02-28,IVANS,Quoted
S-004457,Scott Guzman,120018,PRGS,BOP,2025-03-15,IVANS,Quoted
S-004458,Scott Guzman,120018,FARM,BOP,2025-02-21,IVANS,Quoted
S-004459,Angela Harris,120093,GEIC,Personal Auto,2025-03-11,Email,Bound
S-004460,Angela Harris,120093,NATI,Personal Auto,2025-02-20,Email,Declined
S-004461,Angela Harris,120093,PRGS,Personal Auto,2025-03-10,IVANS,Declined
S-004462,Angela Harris,120093,LIBM,Personal Auto,2025-02-15,Portal,Quoted
S-004463,Daniel Lee,120037,PRGS,Homeowners,2025-03-03,IVANS,Bound
S-004464,Daniel Lee,120037,TRAV,Homeowners,2025-03-05,IVANS,Quoted
S-004465,Daniel Lee,120037,FARM,Homeowners,2025-02-02,Portal,Quoted
S-004466,Daniel Lee,120037,AMFA,Homeowners,2025-03-12,Email,Quoted
S-004467,Lindsey Miller,120086,TRAV,WC,2025-03-17,IVANS,Bound
S-004468,Lindsey Miller,120086,AMFA,WC,2025-03-01,Portal,Quoted
S-004469,Lindsey Miller,120086,LIBM,WC,2025-02-28,Portal,Quoted
S-004470,Michael Robinson,120120,AMFA,Personal Auto,2025-02-02,Portal,Bound
S-004471,Michael Robinson,120120,TRAV,Personal Auto,2025-02-03,Portal,Declined
S-004472,Michael Robinson,120120,CHUB,Personal Auto,2025-03-18,IVANS,Quoted
S-004473,Peter Bishop,120026,TRAV,WC,2025-02-08,Portal,Bound
S-004474,Peter Bishop,120026,NATI,WC,2025-01-31,IVANS,Quoted
S-004475,Peter Bishop,120026,LIBM,WC,2025-03-08,Portal,Declined
S-004476,Peter Bishop,120026,CHUB,WC,2025-02-16,IVANS,Quoted
S-004477,Laura Campbell,120227,PRGS,Homeowners,2025-02-07,IVANS,Bound
S-004478,Laura Campbell,120227,TRAV,Homeowners,2025-02-18,Email,Quoted
S-004479,Laura Campbell,120227,HART,Homeowners,2025-03-22,Portal,Quoted
S-004480,Laura Campbell,120227,TRAV,Homeowners,2025-02-10,Portal,Declined
S-004481,Kristie Sanchez,120061,GEIC,Personal Auto,2025-02-20,Portal,Bound
S-004482,Kristie Sanchez,120061,NATI,Personal Auto,2025-02-08,IVANS,Quoted
S-004483,Kristie Sanchez,120061,ALLS,Personal Auto,2025-02-07,Portal,Quoted
S-004484,Kristie Sanchez,120061,LIBM,Personal Auto,2025-01-31,IVANS,Quoted
S-004485,Gabriel Vega,120116,NATI,WC,2025-03-13,Email,Bound
S-004486,Gabriel Vega,120116,LIBM,WC,2025-03-02,IVANS,Quoted
S-004487,Gabriel Vega,120116,FARM,WC,2025-03-01,Portal,Declined
S-004488,Sean Gray,120067,ALLS,Homeowners,2025-02-06,Email,Bound
S-004489,Sean Gray,120067,HART,Homeowners,2025-03-08,Portal,Quoted
S-004490,Sean Gray,120067,AMFA,Homeowners,2025-03-17,IVANS,Declined
S-004491,Sean Gray,120067,LIBM,Homeowners,2025-03-22,Portal,Declined
S-004492,Gary Lee,120123,AMFA,Homeowners,2025-03-04,IVANS,Bound
S-004493,Gary Lee,120123,NATI,Homeowners,2025-02-17,IVANS,Declined
S-004494,Gary Lee,120123,CHUB,Homeowners,2025-03-10,Portal,Quoted
S-004495,David Bell,120025,LIBM,Personal Auto,2025-02-04,IVANS,Bound
S-004496,David Bell,120025,HART,Personal Auto,2025-02-05,IVANS,Declined
S-004497,David Bell,120025,PRGS,Personal Auto,2025-03-19,Email,Declined
S-004498,Rachel Williams,120239,NATI,Homeowners,2025-03-02,Email,Bound
S-004499,Rachel Williams,120239,ALLS,Homeowners,2025-03-13,Portal,Declined
S-004500,Rachel Williams,120239,CHUB,Homeowners,2025-03-16,Portal,Quoted
S-004501,Ethan Jones,120140,TRAV,Personal Auto,2025-01-31,IVANS,Bound
S-004502,Ethan Jones,120140,GEIC,Personal Auto,2025-03-17,Email,Quoted
S-004503,Megan Stephens,120217,ALLS,Personal Auto,2025-02-11,Email,Bound
S-004504,Megan Stephens,120217,AMFA,Personal Auto,2025-03-15,IVANS,Quoted
S-004505,Megan Stephens,120217,GEIC,Personal Auto,2025-03-07,IVANS,Quoted
S-004506,James Curtis,120207,GEIC,Personal Auto,2025-02-12,IVANS,Bound
S-004507,James Curtis,120207,PRGS,Personal Auto,2025-03-25,IVANS,Declined
S-004508,James Curtis,120207,FARM,Personal Auto,2025-03-13,Email,Declined
S-004509,Cindy Contreras,120041,GEIC,Homeowners,2025-03-22,IVANS,Bound
S-004510,Cindy Contreras,120041,AMFA,Homeowners,2025-02-07,Email,Quoted
S-004511,Debbie Donaldson,120269,FARM,BOP,2025-02-09,IVANS,Bound
S-004512,Debbie Donaldson,120269,AMFA,BOP,2025-02-02,Portal,Quoted
S-004513,Debbie Donaldson,120269,NATI,BOP,2025-02-10,Portal,Quoted
S-004514,Debbie Donaldson,120269,NATI,BOP,2025-03-10,IVANS,Quoted
S-004515,Kristin Torres,120088,HART,BOP,2025-03-08,Portal,Bound
S-004516,Kristin Torres,120088,PRGS,BOP,2025-02-14,Portal,Quoted
S-004517,Kristin Torres,120088,TRAV,BOP,2025-03-18,IVANS,Quoted
S-004518,Kristin Torres,120088,NATI,BOP,2025-02-06,IVANS,Quoted
S-004519,Tracy Klein,120216,TRAV,WC,2025-02-22,Email,Bound
S-004520,Tracy Klein,120216,AMFA,WC,2025-02-10,Portal,Declined
S-004521,Julia Adams,120110,LIBM,Personal Auto,2025-02-08,Portal,Bound
S-004522,Julia Adams,120110,NATI,Personal Auto,2025-03-11,IVANS,Declined
S-004523,Julia Adams,120110,CHUB,Personal Auto,2025-03-06,IVANS,Quoted
S-004524,Christopher Barrett,120149,LIBM,BOP,2025-02-24,Portal,Bound
S-004525,Christopher Barrett,120149,GEIC,BOP,2025-03-18,IVANS,Quoted
S-004526,Christopher Barrett,120149,NATI,BOP,2025-02-05,Portal,Quoted
S-004527,Misty Grant,120205,LIBM,Personal Auto,2025-03-11,Portal,Bound
S-004528,Misty Grant,120205,PRGS,Personal Auto,2025-03-01,IVANS,Quoted
S-004529,Misty Grant,120205,CHUB,Personal Auto,2025-03-02,IVANS,Quoted
S-004530,Emma Elliott,120294,PRGS,Homeowners,2025-03-20,IVANS,Bound
S-004531,Emma Elliott,120294,FARM,Homeowners,2025-02-11,IVANS,Declined
S-004532,Emma Elliott,120294,NATI,Homeowners,2025-03-10,Portal,Declined
S-004533,Jessica Velazquez,120029,HART,Umbrella,2025-02-13,Portal,Bound
S-004534,Jessica Velazquez,120029,PRGS,Umbrella,2025-03-05,Portal,Quoted
S-004535,Jimmy Pittman,120174,HART,Package,2025-02-20,Portal,Bound
S-004536,Jimmy Pittman,120174,NATI,Package,2025-03-17,Portal,Declined
S-004537,Jimmy Pittman,120174,PRGS,Package,2025-02-22,Portal,Quoted
S-004538,Jimmy Pittman,120174,TRAV,Package,2025-01-31,Portal,Declined
S-004539,Travis Miller,120123,PRGS,Personal Auto,2025-03-15,IVANS,Bound
S-004540,Travis Miller,120123,TRAV,Personal Auto,2025-02-26,IVANS,Declined
S-004541,Travis Miller,120123,GEIC,Personal Auto,2025-02-03,Portal,Quoted
S-004542,Billy Gomez,120032,NATI,Personal Auto,2025-03-04,Portal,Bound
S-004543,Billy Gomez,120032,ALLS,Personal Auto,2025-02-25,IVANS,Quoted
S-004544,Billy Gomez,120032,ALLS,Personal Auto,2025-03-13,Portal,Quoted
S-004545,Cameron Pham,120157,NATI,Umbrella,2025-03-22,IVANS,Bound
S-004546,Cameron Pham,120157,TRAV,Umbrella,2025-02-21,IVANS,Declined
S-004547,Allen Wilson,120065,FARM,Personal Auto,2025-03-08,Email,Bound
S-004548,Allen Wilson,120065,PRGS,Personal Auto,2025-03-21,Portal,Quoted
S-004549,Rachel Hooper,120299,TRAV,BOP,2025-03-25,Email,Bound
S-004550,Rachel Hooper,120299,AMFA,BOP,2025-02-19,IVANS,Quoted
S-004551,Rachel Hooper,120299,AMFA,BOP,2025-03-11,IVANS,Declined
S-004552,Rachel Hooper,120299,ALLS,BOP,2025-03-08,IVANS,Quoted
S-004553,Justin Sellers,120081,HART,Homeowners,2025-03-24,Portal,Bound
S-004554,Justin Sellers,120081,AMFA,Homeowners,2025-03-10,Email,Declined
S-004555,Justin Sellers,120081,LIBM,Homeowners,2025-03-09,IVANS,Quoted
S-004556,Wendy Newman,120139,PRGS,Personal Auto,2025-03-12,Portal,Bound
S-004557,Wendy Newman,120139,CHUB,Personal Auto,2025-02-02,IVANS,Declined
S-004558,Sarah Luna,120290,ALLS,Personal Auto,2025-03-25,Portal,Bound
S-004559,Sarah Luna,120290,FARM,Personal Auto,2025-03-13,IVANS,Declined
S-004560,Rachel Patel,120011,PRGS,BOP,2025-02-09,IVANS,Bound
S-004561,Rachel Patel,120011,HART,BOP,2025-02-06,Portal,Quoted
S-004562,Elizabeth Newman,120015,FARM,Personal Auto,2025-02-01,IVANS,Bound
S-004563,Elizabeth Newman,120015,ALLS,Personal Auto,2025-02-27,IVANS,Quoted
S-004564,Todd Bishop,120161,CHUB,Personal Auto,2025-03-16,Portal,Bound
S-004565,Todd Bishop,120161,ALLS,Personal Auto,2025-02-14,Portal,Quoted
S-004566,Todd Bishop,120161,HART,Personal Auto,2025-02-16,IVANS,Declined
S-004567,Todd Bishop,120161,HART,Personal Auto,2025-03-13,Portal,Declined
S-004568,Stephanie Blackwell,120109,ALLS,Homeowners,2025-02-17,IVANS,Bound
S-004569,Stephanie Blackwell,120109,PRGS,Homeowners,2025-02-28,Portal,Quoted
S-004570,Stephanie Blackwell,120109,FARM,Homeowners,2025-02-10,Portal,Quoted
S-004571,Dustin Hall,120013,HART,Package,2025-02-21,IVANS,Bound
S-004572,Dustin Hall,120013,NATI,Package,2025-03-05,IVANS,Declined
S-004573,Christine Sandoval,120125,TRAV,Homeowners,2025-03-14,IVANS,Bound
S-004574,Christine Sandoval,120125,AMFA,Homeowners,2025-03-03,IVANS,Quoted
S-004575,Christine Sandoval,120125,AMFA,Homeowners,2025-02-01,Portal,Declined
S-004576,Christine Sandoval,120125,CHUB,Homeowners,2025-03-20,Portal,Quoted
S-004577,Gregory Hubbard,120063,PRGS,Personal Auto,2025-02-20,Portal,Bound
S-004578,Gregory Hubbard,120063,GEIC,Personal Auto,2025-03-19,IVANS,Declined
S-004579,Gregory Hubbard,120063,TRAV,Personal Auto,2025-03-16,IVANS,Quoted
S-004580,Gregory Hubbard,120063,ALLS,Personal Auto,2025-03-18,IVANS,Quoted
S-004581,Christine Miller,120284,GEIC,BOP,2025-03-17,Portal,Bound
S-004582,Christine Miller,120284,PRGS,BOP,2025-02-07,IVANS,Declined
S-004583,Christine Miller,120284,LIBM,BOP,2025-02-09,Portal,Quoted
S-004584,Eric Castillo,120034,GEIC,BOP,2025-02-04,Email,Bound
S-004585,Eric Castillo,120034,FARM,BOP,2025-02-16,Portal,Quoted
S-004586,Eric Castillo,120034,TRAV,BOP,2025-02-24,Portal,Quoted
S-004587,Dennis Pruitt,120179,TRAV,BOP,2025-03-14,IVANS,Bound
S-004588,Dennis Pruitt,120179,HART,BOP,2025-03-07,Portal,Quoted
S-004589,Dennis Pruitt,120179,PRGS,BOP,2025-02-15,IVANS,Quoted
S-004590,Dennis Pruitt,120179,GEIC,BOP,2025-03-22,Portal,Quoted
S-004591,Paul Williams,120201,ALLS,Homeowners,2025-02-16,IVANS,Bound
S-004592,Paul Williams,120201,LIBM,Homeowners,2025-03-10,IVANS,Quoted
S-004593,Charlene Haas,120299,TRAV,Package,2025-02-07,Portal,Bound
S-004594,Charlene Haas,120299,AMFA,Package,2025-02-18,IVANS,Quoted
S-004595,Charlene Haas,120299,LIBM,Package,2025-03-02,IVANS,Declined
S-004596,Elizabeth Ramos,120252,ALLS,Homeowners,2025-03-11,Portal,Bound
S-004597,Elizabeth Ramos,120252,NATI,Homeowners,2025-03-25,Portal,Quoted
S-004598,Denise Ortiz,120012,LIBM,BOP,2025-03-05,Portal,Bound
S-004599,Denise Ortiz,120012,HART,BOP,2025-03-14,IVANS,Quoted
S-004600,Denise Ortiz,120012,FARM,BOP,2025-02-11,Portal,Declined
S-004601,Denise Ortiz,120012,GEIC,BOP,2025-02-23,Portal,Quoted
S-004602,Amy Wright,120052,CHUB,Personal Auto,2025-02-09,IVANS,Bound
S-004603,Amy Wright,120052,AMFA,Personal Auto,2025-03-20,Portal,Quoted
S-004604,Tina Ramsey,120195,GEIC,Personal Auto,2025-02-27,Portal,Bound
S-004605,Tina Ramsey,120195,CHUB,Personal Auto,2025-03-04,IVANS,Quoted
S-004606,Jonathan Campbell,120039,GEIC,Personal Auto,2025-02-16,Portal,Bound
S-004607,Jonathan Campbell,120039,LIBM,Personal Auto,2025-02-08,IVANS,Declined
S-004608,James Phillips,120124,PRGS,Personal Auto,2025-02-23,IVANS,Bound
S-004609,James Phillips,120124,HART,Personal Auto,2025-03-25,Portal,Quoted
S-004610,James Phillips,120124,ALLS,Personal Auto,2025-03-04,IVANS,Quoted
S-004611,James Phillips,120124,FARM,Personal Auto,2025-03-20,Email,Declined
S-004612,Benjamin Garcia,120183,PRGS,Personal Auto,2025-02-10,IVANS,Bound
S-004613,Benjamin Garcia,120183,AMFA,Personal Auto,2025-03-12,IVANS,Quoted
S-004614,Benjamin Garcia,120183,FARM,Personal Auto,2025-02-06,Email,Declined
S-004615,Katherine Johnson,120096,TRAV,Personal Auto,2025-03-23,Portal,Bound
S-004616,Katherine Johnson,120096,NATI,Personal Auto,2025-02-27,Portal,Quoted
S-004617,Katherine Johnson,120096,NATI,Personal Auto,2025-03-09,Portal,Quoted
S-004618,Katherine Johnson,120096,FARM,Personal Auto,2025-02-05,IVANS,Quoted
S-004619,Laura Rhodes,120043,LIBM,Umbrella,2025-02-13,Portal,Bound
S-004620,Laura Rhodes,120043,TRAV,Umbrella,2025-02-18,Portal,Quoted
S-004621,Laura Rhodes,120043,FARM,Umbrella,2025-03-07,Email,Quoted
S-004622,Laura Rhodes,120043,FARM,Umbrella,2025-03-23,Portal,Quoted
S-004623,Holly Lam,120213,TRAV,Umbrella,2025-02-14,Portal,Bound
S-004624,Holly Lam,120213,PRGS,Umbrella,2025-02-04,Portal,Declined
S-004625,Holly Lam,120213,LIBM,Umbrella,2025-03-01,IVANS,Declined
S-004626,Holly Lam,120213,LIBM,Umbrella,2025-03-07,Portal,Quoted
S-004627,Tammy Nelson,120132,TRAV,Personal Auto,2025-02-14,Portal,Bound
S-004628,Tammy Nelson,120132,CHUB,Personal Auto,2025-03-14,Portal,Quoted
S-004629,Adam Green,120091,LIBM,Personal Auto,2025-03-21,Portal,Bound
S-004630,Adam Green,120091,AMFA,Personal Auto,2025-03-20,Portal,Quoted
S-004631,Bradley Stanley,120159,ALLS,Personal Auto,2025-02-05,Portal,Bound
S-004632,Bradley Stanley,120159,CHUB,Personal Auto,2025-02-17,IVANS,Declined
S-004633,Bradley Stanley,120159,AMFA,Personal Auto,2025-03-18,Portal,Quoted
S-004634,Nicholas Mitchell,120252,AMFA,BOP,2025-03-14,Portal,Bound
S-004635,Nicholas Mitchell,120252,FARM,BOP,2025-01-31,Portal,Declined
S-004636,Nicholas Mitchell,120252,LIBM,BOP,2025-02-17,Portal,Declined
S-004637,Stephanie Colon,120057,GEIC,Personal Auto,2025-03-24,Portal,Bound
S-004638,Stephanie Colon,120057,NATI,Personal Auto,2025-03-22,IVANS,Declined
S-004639,Stephanie Colon,120057,LIBM,Personal Auto,2025-03-23,IVANS,Quoted
S-004640,Stephanie Colon,120057,HART,Personal Auto,2025-02-25,Portal,Declined
S-004641,Debra Stevens,120115,PRGS,Homeowners,2025-03-13,Portal,Bound
S-004642,Debra Stevens,120115,LIBM,Homeowners,2025-02-22,Portal,Quoted
S-004643,Debra Stevens,120115,AMFA,Homeowners,2025-02-16,Portal,Quoted
S-004644,Debra Stevens,120115,GEIC,Homeowners,2025-03-01,IVANS,Quoted
S-004645,Jerry Williams,120284,GEIC,Personal Auto,2025-03-02,Portal,Bound
S-004646,Jerry Williams,120284,NATI,Personal Auto,2025-02-10,IVANS,Quoted
S-004647,Jerry Williams,120284,CHUB,Personal Auto,2025-02-09,Portal,Quoted
S-004648,Jerry Williams,120284,FARM,Personal Auto,2025-02-22,Portal,Quoted
S-004649,Alexander Duncan,120266,HART,Package,2025-03-10,Portal,Bound
S-004650,Alexander Duncan,120266,AMFA,Package,2025-03-12,IVANS,Declined
S-004651,Alexander Duncan,120266,TRAV,Package,2025-02-26,Portal,Quoted
S-004652,Alexander Duncan,120266,AMFA,Package,2025-03-14,Portal,Quoted
S-004653,Christopher Lewis,120155,GEIC,Package,2025-02-13,IVANS,Bound
S-004654,Christopher Lewis,120155,FARM,Package,2025-03-04,Portal,Quoted
S-004655,Christopher Lewis,120155,FARM,Package,2025-02-06,IVANS,Quoted
S-004656,Lisa Russell,120083,ALLS,Homeowners,2025-03-21,Portal,Bound
S-004657,Lisa Russell,120083,AMFA,Homeowners,2025-03-01,IVANS,Declined
S-004658,Lisa Russell,120083,GEIC,Homeowners,2025-03-12,Portal,Quoted
S-004659,Lisa Russell,120083,PRGS,Homeowners,2025-03-18,IVANS,Declined
S-004660,Stephen Parsons,120249,LIBM,Personal Auto,2025-02-22,IVANS,Bound
S-004661,Stephen Parsons,120249,HART,Personal Auto,2025-03-22,Email,Quoted
S-004662,Stephen Parsons,120249,HART,Personal Auto,2025-03-08,Portal,Quoted
S-004663,Stephen Parsons,120249,HART,Personal Auto,2025-03-25,IVANS,Quoted
S-004664,Jennifer Bailey,120220,GEIC,WC,2025-02-07,Portal,Bound
S-004665,Jennifer Bailey,120220,NATI,WC,2025-02-05,Email,Declined
S-004666,Jennifer Bailey,120220,AMFA,WC,2025-02-27,Portal,Quoted
S-004667,Marisa Edwards,120269,FARM,Homeowners,2025-02-13,Portal,Bound
S-004668,Marisa Edwards,120269,TRAV,Homeowners,2025-03-01,Email,Quoted
S-004669,Joshua Anderson,120030,ALLS,Personal Auto,2025-03-13,Portal,Bound
S-004670,Joshua Anderson,120030,AMFA,Personal Auto,2025-03-21,IVANS,Quoted
S-004671,Cathy Griffin,120089,CHUB,BOP,2025-01-31,Portal,Bound
S-004672,Cathy Griffin,120089,AMFA,BOP,2025-03-01,IVANS,Quoted
S-004673,Cathy Griffin,120089,ALLS,BOP,2025-03-25,IVANS,Quoted
S-004674,Cathy Griffin,120089,HART,BOP,2025-03-24,IVANS,Declined
S-004675,Anita Campbell,120280,ALLS,WC,2025-02-25,IVANS,Bound
S-004676,Anita Campbell,120280,TRAV,WC,2025-02-11,Email,Declined
S-004677,Anita Campbell,120280,AMFA,WC,2025-02-15,Portal,Quoted
S-004678,Alexander Williams,120215,TRAV,BOP,2025-03-25,Portal,Bound
S-004679,Alexander Williams,120215,FARM,BOP,2025-02-27,Portal,Quoted
S-004680,Andrew Bass,120212,HART,Personal Auto,2025-02-19,IVANS,Bound
S-004681,Andrew Bass,120212,TRAV,Personal Auto,2025-03-13,Portal,Quoted
S-004682,Kevin Edwards,120293,ALLS,BOP,2025-02-20,IVANS,Bound
S-004683,Kevin Edwards,120293,GEIC,BOP,2025-02-11,IVANS,Quoted
S-004684,Kevin Edwards,120293,AMFA,BOP,2025-02-04,IVANS,Quoted
S-004685,Derrick Doyle,120154,GEIC,WC,2025-03-22,IVANS,Bound
S-004686,Derrick Doyle,120154,ALLS,WC,2025-03-25,Portal,Declined
S-004687,Derrick Doyle,120154,TRAV,WC,2025-02-03,IVANS,Quoted
S-004688,Todd Brown,120101,NATI,Personal Auto,2025-02-05,Portal,Bound
S-004689,Todd Brown,120101,HART,Personal Auto,2025-03-05,IVANS,Quoted
S-004690,Todd Brown,120101,TRAV,Personal Auto,2025-02-09,IVANS,Declined
S-004691,Antonio Costa,120154,GEIC,WC,2025-03-05,IVANS,Bound
S-004692,Antonio Costa,120154,CHUB,WC,2025-03-11,IVANS,Quoted
S-004693,Antonio Costa,120154,ALLS,WC,2025-02-23,Email,Declined
S-004694,Anne Hess,120236,LIBM,Personal Auto,2025-02-24,Email,Bound
S-004695,Anne Hess,120236,FARM,Personal Auto,2025-03-14,Portal,Declined
S-004696,Anne Hess,120236,AMFA,Personal Auto,2025-02-17,Email,Declined
S-004697,Anne Hess,120236,AMFA,Personal Auto,2025-02-12,Email,Quoted
S-004698,Scott Brown,120186,TRAV,Personal Auto,2025-02-17,IVANS,Bound
S-004699,Scott Brown,120186,PRGS,Personal Auto,2025-03-06,Email,Quoted
S-004700,Scott Brown,120186,ALLS,Personal Auto,2025-03-06,Email,Declined
S-004701,Amy Harris,120046,AMFA,Personal Auto,2025-03-17,Portal,Bound
S-004702,Amy Harris,120046,CHUB,Personal Auto,2025-03-02,Portal,Declined
S-004703,Paul Mitchell,120045,CHUB,Umbrella,2025-02-20,IVANS,Bound
S-004704,Paul Mitchell,120045,PRGS,Umbrella,2025-03-17,Portal,Quoted
S-004705,Terri Edwards,120163,ALLS,BOP,2025-03-12,IVANS,Bound
S-004706,Terri Edwards,120163,CHUB,BOP,2025-02-11,IVANS,Quoted
S-004707,Terri Edwards,120163,AMFA,BOP,2025-03-09,Portal,Quoted
S-004708,Terri Edwards,120163,GEIC,BOP,2025-03-16,Portal,Declined
S-004709,Robert Gonzalez,120138,LIBM,Personal Auto,2025-03-01,IVANS,Bound
S-004710,Robert Gonzalez,120138,ALLS,Personal Auto,2025-02-04,Portal,Declined
S-004711,Sandra Schmidt,120270,AMFA,Homeowners,2025-02-07,Portal,Bound
S-004712,Sandra Schmidt,120270,CHUB,Homeowners,2025-02-15,Portal,Declined
S-004713,Sandra Schmidt,120270,HART,Homeowners,2025-02-23,Portal,Declined
S-004714,Sandra Schmidt,120270,PRGS,Homeowners,2025-03-08,IVANS,Declined
S-004715,Julie Villarreal,120039,TRAV,Homeowners,2025-03-14,IVANS,Bound
S-004716,Julie Villarreal,120039,PRGS,Homeowners,2025-03-20,IVANS,Declined
S-004717,Julie Villarreal,120039,ALLS,Homeowners,2025-02-23,Email,Declined
S-004718,Julie Villarreal,120039,LIBM,Homeowners,2025-03-07,IVANS,Declined
S-004719,Pamela Fischer,120123,HART,BOP,2025-02-10,Portal,Bound
S-004720,Pamela Fischer,120123,TRAV,BOP,2025-02-13,IVANS,Declined
S-004721,Pamela Fischer,120123,GEIC,BOP,2025-02-16,Portal,Quoted
S-004722,Pamela Fischer,120123,PRGS,BOP,2025-02-06,Portal,Quoted
S-004723,Joseph Petersen,120160,HART,Homeowners,2025-02-01,IVANS,Bound
S-004724,Joseph Petersen,120160,CHUB,Homeowners,2025-03-12,Email,Quoted
S-004725,Joseph Woodward,120139,TRAV,Umbrella,2025-02-06,IVANS,Bound
S-004726,Joseph Woodward,120139,GEIC,Umbrella,2025-03-12,IVANS,Declined
S-004727,Joseph Woodward,120139,AMFA,Umbrella,2025-03-10,Portal,Declined
S-004728,Joseph Woodward,120139,PRGS,Umbrella,2025-02-20,IVANS,Quoted
S-004729,Cindy Chen,120170,TRAV,Personal Auto,2025-03-25,IVANS,Bound
S-004730,Cindy Chen,120170,AMFA,Personal Auto,2025-02-02,IVANS,Quoted
S-004731,Cindy Brown,120154,LIBM,WC,2025-03-16,Email,Bound
S-004732,Cindy Brown,120154,CHUB,WC,2025-03-18,IVANS,Quoted
S-004733,Jacob Rojas,120243,NATI,Personal Auto,2025-03-04,Portal,Bound
S-004734,Jacob Rojas,120243,CHUB,Personal Auto,2025-02-17,IVANS,Quoted
S-004735,Jacob Rojas,120243,ALLS,Personal Auto,2025-02-19,Portal,Declined
S-004736,Jacob Rojas,120243,CHUB,Personal Auto,2025-02-09,IVANS,Declined
S-004737,Carla Gray,120128,TRAV,Personal Auto,2025-03-24,Email,Bound
S-004738,Carla Gray,120128,HART,Personal Auto,2025-03-08,IVANS,Quoted
S-004739,Carla Gray,120128,AMFA,Personal Auto,2025-03-06,Portal,Declined
S-004740,Carla Gray,120128,PRGS,Personal Auto,2025-03-06,Portal,Declined
S-004741,Matthew Webb,120129,ALLS,Personal Auto,2025-02-04,IVANS,Bound
S-004742,Matthew Webb,120129,FARM,Personal Auto,2025-03-08,Portal,Quoted
S-004743,Anthony Cross,120003,TRAV,WC,2025-02-04,IVANS,Bound
S-004744,Anthony Cross,120003,LIBM,WC,2025-03-19,IVANS,Quoted
S-004745,Anthony Cross,120003,CHUB,WC,2025-02-17,Portal,Declined
S-004746,Nicole Sanchez,120034,AMFA,Homeowners,2025-03-05,Portal,Bound
S-004747,Nicole Sanchez,120034,PRGS,Homeowners,2025-03-10,Portal,Quoted
S-004748,Nicole Sanchez,120034,NATI,Homeowners,2025-02-24,IVANS,Declined
S-004749,Nicole Sanchez,120034,ALLS,Homeowners,2025-02-09,IVANS,Quoted
S-004750,Andrew Thompson,120148,HART,Homeowners,2025-02-16,Portal,Bound
S-004751,Andrew Thompson,120148,ALLS,Homeowners,2025-03-12,Portal,Quoted
S-004752,Tara Johnson,120027,LIBM,Personal Auto,2025-02-06,Portal,Bound
S-004753,Tara Johnson,120027,HART,Personal Auto,2025-03-22,Portal,Quoted
S-004754,Connie Perkins,120145,LIBM,Umbrella,2025-02-14,IVANS,Bound
S-004755,Connie Perkins,120145,FARM,Umbrella,2025-03-17,Portal,Declined
S-004756,Connie Perkins,120145,FARM,Umbrella,2025-02-15,IVANS,Quoted
S-004757,Alex Vaughn,120161,FARM,Homeowners,2025-03-25,Portal,Bound
S-004758,Alex Vaughn,120161,LIBM,Homeowners,2025-03-17,IVANS,Declined
S-004759,Alex Vaughn,120161,LIBM,Homeowners,2025-03-09,IVANS,Declined
S-004760,Christopher Carson,120008,LIBM,Umbrella,2025-02-18,Portal,Bound
S-004761,Christopher Carson,120008,NATI,Umbrella,2025-02-10,Email,Quoted
S-004762,Christopher Carson,120008,TRAV,Umbrella,2025-03-21,IVANS,Quoted
S-004763,Christopher Carson,120008,AMFA,Umbrella,2025-03-13,Email,Quoted
S-004764,Shannon Graham,120243,FARM,Personal Auto,2025-03-17,Email,Bound
S-004765,Shannon Graham,120243,HART,Personal Auto,2025-03-06,Portal,Declined
S-004766,Johnny Holt,120029,ALLS,Personal Auto,2025-02-06,Portal,Bound
S-004767,Johnny Holt,120029,NATI,Personal Auto,2025-02-11,IVANS,Declined
S-004768,Caleb Gutierrez,120273,GEIC,Personal Auto,2025-03-11,Portal,Bound
S-004769,Caleb Gutierrez,120273,TRAV,Personal Auto,2025-02-16,Portal,Quoted
S-004770,Caleb Gutierrez,120273,AMFA,Personal Auto,2025-03-21,Portal,Quoted
S-004771,Brittney Bradley,120297,PRGS,Umbrella,2025-03-13,IVANS,Bound
S-004772,Brittney Bradley,120297,FARM,Umbrella,2025-02-11,IVANS,Declined
S-004773,Brittney Bradley,120297,TRAV,Umbrella,2025-03-18,Portal,Quoted
S-004774,Katrina Wilson,120289,TRAV,Personal Auto,2025-02-24,Email,Bound
S-004775,Katrina Wilson,120289,LIBM,Personal Auto,2025-03-04,IVANS,Quoted
S-004776,Katrina Wilson,120289,CHUB,Personal Auto,2025-01-31,Portal,Declined
S-004777,Katrina Wilson,120289,FARM,Personal Auto,2025-03-23,Email,Declined
S-004778,Tonya Murphy,120101,PRGS,Umbrella,2025-02-05,IVANS,Bound
S-004779,Tonya Murphy,120101,CHUB,Umbrella,2025-02-18,IVANS,Declined
S-004780,Tonya Murphy,120101,HART,Umbrella,2025-03-18,IVANS,Declined
S-004781,Tonya Murphy,120101,CHUB,Umbrella,2025-02-18,IVANS,Quoted
S-004782,Benjamin Baker,120184,HART,Homeowners,2025-02-16,Portal,Bound
S-004783,Benjamin Baker,120184,NATI,Homeowners,2025-02-19,Portal,Declined
S-004784,Benjamin Baker,120184,NATI,Homeowners,2025-02-12,IVANS,Quoted
S-004785,Benjamin Anderson,120002,ALLS,Umbrella,2025-03-09,IVANS,Bound
S-004786,Benjamin Anderson,120002,HART,Umbrella,2025-03-20,Email,Declined
S-004787,Benjamin Anderson,120002,TRAV,Umbrella,2025-03-23,IVANS,Quoted
S-004788,Tiffany Thompson,120166,GEIC,Homeowners,2025-01-31,Email,Bound
S-004789,Tiffany Thompson,120166,TRAV,Homeowners,2025-03-24,IVANS,Quoted
S-004790,Tiffany Thompson,120166,FARM,Homeowners,2025-03-05,Portal,Declined
S-004791,Tiffany Thompson,120166,NATI,Homeowners,2025-03-13,IVANS,Declined
S-004792,Heidi Rodgers,120088,TRAV,BOP,2025-03-16,Portal,Bound
S-004793,Heidi Rodgers,120088,ALLS,BOP,2025-01-31,Portal,Quoted
S-004794,Heidi Rodgers,120088,LIBM,BOP,2025-03-07,IVANS,Declined
S-004795,Heidi Rodgers,120088,GEIC,BOP,2025-02-28,Portal,Declined
S-004796,Marie Townsend,120158,ALLS,Homeowners,2025-02-15,IVANS,Bound
S-004797,Marie Townsend,120158,CHUB,Homeowners,2025-02-16,IVANS,Declined
S-004798,Thomas Williamson,120014,HART,Homeowners,2025-02-11,Email,Bound
S-004799,Thomas Williamson,120014,AMFA,Homeowners,2025-03-12,Portal,Quoted
S-004800,Carrie Smith,120288,PRGS,Homeowners,2025-03-18,Email,Bound
S-004801,Carrie Smith,120288,ALLS,Homeowners,2025-02-09,Portal,Quoted
S-004802,Carrie Smith,120288,TRAV,Homeowners,2025-03-02,Portal,Quoted
S-004803,Carrie Smith,120288,LIBM,Homeowners,2025-03-09,Portal,Quoted
S-004804,Nicole Montoya,120061,NATI,WC,2025-02-16,IVANS,Bound
S-004805,Nicole Montoya,120061,FARM,WC,2025-02-23,IVANS,Declined
S-004806,Nicole Montoya,120061,AMFA,WC,2025-02-04,Email,Quoted
S-004807,Nicole Montoya,120061,HART,WC,2025-02-14,Portal,Quoted
S-004808,Steven Ho,120104,PRGS,Homeowners,2025-02-04,Portal,Bound
S-004809,Steven Ho,120104,AMFA,Homeowners,2025-02-09,Portal,Quoted
S-004810,Douglas Crosby,120229,HART,Personal Auto,2025-02-05,IVANS,Bound
S-004811,Douglas Crosby,120229,NATI,Personal Auto,2025-03-03,IVANS,Quoted
S-004812,Douglas Crosby,120229,NATI,Personal Auto,2025-02-19,IVANS,Quoted
S-004813,Douglas Crosby,120229,FARM,Personal Auto,2025-02-06,Portal,Quoted
S-004814,Linda Luna,120265,PRGS,WC,2025-03-22,Email,Bound
S-004815,Linda Luna,120265,FARM,WC,2025-02-19,IVANS,Declined
S-004816,Ronald Rodriguez,120205,ALLS,WC,2025-03-03,Portal,Bound
S-004817,Ronald Rodriguez,120205,CHUB,WC,2025-02-02,IVANS,Quoted
S-004818,James Reynolds,120122,ALLS,Personal Auto,2025-02-22,Portal,Bound
S-004819,James Reynolds,120122,AMFA,Personal Auto,2025-02-09,Portal,Declined
S-004820,Samantha Jimenez,120088,GEIC,Homeowners,2025-02-12,IVANS,Bound
S-004821,Samantha Jimenez,120088,LIBM,Homeowners,2025-02-25,Portal,Quoted
S-004822,Samantha Jimenez,120088,ALLS,Homeowners,2025-03-08,Portal,Quoted
S-004823,Samantha Jimenez,120088,FARM,Homeowners,2025-03-04,Portal,Quoted
S-004824,Nicole Curtis,120071,FARM,Homeowners,2025-03-17,IVANS,Bound
S-004825,Nicole Curtis,120071,LIBM,Homeowners,2025-01-31,Portal,Quoted
S-004826,Nicole Curtis,120071,CHUB,Homeowners,2025-03-21,Email,Quoted
S-004827,Nicole Curtis,120071,PRGS,Homeowners,2025-02-24,IVANS,Declined
S-004828,Jennifer Peck,120250,LIBM,Personal Auto,2025-02-06,IVANS,Bound
S-004829,Jennifer Peck,120250,TRAV,Personal Auto,2025-02-07,Portal,Declined
S-004830,Jennifer Peck,120250,GEIC,Personal Auto,2025-03-03,Email,Declined
S-004831,Jennifer Peck,120250,CHUB,Personal Auto,2025-03-08,Portal,Quoted
S-004832,Brooke Allen,120038,TRAV,BOP,2025-03-04,IVANS,Bound
S-004833,Brooke Allen,120038,PRGS,BOP,2025-02-16,IVANS,Declined
S-004834,Brooke Allen,120038,GEIC,BOP,2025-02-07,Portal,Quoted
S-004835,Hayley Morris,120208,ALLS,Personal Auto,2025-03-25,Portal,Bound
S-004836,Hayley Morris,120208,CHUB,Personal Auto,2025-03-13,Portal,Declined
S-004837,Hayley Morris,120208,NATI,Personal Auto,2025-02-10,Portal,Declined
S-004838,Hayley Morris,120208,HART,Personal Auto,2025-02-14,Portal,Quoted
S-004839,Daniel Thomas,120130,LIBM,Personal Auto,2025-02-05,Email,Bound
S-004840,Daniel Thomas,120130,TRAV,Personal Auto,2025-03-04,Portal,Quoted
S-004841,Marvin Smith,120228,PRGS,Umbrella,2025-02-06,IVANS,Bound
S-004842,Marvin Smith,120228,GEIC,Umbrella,2025-02-16,Portal,Quoted
S-004843,Marvin Smith,120228,NATI,Umbrella,2025-02-13,Portal,Declined
S-004844,Marvin Smith,120228,HART,Umbrella,2025-02-13,IVANS,Declined
S-004845,Erin Yates,120036,TRAV,Personal Auto,2025-02-06,IVANS,Bound
S-004846,Erin Yates,120036,PRGS,Personal Auto,2025-03-20,IVANS,Quoted
S-004847,Erin Yates,120036,LIBM,Personal Auto,2025-03-23,Portal,Quoted
S-004848,Jason Graham,120018,GEIC,Personal Auto,2025-03-21,IVANS,Bound
S-004849,Jason Graham,120018,TRAV,Personal Auto,2025-02-09,IVANS,Quoted
S-004850,Jason Graham,120018,CHUB,Personal Auto,2025-03-07,Portal,Quoted
S-004851,Dean Thomas,120077,NATI,Personal Auto,2025-02-20,Portal,Bound
S-004852,Dean Thomas,120077,PRGS,Personal Auto,2025-03-12,Portal,Quoted
S-004853,Frank Solis,120100,AMFA,BOP,2025-02-01,Portal,Bound
S-004854,Frank Solis,120100,ALLS,BOP,2025-02-04,IVANS,Quoted
S-004855,Frank Solis,120100,PRGS,BOP,2025-02-01,Portal,Quoted
S-004856,Frank Solis,120100,LIBM,BOP,2025-02-19,Portal,Declined
S-004857,Elizabeth Paul,120134,HART,WC,2025-02-08,Portal,Bound
S-004858,Elizabeth Paul,120134,LIBM,WC,2025-02-13,Email,Declined
S-004859,Elizabeth Paul,120134,FARM,WC,2025-02-07,Portal,Quoted
S-004860,Elizabeth Paul,120134,AMFA,WC,2025-02-24,IVANS,Declined
S-004861,Amanda Johnson,120134,ALLS,Homeowners,2025-02-08,IVANS,Bound
S-004862,Amanda Johnson,120134,HART,Homeowners,2025-02-12,IVANS,Declined
S-004863,Amanda Johnson,120134,FARM,Homeowners,2025-01-31,IVANS,Quoted
S-004864,Katherine Weaver,120000,CHUB,Homeowners,2025-03-23,IVANS,Bound
S-004865,Katherine Weaver,120000,LIBM,Homeowners,2025-03-07,Portal,Quoted
S-004866,Robert Bowman,120096,FARM,Personal Auto,2025-03-14,IVANS,Bound
S-004867,Robert Bowman,120096,TRAV,Personal Auto,2025-02-20,IVANS,Declined
S-004868,Robert Bowman,120096,TRAV,Personal Auto,2025-02-24,Email,Quoted
S-004869,Robert Bowman,120096,LIBM,Personal Auto,2025-03-14,IVANS,Quoted
S-004870,Eric Mcguire,120133,GEIC,Homeowners,2025-03-17,Email,Bound
S-004871,Eric Mcguire,120133,HART,Homeowners,2025-03-05,Portal,Declined
S-004872,Eric Mcguire,120133,HART,Homeowners,2025-02-20,Portal,Quoted
S-004873,Eric Mcguire,120133,NATI,Homeowners,2025-02-26,Email,Declined
S-004874,Bradley Swanson,120156,ALLS,Umbrella,2025-01-31,Email,Bound
S-004875,Bradley Swanson,120156,NATI,Umbrella,2025-02-20,IVANS,Declined
S-004876,Christine Andrade,120120,PRGS,Personal Auto,2025-03-16,IVANS,Bound
S-004877,Christine Andrade,120120,GEIC,Personal Auto,2025-03-25,IVANS,Declined
S-004878,Christine Andrade,120120,LIBM,Personal Auto,2025-02-17,Portal,Quoted
S-004879,Christine Andrade,120120,ALLS,Personal Auto,2025-02-14,Portal,Declined
S-004880,Wanda Lopez,120202,GEIC,Personal Auto,2025-03-25,Portal,Bound
S-004881,Wanda Lopez,120202,AMFA,Personal Auto,2025-03-10,Portal,Declined
S-004882,Wanda Lopez,120202,NATI,Personal Auto,2025-03-22,Portal,Quoted
S-004883,Wanda Lopez,120202,CHUB,Personal Auto,2025-02-21,Portal,Quoted
S-004884,Jessica Smith,120199,CHUB,Umbrella,2025-02-25,IVANS,Bound
S-004885,Jessica Smith,120199,HART,Umbrella,2025-03-02,IVANS,Declined
S-004886,Corey Wilson,120141,ALLS,Umbrella,2025-02-07,IVANS,Bound
S-004887,Corey Wilson,120141,TRAV,Umbrella,2025-02-18,IVANS,Quoted
S-004888,Corey Wilson,120141,PRGS,Umbrella,2025-03-08,Portal,Quoted
S-004889,Corey Wilson,120141,FARM,Umbrella,2025-02-26,Portal,Quoted
S-004890,Jeffery Riley,120107,TRAV,Homeowners,2025-02-13,Email,Bound
S-004891,Jeffery Riley,120107,PRGS,Homeowners,2025-02-11,Portal,Declined
S-004892,Jeffery Riley,120107,LIBM,Homeowners,2025-02-01,Portal,Quoted
S-004893,Jeffery Riley,120107,AMFA,Homeowners,2025-03-11,IVANS,Quoted
S-004894,Joanne Harrison,120159,AMFA,Homeowners,2025-02-22,Portal,Bound
S-004895,Joanne Harrison,120159,CHUB,Homeowners,2025-02-27,Portal,Declined
S-004896,Joanne Harrison,120159,ALLS,Homeowners,2025-02-21,IVANS,Quoted
S-004897,Joanne Harrison,120159,TRAV,Homeowners,2025-03-06,Portal,Quoted
S-004898,Allen Clark,120198,CHUB,WC,2025-03-22,Email,Bound
S-004899,Allen Clark,120198,AMFA,WC,2025-02-20,Portal,Quoted
S-004900,John Barry,120103,NATI,Personal Auto,2025-03-03,IVANS,Bound
S-004901,John Barry,120103,CHUB,Personal Auto,2025-02-11,Portal,Declined
S-004902,John Barry,120103,GEIC,Personal Auto,2025-03-13,Portal,Declined
S-004903,John Barry,120103,AMFA,Personal Auto,2025-02-12,IVANS,Declined
S-004904,Cynthia Morgan,120060,PRGS,Personal Auto,2025-03-10,Portal,Bound
S-004905,Cynthia Morgan,120060,NATI,Personal Auto,2025-02-09,Portal,Declined
S-004906,Cynthia Morgan,120060,TRAV,Personal Auto,2025-02-05,Email,Quoted
S-004907,Jill Lawson,120108,CHUB,BOP,2025-02-18,IVANS,Bound
S-004908,Jill Lawson,120108,TRAV,BOP,2025-02-16,IVANS,Declined
S-004909,Tamara Allen,120138,GEIC,Personal Auto,2025-03-14,IVANS,Bound
S-004910,Tamara Allen,120138,TRAV,Personal Auto,2025-02-05,Portal,Declined
S-004911,Christine Jones,120279,ALLS,BOP,2025-02-14,Portal,Bound
S-004912,Christine Jones,120279,FARM,BOP,2025-02-03,IVANS,Declined
S-004913,Christine Jones,120279,NATI,BOP,2025-02-26,IVANS,Quoted
S-004914,Christine Jones,120279,GEIC,BOP,2025-03-07,Portal,Quoted
S-004915,Jacqueline Pacheco,120194,AMFA,Homeowners,2025-03-04,IVANS,Bound
S-004916,Jacqueline Pacheco,120194,PRGS,Homeowners,2025-02-10,IVANS,Quoted
S-004917,Jacqueline Pacheco,120194,CHUB,Homeowners,2025-02-10,IVANS,Declined
S-004918,Christopher House,120048,LIBM,BOP,2025-03-16,Portal,Bound
S-004919,Christopher House,120048,NATI,BOP,2025-03-23,Email,Quoted
S-004920,Christopher House,120048,HART,BOP,2025-03-25,Portal,Quoted
S-004921,Christopher House,120048,NATI,BOP,2025-02-04,IVANS,Quoted
S-004922,Victoria Wilson,120135,FARM,Personal Auto,2025-02-15,Portal,Bound
S-004923,Victoria Wilson,120135,ALLS,Personal Auto,2025-03-21,IVANS,Quoted
S-004924,Victoria Wilson,120135,GEIC,Personal Auto,2025-03-07,Portal,Declined
S-004925,Jeremy Kirk,120166,NATI,Personal Auto,2025-03-19,Portal,Bound
S-004926,Jeremy Kirk,120166,FARM,Personal Auto,2025-02-26,Portal,Declined
S-004927,Jeremy Kirk,120166,AMFA,Personal Auto,2025-03-04,IVANS,Declined
S-004928,Jeremy Kirk,120166,CHUB,Personal Auto,2025-02-04,IVANS,Declined
S-004929,Dustin Frank,120238,NATI,Homeowners,2025-03-01,IVANS,Bound
S-004930,Dustin Frank,120238,CHUB,Homeowners,2025-02-06,Portal,Quoted
S-004931,Dustin Frank,120238,PRGS,Homeowners,2025-03-21,IVANS,Declined
S-004932,Sean Compton,120182,PRGS,Package,2025-02-03,Portal,Bound
S-004933,Sean Compton,120182,LIBM,Package,2025-02-02,IVANS,Quoted
S-004934,Sean Compton,120182,FARM,Package,2025-02-25,IVANS,Quoted
S-004935,Michael Fisher,120058,HART,Personal Auto,2025-03-10,IVANS,Bound
S-004936,Michael Fisher,120058,AMFA,Personal Auto,2025-02-11,Portal,Quoted
S-004937,Douglas Cruz,120004,TRAV,Personal Auto,2025-03-20,IVANS,Bound
S-004938,Douglas Cruz,120004,NATI,Personal Auto,2025-02-14,Email,Declined
S-004939,Douglas Cruz,120004,GEIC,Personal Auto,2025-02-02,Email,Declined
S-004940,Gina Jordan,120050,HART,BOP,2025-03-21,IVANS,Bound
S-004941,Gina Jordan,120050,ALLS,BOP,2025-03-19,IVANS,Declined
S-004942,Gina Jordan,120050,AMFA,BOP,2025-03-12,IVANS,Declined
S-004943,Gina Jordan,120050,FARM,BOP,2025-02-06,IVANS,Quoted
S-004944,Andrew Baker,120178,NATI,BOP,2025-03-18,IVANS,Bound
S-004945,Andrew Baker,120178,TRAV,BOP,2025-03-07,IVANS,Quoted
S-004946,Andrew Baker,120178,FARM,BOP,2025-02-16,Portal,Quoted
S-004947,Adam Owens,120118,GEIC,Homeowners,2025-03-12,Portal,Bound
S-004948,Adam Owens,120118,TRAV,Homeowners,2025-03-25,IVANS,Quoted
S-004949,Adam Owens,120118,ALLS,Homeowners,2025-03-03,Portal,Declined
S-004950,Brandon Santiago,120158,ALLS,Homeowners,2025-03-16,Portal,Bound
S-004951,Brandon Santiago,120158,AMFA,Homeowners,2025-02-26,IVANS,Declined
S-004952,Brandon Santiago,120158,HART,Homeowners,2025-02-02,Portal,Quoted
S-004953,Brandon Santiago,120158,NATI,Homeowners,2025-03-01,Portal,Quoted
S-004954,Devin Shaffer,120259,ALLS,BOP,2025-02-08,Portal,Bound
S-004955,Devin Shaffer,120259,CHUB,BOP,2025-03-17,IVANS,Declined
S-004956,Devin Shaffer,120259,LIBM,BOP,2025-02-27,Portal,Quoted
S-004957,Devin Shaffer,120259,PRGS,BOP,2025-02-25,Portal,Quoted
S-004958,Elaine Smith,120216,GEIC,Personal Auto,2025-02-15,IVANS,Bound
S-004959,Elaine Smith,120216,LIBM,Personal Auto,2025-03-10,IVANS,Quoted
S-004960,Elaine Smith,120216,ALLS,Personal Auto,2025-01-31,IVANS,Quoted
S-004961,Elaine Smith,120216,NATI,Personal Auto,2025-02-22,Portal,Quoted
S-004962,Scott Williams,120275,CHUB,Umbrella,2025-03-21,Portal,Bound
S-004963,Scott Williams,120275,AMFA,Umbrella,2025-02-09,Portal,Declined
S-004964,Scott Williams,120275,FARM,Umbrella,2025-02-17,IVANS,Quoted
S-004965,Scott Williams,120275,HART,Umbrella,2025-02-10,IVANS,Quoted
S-004966,Kurt Weber,120230,ALLS,WC,2025-03-14,IVANS,Bound
S-004967,Kurt Weber,120230,TRAV,WC,2025-03-18,Email,Quoted
S-004968,Kurt Weber,120230,LIBM,WC,2025-02-13,IVANS,Quoted
S-004969,Wendy Hernandez,120291,HART,Umbrella,2025-02-03,Portal,Bound
S-004970,Wendy Hernandez,120291,TRAV,Umbrella,2025-02-20,Portal,Quoted
S-004971,Wendy Hernandez,120291,FARM,Umbrella,2025-03-14,IVANS,Quoted
S-004972,Wendy Hernandez,120291,CHUB,Umbrella,2025-02-25,IVANS,Quoted
S-004973,David Newman,120133,FARM,Personal Auto,2025-03-14,Email,Bound
S-004974,David Newman,120133,AMFA,Personal Auto,2025-02-12,Email,Quoted
S-004975,David Newman,120133,PRGS,Personal Auto,2025-03-05,Portal,Declined
S-004976,Stephanie Scott,120253,PRGS,Homeowners,2025-03-03,Portal,Bound
S-004977,Stephanie Scott,120253,GEIC,Homeowners,2025-03-17,Portal,Quoted
S-004978,Stephanie Scott,120253,GEIC,Homeowners,2025-02-09,IVANS,Quoted
S-004979,Jasmine Morgan,120006,AMFA,Personal Auto,2025-02-05,IVANS,Bound
S-004980,Jasmine Morgan,120006,PRGS,Personal Auto,2025-02-25,IVANS,Declined
S-004981,Jasmine Morgan,120006,LIBM,Personal Auto,2025-03-12,Email,Quoted
S-004982,Pamela Mueller,120037,LIBM,Homeowners,2025-02-20,Portal,Bound
S-004983,Pamela Mueller,120037,GEIC,Homeowners,2025-03-22,Portal,Quoted
S-004984,Andrew Stevens,120127,ALLS,Umbrella,2025-03-03,IVANS,Bound
S-004985,Andrew Stevens,120127,FARM,Umbrella,2025-03-16,IVANS,Declined
S-004986,Andrew Stevens,120127,FARM,Umbrella,2025-02-11,Portal,Quoted
S-004987,Cynthia Ross,120133,TRAV,Personal Auto,2025-02-16,IVANS,Bound
S-004988,Cynthia Ross,120133,HART,Personal Auto,2025-03-21,Email,Quoted
S-004989,Nicholas Roberts,120097,FARM,Personal Auto,2025-02-11,IVANS,Bound
S-004990,Nicholas Roberts,120097,PRGS,Personal Auto,2025-02-19,Email,Declined
S-004991,Joel Sullivan,120011,PRGS,Homeowners,2025-02-22,IVANS,Bound
S-004992,Joel Sullivan,120011,ALLS,Homeowners,2025-03-08,Portal,Quoted
S-004993,Joel Sullivan,120011,ALLS,Homeowners,2025-02-11,Portal,Declined
S-004994,Joel Sullivan,120011,TRAV,Homeowners,2025-02-25,IVANS,Quoted
S-004995,Samantha Fox,120198,LIBM,Package,2025-03-05,IVANS,Bound
S-004996,Samantha Fox,120198,AMFA,Package,2025-03-11,IVANS,Quoted
S-004997,Travis Martinez,120012,PRGS,Personal Auto,2025-03-02,Portal,Bound
S-004998,Travis Martinez,120012,ALLS,Personal Auto,2025-03-23,Portal,Declined
S-004999,Travis Martinez,120012,TRAV,Personal Auto,2025-02-12,IVANS,Quoted
S-005000,Robert Sullivan,120193,ALLS,Umbrella,2025-03-23,IVANS,Bound
S-005001,Robert Sullivan,120193,PRGS,Umbrella,2025-02-02,IVANS,Declined
S-005002,Robert Sullivan,120193,FARM,Umbrella,2025-03-18,Email,Declined
S-005003,Robert Sullivan,120193,AMFA,Umbrella,2025-02-02,Portal,Quoted
S-005004,Debra Nelson,120030,CHUB,Homeowners,2025-03-21,Portal,Bound
S-005005,Debra Nelson,120030,AMFA,Homeowners,2025-02-20,IVANS,Quoted
S-005006,Debra Nelson,120030,LIBM,Homeowners,2025-02-13,IVANS,Declined
S-005007,Lisa Evans,120103,GEIC,Personal Auto,2025-03-01,IVANS,Bound
S-005008,Lisa Evans,120103,ALLS,Personal Auto,2025-03-22,IVANS,Quoted
S-005009,Lisa Evans,120103,LIBM,Personal Auto,2025-03-07,IVANS,Quoted
S-005010,Cory Hopkins,120063,HART,Personal Auto,2025-03-16,Portal,Bound
S-005011,Cory Hopkins,120063,AMFA,Personal Auto,2025-03-25,IVANS,Quoted
S-005012,Cory Hopkins,120063,CHUB,Personal Auto,2025-03-07,Email,Declined
S-005013,Richard Hansen,120081,PRGS,Personal Auto,2025-02-13,Portal,Bound
S-005014,Richard Hansen,120081,AMFA,Personal Auto,2025-02-02,IVANS,Declined
S-005015,Richard Hansen,120081,LIBM,Personal Auto,2025-02-12,Portal,Quoted
S-005016,Mario Meyer,120213,PRGS,Personal Auto,2025-03-11,Portal,Bound
S-005017,Mario Meyer,120213,NATI,Personal Auto,2025-03-06,Portal,Quoted
S-005018,Mario Meyer,120213,AMFA,Personal Auto,2025-02-01,IVANS,Quoted
S-005019,Mario Meyer,120213,LIBM,Personal Auto,2025-02-15,IVANS,Declined
S-005020,Kimberly Peck,120002,TRAV,Personal Auto,2025-02-01,IVANS,Bound
S-005021,Kimberly Peck,120002,ALLS,Personal Auto,2025-02-10,Portal,Quoted
S-005022,Gilbert Walsh,120252,AMFA,Umbrella,2025-02-09,IVANS,Bound
S-005023,Gilbert Walsh,120252,PRGS,Umbrella,2025-03-23,Portal,Quoted
S-005024,Jonathan Church,120105,NATI,WC,2025-03-25,Email,Bound
S-005025,Jonathan Church,120105,CHUB,WC,2025-02-26,Portal,Quoted
S-005026,Jonathan Church,120105,ALLS,WC,2025-02-11,Portal,Quoted
S-005027,Jonathan Church,120105,LIBM,WC,2025-02-10,IVANS,Declined
S-005028,Cynthia Price,120295,AMFA,Homeowners,2025-02-21,Email,Bound
S-005029,Cynthia Price,120295,NATI,Homeowners,2025-02-09,IVANS,Quoted
S-005030,Cynthia Price,120295,ALLS,Homeowners,2025-02-01,Portal,Declined
S-005031,Cynthia Price,120295,CHUB,Homeowners,2025-01-31,IVANS,Quoted
S-005032,Laura Werner,120128,TRAV,WC,2025-03-22,IVANS,Bound
S-005033,Laura Werner,120128,GEIC,WC,2025-02-21,IVANS,Declined
S-005034,Ryan Perez,120000,NATI,WC,2025-03-25,IVANS,Bound
S-005035,Ryan Perez,120000,HART,WC,2025-03-01,Portal,Quoted
S-005036,Ryan Perez,120000,LIBM,WC,2025-03-03,IVANS,Quoted
S-005037,Ryan Perez,120000,CHUB,WC,2025-02-04,Portal,Quoted
S-005038,Kimberly Arnold,120234,CHUB,Personal Auto,2025-02-15,Portal,Bound
S-005039,Kimberly Arnold,120234,GEIC,Personal Auto,2025-02-23,Portal,Quoted
S-005040,Kimberly Arnold,120234,GEIC,Personal Auto,2025-03-20,IVANS,Quoted
S-005041,Kimberly Arnold,120234,PRGS,Personal Auto,2025-02-21,Portal,Quoted
S-005042,Kathy Herman,120277,NATI,Personal Auto,2025-03-25,IVANS,Bound
S-005043,Kathy Herman,120277,HART,Personal Auto,2025-03-17,Portal,Quoted
S-005044,Kathy Herman,120277,TRAV,Personal Auto,2025-02-22,IVANS,Declined
S-005045,Kathy Herman,120277,HART,Personal Auto,2025-02-01,Portal,Quoted
S-005046,Julie Barron,120272,CHUB,BOP,2025-03-13,Portal,Bound
S-005047,Julie Barron,120272,HART,BOP,2025-03-06,IVANS,Declined
S-005048,Julie Barron,120272,AMFA,BOP,2025-02-22,Portal,Quoted
S-005049,Julie Barron,120272,LIBM,BOP,2025-02-22,Portal,Quoted
S-005050,Veronica Pena,120284,PRGS,Package,2025-03-08,Portal,Bound
S-005051,Veronica Pena,120284,HART,Package,2025-03-20,IVANS,Quoted
S-005052,Veronica Pena,120284,CHUB,Package,2025-02-06,IVANS,Quoted
S-005053,Frances Rogers,120196,TRAV,Homeowners,2025-02-18,IVANS,Bound
S-005054,Frances Rogers,120196,PRGS,Homeowners,2025-03-13,Email,Declined
S-005055,Frances Rogers,120196,AMFA,Homeowners,2025-02-16,Portal,Quoted
S-005056,Frances Rogers,120196,ALLS,Homeowners,2025-03-24,Portal,Quoted
S-005057,Joe Conrad,120282,LIBM,Personal Auto,2025-01-31,Portal,Bound
S-005058,Joe Conrad,120282,AMFA,Personal Auto,2025-02-26,Email,Quoted
S-005059,Jacob Humphrey,120127,LIBM,Umbrella,2025-03-23,Email,Bound
S-005060,Jacob Humphrey,120127,CHUB,Umbrella,2025-03-16,Portal,Quoted
S-005061,Jacob Humphrey,120127,GEIC,Umbrella,2025-03-17,Portal,Declined
S-005062,Jacob Humphrey,120127,PRGS,Umbrella,2025-03-25,Portal,Quoted
S-005063,Amber Luna,120141,PRGS,Personal Auto,2025-02-11,Portal,Bound
S-005064,Amber Luna,120141,TRAV,Personal Auto,2025-02-05,Email,Quoted
S-005065,Amber Luna,120141,LIBM,Personal Auto,2025-02-23,Portal,Declined
S-005066,Christopher Johnson,120200,GEIC,Homeowners,2025-03-12,Email,Bound
S-005067,Christopher Johnson,120200,ALLS,Homeowners,2025-03-21,IVANS,Quoted
S-005068,Christopher Johnson,120200,HART,Homeowners,2025-03-20,IVANS,Declined
S-005069,Hannah Thompson,120267,ALLS,Homeowners,2025-02-04,IVANS,Bound
S-005070,Hannah Thompson,120267,PRGS,Homeowners,2025-03-10,IVANS,Quoted
S-005071,Hannah Thompson,120267,TRAV,Homeowners,2025-03-06,Portal,Declined
S-005072,Hannah Thompson,120267,PRGS,Homeowners,2025-02-11,IVANS,Quoted
S-005073,Darin Irwin,120298,AMFA,Personal Auto,2025-02-03,IVANS,Bound
S-005074,Darin Irwin,120298,HART,Personal Auto,2025-02-10,Portal,Quoted
S-005075,Brenda Williams,120279,PRGS,Homeowners,2025-03-01,Portal,Bound
S-005076,Brenda Williams,120279,LIBM,Homeowners,2025-03-24,IVANS,Quoted
S-005077,Brenda Williams,120279,LIBM,Homeowners,2025-03-24,Portal,Declined
S-005078,Samuel Parker,120299,NATI,Umbrella,2025-02-26,IVANS,Bound
S-005079,Samuel Parker,120299,AMFA,Umbrella,2025-03-18,Portal,Declined
S-005080,Terri Taylor,120159,LIBM,BOP,2025-02-18,Portal,Bound
S-005081,Terri Taylor,120159,ALLS,BOP,2025-03-25,Email,Quoted
S-005082,Terri Taylor,120159,ALLS,BOP,2025-03-18,Portal,Quoted
S-005083,Michelle Morrison,120136,TRAV,Personal Auto,2025-03-11,IVANS,Bound
S-005084,Michelle Morrison,120136,ALLS,Personal Auto,2025-02-28,Portal,Quoted
S-005085,Heather Petty,120030,TRAV,Personal Auto,2025-02-09,Portal,Bound
S-005086,Heather Petty,120030,PRGS,Personal Auto,2025-03-10,IVANS,Declined
S-005087,Michael Jones,120290,HART,Personal Auto,2025-02-04,Portal,Bound
S-005088,Michael Jones,120290,GEIC,Personal Auto,2025-03-20,IVANS,Quoted
S-005089,Nicholas Carter,120051,CHUB,Homeowners,2025-02-14,IVANS,Bound
S-005090,Nicholas Carter,120051,AMFA,Homeowners,2025-03-23,IVANS,Quoted
S-005091,Nicholas Carter,120051,PRGS,Homeowners,2025-03-14,IVANS,Quoted
S-005092,Nicholas Carter,120051,AMFA,Homeowners,2025-03-23,IVANS,Declined
S-005093,Michael Spencer,120077,LIBM,Personal Auto,2025-03-07,IVANS,Bound
S-005094,Michael Spencer,120077,CHUB,Personal Auto,2025-02-02,Email,Quoted
S-005095,Suzanne Jefferson,120073,ALLS,Umbrella,2025-01-31,IVANS,Bound
S-005096,Suzanne Jefferson,120073,LIBM,Umbrella,2025-02-28,IVANS,Quoted
S-005097,Suzanne Jefferson,120073,PRGS,Umbrella,2025-02-08,IVANS,Quoted
S-005098,Alexander Ingram,120222,ALLS,Umbrella,2025-03-20,IVANS,Bound
S-005099,Alexander Ingram,120222,HART,Umbrella,2025-03-16,IVANS,Declined
S-005100,Alexander Ingram,120222,LIBM,Umbrella,2025-02-24,IVANS,Declined
S-005101,Alexander Ingram,120222,CHUB,Umbrella,2025-02-25,Portal,Quoted
S-005102,Hannah Garcia,120205,HART,Umbrella,2025-03-17,Portal,Bound
S-005103,Hannah Garcia,120205,ALLS,Umbrella,2025-02-09,Portal,Declined
S-005104,Hannah Garcia,120205,PRGS,Umbrella,2025-03-10,Portal,Declined
S-005105,Evan Bass,120030,NATI,Personal Auto,2025-03-19,Portal,Bound
S-005106,Evan Bass,120030,AMFA,Personal Auto,2025-03-25,Portal,Declined
S-005107,Christine Lowe,120010,LIBM,BOP,2025-02-17,Portal,Bound
S-005108,Christine Lowe,120010,CHUB,BOP,2025-03-12,IVANS,Quoted
S-005109,Marc Brown,120193,PRGS,WC,2025-02-13,IVANS,Bound
S-005110,Marc Brown,120193,AMFA,WC,2025-02-24,IVANS,Declined
S-005111,Marc Brown,120193,HART,WC,2025-03-20,IVANS,Quoted
S-005112,Debra Williams,120126,CHUB,Umbrella,2025-03-13,IVANS,Bound
S-005113,Debra Williams,120126,HART,Umbrella,2025-02-21,IVANS,Declined
S-005114,Debra Williams,120126,GEIC,Umbrella,2025-02-19,IVANS,Quoted
S-005115,Debra Williams,120126,HART,Umbrella,2025-03-04,Portal,Declined
S-005116,Antonio Martinez,120175,CHUB,WC,2025-03-16,IVANS,Bound
S-005117,Antonio Martinez,120175,FARM,WC,2025-02-16,Portal,Quoted
S-005118,Antonio Martinez,120175,PRGS,WC,2025-02-01,Portal,Declined
S-005119,Antonio Martinez,120175,GEIC,WC,2025-02-16,IVANS,Declined
S-005120,Yolanda Watts,120165,PRGS,WC,2025-03-18,Portal,Bound
S-005121,Yolanda Watts,120165,HART,WC,2025-03-22,Email,Declined
S-005122,Yolanda Watts,120165,FARM,WC,2025-02-05,IVANS,Declined
S-005123,Yolanda Watts,120165,TRAV,WC,2025-02-21,Portal,Quoted
S-005124,Lawrence Bell,120139,PRGS,BOP,2025-02-07,Portal,Bound
S-005125,Lawrence Bell,120139,CHUB,BOP,2025-03-10,IVANS,Declined
S-005126,Timothy Lewis,120130,CHUB,Homeowners,2025-03-15,Email,Bound
S-005127,Timothy Lewis,120130,NATI,Homeowners,2025-02-11,IVANS,Quoted
S-005128,Timothy Lewis,120130,FARM,Homeowners,2025-02-05,Portal,Declined
S-005129,Timothy Lewis,120130,NATI,Homeowners,2025-03-25,Portal,Quoted
S-005130,Ronald White,120157,HART,Personal Auto,2025-03-02,IVANS,Bound
S-005131,Ronald White,120157,FARM,Personal Auto,2025-03-22,Portal,Quoted
S-005132,David Campbell,120107,ALLS,WC,2025-02-11,Portal,Bound
S-005133,David Campbell,120107,CHUB,WC,2025-03-19,Portal,Declined
S-005134,Joel Carson,120270,CHUB,Personal Auto,2025-03-19,IVANS,Bound
S-005135,Joel Carson,120270,FARM,Personal Auto,2025-03-13,IVANS,Quoted
S-005136,Joel Carson,120270,PRGS,Personal Auto,2025-02-22,IVANS,Quoted
S-005137,Joel Carson,120270,FARM,Personal Auto,2025-02-11,IVANS,Quoted
S-005138,Joe Dawson,120137,PRGS,BOP,2025-02-24,Portal,Bound
S-005139,Joe Dawson,120137,TRAV,BOP,2025-03-14,IVANS,Quoted
S-005140,Joe Dawson,120137,AMFA,BOP,2025-03-05,IVANS,Quoted
S-005141,Joe Dawson,120137,ALLS,BOP,2025-02-06,Portal,Declined
S-005142,Anthony Garcia,120177,FARM,Personal Auto,2025-02-04,IVANS,Bound
S-005143,Anthony Garcia,120177,TRAV,Personal Auto,2025-02-24,Portal,Quoted
S-005144,Anthony Garcia,120177,ALLS,Personal Auto,2025-02-15,Portal,Quoted
S-005145,Anthony Garcia,120177,GEIC,Personal Auto,2025-02-16,Portal,Quoted
S-005146,Ashley Meadows,120012,PRGS,Umbrella,2025-03-16,Email,Bound
S-005147,Ashley Meadows,120012,AMFA,Umbrella,2025-03-04,IVANS,Quoted
S-005148,Ashley Meadows,120012,AMFA,Umbrella,2025-02-27,IVANS,Quoted
S-005149,Cody Schultz,120100,AMFA,Personal Auto,2025-03-04,IVANS,Bound
S-005150,Cody Schultz,120100,HART,Personal Auto,2025-02-20,IVANS,Quoted
S-005151,Cody Schultz,120100,TRAV,Personal Auto,2025-03-04,IVANS,Quoted
S-005152,Brooke Davis,120195,TRAV,Homeowners,2025-03-20,Portal,Bound
S-005153,Brooke Davis,120195,NATI,Homeowners,2025-03-20,IVANS,Quoted
S-005154,Brooke Davis,120195,AMFA,Homeowners,2025-02-01,Portal,Quoted
S-005155,Brooke Davis,120195,GEIC,Homeowners,2025-03-12,IVANS,Declined
S-005156,Joseph Watson,120090,PRGS,Personal Auto,2025-02-13,IVANS,Bound
S-005157,Joseph Watson,120090,LIBM,Personal Auto,2025-03-25,Portal,Declined
S-005158,Joseph Watson,120090,NATI,Personal Auto,2025-03-06,IVANS,Declined
S-005159,Matthew Solis,120179,TRAV,Personal Auto,2025-03-23,IVANS,Bound
S-005160,Matthew Solis,120179,GEIC,Personal Auto,2025-02-03,Portal,Quoted
S-005161,Matthew Solis,120179,CHUB,Personal Auto,2025-03-02,Portal,Quoted
S-005162,Shelly Guerrero,120151,HART,Homeowners,2025-02-27,Portal,Bound
S-005163,Shelly Guerrero,120151,NATI,Homeowners,2025-01-31,Portal,Quoted
S-005164,Shelly Guerrero,120151,FARM,Homeowners,2025-03-16,IVANS,Quoted
S-005165,Shelly Guerrero,120151,FARM,Homeowners,2025-02-03,Portal,Quoted
S-005166,Austin Baker,120097,FARM,BOP,2025-03-13,IVANS,Bound
S-005167,Austin Baker,120097,TRAV,BOP,2025-03-06,Portal,Quoted
S-005168,Austin Baker,120097,LIBM,BOP,2025-03-01,IVANS,Declined
S-005169,Austin Baker,120097,CHUB,BOP,2025-02-17,Portal,Quoted
S-005170,Valerie Gonzalez,120166,GEIC,WC,2025-03-25,Portal,Bound
S-005171,Valerie Gonzalez,120166,LIBM,WC,2025-03-23,Portal,Declined
S-005172,Valerie Gonzalez,120166,NATI,WC,2025-02-19,Email,Quoted
S-005173,Samantha Hall,120194,LIBM,Homeowners,2025-02-18,IVANS,Bound
S-005174,Samantha Hall,120194,NATI,Homeowners,2025-03-23,Portal,Quoted
S-005175,Tyler Edwards,120190,LIBM,Personal Auto,2025-03-09,Portal,Bound
S-005176,Tyler Edwards,120190,GEIC,Personal Auto,2025-03-04,IVANS,Quoted
S-005177,Kevin Taylor,120192,AMFA,Personal Auto,2025-03-18,IVANS,Bound
S-005178,Kevin Taylor,120192,TRAV,Personal Auto,2025-03-10,IVANS,Quoted
S-005179,Kevin Taylor,120192,TRAV,Personal Auto,2025-03-20,IVANS,Quoted
S-005180,Rachael Payne,120161,LIBM,Personal Auto,2025-03-17,Portal,Bound
S-005181,Rachael Payne,120161,GEIC,Personal Auto,2025-03-13,IVANS,Declined
S-005182,Rachael Payne,120161,TRAV,Personal Auto,2025-02-06,Portal,Quoted
S-005183,Andrew Pace,120148,LIBM,Personal Auto,2025-02-01,Portal,Bound
S-005184,Andrew Pace,120148,PRGS,Personal Auto,2025-02-24,Portal,Quoted
S-005185,Andrew Pace,120148,TRAV,Personal Auto,2025-03-03,Portal,Declined
S-005186,Andrew Pace,120148,FARM,Personal Auto,2025-02-16,Portal,Quoted
S-005187,Joshua Woodward,120033,GEIC,Personal Auto,2025-02-25,IVANS,Bound
S-005188,Joshua Woodward,120033,AMFA,Personal Auto,2025-02-23,Email,Quoted
S-005189,Joshua Woodward,120033,NATI,Personal Auto,2025-02-25,IVANS,Declined
S-005190,John Tanner,120064,LIBM,Personal Auto,2025-01-31,IVANS,Bound
S-005191,John Tanner,120064,FARM,Personal Auto,2025-02-05,Portal,Quoted
S-005192,John Tanner,120064,AMFA,Personal Auto,2025-03-08,IVANS,Quoted
S-005193,John Simpson,120298,NATI,Homeowners,2025-03-09,Email,Bound
S-005194,John Simpson,120298,HART,Homeowners,2025-02-09,IVANS,Declined
S-005195,John Simpson,120298,TRAV,Homeowners,2025-02-16,Portal,Declined
S-005196,Jesse Brown,120152,FARM,WC,2025-03-18,Portal,Bound
S-005197,Jesse Brown,120152,NATI,WC,2025-02-15,IVANS,Quoted
S-005198,Jesse Brown,120152,AMFA,WC,2025-03-10,IVANS,Declined
S-005199,Victoria Cruz,120243,HART,BOP,2025-02-06,IVANS,Bound
S-005200,Victoria Cruz,120243,AMFA,BOP,2025-02-28,Email,Quoted
S-005201,Victoria Cruz,120243,AMFA,BOP,2025-02-01,IVANS,Quoted
S-005202,Victoria Cruz,120243,FARM,BOP,2025-03-14,IVANS,Declined
S-005203,Holly White,120054,PRGS,BOP,2025-03-08,Portal,Bound
S-005204,Holly White,120054,ALLS,BOP,2025-02-27,IVANS,Quoted
S-005205,Holly White,120054,AMFA,BOP,2025-02-14,IVANS,Declined
S-005206,Holly White,120054,FARM,BOP,2025-02-07,Portal,Declined
S-005207,Claudia Brock,120293,PRGS,Umbrella,2025-02-14,Portal,Bound
S-005208,Claudia Brock,120293,LIBM,Umbrella,2025-03-16,IVANS,Declined
S-005209,Claudia Brock,120293,NATI,Umbrella,2025-02-05,Portal,Quoted
S-005210,Claudia Brock,120293,CHUB,Umbrella,2025-02-26,IVANS,Quoted
S-005211,Ronnie Simpson,120164,LIBM,Umbrella,2025-03-05,Portal,Bound
S-005212,Ronnie Simpson,120164,HART,Umbrella,2025-03-06,IVANS,Quoted
S-005213,Ronnie Simpson,120164,GEIC,Umbrella,2025-03-18,Portal,Quoted
S-005214,Joseph Brown,120204,CHUB,Homeowners,2025-02-23,Portal,Bound
S-005215,Joseph Brown,120204,HART,Homeowners,2025-02-18,Portal,Quoted
S-005216,Joseph Brown,120204,AMFA,Homeowners,2025-02-22,IVANS,Quoted
S-005217,Joseph Brown,120204,FARM,Homeowners,2025-03-04,IVANS,Quoted
S-005218,Jack Campbell,120207,FARM,Homeowners,2025-03-02,IVANS,Bound
S-005219,Jack Campbell,120207,GEIC,Homeowners,2025-02-28,Portal,Quoted
S-005220,Michael Barton,120172,PRGS,Package,2025-03-07,Portal,Bound
S-005221,Michael Barton,120172,LIBM,Package,2025-02-11,IVANS,Declined
S-005222,Michael Barton,120172,HART,Package,2025-02-05,IVANS,Quoted
S-005223,Gerald Jones,120252,PRGS,Personal Auto,2025-03-15,Portal,Bound
S-005224,Gerald Jones,120252,LIBM,Personal Auto,2025-02-23,Portal,Quoted
S-005225,Tonya Ewing,120260,HART,BOP,2025-02-25,Portal,Bound
S-005226,Tonya Ewing,120260,NATI,BOP,2025-02-09,Portal,Quoted
S-005227,Tonya Ewing,120260,GEIC,BOP,2025-03-02,Portal,Quoted
S-005228,Suzanne Barron,120132,TRAV,Personal Auto,2025-02-12,Portal,Bound
S-005229,Suzanne Barron,120132,LIBM,Personal Auto,2025-03-13,IVANS,Declined
S-005230,Suzanne Barron,120132,ALLS,Personal Auto,2025-03-14,IVANS,Quoted
S-005231,Suzanne Barron,120132,NATI,Personal Auto,2025-02-19,Portal,Declined
S-005232,Jared Atkinson,120123,GEIC,Package,2025-02-27,IVANS,Bound
S-005233,Jared Atkinson,120123,LIBM,Package,2025-03-25,Portal,Declined
S-005234,Cheyenne Oconnell,120291,LIBM,Personal Auto,2025-03-19,Portal,Bound
S-005235,Cheyenne Oconnell,120291,NATI,Personal Auto,2025-03-08,Portal,Quoted
S-005236,Cheyenne Oconnell,120291,NATI,Personal Auto,2025-03-14,IVANS,Quoted
S-005237,Benjamin Torres,120231,TRAV,BOP,2025-03-15,IVANS,Bound
S-005238,Benjamin Torres,120231,FARM,BOP,2025-03-05,Portal,Declined
S-005239,Benjamin Torres,120231,PRGS,BOP,2025-02-24,Portal,Quoted
S-005240,Brooke Boyd,120211,HART,WC,2025-03-12,Email,Bound
S-005241,Brooke Boyd,120211,ALLS,WC,2025-02-27,Portal,Quoted
S-005242,Joshua Wright,120267,PRGS,Homeowners,2025-03-09,IVANS,Bound
S-005243,Joshua Wright,120267,LIBM,Homeowners,2025-01-31,IVANS,Declined
S-005244,John Berry,120030,GEIC,BOP,2025-02-20,Portal,Bound
S-005245,John Berry,120030,LIBM,BOP,2025-03-08,Portal,Declined
S-005246,Michael Wilson,120205,PRGS,Personal Auto,2025-02-28,IVANS,Bound
S-005247,Michael Wilson,120205,CHUB,Personal Auto,2025-02-04,IVANS,Declined
S-005248,Michael Wilson,120205,AMFA,Personal Auto,2025-02-11,IVANS,Declined
S-005249,Michael Wilson,120205,ALLS,Personal Auto,2025-03-18,Portal,Quoted
S-005250,Ryan Lloyd,120014,GEIC,Personal Auto,2025-02-19,Portal,Bound
S-005251,Ryan Lloyd,120014,AMFA,Personal Auto,2025-03-19,IVANS,Declined
S-005252,Ryan Lloyd,120014,AMFA,Personal Auto,2025-03-20,Email,Quoted
S-005253,Richard Sandoval,120217,PRGS,BOP,2025-02-12,IVANS,Bound
S-005254,Richard Sandoval,120217,CHUB,BOP,2025-03-05,IVANS,Declined
S-005255,Kimberly Rangel,120248,GEIC,Personal Auto,2025-03-14,Email,Bound
S-005256,Kimberly Rangel,120248,CHUB,Personal Auto,2025-02-12,Portal,Declined
S-005257,Kimberly Rangel,120248,HART,Personal Auto,2025-02-01,Portal,Declined
S-005258,Sean Estrada,120081,AMFA,Umbrella,2025-02-07,Portal,Bound
S-005259,Sean Estrada,120081,ALLS,Umbrella,2025-02-23,Portal,Quoted
S-005260,Sean Estrada,120081,FARM,Umbrella,2025-02-19,IVANS,Declined
S-005261,Joshua Mendez,120019,AMFA,WC,2025-02-16,IVANS,Bound
S-005262,Joshua Mendez,120019,NATI,WC,2025-02-26,Portal,Quoted
S-005263,Joshua Mendez,120019,FARM,WC,2025-03-07,IVANS,Quoted
S-005264,Joshua Mendez,120019,PRGS,WC,2025-01-31,IVANS,Quoted
S-005265,Brandi Everett,120094,AMFA,Umbrella,2025-03-11,IVANS,Bound
S-005266,Brandi Everett,120094,LIBM,Umbrella,2025-03-21,Portal,Declined
S-005267,Brandi Everett,120094,ALLS,Umbrella,2025-02-20,Email,Quoted
S-005268,Brandi Everett,120094,ALLS,Umbrella,2025-02-12,Portal,Quoted
S-005269,Erika Smith,120283,TRAV,WC,2025-02-27,IVANS,Bound
S-005270,Erika Smith,120283,FARM,WC,2025-02-14,IVANS,Quoted
S-005271,Erika Smith,120283,AMFA,WC,2025-03-11,Portal,Quoted
S-005272,Hannah Sellers,120117,LIBM,Umbrella,2025-03-23,IVANS,Bound
S-005273,Hannah Sellers,120117,FARM,Umbrella,2025-03-21,Portal,Quoted
S-005274,Hannah Sellers,120117,PRGS,Umbrella,2025-02-02,IVANS,Declined
S-005275,Hannah Sellers,120117,NATI,Umbrella,2025-02-06,IVANS,Quoted
S-005276,Karen Miller,120137,PRGS,BOP,2025-03-22,IVANS,Bound
S-005277,Karen Miller,120137,LIBM,BOP,2025-03-03,Portal,Declined
S-005278,Karen Miller,120137,AMFA,BOP,2025-02-09,IVANS,Quoted
S-005279,Karen Miller,120137,LIBM,BOP,2025-02-10,Portal,Quoted
S-005280,Kenneth Smith,120136,ALLS,Personal Auto,2025-03-23,IVANS,Bound
S-005281,Kenneth Smith,120136,CHUB,Personal Auto,2025-03-14,IVANS,Declined
S-005282,Kenneth Smith,120136,NATI,Personal Auto,2025-02-22,IVANS,Quoted
S-005283,Kari Christensen,120097,PRGS,Personal Auto,2025-02-25,Portal,Bound
S-005284,Kari Christensen,120097,NATI,Personal Auto,2025-02-08,Email,Quoted
S-005285,Kari Christensen,120097,TRAV,Personal Auto,2025-02-07,Portal,Quoted
S-005286,Kari Christensen,120097,AMFA,Personal Auto,2025-02-15,IVANS,Declined
S-005287,Brittany Garcia,120214,TRAV,Homeowners,2025-03-25,IVANS,Bound
S-005288,Brittany Garcia,120214,CHUB,Homeowners,2025-02-17,Email,Quoted
S-005289,Sean Cooper,120015,TRAV,WC,2025-02-09,IVANS,Bound
S-005290,Sean Cooper,120015,HART,WC,2025-03-02,Portal,Declined
S-005291,Sean Cooper,120015,CHUB,WC,2025-02-27,Portal,Declined
S-005292,Sean Cooper,120015,FARM,WC,2025-02-16,Portal,Declined
S-005293,Jennifer Stark,120066,TRAV,Personal Auto,2025-03-01,Portal,Bound
S-005294,Jennifer Stark,120066,PRGS,Personal Auto,2025-03-17,Portal,Declined
S-005295,Paul Fisher,120128,AMFA,WC,2025-02-02,IVANS,Bound
S-005296,Paul Fisher,120128,TRAV,WC,2025-03-23,Portal,Quoted
S-005297,Steven Maddox,120004,TRAV,Personal Auto,2025-03-02,Portal,Bound
S-005298,Steven Maddox,120004,GEIC,Personal Auto,2025-02-06,Portal,Quoted
S-005299,Steven Maddox,120004,NATI,Personal Auto,2025-03-14,Portal,Quoted
S-005300,Brandon Newman,120017,LIBM,Package,2025-02-14,Portal,Bound
S-005301,Brandon Newman,120017,HART,Package,2025-02-26,Email,Quoted
S-005302,Samuel Murphy,120230,PRGS,Personal Auto,2025-03-20,Portal,Bound
S-005303,Samuel Murphy,120230,HART,Personal Auto,2025-03-16,IVANS,Quoted
S-005304,Samuel Murphy,120230,NATI,Personal Auto,2025-03-16,IVANS,Quoted
S-005305,Allison Dixon,120032,TRAV,Homeowners,2025-02-16,IVANS,Bound
S-005306,Allison Dixon,120032,NATI,Homeowners,2025-02-18,Portal,Quoted
S-005307,Allison Dixon,120032,NATI,Homeowners,2025-02-20,IVANS,Quoted
S-005308,Allison Dixon,120032,FARM,Homeowners,2025-03-03,IVANS,Quoted
S-005309,Katrina Berry,120227,HART,WC,2025-03-16,IVANS,Bound
S-005310,Katrina Berry,120227,NATI,WC,2025-03-02,Portal,Quoted
S-005311,Katrina Berry,120227,PRGS,WC,2025-02-07,Portal,Quoted
S-005312,Kent Dougherty,120267,CHUB,Personal Auto,2025-03-04,IVANS,Bound
S-005313,Kent Dougherty,120267,ALLS,Personal Auto,2025-02-18,IVANS,Quoted
S-005314,Kent Dougherty,120267,FARM,Personal Auto,2025-02-13,IVANS,Declined
S-005315,Kent Dougherty,120267,LIBM,Personal Auto,2025-03-09,Portal,Declined
S-005316,Gregory Gordon,120007,ALLS,Personal Auto,2025-03-16,Portal,Bound
S-005317,Gregory Gordon,120007,LIBM,Personal Auto,2025-02-28,IVANS,Quoted
S-005318,Gregory Gordon,120007,GEIC,Personal Auto,2025-02-04,IVANS,Quoted
S-005319,Gregory Gordon,120007,CHUB,Personal Auto,2025-03-04,Portal,Declined
S-005320,David Johns,120001,AMFA,Personal Auto,2025-02-03,IVANS,Bound
S-005321,David Johns,120001,TRAV,Personal Auto,2025-02-09,IVANS,Declined
S-005322,David Johns,120001,PRGS,Personal Auto,2025-03-22,Portal,Quoted
S-005323,Anthony Thompson,120036,LIBM,Personal Auto,2025-02-13,IVANS,Bound
S-005324,Anthony Thompson,120036,NATI,Personal Auto,2025-02-07,Email,Declined
S-005325,Anthony Thompson,120036,HART,Personal Auto,2025-02-02,Portal,Declined
S-005326,Anthony Thompson,120036,HART,Personal Auto,2025-03-14,Email,Quoted
S-005327,William Nelson,120034,TRAV,Umbrella,2025-03-17,IVANS,Bound
S-005328,William Nelson,120034,NATI,Umbrella,2025-03-08,IVANS,Quoted
S-005329,William Nelson,120034,HART,Umbrella,2025-03-19,Portal,Quoted
S-005330,Debbie Goodman,120283,PRGS,Package,2025-02-23,Portal,Bound
S-005331,Debbie Goodman,120283,ALLS,Package,2025-02-18,IVANS,Declined
S-005332,Debbie Goodman,120283,TRAV,Package,2025-03-19,IVANS,Declined
S-005333,Kelli Bennett,120190,ALLS,BOP,2025-02-24,Portal,Bound
S-005334,Kelli Bennett,120190,LIBM,BOP,2025-03-13,Portal,Quoted
S-005335,Courtney Gray,120292,TRAV,Personal Auto,2025-02-17,Portal,Bound
S-005336,Courtney Gray,120292,LIBM,Personal Auto,2025-02-20,Portal,Quoted
S-005337,Courtney Gray,120292,GEIC,Personal Auto,2025-02-10,IVANS,Declined
S-005338,Joseph Martinez,120173,PRGS,Personal Auto,2025-03-17,Portal,Bound
S-005339,Joseph Martinez,120173,GEIC,Personal Auto,2025-03-17,Portal,Declined
S-005340,Joseph Martinez,120173,TRAV,Personal Auto,2025-03-15,Portal,Declined
S-005341,Joseph Martinez,120173,LIBM,Personal Auto,2025-03-10,Portal,Quoted
S-005342,Russell Harris,120197,CHUB,Homeowners,2025-02-14,IVANS,Bound
S-005343,Russell Harris,120197,PRGS,Homeowners,2025-02-04,Email,Quoted
S-005344,Russell Harris,120197,FARM,Homeowners,2025-02-03,Portal,Quoted
S-005345,David Hanna,120058,PRGS,Personal Auto,2025-03-25,Email,Bound
S-005346,David Hanna,120058,ALLS,Personal Auto,2025-03-25,IVANS,Quoted
S-005347,David Hanna,120058,LIBM,Personal Auto,2025-03-16,IVANS,Quoted
S-005348,Timothy Atkinson,120239,HART,WC,2025-03-03,Portal,Bound
S-005349,Timothy Atkinson,120239,AMFA,WC,2025-03-25,Email,Declined
S-005350,Bradley Smith,120008,HART,Personal Auto,2025-03-03,Email,Bound
S-005351,Bradley Smith,120008,PRGS,Personal Auto,2025-03-22,IVANS,Declined
S-005352,Ashley Stewart,120170,LIBM,Package,2025-02-28,IVANS,Bound
S-005353,Ashley Stewart,120170,FARM,Package,2025-03-21,Portal,Quoted
S-005354,Susan Banks,120058,LIBM,Personal Auto,2025-03-05,IVANS,Bound
S-005355,Susan Banks,120058,AMFA,Personal Auto,2025-03-11,Portal,Declined
S-005356,Susan Banks,120058,PRGS,Personal Auto,2025-02-11,IVANS,Quoted
S-005357,Dustin Grant,120065,HART,Homeowners,2025-03-02,Portal,Bound
S-005358,Dustin Grant,120065,NATI,Homeowners,2025-02-12,IVANS,Quoted
S-005359,Dustin Grant,120065,LIBM,Homeowners,2025-03-11,IVANS,Quoted
S-005360,Dustin Grant,120065,ALLS,Homeowners,2025-02-03,IVANS,Quoted
S-005361,Mark Harper,120040,NATI,Personal Auto,2025-02-17,Portal,Bound
S-005362,Mark Harper,120040,TRAV,Personal Auto,2025-02-23,IVANS,Quoted
S-005363,Mark Harper,120040,GEIC,Personal Auto,2025-03-22,Portal,Quoted
S-005364,Jamie Brown,120083,ALLS,Umbrella,2025-03-03,IVANS,Bound
S-005365,Jamie Brown,120083,NATI,Umbrella,2025-03-17,IVANS,Quoted
S-005366,Jamie Brown,120083,TRAV,Umbrella,2025-02-13,IVANS,Quoted
S-005367,Jamie Brown,120083,GEIC,Umbrella,2025-02-28,Email,Declined
S-005368,Emily Murphy,120058,GEIC,BOP,2025-02-02,IVANS,Bound
S-005369,Emily Murphy,120058,HART,BOP,2025-03-12,Portal,Declined
S-005370,Emily Murphy,120058,FARM,BOP,2025-01-31,Email,Quoted
S-005371,Emily Murphy,120058,TRAV,BOP,2025-02-09,Email,Quoted
S-005372,Timothy Anderson,120260,HART,Personal Auto,2025-03-17,Portal,Bound
S-005373,Timothy Anderson,120260,PRGS,Personal Auto,2025-02-07,Portal,Quoted
S-005374,Timothy Anderson,120260,NATI,Personal Auto,2025-02-26,IVANS,Quoted
S-005375,Courtney Mendoza,120196,CHUB,Umbrella,2025-02-23,IVANS,Bound
S-005376,Courtney Mendoza,120196,GEIC,Umbrella,2025-03-04,Portal,Quoted
S-005377,Andrew Robinson,120252,ALLS,Personal Auto,2025-02-28,IVANS,Bound
S-005378,Andrew Robinson,120252,GEIC,Personal Auto,2025-02-02,Portal,Declined
S-005379,Andrew Robinson,120252,TRAV,Personal Auto,2025-03-02,IVANS,Quoted
S-005380,Cathy Patrick,120225,LIBM,Homeowners,2025-03-04,IVANS,Bound
S-005381,Cathy Patrick,120225,TRAV,Homeowners,2025-02-02,Email,Quoted
S-005382,Cathy Patrick,120225,FARM,Homeowners,2025-03-20,IVANS,Declined
S-005383,Cathy Patrick,120225,ALLS,Homeowners,2025-03-21,IVANS,Quoted
S-005384,Brian Scott,120147,CHUB,Personal Auto,2025-03-16,Portal,Bound
S-005385,Brian Scott,120147,HART,Personal Auto,2025-02-16,IVANS,Declined
S-005386,Brian Scott,120147,GEIC,Personal Auto,2025-02-15,Portal,Declined
S-005387,Brian Scott,120147,NATI,Personal Auto,2025-02-05,Portal,Declined
S-005388,Janice Hopkins,120183,LIBM,Homeowners,2025-03-20,Portal,Bound
S-005389,Janice Hopkins,120183,AMFA,Homeowners,2025-03-19,IVANS,Quoted
S-005390,Janice Hopkins,120183,ALLS,Homeowners,2025-02-04,Portal,Quoted
S-005391,Janice Hopkins,120183,CHUB,Homeowners,2025-02-10,IVANS,Quoted
S-005392,Jonathan West,120011,GEIC,Personal Auto,2025-03-06,Portal,Bound
S-005393,Jonathan West,120011,FARM,Personal Auto,2025-02-16,Portal,Quoted
S-005394,Jonathan West,120011,FARM,Personal Auto,2025-02-22,Portal,Declined
S-005395,Natasha Houston,120142,ALLS,WC,2025-02-11,Portal,Bound
S-005396,Natasha Houston,120142,GEIC,WC,2025-02-26,IVANS,Quoted
S-005397,Ryan Gonzalez,120202,PRGS,BOP,2025-02-03,IVANS,Bound
S-005398,Ryan Gonzalez,120202,NATI,BOP,2025-02-18,IVANS,Quoted
S-005399,Christopher Phillips,120291,ALLS,BOP,2025-01-31,IVANS,Bound
S-005400,Christopher Phillips,120291,FARM,BOP,2025-02-15,IVANS,Declined
S-005401,Keith Brooks,120271,GEIC,Personal Auto,2025-02-24,IVANS,Bound
S-005402,Keith Brooks,120271,PRGS,Personal Auto,2025-02-26,IVANS,Declined
S-005403,Kristina Davis,120262,AMFA,Personal Auto,2025-03-04,IVANS,Bound
S-005404,Kristina Davis,120262,TRAV,Personal Auto,2025-03-14,Portal,Quoted
S-005405,Mary Washington,120174,PRGS,Personal Auto,2025-03-22,IVANS,Bound
S-005406,Mary Washington,120174,LIBM,Personal Auto,2025-03-25,IVANS,Quoted
S-005407,Mary Washington,120174,ALLS,Personal Auto,2025-02-22,IVANS,Quoted
S-005408,Megan Richardson,120044,GEIC,Homeowners,2025-03-22,Portal,Bound
S-005409,Megan Richardson,120044,AMFA,Homeowners,2025-02-16,IVANS,Quoted
S-005410,Megan Richardson,120044,ALLS,Homeowners,2025-03-25,IVANS,Quoted
S-005411,Megan Richardson,120044,TRAV,Homeowners,2025-03-06,IVANS,Quoted
S-005412,Alex Lowe,120209,AMFA,Homeowners,2025-02-01,Portal,Bound
S-005413,Alex Lowe,120209,NATI,Homeowners,2025-03-02,Email,Quoted
S-005414,Alex Lowe,120209,TRAV,Homeowners,2025-03-10,Portal,Quoted
S-005415,Alex Lowe,120209,CHUB,Homeowners,2025-03-23,IVANS,Declined
S-005416,Jose Hansen,120155,ALLS,Personal Auto,2025-02-26,IVANS,Bound
S-005417,Jose Hansen,120155,TRAV,Personal Auto,2025-03-14,Portal,Quoted
S-005418,Jose Hansen,120155,TRAV,Personal Auto,2025-02-09,Portal,Quoted
S-005419,Michaela Torres,120041,LIBM,Umbrella,2025-02-28,Portal,Bound
S-005420,Michaela Torres,120041,FARM,Umbrella,2025-02-27,IVANS,Declined
S-005421,Renee Mitchell,120085,ALLS,BOP,2025-03-18,Portal,Bound
S-005422,Renee Mitchell,120085,AMFA,BOP,2025-02-24,Portal,Quoted
S-005423,Renee Mitchell,120085,NATI,BOP,2025-03-01,IVANS,Declined
S-005424,Renee Mitchell,120085,NATI,BOP,2025-03-15,IVANS,Declined
S-005425,Brandon Mayer,120193,LIBM,Personal Auto,2025-02-07,Email,Bound
S-005426,Brandon Mayer,120193,FARM,Personal Auto,2025-03-25,Email,Quoted
S-005427,Brandon Mayer,120193,NATI,Personal Auto,2025-03-02,IVANS,Quoted
S-005428,Rebecca Tucker,120263,GEIC,Homeowners,2025-03-14,IVANS,Bound
S-005429,Rebecca Tucker,120263,FARM,Homeowners,2025-02-17,Email,Quoted
S-005430,Rebecca Tucker,120263,TRAV,Homeowners,2025-02-05,Portal,Quoted
S-005431,Rebecca Tucker,120263,FARM,Homeowners,2025-03-07,Email,Quoted
S-005432,Michael Ford,120103,HART,Personal Auto,2025-03-08,Portal,Bound
S-005433,Michael Ford,120103,LIBM,Personal Auto,2025-02-28,Portal,Declined
S-005434,Michael Ford,120103,LIBM,Personal Auto,2025-03-08,Portal,Declined
S-005435,Michael Ford,120103,PRGS,Personal Auto,2025-02-01,IVANS,Quoted
S-005436,Franklin Williams,120004,ALLS,BOP,2025-02-22,Portal,Bound
S-005437,Franklin Williams,120004,FARM,BOP,2025-02-25,Email,Quoted
S-005438,Paul Fisher,120266,TRAV,Personal Auto,2025-02-03,Portal,Bound
S-005439,Paul Fisher,120266,FARM,Personal Auto,2025-03-12,Portal,Quoted
S-005440,Paul Fisher,120266,ALLS,Personal Auto,2025-03-23,IVANS,Declined
S-005441,Brian Schneider,120140,ALLS,WC,2025-02-13,Portal,Bound
S-005442,Brian Schneider,120140,LIBM,WC,2025-03-06,Portal,Declined
S-005443,Joseph Taylor,120024,PRGS,BOP,2025-02-03,Portal,Bound
S-005444,Joseph Taylor,120024,FARM,BOP,2025-03-13,Portal,Quoted
S-005445,Derek Harris,120218,LIBM,BOP,2025-03-13,IVANS,Bound
S-005446,Derek Harris,120218,NATI,BOP,2025-02-28,Portal,Quoted
S-005447,Michelle Williams,120017,GEIC,Personal Auto,2025-03-06,Portal,Bound
S-005448,Michelle Williams,120017,FARM,Personal Auto,2025-02-20,IVANS,Declined
S-005449,Michelle Hoover,120135,PRGS,Personal Auto,2025-02-19,Portal,Bound
S-005450,Michelle Hoover,120135,CHUB,Personal Auto,2025-02-27,Portal,Quoted
S-005451,Michelle Hoover,120135,TRAV,Personal Auto,2025-03-06,IVANS,Quoted
S-005452,Raven Garcia,120272,PRGS,Package,2025-03-17,Portal,Bound
S-005453,Raven Garcia,120272,ALLS,Package,2025-03-20,Portal,Declined
S-005454,Raven Garcia,120272,ALLS,Package,2025-02-16,Portal,Quoted
S-005455,Robert Mora,120031,GEIC,Homeowners,2025-03-23,Portal,Bound
S-005456,Robert Mora,120031,ALLS,Homeowners,2025-02-08,Portal,Declined
S-005457,Robert Mora,120031,ALLS,Homeowners,2025-03-09,IVANS,Quoted
S-005458,Adam Jones,120091,CHUB,BOP,2025-02-18,IVANS,Bound
S-005459,Adam Jones,120091,ALLS,BOP,2025-02-12,Email,Quoted
S-005460,Adam Jones,120091,FARM,BOP,2025-02-09,Portal,Quoted
S-005461,Megan Clark,120159,AMFA,Umbrella,2025-02-14,Portal,Bound
S-005462,Megan Clark,120159,NATI,Umbrella,2025-03-10,Portal,Quoted
S-005463,Megan Clark,120159,ALLS,Umbrella,2025-03-14,IVANS,Declined
S-005464,Julie Howard,120097,TRAV,Personal Auto,2025-03-07,Portal,Bound
S-005465,Julie Howard,120097,ALLS,Personal Auto,2025-02-16,Email,Quoted
S-005466,Julie Howard,120097,ALLS,Personal Auto,2025-03-14,IVANS,Quoted
S-005467,Julie Howard,120097,NATI,Personal Auto,2025-02-01,IVANS,Quoted
S-005468,Cody Brady,120252,TRAV,Personal Auto,2025-03-25,Email,Bound
S-005469,Cody Brady,120252,CHUB,Personal Auto,2025-02-10,Email,Quoted
S-005470,Cody Brady,120252,PRGS,Personal Auto,2025-03-04,IVANS,Quoted
S-005471,Taylor Moses,120044,NATI,Homeowners,2025-03-15,Portal,Bound
S-005472,Taylor Moses,120044,ALLS,Homeowners,2025-03-13,Portal,Declined
S-005473,Cole Miller,120015,ALLS,Homeowners,2025-02-20,IVANS,Bound
S-005474,Cole Miller,120015,HART,Homeowners,2025-03-06,IVANS,Quoted
S-005475,Cole Miller,120015,HART,Homeowners,2025-03-15,IVANS,Declined
S-005476,Jeffrey Moss,120136,LIBM,Personal Auto,2025-02-14,Portal,Bound
S-005477,Jeffrey Moss,120136,NATI,Personal Auto,2025-03-22,Email,Quoted
S-005478,Jeffrey Moss,120136,TRAV,Personal Auto,2025-03-03,Portal,Quoted
S-005479,Jeffrey Moss,120136,FARM,Personal Auto,2025-02-06,IVANS,Quoted
S-005480,Whitney Stewart,120230,LIBM,Personal Auto,2025-02-13,IVANS,Bound
S-005481,Whitney Stewart,120230,FARM,Personal Auto,2025-03-06,Email,Declined
S-005482,Whitney Stewart,120230,PRGS,Personal Auto,2025-02-26,IVANS,Declined
S-005483,Mark Brown,120139,NATI,Homeowners,2025-02-26,Portal,Bound
S-005484,Mark Brown,120139,LIBM,Homeowners,2025-01-31,Portal,Quoted
S-005485,Nicholas Swanson,120245,PRGS,BOP,2025-03-18,Portal,Bound
S-005486,Nicholas Swanson,120245,TRAV,BOP,2025-03-08,IVANS,Declined
S-005487,Nicholas Swanson,120245,ALLS,BOP,2025-02-13,Portal,Declined
S-005488,Nicholas Swanson,120245,FARM,BOP,2025-03-07,Portal,Quoted
S-005489,Donald Guzman,120065,AMFA,Personal Auto,2025-03-13,Portal,Bound
S-005490,Donald Guzman,120065,PRGS,Personal Auto,2025-02-21,IVANS,Quoted
S-005491,Cory Tucker,120278,AMFA,Personal Auto,2025-02-21,IVANS,Bound
S-005492,Cory Tucker,120278,ALLS,Personal Auto,2025-02-23,Portal,Quoted
S-005493,Cory Tucker,120278,FARM,Personal Auto,2025-02-07,Portal,Declined
S-005494,Cory Tucker,120278,TRAV,Personal Auto,2025-03-23,IVANS,Quoted
S-005495,Scott Lane,120023,GEIC,Personal Auto,2025-02-19,IVANS,Bound
S-005496,Scott Lane,120023,AMFA,Personal Auto,2025-02-27,IVANS,Quoted
S-005497,Jason Moore,120043,TRAV,Personal Auto,2025-03-01,Email,Bound
S-005498,Jason Moore,120043,HART,Personal Auto,2025-03-12,IVANS,Quoted
S-005499,Maria Thomas,120090,ALLS,Package,2025-03-01,IVANS,Bound
S-005500,Maria Thomas,120090,FARM,Package,2025-03-20,Email,Quoted
S-005501,Kelsey Wyatt,120298,CHUB,Personal Auto,2025-02-12,Portal,Bound
S-005502,Kelsey Wyatt,120298,ALLS,Personal Auto,2025-02-10,Portal,Quoted
S-005503,Brian Hill,120208,LIBM,Homeowners,2025-01-31,IVANS,Bound
S-005504,Brian Hill,120208,HART,Homeowners,2025-02-01,Portal,Declined
S-005505,Brian Hill,120208,TRAV,Homeowners,2025-02-24,IVANS,Declined
S-005506,Brian Hill,120208,HART,Homeowners,2025-02-08,Portal,Declined
S-005507,Alexa Rhodes,120175,PRGS,Umbrella,2025-02-19,IVANS,Bound
S-005508,Alexa Rhodes,120175,AMFA,Umbrella,2025-03-02,IVANS,Quoted
S-005509,Alexa Rhodes,120175,NATI,Umbrella,2025-02-19,IVANS,Declined
S-005510,Alexa Rhodes,120175,GEIC,Umbrella,2025-03-25,Portal,Quoted
S-005511,Anna Reed,120235,GEIC,Personal Auto,2025-03-22,Portal,Bound
S-005512,Anna Reed,120235,PRGS,Personal Auto,2025-03-18,IVANS,Quoted
S-005513,Anna Reed,120235,AMFA,Personal Auto,2025-02-04,Portal,Declined
S-005514,Anna Reed,120235,ALLS,Personal Auto,2025-02-07,IVANS,Quoted
S-005515,Daniel Thomas,120175,GEIC,Homeowners,2025-03-11,Portal,Bound
S-005516,Daniel Thomas,120175,PRGS,Homeowners,2025-02-22,IVANS,Quoted
S-005517,Daniel Thomas,120175,AMFA,Homeowners,2025-03-13,Email,Declined
S-005518,Christian Woodward,120013,PRGS,Personal Auto,2025-03-02,IVANS,Bound
S-005519,Christian Woodward,120013,AMFA,Personal Auto,2025-02-14,IVANS,Quoted
S-005520,Christian Woodward,120013,AMFA,Personal Auto,2025-02-16,Portal,Quoted
S-005521,Christian Woodward,120013,CHUB,Personal Auto,2025-03-21,IVANS,Quoted
S-005522,Jocelyn Robinson,120033,AMFA,Homeowners,2025-03-10,Portal,Bound
S-005523,Jocelyn Robinson,120033,LIBM,Homeowners,2025-03-13,IVANS,Declined
S-005524,Sarah Franco,120248,GEIC,Homeowners,2025-03-22,IVANS,Bound
S-005525,Sarah Franco,120248,LIBM,Homeowners,2025-03-04,IVANS,Quoted
S-005526,Sarah Franco,120248,LIBM,Homeowners,2025-03-11,IVANS,Declined
S-005527,Sarah Franco,120248,NATI,Homeowners,2025-02-22,IVANS,Quoted
S-005528,Nicole Blackburn,120016,FARM,Personal Auto,2025-03-18,IVANS,Bound
S-005529,Nicole Blackburn,120016,ALLS,Personal Auto,2025-02-01,Portal,Quoted
S-005530,Nicole Blackburn,120016,GEIC,Personal Auto,2025-03-01,IVANS,Quoted
S-005531,Brittany Rivera,120144,NATI,Personal Auto,2025-03-15,IVANS,Bound
S-005532,Brittany Rivera,120144,LIBM,Personal Auto,2025-03-03,Portal,Quoted
S-005533,Brittany Rivera,120144,PRGS,Personal Auto,2025-03-16,IVANS,Quoted
S-005534,Hannah Waters,120077,PRGS,WC,2025-02-04,IVANS,Bound
S-005535,Hannah Waters,120077,ALLS,WC,2025-02-02,Portal,Declined
S-005536,Hannah Waters,120077,ALLS,WC,2025-02-11,Portal,Declined
S-005537,Hannah Waters,120077,LIBM,WC,2025-02-27,Email,Declined
S-005538,Emily Henry,120081,TRAV,Personal Auto,2025-02-05,IVANS,Bound
S-005539,Emily Henry,120081,PRGS,Personal Auto,2025-03-02,Email,Quoted
S-005540,Emily Henry,120081,PRGS,Personal Auto,2025-03-06,Portal,Quoted
S-005541,Lisa Novak,120234,TRAV,Package,2025-03-06,Portal,Bound
S-005542,Lisa Novak,120234,CHUB,Package,2025-02-11,IVANS,Quoted
S-005543,Kristin Reid,120165,LIBM,Homeowners,2025-03-15,Portal,Bound
S-005544,Kristin Reid,120165,PRGS,Homeowners,2025-02-02,Portal,Declined
S-005545,Kristin Reid,120165,HART,Homeowners,2025-02-10,IVANS,Declined
S-005546,Robert Harris,120178,LIBM,Personal Auto,2025-02-22,Portal,Bound
S-005547,Robert Harris,120178,NATI,Personal Auto,2025-02-15,IVANS,Quoted
S-005548,Robert Harris,120178,TRAV,Personal Auto,2025-03-18,Portal,Declined
S-005549,Robert Harris,120178,NATI,Personal Auto,2025-02-04,IVANS,Quoted
S-005550,Courtney Daniel,120204,AMFA,Homeowners,2025-03-09,Portal,Bound
S-005551,Courtney Daniel,120204,CHUB,Homeowners,2025-03-09,Portal,Quoted
S-005552,Devin Lee,120138,TRAV,Personal Auto,2025-03-11,Portal,Bound
S-005553,Devin Lee,120138,ALLS,Personal Auto,2025-03-20,IVANS,Declined
S-005554,Devin Lee,120138,CHUB,Personal Auto,2025-02-05,IVANS,Quoted
S-005555,Molly Farmer,120111,GEIC,Homeowners,2025-02-14,Email,Bound
S-005556,Molly Farmer,120111,LIBM,Homeowners,2025-03-09,IVANS,Declined
S-005557,Molly Farmer,120111,ALLS,Homeowners,2025-03-09,IVANS,Declined
S-005558,Molly Farmer,120111,LIBM,Homeowners,2025-02-19,Email,Quoted
S-005559,Samantha Thompson,120047,FARM,Homeowners,2025-02-09,IVANS,Bound
S-005560,Samantha Thompson,120047,PRGS,Homeowners,2025-03-16,Portal,Declined
S-005561,Samantha Thompson,120047,TRAV,Homeowners,2025-03-17,IVANS,Quoted
S-005562,Brandi Kane,120154,ALLS,Homeowners,2025-02-23,Email,Bound
S-005563,Brandi Kane,120154,PRGS,Homeowners,2025-03-22,IVANS,Declined
S-005564,Brandi Kane,120154,AMFA,Homeowners,2025-03-02,Portal,Quoted
S-005565,Thomas Perez,120131,GEIC,WC,2025-03-20,Portal,Bound
S-005566,Thomas Perez,120131,PRGS,WC,2025-03-14,IVANS,Declined
S-005567,Thomas Perez,120131,FARM,WC,2025-02-23,Portal,Quoted
S-005568,Thomas Perez,120131,AMFA,WC,2025-03-13,Email,Quoted
S-005569,Daniel Barnes,120168,LIBM,BOP,2025-02-27,IVANS,Bound
S-005570,Daniel Barnes,120168,ALLS,BOP,2025-03-02,Portal,Quoted
S-005571,Alyssa Martinez,120289,PRGS,BOP,2025-03-19,Portal,Bound
S-005572,Alyssa Martinez,120289,TRAV,BOP,2025-03-10,IVANS,Quoted
S-005573,Alyssa Martinez,120289,FARM,BOP,2025-03-22,Portal,Quoted
S-005574,Alyssa Martinez,120289,CHUB,BOP,2025-02-26,IVANS,Quoted
S-005575,Donna Perez,120284,AMFA,Homeowners,2025-02-10,Portal,Bound
S-005576,Donna Perez,120284,ALLS,Homeowners,2025-03-23,Portal,Quoted
S-005577,Christine Dunn,120096,CHUB,Umbrella,2025-02-21,Portal,Bound
S-005578,Christine Dunn,120096,FARM,Umbrella,2025-03-05,IVANS,Quoted
S-005579,Christine Dunn,120096,LIBM,Umbrella,2025-02-27,IVANS,Quoted
S-005580,Sherry Parks,120291,LIBM,Homeowners,2025-02-17,IVANS,Bound
S-005581,Sherry Parks,120291,CHUB,Homeowners,2025-02-11,Portal,Quoted
S-005582,Marcus Coleman,120238,NATI,BOP,2025-03-08,IVANS,Bound
S-005583,Marcus Coleman,120238,FARM,BOP,2025-02-06,IVANS,Declined
S-005584,Marcus Coleman,120238,LIBM,BOP,2025-02-17,IVANS,Quoted
S-005585,Raymond Kelly,120194,GEIC,Personal Auto,2025-02-24,Portal,Bound
S-005586,Raymond Kelly,120194,CHUB,Personal Auto,2025-02-27,Portal,Quoted
S-005587,Raymond Kelly,120194,ALLS,Personal Auto,2025-02-17,Email,Quoted
S-005588,David Perez,120096,HART,Umbrella,2025-03-07,IVANS,Bound
S-005589,David Perez,120096,CHUB,Umbrella,2025-02-05,IVANS,Declined
S-005590,David Perez,120096,LIBM,Umbrella,2025-02-22,Email,Declined
S-005591,Adam Martinez,120270,ALLS,WC,2025-03-09,Portal,Bound
S-005592,Adam Martinez,120270,CHUB,WC,2025-02-25,IVANS,Declined
S-005593,Ann Davis,120150,CHUB,Personal Auto,2025-02-01,Portal,Bound
S-005594,Ann Davis,120150,LIBM,Personal Auto,2025-02-28,IVANS,Quoted
S-005595,Nicole Rodriguez,120203,GEIC,Personal Auto,2025-02-25,Email,Bound
S-005596,Nicole Rodriguez,120203,FARM,Personal Auto,2025-02-22,IVANS,Declined
S-005597,Nicole Rodriguez,120203,NATI,Personal Auto,2025-02-26,Email,Quoted
S-005598,Jonathan Ward,120126,CHUB,BOP,2025-02-07,IVANS,Bound
S-005599,Jonathan Ward,120126,HART,BOP,2025-02-22,Portal,Declined
S-005600,Crystal Jones,120168,ALLS,Personal Auto,2025-02-15,IVANS,Bound
S-005601,Crystal Jones,120168,HART,Personal Auto,2025-02-15,IVANS,Quoted
S-005602,Crystal Jones,120168,CHUB,Personal Auto,2025-03-06,Portal,Quoted
S-005603,Tyler Munoz,120219,CHUB,Personal Auto,2025-02-27,Portal,Bound
S-005604,Tyler Munoz,120219,HART,Personal Auto,2025-03-24,Portal,Declined
S-005605,Tyler Munoz,120219,NATI,Personal Auto,2025-02-17,Portal,Declined
S-005606,Caleb Stewart,120095,HART,Umbrella,2025-02-25,IVANS,Bound
S-005607,Caleb Stewart,120095,CHUB,Umbrella,2025-03-15,Portal,Quoted
S-005608,Caleb Stewart,120095,TRAV,Umbrella,2025-03-21,IVANS,Quoted
S-005609,Caleb Stewart,120095,CHUB,Umbrella,2025-02-03,IVANS,Declined
S-005610,Erin Davis,120252,PRGS,Homeowners,2025-02-12,Portal,Bound
S-005611,Erin Davis,120252,LIBM,Homeowners,2025-03-06,Portal,Quoted
S-005612,Maria Little,120208,HART,Homeowners,2025-02-02,Portal,Bound
S-005613,Maria Little,120208,TRAV,Homeowners,2025-03-01,IVANS,Declined
S-005614,Maria Little,120208,FARM,Homeowners,2025-02-27,IVANS,Declined
S-005615,Maria Little,120208,CHUB,Homeowners,2025-03-08,IVANS,Quoted
S-005616,Jessica Sullivan,120110,TRAV,Homeowners,2025-02-24,IVANS,Bound
S-005617,Jessica Sullivan,120110,LIBM,Homeowners,2025-02-22,IVANS,Quoted
S-005618,Jessica Sullivan,120110,LIBM,Homeowners,2025-02-13,Portal,Declined
S-005619,Jessica Sullivan,120110,ALLS,Homeowners,2025-02-05,IVANS,Declined
S-005620,Corey Nelson,120156,AMFA,Homeowners,2025-03-05,Portal,Bound
S-005621,Corey Nelson,120156,ALLS,Homeowners,2025-03-22,Portal,Declined
S-005622,Melissa Strong,120009,ALLS,WC,2025-03-20,IVANS,Bound
S-005623,Melissa Strong,120009,TRAV,WC,2025-03-04,Portal,Quoted
S-005624,Melissa Strong,120009,CHUB,WC,2025-02-03,IVANS,Declined
S-005625,Melissa Strong,120009,HART,WC,2025-03-03,Portal,Quoted
S-005626,Maria Reyes,120135,CHUB,BOP,2025-02-02,IVANS,Bound
S-005627,Maria Reyes,120135,ALLS,BOP,2025-02-28,IVANS,Declined
S-005628,Maria Reyes,120135,HART,BOP,2025-02-27,IVANS,Quoted
S-005629,Maria Reyes,120135,ALLS,BOP,2025-03-18,Portal,Declined
S-005630,Christopher Hernandez,120089,AMFA,Package,2025-03-06,Email,Bound
S-005631,Christopher Hernandez,120089,GEIC,Package,2025-03-09,Portal,Quoted
S-005632,Christopher Hernandez,120089,HART,Package,2025-03-07,Portal,Quoted
S-005633,Christopher Hernandez,120089,PRGS,Package,2025-03-23,IVANS,Declined
S-005634,Summer Ferguson,120126,PRGS,Umbrella,2025-02-10,IVANS,Bound
S-005635,Summer Ferguson,120126,HART,Umbrella,2025-02-16,IVANS,Quoted
S-005636,Summer Ferguson,120126,GEIC,Umbrella,2025-02-08,Portal,Declined
S-005637,Kimberly Anthony,120041,NATI,Homeowners,2025-02-21,Portal,Bound
S-005638,Kimberly Anthony,120041,LIBM,Homeowners,2025-02-12,Portal,Quoted
S-005639,Kimberly Anthony,120041,GEIC,Homeowners,2025-03-19,Portal,Quoted
S-005640,Deborah Allen,120234,PRGS,Homeowners,2025-02-27,Portal,Bound
S-005641,Deborah Allen,120234,TRAV,Homeowners,2025-01-31,Portal,Declined
S-005642,Deborah Allen,120234,CHUB,Homeowners,2025-02-23,IVANS,Declined
S-005643,Deborah Allen,120234,HART,Homeowners,2025-02-09,Email,Quoted
S-005644,Alicia Landry,120152,HART,BOP,2025-03-18,IVANS,Bound
S-005645,Alicia Landry,120152,CHUB,BOP,2025-02-16,IVANS,Declined
S-005646,Alicia Landry,120152,AMFA,BOP,2025-02-01,Portal,Declined
S-005647,Daniel Phillips,120080,HART,Homeowners,2025-02-07,IVANS,Bound
S-005648,Daniel Phillips,120080,PRGS,Homeowners,2025-03-10,Portal,Quoted
S-005649,David Gonzalez,120015,ALLS,Personal Auto,2025-03-11,IVANS,Bound
S-005650,David Gonzalez,120015,CHUB,Personal Auto,2025-01-31,Portal,Declined
S-005651,David Gonzalez,120015,CHUB,Personal Auto,2025-02-14,IVANS,Quoted
S-005652,David Gonzalez,120015,GEIC,Personal Auto,2025-03-12,Portal,Quoted
S-005653,Jordan Hernandez,120121,PRGS,WC,2025-02-05,Portal,Bound
S-005654,Jordan Hernandez,120121,FARM,WC,2025-02-14,Portal,Quoted
S-005655,Jordan Hernandez,120121,NATI,WC,2025-03-10,IVANS,Declined
S-005656,Jordan Hernandez,120121,LIBM,WC,2025-02-27,Portal,Quoted
S-005657,Cynthia Taylor,120028,PRGS,Personal Auto,2025-02-27,Portal,Bound
S-005658,Cynthia Taylor,120028,LIBM,Personal Auto,2025-02-18,IVANS,Declined
S-005659,Cynthia Taylor,120028,GEIC,Personal Auto,2025-02-05,IVANS,Quoted
S-005660,Sara Monroe,120001,GEIC,Personal Auto,2025-02-14,IVANS,Bound
S-005661,Sara Monroe,120001,TRAV,Personal Auto,2025-02-22,IVANS,Quoted
S-005662,Sara Monroe,120001,AMFA,Personal Auto,2025-02-08,Portal,Quoted
S-005663,Sara Monroe,120001,AMFA,Personal Auto,2025-03-02,IVANS,Declined
S-005664,John Barnett,120154,GEIC,Homeowners,2025-02-01,IVANS,Bound
S-005665,John Barnett,120154,PRGS,Homeowners,2025-03-15,Portal,Quoted
S-005666,John Barnett,120154,ALLS,Homeowners,2025-02-03,Email,Declined
S-005667,John Barnett,120154,FARM,Homeowners,2025-02-08,IVANS,Quoted
S-005668,Devin Graham,120092,ALLS,Homeowners,2025-03-13,Portal,Bound
S-005669,Devin Graham,120092,HART,Homeowners,2025-03-06,Portal,Declined
S-005670,Devin Graham,120092,CHUB,Homeowners,2025-02-19,IVANS,Quoted
S-005671,Devin Graham,120092,NATI,Homeowners,2025-03-08,Portal,Declined
S-005672,Tamara Sloan,120232,HART,Homeowners,2025-02-22,Portal,Bound
S-005673,Tamara Sloan,120232,PRGS,Homeowners,2025-02-08,Portal,Quoted
S-005674,Tamara Sloan,120232,TRAV,Homeowners,2025-03-13,IVANS,Quoted
S-005675,Tamara Sloan,120232,NATI,Homeowners,2025-02-11,Email,Declined
S-005676,Hunter Johnson,120086,LIBM,Umbrella,2025-03-15,Portal,Bound
S-005677,Hunter Johnson,120086,AMFA,Umbrella,2025-02-02,Portal,Declined
S-005678,Hunter Johnson,120086,GEIC,Umbrella,2025-03-10,Portal,Quoted
S-005679,John Medina,120199,GEIC,Homeowners,2025-02-01,IVANS,Bound
S-005680,John Medina,120199,NATI,Homeowners,2025-03-08,IVANS,Declined
S-005681,Daniel Butler,120265,LIBM,Homeowners,2025-03-13,Portal,Bound
S-005682,Daniel Butler,120265,GEIC,Homeowners,2025-02-13,Portal,Declined
S-005683,Daniel Butler,120265,NATI,Homeowners,2025-02-02,Portal,Declined
S-005684,Michael Shaw,120243,FARM,BOP,2025-03-23,IVANS,Bound
S-005685,Michael Shaw,120243,AMFA,BOP,2025-02-16,Portal,Quoted
S-005686,Nathaniel Mcdonald,120275,PRGS,WC,2025-03-04,Portal,Bound
S-005687,Nathaniel Mcdonald,120275,AMFA,WC,2025-02-04,Email,Quoted
S-005688,Erin Daniels,120010,PRGS,BOP,2025-02-27,IVANS,Bound
S-005689,Erin Daniels,120010,GEIC,BOP,2025-03-06,IVANS,Quoted
S-005690,Erin Daniels,120010,NATI,BOP,2025-03-14,IVANS,Quoted
S-005691,Erin Daniels,120010,TRAV,BOP,2025-02-21,IVANS,Declined
S-005692,Adam Diaz,120279,TRAV,Personal Auto,2025-02-06,IVANS,Bound
S-005693,Adam Diaz,120279,LIBM,Personal Auto,2025-02-03,IVANS,Quoted
S-005694,Patricia Brooks,120214,ALLS,BOP,2025-02-21,Portal,Bound
S-005695,Patricia Brooks,120214,CHUB,BOP,2025-03-24,IVANS,Quoted
S-005696,Patricia Brooks,120214,FARM,BOP,2025-03-14,IVANS,Quoted
S-005697,Patricia Brooks,120214,FARM,BOP,2025-02-14,Email,Quoted
S-005698,Charles Richards,120011,PRGS,Umbrella,2025-02-13,IVANS,Bound
S-005699,Charles Richards,120011,GEIC,Umbrella,2025-02-26,IVANS,Quoted
S-005700,Charles Richards,120011,LIBM,Umbrella,2025-02-24,IVANS,Quoted
S-005701,Andrew Wilson,120133,TRAV,Personal Auto,2025-02-11,Portal,Bound
S-005702,Andrew Wilson,120133,NATI,Personal Auto,2025-02-28,IVANS,Quoted
S-005703,Andrew Wilson,120133,GEIC,Personal Auto,2025-02-13,IVANS,Quoted
S-005704,Andrew Wilson,120133,LIBM,Personal Auto,2025-03-04,IVANS,Quoted
S-005705,Brian Benton,120064,LIBM,WC,2025-02-27,Portal,Bound
S-005706,Brian Benton,120064,PRGS,WC,2025-03-17,IVANS,Declined
S-005707,Brian Benton,120064,ALLS,WC,2025-02-23,IVANS,Declined
S-005708,Michael Diaz,120128,TRAV,Homeowners,2025-02-02,IVANS,Bound
S-005709,Michael Diaz,120128,CHUB,Homeowners,2025-03-04,Portal,Declined
S-005710,Lisa Santos,120148,CHUB,Homeowners,2025-02-26,IVANS,Bound
S-005711,Lisa Santos,120148,NATI,Homeowners,2025-02-15,Email,Quoted
S-005712,Lisa Santos,120148,ALLS,Homeowners,2025-03-05,IVANS,Declined
S-005713,Lisa Santos,120148,ALLS,Homeowners,2025-03-04,Portal,Quoted
S-005714,Thomas Hill,120279,FARM,Umbrella,2025-02-08,Portal,Bound
S-005715,Thomas Hill,120279,ALLS,Umbrella,2025-02-03,IVANS,Declined
S-005716,Colleen Levy,120038,GEIC,Personal Auto,2025-03-09,Portal,Bound
S-005717,Colleen Levy,120038,AMFA,Personal Auto,2025-03-25,Portal,Quoted
S-005718,Colleen Levy,120038,LIBM,Personal Auto,2025-02-14,Portal,Declined
S-005719,Colleen Levy,120038,FARM,Personal Auto,2025-03-20,IVANS,Declined
S-005720,David Hubbard,120216,PRGS,Homeowners,2025-02-04,IVANS,Bound
S-005721,David Hubbard,120216,HART,Homeowners,2025-02-26,IVANS,Quoted
S-005722,David Hubbard,120216,GEIC,Homeowners,2025-02-07,Portal,Quoted
S-005723,Laura Robinson,120149,HART,Homeowners,2025-02-13,Portal,Bound
S-005724,Laura Robinson,120149,AMFA,Homeowners,2025-02-20,Portal,Declined
S-005725,Veronica Perez,120242,HART,BOP,2025-03-02,Email,Bound
S-005726,Veronica Perez,120242,CHUB,BOP,2025-03-17,Email,Quoted
S-005727,Veronica Perez,120242,GEIC,BOP,2025-02-15,IVANS,Quoted
S-005728,Veronica Perez,120242,AMFA,BOP,2025-02-17,IVANS,Declined
S-005729,Larry Thomas,120029,AMFA,Umbrella,2025-02-10,Portal,Bound
S-005730,Larry Thomas,120029,LIBM,Umbrella,2025-02-22,Portal,Quoted
S-005731,Larry Thomas,120029,TRAV,Umbrella,2025-03-10,IVANS,Quoted
S-005732,James Vance,120062,GEIC,Homeowners,2025-02-16,IVANS,Bound
S-005733,James Vance,120062,HART,Homeowners,2025-02-09,Portal,Quoted
S-005734,Jesus Braun,120223,CHUB,Personal Auto,2025-02-28,IVANS,Bound
S-005735,Jesus Braun,120223,HART,Personal Auto,2025-02-02,Portal,Quoted
S-005736,Jesus Braun,120223,HART,Personal Auto,2025-03-10,IVANS,Quoted
S-005737,Jesus Braun,120223,HART,Personal Auto,2025-03-19,Portal,Declined
S-005738,Ryan Jones,120215,ALLS,Personal Auto,2025-03-14,IVANS,Bound
S-005739,Ryan Jones,120215,LIBM,Personal Auto,2025-02-19,Portal,Quoted
S-005740,Ryan Jones,120215,CHUB,Personal Auto,2025-02-28,IVANS,Quoted
S-005741,Ryan Jones,120215,TRAV,Personal Auto,2025-02-20,Portal,Quoted
S-005742,Steven Christensen,120033,GEIC,WC,2025-03-14,IVANS,Bound
S-005743,Steven Christensen,120033,PRGS,WC,2025-02-07,Portal,Quoted
S-005744,Steven Christensen,120033,LIBM,WC,2025-03-21,IVANS,Quoted
S-005745,Jeremy Eaton,120131,GEIC,Personal Auto,2025-02-03,Portal,Bound
S-005746,Jeremy Eaton,120131,CHUB,Personal Auto,2025-02-09,Portal,Quoted
S-005747,Jeremy Eaton,120131,ALLS,Personal Auto,2025-02-03,IVANS,Declined
S-005748,Jeremy Eaton,120131,CHUB,Personal Auto,2025-02-13,IVANS,Declined
S-005749,Daniel Lopez,120214,PRGS,Homeowners,2025-02-03,Portal,Bound
S-005750,Daniel Lopez,120214,CHUB,Homeowners,2025-02-26,IVANS,Quoted
S-005751,Daniel Lopez,120214,AMFA,Homeowners,2025-02-03,IVANS,Quoted
S-005752,Daniel Lopez,120214,CHUB,Homeowners,2025-03-15,IVANS,Quoted
S-005753,Jason Mayer,120090,CHUB,Homeowners,2025-03-10,Portal,Bound
S-005754,Jason Mayer,120090,ALLS,Homeowners,2025-03-03,Portal,Quoted
S-005755,Michael Robinson,120015,PRGS,Personal Auto,2025-03-03,IVANS,Bound
S-005756,Michael Robinson,120015,TRAV,Personal Auto,2025-02-03,IVANS,Quoted
S-005757,Michael Robinson,120015,LIBM,Personal Auto,2025-02-21,IVANS,Declined
S-005758,Michael Robinson,120015,LIBM,Personal Auto,2025-02-16,IVANS,Declined
S-005759,William Marquez,120249,GEIC,Homeowners,2025-02-26,IVANS,Bound
S-005760,William Marquez,120249,NATI,Homeowners,2025-03-23,IVANS,Quoted
S-005761,Collin Freeman,120213,ALLS,Personal Auto,2025-02-23,Portal,Bound
S-005762,Collin Freeman,120213,TRAV,Personal Auto,2025-03-17,Email,Quoted
S-005763,Collin Freeman,120213,GEIC,Personal Auto,2025-03-11,Email,Quoted
S-005764,Debra Ruiz,120214,NATI,Umbrella,2025-02-20,Portal,Bound
S-005765,Debra Ruiz,120214,FARM,Umbrella,2025-02-10,IVANS,Declined
S-005766,Debra Ruiz,120214,LIBM,Umbrella,2025-03-17,Portal,Quoted
S-005767,David Gonzalez,120215,FARM,Personal Auto,2025-02-27,Portal,Bound
S-005768,David Gonzalez,120215,PRGS,Personal Auto,2025-02-18,Portal,Quoted
S-005769,David Gonzalez,120215,LIBM,Personal Auto,2025-02-12,IVANS,Quoted
S-005770,Jonathan Gonzalez,120117,FARM,Homeowners,2025-03-15,IVANS,Bound
S-005771,Jonathan Gonzalez,120117,TRAV,Homeowners,2025-02-22,Portal,Quoted
S-005772,Jonathan Gonzalez,120117,GEIC,Homeowners,2025-03-13,Portal,Declined
S-005773,Gary Edwards,120034,FARM,Personal Auto,2025-02-18,IVANS,Bound
S-005774,Gary Edwards,120034,GEIC,Personal Auto,2025-02-03,Portal,Quoted
S-005775,Gary Edwards,120034,AMFA,Personal Auto,2025-03-06,Email,Declined
S-005776,Dennis Lee,120210,ALLS,Package,2025-03-13,IVANS,Bound
S-005777,Dennis Lee,120210,CHUB,Package,2025-02-09,IVANS,Declined
S-005778,Dennis Lee,120210,NATI,Package,2025-02-20,Email,Declined
S-005779,Dennis Lee,120210,CHUB,Package,2025-02-13,Portal,Declined
S-005780,Carl Hill,120203,FARM,BOP,2025-02-13,IVANS,Bound
S-005781,Carl Hill,120203,ALLS,BOP,2025-02-04,IVANS,Declined
S-005782,William Kemp,120008,ALLS,Personal Auto,2025-02-18,Email,Bound
S-005783,William Kemp,120008,TRAV,Personal Auto,2025-02-09,Portal,Quoted
S-005784,William Kemp,120008,NATI,Personal Auto,2025-03-09,Portal,Quoted
S-005785,Jamie Smith,120034,GEIC,Homeowners,2025-02-24,Portal,Bound
S-005786,Jamie Smith,120034,HART,Homeowners,2025-03-23,Portal,Declined
S-005787,Jamie Smith,120034,FARM,Homeowners,2025-02-03,IVANS,Quoted
S-005788,Jamie Smith,120034,ALLS,Homeowners,2025-02-17,Portal,Quoted
S-005789,Melissa Fisher,120000,HART,WC,2025-02-17,Portal,Bound
S-005790,Melissa Fisher,120000,PRGS,WC,2025-02-06,Email,Declined
S-005791,Melissa Fisher,120000,CHUB,WC,2025-02-05,IVANS,Quoted
S-005792,Melissa Fisher,120000,PRGS,WC,2025-02-25,Portal,Quoted
S-005793,Lisa Farley,120203,ALLS,BOP,2025-03-03,Portal,Bound
S-005794,Lisa Farley,120203,AMFA,BOP,2025-03-14,IVANS,Declined
S-005795,Lisa Farley,120203,PRGS,BOP,2025-03-08,IVANS,Declined
S-005796,Lisa Farley,120203,FARM,BOP,2025-03-12,IVANS,Declined
S-005797,Kevin Ochoa,120192,TRAV,Umbrella,2025-03-14,IVANS,Bound
S-005798,Kevin Ochoa,120192,HART,Umbrella,2025-02-03,Portal,Quoted
S-005799,Kevin Ochoa,120192,CHUB,Umbrella,2025-03-23,Portal,Quoted
S-005800,Kevin Ochoa,120192,ALLS,Umbrella,2025-02-21,Portal,Declined
S-005801,Maria Powell,120191,TRAV,Homeowners,2025-02-14,Portal,Bound
S-005802,Maria Powell,120191,LIBM,Homeowners,2025-02-21,IVANS,Declined
S-005803,Maria Powell,120191,LIBM,Homeowners,2025-02-22,IVANS,Declined
S-005804,Monica Clark,120254,HART,BOP,2025-02-10,IVANS,Bound
S-005805,Monica Clark,120254,TRAV,BOP,2025-02-07,IVANS,Quoted
S-005806,Monica Clark,120254,GEIC,BOP,2025-03-17,Portal,Declined
S-005807,Monica Clark,120254,NATI,BOP,2025-02-12,IVANS,Quoted
S-005808,Roberto Farmer,120185,GEIC,Homeowners,2025-03-02,IVANS,Bound
S-005809,Roberto Farmer,120185,CHUB,Homeowners,2025-02-18,Portal,Quoted
S-005810,Roberto Farmer,120185,ALLS,Homeowners,2025-03-12,IVANS,Declined
S-005811,Jill Tanner,120186,AMFA,Homeowners,2025-03-12,IVANS,Bound
S-005812,Jill Tanner,120186,NATI,Homeowners,2025-02-16,IVANS,Quoted
S-005813,Briana Kennedy,120042,AMFA,Homeowners,2025-02-01,Portal,Bound
S-005814,Briana Kennedy,120042,PRGS,Homeowners,2025-03-17,Portal,Quoted
S-005815,Briana Kennedy,120042,NATI,Homeowners,2025-02-27,IVANS,Quoted
S-005816,Penny Reed,120269,HART,Homeowners,2025-01-31,IVANS,Bound
S-005817,Penny Reed,120269,AMFA,Homeowners,2025-02-20,IVANS,Quoted
S-005818,Penny Reed,120269,GEIC,Homeowners,2025-02-17,Portal,Quoted
S-005819,Penny Reed,120269,FARM,Homeowners,2025-02-01,Portal,Quoted
S-005820,Susan James,120099,TRAV,Personal Auto,2025-02-17,Portal,Bound
S-005821,Susan James,120099,FARM,Personal Auto,2025-02-23,IVANS,Declined
S-005822,Susan James,120099,ALLS,Personal Auto,2025-03-03,Email,Quoted
S-005823,James Lane,120136,ALLS,Personal Auto,2025-02-20,IVANS,Bound
S-005824,James Lane,120136,FARM,Personal Auto,2025-02-11,Email,Quoted
S-005825,Jerry Green,120219,ALLS,Homeowners,2025-02-10,IVANS,Bound
S-005826,Jerry Green,120219,GEIC,Homeowners,2025-02-17,Portal,Quoted
S-005827,Jerry Green,120219,FARM,Homeowners,2025-02-25,Email,Quoted
S-005828,Jerry Green,120219,AMFA,Homeowners,2025-02-26,IVANS,Quoted
S-005829,Matthew Cuevas,120114,AMFA,Homeowners,2025-02-07,IVANS,Bound
S-005830,Matthew Cuevas,120114,ALLS,Homeowners,2025-02-11,IVANS,Quoted
S-005831,Joshua Brown,120023,FARM,Umbrella,2025-02-22,IVANS,Bound
S-005832,Joshua Brown,120023,GEIC,Umbrella,2025-03-07,IVANS,Quoted
S-005833,Joshua Brown,120023,TRAV,Umbrella,2025-02-11,IVANS,Declined
S-005834,Joshua Brown,120023,HART,Umbrella,2025-03-22,Portal,Declined
S-005835,Yvette Allen,120290,TRAV,BOP,2025-02-28,IVANS,Bound
S-005836,Yvette Allen,120290,CHUB,BOP,2025-02-05,Portal,Quoted
S-005837,Yvette Allen,120290,FARM,BOP,2025-02-08,IVANS,Quoted
S-005838,Yvette Allen,120290,HART,BOP,2025-02-24,IVANS,Quoted
S-005839,Elizabeth Rodriguez,120028,PRGS,BOP,2025-02-25,Portal,Bound
S-005840,Elizabeth Rodriguez,120028,HART,BOP,2025-03-11,IVANS,Declined
S-005841,Kelly Roberts,120275,TRAV,BOP,2025-03-16,Portal,Bound
S-005842,Kelly Roberts,120275,GEIC,BOP,2025-03-01,IVANS,Quoted
S-005843,Kelly Roberts,120275,ALLS,BOP,2025-03-15,IVANS,Quoted
S-005844,Kelly Roberts,120275,FARM,BOP,2025-02-17,IVANS,Quoted
S-005845,Ann Greene,120239,ALLS,Personal Auto,2025-02-02,IVANS,Bound
S-005846,Ann Greene,120239,PRGS,Personal Auto,2025-01-31,Email,Declined
S-005847,Ann Greene,120239,TRAV,Personal Auto,2025-02-27,Email,Quoted
S-005848,Ann Greene,120239,AMFA,Personal Auto,2025-03-17,Portal,Quoted
S-005849,Dustin Ray,120138,TRAV,Umbrella,2025-03-02,IVANS,Bound
S-005850,Dustin Ray,120138,CHUB,Umbrella,2025-03-03,IVANS,Quoted
S-005851,Dustin Ray,120138,ALLS,Umbrella,2025-03-03,IVANS,Quoted
S-005852,Chelsea Sellers,120044,CHUB,Personal Auto,2025-03-09,IVANS,Bound
S-005853,Chelsea Sellers,120044,PRGS,Personal Auto,2025-03-24,Portal,Declined
S-005854,Chelsea Sellers,120044,GEIC,Personal Auto,2025-02-09,Portal,Declined
S-005855,Chelsea Sellers,120044,FARM,Personal Auto,2025-03-07,IVANS,Declined
S-005856,Angela Holden,120050,ALLS,Homeowners,2025-02-20,IVANS,Bound
S-005857,Angela Holden,120050,AMFA,Homeowners,2025-03-01,IVANS,Declined
S-005858,Angela Holden,120050,NATI,Homeowners,2025-03-04,Email,Declined
S-005859,Angela Holden,120050,TRAV,Homeowners,2025-03-08,Portal,Quoted
S-005860,Ann Jackson,120020,LIBM,Personal Auto,2025-03-15,IVANS,Bound
S-005861,Ann Jackson,120020,CHUB,Personal Auto,2025-02-07,Portal,Quoted
S-005862,Ann Jackson,120020,CHUB,Personal Auto,2025-02-22,IVANS,Declined
S-005863,Scott Davis,120000,GEIC,Homeowners,2025-03-19,Portal,Bound
S-005864,Scott Davis,120000,CHUB,Homeowners,2025-02-09,IVANS,Declined
S-005865,Scott Davis,120000,HART,Homeowners,2025-02-19,Email,Quoted
S-005866,Scott Davis,120000,HART,Homeowners,2025-02-06,Portal,Quoted
S-005867,Rhonda Hickman,120111,TRAV,Homeowners,2025-03-01,Email,Bound
S-005868,Rhonda Hickman,120111,ALLS,Homeowners,2025-03-02,IVANS,Quoted
S-005869,Rhonda Hickman,120111,NATI,Homeowners,2025-03-12,Portal,Quoted
S-005870,Krystal Wilkinson,120044,CHUB,Personal Auto,2025-02-09,Portal,Bound
S-005871,Krystal Wilkinson,120044,LIBM,Personal Auto,2025-03-23,IVANS,Declined
S-005872,Krystal Wilkinson,120044,NATI,Personal Auto,2025-03-08,Portal,Quoted
S-005873,Krystal Wilkinson,120044,PRGS,Personal Auto,2025-03-03,IVANS,Quoted
S-005874,Sarah Rodriguez,120118,FARM,Personal Auto,2025-03-16,Email,Bound
S-005875,Sarah Rodriguez,120118,ALLS,Personal Auto,2025-03-10,IVANS,Quoted
S-005876,Amanda Webb,120265,TRAV,Umbrella,2025-02-13,IVANS,Bound
S-005877,Amanda Webb,120265,CHUB,Umbrella,2025-03-06,IVANS,Declined
S-005878,Amanda Webb,120265,LIBM,Umbrella,2025-03-08,Portal,Declined
S-005879,Margaret Willis,120276,GEIC,Personal Auto,2025-02-27,IVANS,Bound
S-005880,Margaret Willis,120276,HART,Personal Auto,2025-03-12,Portal,Quoted
S-005881,Margaret Willis,120276,ALLS,Personal Auto,2025-02-13,IVANS,Quoted
S-005882,Margaret Willis,120276,NATI,Personal Auto,2025-03-17,IVANS,Quoted
S-005883,Sherry Rogers,120276,LIBM,WC,2025-03-15,IVANS,Bound
S-005884,Sherry Rogers,120276,ALLS,WC,2025-03-09,IVANS,Quoted
S-005885,Sherry Rogers,120276,NATI,WC,2025-02-15,IVANS,Quoted
S-005886,Martha Hensley,120211,HART,Umbrella,2025-02-12,Portal,Bound
S-005887,Martha Hensley,120211,GEIC,Umbrella,2025-03-21,IVANS,Quoted
S-005888,Stephen Peterson,120093,PRGS,Personal Auto,2025-03-22,Portal,Bound
S-005889,Stephen Peterson,120093,HART,Personal Auto,2025-03-14,IVANS,Quoted
S-005890,Raymond King,120292,HART,Personal Auto,2025-03-02,IVANS,Bound
S-005891,Raymond King,120292,ALLS,Personal Auto,2025-03-17,Portal,Quoted
S-005892,Raymond King,120292,ALLS,Personal Auto,2025-02-21,IVANS,Quoted
S-005893,Raymond King,120292,CHUB,Personal Auto,2025-02-22,IVANS,Declined
S-005894,Michael Collins,120110,GEIC,Homeowners,2025-03-05,Email,Bound
S-005895,Michael Collins,120110,LIBM,Homeowners,2025-02-15,Portal,Quoted
S-005896,Michael Collins,120110,PRGS,Homeowners,2025-02-06,Portal,Quoted
S-005897,Michael Collins,120110,LIBM,Homeowners,2025-03-19,Portal,Quoted
S-005898,Jessica Gallagher,120093,PRGS,BOP,2025-03-05,IVANS,Bound
S-005899,Jessica Gallagher,120093,TRAV,BOP,2025-01-31,Email,Quoted
S-005900,Laura James,120275,CHUB,Personal Auto,2025-02-06,IVANS,Bound
S-005901,Laura James,120275,NATI,Personal Auto,2025-02-11,Portal,Quoted
S-005902,Laura James,120275,LIBM,Personal Auto,2025-02-12,Portal,Quoted
S-005903,Angela Peterson,120114,NATI,Umbrella,2025-02-27,IVANS,Bound
S-005904,Angela Peterson,120114,AMFA,Umbrella,2025-02-24,IVANS,Quoted
S-005905,Angela Peterson,120114,ALLS,Umbrella,2025-02-05,IVANS,Declined
S-005906,Angela Peterson,120114,HART,Umbrella,2025-03-16,IVANS,Quoted
S-005907,Michelle Thomas,120009,HART,Personal Auto,2025-02-21,Portal,Bound
S-005908,Michelle Thomas,120009,FARM,Personal Auto,2025-03-16,IVANS,Quoted
S-005909,Michelle Thomas,120009,GEIC,Personal Auto,2025-03-06,Portal,Quoted
S-005910,Stacy Stanley,120140,LIBM,Homeowners,2025-03-18,IVANS,Bound
S-005911,Stacy Stanley,120140,PRGS,Homeowners,2025-02-01,Portal,Quoted
S-005912,Stacy Stanley,120140,TRAV,Homeowners,2025-03-11,IVANS,Declined
S-005913,Isabella Cain,120196,LIBM,Umbrella,2025-02-27,IVANS,Bound
S-005914,Isabella Cain,120196,ALLS,Umbrella,2025-03-11,IVANS,Quoted
S-005915,Isabella Cain,120196,AMFA,Umbrella,2025-03-09,Portal,Declined
S-005916,Michelle Hardy,120022,TRAV,Umbrella,2025-02-16,Portal,Bound
S-005917,Michelle Hardy,120022,LIBM,Umbrella,2025-03-25,IVANS,Quoted
S-005918,Michelle Hardy,120022,CHUB,Umbrella,2025-03-12,IVANS,Declined
S-005919,Jared Henry,120243,PRGS,Homeowners,2025-03-09,IVANS,Bound
S-005920,Jared Henry,120243,HART,Homeowners,2025-03-24,IVANS,Quoted
S-005921,Sharon Lyons,120017,HART,WC,2025-02-01,Portal,Bound
S-005922,Sharon Lyons,120017,AMFA,WC,2025-03-03,Portal,Declined
S-005923,Sharon Lyons,120017,ALLS,WC,2025-03-12,IVANS,Quoted
S-005924,Sharon Lyons,120017,FARM,WC,2025-02-08,Portal,Quoted
S-005925,Mark Ross,120078,LIBM,Homeowners,2025-03-07,IVANS,Bound
S-005926,Mark Ross,120078,ALLS,Homeowners,2025-03-04,Portal,Declined
S-005927,Kristen Williamson,120085,ALLS,Personal Auto,2025-03-06,Portal,Bound
S-005928,Kristen Williamson,120085,AMFA,Personal Auto,2025-02-06,IVANS,Quoted
S-005929,Cindy Coffey,120298,PRGS,Homeowners,2025-02-11,Portal,Bound
S-005930,Cindy Coffey,120298,HART,Homeowners,2025-02-19,Portal,Quoted
S-005931,Cindy Coffey,120298,ALLS,Homeowners,2025-03-04,IVANS,Quoted
S-005932,Cindy Coffey,120298,TRAV,Homeowners,2025-02-02,IVANS,Quoted
S-005933,Anna Conley,120197,GEIC,Package,2025-02-14,IVANS,Bound
S-005934,Anna Conley,120197,NATI,Package,2025-02-04,Email,Quoted
S-005935,Anna Conley,120197,CHUB,Package,2025-03-04,IVANS,Quoted
S-005936,Anna Conley,120197,NATI,Package,2025-03-07,Portal,Quoted
S-005937,Steven Campbell,120056,PRGS,Personal Auto,2025-03-14,Email,Bound
S-005938,Steven Campbell,120056,LIBM,Personal Auto,2025-03-08,Portal,Declined
S-005939,Courtney Crawford,120299,LIBM,Personal Auto,2025-02-12,Portal,Bound
S-005940,Courtney Crawford,120299,ALLS,Personal Auto,2025-02-01,Portal,Quoted
S-005941,Courtney Crawford,120299,AMFA,Personal Auto,2025-03-07,Portal,Quoted
S-005942,Courtney Crawford,120299,CHUB,Personal Auto,2025-02-10,IVANS,Quoted
S-005943,Megan Johnson,120119,LIBM,Personal Auto,2025-02-05,Email,Bound
S-005944,Megan Johnson,120119,ALLS,Personal Auto,2025-03-17,IVANS,Declined
S-005945,Sandra Garcia,120116,LIBM,Personal Auto,2025-03-08,Portal,Bound
S-005946,Sandra Garcia,120116,ALLS,Personal Auto,2025-02-22,Portal,Quoted
S-005947,Todd Johnson,120246,PRGS,Homeowners,2025-02-27,Portal,Bound
S-005948,Todd Johnson,120246,LIBM,Homeowners,2025-03-19,IVANS,Declined
S-005949,Todd Johnson,120246,HART,Homeowners,2025-03-23,IVANS,Quoted
S-005950,Michael Murray,120127,CHUB,Homeowners,2025-03-10,Portal,Bound
S-005951,Michael Murray,120127,PRGS,Homeowners,2025-03-08,Email,Quoted
S-005952,Michael Murray,120127,TRAV,Homeowners,2025-02-27,Portal,Quoted
S-005953,Michael Murray,120127,TRAV,Homeowners,2025-02-09,IVANS,Quoted
S-005954,Ryan Dorsey,120281,HART,Homeowners,2025-02-21,IVANS,Bound
S-005955,Ryan Dorsey,120281,ALLS,Homeowners,2025-03-22,IVANS,Quoted
S-005956,Ryan Dorsey,120281,PRGS,Homeowners,2025-03-10,Email,Quoted
S-005957,Christopher Parker,120158,ALLS,Personal Auto,2025-03-15,Portal,Bound
S-005958,Christopher Parker,120158,FARM,Personal Auto,2025-02-13,IVANS,Quoted
S-005959,Christopher Parker,120158,HART,Personal Auto,2025-02-22,IVANS,Declined
S-005960,Grace Smith,120111,PRGS,Personal Auto,2025-02-12,IVANS,Bound
S-005961,Grace Smith,120111,GEIC,Personal Auto,2025-02-14,Portal,Quoted
S-005962,Grace Smith,120111,ALLS,Personal Auto,2025-03-08,Email,Quoted
S-005963,Jennifer Norris,120036,NATI,Personal Auto,2025-03-20,IVANS,Bound
S-005964,Jennifer Norris,120036,GEIC,Personal Auto,2025-02-03,IVANS,Quoted
S-005965,Jennifer Norris,120036,ALLS,Personal Auto,2025-02-12,Email,Quoted
S-005966,Jennifer Norris,120036,LIBM,Personal Auto,2025-02-26,IVANS,Quoted
S-005967,David Murphy,120070,AMFA,Umbrella,2025-03-02,IVANS,Bound
S-005968,David Murphy,120070,HART,Umbrella,2025-02-23,Email,Quoted
S-005969,David Murphy,120070,GEIC,Umbrella,2025-01-31,Email,Declined
S-005970,David Murphy,120070,NATI,Umbrella,2025-02-15,Portal,Declined
S-005971,Thomas Wright,120008,LIBM,Personal Auto,2025-03-11,Portal,Bound
S-005972,Thomas Wright,120008,ALLS,Personal Auto,2025-02-27,Email,Quoted
S-005973,Thomas Wright,120008,ALLS,Personal Auto,2025-03-08,Portal,Quoted
S-005974,Thomas Wright,120008,GEIC,Personal Auto,2025-02-09,IVANS,Quoted
S-005975,William Heath,120081,TRAV,Personal Auto,2025-02-19,IVANS,Bound
S-005976,William Heath,120081,CHUB,Personal Auto,2025-02-07,Portal,Declined
S-005977,William Heath,120081,PRGS,Personal Auto,2025-02-06,IVANS,Quoted
S-005978,William Heath,120081,ALLS,Personal Auto,2025-03-01,IVANS,Declined
S-005979,Timothy Hubbard,120030,HART,Homeowners,2025-02-13,IVANS,Bound
S-005980,Timothy Hubbard,120030,FARM,Homeowners,2025-02-09,Portal,Quoted
S-005981,Timothy Hubbard,120030,GEIC,Homeowners,2025-02-17,Portal,Quoted
S-005982,Eddie Lara,120017,PRGS,Homeowners,2025-03-21,IVANS,Bound
S-005983,Eddie Lara,120017,HART,Homeowners,2025-02-21,IVANS,Quoted
S-005984,Eddie Lara,120017,NATI,Homeowners,2025-03-08,IVANS,Quoted
S-005985,James Martinez,120148,GEIC,Personal Auto,2025-03-09,Portal,Bound
S-005986,James Martinez,120148,CHUB,Personal Auto,2025-03-13,IVANS,Quoted
S-005987,James Martinez,120148,PRGS,Personal Auto,2025-02-21,Portal,Declined
S-005988,Margaret Ramsey,120007,FARM,Personal Auto,2025-03-21,Portal,Bound
S-005989,Margaret Ramsey,120007,GEIC,Personal Auto,2025-03-20,Portal,Quoted
S-005990,Michael Randolph,120274,PRGS,Personal Auto,2025-02-14,Portal,Bound
S-005991,Michael Randolph,120274,LIBM,Personal Auto,2025-02-18,Portal,Quoted
S-005992,Michael Randolph,120274,CHUB,Personal Auto,2025-02-15,Portal,Declined
S-005993,Derek Mcbride,120133,CHUB,Personal Auto,2025-03-18,IVANS,Bound
S-005994,Derek Mcbride,120133,LIBM,Personal Auto,2025-02-02,IVANS,Quoted
S-005995,Willie Frazier,120259,TRAV,Personal Auto,2025-02-24,Portal,Bound
S-005996,Willie Frazier,120259,LIBM,Personal Auto,2025-03-21,IVANS,Declined
S-005997,Willie Frazier,120259,FARM,Personal Auto,2025-02-03,IVANS,Declined
S-005998,Kayla Howell,120187,ALLS,Personal Auto,2025-03-23,Portal,Bound
S-005999,Kayla Howell,120187,FARM,Personal Auto,2025-02-14,IVANS,Quoted
S-006000,Kayla Howell,120187,CHUB,Personal Auto,2025-03-08,IVANS,Declined
S-006001,Kayla Howell,120187,GEIC,Personal Auto,2025-03-25,Portal,Declined
S-006002,James Mclean,120250,GEIC,Personal Auto,2025-03-13,IVANS,Bound
S-006003,James Mclean,120250,AMFA,Personal Auto,2025-02-24,IVANS,Declined
S-006004,James Mclean,120250,AMFA,Personal Auto,2025-03-07,IVANS,Quoted
S-006005,James Mclean,120250,AMFA,Personal Auto,2025-03-07,Portal,Quoted
S-006006,Kristopher Ingram,120115,LIBM,Homeowners,2025-02-08,IVANS,Bound
S-006007,Kristopher Ingram,120115,AMFA,Homeowners,2025-02-28,IVANS,Declined
S-006008,Brenda Reyes,120067,LIBM,BOP,2025-02-27,Portal,Bound
S-006009,Brenda Reyes,120067,PRGS,BOP,2025-03-24,IVANS,Quoted
S-006010,Brenda Reyes,120067,CHUB,BOP,2025-03-04,Portal,Quoted
S-006011,Brenda Reyes,120067,AMFA,BOP,2025-03-23,Portal,Quoted
S-006012,Joseph Bond,120027,ALLS,Personal Auto,2025-02-10,Portal,Bound
S-006013,Joseph Bond,120027,NATI,Personal Auto,2025-02-20,IVANS,Quoted
S-006014,Paul Richardson,120087,ALLS,Homeowners,2025-03-08,IVANS,Bound
S-006015,Paul Richardson,120087,LIBM,Homeowners,2025-03-25,IVANS,Declined
S-006016,Paul Richardson,120087,CHUB,Homeowners,2025-03-18,IVANS,Quoted
S-006017,Lisa Smith,120142,CHUB,Homeowners,2025-02-02,Portal,Bound
S-006018,Lisa Smith,120142,NATI,Homeowners,2025-02-02,Portal,Quoted
S-006019,Lisa Smith,120142,GEIC,Homeowners,2025-03-05,IVANS,Quoted
S-006020,Lisa Smith,120142,ALLS,Homeowners,2025-02-14,IVANS,Quoted
S-006021,Kathleen Morris,120196,CHUB,WC,2025-03-18,IVANS,Bound
S-006022,Kathleen Morris,120196,NATI,WC,2025-02-19,IVANS,Declined
S-006023,Kathleen Morris,120196,FARM,WC,2025-03-09,IVANS,Quoted
S-006024,Kathleen Morris,120196,AMFA,WC,2025-03-12,Portal,Quoted
S-006025,Brandon Walters,120260,NATI,Personal Auto,2025-02-15,IVANS,Bound
S-006026,Brandon Walters,120260,LIBM,Personal Auto,2025-03-06,IVANS,Quoted
S-006027,Brandon Walters,120260,HART,Personal Auto,2025-01-31,Portal,Quoted
S-006028,Brandon Walters,120260,AMFA,Personal Auto,2025-03-24,Portal,Quoted
S-006029,Sarah Sandoval,120270,HART,Personal Auto,2025-02-26,Email,Bound
S-006030,Sarah Sandoval,120270,AMFA,Personal Auto,2025-02-15,Portal,Quoted
S-006031,Christopher Cox,120011,ALLS,Personal Auto,2025-02-25,Portal,Bound
S-006032,Christopher Cox,120011,CHUB,Personal Auto,2025-03-04,IVANS,Quoted
S-006033,Benjamin Bender,120049,LIBM,WC,2025-01-31,Portal,Bound
S-006034,Benjamin Bender,120049,PRGS,WC,2025-02-12,IVANS,Declined
S-006035,Benjamin Bender,120049,NATI,WC,2025-03-14,Portal,Quoted
S-006036,Benjamin Bender,120049,GEIC,WC,2025-02-16,Portal,Quoted
S-006037,Leslie Clayton,120224,TRAV,Homeowners,2025-02-10,IVANS,Bound
S-006038,Leslie Clayton,120224,CHUB,Homeowners,2025-02-20,Portal,Declined
S-006039,Leslie Clayton,120224,LIBM,Homeowners,2025-02-27,Portal,Quoted
S-006040,Nicole Stafford,120080,FARM,BOP,2025-02-23,Portal,Bound
S-006041,Nicole Stafford,120080,NATI,BOP,2025-03-10,IVANS,Quoted
S-006042,William Davis,120181,CHUB,Personal Auto,2025-03-08,IVANS,Bound
S-006043,William Davis,120181,NATI,Personal Auto,2025-02-11,IVANS,Quoted
S-006044,William Davis,120181,AMFA,Personal Auto,2025-03-16,IVANS,Quoted
S-006045,William Davis,120181,GEIC,Personal Auto,2025-02-10,IVANS,Quoted
S-006046,Jose Pena,120274,CHUB,Personal Auto,2025-02-12,IVANS,Bound
S-006047,Jose Pena,120274,GEIC,Personal Auto,2025-03-04,IVANS,Quoted
S-006048,Isaiah Todd,120027,GEIC,Personal Auto,2025-03-09,Portal,Bound
S-006049,Isaiah Todd,120027,HART,Personal Auto,2025-03-06,Email,Quoted
S-006050,Jeanette Murphy,120028,NATI,Homeowners,2025-02-05,IVANS,Bound
S-006051,Jeanette Murphy,120028,LIBM,Homeowners,2025-01-31,Portal,Declined
S-006052,Amy Cox,120120,FARM,Homeowners,2025-03-12,IVANS,Bound
S-006053,Amy Cox,120120,GEIC,Homeowners,2025-02-27,Email,Declined
S-006054,Amy Cox,120120,NATI,Homeowners,2025-02-17,IVANS,Quoted
S-006055,Brandon Cox,120134,TRAV,Umbrella,2025-02-04,IVANS,Bound
S-006056,Brandon Cox,120134,HART,Umbrella,2025-02-07,IVANS,Declined
S-006057,Christopher Mcbride,120138,TRAV,Homeowners,2025-02-22,IVANS,Bound
S-006058,Christopher Mcbride,120138,FARM,Homeowners,2025-03-02,IVANS,Quoted
S-006059,Christopher Mcbride,120138,CHUB,Homeowners,2025-02-06,Portal,Declined
S-006060,Ashley Berry,120045,AMFA,WC,2025-03-03,IVANS,Bound
S-006061,Ashley Berry,120045,NATI,WC,2025-03-07,IVANS,Quoted
S-006062,Kevin Matthews,120246,ALLS,Personal Auto,2025-02-11,IVANS,Bound
S-006063,Kevin Matthews,120246,PRGS,Personal Auto,2025-02-15,Portal,Quoted
S-006064,Kevin Matthews,120246,FARM,Personal Auto,2025-03-04,Portal,Quoted
S-006065,Kevin Matthews,120246,FARM,Personal Auto,2025-02-19,IVANS,Quoted
S-006066,Catherine Rosales,120281,TRAV,Personal Auto,2025-03-04,IVANS,Bound
S-006067,Catherine Rosales,120281,PRGS,Personal Auto,2025-02-10,IVANS,Quoted
S-006068,Catherine Rosales,120281,HART,Personal Auto,2025-02-08,IVANS,Quoted
S-006069,Catherine Rosales,120281,NATI,Personal Auto,2025-02-02,Portal,Declined
S-006070,Kristen Wall,120013,PRGS,WC,2025-03-19,IVANS,Bound
S-006071,Kristen Wall,120013,NATI,WC,2025-02-15,IVANS,Quoted
S-006072,Kristen Wall,120013,ALLS,WC,2025-03-19,Portal,Declined
S-006073,Donna James,120256,AMFA,Homeowners,2025-02-04,IVANS,Bound
S-006074,Donna James,120256,HART,Homeowners,2025-03-04,IVANS,Quoted
S-006075,Donna James,120256,NATI,Homeowners,2025-02-09,Portal,Quoted
S-006076,Richard Ochoa,120237,HART,Homeowners,2025-02-08,IVANS,Bound
S-006077,Richard Ochoa,120237,FARM,Homeowners,2025-02-24,Portal,Quoted
S-006078,Robert Malone,120177,HART,Umbrella,2025-02-03,Portal,Bound
S-006079,Robert Malone,120177,TRAV,Umbrella,2025-02-16,Portal,Quoted
S-006080,Robert Malone,120177,FARM,Umbrella,2025-03-19,IVANS,Quoted
S-006081,Lauren Williams,120218,PRGS,Homeowners,2025-03-17,IVANS,Bound
S-006082,Lauren Williams,120218,ALLS,Homeowners,2025-03-08,IVANS,Quoted
S-006083,Michael Flowers,120270,LIBM,Personal Auto,2025-03-01,IVANS,Bound
S-006084,Michael Flowers,120270,AMFA,Personal Auto,2025-02-04,Portal,Declined
S-006085,Michael Flowers,120270,HART,Personal Auto,2025-02-18,Email,Quoted
S-006086,Ronald Manning,120253,PRGS,Homeowners,2025-02-21,Email,Bound
S-006087,Ronald Manning,120253,ALLS,Homeowners,2025-03-13,Email,Quoted
S-006088,Ronald Manning,120253,AMFA,Homeowners,2025-02-02,IVANS,Quoted
S-006089,Erin Velazquez,120291,TRAV,Personal Auto,2025-02-25,IVANS,Bound
S-006090,Erin Velazquez,120291,CHUB,Personal Auto,2025-02-12,IVANS,Quoted
S-006091,Megan Wong,120236,PRGS,Personal Auto,2025-03-23,IVANS,Bound
S-006092,Megan Wong,120236,CHUB,Personal Auto,2025-02-14,IVANS,Quoted
S-006093,Megan Wong,120236,ALLS,Personal Auto,2025-02-09,Portal,Declined
S-006094,Megan Wong,120236,ALLS,Personal Auto,2025-03-23,IVANS,Quoted
S-006095,Robert Holt,120284,LIBM,Homeowners,2025-02-27,Portal,Bound
S-006096,Robert Holt,120284,NATI,Homeowners,2025-02-22,IVANS,Declined
S-006097,Robert Holt,120284,HART,Homeowners,2025-02-03,IVANS,Declined
S-006098,Robert Holt,120284,CHUB,Homeowners,2025-01-31,IVANS,Quoted
S-006099,Amy Frazier,120156,PRGS,Homeowners,2025-02-25,IVANS,Bound
S-006100,Amy Frazier,120156,CHUB,Homeowners,2025-02-10,Portal,Declined
S-006101,Christina Martin,120174,ALLS,Personal Auto,2025-02-09,Portal,Bound
S-006102,Christina Martin,120174,LIBM,Personal Auto,2025-02-13,Portal,Declined
S-006103,Samantha Andrews,120093,GEIC,Personal Auto,2025-03-22,IVANS,Bound
S-006104,Samantha Andrews,120093,ALLS,Personal Auto,2025-02-02,Portal,Quoted
S-006105,Michael Alvarez,120053,FARM,Umbrella,2025-03-01,IVANS,Bound
S-006106,Michael Alvarez,120053,NATI,Umbrella,2025-02-04,Portal,Declined
S-006107,Brandi Herring,120234,NATI,Homeowners,2025-03-20,IVANS,Bound
S-006108,Brandi Herring,120234,TRAV,Homeowners,2025-02-09,IVANS,Quoted
S-006109,John Duran,120204,HART,BOP,2025-02-14,Portal,Bound
S-006110,John Duran,120204,TRAV,BOP,2025-02-13,IVANS,Declined
S-006111,John Duran,120204,NATI,BOP,2025-02-17,IVANS,Declined
S-006112,John Duran,120204,LIBM,BOP,2025-02-25,IVANS,Quoted
S-006113,Matthew Li,120137,GEIC,Personal Auto,2025-03-20,Email,Bound
S-006114,Matthew Li,120137,PRGS,Personal Auto,2025-02-19,Portal,Quoted
S-006115,Matthew Li,120137,ALLS,Personal Auto,2025-03-21,Portal,Declined
S-006116,Matthew Li,120137,PRGS,Personal Auto,2025-03-18,Portal,Declined
S-006117,Diana Richardson,120021,HART,Personal Auto,2025-02-11,Portal,Bound
S-006118,Diana Richardson,120021,TRAV,Personal Auto,2025-03-03,IVANS,Quoted
S-006119,Lauren Sutton,120076,NATI,Homeowners,2025-03-19,Portal,Bound
S-006120,Lauren Sutton,120076,AMFA,Homeowners,2025-02-04,Portal,Quoted
S-006121,Lauren Sutton,120076,LIBM,Homeowners,2025-02-08,IVANS,Quoted
S-006122,Ashley Williams,120179,HART,Homeowners,2025-03-01,Portal,Bound
S-006123,Ashley Williams,120179,GEIC,Homeowners,2025-03-04,IVANS,Declined
S-006124,Ashley Williams,120179,GEIC,Homeowners,2025-01-31,IVANS,Quoted
S-006125,Amber Smith,120196,TRAV,Umbrella,2025-02-10,IVANS,Bound
S-006126,Amber Smith,120196,ALLS,Umbrella,2025-03-15,Portal,Declined
S-006127,Joel Coleman,120029,NATI,Personal Auto,2025-02-17,IVANS,Bound
S-006128,Joel Coleman,120029,ALLS,Personal Auto,2025-02-14,Portal,Quoted
S-006129,Jennifer Koch,120197,HART,Personal Auto,2025-02-17,Portal,Bound
S-006130,Jennifer Koch,120197,GEIC,Personal Auto,2025-02-17,IVANS,Declined
S-006131,Matthew Martin,120283,AMFA,WC,2025-02-19,Portal,Bound
S-006132,Matthew Martin,120283,NATI,WC,2025-03-12,IVANS,Quoted
S-006133,Diana Roberts,120043,CHUB,WC,2025-02-12,IVANS,Bound
S-006134,Diana Roberts,120043,AMFA,WC,2025-02-17,IVANS,Quoted
S-006135,Diana Roberts,120043,AMFA,WC,2025-02-20,Portal,Quoted
S-006136,Felicia Gomez,120011,CHUB,Personal Auto,2025-02-01,IVANS,Bound
S-006137,Felicia Gomez,120011,HART,Personal Auto,2025-02-18,Email,Declined
S-006138,Nicholas Smith,120217,TRAV,BOP,2025-03-12,Portal,Bound
S-006139,Nicholas Smith,120217,NATI,BOP,2025-03-07,Portal,Declined
S-006140,Nicholas Smith,120217,CHUB,BOP,2025-02-26,IVANS,Quoted
S-006141,Nicholas Smith,120217,LIBM,BOP,2025-03-05,Portal,Quoted
S-006142,Sophia Stewart,120242,TRAV,Package,2025-02-02,Email,Bound
S-006143,Sophia Stewart,120242,CHUB,Package,2025-02-10,Portal,Quoted
S-006144,Sophia Stewart,120242,FARM,Package,2025-03-11,IVANS,Quoted
S-006145,Randy Turner,120254,HART,Umbrella,2025-03-03,IVANS,Bound
S-006146,Randy Turner,120254,NATI,Umbrella,2025-03-14,IVANS,Declined
S-006147,Randy Turner,120254,TRAV,Umbrella,2025-02-01,Email,Quoted
S-006148,Katherine Davis,120028,TRAV,Umbrella,2025-02-07,IVANS,Bound
S-006149,Katherine Davis,120028,ALLS,Umbrella,2025-02-02,IVANS,Quoted
S-006150,Katherine Davis,120028,LIBM,Umbrella,2025-03-21,Portal,Quoted
S-006151,Megan Robinson,120292,NATI,BOP,2025-03-18,Portal,Bound
S-006152,Megan Robinson,120292,LIBM,BOP,2025-03-16,IVANS,Declined
S-006153,Megan Robinson,120292,ALLS,BOP,2025-02-19,IVANS,Declined
S-006154,Megan Robinson,120292,CHUB,BOP,2025-03-19,IVANS,Declined
S-006155,Eric Steele,120092,TRAV,Homeowners,2025-03-05,Email,Bound
S-006156,Eric Steele,120092,AMFA,Homeowners,2025-02-25,Portal,Quoted
S-006157,Eric Steele,120092,AMFA,Homeowners,2025-02-23,Portal,Quoted
S-006158,Eric Steele,120092,ALLS,Homeowners,2025-03-08,IVANS,Declined
S-006159,Megan Munoz,120073,PRGS,BOP,2025-03-21,Portal,Bound
S-006160,Megan Munoz,120073,CHUB,BOP,2025-02-01,IVANS,Quoted
S-006161,Emily Maddox,120125,PRGS,Personal Auto,2025-03-17,Portal,Bound
S-006162,Emily Maddox,120125,HART,Personal Auto,2025-02-19,IVANS,Declined
S-006163,Emily Maddox,120125,FARM,Personal Auto,2025-03-13,Portal,Quoted
S-006164,Emily Maddox,120125,FARM,Personal Auto,2025-02-14,Email,Quoted
S-006165,Erika Wright,120226,HART,Personal Auto,2025-03-06,Portal,Bound
S-006166,Erika Wright,120226,NATI,Personal Auto,2025-03-24,Portal,Quoted
S-006167,Teresa Bautista,120054,ALLS,Personal Auto,2025-02-14,Portal,Bound
S-006168,Teresa Bautista,120054,HART,Personal Auto,2025-03-10,Portal,Quoted
S-006169,Teresa Bautista,120054,AMFA,Personal Auto,2025-03-25,Portal,Quoted
S-006170,Teresa Bautista,120054,TRAV,Personal Auto,2025-03-11,Portal,Quoted
S-006171,Adam Williams,120004,FARM,BOP,2025-02-11,Portal,Bound
S-006172,Adam Williams,120004,HART,BOP,2025-02-04,IVANS,Quoted
S-006173,Jessica Robertson,120168,PRGS,Umbrella,2025-03-21,IVANS,Bound
S-006174,Jessica Robertson,120168,GEIC,Umbrella,2025-03-05,Portal,Declined
S-006175,Jessica Robertson,120168,CHUB,Umbrella,2025-02-19,IVANS,Quoted
S-006176,Jessica Robertson,120168,CHUB,Umbrella,2025-03-10,Portal,Declined
S-006177,Donald Steele,120239,LIBM,BOP,2025-03-10,Portal,Bound
S-006178,Donald Steele,120239,FARM,BOP,2025-02-07,Portal,Quoted
S-006179,Donald Steele,120239,CHUB,BOP,2025-02-01,IVANS,Quoted
S-006180,Tammy Mack,120179,NATI,Personal Auto,2025-02-24,IVANS,Bound
S-006181,Tammy Mack,120179,TRAV,Personal Auto,2025-03-22,IVANS,Declined
S-006182,Tammy Mack,120179,HART,Personal Auto,2025-03-12,Portal,Quoted
S-006183,Tammy Mack,120179,HART,Personal Auto,2025-03-17,IVANS,Declined
S-006184,Laura Romero,120196,LIBM,Personal Auto,2025-02-13,IVANS,Bound
S-006185,Laura Romero,120196,FARM,Personal Auto,2025-03-23,IVANS,Quoted
S-006186,Laura Romero,120196,ALLS,Personal Auto,2025-02-16,IVANS,Quoted
S-006187,Joy Garcia,120002,AMFA,Personal Auto,2025-03-14,IVANS,Bound
S-006188,Joy Garcia,120002,PRGS,Personal Auto,2025-03-24,IVANS,Quoted
S-006189,Joy Garcia,120002,LIBM,Personal Auto,2025-03-06,IVANS,Declined
S-006190,Christine Wilkins,120212,TRAV,Personal Auto,2025-03-23,Portal,Bound
S-006191,Christine Wilkins,120212,AMFA,Personal Auto,2025-03-23,IVANS,Declined
S-006192,James Gonzalez,120116,GEIC,Personal Auto,2025-02-18,Portal,Bound
S-006193,James Gonzalez,120116,LIBM,Personal Auto,2025-02-15,Email,Quoted
S-006194,Jennifer Hardy,120210,PRGS,Homeowners,2025-02-28,Email,Bound
S-006195,Jennifer Hardy,120210,TRAV,Homeowners,2025-02-15,IVANS,Quoted
S-006196,Amy Wright,120049,NATI,Personal Auto,2025-02-07,Email,Bound
S-006197,Amy Wright,120049,FARM,Personal Auto,2025-02-08,Portal,Quoted
S-006198,Amy Wright,120049,GEIC,Personal Auto,2025-02-19,Portal,Quoted
S-006199,Melissa Young,120243,GEIC,Package,2025-03-04,Email,Bound
S-006200,Melissa Young,120243,NATI,Package,2025-03-19,IVANS,Quoted
S-006201,Melissa Young,120243,TRAV,Package,2025-02-22,IVANS,Quoted
S-006202,Albert Zavala,120157,NATI,Personal Auto,2025-03-15,Email,Bound
S-006203,Albert Zavala,120157,CHUB,Personal Auto,2025-02-03,IVANS,Quoted
S-006204,Albert Zavala,120157,PRGS,Personal Auto,2025-02-10,IVANS,Quoted
S-006205,Albert Zavala,120157,AMFA,Personal Auto,2025-02-07,Portal,Declined
S-006206,Jeremy Lee,120072,ALLS,BOP,2025-02-02,IVANS,Bound
S-006207,Jeremy Lee,120072,LIBM,BOP,2025-03-17,IVANS,Quoted
S-006208,Jeremy Lee,120072,TRAV,BOP,2025-02-18,Email,Declined
S-006209,Jeremy Lee,120072,GEIC,BOP,2025-03-17,IVANS,Quoted
S-006210,Robert Conner,120275,ALLS,Personal Auto,2025-02-02,IVANS,Bound
S-006211,Robert Conner,120275,LIBM,Personal Auto,2025-03-14,IVANS,Declined
S-006212,Robert Conner,120275,GEIC,Personal Auto,2025-02-10,IVANS,Declined
S-006213,Robert Conner,120275,GEIC,Personal Auto,2025-02-09,Portal,Quoted
S-006214,Ray Miller,120241,CHUB,BOP,2025-03-08,Portal,Bound
S-006215,Ray Miller,120241,AMFA,BOP,2025-03-06,Email,Declined
S-006216,Ray Miller,120241,GEIC,BOP,2025-03-22,Portal,Declined
S-006217,Andrew Blackwell,120155,ALLS,Umbrella,2025-03-02,IVANS,Bound
S-006218,Andrew Blackwell,120155,PRGS,Umbrella,2025-03-17,Portal,Declined
S-006219,Jeffery Hill,120253,HART,Homeowners,2025-03-24,Portal,Bound
S-006220,Jeffery Hill,120253,LIBM,Homeowners,2025-02-25,IVANS,Declined
S-006221,Jeffery Hill,120253,CHUB,Homeowners,2025-03-01,Email,Quoted
S-006222,Derek Moore,120199,AMFA,Personal Auto,2025-02-21,IVANS,Bound
S-006223,Derek Moore,120199,PRGS,Personal Auto,2025-02-24,Email,Declined
S-006224,Derek Moore,120199,TRAV,Personal Auto,2025-02-19,Email,Quoted
S-006225,Derek Moore,120199,ALLS,Personal Auto,2025-02-12,IVANS,Declined
S-006226,Mark David,120140,LIBM,Personal Auto,2025-03-08,Portal,Bound
S-006227,Mark David,120140,NATI,Personal Auto,2025-02-16,IVANS,Quoted
S-006228,Mark David,120140,NATI,Personal Auto,2025-03-07,IVANS,Quoted
S-006229,Blake Buck,120180,TRAV,Personal Auto,2025-03-04,Portal,Bound
S-006230,Blake Buck,120180,FARM,Personal Auto,2025-03-22,IVANS,Quoted
S-006231,Blake Buck,120180,LIBM,Personal Auto,2025-03-11,Email,Quoted
S-006232,Blake Buck,120180,HART,Personal Auto,2025-02-13,IVANS,Quoted
S-006233,Rebecca Goodwin,120277,GEIC,Personal Auto,2025-03-09,Portal,Bound
S-006234,Rebecca Goodwin,120277,AMFA,Personal Auto,2025-02-01,Portal,Quoted
S-006235,Rebecca Goodwin,120277,PRGS,Personal Auto,2025-02-11,IVANS,Quoted
S-006236,Diana Mendoza,120295,ALLS,BOP,2025-02-11,IVANS,Bound
S-006237,Diana Mendoza,120295,HART,BOP,2025-02-24,Portal,Quoted
S-006238,Daniel Hall,120264,NATI,Personal Auto,2025-03-01,IVANS,Bound
S-006239,Daniel Hall,120264,TRAV,Personal Auto,2025-02-02,IVANS,Declined
S-006240,Daniel Hall,120264,AMFA,Personal Auto,2025-02-20,IVANS,Quoted
S-006241,Daniel Hall,120264,GEIC,Personal Auto,2025-02-06,Portal,Quoted
S-006242,Victoria Mckinney,120154,NATI,Personal Auto,2025-03-03,IVANS,Bound
S-006243,Victoria Mckinney,120154,CHUB,Personal Auto,2025-02-02,Portal,Quoted
S-006244,James Johnson,120220,ALLS,Personal Auto,2025-03-09,Portal,Bound
S-006245,James Johnson,120220,GEIC,Personal Auto,2025-02-03,IVANS,Quoted
S-006246,James Johnson,120220,FARM,Personal Auto,2025-02-08,Email,Declined
S-006247,Sydney Cooper,120148,HART,Personal Auto,2025-03-18,Email,Bound
S-006248,Sydney Cooper,120148,ALLS,Personal Auto,2025-03-13,IVANS,Declined
S-006249,Maria Jackson,120080,NATI,Personal Auto,2025-02-22,IVANS,Bound
S-006250,Maria Jackson,120080,PRGS,Personal Auto,2025-03-07,IVANS,Quoted
S-006251,Kevin Raymond,120247,AMFA,Personal Auto,2025-02-10,IVANS,Bound
S-006252,Kevin Raymond,120247,ALLS,Personal Auto,2025-02-14,Portal,Declined
S-006253,Phillip Byrd,120291,LIBM,Homeowners,2025-03-06,IVANS,Bound
S-006254,Phillip Byrd,120291,PRGS,Homeowners,2025-02-22,IVANS,Quoted
S-006255,Chelsea Henderson,120035,CHUB,Personal Auto,2025-03-22,Portal,Bound
S-006256,Chelsea Henderson,120035,AMFA,Personal Auto,2025-03-15,Portal,Declined
S-006257,Chelsea Henderson,120035,NATI,Personal Auto,2025-02-25,Portal,Quoted
S-006258,Felicia Brown,120158,TRAV,BOP,2025-02-24,IVANS,Bound
S-006259,Felicia Brown,120158,FARM,BOP,2025-02-07,Email,Quoted
S-006260,Allen Hernandez,120220,CHUB,BOP,2025-03-25,Portal,Bound
S-006261,Allen Hernandez,120220,GEIC,BOP,2025-03-08,Email,Quoted
S-006262,Brittany Griffin,120078,HART,BOP,2025-02-13,Portal,Bound
S-006263,Brittany Griffin,120078,GEIC,BOP,2025-03-17,IVANS,Quoted
S-006264,Brittany Griffin,120078,ALLS,BOP,2025-02-21,Portal,Quoted
S-006265,Natasha Murphy,120133,CHUB,Personal Auto,2025-03-16,Portal,Bound
S-006266,Natasha Murphy,120133,LIBM,Personal Auto,2025-02-07,Portal,Declined
S-006267,Natasha Murphy,120133,PRGS,Personal Auto,2025-02-09,IVANS,Quoted
S-006268,Megan Chavez,120153,GEIC,Homeowners,2025-03-15,Email,Bound
S-006269,Megan Chavez,120153,LIBM,Homeowners,2025-03-02,Portal,Quoted
S-006270,Megan Chavez,120153,ALLS,Homeowners,2025-03-14,Portal,Quoted
S-006271,Jacob French,120060,TRAV,Personal Auto,2025-03-17,Portal,Bound
S-006272,Jacob French,120060,HART,Personal Auto,2025-02-10,Portal,Quoted
S-006273,Rachel Campbell,120179,CHUB,BOP,2025-02-02,IVANS,Bound
S-006274,Rachel Campbell,120179,TRAV,BOP,2025-03-24,Portal,Quoted
S-006275,Rachel Campbell,120179,AMFA,BOP,2025-02-11,Portal,Quoted
S-006276,Rachel Campbell,120179,LIBM,BOP,2025-02-07,IVANS,Quoted
S-006277,Stacy Fischer,120263,GEIC,Homeowners,2025-02-02,IVANS,Bound
S-006278,Stacy Fischer,120263,HART,Homeowners,2025-03-12,IVANS,Declined
S-006279,Stacy Fischer,120263,LIBM,Homeowners,2025-02-05,IVANS,Quoted
S-006280,Stacy Fischer,120263,PRGS,Homeowners,2025-03-10,IVANS,Declined
S-006281,Kenneth Navarro,120112,PRGS,Personal Auto,2025-03-24,IVANS,Bound
S-006282,Kenneth Navarro,120112,GEIC,Personal Auto,2025-02-19,Portal,Quoted
S-006283,Kenneth Navarro,120112,TRAV,Personal Auto,2025-02-12,IVANS,Quoted
S-006284,Kenneth Navarro,120112,TRAV,Personal Auto,2025-02-16,Email,Quoted
S-006285,Robert Mays,120139,CHUB,WC,2025-03-11,IVANS,Bound
S-006286,Robert Mays,120139,TRAV,WC,2025-03-21,IVANS,Declined
S-006287,Robert Mays,120139,ALLS,WC,2025-02-24,Portal,Quoted
S-006288,Jesus Lindsey,120127,GEIC,Personal Auto,2025-02-27,IVANS,Bound
S-006289,Jesus Lindsey,120127,HART,Personal Auto,2025-03-04,IVANS,Quoted
S-006290,Jesus Lindsey,120127,NATI,Personal Auto,2025-02-28,Portal,Declined
S-006291,Amanda Jordan,120061,HART,Personal Auto,2025-03-20,IVANS,Bound
S-006292,Amanda Jordan,120061,TRAV,Personal Auto,2025-02-02,IVANS,Quoted
S-006293,Jeffrey Leonard,120117,ALLS,Package,2025-03-14,Email,Bound
S-006294,Jeffrey Leonard,120117,LIBM,Package,2025-02-04,IVANS,Declined
S-006295,Edward Hall,120255,PRGS,Homeowners,2025-02-03,Portal,Bound
S-006296,Edward Hall,120255,AMFA,Homeowners,2025-03-21,Portal,Declined
S-006297,Edward Hall,120255,TRAV,Homeowners,2025-01-31,Portal,Quoted
S-006298,Richard Nguyen,120028,PRGS,Homeowners,2025-03-09,IVANS,Bound
S-006299,Richard Nguyen,120028,CHUB,Homeowners,2025-03-04,Portal,Declined
S-006300,Richard Nguyen,120028,FARM,Homeowners,2025-03-22,Portal,Declined
S-006301,Daniel Long,120202,TRAV,Homeowners,2025-02-14,IVANS,Bound
S-006302,Daniel Long,120202,AMFA,Homeowners,2025-02-13,IVANS,Quoted
S-006303,Stephen Chambers,120266,LIBM,Personal Auto,2025-03-07,Email,Bound
S-006304,Stephen Chambers,120266,ALLS,Personal Auto,2025-02-18,Portal,Declined
S-006305,Stephen Chambers,120266,AMFA,Personal Auto,2025-03-24,Portal,Quoted
S-006306,Stephen Chambers,120266,NATI,Personal Auto,2025-02-24,Portal,Declined
S-006307,Catherine Tucker,120147,ALLS,Umbrella,2025-03-12,Portal,Bound
S-006308,Catherine Tucker,120147,TRAV,Umbrella,2025-03-19,IVANS,Declined
S-006309,Paul Brennan,120257,TRAV,Personal Auto,2025-02-05,Portal,Bound
S-006310,Paul Brennan,120257,FARM,Personal Auto,2025-02-21,Portal,Declined
S-006311,Paul Brennan,120257,CHUB,Personal Auto,2025-03-02,Email,Quoted
S-006312,Greg House,120123,GEIC,Homeowners,2025-02-17,Portal,Bound
S-006313,Greg House,120123,NATI,Homeowners,2025-01-31,IVANS,Quoted
S-006314,James Martinez,120003,GEIC,BOP,2025-03-01,IVANS,Bound
S-006315,James Martinez,120003,ALLS,BOP,2025-03-14,Portal,Quoted
S-006316,James Martinez,120003,NATI,BOP,2025-02-05,Portal,Quoted
S-006317,Kayla Hall,120280,CHUB,BOP,2025-02-18,IVANS,Bound
S-006318,Kayla Hall,120280,AMFA,BOP,2025-03-22,IVANS,Quoted
S-006319,Kayla Hall,120280,GEIC,BOP,2025-02-07,Portal,Quoted
S-006320,Howard Montes,120242,GEIC,Homeowners,2025-02-05,Email,Bound
S-006321,Howard Montes,120242,PRGS,Homeowners,2025-03-16,IVANS,Declined
S-006322,Howard Montes,120242,CHUB,Homeowners,2025-02-04,Portal,Quoted
S-006323,Howard Montes,120242,PRGS,Homeowners,2025-03-23,Portal,Quoted
S-006324,Steven Bowman,120293,GEIC,Personal Auto,2025-02-02,Email,Bound
S-006325,Steven Bowman,120293,LIBM,Personal Auto,2025-02-28,Portal,Quoted
S-006326,Steven Bowman,120293,AMFA,Personal Auto,2025-02-10,Portal,Declined
S-006327,Steven Bowman,120293,PRGS,Personal Auto,2025-03-25,Email,Quoted
S-006328,Kimberly Davis,120002,AMFA,Personal Auto,2025-02-14,IVANS,Bound
S-006329,Kimberly Davis,120002,LIBM,Personal Auto,2025-03-20,IVANS,Quoted
S-006330,Kimberly Davis,120002,FARM,Personal Auto,2025-02-13,Portal,Quoted
S-006331,Megan Morgan,120129,ALLS,Personal Auto,2025-03-13,IVANS,Bound
S-006332,Megan Morgan,120129,GEIC,Personal Auto,2025-03-13,IVANS,Quoted
S-006333,Megan Morgan,120129,GEIC,Personal Auto,2025-02-01,IVANS,Declined
S-006334,Megan Morgan,120129,FARM,Personal Auto,2025-03-17,Email,Declined
S-006335,Robert Johnson,120028,NATI,Homeowners,2025-03-13,Portal,Bound
S-006336,Robert Johnson,120028,LIBM,Homeowners,2025-02-20,Email,Declined
S-006337,Robert Johnson,120028,TRAV,Homeowners,2025-03-16,Portal,Declined
S-006338,Patrick Mcdaniel,120058,NATI,Homeowners,2025-02-25,Portal,Bound
S-006339,Patrick Mcdaniel,120058,PRGS,Homeowners,2025-02-10,Portal,Quoted
S-006340,Patrick Mcdaniel,120058,LIBM,Homeowners,2025-03-05,IVANS,Declined
S-006341,Lisa Cabrera,120146,CHUB,Umbrella,2025-03-06,Portal,Bound
S-006342,Lisa Cabrera,120146,TRAV,Umbrella,2025-02-25,IVANS,Declined
S-006343,Robert Weaver,120138,LIBM,WC,2025-03-13,Portal,Bound
S-006344,Robert Weaver,120138,ALLS,WC,2025-02-06,Portal,Quoted
S-006345,Robert Weaver,120138,AMFA,WC,2025-02-13,Portal,Quoted
S-006346,Lisa Olson,120027,PRGS,Personal Auto,2025-02-12,Email,Bound
S-006347,Lisa Olson,120027,AMFA,Personal Auto,2025-02-26,Portal,Quoted
S-006348,Lisa Olson,120027,GEIC,Personal Auto,2025-03-25,Portal,Quoted
S-006349,Jonathan Lopez,120021,GEIC,Personal Auto,2025-03-13,Email,Bound
S-006350,Jonathan Lopez,120021,ALLS,Personal Auto,2025-03-15,IVANS,Quoted
S-006351,Barbara Bailey,120142,CHUB,WC,2025-02-28,IVANS,Bound
S-006352,Barbara Bailey,120142,LIBM,WC,2025-02-16,Portal,Declined
S-006353,Barbara Bailey,120142,AMFA,WC,2025-03-11,Email,Quoted
S-006354,Dana Simon,120189,CHUB,BOP,2025-02-05,IVANS,Bound
S-006355,Dana Simon,120189,LIBM,BOP,2025-03-23,Email,Declined
S-006356,Dana Simon,120189,GEIC,BOP,2025-02-24,IVANS,Quoted
S-006357,Dana Simon,120189,GEIC,BOP,2025-02-26,Portal,Declined
S-006358,Jessica Esparza,120291,LIBM,Personal Auto,2025-03-05,Portal,Bound
S-006359,Jessica Esparza,120291,AMFA,Personal Auto,2025-02-09,Portal,Declined
S-006360,Charles Johnston,120070,HART,Personal Auto,2025-02-18,IVANS,Bound
S-006361,Charles Johnston,120070,PRGS,Personal Auto,2025-03-05,Portal,Quoted
S-006362,Carmen Avila,120230,LIBM,Personal Auto,2025-02-28,Portal,Bound
S-006363,Carmen Avila,120230,FARM,Personal Auto,2025-03-23,IVANS,Quoted
S-006364,Carmen Avila,120230,FARM,Personal Auto,2025-03-22,IVANS,Quoted
S-006365,Joseph Payne,120216,TRAV,Personal Auto,2025-02-19,Portal,Bound
S-006366,Joseph Payne,120216,CHUB,Personal Auto,2025-02-28,Portal,Quoted
S-006367,Joseph Payne,120216,GEIC,Personal Auto,2025-02-10,IVANS,Declined
S-006368,Joseph Payne,120216,CHUB,Personal Auto,2025-02-09,Portal,Quoted
S-006369,Stacey Kidd,120282,PRGS,Homeowners,2025-02-22,IVANS,Bound
S-006370,Stacey Kidd,120282,CHUB,Homeowners,2025-03-19,Portal,Quoted
S-006371,Stacey Kidd,120282,CHUB,Homeowners,2025-03-23,IVANS,Declined
S-006372,Stacey Kidd,120282,TRAV,Homeowners,2025-03-03,Email,Declined
S-006373,Matthew Nguyen,120205,PRGS,Homeowners,2025-03-17,Portal,Bound
S-006374,Matthew Nguyen,120205,CHUB,Homeowners,2025-03-17,Portal,Quoted
S-006375,Matthew Nguyen,120205,AMFA,Homeowners,2025-02-28,Portal,Quoted
S-006376,Matthew Nguyen,120205,CHUB,Homeowners,2025-02-20,Portal,Quoted
S-006377,George Luna,120099,CHUB,Homeowners,2025-02-25,Portal,Bound
S-006378,George Luna,120099,FARM,Homeowners,2025-03-21,Portal,Declined
S-006379,George Luna,120099,FARM,Homeowners,2025-01-31,Email,Quoted
S-006380,George Luna,120099,TRAV,Homeowners,2025-01-31,IVANS,Quoted
S-006381,Jacob Allen,120137,NATI,Personal Auto,2025-02-02,IVANS,Bound
S-006382,Jacob Allen,120137,PRGS,Personal Auto,2025-03-21,Email,Quoted
S-006383,Jacob Allen,120137,HART,Personal Auto,2025-03-16,IVANS,Declined
S-006384,Jacob Allen,120137,AMFA,Personal Auto,2025-03-24,Portal,Quoted
S-006385,Kenneth Jones,120199,CHUB,Personal Auto,2025-03-18,Portal,Bound
S-006386,Kenneth Jones,120199,HART,Personal Auto,2025-03-25,IVANS,Quoted
S-006387,Kenneth Jones,120199,AMFA,Personal Auto,2025-02-15,Portal,Quoted
S-006388,Kenneth Jones,120199,NATI,Personal Auto,2025-02-14,IVANS,Quoted
S-006389,Troy Smith,120194,AMFA,Personal Auto,2025-02-10,Portal,Bound
S-006390,Troy Smith,120194,LIBM,Personal Auto,2025-02-01,Portal,Quoted
S-006391,Troy Smith,120194,NATI,Personal Auto,2025-03-20,IVANS,Quoted
S-006392,Troy Smith,120194,NATI,Personal Auto,2025-03-04,Portal,Declined
S-006393,Carlos Ortiz,120143,TRAV,Personal Auto,2025-02-14,IVANS,Bound
S-006394,Carlos Ortiz,120143,PRGS,Personal Auto,2025-03-22,Portal,Quoted
S-006395,Carlos Ortiz,120143,ALLS,Personal Auto,2025-03-11,Portal,Declined
S-006396,Carlos Ortiz,120143,ALLS,Personal Auto,2025-03-10,Portal,Declined
S-006397,Scott Melton,120167,ALLS,BOP,2025-02-18,IVANS,Bound
S-006398,Scott Melton,120167,TRAV,BOP,2025-03-20,IVANS,Quoted
S-006399,Hannah Armstrong,120064,CHUB,Personal Auto,2025-02-15,IVANS,Bound
S-006400,Hannah Armstrong,120064,LIBM,Personal Auto,2025-03-06,Portal,Declined
S-006401,Hannah Armstrong,120064,ALLS,Personal Auto,2025-02-24,Portal,Declined
S-006402,Denise Young,120033,ALLS,Personal Auto,2025-03-04,Portal,Bound
S-006403,Denise Young,120033,TRAV,Personal Auto,2025-03-25,Email,Quoted
S-006404,Denise Young,120033,CHUB,Personal Auto,2025-02-09,IVANS,Declined
S-006405,Denise Young,120033,AMFA,Personal Auto,2025-02-10,Portal,Declined
S-006406,Larry English,120279,CHUB,Personal Auto,2025-03-11,IVANS,Bound
S-006407,Larry English,120279,NATI,Personal Auto,2025-02-04,IVANS,Quoted
S-006408,Larry English,120279,HART,Personal Auto,2025-02-10,Email,Quoted
S-006409,Paula Robinson,120262,NATI,Personal Auto,2025-02-25,Portal,Bound
S-006410,Paula Robinson,120262,ALLS,Personal Auto,2025-02-12,Portal,Quoted
S-006411,Gabrielle Parrish,120080,GEIC,Personal Auto,2025-02-02,IVANS,Bound
S-006412,Gabrielle Parrish,120080,FARM,Personal Auto,2025-03-20,Portal,Quoted
S-006413,Gabrielle Parrish,120080,ALLS,Personal Auto,2025-02-01,Portal,Declined
S-006414,Amber Edwards,120077,PRGS,Umbrella,2025-02-28,Email,Bound
S-006415,Amber Edwards,120077,FARM,Umbrella,2025-02-27,Portal,Quoted
S-006416,Amber Edwards,120077,ALLS,Umbrella,2025-02-16,Portal,Declined
S-006417,Amber Edwards,120077,CHUB,Umbrella,2025-02-24,Portal,Quoted
S-006418,Chad Williams,120100,PRGS,Personal Auto,2025-03-20,Portal,Bound
S-006419,Chad Williams,120100,TRAV,Personal Auto,2025-03-17,Portal,Quoted
S-006420,Chad Williams,120100,TRAV,Personal Auto,2025-03-17,Portal,Quoted
S-006421,Chad Williams,120100,HART,Personal Auto,2025-03-10,Portal,Quoted
S-006422,Jeremiah Cannon,120261,ALLS,Personal Auto,2025-02-18,IVANS,Bound
S-006423,Jeremiah Cannon,120261,NATI,Personal Auto,2025-02-07,IVANS,Quoted
S-006424,Troy Anthony,120118,LIBM,Homeowners,2025-03-19,IVANS,Bound
S-006425,Troy Anthony,120118,GEIC,Homeowners,2025-03-10,Portal,Quoted
S-006426,Troy Anthony,120118,ALLS,Homeowners,2025-02-05,Portal,Declined
S-006427,Joel Thomas,120062,GEIC,Personal Auto,2025-03-12,IVANS,Bound
S-006428,Joel Thomas,120062,AMFA,Personal Auto,2025-02-13,Portal,Declined
S-006429,Joel Thomas,120062,AMFA,Personal Auto,2025-02-25,IVANS,Quoted
S-006430,Mike Vasquez,120227,HART,Homeowners,2025-03-02,Portal,Bound
S-006431,Mike Vasquez,120227,PRGS,Homeowners,2025-03-11,Portal,Declined
S-006432,Jason Guzman,120063,LIBM,Personal Auto,2025-02-03,IVANS,Bound
S-006433,Jason Guzman,120063,AMFA,Personal Auto,2025-03-02,Portal,Quoted
S-006434,Mark Adkins,120195,TRAV,Homeowners,2025-03-18,IVANS,Bound
S-006435,Mark Adkins,120195,NATI,Homeowners,2025-02-03,Portal,Quoted
S-006436,Kendra Cochran,120177,CHUB,Personal Auto,2025-02-14,IVANS,Bound
S-006437,Kendra Cochran,120177,AMFA,Personal Auto,2025-02-17,IVANS,Quoted
S-006438,Jaime Parks,120177,TRAV,Personal Auto,2025-02-16,Portal,Bound
S-006439,Jaime Parks,120177,ALLS,Personal Auto,2025-02-05,Portal,Declined
S-006440,Jaime Parks,120177,GEIC,Personal Auto,2025-02-09,IVANS,Quoted
S-006441,Nicholas Perry,120267,FARM,WC,2025-02-05,IVANS,Bound
S-006442,Nicholas Perry,120267,TRAV,WC,2025-02-16,Portal,Quoted
S-006443,Nicholas Perry,120267,GEIC,WC,2025-02-18,IVANS,Quoted
S-006444,Nicholas Perry,120267,ALLS,WC,2025-02-20,Portal,Quoted
S-006445,Joe Jones,120205,ALLS,Personal Auto,2025-03-22,IVANS,Bound
S-006446,Joe Jones,120205,CHUB,Personal Auto,2025-03-25,Email,Declined
S-006447,Holly Jackson,120044,ALLS,BOP,2025-03-10,Email,Bound
S-006448,Holly Jackson,120044,TRAV,BOP,2025-02-17,Email,Quoted
S-006449,Holly Jackson,120044,GEIC,BOP,2025-03-15,Portal,Quoted
S-006450,Ryan Franco,120062,GEIC,Personal Auto,2025-01-31,Portal,Bound
S-006451,Ryan Franco,120062,HART,Personal Auto,2025-02-10,Portal,Declined
S-006452,Ryan Franco,120062,ALLS,Personal Auto,2025-03-17,IVANS,Quoted
S-006453,Adam Roberts,120182,LIBM,BOP,2025-02-02,Portal,Bound
S-006454,Adam Roberts,120182,GEIC,BOP,2025-02-13,Portal,Quoted
S-006455,Thomas Sloan,120009,GEIC,BOP,2025-02-09,Portal,Bound
S-006456,Thomas Sloan,120009,AMFA,BOP,2025-02-18,IVANS,Quoted
S-006457,Thomas Sloan,120009,PRGS,BOP,2025-02-11,Portal,Quoted
S-006458,Thomas Sloan,120009,ALLS,BOP,2025-02-19,Email,Quoted
S-006459,Jerry Hardy,120060,TRAV,Homeowners,2025-01-31,IVANS,Bound
S-006460,Jerry Hardy,120060,ALLS,Homeowners,2025-03-01,IVANS,Quoted
S-006461,Jerry Hardy,120060,NATI,Homeowners,2025-03-06,IVANS,Quoted
S-006462,Tina Zamora,120095,PRGS,Personal Auto,2025-03-18,IVANS,Bound
S-006463,Tina Zamora,120095,HART,Personal Auto,2025-02-11,IVANS,Quoted
S-006464,Tina Zamora,120095,ALLS,Personal Auto,2025-03-08,IVANS,Quoted
S-006465,Tina Zamora,120095,HART,Personal Auto,2025-03-25,Portal,Declined
S-006466,Jeffrey Miller,120120,NATI,BOP,2025-03-07,IVANS,Bound
S-006467,Jeffrey Miller,120120,FARM,BOP,2025-03-01,IVANS,Quoted
S-006468,Jason Thompson,120069,LIBM,Umbrella,2025-02-13,IVANS,Bound
S-006469,Jason Thompson,120069,GEIC,Umbrella,2025-02-07,Portal,Declined
S-006470,Ann Mitchell,120178,CHUB,Personal Auto,2025-02-14,IVANS,Bound
S-006471,Ann Mitchell,120178,FARM,Personal Auto,2025-03-10,IVANS,Declined
S-006472,Scott Miller,120291,TRAV,Homeowners,2025-03-25,Portal,Bound
S-006473,Scott Miller,120291,CHUB,Homeowners,2025-03-05,IVANS,Quoted
S-006474,John Hall,120226,PRGS,Homeowners,2025-02-23,IVANS,Bound
S-006475,John Hall,120226,ALLS,Homeowners,2025-02-25,IVANS,Declined
S-006476,John Hall,120226,NATI,Homeowners,2025-02-03,IVANS,Quoted
S-006477,John Hall,120226,NATI,Homeowners,2025-03-10,Portal,Declined
S-006478,Thomas Mccarthy,120006,GEIC,Personal Auto,2025-03-19,Portal,Bound
S-006479,Thomas Mccarthy,120006,PRGS,Personal Auto,2025-02-20,Portal,Declined
S-006480,Thomas Mccarthy,120006,AMFA,Personal Auto,2025-02-13,IVANS,Quoted
S-006481,Brianna Perez,120285,NATI,Homeowners,2025-03-06,Portal,Bound
S-006482,Brianna Perez,120285,HART,Homeowners,2025-02-08,Portal,Quoted
S-006483,Brianna Perez,120285,TRAV,Homeowners,2025-03-09,IVANS,Quoted
S-006484,Brianna Perez,120285,ALLS,Homeowners,2025-02-27,IVANS,Quoted
S-006485,Laura Carr,120138,AMFA,Homeowners,2025-02-06,Portal,Bound
S-006486,Laura Carr,120138,PRGS,Homeowners,2025-02-10,IVANS,Quoted
S-006487,Laura Carr,120138,NATI,Homeowners,2025-02-08,Portal,Quoted
S-006488,Steven Johnson,120095,NATI,Homeowners,2025-02-12,Portal,Bound
S-006489,Steven Johnson,120095,LIBM,Homeowners,2025-03-04,IVANS,Quoted
S-006490,Steven Johnson,120095,CHUB,Homeowners,2025-03-23,Portal,Quoted
S-006491,Marissa Nguyen,120060,AMFA,Homeowners,2025-02-03,Email,Bound
S-006492,Marissa Nguyen,120060,GEIC,Homeowners,2025-02-09,Portal,Quoted
S-006493,Marissa Nguyen,120060,HART,Homeowners,2025-02-21,Portal,Declined
S-006494,Amy Page,120042,HART,Homeowners,2025-02-15,IVANS,Bound
S-006495,Amy Page,120042,GEIC,Homeowners,2025-03-04,Portal,Quoted
S-006496,Jessica Yang,120093,PRGS,Personal Auto,2025-02-24,Portal,Bound
S-006497,Jessica Yang,120093,ALLS,Personal Auto,2025-02-23,IVANS,Declined
S-006498,Jessica Yang,120093,HART,Personal Auto,2025-02-24,Portal,Quoted
S-006499,Jessica Yang,120093,CHUB,Personal Auto,2025-02-15,Portal,Quoted
S-006500,Laura Schwartz,120044,FARM,Homeowners,2025-02-23,Portal,Bound
S-006501,Laura Schwartz,120044,ALLS,Homeowners,2025-02-04,IVANS,Quoted
S-006502,Laura Schwartz,120044,TRAV,Homeowners,2025-02-23,IVANS,Quoted
S-006503,Laura Schwartz,120044,TRAV,Homeowners,2025-03-12,Portal,Declined
S-006504,Brittney Williams,120228,FARM,Personal Auto,2025-03-04,IVANS,Bound
S-006505,Brittney Williams,120228,ALLS,Personal Auto,2025-02-17,IVANS,Quoted
S-006506,Brittney Williams,120228,NATI,Personal Auto,2025-03-19,Portal,Quoted
S-006507,Brittney Williams,120228,GEIC,Personal Auto,2025-02-12,IVANS,Quoted
S-006508,Timothy Johnson,120232,TRAV,BOP,2025-02-17,IVANS,Bound
S-006509,Timothy Johnson,120232,HART,BOP,2025-02-17,IVANS,Declined
S-006510,Timothy Johnson,120232,ALLS,BOP,2025-02-18,IVANS,Quoted
S-006511,Willie Vance,120151,GEIC,Personal Auto,2025-03-22,Email,Bound
S-006512,Willie Vance,120151,FARM,Personal Auto,2025-03-04,IVANS,Declined
S-006513,Brandy Davies,120239,CHUB,Personal Auto,2025-02-18,Portal,Bound
S-006514,Brandy Davies,120239,PRGS,Personal Auto,2025-02-26,IVANS,Quoted
S-006515,Isaac Harris,120135,CHUB,Personal Auto,2025-02-15,Portal,Bound
S-006516,Isaac Harris,120135,FARM,Personal Auto,2025-03-10,Email,Quoted
S-006517,Brenda Lyons,120091,LIBM,Package,2025-03-05,Portal,Bound
S-006518,Brenda Lyons,120091,NATI,Package,2025-03-20,IVANS,Declined
S-006519,Daniel Mcmahon,120107,ALLS,Personal Auto,2025-02-18,Portal,Bound
S-006520,Daniel Mcmahon,120107,NATI,Personal Auto,2025-02-07,IVANS,Declined
S-006521,Daniel Mcmahon,120107,TRAV,Personal Auto,2025-02-02,Portal,Declined
S-006522,Daniel Mcmahon,120107,AMFA,Personal Auto,2025-02-09,Portal,Quoted
S-006523,Ashley Hoffman,120297,PRGS,WC,2025-02-14,Email,Bound
S-006524,Ashley Hoffman,120297,ALLS,WC,2025-02-03,Portal,Declined
S-006525,Ruben Thompson,120262,ALLS,Personal Auto,2025-03-24,IVANS,Bound
S-006526,Ruben Thompson,120262,PRGS,Personal Auto,2025-03-06,IVANS,Quoted
S-006527,Ruben Thompson,120262,GEIC,Personal Auto,2025-02-08,IVANS,Declined
S-006528,Michael Hernandez,120255,ALLS,Homeowners,2025-02-19,IVANS,Bound
S-006529,Michael Hernandez,120255,AMFA,Homeowners,2025-02-13,IVANS,Quoted
S-006530,Michael Hernandez,120255,NATI,Homeowners,2025-03-05,IVANS,Declined
S-006531,Sabrina Hatfield,120192,LIBM,Personal Auto,2025-03-20,Portal,Bound
S-006532,Sabrina Hatfield,120192,CHUB,Personal Auto,2025-01-31,IVANS,Declined
S-006533,Sabrina Hatfield,120192,AMFA,Personal Auto,2025-02-20,Portal,Declined
S-006534,Shawn Jackson,120285,AMFA,BOP,2025-02-17,IVANS,Bound
S-006535,Shawn Jackson,120285,PRGS,BOP,2025-03-24,IVANS,Declined
S-006536,Shawn Jackson,120285,FARM,BOP,2025-02-15,IVANS,Declined
S-006537,Shawn Jackson,120285,GEIC,BOP,2025-02-10,IVANS,Quoted
S-006538,Douglas Jarvis,120116,CHUB,Homeowners,2025-02-07,IVANS,Bound
S-006539,Douglas Jarvis,120116,NATI,Homeowners,2025-02-19,Email,Declined
S-006540,Christine Williams,120019,CHUB,Homeowners,2025-03-22,IVANS,Bound
S-006541,Christine Williams,120019,AMFA,Homeowners,2025-03-06,Portal,Quoted
S-006542,Katherine Henderson,120174,AMFA,Homeowners,2025-02-26,Portal,Bound
S-006543,Katherine Henderson,120174,CHUB,Homeowners,2025-03-17,Portal,Quoted
S-006544,Katherine Henderson,120174,NATI,Homeowners,2025-02-15,Email,Quoted
S-006545,Matthew Dunn,120248,HART,Homeowners,2025-03-22,Portal,Bound
S-006546,Matthew Dunn,120248,FARM,Homeowners,2025-03-17,Email,Declined
S-006547,Megan Willis,120071,LIBM,WC,2025-03-17,Portal,Bound
S-006548,Megan Willis,120071,PRGS,WC,2025-02-16,Portal,Quoted
S-006549,Megan Willis,120071,NATI,WC,2025-02-06,IVANS,Quoted
S-006550,Andrew Mcmahon,120296,HART,Personal Auto,2025-02-23,Portal,Bound
S-006551,Andrew Mcmahon,120296,FARM,Personal Auto,2025-03-22,IVANS,Quoted
S-006552,Andrew Mcmahon,120296,GEIC,Personal Auto,2025-03-02,Portal,Quoted
S-006553,Andrew Mcmahon,120296,PRGS,Personal Auto,2025-02-24,Portal,Declined
S-006554,Erica Gamble,120011,NATI,Personal Auto,2025-03-13,IVANS,Bound
S-006555,Erica Gamble,120011,TRAV,Personal Auto,2025-02-18,Portal,Quoted
S-006556,Brenda Fry,120218,LIBM,Umbrella,2025-03-21,IVANS,Bound
S-006557,Brenda Fry,120218,NATI,Umbrella,2025-03-01,IVANS,Quoted
S-006558,Brenda Fry,120218,PRGS,Umbrella,2025-03-17,Portal,Declined
S-006559,Brenda Fry,120218,ALLS,Umbrella,2025-03-15,IVANS,Quoted
S-006560,Amy Jackson,120098,AMFA,Personal Auto,2025-03-10,Portal,Bound
S-006561,Amy Jackson,120098,LIBM,Personal Auto,2025-03-19,IVANS,Declined
S-006562,Amy Jackson,120098,TRAV,Personal Auto,2025-02-11,Email,Declined
S-006563,Theresa Velasquez,120158,NATI,WC,2025-02-06,IVANS,Bound
S-006564,Theresa Velasquez,120158,AMFA,WC,2025-03-25,IVANS,Quoted
S-006565,Theresa Velasquez,120158,HART,WC,2025-02-09,Portal,Declined
S-006566,Theresa Velasquez,120158,PRGS,WC,2025-02-02,IVANS,Declined
S-006567,Brett Bond,120228,ALLS,WC,2025-03-01,Portal,Bound
S-006568,Brett Bond,120228,LIBM,WC,2025-03-20,IVANS,Quoted
S-006569,Brett Bond,120228,HART,WC,2025-03-03,Portal,Quoted
S-006570,Karen Hunter,120053,LIBM,BOP,2025-03-09,Portal,Bound
S-006571,Karen Hunter,120053,TRAV,BOP,2025-02-26,IVANS,Quoted
S-006572,Christopher Jimenez,120047,ALLS,BOP,2025-02-26,Portal,Bound
S-006573,Christopher Jimenez,120047,AMFA,BOP,2025-03-12,Portal,Quoted
S-006574,Christopher Jimenez,120047,NATI,BOP,2025-02-14,Portal,Declined
S-006575,Christopher Jimenez,120047,PRGS,BOP,2025-02-23,IVANS,Quoted
S-006576,Sabrina Lee,120091,ALLS,Homeowners,2025-03-25,IVANS,Bound
S-006577,Sabrina Lee,120091,AMFA,Homeowners,2025-02-01,Email,Declined
S-006578,Sabrina Lee,120091,NATI,Homeowners,2025-02-15,IVANS,Quoted
S-006579,Sabrina Lee,120091,CHUB,Homeowners,2025-02-14,Portal,Quoted
S-006580,Erika Crawford,120039,HART,Personal Auto,2025-02-10,IVANS,Bound
S-006581,Erika Crawford,120039,AMFA,Personal Auto,2025-03-18,IVANS,Quoted
S-006582,Erika Crawford,120039,PRGS,Personal Auto,2025-03-03,Portal,Declined
S-006583,Cindy Ross,120134,FARM,Umbrella,2025-03-16,Email,Bound
S-006584,Cindy Ross,120134,HART,Umbrella,2025-02-13,IVANS,Quoted
S-006585,Catherine Mason,120071,TRAV,Umbrella,2025-02-07,Email,Bound
S-006586,Catherine Mason,120071,ALLS,Umbrella,2025-03-25,IVANS,Quoted
S-006587,Catherine Mason,120071,CHUB,Umbrella,2025-02-19,Portal,Quoted
S-006588,Catherine Mason,120071,CHUB,Umbrella,2025-02-26,Portal,Quoted
S-006589,Allison Gates,120026,AMFA,BOP,2025-02-15,Portal,Bound
S-006590,Allison Gates,120026,LIBM,BOP,2025-02-12,Portal,Quoted
S-006591,Melissa Oneal,120167,PRGS,Homeowners,2025-03-19,Email,Bound
S-006592,Melissa Oneal,120167,AMFA,Homeowners,2025-02-04,IVANS,Declined
S-006593,Melissa Oneal,120167,LIBM,Homeowners,2025-02-26,Portal,Quoted
S-006594,Melissa Oneal,120167,NATI,Homeowners,2025-03-07,Email,Declined
S-006595,Tanya Owen,120069,NATI,Homeowners,2025-02-28,IVANS,Bound
S-006596,Tanya Owen,120069,HART,Homeowners,2025-02-10,Portal,Quoted
S-006597,Steven Russo,120246,ALLS,Package,2025-02-17,IVANS,Bound
S-006598,Steven Russo,120246,HART,Package,2025-02-16,IVANS,Declined
S-006599,Kelsey Garza,120270,GEIC,Package,2025-03-01,Portal,Bound
S-006600,Kelsey Garza,120270,FARM,Package,2025-02-04,IVANS,Quoted
S-006601,Jacob Parker,120195,AMFA,Homeowners,2025-03-15,IVANS,Bound
S-006602,Jacob Parker,120195,GEIC,Homeowners,2025-03-03,Portal,Declined
S-006603,Jacob Parker,120195,PRGS,Homeowners,2025-02-16,IVANS,Quoted
S-006604,Jacob Parker,120195,ALLS,Homeowners,2025-03-22,Portal,Declined
S-006605,Michelle Alexander,120145,AMFA,BOP,2025-02-05,Email,Bound
S-006606,Michelle Alexander,120145,HART,BOP,2025-02-24,Portal,Declined
S-006607,Michelle Alexander,120145,GEIC,BOP,2025-02-28,IVANS,Quoted
S-006608,Michelle Alexander,120145,ALLS,BOP,2025-02-10,Portal,Quoted
S-006609,Ian Boyle,120178,GEIC,BOP,2025-03-09,Portal,Bound
S-006610,Ian Boyle,120178,TRAV,BOP,2025-03-13,Portal,Declined
S-006611,Ian Boyle,120178,CHUB,BOP,2025-02-27,IVANS,Quoted
S-006612,Cristian Cochran,120123,LIBM,BOP,2025-03-20,Portal,Bound
S-006613,Cristian Cochran,120123,ALLS,BOP,2025-03-11,Portal,Declined
S-006614,Cristian Cochran,120123,ALLS,BOP,2025-02-24,Email,Quoted
S-006615,Cristian Cochran,120123,CHUB,BOP,2025-03-13,Portal,Declined
S-006616,Paul Griffin,120239,CHUB,Personal Auto,2025-02-15,IVANS,Bound
S-006617,Paul Griffin,120239,AMFA,Personal Auto,2025-03-19,IVANS,Quoted
S-006618,Paul Griffin,120239,HART,Personal Auto,2025-02-07,IVANS,Quoted
S-006619,Paul Griffin,120239,TRAV,Personal Auto,2025-02-19,Portal,Declined
S-006620,Johnny Blackburn,120285,CHUB,Personal Auto,2025-02-16,IVANS,Bound
S-006621,Johnny Blackburn,120285,AMFA,Personal Auto,2025-03-01,IVANS,Quoted
S-006622,Johnny Blackburn,120285,LIBM,Personal Auto,2025-02-27,Portal,Declined
S-006623,Johnny Blackburn,120285,FARM,Personal Auto,2025-03-18,IVANS,Quoted
S-006624,William Gregory,120066,CHUB,Homeowners,2025-02-05,Portal,Bound
S-006625,William Gregory,120066,HART,Homeowners,2025-02-14,IVANS,Quoted
S-006626,William Gregory,120066,FARM,Homeowners,2025-03-08,Portal,Declined
S-006627,Meghan Wilson,120066,PRGS,Homeowners,2025-03-18,Portal,Bound
S-006628,Meghan Wilson,120066,NATI,Homeowners,2025-02-12,IVANS,Quoted
S-006629,Meghan Wilson,120066,TRAV,Homeowners,2025-03-22,IVANS,Declined
S-006630,Meghan Wilson,120066,FARM,Homeowners,2025-03-05,Portal,Declined
S-006631,Jesse Brown,120038,CHUB,WC,2025-03-10,Portal,Bound
S-006632,Jesse Brown,120038,PRGS,WC,2025-03-12,IVANS,Quoted
S-006633,Jesse Brown,120038,HART,WC,2025-02-01,Portal,Quoted
S-006634,Lisa Roman,120191,HART,BOP,2025-03-23,IVANS,Bound
S-006635,Lisa Roman,120191,LIBM,BOP,2025-03-14,Portal,Declined
S-006636,Oscar Sandoval,120228,LIBM,BOP,2025-02-09,IVANS,Bound
S-006637,Oscar Sandoval,120228,NATI,BOP,2025-02-10,Portal,Declined
S-006638,Kimberly Johnson,120086,ALLS,Homeowners,2025-01-31,Email,Bound
S-006639,Kimberly Johnson,120086,NATI,Homeowners,2025-03-02,Portal,Quoted
S-006640,Kimberly Johnson,120086,CHUB,Homeowners,2025-02-17,Email,Quoted
S-006641,Randy Romero,120248,TRAV,Personal Auto,2025-03-15,Email,Bound
S-006642,Randy Romero,120248,LIBM,Personal Auto,2025-02-21,Portal,Quoted
S-006643,Sheila Martinez,120176,LIBM,Homeowners,2025-03-14,Portal,Bound
S-006644,Sheila Martinez,120176,PRGS,Homeowners,2025-02-28,IVANS,Quoted
S-006645,Teresa Perez,120255,PRGS,WC,2025-02-05,Portal,Bound
S-006646,Teresa Perez,120255,TRAV,WC,2025-02-26,IVANS,Quoted
S-006647,Teresa Perez,120255,TRAV,WC,2025-03-21,Email,Declined
S-006648,Carlos Lyons,120050,LIBM,Homeowners,2025-02-02,IVANS,Bound
S-006649,Carlos Lyons,120050,NATI,Homeowners,2025-02-21,IVANS,Quoted
S-006650,Joseph Tran,120092,PRGS,WC,2025-03-08,Portal,Bound
S-006651,Joseph Tran,120092,AMFA,WC,2025-02-16,Email,Declined
S-006652,Joseph Tran,120092,AMFA,WC,2025-03-13,Portal,Quoted
S-006653,Ryan Hensley,120293,PRGS,Homeowners,2025-03-20,IVANS,Bound
S-006654,Ryan Hensley,120293,CHUB,Homeowners,2025-03-06,Email,Declined
S-006655,Ryan Hensley,120293,LIBM,Homeowners,2025-02-13,Portal,Declined
S-006656,Ryan Hensley,120293,FARM,Homeowners,2025-02-10,Portal,Quoted
S-006657,Mariah Riley,120086,LIBM,WC,2025-02-11,Portal,Bound
S-006658,Mariah Riley,120086,CHUB,WC,2025-03-01,Email,Quoted
S-006659,Mariah Riley,120086,ALLS,WC,2025-02-04,Portal,Quoted
S-006660,Mariah Riley,120086,PRGS,WC,2025-02-09,Portal,Declined
S-006661,Daisy Fitzgerald,120058,PRGS,Package,2025-02-09,IVANS,Bound
S-006662,Daisy Fitzgerald,120058,GEIC,Package,2025-02-08,Email,Quoted
S-006663,Daisy Fitzgerald,120058,ALLS,Package,2025-03-25,Portal,Quoted
S-006664,Teresa King,120229,AMFA,Personal Auto,2025-02-14,IVANS,Bound
S-006665,Teresa King,120229,GEIC,Personal Auto,2025-02-06,Portal,Quoted
S-006666,Teresa King,120229,NATI,Personal Auto,2025-02-06,Portal,Quoted
S-006667,Teresa King,120229,TRAV,Personal Auto,2025-02-09,IVANS,Declined
S-006668,Peter Baker,120072,ALLS,Personal Auto,2025-03-09,IVANS,Bound
S-006669,Peter Baker,120072,FARM,Personal Auto,2025-03-03,Portal,Declined
S-006670,Keith Miller,120179,GEIC,WC,2025-02-01,IVANS,Bound
S-006671,Keith Miller,120179,LIBM,WC,2025-02-10,IVANS,Quoted
S-006672,Gregory Stewart,120019,LIBM,Personal Auto,2025-02-12,Portal,Bound
S-006673,Gregory Stewart,120019,AMFA,Personal Auto,2025-03-20,IVANS,Quoted
S-006674,Zachary Harrison,120286,CHUB,Homeowners,2025-03-05,IVANS,Bound
S-006675,Zachary Harrison,120286,ALLS,Homeowners,2025-03-02,Portal,Quoted
S-006676,Christopher Hammond,120122,PRGS,BOP,2025-02-11,Portal,Bound
S-006677,Christopher Hammond,120122,FARM,BOP,2025-03-07,Email,Declined
S-006678,Christopher Hammond,120122,HART,BOP,2025-03-21,Portal,Quoted
S-006679,Carol Schwartz,120062,PRGS,Homeowners,2025-02-05,Portal,Bound
S-006680,Carol Schwartz,120062,AMFA,Homeowners,2025-02-27,Portal,Quoted
S-006681,Carol Schwartz,120062,ALLS,Homeowners,2025-02-18,IVANS,Quoted
S-006682,Scott Vincent,120251,FARM,Personal Auto,2025-02-20,Portal,Bound
S-006683,Scott Vincent,120251,TRAV,Personal Auto,2025-02-27,IVANS,Quoted
S-006684,Scott Vincent,120251,AMFA,Personal Auto,2025-02-18,Portal,Quoted
S-006685,Scott Vincent,120251,NATI,Personal Auto,2025-02-05,Portal,Declined
S-006686,Janet Salazar,120262,AMFA,Homeowners,2025-03-13,Portal,Bound
S-006687,Janet Salazar,120262,LIBM,Homeowners,2025-02-22,Portal,Declined
S-006688,Janet Salazar,120262,CHUB,Homeowners,2025-03-05,IVANS,Quoted
S-006689,Vincent Castro,120236,PRGS,Personal Auto,2025-02-14,Email,Bound
S-006690,Vincent Castro,120236,TRAV,Personal Auto,2025-02-20,IVANS,Quoted
S-006691,Vincent Castro,120236,FARM,Personal Auto,2025-02-13,Portal,Declined
S-006692,Vincent Castro,120236,LIBM,Personal Auto,2025-02-26,IVANS,Quoted
S-006693,Thomas Foster,120196,PRGS,Personal Auto,2025-02-07,Portal,Bound
S-006694,Thomas Foster,120196,ALLS,Personal Auto,2025-03-14,Portal,Declined
S-006695,Tony Dudley,120129,ALLS,Personal Auto,2025-02-20,Portal,Bound
S-006696,Tony Dudley,120129,AMFA,Personal Auto,2025-03-08,Portal,Declined
S-006697,Gregory Perez,120017,ALLS,BOP,2025-03-10,Portal,Bound
S-006698,Gregory Perez,120017,LIBM,BOP,2025-02-16,IVANS,Quoted
S-006699,Gregory Perez,120017,AMFA,BOP,2025-02-16,IVANS,Quoted
S-006700,Gregory Perez,120017,PRGS,BOP,2025-03-03,IVANS,Quoted
S-006701,Monique Stephens,120291,HART,WC,2025-03-08,IVANS,Bound
S-006702,Monique Stephens,120291,GEIC,WC,2025-03-05,Email,Quoted
S-006703,Monique Stephens,120291,GEIC,WC,2025-02-09,Portal,Quoted
S-006704,Monique Stephens,120291,NATI,WC,2025-02-18,IVANS,Quoted
S-006705,Matthew Phillips,120132,LIBM,Umbrella,2025-03-10,IVANS,Bound
S-006706,Matthew Phillips,120132,HART,Umbrella,2025-02-27,IVANS,Quoted
S-006707,Matthew Phillips,120132,ALLS,Umbrella,2025-02-24,Portal,Declined
S-006708,Jennifer Singleton,120191,LIBM,WC,2025-03-19,Email,Bound
S-006709,Jennifer Singleton,120191,CHUB,WC,2025-02-02,Portal,Declined
S-006710,Mitchell Harmon,120167,NATI,Personal Auto,2025-03-21,Portal,Bound
S-006711,Mitchell Harmon,120167,FARM,Personal Auto,2025-02-26,IVANS,Quoted
S-006712,Mitchell Harmon,120167,FARM,Personal Auto,2025-02-07,IVANS,Quoted
S-006713,Kimberly Snow,120003,CHUB,BOP,2025-02-07,IVANS,Bound
S-006714,Kimberly Snow,120003,LIBM,BOP,2025-03-15,Portal,Quoted
S-006715,Paul Foster,120018,LIBM,Personal Auto,2025-02-19,IVANS,Bound
S-006716,Paul Foster,120018,FARM,Personal Auto,2025-02-23,Portal,Declined
S-006717,Paul Foster,120018,GEIC,Personal Auto,2025-02-23,IVANS,Declined
S-006718,Paul Foster,120018,CHUB,Personal Auto,2025-02-03,Email,Quoted
S-006719,Sarah Jones,120074,HART,Personal Auto,2025-02-07,Portal,Bound
S-006720,Sarah Jones,120074,LIBM,Personal Auto,2025-03-14,Portal,Quoted
S-006721,Carol Long,120063,LIBM,BOP,2025-01-31,IVANS,Bound
S-006722,Carol Long,120063,AMFA,BOP,2025-02-23,Portal,Declined
S-006723,Carol Long,120063,NATI,BOP,2025-02-14,Portal,Declined
S-006724,Carol Long,120063,PRGS,BOP,2025-02-12,IVANS,Quoted
S-006725,Theresa Davis,120231,HART,WC,2025-02-05,Portal,Bound
S-006726,Theresa Davis,120231,TRAV,WC,2025-02-16,IVANS,Quoted
S-006727,Theresa Davis,120231,CHUB,WC,2025-03-18,Portal,Quoted
S-006728,Theresa Davis,120231,FARM,WC,2025-02-02,Portal,Declined
S-006729,Robert Williamson,120058,ALLS,Umbrella,2025-03-02,Portal,Bound
S-006730,Robert Williamson,120058,NATI,Umbrella,2025-02-23,IVANS,Declined
S-006731,Robert Williamson,120058,LIBM,Umbrella,2025-02-03,IVANS,Quoted
S-006732,Robert Williamson,120058,AMFA,Umbrella,2025-03-08,Portal,Declined
S-006733,Patty Liu,120277,LIBM,BOP,2025-02-12,Portal,Bound
S-006734,Patty Liu,120277,NATI,BOP,2025-03-10,IVANS,Quoted
S-006735,Patty Liu,120277,FARM,BOP,2025-02-13,Portal,Quoted
S-006736,Patty Liu,120277,AMFA,BOP,2025-02-09,Portal,Declined
S-006737,Robyn Hanson,120174,TRAV,BOP,2025-03-20,Portal,Bound
S-006738,Robyn Hanson,120174,ALLS,BOP,2025-03-22,IVANS,Declined
S-006739,Robyn Hanson,120174,AMFA,BOP,2025-02-23,IVANS,Quoted
S-006740,Kayla Nelson,120210,PRGS,BOP,2025-03-03,Portal,Bound
S-006741,Kayla Nelson,120210,LIBM,BOP,2025-03-24,IVANS,Declined
S-006742,Kayla Nelson,120210,HART,BOP,2025-03-04,IVANS,Quoted
S-006743,Kayla Nelson,120210,CHUB,BOP,2025-02-08,IVANS,Declined
S-006744,Lisa Lee,120004,ALLS,Personal Auto,2025-03-09,Portal,Bound
S-006745,Lisa Lee,120004,GEIC,Personal Auto,2025-03-03,Portal,Quoted
S-006746,Douglas Odonnell,120224,FARM,Umbrella,2025-03-05,Portal,Bound
S-006747,Douglas Odonnell,120224,CHUB,Umbrella,2025-01-31,IVANS,Quoted
S-006748,Timothy Johnson,120110,ALLS,Personal Auto,2025-02-07,Portal,Bound
S-006749,Timothy Johnson,120110,PRGS,Personal Auto,2025-03-06,Email,Declined
S-006750,Timothy Johnson,120110,LIBM,Personal Auto,2025-01-31,IVANS,Quoted
S-006751,Timothy Johnson,120110,HART,Personal Auto,2025-02-23,IVANS,Quoted
S-006752,Karen Mercado,120241,LIBM,Personal Auto,2025-03-01,IVANS,Bound
S-006753,Karen Mercado,120241,NATI,Personal Auto,2025-03-12,Portal,Quoted
S-006754,Karen Mercado,120241,NATI,Personal Auto,2025-02-12,IVANS,Quoted
S-006755,Karen Mercado,120241,CHUB,Personal Auto,2025-03-06,IVANS,Quoted
S-006756,Jennifer Malone,120273,FARM,Personal Auto,2025-03-19,IVANS,Bound
S-006757,Jennifer Malone,120273,PRGS,Personal Auto,2025-03-18,Portal,Declined
S-006758,Jennifer Malone,120273,TRAV,Personal Auto,2025-02-18,Email,Quoted
S-006759,Jennifer Malone,120273,PRGS,Personal Auto,2025-02-01,IVANS,Declined
S-006760,Charles Strong,120137,TRAV,BOP,2025-02-17,IVANS,Bound
S-006761,Charles Strong,120137,HART,BOP,2025-03-04,IVANS,Quoted
S-006762,Christopher Montgomery,120166,LIBM,Personal Auto,2025-03-23,Portal,Bound
S-006763,Christopher Montgomery,120166,GEIC,Personal Auto,2025-02-11,Portal,Quoted
S-006764,Sheri Campbell,120006,TRAV,Package,2025-02-24,Portal,Bound
S-006765,Sheri Campbell,120006,AMFA,Package,2025-02-07,IVANS,Quoted
S-006766,Sarah Cunningham,120149,TRAV,Personal Auto,2025-03-10,Portal,Bound
S-006767,Sarah Cunningham,120149,AMFA,Personal Auto,2025-03-02,Portal,Quoted
S-006768,Sarah Cunningham,120149,AMFA,Personal Auto,2025-02-14,Portal,Quoted
S-006769,Jody Davis,120107,HART,Homeowners,2025-02-13,IVANS,Bound
S-006770,Jody Davis,120107,GEIC,Homeowners,2025-02-08,IVANS,Quoted
S-006771,Jody Davis,120107,CHUB,Homeowners,2025-03-03,Portal,Quoted
S-006772,Jody Davis,120107,FARM,Homeowners,2025-02-02,IVANS,Declined
S-006773,Timothy Branch,120001,GEIC,WC,2025-03-13,IVANS,Bound
S-006774,Timothy Branch,120001,ALLS,WC,2025-03-08,Portal,Quoted
S-006775,Timothy Branch,120001,HART,WC,2025-03-06,Portal,Declined
S-006776,Brandon Holland,120022,CHUB,Personal Auto,2025-02-17,IVANS,Bound
S-006777,Brandon Holland,120022,HART,Personal Auto,2025-02-05,Email,Quoted
S-006778,Brandon Holland,120022,HART,Personal Auto,2025-02-06,IVANS,Quoted
S-006779,Brandon Holland,120022,FARM,Personal Auto,2025-02-22,Portal,Quoted
S-006780,Elizabeth Wilkerson,120247,AMFA,BOP,2025-02-19,IVANS,Bound
S-006781,Elizabeth Wilkerson,120247,CHUB,BOP,2025-02-03,IVANS,Quoted
S-006782,Elizabeth Wilkerson,120247,FARM,BOP,2025-02-24,IVANS,Quoted
S-006783,Megan Lewis,120080,GEIC,BOP,2025-02-18,Portal,Bound
S-006784,Megan Lewis,120080,AMFA,BOP,2025-03-24,Portal,Quoted
S-006785,Sheila Lewis,120089,HART,Personal Auto,2025-02-14,IVANS,Bound
S-006786,Sheila Lewis,120089,PRGS,Personal Auto,2025-03-24,IVANS,Declined
S-006787,Sheila Lewis,120089,FARM,Personal Auto,2025-03-15,Email,Quoted
S-006788,Sheila Lewis,120089,ALLS,Personal Auto,2025-03-16,Portal,Declined
S-006789,Eric Clark,120008,NATI,Homeowners,2025-03-02,IVANS,Bound
S-006790,Eric Clark,120008,LIBM,Homeowners,2025-03-19,IVANS,Declined
S-006791,Eric Clark,120008,CHUB,Homeowners,2025-03-03,Email,Quoted
S-006792,Michael Whitaker,120059,LIBM,WC,2025-03-22,Portal,Bound
S-006793,Michael Whitaker,120059,FARM,WC,2025-01-31,Portal,Quoted
S-006794,Michael Whitaker,120059,FARM,WC,2025-03-19,Portal,Declined
S-006795,Michael Whitaker,120059,TRAV,WC,2025-02-17,Portal,Quoted
S-006796,Mark Turner,120238,FARM,Personal Auto,2025-02-22,Portal,Bound
S-006797,Mark Turner,120238,TRAV,Personal Auto,2025-02-13,Portal,Quoted
S-006798,Donald Campbell,120027,HART,Homeowners,2025-03-25,IVANS,Bound
S-006799,Donald Campbell,120027,PRGS,Homeowners,2025-02-10,Portal,Declined
S-006800,Donald Campbell,120027,PRGS,Homeowners,2025-03-20,IVANS,Quoted
S-006801,Kim Thompson,120007,PRGS,Personal Auto,2025-03-10,Portal,Bound
S-006802,Kim Thompson,120007,HART,Personal Auto,2025-03-18,IVANS,Quoted
S-006803,Kim Thompson,120007,TRAV,Personal Auto,2025-02-07,Portal,Declined
S-006804,Pamela Martin,120226,PRGS,Personal Auto,2025-03-08,IVANS,Bound
S-006805,Pamela Martin,120226,ALLS,Personal Auto,2025-03-05,Email,Quoted
S-006806,Pamela Martin,120226,FARM,Personal Auto,2025-01-31,Portal,Declined
S-006807,Pamela Martin,120226,AMFA,Personal Auto,2025-02-10,IVANS,Quoted
S-006808,Denise Brown,120197,PRGS,Personal Auto,2025-01-31,IVANS,Bound
S-006809,Denise Brown,120197,TRAV,Personal Auto,2025-02-28,IVANS,Declined
S-006810,Denise Brown,120197,HART,Personal Auto,2025-02-14,Portal,Declined
S-006811,Denise Brown,120197,TRAV,Personal Auto,2025-02-01,IVANS,Quoted
S-006812,Jessica Swanson,120063,GEIC,Personal Auto,2025-02-26,Portal,Bound
S-006813,Jessica Swanson,120063,HART,Personal Auto,2025-02-09,Portal,Quoted
S-006814,Jessica Swanson,120063,NATI,Personal Auto,2025-03-17,IVANS,Quoted
S-006815,Marilyn Williams,120298,HART,BOP,2025-02-16,Portal,Bound
S-006816,Marilyn Williams,120298,GEIC,BOP,2025-03-04,Portal,Declined
S-006817,Matthew Brown,120200,TRAV,Personal Auto,2025-03-09,Portal,Bound
S-006818,Matthew Brown,120200,GEIC,Personal Auto,2025-03-14,IVANS,Declined
S-006819,Matthew Brown,120200,GEIC,Personal Auto,2025-03-11,IVANS,Declined
S-006820,Matthew Brown,120200,FARM,Personal Auto,2025-03-12,Email,Declined
S-006821,Barbara Carter,120111,NATI,WC,2025-03-01,IVANS,Bound
S-006822,Barbara Carter,120111,LIBM,WC,2025-02-27,Portal,Quoted
S-006823,Gregory Garrett,120163,GEIC,Personal Auto,2025-02-09,Portal,Bound
S-006824,Gregory Garrett,120163,CHUB,Personal Auto,2025-02-17,Portal,Quoted
S-006825,Peter Harris,120024,HART,Homeowners,2025-03-11,Portal,Bound
S-006826,Peter Harris,120024,NATI,Homeowners,2025-02-15,Portal,Declined
S-006827,Peter Harris,120024,FARM,Homeowners,2025-02-14,IVANS,Quoted
S-006828,Jeremy Taylor,120230,CHUB,Personal Auto,2025-02-03,IVANS,Bound
S-006829,Jeremy Taylor,120230,AMFA,Personal Auto,2025-02-03,Portal,Quoted
S-006830,Jennifer Patel,120089,AMFA,Homeowners,2025-02-28,Portal,Bound
S-006831,Jennifer Patel,120089,FARM,Homeowners,2025-02-19,Portal,Quoted
S-006832,Jennifer Patel,120089,ALLS,Homeowners,2025-03-12,Portal,Declined
S-006833,Brett Daniels,120269,LIBM,Umbrella,2025-03-20,Portal,Bound
S-006834,Brett Daniels,120269,NATI,Umbrella,2025-03-02,IVANS,Quoted
S-006835,Brett Daniels,120269,TRAV,Umbrella,2025-03-16,IVANS,Quoted
S-006836,Brett Daniels,120269,FARM,Umbrella,2025-03-11,Portal,Quoted
S-006837,Jason Davies,120288,FARM,Personal Auto,2025-02-05,IVANS,Bound
S-006838,Jason Davies,120288,PRGS,Personal Auto,2025-03-09,Portal,Quoted
S-006839,Kayla Heath,120293,NATI,BOP,2025-03-04,Portal,Bound
S-006840,Kayla Heath,120293,CHUB,BOP,2025-02-17,IVANS,Quoted
S-006841,Kayla Heath,120293,ALLS,BOP,2025-03-23,Portal,Quoted
S-006842,Anna Chaney,120124,FARM,BOP,2025-03-08,Portal,Bound
S-006843,Anna Chaney,120124,NATI,BOP,2025-03-11,Portal,Declined
S-006844,Anna Chaney,120124,PRGS,BOP,2025-02-12,IVANS,Declined
S-006845,Reginald Kane,120122,GEIC,Homeowners,2025-02-27,IVANS,Bound
S-006846,Reginald Kane,120122,CHUB,Homeowners,2025-03-11,IVANS,Quoted
S-006847,Reginald Kane,120122,LIBM,Homeowners,2025-03-17,Portal,Quoted
S-006848,Reginald Kane,120122,ALLS,Homeowners,2025-02-13,IVANS,Quoted
S-006849,Jill Sanders,120108,NATI,Package,2025-02-23,IVANS,Bound
S-006850,Jill Sanders,120108,HART,Package,2025-02-04,IVANS,Declined
S-006851,Jill Sanders,120108,GEIC,Package,2025-03-17,Portal,Quoted
S-006852,Jill Sanders,120108,HART,Package,2025-03-04,Portal,Quoted
S-006853,Veronica Richard,120096,ALLS,BOP,2025-02-17,Portal,Bound
S-006854,Veronica Richard,120096,NATI,BOP,2025-02-20,Portal,Quoted
S-006855,Veronica Richard,120096,FARM,BOP,2025-02-21,IVANS,Quoted
S-006856,Veronica Richard,120096,LIBM,BOP,2025-02-25,Email,Declined
S-006857,Amber Garcia,120171,ALLS,BOP,2025-03-11,IVANS,Bound
S-006858,Amber Garcia,120171,FARM,BOP,2025-03-22,Portal,Quoted
S-006859,Mark Joseph,120136,GEIC,Personal Auto,2025-02-17,Portal,Bound
S-006860,Mark Joseph,120136,CHUB,Personal Auto,2025-02-16,Portal,Declined
S-006861,Mark Joseph,120136,ALLS,Personal Auto,2025-02-08,Portal,Declined
S-006862,Kimberly Thompson,120173,GEIC,Personal Auto,2025-03-01,Portal,Bound
S-006863,Kimberly Thompson,120173,FARM,Personal Auto,2025-03-05,Portal,Quoted
S-006864,Kimberly Thompson,120173,NATI,Personal Auto,2025-03-18,IVANS,Declined
S-006865,Tracy Walls,120270,TRAV,Umbrella,2025-03-12,Portal,Bound
S-006866,Tracy Walls,120270,ALLS,Umbrella,2025-03-02,IVANS,Quoted
S-006867,Tracy Walls,120270,ALLS,Umbrella,2025-02-14,IVANS,Quoted
S-006868,Tracy Walls,120270,PRGS,Umbrella,2025-02-28,IVANS,Quoted
S-006869,James Miller,120293,PRGS,BOP,2025-02-10,Portal,Bound
S-006870,James Miller,120293,CHUB,BOP,2025-03-07,Portal,Declined
S-006871,James Miller,120293,NATI,BOP,2025-02-01,Portal,Quoted
S-006872,Teresa Best,120246,HART,Umbrella,2025-03-06,Portal,Bound
S-006873,Teresa Best,120246,GEIC,Umbrella,2025-02-27,Portal,Declined
S-006874,Teresa Best,120246,NATI,Umbrella,2025-02-06,IVANS,Quoted
S-006875,Teresa Best,120246,TRAV,Umbrella,2025-02-12,Portal,Declined
S-006876,Raymond Houston,120168,GEIC,BOP,2025-03-15,Portal,Bound
S-006877,Raymond Houston,120168,AMFA,BOP,2025-02-04,Portal,Quoted
S-006878,Ashley Watkins,120034,HART,Umbrella,2025-02-14,IVANS,Bound
S-006879,Ashley Watkins,120034,NATI,Umbrella,2025-03-06,Email,Quoted
S-006880,Ashley Watkins,120034,GEIC,Umbrella,2025-02-19,Email,Quoted
S-006881,Edward Lawrence,120203,GEIC,BOP,2025-02-25,Portal,Bound
S-006882,Edward Lawrence,120203,ALLS,BOP,2025-03-11,IVANS,Quoted
S-006883,Edward Lawrence,120203,TRAV,BOP,2025-02-17,IVANS,Declined
S-006884,Edward Lawrence,120203,FARM,BOP,2025-02-18,Portal,Quoted
S-006885,Bradley Combs,120028,ALLS,Personal Auto,2025-02-25,IVANS,Bound
S-006886,Bradley Combs,120028,TRAV,Personal Auto,2025-02-10,IVANS,Quoted
S-006887,Bradley Combs,120028,FARM,Personal Auto,2025-03-19,IVANS,Declined
S-006888,Tammy Robinson,120099,NATI,BOP,2025-03-25,Portal,Bound
S-006889,Tammy Robinson,120099,GEIC,BOP,2025-03-05,Portal,Quoted
S-006890,Tammy Robinson,120099,ALLS,BOP,2025-01-31,IVANS,Quoted
S-006891,Benjamin Wilson,120120,ALLS,Personal Auto,2025-02-03,IVANS,Bound
S-006892,Benjamin Wilson,120120,PRGS,Personal Auto,2025-03-24,Portal,Quoted
S-006893,Benjamin Wilson,120120,AMFA,Personal Auto,2025-03-06,IVANS,Quoted
S-006894,Meagan Mills,120296,HART,Personal Auto,2025-03-08,Portal,Bound
S-006895,Meagan Mills,120296,TRAV,Personal Auto,2025-03-13,Portal,Quoted
S-006896,Meagan Mills,120296,LIBM,Personal Auto,2025-02-26,IVANS,Declined
S-006897,Charles Green,120032,GEIC,Umbrella,2025-03-04,Portal,Bound
S-006898,Charles Green,120032,NATI,Umbrella,2025-03-03,Portal,Quoted
S-006899,Charles Green,120032,CHUB,Umbrella,2025-03-09,IVANS,Quoted
S-006900,Charles Green,120032,LIBM,Umbrella,2025-03-02,IVANS,Quoted
S-006901,Rachel Fuentes,120021,AMFA,Homeowners,2025-03-17,IVANS,Bound
S-006902,Rachel Fuentes,120021,ALLS,Homeowners,2025-03-23,IVANS,Declined
S-006903,Alexis Jones,120270,NATI,WC,2025-02-08,IVANS,Bound
S-006904,Alexis Jones,120270,PRGS,WC,2025-03-09,IVANS,Quoted
S-006905,Alexis Jones,120270,LIBM,WC,2025-03-02,Portal,Declined
S-006906,Duane Lynch,120200,AMFA,BOP,2025-03-03,IVANS,Bound
S-006907,Duane Lynch,120200,CHUB,BOP,2025-03-07,Portal,Declined
S-006908,Duane Lynch,120200,HART,BOP,2025-02-14,Portal,Declined
S-006909,Melanie Patterson,120090,PRGS,Homeowners,2025-02-24,IVANS,Bound
S-006910,Melanie Patterson,120090,ALLS,Homeowners,2025-03-22,IVANS,Quoted
S-006911,Melanie Patterson,120090,LIBM,Homeowners,2025-03-22,Portal,Quoted
S-006912,Jessica Santiago,120058,ALLS,Personal Auto,2025-03-15,IVANS,Bound
S-006913,Jessica Santiago,120058,AMFA,Personal Auto,2025-02-01,Portal,Quoted
S-006914,Andrew Hill,120177,NATI,Homeowners,2025-02-18,IVANS,Bound
S-006915,Andrew Hill,120177,AMFA,Homeowners,2025-03-08,Portal,Quoted
S-006916,Andrew Hill,120177,LIBM,Homeowners,2025-03-04,Portal,Quoted
S-006917,Andrew Hill,120177,FARM,Homeowners,2025-03-24,Portal,Declined
S-006918,Zachary Winters,120220,PRGS,Umbrella,2025-02-12,IVANS,Bound
S-006919,Zachary Winters,120220,LIBM,Umbrella,2025-02-15,Portal,Declined
S-006920,Zachary Winters,120220,LIBM,Umbrella,2025-03-09,Portal,Quoted
S-006921,Zachary Winters,120220,HART,Umbrella,2025-02-15,IVANS,Declined
S-006922,Robert Sharp,120151,ALLS,Package,2025-02-11,Portal,Bound
S-006923,Robert Sharp,120151,AMFA,Package,2025-03-25,Portal,Declined
S-006924,Robert Sharp,120151,TRAV,Package,2025-03-13,IVANS,Quoted
S-006925,Robert Sharp,120151,LIBM,Package,2025-03-01,Portal,Quoted
S-006926,Timothy Smith,120269,ALLS,WC,2025-02-06,IVANS,Bound
S-006927,Timothy Smith,120269,FARM,WC,2025-02-03,Email,Quoted
S-006928,Timothy Smith,120269,AMFA,WC,2025-02-04,IVANS,Quoted
S-006929,Timothy Smith,120269,FARM,WC,2025-03-06,IVANS,Quoted
S-006930,Laura Holmes,120115,PRGS,Umbrella,2025-03-12,IVANS,Bound
S-006931,Laura Holmes,120115,HART,Umbrella,2025-03-14,Portal,Quoted
S-006932,Laura Holmes,120115,FARM,Umbrella,2025-02-12,IVANS,Declined
S-006933,Ronald Roy,120201,ALLS,Homeowners,2025-03-16,Portal,Bound
S-006934,Ronald Roy,120201,HART,Homeowners,2025-02-21,Email,Quoted
S-006935,Ronald Roy,120201,LIBM,Homeowners,2025-03-12,Email,Quoted
S-006936,Eric Garcia,120039,PRGS,Personal Auto,2025-03-23,Portal,Bound
S-006937,Eric Garcia,120039,FARM,Personal Auto,2025-02-13,IVANS,Quoted
S-006938,Eric Garcia,120039,NATI,Personal Auto,2025-03-12,Portal,Declined
S-006939,Timothy Rose,120275,GEIC,Personal Auto,2025-03-18,Portal,Bound
S-006940,Timothy Rose,120275,LIBM,Personal Auto,2025-03-09,Portal,Quoted
S-006941,Richard Shelton,120117,ALLS,Package,2025-02-11,Portal,Bound
S-006942,Richard Shelton,120117,CHUB,Package,2025-02-11,IVANS,Quoted
S-006943,Richard Shelton,120117,AMFA,Package,2025-03-19,IVANS,Quoted
S-006944,Riley Jones,120247,GEIC,Personal Auto,2025-02-21,Portal,Bound
S-006945,Riley Jones,120247,FARM,Personal Auto,2025-02-17,IVANS,Declined
S-006946,Jacob Rodriguez,120181,GEIC,Homeowners,2025-03-15,IVANS,Bound
S-006947,Jacob Rodriguez,120181,TRAV,Homeowners,2025-03-12,Portal,Quoted
S-006948,Chase Green,120116,TRAV,Umbrella,2025-02-19,IVANS,Bound
S-006949,Chase Green,120116,NATI,Umbrella,2025-02-01,IVANS,Declined
S-006950,Chase Green,120116,NATI,Umbrella,2025-02-19,IVANS,Quoted
S-006951,Robert Brown,120248,CHUB,Homeowners,2025-03-16,IVANS,Bound
S-006952,Robert Brown,120248,FARM,Homeowners,2025-02-16,IVANS,Declined
S-006953,William Gonzales,120265,FARM,Personal Auto,2025-03-25,Email,Bound
S-006954,William Gonzales,120265,HART,Personal Auto,2025-02-09,IVANS,Declined
S-006955,Sandra Davis,120074,HART,Personal Auto,2025-02-22,Portal,Bound
S-006956,Sandra Davis,120074,PRGS,Personal Auto,2025-03-16,IVANS,Declined
S-006957,Sandra Davis,120074,PRGS,Personal Auto,2025-03-15,Portal,Declined
S-006958,Sandra Davis,120074,AMFA,Personal Auto,2025-02-06,Portal,Quoted
S-006959,Steven Madden,120278,TRAV,Umbrella,2025-03-05,Portal,Bound
S-006960,Steven Madden,120278,NATI,Umbrella,2025-02-11,IVANS,Declined
S-006961,Jonathan Ramos,120224,LIBM,Homeowners,2025-02-11,Portal,Bound
S-006962,Jonathan Ramos,120224,ALLS,Homeowners,2025-02-20,IVANS,Quoted
S-006963,John Peterson,120028,TRAV,BOP,2025-03-03,Portal,Bound
S-006964,John Peterson,120028,PRGS,BOP,2025-02-26,Portal,Declined
S-006965,John Peterson,120028,ALLS,BOP,2025-02-15,Portal,Quoted
S-006966,Roy Jones,120029,ALLS,BOP,2025-02-21,IVANS,Bound
S-006967,Roy Jones,120029,FARM,BOP,2025-03-09,IVANS,Declined
S-006968,Lisa Marquez,120157,GEIC,Personal Auto,2025-03-23,IVANS,Bound
S-006969,Lisa Marquez,120157,LIBM,Personal Auto,2025-03-10,Email,Declined
S-006970,Lisa Marquez,120157,LIBM,Personal Auto,2025-02-03,Portal,Declined
S-006971,Lisa Marquez,120157,NATI,Personal Auto,2025-03-09,IVANS,Declined
S-006972,Christopher Flores,120039,GEIC,BOP,2025-03-18,IVANS,Bound
S-006973,Christopher Flores,120039,TRAV,BOP,2025-02-05,Portal,Quoted
S-006974,Christopher Flores,120039,TRAV,BOP,2025-03-22,Portal,Declined
S-006975,Christopher Flores,120039,NATI,BOP,2025-02-07,IVANS,Quoted
S-006976,Robin Smith,120083,FARM,Personal Auto,2025-02-11,Portal,Bound
S-006977,Robin Smith,120083,PRGS,Personal Auto,2025-03-11,Portal,Declined
S-006978,Kristen Lewis,120123,TRAV,Personal Auto,2025-01-31,Portal,Bound
S-006979,Kristen Lewis,120123,ALLS,Personal Auto,2025-03-11,IVANS,Quoted
S-006980,Reginald Spencer,120174,TRAV,Umbrella,2025-02-01,Portal,Bound
S-006981,Reginald Spencer,120174,ALLS,Umbrella,2025-02-23,Portal,Quoted
S-006982,Reginald Spencer,120174,LIBM,Umbrella,2025-02-05,IVANS,Quoted
S-006983,Reginald Spencer,120174,PRGS,Umbrella,2025-02-02,Email,Quoted
S-006984,Kenneth Snyder,120289,CHUB,Personal Auto,2025-02-26,Portal,Bound
S-006985,Kenneth Snyder,120289,PRGS,Personal Auto,2025-02-28,Portal,Quoted
S-006986,Kenneth Snyder,120289,AMFA,Personal Auto,2025-02-17,IVANS,Declined
S-006987,Debra Good,120122,PRGS,BOP,2025-02-09,IVANS,Bound
S-006988,Debra Good,120122,FARM,BOP,2025-02-11,IVANS,Quoted
S-006989,Craig Garcia,120209,CHUB,Personal Auto,2025-02-02,IVANS,Bound
S-006990,Craig Garcia,120209,ALLS,Personal Auto,2025-03-04,IVANS,Quoted
S-006991,Kimberly Meyers,120273,ALLS,Homeowners,2025-03-06,Email,Bound
S-006992,Kimberly Meyers,120273,GEIC,Homeowners,2025-02-07,IVANS,Declined
S-006993,Kimberly Meyers,120273,NATI,Homeowners,2025-03-14,Portal,Quoted
S-006994,Kimberly Meyers,120273,HART,Homeowners,2025-02-27,Portal,Quoted
S-006995,Gary Parker,120044,NATI,Homeowners,2025-02-07,IVANS,Bound
S-006996,Gary Parker,120044,HART,Homeowners,2025-03-05,IVANS,Quoted
S-006997,Gary Parker,120044,AMFA,Homeowners,2025-02-17,Portal,Quoted
S-006998,Rebecca Sutton,120166,ALLS,Personal Auto,2025-02-18,IVANS,Bound
S-006999,Rebecca Sutton,120166,LIBM,Personal Auto,2025-03-23,Portal,Quoted
S-007000,Ruth Lloyd,120174,PRGS,Homeowners,2025-02-15,Portal,Bound
S-007001,Ruth Lloyd,120174,GEIC,Homeowners,2025-03-20,IVANS,Quoted
S-007002,Ruth Lloyd,120174,AMFA,Homeowners,2025-02-16,Portal,Quoted
S-007003,Ruth Lloyd,120174,HART,Homeowners,2025-03-10,Portal,Declined
S-007004,Patrick Mcbride,120184,TRAV,WC,2025-02-23,Portal,Bound
S-007005,Patrick Mcbride,120184,HART,WC,2025-03-03,Portal,Declined
S-007006,Patrick Mcbride,120184,ALLS,WC,2025-03-06,Portal,Declined
S-007007,Patrick Mcbride,120184,CHUB,WC,2025-02-25,IVANS,Declined
S-007008,Tanner Valdez,120216,PRGS,WC,2025-02-26,IVANS,Bound
S-007009,Tanner Valdez,120216,HART,WC,2025-02-17,Portal,Quoted
S-007010,Tanner Valdez,120216,HART,WC,2025-03-12,Portal,Quoted
S-007011,Tanner Valdez,120216,GEIC,WC,2025-02-28,Portal,Declined
S-007012,Lori Nguyen,120074,GEIC,WC,2025-02-16,Portal,Bound
S-007013,Lori Nguyen,120074,TRAV,WC,2025-03-05,Portal,Quoted
S-007014,Lori Nguyen,120074,CHUB,WC,2025-02-02,Portal,Quoted
S-007015,Amber Chambers,120259,NATI,BOP,2025-02-19,Portal,Bound
S-007016,Amber Chambers,120259,PRGS,BOP,2025-02-01,IVANS,Declined
S-007017,Amber Chambers,120259,HART,BOP,2025-03-25,IVANS,Declined
S-007018,Amber Chambers,120259,AMFA,BOP,2025-03-08,IVANS,Quoted
S-007019,James Anderson,120255,TRAV,Homeowners,2025-02-11,IVANS,Bound
S-007020,James Anderson,120255,CHUB,Homeowners,2025-03-08,IVANS,Quoted
S-007021,James Anderson,120255,NATI,Homeowners,2025-03-03,IVANS,Quoted
S-007022,James Anderson,120255,LIBM,Homeowners,2025-03-14,IVANS,Declined
S-007023,Catherine Hutchinson,120010,PRGS,Personal Auto,2025-02-10,IVANS,Bound
S-007024,Catherine Hutchinson,120010,AMFA,Personal Auto,2025-02-10,Portal,Quoted
S-007025,Catherine Hutchinson,120010,ALLS,Personal Auto,2025-02-03,IVANS,Quoted
S-007026,Catherine Hutchinson,120010,CHUB,Personal Auto,2025-02-01,Portal,Quoted
S-007027,Janet Nelson,120167,GEIC,WC,2025-02-27,IVANS,Bound
S-007028,Janet Nelson,120167,AMFA,WC,2025-03-20,Portal,Declined
S-007029,Valerie Moore,120028,PRGS,Homeowners,2025-03-19,Portal,Bound
S-007030,Valerie Moore,120028,LIBM,Homeowners,2025-03-22,Email,Quoted
S-007031,Marissa Mathis,120061,HART,Homeowners,2025-02-12,IVANS,Bound
S-007032,Marissa Mathis,120061,NATI,Homeowners,2025-02-15,IVANS,Quoted
S-007033,Kathleen Roberson,120075,LIBM,Umbrella,2025-02-11,IVANS,Bound
S-007034,Kathleen Roberson,120075,ALLS,Umbrella,2025-03-09,IVANS,Declined
S-007035,Kathleen Roberson,120075,CHUB,Umbrella,2025-03-18,IVANS,Declined
S-007036,Meghan Wolfe,120282,ALLS,WC,2025-03-19,Portal,Bound
S-007037,Meghan Wolfe,120282,LIBM,WC,2025-02-19,Portal,Quoted
S-007038,Meghan Wolfe,120282,CHUB,WC,2025-03-22,IVANS,Quoted
S-007039,Meghan Wolfe,120282,TRAV,WC,2025-02-16,Portal,Declined
S-007040,Timothy Collins,120063,CHUB,Homeowners,2025-02-13,IVANS,Bound
S-007041,Timothy Collins,120063,FARM,Homeowners,2025-02-05,Portal,Declined
S-007042,Kathleen Jackson,120158,TRAV,WC,2025-02-22,Portal,Bound
S-007043,Kathleen Jackson,120158,AMFA,WC,2025-03-25,IVANS,Quoted
S-007044,Susan Grimes,120213,FARM,WC,2025-02-21,Portal,Bound
S-007045,Susan Grimes,120213,NATI,WC,2025-03-17,Portal,Quoted
S-007046,Susan Grimes,120213,NATI,WC,2025-03-14,Portal,Quoted
S-007047,Alyssa Bentley,120020,TRAV,Homeowners,2025-03-09,IVANS,Bound
S-007048,Alyssa Bentley,120020,GEIC,Homeowners,2025-02-14,Portal,Quoted
S-007049,Alyssa Bentley,120020,ALLS,Homeowners,2025-02-19,IVANS,Quoted
S-007050,Elaine Collins,120260,CHUB,Personal Auto,2025-02-17,Portal,Bound
S-007051,Elaine Collins,120260,AMFA,Personal Auto,2025-02-01,Portal,Quoted
S-007052,Elaine Collins,120260,TRAV,Personal Auto,2025-02-20,Portal,Quoted
S-007053,Kendra Jordan,120003,FARM,Homeowners,2025-02-07,Portal,Bound
S-007054,Kendra Jordan,120003,AMFA,Homeowners,2025-02-01,Portal,Quoted
S-007055,Kendra Jordan,120003,AMFA,Homeowners,2025-03-01,Portal,Declined
S-007056,Elizabeth Robinson,120037,ALLS,Personal Auto,2025-03-18,Email,Bound
S-007057,Elizabeth Robinson,120037,NATI,Personal Auto,2025-02-25,Portal,Declined
S-007058,Elizabeth Robinson,120037,CHUB,Personal Auto,2025-03-19,Portal,Quoted
S-007059,Jill Price,120089,NATI,Umbrella,2025-03-18,Portal,Bound
S-007060,Jill Price,120089,LIBM,Umbrella,2025-03-11,Portal,Declined
S-007061,Jill Price,120089,CHUB,Umbrella,2025-03-17,IVANS,Quoted
S-007062,Jill Price,120089,LIBM,Umbrella,2025-03-14,IVANS,Declined
S-007063,Christopher Hayes,120247,GEIC,Umbrella,2025-02-02,Portal,Bound
S-007064,Christopher Hayes,120247,AMFA,Umbrella,2025-02-24,IVANS,Declined
S-007065,Christopher Hayes,120247,AMFA,Umbrella,2025-03-25,IVANS,Quoted
S-007066,Joshua Marsh,120260,HART,BOP,2025-03-03,Portal,Bound
S-007067,Joshua Marsh,120260,LIBM,BOP,2025-03-25,Email,Declined
S-007068,Joshua Marsh,120260,NATI,BOP,2025-02-11,Portal,Quoted
S-007069,Joshua Marsh,120260,TRAV,BOP,2025-02-10,IVANS,Quoted
S-007070,David Jones,120038,HART,BOP,2025-03-06,Portal,Bound
S-007071,David Jones,120038,FARM,BOP,2025-03-07,Portal,Declined
S-007072,David Jones,120038,GEIC,BOP,2025-02-11,Portal,Quoted
S-007073,David Jones,120038,NATI,BOP,2025-02-08,IVANS,Quoted
S-007074,William Oneal,120286,TRAV,WC,2025-02-16,Portal,Bound
S-007075,William Oneal,120286,ALLS,WC,2025-02-23,IVANS,Quoted
S-007076,William Oneal,120286,FARM,WC,2025-02-10,IVANS,Quoted
S-007077,William Oneal,120286,CHUB,WC,2025-02-15,Portal,Quoted
S-007078,Ronald Ramos,120078,AMFA,Personal Auto,2025-02-12,IVANS,Bound
S-007079,Ronald Ramos,120078,GEIC,Personal Auto,2025-03-14,IVANS,Quoted
S-007080,Ronald Ramos,120078,ALLS,Personal Auto,2025-01-31,IVANS,Quoted
S-007081,Ronald Ramos,120078,NATI,Personal Auto,2025-03-25,IVANS,Quoted
S-007082,Angela Reilly,120174,PRGS,Personal Auto,2025-02-06,IVANS,Bound
S-007083,Angela Reilly,120174,LIBM,Personal Auto,2025-02-05,IVANS,Quoted
S-007084,Angela Reilly,120174,HART,Personal Auto,2025-02-17,Email,Quoted
S-007085,Taylor Gordon,120163,AMFA,WC,2025-02-19,Portal,Bound
S-007086,Taylor Gordon,120163,NATI,WC,2025-02-11,IVANS,Quoted
S-007087,Taylor Gordon,120163,GEIC,WC,2025-03-06,Email,Quoted
S-007088,Steven Huang,120060,NATI,Personal Auto,2025-03-20,IVANS,Bound
S-007089,Steven Huang,120060,AMFA,Personal Auto,2025-03-03,Portal,Quoted
S-007090,Steven Huang,120060,GEIC,Personal Auto,2025-02-12,Portal,Quoted
S-007091,Steven Huang,120060,LIBM,Personal Auto,2025-02-24,Portal,Quoted
S-007092,Robert Hudson,120198,HART,Personal Auto,2025-03-20,IVANS,Bound
S-007093,Robert Hudson,120198,PRGS,Personal Auto,2025-02-06,IVANS,Quoted
S-007094,Tyler Knight,120204,TRAV,Homeowners,2025-02-09,IVANS,Bound
S-007095,Tyler Knight,120204,CHUB,Homeowners,2025-02-08,IVANS,Quoted
S-007096,Tyler Knight,120204,NATI,Homeowners,2025-03-17,IVANS,Declined
S-007097,Brianna Maldonado,120295,AMFA,WC,2025-03-24,Portal,Bound
S-007098,Brianna Maldonado,120295,CHUB,WC,2025-02-10,IVANS,Quoted
S-007099,Brianna Maldonado,120295,HART,WC,2025-03-10,IVANS,Quoted
S-007100,Brianna Maldonado,120295,NATI,WC,2025-03-04,IVANS,Declined
S-007101,Tara Lee,120227,GEIC,Homeowners,2025-02-04,IVANS,Bound
S-007102,Tara Lee,120227,LIBM,Homeowners,2025-02-07,Portal,Declined
S-007103,Tara Lee,120227,FARM,Homeowners,2025-02-23,Portal,Declined
S-007104,Tara Lee,120227,PRGS,Homeowners,2025-03-22,Portal,Quoted
S-007105,John Alvarez,120292,TRAV,Personal Auto,2025-03-06,Portal,Bound
S-007106,John Alvarez,120292,NATI,Personal Auto,2025-01-31,Portal,Quoted
S-007107,Wendy Nolan,120291,TRAV,Personal Auto,2025-02-13,IVANS,Bound
S-007108,Wendy Nolan,120291,ALLS,Personal Auto,2025-03-15,Portal,Quoted
S-007109,John French,120180,HART,WC,2025-03-11,IVANS,Bound
S-007110,John French,120180,TRAV,WC,2025-03-24,Portal,Quoted
S-007111,John French,120180,TRAV,WC,2025-02-06,Portal,Quoted
S-007112,John French,120180,GEIC,WC,2025-02-21,Portal,Quoted
S-007113,Kaitlyn Holland,120289,TRAV,WC,2025-02-25,IVANS,Bound
S-007114,Kaitlyn Holland,120289,FARM,WC,2025-03-25,IVANS,Quoted
S-007115,Kaitlyn Holland,120289,HART,WC,2025-02-27,IVANS,Quoted
S-007116,Kaitlyn Holland,120289,HART,WC,2025-02-12,Portal,Declined
S-007117,Sarah Bryan,120189,ALLS,Homeowners,2025-03-09,Portal,Bound
S-007118,Sarah Bryan,120189,NATI,Homeowners,2025-03-09,IVANS,Quoted
S-007119,Jesus Webb,120064,PRGS,Personal Auto,2025-03-04,IVANS,Bound
S-007120,Jesus Webb,120064,ALLS,Personal Auto,2025-03-19,IVANS,Quoted
S-007121,Emily Ponce,120037,LIBM,Personal Auto,2025-02-28,Portal,Bound
S-007122,Emily Ponce,120037,GEIC,Personal Auto,2025-02-03,IVANS,Declined
S-007123,Matthew Hart,120180,LIBM,Personal Auto,2025-02-08,Portal,Bound
S-007124,Matthew Hart,120180,NATI,Personal Auto,2025-02-05,IVANS,Quoted
S-007125,Matthew Hart,120180,NATI,Personal Auto,2025-02-14,IVANS,Declined
S-007126,Matthew Hart,120180,CHUB,Personal Auto,2025-02-08,Email,Declined
S-007127,Debra Wilson,120215,HART,Personal Auto,2025-03-15,IVANS,Bound
S-007128,Debra Wilson,120215,NATI,Personal Auto,2025-02-11,Portal,Quoted
S-007129,Debra Wilson,120215,GEIC,Personal Auto,2025-02-23,IVANS,Quoted
S-007130,Debra Wilson,120215,GEIC,Personal Auto,2025-02-12,IVANS,Declined
S-007131,Dana Shaw,120261,TRAV,Personal Auto,2025-03-06,IVANS,Bound
S-007132,Dana Shaw,120261,NATI,Personal Auto,2025-02-06,IVANS,Quoted
S-007133,Dana Shaw,120261,PRGS,Personal Auto,2025-03-04,IVANS,Quoted
S-007134,Dana Shaw,120261,AMFA,Personal Auto,2025-02-18,Portal,Quoted
S-007135,Cody King,120280,FARM,Homeowners,2025-02-25,IVANS,Bound
S-007136,Cody King,120280,PRGS,Homeowners,2025-03-08,Email,Quoted
S-007137,Cody King,120280,GEIC,Homeowners,2025-02-11,IVANS,Quoted
S-007138,Cody King,120280,LIBM,Homeowners,2025-03-10,IVANS,Quoted
S-007139,Marissa Moreno,120132,ALLS,BOP,2025-03-21,Portal,Bound
S-007140,Marissa Moreno,120132,FARM,BOP,2025-02-28,IVANS,Declined
S-007141,Michael Miller,120043,CHUB,Umbrella,2025-03-25,IVANS,Bound
S-007142,Michael Miller,120043,TRAV,Umbrella,2025-03-22,IVANS,Declined
S-007143,Michael Miller,120043,TRAV,Umbrella,2025-03-10,Portal,Quoted
S-007144,Janet Moore,120246,PRGS,Homeowners,2025-02-20,IVANS,Bound
S-007145,Janet Moore,120246,GEIC,Homeowners,2025-02-13,Portal,Quoted
S-007146,Ruth Murillo,120224,CHUB,Personal Auto,2025-03-17,IVANS,Bound
S-007147,Ruth Murillo,120224,LIBM,Personal Auto,2025-02-07,IVANS,Declined
S-007148,Ruth Murillo,120224,ALLS,Personal Auto,2025-02-14,Portal,Quoted
S-007149,Ruth Murillo,120224,FARM,Personal Auto,2025-02-28,IVANS,Quoted
S-007150,Edward Harrison,120221,CHUB,BOP,2025-03-02,Portal,Bound
S-007151,Edward Harrison,120221,PRGS,BOP,2025-03-24,Portal,Declined
S-007152,Amber Stone,120270,GEIC,BOP,2025-03-08,Portal,Bound
S-007153,Amber Stone,120270,LIBM,BOP,2025-02-08,Portal,Quoted
S-007154,Amber Stone,120270,TRAV,BOP,2025-02-25,Portal,Quoted
S-007155,Amber Stone,120270,HART,BOP,2025-02-04,Portal,Quoted
S-007156,Anna Harris,120010,GEIC,BOP,2025-02-03,Portal,Bound
S-007157,Anna Harris,120010,ALLS,BOP,2025-02-14,Portal,Quoted
S-007158,Anna Harris,120010,TRAV,BOP,2025-02-26,IVANS,Quoted
S-007159,Anna Harris,120010,PRGS,BOP,2025-03-07,Portal,Declined
S-007160,Connor Simmons,120194,AMFA,Homeowners,2025-03-18,IVANS,Bound
S-007161,Connor Simmons,120194,PRGS,Homeowners,2025-03-12,IVANS,Quoted
S-007162,Michael Wolf,120246,PRGS,Personal Auto,2025-02-20,IVANS,Bound
S-007163,Michael Wolf,120246,GEIC,Personal Auto,2025-03-10,IVANS,Quoted
S-007164,Michael Wolf,120246,NATI,Personal Auto,2025-03-20,Portal,Quoted
S-007165,Michael Wolf,120246,HART,Personal Auto,2025-03-17,Portal,Declined
S-007166,Norman Anderson,120169,GEIC,BOP,2025-02-12,IVANS,Bound
S-007167,Norman Anderson,120169,AMFA,BOP,2025-01-31,IVANS,Declined
S-007168,Norman Anderson,120169,ALLS,BOP,2025-03-08,IVANS,Quoted
S-007169,Norman Anderson,120169,HART,BOP,2025-02-05,Portal,Quoted
S-007170,Jose Colon,120242,ALLS,Package,2025-03-04,Portal,Bound
S-007171,Jose Colon,120242,FARM,Package,2025-03-14,IVANS,Quoted
S-007172,Jose Colon,120242,CHUB,Package,2025-03-19,IVANS,Quoted
S-007173,Garrett Moreno,120192,PRGS,Personal Auto,2025-02-24,Portal,Bound
S-007174,Garrett Moreno,120192,FARM,Personal Auto,2025-02-17,Portal,Quoted
S-007175,Garrett Moreno,120192,AMFA,Personal Auto,2025-02-09,IVANS,Declined
S-007176,Garrett Moreno,120192,NATI,Personal Auto,2025-03-06,Portal,Declined
S-007177,Nicholas Reeves,120237,CHUB,Personal Auto,2025-02-06,IVANS,Bound
S-007178,Nicholas Reeves,120237,ALLS,Personal Auto,2025-02-19,Portal,Declined
S-007179,Nicholas Reeves,120237,NATI,Personal Auto,2025-03-13,IVANS,Quoted
S-007180,Nicholas Reeves,120237,NATI,Personal Auto,2025-02-05,IVANS,Declined
S-007181,John Hobbs,120228,NATI,BOP,2025-02-24,Portal,Bound
S-007182,John Hobbs,120228,LIBM,BOP,2025-02-06,IVANS,Quoted
S-007183,John Hobbs,120228,TRAV,BOP,2025-02-23,IVANS,Quoted
S-007184,Stephen Williams,120199,PRGS,Personal Auto,2025-03-06,Portal,Bound
S-007185,Stephen Williams,120199,LIBM,Personal Auto,2025-03-19,IVANS,Quoted
S-007186,Stephen Williams,120199,AMFA,Personal Auto,2025-02-13,Portal,Quoted
S-007187,Stephen Williams,120199,LIBM,Personal Auto,2025-02-27,IVANS,Quoted
S-007188,Devin Mason,120171,NATI,Package,2025-02-06,Portal,Bound
S-007189,Devin Mason,120171,AMFA,Package,2025-02-20,IVANS,Quoted
S-007190,Daniel Marshall,120153,CHUB,Personal Auto,2025-03-08,Email,Bound
S-007191,Daniel Marshall,120153,FARM,Personal Auto,2025-02-27,Portal,Declined
S-007192,Eric English,120114,GEIC,Homeowners,2025-02-02,IVANS,Bound
S-007193,Eric English,120114,TRAV,Homeowners,2025-02-11,Portal,Quoted
S-007194,Stephanie Richardson,120224,TRAV,BOP,2025-02-23,Portal,Bound
S-007195,Stephanie Richardson,120224,CHUB,BOP,2025-03-03,IVANS,Quoted
S-007196,Stephanie Richardson,120224,HART,BOP,2025-03-16,IVANS,Declined
S-007197,Stephanie Richardson,120224,HART,BOP,2025-02-23,IVANS,Declined
S-007198,William Gates,120199,NATI,Umbrella,2025-03-02,IVANS,Bound
S-007199,William Gates,120199,GEIC,Umbrella,2025-03-21,Portal,Quoted
S-007200,William Gates,120199,HART,Umbrella,2025-03-02,IVANS,Quoted
S-007201,Arthur Carlson,120044,ALLS,BOP,2025-03-03,Portal,Bound
S-007202,Arthur Carlson,120044,NATI,BOP,2025-02-16,Portal,Quoted
S-007203,Arthur Carlson,120044,NATI,BOP,2025-02-28,Portal,Declined
S-007204,Arthur Carlson,120044,GEIC,BOP,2025-02-14,Email,Quoted
S-007205,Matthew Gutierrez,120023,HART,Package,2025-02-01,Portal,Bound
S-007206,Matthew Gutierrez,120023,GEIC,Package,2025-02-23,Portal,Declined
S-007207,Matthew Gutierrez,120023,LIBM,Package,2025-03-20,IVANS,Quoted
S-007208,Matthew Gutierrez,120023,ALLS,Package,2025-03-09,IVANS,Declined
S-007209,Frank Ryan,120191,AMFA,Personal Auto,2025-02-03,IVANS,Bound
S-007210,Frank Ryan,120191,HART,Personal Auto,2025-03-06,Portal,Declined
S-007211,Frank Ryan,120191,CHUB,Personal Auto,2025-02-26,Portal,Declined
S-007212,Christina Perez,120286,PRGS,BOP,2025-03-04,IVANS,Bound
S-007213,Christina Perez,120286,LIBM,BOP,2025-03-09,Portal,Quoted
S-007214,Christina Perez,120286,HART,BOP,2025-02-10,Portal,Declined
S-007215,Christina Perez,120286,FARM,BOP,2025-02-17,IVANS,Quoted
S-007216,John Miller,120204,PRGS,WC,2025-02-14,Email,Bound
S-007217,John Miller,120204,LIBM,WC,2025-02-20,IVANS,Quoted
S-007218,Charles Wood,120097,AMFA,BOP,2025-02-03,Email,Bound
S-007219,Charles Wood,120097,HART,BOP,2025-03-21,Portal,Declined
S-007220,Ricky White,120222,CHUB,Personal Auto,2025-03-15,IVANS,Bound
S-007221,Ricky White,120222,FARM,Personal Auto,2025-03-12,Portal,Declined
S-007222,Barbara Fry,120052,GEIC,Umbrella,2025-02-23,Portal,Bound
S-007223,Barbara Fry,120052,ALLS,Umbrella,2025-03-18,Portal,Quoted
S-007224,Barbara Fry,120052,ALLS,Umbrella,2025-02-12,IVANS,Quoted
S-007225,Alexandria Morris,120279,TRAV,Personal Auto,2025-02-26,IVANS,Bound
S-007226,Alexandria Morris,120279,GEIC,Personal Auto,2025-02-10,Portal,Declined
S-007227,Alexandria Morris,120279,LIBM,Personal Auto,2025-02-23,IVANS,Quoted
S-007228,Alexandria Morris,120279,PRGS,Personal Auto,2025-02-25,IVANS,Quoted
S-007229,Heather Barker,120166,ALLS,BOP,2025-02-23,IVANS,Bound
S-007230,Heather Barker,120166,CHUB,BOP,2025-02-27,Portal,Declined
S-007231,Heather Barker,120166,NATI,BOP,2025-03-22,Portal,Declined
S-007232,Heather Barker,120166,TRAV,BOP,2025-02-10,Email,Quoted
S-007233,Kenneth Spears,120140,NATI,Personal Auto,2025-02-26,IVANS,Bound
S-007234,Kenneth Spears,120140,FARM,Personal Auto,2025-03-13,Portal,Quoted
S-007235,Samuel Nunez,120071,TRAV,Personal Auto,2025-02-16,Portal,Bound
S-007236,Samuel Nunez,120071,LIBM,Personal Auto,2025-02-02,Portal,Quoted
S-007237,Samuel Nunez,120071,AMFA,Personal Auto,2025-03-02,Portal,Quoted
S-007238,Samuel Nunez,120071,AMFA,Personal Auto,2025-03-04,IVANS,Quoted
S-007239,Rhonda Owens,120213,PRGS,Umbrella,2025-02-19,Portal,Bound
S-007240,Rhonda Owens,120213,CHUB,Umbrella,2025-03-25,Portal,Declined
S-007241,Jason Jones,120288,TRAV,Personal Auto,2025-03-22,IVANS,Bound
S-007242,Jason Jones,120288,LIBM,Personal Auto,2025-02-04,Portal,Quoted
S-007243,Jason Jones,120288,ALLS,Personal Auto,2025-02-24,Portal,Quoted
S-007244,Brendan Moreno,120018,FARM,Personal Auto,2025-03-14,Portal,Bound
S-007245,Brendan Moreno,120018,GEIC,Personal Auto,2025-02-14,Portal,Declined
S-007246,James Proctor,120168,TRAV,Personal Auto,2025-02-02,IVANS,Bound
S-007247,James Proctor,120168,AMFA,Personal Auto,2025-02-27,Portal,Declined
S-007248,Justin Velasquez,120135,TRAV,Homeowners,2025-03-18,IVANS,Bound
S-007249,Justin Velasquez,120135,GEIC,Homeowners,2025-03-03,Portal,Quoted
S-007250,Justin Velasquez,120135,CHUB,Homeowners,2025-03-07,Portal,Quoted
S-007251,Kayla Lopez,120296,TRAV,Umbrella,2025-03-21,IVANS,Bound
S-007252,Kayla Lopez,120296,CHUB,Umbrella,2025-02-06,IVANS,Quoted
S-007253,Kayla Lopez,120296,CHUB,Umbrella,2025-03-20,Email,Declined
S-007254,Elizabeth Burgess,120004,FARM,Homeowners,2025-02-05,IVANS,Bound
S-007255,Elizabeth Burgess,120004,NATI,Homeowners,2025-03-05,Email,Declined
S-007256,Joseph Vazquez,120224,AMFA,Homeowners,2025-02-07,IVANS,Bound
S-007257,Joseph Vazquez,120224,ALLS,Homeowners,2025-02-17,IVANS,Declined
S-007258,Joseph Vazquez,120224,ALLS,Homeowners,2025-02-19,Portal,Declined
S-007259,Joseph Vazquez,120224,ALLS,Homeowners,2025-02-23,Portal,Declined
S-007260,Kevin Edwards,120292,TRAV,Personal Auto,2025-03-02,Portal,Bound
S-007261,Kevin Edwards,120292,HART,Personal Auto,2025-03-18,IVANS,Quoted
S-007262,Kevin Edwards,120292,HART,Personal Auto,2025-02-27,IVANS,Quoted
S-007263,Sean Turner,120170,HART,BOP,2025-03-21,Portal,Bound
S-007264,Sean Turner,120170,FARM,BOP,2025-02-17,Portal,Quoted
S-007265,Sean Turner,120170,FARM,BOP,2025-02-01,Portal,Quoted
S-007266,Sean Turner,120170,AMFA,BOP,2025-03-18,IVANS,Quoted
S-007267,Brianna Johnson,120247,HART,Personal Auto,2025-02-28,IVANS,Bound
S-007268,Brianna Johnson,120247,GEIC,Personal Auto,2025-02-20,IVANS,Quoted
S-007269,Brianna Johnson,120247,TRAV,Personal Auto,2025-02-28,Portal,Declined
S-007270,Kiara Jones,120120,ALLS,Personal Auto,2025-02-05,IVANS,Bound
S-007271,Kiara Jones,120120,NATI,Personal Auto,2025-03-01,IVANS,Quoted
S-007272,Jessica Brown,120047,ALLS,Personal Auto,2025-02-16,Portal,Bound
S-007273,Jessica Brown,120047,FARM,Personal Auto,2025-02-08,IVANS,Quoted
S-007274,Jessica Brown,120047,LIBM,Personal Auto,2025-03-06,Portal,Quoted
S-007275,Jessica Brown,120047,FARM,Personal Auto,2025-02-11,IVANS,Declined
S-007276,Joseph Davis,120138,LIBM,Homeowners,2025-02-15,IVANS,Bound
S-007277,Joseph Davis,120138,PRGS,Homeowners,2025-03-06,IVANS,Quoted
S-007278,Joseph Davis,120138,CHUB,Homeowners,2025-02-24,IVANS,Quoted
S-007279,Robert Ray,120120,NATI,Homeowners,2025-01-31,Portal,Bound
S-007280,Robert Ray,120120,GEIC,Homeowners,2025-02-25,Portal,Declined
S-007281,Robert Ray,120120,TRAV,Homeowners,2025-03-17,IVANS,Quoted
S-007282,Robert Ray,120120,LIBM,Homeowners,2025-03-21,IVANS,Quoted
S-007283,Elijah Byrd,120173,PRGS,Personal Auto,2025-02-19,IVANS,Bound
S-007284,Elijah Byrd,120173,HART,Personal Auto,2025-02-19,IVANS,Declined
S-007285,Elijah Byrd,120173,AMFA,Personal Auto,2025-03-11,IVANS,Declined
S-007286,Elijah Byrd,120173,CHUB,Personal Auto,2025-03-03,Portal,Declined
S-007287,Sean Williams,120037,LIBM,Personal Auto,2025-02-14,Portal,Bound
S-007288,Sean Williams,120037,FARM,Personal Auto,2025-03-11,IVANS,Quoted
S-007289,Sean Williams,120037,AMFA,Personal Auto,2025-02-24,IVANS,Quoted
S-007290,Sean Williams,120037,ALLS,Personal Auto,2025-02-14,IVANS,Declined
S-007291,Lori Hart,120239,NATI,Personal Auto,2025-03-19,Portal,Bound
S-007292,Lori Hart,120239,FARM,Personal Auto,2025-02-23,IVANS,Quoted
S-007293,Lori Hart,120239,AMFA,Personal Auto,2025-03-08,Portal,Declined
S-007294,Lori Hart,120239,TRAV,Personal Auto,2025-02-07,IVANS,Quoted
S-007295,William Ware,120276,LIBM,Umbrella,2025-03-04,Portal,Bound
S-007296,William Ware,120276,FARM,Umbrella,2025-02-25,Portal,Quoted
S-007297,William Ware,120276,GEIC,Umbrella,2025-02-05,Portal,Quoted
S-007298,Anne Garcia,120078,CHUB,Umbrella,2025-03-01,IVANS,Bound
S-007299,Anne Garcia,120078,PRGS,Umbrella,2025-03-12,IVANS,Quoted
S-007300,Anne Garcia,120078,PRGS,Umbrella,2025-02-04,IVANS,Quoted
S-007301,Sherry Garcia,120188,TRAV,Personal Auto,2025-03-22,IVANS,Bound
S-007302,Sherry Garcia,120188,HART,Personal Auto,2025-03-06,Portal,Quoted
S-007303,Betty Matthews,120288,PRGS,Personal Auto,2025-02-07,IVANS,Bound
S-007304,Betty Matthews,120288,HART,Personal Auto,2025-03-25,IVANS,Quoted
S-007305,Betty Matthews,120288,GEIC,Personal Auto,2025-02-09,Portal,Quoted
S-007306,Victor Burke,120265,NATI,BOP,2025-03-17,Portal,Bound
S-007307,Victor Burke,120265,GEIC,BOP,2025-02-28,IVANS,Declined
S-007308,Victor Burke,120265,CHUB,BOP,2025-02-21,Portal,Quoted
S-007309,Anthony Howell,120097,AMFA,BOP,2025-03-07,Portal,Bound
S-007310,Anthony Howell,120097,ALLS,BOP,2025-03-16,Portal,Quoted
S-007311,Anthony Howell,120097,FARM,BOP,2025-02-26,IVANS,Declined
S-007312,Anthony Howell,120097,CHUB,BOP,2025-02-14,Portal,Declined
S-007313,Emily Fields,120235,TRAV,Homeowners,2025-03-05,Portal,Bound
S-007314,Emily Fields,120235,FARM,Homeowners,2025-03-14,Portal,Quoted
S-007315,Emily Fields,120235,LIBM,Homeowners,2025-03-08,Portal,Quoted
S-007316,Emily Fields,120235,ALLS,Homeowners,2025-03-22,Portal,Declined
S-007317,Lance Smith,120015,GEIC,Package,2025-03-17,Portal,Bound
S-007318,Lance Smith,120015,ALLS,Package,2025-03-08,Portal,Quoted
S-007319,Lance Smith,120015,PRGS,Package,2025-02-11,Portal,Declined
S-007320,Lance Smith,120015,FARM,Package,2025-02-07,Portal,Quoted
S-007321,Walter Nunez,120037,GEIC,Personal Auto,2025-03-09,Portal,Bound
S-007322,Walter Nunez,120037,TRAV,Personal Auto,2025-02-07,Portal,Declined
S-007323,Walter Nunez,120037,ALLS,Personal Auto,2025-03-22,IVANS,Quoted
S-007324,Walter Nunez,120037,AMFA,Personal Auto,2025-02-23,IVANS,Quoted
S-007325,Maria Edwards,120222,FARM,WC,2025-03-20,Portal,Bound
S-007326,Maria Edwards,120222,CHUB,WC,2025-02-08,Portal,Quoted
S-007327,Wendy Williams,120156,CHUB,Package,2025-02-26,Portal,Bound
S-007328,Wendy Williams,120156,ALLS,Package,2025-03-13,IVANS,Quoted
S-007329,Justin Campbell,120096,AMFA,Umbrella,2025-02-03,Portal,Bound
S-007330,Justin Campbell,120096,PRGS,Umbrella,2025-03-08,IVANS,Quoted
S-007331,Justin Campbell,120096,HART,Umbrella,2025-03-24,IVANS,Declined
S-007332,Ronald Durham,120047,TRAV,Package,2025-02-27,Email,Bound
S-007333,Ronald Durham,120047,AMFA,Package,2025-03-25,IVANS,Quoted
S-007334,Ronald Durham,120047,GEIC,Package,2025-02-16,IVANS,Quoted
S-007335,Robert Taylor,120053,TRAV,WC,2025-02-24,IVANS,Bound
S-007336,Robert Taylor,120053,AMFA,WC,2025-03-14,IVANS,Quoted
S-007337,Robert Taylor,120053,PRGS,WC,2025-03-01,IVANS,Quoted
S-007338,Brandy Ward,120126,GEIC,Personal Auto,2025-03-02,Portal,Bound
S-007339,Brandy Ward,120126,ALLS,Personal Auto,2025-02-06,IVANS,Quoted
S-007340,Brandy Ward,120126,PRGS,Personal Auto,2025-02-11,IVANS,Quoted
S-007341,Brandy Ward,120126,TRAV,Personal Auto,2025-03-08,Portal,Quoted
S-007342,Karen Houston,120291,GEIC,BOP,2025-03-25,Portal,Bound
S-007343,Karen Houston,120291,ALLS,BOP,2025-02-07,IVANS,Quoted
S-007344,Karen Houston,120291,LIBM,BOP,2025-03-22,Portal,Quoted
S-007345,Kevin Guzman,120212,CHUB,Homeowners,2025-02-28,IVANS,Bound
S-007346,Kevin Guzman,120212,PRGS,Homeowners,2025-02-12,Email,Quoted
S-007347,Wendy Thomas,120181,ALLS,BOP,2025-03-12,Portal,Bound
S-007348,Wendy Thomas,120181,GEIC,BOP,2025-03-16,Email,Quoted
S-007349,Wendy Thomas,120181,PRGS,BOP,2025-02-17,IVANS,Quoted
S-007350,Wendy Thomas,120181,HART,BOP,2025-03-24,Portal,Declined
S-007351,Teresa Henry,120238,PRGS,WC,2025-03-21,IVANS,Bound
S-007352,Teresa Henry,120238,HART,WC,2025-03-14,IVANS,Quoted
S-007353,Teresa Henry,120238,TRAV,WC,2025-02-28,Portal,Quoted
S-007354,Teresa Henry,120238,ALLS,WC,2025-03-14,Portal,Quoted
S-007355,Regina Martinez,120006,LIBM,WC,2025-03-25,Email,Bound
S-007356,Regina Martinez,120006,FARM,WC,2025-03-05,Portal,Quoted
S-007357,Benjamin Bailey,120235,HART,Personal Auto,2025-02-11,Portal,Bound
S-007358,Benjamin Bailey,120235,AMFA,Personal Auto,2025-03-05,IVANS,Declined
S-007359,Kathy Farrell,120154,ALLS,BOP,2025-02-21,Email,Bound
S-007360,Kathy Farrell,120154,TRAV,BOP,2025-01-31,IVANS,Quoted
S-007361,Kathy Farrell,120154,NATI,BOP,2025-03-14,Portal,Quoted
S-007362,Kathy Farrell,120154,CHUB,BOP,2025-03-02,IVANS,Declined
S-007363,Tina Simpson,120097,TRAV,BOP,2025-02-19,IVANS,Bound
S-007364,Tina Simpson,120097,ALLS,BOP,2025-03-18,Portal,Quoted
S-007365,Deanna Bruce,120060,FARM,Homeowners,2025-03-08,Portal,Bound
S-007366,Deanna Bruce,120060,TRAV,Homeowners,2025-03-20,IVANS,Quoted
S-007367,Deanna Bruce,120060,CHUB,Homeowners,2025-03-07,Portal,Quoted
S-007368,Jennifer Love,120086,LIBM,BOP,2025-03-05,Portal,Bound
S-007369,Jennifer Love,120086,AMFA,BOP,2025-02-13,Portal,Declined
S-007370,Justin Johnson,120174,PRGS,BOP,2025-03-04,Portal,Bound
S-007371,Justin Johnson,120174,AMFA,BOP,2025-03-03,Portal,Quoted
S-007372,Justin Johnson,120174,LIBM,BOP,2025-03-25,IVANS,Quoted
S-007373,Justin Johnson,120174,TRAV,BOP,2025-03-10,Portal,Quoted
S-007374,Alyssa Scott,120012,PRGS,Homeowners,2025-03-09,Portal,Bound
S-007375,Alyssa Scott,120012,LIBM,Homeowners,2025-03-16,Portal,Declined
S-007376,Alyssa Scott,120012,CHUB,Homeowners,2025-03-13,Portal,Quoted
S-007377,Alyssa Scott,120012,NATI,Homeowners,2025-02-07,IVANS,Declined
S-007378,Stacy Willis,120004,NATI,Package,2025-03-21,IVANS,Bound
S-007379,Stacy Willis,120004,GEIC,Package,2025-03-02,IVANS,Quoted
S-007380,Patrick Manning,120127,HART,Personal Auto,2025-02-19,Portal,Bound
S-007381,Patrick Manning,120127,NATI,Personal Auto,2025-03-20,Portal,Quoted
S-007382,Eric Richardson,120107,GEIC,Homeowners,2025-03-03,Portal,Bound
S-007383,Eric Richardson,120107,FARM,Homeowners,2025-02-15,Portal,Quoted
S-007384,Jessica Cooper,120093,LIBM,Homeowners,2025-02-24,Email,Bound
S-007385,Jessica Cooper,120093,NATI,Homeowners,2025-02-05,IVANS,Quoted
S-007386,Jessica Cooper,120093,FARM,Homeowners,2025-03-18,IVANS,Quoted
S-007387,Brendan Khan,120041,HART,Umbrella,2025-03-04,Portal,Bound
S-007388,Brendan Khan,120041,LIBM,Umbrella,2025-02-09,Portal,Quoted
S-007389,Brendan Khan,120041,CHUB,Umbrella,2025-02-19,Portal,Declined
S-007390,Jerry Hayden,120233,LIBM,Homeowners,2025-03-16,IVANS,Bound
S-007391,Jerry Hayden,120233,GEIC,Homeowners,2025-02-18,Email,Quoted
S-007392,Jerry Hayden,120233,GEIC,Homeowners,2025-03-13,Email,Declined
S-007393,Jerry Hayden,120233,HART,Homeowners,2025-03-16,Portal,Quoted
S-007394,Daniel Zhang,120119,TRAV,Umbrella,2025-02-14,Portal,Bound
S-007395,Daniel Zhang,120119,PRGS,Umbrella,2025-02-15,Portal,Quoted
S-007396,Daniel Zhang,120119,GEIC,Umbrella,2025-03-04,Portal,Quoted
S-007397,Daniel Zhang,120119,ALLS,Umbrella,2025-03-06,Portal,Quoted
S-007398,Brent Peterson,120239,AMFA,Umbrella,2025-03-23,Portal,Bound
S-007399,Brent Peterson,120239,HART,Umbrella,2025-02-03,Portal,Declined
S-007400,Brent Peterson,120239,LIBM,Umbrella,2025-02-14,Portal,Quoted
S-007401,Brent Peterson,120239,PRGS,Umbrella,2025-02-17,Portal,Quoted
S-007402,Juan Little,120053,HART,Homeowners,2025-02-24,IVANS,Bound
S-007403,Juan Little,120053,GEIC,Homeowners,2025-03-17,IVANS,Quoted
S-007404,Juan Little,120053,TRAV,Homeowners,2025-02-19,Email,Quoted
S-007405,James Taylor,120230,TRAV,Personal Auto,2025-03-04,IVANS,Bound
S-007406,James Taylor,120230,PRGS,Personal Auto,2025-03-10,IVANS,Declined
S-007407,James Taylor,120230,NATI,Personal Auto,2025-02-04,IVANS,Declined
S-007408,James Taylor,120230,ALLS,Personal Auto,2025-02-19,Email,Quoted
S-007409,Sandra Tucker,120177,ALLS,Homeowners,2025-02-13,Portal,Bound
S-007410,Sandra Tucker,120177,NATI,Homeowners,2025-02-16,IVANS,Quoted
S-007411,Sandra Tucker,120177,HART,Homeowners,2025-02-26,Portal,Declined
S-007412,Sandra Tucker,120177,FARM,Homeowners,2025-02-20,Email,Declined
S-007413,Julie Avery,120105,HART,Homeowners,2025-03-06,IVANS,Bound
S-007414,Julie Avery,120105,PRGS,Homeowners,2025-02-16,Portal,Declined
S-007415,Julie Avery,120105,AMFA,Homeowners,2025-02-05,IVANS,Quoted
S-007416,Andrea Patrick,120171,LIBM,Personal Auto,2025-02-26,Portal,Bound
S-007417,Andrea Patrick,120171,HART,Personal Auto,2025-02-26,IVANS,Quoted
S-007418,David Thompson,120222,FARM,Homeowners,2025-03-24,IVANS,Bound
S-007419,David Thompson,120222,PRGS,Homeowners,2025-03-10,Portal,Declined
S-007420,David Thompson,120222,PRGS,Homeowners,2025-03-09,IVANS,Quoted
S-007421,David Thompson,120222,GEIC,Homeowners,2025-03-05,IVANS,Quoted
S-007422,Patrick Ortiz,120197,CHUB,Homeowners,2025-02-22,Portal,Bound
S-007423,Patrick Ortiz,120197,LIBM,Homeowners,2025-03-07,Portal,Quoted
S-007424,Patrick Ortiz,120197,NATI,Homeowners,2025-03-10,Email,Quoted
S-007425,Roger Oliver,120267,PRGS,Personal Auto,2025-02-17,Portal,Bound
S-007426,Roger Oliver,120267,HART,Personal Auto,2025-02-20,Portal,Quoted
S-007427,Roger Oliver,120267,HART,Personal Auto,2025-02-16,IVANS,Declined
S-007428,Roger Oliver,120267,AMFA,Personal Auto,2025-02-12,IVANS,Quoted
S-007429,Jeremy Davis,120048,PRGS,Umbrella,2025-03-18,IVANS,Bound
S-007430,Jeremy Davis,120048,CHUB,Umbrella,2025-02-25,IVANS,Declined
S-007431,Sabrina Schroeder,120185,PRGS,WC,2025-03-07,IVANS,Bound
S-007432,Sabrina Schroeder,120185,FARM,WC,2025-02-09,IVANS,Quoted
S-007433,Andrew Moore,120286,ALLS,Umbrella,2025-02-25,Portal,Bound
S-007434,Andrew Moore,120286,PRGS,Umbrella,2025-02-24,Portal,Declined
S-007435,Preston Thomas,120123,CHUB,Homeowners,2025-03-09,IVANS,Bound
S-007436,Preston Thomas,120123,FARM,Homeowners,2025-02-27,Portal,Quoted
S-007437,Michael Thomas,120246,LIBM,Homeowners,2025-03-05,IVANS,Bound
S-007438,Michael Thomas,120246,ALLS,Homeowners,2025-02-14,Portal,Quoted
S-007439,Michael Thomas,120246,GEIC,Homeowners,2025-02-12,Portal,Quoted
S-007440,Michael Thomas,120246,CHUB,Homeowners,2025-02-06,IVANS,Quoted
S-007441,Alexis Burch,120266,TRAV,Personal Auto,2025-03-22,IVANS,Bound
S-007442,Alexis Burch,120266,NATI,Personal Auto,2025-03-03,IVANS,Declined
S-007443,Alexis Burch,120266,PRGS,Personal Auto,2025-03-22,Email,Declined
S-007444,Alexander Espinoza,120109,HART,BOP,2025-01-31,Portal,Bound
S-007445,Alexander Espinoza,120109,LIBM,BOP,2025-02-09,Portal,Quoted
S-007446,Alexander Espinoza,120109,CHUB,BOP,2025-02-25,Portal,Quoted
S-007447,Alexander Espinoza,120109,ALLS,BOP,2025-03-18,Portal,Quoted
S-007448,Adam Gilmore,120270,FARM,Homeowners,2025-02-09,IVANS,Bound
S-007449,Adam Gilmore,120270,HART,Homeowners,2025-02-01,IVANS,Declined
S-007450,Christina Stark,120052,FARM,Homeowners,2025-03-23,Portal,Bound
S-007451,Christina Stark,120052,CHUB,Homeowners,2025-03-23,Portal,Declined
S-007452,Christina Stark,120052,LIBM,Homeowners,2025-03-18,Email,Quoted
S-007453,Christina Stark,120052,PRGS,Homeowners,2025-02-02,Portal,Quoted
S-007454,Wendy Phillips,120035,CHUB,Homeowners,2025-02-02,Email,Bound
S-007455,Wendy Phillips,120035,TRAV,Homeowners,2025-02-10,IVANS,Quoted
S-007456,Wendy Phillips,120035,HART,Homeowners,2025-02-15,IVANS,Quoted
S-007457,Wendy Phillips,120035,GEIC,Homeowners,2025-02-03,IVANS,Quoted
S-007458,Caroline Martinez,120177,GEIC,Homeowners,2025-02-05,Portal,Bound
S-007459,Caroline Martinez,120177,PRGS,Homeowners,2025-02-01,Portal,Quoted
S-007460,Caroline Martinez,120177,LIBM,Homeowners,2025-03-21,Portal,Quoted
S-007461,Samantha Martinez,120097,PRGS,BOP,2025-03-18,Portal,Bound
S-007462,Samantha Martinez,120097,FARM,BOP,2025-02-14,IVANS,Quoted
S-007463,Samantha Martinez,120097,NATI,BOP,2025-03-19,IVANS,Quoted
S-007464,Ronald Rodriguez,120153,TRAV,Personal Auto,2025-02-20,Email,Bound
S-007465,Ronald Rodriguez,120153,ALLS,Personal Auto,2025-02-26,IVANS,Declined
S-007466,Brandy Collins,120178,FARM,BOP,2025-02-09,Email,Bound
S-007467,Brandy Collins,120178,ALLS,BOP,2025-03-14,Email,Quoted
S-007468,Brandy Collins,120178,TRAV,BOP,2025-02-11,Email,Quoted
S-007469,Brandy Collins,120178,TRAV,BOP,2025-03-08,Portal,Quoted
S-007470,Robert Williams,120044,PRGS,Package,2025-03-04,IVANS,Bound
S-007471,Robert Williams,120044,NATI,Package,2025-02-12,Portal,Quoted
S-007472,Robert Williams,120044,GEIC,Package,2025-03-18,Portal,Declined
S-007473,Robert Williams,120044,HART,Package,2025-02-06,IVANS,Declined
S-007474,Robert Daniels,120048,LIBM,Homeowners,2025-02-07,IVANS,Bound
S-007475,Robert Daniels,120048,CHUB,Homeowners,2025-01-31,Portal,Declined
S-007476,Robert Daniels,120048,HART,Homeowners,2025-03-08,IVANS,Declined
S-007477,Robert Daniels,120048,CHUB,Homeowners,2025-02-01,Email,Quoted
S-007478,Lisa Castillo,120109,AMFA,Homeowners,2025-03-25,IVANS,Bound
S-007479,Lisa Castillo,120109,PRGS,Homeowners,2025-03-13,Portal,Quoted
S-007480,Lisa Castillo,120109,ALLS,Homeowners,2025-02-07,IVANS,Quoted
S-007481,Felicia Wiley,120234,HART,BOP,2025-02-10,IVANS,Bound
S-007482,Felicia Wiley,120234,CHUB,BOP,2025-02-10,IVANS,Declined
S-007483,Felicia Wiley,120234,PRGS,BOP,2025-03-09,Portal,Quoted
S-007484,Felicia Wiley,120234,ALLS,BOP,2025-03-05,Portal,Declined
S-007485,Glenn Williams,120286,GEIC,Package,2025-03-19,Portal,Bound
S-007486,Glenn Williams,120286,ALLS,Package,2025-02-25,IVANS,Declined
S-007487,Glenn Williams,120286,CHUB,Package,2025-01-31,Email,Quoted
S-007488,Glenn Williams,120286,ALLS,Package,2025-02-27,Portal,Quoted
S-007489,Kimberly Orr,120061,GEIC,WC,2025-02-24,IVANS,Bound
S-007490,Kimberly Orr,120061,TRAV,WC,2025-03-23,Email,Quoted
S-007491,Kimberly Orr,120061,LIBM,WC,2025-02-16,Email,Quoted
S-007492,Linda Warner,120015,TRAV,Homeowners,2025-02-14,Portal,Bound
S-007493,Linda Warner,120015,HART,Homeowners,2025-03-03,Portal,Quoted
S-007494,Linda Warner,120015,LIBM,Homeowners,2025-03-09,Portal,Quoted
S-007495,Linda Warner,120015,FARM,Homeowners,2025-02-17,IVANS,Declined
S-007496,Kelly Brown,120289,FARM,Personal Auto,2025-02-25,Portal,Bound
S-007497,Kelly Brown,120289,HART,Personal Auto,2025-02-07,Portal,Quoted
S-007498,Brittney Espinoza,120035,NATI,Personal Auto,2025-02-21,IVANS,Bound
S-007499,Brittney Espinoza,120035,AMFA,Personal Auto,2025-03-05,IVANS,Declined
S-007500,Justin Foley,120177,ALLS,Package,2025-03-01,Portal,Bound
S-007501,Justin Foley,120177,TRAV,Package,2025-02-22,IVANS,Quoted
S-007502,Justin Foley,120177,LIBM,Package,2025-02-08,IVANS,Quoted
S-007503,Mark Vega,120259,PRGS,WC,2025-02-13,Email,Bound
S-007504,Mark Vega,120259,TRAV,WC,2025-02-04,Portal,Quoted
S-007505,Mark Vega,120259,TRAV,WC,2025-03-10,Portal,Quoted
S-007506,Gregory Johnson,120032,NATI,Umbrella,2025-03-19,Email,Bound
S-007507,Gregory Johnson,120032,AMFA,Umbrella,2025-02-03,Portal,Quoted
S-007508,Marisa Collier,120046,AMFA,Personal Auto,2025-03-25,IVANS,Bound
S-007509,Marisa Collier,120046,FARM,Personal Auto,2025-03-01,IVANS,Declined
S-007510,Marisa Collier,120046,PRGS,Personal Auto,2025-02-04,Portal,Declined
S-007511,Marisa Collier,120046,HART,Personal Auto,2025-02-12,IVANS,Quoted
S-007512,Alfred Hendricks,120104,ALLS,WC,2025-02-17,IVANS,Bound
S-007513,Alfred Hendricks,120104,PRGS,WC,2025-03-21,IVANS,Quoted
S-007514,Alfred Hendricks,120104,GEIC,WC,2025-02-01,IVANS,Quoted
S-007515,Alfred Hendricks,120104,PRGS,WC,2025-02-22,IVANS,Declined
S-007516,Luis Williamson,120241,ALLS,Homeowners,2025-03-11,Portal,Bound
S-007517,Luis Williamson,120241,FARM,Homeowners,2025-02-22,IVANS,Declined
S-007518,Luis Williamson,120241,TRAV,Homeowners,2025-02-13,IVANS,Quoted
S-007519,Hannah Edwards,120070,ALLS,Homeowners,2025-03-07,Portal,Bound
S-007520,Hannah Edwards,120070,NATI,Homeowners,2025-03-04,IVANS,Quoted
S-007521,Hannah Edwards,120070,CHUB,Homeowners,2025-03-06,Portal,Quoted
S-007522,Robert Humphrey,120000,CHUB,Personal Auto,2025-01-31,IVANS,Bound
S-007523,Robert Humphrey,120000,LIBM,Personal Auto,2025-02-15,IVANS,Quoted
S-007524,Kelly Vargas,120111,HART,WC,2025-03-03,IVANS,Bound
S-007525,Kelly Vargas,120111,PRGS,WC,2025-03-08,IVANS,Quoted
S-007526,Laura Curtis,120272,PRGS,BOP,2025-02-02,IVANS,Bound
S-007527,Laura Curtis,120272,CHUB,BOP,2025-02-18,IVANS,Quoted
S-007528,Laura Curtis,120272,FARM,BOP,2025-02-16,Portal,Declined
S-007529,Kelly Melendez,120170,ALLS,Personal Auto,2025-02-26,IVANS,Bound
S-007530,Kelly Melendez,120170,NATI,Personal Auto,2025-02-10,IVANS,Quoted
S-007531,Kelly Melendez,120170,TRAV,Personal Auto,2025-02-13,Portal,Declined
S-007532,Kelly Melendez,120170,LIBM,Personal Auto,2025-02-07,IVANS,Declined
S-007533,Tommy Wood,120266,ALLS,Homeowners,2025-03-07,Email,Bound
S-007534,Tommy Wood,120266,PRGS,Homeowners,2025-03-06,Portal,Declined
S-007535,Pamela Wallace,120189,PRGS,Homeowners,2025-02-10,Portal,Bound
S-007536,Pamela Wallace,120189,NATI,Homeowners,2025-02-25,Portal,Quoted
S-007537,Sharon Parker,120048,GEIC,BOP,2025-03-12,IVANS,Bound
S-007538,Sharon Parker,120048,FARM,BOP,2025-02-23,IVANS,Quoted
S-007539,Sharon Parker,120048,PRGS,BOP,2025-03-10,Portal,Quoted
S-007540,Sharon Parker,120048,LIBM,BOP,2025-01-31,IVANS,Quoted
S-007541,Lisa Mclaughlin,120012,PRGS,Homeowners,2025-02-22,Portal,Bound
S-007542,Lisa Mclaughlin,120012,FARM,Homeowners,2025-02-24,Portal,Declined
S-007543,Lisa Mclaughlin,120012,GEIC,Homeowners,2025-02-03,Email,Quoted
S-007544,Lisa Mclaughlin,120012,NATI,Homeowners,2025-02-14,Portal,Declined
S-007545,Jerry Peterson,120210,AMFA,Personal Auto,2025-03-01,Portal,Bound
S-007546,Jerry Peterson,120210,NATI,Personal Auto,2025-02-02,IVANS,Quoted
S-007547,Jerry Peterson,120210,CHUB,Personal Auto,2025-02-22,Portal,Quoted
S-007548,Jerry Peterson,120210,NATI,Personal Auto,2025-02-13,Portal,Quoted
S-007549,Amanda Beasley,120254,PRGS,Personal Auto,2025-02-14,IVANS,Bound
S-007550,Amanda Beasley,120254,CHUB,Personal Auto,2025-02-02,IVANS,Quoted
S-007551,Timothy Haas,120022,HART,Homeowners,2025-02-27,IVANS,Bound
S-007552,Timothy Haas,120022,AMFA,Homeowners,2025-03-02,Portal,Quoted
S-007553,Jeff Hunt,120149,GEIC,Homeowners,2025-02-04,IVANS,Bound
S-007554,Jeff Hunt,120149,NATI,Homeowners,2025-02-17,Portal,Declined
S-007555,Jeff Hunt,120149,HART,Homeowners,2025-03-03,IVANS,Declined
S-007556,Mallory Miller,120088,TRAV,Umbrella,2025-03-21,IVANS,Bound
S-007557,Mallory Miller,120088,FARM,Umbrella,2025-02-24,IVANS,Quoted
S-007558,Sarah Mcclure,120255,AMFA,Umbrella,2025-03-16,Portal,Bound
S-007559,Sarah Mcclure,120255,TRAV,Umbrella,2025-02-04,Portal,Quoted
S-007560,Sarah Mcclure,120255,NATI,Umbrella,2025-03-17,IVANS,Declined
S-007561,Maria Anderson,120139,ALLS,Personal Auto,2025-02-19,Portal,Bound
S-007562,Maria Anderson,120139,LIBM,Personal Auto,2025-03-08,Portal,Quoted
S-007563,Tiffany Hughes,120228,AMFA,Personal Auto,2025-02-18,Portal,Bound
S-007564,Tiffany Hughes,120228,FARM,Personal Auto,2025-03-23,Portal,Quoted
S-007565,Tiffany Hughes,120228,PRGS,Personal Auto,2025-02-08,IVANS,Declined
S-007566,Hannah Brown,120197,ALLS,Package,2025-03-19,Portal,Bound
S-007567,Hannah Brown,120197,CHUB,Package,2025-03-13,IVANS,Quoted
S-007568,Hannah Brown,120197,CHUB,Package,2025-02-12,Email,Quoted
S-007569,Hannah Brown,120197,PRGS,Package,2025-02-02,Portal,Quoted
S-007570,Andrea Jackson,120283,FARM,Package,2025-02-28,IVANS,Bound
S-007571,Andrea Jackson,120283,GEIC,Package,2025-03-06,IVANS,Quoted
S-007572,Russell Taylor,120183,GEIC,Homeowners,2025-03-24,IVANS,Bound
S-007573,Russell Taylor,120183,TRAV,Homeowners,2025-02-19,Portal,Quoted
S-007574,Virginia Valdez,120031,ALLS,BOP,2025-02-13,Portal,Bound
S-007575,Virginia Valdez,120031,AMFA,BOP,2025-02-11,IVANS,Declined
S-007576,Virginia Valdez,120031,CHUB,BOP,2025-02-15,IVANS,Quoted
S-007577,Amy Bradley,120005,GEIC,Personal Auto,2025-03-02,IVANS,Bound
S-007578,Amy Bradley,120005,AMFA,Personal Auto,2025-02-02,IVANS,Quoted
S-007579,Amy Bradley,120005,FARM,Personal Auto,2025-03-03,IVANS,Quoted
S-007580,Amy Bradley,120005,FARM,Personal Auto,2025-03-21,Portal,Quoted
S-007581,Robert Robinson,120114,CHUB,Personal Auto,2025-02-10,IVANS,Bound
S-007582,Robert Robinson,120114,FARM,Personal Auto,2025-03-03,Portal,Quoted
S-007583,Robert Robinson,120114,HART,Personal Auto,2025-02-09,IVANS,Quoted
S-007584,Laura Nelson,120131,ALLS,Personal Auto,2025-03-14,IVANS,Bound
S-007585,Laura Nelson,120131,GEIC,Personal Auto,2025-03-06,Portal,Declined
S-007586,Louis Guzman,120217,LIBM,Personal Auto,2025-02-03,Portal,Bound
S-007587,Louis Guzman,120217,AMFA,Personal Auto,2025-02-14,IVANS,Quoted
S-007588,Louis Guzman,120217,PRGS,Personal Auto,2025-03-06,IVANS,Declined
S-007589,Louis Guzman,120217,GEIC,Personal Auto,2025-02-01,Portal,Quoted
S-007590,Jodi Edwards,120258,AMFA,Personal Auto,2025-02-22,IVANS,Bound
S-007591,Jodi Edwards,120258,TRAV,Personal Auto,2025-02-16,Portal,Declined
S-007592,Jodi Bradford,120157,TRAV,Personal Auto,2025-02-05,Portal,Bound
S-007593,Jodi Bradford,120157,FARM,Personal Auto,2025-02-16,Email,Quoted
S-007594,Jodi Bradford,120157,LIBM,Personal Auto,2025-02-16,IVANS,Quoted
S-007595,Stephen Olson,120261,HART,BOP,2025-02-12,IVANS,Bound
S-007596,Stephen Olson,120261,GEIC,BOP,2025-02-04,Portal,Declined
S-007597,Stephen Olson,120261,PRGS,BOP,2025-03-14,IVANS,Quoted
S-007598,Stephen Olson,120261,TRAV,BOP,2025-02-05,Portal,Quoted
S-007599,Randy Gonzalez,120017,TRAV,Homeowners,2025-02-09,Portal,Bound
S-007600,Randy Gonzalez,120017,LIBM,Homeowners,2025-02-18,Portal,Quoted
S-007601,Jim Smith,120075,GEIC,Umbrella,2025-03-01,IVANS,Bound
S-007602,Jim Smith,120075,PRGS,Umbrella,2025-02-09,Portal,Quoted
S-007603,Jim Smith,120075,AMFA,Umbrella,2025-03-05,Email,Quoted
S-007604,Jim Smith,120075,LIBM,Umbrella,2025-02-08,IVANS,Declined
S-007605,Pedro Hunter,120093,GEIC,Umbrella,2025-03-06,IVANS,Bound
S-007606,Pedro Hunter,120093,NATI,Umbrella,2025-02-24,Portal,Declined
S-007607,Pedro Hunter,120093,CHUB,Umbrella,2025-02-09,IVANS,Quoted
S-007608,Pedro Hunter,120093,NATI,Umbrella,2025-02-12,Portal,Quoted
S-007609,Jennifer Cox,120128,LIBM,Personal Auto,2025-03-24,IVANS,Bound
S-007610,Jennifer Cox,120128,TRAV,Personal Auto,2025-02-14,IVANS,Quoted
S-007611,Jennifer Cox,120128,TRAV,Personal Auto,2025-03-22,Portal,Quoted
S-007612,William Schneider,120201,HART,Homeowners,2025-02-21,Portal,Bound
S-007613,William Schneider,120201,ALLS,Homeowners,2025-02-25,Portal,Quoted
S-007614,William Schneider,120201,FARM,Homeowners,2025-03-06,IVANS,Quoted
S-007615,William Schneider,120201,GEIC,Homeowners,2025-02-21,Portal,Quoted
S-007616,George Bass,120083,LIBM,Personal Auto,2025-02-14,Email,Bound
S-007617,George Bass,120083,PRGS,Personal Auto,2025-02-06,Portal,Quoted
S-007618,George Bass,120083,TRAV,Personal Auto,2025-01-31,IVANS,Declined
S-007619,George Bass,120083,CHUB,Personal Auto,2025-02-17,IVANS,Declined
S-007620,Jay Jones,120138,CHUB,BOP,2025-03-14,Portal,Bound
S-007621,Jay Jones,120138,NATI,BOP,2025-03-19,IVANS,Quoted
S-007622,Jay Jones,120138,LIBM,BOP,2025-03-06,Email,Declined
S-007623,Jay Jones,120138,HART,BOP,2025-03-03,Portal,Quoted
S-007624,William Zimmerman,120203,TRAV,Homeowners,2025-03-17,IVANS,Bound
S-007625,William Zimmerman,120203,NATI,Homeowners,2025-03-15,Portal,Quoted
S-007626,William Zimmerman,120203,CHUB,Homeowners,2025-02-03,IVANS,Declined
S-007627,William Zimmerman,120203,PRGS,Homeowners,2025-02-07,IVANS,Quoted
S-007628,Andrew Walker,120292,ALLS,Homeowners,2025-02-18,IVANS,Bound
S-007629,Andrew Walker,120292,FARM,Homeowners,2025-03-02,Email,Declined
S-007630,Andrew Walker,120292,PRGS,Homeowners,2025-02-23,Portal,Quoted
S-007631,Jason Pennington,120132,ALLS,Homeowners,2025-02-20,Portal,Bound
S-007632,Jason Pennington,120132,LIBM,Homeowners,2025-03-04,IVANS,Declined
S-007633,James Russell,120180,AMFA,Homeowners,2025-02-24,Portal,Bound
S-007634,James Russell,120180,CHUB,Homeowners,2025-03-08,Email,Declined
S-007635,Alexis Flynn,120212,TRAV,WC,2025-02-11,IVANS,Bound
S-007636,Alexis Flynn,120212,HART,WC,2025-02-14,Portal,Quoted
S-007637,Alexis Flynn,120212,AMFA,WC,2025-03-04,Portal,Declined
S-007638,Tina Brown,120266,ALLS,Homeowners,2025-03-01,IVANS,Bound
S-007639,Tina Brown,120266,HART,Homeowners,2025-03-14,Portal,Declined
S-007640,Tina Brown,120266,NATI,Homeowners,2025-02-04,IVANS,Quoted
S-007641,Madeline Brown,120290,FARM,Personal Auto,2025-02-08,IVANS,Bound
S-007642,Madeline Brown,120290,NATI,Personal Auto,2025-02-19,Portal,Declined
S-007643,Eric George,120011,PRGS,Personal Auto,2025-03-06,IVANS,Bound
S-007644,Eric George,120011,LIBM,Personal Auto,2025-03-05,Portal,Declined
S-007645,Mitchell Hodge,120070,HART,BOP,2025-03-21,Portal,Bound
S-007646,Mitchell Hodge,120070,ALLS,BOP,2025-02-16,Portal,Quoted
S-007647,Mitchell Hodge,120070,AMFA,BOP,2025-03-24,IVANS,Quoted
S-007648,Mitchell Hodge,120070,FARM,BOP,2025-02-18,Portal,Quoted
S-007649,Michael Hunt,120088,CHUB,Umbrella,2025-02-18,IVANS,Bound
S-007650,Michael Hunt,120088,NATI,Umbrella,2025-03-20,Portal,Declined
S-007651,Michael Hunt,120088,NATI,Umbrella,2025-03-06,IVANS,Quoted
S-007652,Michael Hunt,120088,ALLS,Umbrella,2025-03-07,IVANS,Quoted
S-007653,Justin Brown,120094,FARM,Homeowners,2025-02-18,IVANS,Bound
S-007654,Justin Brown,120094,AMFA,Homeowners,2025-02-24,Email,Quoted
S-007655,Justin Brown,120094,HART,Homeowners,2025-03-08,Email,Quoted
S-007656,Justin Brown,120094,NATI,Homeowners,2025-03-23,Portal,Quoted
S-007657,Erika Williams,120167,TRAV,Homeowners,2025-02-05,IVANS,Bound
S-007658,Erika Williams,120167,HART,Homeowners,2025-02-15,Email,Declined
S-007659,Erika Williams,120167,AMFA,Homeowners,2025-03-06,IVANS,Quoted
S-007660,Brian Cohen,120016,TRAV,Homeowners,2025-02-06,IVANS,Bound
S-007661,Brian Cohen,120016,CHUB,Homeowners,2025-03-05,IVANS,Quoted
S-007662,Brian Cohen,120016,PRGS,Homeowners,2025-01-31,IVANS,Declined
S-007663,Brian Cohen,120016,NATI,Homeowners,2025-03-23,Portal,Quoted
S-007664,Kimberly Cook,120033,GEIC,Personal Auto,2025-02-03,Portal,Bound
S-007665,Kimberly Cook,120033,FARM,Personal Auto,2025-02-22,Portal,Declined
S-007666,Caroline Silva,120293,AMFA,Umbrella,2025-02-02,Portal,Bound
S-007667,Caroline Silva,120293,GEIC,Umbrella,2025-02-27,IVANS,Quoted
S-007668,Pamela Hunter,120081,ALLS,Homeowners,2025-03-23,IVANS,Bound
S-007669,Pamela Hunter,120081,LIBM,Homeowners,2025-02-26,Portal,Quoted
S-007670,Damon Jones,120084,PRGS,Personal Auto,2025-03-03,Email,Bound
S-007671,Damon Jones,120084,AMFA,Personal Auto,2025-01-31,Portal,Quoted
S-007672,Damon Jones,120084,CHUB,Personal Auto,2025-03-12,IVANS,Declined
S-007673,Charles Johnson,120094,CHUB,BOP,2025-02-21,Portal,Bound
S-007674,Charles Johnson,120094,AMFA,BOP,2025-03-10,Portal,Quoted
S-007675,Joan Lawrence,120247,PRGS,Umbrella,2025-03-18,IVANS,Bound
S-007676,Joan Lawrence,120247,CHUB,Umbrella,2025-01-31,IVANS,Quoted
S-007677,Joan Lawrence,120247,FARM,Umbrella,2025-03-14,Portal,Quoted
S-007678,Joan Lawrence,120247,LIBM,Umbrella,2025-02-23,IVANS,Quoted
S-007679,Jose Bird,120244,LIBM,WC,2025-03-03,IVANS,Bound
S-007680,Jose Bird,120244,HART,WC,2025-03-10,IVANS,Declined
S-007681,Jose Bird,120244,PRGS,WC,2025-02-22,IVANS,Quoted
S-007682,Jose Bird,120244,PRGS,WC,2025-03-20,IVANS,Quoted
S-007683,Sean Ford,120134,NATI,Homeowners,2025-03-16,IVANS,Bound
S-007684,Sean Ford,120134,ALLS,Homeowners,2025-02-26,IVANS,Quoted
S-007685,Sean Ford,120134,TRAV,Homeowners,2025-02-04,Portal,Quoted
S-007686,Patrick Gutierrez,120093,CHUB,Personal Auto,2025-03-21,IVANS,Bound
S-007687,Patrick Gutierrez,120093,NATI,Personal Auto,2025-02-08,IVANS,Quoted
S-007688,Debra Hernandez,120264,HART,Homeowners,2025-03-12,Portal,Bound
S-007689,Debra Hernandez,120264,FARM,Homeowners,2025-03-08,Portal,Declined
S-007690,Debra Hernandez,120264,PRGS,Homeowners,2025-03-18,Portal,Quoted
S-007691,Debra Hernandez,120264,CHUB,Homeowners,2025-03-18,Portal,Quoted
S-007692,Richard Hartman,120106,PRGS,WC,2025-03-05,Portal,Bound
S-007693,Richard Hartman,120106,FARM,WC,2025-03-14,IVANS,Declined
S-007694,Richard Hartman,120106,NATI,WC,2025-03-19,IVANS,Quoted
S-007695,Richard Hartman,120106,TRAV,WC,2025-03-24,IVANS,Quoted
S-007696,Victor Baker,120154,ALLS,BOP,2025-01-31,Portal,Bound
S-007697,Victor Baker,120154,GEIC,BOP,2025-03-20,Portal,Quoted
S-007698,Victor Baker,120154,CHUB,BOP,2025-03-11,IVANS,Quoted
S-007699,Victor Baker,120154,LIBM,BOP,2025-02-06,Email,Declined
S-007700,Wendy Fernandez,120280,NATI,BOP,2025-03-12,Portal,Bound
S-007701,Wendy Fernandez,120280,LIBM,BOP,2025-02-27,Portal,Quoted
S-007702,Gerald Vang,120141,TRAV,Personal Auto,2025-01-31,IVANS,Bound
S-007703,Gerald Vang,120141,NATI,Personal Auto,2025-02-16,IVANS,Quoted
S-007704,Gerald Vang,120141,PRGS,Personal Auto,2025-03-01,Portal,Declined
S-007705,Tara Phillips,120152,ALLS,Homeowners,2025-03-03,IVANS,Bound
S-007706,Tara Phillips,120152,PRGS,Homeowners,2025-03-09,Portal,Quoted
S-007707,Christine Gill,120149,CHUB,Personal Auto,2025-03-15,IVANS,Bound
S-007708,Christine Gill,120149,PRGS,Personal Auto,2025-03-07,IVANS,Declined
S-007709,Christine Gill,120149,AMFA,Personal Auto,2025-03-10,Portal,Quoted
S-007710,John Delgado,120038,FARM,BOP,2025-02-03,Portal,Bound
S-007711,John Delgado,120038,ALLS,BOP,2025-02-19,Portal,Declined
S-007712,John Delgado,120038,HART,BOP,2025-03-13,Email,Quoted
S-007713,John Delgado,120038,ALLS,BOP,2025-02-15,IVANS,Quoted
S-007714,Denise Brown,120041,LIBM,Personal Auto,2025-02-11,IVANS,Bound
S-007715,Denise Brown,120041,CHUB,Personal Auto,2025-02-18,Portal,Quoted
S-007716,Denise Brown,120041,CHUB,Personal Auto,2025-03-22,IVANS,Quoted
S-007717,Alyssa Mcneil,120203,TRAV,WC,2025-02-03,Portal,Bound
S-007718,Alyssa Mcneil,120203,ALLS,WC,2025-02-07,Portal,Quoted
S-007719,Alyssa Mcneil,120203,PRGS,WC,2025-02-13,Portal,Declined
S-007720,Alyssa Mcneil,120203,FARM,WC,2025-02-09,Portal,Quoted
S-007721,Kevin Davis,120095,LIBM,Homeowners,2025-03-25,Portal,Bound
S-007722,Kevin Davis,120095,CHUB,Homeowners,2025-03-16,Portal,Quoted
S-007723,Kevin Davis,120095,CHUB,Homeowners,2025-03-18,Portal,Quoted
S-007724,Joseph Williams,120183,GEIC,BOP,2025-02-28,IVANS,Bound
S-007725,Joseph Williams,120183,ALLS,BOP,2025-03-12,IVANS,Quoted
S-007726,Jennifer Wilson,120178,HART,Umbrella,2025-03-24,Email,Bound
S-007727,Jennifer Wilson,120178,AMFA,Umbrella,2025-02-08,IVANS,Quoted
S-007728,Jennifer Wilson,120178,LIBM,Umbrella,2025-03-23,IVANS,Declined
S-007729,Jennifer Wilson,120178,AMFA,Umbrella,2025-03-23,IVANS,Declined
S-007730,Amy Erickson,120254,GEIC,WC,2025-03-23,Portal,Bound
S-007731,Amy Erickson,120254,CHUB,WC,2025-03-23,IVANS,Declined
S-007732,Amy Erickson,120254,CHUB,WC,2025-02-19,Portal,Quoted
S-007733,Gina Gilbert,120099,GEIC,Umbrella,2025-02-20,IVANS,Bound
S-007734,Gina Gilbert,120099,CHUB,Umbrella,2025-02-05,Portal,Quoted
S-007735,Gina Gilbert,120099,PRGS,Umbrella,2025-03-24,IVANS,Quoted
S-007736,Ronald Howard,120290,TRAV,Personal Auto,2025-03-01,IVANS,Bound
S-007737,Ronald Howard,120290,GEIC,Personal Auto,2025-02-07,Email,Quoted
S-007738,Ronald Howard,120290,HART,Personal Auto,2025-02-01,Portal,Quoted
S-007739,Joanne Brown,120006,LIBM,Personal Auto,2025-01-31,Portal,Bound
S-007740,Joanne Brown,120006,NATI,Personal Auto,2025-02-19,Portal,Quoted
S-007741,Joanne Brown,120006,HART,Personal Auto,2025-02-07,IVANS,Quoted
S-007742,William Williams,120183,NATI,Personal Auto,2025-02-01,IVANS,Bound
S-007743,William Williams,120183,TRAV,Personal Auto,2025-02-28,IVANS,Declined
S-007744,William Williams,120183,AMFA,Personal Auto,2025-02-12,IVANS,Quoted
S-007745,William Williams,120183,AMFA,Personal Auto,2025-03-19,Portal,Declined
S-007746,Joshua Gutierrez,120089,FARM,Umbrella,2025-03-24,Portal,Bound
S-007747,Joshua Gutierrez,120089,AMFA,Umbrella,2025-02-13,Portal,Quoted
S-007748,Stacey White,120059,TRAV,Personal Auto,2025-02-06,IVANS,Bound
S-007749,Stacey White,120059,GEIC,Personal Auto,2025-02-11,Email,Quoted
S-007750,Stacey White,120059,LIBM,Personal Auto,2025-02-25,IVANS,Declined
S-007751,Stacey White,120059,FARM,Personal Auto,2025-02-18,Portal,Quoted
S-007752,Melanie Becker,120178,CHUB,Personal Auto,2025-02-18,IVANS,Bound
S-007753,Melanie Becker,120178,NATI,Personal Auto,2025-02-21,IVANS,Declined
S-007754,Melanie Becker,120178,LIBM,Personal Auto,2025-03-06,Email,Declined
S-007755,Amy Quinn,120105,ALLS,Personal Auto,2025-02-26,Portal,Bound
S-007756,Amy Quinn,120105,LIBM,Personal Auto,2025-02-26,Portal,Quoted
S-007757,Amy Quinn,120105,HART,Personal Auto,2025-02-15,Portal,Quoted
S-007758,Amy Quinn,120105,HART,Personal Auto,2025-02-05,IVANS,Quoted
S-007759,Mary Clements,120083,PRGS,Umbrella,2025-02-04,IVANS,Bound
S-007760,Mary Clements,120083,LIBM,Umbrella,2025-02-14,Portal,Declined
S-007761,Mary Clements,120083,TRAV,Umbrella,2025-02-14,Portal,Declined
S-007762,Jason Woodard,120122,HART,WC,2025-03-22,Portal,Bound
S-007763,Jason Woodard,120122,TRAV,WC,2025-03-12,IVANS,Quoted
S-007764,Jason Woodard,120122,AMFA,WC,2025-03-04,Portal,Quoted
S-007765,Jason Woodard,120122,NATI,WC,2025-03-13,IVANS,Quoted
S-007766,Jennifer Soto,120051,FARM,Personal Auto,2025-03-20,Portal,Bound
S-007767,Jennifer Soto,120051,ALLS,Personal Auto,2025-02-21,IVANS,Quoted
S-007768,Jennifer Soto,120051,LIBM,Personal Auto,2025-03-12,Email,Quoted
S-007769,Rebecca Lamb,120255,CHUB,Homeowners,2025-02-11,IVANS,Bound
S-007770,Rebecca Lamb,120255,LIBM,Homeowners,2025-02-24,Portal,Declined
S-007771,Rebecca Lamb,120255,LIBM,Homeowners,2025-02-03,IVANS,Declined
S-007772,Rebecca Lamb,120255,FARM,Homeowners,2025-02-15,Portal,Quoted
S-007773,James Baird,120155,HART,Homeowners,2025-02-18,Portal,Bound
S-007774,James Baird,120155,LIBM,Homeowners,2025-03-21,IVANS,Declined
S-007775,James Baird,120155,TRAV,Homeowners,2025-02-20,IVANS,Quoted
S-007776,James Baird,120155,CHUB,Homeowners,2025-03-03,IVANS,Declined
S-007777,Jacob Small,120027,HART,Umbrella,2025-03-25,Portal,Bound
S-007778,Jacob Small,120027,TRAV,Umbrella,2025-02-02,IVANS,Declined
S-007779,Jacob Small,120027,LIBM,Umbrella,2025-03-23,Portal,Quoted
S-007780,Jacob Small,120027,FARM,Umbrella,2025-02-15,Portal,Declined
S-007781,Christine Edwards,120180,PRGS,BOP,2025-03-22,Portal,Bound
S-007782,Christine Edwards,120180,ALLS,BOP,2025-02-02,Portal,Quoted
S-007783,Christine Edwards,120180,ALLS,BOP,2025-02-24,IVANS,Quoted
S-007784,Christine Moss,120252,GEIC,Personal Auto,2025-02-12,IVANS,Bound
S-007785,Christine Moss,120252,LIBM,Personal Auto,2025-02-21,IVANS,Declined
S-007786,Christine Moss,120252,CHUB,Personal Auto,2025-02-11,IVANS,Quoted
S-007787,Christine Moss,120252,AMFA,Personal Auto,2025-03-20,Portal,Quoted
S-007788,Heather Baker,120098,GEIC,Personal Auto,2025-03-17,Portal,Bound
S-007789,Heather Baker,120098,ALLS,Personal Auto,2025-03-24,IVANS,Quoted
S-007790,Heather Baker,120098,PRGS,Personal Auto,2025-02-25,Portal,Declined
S-007791,Heather Baker,120098,LIBM,Personal Auto,2025-02-21,Portal,Declined
S-007792,Brittany Anderson,120268,HART,Homeowners,2025-02-20,IVANS,Bound
S-007793,Brittany Anderson,120268,ALLS,Homeowners,2025-03-03,Portal,Quoted
S-007794,Alexandra Warren,120028,GEIC,Package,2025-02-10,IVANS,Bound
S-007795,Alexandra Warren,120028,TRAV,Package,2025-02-02,Portal,Declined
S-007796,Alexandra Warren,120028,CHUB,Package,2025-02-21,IVANS,Quoted
S-007797,Catherine Kirk,120215,CHUB,Homeowners,2025-03-16,Email,Bound
S-007798,Catherine Kirk,120215,TRAV,Homeowners,2025-03-25,Portal,Quoted
S-007799,Travis Graham,120133,CHUB,Personal Auto,2025-02-24,Portal,Bound
S-007800,Travis Graham,120133,TRAV,Personal Auto,2025-02-17,Portal,Quoted
S-007801,Travis Graham,120133,TRAV,Personal Auto,2025-02-10,Portal,Quoted
S-007802,Travis Graham,120133,PRGS,Personal Auto,2025-03-10,IVANS,Declined
S-007803,Anthony Garcia,120277,PRGS,Personal Auto,2025-03-07,Portal,Bound
S-007804,Anthony Garcia,120277,ALLS,Personal Auto,2025-02-01,Portal,Quoted
S-007805,Anthony Garcia,120277,HART,Personal Auto,2025-02-19,IVANS,Quoted
S-007806,Teresa Grant,120004,ALLS,BOP,2025-02-19,Email,Bound
S-007807,Teresa Grant,120004,TRAV,BOP,2025-02-13,Email,Quoted
S-007808,Ryan Jones,120191,PRGS,Personal Auto,2025-02-18,Portal,Bound
S-007809,Ryan Jones,120191,AMFA,Personal Auto,2025-03-10,IVANS,Declined
S-007810,Shelley Norris,120116,PRGS,Personal Auto,2025-02-01,Email,Bound
S-007811,Shelley Norris,120116,LIBM,Personal Auto,2025-03-02,IVANS,Declined
S-007812,Shelley Norris,120116,HART,Personal Auto,2025-02-13,Portal,Quoted
S-007813,Travis Ward,120240,CHUB,Homeowners,2025-02-02,IVANS,Bound
S-007814,Travis Ward,120240,LIBM,Homeowners,2025-02-10,IVANS,Quoted
S-007815,Travis Ward,120240,PRGS,Homeowners,2025-03-05,Portal,Quoted
S-007816,Colleen Washington,120111,HART,WC,2025-02-10,Email,Bound
S-007817,Colleen Washington,120111,FARM,WC,2025-03-05,IVANS,Declined
S-007818,Colleen Washington,120111,GEIC,WC,2025-03-22,Portal,Quoted
S-007819,Justin Moore,120258,HART,Personal Auto,2025-02-05,IVANS,Bound
S-007820,Justin Moore,120258,FARM,Personal Auto,2025-03-15,IVANS,Declined
S-007821,April Hines,120287,CHUB,Personal Auto,2025-03-21,IVANS,Bound
S-007822,April Hines,120287,GEIC,Personal Auto,2025-02-28,IVANS,Quoted
S-007823,Sharon Nelson,120201,CHUB,Personal Auto,2025-02-03,IVANS,Bound
S-007824,Sharon Nelson,120201,ALLS,Personal Auto,2025-03-15,Portal,Quoted
S-007825,Sharon Nelson,120201,HART,Personal Auto,2025-02-03,IVANS,Quoted
S-007826,Jennifer Morse,120098,GEIC,BOP,2025-02-24,Portal,Bound
S-007827,Jennifer Morse,120098,NATI,BOP,2025-03-09,IVANS,Quoted
S-007828,Daniel Rodriguez,120061,LIBM,BOP,2025-02-28,IVANS,Bound
S-007829,Daniel Rodriguez,120061,TRAV,BOP,2025-02-22,Portal,Quoted
S-007830,Donald Wilkinson,120194,NATI,Homeowners,2025-02-01,IVANS,Bound
S-007831,Donald Wilkinson,120194,HART,Homeowners,2025-02-21,Portal,Declined
S-007832,Michael Martinez,120294,NATI,Personal Auto,2025-03-14,IVANS,Bound
S-007833,Michael Martinez,120294,GEIC,Personal Auto,2025-03-02,Portal,Quoted
S-007834,Samantha Ritter,120034,PRGS,Package,2025-03-19,IVANS,Bound
S-007835,Samantha Ritter,120034,GEIC,Package,2025-02-05,Portal,Declined
S-007836,Danielle Sanchez,120115,GEIC,Personal Auto,2025-03-05,IVANS,Bound
S-007837,Danielle Sanchez,120115,ALLS,Personal Auto,2025-03-11,Portal,Quoted
S-007838,Michele Merritt,120202,ALLS,Personal Auto,2025-03-02,Email,Bound
S-007839,Michele Merritt,120202,CHUB,Personal Auto,2025-03-25,Email,Quoted
S-007840,Michele Merritt,120202,AMFA,Personal Auto,2025-02-20,Portal,Quoted
S-007841,Michele Merritt,120202,AMFA,Personal Auto,2025-02-15,IVANS,Quoted
S-007842,Brandi Gibbs,120047,PRGS,Personal Auto,2025-03-02,IVANS,Bound
S-007843,Brandi Gibbs,120047,TRAV,Personal Auto,2025-02-22,IVANS,Quoted
S-007844,Brandi Gibbs,120047,ALLS,Personal Auto,2025-02-02,IVANS,Quoted
S-007845,Brian Miller,120151,ALLS,WC,2025-02-17,Portal,Bound
S-007846,Brian Miller,120151,HART,WC,2025-03-06,IVANS,Quoted
S-007847,Veronica Martin,120017,CHUB,Umbrella,2025-02-16,Portal,Bound
S-007848,Veronica Martin,120017,NATI,Umbrella,2025-02-03,Portal,Declined
S-007849,Veronica Martin,120017,GEIC,Umbrella,2025-02-23,Portal,Declined
S-007850,Veronica Martin,120017,NATI,Umbrella,2025-02-07,Portal,Quoted
S-007851,Anne Gallagher,120076,ALLS,Package,2025-02-15,Email,Bound
S-007852,Anne Gallagher,120076,PRGS,Package,2025-02-22,Portal,Quoted
S-007853,Tara Bell,120194,LIBM,Homeowners,2025-02-02,Portal,Bound
S-007854,Tara Bell,120194,FARM,Homeowners,2025-02-27,Email,Quoted
S-007855,Tara Bell,120194,AMFA,Homeowners,2025-02-09,IVANS,Quoted
S-007856,Eric Perez,120259,NATI,Homeowners,2025-03-07,Portal,Bound
S-007857,Eric Perez,120259,HART,Homeowners,2025-03-03,IVANS,Declined
S-007858,Kathy Garcia,120025,PRGS,Homeowners,2025-02-20,Portal,Bound
S-007859,Kathy Garcia,120025,HART,Homeowners,2025-02-05,Email,Quoted
S-007860,Richard Estrada,120248,TRAV,WC,2025-03-07,IVANS,Bound
S-007861,Richard Estrada,120248,ALLS,WC,2025-02-04,Portal,Quoted
S-007862,Andrew Johnson,120202,FARM,Personal Auto,2025-02-27,IVANS,Bound
S-007863,Andrew Johnson,120202,LIBM,Personal Auto,2025-03-09,Email,Quoted
S-007864,Andrew Johnson,120202,TRAV,Personal Auto,2025-02-25,IVANS,Quoted
S-007865,Jim Le,120208,AMFA,Homeowners,2025-02-09,IVANS,Bound
S-007866,Jim Le,120208,PRGS,Homeowners,2025-02-06,Portal,Quoted
S-007867,Jim Le,120208,GEIC,Homeowners,2025-03-23,Portal,Declined
S-007868,Dylan Faulkner,120260,LIBM,Personal Auto,2025-02-01,IVANS,Bound
S-007869,Dylan Faulkner,120260,HART,Personal Auto,2025-03-02,IVANS,Quoted
S-007870,Dylan Faulkner,120260,HART,Personal Auto,2025-02-25,Portal,Quoted
S-007871,Scott Little,120004,PRGS,Homeowners,2025-02-24,Portal,Bound
S-007872,Scott Little,120004,ALLS,Homeowners,2025-03-24,IVANS,Quoted
S-007873,Scott Little,120004,ALLS,Homeowners,2025-02-14,IVANS,Declined
S-007874,Scott Little,120004,ALLS,Homeowners,2025-03-03,IVANS,Declined
S-007875,Joshua Scott,120263,NATI,Personal Auto,2025-03-08,Portal,Bound
S-007876,Joshua Scott,120263,CHUB,Personal Auto,2025-03-17,Portal,Quoted
S-007877,Joshua Scott,120263,LIBM,Personal Auto,2025-03-21,Email,Declined
S-007878,Joshua Scott,120263,ALLS,Personal Auto,2025-03-19,Portal,Quoted
S-007879,Karen Sheppard,120018,PRGS,WC,2025-03-16,Portal,Bound
S-007880,Karen Sheppard,120018,CHUB,WC,2025-03-15,Portal,Quoted
S-007881,Jennifer Reed,120041,ALLS,Personal Auto,2025-03-06,Portal,Bound
S-007882,Jennifer Reed,120041,AMFA,Personal Auto,2025-03-02,IVANS,Quoted
S-007883,Brian Munoz,120004,GEIC,Personal Auto,2025-03-11,Portal,Bound
S-007884,Brian Munoz,120004,HART,Personal Auto,2025-01-31,Email,Quoted
S-007885,Todd Clark,120160,ALLS,Umbrella,2025-02-06,Portal,Bound
S-007886,Todd Clark,120160,GEIC,Umbrella,2025-03-23,Portal,Quoted
S-007887,Juan Harris,120064,AMFA,Homeowners,2025-03-18,Portal,Bound
S-007888,Juan Harris,120064,ALLS,Homeowners,2025-02-20,IVANS,Declined
S-007889,Juan Harris,120064,NATI,Homeowners,2025-03-12,IVANS,Declined
S-007890,Susan Blevins,120107,PRGS,Personal Auto,2025-02-22,IVANS,Bound
S-007891,Susan Blevins,120107,TRAV,Personal Auto,2025-03-09,IVANS,Quoted
S-007892,Rebecca Henry,120214,LIBM,Homeowners,2025-02-10,Portal,Bound
S-007893,Rebecca Henry,120214,PRGS,Homeowners,2025-03-21,IVANS,Quoted
S-007894,Sean Johnson,120097,AMFA,Homeowners,2025-03-21,Portal,Bound
S-007895,Sean Johnson,120097,HART,Homeowners,2025-03-14,IVANS,Declined
S-007896,Casey Friedman,120250,HART,Umbrella,2025-03-01,Portal,Bound
S-007897,Casey Friedman,120250,AMFA,Umbrella,2025-01-31,Portal,Declined
S-007898,Casey Friedman,120250,PRGS,Umbrella,2025-03-11,Portal,Quoted
S-007899,Fernando Morgan,120135,TRAV,Package,2025-03-19,Portal,Bound
S-007900,Fernando Morgan,120135,PRGS,Package,2025-02-11,IVANS,Quoted
S-007901,Fernando Morgan,120135,HART,Package,2025-02-04,Portal,Quoted
S-007902,Fernando Morgan,120135,AMFA,Package,2025-02-20,Email,Quoted
S-007903,Melissa Fisher,120212,LIBM,Homeowners,2025-03-21,IVANS,Bound
S-007904,Melissa Fisher,120212,CHUB,Homeowners,2025-03-10,IVANS,Quoted
S-007905,Melissa Fisher,120212,FARM,Homeowners,2025-02-13,Email,Declined
S-007906,Melissa Fisher,120212,ALLS,Homeowners,2025-03-05,Portal,Quoted
S-007907,Brian Thornton,120215,ALLS,Personal Auto,2025-03-04,Portal,Bound
S-007908,Brian Thornton,120215,LIBM,Personal Auto,2025-02-25,IVANS,Declined
S-007909,Brian Thornton,120215,LIBM,Personal Auto,2025-02-27,Portal,Quoted
S-007910,Brian Thornton,120215,PRGS,Personal Auto,2025-02-25,IVANS,Quoted
S-007911,Randy Fitzgerald,120100,ALLS,Personal Auto,2025-02-12,IVANS,Bound
S-007912,Randy Fitzgerald,120100,TRAV,Personal Auto,2025-03-25,Portal,Quoted
S-007913,Randy Fitzgerald,120100,LIBM,Personal Auto,2025-03-15,Portal,Quoted
S-007914,Kristen Miller,120200,CHUB,Umbrella,2025-02-12,Portal,Bound
S-007915,Kristen Miller,120200,ALLS,Umbrella,2025-03-13,IVANS,Quoted
S-007916,Jessica Hopkins,120038,PRGS,Umbrella,2025-03-09,Portal,Bound
S-007917,Jessica Hopkins,120038,HART,Umbrella,2025-02-17,IVANS,Declined
S-007918,Lisa Curry,120072,TRAV,Personal Auto,2025-03-07,Portal,Bound
S-007919,Lisa Curry,120072,PRGS,Personal Auto,2025-02-09,Portal,Declined
S-007920,Lisa Curry,120072,AMFA,Personal Auto,2025-02-13,Portal,Declined
S-007921,Roy Eaton,120228,HART,Personal Auto,2025-02-14,IVANS,Bound
S-007922,Roy Eaton,120228,AMFA,Personal Auto,2025-03-25,IVANS,Quoted
S-007923,Roy Eaton,120228,NATI,Personal Auto,2025-02-03,Portal,Quoted
S-007924,Roy Eaton,120228,ALLS,Personal Auto,2025-02-01,Email,Quoted
S-007925,John Wall,120104,LIBM,Homeowners,2025-02-01,Portal,Bound
S-007926,John Wall,120104,PRGS,Homeowners,2025-02-05,IVANS,Quoted
S-007927,John Wall,120104,FARM,Homeowners,2025-02-17,IVANS,Quoted
S-007928,John Wall,120104,AMFA,Homeowners,2025-03-25,Portal,Declined
S-007929,Brian Gallagher,120248,PRGS,Homeowners,2025-03-18,Portal,Bound
S-007930,Brian Gallagher,120248,LIBM,Homeowners,2025-03-16,IVANS,Quoted
S-007931,Shirley Marshall,120231,PRGS,WC,2025-03-10,Portal,Bound
S-007932,Shirley Marshall,120231,TRAV,WC,2025-02-23,IVANS,Quoted
S-007933,Shirley Marshall,120231,AMFA,WC,2025-03-09,IVANS,Declined
S-007934,Elaine Carroll,120215,PRGS,Personal Auto,2025-03-05,IVANS,Bound
S-007935,Elaine Carroll,120215,GEIC,Personal Auto,2025-03-14,IVANS,Declined
S-007936,Sarah Shields,120019,LIBM,Homeowners,2025-02-17,Portal,Bound
S-007937,Sarah Shields,120019,TRAV,Homeowners,2025-02-12,IVANS,Quoted
S-007938,Jeffrey Moyer,120133,TRAV,BOP,2025-02-17,Portal,Bound
S-007939,Jeffrey Moyer,120133,CHUB,BOP,2025-03-03,IVANS,Quoted
S-007940,John Gilmore,120212,FARM,Homeowners,2025-02-08,IVANS,Bound
S-007941,John Gilmore,120212,PRGS,Homeowners,2025-02-20,IVANS,Declined
S-007942,John Gilmore,120212,PRGS,Homeowners,2025-02-20,Email,Declined
S-007943,John Gilmore,120212,PRGS,Homeowners,2025-02-04,IVANS,Quoted
S-007944,Kristin Sullivan,120262,TRAV,Homeowners,2025-02-24,IVANS,Bound
S-007945,Kristin Sullivan,120262,NATI,Homeowners,2025-03-25,Email,Declined
S-007946,Kristin Sullivan,120262,HART,Homeowners,2025-02-10,Portal,Declined
S-007947,Jasmine Perez,120034,GEIC,Umbrella,2025-03-23,IVANS,Bound
S-007948,Jasmine Perez,120034,LIBM,Umbrella,2025-03-22,IVANS,Declined
S-007949,Jasmine Perez,120034,LIBM,Umbrella,2025-02-14,Portal,Declined
S-007950,Katherine Ford,120232,AMFA,BOP,2025-02-19,IVANS,Bound
S-007951,Katherine Ford,120232,TRAV,BOP,2025-02-09,IVANS,Declined
S-007952,Sandra Goodman,120090,PRGS,WC,2025-03-23,IVANS,Bound
S-007953,Sandra Goodman,120090,NATI,WC,2025-02-01,Portal,Quoted
S-007954,Sandra Goodman,120090,ALLS,WC,2025-02-27,Portal,Declined
S-007955,Mason Hines,120186,PRGS,Homeowners,2025-02-03,Portal,Bound
S-007956,Mason Hines,120186,AMFA,Homeowners,2025-03-09,IVANS,Quoted
S-007957,Mason Hines,120186,GEIC,Homeowners,2025-02-13,Portal,Quoted
S-007958,Mason Hines,120186,LIBM,Homeowners,2025-03-12,Email,Quoted
S-007959,Jessica Lynch,120027,FARM,Package,2025-02-25,Portal,Bound
S-007960,Jessica Lynch,120027,PRGS,Package,2025-03-25,Portal,Declined
S-007961,Jessica Lynch,120027,AMFA,Package,2025-03-06,IVANS,Quoted
S-007962,Edward Rosario,120129,AMFA,BOP,2025-02-02,Email,Bound
S-007963,Edward Rosario,120129,FARM,BOP,2025-03-19,IVANS,Quoted
S-007964,Mike Hill,120280,LIBM,Homeowners,2025-02-06,IVANS,Bound
S-007965,Mike Hill,120280,GEIC,Homeowners,2025-03-01,Portal,Declined
S-007966,Mike Hill,120280,NATI,Homeowners,2025-02-04,Portal,Declined
S-007967,Mike Hill,120280,GEIC,Homeowners,2025-03-10,Portal,Quoted
S-007968,Leslie Hendricks,120144,LIBM,Personal Auto,2025-03-22,Email,Bound
S-007969,Leslie Hendricks,120144,GEIC,Personal Auto,2025-03-15,Email,Quoted
S-007970,Leslie Hendricks,120144,FARM,Personal Auto,2025-02-11,IVANS,Declined
S-007971,Leslie Hendricks,120144,HART,Personal Auto,2025-03-14,IVANS,Quoted
S-007972,Justin Mathews,120131,TRAV,BOP,2025-02-26,Portal,Bound
S-007973,Justin Mathews,120131,LIBM,BOP,2025-02-19,IVANS,Quoted
S-007974,Justin Mathews,120131,HART,BOP,2025-02-28,Portal,Quoted
S-007975,Justin Mathews,120131,CHUB,BOP,2025-02-14,IVANS,Quoted
S-007976,Willie Romero,120165,NATI,Personal Auto,2025-03-10,Portal,Bound
S-007977,Willie Romero,120165,CHUB,Personal Auto,2025-03-23,IVANS,Quoted
S-007978,Amanda Wyatt,120136,HART,Umbrella,2025-03-07,Portal,Bound
S-007979,Amanda Wyatt,120136,ALLS,Umbrella,2025-02-06,Email,Declined
S-007980,Amanda Wyatt,120136,NATI,Umbrella,2025-03-02,Portal,Quoted
S-007981,Christopher Chapman,120069,ALLS,Package,2025-02-21,Portal,Bound
S-007982,Christopher Chapman,120069,CHUB,Package,2025-02-05,IVANS,Declined
S-007983,Megan Holland,120218,GEIC,Umbrella,2025-03-06,Portal,Bound
S-007984,Megan Holland,120218,FARM,Umbrella,2025-03-19,IVANS,Declined
S-007985,Megan Holland,120218,HART,Umbrella,2025-02-03,IVANS,Declined
S-007986,Kelly Jones,120069,PRGS,BOP,2025-02-25,Portal,Bound
S-007987,Kelly Jones,120069,AMFA,BOP,2025-03-03,Portal,Quoted
S-007988,Christine Davis,120008,TRAV,BOP,2025-02-03,IVANS,Bound
S-007989,Christine Davis,120008,ALLS,BOP,2025-02-09,IVANS,Quoted
S-007990,Victoria Dickerson,120189,GEIC,WC,2025-03-20,IVANS,Bound
S-007991,Victoria Dickerson,120189,TRAV,WC,2025-02-23,IVANS,Quoted
S-007992,David Williams,120061,TRAV,Homeowners,2025-03-09,Portal,Bound
S-007993,David Williams,120061,HART,Homeowners,2025-02-01,IVANS,Quoted
S-007994,David Williams,120061,PRGS,Homeowners,2025-02-06,Portal,Declined
S-007995,David Williams,120061,ALLS,Homeowners,2025-02-22,Portal,Quoted
S-007996,Charles Fields,120108,ALLS,Umbrella,2025-02-18,IVANS,Bound
S-007997,Charles Fields,120108,AMFA,Umbrella,2025-03-14,Email,Quoted
S-007998,Charles Fields,120108,GEIC,Umbrella,2025-03-23,Email,Quoted
S-007999,Charles Fields,120108,HART,Umbrella,2025-02-08,Portal,Quoted
S-008000,Sylvia Francis,120041,GEIC,Umbrella,2025-02-15,IVANS,Bound
S-008001,Sylvia Francis,120041,NATI,Umbrella,2025-02-17,IVANS,Quoted
S-008002,Jeffrey Larsen,120207,FARM,Personal Auto,2025-03-03,IVANS,Bound
S-008003,Jeffrey Larsen,120207,GEIC,Personal Auto,2025-02-12,IVANS,Quoted
S-008004,Bryan Jackson,120077,TRAV,Homeowners,2025-03-19,Email,Bound
S-008005,Bryan Jackson,120077,AMFA,Homeowners,2025-02-12,Portal,Quoted
S-008006,Bryan Jackson,120077,CHUB,Homeowners,2025-02-13,IVANS,Quoted
S-008007,Bryan Jackson,120077,LIBM,Homeowners,2025-03-07,Email,Quoted
S-008008,Robert Pruitt,120263,CHUB,Homeowners,2025-02-03,IVANS,Bound
S-008009,Robert Pruitt,120263,NATI,Homeowners,2025-02-01,IVANS,Quoted
S-008010,Robert Pruitt,120263,TRAV,Homeowners,2025-03-18,IVANS,Declined
S-008011,Michael Jones,120224,TRAV,Umbrella,2025-02-24,IVANS,Bound
S-008012,Michael Jones,120224,FARM,Umbrella,2025-02-20,Email,Quoted
S-008013,Michael Jones,120224,GEIC,Umbrella,2025-03-15,Portal,Quoted
S-008014,Michael Jones,120224,CHUB,Umbrella,2025-02-23,IVANS,Declined
S-008015,Hannah Brown,120149,CHUB,BOP,2025-03-23,IVANS,Bound
S-008016,Hannah Brown,120149,AMFA,BOP,2025-03-24,IVANS,Declined
S-008017,Susan Rodriguez,120160,TRAV,Personal Auto,2025-02-01,Email,Bound
S-008018,Susan Rodriguez,120160,HART,Personal Auto,2025-03-09,Portal,Quoted
S-008019,Susan Rodriguez,120160,FARM,Personal Auto,2025-03-08,IVANS,Quoted
S-008020,Susan Rodriguez,120160,PRGS,Personal Auto,2025-02-27,IVANS,Quoted
S-008021,Michael Cook,120281,FARM,WC,2025-02-12,Portal,Bound
S-008022,Michael Cook,120281,CHUB,WC,2025-03-05,Portal,Quoted
S-008023,Michael Cook,120281,CHUB,WC,2025-03-03,Portal,Quoted
S-008024,Michael Cook,120281,PRGS,WC,2025-03-02,IVANS,Quoted
S-008025,Jenny Hunter,120249,ALLS,Umbrella,2025-03-14,Portal,Bound
S-008026,Jenny Hunter,120249,HART,Umbrella,2025-03-04,IVANS,Quoted
S-008027,Jenny Hunter,120249,CHUB,Umbrella,2025-02-04,Portal,Quoted
S-008028,Jenny Hunter,120249,AMFA,Umbrella,2025-03-20,Portal,Quoted
S-008029,Sean Davenport,120275,GEIC,Personal Auto,2025-02-27,Portal,Bound
S-008030,Sean Davenport,120275,NATI,Personal Auto,2025-02-04,Portal,Quoted
S-008031,Sean Davenport,120275,LIBM,Personal Auto,2025-02-28,Portal,Quoted
S-008032,Sean Davenport,120275,ALLS,Personal Auto,2025-02-10,Portal,Declined
S-008033,Leslie Pierce,120066,GEIC,Umbrella,2025-02-08,Portal,Bound
S-008034,Leslie Pierce,120066,TRAV,Umbrella,2025-03-04,IVANS,Quoted
S-008035,Leslie Pierce,120066,LIBM,Umbrella,2025-03-13,IVANS,Declined
S-008036,Erin Torres,120117,PRGS,WC,2025-02-15,IVANS,Bound
S-008037,Erin Torres,120117,AMFA,WC,2025-02-07,Portal,Quoted
S-008038,Erin Torres,120117,GEIC,WC,2025-03-05,Portal,Quoted
S-008039,Laura Nelson,120249,ALLS,BOP,2025-03-20,Email,Bound
S-008040,Laura Nelson,120249,TRAV,BOP,2025-03-02,Portal,Declined
S-008041,Laura Nelson,120249,TRAV,BOP,2025-03-11,IVANS,Declined
S-008042,Laura Nelson,120249,CHUB,BOP,2025-02-17,IVANS,Declined
S-008043,Glenn Long,120123,GEIC,WC,2025-02-26,Portal,Bound
S-008044,Glenn Long,120123,FARM,WC,2025-03-19,Portal,Quoted
S-008045,Deborah Hardin,120071,LIBM,WC,2025-03-16,Portal,Bound
S-008046,Deborah Hardin,120071,CHUB,WC,2025-02-13,IVANS,Quoted
S-008047,Deborah Hardin,120071,GEIC,WC,2025-02-24,Portal,Quoted
S-008048,Marcia Kim,120094,TRAV,BOP,2025-03-01,IVANS,Bound
S-008049,Marcia Kim,120094,FARM,BOP,2025-02-22,IVANS,Declined
S-008050,Marcia Kim,120094,PRGS,BOP,2025-02-14,IVANS,Declined
S-008051,Marcia Kim,120094,GEIC,BOP,2025-02-04,Portal,Quoted
S-008052,Jeremy Lewis,120162,LIBM,BOP,2025-03-24,Email,Bound
S-008053,Jeremy Lewis,120162,TRAV,BOP,2025-02-21,IVANS,Quoted
S-008054,Jeremy Lewis,120162,HART,BOP,2025-02-16,Portal,Quoted
S-008055,Leah Carney,120069,NATI,Personal Auto,2025-03-13,IVANS,Bound
S-008056,Leah Carney,120069,LIBM,Personal Auto,2025-03-11,IVANS,Declined
S-008057,Leah Carney,120069,LIBM,Personal Auto,2025-01-31,IVANS,Quoted
S-008058,Leah Carney,120069,FARM,Personal Auto,2025-02-20,Portal,Declined
S-008059,Michael Walker,120224,FARM,Homeowners,2025-03-17,Portal,Bound
S-008060,Michael Walker,120224,PRGS,Homeowners,2025-02-24,Email,Quoted
S-008061,Michael Walker,120224,HART,Homeowners,2025-03-08,IVANS,Declined
S-008062,Julia Baldwin,120176,CHUB,Personal Auto,2025-02-15,Portal,Bound
S-008063,Julia Baldwin,120176,HART,Personal Auto,2025-02-05,Email,Quoted
S-008064,Julia Baldwin,120176,PRGS,Personal Auto,2025-02-15,IVANS,Quoted
S-008065,Troy Manning,120015,NATI,WC,2025-02-11,Portal,Bound
S-008066,Troy Manning,120015,HART,WC,2025-03-22,IVANS,Quoted
S-008067,Troy Manning,120015,GEIC,WC,2025-03-04,IVANS,Quoted
S-008068,Courtney Bender,120162,GEIC,BOP,2025-02-21,Portal,Bound
S-008069,Courtney Bender,120162,TRAV,BOP,2025-02-27,Portal,Quoted
S-008070,Courtney Bender,120162,CHUB,BOP,2025-02-20,Email,Quoted
S-008071,Courtney Bender,120162,CHUB,BOP,2025-02-08,Email,Quoted
S-008072,Scott Wagner,120077,TRAV,WC,2025-03-24,Portal,Bound
S-008073,Scott Wagner,120077,PRGS,WC,2025-03-22,IVANS,Quoted
S-008074,Scott Wagner,120077,PRGS,WC,2025-03-22,Email,Quoted
S-008075,Scott Wagner,120077,LIBM,WC,2025-03-02,IVANS,Declined
S-008076,Jessica Mckinney,120038,NATI,BOP,2025-03-14,IVANS,Bound
S-008077,Jessica Mckinney,120038,FARM,BOP,2025-03-06,Portal,Quoted
S-008078,George Sloan,120180,HART,WC,2025-02-08,Email,Bound
S-008079,George Sloan,120180,TRAV,WC,2025-02-28,IVANS,Quoted
S-008080,George Sloan,120180,TRAV,WC,2025-03-18,Portal,Quoted
S-008081,Kyle Parks,120007,NATI,Homeowners,2025-03-12,Portal,Bound
S-008082,Kyle Parks,120007,PRGS,Homeowners,2025-03-05,Email,Declined
S-008083,Kyle Parks,120007,TRAV,Homeowners,2025-02-13,IVANS,Declined
S-008084,Virginia Jacobson,120097,PRGS,Umbrella,2025-02-16,Portal,Bound
S-008085,Virginia Jacobson,120097,AMFA,Umbrella,2025-02-04,IVANS,Declined
S-008086,Natasha Lamb,120162,GEIC,Personal Auto,2025-03-24,Portal,Bound
S-008087,Natasha Lamb,120162,TRAV,Personal Auto,2025-03-24,IVANS,Quoted
S-008088,Charles Mathis,120043,GEIC,Homeowners,2025-03-07,Portal,Bound
S-008089,Charles Mathis,120043,FARM,Homeowners,2025-03-04,IVANS,Declined
S-008090,Melissa Edwards,120087,HART,Homeowners,2025-03-08,Portal,Bound
S-008091,Melissa Edwards,120087,PRGS,Homeowners,2025-03-22,IVANS,Quoted
S-008092,Melissa Edwards,120087,LIBM,Homeowners,2025-02-10,IVANS,Declined
S-008093,Melissa Edwards,120087,TRAV,Homeowners,2025-01-31,IVANS,Declined
S-008094,Crystal Stein,120095,LIBM,Personal Auto,2025-02-18,Portal,Bound
S-008095,Crystal Stein,120095,FARM,Personal Auto,2025-02-06,IVANS,Quoted
S-008096,Crystal Stein,120095,TRAV,Personal Auto,2025-03-08,IVANS,Declined
S-008097,Angela Morales,120078,GEIC,BOP,2025-02-09,Portal,Bound
S-008098,Angela Morales,120078,TRAV,BOP,2025-03-15,Portal,Quoted
S-008099,Angela Morales,120078,ALLS,BOP,2025-03-24,IVANS,Quoted
S-008100,Joseph Williams,120119,FARM,BOP,2025-02-08,IVANS,Bound
S-008101,Joseph Williams,120119,ALLS,BOP,2025-03-22,IVANS,Quoted
S-008102,Joseph Williams,120119,AMFA,BOP,2025-02-02,IVANS,Quoted
S-008103,Sara Williams,120038,HART,WC,2025-03-02,IVANS,Bound
S-008104,Sara Williams,120038,CHUB,WC,2025-03-24,Portal,Quoted
S-008105,Mary Bryant,120070,TRAV,Umbrella,2025-02-19,Portal,Bound
S-008106,Mary Bryant,120070,PRGS,Umbrella,2025-03-12,IVANS,Declined
S-008107,Mary Bryant,120070,GEIC,Umbrella,2025-03-16,IVANS,Quoted
S-008108,Mary Bryant,120070,HART,Umbrella,2025-02-03,IVANS,Quoted
S-008109,Ryan Clark,120207,GEIC,Personal Auto,2025-02-23,IVANS,Bound
S-008110,Ryan Clark,120207,FARM,Personal Auto,2025-02-23,IVANS,Quoted
S-008111,Ryan Clark,120207,CHUB,Personal Auto,2025-02-03,IVANS,Quoted
S-008112,Ryan Clark,120207,FARM,Personal Auto,2025-03-03,IVANS,Quoted
S-008113,Steven Walter,120174,GEIC,BOP,2025-03-03,Portal,Bound
S-008114,Steven Walter,120174,FARM,BOP,2025-02-07,IVANS,Quoted
S-008115,Steven Walter,120174,ALLS,BOP,2025-03-12,IVANS,Quoted
S-008116,Bridget Daugherty,120255,LIBM,Personal Auto,2025-02-20,Portal,Bound
S-008117,Bridget Daugherty,120255,AMFA,Personal Auto,2025-02-19,IVANS,Declined
S-008118,Bridget Daugherty,120255,FARM,Personal Auto,2025-03-03,IVANS,Quoted
S-008119,Antonio Wright,120241,PRGS,BOP,2025-02-09,Portal,Bound
S-008120,Antonio Wright,120241,GEIC,BOP,2025-02-11,IVANS,Declined
S-008121,Antonio Wright,120241,GEIC,BOP,2025-03-16,Portal,Declined
S-008122,Jonathan Hill,120144,GEIC,Homeowners,2025-02-13,Portal,Bound
S-008123,Jonathan Hill,120144,NATI,Homeowners,2025-02-08,IVANS,Quoted
S-008124,Jonathan Hill,120144,NATI,Homeowners,2025-02-13,Portal,Quoted
S-008125,Sara Flores,120145,AMFA,Umbrella,2025-03-09,Portal,Bound
S-008126,Sara Flores,120145,FARM,Umbrella,2025-02-28,Email,Quoted
S-008127,Austin Cohen,120060,PRGS,Personal Auto,2025-02-16,Portal,Bound
S-008128,Austin Cohen,120060,FARM,Personal Auto,2025-02-27,IVANS,Quoted
S-008129,Austin Cohen,120060,HART,Personal Auto,2025-02-24,IVANS,Declined
S-008130,Austin Cohen,120060,FARM,Personal Auto,2025-02-17,Email,Quoted
S-008131,Natalie Jensen,120277,CHUB,Umbrella,2025-01-31,IVANS,Bound
S-008132,Natalie Jensen,120277,FARM,Umbrella,2025-02-19,Email,Quoted
S-008133,Natalie Jensen,120277,PRGS,Umbrella,2025-02-26,Portal,Quoted
S-008134,Amy Ramirez,120065,GEIC,Package,2025-03-16,IVANS,Bound
S-008135,Amy Ramirez,120065,AMFA,Package,2025-02-18,IVANS,Declined
S-008136,Amy Ramirez,120065,CHUB,Package,2025-02-06,IVANS,Declined
S-008137,Amy Ramirez,120065,LIBM,Package,2025-03-13,IVANS,Quoted
S-008138,Eric Harrison,120165,GEIC,Personal Auto,2025-03-23,IVANS,Bound
S-008139,Eric Harrison,120165,TRAV,Personal Auto,2025-02-09,Portal,Declined
S-008140,Eric Harrison,120165,CHUB,Personal Auto,2025-02-28,Portal,Declined
S-008141,Katelyn Morgan,120147,LIBM,Umbrella,2025-03-13,IVANS,Bound
S-008142,Katelyn Morgan,120147,GEIC,Umbrella,2025-02-08,Portal,Quoted
S-008143,Elizabeth Colon,120199,FARM,BOP,2025-02-05,IVANS,Bound
S-008144,Elizabeth Colon,120199,TRAV,BOP,2025-02-06,IVANS,Declined
S-008145,Eric Brown,120268,HART,Personal Auto,2025-03-03,IVANS,Bound
S-008146,Eric Brown,120268,GEIC,Personal Auto,2025-02-09,IVANS,Quoted
S-008147,Eric Brown,120268,CHUB,Personal Auto,2025-03-11,Portal,Quoted
S-008148,Brandon Allen,120084,GEIC,Umbrella,2025-03-21,IVANS,Bound
S-008149,Brandon Allen,120084,TRAV,Umbrella,2025-02-17,IVANS,Declined
S-008150,Christopher Cannon,120289,LIBM,Personal Auto,2025-02-15,Portal,Bound
S-008151,Christopher Cannon,120289,AMFA,Personal Auto,2025-03-16,IVANS,Quoted
S-008152,Christopher Cannon,120289,NATI,Personal Auto,2025-03-14,IVANS,Quoted
S-008153,Brittany Matthews,120191,HART,Homeowners,2025-02-13,IVANS,Bound
S-008154,Brittany Matthews,120191,CHUB,Homeowners,2025-03-13,Portal,Quoted
S-008155,Patricia Calderon,120205,ALLS,Homeowners,2025-03-13,Portal,Bound
S-008156,Patricia Calderon,120205,HART,Homeowners,2025-03-15,IVANS,Declined
S-008157,Nicole Williams,120014,LIBM,Personal Auto,2025-02-23,Portal,Bound
S-008158,Nicole Williams,120014,ALLS,Personal Auto,2025-03-12,Portal,Quoted
S-008159,Nicole Williams,120014,AMFA,Personal Auto,2025-02-13,IVANS,Quoted
S-008160,Brian Lopez,120249,GEIC,Personal Auto,2025-02-11,Portal,Bound
S-008161,Brian Lopez,120249,ALLS,Personal Auto,2025-03-05,IVANS,Declined
S-008162,Brian Lopez,120249,NATI,Personal Auto,2025-02-19,IVANS,Quoted
S-008163,Ashley Cooper,120169,HART,Personal Auto,2025-02-20,IVANS,Bound
S-008164,Ashley Cooper,120169,FARM,Personal Auto,2025-02-22,Portal,Quoted
S-008165,Ashley Cooper,120169,TRAV,Personal Auto,2025-03-10,Portal,Quoted
S-008166,James Stevens,120197,LIBM,Homeowners,2025-03-14,IVANS,Bound
S-008167,James Stevens,120197,HART,Homeowners,2025-02-28,Portal,Quoted
S-008168,Cindy Khan,120133,ALLS,Umbrella,2025-01-31,Portal,Bound
S-008169,Cindy Khan,120133,PRGS,Umbrella,2025-02-08,IVANS,Quoted
S-008170,Barbara Hayes,120229,NATI,Personal Auto,2025-03-11,Portal,Bound
S-008171,Barbara Hayes,120229,PRGS,Personal Auto,2025-02-07,IVANS,Quoted
S-008172,Barbara Hayes,120229,LIBM,Personal Auto,2025-02-01,IVANS,Quoted
S-008173,Barbara Hayes,120229,LIBM,Personal Auto,2025-02-07,IVANS,Quoted
S-008174,Carol Wagner,120221,NATI,Homeowners,2025-03-13,IVANS,Bound
S-008175,Carol Wagner,120221,FARM,Homeowners,2025-03-13,Portal,Quoted
S-008176,Julie Walters,120144,GEIC,Personal Auto,2025-02-23,IVANS,Bound
S-008177,Julie Walters,120144,HART,Personal Auto,2025-02-12,IVANS,Quoted
S-008178,Julie Walters,120144,HART,Personal Auto,2025-03-13,Email,Quoted
S-008179,Megan Herrera,120274,GEIC,Homeowners,2025-03-04,IVANS,Bound
S-008180,Megan Herrera,120274,FARM,Homeowners,2025-03-14,Portal,Declined
S-008181,Megan Herrera,120274,PRGS,Homeowners,2025-02-05,IVANS,Quoted
S-008182,Michael Zuniga,120243,LIBM,Personal Auto,2025-02-06,Portal,Bound
S-008183,Michael Zuniga,120243,HART,Personal Auto,2025-03-16,Portal,Quoted
S-008184,Mark Perry,120083,NATI,Personal Auto,2025-02-20,IVANS,Bound
S-008185,Mark Perry,120083,FARM,Personal Auto,2025-03-11,IVANS,Quoted
S-008186,James Robinson,120054,PRGS,Umbrella,2025-02-03,Portal,Bound
S-008187,James Robinson,120054,GEIC,Umbrella,2025-02-17,IVANS,Declined
S-008188,James Robinson,120054,FARM,Umbrella,2025-02-24,IVANS,Quoted
S-008189,James Robinson,120054,HART,Umbrella,2025-02-22,Portal,Declined
S-008190,Jeremy Estrada,120110,HART,Package,2025-03-11,Portal,Bound
S-008191,Jeremy Estrada,120110,PRGS,Package,2025-03-20,Portal,Declined
S-008192,Amy Martin,120005,NATI,Personal Auto,2025-02-20,Portal,Bound
S-008193,Amy Martin,120005,TRAV,Personal Auto,2025-02-09,IVANS,Quoted
S-008194,Amy Martin,120005,HART,Personal Auto,2025-02-09,Email,Quoted
S-008195,Amy Martin,120005,TRAV,Personal Auto,2025-01-31,IVANS,Declined
S-008196,Barry Phelps,120196,FARM,Umbrella,2025-03-22,Portal,Bound
S-008197,Barry Phelps,120196,LIBM,Umbrella,2025-02-09,Portal,Quoted
S-008198,Scott Lamb,120123,PRGS,Homeowners,2025-03-01,IVANS,Bound
S-008199,Scott Lamb,120123,CHUB,Homeowners,2025-02-16,IVANS,Declined
S-008200,Tanya Wells,120087,TRAV,Personal Auto,2025-03-02,Portal,Bound
S-008201,Tanya Wells,120087,LIBM,Personal Auto,2025-03-03,Portal,Quoted
S-008202,Tanya Wells,120087,CHUB,Personal Auto,2025-03-09,IVANS,Declined
S-008203,Laura Schwartz,120097,LIBM,Homeowners,2025-02-26,IVANS,Bound
S-008204,Laura Schwartz,120097,GEIC,Homeowners,2025-02-24,Portal,Declined
S-008205,Laura Schwartz,120097,CHUB,Homeowners,2025-03-20,Portal,Declined
S-008206,Laura Schwartz,120097,GEIC,Homeowners,2025-03-15,IVANS,Declined
S-008207,Beth Clark,120071,NATI,Personal Auto,2025-03-02,IVANS,Bound
S-008208,Beth Clark,120071,PRGS,Personal Auto,2025-02-23,Portal,Quoted
S-008209,Beth Clark,120071,GEIC,Personal Auto,2025-02-19,Portal,Declined
S-008210,Beth Clark,120071,LIBM,Personal Auto,2025-02-17,Email,Quoted
S-008211,Pamela Buchanan,120143,TRAV,Homeowners,2025-02-01,IVANS,Bound
S-008212,Pamela Buchanan,120143,PRGS,Homeowners,2025-02-18,Portal,Declined
S-008213,Brian Morales,120109,GEIC,WC,2025-03-05,IVANS,Bound
S-008214,Brian Morales,120109,LIBM,WC,2025-02-04,Portal,Quoted
S-008215,Brian Morales,120109,AMFA,WC,2025-03-08,Email,Declined
S-008216,David Buchanan,120170,LIBM,Homeowners,2025-03-08,Email,Bound
S-008217,David Buchanan,120170,CHUB,Homeowners,2025-03-12,IVANS,Declined
S-008218,Mark Odom,120056,GEIC,Personal Auto,2025-02-22,IVANS,Bound
S-008219,Mark Odom,120056,TRAV,Personal Auto,2025-02-07,Portal,Quoted
S-008220,Mark Odom,120056,NATI,Personal Auto,2025-03-25,Portal,Declined
S-008221,Mark Odom,120056,AMFA,Personal Auto,2025-02-02,Portal,Declined
S-008222,Kathleen Ward,120196,GEIC,Package,2025-02-15,IVANS,Bound
S-008223,Kathleen Ward,120196,LIBM,Package,2025-02-26,Email,Quoted
S-008224,Kathleen Ward,120196,LIBM,Package,2025-03-12,Portal,Quoted
S-008225,Kathleen Ward,120196,HART,Package,2025-02-11,Portal,Quoted
S-008226,Brittany Boyd,120185,TRAV,BOP,2025-02-02,IVANS,Bound
S-008227,Brittany Boyd,120185,HART,BOP,2025-03-06,IVANS,Declined
S-008228,Seth Wood,120018,HART,BOP,2025-02-24,IVANS,Bound
S-008229,Seth Wood,120018,FARM,BOP,2025-03-16,IVANS,Declined
S-008230,Seth Wood,120018,NATI,BOP,2025-02-02,IVANS,Quoted
S-008231,Heather Bell,120253,HART,Personal Auto,2025-02-18,Portal,Bound
S-008232,Heather Bell,120253,PRGS,Personal Auto,2025-02-03,IVANS,Quoted
S-008233,Heather Bell,120253,ALLS,Personal Auto,2025-03-06,IVANS,Quoted
S-008234,Joe Carroll,120257,FARM,Homeowners,2025-02-02,IVANS,Bound
S-008235,Joe Carroll,120257,CHUB,Homeowners,2025-03-02,Portal,Quoted
S-008236,Robin Rodriguez,120085,ALLS,Homeowners,2025-02-05,IVANS,Bound
S-008237,Robin Rodriguez,120085,AMFA,Homeowners,2025-03-03,Email,Declined
S-008238,Robin Rodriguez,120085,GEIC,Homeowners,2025-03-17,Portal,Declined
S-008239,Robin Rodriguez,120085,LIBM,Homeowners,2025-03-16,Portal,Quoted
S-008240,Brian Nguyen,120052,LIBM,Package,2025-02-12,Portal,Bound
S-008241,Brian Nguyen,120052,CHUB,Package,2025-02-15,IVANS,Quoted
S-008242,Jerome Scott,120198,HART,BOP,2025-03-05,IVANS,Bound
S-008243,Jerome Scott,120198,FARM,BOP,2025-02-23,Portal,Quoted
S-008244,Jerome Scott,120198,AMFA,BOP,2025-03-01,IVANS,Quoted
S-008245,Dennis Clark,120042,LIBM,Homeowners,2025-03-04,IVANS,Bound
S-008246,Dennis Clark,120042,NATI,Homeowners,2025-02-04,IVANS,Quoted
S-008247,Fernando Davis,120143,GEIC,Homeowners,2025-03-17,IVANS,Bound
S-008248,Fernando Davis,120143,NATI,Homeowners,2025-02-04,IVANS,Declined
S-008249,Fernando Davis,120143,TRAV,Homeowners,2025-03-21,IVANS,Quoted
S-008250,Brad Smith,120069,FARM,Personal Auto,2025-02-01,Portal,Bound
S-008251,Brad Smith,120069,PRGS,Personal Auto,2025-02-17,Portal,Quoted
S-008252,Christopher Wilson,120279,GEIC,Personal Auto,2025-02-20,IVANS,Bound
S-008253,Christopher Wilson,120279,PRGS,Personal Auto,2025-03-23,Portal,Quoted
S-008254,Christopher Wilson,120279,NATI,Personal Auto,2025-01-31,Portal,Quoted
S-008255,Christopher Wilson,120279,LIBM,Personal Auto,2025-03-03,IVANS,Quoted
S-008256,Laura Martin,120141,FARM,Personal Auto,2025-02-20,Email,Bound
S-008257,Laura Martin,120141,HART,Personal Auto,2025-02-17,Portal,Quoted
S-008258,Eric Castillo,120226,TRAV,Homeowners,2025-03-14,IVANS,Bound
S-008259,Eric Castillo,120226,LIBM,Homeowners,2025-03-23,IVANS,Declined
S-008260,Jared Dickson,120097,PRGS,Personal Auto,2025-02-13,Portal,Bound
S-008261,Jared Dickson,120097,LIBM,Personal Auto,2025-03-13,Portal,Declined
S-008262,Jeffrey Hill,120272,NATI,Homeowners,2025-03-15,IVANS,Bound
S-008263,Jeffrey Hill,120272,FARM,Homeowners,2025-03-01,Portal,Quoted
S-008264,Michelle Charles,120113,TRAV,Personal Auto,2025-02-26,Email,Bound
S-008265,Michelle Charles,120113,CHUB,Personal Auto,2025-03-14,Portal,Quoted
S-008266,Cheryl Tran,120047,LIBM,Personal Auto,2025-02-28,Portal,Bound
S-008267,Cheryl Tran,120047,NATI,Personal Auto,2025-02-14,Email,Quoted
S-008268,Cheryl Tran,120047,NATI,Personal Auto,2025-03-09,Portal,Quoted
S-008269,Cheryl Tran,120047,HART,Personal Auto,2025-02-20,IVANS,Quoted
S-008270,Diane Rodriguez,120084,NATI,Homeowners,2025-03-25,Portal,Bound
S-008271,Diane Rodriguez,120084,CHUB,Homeowners,2025-02-10,IVANS,Quoted
S-008272,Diane Rodriguez,120084,CHUB,Homeowners,2025-03-18,Email,Quoted
S-008273,Elizabeth Wright,120224,GEIC,BOP,2025-01-31,Portal,Bound
S-008274,Elizabeth Wright,120224,LIBM,BOP,2025-02-06,Portal,Quoted
S-008275,Elizabeth Wright,120224,TRAV,BOP,2025-02-15,IVANS,Quoted
S-008276,Elizabeth Wright,120224,PRGS,BOP,2025-02-09,IVANS,Quoted
S-008277,Deborah Smith,120024,GEIC,BOP,2025-03-04,Portal,Bound
S-008278,Deborah Smith,120024,NATI,BOP,2025-02-12,Email,Declined
S-008279,Tom Harper,120158,TRAV,Personal Auto,2025-02-26,Email,Bound
S-008280,Tom Harper,120158,HART,Personal Auto,2025-03-23,Portal,Quoted
S-008281,Albert Anderson,120295,GEIC,Package,2025-02-20,IVANS,Bound
S-008282,Albert Anderson,120295,ALLS,Package,2025-02-12,IVANS,Declined
S-008283,Albert Anderson,120295,LIBM,Package,2025-03-19,Portal,Quoted
S-008284,Albert Anderson,120295,LIBM,Package,2025-02-01,IVANS,Quoted
S-008285,Candace Adams,120188,ALLS,Homeowners,2025-02-01,IVANS,Bound
S-008286,Candace Adams,120188,AMFA,Homeowners,2025-03-25,IVANS,Quoted
S-008287,Candace Adams,120188,TRAV,Homeowners,2025-02-23,Portal,Quoted
S-008288,Candace Adams,120188,LIBM,Homeowners,2025-02-27,Portal,Declined
S-008289,William Cole,120295,TRAV,WC,2025-02-26,IVANS,Bound
S-008290,William Cole,120295,ALLS,WC,2025-02-02,IVANS,Declined
S-008291,William Cole,120295,GEIC,WC,2025-03-10,IVANS,Declined
S-008292,Melanie Owens,120291,CHUB,Umbrella,2025-03-03,Email,Bound
S-008293,Melanie Owens,120291,NATI,Umbrella,2025-03-17,IVANS,Quoted
S-008294,Melanie Owens,120291,GEIC,Umbrella,2025-02-15,IVANS,Declined
S-008295,Melanie Owens,120291,GEIC,Umbrella,2025-02-11,Portal,Declined
S-008296,Desiree Farley,120017,ALLS,BOP,2025-03-22,Portal,Bound
S-008297,Desiree Farley,120017,LIBM,BOP,2025-02-23,IVANS,Quoted
S-008298,Desiree Farley,120017,LIBM,BOP,2025-03-08,Portal,Declined
S-008299,Desiree Farley,120017,LIBM,BOP,2025-02-22,IVANS,Quoted
S-008300,Jacob Davis,120203,ALLS,BOP,2025-03-06,IVANS,Bound
S-008301,Jacob Davis,120203,TRAV,BOP,2025-03-12,Portal,Declined
S-008302,Jacob Davis,120203,GEIC,BOP,2025-03-12,Portal,Declined
S-008303,Michael Juarez,120024,HART,Personal Auto,2025-02-23,Portal,Bound
S-008304,Michael Juarez,120024,GEIC,Personal Auto,2025-03-02,Portal,Quoted
S-008305,Michael Juarez,120024,AMFA,Personal Auto,2025-02-01,IVANS,Quoted
S-008306,Elizabeth Woods,120182,AMFA,Umbrella,2025-02-24,Portal,Bound
S-008307,Elizabeth Woods,120182,ALLS,Umbrella,2025-02-18,Email,Quoted
S-008308,Elizabeth Woods,120182,FARM,Umbrella,2025-03-11,IVANS,Declined
S-008309,Elizabeth Woods,120182,ALLS,Umbrella,2025-02-15,Portal,Quoted
S-008310,Kimberly Clark,120002,NATI,Personal Auto,2025-03-17,IVANS,Bound
S-008311,Kimberly Clark,120002,GEIC,Personal Auto,2025-02-26,Portal,Quoted
S-008312,Kimberly Clark,120002,HART,Personal Auto,2025-02-21,IVANS,Quoted
S-008313,Kimberly Clark,120002,LIBM,Personal Auto,2025-03-04,IVANS,Declined
S-008314,Margaret Miller,120167,PRGS,Homeowners,2025-02-18,Email,Bound
S-008315,Margaret Miller,120167,FARM,Homeowners,2025-02-08,IVANS,Quoted
S-008316,Margaret Miller,120167,HART,Homeowners,2025-03-10,Portal,Quoted
S-008317,Kenneth Brown,120006,PRGS,Personal Auto,2025-02-16,Portal,Bound
S-008318,Kenneth Brown,120006,NATI,Personal Auto,2025-02-04,Email,Quoted
S-008319,Christopher Harmon,120288,ALLS,Homeowners,2025-02-06,Portal,Bound
S-008320,Christopher Harmon,120288,CHUB,Homeowners,2025-03-23,IVANS,Quoted
S-008321,Christopher Harmon,120288,GEIC,Homeowners,2025-03-17,Email,Declined
S-008322,Keith Stewart,120189,PRGS,Personal Auto,2025-02-18,Email,Bound
S-008323,Keith Stewart,120189,AMFA,Personal Auto,2025-02-16,IVANS,Declined
S-008324,Keith Stewart,120189,TRAV,Personal Auto,2025-02-13,IVANS,Declined
S-008325,Douglas Murphy,120074,LIBM,Personal Auto,2025-03-06,Portal,Bound
S-008326,Douglas Murphy,120074,FARM,Personal Auto,2025-03-05,IVANS,Declined
S-008327,Douglas Murphy,120074,AMFA,Personal Auto,2025-02-01,IVANS,Quoted
S-008328,Kristen Ho,120047,ALLS,Homeowners,2025-03-07,Portal,Bound
S-008329,Kristen Ho,120047,FARM,Homeowners,2025-03-13,Portal,Quoted
S-008330,Lisa Gregory,120094,NATI,Homeowners,2025-02-17,Email,Bound
S-008331,Lisa Gregory,120094,FARM,Homeowners,2025-02-10,Portal,Quoted
S-008332,Lisa Gregory,120094,PRGS,Homeowners,2025-03-10,Portal,Quoted
S-008333,David Powers,120284,HART,Personal Auto,2025-03-18,IVANS,Bound
S-008334,David Powers,120284,ALLS,Personal Auto,2025-02-22,Portal,Quoted
S-008335,Kevin Cervantes,120094,LIBM,Personal Auto,2025-02-11,IVANS,Bound
S-008336,Kevin Cervantes,120094,PRGS,Personal Auto,2025-03-07,Email,Declined
S-008337,Angela Ramirez,120101,FARM,Homeowners,2025-01-31,Portal,Bound
S-008338,Angela Ramirez,120101,NATI,Homeowners,2025-02-15,IVANS,Quoted
S-008339,Angela Ramirez,120101,HART,Homeowners,2025-02-18,IVANS,Quoted
S-008340,Shelley Rodriguez,120224,AMFA,Umbrella,2025-02-21,IVANS,Bound
S-008341,Shelley Rodriguez,120224,FARM,Umbrella,2025-02-22,Portal,Declined
S-008342,Janice Leonard,120158,TRAV,Personal Auto,2025-02-19,Portal,Bound
S-008343,Janice Leonard,120158,ALLS,Personal Auto,2025-03-13,IVANS,Quoted
S-008344,Janice Leonard,120158,LIBM,Personal Auto,2025-02-03,Portal,Quoted
S-008345,Janice Leonard,120158,AMFA,Personal Auto,2025-03-02,IVANS,Declined
S-008346,Joseph Clark,120188,CHUB,Personal Auto,2025-02-12,Portal,Bound
S-008347,Joseph Clark,120188,ALLS,Personal Auto,2025-02-09,IVANS,Quoted
S-008348,Joseph Clark,120188,ALLS,Personal Auto,2025-03-13,Portal,Declined
S-008349,John Hall,120265,CHUB,BOP,2025-03-06,IVANS,Bound
S-008350,John Hall,120265,FARM,BOP,2025-03-04,IVANS,Declined
S-008351,Pamela Green,120092,ALLS,BOP,2025-02-05,IVANS,Bound
S-008352,Pamela Green,120092,NATI,BOP,2025-03-01,IVANS,Quoted
S-008353,Pamela Green,120092,FARM,BOP,2025-03-14,IVANS,Quoted
S-008354,Pamela Green,120092,FARM,BOP,2025-03-22,Portal,Declined
S-008355,Nancy Wilkins,120174,TRAV,Personal Auto,2025-03-18,Portal,Bound
S-008356,Nancy Wilkins,120174,LIBM,Personal Auto,2025-03-12,Portal,Quoted
S-008357,Peggy Lewis,120103,AMFA,Package,2025-02-10,Portal,Bound
S-008358,Peggy Lewis,120103,TRAV,Package,2025-02-01,IVANS,Quoted
S-008359,Peggy Lewis,120103,HART,Package,2025-02-28,IVANS,Quoted
S-008360,Debbie Jackson,120134,PRGS,Personal Auto,2025-03-05,IVANS,Bound
S-008361,Debbie Jackson,120134,GEIC,Personal Auto,2025-02-21,Email,Quoted
S-008362,Thomas Campos,120080,FARM,Personal Auto,2025-03-16,Portal,Bound
S-008363,Thomas Campos,120080,HART,Personal Auto,2025-02-22,Portal,Declined
S-008364,Veronica Smith,120122,GEIC,WC,2025-02-20,Portal,Bound
S-008365,Veronica Smith,120122,PRGS,WC,2025-03-02,Email,Declined
S-008366,Veronica Smith,120122,LIBM,WC,2025-03-05,Portal,Declined
S-008367,Veronica Smith,120122,CHUB,WC,2025-03-03,Portal,Declined
S-008368,Gloria Daniels,120121,FARM,Homeowners,2025-03-16,IVANS,Bound
S-008369,Gloria Daniels,120121,TRAV,Homeowners,2025-03-06,IVANS,Declined
S-008370,Gloria Daniels,120121,GEIC,Homeowners,2025-03-07,Email,Quoted
S-008371,Heather Miller,120271,ALLS,Personal Auto,2025-03-03,Portal,Bound
S-008372,Heather Miller,120271,FARM,Personal Auto,2025-02-28,Portal,Declined
S-008373,Robert Kim,120296,AMFA,WC,2025-02-10,Portal,Bound
S-008374,Robert Kim,120296,FARM,WC,2025-03-01,Portal,Quoted
S-008375,Kevin Hays,120126,CHUB,Personal Auto,2025-02-12,IVANS,Bound
S-008376,Kevin Hays,120126,PRGS,Personal Auto,2025-02-17,Portal,Quoted
S-008377,Kevin Hays,120126,GEIC,Personal Auto,2025-03-11,Email,Quoted
S-008378,Kevin Hays,120126,FARM,Personal Auto,2025-03-07,Portal,Quoted
S-008379,Dean Nelson,120219,AMFA,Personal Auto,2025-02-18,Portal,Bound
S-008380,Dean Nelson,120219,LIBM,Personal Auto,2025-02-03,IVANS,Quoted
S-008381,Timothy Ingram,120246,HART,Personal Auto,2025-03-21,IVANS,Bound
S-008382,Timothy Ingram,120246,CHUB,Personal Auto,2025-03-13,IVANS,Quoted
S-008383,Timothy Ingram,120246,CHUB,Personal Auto,2025-03-25,Portal,Declined
S-008384,Ryan Murray,120062,ALLS,Personal Auto,2025-02-09,Portal,Bound
S-008385,Ryan Murray,120062,FARM,Personal Auto,2025-03-06,Portal,Quoted
S-008386,Ryan Murray,120062,NATI,Personal Auto,2025-02-14,IVANS,Quoted
S-008387,Michael Bauer,120180,FARM,Personal Auto,2025-03-09,IVANS,Bound
S-008388,Michael Bauer,120180,PRGS,Personal Auto,2025-02-25,Portal,Quoted
S-008389,Michael Bauer,120180,CHUB,Personal Auto,2025-02-26,IVANS,Quoted
S-008390,Eric Gonzalez,120254,ALLS,Homeowners,2025-03-19,Portal,Bound
S-008391,Eric Gonzalez,120254,CHUB,Homeowners,2025-03-05,IVANS,Quoted
S-008392,Eric Gonzalez,120254,HART,Homeowners,2025-03-18,IVANS,Declined
S-008393,Justin Flores,120252,HART,Umbrella,2025-03-22,Email,Bound
S-008394,Justin Flores,120252,LIBM,Umbrella,2025-03-14,IVANS,Quoted
S-008395,Justin Flores,120252,AMFA,Umbrella,2025-02-08,IVANS,Declined
S-008396,Justin Flores,120252,AMFA,Umbrella,2025-01-31,IVANS,Quoted
S-008397,Andrea Miller,120230,ALLS,WC,2025-02-07,IVANS,Bound
S-008398,Andrea Miller,120230,AMFA,WC,2025-02-28,Portal,Quoted
S-008399,Robert Flores,120106,PRGS,Homeowners,2025-03-05,IVANS,Bound
S-008400,Robert Flores,120106,AMFA,Homeowners,2025-02-23,IVANS,Quoted
S-008401,Robert Flores,120106,TRAV,Homeowners,2025-01-31,Email,Quoted
S-008402,Angela Benson,120025,GEIC,Umbrella,2025-02-13,IVANS,Bound
S-008403,Angela Benson,120025,FARM,Umbrella,2025-03-05,IVANS,Quoted
S-008404,James Hutchinson,120079,ALLS,Personal Auto,2025-03-13,Portal,Bound
S-008405,James Hutchinson,120079,CHUB,Personal Auto,2025-02-06,IVANS,Quoted
S-008406,James Hutchinson,120079,LIBM,Personal Auto,2025-03-19,IVANS,Declined
S-008407,James Hutchinson,120079,FARM,Personal Auto,2025-03-04,IVANS,Quoted
S-008408,William Peterson,120206,HART,Personal Auto,2025-03-03,IVANS,Bound
S-008409,William Peterson,120206,ALLS,Personal Auto,2025-03-24,Portal,Declined
S-008410,William Peterson,120206,NATI,Personal Auto,2025-02-22,IVANS,Declined
S-008411,William Peterson,120206,CHUB,Personal Auto,2025-02-18,IVANS,Quoted
S-008412,Heidi Kelley,120193,FARM,Personal Auto,2025-03-25,Portal,Bound
S-008413,Heidi Kelley,120193,GEIC,Personal Auto,2025-02-08,IVANS,Declined
S-008414,Heidi Kelley,120193,LIBM,Personal Auto,2025-02-11,Portal,Quoted
S-008415,Heidi Kelley,120193,CHUB,Personal Auto,2025-03-09,IVANS,Quoted
S-008416,Jeffrey Hudson,120208,LIBM,Package,2025-03-16,Portal,Bound
S-008417,Jeffrey Hudson,120208,FARM,Package,2025-03-09,IVANS,Declined
S-008418,Jeffrey Hudson,120208,AMFA,Package,2025-03-10,Portal,Declined
S-008419,Jennifer Wolfe,120133,PRGS,Umbrella,2025-03-11,IVANS,Bound
S-008420,Jennifer Wolfe,120133,NATI,Umbrella,2025-02-18,Portal,Quoted
S-008421,Jennifer Wolfe,120133,NATI,Umbrella,2025-03-15,IVANS,Quoted
S-008422,Sean Barr,120298,ALLS,Homeowners,2025-02-12,Portal,Bound
S-008423,Sean Barr,120298,GEIC,Homeowners,2025-03-11,IVANS,Declined
S-008424,Jessica Campbell,120124,ALLS,Homeowners,2025-02-06,IVANS,Bound
S-008425,Jessica Campbell,120124,NATI,Homeowners,2025-02-13,Portal,Quoted
S-008426,Jessica Campbell,120124,AMFA,Homeowners,2025-02-03,IVANS,Quoted
S-008427,Jessica Campbell,120124,FARM,Homeowners,2025-02-03,Portal,Quoted
S-008428,Jerry Sanchez,120034,LIBM,Personal Auto,2025-03-02,Portal,Bound
S-008429,Jerry Sanchez,120034,AMFA,Personal Auto,2025-03-22,Portal,Declined
S-008430,Jerry Sanchez,120034,AMFA,Personal Auto,2025-02-22,Portal,Quoted
S-008431,Joanne Espinoza,120195,LIBM,Personal Auto,2025-03-21,Email,Bound
S-008432,Joanne Espinoza,120195,FARM,Personal Auto,2025-03-07,IVANS,Declined
S-008433,Adam Young,120076,PRGS,Homeowners,2025-02-04,Portal,Bound
S-008434,Adam Young,120076,NATI,Homeowners,2025-02-18,Email,Quoted
S-008435,James Lang,120297,GEIC,BOP,2025-02-19,IVANS,Bound
S-008436,James Lang,120297,CHUB,BOP,2025-02-10,IVANS,Quoted
S-008437,James Lang,120297,PRGS,BOP,2025-02-11,IVANS,Declined
S-008438,James Lang,120297,ALLS,BOP,2025-02-17,IVANS,Quoted
S-008439,Jodi Stevens,120016,AMFA,Personal Auto,2025-02-18,Portal,Bound
S-008440,Jodi Stevens,120016,PRGS,Personal Auto,2025-02-24,IVANS,Quoted
S-008441,Randy Cervantes,120050,PRGS,Package,2025-02-03,IVANS,Bound
S-008442,Randy Cervantes,120050,CHUB,Package,2025-03-12,IVANS,Quoted
S-008443,Jessica Owens,120275,NATI,Personal Auto,2025-03-04,IVANS,Bound
S-008444,Jessica Owens,120275,ALLS,Personal Auto,2025-03-24,IVANS,Declined
S-008445,Darren Taylor,120011,ALLS,Umbrella,2025-03-24,IVANS,Bound
S-008446,Darren Taylor,120011,GEIC,Umbrella,2025-01-31,Portal,Declined
S-008447,Joseph Hawkins,120002,LIBM,Homeowners,2025-02-28,Portal,Bound
S-008448,Joseph Hawkins,120002,GEIC,Homeowners,2025-03-03,Portal,Quoted
S-008449,Joseph Hawkins,120002,FARM,Homeowners,2025-02-06,IVANS,Declined
S-008450,Ryan Martin,120274,LIBM,Umbrella,2025-02-10,Email,Bound
S-008451,Ryan Martin,120274,GEIC,Umbrella,2025-02-26,Portal,Declined
S-008452,Ryan Martin,120274,NATI,Umbrella,2025-03-16,IVANS,Declined
S-008453,Ryan Martin,120274,GEIC,Umbrella,2025-03-08,IVANS,Declined
S-008454,John Walters,120109,TRAV,Homeowners,2025-03-04,Email,Bound
S-008455,John Walters,120109,HART,Homeowners,2025-03-25,IVANS,Declined
S-008456,John Walters,120109,PRGS,Homeowners,2025-02-12,IVANS,Quoted
S-008457,Donna Benson,120088,AMFA,Package,2025-03-10,Portal,Bound
S-008458,Donna Benson,120088,GEIC,Package,2025-02-13,Portal,Quoted
S-008459,Donna Benson,120088,HART,Package,2025-02-03,Portal,Declined
S-008460,Donna Benson,120088,LIBM,Package,2025-02-15,IVANS,Quoted
S-008461,Melissa Garrison,120291,ALLS,BOP,2025-02-04,IVANS,Bound
S-008462,Melissa Garrison,120291,TRAV,BOP,2025-03-15,Portal,Declined
S-008463,Melissa Garrison,120291,HART,BOP,2025-03-25,IVANS,Quoted
S-008464,Melissa Garrison,120291,TRAV,BOP,2025-03-18,Portal,Declined
S-008465,Eric Best,120040,NATI,WC,2025-03-10,Portal,Bound
S-008466,Eric Best,120040,LIBM,WC,2025-03-13,IVANS,Quoted
S-008467,Eric Best,120040,LIBM,WC,2025-03-10,Email,Quoted
S-008468,Eric Best,120040,CHUB,WC,2025-03-21,IVANS,Quoted
S-008469,Anthony Davis,120000,HART,Personal Auto,2025-03-07,IVANS,Bound
S-008470,Anthony Davis,120000,ALLS,Personal Auto,2025-03-02,Portal,Declined
S-008471,Anthony Davis,120000,FARM,Personal Auto,2025-02-04,Portal,Quoted
S-008472,Christy Wilson,120052,CHUB,BOP,2025-02-07,IVANS,Bound
S-008473,Christy Wilson,120052,FARM,BOP,2025-03-07,IVANS,Quoted
S-008474,Christy Wilson,120052,PRGS,BOP,2025-02-19,IVANS,Quoted
S-008475,Christy Wilson,120052,TRAV,BOP,2025-02-14,Email,Declined
S-008476,James Young,120183,LIBM,BOP,2025-02-14,Portal,Bound
S-008477,James Young,120183,ALLS,BOP,2025-02-01,Portal,Declined
S-008478,Lisa Quinn,120044,AMFA,Homeowners,2025-03-22,IVANS,Bound
S-008479,Lisa Quinn,120044,HART,Homeowners,2025-03-03,IVANS,Quoted
S-008480,Lisa Quinn,120044,CHUB,Homeowners,2025-03-01,Portal,Quoted
S-008481,Katelyn Andrews,120268,PRGS,BOP,2025-02-21,IVANS,Bound
S-008482,Katelyn Andrews,120268,TRAV,BOP,2025-01-31,Portal,Quoted
S-008483,Caitlin Hunter,120225,ALLS,Homeowners,2025-02-15,Portal,Bound
S-008484,Caitlin Hunter,120225,FARM,Homeowners,2025-02-24,IVANS,Declined
S-008485,Caitlin Hunter,120225,TRAV,Homeowners,2025-02-13,IVANS,Quoted
S-008486,Edwin Ryan,120223,ALLS,Homeowners,2025-03-23,Portal,Bound
S-008487,Edwin Ryan,120223,FARM,Homeowners,2025-02-22,Portal,Quoted
S-008488,Edwin Ryan,120223,HART,Homeowners,2025-02-15,Portal,Quoted
S-008489,Erica Kelly,120271,LIBM,Personal Auto,2025-02-19,Portal,Bound
S-008490,Erica Kelly,120271,ALLS,Personal Auto,2025-02-23,IVANS,Declined
S-008491,Erica Kelly,120271,FARM,Personal Auto,2025-03-15,Portal,Declined
S-008492,Erica Kelly,120271,GEIC,Personal Auto,2025-03-12,Portal,Quoted
S-008493,Nicole Golden,120210,HART,Homeowners,2025-03-04,Portal,Bound
S-008494,Nicole Golden,120210,TRAV,Homeowners,2025-02-21,Portal,Quoted
S-008495,Erica Patrick,120122,PRGS,Personal Auto,2025-02-26,IVANS,Bound
S-008496,Erica Patrick,120122,FARM,Personal Auto,2025-03-16,Portal,Declined
S-008497,Anthony Sawyer,120148,TRAV,Personal Auto,2025-03-05,IVANS,Bound
S-008498,Anthony Sawyer,120148,NATI,Personal Auto,2025-02-03,Portal,Declined
S-008499,Anthony Sawyer,120148,FARM,Personal Auto,2025-03-17,IVANS,Quoted
S-008500,Kristen Berg,120228,PRGS,Homeowners,2025-02-19,Portal,Bound
S-008501,Kristen Berg,120228,ALLS,Homeowners,2025-03-11,IVANS,Declined
S-008502,Brian Norman,120196,CHUB,Personal Auto,2025-03-10,Portal,Bound
S-008503,Brian Norman,120196,ALLS,Personal Auto,2025-03-09,Portal,Quoted
S-008504,Brian Norman,120196,ALLS,Personal Auto,2025-03-05,IVANS,Quoted
S-008505,Brian Norman,120196,LIBM,Personal Auto,2025-03-22,Portal,Quoted
S-008506,Philip Krueger,120133,FARM,Personal Auto,2025-03-02,Portal,Bound
S-008507,Philip Krueger,120133,LIBM,Personal Auto,2025-02-23,Email,Declined
S-008508,Philip Krueger,120133,AMFA,Personal Auto,2025-02-02,Portal,Declined
S-008509,Christopher Wood,120168,PRGS,WC,2025-02-20,Portal,Bound
S-008510,Christopher Wood,120168,AMFA,WC,2025-02-07,IVANS,Declined
S-008511,Christopher Wood,120168,LIBM,WC,2025-02-06,IVANS,Quoted
S-008512,Bryan Oliver,120119,CHUB,Homeowners,2025-02-20,IVANS,Bound
S-008513,Bryan Oliver,120119,TRAV,Homeowners,2025-03-19,Portal,Quoted
S-008514,Bryan Oliver,120119,ALLS,Homeowners,2025-02-14,Portal,Quoted
S-008515,James Moore,120004,AMFA,Personal Auto,2025-02-21,IVANS,Bound
S-008516,James Moore,120004,FARM,Personal Auto,2025-03-12,Portal,Quoted
S-008517,James Moore,120004,NATI,Personal Auto,2025-02-23,Portal,Quoted
S-008518,James Moore,120004,FARM,Personal Auto,2025-02-09,Portal,Quoted
S-008519,Breanna Coleman,120250,TRAV,Personal Auto,2025-02-01,IVANS,Bound
S-008520,Breanna Coleman,120250,PRGS,Personal Auto,2025-02-25,IVANS,Declined
S-008521,Breanna Coleman,120250,CHUB,Personal Auto,2025-03-03,IVANS,Quoted
S-008522,Marco Stone,120207,NATI,WC,2025-03-20,Portal,Bound
S-008523,Marco Stone,120207,LIBM,WC,2025-02-08,Email,Quoted
S-008524,Kathleen Cunningham,120250,GEIC,Homeowners,2025-01-31,Portal,Bound
S-008525,Kathleen Cunningham,120250,NATI,Homeowners,2025-02-04,IVANS,Quoted
S-008526,Kathleen Cunningham,120250,ALLS,Homeowners,2025-03-08,Email,Declined
S-008527,Kathleen Cunningham,120250,PRGS,Homeowners,2025-02-23,IVANS,Quoted
S-008528,Joshua White,120037,TRAV,Homeowners,2025-02-25,IVANS,Bound
S-008529,Joshua White,120037,NATI,Homeowners,2025-03-07,IVANS,Quoted
S-008530,Joshua White,120037,NATI,Homeowners,2025-01-31,IVANS,Declined
S-008531,Karla Nguyen,120044,TRAV,Package,2025-02-14,Email,Bound
S-008532,Karla Nguyen,120044,HART,Package,2025-02-04,Portal,Quoted
S-008533,Jacqueline Marshall,120020,NATI,Homeowners,2025-02-20,IVANS,Bound
S-008534,Jacqueline Marshall,120020,HART,Homeowners,2025-02-19,Portal,Quoted
S-008535,Christopher Shepherd,120065,GEIC,Umbrella,2025-03-19,Portal,Bound
S-008536,Christopher Shepherd,120065,ALLS,Umbrella,2025-03-21,Portal,Declined
S-008537,Christopher Shepherd,120065,FARM,Umbrella,2025-02-17,Portal,Quoted
S-008538,Joy Marshall,120082,TRAV,Homeowners,2025-02-21,IVANS,Bound
S-008539,Joy Marshall,120082,ALLS,Homeowners,2025-02-11,IVANS,Declined
S-008540,Cameron Patrick,120255,GEIC,Umbrella,2025-02-19,Portal,Bound
S-008541,Cameron Patrick,120255,FARM,Umbrella,2025-02-25,Portal,Declined
S-008542,Cameron Patrick,120255,PRGS,Umbrella,2025-03-07,Portal,Declined
S-008543,Cameron Patrick,120255,NATI,Umbrella,2025-03-03,Portal,Quoted
S-008544,Ronald Myers,120263,TRAV,Personal Auto,2025-02-15,Portal,Bound
S-008545,Ronald Myers,120263,FARM,Personal Auto,2025-03-06,IVANS,Quoted
S-008546,Ronald Myers,120263,HART,Personal Auto,2025-03-03,Portal,Quoted
S-008547,Ronald Myers,120263,HART,Personal Auto,2025-03-04,IVANS,Declined
S-008548,Kenneth Carrillo,120049,TRAV,Homeowners,2025-02-12,Portal,Bound
S-008549,Kenneth Carrillo,120049,LIBM,Homeowners,2025-02-07,Portal,Declined
S-008550,Kenneth Carrillo,120049,AMFA,Homeowners,2025-02-05,Portal,Quoted
S-008551,Jennifer Patel,120264,ALLS,WC,2025-02-24,IVANS,Bound
S-008552,Jennifer Patel,120264,HART,WC,2025-03-17,Email,Declined
S-008553,Jennifer Patel,120264,NATI,WC,2025-03-03,IVANS,Declined
S-008554,Theresa Bryan,120173,AMFA,BOP,2025-02-28,IVANS,Bound
S-008555,Theresa Bryan,120173,FARM,BOP,2025-02-25,IVANS,Quoted
S-008556,Theresa Bryan,120173,CHUB,BOP,2025-02-26,Portal,Declined
S-008557,Theresa Bryan,120173,HART,BOP,2025-02-06,Portal,Quoted
S-008558,Tiffany Diaz,120048,FARM,Homeowners,2025-01-31,IVANS,Bound
S-008559,Tiffany Diaz,120048,CHUB,Homeowners,2025-03-22,Portal,Declined
S-008560,Tiffany Diaz,120048,NATI,Homeowners,2025-03-02,Portal,Declined
S-008561,Tiffany Diaz,120048,GEIC,Homeowners,2025-03-18,Portal,Quoted
S-008562,Aaron Powell,120220,NATI,BOP,2025-03-13,Portal,Bound
S-008563,Aaron Powell,120220,HART,BOP,2025-03-12,Portal,Quoted
S-008564,Aaron Powell,120220,CHUB,BOP,2025-02-03,Portal,Quoted
S-008565,Lisa Thomas,120235,HART,Homeowners,2025-02-01,IVANS,Bound
S-008566,Lisa Thomas,120235,ALLS,Homeowners,2025-03-03,IVANS,Quoted
S-008567,Lisa Thomas,120235,NATI,Homeowners,2025-02-23,Portal,Quoted
S-008568,Lisa Thomas,120235,LIBM,Homeowners,2025-03-16,Portal,Declined
S-008569,Laura Caldwell,120282,GEIC,Umbrella,2025-02-23,Portal,Bound
S-008570,Laura Caldwell,120282,NATI,Umbrella,2025-02-05,Portal,Quoted
S-008571,Laura Caldwell,120282,ALLS,Umbrella,2025-03-20,Portal,Quoted
S-008572,Laura Caldwell,120282,HART,Umbrella,2025-02-28,IVANS,Quoted
S-008573,Sean Newman,120168,FARM,Personal Auto,2025-03-19,IVANS,Bound
S-008574,Sean Newman,120168,PRGS,Personal Auto,2025-02-10,IVANS,Quoted
S-008575,Sean Newman,120168,PRGS,Personal Auto,2025-03-10,IVANS,Quoted
S-008576,Bryce Olson,120148,HART,Homeowners,2025-02-18,Portal,Bound
S-008577,Bryce Olson,120148,CHUB,Homeowners,2025-03-14,IVANS,Quoted
S-008578,Bryce Olson,120148,PRGS,Homeowners,2025-02-27,Portal,Quoted
S-008579,Brooke Marshall,120057,CHUB,Homeowners,2025-03-14,IVANS,Bound
S-008580,Brooke Marshall,120057,AMFA,Homeowners,2025-03-02,IVANS,Declined
S-008581,Jodi Moore,120212,AMFA,Umbrella,2025-02-20,Email,Bound
S-008582,Jodi Moore,120212,LIBM,Umbrella,2025-03-19,IVANS,Declined
S-008583,Jodi Moore,120212,TRAV,Umbrella,2025-01-31,Portal,Quoted
S-008584,Jodi Moore,120212,LIBM,Umbrella,2025-03-03,Portal,Quoted
S-008585,Jeffery Williams,120203,NATI,Personal Auto,2025-03-07,IVANS,Bound
S-008586,Jeffery Williams,120203,HART,Personal Auto,2025-03-19,Portal,Quoted
S-008587,Jeffery Williams,120203,HART,Personal Auto,2025-02-28,Portal,Declined
S-008588,Jeffery Williams,120203,ALLS,Personal Auto,2025-03-06,IVANS,Quoted
S-008589,Wendy Austin,120105,PRGS,Homeowners,2025-03-24,Email,Bound
S-008590,Wendy Austin,120105,LIBM,Homeowners,2025-03-12,IVANS,Declined
S-008591,Frank Rhodes,120073,NATI,BOP,2025-03-09,Email,Bound
S-008592,Frank Rhodes,120073,FARM,BOP,2025-02-01,IVANS,Quoted
S-008593,Morgan Schultz,120125,HART,Personal Auto,2025-02-04,Portal,Bound
S-008594,Morgan Schultz,120125,CHUB,Personal Auto,2025-03-08,Portal,Quoted
S-008595,Morgan Schultz,120125,GEIC,Personal Auto,2025-02-05,Email,Quoted
S-008596,Michael Meadows,120294,LIBM,Homeowners,2025-03-10,IVANS,Bound
S-008597,Michael Meadows,120294,PRGS,Homeowners,2025-02-21,IVANS,Quoted
S-008598,Charles Peterson,120115,TRAV,Personal Auto,2025-03-09,Portal,Bound
S-008599,Charles Peterson,120115,FARM,Personal Auto,2025-02-28,Portal,Quoted
S-008600,Charles Peterson,120115,ALLS,Personal Auto,2025-02-15,Portal,Quoted
S-008601,Amanda Edwards,120124,LIBM,Personal Auto,2025-03-06,Portal,Bound
S-008602,Amanda Edwards,120124,FARM,Personal Auto,2025-03-08,IVANS,Declined
S-008603,Amanda Edwards,120124,FARM,Personal Auto,2025-02-01,Portal,Declined
S-008604,Amanda Edwards,120124,CHUB,Personal Auto,2025-03-15,Portal,Quoted
S-008605,Brooke Lopez,120163,HART,WC,2025-03-11,IVANS,Bound
S-008606,Brooke Lopez,120163,NATI,WC,2025-03-16,Portal,Declined
S-008607,Gary Moore,120229,TRAV,Personal Auto,2025-02-01,Portal,Bound
S-008608,Gary Moore,120229,LIBM,Personal Auto,2025-03-19,Portal,Declined
S-008609,Gary Moore,120229,FARM,Personal Auto,2025-02-14,IVANS,Quoted
S-008610,Julie Carlson,120081,CHUB,Personal Auto,2025-02-01,IVANS,Bound
S-008611,Julie Carlson,120081,NATI,Personal Auto,2025-02-22,Portal,Declined
S-008612,Kristine Lopez,120143,ALLS,Homeowners,2025-03-25,Portal,Bound
S-008613,Kristine Lopez,120143,LIBM,Homeowners,2025-03-11,Portal,Quoted
S-008614,Eric Munoz,120128,FARM,Personal Auto,2025-02-17,Portal,Bound
S-008615,Eric Munoz,120128,LIBM,Personal Auto,2025-02-13,Email,Quoted
S-008616,Lisa Park,120015,CHUB,Personal Auto,2025-03-20,Portal,Bound
S-008617,Lisa Park,120015,AMFA,Personal Auto,2025-02-14,Email,Declined
S-008618,Henry Jennings,120115,GEIC,Personal Auto,2025-03-24,IVANS,Bound
S-008619,Henry Jennings,120115,HART,Personal Auto,2025-02-13,Portal,Quoted
S-008620,Henry Jennings,120115,NATI,Personal Auto,2025-02-05,Portal,Declined
S-008621,Michael Cook,120032,NATI,Homeowners,2025-03-22,IVANS,Bound
S-008622,Michael Cook,120032,TRAV,Homeowners,2025-03-23,IVANS,Quoted
S-008623,Michael Cook,120032,PRGS,Homeowners,2025-02-14,Email,Quoted
S-008624,Michael Cook,120032,FARM,Homeowners,2025-02-25,Email,Declined
S-008625,Alexa Martinez,120036,ALLS,Personal Auto,2025-03-21,IVANS,Bound
S-008626,Alexa Martinez,120036,PRGS,Personal Auto,2025-02-21,Portal,Declined
S-008627,Alexa Martinez,120036,AMFA,Personal Auto,2025-03-22,Portal,Quoted
S-008628,Alexa Martinez,120036,GEIC,Personal Auto,2025-03-21,IVANS,Quoted
S-008629,James Lewis,120021,LIBM,Package,2025-03-14,Portal,Bound
S-008630,James Lewis,120021,ALLS,Package,2025-02-01,Portal,Declined
S-008631,Derek Webb,120168,GEIC,Homeowners,2025-02-18,IVANS,Bound
S-008632,Derek Webb,120168,TRAV,Homeowners,2025-03-19,IVANS,Quoted
S-008633,Derek Webb,120168,LIBM,Homeowners,2025-02-21,Portal,Quoted
S-008634,Derek Webb,120168,ALLS,Homeowners,2025-02-25,IVANS,Declined
S-008635,Gregory Hale,120155,GEIC,WC,2025-03-08,Portal,Bound
S-008636,Gregory Hale,120155,LIBM,WC,2025-03-22,IVANS,Declined
S-008637,Gregory Hale,120155,TRAV,WC,2025-02-12,Portal,Quoted
S-008638,Belinda Wilson,120256,PRGS,Personal Auto,2025-02-15,IVANS,Bound
S-008639,Belinda Wilson,120256,AMFA,Personal Auto,2025-03-10,IVANS,Declined
S-008640,Belinda Wilson,120256,CHUB,Personal Auto,2025-03-04,Portal,Quoted
S-008641,Travis Huff,120059,GEIC,Personal Auto,2025-03-03,Portal,Bound
S-008642,Travis Huff,120059,PRGS,Personal Auto,2025-03-08,IVANS,Quoted
S-008643,Travis Huff,120059,NATI,Personal Auto,2025-02-09,IVANS,Quoted
S-008644,Amber Bautista,120056,PRGS,Homeowners,2025-03-12,IVANS,Bound
S-008645,Amber Bautista,120056,GEIC,Homeowners,2025-03-21,IVANS,Declined
S-008646,Sarah Rivers,120299,LIBM,WC,2025-03-16,Portal,Bound
S-008647,Sarah Rivers,120299,TRAV,WC,2025-02-22,IVANS,Quoted
S-008648,Michael Gonzales,120228,GEIC,Personal Auto,2025-03-01,Portal,Bound
S-008649,Michael Gonzales,120228,NATI,Personal Auto,2025-02-07,IVANS,Quoted
S-008650,Michael Gonzales,120228,LIBM,Personal Auto,2025-02-28,Portal,Declined
S-008651,Michael Gonzales,120228,PRGS,Personal Auto,2025-03-08,Portal,Declined
S-008652,Trevor Nelson,120175,PRGS,Personal Auto,2025-03-22,Portal,Bound
S-008653,Trevor Nelson,120175,LIBM,Personal Auto,2025-03-13,IVANS,Quoted
S-008654,Trevor Nelson,120175,NATI,Personal Auto,2025-02-23,IVANS,Declined
S-008655,Andrew Holland,120130,ALLS,BOP,2025-02-07,Portal,Bound
S-008656,Andrew Holland,120130,NATI,BOP,2025-03-22,Portal,Quoted
S-008657,Andrew Holland,120130,PRGS,BOP,2025-03-01,IVANS,Declined
S-008658,David Kim,120071,LIBM,Personal Auto,2025-02-07,IVANS,Bound
S-008659,David Kim,120071,CHUB,Personal Auto,2025-02-08,Portal,Declined
S-008660,David Kim,120071,NATI,Personal Auto,2025-03-18,Email,Quoted
S-008661,David Kim,120071,NATI,Personal Auto,2025-02-12,IVANS,Declined
S-008662,Sarah Cox,120213,AMFA,Personal Auto,2025-02-17,Portal,Bound
S-008663,Sarah Cox,120213,FARM,Personal Auto,2025-03-10,Portal,Quoted
S-008664,Isaac Beard,120197,PRGS,Umbrella,2025-03-16,IVANS,Bound
S-008665,Isaac Beard,120197,AMFA,Umbrella,2025-02-13,IVANS,Declined
S-008666,Isaac Beard,120197,ALLS,Umbrella,2025-02-19,IVANS,Quoted
S-008667,Kenneth Quinn,120012,FARM,Homeowners,2025-03-05,Portal,Bound
S-008668,Kenneth Quinn,120012,NATI,Homeowners,2025-03-05,IVANS,Quoted
S-008669,Kenneth Quinn,120012,AMFA,Homeowners,2025-03-20,Portal,Quoted
S-008670,Mary Smith,120138,ALLS,Personal Auto,2025-02-15,Email,Bound
S-008671,Mary Smith,120138,AMFA,Personal Auto,2025-02-05,Portal,Quoted
S-008672,Mary Smith,120138,TRAV,Personal Auto,2025-02-21,Portal,Quoted
S-008673,Amanda Hudson,120084,PRGS,Package,2025-02-07,IVANS,Bound
S-008674,Amanda Hudson,120084,ALLS,Package,2025-03-24,Portal,Declined
S-008675,Amanda Hudson,120084,FARM,Package,2025-02-18,Portal,Quoted
S-008676,Tonya Rodriguez,120023,TRAV,Umbrella,2025-03-16,Portal,Bound
S-008677,Tonya Rodriguez,120023,FARM,Umbrella,2025-03-16,Portal,Quoted
S-008678,Tonya Rodriguez,120023,ALLS,Umbrella,2025-02-20,Portal,Declined
S-008679,Courtney Weeks,120080,PRGS,Umbrella,2025-02-20,Email,Bound
S-008680,Courtney Weeks,120080,FARM,Umbrella,2025-02-20,IVANS,Quoted
S-008681,Christopher Williams,120047,ALLS,Umbrella,2025-02-27,IVANS,Bound
S-008682,Christopher Williams,120047,CHUB,Umbrella,2025-02-02,IVANS,Declined
S-008683,Victoria Nichols,120291,CHUB,Homeowners,2025-02-24,IVANS,Bound
S-008684,Victoria Nichols,120291,HART,Homeowners,2025-03-22,IVANS,Quoted
S-008685,Victoria Nichols,120291,AMFA,Homeowners,2025-02-03,IVANS,Declined
S-008686,Victoria Nichols,120291,LIBM,Homeowners,2025-02-17,Portal,Quoted
S-008687,Heidi Hurley,120108,CHUB,Umbrella,2025-02-16,IVANS,Bound
S-008688,Heidi Hurley,120108,NATI,Umbrella,2025-02-12,IVANS,Declined
S-008689,Heidi Hurley,120108,AMFA,Umbrella,2025-03-06,IVANS,Quoted
S-008690,Heidi Hurley,120108,AMFA,Umbrella,2025-03-09,Portal,Quoted
S-008691,Clifford Hamilton,120017,TRAV,BOP,2025-02-16,IVANS,Bound
S-008692,Clifford Hamilton,120017,PRGS,BOP,2025-03-07,IVANS,Declined
S-008693,Richard Davis,120231,FARM,Personal Auto,2025-02-02,Portal,Bound
S-008694,Richard Davis,120231,HART,Personal Auto,2025-02-19,Email,Quoted
S-008695,Richard Davis,120231,HART,Personal Auto,2025-02-22,Email,Declined
S-008696,Richard Davis,120231,CHUB,Personal Auto,2025-03-24,Portal,Quoted
S-008697,John Ware,120029,GEIC,BOP,2025-02-11,IVANS,Bound
S-008698,John Ware,120029,CHUB,BOP,2025-03-09,IVANS,Quoted
S-008699,John Ware,120029,HART,BOP,2025-03-17,IVANS,Declined
S-008700,John Ware,120029,CHUB,BOP,2025-02-06,IVANS,Declined
S-008701,Jose Walker,120221,GEIC,Personal Auto,2025-02-06,Portal,Bound
S-008702,Jose Walker,120221,LIBM,Personal Auto,2025-02-12,IVANS,Quoted
S-008703,Jose Walker,120221,AMFA,Personal Auto,2025-02-22,Portal,Quoted
S-008704,Jose Walker,120221,FARM,Personal Auto,2025-02-28,IVANS,Declined
S-008705,Nicole Hernandez,120224,ALLS,WC,2025-03-01,Portal,Bound
S-008706,Nicole Hernandez,120224,GEIC,WC,2025-02-05,IVANS,Quoted
S-008707,Nicole Hernandez,120224,NATI,WC,2025-02-12,Portal,Quoted
S-008708,Kathleen Jackson,120163,TRAV,Personal Auto,2025-02-13,IVANS,Bound
S-008709,Kathleen Jackson,120163,HART,Personal Auto,2025-02-20,Portal,Quoted
S-008710,Kathleen Jackson,120163,HART,Personal Auto,2025-03-21,IVANS,Quoted
S-008711,Julie Irwin,120041,GEIC,Personal Auto,2025-03-21,Portal,Bound
S-008712,Julie Irwin,120041,FARM,Personal Auto,2025-02-23,IVANS,Declined
S-008713,Julie Irwin,120041,FARM,Personal Auto,2025-02-02,IVANS,Declined
S-008714,Julie Irwin,120041,ALLS,Personal Auto,2025-02-12,Portal,Declined
S-008715,Timothy Montgomery,120165,ALLS,Homeowners,2025-02-15,Portal,Bound
S-008716,Timothy Montgomery,120165,AMFA,Homeowners,2025-03-04,Portal,Quoted
S-008717,Timothy Montgomery,120165,GEIC,Homeowners,2025-02-15,Portal,Quoted
S-008718,Timothy Montgomery,120165,AMFA,Homeowners,2025-03-03,IVANS,Declined
S-008719,Matthew Hoover,120210,GEIC,BOP,2025-02-22,IVANS,Bound
S-008720,Matthew Hoover,120210,AMFA,BOP,2025-03-24,IVANS,Quoted
S-008721,Brandon Lester,120270,FARM,Umbrella,2025-02-01,IVANS,Bound
S-008722,Brandon Lester,120270,HART,Umbrella,2025-02-10,Portal,Quoted
S-008723,John Terry,120298,CHUB,Personal Auto,2025-02-21,Portal,Bound
S-008724,John Terry,120298,FARM,Personal Auto,2025-03-05,IVANS,Quoted
S-008725,Isabel Smith,120063,TRAV,Umbrella,2025-03-05,Portal,Bound
S-008726,Isabel Smith,120063,LIBM,Umbrella,2025-02-01,Portal,Declined
S-008727,Kristen Delacruz,120201,LIBM,Homeowners,2025-03-08,IVANS,Bound
S-008728,Kristen Delacruz,120201,PRGS,Homeowners,2025-02-03,IVANS,Declined
S-008729,Kristen Delacruz,120201,TRAV,Homeowners,2025-03-14,Email,Quoted
S-008730,Brian Rios,120225,CHUB,Homeowners,2025-03-13,Portal,Bound
S-008731,Brian Rios,120225,GEIC,Homeowners,2025-02-10,Portal,Quoted
S-008732,Brian Rios,120225,PRGS,Homeowners,2025-02-15,Portal,Declined
S-008733,Justin Peters,120194,GEIC,Personal Auto,2025-02-10,Portal,Bound
S-008734,Justin Peters,120194,FARM,Personal Auto,2025-02-28,Portal,Declined
S-008735,David James,120064,GEIC,BOP,2025-02-04,Portal,Bound
S-008736,David James,120064,HART,BOP,2025-03-17,IVANS,Quoted
S-008737,David James,120064,NATI,BOP,2025-03-14,Portal,Quoted
S-008738,Janet Mercer,120010,GEIC,Umbrella,2025-03-23,Email,Bound
S-008739,Janet Mercer,120010,NATI,Umbrella,2025-02-10,Portal,Declined
S-008740,Janet Mercer,120010,LIBM,Umbrella,2025-03-19,Email,Quoted
S-008741,Janet Mercer,120010,PRGS,Umbrella,2025-02-22,Portal,Quoted
S-008742,Melissa Smith,120190,TRAV,Homeowners,2025-01-31,Portal,Bound
S-008743,Melissa Smith,120190,CHUB,Homeowners,2025-03-05,IVANS,Declined
S-008744,Diamond Henry,120134,GEIC,Homeowners,2025-03-18,IVANS,Bound
S-008745,Diamond Henry,120134,ALLS,Homeowners,2025-03-08,IVANS,Quoted
S-008746,Diamond Henry,120134,AMFA,Homeowners,2025-02-02,IVANS,Quoted
S-008747,Sara Hayes,120133,GEIC,WC,2025-02-15,Portal,Bound
S-008748,Sara Hayes,120133,HART,WC,2025-03-07,Email,Declined
S-008749,Sara Hayes,120133,HART,WC,2025-03-13,Portal,Quoted
S-008750,Sara Hayes,120133,FARM,WC,2025-02-23,Portal,Quoted
S-008751,Daniel Cox,120262,CHUB,BOP,2025-03-14,Portal,Bound
S-008752,Daniel Cox,120262,ALLS,BOP,2025-03-19,IVANS,Quoted
S-008753,Timothy Howell,120064,AMFA,Homeowners,2025-03-04,Portal,Bound
S-008754,Timothy Howell,120064,PRGS,Homeowners,2025-03-08,IVANS,Declined
S-008755,James King,120030,TRAV,Homeowners,2025-03-09,Portal,Bound
S-008756,James King,120030,LIBM,Homeowners,2025-03-21,IVANS,Quoted
S-008757,James King,120030,ALLS,Homeowners,2025-02-17,Portal,Declined
S-008758,James King,120030,HART,Homeowners,2025-03-09,Email,Quoted
S-008759,Amanda Reyes,120285,GEIC,Umbrella,2025-02-12,Portal,Bound
S-008760,Amanda Reyes,120285,CHUB,Umbrella,2025-02-25,Portal,Declined
S-008761,Erin Bradley,120181,NATI,Personal Auto,2025-02-25,IVANS,Bound
S-008762,Erin Bradley,120181,CHUB,Personal Auto,2025-02-22,Email,Quoted
S-008763,Erin Bradley,120181,FARM,Personal Auto,2025-02-20,Email,Quoted
S-008764,Erin Bradley,120181,ALLS,Personal Auto,2025-02-11,IVANS,Quoted
S-008765,Robert Payne,120257,CHUB,Umbrella,2025-03-11,Portal,Bound
S-008766,Robert Payne,120257,NATI,Umbrella,2025-03-01,IVANS,Quoted
S-008767,Robert Payne,120257,HART,Umbrella,2025-02-05,IVANS,Quoted
S-008768,Robert Payne,120257,TRAV,Umbrella,2025-03-01,IVANS,Declined
S-008769,Miguel Johnson,120200,TRAV,Umbrella,2025-03-04,IVANS,Bound
S-008770,Miguel Johnson,120200,AMFA,Umbrella,2025-02-26,Portal,Quoted
S-008771,Miguel Johnson,120200,NATI,Umbrella,2025-02-16,Portal,Quoted
S-008772,Miguel Johnson,120200,PRGS,Umbrella,2025-03-24,IVANS,Declined
S-008773,Brittany Butler,120142,LIBM,Personal Auto,2025-03-03,IVANS,Bound
S-008774,Brittany Butler,120142,NATI,Personal Auto,2025-03-17,IVANS,Declined
S-008775,Brittany Butler,120142,CHUB,Personal Auto,2025-03-13,Portal,Declined
S-008776,Brittany Butler,120142,CHUB,Personal Auto,2025-02-10,Portal,Quoted
S-008777,Matthew Anderson,120211,TRAV,Homeowners,2025-02-11,IVANS,Bound
S-008778,Matthew Anderson,120211,ALLS,Homeowners,2025-02-04,Portal,Quoted
S-008779,John Murphy,120046,TRAV,Homeowners,2025-02-16,IVANS,Bound
S-008780,John Murphy,120046,LIBM,Homeowners,2025-02-20,Email,Quoted
S-008781,John Murphy,120046,CHUB,Homeowners,2025-02-04,Portal,Declined
S-008782,Jordan Thompson,120179,TRAV,Personal Auto,2025-03-25,Portal,Bound
S-008783,Jordan Thompson,120179,LIBM,Personal Auto,2025-03-08,IVANS,Quoted
S-008784,Samantha Riddle,120166,TRAV,Personal Auto,2025-01-31,Portal,Bound
S-008785,Samantha Riddle,120166,LIBM,Personal Auto,2025-03-23,IVANS,Quoted
S-008786,Samantha Riddle,120166,AMFA,Personal Auto,2025-02-27,Portal,Quoted
S-008787,Samantha Riddle,120166,ALLS,Personal Auto,2025-03-09,IVANS,Quoted
S-008788,Debra May,120065,HART,Package,2025-03-02,IVANS,Bound
S-008789,Debra May,120065,AMFA,Package,2025-02-23,IVANS,Quoted
S-008790,Debra May,120065,PRGS,Package,2025-03-10,Portal,Quoted
S-008791,Debra May,120065,NATI,Package,2025-03-05,Portal,Declined
S-008792,Gregory Stewart,120068,FARM,BOP,2025-03-16,Portal,Bound
S-008793,Gregory Stewart,120068,ALLS,BOP,2025-02-26,Email,Declined
S-008794,Gregory Stewart,120068,GEIC,BOP,2025-03-01,IVANS,Quoted
S-008795,Gregory Stewart,120068,LIBM,BOP,2025-02-21,IVANS,Declined
S-008796,Peggy Erickson,120034,TRAV,Personal Auto,2025-02-19,IVANS,Bound
S-008797,Peggy Erickson,120034,PRGS,Personal Auto,2025-03-19,IVANS,Declined
S-008798,Peggy Erickson,120034,AMFA,Personal Auto,2025-03-23,IVANS,Declined
S-008799,Peggy Erickson,120034,GEIC,Personal Auto,2025-03-17,IVANS,Quoted
S-008800,Emily Gill,120092,AMFA,Personal Auto,2025-03-13,IVANS,Bound
S-008801,Emily Gill,120092,LIBM,Personal Auto,2025-02-19,Portal,Quoted
S-008802,Emily Gill,120092,HART,Personal Auto,2025-03-15,IVANS,Declined
S-008803,Bonnie Lynch,120295,PRGS,WC,2025-02-25,IVANS,Bound
S-008804,Bonnie Lynch,120295,GEIC,WC,2025-03-21,Portal,Declined
S-008805,Bonnie Lynch,120295,TRAV,WC,2025-02-15,Portal,Quoted
S-008806,Bonnie Lynch,120295,HART,WC,2025-02-11,IVANS,Declined
S-008807,George Phillips,120148,ALLS,Homeowners,2025-02-28,IVANS,Bound
S-008808,George Phillips,120148,NATI,Homeowners,2025-02-05,Portal,Declined
S-008809,George Phillips,120148,GEIC,Homeowners,2025-02-06,Portal,Quoted
S-008810,George Phillips,120148,GEIC,Homeowners,2025-03-19,IVANS,Quoted
S-008811,Bruce Ruiz,120180,ALLS,Homeowners,2025-03-08,IVANS,Bound
S-008812,Bruce Ruiz,120180,FARM,Homeowners,2025-03-19,Portal,Declined
S-008813,Bruce Ruiz,120180,TRAV,Homeowners,2025-02-24,IVANS,Quoted
S-008814,Natalie Bell,120249,TRAV,Homeowners,2025-02-14,Portal,Bound
S-008815,Natalie Bell,120249,PRGS,Homeowners,2025-02-23,Email,Declined
S-008816,Kenneth Lambert,120001,LIBM,Personal Auto,2025-02-17,IVANS,Bound
S-008817,Kenneth Lambert,120001,FARM,Personal Auto,2025-03-02,IVANS,Quoted
S-008818,Kenneth Lambert,120001,GEIC,Personal Auto,2025-03-06,Portal,Quoted
S-008819,Kenneth Lambert,120001,PRGS,Personal Auto,2025-02-06,Email,Quoted
S-008820,John Leonard,120014,CHUB,Personal Auto,2025-03-09,IVANS,Bound
S-008821,John Leonard,120014,TRAV,Personal Auto,2025-03-05,IVANS,Quoted
S-008822,Jeremy Chen,120287,ALLS,WC,2025-03-14,IVANS,Bound
S-008823,Jeremy Chen,120287,FARM,WC,2025-02-28,Portal,Quoted
S-008824,Jeremy Chen,120287,LIBM,WC,2025-02-09,IVANS,Quoted
S-008825,Jeremy Chen,120287,CHUB,WC,2025-02-06,IVANS,Quoted
S-008826,Melissa Shields,120269,AMFA,BOP,2025-03-23,Portal,Bound
S-008827,Melissa Shields,120269,PRGS,BOP,2025-02-15,Portal,Quoted
S-008828,Melissa Shields,120269,CHUB,BOP,2025-02-11,IVANS,Quoted
S-008829,Pamela Wong,120111,HART,Homeowners,2025-03-10,Portal,Bound
S-008830,Pamela Wong,120111,FARM,Homeowners,2025-02-11,IVANS,Declined
S-008831,Lori Hall,120095,AMFA,WC,2025-03-08,Portal,Bound
S-008832,Lori Hall,120095,GEIC,WC,2025-02-15,Portal,Quoted
S-008833,Lori Hall,120095,HART,WC,2025-03-13,IVANS,Declined
S-008834,Lori Hall,120095,PRGS,WC,2025-03-18,IVANS,Quoted
S-008835,Jill Lang,120187,ALLS,Personal Auto,2025-02-01,Portal,Bound
S-008836,Jill Lang,120187,NATI,Personal Auto,2025-02-28,IVANS,Quoted
S-008837,Paul Boyd,120212,LIBM,Personal Auto,2025-03-13,Portal,Bound
S-008838,Paul Boyd,120212,HART,Personal Auto,2025-02-07,Email,Declined
S-008839,Paul Boyd,120212,CHUB,Personal Auto,2025-03-09,IVANS,Declined
S-008840,Paul Boyd,120212,CHUB,Personal Auto,2025-02-14,Portal,Declined
S-008841,Ronald Cooper,120273,PRGS,Package,2025-02-24,Portal,Bound
S-008842,Ronald Cooper,120273,CHUB,Package,2025-02-13,IVANS,Quoted
S-008843,Ronald Cooper,120273,CHUB,Package,2025-02-03,Portal,Quoted
S-008844,Jennifer Davis,120243,LIBM,WC,2025-02-09,IVANS,Bound
S-008845,Jennifer Davis,120243,FARM,WC,2025-03-16,IVANS,Quoted
S-008846,Brian Malone,120123,HART,Umbrella,2025-03-04,Email,Bound
S-008847,Brian Malone,120123,GEIC,Umbrella,2025-02-14,IVANS,Quoted
S-008848,Tamara Dalton,120075,LIBM,Umbrella,2025-02-14,Portal,Bound
S-008849,Tamara Dalton,120075,CHUB,Umbrella,2025-02-03,Portal,Quoted
S-008850,Brenda Blair,120103,TRAV,WC,2025-02-01,IVANS,Bound
S-008851,Brenda Blair,120103,PRGS,WC,2025-02-27,Portal,Quoted
S-008852,Brenda Blair,120103,PRGS,WC,2025-02-18,IVANS,Quoted
S-008853,Brenda Blair,120103,FARM,WC,2025-03-13,Portal,Quoted
S-008854,Kristen Sherman,120007,TRAV,BOP,2025-03-19,Portal,Bound
S-008855,Kristen Sherman,120007,HART,BOP,2025-03-20,IVANS,Quoted
S-008856,Ricky Higgins,120162,FARM,Personal Auto,2025-03-05,IVANS,Bound
S-008857,Ricky Higgins,120162,HART,Personal Auto,2025-03-19,IVANS,Declined
S-008858,Ricky Higgins,120162,GEIC,Personal Auto,2025-03-21,IVANS,Quoted
S-008859,Ricky Higgins,120162,CHUB,Personal Auto,2025-01-31,IVANS,Quoted
S-008860,Gregory Torres,120040,LIBM,Umbrella,2025-02-02,Portal,Bound
S-008861,Gregory Torres,120040,ALLS,Umbrella,2025-03-22,Portal,Quoted
S-008862,Gregory Torres,120040,AMFA,Umbrella,2025-03-14,Portal,Quoted
S-008863,Jennifer Kelley,120246,GEIC,WC,2025-02-19,Portal,Bound
S-008864,Jennifer Kelley,120246,TRAV,WC,2025-03-24,IVANS,Declined
S-008865,Jennifer Kelley,120246,NATI,WC,2025-02-28,IVANS,Quoted
S-008866,Jennifer Kelley,120246,ALLS,WC,2025-03-03,Portal,Declined
S-008867,Mark Perez,120025,TRAV,Homeowners,2025-02-19,IVANS,Bound
S-008868,Mark Perez,120025,PRGS,Homeowners,2025-02-02,Portal,Quoted
S-008869,Mark Perez,120025,CHUB,Homeowners,2025-03-08,IVANS,Quoted
S-008870,Mark Perez,120025,FARM,Homeowners,2025-02-20,Portal,Quoted
S-008871,Ryan Russell,120237,FARM,BOP,2025-02-07,Portal,Bound
S-008872,Ryan Russell,120237,HART,BOP,2025-02-04,Email,Declined
S-008873,Ryan Russell,120237,GEIC,BOP,2025-03-22,Portal,Quoted
S-008874,John Contreras,120180,TRAV,Personal Auto,2025-03-09,IVANS,Bound
S-008875,John Contreras,120180,HART,Personal Auto,2025-03-09,Portal,Quoted
S-008876,John Contreras,120180,ALLS,Personal Auto,2025-03-15,IVANS,Quoted
S-008877,Mark Martin,120267,PRGS,Personal Auto,2025-02-05,Portal,Bound
S-008878,Mark Martin,120267,GEIC,Personal Auto,2025-02-21,IVANS,Declined
S-008879,Ashley Barr,120279,CHUB,BOP,2025-02-03,IVANS,Bound
S-008880,Ashley Barr,120279,LIBM,BOP,2025-03-09,Email,Quoted
S-008881,Kevin Rodriguez,120257,GEIC,Homeowners,2025-02-24,Portal,Bound
S-008882,Kevin Rodriguez,120257,PRGS,Homeowners,2025-03-08,Email,Declined
S-008883,Judy Vazquez,120217,PRGS,Homeowners,2025-02-15,Portal,Bound
S-008884,Judy Vazquez,120217,LIBM,Homeowners,2025-03-12,IVANS,Quoted
S-008885,Joseph Hayes,120271,FARM,Package,2025-03-05,Portal,Bound
S-008886,Joseph Hayes,120271,HART,Package,2025-02-03,Portal,Declined
S-008887,Joseph Hayes,120271,ALLS,Package,2025-02-05,Portal,Quoted
S-008888,Joseph Hayes,120271,LIBM,Package,2025-02-12,Portal,Quoted
S-008889,Robert Jones,120125,PRGS,Personal Auto,2025-03-05,IVANS,Bound
S-008890,Robert Jones,120125,CHUB,Personal Auto,2025-02-22,IVANS,Declined
S-008891,Christopher Smith,120108,AMFA,Personal Auto,2025-02-27,Portal,Bound
S-008892,Christopher Smith,120108,GEIC,Personal Auto,2025-03-17,Portal,Declined
S-008893,Christopher Smith,120108,ALLS,Personal Auto,2025-03-19,IVANS,Quoted
S-008894,Christopher Smith,120108,CHUB,Personal Auto,2025-03-16,Portal,Declined
S-008895,Andrea Murphy,120058,HART,Personal Auto,2025-01-31,Portal,Bound
S-008896,Andrea Murphy,120058,AMFA,Personal Auto,2025-02-28,IVANS,Declined
S-008897,Terri Jackson,120272,NATI,Homeowners,2025-02-12,Portal,Bound
S-008898,Terri Jackson,120272,HART,Homeowners,2025-02-28,IVANS,Quoted
S-008899,David Jackson,120218,PRGS,Personal Auto,2025-02-12,IVANS,Bound
S-008900,David Jackson,120218,AMFA,Personal Auto,2025-03-21,IVANS,Quoted
S-008901,Tamara Lopez,120101,FARM,Homeowners,2025-03-05,Portal,Bound
S-008902,Tamara Lopez,120101,HART,Homeowners,2025-02-03,Portal,Declined
S-008903,Tamara Lopez,120101,GEIC,Homeowners,2025-02-13,Portal,Quoted
S-008904,Tamara Lopez,120101,GEIC,Homeowners,2025-03-15,IVANS,Quoted
S-008905,Justin Meyer,120231,PRGS,WC,2025-02-11,Portal,Bound
S-008906,Justin Meyer,120231,GEIC,WC,2025-02-10,IVANS,Quoted
S-008907,Justin Meyer,120231,AMFA,WC,2025-02-15,Portal,Quoted
S-008908,Justin Meyer,120231,LIBM,WC,2025-02-17,Portal,Quoted
S-008909,Christina Boone,120165,CHUB,Homeowners,2025-03-04,Portal,Bound
S-008910,Christina Boone,120165,LIBM,Homeowners,2025-03-21,IVANS,Declined
S-008911,Christina Boone,120165,HART,Homeowners,2025-02-01,Portal,Quoted
S-008912,Sheryl Ritter,120298,HART,Personal Auto,2025-01-31,Email,Bound
S-008913,Sheryl Ritter,120298,LIBM,Personal Auto,2025-02-06,Portal,Declined
S-008914,Sheryl Ritter,120298,PRGS,Personal Auto,2025-02-09,Email,Declined
S-008915,Ryan Jackson,120263,PRGS,Homeowners,2025-03-17,IVANS,Bound
S-008916,Ryan Jackson,120263,TRAV,Homeowners,2025-03-14,Email,Declined
S-008917,Ryan Jackson,120263,GEIC,Homeowners,2025-03-17,Portal,Quoted
S-008918,Jason Green,120065,GEIC,Homeowners,2025-03-18,Portal,Bound
S-008919,Jason Green,120065,LIBM,Homeowners,2025-02-11,Portal,Declined
S-008920,Jason Green,120065,AMFA,Homeowners,2025-03-10,Portal,Declined
S-008921,Justin Smith,120252,ALLS,Personal Auto,2025-03-24,IVANS,Bound
S-008922,Justin Smith,120252,NATI,Personal Auto,2025-03-08,Portal,Quoted
S-008923,Brenda Mathews,120023,PRGS,WC,2025-02-23,IVANS,Bound
S-008924,Brenda Mathews,120023,HART,WC,2025-03-04,IVANS,Quoted
S-008925,Brenda Mathews,120023,FARM,WC,2025-03-15,IVANS,Quoted
S-008926,Brenda Mathews,120023,NATI,WC,2025-02-07,IVANS,Quoted
S-008927,Patricia Brown,120202,LIBM,Personal Auto,2025-03-04,Portal,Bound
S-008928,Patricia Brown,120202,NATI,Personal Auto,2025-02-22,IVANS,Declined
S-008929,Patricia Brown,120202,ALLS,Personal Auto,2025-02-22,IVANS,Quoted
S-008930,John Fisher,120175,CHUB,Homeowners,2025-03-08,Portal,Bound
S-008931,John Fisher,120175,LIBM,Homeowners,2025-02-14,Portal,Declined
S-008932,John Fisher,120175,LIBM,Homeowners,2025-03-25,Portal,Declined
S-008933,David Marshall,120170,PRGS,BOP,2025-03-04,Portal,Bound
S-008934,David Marshall,120170,HART,BOP,2025-02-16,Portal,Quoted
S-008935,David Marshall,120170,LIBM,BOP,2025-03-22,IVANS,Quoted
S-008936,Megan Miller,120189,CHUB,Homeowners,2025-03-05,Portal,Bound
S-008937,Megan Miller,120189,ALLS,Homeowners,2025-01-31,IVANS,Declined
S-008938,Megan Miller,120189,PRGS,Homeowners,2025-02-17,Portal,Quoted
S-008939,Susan Brown,120071,CHUB,BOP,2025-02-16,Portal,Bound
S-008940,Susan Brown,120071,LIBM,BOP,2025-03-23,Email,Declined
S-008941,Susan Brown,120071,AMFA,BOP,2025-03-03,Email,Declined
S-008942,Susan Brown,120071,HART,BOP,2025-01-31,Portal,Quoted
S-008943,Richard Burke,120166,PRGS,Homeowners,2025-02-16,IVANS,Bound
S-008944,Richard Burke,120166,GEIC,Homeowners,2025-03-17,Portal,Declined
S-008945,Amy Nelson,120232,PRGS,Personal Auto,2025-02-09,IVANS,Bound
S-008946,Amy Nelson,120232,FARM,Personal Auto,2025-02-23,Portal,Quoted
S-008947,Amy Nelson,120232,LIBM,Personal Auto,2025-03-25,IVANS,Quoted
S-008948,Amy Nelson,120232,FARM,Personal Auto,2025-03-03,IVANS,Declined
S-008949,Travis Foster,120166,LIBM,Homeowners,2025-02-28,Portal,Bound
S-008950,Travis Foster,120166,ALLS,Homeowners,2025-02-05,IVANS,Quoted
S-008951,Todd White,120153,LIBM,Homeowners,2025-03-10,IVANS,Bound
S-008952,Todd White,120153,HART,Homeowners,2025-03-07,IVANS,Declined
S-008953,Matthew Nielsen,120010,TRAV,BOP,2025-03-06,IVANS,Bound
S-008954,Matthew Nielsen,120010,ALLS,BOP,2025-03-14,IVANS,Quoted
S-008955,Matthew Nielsen,120010,PRGS,BOP,2025-02-08,IVANS,Quoted
S-008956,Matthew Nielsen,120010,FARM,BOP,2025-02-26,IVANS,Declined
S-008957,Jason Singh,120214,AMFA,Personal Auto,2025-02-11,IVANS,Bound
S-008958,Jason Singh,120214,GEIC,Personal Auto,2025-02-13,Email,Declined
S-008959,Catherine Harris,120278,CHUB,BOP,2025-02-16,Portal,Bound
S-008960,Catherine Harris,120278,FARM,BOP,2025-03-02,IVANS,Declined
S-008961,Lisa Anderson,120100,TRAV,WC,2025-03-23,Portal,Bound
S-008962,Lisa Anderson,120100,LIBM,WC,2025-02-21,IVANS,Quoted
S-008963,Lisa Anderson,120100,HART,WC,2025-03-02,IVANS,Quoted
S-008964,Michelle Navarro,120238,FARM,Personal Auto,2025-02-26,IVANS,Bound
S-008965,Michelle Navarro,120238,HART,Personal Auto,2025-01-31,Portal,Declined
S-008966,Michelle Navarro,120238,ALLS,Personal Auto,2025-02-13,IVANS,Declined
S-008967,Bobby Williams,120257,PRGS,Homeowners,2025-02-04,IVANS,Bound
S-008968,Bobby Williams,120257,NATI,Homeowners,2025-03-22,Email,Declined
S-008969,Bobby Williams,120257,ALLS,Homeowners,2025-03-08,Portal,Declined
S-008970,Robert Jackson,120011,LIBM,Personal Auto,2025-03-19,IVANS,Bound
S-008971,Robert Jackson,120011,FARM,Personal Auto,2025-03-13,Portal,Quoted
S-008972,Valerie Ferguson,120199,TRAV,Personal Auto,2025-03-15,IVANS,Bound
S-008973,Valerie Ferguson,120199,HART,Personal Auto,2025-03-04,Portal,Quoted
S-008974,Jack Lopez,120042,LIBM,Homeowners,2025-02-08,IVANS,Bound
S-008975,Jack Lopez,120042,AMFA,Homeowners,2025-02-04,Portal,Quoted
S-008976,Jack Lopez,120042,CHUB,Homeowners,2025-03-01,IVANS,Declined
S-008977,Jack Lopez,120042,NATI,Homeowners,2025-03-23,Email,Declined
S-008978,Christopher Scott,120073,HART,WC,2025-03-05,IVANS,Bound
S-008979,Christopher Scott,120073,ALLS,WC,2025-03-14,IVANS,Declined
S-008980,Christopher Scott,120073,TRAV,WC,2025-03-18,Portal,Quoted
S-008981,Jason Tran,120021,NATI,Homeowners,2025-02-11,Portal,Bound
S-008982,Jason Tran,120021,HART,Homeowners,2025-03-25,IVANS,Declined
S-008983,Lori Hines,120170,LIBM,Package,2025-03-06,IVANS,Bound
S-008984,Lori Hines,120170,NATI,Package,2025-03-12,Email,Quoted
S-008985,Lori Hines,120170,TRAV,Package,2025-02-05,IVANS,Quoted
S-008986,Lori Hines,120170,NATI,Package,2025-01-31,IVANS,Quoted
S-008987,Michael Coffey,120256,GEIC,WC,2025-02-09,Portal,Bound
S-008988,Michael Coffey,120256,HART,WC,2025-03-15,IVANS,Declined
S-008989,James Martinez,120153,PRGS,Personal Auto,2025-02-19,IVANS,Bound
S-008990,James Martinez,120153,AMFA,Personal Auto,2025-03-25,IVANS,Declined
S-008991,James Martinez,120153,HART,Personal Auto,2025-03-19,IVANS,Quoted
S-008992,James Martinez,120153,AMFA,Personal Auto,2025-03-03,Portal,Declined
S-008993,Emily Ross,120253,TRAV,Personal Auto,2025-02-07,IVANS,Bound
S-008994,Emily Ross,120253,CHUB,Personal Auto,2025-02-24,IVANS,Quoted
S-008995,Emily Ross,120253,FARM,Personal Auto,2025-03-03,Portal,Declined
S-008996,Emily Ross,120253,PRGS,Personal Auto,2025-02-06,IVANS,Declined
S-008997,Matthew Vaughn,120158,ALLS,Umbrella,2025-03-21,IVANS,Bound
S-008998,Matthew Vaughn,120158,AMFA,Umbrella,2025-02-22,IVANS,Quoted
S-008999,Matthew Vaughn,120158,PRGS,Umbrella,2025-02-06,Portal,Declined
S-009000,Robert Barnett,120290,ALLS,Personal Auto,2025-03-18,Email,Bound
S-009001,Robert Barnett,120290,NATI,Personal Auto,2025-03-18,Portal,Quoted
S-009002,Michelle Callahan,120233,HART,Umbrella,2025-03-21,IVANS,Bound
S-009003,Michelle Callahan,120233,TRAV,Umbrella,2025-03-08,Portal,Quoted
S-009004,Michelle Callahan,120233,ALLS,Umbrella,2025-03-10,Portal,Quoted
S-009005,Erin Phillips,120142,TRAV,Package,2025-02-23,Portal,Bound
S-009006,Erin Phillips,120142,PRGS,Package,2025-03-06,Portal,Quoted
S-009007,Erin Phillips,120142,FARM,Package,2025-02-07,IVANS,Quoted
S-009008,Joan Neal,120287,AMFA,Package,2025-03-09,Portal,Bound
S-009009,Joan Neal,120287,NATI,Package,2025-03-19,Portal,Quoted
S-009010,Joan Neal,120287,FARM,Package,2025-02-15,Portal,Quoted
S-009011,Joan Neal,120287,FARM,Package,2025-03-02,IVANS,Quoted
S-009012,April Allen,120217,PRGS,Homeowners,2025-03-16,IVANS,Bound
S-009013,April Allen,120217,GEIC,Homeowners,2025-03-01,IVANS,Quoted
S-009014,James Adams,120049,PRGS,BOP,2025-03-14,IVANS,Bound
S-009015,James Adams,120049,TRAV,BOP,2025-02-02,IVANS,Declined
S-009016,James Adams,120049,CHUB,BOP,2025-02-01,Portal,Quoted
S-009017,Nathan Perry,120087,PRGS,Package,2025-03-17,IVANS,Bound
S-009018,Nathan Perry,120087,TRAV,Package,2025-03-08,Email,Quoted
S-009019,Nathan Perry,120087,NATI,Package,2025-02-21,IVANS,Quoted
S-009020,Sherry Smith,120175,ALLS,Personal Auto,2025-03-03,IVANS,Bound
S-009021,Sherry Smith,120175,AMFA,Personal Auto,2025-02-17,Portal,Quoted
S-009022,Sherry Smith,120175,PRGS,Personal Auto,2025-02-12,Portal,Quoted
S-009023,Sherry Smith,120175,NATI,Personal Auto,2025-02-25,IVANS,Quoted
S-009024,Joan Porter,120249,PRGS,Personal Auto,2025-02-02,IVANS,Bound
S-009025,Joan Porter,120249,ALLS,Personal Auto,2025-02-05,Portal,Quoted
S-009026,Joan Porter,120249,HART,Personal Auto,2025-03-06,IVANS,Quoted
S-009027,Nicholas Turner,120013,PRGS,BOP,2025-03-15,IVANS,Bound
S-009028,Nicholas Turner,120013,NATI,BOP,2025-02-15,IVANS,Declined
S-009029,Matthew Weaver,120101,PRGS,Umbrella,2025-02-23,IVANS,Bound
S-009030,Matthew Weaver,120101,TRAV,Umbrella,2025-03-02,Portal,Quoted
S-009031,Matthew Weaver,120101,TRAV,Umbrella,2025-03-09,Portal,Declined
S-009032,Kaitlin Gallegos,120267,NATI,Package,2025-02-04,IVANS,Bound
S-009033,Kaitlin Gallegos,120267,GEIC,Package,2025-02-26,IVANS,Declined
S-009034,Jason Green,120205,GEIC,Personal Auto,2025-02-15,Portal,Bound
S-009035,Jason Green,120205,TRAV,Personal Auto,2025-02-22,Portal,Quoted
S-009036,Jason Green,120205,FARM,Personal Auto,2025-02-11,IVANS,Declined
S-009037,Jason Green,120205,AMFA,Personal Auto,2025-02-11,IVANS,Declined
S-009038,Elizabeth Harmon,120275,TRAV,Homeowners,2025-02-25,Portal,Bound
S-009039,Elizabeth Harmon,120275,GEIC,Homeowners,2025-02-06,Portal,Quoted
S-009040,Elizabeth Harmon,120275,CHUB,Homeowners,2025-02-10,Portal,Declined
S-009041,Elizabeth Harmon,120275,GEIC,Homeowners,2025-03-01,IVANS,Quoted
S-009042,Christina Gallagher,120052,PRGS,Personal Auto,2025-03-22,IVANS,Bound
S-009043,Christina Gallagher,120052,AMFA,Personal Auto,2025-02-08,Portal,Quoted
S-009044,Christina Gallagher,120052,TRAV,Personal Auto,2025-03-13,Portal,Quoted
S-009045,Christina Gallagher,120052,LIBM,Personal Auto,2025-03-16,IVANS,Quoted
S-009046,Chase Rivera,120063,TRAV,BOP,2025-03-04,IVANS,Bound
S-009047,Chase Rivera,120063,GEIC,BOP,2025-03-19,IVANS,Declined
S-009048,Chase Rivera,120063,ALLS,BOP,2025-02-06,IVANS,Quoted
S-009049,Chase Rivera,120063,HART,BOP,2025-02-05,Portal,Quoted
S-009050,April Rodriguez,120052,ALLS,Homeowners,2025-02-16,IVANS,Bound
S-009051,April Rodriguez,120052,AMFA,Homeowners,2025-02-18,Email,Quoted
S-009052,April Rodriguez,120052,TRAV,Homeowners,2025-02-08,Portal,Quoted
S-009053,April Rodriguez,120052,HART,Homeowners,2025-03-15,IVANS,Declined
S-009054,Chris Collins,120103,LIBM,Homeowners,2025-02-15,Email,Bound
S-009055,Chris Collins,120103,TRAV,Homeowners,2025-01-31,Portal,Quoted
S-009056,Chris Collins,120103,NATI,Homeowners,2025-02-05,Portal,Declined
S-009057,Jason Lawson,120126,HART,Personal Auto,2025-03-16,IVANS,Bound
S-009058,Jason Lawson,120126,ALLS,Personal Auto,2025-02-24,IVANS,Declined
S-009059,Steven Shaw,120109,AMFA,BOP,2025-02-27,Portal,Bound
S-009060,Steven Shaw,120109,TRAV,BOP,2025-03-18,IVANS,Quoted
S-009061,Steven Shaw,120109,PRGS,BOP,2025-03-08,Portal,Quoted
S-009062,Steven Shaw,120109,PRGS,BOP,2025-03-21,Email,Quoted
S-009063,Amy Velazquez,120297,PRGS,Personal Auto,2025-02-09,IVANS,Bound
S-009064,Amy Velazquez,120297,TRAV,Personal Auto,2025-02-19,Portal,Quoted
S-009065,Kathryn Gibson,120294,ALLS,Personal Auto,2025-02-24,IVANS,Bound
S-009066,Kathryn Gibson,120294,HART,Personal Auto,2025-03-19,IVANS,Quoted
S-009067,Tyrone Bell,120104,CHUB,WC,2025-03-25,IVANS,Bound
S-009068,Tyrone Bell,120104,HART,WC,2025-03-21,Portal,Quoted
S-009069,Tyrone Bell,120104,TRAV,WC,2025-02-08,Portal,Quoted
S-009070,Angela Carson,120200,TRAV,Personal Auto,2025-02-22,Portal,Bound
S-009071,Angela Carson,120200,CHUB,Personal Auto,2025-03-10,Portal,Declined
S-009072,Anne Johnson,120179,GEIC,Umbrella,2025-02-20,IVANS,Bound
S-009073,Anne Johnson,120179,PRGS,Umbrella,2025-02-25,IVANS,Quoted
S-009074,Ashley Macias,120145,LIBM,Homeowners,2025-02-17,IVANS,Bound
S-009075,Ashley Macias,120145,HART,Homeowners,2025-02-01,Portal,Quoted
S-009076,Ashley Macias,120145,NATI,Homeowners,2025-02-07,Portal,Quoted
S-009077,Terri Smith,120072,TRAV,Umbrella,2025-02-12,Portal,Bound
S-009078,Terri Smith,120072,NATI,Umbrella,2025-02-07,Portal,Declined
S-009079,Terri Smith,120072,AMFA,Umbrella,2025-02-06,Portal,Quoted
S-009080,Michael Mcmillan,120246,TRAV,BOP,2025-03-21,Portal,Bound
S-009081,Michael Mcmillan,120246,LIBM,BOP,2025-03-05,Portal,Quoted
S-009082,Michael Mcmillan,120246,PRGS,BOP,2025-03-20,IVANS,Quoted
S-009083,Daniel Webster,120002,ALLS,Personal Auto,2025-02-21,Portal,Bound
S-009084,Daniel Webster,120002,TRAV,Personal Auto,2025-02-15,Email,Declined
S-009085,Daniel Webster,120002,FARM,Personal Auto,2025-03-24,IVANS,Quoted
S-009086,Daniel Webster,120002,NATI,Personal Auto,2025-02-11,Portal,Quoted
S-009087,Katherine Young,120200,PRGS,Personal Auto,2025-02-24,Portal,Bound
S-009088,Katherine Young,120200,HART,Personal Auto,2025-02-19,IVANS,Quoted
S-009089,Katherine Young,120200,TRAV,Personal Auto,2025-03-07,IVANS,Quoted
S-009090,Andrew Stanley,120201,ALLS,Package,2025-02-17,Portal,Bound
S-009091,Andrew Stanley,120201,AMFA,Package,2025-03-20,IVANS,Quoted
S-009092,Andrew Stanley,120201,FARM,Package,2025-03-23,Portal,Quoted
S-009093,Andrew Stanley,120201,PRGS,Package,2025-03-09,Portal,Declined
