CarrierCode,AgentCode,StatementDate,PolicyNumber,TransactionType,WrittenPremium,CommissionPercent,CommissionAmount,DueDate,ReversalIndicator
TRAV,120192,2025-04-30,BVN7537617,Endorsement,9.14,0.1156,1.06,2025-05-15,False
TRAV,120223,2025-04-30,LEK5069502,New,1269.61,0.1278,162.26,2025-05-15,False
TRAV,120241,2025-04-30,HEX8534092,Renewal,3221.99,0.1312,422.73,2025-05-15,False
ALLS,120176,2025-04-30,DFK5066287,Renewal,5287.49,0.0885,467.94,2025-05-15,False
ALLS,120176,2026-04-30,DFK5066287,Audit,560.21,0.0885,49.58,2026-05-15,False
ALLS,120174,2025-10-31,HFV6294771,Cancel,-0.0,0.1898,-0.0,2025-11-15,False
PRGS,120267,2025-04-30,XPK1706867,New,4000.0,0.1245,498.0,2025-05-15,False
PRGS,120075,2025-04-30,TDK3284508,Renewal,9423.16,0.1547,1457.76,2025-05-15,False
ALLS,120163,2025-04-30,RUX0992625,Renewal,1636.2,0.1089,178.18,2025-05-15,False
AMFA,120192,2025-04-30,WYN9779813,New,683.65,0.0782,53.46,2025-05-15,False
AMFA,120219,2025-04-30,RGR7818730,Renewal,231.68,0.122,28.26,2025-05-15,False
NATI,120262,2025-04-30,BZW5002091,Renewal,1394.86,0.1245,173.66,2025-05-15,False
HART,120093,2025-04-30,JEG2836010,Renewal,3909.51,0.1351,528.17,2025-05-15,False
PRGS,120139,2025-04-30,ZRJ0171264,Renewal,2422.1,0.1004,243.18,2025-05-15,False
NATI,120192,2025-04-30,YKA9823210,Renewal,1915.46,0.1149,220.09,2025-05-15,False
ALLS,120143,2025-04-30,XUA2006579,New,1539.01,0.1007,154.98,2025-05-15,False
AMFA,120255,2025-04-30,AKZ4596526,Renewal,4101.34,0.15,615.2,2025-05-15,False
PRGS,120205,2025-04-30,TZD2937538,Renewal,1679.08,0.125,209.88,2025-05-15,False
ALLS,120291,2025-04-30,KEK3297248,Renewal,3357.26,0.1759,590.54,2025-05-15,False
NATI,120026,2025-04-30,AYC4650886,Renewal,1978.86,0.1204,238.25,2025-05-15,False
HART,120268,2026-02-28,THN6839723,Endorsement,38.59,0.1367,5.28,2026-03-15,False
ALLS,120110,2025-04-30,UBN0903964,New,1600.13,0.0957,153.13,2025-05-15,False
ALLS,120283,2025-04-30,HRD5856976,Renewal,3696.24,0.1056,390.32,2025-05-15,False
ALLS,120215,2025-04-30,ECR6646240,Renewal,1724.82,0.0612,105.56,2025-05-15,False
CHUB,120178,2025-04-30,CHM2995807,Renewal,2000.0,0.0711,142.2,2025-05-15,False
TRAV,120115,2025-04-30,BRL3677367,Renewal,1500.0,0.1491,223.65,2025-05-15,False
TRAV,120174,2025-04-30,JAM3576748,Renewal,1500.0,0.1381,207.15,2025-05-15,False
CHUB,120184,2025-04-30,WBR9020529,New,1480.22,0.0818,121.08,2025-05-15,False
CHUB,120296,2025-04-30,HAW6272673,Renewal,1062.2,0.1456,154.66,2025-05-15,False
HART,120009,2025-04-30,SLL4963986,Renewal,1017.58,0.1432,145.72,2025-05-15,False
CHUB,120044,2025-04-30,NBB5542618,Renewal,1751.7,0.1375,240.86,2025-05-15,False
FARM,120041,2025-04-30,DVM6980516,New,2554.75,0.1015,259.31,2025-05-15,False
ALLS,120021,2025-04-30,LEV9399261,New,1773.89,0.0913,161.96,2025-05-15,False
PRGS,120102,2025-04-30,JEW1395623,New,1139.0,0.1036,118.0,2025-05-15,False
ALLS,120071,2025-04-30,JUS6307856,Renewal,1108.48,0.0941,104.31,2025-05-15,False
NATI,120262,2025-04-30,FTD1887351,Renewal,4529.63,0.1888,855.19,2025-05-15,False
LIBM,120282,2025-04-30,JMA0696161,New,846.81,0.0676,57.24,2025-05-15,False
GEIC,120235,2025-04-30,WHX3625956,New,3398.1,0.0736,250.1,2025-05-15,False
TRAV,120182,2025-04-30,HGM9377321,New,916.16,0.0693,63.49,2025-05-15,False
GEIC,120275,2025-04-30,BSX1108673,New,827.36,0.0867,71.73,2025-05-15,False
NATI,120066,2025-04-30,JGY2074323,New,550.78,0.1018,56.07,2025-05-15,False
ALLS,120050,2025-04-30,MGF1557649,New,814.98,0.0972,79.22,2025-05-15,False
GEIC,120179,2025-04-30,BGS9210213,New,1978.37,0.0811,160.45,2025-05-15,False
LIBM,120075,2025-04-30,BAW5597011,Renewal,3626.85,0.1964,712.31,2025-05-15,False
PRGS,120251,2025-04-30,FHK1788367,Renewal,249.44,0.1086,27.09,2025-05-15,False
CHUB,120173,2025-04-30,CFZ5702895,New,2207.67,0.0874,192.95,2025-05-15,False
PRGS,120076,2025-04-30,VXJ8897017,Renewal,1159.7,0.1276,147.98,2025-05-15,False
TRAV,120247,2025-04-30,RCD0713647,New,1129.71,0.0638,72.08,2025-05-15,False
ALLS,120056,2025-04-30,TGR0436842,Renewal,17313.54,0.1038,1797.15,2025-05-15,False
PRGS,120299,2025-04-30,RCL7396460,New,486.74,0.0782,38.06,2025-05-15,False
TRAV,120041,2025-04-30,NDB1981171,Renewal,1666.55,0.1447,241.15,2025-05-15,False
FARM,120124,2025-04-30,BBT8636064,New,918.81,0.0955,87.75,2025-05-15,False
AMFA,120188,2025-04-30,ZER5933591,Renewal,2516.76,0.1379,347.06,2025-05-15,False
AMFA,120235,2025-04-30,UGP9507783,New,1718.64,0.1279,219.81,2025-05-15,False
ALLS,120012,2025-04-30,JWL5858730,New,1313.24,0.0938,123.18,2025-05-15,False
ALLS,120280,2025-04-30,BXG5239253,Renewal,3040.25,0.1263,383.98,2025-05-15,False
PRGS,120236,2025-04-30,MBK7572583,Renewal,3220.43,0.1404,452.15,2025-05-15,False
CHUB,120064,2025-04-30,AYK9615935,New,1378.83,0.0924,127.4,2025-05-15,False
PRGS,120226,2025-04-30,BAA6321428,New,951.86,0.0692,65.87,2025-05-15,False
TRAV,120268,2025-04-30,ZUE6443107,Renewal,925.31,0.0897,83.0,2025-05-15,False
PRGS,120148,2025-04-30,DYN8263981,Renewal,565.89,0.1521,86.07,2025-05-15,False
GEIC,120180,2025-04-30,CEH4014926,Renewal,500.0,0.1629,81.45,2025-05-15,False
ALLS,120146,2025-04-30,JDW2488773,New,1807.77,0.0913,165.05,2025-05-15,False
ALLS,120014,2025-04-30,UEM8536988,New,2306.61,0.1235,284.87,2025-05-15,False
ALLS,120108,2025-04-30,LTM1662455,Renewal,1179.65,0.1101,129.88,2025-05-15,False
HART,120275,2025-04-30,WTZ7784974,Renewal,3034.07,0.1251,379.56,2025-05-15,False
PRGS,120122,2025-04-30,PXJ3442140,Renewal,1993.0,0.1949,388.44,2025-05-15,False
HART,120069,2025-04-30,MGW2932803,New,1342.41,0.0941,126.32,2025-05-15,False
PRGS,120116,2025-04-30,KLR4468689,New,2943.19,0.1144,336.7,2025-05-15,False
TRAV,120135,2025-04-30,CMZ7324321,Renewal,3825.72,0.1324,506.53,2025-05-15,False
FARM,120193,2025-04-30,ACU3074084,Renewal,2499.63,0.1368,341.95,2025-05-15,False
CHUB,120239,2025-04-30,BZX3856666,Renewal,3651.79,0.0964,352.03,2025-05-15,False
HART,120168,2025-04-30,SCV4205098,Renewal,2214.01,0.066,146.12,2025-05-15,False
TRAV,120298,2025-04-30,CEV5444718,Renewal,1500.0,0.14,210.0,2025-05-15,False
AMFA,120177,2025-04-30,CEY9920978,New,883.26,0.0717,63.33,2025-05-15,False
PRGS,120144,2025-04-30,EKT2014519,Rewrite,5362.63,0.0953,511.06,2025-05-15,False
GEIC,120229,2025-04-30,XDS2712432,New,1005.38,0.1222,122.86,2025-05-15,False
LIBM,120257,2025-12-31,HYB2030956,Endorsement,-0.3,0.1009,-0.03,2026-01-15,True
PRGS,120010,2025-04-30,ZDB5576399,New,2471.29,0.0911,225.13,2025-05-15,False
GEIC,120242,2025-04-30,RBS1676786,Renewal,834.67,0.1236,103.17,2025-05-15,False
PRGS,120249,2025-04-30,KUW8079040,Renewal,4911.02,0.104,510.75,2025-05-15,False
ALLS,120031,2025-04-30,PZY4687674,New,1553.78,0.1065,165.48,2025-05-15,False
TRAV,120006,2025-04-30,WFT8788758,New,1645.66,0.1064,175.1,2025-05-15,False
LIBM,120129,2025-04-30,PSC1742113,New,1204.45,0.1147,138.15,2025-05-15,False
NATI,120298,2025-04-30,DRA5099442,Renewal,1685.7,0.1572,264.99,2025-05-15,False
HART,120141,2025-04-30,FJA5783485,Renewal,2113.09,0.1346,284.42,2025-05-15,False
AMFA,120190,2025-04-30,ZJW0774408,Renewal,2380.49,0.0855,203.53,2025-05-15,False
GEIC,120113,2025-04-30,JTR1192826,Renewal,2597.9,0.1007,261.61,2025-05-15,False
AMFA,120179,2025-04-30,XRR7386351,Renewal,4699.28,0.1255,589.76,2025-05-15,False
TRAV,120143,2025-04-30,ZHE2133147,Renewal,551.44,0.0772,42.57,2025-05-15,False
FARM,120163,2025-04-30,HLP8226097,Renewal,1500.0,0.1448,217.2,2025-05-15,False
PRGS,120060,2025-04-30,EEF4508979,Renewal,2397.87,0.085,203.82,2025-05-15,False
GEIC,120083,2025-04-30,JMG8427060,Renewal,896.9,0.1165,104.49,2025-05-15,False
GEIC,120209,2025-08-31,ZZS6051524,Endorsement,-6.75,0.0838,-0.57,2025-09-15,True
LIBM,120043,2025-04-30,YPN6589763,Renewal,785.02,0.0849,66.65,2025-05-15,False
GEIC,120204,2025-04-30,WLB6618054,Renewal,972.95,0.1493,145.26,2025-05-15,False
TRAV,120077,2025-04-30,YVX7192549,Renewal,1500.0,0.2,300.0,2025-05-15,False
GEIC,120202,2025-04-30,VUW2080023,Renewal,1321.83,0.1233,162.98,2025-05-15,False
AMFA,120006,2025-04-30,CZK4427231,Renewal,1049.06,0.1686,176.87,2025-05-15,False
PRGS,120006,2025-11-30,WVA4443679,Endorsement,2.97,0.1607,0.48,2025-12-15,False
LIBM,120222,2025-04-30,WBY4515503,New,2563.77,0.1132,290.22,2025-05-15,False
HART,120167,2025-04-30,FVP1665965,New,1289.22,0.0912,117.58,2025-05-15,False
CHUB,120140,2025-04-30,CNP3246591,Renewal,4077.93,0.129,526.05,2025-05-15,False
PRGS,120160,2025-04-30,YVW4164414,Renewal,15000.0,0.1403,2104.5,2025-05-15,False
HART,120278,2025-04-30,SKT4859391,Renewal,1128.68,0.1115,125.85,2025-05-15,False
TRAV,120171,2025-04-30,APY1849698,Renewal,2286.59,0.1316,300.92,2025-05-15,False
TRAV,120133,2025-04-30,GYB3599950,New,1557.85,0.0958,149.24,2025-05-15,False
ALLS,120120,2025-04-30,APZ1376113,New,1858.29,0.0876,162.79,2025-05-15,False
ALLS,120085,2025-04-30,BSU9928959,New,950.97,0.1163,110.6,2025-05-15,False
TRAV,120193,2025-11-30,UVA5493619,Endorsement,18.16,0.1228,2.23,2025-12-15,False
NATI,120013,2025-04-30,PGL1653917,Renewal,5361.89,0.0997,534.58,2025-05-15,False
HART,120291,2025-04-30,KPJ0152286,New,1729.85,0.0929,160.7,2025-05-15,False
ALLS,120006,2025-04-30,HFP8017440,New,831.93,0.127,105.66,2025-05-15,False
TRAV,120029,2025-07-31,EFA3413057,Endorsement,-97.55,0.1242,-12.12,2025-08-15,True
TRAV,120254,2025-04-30,TUT9197629,Renewal,4419.36,0.1565,691.63,2025-05-15,False
PRGS,120264,2025-04-30,TLE1557194,Renewal,5389.22,0.1472,793.29,2025-05-15,False
GEIC,120178,2025-04-30,RHZ0197466,New,1093.7,0.0915,100.07,2025-05-15,False
CHUB,120216,2025-04-30,KSK3385557,New,1277.84,0.1037,132.51,2025-05-15,False
NATI,120233,2025-04-30,HWV2814620,New,3488.48,0.1107,386.17,2025-05-15,False
AMFA,120060,2025-04-30,DBU9008544,Renewal,1581.53,0.1249,197.53,2025-05-15,False
GEIC,120258,2025-04-30,RUL0013538,Renewal,2000.0,0.0519,103.8,2025-05-15,False
GEIC,120113,2025-04-30,YPP0110091,Renewal,1690.93,0.0985,166.56,2025-05-15,False
PRGS,120189,2025-04-30,LVF5272544,Renewal,1169.05,0.0951,111.18,2025-05-15,False
TRAV,120299,2025-04-30,ZEW2043706,New,1569.91,0.14,219.79,2025-05-15,False
GEIC,120203,2025-04-30,FKH0606183,Renewal,1630.85,0.1243,202.71,2025-05-15,False
NATI,120220,2025-04-30,EEZ1508933,New,1907.26,0.1185,226.01,2025-05-15,False
LIBM,120155,2025-04-30,TUV6271386,Renewal,1302.35,0.0995,129.58,2025-05-15,False
TRAV,120152,2025-04-30,WLG4205315,Rewrite,3000.0,0.1557,467.1,2025-05-15,False
HART,120188,2025-04-30,KZU5077914,Renewal,630.68,0.1105,69.69,2025-05-15,False
AMFA,120044,2025-04-30,LLW5933553,Renewal,867.11,0.102,88.45,2025-05-15,False
GEIC,120260,2025-04-30,AXD7605066,Renewal,6591.89,0.0988,651.28,2025-05-15,False
FARM,120297,2025-04-30,TFC6473401,New,2588.8,0.1199,310.4,2025-05-15,False
ALLS,120061,2025-04-30,EGA4075899,Renewal,2346.07,0.1418,332.67,2025-05-15,False
LIBM,120100,2025-04-30,KXF5566460,Renewal,1500.0,0.1649,247.35,2025-05-15,False
ALLS,120235,2025-04-30,ETJ1556243,Renewal,2001.5,0.153,306.23,2025-05-15,False
HART,120180,2025-04-30,CPW2861152,Renewal,2020.34,0.171,345.48,2025-05-15,False
PRGS,120020,2025-04-30,MAR1954894,Renewal,1585.48,0.138,218.8,2025-05-15,False
ALLS,120028,2025-04-30,AHF1278489,Renewal,750.81,0.1297,97.38,2025-05-15,False
FARM,120289,2025-04-30,CGH5795914,Renewal,8023.9,0.1422,1141.0,2025-05-15,False
FARM,120064,2025-04-30,TJY1168255,New,2479.04,0.0871,215.92,2025-05-15,False
GEIC,120092,2025-04-30,YUD3282936,Renewal,512.82,0.1166,59.79,2025-05-15,False
NATI,120069,2025-04-30,DDU5898584,New,2519.41,0.109,274.62,2025-05-15,False
PRGS,120098,2025-04-30,VXH0599831,Renewal,2071.71,0.1429,296.05,2025-05-15,False
NATI,120056,2025-04-30,TEC9837287,Renewal,1644.74,0.1349,221.88,2025-05-15,False
TRAV,120086,2025-11-30,JKH1033535,Cancel,-0.0,0.1318,-0.0,2025-12-15,False
NATI,120275,2025-04-30,JXB7077706,New,978.17,0.0863,84.42,2025-05-15,False
CHUB,120010,2025-04-30,JBW9673785,New,1122.94,0.1095,122.96,2025-05-15,False
PRGS,120002,2025-04-30,LAC2679723,New,1019.21,0.0736,75.01,2025-05-15,False
HART,120048,2025-04-30,HFH4841629,Renewal,2153.75,0.1678,361.4,2025-05-15,False
TRAV,120165,2025-04-30,UPW0721793,Renewal,2652.03,0.1114,295.44,2025-05-15,False
TRAV,120115,2025-09-30,AWH2887022,Endorsement,28.94,0.1255,3.63,2025-10-15,False
LIBM,120256,2025-04-30,MEB0390636,New,1679.67,0.1213,203.74,2025-05-15,False
ALLS,120086,2025-04-30,ZRR4365083,New,1102.72,0.0602,66.38,2025-05-15,False
CHUB,120037,2025-04-30,LXP8398030,Renewal,2062.6,0.121,249.57,2025-05-15,False
PRGS,120269,2025-09-30,AEE0257223,Cancel,-0.0,0.1251,-0.0,2025-10-15,False
HART,120149,2025-04-30,UXK5336264,Renewal,25000.0,0.095,2375.0,2025-05-15,False
LIBM,120069,2025-04-30,ANN0078624,Renewal,954.45,0.1407,134.29,2025-05-15,False
GEIC,120116,2025-04-30,GYF5965130,Renewal,1697.58,0.105,178.25,2025-05-15,False
PRGS,120090,2025-04-30,ZAN2023382,Renewal,2049.68,0.111,227.51,2025-05-15,False
LIBM,120282,2025-04-30,LTJ3734177,New,1777.11,0.076,135.06,2025-05-15,False
PRGS,120136,2025-09-30,RNY6135845,Endorsement,-21.34,0.1038,-2.22,2025-10-15,True
GEIC,120274,2025-04-30,KHT6983870,Renewal,1552.18,0.1108,171.98,2025-05-15,False
HART,120036,2025-07-31,HCY8199245,Cancel,-0.0,0.1217,-0.0,2025-08-15,False
ALLS,120104,2025-04-30,ADB0987612,Renewal,3356.11,0.1253,420.52,2025-05-15,False
FARM,120040,2025-04-30,VDX6971285,New,1399.62,0.0926,129.6,2025-05-15,False
HART,120274,2025-04-30,PLX7179207,Renewal,1231.32,0.0974,119.93,2025-05-15,False
PRGS,120075,2026-01-31,MFY8981577,Endorsement,22.31,0.1135,2.53,2026-02-15,False
ALLS,120009,2025-04-30,XDS8437908,Renewal,821.13,0.1308,107.4,2025-05-15,False
ALLS,120230,2025-04-30,GVL6481935,Renewal,901.99,0.1469,132.5,2025-05-15,False
NATI,120012,2025-04-30,LZT1730071,Renewal,597.83,0.1433,85.67,2025-05-15,False
CHUB,120053,2025-04-30,LBM0049688,Renewal,1900.1,0.1277,242.64,2025-05-15,False
AMFA,120053,2025-04-30,GNK8771410,Renewal,2606.85,0.08,208.55,2025-05-15,False
GEIC,120091,2025-04-30,ZER1496217,Renewal,2250.02,0.1123,252.68,2025-05-15,False
PRGS,120260,2025-04-30,WJT7237514,Renewal,1445.21,0.1188,171.69,2025-05-15,False
CHUB,120043,2025-04-30,MPX3054959,New,1036.8,0.0801,83.05,2025-05-15,False
NATI,120095,2025-04-30,UUF4872816,Renewal,1254.42,0.0998,125.19,2025-05-15,False
HART,120039,2025-04-30,VFW0855181,New,3147.31,0.1245,391.84,2025-05-15,False
FARM,120163,2025-04-30,ZMF5472785,Renewal,4117.81,0.1316,541.9,2025-05-15,False
PRGS,120010,2025-04-30,UCJ1238661,Renewal,2194.97,0.0913,200.4,2025-05-15,False
ALLS,120114,2025-04-30,BRA6878423,Renewal,9100.47,0.0747,679.81,2025-05-15,False
AMFA,120156,2025-04-30,HEF0583726,Renewal,4516.57,0.1211,546.96,2025-05-15,False
AMFA,120156,2026-05-31,HEF0583726,Audit,252.52,0.1211,30.58,2026-06-15,False
PRGS,120168,2025-04-30,ZKC3014590,New,342.31,0.1003,34.33,2025-05-15,False
GEIC,120218,2025-07-31,ANH7537542,Reinstate,0.0,0.1887,0.0,2025-08-15,False
CHUB,120159,2025-04-30,UDH1407309,Renewal,2700.92,0.1763,476.17,2025-05-15,False
PRGS,120249,2025-04-30,KCG9039068,Renewal,2042.36,0.1139,232.62,2025-05-15,False
ALLS,120085,2025-04-30,TKT0271761,Renewal,614.9,0.1204,74.03,2025-05-15,False
LIBM,120153,2025-12-31,PZB9472352,Reinstate,0.0,0.1203,0.0,2026-01-15,False
HART,120159,2025-06-30,VCK5934951,Endorsement,26.6,0.1339,3.56,2025-07-15,False
ALLS,120018,2025-12-31,LRT1677348,Cancel,-0.0,0.1581,-0.0,2026-01-15,False
HART,120113,2025-04-30,CNH2855684,New,622.32,0.1187,73.87,2025-05-15,False
ALLS,120041,2025-04-30,PXX6922021,Renewal,3055.71,0.1075,328.49,2025-05-15,False
PRGS,120114,2025-08-31,BWH2927523,Endorsement,-134.75,0.1229,-16.56,2025-09-15,True
HART,120260,2025-04-30,NKG6072300,Renewal,1360.59,0.0821,111.7,2025-05-15,False
LIBM,120030,2025-04-30,FMV6417519,Renewal,4040.59,0.1635,660.64,2025-05-15,False
GEIC,120073,2025-11-30,XFJ1107621,Endorsement,4.31,0.1096,0.47,2025-12-15,False
LIBM,120083,2025-04-30,WRJ2172387,New,2819.39,0.1179,332.41,2025-05-15,False
FARM,120033,2025-04-30,YWL0068295,New,2051.51,0.14,287.21,2025-05-15,False
NATI,120285,2025-04-30,FEF2750971,New,886.96,0.0828,73.44,2025-05-15,False
LIBM,120033,2025-04-30,GYP8478811,Renewal,818.91,0.1043,85.41,2025-05-15,False
NATI,120119,2025-04-30,JGA6070369,New,1504.39,0.06,90.26,2025-05-15,False
GEIC,120098,2025-04-30,KUE2595285,Renewal,8815.12,0.168,1480.94,2025-05-15,False
PRGS,120091,2025-04-30,WJB5670011,Renewal,2089.57,0.154,321.79,2025-05-15,False
HART,120253,2025-04-30,JJS6743852,Renewal,7694.64,0.1741,1339.64,2025-05-15,False
HART,120111,2025-04-30,EDS0969963,Renewal,482.93,0.1165,56.26,2025-05-15,False
AMFA,120179,2025-04-30,ASU9596578,New,1173.24,0.1008,118.26,2025-05-15,False
NATI,120156,2025-10-31,YMM9076082,Endorsement,0.76,0.1275,0.1,2025-11-15,False
ALLS,120171,2025-04-30,DYC9234114,Renewal,2135.15,0.1482,316.43,2025-05-15,False
PRGS,120061,2025-04-30,MLA0478021,Renewal,1690.49,0.1089,184.09,2025-05-15,False
LIBM,120035,2025-04-30,VAX3133598,Renewal,856.46,0.1024,87.7,2025-05-15,False
ALLS,120197,2025-04-30,DJV3514787,New,1130.04,0.1252,141.48,2025-05-15,False
NATI,120071,2025-04-30,EVZ5802498,New,1645.17,0.1202,197.75,2025-05-15,False
ALLS,120020,2025-05-31,VSH2510554,Endorsement,-44.69,0.1004,-4.49,2025-06-15,True
AMFA,120121,2025-04-30,FSV3645869,Renewal,1018.42,0.0919,93.59,2025-05-15,False
LIBM,120186,2025-04-30,RWE6265045,New,1210.42,0.1239,149.97,2025-05-15,False
HART,120133,2025-09-30,AWH9889899,Cancel,-0.0,0.2,-0.0,2025-10-15,False
ALLS,120071,2025-04-30,VFJ0364695,New,2487.63,0.108,268.66,2025-05-15,False
LIBM,120286,2025-04-30,RAK5865191,Renewal,9273.38,0.1435,1330.73,2025-05-15,False
LIBM,120286,2026-04-30,RAK5865191,Audit,-1258.8,0.1435,-180.64,2026-05-15,True
NATI,120090,2025-04-30,KWN8295111,Renewal,1577.97,0.0878,138.55,2025-05-15,False
AMFA,120026,2025-04-30,STN6825090,New,1757.31,0.1206,211.93,2025-05-15,False
LIBM,120051,2025-04-30,RMH8871496,Renewal,1350.38,0.1433,193.51,2025-05-15,False
TRAV,120287,2025-04-30,KCH6760529,Renewal,1777.56,0.0712,126.56,2025-05-15,False
PRGS,120204,2025-09-30,JYE1989068,Endorsement,-10.25,0.0989,-1.01,2025-10-15,True
CHUB,120197,2025-08-31,TAH6712063,Endorsement,-46.57,0.0874,-4.07,2025-09-15,True
HART,120192,2025-04-30,RWK1849090,New,932.65,0.0902,84.13,2025-05-15,False
TRAV,120155,2025-04-30,GNC0659101,New,591.49,0.0749,44.3,2025-05-15,False
PRGS,120290,2025-04-30,XZU8494422,Renewal,1938.68,0.1089,211.12,2025-05-15,False
GEIC,120174,2025-04-30,SKT7986713,New,2992.24,0.1058,316.58,2025-05-15,False
PRGS,120189,2025-04-30,FAU5869891,New,965.43,0.1013,97.8,2025-05-15,False
AMFA,120221,2026-03-31,SCC8752654,Endorsement,18.53,0.1243,2.3,2026-04-15,False
TRAV,120095,2025-04-30,KZU6681536,Renewal,3472.26,0.1239,430.21,2025-05-15,False
PRGS,120279,2025-04-30,FJF9614232,Renewal,2892.62,0.1217,352.03,2025-05-15,False
FARM,120132,2025-10-31,UEW3265197,Endorsement,-66.79,0.0871,-5.82,2025-11-15,True
PRGS,120230,2025-04-30,WTY3923717,Renewal,1759.07,0.1295,227.8,2025-05-15,False
HART,120034,2025-04-30,XZZ3933486,Renewal,1570.21,0.1226,192.51,2025-05-15,False
TRAV,120091,2026-01-31,HME3678049,Endorsement,-16.63,0.1421,-2.36,2026-02-15,True
CHUB,120155,2025-12-31,ZLS5027434,Reinstate,0.0,0.1675,0.0,2026-01-15,False
AMFA,120025,2025-04-30,ETN6496996,New,1485.31,0.1026,152.39,2025-05-15,False
PRGS,120050,2025-04-30,JPJ8317538,Renewal,678.67,0.1234,83.75,2025-05-15,False
GEIC,120210,2025-04-30,ZGN1296305,Renewal,637.85,0.1544,98.48,2025-05-15,False
GEIC,120149,2025-04-30,KVK8239504,New,956.13,0.1129,107.95,2025-05-15,False
CHUB,120165,2025-04-30,KBZ6676765,Renewal,912.14,0.0705,64.31,2025-05-15,False
FARM,120267,2025-04-30,MCU2386055,Renewal,1500.0,0.177,265.5,2025-05-15,False
GEIC,120108,2025-04-30,YRC3215682,Renewal,882.6,0.0612,54.02,2025-05-15,False
TRAV,120169,2025-04-30,HSN9075091,New,1079.66,0.1127,121.68,2025-05-15,False
PRGS,120198,2025-04-30,WMJ0008341,New,1832.7,0.1245,228.17,2025-05-15,False
NATI,120047,2025-04-30,LUF5555565,Rewrite,8827.17,0.1291,1139.59,2025-05-15,False
TRAV,120025,2025-04-30,WWZ3230904,Renewal,4190.16,0.1461,612.18,2025-05-15,False
PRGS,120244,2025-04-30,YNP9639539,New,1212.07,0.0735,89.09,2025-05-15,False
NATI,120204,2025-04-30,XTX0087829,New,2037.94,0.1214,247.41,2025-05-15,False
LIBM,120099,2025-04-30,ZFL8211893,Renewal,9223.55,0.1488,1372.46,2025-05-15,False
ALLS,120220,2025-04-30,MPZ9589764,Renewal,913.21,0.0727,66.39,2025-05-15,False
PRGS,120261,2025-04-30,AAB7694406,Renewal,571.26,0.1088,62.15,2025-05-15,False
PRGS,120285,2025-04-30,NSE0399611,Renewal,2755.87,0.1415,389.96,2025-05-15,False
CHUB,120245,2025-04-30,GEE0991717,Renewal,1879.09,0.1188,223.24,2025-05-15,False
FARM,120215,2025-10-31,NUG9327530,Reinstate,0.0,0.1701,0.0,2025-11-15,False
FARM,120215,2026-05-31,NUG9327530,Audit,86.89,0.1701,14.78,2026-06-15,False
NATI,120278,2025-04-30,DGH4701032,Renewal,13491.48,0.0537,724.49,2025-05-15,False
PRGS,120295,2025-04-30,YTY0071990,Renewal,1078.94,0.1398,150.84,2025-05-15,False
ALLS,120066,2025-04-30,TSH3524538,Renewal,7604.56,0.1558,1184.79,2025-05-15,False
GEIC,120126,2025-04-30,MDE3829967,Renewal,5627.23,0.0906,509.83,2025-05-15,False
NATI,120265,2025-04-30,WVE8469301,New,1637.59,0.1251,204.86,2025-05-15,False
PRGS,120184,2025-04-30,VED4870059,New,1906.24,0.0795,151.55,2025-05-15,False
PRGS,120237,2025-04-30,HSM6017831,Renewal,8927.61,0.114,1017.75,2025-05-15,False
AMFA,120263,2025-04-30,RNL3023353,Renewal,1500.0,0.1438,215.7,2025-05-15,False
FARM,120139,2025-04-30,VFC9596866,Renewal,11238.44,0.127,1427.28,2025-05-15,False
HART,120146,2025-04-30,LBY6043130,Renewal,1500.0,0.1537,230.55,2025-05-15,False
HART,120216,2025-05-31,VPA4408105,Endorsement,22.26,0.1402,3.12,2025-06-15,False
LIBM,120284,2025-04-30,LAK6486756,Renewal,738.15,0.0965,71.23,2025-05-15,False
LIBM,120209,2025-04-30,YAJ7759294,Renewal,3104.5,0.1321,410.1,2025-05-15,False
HART,120210,2026-03-31,DXB4574589,Endorsement,-4.93,0.1414,-0.7,2026-04-15,True
GEIC,120132,2025-04-30,TMN2327257,Renewal,681.09,0.1294,88.13,2025-05-15,False
HART,120294,2025-04-30,GAJ9456273,Renewal,2425.44,0.0979,237.45,2025-05-15,False
HART,120258,2025-08-31,BPU5664174,Endorsement,-48.65,0.1156,-5.62,2025-09-15,True
PRGS,120212,2025-04-30,CFK3108978,New,595.59,0.0774,46.1,2025-05-15,False
GEIC,120110,2025-04-30,KPB0518823,New,931.98,0.0763,71.11,2025-05-15,False
PRGS,120128,2025-04-30,KYF2488219,Renewal,3875.84,0.0697,270.15,2025-05-15,False
NATI,120212,2025-06-30,EVT1670525,Endorsement,80.12,0.1085,8.69,2025-07-15,False
PRGS,120252,2025-04-30,JYL8362132,Renewal,2290.82,0.1294,296.43,2025-05-15,False
TRAV,120066,2025-04-30,CES4292580,Renewal,2072.9,0.0907,188.01,2025-05-15,False
TRAV,120075,2025-04-30,TSM6908288,Renewal,712.48,0.1107,78.87,2025-05-15,False
LIBM,120128,2025-04-30,ZTL4898472,Renewal,500.0,0.1232,61.6,2025-05-15,False
ALLS,120138,2025-04-30,PHV5746155,Renewal,1846.15,0.0997,184.06,2025-05-15,False
HART,120133,2025-04-30,UMF1326613,Renewal,5949.02,0.0933,555.04,2025-05-15,False
ALLS,120057,2025-04-30,LDY9897387,Renewal,2874.4,0.134,385.17,2025-05-15,False
LIBM,120103,2025-04-30,VRY9586188,Renewal,2988.64,0.1374,410.64,2025-05-15,False
PRGS,120230,2026-01-31,KVA0356540,Endorsement,8.99,0.1329,1.19,2026-02-15,False
HART,120139,2025-04-30,FFN4396017,New,2601.2,0.0851,221.36,2025-05-15,False
LIBM,120221,2025-04-30,GYZ3810340,New,1730.43,0.1027,177.72,2025-05-15,False
HART,120180,2025-10-31,YCC6673108,Cancel,-0.0,0.0912,-0.0,2025-11-15,False
PRGS,120138,2025-04-30,XGS3393778,Renewal,1605.68,0.1127,180.96,2025-05-15,False
LIBM,120244,2025-04-30,SUW5454753,New,2989.89,0.1176,351.61,2025-05-15,False
GEIC,120092,2025-04-30,WGX5990029,Renewal,7886.1,0.0903,712.11,2025-05-15,False
NATI,120181,2025-04-30,WDH5741551,New,647.86,0.0855,55.39,2025-05-15,False
FARM,120269,2025-07-31,WZB5949456,Endorsement,-19.13,0.1017,-1.95,2025-08-15,True
CHUB,120219,2025-04-30,JUA0495616,Renewal,2428.21,0.0978,237.48,2025-05-15,False
ALLS,120070,2025-04-30,WAC6708996,Renewal,1617.01,0.1268,205.04,2025-05-15,False
ALLS,120092,2025-04-30,PUG9283028,Renewal,3911.72,0.172,672.82,2025-05-15,False
NATI,120083,2025-04-30,YKW3639823,Renewal,3719.3,0.1914,711.87,2025-05-15,False
GEIC,120095,2026-03-31,EBA0972129,Endorsement,-3.31,0.1189,-0.39,2026-04-15,True
GEIC,120098,2025-04-30,HUN9824090,Renewal,2000.0,0.1189,237.8,2025-05-15,False
HART,120065,2025-04-30,YYD7801385,Renewal,756.58,0.1366,103.35,2025-05-15,False
GEIC,120014,2025-04-30,EML9010164,New,1115.95,0.0952,106.24,2025-05-15,False
HART,120120,2025-04-30,XFZ8601429,Renewal,2000.0,0.1303,260.6,2025-05-15,False
NATI,120141,2025-04-30,EKT1492857,Renewal,1157.85,0.1335,154.57,2025-05-15,False
TRAV,120118,2025-04-30,YDT6569383,Renewal,3333.02,0.1513,504.29,2025-05-15,False
PRGS,120220,2025-04-30,SDE6028366,Renewal,1476.2,0.1117,164.89,2025-05-15,False
TRAV,120154,2025-04-30,GWB6883568,New,454.7,0.0842,38.29,2025-05-15,False
ALLS,120053,2025-04-30,KEK7428335,Renewal,713.23,0.0811,57.84,2025-05-15,False
CHUB,120275,2025-04-30,GJT1583894,New,943.69,0.0914,86.25,2025-05-15,False
ALLS,120252,2025-04-30,NPA5457739,New,555.92,0.0918,51.03,2025-05-15,False
LIBM,120213,2025-04-30,SKP5219226,Renewal,3164.31,0.08,253.14,2025-05-15,False
LIBM,120084,2025-04-30,YZG7934607,Renewal,3098.54,0.1091,338.05,2025-05-15,False
TRAV,120236,2025-04-30,GUU9229820,Renewal,1730.01,0.1449,250.68,2025-05-15,False
ALLS,120198,2025-04-30,UXL0889809,Renewal,2004.13,0.1287,257.93,2025-05-15,False
AMFA,120219,2025-04-30,UAS4893793,Renewal,5555.24,0.1011,561.63,2025-05-15,False
TRAV,120170,2025-04-30,SKH4997860,New,1360.28,0.1016,138.2,2025-05-15,False
ALLS,120215,2025-04-30,JET6545807,New,2019.51,0.0931,188.02,2025-05-15,False
CHUB,120015,2025-04-30,TPR8164692,Renewal,539.67,0.137,73.93,2025-05-15,False
TRAV,120149,2025-04-30,LGX4727978,Renewal,876.05,0.125,109.51,2025-05-15,False
FARM,120040,2025-04-30,MUL1149864,New,2825.79,0.0896,253.19,2025-05-15,False
TRAV,120173,2025-04-30,WKM3025464,Renewal,2850.86,0.1635,466.12,2025-05-15,False
CHUB,120168,2025-04-30,XCX3801695,New,792.97,0.089,70.57,2025-05-15,False
TRAV,120033,2025-04-30,NBE0699138,Renewal,2106.28,0.1054,222.0,2025-05-15,False
TRAV,120211,2025-06-30,BPV4053488,Cancel,-0.0,0.1241,-0.0,2025-07-15,False
HART,120131,2026-02-28,TTG2769681,Endorsement,-32.67,0.1214,-3.97,2026-03-15,True
PRGS,120194,2025-04-30,UFK5593209,Renewal,3576.75,0.2,715.35,2025-05-15,False
GEIC,120209,2025-04-30,CMZ1582532,New,2087.92,0.1017,212.34,2025-05-15,False
TRAV,120265,2025-04-30,VWJ7214252,New,2792.35,0.0956,266.95,2025-05-15,False
HART,120112,2025-04-30,SNV4751019,Renewal,4760.86,0.1274,606.53,2025-05-15,False
CHUB,120108,2025-05-31,ZPB4519935,Reinstate,0.0,0.1257,0.0,2025-06-15,False
ALLS,120262,2025-04-30,ZFH8409807,Renewal,2521.21,0.1184,298.51,2025-05-15,False
TRAV,120106,2025-04-30,ZLF4861762,Renewal,6736.82,0.1121,755.2,2025-05-15,False
GEIC,120095,2025-04-30,ELS5610275,Renewal,1235.5,0.1509,186.44,2025-05-15,False
ALLS,120264,2025-04-30,TZE0983848,New,2967.3,0.119,353.11,2025-05-15,False
ALLS,120007,2025-04-30,KGP2281609,New,1621.9,0.14,227.07,2025-05-15,False
ALLS,120131,2025-04-30,DFN8031314,Renewal,2209.07,0.1333,294.47,2025-05-15,False
TRAV,120037,2025-04-30,VJX3343337,Renewal,728.51,0.1085,79.04,2025-05-15,False
TRAV,120014,2025-04-30,BZR7232998,Renewal,2458.32,0.1053,258.86,2025-05-15,False
TRAV,120010,2025-04-30,JLD5496624,Renewal,837.66,0.1152,96.5,2025-05-15,False
AMFA,120110,2025-07-31,CZA5314278,Endorsement,-12.96,0.0884,-1.15,2025-08-15,True
NATI,120299,2025-04-30,JSS3463231,Renewal,3453.77,0.1011,349.18,2025-05-15,False
HART,120083,2025-04-30,YFR4888011,Renewal,500.0,0.1272,63.6,2025-05-15,False
GEIC,120238,2025-04-30,XUR4430100,New,1351.44,0.0932,125.95,2025-05-15,False
PRGS,120170,2025-04-30,FKA1940416,Renewal,6741.86,0.1237,833.97,2025-05-15,False
PRGS,120092,2025-04-30,NET9611592,New,2099.49,0.112,235.14,2025-05-15,False
CHUB,120250,2025-04-30,ZHB2843964,New,720.14,0.0958,68.99,2025-05-15,False
CHUB,120099,2026-01-31,JUF0161744,Endorsement,2.03,0.0879,0.18,2026-02-15,False
NATI,120048,2025-04-30,KGV0485178,New,1628.25,0.0913,148.66,2025-05-15,False
GEIC,120252,2025-04-30,SEM8229107,New,2223.81,0.0899,199.92,2025-05-15,False
GEIC,120290,2025-04-30,WGH5542601,Renewal,3996.01,0.0791,316.08,2025-05-15,False
FARM,120254,2025-04-30,FGX7770497,Renewal,1125.83,0.1136,127.89,2025-05-15,False
CHUB,120004,2025-04-30,XTZ1137732,Renewal,1804.69,0.1285,231.9,2025-05-15,False
TRAV,120092,2025-04-30,RMF4647411,Renewal,3042.19,0.0818,248.85,2025-05-15,False
LIBM,120212,2025-04-30,UBX2433211,Renewal,1500.0,0.1359,203.85,2025-05-15,False
HART,120007,2025-04-30,GZK0221887,Renewal,1181.78,0.06,70.91,2025-05-15,False
CHUB,120127,2025-04-30,UGZ6196657,New,1134.37,0.126,142.93,2025-05-15,False
AMFA,120125,2026-01-31,NXZ8318770,Cancel,-0.0,0.175,-0.0,2026-02-15,False
PRGS,120243,2025-04-30,FBL8616332,Renewal,2750.87,0.1192,327.9,2025-05-15,False
FARM,120227,2025-04-30,PEJ1174791,Renewal,4245.46,0.2,849.09,2025-05-15,False
FARM,120074,2025-04-30,KPY6969115,Renewal,996.98,0.083,82.75,2025-05-15,False
GEIC,120163,2025-04-30,RBB1031143,New,2037.29,0.0736,149.94,2025-05-15,False
NATI,120274,2025-04-30,AGL0185536,Renewal,1222.28,0.1223,149.48,2025-05-15,False
LIBM,120190,2025-04-30,YEL9702699,New,847.97,0.12,101.76,2025-05-15,False
AMFA,120035,2025-04-30,CPV7033910,New,1445.02,0.124,179.18,2025-05-15,False
LIBM,120231,2025-04-30,LCG2675861,Renewal,2342.54,0.1201,281.34,2025-05-15,False
HART,120048,2025-04-30,XCZ7758059,New,1684.94,0.087,146.59,2025-05-15,False
TRAV,120043,2025-04-30,KTJ5331295,Renewal,15000.0,0.0951,1426.5,2025-05-15,False
NATI,120027,2025-04-30,GCA3070564,Renewal,4488.53,0.1451,651.29,2025-05-15,False
HART,120238,2025-04-30,ZTC8006873,New,1331.92,0.1076,143.31,2025-05-15,False
TRAV,120000,2025-04-30,APP8324999,Renewal,2149.23,0.1168,251.03,2025-05-15,False
ALLS,120000,2025-04-30,CRP0875621,Renewal,1119.63,0.1508,168.84,2025-05-15,False
GEIC,120214,2025-04-30,VAA4477606,Renewal,515.32,0.1216,62.66,2025-05-15,False
PRGS,120215,2025-04-30,XDM3617181,New,1196.63,0.1237,148.02,2025-05-15,False
GEIC,120172,2025-04-30,KFD8675899,Renewal,4164.14,0.1889,786.61,2025-05-15,False
GEIC,120229,2025-04-30,ERW1658435,Renewal,1406.94,0.0993,139.71,2025-05-15,False
ALLS,120185,2025-04-30,KNB7991566,Renewal,3155.51,0.1137,358.78,2025-05-15,False
HART,120210,2025-04-30,CMH1310556,Renewal,870.85,0.1681,146.39,2025-05-15,False
NATI,120154,2026-01-31,EUB3741156,Endorsement,53.51,0.123,6.58,2026-02-15,False
TRAV,120084,2025-04-30,ZXE1656730,Renewal,1016.94,0.1017,103.42,2025-05-15,False
TRAV,120124,2025-04-30,VUX4106453,Renewal,2000.0,0.0789,157.8,2025-05-15,False
GEIC,120223,2025-04-30,WFW6579898,Renewal,4174.48,0.1364,569.4,2025-05-15,False
GEIC,120223,2026-05-31,WFW6579898,Audit,546.09,0.1364,74.49,2026-06-15,False
PRGS,120204,2025-04-30,DSG0097872,Renewal,3376.85,0.1063,358.96,2025-05-15,False
LIBM,120143,2025-04-30,DHY8511628,Renewal,1135.41,0.1394,158.28,2025-05-15,False
GEIC,120168,2025-04-30,DXS6304044,New,686.63,0.0953,65.44,2025-05-15,False
HART,120155,2025-04-30,HFF6363515,Renewal,783.2,0.1369,107.22,2025-05-15,False
AMFA,120291,2025-04-30,ZUU5149183,Renewal,385.69,0.1247,48.1,2025-05-15,False
ALLS,120030,2025-04-30,VPA2824095,New,995.58,0.1182,117.68,2025-05-15,False
HART,120151,2025-04-30,CZK1507778,Renewal,1158.87,0.1344,155.75,2025-05-15,False
CHUB,120144,2025-04-30,CFK7494585,New,474.66,0.0903,42.86,2025-05-15,False
LIBM,120039,2025-04-30,ENG8819296,Renewal,3062.99,0.1375,421.16,2025-05-15,False
PRGS,120204,2025-04-30,HUY5853066,Renewal,1858.8,0.1204,223.8,2025-05-15,False
NATI,120028,2025-04-30,LDJ9496465,Renewal,2925.98,0.1108,324.2,2025-05-15,False
TRAV,120136,2025-04-30,ZHV3227055,Renewal,4115.06,0.1327,546.07,2025-05-15,False
GEIC,120187,2025-04-30,EVU9500994,New,1024.11,0.081,82.95,2025-05-15,False
GEIC,120008,2025-04-30,GYM3432888,Renewal,857.12,0.113,96.85,2025-05-15,False
TRAV,120059,2025-04-30,MCE6628493,Renewal,3534.1,0.0698,246.68,2025-05-15,False
HART,120073,2025-04-30,FEF5547861,Renewal,2752.92,0.1433,394.49,2025-05-15,False
NATI,120056,2025-04-30,WTL1529259,Renewal,2551.06,0.1352,344.9,2025-05-15,False
GEIC,120295,2025-04-30,UDR8540949,Renewal,312.62,0.1332,41.64,2025-05-15,False
HART,120138,2025-04-30,ZBS6205480,New,1120.27,0.0986,110.46,2025-05-15,False
AMFA,120014,2025-04-30,CTP1591729,New,658.05,0.06,39.48,2025-05-15,False
TRAV,120028,2025-04-30,MPL4960774,Renewal,1371.86,0.1258,172.58,2025-05-15,False
TRAV,120144,2025-04-30,JLT5970395,New,2255.88,0.0976,220.17,2025-05-15,False
PRGS,120178,2025-04-30,KFM1433169,New,816.86,0.1006,82.18,2025-05-15,False
PRGS,120259,2025-04-30,DYU5536863,Renewal,673.24,0.1335,89.88,2025-05-15,False
FARM,120291,2025-04-30,YTT8005401,Renewal,2979.76,0.1871,557.51,2025-05-15,False
HART,120116,2025-04-30,EML8952674,New,1876.51,0.0933,175.08,2025-05-15,False
CHUB,120181,2025-04-30,GSM9868019,Renewal,9909.54,0.1487,1473.55,2025-05-15,False
GEIC,120067,2025-04-30,HZU3460987,New,1475.49,0.0942,138.99,2025-05-15,False
TRAV,120185,2025-04-30,VAL2424127,Renewal,817.17,0.1456,118.98,2025-05-15,False
LIBM,120056,2025-04-30,MMP6544787,Renewal,15000.0,0.111,1665.0,2025-05-15,False
GEIC,120128,2025-04-30,TMN0421053,New,2031.63,0.14,284.43,2025-05-15,False
PRGS,120184,2025-04-30,TFS2762526,New,3315.9,0.0979,324.63,2025-05-15,False
LIBM,120141,2025-04-30,HUL7702940,New,1005.4,0.1053,105.87,2025-05-15,False
PRGS,120114,2025-04-30,XHU6100967,New,932.95,0.1249,116.53,2025-05-15,False
HART,120007,2025-04-30,HZK5412944,New,896.68,0.0929,83.3,2025-05-15,False
PRGS,120251,2025-04-30,LKW0079837,New,2572.52,0.0982,252.62,2025-05-15,False
TRAV,120068,2025-04-30,KLY9668585,New,2016.99,0.0812,163.78,2025-05-15,False
HART,120287,2025-04-30,XKP6937865,Renewal,4984.52,0.1803,898.71,2025-05-15,False
HART,120287,2026-06-30,XKP6937865,Audit,-341.5,0.1803,-61.57,2026-07-15,True
HART,120037,2025-04-30,JVT6046300,Renewal,5559.88,0.1698,944.07,2025-05-15,False
TRAV,120036,2026-01-31,HVS0037186,Reinstate,0.0,0.1178,0.0,2026-02-15,False
ALLS,120129,2025-04-30,HLU4606091,Rewrite,9237.92,0.1809,1671.14,2025-05-15,False
HART,120283,2025-04-30,XGP3441120,New,1669.09,0.0769,128.35,2025-05-15,False
TRAV,120008,2025-04-30,JSN8919014,Renewal,1655.25,0.0645,106.76,2025-05-15,False
LIBM,120269,2025-04-30,YWX7851752,Renewal,2098.29,0.1301,272.99,2025-05-15,False
NATI,120140,2025-04-30,KTH3842531,New,1205.79,0.0713,85.97,2025-05-15,False
GEIC,120182,2025-04-30,JRA9828759,Renewal,5197.27,0.1496,777.51,2025-05-15,False
HART,120026,2025-04-30,FNM0745409,Renewal,665.8,0.0995,66.25,2025-05-15,False
ALLS,120024,2025-04-30,DUD1710308,New,1401.24,0.1214,170.11,2025-05-15,False
CHUB,120166,2026-02-28,FZD6133104,Cancel,-0.0,0.1203,-0.0,2026-03-15,False
CHUB,120173,2025-04-30,ARE8131942,Renewal,2122.2,0.0927,196.73,2025-05-15,False
LIBM,120052,2025-04-30,MGJ7792328,Renewal,771.14,0.154,118.76,2025-05-15,False
TRAV,120066,2025-04-30,UXR5665188,Renewal,188.07,0.1185,22.29,2025-05-15,False
ALLS,120169,2025-04-30,DYX8458324,Renewal,2291.35,0.1297,297.19,2025-05-15,False
GEIC,120037,2025-04-30,XCP5209295,New,2138.04,0.1178,251.86,2025-05-15,False
TRAV,120102,2025-04-30,ZMK2917266,New,2557.74,0.0797,203.85,2025-05-15,False
GEIC,120227,2025-04-30,JWB5345218,Renewal,1842.28,0.092,169.49,2025-05-15,False
PRGS,120095,2025-04-30,BVX1435774,New,393.97,0.0905,35.65,2025-05-15,False
TRAV,120263,2025-04-30,XVN1846967,Renewal,1096.96,0.152,166.74,2025-05-15,False
LIBM,120082,2025-04-30,RUJ1241758,Renewal,1486.44,0.129,191.75,2025-05-15,False
AMFA,120220,2025-04-30,HJP8487283,Renewal,406.53,0.117,47.56,2025-05-15,False
PRGS,120276,2025-04-30,FKP7302717,Renewal,6415.62,0.155,994.42,2025-05-15,False
CHUB,120012,2025-04-30,BSR1375990,Renewal,3141.49,0.0995,312.58,2025-05-15,False
TRAV,120299,2025-04-30,SNV7949843,Renewal,3168.06,0.1147,363.38,2025-05-15,False
ALLS,120237,2025-04-30,RUP6069804,New,1079.51,0.1011,109.14,2025-05-15,False
CHUB,120255,2025-04-30,YYW5433290,Renewal,3267.25,0.2,653.45,2025-05-15,False
LIBM,120139,2025-04-30,CPX2093413,New,1562.54,0.1104,172.5,2025-05-15,False
CHUB,120137,2026-03-31,LMU6093734,Reinstate,0.0,0.1119,0.0,2026-04-15,False
CHUB,120163,2025-04-30,YXV5727886,New,3208.01,0.127,407.42,2025-05-15,False
HART,120095,2025-08-31,JBE5330704,Endorsement,5.16,0.1157,0.6,2025-09-15,False
AMFA,120152,2025-04-30,NFS3830359,Renewal,6338.48,0.1031,653.5,2025-05-15,False
GEIC,120211,2025-04-30,HAL7156075,New,3329.07,0.1083,360.54,2025-05-15,False
NATI,120271,2025-04-30,LLN4856989,New,1619.72,0.102,165.21,2025-05-15,False
LIBM,120280,2025-04-30,RWC1742813,Renewal,1171.42,0.1316,154.16,2025-05-15,False
AMFA,120240,2025-04-30,GJL9603936,Renewal,733.5,0.0901,66.09,2025-05-15,False
HART,120146,2025-04-30,NMK1020969,New,2361.86,0.06,141.71,2025-05-15,False
TRAV,120076,2025-04-30,VNR3918028,New,1354.83,0.0803,108.79,2025-05-15,False
LIBM,120112,2025-12-31,FXB8109142,Cancel,-0.0,0.1527,-0.0,2026-01-15,False
AMFA,120043,2025-04-30,JFE5259236,Renewal,6354.47,0.1549,984.31,2025-05-15,False
AMFA,120043,2026-05-31,JFE5259236,Audit,733.72,0.1549,113.65,2026-06-15,False
FARM,120088,2025-04-30,BJN6004457,Renewal,997.66,0.1524,152.04,2025-05-15,False
GEIC,120201,2025-04-30,MPD3738363,New,2031.18,0.1219,247.6,2025-05-15,False
ALLS,120273,2025-04-30,UXL2415517,Renewal,1779.93,0.2,355.99,2025-05-15,False
ALLS,120273,2026-04-30,UXL2415517,Audit,-46.81,0.2,-9.36,2026-05-15,True
ALLS,120246,2025-04-30,NHV5443539,New,674.64,0.0856,57.75,2025-05-15,False
NATI,120013,2025-04-30,MBA2334605,New,2955.81,0.1088,321.59,2025-05-15,False
NATI,120290,2025-04-30,NJH6637951,Renewal,599.08,0.1166,69.85,2025-05-15,False
ALLS,120013,2025-04-30,SBG1306854,Renewal,4939.38,0.1026,506.78,2025-05-15,False
GEIC,120222,2025-04-30,SMU8222123,Renewal,2000.0,0.093,186.0,2025-05-15,False
LIBM,120211,2025-04-30,ZMZ2436824,New,1782.26,0.1164,207.46,2025-05-15,False
PRGS,120001,2025-04-30,GPV0122119,Renewal,288.29,0.0949,27.36,2025-05-15,False
FARM,120270,2025-04-30,LAS1870985,New,1272.15,0.1263,160.67,2025-05-15,False
FARM,120275,2025-04-30,AZB8391738,Renewal,729.59,0.1363,99.44,2025-05-15,False
PRGS,120152,2026-02-28,EZZ4340523,Endorsement,-22.45,0.1385,-3.11,2026-03-15,True
NATI,120138,2025-04-30,XVT8535953,Renewal,3960.58,0.1791,709.34,2025-05-15,False
GEIC,120066,2025-04-30,NWT0022323,Renewal,7452.65,0.12,894.32,2025-05-15,False
CHUB,120100,2025-04-30,CSE6244016,New,949.57,0.1131,107.4,2025-05-15,False
LIBM,120008,2026-01-31,TAK5887428,Endorsement,16.35,0.1316,2.15,2026-02-15,False
ALLS,120168,2025-04-30,MSS3557464,Renewal,1016.93,0.1262,128.34,2025-05-15,False
PRGS,120243,2025-04-30,MUZ8718237,Renewal,8642.98,0.1411,1219.52,2025-05-15,False
NATI,120197,2025-04-30,BTV2724843,Renewal,3861.84,0.1087,419.78,2025-05-15,False
TRAV,120160,2025-11-30,WJU9030114,Endorsement,21.01,0.088,1.85,2025-12-15,False
AMFA,120108,2025-04-30,ZFV4570553,Renewal,1185.75,0.0857,101.62,2025-05-15,False
HART,120022,2025-04-30,MKE6340795,Renewal,687.13,0.1443,99.15,2025-05-15,False
ALLS,120151,2025-04-30,NZZ9929697,Renewal,833.03,0.1206,100.46,2025-05-15,False
GEIC,120092,2025-04-30,RRX1702568,New,1535.88,0.0684,105.05,2025-05-15,False
HART,120181,2025-04-30,AUK6386415,New,3869.13,0.1005,388.85,2025-05-15,False
GEIC,120009,2025-04-30,NPB5732462,Renewal,2401.11,0.1236,296.78,2025-05-15,False
TRAV,120108,2025-04-30,RJW0246971,Renewal,2077.29,0.1497,310.97,2025-05-15,False
LIBM,120264,2025-04-30,DDM8378583,New,2018.32,0.0921,185.89,2025-05-15,False
CHUB,120127,2025-04-30,BTC9560979,New,1361.17,0.1006,136.93,2025-05-15,False
TRAV,120013,2025-04-30,ZCD5109700,Renewal,1548.26,0.1011,156.53,2025-05-15,False
CHUB,120102,2025-04-30,FXG7009821,New,2036.26,0.088,179.19,2025-05-15,False
ALLS,120019,2025-04-30,ULU7685897,Renewal,2108.77,0.148,312.1,2025-05-15,False
HART,120258,2025-04-30,MPA7232354,New,1568.3,0.0927,145.38,2025-05-15,False
GEIC,120299,2025-04-30,JYA6789027,Renewal,1556.4,0.06,93.38,2025-05-15,False
GEIC,120246,2025-04-30,XVT8269942,Rewrite,3000.0,0.1526,457.8,2025-05-15,False
FARM,120162,2025-04-30,LTP3251567,Renewal,500.0,0.1342,67.1,2025-05-15,False
NATI,120233,2025-04-30,XYB1026129,Renewal,924.02,0.132,121.97,2025-05-15,False
CHUB,120149,2025-04-30,DNJ0892044,New,1814.13,0.097,175.97,2025-05-15,False
LIBM,120194,2025-04-30,KXW7469306,Renewal,1614.37,0.0982,158.53,2025-05-15,False
TRAV,120135,2025-04-30,MFU3438304,New,2483.49,0.1186,294.54,2025-05-15,False
TRAV,120015,2025-04-30,BWZ7223635,Renewal,2487.31,0.1318,327.83,2025-05-15,False
HART,120130,2025-04-30,TFV2723662,Renewal,1409.35,0.115,162.08,2025-05-15,False
PRGS,120124,2025-04-30,FGJ2859871,Renewal,8598.49,0.1695,1457.44,2025-05-15,False
ALLS,120279,2025-04-30,WVJ7233884,Renewal,15000.0,0.1515,2272.5,2025-05-15,False
PRGS,120257,2025-04-30,DBS1603307,Renewal,1084.38,0.1608,174.37,2025-05-15,False
GEIC,120030,2025-04-30,RNX0989208,Renewal,1644.15,0.1478,243.01,2025-05-15,False
PRGS,120159,2025-04-30,JMD9005011,Renewal,949.9,0.1324,125.77,2025-05-15,False
AMFA,120121,2025-04-30,DJA0345565,New,1830.4,0.14,256.26,2025-05-15,False
NATI,120190,2025-05-31,WWZ5863984,Cancel,-0.0,0.1111,-0.0,2025-06-15,False
GEIC,120221,2025-04-30,NHF3017183,Renewal,5626.83,0.0563,316.79,2025-05-15,False
NATI,120133,2025-04-30,ADT5847525,Renewal,3134.25,0.0918,287.72,2025-05-15,False
ALLS,120205,2025-04-30,APG3226549,Renewal,7110.37,0.1553,1104.24,2025-05-15,False
CHUB,120193,2025-04-30,UGA0974322,New,1079.7,0.1118,120.71,2025-05-15,False
AMFA,120165,2025-04-30,NGN7545498,New,1988.97,0.1175,233.7,2025-05-15,False
HART,120099,2025-04-30,YYY3682920,Renewal,1925.2,0.1314,252.97,2025-05-15,False
HART,120095,2025-04-30,DDG1759781,Renewal,2275.43,0.1128,256.67,2025-05-15,False
PRGS,120190,2025-04-30,MCA3960072,New,792.52,0.1153,91.38,2025-05-15,False
GEIC,120037,2025-04-30,GJA9874967,Renewal,7881.31,0.1467,1156.19,2025-05-15,False
CHUB,120146,2025-04-30,XHW0422865,Renewal,968.63,0.1245,120.59,2025-05-15,False
TRAV,120190,2025-04-30,DVH6965241,Renewal,9019.2,0.0852,768.44,2025-05-15,False
GEIC,120253,2025-04-30,GZX9387549,Renewal,6012.84,0.2,1202.57,2025-05-15,False
ALLS,120006,2025-04-30,DMM9474701,Renewal,6188.76,0.1369,847.24,2025-05-15,False
AMFA,120098,2025-04-30,YZZ9406412,New,1377.84,0.0686,94.52,2025-05-15,False
ALLS,120001,2025-04-30,GHF5108096,Renewal,1121.41,0.1277,143.2,2025-05-15,False
ALLS,120098,2025-04-30,EDP7781448,Renewal,619.38,0.1523,94.33,2025-05-15,False
FARM,120060,2025-04-30,SPL6935253,Renewal,1500.0,0.1858,278.7,2025-05-15,False
GEIC,120275,2025-04-30,XCX8467816,Renewal,1512.74,0.0902,136.45,2025-05-15,False
ALLS,120063,2025-04-30,HZP6971467,Renewal,2421.01,0.1242,300.69,2025-05-15,False
ALLS,120063,2026-06-30,HZP6971467,Audit,-83.58,0.1242,-10.38,2026-07-15,True
TRAV,120231,2025-04-30,ZCA9684486,Renewal,1955.2,0.1351,264.15,2025-05-15,False
NATI,120174,2025-04-30,KAP0511055,New,889.65,0.1173,104.36,2025-05-15,False
LIBM,120223,2025-04-30,FBP6922508,Renewal,666.74,0.142,94.68,2025-05-15,False
HART,120106,2025-04-30,VGW4995624,Endorsement,-57.58,0.1279,-7.36,2025-05-15,True
NATI,120103,2025-04-30,KNX8909390,Endorsement,58.19,0.1202,6.99,2025-05-15,False
HART,120267,2025-04-30,XLA0148144,Renewal,4952.15,0.1377,681.91,2025-05-15,False
FARM,120250,2025-09-30,ANF6144297,Endorsement,-5.18,0.1146,-0.59,2025-10-15,True
AMFA,120184,2025-04-30,LSK0742857,New,1519.66,0.0901,136.92,2025-05-15,False
ALLS,120177,2025-04-30,YTU6537242,Renewal,718.85,0.1144,82.24,2025-05-15,False
CHUB,120104,2025-04-30,HSS5802807,New,1144.38,0.1239,141.79,2025-05-15,False
TRAV,120030,2025-09-30,EBJ5993077,Endorsement,0.93,0.08,0.07,2025-10-15,False
HART,120021,2025-04-30,DJG3540003,Renewal,3102.42,0.1596,495.15,2025-05-15,False
HART,120104,2025-04-30,WXM2126716,New,515.59,0.0767,39.55,2025-05-15,False
CHUB,120097,2025-04-30,XCV7424729,Renewal,5366.46,0.2,1073.29,2025-05-15,False
HART,120098,2025-04-30,MHP3538831,Renewal,6053.73,0.0915,553.92,2025-05-15,False
PRGS,120116,2025-04-30,KDW9795187,Renewal,4290.27,0.1543,661.99,2025-05-15,False
NATI,120080,2025-04-30,WED1665854,Renewal,3598.73,0.1156,416.01,2025-05-15,False
PRGS,120046,2025-07-31,ZZW3354454,Endorsement,-35.9,0.111,-3.98,2025-08-15,True
PRGS,120111,2025-07-31,EWZ8462906,Cancel,-0.0,0.126,-0.0,2025-08-15,False
AMFA,120075,2025-04-30,KBJ0829430,New,1561.8,0.1066,166.49,2025-05-15,False
NATI,120105,2025-04-30,RDF5042379,New,1070.04,0.1141,122.09,2025-05-15,False
ALLS,120209,2025-04-30,ALM8682412,New,1472.8,0.0809,119.15,2025-05-15,False
ALLS,120101,2025-04-30,KJH3322899,New,1941.94,0.1112,215.94,2025-05-15,False
PRGS,120072,2025-04-30,KWA1861900,New,3795.2,0.116,440.24,2025-05-15,False
PRGS,120011,2025-04-30,EGN7623278,New,1451.18,0.1032,149.76,2025-05-15,False
ALLS,120151,2025-04-30,UYM3473755,Renewal,5570.38,0.1338,745.32,2025-05-15,False
ALLS,120023,2025-04-30,BJL1598173,Renewal,15000.0,0.1379,2068.5,2025-05-15,False
PRGS,120075,2025-04-30,FUA4968483,New,972.88,0.0992,96.51,2025-05-15,False
PRGS,120146,2026-01-31,FSG5328544,Endorsement,-10.73,0.102,-1.09,2026-02-15,True
PRGS,120047,2025-04-30,ALT1596723,Renewal,1500.0,0.1851,277.65,2025-05-15,False
LIBM,120256,2025-04-30,PYW7134648,Renewal,1455.67,0.1361,198.12,2025-05-15,False
LIBM,120189,2025-04-30,XDW3523939,Renewal,2197.53,0.1126,247.44,2025-05-15,False
ALLS,120033,2025-04-30,RKG3182595,New,2221.87,0.1132,251.52,2025-05-15,False
LIBM,120123,2025-04-30,VXR8917800,New,1135.63,0.1097,124.58,2025-05-15,False
GEIC,120015,2025-08-31,DCV6265443,Endorsement,10.82,0.1281,1.39,2025-09-15,False
GEIC,120184,2025-04-30,KYC1441558,Renewal,2286.82,0.1283,293.4,2025-05-15,False
NATI,120142,2025-04-30,BPT3710705,Renewal,1328.04,0.0933,123.91,2025-05-15,False
TRAV,120048,2025-04-30,PSU7060739,Renewal,3896.04,0.1174,457.4,2025-05-15,False
ALLS,120206,2025-04-30,ENK9034471,New,1075.32,0.1269,136.46,2025-05-15,False
HART,120068,2025-04-30,XKN8114902,Renewal,6409.79,0.1256,805.07,2025-05-15,False
NATI,120210,2025-04-30,LTG0423538,New,1560.71,0.06,93.64,2025-05-15,False
CHUB,120211,2025-04-30,CKJ5433613,Renewal,1500.0,0.1262,189.3,2025-05-15,False
TRAV,120260,2025-04-30,JBS0474972,Renewal,1660.5,0.1276,211.88,2025-05-15,False
CHUB,120169,2025-04-30,AMT4726889,Renewal,8735.76,0.2,1747.15,2025-05-15,False
NATI,120160,2025-04-30,XLW0840837,Renewal,14639.23,0.0949,1389.26,2025-05-15,False
FARM,120204,2025-04-30,UMY1977859,Renewal,1007.78,0.1421,143.21,2025-05-15,False
HART,120070,2025-04-30,RVX2942148,Renewal,990.09,0.165,163.36,2025-05-15,False
CHUB,120095,2025-04-30,BPS2304214,New,2131.08,0.0933,198.83,2025-05-15,False
LIBM,120261,2025-04-30,CAW1910821,Renewal,2958.1,0.1371,405.56,2025-05-15,False
LIBM,120220,2025-04-30,YYC5481124,Renewal,1873.76,0.1111,208.17,2025-05-15,False
LIBM,120234,2025-04-30,SLZ6312763,Renewal,10903.38,0.0756,824.3,2025-05-15,False
PRGS,120086,2025-04-30,PSW7170725,New,1441.96,0.1074,154.87,2025-05-15,False
NATI,120094,2025-04-30,BLP0932369,New,1793.63,0.0903,161.96,2025-05-15,False
CHUB,120053,2025-04-30,ACW5738331,Renewal,2000.0,0.0819,163.8,2025-05-15,False
NATI,120267,2025-09-30,RLS8394673,Reinstate,0.0,0.1582,0.0,2025-10-15,False
ALLS,120119,2025-04-30,AZM2456454,New,1731.88,0.097,167.99,2025-05-15,False
GEIC,120232,2025-04-30,WRN4377362,New,4000.0,0.0867,346.8,2025-05-15,False
CHUB,120149,2025-06-30,HGZ5818369,Endorsement,-52.78,0.0934,-4.93,2025-07-15,True
LIBM,120240,2025-04-30,NCR2124443,Renewal,1345.67,0.1363,183.41,2025-05-15,False
GEIC,120009,2025-04-30,MBY9275386,Renewal,2826.49,0.1809,511.31,2025-05-15,False
GEIC,120009,2026-05-31,MBY9275386,Audit,191.92,0.1809,34.72,2026-06-15,False
TRAV,120279,2025-04-30,KFV7422175,Renewal,918.85,0.1462,134.34,2025-05-15,False
PRGS,120242,2025-04-30,VWY0123905,Renewal,2375.46,0.1425,338.5,2025-05-15,False
HART,120021,2025-04-30,RCJ5245194,Renewal,500.0,0.1234,61.7,2025-05-15,False
NATI,120241,2025-04-30,KGK3161561,New,1915.98,0.1049,200.99,2025-05-15,False
LIBM,120291,2025-04-30,XZS2030613,Renewal,5005.18,0.1551,776.3,2025-05-15,False
TRAV,120107,2025-04-30,XRL8852833,Renewal,1124.97,0.0908,102.15,2025-05-15,False
CHUB,120218,2025-04-30,DMW0883586,Renewal,3702.1,0.1024,379.1,2025-05-15,False
CHUB,120236,2025-04-30,MAG6593624,New,1239.9,0.0649,80.47,2025-05-15,False
PRGS,120177,2025-04-30,DAF2376444,Renewal,1720.41,0.123,211.61,2025-05-15,False
CHUB,120292,2025-04-30,BNH4093698,Renewal,2000.0,0.1184,236.8,2025-05-15,False
FARM,120094,2025-06-30,SPY2576655,Endorsement,28.94,0.1089,3.15,2025-07-15,False
PRGS,120273,2025-04-30,WHF6144877,Renewal,833.95,0.1428,119.09,2025-05-15,False
CHUB,120236,2025-04-30,ALW0764133,Renewal,951.89,0.1231,117.18,2025-05-15,False
CHUB,120216,2025-04-30,GFV2690838,New,1274.73,0.1075,137.03,2025-05-15,False
TRAV,120289,2025-04-30,UJL5727833,Renewal,9437.31,0.0777,733.28,2025-05-15,False
PRGS,120018,2025-04-30,HEK7408414,Renewal,940.22,0.0929,87.35,2025-05-15,False
ALLS,120188,2025-04-30,GSZ4077404,New,1929.48,0.1289,248.71,2025-05-15,False
TRAV,120150,2025-04-30,PAL2259984,Renewal,2150.38,0.1022,219.77,2025-05-15,False
AMFA,120181,2025-04-30,KTF3440474,New,2042.38,0.1003,204.85,2025-05-15,False
HART,120272,2025-04-30,LMU8616132,Renewal,2661.95,0.111,295.48,2025-05-15,False
PRGS,120013,2025-04-30,MBU2060857,Renewal,985.7,0.1351,133.17,2025-05-15,False
LIBM,120254,2025-04-30,WGK4673834,New,1079.87,0.1189,128.4,2025-05-15,False
CHUB,120011,2025-04-30,FZB1789764,Renewal,860.57,0.1195,102.84,2025-05-15,False
ALLS,120233,2025-04-30,BWN6534583,Renewal,2138.81,0.1655,353.97,2025-05-15,False
CHUB,120255,2025-04-30,LXH3495783,New,2539.83,0.131,332.72,2025-05-15,False
CHUB,120088,2025-04-30,ZNW5896380,New,1261.7,0.1189,150.02,2025-05-15,False
LIBM,120272,2026-02-28,VUM2825486,Cancel,-0.0,0.1363,-0.0,2026-03-15,False
AMFA,120012,2025-04-30,YFT1489908,New,2016.63,0.0871,175.65,2025-05-15,False
LIBM,120050,2025-04-30,RBT2314896,New,1867.32,0.1146,213.99,2025-05-15,False
NATI,120224,2025-04-30,ENW5438065,New,1321.2,0.0907,119.83,2025-05-15,False
GEIC,120190,2025-04-30,TCK8953085,New,1675.39,0.0687,115.1,2025-05-15,False
ALLS,120034,2025-04-30,GYE7927219,New,1443.99,0.0776,112.05,2025-05-15,False
LIBM,120191,2025-04-30,KTF9314391,New,481.28,0.0902,43.41,2025-05-15,False
LIBM,120129,2025-04-30,SUS8725345,New,1628.35,0.1214,197.68,2025-05-15,False
GEIC,120026,2025-04-30,NXY3623079,Renewal,783.19,0.0912,71.43,2025-05-15,False
ALLS,120092,2025-04-30,GJX1158895,New,995.77,0.1122,111.73,2025-05-15,False
NATI,120038,2025-04-30,FYC7046036,Renewal,1500.0,0.1784,267.6,2025-05-15,False
NATI,120008,2025-04-30,UGU8110888,Renewal,1027.88,0.1544,158.7,2025-05-15,False
PRGS,120289,2025-04-30,YUA1335632,Renewal,4492.4,0.0542,243.49,2025-05-15,False
NATI,120260,2025-04-30,WMB7767685,New,2559.37,0.1019,260.8,2025-05-15,False
GEIC,120194,2025-04-30,YPV7816286,New,981.78,0.1023,100.44,2025-05-15,False
ALLS,120290,2025-04-30,GHH3534650,Renewal,6113.91,0.121,739.78,2025-05-15,False
TRAV,120121,2025-04-30,GKM4066207,Endorsement,-72.12,0.1535,-11.07,2025-05-15,True
HART,120252,2025-04-30,ZZT2739237,Renewal,3160.01,0.1419,448.41,2025-05-15,False
HART,120252,2026-04-30,ZZT2739237,Audit,90.68,0.1419,12.87,2026-05-15,False
TRAV,120224,2025-10-31,RHT8933869,Endorsement,34.21,0.1283,4.39,2025-11-15,False
LIBM,120105,2025-04-30,PRN2192679,Rewrite,10933.97,0.2,2186.79,2025-05-15,False
PRGS,120213,2025-04-30,RCY5145527,Renewal,2000.0,0.1062,212.4,2025-05-15,False
AMFA,120111,2025-08-31,VJZ9055983,Endorsement,55.32,0.1492,8.25,2025-09-15,False
LIBM,120061,2025-04-30,PNH5553221,Renewal,1147.88,0.1449,166.33,2025-05-15,False
ALLS,120049,2025-04-30,ZUV9320370,Renewal,856.7,0.1179,101.0,2025-05-15,False
ALLS,120228,2025-04-30,UVL7463759,Renewal,6118.03,0.169,1033.95,2025-05-15,False
PRGS,120250,2025-04-30,LVZ1107431,New,1402.47,0.0783,109.81,2025-05-15,False
HART,120024,2025-04-30,LXV9797376,Renewal,286.65,0.1328,38.07,2025-05-15,False
TRAV,120193,2025-04-30,VSV0927706,Renewal,721.13,0.1465,105.65,2025-05-15,False
TRAV,120233,2025-04-30,XRF4351228,Renewal,1500.0,0.1539,230.85,2025-05-15,False
GEIC,120266,2025-04-30,GRX9065101,Endorsement,16.59,0.08,1.33,2025-05-15,False
ALLS,120008,2025-04-30,YUF8794599,Renewal,8218.4,0.1863,1531.09,2025-05-15,False
AMFA,120242,2025-04-30,AWK8397619,Renewal,2765.73,0.1478,408.77,2025-05-15,False
NATI,120062,2025-04-30,SBU7298374,New,2419.48,0.1125,272.19,2025-05-15,False
NATI,120082,2025-04-30,DUR1583930,Renewal,1720.24,0.1399,240.66,2025-05-15,False
CHUB,120129,2025-04-30,FCL5630804,Renewal,6190.26,0.1642,1016.44,2025-05-15,False
LIBM,120221,2025-04-30,NGD6856815,New,947.41,0.1104,104.59,2025-05-15,False
PRGS,120061,2025-04-30,GFG4245712,Renewal,1717.51,0.1338,229.8,2025-05-15,False
GEIC,120150,2025-04-30,LKJ0840951,New,1619.72,0.1098,177.85,2025-05-15,False
FARM,120297,2025-04-30,HNP8786460,Renewal,318.02,0.0919,29.23,2025-05-15,False
FARM,120274,2025-04-30,VHP5609253,Renewal,1583.95,0.1242,196.73,2025-05-15,False
GEIC,120038,2026-02-28,VGW2609718,Cancel,-0.0,0.12,-0.0,2026-03-15,False
NATI,120011,2025-04-30,CCJ3598713,Renewal,3649.07,0.1063,387.9,2025-05-15,False
HART,120134,2025-11-30,UEV1362225,Cancel,-0.0,0.1309,-0.0,2025-12-15,False
TRAV,120058,2025-04-30,KCA2327314,Renewal,2714.82,0.1482,402.34,2025-05-15,False
PRGS,120283,2025-04-30,LZM2464948,Cancel,-0.0,0.1618,-0.0,2025-05-15,False
HART,120074,2025-04-30,AES2487124,New,1999.0,0.1325,264.87,2025-05-15,False
NATI,120208,2025-04-30,GVS7319377,New,941.24,0.09,84.71,2025-05-15,False
ALLS,120138,2025-04-30,ACP2542568,New,1775.66,0.1078,191.42,2025-05-15,False
NATI,120074,2026-02-28,ABB1603717,Cancel,-0.0,0.1347,-0.0,2026-03-15,False
PRGS,120285,2025-04-30,KZW1953203,Renewal,1500.0,0.1608,241.2,2025-05-15,False
FARM,120218,2025-04-30,GXW2792212,Renewal,11002.26,0.1564,1720.75,2025-05-15,False
ALLS,120206,2025-04-30,ZZS3681171,Renewal,1574.57,0.1033,162.65,2025-05-15,False
TRAV,120000,2025-04-30,WDP0714780,Renewal,5059.84,0.1335,675.49,2025-05-15,False
LIBM,120050,2025-04-30,YYK9637585,Renewal,2054.65,0.1551,318.68,2025-05-15,False
TRAV,120252,2025-04-30,GGC8058647,Renewal,6280.56,0.0817,513.12,2025-05-15,False
FARM,120260,2025-04-30,KFH6882700,Renewal,2296.95,0.0779,178.93,2025-05-15,False
FARM,120179,2025-04-30,WNC1040699,Renewal,2768.23,0.1903,526.79,2025-05-15,False
NATI,120209,2025-04-30,CDK7405589,New,1892.1,0.1139,215.51,2025-05-15,False
TRAV,120060,2025-04-30,DPP8183674,Renewal,20134.27,0.1276,2569.13,2025-05-15,False
ALLS,120037,2025-04-30,EPL2253661,Rewrite,14925.67,0.1796,2680.65,2025-05-15,False
ALLS,120037,2026-06-30,EPL2253661,Audit,-1377.4,0.1796,-247.38,2026-07-15,True
LIBM,120264,2025-04-30,ZKR8704556,Renewal,4471.67,0.0883,394.85,2025-05-15,False
TRAV,120267,2025-04-30,DKL4793441,Renewal,2793.04,0.1131,315.89,2025-05-15,False
HART,120299,2025-04-30,CRN3134839,New,2081.11,0.1063,221.22,2025-05-15,False
TRAV,120134,2025-04-30,PYN2785381,New,891.51,0.14,124.81,2025-05-15,False
ALLS,120260,2025-04-30,UJR5721533,New,543.84,0.14,76.14,2025-05-15,False
LIBM,120193,2025-04-30,UWB5200604,Renewal,1828.53,0.1456,266.23,2025-05-15,False
HART,120180,2025-04-30,MTM8600287,Renewal,1212.8,0.1296,157.18,2025-05-15,False
PRGS,120115,2025-04-30,CSV5082341,Renewal,2863.01,0.1579,452.07,2025-05-15,False
HART,120176,2025-04-30,XTD5592793,Renewal,2000.0,0.086,172.0,2025-05-15,False
FARM,120165,2025-04-30,AKA9847859,New,2501.43,0.0629,157.34,2025-05-15,False
LIBM,120270,2025-04-30,MBP2384450,New,1684.87,0.0967,162.93,2025-05-15,False
PRGS,120218,2025-04-30,SLH4174771,Renewal,14980.29,0.1052,1575.93,2025-05-15,False
PRGS,120180,2025-04-30,FNA8299620,New,678.05,0.08,54.24,2025-05-15,False
GEIC,120122,2025-04-30,LNT1785167,Renewal,5441.84,0.1262,686.76,2025-05-15,False
GEIC,120122,2026-05-31,LNT1785167,Audit,-704.28,0.1262,-88.88,2026-06-15,True
AMFA,120100,2025-04-30,AZV8603160,Renewal,1692.97,0.1428,241.76,2025-05-15,False
TRAV,120057,2025-04-30,ZFK5771169,New,970.73,0.0916,88.92,2025-05-15,False
GEIC,120095,2025-04-30,SCT3926111,Renewal,4220.32,0.0914,385.74,2025-05-15,False
AMFA,120023,2025-04-30,MVA9857159,Renewal,250.1,0.1303,32.59,2025-05-15,False
LIBM,120040,2025-04-30,CKW1994583,Renewal,1369.72,0.1429,195.73,2025-05-15,False
FARM,120222,2025-04-30,BYC6437067,New,1324.52,0.0758,100.4,2025-05-15,False
TRAV,120208,2025-04-30,NRM1984730,Renewal,1783.63,0.1133,202.09,2025-05-15,False
ALLS,120042,2025-04-30,APH9256127,New,903.66,0.1314,118.74,2025-05-15,False
FARM,120108,2025-04-30,VYV3612867,Renewal,3481.71,0.1242,432.43,2025-05-15,False
HART,120092,2025-04-30,XEE2208790,Renewal,1116.2,0.1109,123.79,2025-05-15,False
ALLS,120112,2025-04-30,ATC1996173,Renewal,1991.71,0.1257,250.36,2025-05-15,False
TRAV,120156,2025-04-30,HHX6601805,Renewal,3545.22,0.1476,523.27,2025-05-15,False
PRGS,120053,2025-04-30,YCH5041235,Renewal,10935.21,0.1437,1571.39,2025-05-15,False
TRAV,120238,2026-02-28,PCA6502468,Endorsement,10.18,0.1426,1.45,2026-03-15,False
GEIC,120125,2025-04-30,CGG6379635,New,838.2,0.1155,96.81,2025-05-15,False
LIBM,120229,2025-06-30,ACN8329153,Cancel,-0.0,0.12,-0.0,2025-07-15,False
LIBM,120229,2025-07-31,ACN8329153,Audit,-931.3,0.12,-111.76,2025-08-15,True
HART,120100,2025-04-30,RHN0524810,Cancel,-0.0,0.1677,-0.0,2025-05-15,False
HART,120100,2025-07-31,RHN0524810,Audit,-430.38,0.1677,-72.17,2025-08-15,True
NATI,120170,2025-04-30,BZC9108859,Renewal,8903.45,0.0796,708.71,2025-05-15,False
NATI,120170,2026-06-30,BZC9108859,Audit,590.2,0.0796,46.98,2026-07-15,False
PRGS,120176,2025-04-30,WFJ7298590,New,2175.81,0.0983,213.88,2025-05-15,False
PRGS,120014,2025-04-30,HRC5974264,New,1590.59,0.0877,139.49,2025-05-15,False
GEIC,120136,2025-04-30,BCP6213969,Renewal,500.0,0.1346,67.3,2025-05-15,False
PRGS,120268,2025-06-30,ZTX1115263,Endorsement,-47.62,0.1025,-4.88,2025-07-15,True
AMFA,120293,2025-04-30,EVS0116881,New,2585.87,0.094,243.07,2025-05-15,False
NATI,120298,2025-04-30,LXP8546866,New,2239.27,0.0974,218.1,2025-05-15,False
HART,120204,2025-04-30,LKJ6832161,Renewal,8782.91,0.076,667.5,2025-05-15,False
GEIC,120192,2025-04-30,JWY0564817,New,2372.55,0.099,234.88,2025-05-15,False
ALLS,120167,2025-04-30,GRV3891231,Renewal,7655.61,0.0878,672.16,2025-05-15,False
LIBM,120051,2025-04-30,JVJ0168991,Renewal,1756.51,0.1266,222.37,2025-05-15,False
NATI,120160,2025-04-30,DCW7659877,Endorsement,75.23,0.1401,10.54,2025-05-15,False
NATI,120108,2025-04-30,AVA7053800,New,1371.47,0.0755,103.55,2025-05-15,False
AMFA,120191,2025-04-30,CEZ0484850,Renewal,1500.0,0.0921,138.15,2025-05-15,False
LIBM,120255,2025-04-30,DFF1783789,New,3276.96,0.14,458.77,2025-05-15,False
AMFA,120186,2025-04-30,CSC4287006,Renewal,914.74,0.1394,127.51,2025-05-15,False
TRAV,120104,2025-04-30,MES8067786,Renewal,1678.06,0.1319,221.34,2025-05-15,False
PRGS,120218,2025-04-30,SSD0369109,Renewal,1422.25,0.1209,171.95,2025-05-15,False
LIBM,120032,2025-04-30,XRU9259726,Renewal,1450.58,0.1316,190.9,2025-05-15,False
NATI,120026,2025-12-31,XWZ6609784,Endorsement,14.55,0.1286,1.87,2026-01-15,False
ALLS,120261,2025-04-30,XYX6083116,Renewal,12456.66,0.1201,1496.04,2025-05-15,False
ALLS,120194,2025-04-30,ZSS2149332,Renewal,1070.12,0.1477,158.06,2025-05-15,False
ALLS,120221,2025-11-30,LSX7456390,Endorsement,-36.7,0.1343,-4.93,2025-12-15,True
PRGS,120223,2025-04-30,RTU9444572,Renewal,4267.93,0.1223,521.97,2025-05-15,False
FARM,120098,2025-04-30,DTY1634197,Renewal,5149.48,0.0889,457.79,2025-05-15,False
HART,120197,2025-04-30,UWB5248171,New,1651.36,0.14,231.19,2025-05-15,False
AMFA,120077,2025-04-30,JTS4147882,Renewal,1185.75,0.1014,120.24,2025-05-15,False
HART,120037,2025-04-30,LYP9801708,Renewal,3538.6,0.1026,363.06,2025-05-15,False
LIBM,120090,2025-04-30,WNA7172595,Renewal,1647.97,0.1294,213.25,2025-05-15,False
TRAV,120160,2025-04-30,TWD5919709,New,728.44,0.0793,57.77,2025-05-15,False
ALLS,120048,2025-04-30,WPG2111604,Renewal,719.56,0.141,101.46,2025-05-15,False
HART,120107,2025-04-30,KXX2488629,Renewal,783.52,0.1326,103.89,2025-05-15,False
CHUB,120008,2025-04-30,GUZ1839840,Renewal,2198.14,0.1333,293.01,2025-05-15,False
HART,120217,2025-04-30,PRH8430677,Renewal,3395.81,0.1587,538.92,2025-05-15,False
TRAV,120123,2025-04-30,MPX4867793,Renewal,16389.13,0.1235,2024.06,2025-05-15,False
HART,120087,2025-04-30,UKP8229840,New,888.34,0.1043,92.65,2025-05-15,False
LIBM,120263,2025-04-30,ZRV6249065,New,2379.04,0.1026,244.09,2025-05-15,False
CHUB,120091,2025-04-30,MRX9253457,Renewal,2657.51,0.1703,452.57,2025-05-15,False
ALLS,120042,2025-04-30,NFG5133009,New,2015.86,0.0897,180.82,2025-05-15,False
CHUB,120023,2025-04-30,UTJ6921920,Renewal,6634.37,0.1019,676.04,2025-05-15,False
GEIC,120163,2025-04-30,UWN6367879,Renewal,4010.17,0.1791,718.22,2025-05-15,False
LIBM,120208,2025-04-30,XMH3533205,Renewal,15000.0,0.1273,1909.5,2025-05-15,False
PRGS,120248,2025-04-30,THK0873579,Renewal,4380.66,0.0889,389.44,2025-05-15,False
PRGS,120078,2025-04-30,MFG5578799,Renewal,1090.37,0.0951,103.69,2025-05-15,False
TRAV,120055,2025-04-30,XUN6669875,Renewal,3426.91,0.1415,484.91,2025-05-15,False
TRAV,120143,2025-07-31,VLR0087715,Endorsement,-32.55,0.126,-4.1,2025-08-15,True
ALLS,120176,2025-04-30,JXX4690145,Renewal,508.45,0.1498,76.17,2025-05-15,False
GEIC,120198,2025-04-30,CNU2917272,Renewal,958.75,0.1658,158.96,2025-05-15,False
TRAV,120246,2025-04-30,FKD4697023,Renewal,4795.14,0.2,959.03,2025-05-15,False
GEIC,120115,2025-04-30,FFZ1055937,New,701.82,0.1345,94.39,2025-05-15,False
PRGS,120272,2025-04-30,JHS3912176,Renewal,1983.61,0.0944,187.25,2025-05-15,False
CHUB,120220,2025-04-30,JYU1205203,Renewal,8878.22,0.1047,929.55,2025-05-15,False
FARM,120164,2025-04-30,NZL2853510,Renewal,910.89,0.1235,112.49,2025-05-15,False
HART,120241,2025-04-30,HCE7584475,Renewal,500.0,0.1159,57.95,2025-05-15,False
TRAV,120271,2025-04-30,MXC0256148,Renewal,1750.72,0.1283,224.62,2025-05-15,False
FARM,120050,2025-04-30,FZS0456004,New,2007.23,0.0851,170.82,2025-05-15,False
AMFA,120268,2025-04-30,KWJ0861157,Renewal,817.62,0.168,137.36,2025-05-15,False
LIBM,120165,2025-04-30,VVH8968981,Renewal,1062.48,0.1613,171.38,2025-05-15,False
GEIC,120281,2025-04-30,TDW0448241,Renewal,12002.9,0.2,2400.58,2025-05-15,False
GEIC,120281,2026-05-31,TDW0448241,Audit,-1269.61,0.2,-253.92,2026-06-15,True
AMFA,120199,2025-04-30,PGZ5824719,New,1667.43,0.1165,194.26,2025-05-15,False
FARM,120192,2025-04-30,FKM3232487,Renewal,1239.24,0.1491,184.77,2025-05-15,False
TRAV,120276,2025-04-30,PXY6945986,New,997.88,0.14,139.7,2025-05-15,False
TRAV,120207,2025-04-30,EEX0640255,Renewal,2434.06,0.1408,342.72,2025-05-15,False
ALLS,120019,2025-04-30,EEZ8159306,Renewal,4135.78,0.1008,416.89,2025-05-15,False
HART,120056,2025-04-30,USC1734693,New,2494.86,0.0913,227.78,2025-05-15,False
AMFA,120014,2025-04-30,VCF3058914,New,1655.56,0.1166,193.04,2025-05-15,False
LIBM,120166,2025-04-30,GCA7031011,Renewal,6883.66,0.143,984.36,2025-05-15,False
FARM,120250,2025-04-30,YEW3238838,Renewal,2744.32,0.0944,259.06,2025-05-15,False
ALLS,120127,2025-04-30,WSS3441936,Renewal,7636.2,0.1288,983.54,2025-05-15,False
NATI,120259,2025-04-30,HBW4357985,Renewal,1792.91,0.1391,249.39,2025-05-15,False
LIBM,120238,2025-04-30,UVA5776913,Renewal,1008.54,0.1535,154.81,2025-05-15,False
FARM,120186,2025-04-30,YFE7321748,Renewal,906.61,0.1389,125.93,2025-05-15,False
TRAV,120161,2025-04-30,RAT7666321,New,1442.35,0.0999,144.09,2025-05-15,False
NATI,120065,2025-04-30,AZL8403094,New,1898.3,0.0933,177.11,2025-05-15,False
LIBM,120155,2025-04-30,SSS7071843,New,2709.54,0.1153,312.41,2025-05-15,False
PRGS,120085,2025-04-30,YCF9252994,New,1138.0,0.0835,95.02,2025-05-15,False
ALLS,120244,2025-04-30,UCE2403566,New,1661.72,0.0975,162.02,2025-05-15,False
FARM,120226,2025-04-30,HWY1433013,Renewal,1039.64,0.151,156.99,2025-05-15,False
CHUB,120123,2025-04-30,CWM0963025,Renewal,2000.0,0.0961,192.2,2025-05-15,False
CHUB,120123,2026-06-30,CWM0963025,Audit,-68.07,0.0961,-6.54,2026-07-15,True
FARM,120174,2025-04-30,LLS9960833,Renewal,3239.49,0.1184,383.56,2025-05-15,False
ALLS,120180,2025-04-30,LJR4326464,New,1037.74,0.1175,121.93,2025-05-15,False
FARM,120038,2025-04-30,WFD3884761,Renewal,2000.0,0.1006,201.2,2025-05-15,False
FARM,120223,2025-04-30,DDX7754694,Renewal,4777.33,0.0899,429.48,2025-05-15,False
ALLS,120247,2025-04-30,AUR9213278,Renewal,1442.9,0.0701,101.15,2025-05-15,False
ALLS,120138,2025-08-31,RUA3991891,Cancel,-0.0,0.1517,-0.0,2025-09-15,False
GEIC,120111,2025-04-30,AZG9976799,Renewal,2608.97,0.1273,332.12,2025-05-15,False
NATI,120074,2025-04-30,EZF2737624,Renewal,2878.53,0.088,253.31,2025-05-15,False
HART,120157,2025-04-30,PBJ4050672,Renewal,673.16,0.1301,87.58,2025-05-15,False
TRAV,120062,2025-04-30,TDD2083663,Renewal,2000.0,0.1143,228.6,2025-05-15,False
CHUB,120206,2025-04-30,KZG4016717,New,2955.01,0.0926,273.63,2025-05-15,False
TRAV,120262,2026-03-31,FBY6853817,Endorsement,-108.8,0.112,-12.19,2026-04-15,True
CHUB,120168,2025-04-30,SAB4762203,Renewal,1960.48,0.1007,197.42,2025-05-15,False
NATI,120084,2025-04-30,VRZ3707922,Renewal,1097.64,0.1513,166.07,2025-05-15,False
PRGS,120133,2025-04-30,XRH5987932,Renewal,4235.44,0.13,550.61,2025-05-15,False
GEIC,120044,2025-04-30,UZP7757810,Renewal,2128.73,0.1263,268.86,2025-05-15,False
AMFA,120263,2025-04-30,UKL9828131,Rewrite,9015.01,0.1533,1382.0,2025-05-15,False
HART,120160,2025-04-30,RYF8346146,New,957.52,0.1157,110.79,2025-05-15,False
NATI,120138,2026-01-31,USG5417713,Endorsement,-66.29,0.0905,-6.0,2026-02-15,True
NATI,120124,2025-04-30,FRX0510781,Renewal,1517.7,0.14,212.48,2025-05-15,False
HART,120020,2025-04-30,YTW2470372,Renewal,892.15,0.1465,130.7,2025-05-15,False
AMFA,120064,2025-04-30,XAG7700391,Renewal,8731.08,0.1356,1183.93,2025-05-15,False
HART,120148,2025-04-30,FNY1818621,New,599.51,0.0893,53.54,2025-05-15,False
ALLS,120050,2025-04-30,THA3458922,New,4000.0,0.1077,430.8,2025-05-15,False
TRAV,120057,2025-04-30,XAV1485317,New,1961.71,0.1222,239.72,2025-05-15,False
TRAV,120221,2025-04-30,GEA4123228,New,1025.08,0.0809,82.93,2025-05-15,False
PRGS,120222,2025-04-30,GAT7412226,Renewal,393.88,0.1246,49.08,2025-05-15,False
NATI,120124,2025-04-30,ETB8803280,New,690.37,0.1204,83.12,2025-05-15,False
ALLS,120134,2025-04-30,GSN6478276,Renewal,2395.53,0.1462,350.23,2025-05-15,False
HART,120099,2025-04-30,VVL4802829,New,1462.1,0.0683,99.86,2025-05-15,False
LIBM,120045,2025-04-30,ZYA1381208,Renewal,1615.83,0.0792,127.97,2025-05-15,False
FARM,120098,2025-04-30,AMK3153485,New,3623.86,0.1139,412.76,2025-05-15,False
PRGS,120273,2025-04-30,MGL9292354,New,1866.4,0.098,182.91,2025-05-15,False
HART,120041,2025-04-30,ZSN7529754,Renewal,1652.04,0.1055,174.29,2025-05-15,False
AMFA,120161,2025-04-30,LHF6149566,Renewal,1419.07,0.1488,211.16,2025-05-15,False
FARM,120225,2025-06-30,HRG5751433,Endorsement,51.99,0.1194,6.21,2025-07-15,False
GEIC,120067,2025-04-30,LSC3207488,New,1190.84,0.0907,108.01,2025-05-15,False
NATI,120176,2025-04-30,PJF1583932,Renewal,1484.65,0.1481,219.88,2025-05-15,False
TRAV,120100,2025-04-30,RXV0810115,New,4000.0,0.121,484.0,2025-05-15,False
HART,120205,2025-09-30,WYX0050044,Endorsement,-32.66,0.1574,-5.14,2025-10-15,True
GEIC,120168,2025-04-30,XHD8596292,Renewal,1104.76,0.0984,108.71,2025-05-15,False
TRAV,120060,2025-04-30,NMV4437551,Renewal,1700.36,0.088,149.63,2025-05-15,False
PRGS,120112,2025-04-30,DGX0779695,Renewal,5973.96,0.1453,868.02,2025-05-15,False
PRGS,120112,2026-06-30,DGX0779695,Audit,609.66,0.1453,88.58,2026-07-15,False
NATI,120147,2025-04-30,KWG2542407,Renewal,6556.81,0.1104,723.87,2025-05-15,False
PRGS,120032,2025-04-30,WCJ9665809,Renewal,840.4,0.1414,118.83,2025-05-15,False
HART,120019,2025-04-30,UXN4940732,Renewal,8012.64,0.1636,1310.87,2025-05-15,False
ALLS,120008,2025-04-30,PDS5044793,Renewal,2463.03,0.0984,242.36,2025-05-15,False
PRGS,120266,2025-06-30,DAP0841631,Endorsement,-21.94,0.1169,-2.56,2025-07-15,True
LIBM,120064,2025-11-30,HBT3278409,Endorsement,-71.23,0.1013,-7.22,2025-12-15,True
GEIC,120140,2025-04-30,SKW1782416,New,1322.75,0.1267,167.59,2025-05-15,False
NATI,120039,2025-04-30,ATF7668361,Renewal,6171.82,0.0795,490.66,2025-05-15,False
HART,120079,2026-01-31,FWJ6066537,Endorsement,54.79,0.1472,8.07,2026-02-15,False
PRGS,120161,2025-04-30,SRS8109934,Renewal,2440.81,0.1562,381.25,2025-05-15,False
CHUB,120010,2025-04-30,LPZ1518103,New,1444.7,0.1119,161.66,2025-05-15,False
NATI,120206,2025-04-30,UCE9191051,Renewal,937.19,0.1436,134.58,2025-05-15,False
FARM,120299,2025-04-30,MJZ9824703,Renewal,3528.24,0.1274,449.5,2025-05-15,False
NATI,120116,2025-04-30,XRL2198773,Renewal,3034.43,0.1073,325.59,2025-05-15,False
CHUB,120182,2025-04-30,MXD2912798,Renewal,25000.0,0.0869,2172.5,2025-05-15,False
PRGS,120239,2025-04-30,FJM3907261,Renewal,1965.38,0.1408,276.73,2025-05-15,False
CHUB,120012,2025-04-30,GRK1228767,Renewal,3615.89,0.1115,403.17,2025-05-15,False
TRAV,120072,2025-04-30,FNN0919209,Renewal,10491.32,0.0774,812.03,2025-05-15,False
ALLS,120011,2025-04-30,NNC4363797,New,1689.8,0.1182,199.73,2025-05-15,False
TRAV,120253,2025-04-30,DLJ7803118,Renewal,1261.81,0.1048,132.24,2025-05-15,False
HART,120206,2025-04-30,XHE6026254,New,1914.69,0.0958,183.43,2025-05-15,False
ALLS,120152,2025-04-30,TRV3129962,Renewal,1624.36,0.147,238.78,2025-05-15,False
CHUB,120170,2025-04-30,KEA2052810,Renewal,1040.4,0.133,138.37,2025-05-15,False
TRAV,120298,2025-04-30,PKE8498332,Renewal,2939.74,0.126,370.41,2025-05-15,False
HART,120106,2025-04-30,JJX2615976,Renewal,4053.22,0.1126,456.39,2025-05-15,False
NATI,120004,2025-04-30,VFU4506625,New,1321.49,0.0921,121.71,2025-05-15,False
TRAV,120053,2025-04-30,RAK1219254,Renewal,1078.48,0.1337,144.19,2025-05-15,False
PRGS,120172,2025-04-30,VJX4063694,Renewal,333.53,0.1173,39.12,2025-05-15,False
LIBM,120194,2025-04-30,JXS3891647,Renewal,9090.09,0.1122,1019.91,2025-05-15,False
GEIC,120074,2025-04-30,TYY3497952,Renewal,7458.1,0.108,805.47,2025-05-15,False
FARM,120152,2025-04-30,FAM8634220,New,1495.28,0.0606,90.61,2025-05-15,False
HART,120266,2025-04-30,CRS0292382,Renewal,3161.46,0.172,543.77,2025-05-15,False
TRAV,120222,2025-04-30,RWX3783717,Renewal,6833.03,0.1536,1049.55,2025-05-15,False
GEIC,120089,2025-04-30,CKU1694694,New,1034.87,0.1236,127.91,2025-05-15,False
TRAV,120213,2025-04-30,BHW2688853,Renewal,1230.71,0.1124,138.33,2025-05-15,False
TRAV,120153,2025-04-30,ZLX1106366,Renewal,2406.26,0.0843,202.85,2025-05-15,False
ALLS,120141,2025-04-30,NPX9247536,Rewrite,5990.63,0.1617,968.68,2025-05-15,False
LIBM,120234,2025-04-30,NLB7120809,New,1061.92,0.098,104.07,2025-05-15,False
ALLS,120295,2025-04-30,YRV6974859,New,2932.8,0.0742,217.61,2025-05-15,False
GEIC,120212,2025-04-30,GZS6817177,Renewal,2000.0,0.1196,239.2,2025-05-15,False
LIBM,120070,2025-04-30,UAD9252968,New,2225.06,0.1151,256.1,2025-05-15,False
GEIC,120045,2025-04-30,SET5041311,New,1521.79,0.087,132.4,2025-05-15,False
AMFA,120124,2025-04-30,DRB2626151,Renewal,3180.03,0.1067,339.31,2025-05-15,False
AMFA,120178,2025-04-30,WWA4374117,New,561.65,0.1081,60.71,2025-05-15,False
HART,120120,2025-04-30,NMG3424313,New,1311.14,0.1294,169.66,2025-05-15,False
NATI,120193,2025-04-30,UGW9055420,Renewal,1310.3,0.1255,164.44,2025-05-15,False
AMFA,120131,2025-04-30,CRG9756460,Renewal,1451.49,0.0804,116.7,2025-05-15,False
LIBM,120017,2025-07-31,XNG0865241,Endorsement,12.49,0.1153,1.44,2025-08-15,False
LIBM,120194,2025-04-30,BJU0422808,Renewal,9530.98,0.1097,1045.55,2025-05-15,False
PRGS,120270,2025-04-30,VZX5964423,Renewal,3587.85,0.0781,280.21,2025-05-15,False
GEIC,120114,2025-04-30,SPH9498954,Renewal,987.72,0.0979,96.7,2025-05-15,False
GEIC,120025,2025-04-30,NHP0615304,Renewal,1500.0,0.1737,260.55,2025-05-15,False
PRGS,120292,2025-04-30,XAB3195191,New,983.26,0.1043,102.55,2025-05-15,False
TRAV,120057,2025-04-30,HXP6022178,Renewal,8442.44,0.1524,1286.63,2025-05-15,False
TRAV,120005,2025-04-30,DTK4512217,Renewal,2506.03,0.1109,277.92,2025-05-15,False
TRAV,120073,2025-04-30,JVY4302560,Renewal,1191.74,0.1349,160.77,2025-05-15,False
TRAV,120063,2025-04-30,BJN5826954,Renewal,2143.69,0.131,280.82,2025-05-15,False
PRGS,120178,2026-02-28,GRX1893120,Cancel,-0.0,0.1887,-0.0,2026-03-15,False
NATI,120210,2025-04-30,JMC1701473,Renewal,2000.0,0.0904,180.8,2025-05-15,False
HART,120257,2025-04-30,RRZ3442214,New,1043.27,0.1082,112.88,2025-05-15,False
ALLS,120005,2025-04-30,HYA5282421,Renewal,7000.0,0.1456,1019.2,2025-05-15,False
ALLS,120164,2025-04-30,HEL1476713,Renewal,2785.6,0.1399,389.71,2025-05-15,False
GEIC,120240,2025-04-30,SPX3653906,Renewal,2861.43,0.1385,396.31,2025-05-15,False
ALLS,120084,2025-11-30,VNX2244271,Endorsement,19.0,0.108,2.05,2025-12-15,False
NATI,120238,2025-04-30,YLW8015700,New,2259.17,0.1073,242.41,2025-05-15,False
GEIC,120271,2025-04-30,WPR0678169,New,2469.99,0.091,224.77,2025-05-15,False
LIBM,120298,2025-04-30,BWK9004086,Renewal,727.29,0.0975,70.91,2025-05-15,False
LIBM,120105,2025-04-30,XTN9527131,Renewal,1804.91,0.1163,209.91,2025-05-15,False
LIBM,120248,2025-04-30,NEN6288047,Renewal,2629.63,0.1111,292.15,2025-05-15,False
GEIC,120256,2025-04-30,VSR1761626,Renewal,10352.09,0.0764,790.9,2025-05-15,False
ALLS,120189,2025-04-30,RHJ2113481,Renewal,551.97,0.1365,75.34,2025-05-15,False
LIBM,120180,2025-04-30,XWK0449630,Renewal,2000.0,0.0755,151.0,2025-05-15,False
AMFA,120219,2025-04-30,UUF9806746,New,1504.36,0.0931,140.06,2025-05-15,False
TRAV,120000,2025-04-30,JNS8232135,Renewal,4577.53,0.1038,475.15,2025-05-15,False
HART,120092,2025-04-30,CPN0796441,New,1698.13,0.0907,154.02,2025-05-15,False
HART,120101,2025-04-30,GST4571174,Renewal,7714.43,0.1172,904.13,2025-05-15,False
PRGS,120113,2025-04-30,EFD2543276,Renewal,3922.6,0.127,498.17,2025-05-15,False
HART,120006,2025-04-30,WWM9642252,Renewal,14169.61,0.0961,1361.7,2025-05-15,False
PRGS,120275,2025-04-30,RJF6505124,New,1216.95,0.1349,164.17,2025-05-15,False
AMFA,120014,2025-04-30,KNK6519070,Renewal,7541.6,0.142,1070.91,2025-05-15,False
GEIC,120093,2025-04-30,KXW7679786,New,3047.05,0.1178,358.94,2025-05-15,False
GEIC,120183,2025-04-30,PDY5978517,Renewal,14797.63,0.1655,2449.01,2025-05-15,False
FARM,120135,2025-04-30,TKK2771098,New,562.79,0.0995,56.0,2025-05-15,False
GEIC,120120,2025-04-30,EKM2564777,Renewal,553.44,0.1415,78.31,2025-05-15,False
AMFA,120016,2025-06-30,BHA7489067,Endorsement,-34.65,0.1517,-5.26,2025-07-15,True
PRGS,120252,2025-04-30,MWL6073712,New,1025.22,0.1179,120.87,2025-05-15,False
HART,120246,2025-04-30,FXX2470216,New,1893.78,0.0897,169.87,2025-05-15,False
CHUB,120280,2025-07-31,ZUX8680278,Endorsement,37.74,0.1289,4.86,2025-08-15,False
LIBM,120104,2025-04-30,FPE4207052,New,1857.48,0.0886,164.57,2025-05-15,False
CHUB,120033,2025-04-30,AHT0608522,Renewal,2177.53,0.1233,268.49,2025-05-15,False
HART,120276,2025-04-30,AVF8046574,Renewal,2039.38,0.135,275.32,2025-05-15,False
TRAV,120286,2025-04-30,AYK4735967,Renewal,3785.37,0.1731,655.25,2025-05-15,False
GEIC,120037,2025-04-30,LGS3506154,Renewal,3587.24,0.1381,495.4,2025-05-15,False
TRAV,120081,2025-04-30,DMS9700827,Renewal,3900.93,0.0804,313.63,2025-05-15,False
TRAV,120200,2025-04-30,VPB1866080,Renewal,2151.58,0.1084,233.23,2025-05-15,False
TRAV,120004,2025-04-30,ZCC1259410,Renewal,2146.59,0.1068,229.26,2025-05-15,False
CHUB,120240,2025-04-30,NXS5022987,Renewal,16634.15,0.0851,1415.57,2025-05-15,False
HART,120288,2025-04-30,ZNJ4962347,Endorsement,33.59,0.127,4.27,2025-05-15,False
NATI,120148,2025-04-30,NWP5090782,Renewal,10360.09,0.1095,1134.43,2025-05-15,False
AMFA,120025,2025-04-30,FYJ9073950,Renewal,7780.74,0.1274,991.27,2025-05-15,False
AMFA,120025,2026-06-30,FYJ9073950,Audit,-662.94,0.1274,-84.46,2026-07-15,True
CHUB,120193,2025-04-30,BFN4479871,Renewal,1645.2,0.0992,163.2,2025-05-15,False
ALLS,120187,2025-04-30,MJU6567841,Renewal,6063.97,0.1849,1121.23,2025-05-15,False
TRAV,120177,2025-04-30,JTG3849253,New,1493.78,0.0977,145.94,2025-05-15,False
LIBM,120151,2025-04-30,VXS3172460,Renewal,3376.24,0.1305,440.6,2025-05-15,False
TRAV,120276,2025-04-30,ECY7212229,New,1766.59,0.1309,231.25,2025-05-15,False
ALLS,120216,2025-04-30,LMH2282520,Renewal,2530.51,0.1551,392.48,2025-05-15,False
TRAV,120158,2025-04-30,VVB7357190,Renewal,1039.48,0.1449,150.62,2025-05-15,False
GEIC,120139,2025-11-30,EAT3047738,Endorsement,54.63,0.1034,5.65,2025-12-15,False
AMFA,120090,2025-04-30,KHH8204137,New,901.51,0.1179,106.29,2025-05-15,False
TRAV,120286,2025-04-30,DWN3455411,Renewal,11365.55,0.0922,1047.9,2025-05-15,False
NATI,120223,2025-04-30,FDX8201807,New,1350.17,0.1089,147.03,2025-05-15,False
PRGS,120149,2025-04-30,SZZ3681747,New,1727.85,0.0671,115.94,2025-05-15,False
GEIC,120020,2025-04-30,GVC7894082,Renewal,7260.55,0.1627,1181.29,2025-05-15,False
TRAV,120061,2025-05-31,NYT3869557,Endorsement,11.47,0.1051,1.21,2025-06-15,False
TRAV,120260,2025-04-30,GZA9943326,Renewal,1736.19,0.06,104.17,2025-05-15,False
FARM,120119,2025-04-30,SHL6263821,Renewal,8814.41,0.069,608.19,2025-05-15,False
GEIC,120061,2026-03-31,UFC9444709,Endorsement,-3.55,0.1155,-0.41,2026-04-15,True
FARM,120152,2025-04-30,TFA8716330,New,1195.86,0.0914,109.3,2025-05-15,False
ALLS,120168,2025-04-30,AAT1803598,New,1034.15,0.0665,68.77,2025-05-15,False
LIBM,120237,2025-08-31,UEC5643408,Endorsement,47.54,0.1268,6.03,2025-09-15,False
TRAV,120290,2025-04-30,UZU5470273,New,1793.81,0.06,107.63,2025-05-15,False
CHUB,120055,2025-04-30,YBU7101013,Renewal,537.73,0.1142,61.41,2025-05-15,False
TRAV,120125,2025-04-30,TDJ6675290,Renewal,6685.81,0.1417,947.38,2025-05-15,False
TRAV,120125,2026-06-30,TDJ6675290,Audit,661.32,0.1417,93.71,2026-07-15,False
FARM,120051,2025-04-30,RME0960917,New,1160.25,0.1136,131.8,2025-05-15,False
HART,120046,2025-04-30,ELY1905229,Renewal,2553.07,0.1058,270.11,2025-05-15,False
NATI,120297,2025-04-30,FUS2132125,Renewal,2162.24,0.1241,268.33,2025-05-15,False
NATI,120297,2026-06-30,FUS2132125,Audit,265.05,0.1241,32.89,2026-07-15,False
TRAV,120070,2025-04-30,SWW9720970,Renewal,2466.62,0.0653,161.07,2025-05-15,False
ALLS,120029,2025-04-30,NMU1612218,Renewal,6637.87,0.0857,568.87,2025-05-15,False
TRAV,120034,2025-04-30,GXP1959256,Renewal,3725.93,0.1988,740.71,2025-05-15,False
PRGS,120079,2025-04-30,TTA3291570,Renewal,1624.24,0.1077,174.93,2025-05-15,False
NATI,120038,2025-04-30,EJK8029913,New,2952.44,0.0896,264.54,2025-05-15,False
TRAV,120271,2025-04-30,EFX2703517,Renewal,9875.35,0.0708,699.17,2025-05-15,False
GEIC,120287,2025-04-30,LLY8211541,New,821.24,0.1229,100.93,2025-05-15,False
CHUB,120268,2025-04-30,WFP6496634,Renewal,5061.5,0.1299,657.49,2025-05-15,False
FARM,120164,2025-04-30,TGL3391895,Renewal,1987.27,0.0964,191.57,2025-05-15,False
PRGS,120234,2025-04-30,NUU4252791,Renewal,3162.66,0.1471,465.23,2025-05-15,False
HART,120101,2025-04-30,WJM0885949,Renewal,3417.09,0.1228,419.62,2025-05-15,False
ALLS,120115,2025-09-30,PZF2344591,Reinstate,0.0,0.1345,0.0,2025-10-15,False
LIBM,120095,2025-04-30,PYL5252389,New,1348.17,0.1143,154.1,2025-05-15,False
NATI,120286,2025-04-30,BZG7486604,Renewal,7099.68,0.0989,702.16,2025-05-15,False
FARM,120175,2025-04-30,NEP7065731,Renewal,1842.55,0.135,248.74,2025-05-15,False
PRGS,120274,2025-04-30,CPD8499303,Renewal,671.42,0.1184,79.5,2025-05-15,False
PRGS,120286,2025-04-30,EEZ0704647,Renewal,768.84,0.163,125.32,2025-05-15,False
PRGS,120124,2025-10-31,YRA8384841,Endorsement,22.27,0.1215,2.71,2025-11-15,False
PRGS,120119,2025-04-30,DHS2641000,New,1652.94,0.14,231.41,2025-05-15,False
ALLS,120082,2025-04-30,XWX7055495,Renewal,5367.2,0.0765,410.59,2025-05-15,False
ALLS,120094,2025-04-30,FAN2112979,New,834.02,0.1091,90.99,2025-05-15,False
TRAV,120286,2025-04-30,RFD7627251,Renewal,4740.05,0.16,758.41,2025-05-15,False
NATI,120236,2025-04-30,FVF9110824,Renewal,1944.61,0.1195,232.38,2025-05-15,False
GEIC,120068,2025-04-30,JJZ6311752,New,3114.16,0.084,261.59,2025-05-15,False
ALLS,120161,2025-04-30,DJJ5591027,New,1208.72,0.0882,106.61,2025-05-15,False
FARM,120267,2025-04-30,DXE9512652,New,2283.23,0.1304,297.73,2025-05-15,False
PRGS,120269,2025-04-30,JCN0306495,Renewal,590.64,0.1281,75.66,2025-05-15,False
ALLS,120066,2025-04-30,KYM3542265,Renewal,1732.47,0.1192,206.51,2025-05-15,False
NATI,120128,2025-04-30,SFD4227844,Renewal,925.37,0.1308,121.04,2025-05-15,False
HART,120169,2026-01-31,VRM2307426,Endorsement,29.87,0.1304,3.9,2026-02-15,False
GEIC,120212,2025-04-30,MRV4214938,New,2693.35,0.105,282.8,2025-05-15,False
TRAV,120099,2025-04-30,SFB2136850,New,1766.48,0.1153,203.68,2025-05-15,False
HART,120283,2025-04-30,ZUB4711475,Renewal,2917.61,0.1441,420.43,2025-05-15,False
FARM,120190,2025-04-30,BWM9631111,Renewal,1500.0,0.1548,232.2,2025-05-15,False
GEIC,120229,2025-04-30,NWW2642412,Renewal,1030.26,0.1344,138.47,2025-05-15,False
AMFA,120071,2025-04-30,FUP2257482,New,981.33,0.0657,64.47,2025-05-15,False
PRGS,120072,2025-04-30,JVX9287172,New,1118.3,0.14,156.56,2025-05-15,False
TRAV,120065,2026-02-28,KJF3340609,Endorsement,-8.02,0.1154,-0.93,2026-03-15,True
CHUB,120118,2025-04-30,TRG2723377,Renewal,856.95,0.1445,123.83,2025-05-15,False
HART,120088,2025-04-30,KSX2603147,Renewal,337.03,0.0891,30.03,2025-05-15,False
LIBM,120137,2025-04-30,VDS6206680,Renewal,1666.17,0.18,299.91,2025-05-15,False
NATI,120144,2025-10-31,KGG7841228,Endorsement,-45.23,0.1312,-5.93,2025-11-15,True
HART,120096,2025-04-30,DDP7084715,Renewal,1860.04,0.1189,221.16,2025-05-15,False
FARM,120026,2025-04-30,WCB4113847,Renewal,2506.41,0.069,172.94,2025-05-15,False
GEIC,120103,2025-04-30,CRD3704024,Renewal,1739.59,0.1191,207.19,2025-05-15,False
CHUB,120013,2025-04-30,PLD0424784,Renewal,4000.0,0.087,348.0,2025-05-15,False
PRGS,120072,2025-04-30,ZFF1021095,New,1329.77,0.0771,102.53,2025-05-15,False
FARM,120025,2025-07-31,STF9124765,Cancel,-0.0,0.0817,-0.0,2025-08-15,False
TRAV,120155,2025-04-30,NPF3020831,New,1893.41,0.06,113.6,2025-05-15,False
HART,120005,2025-04-30,XMJ5176271,Renewal,1391.73,0.1387,193.03,2025-05-15,False
TRAV,120043,2025-04-30,HXS2833626,New,1942.74,0.1293,251.2,2025-05-15,False
TRAV,120226,2025-04-30,MZK9651411,Renewal,20839.1,0.1097,2286.05,2025-05-15,False
HART,120284,2025-04-30,CPA1980498,Renewal,1500.0,0.1589,238.35,2025-05-15,False
AMFA,120149,2025-05-31,UUP2703461,Cancel,-0.0,0.11,-0.0,2025-06-15,False
PRGS,120105,2025-04-30,PTF3877297,New,872.21,0.1194,104.14,2025-05-15,False
NATI,120020,2025-04-30,HFV9236260,Renewal,5452.92,0.1294,705.61,2025-05-15,False
CHUB,120284,2025-04-30,FXH3133873,New,1538.94,0.0894,137.58,2025-05-15,False
CHUB,120264,2025-04-30,ZCY2697167,New,851.0,0.0812,69.1,2025-05-15,False
TRAV,120066,2025-04-30,HZX2316243,Renewal,1633.08,0.0741,121.01,2025-05-15,False
TRAV,120042,2025-04-30,LSW0507679,Renewal,1680.46,0.1301,218.63,2025-05-15,False
PRGS,120040,2025-04-30,TYP9413744,New,2687.88,0.1236,332.22,2025-05-15,False
ALLS,120263,2025-12-31,FCF4641688,Endorsement,-11.5,0.1151,-1.32,2026-01-15,True
ALLS,120043,2025-04-30,FSK0628000,Renewal,2068.7,0.0739,152.88,2025-05-15,False
TRAV,120265,2025-04-30,NRW2570808,Renewal,2118.34,0.1569,332.37,2025-05-15,False
AMFA,120148,2025-04-30,KZA0348126,New,1281.13,0.1137,145.66,2025-05-15,False
GEIC,120083,2025-04-30,ADS3419323,New,1072.04,0.1067,114.39,2025-05-15,False
AMFA,120284,2025-04-30,VVJ0454840,New,2223.33,0.0947,210.55,2025-05-15,False
TRAV,120083,2025-04-30,MXV4559930,Renewal,4641.19,0.1204,558.8,2025-05-15,False
NATI,120126,2025-04-30,DGZ0063623,New,1034.73,0.1143,118.27,2025-05-15,False
CHUB,120118,2025-04-30,ELL2778389,Renewal,2359.84,0.1625,383.47,2025-05-15,False
HART,120136,2025-04-30,TGA6682267,Renewal,1202.57,0.1437,172.81,2025-05-15,False
ALLS,120299,2025-04-30,BZC9271010,Renewal,1163.94,0.118,137.34,2025-05-15,False
LIBM,120072,2025-04-30,UZN7651873,Renewal,1995.85,0.1585,316.34,2025-05-15,False
ALLS,120000,2025-04-30,ZVT9756452,Renewal,3188.15,0.1622,517.12,2025-05-15,False
CHUB,120081,2025-04-30,SHE9754877,Renewal,3695.26,0.1447,534.7,2025-05-15,False
CHUB,120180,2025-04-30,VAK0918683,New,1516.77,0.0751,113.91,2025-05-15,False
CHUB,120216,2025-04-30,KUU7409739,Renewal,3723.29,0.1191,443.44,2025-05-15,False
HART,120277,2025-08-31,CYG2156633,Cancel,-0.0,0.1542,-0.0,2025-09-15,False
PRGS,120054,2025-04-30,DRG6284636,Renewal,1987.39,0.1367,271.68,2025-05-15,False
LIBM,120167,2025-05-31,NFD2281743,Cancel,-0.0,0.1747,-0.0,2025-06-15,False
LIBM,120143,2025-04-30,YKF5253821,New,1958.64,0.06,117.52,2025-05-15,False
LIBM,120032,2025-09-30,DGP7891561,Endorsement,-36.05,0.145,-5.23,2025-10-15,True
CHUB,120172,2025-04-30,MAC7766856,New,1257.89,0.0732,92.08,2025-05-15,False
HART,120258,2025-04-30,TPZ7719373,New,1833.19,0.0754,138.22,2025-05-15,False
FARM,120105,2025-04-30,YCM4413551,Renewal,1500.0,0.1136,170.4,2025-05-15,False
ALLS,120175,2025-04-30,HVG2601355,Renewal,5384.05,0.1576,848.53,2025-05-15,False
ALLS,120175,2026-06-30,HVG2601355,Audit,381.32,0.1576,60.1,2026-07-15,False
FARM,120144,2025-04-30,XUW8899890,Renewal,2552.62,0.0774,197.57,2025-05-15,False
AMFA,120067,2025-04-30,WFC1873369,Renewal,5049.34,0.1265,638.74,2025-05-15,False
HART,120137,2025-04-30,XWU0132008,Renewal,566.67,0.1184,67.09,2025-05-15,False
GEIC,120232,2025-04-30,FAP1200351,Renewal,754.73,0.1205,90.94,2025-05-15,False
TRAV,120107,2025-04-30,BFC6464712,Renewal,1167.65,0.1342,156.7,2025-05-15,False
HART,120255,2025-04-30,XUJ4198855,New,1411.51,0.1137,160.49,2025-05-15,False
ALLS,120133,2025-04-30,KNH5790540,Renewal,1112.88,0.1284,142.89,2025-05-15,False
CHUB,120136,2025-04-30,SET7891573,New,518.1,0.1064,55.13,2025-05-15,False
PRGS,120019,2025-04-30,GJV4676498,Renewal,1809.72,0.1148,207.76,2025-05-15,False
NATI,120037,2025-04-30,NCR9486643,Renewal,25000.0,0.0641,1602.5,2025-05-15,False
NATI,120204,2025-04-30,LEW9878748,Renewal,2000.0,0.1127,225.4,2025-05-15,False
NATI,120204,2026-05-31,LEW9878748,Audit,71.36,0.1127,8.04,2026-06-15,False
GEIC,120267,2025-04-30,LNA4300702,Renewal,2452.3,0.0921,225.86,2025-05-15,False
HART,120085,2025-04-30,XLC5463991,Renewal,978.49,0.1132,110.77,2025-05-15,False
TRAV,120172,2025-04-30,CBH6563768,Renewal,2178.49,0.1374,299.32,2025-05-15,False
CHUB,120059,2025-04-30,TVV7169679,Renewal,6488.81,0.1014,657.97,2025-05-15,False
CHUB,120263,2026-02-28,YNL7248006,Endorsement,-10.35,0.08,-0.83,2026-03-15,True
TRAV,120040,2025-04-30,ECL1693418,Renewal,500.0,0.1536,76.8,2025-05-15,False
PRGS,120208,2025-04-30,UJL1578337,Renewal,572.44,0.1479,84.66,2025-05-15,False
HART,120013,2025-04-30,EFG7711360,New,3120.87,0.0991,309.28,2025-05-15,False
TRAV,120018,2025-04-30,AMZ0133932,Renewal,608.13,0.1638,99.61,2025-05-15,False
TRAV,120296,2025-04-30,REA5880691,Renewal,1263.45,0.129,162.99,2025-05-15,False
ALLS,120029,2025-04-30,PSK5892933,Renewal,983.9,0.1065,104.79,2025-05-15,False
CHUB,120141,2025-04-30,SVD2561045,New,1840.24,0.0915,168.38,2025-05-15,False
TRAV,120161,2025-04-30,AZL5173657,Renewal,2503.26,0.154,385.5,2025-05-15,False
AMFA,120298,2026-01-31,PBG2335657,Endorsement,-11.8,0.0944,-1.11,2026-02-15,True
TRAV,120141,2025-04-30,PFJ2472524,Renewal,7275.76,0.1263,918.93,2025-05-15,False
PRGS,120216,2025-04-30,XAW0556341,Renewal,998.0,0.113,112.77,2025-05-15,False
TRAV,120086,2025-06-30,PNC9987746,Endorsement,10.83,0.0892,0.97,2025-07-15,False
NATI,120299,2025-04-30,BNA3110632,New,1516.21,0.0717,108.71,2025-05-15,False
CHUB,120177,2025-04-30,YRG8378301,Renewal,1366.16,0.1135,155.06,2025-05-15,False
FARM,120083,2025-04-30,BUH1910438,Renewal,2131.9,0.1356,289.09,2025-05-15,False
GEIC,120283,2025-04-30,ERL6229029,Renewal,2935.89,0.1567,460.05,2025-05-15,False
CHUB,120019,2025-04-30,EFT6297843,Renewal,12700.85,0.1636,2077.86,2025-05-15,False
GEIC,120241,2025-11-30,PRZ1817811,Endorsement,1.82,0.138,0.25,2025-12-15,False
ALLS,120124,2025-04-30,BHG6172513,New,1358.47,0.0963,130.82,2025-05-15,False
PRGS,120213,2025-04-30,GCK0278545,Renewal,25000.0,0.0899,2247.5,2025-05-15,False
HART,120143,2025-04-30,WZP1589195,Renewal,737.99,0.1384,102.14,2025-05-15,False
TRAV,120092,2025-04-30,ATK4733748,Renewal,1927.29,0.1177,226.84,2025-05-15,False
NATI,120140,2025-04-30,CVD8914936,New,2206.4,0.0874,192.84,2025-05-15,False
GEIC,120000,2025-04-30,CXN8237413,Renewal,7928.51,0.162,1284.42,2025-05-15,False
ALLS,120132,2025-04-30,DZM4749542,Renewal,965.73,0.1447,139.74,2025-05-15,False
PRGS,120271,2025-04-30,LMN9834049,Renewal,1213.34,0.161,195.35,2025-05-15,False
GEIC,120144,2025-04-30,WUT5008516,Renewal,4085.72,0.114,465.77,2025-05-15,False
GEIC,120008,2025-04-30,ZGZ4859897,Renewal,1537.05,0.1471,226.1,2025-05-15,False
HART,120004,2025-04-30,MRB4070487,New,863.65,0.094,81.18,2025-05-15,False
ALLS,120022,2025-04-30,EFR9383300,Renewal,19958.06,0.0966,1927.95,2025-05-15,False
HART,120109,2025-04-30,ZMY7893382,Renewal,5752.65,0.147,845.64,2025-05-15,False
HART,120248,2025-04-30,VYA8042625,Renewal,2821.53,0.1497,422.38,2025-05-15,False
TRAV,120172,2025-04-30,MHB7250095,Renewal,4764.45,0.1273,606.51,2025-05-15,False
LIBM,120212,2025-04-30,YEM2705451,New,1551.41,0.14,217.2,2025-05-15,False
LIBM,120042,2025-04-30,ARH0743053,Renewal,1426.46,0.1599,228.09,2025-05-15,False
HART,120033,2025-04-30,EUA0534428,Renewal,1638.74,0.1469,240.73,2025-05-15,False
ALLS,120149,2025-09-30,TPN9819308,Endorsement,-29.32,0.1214,-3.56,2025-10-15,True
ALLS,120278,2025-04-30,MJJ8570459,New,693.94,0.0899,62.39,2025-05-15,False
TRAV,120245,2025-04-30,NDP0810569,New,2901.11,0.1166,338.27,2025-05-15,False
LIBM,120104,2025-04-30,JSP1213451,New,1712.87,0.0923,158.1,2025-05-15,False
TRAV,120126,2025-04-30,UFV6069242,Renewal,1362.81,0.1044,142.28,2025-05-15,False
NATI,120123,2025-04-30,CLU5439765,Renewal,9613.99,0.0967,929.67,2025-05-15,False
PRGS,120029,2025-04-30,PRL7869694,Renewal,680.28,0.1531,104.15,2025-05-15,False
GEIC,120018,2025-04-30,USF5135829,Renewal,7000.0,0.1263,884.1,2025-05-15,False
LIBM,120162,2025-07-31,TVF0007210,Cancel,-0.0,0.1908,-0.0,2025-08-15,False
ALLS,120157,2025-05-31,AEY3305130,Endorsement,-5.1,0.1025,-0.52,2025-06-15,True
ALLS,120014,2025-04-30,BRG2041622,Renewal,940.23,0.06,56.41,2025-05-15,False
NATI,120100,2025-04-30,YHG3341310,Renewal,677.61,0.1575,106.72,2025-05-15,False
LIBM,120197,2025-04-30,FAA9742223,New,2306.95,0.0966,222.85,2025-05-15,False
ALLS,120080,2026-02-28,YMS6663330,Cancel,-0.0,0.0806,-0.0,2026-03-15,False
CHUB,120177,2025-04-30,HHN1680452,New,896.04,0.098,87.81,2025-05-15,False
TRAV,120169,2025-04-30,HNG9372489,Renewal,607.68,0.1409,85.62,2025-05-15,False
PRGS,120254,2025-04-30,RBU9195313,Renewal,150.0,0.1297,19.46,2025-05-15,False
GEIC,120089,2025-04-30,RMV1445851,Renewal,5423.62,0.1297,703.44,2025-05-15,False
NATI,120169,2025-04-30,FSB2006414,Renewal,3558.69,0.0968,344.48,2025-05-15,False
AMFA,120021,2025-04-30,KVC5933997,Renewal,5614.36,0.1103,619.26,2025-05-15,False
PRGS,120181,2025-04-30,LMS0014178,New,2172.56,0.0862,187.27,2025-05-15,False
AMFA,120042,2025-08-31,FEM4330692,Reinstate,0.0,0.1044,0.0,2025-09-15,False
PRGS,120059,2025-10-31,ELW5869308,Endorsement,65.04,0.1297,8.44,2025-11-15,False
PRGS,120150,2025-04-30,YVK3079186,New,1101.76,0.0746,82.19,2025-05-15,False
NATI,120232,2025-04-30,RPD3264077,Renewal,1053.15,0.1201,126.48,2025-05-15,False
GEIC,120041,2025-04-30,PNW1954948,Renewal,786.67,0.1538,120.99,2025-05-15,False
ALLS,120225,2025-04-30,GGR0075361,New,1061.92,0.0917,97.38,2025-05-15,False
HART,120033,2025-04-30,VHL6863139,New,2165.24,0.099,214.36,2025-05-15,False
TRAV,120103,2025-04-30,BDF0853825,Renewal,2700.56,0.1499,404.81,2025-05-15,False
AMFA,120184,2025-04-30,ENG9494036,New,1344.58,0.0934,125.58,2025-05-15,False
AMFA,120145,2025-04-30,BCV6058876,New,1231.42,0.0936,115.26,2025-05-15,False
PRGS,120139,2025-06-30,VNP7698712,Endorsement,-34.05,0.1039,-3.54,2025-07-15,True
CHUB,120050,2025-04-30,HDA4921625,Renewal,3142.95,0.1166,366.47,2025-05-15,False
ALLS,120014,2025-04-30,SLJ1400444,New,2043.51,0.0904,184.73,2025-05-15,False
FARM,120218,2025-04-30,UEB9071605,New,2209.76,0.1194,263.85,2025-05-15,False
NATI,120095,2025-04-30,ATV9087920,Renewal,1142.44,0.1406,160.63,2025-05-15,False
TRAV,120156,2025-04-30,MUD8049917,Renewal,945.33,0.1135,107.29,2025-05-15,False
FARM,120254,2025-04-30,MGB3159576,Renewal,2067.14,0.1149,237.51,2025-05-15,False
CHUB,120280,2025-04-30,FGJ9000935,Renewal,7282.83,0.0829,603.75,2025-05-15,False
PRGS,120155,2025-04-30,UED0287711,New,2583.77,0.1341,346.48,2025-05-15,False
ALLS,120231,2025-04-30,UVA1186500,Rewrite,4340.06,0.1818,789.02,2025-05-15,False
NATI,120179,2025-09-30,RGB7178210,Endorsement,-38.68,0.1095,-4.24,2025-10-15,True
NATI,120241,2025-04-30,BEP0798590,Renewal,3918.98,0.1068,418.55,2025-05-15,False
GEIC,120093,2025-04-30,BDC2224309,Rewrite,6071.67,0.1394,846.39,2025-05-15,False
GEIC,120025,2025-04-30,WEC8053205,Renewal,801.02,0.1541,123.44,2025-05-15,False
LIBM,120270,2025-04-30,BCB6165334,New,1174.47,0.12,140.94,2025-05-15,False
AMFA,120129,2025-04-30,LLP9122717,New,1856.56,0.06,111.39,2025-05-15,False
PRGS,120226,2025-04-30,LSZ6868847,Renewal,1278.8,0.1172,149.88,2025-05-15,False
GEIC,120228,2025-04-30,TTT4152967,Renewal,8990.53,0.1179,1059.98,2025-05-15,False
GEIC,120228,2026-06-30,TTT4152967,Audit,919.71,0.1179,108.43,2026-07-15,False
GEIC,120205,2025-04-30,FHU2554813,Renewal,500.0,0.1534,76.7,2025-05-15,False
PRGS,120090,2025-04-30,YGY5134175,Renewal,3159.75,0.1019,321.98,2025-05-15,False
GEIC,120120,2025-04-30,JWE8902699,Renewal,1373.75,0.0959,131.74,2025-05-15,False
GEIC,120202,2025-04-30,HVK7419484,Renewal,2000.0,0.1153,230.6,2025-05-15,False
FARM,120100,2025-04-30,NXD3655853,Renewal,2000.0,0.0942,188.4,2025-05-15,False
GEIC,120261,2025-04-30,CYS1385917,New,868.89,0.1114,96.79,2025-05-15,False
TRAV,120240,2025-04-30,ZYN8228368,Renewal,2129.81,0.0986,210.0,2025-05-15,False
HART,120035,2025-04-30,ZZW2735934,Renewal,1811.31,0.1736,314.44,2025-05-15,False
ALLS,120267,2025-04-30,LLB5536217,Renewal,792.02,0.1108,87.76,2025-05-15,False
TRAV,120013,2025-04-30,RET3695004,Renewal,1875.09,0.1191,223.32,2025-05-15,False
LIBM,120083,2025-04-30,PJD0009971,Renewal,772.89,0.0995,76.9,2025-05-15,False
PRGS,120112,2026-03-31,RJN2072516,Reinstate,0.0,0.1279,0.0,2026-04-15,False
CHUB,120060,2025-04-30,FGW7781696,Renewal,888.47,0.086,76.41,2025-05-15,False
PRGS,120035,2025-04-30,NHC9304751,Renewal,4638.52,0.1878,871.11,2025-05-15,False
TRAV,120082,2025-04-30,JLH6095528,Renewal,6459.27,0.129,833.25,2025-05-15,False
PRGS,120195,2025-04-30,LCJ4832880,New,1060.03,0.1071,113.53,2025-05-15,False
NATI,120122,2025-12-31,RLX9645762,Cancel,-0.0,0.1167,-0.0,2026-01-15,False
TRAV,120182,2025-04-30,YVM5562753,Renewal,1064.95,0.1008,107.35,2025-05-15,False
PRGS,120009,2025-04-30,TZC3728073,Renewal,500.0,0.1394,69.7,2025-05-15,False
CHUB,120131,2025-04-30,VSA2942831,Endorsement,-10.56,0.1317,-1.39,2025-05-15,True
PRGS,120294,2025-04-30,XNC8717841,Renewal,1905.12,0.1343,255.86,2025-05-15,False
ALLS,120191,2025-04-30,JCL7379523,Renewal,2000.0,0.075,150.0,2025-05-15,False
ALLS,120191,2026-05-31,JCL7379523,Audit,-273.09,0.075,-20.48,2026-06-15,True
HART,120200,2025-04-30,XKE4129688,New,1254.8,0.1155,144.93,2025-05-15,False
ALLS,120045,2025-04-30,SWZ6194205,New,1301.33,0.1027,133.65,2025-05-15,False
NATI,120228,2025-04-30,SYB1145263,Renewal,5174.4,0.1249,646.28,2025-05-15,False
HART,120037,2025-04-30,CXD4384431,New,1135.71,0.123,139.69,2025-05-15,False
GEIC,120140,2025-04-30,YSS6424464,Renewal,1500.0,0.1176,176.4,2025-05-15,False
ALLS,120196,2025-04-30,DPS0490886,Renewal,2823.2,0.1141,322.13,2025-05-15,False
HART,120165,2025-04-30,WYB4727136,New,3230.97,0.0657,212.27,2025-05-15,False
ALLS,120002,2025-07-31,SHJ7023180,Endorsement,-5.44,0.1319,-0.72,2025-08-15,True
HART,120014,2025-04-30,HBX4642880,Renewal,1728.34,0.1346,232.63,2025-05-15,False
LIBM,120225,2025-04-30,NFZ0574593,Renewal,3796.93,0.1434,544.48,2025-05-15,False
HART,120155,2025-04-30,SZM0232739,Renewal,1460.62,0.1394,203.61,2025-05-15,False
ALLS,120068,2025-04-30,ZKR3876356,New,1737.47,0.1111,193.03,2025-05-15,False
GEIC,120042,2025-05-31,WCK4841222,Endorsement,-40.77,0.1353,-5.52,2025-06-15,True
LIBM,120141,2025-04-30,ESR6743566,Renewal,1711.51,0.1131,193.57,2025-05-15,False
AMFA,120111,2025-04-30,BNA2700744,Renewal,1632.13,0.1336,218.05,2025-05-15,False
FARM,120060,2025-04-30,RXP2307259,Renewal,2318.9,0.1158,268.53,2025-05-15,False
TRAV,120031,2025-04-30,GGU7591177,Renewal,2457.17,0.0767,188.46,2025-05-15,False
GEIC,120150,2025-04-30,URC2764531,Renewal,8961.05,0.1212,1086.08,2025-05-15,False
ALLS,120164,2025-04-30,EPD8094865,Renewal,527.63,0.102,53.82,2025-05-15,False
PRGS,120026,2025-04-30,VHF5127096,New,1299.74,0.0922,119.84,2025-05-15,False
HART,120271,2026-02-28,UFB1474674,Reinstate,0.0,0.1418,0.0,2026-03-15,False
ALLS,120138,2025-04-30,VEP7228171,New,1311.26,0.0858,112.51,2025-05-15,False
CHUB,120057,2025-04-30,TKP6804234,Rewrite,8762.88,0.1712,1500.21,2025-05-15,False
GEIC,120106,2025-04-30,EPV2473063,Renewal,16619.64,0.111,1844.78,2025-05-15,False
AMFA,120220,2025-04-30,BZC5568952,New,2329.43,0.0746,173.78,2025-05-15,False
PRGS,120227,2025-04-30,KLN4940069,New,1650.52,0.0902,148.88,2025-05-15,False
PRGS,120238,2025-04-30,DRP0254871,New,1537.37,0.0953,146.51,2025-05-15,False
CHUB,120055,2025-04-30,CFE2575335,New,1380.04,0.0849,117.17,2025-05-15,False
CHUB,120177,2025-04-30,VNC6829974,New,1195.99,0.1093,130.72,2025-05-15,False
FARM,120138,2025-04-30,ZDS3572997,Renewal,1551.47,0.1464,227.14,2025-05-15,False
LIBM,120296,2025-04-30,DHU0035067,Renewal,2603.82,0.166,432.23,2025-05-15,False
NATI,120036,2025-04-30,KLT2100729,Renewal,933.18,0.1332,124.3,2025-05-15,False
FARM,120115,2025-04-30,KZR8422843,Renewal,5289.93,0.1514,800.9,2025-05-15,False
GEIC,120017,2025-04-30,PKM2154583,Renewal,1976.95,0.1499,296.34,2025-05-15,False
HART,120256,2025-04-30,DGP5364602,Renewal,3936.87,0.1393,548.41,2025-05-15,False
GEIC,120257,2025-06-30,YKD7771974,Endorsement,5.59,0.1193,0.67,2025-07-15,False
GEIC,120186,2025-04-30,SEV3684215,Renewal,10814.74,0.0869,939.8,2025-05-15,False
PRGS,120156,2025-04-30,YLJ4575828,Renewal,3819.82,0.1098,419.42,2025-05-15,False
TRAV,120296,2025-04-30,YCE1128328,New,1758.75,0.074,130.15,2025-05-15,False
HART,120258,2025-04-30,WRW5193328,New,1816.57,0.0905,164.4,2025-05-15,False
AMFA,120220,2025-12-31,UTK5758354,Endorsement,9.41,0.1413,1.33,2026-01-15,False
FARM,120297,2025-04-30,FNK5558892,New,1067.14,0.094,100.31,2025-05-15,False
GEIC,120175,2025-04-30,AHL4072043,New,3211.01,0.108,346.79,2025-05-15,False
FARM,120153,2025-10-31,FLB0364647,Endorsement,25.79,0.125,3.22,2025-11-15,False
HART,120266,2025-04-30,AMV4752260,Renewal,2817.58,0.1363,384.04,2025-05-15,False
NATI,120127,2025-04-30,RUS9917412,Renewal,5330.14,0.0788,420.02,2025-05-15,False
TRAV,120034,2025-04-30,WRF7281912,Renewal,760.24,0.1148,87.28,2025-05-15,False
GEIC,120047,2025-04-30,ZYN6038545,New,1512.74,0.1116,168.82,2025-05-15,False
TRAV,120270,2025-04-30,VDW2466316,New,2760.05,0.0649,179.13,2025-05-15,False
GEIC,120247,2025-04-30,SLX8294806,Renewal,3059.05,0.1344,411.14,2025-05-15,False
CHUB,120089,2025-04-30,UFX3140916,New,1655.25,0.1171,193.83,2025-05-15,False
LIBM,120106,2025-04-30,CBP5618909,Renewal,4305.86,0.1206,519.29,2025-05-15,False
ALLS,120064,2025-07-31,WPZ4283395,Endorsement,-25.94,0.1117,-2.9,2025-08-15,True
CHUB,120016,2025-04-30,CAR8243798,Renewal,1517.51,0.1174,178.16,2025-05-15,False
TRAV,120012,2025-04-30,BYD1695354,New,4000.0,0.0798,319.2,2025-05-15,False
GEIC,120114,2025-04-30,LXJ5241619,New,1012.7,0.1241,125.68,2025-05-15,False
TRAV,120036,2025-04-30,TXK2481076,New,1595.62,0.0994,158.6,2025-05-15,False
CHUB,120146,2025-04-30,XHE0410263,Renewal,2000.0,0.0975,195.0,2025-05-15,False
CHUB,120146,2026-04-30,XHE0410263,Audit,154.92,0.0975,15.1,2026-05-15,False
ALLS,120253,2025-04-30,RVF0127881,New,2040.84,0.1029,210.0,2025-05-15,False
PRGS,120131,2025-04-30,YYT8727307,Renewal,367.21,0.08,29.38,2025-05-15,False
GEIC,120277,2025-04-30,LER5594906,New,614.93,0.0826,50.79,2025-05-15,False
NATI,120144,2025-10-31,MXN5535947,Endorsement,-5.2,0.1247,-0.65,2025-11-15,True
AMFA,120262,2025-04-30,MWE6018155,Renewal,1905.06,0.1399,266.52,2025-05-15,False
CHUB,120268,2025-04-30,UVW5167240,New,2361.64,0.0723,170.75,2025-05-15,False
TRAV,120018,2025-08-31,HFV2616406,Endorsement,-26.69,0.1261,-3.37,2025-09-15,True
PRGS,120080,2025-04-30,NFM5852930,New,901.19,0.0953,85.88,2025-05-15,False
PRGS,120192,2025-04-30,GTC9160783,Renewal,767.89,0.1406,107.97,2025-05-15,False
AMFA,120247,2025-04-30,ARW4408733,Renewal,1392.72,0.1161,161.69,2025-05-15,False
CHUB,120017,2025-04-30,HRB5478983,Renewal,2000.0,0.0784,156.8,2025-05-15,False
NATI,120208,2025-04-30,NRT4667492,Renewal,1960.92,0.1522,298.45,2025-05-15,False
GEIC,120250,2025-04-30,ARP9508992,New,1932.07,0.0916,176.98,2025-05-15,False
PRGS,120252,2025-04-30,RZE5535830,New,620.7,0.0898,55.74,2025-05-15,False
TRAV,120146,2025-04-30,LCX7076205,Renewal,1141.24,0.0981,111.96,2025-05-15,False
TRAV,120130,2025-04-30,MEM3103915,Endorsement,-90.58,0.0957,-8.67,2025-05-15,True
FARM,120036,2025-04-30,VWW9034896,Renewal,2986.94,0.177,528.69,2025-05-15,False
GEIC,120219,2025-04-30,PWX8660479,Renewal,1467.27,0.0777,114.01,2025-05-15,False
NATI,120181,2025-04-30,GWR7874091,New,1720.81,0.099,170.36,2025-05-15,False
PRGS,120240,2025-04-30,MTJ5018649,Renewal,3714.37,0.0851,316.09,2025-05-15,False
FARM,120139,2025-04-30,NTD4532752,Renewal,340.78,0.1291,43.99,2025-05-15,False
LIBM,120050,2025-04-30,XFT1815378,Renewal,2422.36,0.1124,272.27,2025-05-15,False
HART,120160,2025-04-30,YGC1597520,Renewal,575.44,0.1532,88.16,2025-05-15,False
CHUB,120167,2025-04-30,AAP7048466,Renewal,2732.22,0.0802,219.12,2025-05-15,False
LIBM,120175,2025-04-30,KWN0368975,Renewal,1013.91,0.1461,148.13,2025-05-15,False
LIBM,120058,2025-04-30,FJN2528090,New,2937.29,0.1338,393.01,2025-05-15,False
PRGS,120230,2025-04-30,VRC5659907,Renewal,521.9,0.111,57.93,2025-05-15,False
HART,120010,2025-04-30,HWV9523665,Renewal,2379.27,0.0816,194.15,2025-05-15,False
NATI,120280,2025-04-30,EMB8270804,Renewal,2097.69,0.0677,142.01,2025-05-15,False
HART,120108,2025-04-30,BMA9447320,Renewal,992.47,0.1005,99.74,2025-05-15,False
LIBM,120126,2025-04-30,ZUS1293001,Renewal,13201.5,0.1658,2188.81,2025-05-15,False
PRGS,120103,2025-12-31,MVZ5329769,Endorsement,-101.4,0.1108,-11.24,2026-01-15,True
TRAV,120026,2025-04-30,ZAU1374367,New,868.77,0.0861,74.8,2025-05-15,False
HART,120009,2025-04-30,NZF0812372,Renewal,887.64,0.1375,122.05,2025-05-15,False
PRGS,120107,2025-04-30,YLY3691295,Renewal,5082.01,0.1333,677.43,2025-05-15,False
CHUB,120224,2025-04-30,GCN1435914,Reinstate,0.0,0.1216,0.0,2025-05-15,False
ALLS,120182,2025-04-30,LHE4508456,Rewrite,18352.41,0.1386,2543.64,2025-05-15,False
FARM,120065,2025-04-30,WYT3623248,New,2351.27,0.0916,215.38,2025-05-15,False
FARM,120023,2025-04-30,KNN1361247,Renewal,500.0,0.1112,55.6,2025-05-15,False
LIBM,120069,2025-04-30,GGU6993063,Renewal,7298.52,0.1554,1134.19,2025-05-15,False
ALLS,120101,2025-04-30,YPV6293649,Renewal,234.19,0.1166,27.31,2025-05-15,False
HART,120048,2025-04-30,SXP9055856,Renewal,9061.27,0.0835,756.62,2025-05-15,False
TRAV,120172,2025-04-30,VDU8756083,New,1009.96,0.0999,100.9,2025-05-15,False
CHUB,120088,2025-04-30,FEH6583593,Renewal,361.28,0.132,47.69,2025-05-15,False
FARM,120219,2025-04-30,EBU9342542,Renewal,2116.44,0.0974,206.14,2025-05-15,False
NATI,120290,2025-04-30,VMF4744206,New,1317.6,0.0762,100.4,2025-05-15,False
PRGS,120124,2025-04-30,XCE7120893,New,1938.84,0.1,193.88,2025-05-15,False
TRAV,120048,2026-03-31,BMS3026291,Cancel,-0.0,0.1232,-0.0,2026-04-15,False
GEIC,120296,2025-04-30,EBA5020192,Renewal,10138.74,0.1133,1148.72,2025-05-15,False
PRGS,120280,2025-04-30,ALM4490840,New,1546.23,0.06,92.77,2025-05-15,False
ALLS,120159,2025-04-30,MHS2996540,New,1486.99,0.1154,171.6,2025-05-15,False
GEIC,120189,2025-04-30,JDJ0514536,New,1088.17,0.1225,133.3,2025-05-15,False
GEIC,120206,2025-04-30,BDE4316233,New,1251.69,0.1113,139.31,2025-05-15,False
NATI,120269,2025-04-30,YLE2373859,Renewal,2662.34,0.1356,361.01,2025-05-15,False
NATI,120269,2026-06-30,YLE2373859,Audit,-10.89,0.1356,-1.48,2026-07-15,True
ALLS,120088,2025-04-30,FUJ1952754,Renewal,3541.34,0.1064,376.8,2025-05-15,False
TRAV,120004,2025-04-30,BXM3945562,Renewal,802.56,0.1092,87.64,2025-05-15,False
FARM,120204,2025-04-30,LLG2151784,New,2229.57,0.1088,242.58,2025-05-15,False
NATI,120292,2025-04-30,EEA8270844,Renewal,775.31,0.1119,86.76,2025-05-15,False
AMFA,120175,2025-04-30,EJF0992669,New,1120.83,0.0871,97.62,2025-05-15,False
CHUB,120256,2025-04-30,KSC4152699,Renewal,2175.98,0.1364,296.8,2025-05-15,False
LIBM,120144,2025-04-30,ATN8785023,Renewal,6031.22,0.1567,945.09,2025-05-15,False
AMFA,120079,2025-04-30,YSN5122573,New,1705.49,0.0972,165.77,2025-05-15,False
TRAV,120069,2025-04-30,VAH6627714,New,1651.59,0.0714,117.92,2025-05-15,False
LIBM,120193,2025-04-30,WAU1020717,Renewal,709.05,0.094,66.65,2025-05-15,False
GEIC,120085,2025-04-30,XAY8416629,Renewal,1168.98,0.18,210.42,2025-05-15,False
ALLS,120199,2025-04-30,NPK3172751,New,1564.03,0.0933,145.92,2025-05-15,False
LIBM,120289,2025-04-30,DTH1401200,New,2125.41,0.1151,244.63,2025-05-15,False
AMFA,120016,2025-04-30,YSE8142941,New,1594.92,0.1228,195.86,2025-05-15,False
GEIC,120023,2025-04-30,DND7077918,Renewal,1002.69,0.0928,93.05,2025-05-15,False
TRAV,120095,2025-04-30,JBW1676877,Renewal,8946.59,0.1065,952.81,2025-05-15,False
ALLS,120009,2025-04-30,TSC5127967,Renewal,1877.14,0.1707,320.43,2025-05-15,False
NATI,120160,2025-04-30,VUJ9365722,Renewal,2000.0,0.1338,267.6,2025-05-15,False
TRAV,120246,2025-04-30,RCY5789683,New,508.71,0.1151,58.55,2025-05-15,False
HART,120078,2025-04-30,DUZ6586878,New,1438.59,0.0852,122.57,2025-05-15,False
GEIC,120170,2025-07-31,YHJ0638994,Cancel,-0.0,0.0814,-0.0,2025-08-15,False
TRAV,120272,2025-04-30,YJZ2034292,Renewal,1702.83,0.1527,260.02,2025-05-15,False
NATI,120033,2025-04-30,WAH1638414,Renewal,2038.58,0.1439,293.35,2025-05-15,False
TRAV,120067,2025-04-30,UMS2024158,Renewal,5551.91,0.1539,854.44,2025-05-15,False
NATI,120027,2025-04-30,MYY9780624,Renewal,2441.77,0.06,146.51,2025-05-15,False
ALLS,120066,2025-04-30,KCN5359318,Renewal,9942.39,0.0912,906.75,2025-05-15,False
TRAV,120100,2025-04-30,JJE4582991,Renewal,181.8,0.1385,25.18,2025-05-15,False
FARM,120147,2025-04-30,ZMK3970200,Renewal,2212.94,0.1646,364.25,2025-05-15,False
LIBM,120182,2025-04-30,RAE2297261,New,1172.77,0.0782,91.71,2025-05-15,False
GEIC,120076,2025-04-30,XPC0114053,New,2138.98,0.1172,250.69,2025-05-15,False
HART,120258,2025-12-31,NNX8127420,Endorsement,5.37,0.1364,0.73,2026-01-15,False
TRAV,120141,2025-04-30,XDK3522032,Renewal,8403.41,0.1526,1282.36,2025-05-15,False
GEIC,120128,2025-04-30,DPB3652941,New,798.94,0.098,78.3,2025-05-15,False
GEIC,120068,2025-04-30,YMW0374336,Renewal,1211.34,0.1034,125.25,2025-05-15,False
LIBM,120160,2025-04-30,BPE8300917,Endorsement,-56.09,0.0908,-5.09,2025-05-15,True
CHUB,120115,2026-03-31,HLM6108710,Cancel,-0.0,0.1995,-0.0,2026-04-15,False
PRGS,120102,2025-04-30,EWB3780973,Renewal,12750.08,0.1201,1531.28,2025-05-15,False
TRAV,120241,2025-04-30,YGR1633011,Renewal,527.04,0.1256,66.2,2025-05-15,False
AMFA,120004,2025-04-30,JTD7356504,Renewal,1641.81,0.0976,160.24,2025-05-15,False
LIBM,120209,2025-04-30,EPY7569623,New,1525.69,0.1099,167.67,2025-05-15,False
ALLS,120080,2025-04-30,UZZ3178113,Renewal,1555.01,0.1472,228.9,2025-05-15,False
GEIC,120056,2025-04-30,RUE4807152,Renewal,2361.55,0.0954,225.29,2025-05-15,False
ALLS,120038,2026-03-31,SHP3916202,Cancel,-0.0,0.1343,-0.0,2026-04-15,False
LIBM,120053,2025-08-31,DRR4020526,Reinstate,0.0,0.1395,0.0,2025-09-15,False
GEIC,120195,2025-04-30,DVX4330219,New,1398.44,0.0742,103.76,2025-05-15,False
TRAV,120204,2026-01-31,EXJ0813092,Endorsement,-4.63,0.1112,-0.51,2026-02-15,True
CHUB,120277,2025-04-30,CWX2792301,Renewal,1814.83,0.135,245.0,2025-05-15,False
GEIC,120030,2025-04-30,FBK0016432,New,2347.01,0.0903,211.94,2025-05-15,False
PRGS,120149,2025-09-30,FSY2797361,Endorsement,2.94,0.1215,0.36,2025-10-15,False
CHUB,120059,2025-04-30,FSK2078934,New,1476.73,0.1035,152.84,2025-05-15,False
PRGS,120234,2025-04-30,JLJ0028809,Renewal,2146.1,0.1343,288.22,2025-05-15,False
ALLS,120005,2025-04-30,AMN4970988,Renewal,288.39,0.0871,25.12,2025-05-15,False
PRGS,120077,2025-04-30,MEV3934511,Renewal,7783.17,0.111,863.93,2025-05-15,False
PRGS,120123,2025-04-30,PYG3917695,Renewal,776.9,0.1556,120.89,2025-05-15,False
NATI,120243,2025-09-30,NHF2532860,Endorsement,15.6,0.1182,1.84,2025-10-15,False
HART,120101,2025-04-30,JBW3421243,Renewal,2533.09,0.1056,267.49,2025-05-15,False
HART,120236,2025-04-30,TNG7248892,Renewal,4535.64,0.2,907.13,2025-05-15,False
HART,120236,2026-05-31,TNG7248892,Audit,59.06,0.2,11.81,2026-06-15,False
FARM,120150,2025-04-30,KBE4398613,Renewal,1309.28,0.0748,97.93,2025-05-15,False
ALLS,120226,2025-04-30,YRU1774016,Endorsement,-11.73,0.1264,-1.48,2025-05-15,True
HART,120228,2025-10-31,LNC0895213,Cancel,-0.0,0.1034,-0.0,2025-11-15,False
NATI,120058,2025-04-30,BCF5781682,Renewal,1306.1,0.1197,156.34,2025-05-15,False
PRGS,120153,2025-04-30,HUJ6438213,Renewal,468.59,0.1208,56.61,2025-05-15,False
TRAV,120036,2025-04-30,ACY6269620,New,683.1,0.1201,82.04,2025-05-15,False
HART,120299,2025-04-30,ZNW9687542,New,2651.27,0.1249,331.14,2025-05-15,False
GEIC,120282,2025-04-30,SJM1882312,New,1946.63,0.0709,138.02,2025-05-15,False
PRGS,120173,2025-04-30,XJJ4145291,Renewal,605.41,0.1471,89.06,2025-05-15,False
NATI,120262,2025-04-30,ZDV0770853,New,1504.4,0.0947,142.47,2025-05-15,False
LIBM,120133,2025-04-30,RWS3094896,Renewal,7281.2,0.1696,1234.89,2025-05-15,False
TRAV,120252,2025-04-30,DZL8330703,Renewal,2167.27,0.0867,187.9,2025-05-15,False
TRAV,120020,2025-04-30,SKD4336125,Renewal,1121.68,0.151,169.37,2025-05-15,False
ALLS,120202,2025-04-30,BXE3974492,Renewal,1167.8,0.1706,199.23,2025-05-15,False
TRAV,120154,2025-04-30,DUN6316636,New,1431.17,0.0788,112.78,2025-05-15,False
GEIC,120285,2025-04-30,SJX3835195,New,1205.73,0.1063,128.17,2025-05-15,False
GEIC,120069,2025-04-30,XAS0510695,Renewal,3082.69,0.1248,384.72,2025-05-15,False
NATI,120251,2025-04-30,JSX1698386,Renewal,1565.94,0.1163,182.12,2025-05-15,False
FARM,120276,2025-04-30,FDE6030549,New,1040.66,0.0712,74.09,2025-05-15,False
AMFA,120288,2025-04-30,CTJ4651756,Renewal,1949.66,0.1606,313.12,2025-05-15,False
LIBM,120293,2025-04-30,BZY4903761,Renewal,997.23,0.1302,129.84,2025-05-15,False
PRGS,120006,2025-04-30,DBX5938072,Renewal,1817.98,0.0916,166.53,2025-05-15,False
TRAV,120265,2025-04-30,PFH0806886,New,560.45,0.1008,56.49,2025-05-15,False
LIBM,120179,2025-05-31,XJR5596918,Endorsement,-0.95,0.1255,-0.12,2025-06-15,True
PRGS,120219,2025-04-30,HNU4165172,Renewal,6170.58,0.0956,589.91,2025-05-15,False
NATI,120139,2025-04-30,WVN8981910,New,1759.16,0.0935,164.48,2025-05-15,False
ALLS,120092,2026-03-31,VDL4618322,Endorsement,-35.59,0.1695,-6.03,2026-04-15,True
TRAV,120065,2025-04-30,YEW4964174,Renewal,1518.37,0.1302,197.69,2025-05-15,False
GEIC,120254,2025-10-31,YHJ0517688,Endorsement,-32.91,0.1169,-3.85,2025-11-15,True
HART,120270,2025-04-30,LFR6225426,Renewal,650.06,0.0831,54.02,2025-05-15,False
HART,120056,2025-04-30,MCW0073812,Renewal,1398.39,0.1319,184.45,2025-05-15,False
FARM,120081,2025-04-30,BJU5180287,Rewrite,10692.87,0.1229,1314.15,2025-05-15,False
NATI,120212,2026-03-31,ACN1591487,Endorsement,7.02,0.1057,0.74,2026-04-15,False
GEIC,120074,2025-04-30,RDF6829776,Rewrite,3000.0,0.1368,410.4,2025-05-15,False
LIBM,120022,2025-04-30,ZMP3737560,New,3133.57,0.0952,298.32,2025-05-15,False
ALLS,120250,2025-04-30,NGH5665574,Renewal,1332.1,0.1154,153.72,2025-05-15,False
LIBM,120109,2025-04-30,HBJ0824554,Renewal,1065.94,0.1183,126.1,2025-05-15,False
AMFA,120131,2025-04-30,TWZ8562759,Renewal,661.56,0.1638,108.36,2025-05-15,False
ALLS,120030,2025-04-30,MCK7171938,New,868.65,0.0915,79.48,2025-05-15,False
AMFA,120197,2025-04-30,BDN7967984,Renewal,1500.0,0.1518,227.7,2025-05-15,False
GEIC,120177,2025-04-30,KGR9492691,Renewal,2847.53,0.0751,213.85,2025-05-15,False
PRGS,120182,2025-04-30,XLK4607139,Renewal,907.36,0.1233,111.88,2025-05-15,False
PRGS,120141,2025-04-30,LJZ5249014,Renewal,1722.15,0.1266,218.02,2025-05-15,False
PRGS,120238,2025-04-30,LJP0882957,New,1072.96,0.0949,101.82,2025-05-15,False
LIBM,120276,2025-04-30,WNB7825852,Renewal,5491.7,0.1469,806.73,2025-05-15,False
PRGS,120196,2026-01-31,YCL2141421,Endorsement,-24.88,0.128,-3.18,2026-02-15,True
NATI,120211,2025-04-30,YYS0833161,Renewal,3348.37,0.167,559.18,2025-05-15,False
HART,120132,2025-11-30,SEB5258406,Endorsement,0.41,0.0984,0.04,2025-12-15,False
ALLS,120097,2025-04-30,DZJ7218652,New,2153.34,0.0865,186.26,2025-05-15,False
CHUB,120297,2025-04-30,UPM2714224,Cancel,-0.0,0.1626,-0.0,2025-05-15,False
TRAV,120290,2025-04-30,CSU5288487,Renewal,1312.29,0.1278,167.71,2025-05-15,False
AMFA,120052,2025-04-30,ATA1084065,Renewal,2099.36,0.1913,401.61,2025-05-15,False
CHUB,120132,2025-04-30,AEJ6905084,Renewal,728.33,0.1389,101.17,2025-05-15,False
GEIC,120115,2025-12-31,TPZ2917493,Cancel,-0.0,0.1251,-0.0,2026-01-15,False
GEIC,120115,2026-02-28,TPZ2917493,Audit,-119.57,0.1251,-14.96,2026-03-15,True
FARM,120180,2025-04-30,YCG9292885,Renewal,2363.22,0.1113,263.03,2025-05-15,False
NATI,120170,2025-04-30,ESM8259594,Renewal,1233.9,0.1473,181.75,2025-05-15,False
CHUB,120000,2025-04-30,VZD3553323,Renewal,1500.0,0.1467,220.05,2025-05-15,False
FARM,120142,2025-11-30,ANR0218346,Cancel,-0.0,0.1126,-0.0,2025-12-15,False
AMFA,120058,2025-04-30,ZBR5823052,New,1303.17,0.0972,126.67,2025-05-15,False
LIBM,120072,2025-04-30,BJB7777572,Renewal,3031.69,0.0674,204.34,2025-05-15,False
LIBM,120070,2025-04-30,TVK0239180,Renewal,294.42,0.1133,33.36,2025-05-15,False
LIBM,120108,2025-04-30,ASB0073193,New,1077.11,0.1011,108.9,2025-05-15,False
CHUB,120088,2025-04-30,KNB0957482,New,910.68,0.0774,70.49,2025-05-15,False
FARM,120152,2025-04-30,MAL0650011,Renewal,720.57,0.093,67.01,2025-05-15,False
NATI,120156,2025-04-30,VLC3618706,Renewal,5877.19,0.0993,583.6,2025-05-15,False
ALLS,120223,2025-04-30,EPE3934904,New,1018.24,0.1338,136.24,2025-05-15,False
HART,120259,2025-04-30,PJV0438652,Renewal,2000.0,0.1144,228.8,2025-05-15,False
GEIC,120013,2025-04-30,AEN0485431,Renewal,3985.98,0.1245,496.25,2025-05-15,False
GEIC,120013,2026-05-31,AEN0485431,Audit,45.66,0.1245,5.68,2026-06-15,False
TRAV,120080,2025-04-30,PZK1785840,Renewal,1711.82,0.112,191.72,2025-05-15,False
TRAV,120192,2025-04-30,LSD0839199,New,1792.42,0.1006,180.32,2025-05-15,False
PRGS,120065,2025-04-30,GZS7189374,Renewal,2000.0,0.145,290.0,2025-05-15,False
CHUB,120260,2025-04-30,GYP5706590,Renewal,1858.95,0.1062,197.42,2025-05-15,False
AMFA,120075,2025-04-30,ULB9926258,Renewal,2703.82,0.1849,499.94,2025-05-15,False
TRAV,120153,2025-04-30,SCU9804952,Renewal,2034.14,0.1499,304.92,2025-05-15,False
PRGS,120096,2025-04-30,JLF0814511,Renewal,2000.0,0.1068,213.6,2025-05-15,False
ALLS,120281,2025-04-30,TPT9516763,Renewal,2015.04,0.1045,210.57,2025-05-15,False
AMFA,120184,2025-08-31,UTM0359471,Endorsement,-14.22,0.1419,-2.02,2025-09-15,True
GEIC,120178,2026-01-31,FPR2097053,Endorsement,-29.88,0.1086,-3.24,2026-02-15,True
CHUB,120181,2025-04-30,THL4377356,Renewal,24786.73,0.0816,2022.6,2025-05-15,False
TRAV,120191,2025-04-30,ESF6108968,Renewal,1735.21,0.0994,172.48,2025-05-15,False
NATI,120294,2025-04-30,HJM9415834,Renewal,2470.03,0.1165,287.76,2025-05-15,False
GEIC,120177,2025-04-30,NUX5683103,New,646.92,0.0837,54.15,2025-05-15,False
PRGS,120045,2025-04-30,ULT5280113,New,1845.82,0.1233,227.59,2025-05-15,False
LIBM,120198,2025-04-30,ABB0923873,New,1829.45,0.11,201.24,2025-05-15,False
LIBM,120041,2025-08-31,NNV2650332,Endorsement,-38.15,0.1229,-4.69,2025-09-15,True
ALLS,120233,2025-04-30,MRB7093508,Renewal,2550.69,0.1435,366.02,2025-05-15,False
ALLS,120299,2025-04-30,KYD4195127,New,1269.54,0.0916,116.29,2025-05-15,False
ALLS,120125,2025-04-30,NGE2156103,New,2101.8,0.0906,190.42,2025-05-15,False
GEIC,120271,2025-04-30,FYJ3654384,New,1407.1,0.0887,124.81,2025-05-15,False
PRGS,120180,2025-04-30,HTB6126821,Renewal,788.84,0.0932,73.52,2025-05-15,False
TRAV,120108,2025-04-30,TFF3538558,Renewal,1500.0,0.1268,190.2,2025-05-15,False
TRAV,120132,2025-04-30,XDY3680044,Renewal,6701.38,0.1081,724.42,2025-05-15,False
NATI,120221,2025-04-30,BTF5487227,Renewal,1398.94,0.0993,138.91,2025-05-15,False
PRGS,120051,2025-04-30,HLJ4220608,Renewal,2678.09,0.1213,324.85,2025-05-15,False
CHUB,120026,2025-04-30,FGX0215190,Renewal,3145.96,0.1478,464.97,2025-05-15,False
ALLS,120248,2025-04-30,ASS2379866,Renewal,1500.0,0.1917,287.55,2025-05-15,False
ALLS,120037,2025-04-30,FUH3204285,Renewal,780.58,0.0813,63.46,2025-05-15,False
GEIC,120146,2025-04-30,VKT8825371,New,2593.61,0.1123,291.26,2025-05-15,False
AMFA,120223,2025-04-30,MNR4998025,Renewal,13079.27,0.1065,1392.94,2025-05-15,False
FARM,120282,2025-04-30,ACZ4940831,New,2107.91,0.092,193.93,2025-05-15,False
PRGS,120038,2025-04-30,ZUA4094901,Renewal,1075.21,0.1197,128.7,2025-05-15,False
TRAV,120208,2025-04-30,URW6554582,Renewal,500.0,0.1741,87.05,2025-05-15,False
TRAV,120000,2025-04-30,CJS8762908,Renewal,2798.79,0.1333,373.08,2025-05-15,False
CHUB,120244,2025-04-30,RBL1279163,Renewal,9359.13,0.0959,897.54,2025-05-15,False
HART,120059,2025-04-30,GUG4494487,New,1166.85,0.1016,118.55,2025-05-15,False
HART,120022,2025-04-30,JXN1063178,Renewal,2000.0,0.1095,219.0,2025-05-15,False
FARM,120211,2025-04-30,ELE4537947,Renewal,1178.74,0.08,94.3,2025-05-15,False
ALLS,120142,2025-04-30,ZGK2382164,Renewal,7639.58,0.102,779.24,2025-05-15,False
FARM,120202,2025-04-30,YPM5295455,Endorsement,-72.81,0.1081,-7.87,2025-05-15,True
GEIC,120255,2025-04-30,KWX6864083,Renewal,1868.26,0.1816,339.28,2025-05-15,False
PRGS,120130,2025-04-30,SXW1568559,New,2210.99,0.1183,261.56,2025-05-15,False
GEIC,120047,2025-04-30,MHE3131897,New,1590.51,0.0835,132.81,2025-05-15,False
CHUB,120107,2025-04-30,ZPD0645878,New,1717.17,0.0942,161.76,2025-05-15,False
GEIC,120201,2025-05-31,XJD8356029,Endorsement,-30.6,0.1012,-3.1,2025-06-15,True
HART,120276,2025-09-30,GKY3517087,Endorsement,-62.85,0.0996,-6.26,2025-10-15,True
NATI,120025,2025-04-30,AFA4708054,Renewal,1043.76,0.103,107.51,2025-05-15,False
CHUB,120195,2025-04-30,PHZ1332445,Renewal,983.98,0.1044,102.73,2025-05-15,False
HART,120183,2025-04-30,HUL3257899,Renewal,1500.0,0.1616,242.4,2025-05-15,False
TRAV,120014,2025-04-30,ZVA3697313,Renewal,15000.0,0.1844,2766.0,2025-05-15,False
PRGS,120053,2025-04-30,KFT5771468,New,2988.42,0.0745,222.64,2025-05-15,False
NATI,120231,2025-04-30,MPV7255877,New,1248.36,0.0796,99.37,2025-05-15,False
TRAV,120258,2025-04-30,MDE3216994,New,683.18,0.1361,92.98,2025-05-15,False
GEIC,120260,2025-04-30,KUZ9243453,Renewal,512.12,0.0876,44.86,2025-05-15,False
ALLS,120273,2025-04-30,LXR1727700,Renewal,7313.68,0.1218,890.81,2025-05-15,False
TRAV,120184,2025-04-30,EWJ9812981,Renewal,500.0,0.1286,64.3,2025-05-15,False
GEIC,120066,2025-04-30,WXE0405635,Renewal,3504.79,0.1573,551.3,2025-05-15,False
FARM,120019,2025-06-30,KFZ4280944,Endorsement,-22.37,0.1101,-2.46,2025-07-15,True
TRAV,120052,2025-04-30,ZLV5507313,New,839.64,0.0796,66.84,2025-05-15,False
FARM,120150,2025-04-30,GHJ6908644,New,1230.41,0.0764,94.0,2025-05-15,False
GEIC,120255,2025-04-30,VHF1199309,Renewal,3642.77,0.114,415.28,2025-05-15,False
GEIC,120229,2025-04-30,UKJ8192075,Renewal,453.75,0.0992,45.01,2025-05-15,False
HART,120027,2025-04-30,SXU3886098,New,884.47,0.0901,79.69,2025-05-15,False
TRAV,120210,2025-04-30,RYG3023020,Renewal,5339.61,0.069,368.43,2025-05-15,False
GEIC,120252,2025-04-30,HYH5481030,New,1963.14,0.0954,187.28,2025-05-15,False
PRGS,120159,2026-03-31,AKC4069958,Cancel,-0.0,0.1307,-0.0,2026-04-15,False
PRGS,120159,2026-05-31,AKC4069958,Audit,-450.05,0.1307,-58.82,2026-06-15,True
LIBM,120271,2025-04-30,LVE6106368,Renewal,4645.89,0.1507,700.14,2025-05-15,False
TRAV,120018,2025-04-30,WXX7357992,Renewal,1500.0,0.1701,255.15,2025-05-15,False
GEIC,120093,2025-04-30,RYK4566517,New,1408.87,0.09,126.8,2025-05-15,False
PRGS,120037,2025-04-30,VJX5551405,Renewal,3578.37,0.1398,500.26,2025-05-15,False
TRAV,120086,2025-04-30,MPD8100823,Renewal,4610.29,0.076,350.38,2025-05-15,False
AMFA,120120,2025-04-30,VUY3641089,New,2510.01,0.1183,296.93,2025-05-15,False
TRAV,120026,2025-04-30,ZMC3448720,Renewal,2000.0,0.0686,137.2,2025-05-15,False
PRGS,120227,2025-04-30,YYS2685650,Renewal,4069.71,0.1191,484.7,2025-05-15,False
GEIC,120061,2025-04-30,BDZ6576665,New,4000.0,0.14,560.0,2025-05-15,False
NATI,120116,2025-04-30,SPM3344190,Renewal,6344.93,0.105,666.22,2025-05-15,False
ALLS,120067,2025-04-30,DHJ3857607,Renewal,885.29,0.1205,106.68,2025-05-15,False
AMFA,120123,2025-04-30,DKB0638789,Renewal,2218.26,0.1057,234.47,2025-05-15,False
LIBM,120025,2025-04-30,NAH8938606,New,960.92,0.14,134.53,2025-05-15,False
NATI,120239,2025-04-30,PEP2373156,Renewal,766.91,0.1223,93.79,2025-05-15,False
TRAV,120140,2025-04-30,JGE9383551,Renewal,2338.45,0.076,177.72,2025-05-15,False
ALLS,120217,2025-04-30,KPZ0523421,Renewal,1527.55,0.14,213.86,2025-05-15,False
GEIC,120207,2025-04-30,UMX2296694,New,2359.62,0.0891,210.24,2025-05-15,False
GEIC,120041,2025-04-30,CGM8653794,Renewal,2440.57,0.1556,379.75,2025-05-15,False
FARM,120269,2025-04-30,EPD7812712,Renewal,1500.0,0.0834,125.1,2025-05-15,False
HART,120088,2025-04-30,WUM2205787,Renewal,7268.86,0.1385,1006.74,2025-05-15,False
TRAV,120216,2025-04-30,HKT1249151,Renewal,3938.08,0.0604,237.86,2025-05-15,False
LIBM,120110,2025-04-30,ZTF9870828,New,1476.22,0.0964,142.31,2025-05-15,False
LIBM,120149,2025-04-30,BUT2969901,Renewal,1500.0,0.141,211.5,2025-05-15,False
LIBM,120205,2025-04-30,SBV0062163,New,3048.33,0.0895,272.83,2025-05-15,False
PRGS,120294,2025-04-30,KDC9281017,Renewal,3482.52,0.1029,358.35,2025-05-15,False
HART,120029,2025-04-30,XDT7627460,Endorsement,-27.29,0.1431,-3.91,2025-05-15,True
HART,120174,2025-12-31,HZC1761518,Cancel,-0.0,0.08,-0.0,2026-01-15,False
PRGS,120123,2025-04-30,UMD5714121,New,1690.26,0.0981,165.81,2025-05-15,False
NATI,120032,2025-04-30,ZGU9167214,New,1395.99,0.137,191.25,2025-05-15,False
NATI,120157,2025-05-31,RNK4314553,Endorsement,-8.82,0.08,-0.71,2025-06-15,True
FARM,120065,2025-04-30,GSF4331393,New,2191.77,0.1081,236.93,2025-05-15,False
TRAV,120299,2025-04-30,URZ4388253,Renewal,4034.31,0.1642,662.43,2025-05-15,False
HART,120081,2025-04-30,CWN5893278,Renewal,500.0,0.1263,63.15,2025-05-15,False
PRGS,120139,2025-04-30,HLE5413938,Renewal,1119.03,0.1038,116.16,2025-05-15,False
ALLS,120290,2025-04-30,EMS3158345,New,1696.65,0.095,161.18,2025-05-15,False
PRGS,120011,2025-04-30,YTS4979513,Renewal,3873.81,0.1716,664.75,2025-05-15,False
FARM,120015,2025-04-30,XED6684235,New,995.43,0.1224,121.84,2025-05-15,False
CHUB,120161,2025-04-30,SAX2031456,Renewal,1294.72,0.0727,94.13,2025-05-15,False
ALLS,120109,2025-04-30,ERA0099144,Renewal,5506.47,0.1686,928.39,2025-05-15,False
HART,120013,2025-11-30,LBK6475983,Cancel,-0.0,0.1507,-0.0,2025-12-15,False
TRAV,120125,2025-04-30,SBH4716801,Renewal,918.2,0.1501,137.82,2025-05-15,False
PRGS,120063,2025-04-30,JRS2249936,Renewal,1399.05,0.1254,175.44,2025-05-15,False
GEIC,120284,2025-04-30,AZG8511164,Renewal,2154.63,0.2,430.93,2025-05-15,False
GEIC,120034,2025-04-30,KMT3227533,Renewal,2215.9,0.2,443.18,2025-05-15,False
TRAV,120179,2025-04-30,UNV1578833,Renewal,4268.27,0.1764,752.92,2025-05-15,False
ALLS,120201,2025-04-30,JYZ9394568,Renewal,1095.84,0.1471,161.2,2025-05-15,False
TRAV,120299,2025-11-30,SBJ5955459,Reinstate,0.0,0.1834,0.0,2025-12-15,False
ALLS,120252,2025-04-30,ZAD1588890,Renewal,1528.62,0.123,188.02,2025-05-15,False
LIBM,120012,2025-04-30,TTY0776802,Renewal,3710.17,0.1422,527.59,2025-05-15,False
CHUB,120052,2025-04-30,KRX4037020,New,986.33,0.0842,83.05,2025-05-15,False
GEIC,120195,2025-04-30,KCU5260428,Renewal,1369.2,0.06,82.15,2025-05-15,False
GEIC,120039,2025-04-30,KLJ6660414,New,1153.77,0.1113,128.41,2025-05-15,False
PRGS,120124,2025-04-30,EBY2494285,New,2353.35,0.125,294.17,2025-05-15,False
PRGS,120183,2025-04-30,TGE7946741,New,1567.96,0.0691,108.35,2025-05-15,False
TRAV,120096,2025-04-30,TME8703337,New,1130.71,0.1266,143.15,2025-05-15,False
LIBM,120043,2025-07-31,LPZ0773367,Endorsement,-25.72,0.116,-2.98,2025-08-15,True
TRAV,120213,2025-07-31,KKS4501431,Endorsement,72.21,0.1245,8.99,2025-08-15,False
TRAV,120132,2025-04-30,ZDL2300778,New,1390.06,0.0949,131.92,2025-05-15,False
LIBM,120091,2025-04-30,FVX4734970,New,1338.09,0.1252,167.53,2025-05-15,False
ALLS,120159,2025-04-30,HFF3406906,New,1431.14,0.0899,128.66,2025-05-15,False
AMFA,120252,2025-04-30,VLU6984669,Renewal,5291.53,0.14,740.81,2025-05-15,False
GEIC,120057,2025-04-30,UPF4499432,New,1160.27,0.1327,153.97,2025-05-15,False
PRGS,120115,2025-04-30,JVZ8475398,Renewal,3901.46,0.1366,532.94,2025-05-15,False
GEIC,120284,2025-04-30,AZD0483431,New,676.87,0.0692,46.84,2025-05-15,False
HART,120266,2025-04-30,VUD7300258,Rewrite,7118.52,0.1365,971.68,2025-05-15,False
GEIC,120155,2025-09-30,RAH2225388,Reinstate,0.0,0.1019,0.0,2025-10-15,False
ALLS,120083,2025-04-30,ZTT8096603,Renewal,1726.63,0.1203,207.71,2025-05-15,False
LIBM,120249,2025-04-30,HFC9002339,New,1808.63,0.0835,151.02,2025-05-15,False
GEIC,120220,2025-04-30,KDD9771657,Renewal,17268.29,0.0897,1548.97,2025-05-15,False
FARM,120269,2025-04-30,BDY3543080,Renewal,2147.26,0.1464,314.36,2025-05-15,False
ALLS,120030,2025-04-30,EPE2400321,New,879.37,0.1126,99.02,2025-05-15,False
CHUB,120089,2025-04-30,MVY9397474,Renewal,2076.95,0.1593,330.86,2025-05-15,False
ALLS,120280,2025-04-30,BSH5561016,Renewal,2813.76,0.1068,300.51,2025-05-15,False
TRAV,120215,2025-04-30,XZF0703319,Renewal,9839.8,0.16,1574.37,2025-05-15,False
HART,120212,2025-04-30,TBT6418115,New,2211.91,0.0808,178.72,2025-05-15,False
ALLS,120293,2025-04-30,HAS0965905,Renewal,3701.51,0.1409,521.54,2025-05-15,False
GEIC,120154,2025-04-30,CSH6746704,Renewal,2199.15,0.0953,209.58,2025-05-15,False
GEIC,120154,2026-06-30,CSH6746704,Audit,209.87,0.0953,20.0,2026-07-15,False
NATI,120101,2025-04-30,TFR6056912,New,1782.97,0.1046,186.5,2025-05-15,False
GEIC,120154,2025-04-30,CEH6969035,Renewal,2000.0,0.1157,231.4,2025-05-15,False
LIBM,120236,2025-04-30,LUJ7471083,New,945.59,0.1174,111.01,2025-05-15,False
TRAV,120186,2025-04-30,RXG8836400,New,1538.71,0.1277,196.49,2025-05-15,False
AMFA,120046,2025-04-30,KEB4821580,New,662.08,0.1116,73.89,2025-05-15,False
CHUB,120045,2025-04-30,HVN4655376,Renewal,335.53,0.104,34.9,2025-05-15,False
ALLS,120163,2025-04-30,KXB0181988,Renewal,3909.4,0.1463,571.95,2025-05-15,False
ALLS,120163,2026-06-30,KXB0181988,Audit,-340.07,0.1463,-49.75,2026-07-15,True
LIBM,120138,2025-04-30,JEH8744649,New,2354.26,0.0826,194.46,2025-05-15,False
AMFA,120270,2025-04-30,WLB7920790,Renewal,2494.58,0.1596,398.13,2025-05-15,False
TRAV,120039,2025-04-30,UVY7124606,Renewal,770.34,0.1479,113.93,2025-05-15,False
HART,120123,2025-04-30,UPV5044991,Renewal,2130.23,0.1309,278.85,2025-05-15,False
HART,120160,2025-04-30,YHV1992472,Renewal,2041.33,0.0943,192.5,2025-05-15,False
TRAV,120139,2025-06-30,VDR8949515,Endorsement,10.48,0.1082,1.13,2025-07-15,False
TRAV,120170,2025-04-30,NAG5030284,New,1521.24,0.0709,107.86,2025-05-15,False
LIBM,120154,2025-04-30,UJM4275666,Renewal,25000.0,0.1044,2610.0,2025-05-15,False
NATI,120243,2025-04-30,NAR1581440,New,878.54,0.1082,95.06,2025-05-15,False
TRAV,120128,2025-04-30,JSA6025112,New,1855.67,0.0853,158.29,2025-05-15,False
ALLS,120129,2025-04-30,GWW6996539,Renewal,2975.47,0.1095,325.81,2025-05-15,False
TRAV,120003,2025-04-30,WYZ9589605,Renewal,6778.55,0.0892,604.65,2025-05-15,False
AMFA,120034,2025-04-30,VUD2827928,Renewal,788.36,0.1272,100.28,2025-05-15,False
HART,120148,2025-04-30,DUC4742721,Renewal,2900.66,0.1165,337.93,2025-05-15,False
LIBM,120027,2025-04-30,MEC8493145,New,981.62,0.1049,102.97,2025-05-15,False
LIBM,120145,2025-04-30,WSD8008774,Renewal,300.7,0.1012,30.43,2025-05-15,False
FARM,120161,2025-04-30,MYR2996157,Renewal,1201.93,0.1224,147.12,2025-05-15,False
LIBM,120008,2026-03-31,WAR8707901,Endorsement,16.21,0.1304,2.11,2026-04-15,False
FARM,120243,2025-04-30,MSP7692258,Renewal,754.33,0.1271,95.88,2025-05-15,False
ALLS,120029,2025-04-30,AVA6914773,New,1106.08,0.1094,121.01,2025-05-15,False
GEIC,120273,2025-04-30,LUS1424362,Renewal,1317.65,0.0987,130.05,2025-05-15,False
PRGS,120297,2025-04-30,HAN1420790,Renewal,716.3,0.1487,106.51,2025-05-15,False
TRAV,120289,2025-04-30,VGH4197618,New,1878.08,0.1235,231.94,2025-05-15,False
PRGS,120101,2026-02-28,KAE8257707,Endorsement,19.41,0.1238,2.4,2026-03-15,False
HART,120184,2025-04-30,XVY1880367,Renewal,921.5,0.1344,123.85,2025-05-15,False
ALLS,120002,2025-04-30,DGM8943067,Renewal,359.13,0.1295,46.51,2025-05-15,False
GEIC,120166,2025-04-30,XNR7351344,Renewal,904.64,0.1355,122.58,2025-05-15,False
TRAV,120088,2025-04-30,DDP3316130,Renewal,2879.12,0.1646,473.9,2025-05-15,False
ALLS,120158,2025-04-30,AJL7887773,Renewal,1165.56,0.1485,173.09,2025-05-15,False
HART,120014,2025-04-30,GFY7388257,Renewal,1168.45,0.1089,127.24,2025-05-15,False
PRGS,120288,2025-04-30,MFP9853763,Renewal,804.51,0.112,90.11,2025-05-15,False
NATI,120061,2025-04-30,DRC2770534,Renewal,2000.0,0.0897,179.4,2025-05-15,False
PRGS,120104,2025-04-30,WZC7698884,Renewal,500.0,0.1336,66.8,2025-05-15,False
HART,120229,2025-04-30,BZW2560835,Renewal,1233.35,0.1227,151.33,2025-05-15,False
PRGS,120265,2025-04-30,RBP4863121,Renewal,11138.09,0.1091,1215.17,2025-05-15,False
ALLS,120205,2025-04-30,TBF0035944,Renewal,17473.67,0.1225,2140.52,2025-05-15,False
ALLS,120205,2026-05-31,TBF0035944,Audit,-922.4,0.1225,-112.99,2026-06-15,True
ALLS,120122,2025-04-30,BBA8459077,Renewal,721.99,0.1151,83.1,2025-05-15,False
GEIC,120088,2025-04-30,XSU0302198,Renewal,2228.32,0.1317,293.47,2025-05-15,False
FARM,120071,2025-04-30,GLL5101379,Renewal,756.35,0.1248,94.39,2025-05-15,False
LIBM,120250,2025-04-30,KPL8556511,New,1253.93,0.1151,144.33,2025-05-15,False
TRAV,120038,2025-04-30,UZJ0168032,Renewal,7961.9,0.1419,1129.79,2025-05-15,False
ALLS,120208,2025-04-30,AMV8247278,New,4000.0,0.0924,369.6,2025-05-15,False
LIBM,120130,2025-04-30,ERY4836148,New,2044.58,0.1215,248.42,2025-05-15,False
PRGS,120228,2026-01-31,GXZ6507099,Endorsement,-13.63,0.1198,-1.63,2026-02-15,True
TRAV,120036,2025-04-30,URR9903402,New,1554.16,0.0981,152.46,2025-05-15,False
GEIC,120018,2025-04-30,YKF5657638,New,1856.81,0.1044,193.85,2025-05-15,False
NATI,120077,2025-04-30,UUX4795785,Renewal,327.68,0.0961,31.49,2025-05-15,False
AMFA,120100,2025-04-30,MKX3822432,Renewal,1500.0,0.2,300.0,2025-05-15,False
HART,120134,2025-04-30,ZPD0823494,Renewal,2923.52,0.0977,285.63,2025-05-15,False
ALLS,120134,2025-04-30,YNX2574526,Renewal,596.21,0.1145,68.27,2025-05-15,False
CHUB,120000,2025-04-30,ZMM4541864,Renewal,2518.32,0.1378,347.02,2025-05-15,False
FARM,120096,2025-04-30,SVD5122548,New,1661.9,0.08,132.95,2025-05-15,False
GEIC,120133,2025-04-30,XMP0385839,Renewal,1066.57,0.1433,152.84,2025-05-15,False
ALLS,120156,2025-04-30,MRH8210028,Renewal,346.1,0.1271,43.99,2025-05-15,False
PRGS,120120,2025-04-30,MBS3838320,New,982.85,0.094,92.39,2025-05-15,False
GEIC,120202,2025-04-30,MYR7984280,Renewal,728.74,0.1036,75.5,2025-05-15,False
CHUB,120199,2025-10-31,AKH5500028,Endorsement,-0.86,0.1103,-0.09,2025-11-15,True
ALLS,120141,2025-07-31,XSC1176239,Endorsement,-5.15,0.1157,-0.6,2025-08-15,True
TRAV,120107,2025-04-30,DAJ1507202,Renewal,1627.66,0.1287,209.48,2025-05-15,False
AMFA,120159,2025-04-30,YRY4790644,Renewal,1692.77,0.1577,266.95,2025-05-15,False
CHUB,120198,2025-04-30,EVA5401457,Renewal,7075.25,0.088,622.62,2025-05-15,False
NATI,120103,2025-04-30,HGN2733580,Renewal,2511.76,0.1099,276.04,2025-05-15,False
PRGS,120060,2025-04-30,NSD0817104,New,619.2,0.1113,68.92,2025-05-15,False
CHUB,120108,2025-04-30,VZR9328887,Renewal,1961.15,0.1646,322.81,2025-05-15,False
GEIC,120138,2025-04-30,NSE3702877,New,4000.0,0.1357,542.8,2025-05-15,False
ALLS,120279,2025-04-30,GUD1901517,Renewal,1500.0,0.1644,246.6,2025-05-15,False
ALLS,120279,2026-05-31,GUD1901517,Audit,-45.17,0.1644,-7.43,2026-06-15,True
AMFA,120194,2025-04-30,UDC4861756,Renewal,947.26,0.1205,114.14,2025-05-15,False
LIBM,120048,2025-04-30,YNB6116993,Renewal,3810.99,0.1581,602.52,2025-05-15,False
FARM,120135,2025-04-30,RJK3888139,New,2120.99,0.1076,228.22,2025-05-15,False
NATI,120166,2025-04-30,WAF1632553,New,1521.24,0.1283,195.18,2025-05-15,False
NATI,120238,2025-04-30,WTJ2662830,Renewal,896.1,0.1243,111.39,2025-05-15,False
PRGS,120182,2025-05-31,BTJ4610835,Reinstate,0.0,0.1456,0.0,2025-06-15,False
HART,120058,2025-04-30,AVA1255116,New,646.6,0.1247,80.63,2025-05-15,False
TRAV,120004,2025-04-30,DYP5767061,New,1107.44,0.0783,86.71,2025-05-15,False
HART,120050,2025-04-30,SGG9468345,Renewal,1933.84,0.1065,205.95,2025-05-15,False
NATI,120178,2025-04-30,CWT0258672,Renewal,2827.71,0.1656,468.27,2025-05-15,False
NATI,120178,2026-06-30,CWT0258672,Audit,87.17,0.1656,14.44,2026-07-15,False
GEIC,120118,2025-04-30,KHW4000080,Renewal,601.88,0.1241,74.69,2025-05-15,False
ALLS,120158,2025-04-30,ZMG9819022,Renewal,1479.31,0.1485,219.68,2025-05-15,False
ALLS,120259,2025-04-30,ALP6949681,Renewal,3219.56,0.1718,553.12,2025-05-15,False
GEIC,120216,2025-04-30,XKD9575846,Renewal,1112.44,0.0988,109.91,2025-05-15,False
CHUB,120275,2025-11-30,DHU4440385,Endorsement,-8.6,0.1188,-1.02,2025-12-15,True
ALLS,120230,2025-04-30,RXB8255631,Renewal,2799.64,0.1191,333.44,2025-05-15,False
HART,120291,2026-02-28,YSW0291048,Endorsement,-88.48,0.107,-9.47,2026-03-15,True
FARM,120133,2025-04-30,CTP9632923,New,878.8,0.0984,86.47,2025-05-15,False
PRGS,120253,2025-04-30,RUU7520735,Renewal,1848.22,0.1595,294.79,2025-05-15,False
AMFA,120006,2025-04-30,LTK4644289,New,641.66,0.1154,74.05,2025-05-15,False
LIBM,120037,2025-04-30,JCS0351953,Renewal,2930.02,0.1449,424.56,2025-05-15,False
ALLS,120127,2025-05-31,USY7562942,Endorsement,6.13,0.0854,0.52,2025-06-15,False
TRAV,120133,2025-04-30,HCH6112578,New,860.01,0.0879,75.59,2025-05-15,False
FARM,120097,2025-04-30,XPF3645754,New,3852.0,0.0785,302.38,2025-05-15,False
PRGS,120011,2025-04-30,SGU4933236,Renewal,1514.4,0.1119,169.46,2025-05-15,False
LIBM,120198,2025-10-31,GZN4851477,Cancel,-0.0,0.1041,-0.0,2025-11-15,False
PRGS,120012,2025-04-30,DWN8802227,Renewal,636.8,0.14,89.15,2025-05-15,False
ALLS,120193,2025-04-30,TDA9083416,Renewal,1152.91,0.1387,159.91,2025-05-15,False
CHUB,120030,2025-04-30,RFM4637377,Renewal,1213.79,0.1276,154.88,2025-05-15,False
GEIC,120103,2025-04-30,UBK5817873,New,1107.17,0.1207,133.64,2025-05-15,False
HART,120063,2025-04-30,HGF2201366,New,4000.0,0.1168,467.2,2025-05-15,False
PRGS,120081,2025-04-30,FWB9858706,Renewal,1486.78,0.0789,117.31,2025-05-15,False
PRGS,120213,2025-04-30,UWC8148175,New,3380.55,0.1178,398.23,2025-05-15,False
TRAV,120002,2025-04-30,NNC7471561,New,552.7,0.1241,68.59,2025-05-15,False
AMFA,120252,2025-12-31,EUS5755331,Endorsement,8.03,0.0944,0.76,2026-01-15,False
NATI,120105,2025-04-30,FHR0548082,Renewal,2000.0,0.1017,203.4,2025-05-15,False
AMFA,120295,2025-04-30,LJP5895714,Renewal,1360.32,0.1305,177.52,2025-05-15,False
TRAV,120128,2025-04-30,RGF2617113,Renewal,3818.49,0.1352,516.26,2025-05-15,False
NATI,120000,2025-04-30,MHR7585208,Renewal,3111.59,0.0909,282.84,2025-05-15,False
CHUB,120234,2025-04-30,PGH8042480,New,1032.73,0.1056,109.06,2025-05-15,False
NATI,120277,2025-04-30,AFE5702484,New,1851.54,0.1089,201.63,2025-05-15,False
CHUB,120272,2025-04-30,ZHV5762339,Renewal,1500.0,0.172,258.0,2025-05-15,False
PRGS,120284,2025-11-30,GWP1968943,Cancel,-0.0,0.156,-0.0,2025-12-15,False
TRAV,120196,2025-04-30,BRT5164860,Renewal,1253.94,0.0997,125.02,2025-05-15,False
LIBM,120282,2025-04-30,EUN8315224,Renewal,2529.74,0.1132,286.37,2025-05-15,False
LIBM,120127,2026-03-31,LKV0873019,Endorsement,4.97,0.1153,0.57,2026-04-15,False
PRGS,120141,2025-04-30,YBF3517208,New,852.56,0.0727,61.98,2025-05-15,False
GEIC,120200,2025-04-30,XUH3160541,Renewal,1425.49,0.1485,211.69,2025-05-15,False
ALLS,120267,2025-04-30,UDZ9268419,Renewal,2181.03,0.1287,280.7,2025-05-15,False
AMFA,120298,2025-04-30,ZVT0848101,New,1011.03,0.0984,99.49,2025-05-15,False
PRGS,120279,2025-04-30,KBG0736723,Renewal,1667.33,0.1302,217.09,2025-05-15,False
NATI,120299,2025-04-30,FAB9489854,Endorsement,-6.97,0.1165,-0.81,2025-05-15,True
LIBM,120159,2025-04-30,NCW1646898,Renewal,6628.39,0.175,1159.97,2025-05-15,False
TRAV,120136,2025-04-30,MSX0562530,Renewal,3144.02,0.0752,236.43,2025-05-15,False
TRAV,120030,2025-04-30,SLM7227122,Renewal,1028.92,0.1022,105.16,2025-05-15,False
HART,120290,2025-04-30,RYC6478853,Renewal,4000.0,0.06,240.0,2025-05-15,False
CHUB,120051,2025-04-30,WWL1069502,Renewal,1714.52,0.1095,187.74,2025-05-15,False
LIBM,120077,2025-04-30,WSF7831035,Renewal,1729.16,0.0941,162.71,2025-05-15,False
ALLS,120073,2025-10-31,XCV6894437,Endorsement,-13.23,0.1114,-1.47,2025-11-15,True
ALLS,120222,2025-07-31,VNM0270570,Endorsement,121.7,0.1277,15.54,2025-08-15,False
HART,120205,2026-02-28,DUZ7297372,Endorsement,-44.38,0.0877,-3.89,2026-03-15,True
NATI,120030,2025-04-30,SBM9223040,Renewal,2227.59,0.1298,289.14,2025-05-15,False
LIBM,120010,2025-04-30,JHH7613178,Renewal,7271.2,0.129,937.98,2025-05-15,False
PRGS,120193,2025-04-30,TYX2978795,Renewal,18360.18,0.1285,2359.28,2025-05-15,False
CHUB,120126,2026-03-31,JWA3652768,Endorsement,14.92,0.1451,2.16,2026-04-15,False
CHUB,120175,2025-04-30,JKU3468335,Renewal,3962.4,0.0854,338.39,2025-05-15,False
PRGS,120165,2025-04-30,VZL2857395,Renewal,2454.59,0.112,274.91,2025-05-15,False
PRGS,120139,2025-04-30,SUC9824932,Renewal,1500.0,0.1974,296.1,2025-05-15,False
CHUB,120130,2025-04-30,SVJ9750876,Renewal,2045.12,0.1464,299.41,2025-05-15,False
HART,120157,2025-04-30,PUN4623433,Renewal,3337.12,0.1356,452.51,2025-05-15,False
ALLS,120107,2025-04-30,MPW5239796,Renewal,2000.0,0.0888,177.6,2025-05-15,False
CHUB,120270,2025-04-30,SUT4244881,New,3457.92,0.0884,305.68,2025-05-15,False
PRGS,120137,2025-04-30,DST4610484,Renewal,3478.93,0.1979,688.48,2025-05-15,False
PRGS,120137,2026-06-30,DST4610484,Audit,-356.18,0.1979,-70.49,2026-07-15,True
FARM,120177,2025-04-30,UPX9553400,Renewal,968.12,0.0787,76.19,2025-05-15,False
PRGS,120012,2025-06-30,CLE7617054,Endorsement,-7.64,0.18,-1.38,2025-07-15,True
AMFA,120100,2025-04-30,ZZK4740578,New,1939.55,0.1181,229.06,2025-05-15,False
TRAV,120195,2025-04-30,ZJG6675225,Renewal,1146.82,0.0983,112.73,2025-05-15,False
PRGS,120090,2025-04-30,UMP0950568,New,3350.89,0.1091,365.58,2025-05-15,False
TRAV,120179,2025-04-30,CVF1700421,New,1196.36,0.1141,136.5,2025-05-15,False
HART,120151,2025-04-30,XPS5087478,Renewal,1248.62,0.0829,103.51,2025-05-15,False
FARM,120097,2025-04-30,SGP9287534,Renewal,12557.91,0.1474,1851.04,2025-05-15,False
GEIC,120166,2025-04-30,UGJ5165577,Renewal,6724.17,0.0825,554.74,2025-05-15,False
LIBM,120194,2025-04-30,HEU3118154,Renewal,682.11,0.1236,84.31,2025-05-15,False
LIBM,120190,2025-04-30,VXP9339947,New,1424.11,0.0994,141.56,2025-05-15,False
AMFA,120192,2025-04-30,WVV4502146,New,847.43,0.1033,87.54,2025-05-15,False
LIBM,120161,2025-04-30,ADF9428149,New,1527.8,0.1168,178.45,2025-05-15,False
LIBM,120148,2025-04-30,HZW3369911,New,758.12,0.0831,63.0,2025-05-15,False
GEIC,120033,2025-04-30,YNU4356359,New,871.77,0.096,83.69,2025-05-15,False
LIBM,120064,2025-04-30,TBV0868979,New,2170.55,0.0992,215.32,2025-05-15,False
NATI,120298,2025-04-30,FYN2721719,Renewal,2502.49,0.1722,430.93,2025-05-15,False
FARM,120152,2025-04-30,JEZ0606389,Renewal,6604.07,0.1106,730.41,2025-05-15,False
HART,120243,2025-04-30,TRE0777420,Renewal,5076.77,0.2,1015.35,2025-05-15,False
PRGS,120054,2025-04-30,DNB9786013,Renewal,5048.49,0.2,1009.7,2025-05-15,False
PRGS,120293,2026-02-28,ZSA3263919,Endorsement,23.72,0.1176,2.79,2026-03-15,False
LIBM,120164,2026-02-28,PEX7958208,Endorsement,3.15,0.0941,0.3,2026-03-15,False
CHUB,120204,2025-04-30,JMG3713088,Renewal,1398.15,0.1409,197.0,2025-05-15,False
FARM,120207,2025-04-30,YJB4554668,Renewal,2580.14,0.17,438.62,2025-05-15,False
PRGS,120172,2026-03-31,UDS2591383,Cancel,-0.0,0.1763,-0.0,2026-04-15,False
PRGS,120252,2025-04-30,UBE2688430,New,2107.7,0.06,126.46,2025-05-15,False
HART,120260,2025-04-30,XPH9561586,Renewal,6917.92,0.1562,1080.58,2025-05-15,False
TRAV,120132,2025-04-30,PGP3085822,New,2217.79,0.1022,226.66,2025-05-15,False
GEIC,120123,2025-06-30,LXZ4308339,Reinstate,0.0,0.1422,0.0,2025-07-15,False
LIBM,120291,2025-04-30,MLM6808936,New,1427.9,0.1238,176.77,2025-05-15,False
TRAV,120231,2025-04-30,ZKA1320794,Renewal,2286.71,0.0971,222.04,2025-05-15,False
HART,120211,2025-04-30,SMU7947712,Renewal,4478.45,0.112,501.59,2025-05-15,False
PRGS,120267,2025-04-30,USE8388056,Renewal,873.43,0.1174,102.54,2025-05-15,False
GEIC,120030,2025-04-30,RCK5362543,Renewal,2766.86,0.2,553.37,2025-05-15,False
PRGS,120205,2025-04-30,YEK1483909,New,2461.43,0.0674,165.9,2025-05-15,False
GEIC,120014,2025-04-30,HZG8041980,New,2140.08,0.084,179.77,2025-05-15,False
PRGS,120217,2025-04-30,JUB1160928,Renewal,7485.95,0.1986,1486.71,2025-05-15,False
GEIC,120248,2025-04-30,YEE1910255,New,1426.55,0.06,85.59,2025-05-15,False
AMFA,120081,2025-09-30,JET6909135,Endorsement,-10.44,0.1095,-1.14,2025-10-15,True
AMFA,120019,2025-04-30,GZB3413647,Renewal,2939.43,0.0864,253.97,2025-05-15,False
AMFA,120094,2026-02-28,XPU8061183,Endorsement,16.18,0.159,2.57,2026-03-15,False
TRAV,120283,2025-04-30,NZW8638286,Renewal,2000.0,0.0934,186.8,2025-05-15,False
LIBM,120117,2025-04-30,TNG3953695,Renewal,446.22,0.1129,50.38,2025-05-15,False
PRGS,120137,2025-04-30,SFP2421388,Renewal,5337.58,0.1421,758.47,2025-05-15,False
PRGS,120137,2026-05-31,SFP2421388,Audit,-506.03,0.1421,-71.91,2026-06-15,True
ALLS,120136,2025-04-30,UYZ1392359,New,1364.52,0.086,117.35,2025-05-15,False
PRGS,120097,2025-04-30,BHH7451945,Renewal,2355.07,0.0973,229.15,2025-05-15,False
TRAV,120214,2025-04-30,ZAG6063161,Renewal,1114.81,0.1753,195.43,2025-05-15,False
TRAV,120015,2025-04-30,HSC1103476,Renewal,4416.32,0.097,428.38,2025-05-15,False
TRAV,120066,2025-04-30,FLU3076794,New,812.34,0.0791,64.26,2025-05-15,False
AMFA,120128,2025-04-30,YFU5459712,Renewal,6228.91,0.0716,445.99,2025-05-15,False
TRAV,120004,2025-04-30,EFM5857389,Renewal,1243.78,0.0735,91.42,2025-05-15,False
LIBM,120017,2025-12-31,RTY1258108,Cancel,-0.0,0.2,-0.0,2026-01-15,False
PRGS,120230,2025-04-30,WVM3168572,New,2399.81,0.1233,295.9,2025-05-15,False
TRAV,120032,2025-04-30,VML3770975,Renewal,2191.7,0.1264,277.03,2025-05-15,False
HART,120227,2025-04-30,CKC7217261,Renewal,16927.36,0.13,2200.56,2025-05-15,False
CHUB,120267,2025-04-30,LFT8668316,New,2346.1,0.0793,186.05,2025-05-15,False
ALLS,120007,2025-04-30,ZMZ4447455,New,1456.77,0.0841,122.51,2025-05-15,False
AMFA,120001,2025-04-30,SRW4030323,New,3623.39,0.1082,392.05,2025-05-15,False
LIBM,120036,2025-04-30,ZDP6166555,New,1867.68,0.1046,195.36,2025-05-15,False
TRAV,120034,2025-12-31,SUV6557282,Endorsement,-71.24,0.1353,-9.64,2026-01-15,True
PRGS,120283,2025-04-30,ETP6315225,Cancel,-0.0,0.1186,-0.0,2025-05-15,False
ALLS,120190,2025-04-30,TAL3819931,Renewal,4669.66,0.1518,708.85,2025-05-15,False
ALLS,120190,2026-06-30,TAL3819931,Audit,-59.15,0.1518,-8.98,2026-07-15,True
TRAV,120292,2025-04-30,LGC5485261,Renewal,2354.73,0.1089,256.43,2025-05-15,False
PRGS,120173,2025-04-30,SRP6835964,New,1243.98,0.0868,107.98,2025-05-15,False
CHUB,120197,2025-04-30,PXM5567575,Renewal,2078.66,0.1115,231.77,2025-05-15,False
PRGS,120058,2025-04-30,DCB3653946,New,2275.74,0.0978,222.57,2025-05-15,False
HART,120239,2025-04-30,FCF5040216,Renewal,2000.0,0.1274,254.8,2025-05-15,False
HART,120008,2025-04-30,DDS7824337,New,1000.82,0.096,96.08,2025-05-15,False
LIBM,120170,2025-04-30,KNP7429817,Reinstate,0.0,0.1826,0.0,2025-05-15,False
LIBM,120058,2025-04-30,CRR5061310,Renewal,1627.32,0.1187,193.16,2025-05-15,False
HART,120065,2025-04-30,UWS4530588,Renewal,3469.06,0.1342,465.55,2025-05-15,False
NATI,120040,2025-04-30,ZNK5577064,New,1842.8,0.0718,132.31,2025-05-15,False
ALLS,120083,2026-02-28,AKM2692320,Endorsement,-68.16,0.1335,-9.1,2026-03-15,True
GEIC,120058,2025-04-30,PNZ1947306,Renewal,1500.0,0.1756,263.4,2025-05-15,False
GEIC,120058,2026-05-31,PNZ1947306,Audit,89.5,0.1756,15.72,2026-06-15,False
HART,120260,2025-04-30,GNA2761646,New,1169.57,0.0838,98.01,2025-05-15,False
CHUB,120196,2025-04-30,DCA0500527,Endorsement,18.27,0.1268,2.32,2025-05-15,False
ALLS,120252,2025-04-30,DWW4465501,Renewal,1559.19,0.0948,147.81,2025-05-15,False
LIBM,120225,2025-04-30,BHZ6059875,Renewal,1220.78,0.1224,149.42,2025-05-15,False
CHUB,120147,2025-04-30,TSZ1864103,New,1545.3,0.0959,148.19,2025-05-15,False
LIBM,120183,2025-04-30,VGW2613143,Renewal,1527.13,0.1389,212.12,2025-05-15,False
GEIC,120011,2025-04-30,LJY5522689,New,1601.82,0.0909,145.61,2025-05-15,False
ALLS,120142,2025-04-30,LEW4990851,Renewal,13166.81,0.092,1211.35,2025-05-15,False
PRGS,120202,2025-04-30,UUY8021611,Renewal,3966.12,0.1621,642.91,2025-05-15,False
ALLS,120291,2025-04-30,WZL9526773,Renewal,2875.95,0.1665,478.85,2025-05-15,False
GEIC,120271,2025-04-30,ECU4679115,Renewal,1821.38,0.0969,176.49,2025-05-15,False
AMFA,120262,2025-04-30,CSR1353210,New,2098.91,0.0751,157.63,2025-05-15,False
PRGS,120174,2025-04-30,CFV3201963,New,1740.7,0.1227,213.58,2025-05-15,False
GEIC,120044,2025-04-30,JXN0942508,Renewal,5246.88,0.1295,679.47,2025-05-15,False
AMFA,120209,2025-04-30,RTD4296973,Renewal,1578.41,0.1113,175.68,2025-05-15,False
ALLS,120155,2025-04-30,LBJ6564080,New,776.13,0.1065,82.66,2025-05-15,False
LIBM,120041,2025-08-31,UHZ0078208,Endorsement,-78.89,0.1159,-9.14,2025-09-15,True
ALLS,120085,2025-04-30,BSX3242226,Renewal,1983.08,0.1493,296.07,2025-05-15,False
LIBM,120193,2025-04-30,PAC0726578,Renewal,1483.41,0.1042,154.57,2025-05-15,False
GEIC,120263,2025-04-30,FUM1865769,Renewal,1825.83,0.1264,230.78,2025-05-15,False
HART,120103,2025-04-30,FGT6079159,New,1309.25,0.0828,108.41,2025-05-15,False
ALLS,120004,2025-04-30,MNC8763288,Renewal,4539.78,0.1863,845.76,2025-05-15,False
TRAV,120266,2025-04-30,AHE9655859,New,1528.42,0.1285,196.4,2025-05-15,False
ALLS,120140,2025-04-30,AFS9024724,Renewal,4801.67,0.0873,419.19,2025-05-15,False
PRGS,120024,2025-04-30,MPE7226781,Renewal,3436.1,0.1513,519.88,2025-05-15,False
LIBM,120218,2025-04-30,CLY5432141,Renewal,2962.61,0.1324,392.25,2025-05-15,False
GEIC,120017,2025-04-30,RRV1865154,New,1067.23,0.0912,97.33,2025-05-15,False
PRGS,120135,2025-04-30,MAM3819093,New,2798.92,0.1113,311.52,2025-05-15,False
PRGS,120272,2025-04-30,XZF3825623,Rewrite,4325.29,0.1525,659.61,2025-05-15,False
GEIC,120031,2025-04-30,XBR4237238,Renewal,2089.86,0.1299,271.47,2025-05-15,False
CHUB,120091,2025-04-30,URB4759481,Renewal,5938.12,0.1684,999.98,2025-05-15,False
AMFA,120159,2025-09-30,PVH8325134,Endorsement,93.88,0.1548,14.53,2025-10-15,False
TRAV,120097,2025-04-30,ZTE9314981,New,2458.81,0.0851,209.24,2025-05-15,False
TRAV,120252,2025-04-30,DGX6941871,Renewal,1860.75,0.1169,217.52,2025-05-15,False
NATI,120044,2025-04-30,ZHX3080723,Renewal,1155.15,0.1008,116.44,2025-05-15,False
ALLS,120015,2025-04-30,DDN2450091,Renewal,500.0,0.1345,67.25,2025-05-15,False
LIBM,120136,2025-04-30,GRZ8972761,New,3214.92,0.0838,269.41,2025-05-15,False
LIBM,120230,2025-04-30,BSN6845812,New,1241.63,0.1026,127.39,2025-05-15,False
NATI,120139,2025-04-30,BSP2182707,Renewal,1957.26,0.1193,233.5,2025-05-15,False
PRGS,120245,2025-04-30,JBK2831215,Renewal,10786.7,0.1668,1799.22,2025-05-15,False
AMFA,120065,2025-04-30,VFD8104408,New,1672.09,0.1067,178.41,2025-05-15,False
AMFA,120278,2025-04-30,UCK2252286,New,1630.97,0.0946,154.29,2025-05-15,False
GEIC,120023,2025-04-30,DUD4350930,New,3313.5,0.0719,238.24,2025-05-15,False
TRAV,120043,2025-04-30,THB5966539,New,919.66,0.108,99.32,2025-05-15,False
ALLS,120090,2025-09-30,TFD3506257,Reinstate,0.0,0.115,0.0,2025-10-15,False
CHUB,120298,2025-04-30,ZXU1249149,New,1895.59,0.06,113.74,2025-05-15,False
LIBM,120208,2025-04-30,UEJ2408852,Renewal,1273.75,0.1178,150.05,2025-05-15,False
PRGS,120175,2025-07-31,USY6607924,Endorsement,8.59,0.1183,1.02,2025-08-15,False
GEIC,120235,2025-04-30,KGT5870507,New,2190.48,0.0975,213.57,2025-05-15,False
GEIC,120175,2025-04-30,BUW1718527,Renewal,2790.38,0.1304,363.87,2025-05-15,False
PRGS,120013,2025-04-30,TXV2055200,New,2633.98,0.096,252.86,2025-05-15,False
AMFA,120033,2025-04-30,TCV6768273,Renewal,1798.28,0.1568,281.97,2025-05-15,False
GEIC,120248,2025-04-30,ACH0406580,Renewal,1711.94,0.1256,215.02,2025-05-15,False
FARM,120016,2025-04-30,UZP5303069,New,1111.62,0.0957,106.38,2025-05-15,False
NATI,120144,2025-04-30,NBJ0289645,New,2307.3,0.0822,189.66,2025-05-15,False
PRGS,120077,2025-04-30,WFH4325442,Renewal,2783.98,0.1009,280.9,2025-05-15,False
TRAV,120081,2025-04-30,TGE6537964,New,616.14,0.1333,82.13,2025-05-15,False
TRAV,120234,2025-09-30,CMJ9230258,Cancel,-0.0,0.1652,-0.0,2025-10-15,False
LIBM,120165,2025-04-30,GVT2152094,Renewal,3373.16,0.1309,441.55,2025-05-15,False
LIBM,120178,2025-04-30,NXA1487878,New,2119.08,0.1259,266.79,2025-05-15,False
AMFA,120204,2025-04-30,GEY7810268,Renewal,2123.25,0.1412,299.8,2025-05-15,False
TRAV,120138,2025-04-30,CNG8396676,New,504.5,0.1044,52.67,2025-05-15,False
GEIC,120111,2025-04-30,KAJ3358348,Renewal,2002.51,0.1289,258.12,2025-05-15,False
FARM,120047,2025-04-30,EZE6714296,Renewal,1010.65,0.1083,109.45,2025-05-15,False
ALLS,120154,2025-04-30,PNH1774598,Renewal,879.58,0.1577,138.71,2025-05-15,False
GEIC,120131,2025-04-30,DSS8645551,Renewal,2210.27,0.1062,234.73,2025-05-15,False
LIBM,120168,2025-04-30,MLH9058825,Renewal,1730.83,0.1208,209.08,2025-05-15,False
PRGS,120289,2025-04-30,FFM7162912,Renewal,15000.0,0.186,2790.0,2025-05-15,False
AMFA,120284,2025-04-30,BTN0006989,Renewal,2356.01,0.1601,377.2,2025-05-15,False
CHUB,120096,2025-07-31,KFG0273247,Endorsement,35.18,0.1084,3.81,2025-08-15,False
LIBM,120291,2025-04-30,TYA1352616,Renewal,3283.92,0.1318,432.82,2025-05-15,False
NATI,120238,2025-04-30,PLM7150323,Renewal,7194.44,0.1234,887.79,2025-05-15,False
GEIC,120194,2025-04-30,CHR3254828,New,683.85,0.1148,78.51,2025-05-15,False
HART,120096,2025-04-30,MYW4034937,Renewal,624.85,0.1193,74.54,2025-05-15,False
ALLS,120270,2025-04-30,CSJ0321275,Renewal,14796.92,0.0853,1262.18,2025-05-15,False
CHUB,120150,2025-04-30,MFR7910475,New,617.7,0.1099,67.89,2025-05-15,False
GEIC,120203,2025-04-30,UGG6402305,Renewal,1261.07,0.1002,126.36,2025-05-15,False
CHUB,120126,2025-04-30,YEW2794438,Renewal,4247.08,0.1502,637.91,2025-05-15,False
ALLS,120168,2025-04-30,VTW0099312,New,1111.43,0.1149,127.7,2025-05-15,False
CHUB,120219,2025-04-30,KUF3986867,New,2429.64,0.1189,288.88,2025-05-15,False
HART,120095,2025-08-31,PCK2466888,Endorsement,14.14,0.1308,1.85,2025-09-15,False
PRGS,120252,2025-04-30,XVL9361431,Renewal,1644.27,0.1497,246.15,2025-05-15,False
HART,120208,2025-04-30,CAL9035231,Renewal,2263.02,0.1565,354.16,2025-05-15,False
TRAV,120110,2025-04-30,ZEL9395098,Renewal,1975.4,0.1151,227.37,2025-05-15,False
AMFA,120156,2025-04-30,XWG3173708,Renewal,2372.91,0.0948,224.95,2025-05-15,False
ALLS,120009,2025-04-30,DHM4399342,Renewal,2000.0,0.1239,247.8,2025-05-15,False
ALLS,120009,2026-06-30,DHM4399342,Audit,151.38,0.1239,18.76,2026-07-15,False
CHUB,120135,2025-04-30,ECY4634284,Renewal,6346.06,0.1274,808.49,2025-05-15,False
AMFA,120089,2025-10-31,RSC2375318,Cancel,-0.0,0.1671,-0.0,2025-11-15,False
PRGS,120126,2025-12-31,UCM8241960,Endorsement,29.66,0.131,3.89,2026-01-15,False
NATI,120041,2025-04-30,VWE6041370,Renewal,707.78,0.1294,91.59,2025-05-15,False
PRGS,120234,2025-04-30,EHD0897549,Renewal,3097.63,0.1276,395.26,2025-05-15,False
HART,120152,2025-04-30,KNW3783102,Renewal,3819.34,0.1166,445.34,2025-05-15,False
HART,120080,2025-04-30,DGH0256212,Renewal,1606.57,0.0974,156.48,2025-05-15,False
ALLS,120015,2025-04-30,URZ2072806,New,1508.45,0.1092,164.72,2025-05-15,False
PRGS,120121,2025-04-30,RXF7406264,Renewal,4273.73,0.1312,560.71,2025-05-15,False
PRGS,120028,2025-04-30,GYA2942286,New,1342.39,0.1164,156.25,2025-05-15,False
GEIC,120001,2025-04-30,XDA2101482,New,2762.48,0.1062,293.38,2025-05-15,False
GEIC,120154,2025-04-30,DLE0301270,Renewal,712.93,0.1189,84.77,2025-05-15,False
ALLS,120092,2025-04-30,ACZ2687216,Renewal,1591.55,0.1451,230.93,2025-05-15,False
HART,120232,2025-04-30,CWZ1358868,Renewal,500.0,0.1074,53.7,2025-05-15,False
LIBM,120086,2026-02-28,JAP3019461,Endorsement,0.4,0.1373,0.05,2026-03-15,False
GEIC,120199,2025-04-30,HBG5773294,Renewal,1427.04,0.136,194.08,2025-05-15,False
LIBM,120265,2025-04-30,AUK1136362,Renewal,1113.1,0.1262,140.47,2025-05-15,False
FARM,120243,2025-04-30,ANZ6005982,Renewal,3431.77,0.1592,546.34,2025-05-15,False
PRGS,120275,2025-04-30,HFK6543965,Renewal,7069.9,0.1113,786.88,2025-05-15,False
PRGS,120010,2025-04-30,TUD4822576,Renewal,7662.86,0.1666,1276.63,2025-05-15,False
PRGS,120010,2026-04-30,TUD4822576,Audit,-159.67,0.1666,-26.6,2026-05-15,True
TRAV,120279,2025-04-30,PUV7209537,New,725.54,0.0921,66.82,2025-05-15,False
ALLS,120214,2025-04-30,ZLA4350870,Renewal,2683.65,0.1059,284.2,2025-05-15,False
PRGS,120011,2026-01-31,NCJ4839351,Endorsement,-54.61,0.1084,-5.92,2026-02-15,True
TRAV,120133,2025-04-30,ZSV1455708,New,1386.23,0.0907,125.73,2025-05-15,False
LIBM,120064,2025-04-30,CKA7132214,Renewal,18051.71,0.1131,2041.65,2025-05-15,False
TRAV,120128,2025-04-30,UNY9044406,Renewal,2810.76,0.127,356.97,2025-05-15,False
CHUB,120148,2025-04-30,UZR7789508,Renewal,2035.77,0.1153,234.72,2025-05-15,False
FARM,120279,2025-04-30,HZY9121150,Endorsement,2.56,0.0934,0.24,2025-05-15,False
GEIC,120038,2025-04-30,XWK8080089,New,1441.42,0.0755,108.83,2025-05-15,False
PRGS,120216,2025-04-30,ZSC2847207,Renewal,2931.39,0.0938,274.96,2025-05-15,False
HART,120149,2025-04-30,UEG9816264,Renewal,2355.68,0.1349,317.78,2025-05-15,False
HART,120242,2025-04-30,LHD2579584,Renewal,13905.37,0.1138,1582.43,2025-05-15,False
AMFA,120029,2025-04-30,MBM8187829,Renewal,302.25,0.1109,33.52,2025-05-15,False
GEIC,120062,2025-04-30,ACX4075048,Renewal,1025.86,0.162,166.19,2025-05-15,False
CHUB,120223,2025-04-30,XWT1784370,Renewal,2256.84,0.1069,241.26,2025-05-15,False
ALLS,120215,2025-04-30,XUF5912381,New,681.14,0.0873,59.46,2025-05-15,False
GEIC,120033,2025-04-30,XKE7273111,Renewal,25000.0,0.0971,2427.5,2025-05-15,False
GEIC,120131,2025-04-30,JFV7772639,Renewal,999.31,0.1021,102.03,2025-05-15,False
PRGS,120214,2025-04-30,MMF3311460,Renewal,3058.59,0.1376,420.86,2025-05-15,False
CHUB,120090,2025-04-30,LPX6166826,Renewal,589.05,0.1077,63.44,2025-05-15,False
PRGS,120015,2025-04-30,JHK7081518,New,2331.77,0.1201,280.05,2025-05-15,False
GEIC,120249,2025-04-30,LUX0401050,Renewal,2343.51,0.1637,383.63,2025-05-15,False
ALLS,120213,2025-04-30,NXL9806245,New,658.41,0.14,92.18,2025-05-15,False
NATI,120214,2026-03-31,UZY2898382,Endorsement,68.17,0.1641,11.19,2026-04-15,False
FARM,120215,2025-04-30,GAU6220658,New,1281.58,0.0919,117.78,2025-05-15,False
FARM,120117,2025-04-30,FCA4396923,Renewal,1256.27,0.1037,130.28,2025-05-15,False
FARM,120034,2025-04-30,TKB7777032,New,1872.56,0.1131,211.79,2025-05-15,False
ALLS,120210,2025-12-31,MFJ1614846,Cancel,-0.0,0.0806,-0.0,2026-01-15,False
FARM,120203,2025-04-30,ZAV8240250,Renewal,7210.14,0.1269,914.97,2025-05-15,False
ALLS,120008,2025-04-30,NLF3903690,New,751.79,0.0787,59.17,2025-05-15,False
GEIC,120034,2025-04-30,XXU0539783,Renewal,1103.05,0.1701,187.63,2025-05-15,False
HART,120000,2025-04-30,BAR5663040,Renewal,4816.88,0.08,385.35,2025-05-15,False
ALLS,120203,2025-04-30,FPS8311439,Renewal,15000.0,0.1208,1812.0,2025-05-15,False
TRAV,120192,2025-05-31,YTZ4200099,Endorsement,3.39,0.1462,0.5,2025-06-15,False
TRAV,120191,2025-04-30,YAB8570625,Renewal,7000.0,0.1386,970.2,2025-05-15,False
HART,120254,2025-04-30,KER9169486,Renewal,15000.0,0.1568,2352.0,2025-05-15,False
GEIC,120185,2025-04-30,DAA9944080,Renewal,1066.7,0.1336,142.51,2025-05-15,False
AMFA,120186,2025-04-30,SUC4987995,Renewal,2726.66,0.1548,422.09,2025-05-15,False
AMFA,120042,2025-04-30,TYX8448479,Renewal,692.52,0.155,107.34,2025-05-15,False
HART,120269,2025-04-30,MKJ6121836,Renewal,1501.6,0.133,199.71,2025-05-15,False
TRAV,120099,2025-04-30,JZU5671064,New,2425.42,0.0984,238.66,2025-05-15,False
ALLS,120136,2025-04-30,VMT6703775,New,4000.0,0.1047,418.8,2025-05-15,False
ALLS,120219,2025-04-30,LFZ3267059,Renewal,2743.03,0.1044,286.37,2025-05-15,False
AMFA,120114,2025-04-30,PBU4462284,Renewal,500.0,0.1395,69.75,2025-05-15,False
FARM,120023,2025-10-31,YBP4686426,Endorsement,-40.18,0.0887,-3.56,2025-11-15,True
TRAV,120290,2025-04-30,NUJ4925471,Renewal,4322.41,0.1241,536.41,2025-05-15,False
PRGS,120028,2025-04-30,BUB5254572,Renewal,4213.65,0.1559,656.91,2025-05-15,False
TRAV,120275,2025-04-30,MLX2512928,Renewal,9189.34,0.083,762.72,2025-05-15,False
ALLS,120239,2025-04-30,RWE3965943,Renewal,497.72,0.1213,60.37,2025-05-15,False
TRAV,120138,2025-08-31,JBW6944137,Endorsement,-12.07,0.1234,-1.49,2025-09-15,True
CHUB,120044,2025-04-30,AGZ2409746,Renewal,1432.19,0.0945,135.34,2025-05-15,False
ALLS,120050,2025-04-30,KGZ3939593,Renewal,3558.7,0.1507,536.3,2025-05-15,False
LIBM,120020,2025-04-30,MBP4036168,New,911.71,0.1194,108.86,2025-05-15,False
GEIC,120000,2025-04-30,EJW7425458,Renewal,1139.61,0.1159,132.08,2025-05-15,False
TRAV,120111,2025-04-30,DUF7202356,Renewal,4314.23,0.1061,457.74,2025-05-15,False
CHUB,120044,2025-04-30,CPD8221965,New,460.39,0.1008,46.41,2025-05-15,False
FARM,120118,2025-04-30,FKA5027367,New,1185.65,0.1326,157.22,2025-05-15,False
TRAV,120265,2025-04-30,VRU8215175,Endorsement,-9.74,0.1093,-1.06,2025-05-15,True
GEIC,120276,2025-04-30,TDV3333042,New,810.14,0.1142,92.52,2025-05-15,False
LIBM,120276,2025-04-30,UWE1167587,Renewal,25000.0,0.0624,1560.0,2025-05-15,False
LIBM,120276,2026-06-30,UWE1167587,Audit,2614.45,0.0624,163.14,2026-07-15,False
HART,120211,2025-06-30,TCM8483199,Endorsement,-6.43,0.143,-0.92,2025-07-15,True
PRGS,120093,2025-04-30,TKC8479821,New,948.42,0.1003,95.13,2025-05-15,False
HART,120292,2025-04-30,FAZ6479988,New,937.28,0.1167,109.38,2025-05-15,False
GEIC,120110,2025-04-30,HAP4727817,Renewal,1142.58,0.1075,122.83,2025-05-15,False
PRGS,120093,2025-04-30,PRE8485107,Renewal,2451.27,0.1586,388.77,2025-05-15,False
CHUB,120275,2025-04-30,WRE9382209,New,736.09,0.1006,74.05,2025-05-15,False
NATI,120114,2025-04-30,HAB2344049,Renewal,299.42,0.1172,35.09,2025-05-15,False
HART,120009,2025-04-30,LNX2487112,New,1034.25,0.0937,96.91,2025-05-15,False
LIBM,120140,2025-04-30,ZNW6784894,Renewal,4904.55,0.1322,648.38,2025-05-15,False
LIBM,120196,2025-12-31,MPX1954161,Endorsement,28.83,0.1179,3.4,2026-01-15,False
TRAV,120022,2025-08-31,LPU1359827,Endorsement,18.77,0.1194,2.24,2025-09-15,False
PRGS,120243,2025-04-30,UMN8745918,Renewal,811.44,0.1293,104.92,2025-05-15,False
HART,120017,2025-04-30,BGK1244979,Renewal,2000.0,0.1006,201.2,2025-05-15,False
LIBM,120078,2025-04-30,HAE5580723,Renewal,5300.05,0.1537,814.62,2025-05-15,False
ALLS,120085,2025-04-30,DSJ9642977,Renewal,1857.52,0.1179,219.0,2025-05-15,False
PRGS,120298,2025-04-30,KYJ9304280,Renewal,1360.35,0.1657,225.41,2025-05-15,False
GEIC,120197,2025-04-30,PWE6796755,Reinstate,0.0,0.1575,0.0,2025-05-15,False
PRGS,120056,2025-04-30,XFP6076973,New,1193.25,0.14,167.06,2025-05-15,False
LIBM,120299,2025-04-30,RHG4888253,New,1328.26,0.1299,172.54,2025-05-15,False
LIBM,120119,2025-04-30,MGR1472172,New,2283.7,0.0846,193.2,2025-05-15,False
LIBM,120116,2025-04-30,ZJE6996593,New,1220.93,0.0675,82.41,2025-05-15,False
PRGS,120246,2025-04-30,GXC8914933,Renewal,2423.67,0.1206,292.29,2025-05-15,False
CHUB,120127,2025-04-30,UGX5940074,Renewal,551.04,0.1295,71.36,2025-05-15,False
HART,120281,2025-04-30,DYB2367568,Renewal,951.67,0.1451,138.09,2025-05-15,False
ALLS,120158,2025-04-30,GAS1968844,New,1952.5,0.0876,171.04,2025-05-15,False
PRGS,120111,2025-04-30,WCZ0836109,New,1427.69,0.0797,113.79,2025-05-15,False
NATI,120036,2025-04-30,XXW4032525,New,2983.04,0.1006,300.09,2025-05-15,False
AMFA,120070,2025-08-31,VVT8580384,Endorsement,-24.51,0.1391,-3.41,2025-09-15,True
LIBM,120008,2025-04-30,XUP5568479,New,1411.68,0.14,197.64,2025-05-15,False
TRAV,120081,2025-04-30,LLB4877505,New,1251.86,0.0767,96.02,2025-05-15,False
HART,120030,2025-04-30,BBF1382189,Renewal,1751.77,0.1279,224.05,2025-05-15,False
PRGS,120017,2025-04-30,XAH6122340,Renewal,3186.42,0.1417,451.52,2025-05-15,False
GEIC,120148,2025-04-30,LKW9764452,New,1371.26,0.0995,136.44,2025-05-15,False
FARM,120007,2025-04-30,AAZ8125735,New,3601.31,0.1202,432.88,2025-05-15,False
PRGS,120274,2025-04-30,DGY1389078,Renewal,1675.38,0.0926,155.14,2025-05-15,False
CHUB,120133,2025-04-30,VNL4545005,New,1208.21,0.1128,136.29,2025-05-15,False
TRAV,120259,2025-04-30,VPH5998220,New,583.59,0.1293,75.46,2025-05-15,False
ALLS,120187,2025-04-30,KXN5361149,New,2573.37,0.0887,228.26,2025-05-15,False
GEIC,120250,2025-04-30,HBW2069153,New,1101.1,0.0919,101.19,2025-05-15,False
LIBM,120115,2025-04-30,JXK5581564,Renewal,2255.27,0.1645,370.99,2025-05-15,False
LIBM,120067,2025-04-30,PDM6352082,Renewal,2266.0,0.1568,355.31,2025-05-15,False
ALLS,120027,2025-04-30,KNR6522362,New,3205.93,0.1329,426.07,2025-05-15,False
ALLS,120087,2025-04-30,TGG5470180,Renewal,1954.59,0.1239,242.17,2025-05-15,False
CHUB,120142,2025-04-30,GGG5499871,Renewal,1807.76,0.1396,252.36,2025-05-15,False
CHUB,120196,2025-04-30,DGM7394134,Renewal,7114.06,0.08,569.12,2025-05-15,False
NATI,120260,2025-04-30,LWB0611409,Renewal,977.83,0.0625,61.11,2025-05-15,False
HART,120270,2025-04-30,DJK8816837,New,1265.5,0.0956,120.98,2025-05-15,False
ALLS,120011,2025-04-30,RVW9822041,New,1730.69,0.1072,185.53,2025-05-15,False
LIBM,120049,2025-04-30,KUR0477046,Renewal,7454.32,0.1295,965.33,2025-05-15,False
TRAV,120224,2025-04-30,PWE0367615,Renewal,1307.97,0.1108,144.92,2025-05-15,False
FARM,120080,2025-04-30,EHX3953351,Renewal,3023.72,0.1489,450.23,2025-05-15,False
FARM,120080,2026-04-30,EHX3953351,Audit,-444.47,0.1489,-66.18,2026-05-15,True
CHUB,120181,2025-04-30,MAE4215793,New,1798.38,0.0684,123.01,2025-05-15,False
CHUB,120274,2025-04-30,ZVY3078997,New,1409.37,0.0919,129.52,2025-05-15,False
GEIC,120027,2025-04-30,CBS7914385,New,1397.75,0.1086,151.8,2025-05-15,False
NATI,120028,2025-04-30,WJE7109453,Renewal,893.18,0.1295,115.67,2025-05-15,False
FARM,120120,2025-04-30,EVC1264262,Renewal,2966.67,0.1162,344.73,2025-05-15,False
TRAV,120134,2026-02-28,XGT8224780,Endorsement,-49.46,0.1299,-6.42,2026-03-15,True
TRAV,120138,2025-04-30,BMA0615934,Renewal,789.6,0.155,122.39,2025-05-15,False
AMFA,120045,2025-04-30,XKS7629966,Renewal,6687.56,0.1058,707.54,2025-05-15,False
ALLS,120246,2025-04-30,YHY4469367,New,1733.97,0.1246,216.05,2025-05-15,False
TRAV,120281,2025-04-30,MVU9194496,Renewal,441.63,0.0974,43.01,2025-05-15,False
PRGS,120013,2025-04-30,JPC4264137,Renewal,4898.03,0.0929,455.03,2025-05-15,False
AMFA,120256,2025-04-30,ALK1098183,Renewal,1888.21,0.1265,238.86,2025-05-15,False
HART,120237,2025-04-30,PBT7700138,Renewal,1196.93,0.1111,132.98,2025-05-15,False
HART,120177,2026-03-31,YRS0182963,Endorsement,6.93,0.1318,0.91,2026-04-15,False
PRGS,120218,2025-04-30,DGU8847908,Renewal,3266.65,0.1241,405.39,2025-05-15,False
LIBM,120270,2025-04-30,VVK3164985,New,2847.58,0.0868,247.17,2025-05-15,False
PRGS,120253,2025-04-30,GKN5660694,Renewal,1183.24,0.1283,151.81,2025-05-15,False
TRAV,120291,2025-04-30,GKT1376681,New,1529.68,0.1148,175.61,2025-05-15,False
PRGS,120236,2025-04-30,HCS8944012,New,1151.38,0.1031,118.71,2025-05-15,False
LIBM,120284,2025-04-30,MDA7704000,Renewal,1107.22,0.1149,127.22,2025-05-15,False
PRGS,120156,2025-04-30,NFC9535101,Renewal,1680.41,0.1378,231.56,2025-05-15,False
ALLS,120174,2025-04-30,LYY6856946,New,1326.44,0.0794,105.32,2025-05-15,False
GEIC,120093,2025-04-30,HVC0839505,New,1896.08,0.1145,217.1,2025-05-15,False
FARM,120053,2025-04-30,EJM1761808,Renewal,543.13,0.1102,59.85,2025-05-15,False
NATI,120234,2025-04-30,WMW9902312,Renewal,4378.29,0.1447,633.54,2025-05-15,False
HART,120204,2025-04-30,DZH0366663,Renewal,15000.0,0.1229,1843.5,2025-05-15,False
GEIC,120137,2025-04-30,GKV3884501,New,1073.31,0.0716,76.85,2025-05-15,False
HART,120021,2025-04-30,KWZ1510322,New,2194.86,0.1113,244.29,2025-05-15,False
NATI,120076,2025-04-30,UFC9352742,Renewal,751.73,0.1254,94.27,2025-05-15,False
HART,120179,2025-04-30,YNV1100218,Renewal,1595.52,0.0983,156.84,2025-05-15,False
TRAV,120196,2025-05-31,YNM2299509,Endorsement,4.57,0.0916,0.42,2025-06-15,False
NATI,120029,2025-04-30,AAP2902119,New,1588.67,0.1177,186.99,2025-05-15,False
HART,120197,2025-04-30,RST2668105,New,1495.05,0.1292,193.16,2025-05-15,False
AMFA,120283,2025-04-30,TYG4247244,Renewal,8266.56,0.0936,773.75,2025-05-15,False
CHUB,120043,2025-04-30,RRB3681729,Renewal,6755.14,0.0808,545.82,2025-05-15,False
CHUB,120011,2025-04-30,WYN8516973,New,1327.89,0.1268,168.38,2025-05-15,False
TRAV,120217,2025-04-30,PAF2432521,Renewal,1500.0,0.1828,274.2,2025-05-15,False
TRAV,120242,2025-05-31,MWS4875914,Cancel,-0.0,0.1343,-0.0,2025-06-15,False
HART,120254,2025-09-30,EAA0935227,Endorsement,6.08,0.08,0.49,2025-10-15,False
TRAV,120028,2025-08-31,PNR8046957,Endorsement,-3.31,0.1173,-0.39,2025-09-15,True
NATI,120292,2025-04-30,DRT1299626,Renewal,2613.86,0.1131,295.63,2025-05-15,False
TRAV,120092,2025-04-30,JJP7790640,Renewal,1605.25,0.1086,174.33,2025-05-15,False
PRGS,120073,2025-04-30,TGX0928235,Renewal,4735.26,0.15,710.29,2025-05-15,False
PRGS,120125,2025-04-30,MCJ5215466,Renewal,1040.85,0.1307,136.04,2025-05-15,False
HART,120226,2025-04-30,VVV3119880,New,1512.97,0.14,211.82,2025-05-15,False
ALLS,120054,2025-04-30,SVW5265467,New,1735.4,0.077,133.63,2025-05-15,False
FARM,120004,2025-04-30,HSY4666687,Renewal,10206.82,0.1695,1730.06,2025-05-15,False
FARM,120004,2026-05-31,HSY4666687,Audit,787.38,0.1695,133.46,2026-06-15,False
PRGS,120168,2025-04-30,DNV0194737,Renewal,357.93,0.1413,50.58,2025-05-15,False
LIBM,120239,2025-04-30,EMM4554845,Renewal,3438.43,0.1693,582.13,2025-05-15,False
NATI,120179,2025-04-30,TWH8202235,Renewal,1003.99,0.1192,119.68,2025-05-15,False
LIBM,120196,2025-04-30,GBE9879779,New,1529.92,0.1021,156.2,2025-05-15,False
AMFA,120002,2025-04-30,DRX2809116,Renewal,4000.0,0.1306,522.4,2025-05-15,False
TRAV,120212,2025-04-30,UNK3551735,New,2189.7,0.0814,178.24,2025-05-15,False
GEIC,120116,2025-04-30,BJM7464587,Renewal,1121.89,0.1238,138.89,2025-05-15,False
PRGS,120210,2025-04-30,GFJ5578945,Renewal,2692.47,0.1357,365.37,2025-05-15,False
NATI,120049,2025-04-30,ERN3486759,New,1415.25,0.0881,124.68,2025-05-15,False
GEIC,120243,2026-03-31,LXN6559077,Cancel,-0.0,0.2,-0.0,2026-04-15,False
NATI,120157,2025-04-30,YYB2048543,New,1072.83,0.06,64.37,2025-05-15,False
ALLS,120072,2025-04-30,BPX5737891,Renewal,1873.89,0.143,267.97,2025-05-15,False
ALLS,120275,2025-04-30,GKN7196048,Renewal,2795.64,0.0886,247.69,2025-05-15,False
CHUB,120241,2025-04-30,XDJ8867719,Renewal,4977.36,0.0959,477.33,2025-05-15,False
ALLS,120155,2025-08-31,CEZ0886331,Endorsement,31.76,0.1143,3.63,2025-09-15,False
HART,120253,2025-04-30,GCE5105894,Renewal,3073.96,0.1243,382.09,2025-05-15,False
AMFA,120199,2025-04-30,ALC9476366,New,3739.07,0.0884,330.53,2025-05-15,False
LIBM,120140,2025-04-30,LNP9210856,New,1154.36,0.0985,113.7,2025-05-15,False
TRAV,120180,2025-04-30,ESC1265504,New,1859.55,0.0636,118.27,2025-05-15,False
GEIC,120277,2025-04-30,MWZ9957080,New,1146.42,0.0687,78.76,2025-05-15,False
ALLS,120295,2025-04-30,JCZ1985314,Renewal,2148.32,0.1665,357.7,2025-05-15,False
NATI,120264,2025-04-30,PZY4147719,New,1534.61,0.0875,134.28,2025-05-15,False
NATI,120154,2025-04-30,WVD3415549,New,1869.41,0.0959,179.28,2025-05-15,False
ALLS,120220,2025-04-30,CLX0921602,New,1078.77,0.0728,78.53,2025-05-15,False
HART,120148,2025-04-30,STM4451513,New,2375.56,0.1272,302.17,2025-05-15,False
NATI,120080,2025-04-30,WUR2540426,New,1104.12,0.134,147.95,2025-05-15,False
AMFA,120247,2025-04-30,LEH2882357,Renewal,1103.8,0.0817,90.18,2025-05-15,False
LIBM,120291,2025-04-30,VUN3948228,Renewal,2396.3,0.1572,376.7,2025-05-15,False
CHUB,120035,2025-04-30,GKY4905540,New,2904.5,0.1077,312.81,2025-05-15,False
TRAV,120158,2025-04-30,WBY2494284,Renewal,5840.91,0.108,630.82,2025-05-15,False
CHUB,120220,2025-04-30,GVE8271324,Renewal,5898.73,0.2,1179.75,2025-05-15,False
HART,120078,2025-04-30,LVF6231741,Renewal,7960.37,0.1133,901.91,2025-05-15,False
CHUB,120133,2025-04-30,JLK5169113,New,1994.75,0.1052,209.85,2025-05-15,False
GEIC,120153,2025-04-30,XDR3450534,Renewal,994.98,0.1152,114.62,2025-05-15,False
TRAV,120060,2025-04-30,JRF6275905,New,498.65,0.0956,47.67,2025-05-15,False
CHUB,120179,2025-04-30,SRP7820169,Renewal,9223.43,0.1559,1437.93,2025-05-15,False
CHUB,120179,2026-05-31,SRP7820169,Audit,-463.81,0.1559,-72.31,2026-06-15,True
GEIC,120263,2025-04-30,ELP5761216,Renewal,931.73,0.1271,118.42,2025-05-15,False
PRGS,120112,2025-04-30,RXS6610787,New,1697.43,0.0895,151.92,2025-05-15,False
CHUB,120139,2025-04-30,LFK7424766,Renewal,10575.19,0.1059,1119.91,2025-05-15,False
GEIC,120127,2025-04-30,ETA9878887,New,1651.45,0.1292,213.37,2025-05-15,False
HART,120061,2025-04-30,VUW8697947,New,1409.76,0.0949,133.79,2025-05-15,False
ALLS,120117,2026-04-30,TVG7281955,Cancel,-0.0,0.1588,-0.0,2026-05-15,False
PRGS,120255,2025-04-30,RRF0367248,Renewal,1742.8,0.1281,223.25,2025-05-15,False
PRGS,120028,2025-04-30,AZL0395402,Renewal,1321.64,0.1387,183.31,2025-05-15,False
TRAV,120202,2025-04-30,JXV7361760,Renewal,861.25,0.147,126.6,2025-05-15,False
LIBM,120266,2025-04-30,ZXS2108473,New,719.59,0.1052,75.7,2025-05-15,False
ALLS,120147,2026-01-31,CTW3983121,Endorsement,2.89,0.1104,0.32,2026-02-15,False
TRAV,120257,2025-04-30,EXV1801931,Renewal,3029.22,0.0895,271.12,2025-05-15,False
GEIC,120123,2025-04-30,YZV9761708,Renewal,2499.11,0.1611,402.61,2025-05-15,False
GEIC,120003,2025-04-30,BYS1630365,Renewal,4974.24,0.0914,454.65,2025-05-15,False
CHUB,120280,2025-04-30,UKW7117333,Renewal,2713.38,0.1507,408.91,2025-05-15,False
GEIC,120242,2025-04-30,BGS2904016,Renewal,2133.32,0.1125,240.0,2025-05-15,False
GEIC,120293,2025-04-30,UYE6304324,New,662.06,0.125,82.76,2025-05-15,False
AMFA,120002,2025-04-30,ZLF0141217,New,1622.87,0.1032,167.48,2025-05-15,False
ALLS,120129,2025-04-30,ZJY7999746,New,1917.8,0.0958,183.73,2025-05-15,False
NATI,120028,2025-04-30,YXJ6905885,Renewal,1873.41,0.1331,249.35,2025-05-15,False
NATI,120058,2025-04-30,JZA5027050,Renewal,1592.75,0.1284,204.51,2025-05-15,False
CHUB,120146,2025-04-30,WEZ3900808,Endorsement,3.38,0.1422,0.48,2025-05-15,False
LIBM,120138,2025-04-30,JFE5231618,Renewal,8317.46,0.1045,869.17,2025-05-15,False
PRGS,120027,2025-04-30,HZC7601713,New,1924.83,0.0919,176.89,2025-05-15,False
GEIC,120021,2025-04-30,CDR2790448,New,920.85,0.0653,60.13,2025-05-15,False
CHUB,120142,2025-04-30,VTB9405990,Renewal,4390.61,0.1049,460.57,2025-05-15,False
CHUB,120142,2026-05-31,VTB9405990,Audit,152.85,0.1049,16.03,2026-06-15,False
CHUB,120189,2025-04-30,RTL8686064,Renewal,2205.01,0.1676,369.56,2025-05-15,False
LIBM,120291,2025-04-30,UJS2690957,New,774.27,0.093,72.01,2025-05-15,False
HART,120070,2025-04-30,XZE5447320,New,846.48,0.0805,68.14,2025-05-15,False
LIBM,120230,2025-04-30,BBH0767806,Renewal,764.28,0.1221,93.32,2025-05-15,False
TRAV,120216,2025-04-30,YCZ9778760,Renewal,891.73,0.1062,94.7,2025-05-15,False
PRGS,120282,2025-04-30,MKC4866094,Renewal,2150.62,0.1502,323.02,2025-05-15,False
PRGS,120205,2025-04-30,FUH5407037,Renewal,1213.87,0.1332,161.69,2025-05-15,False
CHUB,120099,2025-04-30,ZNU7930643,Renewal,941.86,0.1283,120.84,2025-05-15,False
NATI,120137,2025-04-30,MRT5734869,New,1045.36,0.14,146.35,2025-05-15,False
CHUB,120199,2025-04-30,TSY6407075,New,2000.96,0.0734,146.87,2025-05-15,False
AMFA,120194,2025-04-30,RUX6236009,New,633.42,0.0769,48.71,2025-05-15,False
TRAV,120143,2025-04-30,JXU8518929,New,841.6,0.1159,97.54,2025-05-15,False
ALLS,120167,2025-04-30,FGX3000976,Renewal,4745.22,0.0998,473.57,2025-05-15,False
CHUB,120064,2025-04-30,XBH9877095,New,872.15,0.0955,83.29,2025-05-15,False
ALLS,120033,2025-04-30,WMV9882016,Renewal,1547.1,0.1079,166.93,2025-05-15,False
CHUB,120279,2025-04-30,LMG2206867,Renewal,2260.98,0.1071,242.15,2025-05-15,False
NATI,120262,2025-04-30,WUF2344462,Renewal,1283.89,0.1046,134.29,2025-05-15,False
GEIC,120080,2025-04-30,WJB5738427,New,1426.15,0.0858,122.36,2025-05-15,False
PRGS,120077,2025-12-31,AZN1051818,Endorsement,-27.89,0.0929,-2.59,2026-01-15,True
PRGS,120100,2025-04-30,DAJ5190850,Renewal,1572.25,0.14,220.12,2025-05-15,False
ALLS,120261,2025-04-30,GPD2499385,New,1778.17,0.0973,173.02,2025-05-15,False
LIBM,120118,2025-04-30,VLN7230547,Renewal,812.1,0.1412,114.67,2025-05-15,False
GEIC,120062,2025-04-30,EDG6249785,New,2986.54,0.1107,330.61,2025-05-15,False
HART,120227,2025-04-30,DRL4201551,Renewal,3784.8,0.1413,534.79,2025-05-15,False
LIBM,120063,2025-04-30,ZJN7577101,New,3814.24,0.1089,415.37,2025-05-15,False
TRAV,120195,2025-04-30,AAD0992115,Renewal,5347.29,0.1113,595.15,2025-05-15,False
CHUB,120177,2025-04-30,CFE1995645,Renewal,2992.94,0.0935,279.84,2025-05-15,False
TRAV,120177,2025-04-30,LPT6528748,New,1583.82,0.0948,150.15,2025-05-15,False
FARM,120267,2025-04-30,DUV6231436,Renewal,2000.0,0.0861,172.2,2025-05-15,False
ALLS,120205,2025-04-30,UFN3542794,New,2551.41,0.0929,237.03,2025-05-15,False
ALLS,120044,2025-04-30,UTD8376947,Renewal,1500.0,0.1649,247.35,2025-05-15,False
GEIC,120062,2025-04-30,JJW0776161,Renewal,778.07,0.1084,84.34,2025-05-15,False
LIBM,120182,2025-04-30,EDP0696949,Renewal,1896.29,0.147,278.75,2025-05-15,False
GEIC,120009,2025-04-30,KLY4587484,Renewal,15000.0,0.1366,2049.0,2025-05-15,False
TRAV,120060,2025-04-30,PKW6132243,Renewal,1021.86,0.0976,99.73,2025-05-15,False
PRGS,120095,2025-04-30,PXB4523941,New,1225.96,0.1209,148.22,2025-05-15,False
NATI,120120,2025-04-30,VNU2406937,Renewal,10017.26,0.1395,1397.41,2025-05-15,False
LIBM,120069,2025-04-30,UXU2030354,Renewal,416.6,0.1501,62.53,2025-05-15,False
CHUB,120178,2025-04-30,KAZ2474654,New,1819.26,0.0983,178.83,2025-05-15,False
TRAV,120291,2025-04-30,ZCU1310266,Renewal,1799.75,0.1648,296.6,2025-05-15,False
PRGS,120226,2025-04-30,SMY2355297,Renewal,1952.97,0.1312,256.23,2025-05-15,False
GEIC,120006,2025-04-30,YPY7159526,New,1921.52,0.1023,196.57,2025-05-15,False
NATI,120285,2025-04-30,STN6373875,Renewal,3695.21,0.1333,492.57,2025-05-15,False
AMFA,120138,2025-04-30,AJU9077292,Renewal,1822.42,0.1065,194.09,2025-05-15,False
NATI,120095,2025-04-30,JMN3439230,Renewal,1520.53,0.121,183.98,2025-05-15,False
AMFA,120060,2025-04-30,YJH1502977,Renewal,1810.16,0.1396,252.7,2025-05-15,False
HART,120042,2025-04-30,SHP7419539,Renewal,785.46,0.1369,107.53,2025-05-15,False
PRGS,120093,2025-04-30,HSW4864927,Renewal,1361.63,0.0742,101.03,2025-05-15,False
FARM,120044,2025-04-30,VSX6980609,Renewal,634.89,0.1154,73.27,2025-05-15,False
FARM,120228,2025-04-30,ZNX0057947,New,1141.38,0.1134,129.43,2025-05-15,False
TRAV,120232,2025-04-30,MJG9186494,Renewal,2185.67,0.1846,403.47,2025-05-15,False
GEIC,120151,2025-04-30,EUA6809787,New,1202.65,0.0961,115.57,2025-05-15,False
CHUB,120239,2025-04-30,STC9276271,New,695.51,0.1146,79.71,2025-05-15,False
CHUB,120135,2025-04-30,KJP1444941,New,2424.42,0.1136,275.41,2025-05-15,False
LIBM,120091,2025-04-30,PUW2276144,Cancel,-0.0,0.1393,-0.0,2025-05-15,False
LIBM,120091,2025-05-31,PUW2276144,Audit,-540.15,0.1393,-75.24,2025-06-15,True
ALLS,120107,2025-04-30,SUE2243274,New,1322.72,0.1118,147.88,2025-05-15,False
PRGS,120297,2025-04-30,CRK0868230,Renewal,3911.66,0.1069,418.16,2025-05-15,False
ALLS,120262,2025-04-30,PCR4181042,New,1753.1,0.0954,167.25,2025-05-15,False
ALLS,120255,2025-04-30,AKC9755557,Renewal,2557.18,0.1374,351.36,2025-05-15,False
LIBM,120192,2025-04-30,MAX7962527,Renewal,800.99,0.114,91.31,2025-05-15,False
AMFA,120285,2025-04-30,MSF3301702,Renewal,1733.65,0.137,237.51,2025-05-15,False
CHUB,120116,2025-04-30,SBT0364382,Renewal,1534.09,0.1156,177.34,2025-05-15,False
CHUB,120019,2025-04-30,XXS3975412,Renewal,3896.07,0.1343,523.24,2025-05-15,False
AMFA,120174,2025-04-30,CGH8156254,Renewal,1051.59,0.1435,150.9,2025-05-15,False
HART,120248,2025-04-30,VHU3691222,Renewal,1028.76,0.1021,105.04,2025-05-15,False
LIBM,120071,2025-04-30,YKU3646594,Renewal,9487.49,0.0845,801.69,2025-05-15,False
LIBM,120071,2026-04-30,YKU3646594,Audit,-58.99,0.0845,-4.98,2026-05-15,True
HART,120296,2025-04-30,MHA4464456,New,816.12,0.1075,87.73,2025-05-15,False
NATI,120011,2025-04-30,CST8862879,Renewal,2516.36,0.1152,289.88,2025-05-15,False
LIBM,120218,2025-04-30,ZJT8107358,Endorsement,65.09,0.1126,7.33,2025-05-15,False
AMFA,120098,2025-04-30,ERZ4866397,New,1912.99,0.0786,150.36,2025-05-15,False
NATI,120158,2025-04-30,MAP5841206,Renewal,10612.78,0.0971,1030.5,2025-05-15,False
ALLS,120228,2025-04-30,VZR3954893,Renewal,2000.0,0.1051,210.2,2025-05-15,False
ALLS,120228,2026-05-31,VZR3954893,Audit,-175.64,0.1051,-18.46,2026-06-15,True
LIBM,120053,2025-04-30,NHY8031058,Renewal,4893.76,0.1084,530.48,2025-05-15,False
ALLS,120047,2025-04-30,WNM7401650,Renewal,4080.82,0.1813,739.85,2025-05-15,False
ALLS,120091,2025-04-30,YFX8953248,Renewal,1387.73,0.1526,211.77,2025-05-15,False
HART,120039,2025-04-30,KNF4248469,New,1647.53,0.1317,216.98,2025-05-15,False
FARM,120134,2025-10-31,KPP6393501,Endorsement,32.94,0.0888,2.93,2025-11-15,False
TRAV,120071,2025-04-30,ABZ6797605,Renewal,379.56,0.0925,35.11,2025-05-15,False
AMFA,120026,2025-04-30,VPW1373868,Renewal,7890.3,0.146,1151.98,2025-05-15,False
PRGS,120167,2025-04-30,EXX8088984,Renewal,1297.87,0.1363,176.9,2025-05-15,False
NATI,120069,2025-04-30,DHP4812559,Renewal,2428.35,0.1192,289.46,2025-05-15,False
ALLS,120246,2025-09-30,TMK2885877,Cancel,-0.0,0.1472,-0.0,2025-10-15,False
GEIC,120270,2025-08-31,DAV9658018,Cancel,-0.0,0.1374,-0.0,2025-09-15,False
AMFA,120195,2025-04-30,UTF5707469,Renewal,3573.35,0.1747,624.26,2025-05-15,False
AMFA,120145,2025-04-30,VMX1513798,Renewal,7485.42,0.1978,1480.62,2025-05-15,False
GEIC,120178,2025-04-30,GHT4000186,Renewal,13947.65,0.1228,1712.77,2025-05-15,False
LIBM,120123,2025-04-30,EAC7810693,Renewal,6017.69,0.1368,823.22,2025-05-15,False
CHUB,120239,2025-04-30,LJH7898496,New,4000.0,0.0961,384.4,2025-05-15,False
CHUB,120285,2025-04-30,GGG7985915,New,2154.68,0.0856,184.44,2025-05-15,False
CHUB,120066,2025-04-30,VSG2840228,Renewal,1100.23,0.1545,169.99,2025-05-15,False
PRGS,120066,2025-04-30,TJC5241566,Renewal,723.24,0.1056,76.37,2025-05-15,False
CHUB,120038,2025-04-30,AFL2161796,Renewal,3274.92,0.103,337.32,2025-05-15,False
HART,120191,2025-04-30,XBN4907472,Renewal,3932.67,0.1388,545.85,2025-05-15,False
LIBM,120228,2025-04-30,HVP5017656,Renewal,6784.38,0.1579,1071.25,2025-05-15,False
LIBM,120228,2026-05-31,HVP5017656,Audit,278.93,0.1579,44.04,2026-06-15,False
ALLS,120086,2025-04-30,PYM9898244,Renewal,1130.32,0.18,203.46,2025-05-15,False
TRAV,120248,2025-04-30,NCR9787134,New,949.07,0.1118,106.11,2025-05-15,False
LIBM,120176,2025-04-30,XHN6811345,Renewal,1432.29,0.1562,223.72,2025-05-15,False
PRGS,120255,2025-04-30,TUF0870905,Renewal,11797.55,0.0959,1131.39,2025-05-15,False
LIBM,120050,2025-04-30,WSR2342971,Renewal,1070.36,0.1316,140.86,2025-05-15,False
PRGS,120092,2025-04-30,YYH5166495,Renewal,25000.0,0.1131,2827.5,2025-05-15,False
PRGS,120293,2025-04-30,YXF8665225,Renewal,885.55,0.1458,129.11,2025-05-15,False
LIBM,120086,2025-04-30,LLC8896457,Renewal,4546.0,0.15,681.9,2025-05-15,False
PRGS,120058,2025-04-30,UCY5549969,Rewrite,11161.99,0.1708,1906.47,2025-05-15,False
AMFA,120229,2025-04-30,AGG1298124,New,1088.69,0.1175,127.92,2025-05-15,False
ALLS,120072,2025-04-30,JAH3132752,New,2363.12,0.0952,224.97,2025-05-15,False
GEIC,120179,2025-04-30,MNV8401657,Renewal,3588.74,0.1052,377.54,2025-05-15,False
LIBM,120019,2025-04-30,VYB4610643,New,2536.33,0.0863,218.89,2025-05-15,False
CHUB,120286,2025-04-30,FED9579330,Renewal,3558.52,0.1483,527.73,2025-05-15,False
PRGS,120122,2025-04-30,FNK6816980,Renewal,2693.14,0.1979,532.97,2025-05-15,False
PRGS,120062,2025-04-30,XXG2359158,Renewal,1415.1,0.1094,154.81,2025-05-15,False
FARM,120251,2025-04-30,HDN6895966,New,3259.97,0.1184,385.98,2025-05-15,False
AMFA,120262,2025-04-30,UJN8753616,Renewal,1800.36,0.1231,221.62,2025-05-15,False
PRGS,120236,2025-04-30,FVD9360906,New,3146.74,0.0911,286.67,2025-05-15,False
PRGS,120196,2025-04-30,UXC7552163,Renewal,959.18,0.0872,83.64,2025-05-15,False
ALLS,120129,2025-04-30,ZCH3858774,New,1366.22,0.1011,138.12,2025-05-15,False
ALLS,120017,2025-04-30,PRS1136563,Renewal,1983.7,0.1828,362.62,2025-05-15,False
HART,120291,2025-04-30,ZHL7199231,Renewal,2000.0,0.0832,166.4,2025-05-15,False
LIBM,120132,2025-04-30,LBT2401472,Renewal,358.06,0.1099,39.35,2025-05-15,False
LIBM,120191,2025-04-30,WLX1569268,Renewal,6921.1,0.1323,915.66,2025-05-15,False
NATI,120167,2025-04-30,YVE8473367,New,2138.27,0.1279,273.48,2025-05-15,False
CHUB,120003,2025-04-30,BDF3751629,Renewal,2039.21,0.1278,260.61,2025-05-15,False
LIBM,120018,2025-04-30,AMJ3976127,New,1868.33,0.0784,146.48,2025-05-15,False
HART,120074,2025-04-30,FHJ7241202,New,540.19,0.0847,45.75,2025-05-15,False
LIBM,120063,2025-04-30,FEJ4063592,Renewal,3011.94,0.2,602.39,2025-05-15,False
HART,120231,2025-04-30,RUA8137866,Renewal,7351.92,0.0852,626.38,2025-05-15,False
ALLS,120058,2025-05-31,GRW2992312,Endorsement,10.17,0.1332,1.35,2025-06-15,False
LIBM,120277,2025-04-30,KLC6970360,Renewal,2464.53,0.1786,440.17,2025-05-15,False
TRAV,120174,2025-04-30,TFF2776586,Renewal,5653.7,0.1998,1129.61,2025-05-15,False
PRGS,120210,2025-04-30,PLU7426843,Renewal,1500.0,0.1883,282.45,2025-05-15,False
ALLS,120004,2025-04-30,JGS7586674,New,2632.94,0.0945,248.81,2025-05-15,False
FARM,120224,2025-09-30,DYS3559180,Endorsement,24.58,0.1406,3.46,2025-10-15,False
ALLS,120110,2025-04-30,AYK4514624,New,2610.14,0.0878,229.17,2025-05-15,False
LIBM,120241,2025-04-30,HWH5281021,New,1791.11,0.0982,175.89,2025-05-15,False
FARM,120273,2025-04-30,XMU7802325,New,936.81,0.1147,107.45,2025-05-15,False
TRAV,120137,2025-04-30,JVP3917535,Renewal,3532.75,0.0914,322.89,2025-05-15,False
LIBM,120166,2025-04-30,YHM4701899,New,719.7,0.0991,71.32,2025-05-15,False
TRAV,120006,2025-10-31,NXS4910158,Reinstate,0.0,0.181,0.0,2025-11-15,False
TRAV,120149,2025-04-30,TXX3717117,New,1742.48,0.102,177.73,2025-05-15,False
HART,120107,2025-04-30,MEP3915728,Renewal,1352.29,0.1557,210.55,2025-05-15,False
GEIC,120001,2025-04-30,JHR7025666,Renewal,2766.73,0.1213,335.6,2025-05-15,False
CHUB,120022,2025-04-30,SFU0449818,New,1057.95,0.0931,98.5,2025-05-15,False
AMFA,120247,2025-04-30,KAP8165622,Renewal,6710.66,0.1471,987.14,2025-05-15,False
GEIC,120080,2025-04-30,HXZ7758089,Renewal,4450.84,0.1485,660.95,2025-05-15,False
HART,120089,2025-04-30,ZHC7140910,Renewal,1351.84,0.0834,112.74,2025-05-15,False
NATI,120008,2025-04-30,DEX1675687,Renewal,1859.21,0.1148,213.44,2025-05-15,False
LIBM,120059,2025-04-30,HRT9886089,Renewal,2000.0,0.1322,264.4,2025-05-15,False
FARM,120238,2025-04-30,KUA7888403,Renewal,2079.59,0.1088,226.26,2025-05-15,False
HART,120027,2025-04-30,UVP5503486,Renewal,1145.97,0.1269,145.42,2025-05-15,False
PRGS,120007,2025-04-30,RGR1238761,New,2643.42,0.1088,287.6,2025-05-15,False
PRGS,120226,2025-04-30,NUR0999531,New,1265.02,0.061,77.17,2025-05-15,False
PRGS,120197,2025-04-30,HKS9733330,New,1002.24,0.067,67.15,2025-05-15,False
GEIC,120063,2025-04-30,JFX9733117,New,1932.7,0.1169,225.93,2025-05-15,False
HART,120298,2025-04-30,VFM1194234,Renewal,3409.01,0.1835,625.55,2025-05-15,False
TRAV,120200,2025-04-30,AMP4804722,New,735.76,0.103,75.78,2025-05-15,False
NATI,120111,2025-04-30,LXN4084346,Renewal,2000.0,0.1071,214.2,2025-05-15,False
GEIC,120163,2025-04-30,PFD8995726,New,1211.34,0.1378,166.92,2025-05-15,False
HART,120024,2025-04-30,XBY6066140,Renewal,2730.95,0.1038,283.47,2025-05-15,False
CHUB,120230,2025-04-30,SRY7831209,New,2122.21,0.0924,196.09,2025-05-15,False
AMFA,120089,2025-04-30,YFW5318862,Renewal,1182.5,0.1304,154.2,2025-05-15,False
LIBM,120269,2025-04-30,WRR7272989,Renewal,247.74,0.18,44.59,2025-05-15,False
FARM,120288,2025-04-30,FVK6518214,New,3473.32,0.0865,300.44,2025-05-15,False
NATI,120293,2025-04-30,GSH5979603,Renewal,8592.29,0.171,1469.28,2025-05-15,False
FARM,120124,2025-04-30,YPF3257256,Renewal,3498.24,0.1651,577.56,2025-05-15,False
GEIC,120122,2025-04-30,HFC7554158,Renewal,500.0,0.1303,65.15,2025-05-15,False
NATI,120108,2026-01-31,XMW5006610,Cancel,-0.0,0.1791,-0.0,2026-02-15,False
ALLS,120096,2025-04-30,MZP8728453,Renewal,3640.02,0.1674,609.34,2025-05-15,False
ALLS,120171,2025-04-30,KAM6411727,Renewal,3297.69,0.1352,445.85,2025-05-15,False
GEIC,120136,2025-04-30,AJD7267105,New,862.26,0.0949,81.83,2025-05-15,False
GEIC,120173,2025-04-30,RJY5433208,New,1173.01,0.0747,87.62,2025-05-15,False
TRAV,120270,2025-05-31,CDV9777844,Endorsement,1.72,0.1094,0.19,2025-06-15,False
PRGS,120293,2025-04-30,BJH5055978,Renewal,11706.44,0.1484,1737.24,2025-05-15,False
HART,120246,2025-06-30,NCG5421684,Endorsement,-21.79,0.1066,-2.32,2025-07-15,True
GEIC,120168,2025-04-30,PBA2426022,Renewal,1791.13,0.1448,259.36,2025-05-15,False
HART,120034,2025-05-31,HTR2217338,Endorsement,-34.8,0.1205,-4.19,2025-06-15,True
GEIC,120203,2025-04-30,GCN5357591,Renewal,8437.08,0.1459,1230.97,2025-05-15,False
ALLS,120028,2025-04-30,BYZ6057338,New,2117.61,0.0955,202.23,2025-05-15,False
NATI,120099,2025-04-30,PBV3867809,Renewal,2748.8,0.1731,475.82,2025-05-15,False
ALLS,120120,2025-04-30,CHR4262244,Renewal,2003.09,0.1224,245.18,2025-05-15,False
HART,120296,2025-04-30,HVG3092660,New,2926.72,0.1373,401.84,2025-05-15,False
GEIC,120032,2025-04-30,GPB8662724,Renewal,421.29,0.119,50.13,2025-05-15,False
AMFA,120021,2025-04-30,GXF1258511,Renewal,2641.02,0.1429,377.4,2025-05-15,False
NATI,120270,2025-04-30,DGJ4172933,Renewal,2162.58,0.0867,187.5,2025-05-15,False
AMFA,120200,2025-04-30,DWY0521881,Renewal,9207.15,0.163,1500.77,2025-05-15,False
PRGS,120090,2025-04-30,TMY3217655,Renewal,1860.8,0.153,284.7,2025-05-15,False
ALLS,120058,2025-04-30,GLX0777613,Renewal,842.32,0.0863,72.69,2025-05-15,False
NATI,120177,2025-04-30,BAK0885437,Renewal,5441.55,0.1232,670.4,2025-05-15,False
PRGS,120220,2025-07-31,XHE8049152,Endorsement,14.94,0.1655,2.47,2025-08-15,False
ALLS,120151,2025-09-30,TEW4695283,Cancel,-0.0,0.1399,-0.0,2025-10-15,False
ALLS,120269,2025-04-30,ETC2287402,Renewal,2997.5,0.0853,255.69,2025-05-15,False
PRGS,120115,2026-01-31,KVN4677628,Endorsement,-5.7,0.1334,-0.76,2026-02-15,True
ALLS,120201,2025-04-30,TAP9028763,Renewal,1280.98,0.1359,174.09,2025-05-15,False
PRGS,120039,2025-04-30,FXY2529455,New,2275.0,0.1088,247.52,2025-05-15,False
GEIC,120275,2025-04-30,MEK6526234,New,1320.44,0.1017,134.29,2025-05-15,False
ALLS,120117,2025-10-31,YJG1702454,Cancel,-0.0,0.08,-0.0,2025-11-15,False
GEIC,120247,2025-04-30,CVG3810233,New,1449.53,0.0974,141.18,2025-05-15,False
GEIC,120181,2025-04-30,DLN2179192,Renewal,584.09,0.1282,74.88,2025-05-15,False
TRAV,120116,2025-04-30,SPW9917590,Renewal,182.78,0.143,26.14,2025-05-15,False
CHUB,120248,2025-04-30,RWM3469699,Renewal,2273.91,0.171,388.84,2025-05-15,False
FARM,120265,2025-04-30,ANH4724098,New,1131.87,0.1148,129.94,2025-05-15,False
HART,120074,2025-04-30,UNP5398628,New,1367.17,0.0983,134.39,2025-05-15,False
TRAV,120278,2025-04-30,TTF7963264,Renewal,202.59,0.1445,29.27,2025-05-15,False
LIBM,120224,2025-04-30,KPK1073943,Renewal,2792.43,0.0933,260.53,2025-05-15,False
TRAV,120028,2025-04-30,NZJ3595328,Renewal,13150.97,0.1095,1440.03,2025-05-15,False
ALLS,120029,2025-04-30,CKT0378274,Renewal,2108.51,0.1826,385.01,2025-05-15,False
GEIC,120157,2025-04-30,WMY1008011,New,3506.59,0.0888,311.39,2025-05-15,False
GEIC,120039,2025-04-30,VXD8737617,Renewal,5243.5,0.1461,766.08,2025-05-15,False
FARM,120083,2025-04-30,GGE7855554,New,799.26,0.1377,110.06,2025-05-15,False
TRAV,120123,2025-04-30,UBH8473744,New,4000.0,0.1173,469.2,2025-05-15,False
TRAV,120174,2025-04-30,UCL5784383,Renewal,217.04,0.1566,33.99,2025-05-15,False
CHUB,120289,2025-04-30,URB8387203,New,1687.24,0.091,153.54,2025-05-15,False
PRGS,120122,2025-04-30,WXZ6392015,Renewal,2385.07,0.1492,355.85,2025-05-15,False
CHUB,120209,2025-04-30,GYY7813520,New,1721.34,0.1184,203.81,2025-05-15,False
ALLS,120273,2025-04-30,VZT7390290,Renewal,1771.35,0.0921,163.14,2025-05-15,False
NATI,120044,2025-04-30,DBC6237546,Renewal,628.07,0.1293,81.21,2025-05-15,False
ALLS,120166,2025-04-30,YWX1488163,New,1286.71,0.0775,99.72,2025-05-15,False
PRGS,120174,2025-04-30,HPC0889932,Renewal,1386.35,0.1226,169.97,2025-05-15,False
TRAV,120184,2025-04-30,UGU1916443,Renewal,3111.66,0.1081,336.37,2025-05-15,False
PRGS,120216,2025-04-30,BAK3481827,Renewal,6519.73,0.0814,530.71,2025-05-15,False
GEIC,120074,2025-04-30,PLS1190974,Renewal,18627.33,0.1129,2103.03,2025-05-15,False
NATI,120259,2025-04-30,ACD6849585,Renewal,3346.34,0.1235,413.27,2025-05-15,False
TRAV,120255,2025-04-30,WXW1707784,Renewal,1991.5,0.1269,252.72,2025-05-15,False
PRGS,120010,2025-04-30,HPW3996660,New,1438.25,0.1221,175.61,2025-05-15,False
GEIC,120167,2025-04-30,CKN1037964,Renewal,7391.22,0.1201,887.69,2025-05-15,False
GEIC,120167,2026-06-30,CKN1037964,Audit,763.34,0.1201,91.68,2026-07-15,False
PRGS,120028,2025-04-30,SNJ1033609,Renewal,2392.86,0.08,191.43,2025-05-15,False
HART,120061,2025-04-30,NSG3937284,Renewal,1732.84,0.1311,227.18,2025-05-15,False
LIBM,120075,2026-02-28,MLA5089916,Endorsement,-41.7,0.1473,-6.14,2026-03-15,True
ALLS,120282,2025-04-30,WMN6799142,Renewal,5333.63,0.0919,490.16,2025-05-15,False
CHUB,120063,2025-04-30,BMA0752675,Renewal,1256.98,0.1137,142.92,2025-05-15,False
TRAV,120158,2025-04-30,TJR1304265,Renewal,20243.81,0.1113,2253.14,2025-05-15,False
FARM,120213,2025-04-30,ZGY1930839,Renewal,2000.0,0.0891,178.2,2025-05-15,False
TRAV,120020,2025-04-30,RJG3393061,Renewal,1336.35,0.1012,135.24,2025-05-15,False
CHUB,120260,2025-04-30,JDJ6161450,Renewal,742.27,0.1048,77.79,2025-05-15,False
FARM,120003,2025-04-30,MHY4277647,Renewal,3160.06,0.1156,365.3,2025-05-15,False
ALLS,120037,2025-04-30,BGH2007765,New,1181.47,0.0824,97.35,2025-05-15,False
NATI,120089,2025-12-31,JPS4782507,Endorsement,-42.09,0.134,-5.64,2026-01-15,True
GEIC,120247,2026-02-28,AKT6325580,Endorsement,29.03,0.1625,4.72,2026-03-15,False
HART,120260,2025-04-30,WPJ8194182,Renewal,3781.32,0.19,718.45,2025-05-15,False
HART,120038,2025-04-30,TMN8039328,Renewal,8699.85,0.1321,1149.25,2025-05-15,False
TRAV,120286,2025-04-30,JTK0791642,Renewal,5424.5,0.092,499.05,2025-05-15,False
AMFA,120078,2025-04-30,SCJ3494299,New,1658.07,0.06,99.48,2025-05-15,False
PRGS,120174,2025-04-30,MCH3195808,New,1251.19,0.0901,112.73,2025-05-15,False
AMFA,120163,2025-04-30,DKD5039345,Renewal,2000.0,0.0844,168.8,2025-05-15,False
NATI,120060,2025-04-30,DAM6648966,Renewal,1226.85,0.0725,88.95,2025-05-15,False
HART,120198,2025-04-30,YUY8899232,Renewal,2508.48,0.0985,247.09,2025-05-15,False
TRAV,120204,2025-04-30,WRC0591343,Renewal,3424.37,0.1192,408.18,2025-05-15,False
AMFA,120295,2025-04-30,YEU8875375,Renewal,8466.87,0.0818,692.59,2025-05-15,False
GEIC,120227,2025-04-30,RTG6779265,Renewal,1162.12,0.0934,108.54,2025-05-15,False
TRAV,120292,2025-04-30,RTG5553220,New,1225.15,0.1215,148.86,2025-05-15,False
TRAV,120291,2025-04-30,FMA6591161,New,3125.31,0.1228,383.79,2025-05-15,False
HART,120180,2025-04-30,CGR4461985,Renewal,6594.55,0.1089,718.15,2025-05-15,False
TRAV,120289,2025-04-30,RSR6418936,Renewal,12405.79,0.1138,1411.78,2025-05-15,False
ALLS,120189,2025-04-30,GDM0136710,Renewal,1344.52,0.1416,190.38,2025-05-15,False
PRGS,120064,2025-04-30,CNS0195902,Renewal,1058.68,0.1298,137.42,2025-05-15,False
LIBM,120037,2025-04-30,ABR1828525,New,4000.0,0.06,240.0,2025-05-15,False
LIBM,120180,2025-04-30,ZKH7230056,Renewal,1044.39,0.067,69.97,2025-05-15,False
HART,120215,2025-04-30,NXD4154485,New,654.75,0.1181,77.33,2025-05-15,False
TRAV,120261,2025-04-30,KKH6104787,Renewal,2143.53,0.0796,170.62,2025-05-15,False
FARM,120280,2025-04-30,FLY6689900,Renewal,597.79,0.1635,97.74,2025-05-15,False
ALLS,120132,2025-04-30,RFY8843628,Renewal,3411.77,0.2,682.35,2025-05-15,False
CHUB,120043,2025-04-30,XXS3004090,Renewal,487.88,0.1172,57.18,2025-05-15,False
PRGS,120246,2025-04-30,HAR1226146,Renewal,2041.71,0.1289,263.18,2025-05-15,False
CHUB,120224,2025-04-30,WYP4327604,New,1219.94,0.06,73.2,2025-05-15,False
CHUB,120221,2025-04-30,YZG5590549,Renewal,2429.85,0.1999,485.73,2025-05-15,False
GEIC,120270,2025-04-30,ATT0013289,Renewal,1550.6,0.188,291.51,2025-05-15,False
GEIC,120010,2025-04-30,PVX6752232,Renewal,2075.16,0.1763,365.85,2025-05-15,False
AMFA,120194,2025-04-30,CTB0802287,Renewal,5229.27,0.1052,550.12,2025-05-15,False
PRGS,120246,2025-04-30,CKD2998010,New,1034.25,0.0897,92.77,2025-05-15,False
GEIC,120169,2025-04-30,FNZ4555883,Renewal,5921.46,0.1402,830.19,2025-05-15,False
ALLS,120242,2025-06-30,BXN5560827,Reinstate,0.0,0.1035,0.0,2025-07-15,False
PRGS,120192,2025-04-30,SND6536632,New,1934.94,0.1221,236.26,2025-05-15,False
CHUB,120237,2025-04-30,ZPT4574386,New,1344.39,0.1181,158.77,2025-05-15,False
NATI,120228,2025-04-30,VWV4514202,Renewal,2075.25,0.1502,311.7,2025-05-15,False
PRGS,120199,2025-04-30,LVH4963119,New,1295.3,0.14,181.34,2025-05-15,False
NATI,120171,2025-06-30,EBC6501641,Cancel,-0.0,0.1318,-0.0,2025-07-15,False
CHUB,120153,2025-04-30,EPL3125172,Renewal,1096.35,0.1035,113.47,2025-05-15,False
GEIC,120114,2025-04-30,CGJ2045035,Renewal,1382.12,0.1283,177.33,2025-05-15,False
TRAV,120224,2025-04-30,XTU0979581,Renewal,5669.56,0.179,1014.85,2025-05-15,False
NATI,120199,2025-06-30,VAG6357407,Endorsement,-64.13,0.0991,-6.36,2025-07-15,True
ALLS,120044,2025-04-30,AMD3364997,Renewal,3730.4,0.0993,370.43,2025-05-15,False
HART,120023,2026-01-31,RCP4033838,Cancel,-0.0,0.1333,-0.0,2026-02-15,False
AMFA,120191,2025-04-30,UNP4716631,New,530.52,0.0645,34.22,2025-05-15,False
PRGS,120286,2025-04-30,LJN3354155,Renewal,8315.2,0.1202,999.49,2025-05-15,False
PRGS,120204,2025-04-30,MCM8731118,Renewal,3644.42,0.1149,418.74,2025-05-15,False
PRGS,120204,2026-06-30,MCM8731118,Audit,368.1,0.1149,42.29,2026-07-15,False
AMFA,120097,2025-04-30,HML8397519,Renewal,11458.35,0.1265,1449.48,2025-05-15,False
CHUB,120222,2025-04-30,CGS7277439,New,1442.56,0.1219,175.85,2025-05-15,False
GEIC,120052,2025-04-30,SXY1984372,Endorsement,46.81,0.103,4.82,2025-05-15,False
TRAV,120279,2025-04-30,KRN0703734,New,1130.74,0.1097,124.04,2025-05-15,False
ALLS,120166,2025-04-30,NSE2172826,Renewal,4335.1,0.1488,645.06,2025-05-15,False
NATI,120140,2025-04-30,CFW0651119,Renewal,2046.46,0.1044,213.65,2025-05-15,False
TRAV,120071,2025-04-30,DFW9427110,New,883.07,0.0739,65.26,2025-05-15,False
PRGS,120213,2026-03-31,SKS7327646,Endorsement,-13.69,0.1196,-1.64,2026-04-15,True
TRAV,120288,2025-04-30,BHN2710517,New,1861.96,0.1104,205.56,2025-05-15,False
FARM,120018,2025-04-30,ECF5603714,New,2218.43,0.1035,229.61,2025-05-15,False
TRAV,120168,2025-04-30,XAL8353277,New,839.42,0.106,88.98,2025-05-15,False
TRAV,120135,2025-04-30,NWX8792806,Renewal,943.28,0.128,120.74,2025-05-15,False
TRAV,120296,2025-05-31,DHD3190169,Endorsement,-14.78,0.1296,-1.92,2025-06-15,True
FARM,120004,2025-04-30,WHC3864021,Renewal,2657.22,0.1781,473.25,2025-05-15,False
AMFA,120224,2025-04-30,FSN9921338,Renewal,1428.03,0.1428,203.92,2025-05-15,False
TRAV,120292,2025-04-30,JJC7897562,New,2084.65,0.1024,213.47,2025-05-15,False
HART,120170,2025-04-30,KRE3368551,Renewal,6446.51,0.1153,743.28,2025-05-15,False
HART,120247,2025-04-30,DKT3266705,New,1881.29,0.0963,181.17,2025-05-15,False
ALLS,120120,2025-04-30,BXF1425629,New,2477.75,0.0985,244.06,2025-05-15,False
ALLS,120047,2025-04-30,TWD2745833,New,1285.66,0.1008,129.59,2025-05-15,False
LIBM,120138,2025-04-30,PHZ3554362,Renewal,1402.85,0.1288,180.69,2025-05-15,False
NATI,120120,2025-04-30,RSU4979202,Renewal,1618.66,0.1317,213.18,2025-05-15,False
PRGS,120173,2025-04-30,GGY4464039,New,2601.74,0.0974,253.41,2025-05-15,False
LIBM,120037,2025-04-30,VZF5646381,New,1234.26,0.14,172.8,2025-05-15,False
NATI,120239,2025-04-30,EWW4066133,New,1084.88,0.0842,91.35,2025-05-15,False
LIBM,120276,2025-08-31,DZA4911594,Endorsement,-7.92,0.1084,-0.86,2025-09-15,True
CHUB,120078,2026-02-28,BHB9606177,Endorsement,14.38,0.1385,1.99,2026-03-15,False
TRAV,120188,2025-04-30,FVT9989085,New,800.86,0.1073,85.93,2025-05-15,False
PRGS,120288,2025-04-30,LNN5664883,Renewal,1339.32,0.1387,185.76,2025-05-15,False
NATI,120265,2025-04-30,UUG8558345,Renewal,5207.97,0.1295,674.43,2025-05-15,False
AMFA,120097,2025-04-30,EBS2411911,Renewal,3946.43,0.1654,652.74,2025-05-15,False
TRAV,120235,2025-04-30,CUX3573457,Renewal,893.93,0.1615,144.37,2025-05-15,False
GEIC,120015,2026-01-31,VUU7587901,Cancel,-0.0,0.1514,-0.0,2026-02-15,False
GEIC,120037,2025-04-30,LMW8077674,New,1609.28,0.1198,192.79,2025-05-15,False
FARM,120222,2025-04-30,CYA8701560,Renewal,25000.0,0.1152,2880.0,2025-05-15,False
CHUB,120156,2025-04-30,SWC8006910,Cancel,-0.0,0.1713,-0.0,2025-05-15,False
AMFA,120096,2026-02-28,YJE6544704,Endorsement,-51.89,0.1186,-6.15,2026-03-15,True
TRAV,120047,2025-06-30,XHK3245863,Reinstate,0.0,0.1657,0.0,2025-07-15,False
TRAV,120053,2025-04-30,MGR2716129,Renewal,2000.0,0.0891,178.2,2025-05-15,False
GEIC,120126,2025-04-30,HYK0789273,New,916.35,0.06,54.98,2025-05-15,False
GEIC,120291,2025-04-30,NKF3838599,Renewal,1513.7,0.1462,221.3,2025-05-15,False
GEIC,120291,2026-06-30,NKF3838599,Audit,108.23,0.1462,15.82,2026-07-15,False
CHUB,120212,2025-04-30,TXB9168484,Renewal,2821.91,0.1542,435.14,2025-05-15,False
ALLS,120181,2025-04-30,HXV7897828,Renewal,8826.27,0.1882,1661.1,2025-05-15,False
PRGS,120238,2025-04-30,MUY0561763,Renewal,20862.73,0.1238,2582.81,2025-05-15,False
LIBM,120006,2025-04-30,KZJ6499323,Renewal,2000.0,0.112,224.0,2025-05-15,False
HART,120235,2025-04-30,YVR4749951,New,2326.4,0.1201,279.4,2025-05-15,False
ALLS,120154,2025-04-30,ZHE7244927,Renewal,1528.72,0.1519,232.21,2025-05-15,False
TRAV,120097,2025-04-30,NBF5998040,Renewal,3646.39,0.1349,491.9,2025-05-15,False
FARM,120060,2025-04-30,XJH0685783,Renewal,1999.23,0.1318,263.5,2025-05-15,False
LIBM,120086,2025-04-30,PUM1235071,Renewal,2737.01,0.1669,456.81,2025-05-15,False
PRGS,120174,2025-04-30,CZS0591306,Renewal,4732.58,0.1261,596.78,2025-05-15,False
PRGS,120012,2025-04-30,YPX9151421,Renewal,1345.27,0.1112,149.59,2025-05-15,False
NATI,120004,2025-05-31,JNY3840488,Cancel,-0.0,0.2,-0.0,2025-06-15,False
HART,120127,2025-04-30,WMN1940562,New,3070.69,0.134,411.47,2025-05-15,False
GEIC,120107,2025-04-30,ZMY2054476,Renewal,1021.0,0.1467,149.78,2025-05-15,False
LIBM,120093,2025-04-30,KZC7579796,Renewal,1390.69,0.1484,206.38,2025-05-15,False
HART,120041,2025-11-30,NMY4227655,Endorsement,-26.2,0.1358,-3.56,2025-12-15,True
LIBM,120233,2025-04-30,YVA8014489,Renewal,889.44,0.1073,95.44,2025-05-15,False
TRAV,120119,2025-04-30,KJT7168178,Renewal,738.14,0.1302,96.11,2025-05-15,False
AMFA,120239,2025-04-30,BCL7347665,Renewal,217.18,0.1026,22.28,2025-05-15,False
HART,120053,2025-04-30,FNY2864108,Renewal,1727.53,0.1336,230.8,2025-05-15,False
TRAV,120230,2025-04-30,LVL5260459,New,929.75,0.1086,100.97,2025-05-15,False
ALLS,120177,2025-04-30,UNZ1402332,Renewal,1630.39,0.1178,192.06,2025-05-15,False
HART,120105,2025-04-30,XTT3355983,Renewal,6843.99,0.1418,970.48,2025-05-15,False
LIBM,120171,2025-04-30,UKY2936300,New,1966.04,0.06,117.96,2025-05-15,False
FARM,120222,2025-04-30,CGU3931872,Renewal,898.77,0.08,71.9,2025-05-15,False
CHUB,120197,2025-04-30,WZY8211494,Renewal,1576.08,0.124,195.43,2025-05-15,False
PRGS,120267,2025-04-30,YAH8448030,New,3424.78,0.1178,403.44,2025-05-15,False
PRGS,120048,2025-08-31,YWF3141636,Endorsement,-4.62,0.1399,-0.65,2025-09-15,True
PRGS,120185,2025-04-30,ZKT2181626,Renewal,5381.25,0.0902,485.39,2025-05-15,False
ALLS,120286,2025-11-30,JHM8429907,Endorsement,11.05,0.1097,1.21,2025-12-15,False
CHUB,120123,2025-04-30,BSX0781825,Renewal,2176.59,0.1173,255.31,2025-05-15,False
LIBM,120246,2025-04-30,GDV0426384,Renewal,6589.0,0.1261,830.87,2025-05-15,False
TRAV,120266,2025-04-30,HMB4646110,New,2382.33,0.1182,281.59,2025-05-15,False
HART,120109,2025-04-30,XJJ4968708,Renewal,7373.1,0.1897,1398.68,2025-05-15,False
FARM,120270,2025-04-30,UKA7543803,Renewal,1158.09,0.1296,150.09,2025-05-15,False
FARM,120052,2025-04-30,ARG7946609,Renewal,1624.78,0.119,193.35,2025-05-15,False
CHUB,120035,2025-04-30,WYD9474203,Renewal,966.83,0.1428,138.06,2025-05-15,False
GEIC,120177,2025-04-30,SHB9171528,Renewal,1735.2,0.1212,210.31,2025-05-15,False
PRGS,120097,2025-04-30,FFK4015155,Renewal,12238.04,0.1622,1985.01,2025-05-15,False
TRAV,120153,2025-04-30,EBK7594489,Renewal,692.0,0.065,44.98,2025-05-15,False
FARM,120178,2025-04-30,BRN2659513,Renewal,7607.27,0.1751,1332.03,2025-05-15,False
PRGS,120044,2026-01-31,RJE9534969,Cancel,-0.0,0.138,-0.0,2026-02-15,False
LIBM,120048,2025-04-30,NYZ7651311,Renewal,1245.48,0.1061,132.15,2025-05-15,False
AMFA,120109,2025-04-30,MWD3144363,Renewal,1053.76,0.1799,189.57,2025-05-15,False
HART,120234,2025-04-30,VUE9109208,Renewal,4152.61,0.2,830.52,2025-05-15,False
GEIC,120286,2025-04-30,GPM7865325,Cancel,-0.0,0.1862,-0.0,2025-05-15,False
GEIC,120061,2025-04-30,KBK7630515,Renewal,2350.1,0.0969,227.72,2025-05-15,False
TRAV,120015,2025-04-30,MHF1217598,Renewal,999.49,0.1221,122.04,2025-05-15,False
FARM,120289,2025-04-30,WWZ4965145,Renewal,2276.45,0.1096,249.5,2025-05-15,False
NATI,120035,2025-04-30,GNH1109595,New,2808.71,0.1313,368.78,2025-05-15,False
ALLS,120177,2025-06-30,BCZ5624394,Reinstate,0.0,0.1368,0.0,2025-07-15,False
PRGS,120259,2025-04-30,XBD6733675,Renewal,2000.0,0.1144,228.8,2025-05-15,False
NATI,120032,2025-04-30,PHJ7277168,Endorsement,-17.29,0.1464,-2.53,2025-05-15,True
AMFA,120046,2025-04-30,RYN1618980,New,3372.15,0.0804,271.12,2025-05-15,False
ALLS,120104,2025-04-30,GVS8183218,Renewal,2569.51,0.121,310.91,2025-05-15,False
ALLS,120241,2025-04-30,MCP6044853,Renewal,1897.85,0.1523,289.04,2025-05-15,False
ALLS,120070,2025-04-30,MED2997944,Renewal,1575.88,0.1077,169.72,2025-05-15,False
CHUB,120000,2025-04-30,CCW4624606,New,1689.47,0.1277,215.75,2025-05-15,False
HART,120111,2025-04-30,RMA7699049,Renewal,22263.5,0.1146,2551.4,2025-05-15,False
PRGS,120272,2025-04-30,FBV8076213,Renewal,9786.42,0.1928,1886.82,2025-05-15,False
ALLS,120170,2025-04-30,YJX0056007,New,972.67,0.06,58.36,2025-05-15,False
ALLS,120266,2025-04-30,SXW6749167,Renewal,2956.86,0.1342,396.81,2025-05-15,False
PRGS,120189,2025-04-30,CCF5720260,Renewal,2032.73,0.1314,267.1,2025-05-15,False
GEIC,120048,2025-04-30,TFU0395558,Renewal,2610.74,0.1481,386.65,2025-05-15,False
PRGS,120012,2025-04-30,TYY9759177,Renewal,1169.11,0.1332,155.73,2025-05-15,False
AMFA,120210,2025-04-30,LJD4995183,New,2087.22,0.0704,146.94,2025-05-15,False
PRGS,120254,2025-04-30,TRM6426767,New,456.7,0.1291,58.96,2025-05-15,False
HART,120022,2025-04-30,ZDS6631515,Renewal,1199.58,0.1407,168.78,2025-05-15,False
GEIC,120149,2025-04-30,VXJ7970625,Renewal,3182.34,0.1395,443.94,2025-05-15,False
TRAV,120088,2025-04-30,FVJ3820631,Endorsement,-18.12,0.1198,-2.17,2025-05-15,True
AMFA,120255,2025-06-30,FBB9869962,Endorsement,-56.46,0.1313,-7.41,2025-07-15,True
ALLS,120139,2025-04-30,MBS6141431,New,2419.71,0.1127,272.7,2025-05-15,False
AMFA,120228,2025-04-30,LUS3274753,New,1627.66,0.0636,103.52,2025-05-15,False
ALLS,120197,2025-04-30,BLK4198906,Cancel,-0.0,0.1525,-0.0,2025-05-15,False
FARM,120283,2025-07-31,JTZ4170123,Cancel,-0.0,0.1001,-0.0,2025-08-15,False
GEIC,120183,2025-04-30,HVX1522801,Renewal,1006.07,0.1397,140.55,2025-05-15,False
ALLS,120031,2025-04-30,RXH2999731,Renewal,2349.2,0.1666,391.38,2025-05-15,False
GEIC,120005,2025-04-30,LZE6429553,New,3097.14,0.0861,266.66,2025-05-15,False
CHUB,120114,2025-04-30,TTV5810287,New,2314.22,0.1126,260.58,2025-05-15,False
ALLS,120131,2025-04-30,FTW2803164,New,1026.34,0.0881,90.42,2025-05-15,False
LIBM,120217,2025-04-30,YYH0587170,Renewal,1339.94,0.0798,106.93,2025-05-15,False
AMFA,120258,2025-04-30,DYG4041262,Renewal,457.78,0.1152,52.74,2025-05-15,False
TRAV,120157,2025-04-30,GFY0298500,New,523.12,0.079,41.33,2025-05-15,False
HART,120261,2025-04-30,BJY7274781,Renewal,7236.08,0.1513,1094.82,2025-05-15,False
HART,120261,2026-04-30,BJY7274781,Audit,708.13,0.1513,107.14,2026-05-15,False
TRAV,120017,2025-04-30,FJY4144019,Renewal,2271.2,0.1313,298.21,2025-05-15,False
GEIC,120075,2025-04-30,JGD3594767,Renewal,430.64,0.123,52.97,2025-05-15,False
GEIC,120093,2025-04-30,PYG9279547,Endorsement,62.62,0.1227,7.68,2025-05-15,False
LIBM,120128,2025-04-30,TWS6814567,New,2573.33,0.0831,213.84,2025-05-15,False
HART,120201,2025-04-30,NSA9741408,Renewal,642.68,0.0972,62.47,2025-05-15,False
LIBM,120083,2025-04-30,GVA8150559,New,1600.93,0.0832,133.2,2025-05-15,False
CHUB,120138,2025-04-30,TZC1386203,Renewal,4056.69,0.1425,578.08,2025-05-15,False
TRAV,120203,2025-04-30,SDB9618813,Renewal,7000.0,0.1121,784.7,2025-05-15,False
ALLS,120292,2025-04-30,XFW2384792,Renewal,971.59,0.1405,136.51,2025-05-15,False
ALLS,120132,2025-04-30,ULH7224250,Renewal,1940.06,0.1168,226.6,2025-05-15,False
AMFA,120180,2025-04-30,KFM5577812,Renewal,2214.1,0.1513,334.99,2025-05-15,False
TRAV,120212,2025-04-30,TXY8661131,Renewal,5057.92,0.0942,476.46,2025-05-15,False
ALLS,120266,2025-04-30,XPJ5132545,Renewal,2518.87,0.1492,375.82,2025-05-15,False
FARM,120290,2025-04-30,ZRN9963013,Renewal,1427.33,0.107,152.72,2025-05-15,False
PRGS,120011,2025-04-30,LFP9556675,New,1202.21,0.0869,104.47,2025-05-15,False
HART,120070,2025-04-30,JGS9986022,Renewal,3340.75,0.1582,528.51,2025-05-15,False
CHUB,120088,2026-03-31,NYE1935135,Endorsement,-6.65,0.1074,-0.71,2026-04-15,True
FARM,120094,2025-04-30,NVW1628424,Renewal,986.94,0.1569,154.85,2025-05-15,False
TRAV,120167,2025-04-30,LCX9599702,Renewal,1545.1,0.1001,154.66,2025-05-15,False
TRAV,120016,2025-04-30,BRJ1053478,Renewal,1456.46,0.1291,188.03,2025-05-15,False
GEIC,120033,2025-04-30,CTK2330756,New,1407.02,0.1146,161.24,2025-05-15,False
AMFA,120293,2025-06-30,MLL5538080,Endorsement,46.72,0.141,6.59,2025-07-15,False
ALLS,120081,2025-04-30,LGB1859594,Renewal,1280.99,0.1377,176.39,2025-05-15,False
PRGS,120084,2025-04-30,BYK1120423,New,1516.84,0.0995,150.93,2025-05-15,False
CHUB,120094,2025-04-30,YRS6070897,Renewal,2306.62,0.2,461.32,2025-05-15,False
PRGS,120247,2025-12-31,SFZ0647004,Endorsement,-41.24,0.0863,-3.56,2026-01-15,True
LIBM,120244,2025-04-30,BCB5477841,Renewal,4086.54,0.0786,321.2,2025-05-15,False
NATI,120134,2025-04-30,GRK6215232,Renewal,1880.03,0.1696,318.85,2025-05-15,False
CHUB,120093,2025-04-30,YST5812958,New,3142.81,0.1129,354.82,2025-05-15,False
HART,120264,2025-04-30,AHV4542694,Renewal,3426.39,0.1354,463.93,2025-05-15,False
PRGS,120106,2025-04-30,ATU1662356,Renewal,4786.39,0.117,560.01,2025-05-15,False
ALLS,120154,2025-04-30,WHB5995719,Renewal,6279.48,0.1688,1059.98,2025-05-15,False
NATI,120280,2025-04-30,XNA6294048,Renewal,2511.71,0.1622,407.4,2025-05-15,False
TRAV,120141,2025-04-30,NYD2760068,New,2308.21,0.0899,207.51,2025-05-15,False
ALLS,120152,2025-04-30,PSF8486439,Renewal,2147.56,0.1394,299.37,2025-05-15,False
CHUB,120149,2025-04-30,FNV8822315,New,807.8,0.0773,62.44,2025-05-15,False
FARM,120038,2025-04-30,UVX6689205,Renewal,3152.58,0.1331,419.61,2025-05-15,False
LIBM,120041,2025-04-30,LML0376083,New,4000.0,0.0809,323.6,2025-05-15,False
TRAV,120203,2025-04-30,VHA3024753,Renewal,15334.37,0.1055,1617.78,2025-05-15,False
LIBM,120095,2025-04-30,VKV3416272,Renewal,1587.88,0.1334,211.82,2025-05-15,False
GEIC,120183,2025-04-30,TFF4433518,Renewal,2390.75,0.1689,403.8,2025-05-15,False
HART,120178,2025-04-30,CEG2622677,Renewal,559.22,0.1465,81.93,2025-05-15,False
GEIC,120254,2025-04-30,MVG3156676,Renewal,3368.76,0.1103,371.57,2025-05-15,False
GEIC,120099,2025-10-31,HZZ6571734,Endorsement,12.09,0.1083,1.31,2025-11-15,False
TRAV,120290,2025-04-30,ZNW9012637,New,2317.9,0.1108,256.82,2025-05-15,False
LIBM,120006,2025-04-30,VKJ2649042,New,1143.23,0.073,83.46,2025-05-15,False
NATI,120183,2025-04-30,FZD3702113,New,703.88,0.1176,82.78,2025-05-15,False
FARM,120089,2025-07-31,AYP3473787,Endorsement,-78.25,0.1469,-11.49,2025-08-15,True
TRAV,120059,2025-04-30,THK9159484,Renewal,1056.09,0.126,133.07,2025-05-15,False
CHUB,120178,2025-04-30,UNB9208903,New,2516.56,0.1139,286.64,2025-05-15,False
ALLS,120105,2025-04-30,YCU4610526,New,2765.42,0.0781,215.98,2025-05-15,False
PRGS,120083,2025-04-30,GSS4388252,Renewal,578.39,0.0949,54.89,2025-05-15,False
HART,120122,2025-04-30,JEU1836463,Renewal,4627.5,0.0888,410.92,2025-05-15,False
FARM,120051,2025-04-30,UCA0323842,New,1907.72,0.1156,220.53,2025-05-15,False
CHUB,120255,2025-04-30,GTK1454121,Renewal,500.0,0.1574,78.7,2025-05-15,False
HART,120155,2025-04-30,YCU7208047,Renewal,670.47,0.1457,97.69,2025-05-15,False
HART,120027,2025-04-30,MVL2981560,Renewal,688.51,0.1155,79.52,2025-05-15,False
PRGS,120180,2025-04-30,MEC3099491,Renewal,2705.75,0.0889,240.54,2025-05-15,False
GEIC,120252,2025-04-30,YZD6652067,New,1792.45,0.095,170.28,2025-05-15,False
GEIC,120098,2025-04-30,YPS8775318,Renewal,3500.89,0.1178,412.4,2025-05-15,False
HART,120268,2025-04-30,YDP3381256,Renewal,2123.42,0.1134,240.8,2025-05-15,False
GEIC,120028,2025-04-30,RJW6563895,Rewrite,30000.0,0.1576,4728.0,2025-05-15,False
CHUB,120215,2025-04-30,WSK3844736,Renewal,1171.67,0.0984,115.29,2025-05-15,False
CHUB,120133,2025-04-30,RVH5266686,New,1878.5,0.1071,201.19,2025-05-15,False
PRGS,120277,2025-04-30,JCT0023527,New,2268.62,0.0622,141.11,2025-05-15,False
ALLS,120004,2025-04-30,HXU1808130,Renewal,1500.0,0.1765,264.75,2025-05-15,False
PRGS,120191,2025-04-30,PJN5260603,New,1084.0,0.1178,127.7,2025-05-15,False
PRGS,120116,2025-04-30,YXN4400786,New,662.44,0.1026,67.97,2025-05-15,False
CHUB,120240,2025-04-30,BSX0434223,Renewal,1224.7,0.1421,174.03,2025-05-15,False
HART,120111,2025-04-30,MUJ9538642,Renewal,7186.1,0.0914,656.81,2025-05-15,False
HART,120258,2025-04-30,FRF4063075,New,723.61,0.1218,88.14,2025-05-15,False
CHUB,120287,2025-04-30,EXS2184512,New,1471.31,0.0863,126.97,2025-05-15,False
CHUB,120201,2025-04-30,DPU2896222,New,1007.31,0.1192,120.07,2025-05-15,False
GEIC,120098,2025-04-30,LTZ7532465,Renewal,3585.66,0.1977,708.88,2025-05-15,False
GEIC,120098,2026-06-30,LTZ7532465,Audit,243.34,0.1977,48.11,2026-07-15,False
LIBM,120061,2025-04-30,XAJ6003160,Renewal,8664.21,0.1603,1388.87,2025-05-15,False
NATI,120194,2025-04-30,PTE0268810,Renewal,2760.92,0.093,256.77,2025-05-15,False
NATI,120294,2025-04-30,DLM4418293,New,477.95,0.1133,54.15,2025-05-15,False
PRGS,120034,2025-04-30,RNV2711113,Rewrite,9395.6,0.1727,1622.62,2025-05-15,False
GEIC,120115,2025-04-30,XMU9911433,New,1748.92,0.06,104.94,2025-05-15,False
ALLS,120202,2025-04-30,XBZ3818333,New,1948.32,0.1051,204.77,2025-05-15,False
PRGS,120047,2025-04-30,GNY2570302,New,2773.08,0.1137,315.3,2025-05-15,False
ALLS,120151,2025-04-30,SYG2500631,Renewal,2000.0,0.1161,232.2,2025-05-15,False
CHUB,120017,2025-04-30,TEX8571821,Renewal,326.32,0.0891,29.08,2025-05-15,False
ALLS,120076,2026-02-28,PJS8386496,Cancel,-0.0,0.1333,-0.0,2026-03-15,False
LIBM,120194,2025-04-30,ECL9114029,Renewal,2412.76,0.1202,290.01,2025-05-15,False
NATI,120259,2025-04-30,ZNM3578545,Renewal,1046.03,0.123,128.66,2025-05-15,False
PRGS,120025,2025-04-30,TAJ5855645,Renewal,720.84,0.1377,99.26,2025-05-15,False
TRAV,120248,2025-04-30,TSD8411955,Renewal,6193.53,0.0733,453.99,2025-05-15,False
FARM,120202,2025-04-30,FYP7924239,New,1375.13,0.0941,129.4,2025-05-15,False
AMFA,120208,2025-04-30,NSR3632911,Renewal,758.55,0.1653,125.39,2025-05-15,False
LIBM,120260,2025-04-30,PCL0791029,New,2053.16,0.1142,234.47,2025-05-15,False
PRGS,120004,2025-04-30,URS2351000,Renewal,712.42,0.1301,92.69,2025-05-15,False
NATI,120263,2025-04-30,VDE6640198,New,3900.95,0.1107,431.84,2025-05-15,False
PRGS,120018,2025-04-30,JNR3084834,Renewal,10637.97,0.0637,677.64,2025-05-15,False
ALLS,120041,2025-04-30,EJD9194274,New,2003.14,0.1314,263.21,2025-05-15,False
GEIC,120004,2025-04-30,EKZ7651143,New,1147.42,0.1014,116.35,2025-05-15,False
ALLS,120160,2025-04-30,XTM2779248,Renewal,327.26,0.1118,36.59,2025-05-15,False
AMFA,120064,2025-04-30,YBT1675232,Renewal,514.44,0.1343,69.09,2025-05-15,False
PRGS,120107,2025-04-30,PXN5584723,New,880.11,0.11,96.81,2025-05-15,False
LIBM,120214,2025-04-30,GNA4036475,Renewal,918.94,0.1234,113.4,2025-05-15,False
AMFA,120097,2025-04-30,PWH2159586,Renewal,704.06,0.1341,94.41,2025-05-15,False
HART,120250,2025-12-31,YJW1640999,Endorsement,-9.88,0.122,-1.21,2026-01-15,True
TRAV,120135,2025-10-31,JDL3490732,Reinstate,0.0,0.1509,0.0,2025-11-15,False
LIBM,120212,2025-04-30,BXZ1540915,Renewal,910.13,0.1239,112.77,2025-05-15,False
ALLS,120215,2025-04-30,GGN9230962,New,657.81,0.1153,75.85,2025-05-15,False
ALLS,120100,2025-04-30,REC5311571,New,1785.85,0.1019,181.98,2025-05-15,False
CHUB,120200,2026-02-28,RXL1337650,Endorsement,-64.76,0.1297,-8.4,2026-03-15,True
PRGS,120038,2025-08-31,EXK4729312,Endorsement,-41.32,0.1145,-4.73,2025-09-15,True
TRAV,120072,2025-04-30,GSC4783330,New,2044.91,0.0833,170.34,2025-05-15,False
HART,120228,2025-04-30,VYB9967182,New,2466.93,0.079,194.89,2025-05-15,False
LIBM,120104,2025-04-30,MGX9499702,Renewal,3198.4,0.1239,396.28,2025-05-15,False
PRGS,120248,2025-04-30,KJZ2396267,Renewal,500.0,0.1394,69.7,2025-05-15,False
PRGS,120231,2025-04-30,UBK0170279,Renewal,2000.0,0.1066,213.2,2025-05-15,False
PRGS,120215,2025-04-30,RGR2447935,New,1651.67,0.0939,155.09,2025-05-15,False
LIBM,120019,2025-04-30,FJW9379813,Renewal,959.88,0.1437,137.93,2025-05-15,False
TRAV,120133,2025-04-30,AUR7413049,Renewal,12905.96,0.1706,2201.76,2025-05-15,False
FARM,120212,2025-04-30,EBF3665464,Renewal,4378.1,0.1197,524.06,2025-05-15,False
TRAV,120262,2025-04-30,MZL2444516,Renewal,1140.4,0.1072,122.25,2025-05-15,False
GEIC,120034,2025-10-31,EKY6434784,Endorsement,-12.36,0.0909,-1.12,2025-11-15,True
AMFA,120232,2025-04-30,MNM4294945,Renewal,1500.0,0.1471,220.65,2025-05-15,False
PRGS,120090,2025-04-30,UCT3722452,Renewal,22331.89,0.0974,2175.13,2025-05-15,False
PRGS,120186,2025-04-30,EVP6129269,Renewal,2827.6,0.1414,399.82,2025-05-15,False
FARM,120027,2026-02-28,PYV3547916,Cancel,-0.0,0.1188,-0.0,2026-03-15,False
AMFA,120129,2025-04-30,XSU7197965,Renewal,1679.33,0.1867,313.53,2025-05-15,False
LIBM,120280,2025-04-30,PYG4791205,Renewal,1265.44,0.1146,145.02,2025-05-15,False
LIBM,120144,2025-04-30,WWR0574868,New,1295.44,0.1011,130.97,2025-05-15,False
TRAV,120131,2025-04-30,NKJ9848731,Renewal,1707.45,0.1764,301.19,2025-05-15,False
NATI,120165,2025-04-30,TSP5173766,New,1808.02,0.1207,218.23,2025-05-15,False
HART,120136,2025-07-31,YAD8161121,Endorsement,-16.43,0.1057,-1.74,2025-08-15,True
ALLS,120069,2026-01-31,ZJN6226216,Reinstate,0.0,0.1208,0.0,2026-02-15,False
ALLS,120069,2026-05-31,ZJN6226216,Audit,880.6,0.1208,106.38,2026-06-15,False
GEIC,120218,2025-10-31,NYJ7663726,Endorsement,-163.93,0.1258,-20.62,2025-11-15,True
PRGS,120069,2025-04-30,DYR2370372,Renewal,3307.21,0.1498,495.42,2025-05-15,False
TRAV,120008,2025-04-30,CHJ7385041,Renewal,4523.87,0.1997,903.42,2025-05-15,False
GEIC,120189,2025-04-30,CKV8028351,Renewal,4630.55,0.1014,469.54,2025-05-15,False
TRAV,120061,2025-04-30,ZXR0099168,Renewal,2092.72,0.1373,287.33,2025-05-15,False
ALLS,120108,2025-10-31,GZX2872916,Endorsement,28.02,0.1064,2.98,2025-11-15,False
GEIC,120041,2026-03-31,ECD2270671,Endorsement,-6.83,0.1603,-1.09,2026-04-15,True
FARM,120207,2025-04-30,LCU5286508,New,701.07,0.085,59.59,2025-05-15,False
TRAV,120077,2025-04-30,RHJ3240713,Renewal,1486.04,0.1338,198.83,2025-05-15,False
CHUB,120263,2025-04-30,NYK3114126,Renewal,564.92,0.1214,68.58,2025-05-15,False
TRAV,120224,2025-11-30,ADZ2849843,Endorsement,-10.77,0.1186,-1.28,2025-12-15,True
CHUB,120149,2025-04-30,NPE9383944,Renewal,6744.08,0.1536,1035.89,2025-05-15,False
TRAV,120160,2025-04-30,NXG3796157,New,1334.93,0.0846,112.94,2025-05-15,False
FARM,120281,2025-04-30,LKE1207834,Renewal,7241.75,0.0931,674.21,2025-05-15,False
ALLS,120249,2025-04-30,KSS4511935,Renewal,485.22,0.1125,54.59,2025-05-15,False
GEIC,120275,2025-04-30,PSV9713598,New,3112.45,0.0697,216.94,2025-05-15,False
GEIC,120066,2025-09-30,YVC1085610,Endorsement,26.78,0.1245,3.33,2025-10-15,False
PRGS,120117,2025-04-30,FVC8594283,Renewal,8676.53,0.0692,600.42,2025-05-15,False
ALLS,120249,2025-04-30,SAH7386085,Renewal,5613.17,0.1524,855.45,2025-05-15,False
GEIC,120123,2025-04-30,GHR0689363,Renewal,4820.81,0.1019,491.24,2025-05-15,False
GEIC,120123,2026-05-31,GHR0689363,Audit,190.37,0.1019,19.4,2026-06-15,False
LIBM,120071,2025-04-30,RZN9876413,Renewal,6082.18,0.1271,773.05,2025-05-15,False
TRAV,120094,2025-04-30,TRY2935270,Renewal,1603.0,0.1257,201.5,2025-05-15,False
LIBM,120162,2025-04-30,YHE7487429,Renewal,3943.03,0.0881,347.38,2025-05-15,False
LIBM,120162,2026-06-30,YHE7487429,Audit,-408.95,0.0881,-36.03,2026-07-15,True
NATI,120069,2025-04-30,ZPE9500638,Renewal,864.44,0.06,51.87,2025-05-15,False
FARM,120224,2025-04-30,TAB1542108,Renewal,1998.14,0.1375,274.74,2025-05-15,False
CHUB,120176,2025-04-30,EVE7907160,Renewal,1190.99,0.0643,76.58,2025-05-15,False
NATI,120015,2025-04-30,RRT2628315,Renewal,6554.22,0.0759,497.47,2025-05-15,False
GEIC,120162,2025-04-30,KCL5513559,Renewal,3729.45,0.1077,401.66,2025-05-15,False
TRAV,120077,2025-04-30,SJU6163021,Renewal,7711.8,0.1219,940.07,2025-05-15,False
NATI,120038,2025-04-30,SLY6417021,Renewal,3174.65,0.1868,593.02,2025-05-15,False
HART,120180,2025-04-30,ZRD1728408,Renewal,25000.0,0.1095,2737.5,2025-05-15,False
NATI,120007,2025-04-30,ARN0054116,Renewal,2260.76,0.1667,376.87,2025-05-15,False
PRGS,120097,2025-04-30,CWF8387579,Endorsement,34.67,0.1622,5.62,2025-05-15,False
GEIC,120162,2025-04-30,PZM8271220,New,1128.29,0.0894,100.87,2025-05-15,False
GEIC,120043,2025-04-30,TWE2604792,Renewal,1111.54,0.1165,129.49,2025-05-15,False
HART,120087,2025-04-30,XXH3577340,Renewal,1610.57,0.1213,195.36,2025-05-15,False
LIBM,120095,2025-04-30,MBL0124080,New,1121.18,0.1041,116.71,2025-05-15,False
GEIC,120078,2025-04-30,KKK0697155,Renewal,3832.76,0.1169,448.05,2025-05-15,False
FARM,120119,2025-04-30,KGD7494608,Renewal,4248.44,0.1418,602.43,2025-05-15,False
FARM,120119,2026-04-30,KGD7494608,Audit,547.56,0.1418,77.64,2026-05-15,False
HART,120038,2025-04-30,MCY2497465,Renewal,4456.36,0.1034,460.79,2025-05-15,False
TRAV,120070,2025-12-31,EMY7929958,Endorsement,122.91,0.1377,16.92,2026-01-15,False
GEIC,120207,2025-04-30,UVT7129437,New,770.7,0.119,91.71,2025-05-15,False
GEIC,120174,2025-04-30,UFM9123928,Renewal,2664.51,0.1463,389.82,2025-05-15,False
LIBM,120255,2025-04-30,SXC0635984,New,1718.93,0.1063,182.72,2025-05-15,False
PRGS,120241,2025-04-30,YLL1719997,Renewal,7653.17,0.149,1140.32,2025-05-15,False
GEIC,120144,2025-04-30,LYD0424753,Renewal,1467.38,0.0892,130.89,2025-05-15,False
AMFA,120145,2025-06-30,PWZ7393031,Endorsement,66.62,0.1441,9.6,2025-07-15,False
PRGS,120060,2025-04-30,JXG4478722,New,4000.0,0.115,460.0,2025-05-15,False
CHUB,120277,2025-08-31,XBV9433661,Endorsement,-37.04,0.1057,-3.92,2025-09-15,True
GEIC,120065,2025-04-30,PEF0161648,Rewrite,10562.93,0.1489,1572.82,2025-05-15,False
GEIC,120165,2025-04-30,EPP3351320,New,2232.61,0.0836,186.65,2025-05-15,False
LIBM,120147,2025-04-30,TDB7434987,Endorsement,7.24,0.1373,0.99,2025-05-15,False
FARM,120199,2025-04-30,NSE8033644,Renewal,8004.44,0.1817,1454.41,2025-05-15,False
HART,120268,2025-04-30,UFH8952517,New,2112.5,0.1035,218.64,2025-05-15,False
GEIC,120084,2025-04-30,NGZ8307671,Renewal,673.85,0.088,59.3,2025-05-15,False
LIBM,120289,2025-04-30,FDD1935484,New,1453.76,0.1197,174.02,2025-05-15,False
HART,120191,2025-04-30,XFB4200688,Renewal,610.0,0.1268,77.35,2025-05-15,False
ALLS,120205,2025-04-30,UYH0249749,Renewal,2547.48,0.0881,224.43,2025-05-15,False
LIBM,120014,2025-04-30,YMP1746612,New,1174.19,0.1086,127.52,2025-05-15,False
GEIC,120249,2025-04-30,BRJ8768113,Renewal,300.0,0.0888,26.64,2025-05-15,False
HART,120169,2025-04-30,AKN6169469,New,1417.49,0.085,120.49,2025-05-15,False
LIBM,120197,2025-04-30,EYH6751838,Renewal,2510.89,0.1437,360.81,2025-05-15,False
ALLS,120133,2025-09-30,FRF7119914,Endorsement,-125.46,0.1198,-15.03,2025-10-15,True
NATI,120229,2025-04-30,KKW6767931,New,3276.47,0.1029,337.15,2025-05-15,False
NATI,120221,2025-04-30,BMW2387402,Renewal,2838.23,0.1287,365.28,2025-05-15,False
GEIC,120144,2025-04-30,TCB6434607,New,1879.37,0.0781,146.78,2025-05-15,False
GEIC,120274,2025-04-30,ZEV5941616,Renewal,1836.16,0.1127,206.94,2025-05-15,False
LIBM,120243,2025-04-30,LFC7051286,New,2359.97,0.0977,230.57,2025-05-15,False
NATI,120083,2025-04-30,FXC4767343,New,1542.56,0.0971,149.78,2025-05-15,False
PRGS,120054,2025-12-31,NCX5428175,Endorsement,-9.97,0.0974,-0.97,2026-01-15,True
HART,120110,2025-06-30,EGX7492317,Reinstate,0.0,0.1378,0.0,2025-07-15,False
NATI,120005,2025-04-30,GZC9975466,New,1931.63,0.1028,198.57,2025-05-15,False
FARM,120196,2025-04-30,MGE6207429,Renewal,268.59,0.1471,39.51,2025-05-15,False
PRGS,120123,2025-04-30,DUK4219916,Renewal,1000.95,0.1142,114.31,2025-05-15,False
TRAV,120087,2025-04-30,AMG5924575,Renewal,4000.0,0.1253,501.2,2025-05-15,False
LIBM,120097,2025-04-30,ZVF9154693,Renewal,4046.73,0.1084,438.67,2025-05-15,False
NATI,120071,2025-04-30,PNW6577142,New,2768.09,0.0901,249.4,2025-05-15,False
TRAV,120143,2025-04-30,WJU3025112,Renewal,2936.17,0.1385,406.66,2025-05-15,False
GEIC,120109,2025-04-30,JKA8341778,Renewal,10159.19,0.1065,1081.95,2025-05-15,False
LIBM,120170,2025-04-30,VYC6101744,Renewal,1022.87,0.1343,137.37,2025-05-15,False
GEIC,120056,2025-04-30,LMF0190068,New,900.44,0.1038,93.47,2025-05-15,False
GEIC,120196,2025-05-31,ZAU1911292,Cancel,-0.0,0.1721,-0.0,2025-06-15,False
TRAV,120185,2025-04-30,FHS4849378,Renewal,2175.85,0.1063,231.29,2025-05-15,False
HART,120018,2025-04-30,YWT8478083,Renewal,4535.9,0.1433,649.99,2025-05-15,False
HART,120253,2025-04-30,PCB2724712,Renewal,1335.26,0.0709,94.67,2025-05-15,False
FARM,120257,2025-04-30,SHZ1849605,Renewal,1136.25,0.1142,129.76,2025-05-15,False
ALLS,120085,2025-04-30,ENN6543224,Renewal,1826.18,0.1288,235.21,2025-05-15,False
LIBM,120052,2025-11-30,MFG5401550,Cancel,-0.0,0.1501,-0.0,2025-12-15,False
HART,120198,2025-04-30,YUM0826952,Renewal,1500.0,0.1404,210.6,2025-05-15,False
LIBM,120042,2025-04-30,CUH7708592,Renewal,1119.63,0.1642,183.84,2025-05-15,False
GEIC,120143,2025-04-30,XYY5531940,Renewal,2887.71,0.1524,440.09,2025-05-15,False
FARM,120069,2025-04-30,DXL2587625,Renewal,2345.44,0.1148,269.26,2025-05-15,False
GEIC,120279,2025-04-30,ETM8406107,New,1395.87,0.06,83.75,2025-05-15,False
FARM,120141,2025-04-30,XZR0024103,New,881.45,0.1351,119.08,2025-05-15,False
TRAV,120226,2025-04-30,SXH6435829,Renewal,790.96,0.1428,112.95,2025-05-15,False
PRGS,120097,2025-04-30,LRB6105081,Renewal,2124.94,0.096,203.99,2025-05-15,False
NATI,120272,2025-04-30,CBK2045199,Renewal,931.45,0.139,129.47,2025-05-15,False
TRAV,120113,2025-04-30,LZJ5405193,New,1008.36,0.1328,133.91,2025-05-15,False
LIBM,120047,2025-04-30,PVS9557186,Renewal,2259.87,0.1321,298.53,2025-05-15,False
NATI,120084,2025-04-30,NNC2312576,Renewal,3289.28,0.1328,436.82,2025-05-15,False
GEIC,120224,2025-04-30,GHZ8118819,Renewal,3947.79,0.141,556.64,2025-05-15,False
GEIC,120024,2025-04-30,YRY1220525,Renewal,2721.38,0.1369,372.56,2025-05-15,False
TRAV,120158,2025-04-30,KDG0346593,Renewal,1466.05,0.1272,186.48,2025-05-15,False
GEIC,120295,2025-04-30,EYT7456412,Cancel,-0.0,0.1386,-0.0,2025-05-15,False
ALLS,120188,2025-04-30,VVW2208777,Renewal,1652.17,0.1672,276.24,2025-05-15,False
TRAV,120295,2025-04-30,ESM7273945,Renewal,2000.0,0.0971,194.2,2025-05-15,False
CHUB,120291,2025-11-30,DEN5393771,Endorsement,92.67,0.1278,11.84,2025-12-15,False
ALLS,120017,2025-04-30,RLF1740356,Renewal,3820.57,0.169,645.68,2025-05-15,False
ALLS,120203,2025-04-30,UEN4213664,Renewal,1734.02,0.1642,284.73,2025-05-15,False
ALLS,120203,2026-05-31,UEN4213664,Audit,144.3,0.1642,23.69,2026-06-15,False
HART,120024,2025-04-30,ZFC4285590,New,4000.0,0.14,560.0,2025-05-15,False
AMFA,120182,2025-04-30,SSS9295614,Endorsement,110.95,0.1789,19.85,2025-05-15,False
NATI,120002,2025-04-30,DNN7370871,New,3799.01,0.0919,349.13,2025-05-15,False
PRGS,120167,2025-04-30,CUF5789990,Renewal,1459.85,0.1118,163.21,2025-05-15,False
PRGS,120006,2025-04-30,RDZ4973256,New,921.22,0.0731,67.34,2025-05-15,False
ALLS,120288,2025-04-30,HDG8747031,Renewal,1833.98,0.1094,200.64,2025-05-15,False
PRGS,120189,2025-04-30,DAG7320983,Renewal,3845.04,0.1325,509.47,2025-05-15,False
LIBM,120074,2025-04-30,GNC9031779,New,1048.1,0.1062,111.31,2025-05-15,False
ALLS,120047,2025-04-30,XTF3917246,Renewal,2231.47,0.1345,300.13,2025-05-15,False
NATI,120094,2025-04-30,HKX0886705,Renewal,3102.37,0.1373,425.96,2025-05-15,False
HART,120284,2025-04-30,BZY6646920,New,1049.92,0.0828,86.93,2025-05-15,False
LIBM,120094,2025-04-30,WGU3210108,New,707.33,0.0906,64.08,2025-05-15,False
FARM,120101,2025-04-30,HYY6810326,Renewal,3151.96,0.1269,399.98,2025-05-15,False
AMFA,120224,2025-04-30,BEU0052297,Renewal,698.23,0.0916,63.96,2025-05-15,False
TRAV,120158,2025-04-30,XCL6278266,New,1151.07,0.111,127.77,2025-05-15,False
CHUB,120188,2025-04-30,SRG4413366,New,3547.18,0.1331,472.13,2025-05-15,False
CHUB,120265,2025-04-30,WKT9634169,Renewal,6666.54,0.2,1333.31,2025-05-15,False
ALLS,120092,2025-04-30,UNU3566827,Renewal,10856.51,0.1396,1515.57,2025-05-15,False
TRAV,120174,2025-04-30,EXT3006957,New,693.47,0.0878,60.89,2025-05-15,False
AMFA,120103,2025-04-30,MDZ9013371,Rewrite,8285.49,0.1171,970.23,2025-05-15,False
PRGS,120134,2025-04-30,LBM7245159,New,1547.56,0.0943,145.93,2025-05-15,False
FARM,120080,2025-04-30,BLW3863657,Renewal,1069.75,0.1004,107.4,2025-05-15,False
GEIC,120122,2025-04-30,WLX7709962,Renewal,5770.66,0.0501,289.11,2025-05-15,False
FARM,120121,2025-04-30,DEB5904060,Renewal,743.6,0.1352,100.53,2025-05-15,False
ALLS,120271,2025-04-30,MYS0860275,New,2116.89,0.0877,185.65,2025-05-15,False
AMFA,120296,2025-04-30,JVE3791578,Renewal,8106.2,0.0739,599.05,2025-05-15,False
CHUB,120126,2025-04-30,KCA8581898,New,1363.66,0.1002,136.64,2025-05-15,False
AMFA,120219,2025-04-30,ASL4596354,New,1891.49,0.1089,205.98,2025-05-15,False
HART,120246,2025-04-30,WVS8351879,New,1490.74,0.0872,129.99,2025-05-15,False
ALLS,120062,2025-04-30,BES6694282,New,1934.95,0.1004,194.27,2025-05-15,False
FARM,120180,2025-04-30,ULG4756214,Renewal,987.68,0.1178,116.35,2025-05-15,False
ALLS,120254,2025-04-30,TWV7137085,Renewal,2640.35,0.1249,329.78,2025-05-15,False
HART,120252,2025-10-31,JPD7137154,Endorsement,-0.45,0.103,-0.05,2025-11-15,True
ALLS,120230,2025-04-30,WHP0178284,Renewal,7265.04,0.1034,751.21,2025-05-15,False
PRGS,120106,2025-04-30,HNV0705399,Renewal,807.82,0.1217,98.31,2025-05-15,False
GEIC,120025,2025-04-30,ZVA7455857,Renewal,509.16,0.1435,73.06,2025-05-15,False
ALLS,120079,2025-04-30,SBJ5420655,New,1923.97,0.1255,241.46,2025-05-15,False
HART,120206,2025-04-30,TTP1439146,New,1097.68,0.1179,129.42,2025-05-15,False
FARM,120193,2025-04-30,ACG5885910,New,2524.95,0.088,222.2,2025-05-15,False
LIBM,120208,2025-11-30,UNN4278702,Cancel,-0.0,0.2,-0.0,2025-12-15,False
PRGS,120133,2025-05-31,XDX9601244,Endorsement,11.22,0.1541,1.73,2025-06-15,False
ALLS,120298,2025-04-30,KXH4302062,Renewal,2691.65,0.0942,253.55,2025-05-15,False
ALLS,120124,2025-04-30,PYY5627829,Renewal,791.76,0.1307,103.48,2025-05-15,False
LIBM,120034,2025-04-30,LBL3272157,New,1529.35,0.1171,179.09,2025-05-15,False
LIBM,120195,2025-04-30,CTM5497675,New,1133.84,0.0975,110.55,2025-05-15,False
PRGS,120076,2025-04-30,KHH6042033,Renewal,1626.99,0.1441,234.45,2025-05-15,False
GEIC,120297,2025-04-30,SVL5953437,Renewal,4394.07,0.1325,582.21,2025-05-15,False
AMFA,120016,2025-04-30,XXJ5545267,New,3136.67,0.14,439.13,2025-05-15,False
PRGS,120050,2026-01-31,RRG4897364,Reinstate,0.0,0.1378,0.0,2026-02-15,False
NATI,120275,2025-04-30,HWP2233875,Renewal,907.33,0.1052,95.45,2025-05-15,False
ALLS,120011,2025-05-31,FLD9272260,Endorsement,8.16,0.1053,0.86,2025-06-15,False
LIBM,120002,2025-04-30,LLE4423376,Renewal,1307.02,0.0974,127.3,2025-05-15,False
LIBM,120274,2025-10-31,DDN6199091,Endorsement,34.81,0.1176,4.09,2025-11-15,False
TRAV,120109,2025-04-30,NGB0485156,Renewal,1883.41,0.1127,212.26,2025-05-15,False
AMFA,120088,2025-04-30,YPM1552497,Reinstate,0.0,0.1449,0.0,2025-05-15,False
ALLS,120291,2025-04-30,XDL1632736,Renewal,8426.81,0.1328,1119.08,2025-05-15,False
NATI,120040,2025-04-30,SMP1997494,Renewal,3850.5,0.0622,239.5,2025-05-15,False
HART,120000,2025-04-30,PUS0808613,New,2312.21,0.1252,289.49,2025-05-15,False
CHUB,120052,2025-04-30,RHT2388153,Renewal,5113.45,0.1573,804.35,2025-05-15,False
LIBM,120183,2025-04-30,SAY6784724,Renewal,2531.28,0.1445,365.77,2025-05-15,False
LIBM,120183,2026-06-30,SAY6784724,Audit,319.26,0.1445,46.13,2026-07-15,False
AMFA,120044,2025-04-30,RXB3428191,Renewal,1848.81,0.1585,293.04,2025-05-15,False
PRGS,120268,2025-04-30,NVY4849291,Renewal,2573.01,0.1341,345.04,2025-05-15,False
PRGS,120268,2026-05-31,NVY4849291,Audit,288.07,0.1341,38.63,2026-06-15,False
ALLS,120225,2025-04-30,TBZ1495299,Renewal,1282.0,0.1325,169.87,2025-05-15,False
ALLS,120223,2025-04-30,BKD8883136,Renewal,3141.72,0.1389,436.38,2025-05-15,False
LIBM,120271,2025-04-30,SKY3079777,Renewal,968.94,0.0898,87.01,2025-05-15,False
HART,120210,2025-04-30,HTD8769186,Renewal,1111.84,0.1516,168.55,2025-05-15,False
PRGS,120122,2025-04-30,WZX5883873,New,1526.99,0.0623,95.13,2025-05-15,False
TRAV,120148,2025-04-30,FZU6375967,New,3048.64,0.0839,255.78,2025-05-15,False
PRGS,120228,2025-04-30,EHH7946993,Renewal,4076.5,0.1267,516.49,2025-05-15,False
CHUB,120196,2025-04-30,SMZ1101226,New,1784.42,0.0931,166.13,2025-05-15,False
FARM,120133,2025-04-30,ZKZ0149597,New,1876.89,0.0993,186.38,2025-05-15,False
PRGS,120168,2025-04-30,VBF9677014,Renewal,25000.0,0.0699,1747.5,2025-05-15,False
CHUB,120119,2025-04-30,UZB4616391,Renewal,629.44,0.1283,80.76,2025-05-15,False
AMFA,120004,2025-04-30,AAT6050161,New,1021.4,0.132,134.82,2025-05-15,False
TRAV,120250,2025-04-30,KBZ8545397,Renewal,926.8,0.0921,85.36,2025-05-15,False
NATI,120207,2025-04-30,JGS8279366,Renewal,25000.0,0.0878,2195.0,2025-05-15,False
NATI,120207,2026-04-30,JGS8279366,Audit,-1520.31,0.0878,-133.48,2026-05-15,True
GEIC,120250,2025-04-30,ADA1799594,Renewal,2137.63,0.1181,252.45,2025-05-15,False
TRAV,120037,2025-04-30,ADD4034429,Renewal,1635.34,0.1476,241.38,2025-05-15,False
TRAV,120044,2025-08-31,RRY3678497,Cancel,-0.0,0.1697,-0.0,2025-09-15,False
TRAV,120044,2025-10-31,RRY3678497,Audit,1324.92,0.1697,224.84,2025-11-15,False
NATI,120020,2025-04-30,CKC5045834,Renewal,2242.29,0.1145,256.74,2025-05-15,False
GEIC,120065,2025-04-30,TVX0213426,Endorsement,82.9,0.1236,10.25,2025-05-15,False
TRAV,120082,2025-04-30,JUP3770274,Renewal,1407.85,0.1371,193.02,2025-05-15,False
GEIC,120255,2025-04-30,XRP5483037,Renewal,506.15,0.1351,68.38,2025-05-15,False
TRAV,120263,2025-04-30,NLS4292346,Renewal,1139.21,0.1046,119.16,2025-05-15,False
TRAV,120049,2025-04-30,BPH3063144,Renewal,968.41,0.1343,130.06,2025-05-15,False
ALLS,120264,2025-04-30,GJK4642479,Renewal,2117.5,0.0945,200.1,2025-05-15,False
AMFA,120173,2025-04-30,UTL9256012,Renewal,4857.21,0.1508,732.47,2025-05-15,False
FARM,120048,2025-04-30,HFS9338662,Renewal,1450.79,0.109,158.14,2025-05-15,False
NATI,120220,2025-04-30,HCX9444364,Renewal,6224.27,0.1884,1172.65,2025-05-15,False
HART,120235,2025-04-30,DMZ8171413,Renewal,2734.8,0.1298,354.98,2025-05-15,False
GEIC,120282,2025-05-31,CYX3497474,Endorsement,-34.58,0.0855,-2.96,2025-06-15,True
FARM,120168,2025-04-30,WGK6762621,New,1461.55,0.14,204.62,2025-05-15,False
HART,120148,2025-04-30,AWU0283464,Renewal,1686.98,0.108,182.19,2025-05-15,False
CHUB,120057,2025-04-30,RSJ9028075,Renewal,1898.71,0.1217,231.07,2025-05-15,False
AMFA,120212,2025-10-31,LRC9091982,Endorsement,8.31,0.08,0.66,2025-11-15,False
NATI,120203,2025-04-30,GEU6818363,New,2230.64,0.1075,239.79,2025-05-15,False
PRGS,120105,2025-04-30,JAV1164928,Renewal,2954.56,0.1288,380.55,2025-05-15,False
NATI,120073,2025-04-30,DZK6922109,Renewal,1500.0,0.1225,183.75,2025-05-15,False
HART,120125,2025-04-30,RWA6993980,New,3410.82,0.1257,428.74,2025-05-15,False
LIBM,120294,2025-04-30,HZE8146014,Renewal,1802.68,0.127,228.94,2025-05-15,False
TRAV,120115,2025-04-30,WVZ0341073,New,1161.7,0.0854,99.21,2025-05-15,False
LIBM,120124,2025-04-30,FNR6479728,New,853.52,0.1186,101.23,2025-05-15,False
HART,120163,2025-04-30,SUX0035296,Renewal,3025.1,0.0866,261.97,2025-05-15,False
HART,120163,2026-05-31,SUX0035296,Audit,-253.9,0.0866,-21.99,2026-06-15,True
TRAV,120229,2025-04-30,VAG7970130,New,2697.29,0.1048,282.68,2025-05-15,False
CHUB,120081,2025-04-30,ZNR0466151,New,2780.53,0.0693,192.69,2025-05-15,False
ALLS,120143,2025-04-30,NXK6377483,Renewal,2451.87,0.1345,329.78,2025-05-15,False
FARM,120128,2025-04-30,CTZ3934366,New,1355.96,0.06,81.36,2025-05-15,False
CHUB,120015,2025-04-30,ZTG4657698,New,440.03,0.1167,51.35,2025-05-15,False
GEIC,120115,2025-04-30,AVA9443408,New,982.07,0.1056,103.71,2025-05-15,False
NATI,120032,2025-04-30,VGZ5020163,Renewal,2155.83,0.1103,237.79,2025-05-15,False
ALLS,120036,2025-04-30,ZJL2658151,New,1032.51,0.1031,106.45,2025-05-15,False
LIBM,120021,2025-10-31,FLV0839663,Cancel,-0.0,0.1464,-0.0,2025-11-15,False
GEIC,120168,2025-04-30,WMX4229566,Renewal,666.56,0.1657,110.45,2025-05-15,False
GEIC,120155,2025-04-30,VSE2079320,Renewal,6874.29,0.1416,973.4,2025-05-15,False
PRGS,120256,2025-04-30,XKP6150151,New,469.6,0.1173,55.08,2025-05-15,False
GEIC,120059,2025-04-30,WRK6559184,New,1637.39,0.1171,191.74,2025-05-15,False
PRGS,120056,2025-04-30,BGG4718578,Renewal,2887.24,0.1164,336.07,2025-05-15,False
LIBM,120299,2025-04-30,NTE6046596,Renewal,5631.91,0.1108,624.02,2025-05-15,False
GEIC,120228,2025-04-30,VSD2912984,Renewal,1442.88,0.1114,160.74,2025-05-15,False
PRGS,120175,2025-04-30,SLV7022728,New,906.67,0.0907,82.23,2025-05-15,False
ALLS,120130,2025-04-30,SEM6364471,Renewal,8566.48,0.1891,1619.92,2025-05-15,False
LIBM,120071,2025-04-30,MPP9604451,New,1395.57,0.0858,119.74,2025-05-15,False
AMFA,120213,2025-04-30,ZVC4516023,New,2313.01,0.1047,242.17,2025-05-15,False
PRGS,120197,2025-04-30,HTU9039814,Renewal,885.34,0.0911,80.65,2025-05-15,False
FARM,120012,2025-04-30,XDZ4622372,Renewal,1473.41,0.1134,167.08,2025-05-15,False
ALLS,120138,2025-04-30,VVM4452090,New,1300.61,0.0899,116.92,2025-05-15,False
PRGS,120084,2025-08-31,HCX1783150,Cancel,-0.0,0.1114,-0.0,2025-09-15,False
TRAV,120023,2025-07-31,APW2817398,Endorsement,-11.15,0.1105,-1.23,2025-08-15,True
PRGS,120080,2026-02-28,ZCG6979765,Endorsement,-9.64,0.1055,-1.02,2026-03-15,True
ALLS,120047,2025-10-31,GSU7215029,Endorsement,13.89,0.1099,1.53,2025-11-15,False
CHUB,120291,2025-04-30,TWP6673449,Renewal,500.0,0.1253,62.65,2025-05-15,False
CHUB,120108,2025-06-30,DZL4847371,Endorsement,-58.85,0.1201,-7.07,2025-07-15,True
TRAV,120017,2025-04-30,CBB1056787,Renewal,6457.14,0.1949,1258.5,2025-05-15,False
FARM,120231,2025-04-30,CCD6627020,New,2729.06,0.0978,266.9,2025-05-15,False
GEIC,120029,2025-04-30,FUK4956855,Renewal,1500.0,0.1661,249.15,2025-05-15,False
GEIC,120221,2025-04-30,WZJ4118143,New,1717.79,0.14,240.49,2025-05-15,False
ALLS,120224,2025-04-30,JWK7248846,Renewal,3213.56,0.0983,315.89,2025-05-15,False
TRAV,120163,2025-04-30,NDN9608855,New,1280.59,0.1244,159.31,2025-05-15,False
GEIC,120041,2025-04-30,VLC3218573,Renewal,1783.86,0.1269,226.37,2025-05-15,False
ALLS,120165,2025-04-30,CPB5022592,Renewal,762.99,0.1725,131.62,2025-05-15,False
GEIC,120210,2025-04-30,CTY8069472,Renewal,3255.29,0.1499,487.97,2025-05-15,False
FARM,120270,2026-03-31,LUE2179198,Endorsement,24.19,0.0916,2.22,2026-04-15,False
CHUB,120298,2025-04-30,BKH6406876,Renewal,2062.53,0.109,224.82,2025-05-15,False
TRAV,120063,2026-01-31,JGT3366148,Endorsement,-48.86,0.0959,-4.69,2026-02-15,True
LIBM,120201,2025-04-30,RRY1753842,Renewal,2132.8,0.1252,267.03,2025-05-15,False
CHUB,120225,2025-04-30,LDR7015653,Renewal,651.98,0.1228,80.06,2025-05-15,False
GEIC,120194,2025-04-30,KVW4408524,New,3852.41,0.1014,390.63,2025-05-15,False
GEIC,120064,2025-04-30,MFV1665117,Renewal,4206.03,0.08,336.48,2025-05-15,False
GEIC,120010,2025-11-30,PFG3984115,Endorsement,18.72,0.1325,2.48,2025-12-15,False
TRAV,120190,2025-04-30,AUD5703620,Renewal,1689.57,0.1381,233.33,2025-05-15,False
GEIC,120134,2025-04-30,MZL8637740,Renewal,2214.44,0.1362,301.61,2025-05-15,False
GEIC,120133,2025-04-30,HTA9697967,Renewal,3708.83,0.144,534.07,2025-05-15,False
CHUB,120262,2025-04-30,WUF0683511,Renewal,4615.06,0.178,821.48,2025-05-15,False
AMFA,120064,2025-04-30,GYJ1857990,Renewal,1681.93,0.1163,195.61,2025-05-15,False
TRAV,120030,2025-04-30,BPS3110759,Renewal,1257.47,0.0908,114.18,2025-05-15,False
GEIC,120285,2025-04-30,HJW2403659,Renewal,479.69,0.09,43.17,2025-05-15,False
NATI,120181,2025-04-30,KWD4413547,New,959.58,0.1017,97.59,2025-05-15,False
CHUB,120257,2025-12-31,VDR7644117,Endorsement,-38.67,0.1128,-4.36,2026-01-15,True
TRAV,120200,2025-04-30,MGH2130062,Renewal,419.11,0.1028,43.08,2025-05-15,False
LIBM,120142,2025-04-30,AWM4364780,New,1367.63,0.1018,139.22,2025-05-15,False
TRAV,120211,2025-04-30,YNB8802036,Renewal,846.71,0.1311,111.0,2025-05-15,False
TRAV,120046,2025-04-30,CLD8519277,Renewal,1211.6,0.1504,182.22,2025-05-15,False
TRAV,120179,2025-04-30,VDA4720799,New,1193.91,0.0688,82.14,2025-05-15,False
TRAV,120166,2025-04-30,YKP9180196,Renewal,1305.22,0.1131,147.62,2025-05-15,False
HART,120065,2025-05-31,JXF6693698,Cancel,-0.0,0.1138,-0.0,2025-06-15,False
FARM,120068,2025-04-30,KZE5261802,Renewal,3227.54,0.1514,488.65,2025-05-15,False
FARM,120068,2026-05-31,KZE5261802,Audit,206.43,0.1514,31.25,2026-06-15,False
TRAV,120034,2025-04-30,NHR6164826,Renewal,1359.93,0.1173,159.52,2025-05-15,False
AMFA,120092,2025-04-30,YKF3689178,Renewal,2205.58,0.0802,176.89,2025-05-15,False
PRGS,120295,2025-04-30,MLH4209288,Renewal,3795.76,0.084,318.84,2025-05-15,False
ALLS,120148,2025-04-30,RAH4637618,Renewal,2188.88,0.1332,291.56,2025-05-15,False
ALLS,120180,2025-04-30,GTB5371451,Renewal,2057.98,0.1338,275.36,2025-05-15,False
TRAV,120249,2025-04-30,RVE3068696,Renewal,1399.81,0.0978,136.9,2025-05-15,False
LIBM,120001,2025-04-30,TBD7158066,New,898.25,0.0756,67.91,2025-05-15,False
CHUB,120014,2025-04-30,MGT9548978,New,986.58,0.1287,126.97,2025-05-15,False
ALLS,120287,2025-04-30,KPS2094727,Renewal,3497.63,0.0927,324.23,2025-05-15,False
AMFA,120269,2025-04-30,XPR2837860,Renewal,3733.96,0.1357,506.7,2025-05-15,False
HART,120111,2025-04-30,WWM0028287,Renewal,1311.09,0.1791,234.82,2025-05-15,False
AMFA,120095,2025-04-30,JAT7820924,Renewal,8347.22,0.1276,1065.11,2025-05-15,False
ALLS,120187,2025-04-30,BHT7420134,New,1092.05,0.1004,109.64,2025-05-15,False
LIBM,120212,2025-04-30,PZT7027636,New,3292.88,0.1274,419.51,2025-05-15,False
PRGS,120273,2025-04-30,KRU0573443,Rewrite,3775.81,0.1374,518.8,2025-05-15,False
LIBM,120243,2025-04-30,MUL2177416,Renewal,5250.21,0.0936,491.42,2025-05-15,False
HART,120123,2025-04-30,VRH9238976,Renewal,621.17,0.1202,74.66,2025-05-15,False
LIBM,120075,2025-07-31,PNZ5806964,Endorsement,-44.5,0.1014,-4.51,2025-08-15,True
TRAV,120103,2025-04-30,YZK2315143,Renewal,2623.68,0.0894,234.56,2025-05-15,False
TRAV,120103,2026-05-31,YZK2315143,Audit,-377.79,0.0894,-33.77,2026-06-15,True
TRAV,120007,2025-04-30,SJD4354424,Renewal,3182.66,0.1493,475.17,2025-05-15,False
FARM,120162,2025-04-30,AZP4347165,New,825.28,0.1156,95.4,2025-05-15,False
LIBM,120040,2025-09-30,VSH4455099,Endorsement,9.55,0.101,0.96,2025-10-15,False
GEIC,120246,2025-04-30,AVB6479918,Renewal,10749.73,0.0886,952.43,2025-05-15,False
GEIC,120246,2026-05-31,AVB6479918,Audit,-973.14,0.0886,-86.22,2026-06-15,True
TRAV,120025,2025-04-30,TJT5893009,Renewal,1604.88,0.1157,185.68,2025-05-15,False
FARM,120237,2025-04-30,ZRA7582343,Renewal,1500.0,0.1665,249.75,2025-05-15,False
TRAV,120180,2025-04-30,RRG2118515,Renewal,1495.54,0.1127,168.55,2025-05-15,False
PRGS,120267,2025-04-30,CSJ8568109,New,4000.0,0.0653,261.2,2025-05-15,False
CHUB,120279,2025-04-30,DET3736648,Renewal,4206.92,0.142,597.38,2025-05-15,False
GEIC,120257,2025-04-30,LDU1759751,Renewal,1834.53,0.0854,156.67,2025-05-15,False
PRGS,120217,2025-04-30,RZW9650781,Renewal,908.7,0.1401,127.31,2025-05-15,False
FARM,120271,2026-01-31,UVA7564629,Reinstate,0.0,0.1122,0.0,2026-02-15,False
PRGS,120125,2025-04-30,CYV0477121,Renewal,2722.22,0.06,163.33,2025-05-15,False
AMFA,120108,2025-04-30,RNK2150624,New,1208.27,0.0994,120.1,2025-05-15,False
HART,120058,2025-04-30,GKU9224722,Renewal,1071.38,0.0962,103.07,2025-05-15,False
NATI,120272,2025-04-30,CWL0782103,Renewal,1663.99,0.1359,226.14,2025-05-15,False
PRGS,120218,2025-04-30,MNS2862757,Renewal,905.69,0.1183,107.14,2025-05-15,False
FARM,120101,2025-04-30,LFR5884136,Renewal,1355.66,0.1412,191.42,2025-05-15,False
PRGS,120231,2025-04-30,RWK6603131,Renewal,3038.36,0.1027,312.04,2025-05-15,False
CHUB,120165,2025-04-30,XWA9741066,Renewal,1409.75,0.1348,190.03,2025-05-15,False
HART,120298,2025-04-30,XGE7093107,New,1343.86,0.1133,152.26,2025-05-15,False
PRGS,120263,2025-04-30,HDW3008443,Renewal,1465.09,0.1377,201.74,2025-05-15,False
GEIC,120065,2025-04-30,HAU1357393,Renewal,1440.31,0.1549,223.1,2025-05-15,False
ALLS,120252,2025-04-30,PAB0791961,New,960.59,0.1144,109.89,2025-05-15,False
PRGS,120023,2025-04-30,DJS3860024,Renewal,6115.05,0.0938,573.59,2025-05-15,False
LIBM,120202,2025-04-30,VTR0083234,New,2669.09,0.1113,297.07,2025-05-15,False
CHUB,120175,2025-04-30,LYY4285893,Renewal,642.57,0.1512,97.16,2025-05-15,False
PRGS,120170,2025-04-30,EKB0922440,Renewal,4230.95,0.1226,518.71,2025-05-15,False
CHUB,120189,2025-04-30,LCH1038151,Renewal,1582.01,0.1313,207.72,2025-05-15,False
CHUB,120071,2025-04-30,BVP6731695,Renewal,15000.0,0.1378,2067.0,2025-05-15,False
PRGS,120166,2025-04-30,DBE4419142,Renewal,847.55,0.1359,115.18,2025-05-15,False
PRGS,120232,2025-04-30,NKR4976960,New,2762.28,0.0773,213.52,2025-05-15,False
LIBM,120166,2025-04-30,PCU7876422,Renewal,1076.07,0.1018,109.54,2025-05-15,False
LIBM,120153,2025-04-30,NUY7891050,Renewal,500.0,0.1544,77.2,2025-05-15,False
TRAV,120010,2025-04-30,PGV3232585,Renewal,1500.0,0.1593,238.95,2025-05-15,False
AMFA,120214,2025-04-30,FPG7258879,New,1294.14,0.0954,123.46,2025-05-15,False
CHUB,120278,2025-04-30,TLA9584210,Renewal,5554.26,0.1606,892.01,2025-05-15,False
TRAV,120100,2025-04-30,CKJ4412983,Renewal,7022.11,0.097,681.14,2025-05-15,False
FARM,120238,2025-04-30,XNU4950378,New,851.1,0.1212,103.15,2025-05-15,False
PRGS,120257,2025-04-30,DNZ6928001,Renewal,772.36,0.1689,130.45,2025-05-15,False
LIBM,120011,2025-04-30,WDL1128703,Renewal,795.09,0.0778,61.86,2025-05-15,False
TRAV,120199,2025-04-30,ZCD7699314,New,1801.74,0.089,160.35,2025-05-15,False
LIBM,120042,2025-04-30,EZZ4799252,Renewal,2943.85,0.1507,443.64,2025-05-15,False
HART,120073,2025-04-30,BEE1803682,Renewal,7650.97,0.0797,609.78,2025-05-15,False
NATI,120021,2025-04-30,MDC5398046,Renewal,4110.7,0.1252,514.66,2025-05-15,False
LIBM,120170,2025-08-31,HBP5850995,Cancel,-0.0,0.1592,-0.0,2025-09-15,False
GEIC,120256,2025-04-30,ARV1982743,Renewal,12520.75,0.0991,1240.81,2025-05-15,False
PRGS,120153,2025-04-30,XHM5009904,New,866.91,0.0754,65.37,2025-05-15,False
TRAV,120253,2025-04-30,PTE1066216,New,1401.56,0.1319,184.87,2025-05-15,False
ALLS,120158,2025-10-31,LEC4863375,Endorsement,55.82,0.133,7.42,2025-11-15,False
ALLS,120290,2025-04-30,SVS0369813,Renewal,2082.54,0.0822,171.18,2025-05-15,False
HART,120233,2025-12-31,ARV9116345,Endorsement,-7.28,0.1023,-0.74,2026-01-15,True
TRAV,120142,2025-07-31,VRU9069821,Cancel,-0.0,0.2,-0.0,2025-08-15,False
AMFA,120287,2025-06-30,GSH4038215,Cancel,-0.0,0.1732,-0.0,2025-07-15,False
PRGS,120217,2025-04-30,RED9540520,Renewal,2731.71,0.1058,289.01,2025-05-15,False
PRGS,120049,2025-04-30,NMP8357243,Renewal,10470.43,0.2,2094.09,2025-05-15,False
PRGS,120087,2025-06-30,XVH3839837,Cancel,-0.0,0.1964,-0.0,2025-07-15,False
ALLS,120175,2025-04-30,HXF6792727,New,1418.07,0.0872,123.66,2025-05-15,False
PRGS,120249,2025-04-30,NYF8100182,New,1729.7,0.1251,216.39,2025-05-15,False
PRGS,120013,2025-04-30,PBG0198258,Renewal,3904.11,0.1277,498.55,2025-05-15,False
PRGS,120101,2026-03-31,YDL8305792,Endorsement,19.54,0.1251,2.44,2026-04-15,False
NATI,120267,2025-07-31,HXH6211970,Cancel,-0.0,0.1438,-0.0,2025-08-15,False
GEIC,120205,2025-04-30,KGF6067328,New,4000.0,0.0903,361.2,2025-05-15,False
TRAV,120275,2025-04-30,YYS9400153,Renewal,2541.0,0.1114,283.07,2025-05-15,False
PRGS,120052,2025-04-30,UWA9515972,New,1378.5,0.0985,135.78,2025-05-15,False
TRAV,120063,2025-04-30,ANG4091020,Renewal,1500.0,0.1535,230.25,2025-05-15,False
ALLS,120052,2025-04-30,RSA0613629,Renewal,1871.91,0.1491,279.1,2025-05-15,False
LIBM,120103,2025-04-30,KMJ1829933,Renewal,1186.0,0.1264,149.91,2025-05-15,False
HART,120126,2025-04-30,NJF3314298,Renewal,2214.92,0.0772,170.99,2025-05-15,False
AMFA,120109,2025-04-30,CMA5610138,Renewal,4559.79,0.0877,399.89,2025-05-15,False
PRGS,120297,2025-04-30,TNG7596638,Renewal,3055.03,0.0996,304.28,2025-05-15,False
ALLS,120294,2025-04-30,VTR4506205,New,1190.39,0.1195,142.25,2025-05-15,False
CHUB,120104,2025-04-30,GLJ2908632,Renewal,2000.0,0.1277,255.4,2025-05-15,False
TRAV,120200,2025-04-30,UZM5317589,New,1711.91,0.0643,110.08,2025-05-15,False
GEIC,120179,2026-02-28,CFE2200409,Endorsement,-72.5,0.1036,-7.51,2026-03-15,True
LIBM,120145,2025-04-30,CAZ7880566,Renewal,500.0,0.1451,72.55,2025-05-15,False
TRAV,120072,2025-04-30,JSP2067930,Renewal,496.34,0.1076,53.41,2025-05-15,False
TRAV,120246,2025-04-30,NYP0471220,Renewal,2698.99,0.0857,231.3,2025-05-15,False
TRAV,120246,2026-04-30,NYP0471220,Audit,-139.41,0.0857,-11.95,2026-05-15,True
ALLS,120002,2025-04-30,HBF4118048,New,1355.68,0.096,130.15,2025-05-15,False
PRGS,120200,2025-04-30,ZWA6153020,New,2585.09,0.0761,196.73,2025-05-15,False
ALLS,120201,2025-12-31,JGL4080152,Cancel,-0.0,0.1142,-0.0,2026-01-15,False
