AgentCode,AgencyName,LOB,State,ZipCode,PeriodStart,PeriodEnd,LossRatio,EarnedPremium,IncurredLoss,CommissionAmount,CommissionWrittenPremium,EligibleForRenewal,Renewals,PoliciesActive,NewCount,RewriteCount,Submitted,Quoted,Bound,SubmissionQuality,RetentionRate,ExpenseRatio,EP_utility_peer,DeclinedWithdrawn,DeclinedWithdrawnReason,HitRatio,CloseRatio
120000,Clearwater Insurance Services,Workers Comp,NJ,7030,1/1/2026,1/31/2026,0.5527,11798.86,2454.0,1412.81,3419.29,1,3,2,0,0,8,6,4,0.5817,0.8843,0.2605,0.973440518,2,,0.6667,0.5
120000,Clearwater Insurance Services,Workers Comp,NJ,7030,10/1/2025,10/31/2025,0.5612,41290.41,1024.3,4096.78,1286.39,1,0,1,0,0,3,2,1,0.5114,0.7699,0.2667,0.973440518,1,Declined,0.5,0.3333
120000,Clearwater Insurance Services,Workers Comp,NJ,7030,11/1/2025,11/30/2025,0.5215,17912.93,1741.13,2239.31,8072.41,3,3,1,0,0,3,2,1,0.5702,0.873,0.2604,0.973440518,1,Declined,0.5,0.3333
120000,Clearwater Insurance Services,Workers Comp,NJ,7030,12/1/2025,12/31/2025,0.6051,42749.73,1594.98,4346.58,4648.89,1,2,1,0,0,5,4,2,0.4837,0.8695,0.2913,0.973440518,1,,0.5,0.4
120000,Clearwater Insurance Services,Workers Comp,NJ,7030,2/1/2026,2/28/2026,0.626,20584.56,1351.98,2258.61,2350.48,2,1,2,0,0,3,2,1,0.5887,0.8333,0.2588,0.973440518,1,,0.5,0.3333
120000,Clearwater Insurance Services,Workers Comp,NJ,7030,3/1/2026,3/31/2026,0.5464,17598.46,867.84,2003.11,1573.2,0,0,1,0,0,3,2,1,0.4503,0.8168,0.2412,0.973440518,1,Declined,0.5,0.3333
120000,Clearwater Insurance Services,Workers Comp,NJ,7030,4/1/2025,4/30/2025,0.5236,37305.31,1234.4,4298.95,5058.53,2,1,1,0,0,6,5,3,0.4782,0.8632,0.2839,0.973440518,1,,0.6,0.5
120000,Clearwater Insurance Services,Workers Comp,NJ,7030,5/1/2025,5/31/2025,0.5506,29008.76,1358.38,3263.21,3005.93,0,0,1,1,0,5,3,2,0.5824,0.8218,0.2739,0.973440518,2,Declined,0.6667,0.4
120000,Clearwater Insurance Services,Workers Comp,NJ,7030,6/1/2025,6/30/2025,0.6452,26785.72,476.6,3354.09,2826.81,1,1,1,1,0,3,2,1,0.4524,0.884,0.2429,0.973440518,1,Withdrawn,0.5,0.3333
120000,Clearwater Insurance Services,Workers Comp,NJ,7030,7/1/2025,7/31/2025,0.5853,24283.76,628.62,2289.18,4070.06,1,0,1,0,0,6,5,3,0.5942,0.8262,0.2654,0.973440518,1,Withdrawn,0.6,0.5
120000,Clearwater Insurance Services,Workers Comp,NJ,7030,8/1/2025,8/31/2025,0.5146,35196.8,964.46,4144.68,2647.93,1,1,1,0,0,3,2,1,0.5154,0.8307,0.3055,0.973440518,1,Declined,0.5,0.3333
120000,Clearwater Insurance Services,Workers Comp,NJ,7030,9/1/2025,9/30/2025,0.5684,22318.98,2087.64,2681.08,4949.84,1,0,1,0,0,5,3,2,0.5776,0.8463,0.2611,0.973440518,2,Declined,0.6667,0.4
120001,Highmark Insurance Group,Commercial Auto,NJ,7102,1/1/2026,1/31/2026,0.9285,3820.65,0.0,338.52,2170.72,0,0,0,0,0,3,2,1,0.1563,0.4967,0.5259,0.851130116,1,,0.5,0.3333
120001,Highmark Insurance Group,Commercial Auto,NJ,7102,10/1/2025,10/31/2025,0.9158,3392.43,0.0,304.17,234.6,2,0,0,0,0,3,2,1,0.1637,0.3936,0.5976,0.851130116,1,,0.5,0.3333
120001,Highmark Insurance Group,Commercial Auto,NJ,7102,11/1/2025,11/30/2025,1.0214,3486.25,0.0,316.6,1411.6,0,0,0,0,0,3,2,1,0.1676,0.4609,0.5211,0.851130116,1,,0.5,0.3333
120001,Highmark Insurance Group,Commercial Auto,NJ,7102,12/1/2025,12/31/2025,0.9209,2329.84,0.0,176.81,1284.46,1,0,2,0,0,3,2,1,0.1083,0.4839,0.6156,0.851130116,1,Withdrawn,0.5,0.3333
120001,Highmark Insurance Group,Commercial Auto,NJ,7102,2/1/2026,2/28/2026,1.0111,2981.63,0.0,206.87,967.38,0,0,1,1,0,3,2,1,0.2051,0.4574,0.5596,0.851130116,1,Declined,0.5,0.3333
120001,Highmark Insurance Group,Commercial Auto,NJ,7102,3/1/2026,3/31/2026,0.8672,4205.72,0.0,297.81,159.04,1,2,1,0,0,3,2,1,0.1676,0.5262,0.4155,0.851130116,1,,0.5,0.3333
120001,Highmark Insurance Group,Commercial Auto,NJ,7102,4/1/2025,4/30/2025,0.9589,3367.45,0.0,234.87,1900.88,0,0,0,0,0,3,2,1,0.1897,0.3707,0.4918,0.851130116,1,Withdrawn,0.5,0.3333
120001,Highmark Insurance Group,Commercial Auto,NJ,7102,5/1/2025,5/31/2025,0.8945,2283.93,0.0,207.23,807.42,0,0,0,0,0,16,10,6,0.2262,0.4724,0.548,0.851130116,6,Withdrawn,0.6,0.375
120001,Highmark Insurance Group,Commercial Auto,NJ,7102,6/1/2025,6/30/2025,0.8797,4286.49,0.0,302.92,266.17,1,0,1,0,0,3,2,1,0.239,0.4387,0.5093,0.851130116,1,,0.5,0.3333
120001,Highmark Insurance Group,Commercial Auto,NJ,7102,7/1/2025,7/31/2025,0.9188,2927.71,0.0,207.43,485.48,0,1,1,1,0,3,2,1,0.1527,0.4197,0.5049,0.851130116,1,,0.5,0.3333
120001,Highmark Insurance Group,Commercial Auto,NJ,7102,8/1/2025,8/31/2025,0.9526,2836.86,0.0,212.36,723.97,0,0,0,0,0,3,2,1,0.2413,0.4512,0.4786,0.851130116,1,Declined,0.5,0.3333
120001,Highmark Insurance Group,Commercial Auto,NJ,7102,9/1/2025,9/30/2025,0.9581,4475.26,0.0,410.97,1048.83,1,0,0,1,0,4,3,2,0.1828,0.4475,0.5028,0.851130116,1,Withdrawn,0.6667,0.5
120002,Heritage Agency Group,Business Owners Policy,NJ,8401,1/1/2026,1/31/2026,0.8259,11353.43,0.0,1007.87,425.27,0,0,1,1,0,3,2,1,0.3199,0.5712,0.3891,0.8734351,1,Withdrawn,0.5,0.3333
120002,Heritage Agency Group,Business Owners Policy,NJ,8401,10/1/2025,10/31/2025,0.8776,9928.93,0.0,925.81,1808.32,0,0,0,1,0,8,3,1,0.2956,0.6608,0.468,0.8734351,5,,0.3333,0.125
120002,Heritage Agency Group,Business Owners Policy,NJ,8401,11/1/2025,11/30/2025,0.7696,4722.6,0.0,485.52,919.34,1,0,1,0,0,3,2,1,0.279,0.4638,0.396,0.8734351,1,Declined,0.5,0.3333
120002,Heritage Agency Group,Business Owners Policy,NJ,8401,12/1/2025,12/31/2025,0.829,9911.57,0.0,801.75,1918.13,1,0,0,0,0,3,2,1,0.3229,0.5881,0.3435,0.8734351,1,Withdrawn,0.5,0.3333
120002,Heritage Agency Group,Business Owners Policy,NJ,8401,2/1/2026,2/28/2026,0.7408,1860.6,0.0,191.06,676.17,1,0,1,0,0,3,2,1,0.2812,0.629,0.4933,0.8734351,1,Withdrawn,0.5,0.3333
120002,Heritage Agency Group,Business Owners Policy,NJ,8401,3/1/2026,3/31/2026,0.9012,4296.12,0.0,360.37,285.96,0,1,1,1,0,3,2,1,0.2019,0.5839,0.431,0.8734351,1,,0.5,0.3333
120002,Heritage Agency Group,Business Owners Policy,NJ,8401,4/1/2025,4/30/2025,0.8203,3797.14,0.0,388.29,761.89,1,0,1,0,0,4,3,2,0.3249,0.5475,0.4219,0.8734351,1,Declined,0.6667,0.5
120002,Heritage Agency Group,Business Owners Policy,NJ,8401,5/1/2025,5/31/2025,0.8115,11624.11,0.0,1001.65,705.45,1,0,0,0,0,4,2,1,0.3424,0.5968,0.3653,0.8734351,2,,0.5,0.25
120002,Heritage Agency Group,Business Owners Policy,NJ,8401,6/1/2025,6/30/2025,0.8399,10537.89,0.0,963.18,699.08,1,0,1,1,0,3,2,1,0.3046,0.6476,0.3901,0.8734351,1,Declined,0.5,0.3333
120002,Heritage Agency Group,Business Owners Policy,NJ,8401,7/1/2025,7/31/2025,0.8241,6192.72,0.0,478.56,504.69,1,0,0,1,0,3,2,1,0.2592,0.5783,0.4611,0.8734351,1,,0.5,0.3333
120002,Heritage Agency Group,Business Owners Policy,NJ,8401,8/1/2025,8/31/2025,0.8587,10175.27,0.0,886.17,3226.15,1,1,2,0,0,4,3,2,0.3274,0.5218,0.4747,0.8734351,1,Withdrawn,0.6667,0.5
120002,Heritage Agency Group,Business Owners Policy,NJ,8401,9/1/2025,9/30/2025,0.7145,500.0,0.0,50.0,2079.73,1,1,1,0,0,3,2,1,0.308,0.5631,0.4554,0.8734351,1,Withdrawn,0.5,0.3333
120003,Tri-State Insurance Group,Workers Comp,NJ,7601,1/1/2026,1/31/2026,0.814,15920.33,0.0,1588.51,5607.33,0,1,1,0,0,4,3,2,0.4172,0.6419,0.2986,0.886776207,1,Withdrawn,0.6667,0.5
120003,Tri-State Insurance Group,Workers Comp,NJ,7601,10/1/2025,10/31/2025,0.6977,13623.48,0.0,1210.67,1491.01,0,0,0,0,0,3,2,1,0.4139,0.6524,0.3737,0.886776207,1,,0.5,0.3333
120003,Tri-State Insurance Group,Workers Comp,NJ,7601,11/1/2025,11/30/2025,0.7257,13686.6,0.0,1437.46,771.0,0,0,0,0,0,3,2,1,0.367,0.6894,0.3118,0.886776207,1,Withdrawn,0.5,0.3333
120003,Tri-State Insurance Group,Workers Comp,NJ,7601,12/1/2025,12/31/2025,0.7669,11204.87,0.0,982.23,1630.09,0,1,1,0,0,3,2,1,0.3792,0.691,0.3266,0.886776207,1,,0.5,0.3333
120003,Tri-State Insurance Group,Workers Comp,NJ,7601,2/1/2026,2/28/2026,0.6925,23823.63,0.0,2053.1,366.77,0,1,0,0,0,3,2,1,0.3601,0.6879,0.3089,0.886776207,1,Declined,0.5,0.3333
120003,Tri-State Insurance Group,Workers Comp,NJ,7601,3/1/2026,3/31/2026,0.7025,10898.18,0.0,1170.99,2373.1,1,0,1,0,0,3,2,1,0.4626,0.7582,0.3554,0.886776207,1,,0.5,0.3333
120003,Tri-State Insurance Group,Workers Comp,NJ,7601,4/1/2025,4/30/2025,0.6629,6424.04,0.0,635.18,640.01,1,1,0,0,0,3,2,1,0.3049,0.699,0.3227,0.886776207,1,,0.5,0.3333
120003,Tri-State Insurance Group,Workers Comp,NJ,7601,5/1/2025,5/31/2025,0.7957,18843.12,0.0,1902.47,279.79,1,0,1,0,0,4,3,2,0.4214,0.6705,0.3655,0.886776207,1,Withdrawn,0.6667,0.5
120003,Tri-State Insurance Group,Workers Comp,NJ,7601,6/1/2025,6/30/2025,0.691,10218.25,0.0,874.7,290.29,1,0,0,0,0,3,2,1,0.4302,0.6457,0.3113,0.886776207,1,Declined,0.5,0.3333
120003,Tri-State Insurance Group,Workers Comp,NJ,7601,7/1/2025,7/31/2025,0.6004,12246.05,0.0,1368.08,1492.49,0,0,0,0,0,5,3,2,0.3813,0.6838,0.3082,0.886776207,2,,0.6667,0.4
120003,Tri-State Insurance Group,Workers Comp,NJ,7601,8/1/2025,8/31/2025,0.8181,14386.84,0.0,1476.17,721.42,0,0,0,0,0,3,2,1,0.494,0.7097,0.3664,0.886776207,1,,0.5,0.3333
120003,Tri-State Insurance Group,Workers Comp,NJ,7601,9/1/2025,9/30/2025,0.6397,10657.99,0.0,1022.02,1288.76,0,0,0,0,0,5,3,1,0.4006,0.7733,0.3268,0.886776207,2,,0.3333,0.2
120004,Meridian & Associates,Commercial Auto,PA,19103,1/1/2026,1/31/2026,0.6056,22794.86,1164.99,2271.66,3174.31,0,0,1,2,0,3,2,1,0.5781,0.778,0.3373,1.0,1,Declined,0.5,0.3333
120004,Meridian & Associates,Commercial Auto,PA,19103,10/1/2025,10/31/2025,0.5208,33477.14,3004.47,4215.39,2823.56,1,1,1,1,0,5,3,2,0.4249,0.8036,0.2551,1.0,2,Declined,0.6667,0.4
120004,Meridian & Associates,Commercial Auto,PA,19103,11/1/2025,11/30/2025,0.5357,32007.34,575.96,3974.33,7449.69,1,0,3,1,0,3,2,1,0.5878,0.8027,0.2528,1.0,1,,0.5,0.3333
120004,Meridian & Associates,Commercial Auto,PA,19103,12/1/2025,12/31/2025,0.4913,21906.12,6569.93,2183.44,3035.93,1,1,2,0,0,8,3,2,0.5967,0.8686,0.3413,1.0,5,Declined,0.6667,0.25
120004,Meridian & Associates,Commercial Auto,PA,19103,2/1/2026,2/28/2026,0.5042,30077.78,4328.34,3098.76,1555.38,1,1,0,0,0,6,5,1,0.5524,0.7712,0.2259,1.0,1,,0.2,0.1667
120004,Meridian & Associates,Commercial Auto,PA,19103,3/1/2026,3/31/2026,0.4957,15111.96,2286.11,1438.81,4825.69,2,0,1,1,0,7,5,4,0.6892,0.828,0.2458,1.0,2,,0.8,0.5714
120004,Meridian & Associates,Commercial Auto,PA,19103,4/1/2025,4/30/2025,0.4984,34685.54,2391.17,4113.27,1929.45,2,0,5,0,0,3,2,1,0.5212,0.8502,0.2685,1.0,1,,0.5,0.3333
120004,Meridian & Associates,Commercial Auto,PA,19103,5/1/2025,5/31/2025,0.4822,19738.97,2908.11,2451.08,3796.31,2,4,0,0,0,3,2,1,0.4615,0.893,0.2583,1.0,1,Withdrawn,0.5,0.3333
120004,Meridian & Associates,Commercial Auto,PA,19103,6/1/2025,6/30/2025,0.5723,37342.26,2916.51,3663.74,3010.02,1,0,2,1,0,5,2,1,0.5422,0.8226,0.2619,1.0,3,Declined,0.5,0.2
120004,Meridian & Associates,Commercial Auto,PA,19103,7/1/2025,7/31/2025,0.5653,25447.54,1143.07,3063.4,352.56,3,0,1,0,0,3,2,1,0.5341,0.8376,0.2622,1.0,1,Withdrawn,0.5,0.3333
120004,Meridian & Associates,Commercial Auto,PA,19103,8/1/2025,8/31/2025,0.5674,37609.71,677.83,4061.53,577.77,1,1,0,0,0,7,5,3,0.5337,0.8461,0.3423,1.0,2,,0.6,0.4286
120004,Meridian & Associates,Commercial Auto,PA,19103,9/1/2025,9/30/2025,0.5255,21251.64,1842.91,2339.59,2819.34,2,2,1,0,0,3,2,1,0.6026,0.7531,0.2597,1.0,1,,0.5,0.3333
120005,Nexus Insurance Services,Business Owners Policy,PA,15222,1/1/2026,1/31/2026,0.5696,29884.92,347.54,2909.52,2195.19,1,0,0,0,0,6,4,1,0.4394,0.8449,0.2734,0.882728076,2,,0.25,0.1667
120005,Nexus Insurance Services,Business Owners Policy,PA,15222,10/1/2025,10/31/2025,0.5963,24797.02,526.41,2968.27,729.95,0,0,1,1,0,4,3,2,0.5063,0.8371,0.285,0.882728076,1,Withdrawn,0.6667,0.5
120005,Nexus Insurance Services,Business Owners Policy,PA,15222,11/1/2025,11/30/2025,0.588,24325.11,520.67,2473.87,3296.36,0,1,1,0,0,7,6,1,0.5624,0.8255,0.3481,0.882728076,1,Withdrawn,0.1667,0.1429
120005,Nexus Insurance Services,Business Owners Policy,PA,15222,12/1/2025,12/31/2025,0.499,34633.11,725.53,4176.8,874.27,0,1,0,0,0,3,2,1,0.5326,0.8321,0.3253,0.882728076,1,,0.5,0.3333
120005,Nexus Insurance Services,Business Owners Policy,PA,15222,2/1/2026,2/28/2026,0.5338,34055.91,208.24,3993.44,963.89,1,0,1,0,0,5,4,3,0.5689,0.8067,0.2506,0.882728076,1,Declined,0.75,0.6
120005,Nexus Insurance Services,Business Owners Policy,PA,15222,3/1/2026,3/31/2026,0.4947,30247.71,64.34,3173.23,403.31,1,0,0,0,0,3,2,1,0.4684,0.8503,0.3216,0.882728076,1,,0.5,0.3333
120005,Nexus Insurance Services,Business Owners Policy,PA,15222,4/1/2025,4/30/2025,0.4433,30239.75,603.98,3332.25,2187.93,1,1,0,1,0,3,2,1,0.5472,0.8396,0.3249,0.882728076,1,,0.5,0.3333
120005,Nexus Insurance Services,Business Owners Policy,PA,15222,5/1/2025,5/31/2025,0.4825,32722.2,340.26,4055.67,1179.6,1,0,0,0,0,3,2,1,0.6391,0.8214,0.2739,0.882728076,1,Withdrawn,0.5,0.3333
120005,Nexus Insurance Services,Business Owners Policy,PA,15222,6/1/2025,6/30/2025,0.5026,40745.49,827.57,5066.05,1426.52,0,0,0,0,0,3,2,1,0.6173,0.8765,0.2941,0.882728076,1,,0.5,0.3333
120005,Nexus Insurance Services,Business Owners Policy,PA,15222,7/1/2025,7/31/2025,0.5193,32191.62,99.26,3433.79,457.37,0,0,1,0,0,3,2,1,0.6769,0.8434,0.2773,0.882728076,1,Withdrawn,0.5,0.3333
120005,Nexus Insurance Services,Business Owners Policy,PA,15222,8/1/2025,8/31/2025,0.5405,34585.36,195.08,3629.02,1765.46,0,0,1,0,0,3,2,1,0.4673,0.7896,0.2672,0.882728076,1,,0.5,0.3333
120005,Nexus Insurance Services,Business Owners Policy,PA,15222,9/1/2025,9/30/2025,0.5544,25914.12,169.64,2809.88,735.07,1,1,1,0,0,3,2,1,0.4749,0.7954,0.3181,0.882728076,1,Withdrawn,0.5,0.3333
120006,Alliance Risk Advisors,Workers Comp,PA,17101,1/1/2026,1/31/2026,0.3653,42228.79,113.29,5189.97,2374.79,1,0,3,0,0,3,2,1,0.6773,0.8561,0.2018,0.974081257,1,,0.5,0.3333
120006,Alliance Risk Advisors,Workers Comp,PA,17101,10/1/2025,10/31/2025,0.4218,43025.57,113.46,5932.69,3746.73,0,1,2,0,0,3,2,1,0.64,0.9203,0.1795,0.974081257,1,Withdrawn,0.5,0.3333
120006,Alliance Risk Advisors,Workers Comp,PA,17101,11/1/2025,11/30/2025,0.5344,47377.02,112.51,5182.34,4755.36,3,0,0,0,0,3,2,1,0.6788,0.9103,0.2118,0.974081257,1,,0.5,0.3333
120006,Alliance Risk Advisors,Workers Comp,PA,17101,12/1/2025,12/31/2025,0.3713,13087.78,77.49,1542.62,1680.1,0,1,0,1,0,5,3,2,0.7494,0.8879,0.2871,0.974081257,2,Withdrawn,0.6667,0.4
120006,Alliance Risk Advisors,Workers Comp,PA,17101,2/1/2026,2/28/2026,0.4548,28109.86,139.06,3518.9,439.26,1,0,1,1,0,3,2,1,0.6614,0.9031,0.15,0.974081257,1,Withdrawn,0.5,0.3333
120006,Alliance Risk Advisors,Workers Comp,PA,17101,3/1/2026,3/31/2026,0.3333,35727.99,96.71,4491.77,1542.46,2,0,0,0,0,9,8,7,0.7043,0.9086,0.1991,0.974081257,1,,0.875,0.7778
120006,Alliance Risk Advisors,Workers Comp,PA,17101,4/1/2025,4/30/2025,0.4233,30334.47,89.53,3202.71,5748.35,1,0,0,1,0,3,2,1,0.7045,0.8995,0.1761,0.974081257,1,,0.5,0.3333
120006,Alliance Risk Advisors,Workers Comp,PA,17101,5/1/2025,5/31/2025,0.4228,48033.07,217.28,5586.18,164.23,1,1,2,1,0,3,2,1,0.6917,0.8912,0.2344,0.974081257,1,,0.5,0.3333
120006,Alliance Risk Advisors,Workers Comp,PA,17101,6/1/2025,6/30/2025,0.3151,48913.6,178.33,5731.27,2910.16,2,1,2,1,0,3,2,1,0.6645,0.9219,0.2285,0.974081257,1,Declined,0.5,0.3333
120006,Alliance Risk Advisors,Workers Comp,PA,17101,7/1/2025,7/31/2025,0.3049,23962.72,129.4,2675.44,3419.99,0,0,2,1,0,5,4,2,0.7458,0.8937,0.1728,0.974081257,1,,0.5,0.4
120006,Alliance Risk Advisors,Workers Comp,PA,17101,8/1/2025,8/31/2025,0.3032,47532.21,256.38,6154.94,2986.64,0,0,1,0,0,3,2,1,0.7648,0.8684,0.2626,0.974081257,1,Withdrawn,0.5,0.3333
120006,Alliance Risk Advisors,Workers Comp,PA,17101,9/1/2025,9/30/2025,0.3742,61152.53,196.06,6287.02,2565.53,2,1,0,0,0,3,2,1,0.6632,0.9094,0.2392,0.974081257,1,,0.5,0.3333
120007,Gateway Insurance Partners,Commercial Auto,PA,18501,1/1/2026,1/31/2026,0.8385,7512.6,0.0,774.39,799.84,1,0,0,0,0,8,6,3,0.3297,0.5026,0.3516,0.886200836,2,Declined,0.5,0.375
120007,Gateway Insurance Partners,Commercial Auto,PA,18501,10/1/2025,10/31/2025,0.809,8655.59,0.0,791.66,189.67,0,0,0,1,0,4,2,1,0.2348,0.575,0.3685,0.886200836,2,Withdrawn,0.5,0.25
120007,Gateway Insurance Partners,Commercial Auto,PA,18501,11/1/2025,11/30/2025,0.8817,11996.42,0.0,974.53,185.66,0,0,2,0,0,4,3,2,0.3393,0.5828,0.4389,0.886200836,1,,0.6667,0.5
120007,Gateway Insurance Partners,Commercial Auto,PA,18501,12/1/2025,12/31/2025,0.8809,500.0,0.0,50.0,1739.74,1,1,0,1,0,3,2,1,0.3153,0.6103,0.4137,0.886200836,1,Withdrawn,0.5,0.3333
120007,Gateway Insurance Partners,Commercial Auto,PA,18501,2/1/2026,2/28/2026,0.8511,5165.45,0.0,435.42,1467.52,1,0,1,0,0,3,2,1,0.2698,0.5793,0.391,0.886200836,1,,0.5,0.3333
120007,Gateway Insurance Partners,Commercial Auto,PA,18501,3/1/2026,3/31/2026,0.7356,1739.28,0.0,155.41,455.08,1,0,0,0,0,3,2,1,0.323,0.5258,0.4737,0.886200836,1,,0.5,0.3333
120007,Gateway Insurance Partners,Commercial Auto,PA,18501,4/1/2025,4/30/2025,0.8496,5273.09,0.0,474.06,555.83,2,0,0,0,0,4,3,1,0.328,0.5271,0.4274,0.886200836,1,Withdrawn,0.3333,0.25
120007,Gateway Insurance Partners,Commercial Auto,PA,18501,5/1/2025,5/31/2025,0.8273,7727.56,0.0,606.84,3988.62,1,0,1,1,0,4,2,1,0.2859,0.6194,0.3524,0.886200836,2,Withdrawn,0.5,0.25
120007,Gateway Insurance Partners,Commercial Auto,PA,18501,6/1/2025,6/30/2025,0.8179,9123.26,0.0,894.85,1091.36,0,1,1,1,0,3,2,1,0.3725,0.5387,0.4908,0.886200836,1,,0.5,0.3333
120007,Gateway Insurance Partners,Commercial Auto,PA,18501,7/1/2025,7/31/2025,0.7863,10432.41,0.0,823.88,1299.06,1,0,1,0,0,3,2,1,0.2295,0.6165,0.3765,0.886200836,1,Declined,0.5,0.3333
120007,Gateway Insurance Partners,Commercial Auto,PA,18501,8/1/2025,8/31/2025,0.8155,8140.59,0.0,800.03,2938.06,0,0,1,0,0,3,2,1,0.2466,0.5789,0.4448,0.886200836,1,,0.5,0.3333
120007,Gateway Insurance Partners,Commercial Auto,PA,18501,9/1/2025,9/30/2025,0.8566,8898.82,0.0,798.35,2134.84,0,1,1,1,0,3,2,1,0.2819,0.6231,0.4715,0.886200836,1,Withdrawn,0.5,0.3333
120008,Capitol Insurance Services,Business Owners Policy,NY,10001,1/1/2026,1/31/2026,0.7301,8594.72,0.0,968.9,592.87,0,0,1,1,0,3,2,1,0.3562,0.7209,0.3462,0.932745171,1,,0.5,0.3333
120008,Capitol Insurance Services,Business Owners Policy,NY,10001,10/1/2025,10/31/2025,0.7737,18432.59,0.0,2025.14,995.3,1,0,0,1,0,6,3,1,0.3967,0.7068,0.3739,0.932745171,3,Withdrawn,0.3333,0.1667
120008,Capitol Insurance Services,Business Owners Policy,NY,10001,11/1/2025,11/30/2025,0.7067,15110.67,0.0,1438.48,3349.43,1,1,2,1,0,3,2,1,0.4045,0.6926,0.3261,0.932745171,1,Declined,0.5,0.3333
120008,Capitol Insurance Services,Business Owners Policy,NY,10001,12/1/2025,12/31/2025,0.6665,4351.58,0.0,473.11,2280.7,1,2,0,0,0,3,2,1,0.4406,0.7154,0.3322,0.932745171,1,Withdrawn,0.5,0.3333
120008,Capitol Insurance Services,Business Owners Policy,NY,10001,2/1/2026,2/28/2026,0.7722,14411.42,0.0,1630.97,1559.16,2,0,1,0,0,3,2,1,0.4645,0.7207,0.2954,0.932745171,1,,0.5,0.3333
120008,Capitol Insurance Services,Business Owners Policy,NY,10001,3/1/2026,3/31/2026,0.7746,1576.94,0.0,163.73,716.2,0,0,2,0,0,4,2,1,0.3945,0.6827,0.3767,0.932745171,2,Withdrawn,0.5,0.25
120008,Capitol Insurance Services,Business Owners Policy,NY,10001,4/1/2025,4/30/2025,0.6688,11899.07,0.0,1138.01,1146.71,0,2,1,0,0,3,2,1,0.3939,0.7732,0.3836,0.932745171,1,Declined,0.5,0.3333
120008,Capitol Insurance Services,Business Owners Policy,NY,10001,5/1/2025,5/31/2025,0.6803,7963.02,0.0,839.22,3990.64,3,0,2,0,0,3,2,1,0.3233,0.668,0.3098,0.932745171,1,,0.5,0.3333
120008,Capitol Insurance Services,Business Owners Policy,NY,10001,6/1/2025,6/30/2025,0.7689,8386.39,0.0,962.21,1602.51,2,1,0,0,0,11,10,7,0.4537,0.708,0.3336,0.932745171,1,Declined,0.7,0.6364
120008,Capitol Insurance Services,Business Owners Policy,NY,10001,7/1/2025,7/31/2025,0.7268,14369.81,0.0,1297.53,4744.68,2,2,2,0,0,3,2,1,0.3415,0.7748,0.375,0.932745171,1,,0.5,0.3333
120008,Capitol Insurance Services,Business Owners Policy,NY,10001,8/1/2025,8/31/2025,0.6564,21102.52,0.0,2234.35,3340.48,1,1,2,0,0,3,2,1,0.4795,0.6845,0.3233,0.932745171,1,,0.5,0.3333
120008,Capitol Insurance Services,Business Owners Policy,NY,10001,9/1/2025,9/30/2025,0.66,10481.9,0.0,1059.82,3218.12,1,0,1,0,0,5,4,3,0.3847,0.6949,0.3503,0.932745171,1,,0.75,0.6
120009,Sterling Risk Advisors,Workers Comp,NY,11201,1/1/2026,1/31/2026,0.9129,7857.6,0.0,740.12,572.37,0,1,3,0,0,3,2,1,0.2845,0.5394,0.4918,0.9336506,1,Withdrawn,0.5,0.3333
120009,Sterling Risk Advisors,Workers Comp,NY,11201,10/1/2025,10/31/2025,0.8401,3227.98,0.0,269.58,1262.21,1,1,0,0,0,6,3,2,0.2301,0.5752,0.386,0.9336506,3,,0.6667,0.3333
120009,Sterling Risk Advisors,Workers Comp,NY,11201,11/1/2025,11/30/2025,0.818,6950.73,0.0,621.92,7463.48,1,1,0,0,0,3,2,1,0.309,0.5441,0.4918,0.9336506,1,,0.5,0.3333
120009,Sterling Risk Advisors,Workers Comp,NY,11201,12/1/2025,12/31/2025,0.8913,3604.55,0.0,330.81,4835.24,1,0,1,0,0,4,3,2,0.353,0.5872,0.4682,0.9336506,1,Withdrawn,0.6667,0.5
120009,Sterling Risk Advisors,Workers Comp,NY,11201,2/1/2026,2/28/2026,0.855,9461.45,0.0,901.98,170.74,1,0,1,0,0,3,2,1,0.3443,0.5995,0.4056,0.9336506,1,,0.5,0.3333
120009,Sterling Risk Advisors,Workers Comp,NY,11201,3/1/2026,3/31/2026,0.8504,8441.69,0.0,846.56,3804.71,0,0,2,0,0,3,2,1,0.274,0.6466,0.4603,0.9336506,1,Declined,0.5,0.3333
120009,Sterling Risk Advisors,Workers Comp,NY,11201,4/1/2025,4/30/2025,0.81,8106.02,0.0,802.23,991.64,2,2,0,0,0,5,3,1,0.2673,0.6303,0.4259,0.9336506,2,,0.3333,0.2
120009,Sterling Risk Advisors,Workers Comp,NY,11201,5/1/2025,5/31/2025,0.7964,2531.82,0.0,260.76,1629.05,0,1,1,0,0,4,3,1,0.3327,0.5702,0.411,0.9336506,1,,0.3333,0.25
120009,Sterling Risk Advisors,Workers Comp,NY,11201,6/1/2025,6/30/2025,0.7384,6076.67,0.0,589.73,1265.23,1,1,1,0,0,3,2,1,0.3865,0.6023,0.4499,0.9336506,1,Withdrawn,0.5,0.3333
120009,Sterling Risk Advisors,Workers Comp,NY,11201,7/1/2025,7/31/2025,0.8331,2675.52,0.0,272.01,950.61,1,1,0,0,0,5,4,2,0.3484,0.5724,0.4415,0.9336506,1,,0.5,0.4
120009,Sterling Risk Advisors,Workers Comp,NY,11201,8/1/2025,8/31/2025,0.7932,7398.91,0.0,635.11,2527.17,1,0,1,0,0,3,2,1,0.2589,0.6237,0.4278,0.9336506,1,Withdrawn,0.5,0.3333
120009,Sterling Risk Advisors,Workers Comp,NY,11201,9/1/2025,9/30/2025,0.778,5422.58,0.0,418.43,2892.89,1,1,0,1,0,3,2,1,0.3147,0.5764,0.4008,0.9336506,1,Withdrawn,0.5,0.3333
120010,Landmark Risk Management,Commercial Auto,NY,10301,1/1/2026,1/31/2026,0.4739,27623.83,1003.48,2980.35,2924.21,1,0,2,0,0,4,3,2,0.7741,0.8989,0.208,0.940923971,1,Withdrawn,0.6667,0.5
120010,Landmark Risk Management,Commercial Auto,NY,10301,10/1/2025,10/31/2025,0.25,60726.53,218.81,6791.49,1719.22,1,1,0,0,0,5,4,2,0.7361,0.9297,0.2295,0.940923971,1,Declined,0.5,0.4
120010,Landmark Risk Management,Commercial Auto,NY,10301,11/1/2025,11/30/2025,0.419,26693.7,671.28,3668.33,2368.31,0,0,0,0,0,4,3,1,0.6265,0.9469,0.207,0.940923971,1,Withdrawn,0.3333,0.25
120010,Landmark Risk Management,Commercial Auto,NY,10301,12/1/2025,12/31/2025,0.3385,36970.55,223.81,3812.43,3989.41,1,1,2,0,0,3,2,1,0.6445,0.9059,0.2369,0.940923971,1,Declined,0.5,0.3333
120010,Landmark Risk Management,Commercial Auto,NY,10301,2/1/2026,2/28/2026,0.3049,49112.7,1288.93,6372.53,519.01,0,1,0,0,0,10,8,6,0.7359,0.9084,0.2533,0.940923971,2,Withdrawn,0.75,0.6
120010,Landmark Risk Management,Commercial Auto,NY,10301,3/1/2026,3/31/2026,0.4074,48878.95,324.3,5042.89,2797.52,1,2,1,1,0,3,2,1,0.6328,0.9222,0.2238,0.940923971,1,,0.5,0.3333
120010,Landmark Risk Management,Commercial Auto,NY,10301,4/1/2025,4/30/2025,0.3918,36883.29,2425.99,4028.35,1659.33,2,1,2,1,0,3,2,1,0.752,0.9082,0.2313,0.940923971,1,,0.5,0.3333
120010,Landmark Risk Management,Commercial Auto,NY,10301,5/1/2025,5/31/2025,0.4881,51776.41,2316.15,6767.81,4406.27,1,0,2,0,0,3,2,1,0.6004,0.9097,0.1878,0.940923971,1,,0.5,0.3333
120010,Landmark Risk Management,Commercial Auto,NY,10301,6/1/2025,6/30/2025,0.3532,25993.17,1969.08,3301.64,1873.61,2,0,0,1,0,4,3,2,0.5588,0.901,0.1533,0.940923971,1,,0.6667,0.5
120010,Landmark Risk Management,Commercial Auto,NY,10301,7/1/2025,7/31/2025,0.4256,38147.94,452.73,4035.19,790.15,0,0,1,0,0,6,5,4,0.6788,0.9196,0.2212,0.940923971,1,Withdrawn,0.8,0.6667
120010,Landmark Risk Management,Commercial Auto,NY,10301,8/1/2025,8/31/2025,0.3798,42348.43,2553.63,4817.24,3009.7,1,0,1,1,0,3,2,1,0.7239,0.9401,0.1752,0.940923971,1,,0.5,0.3333
120010,Landmark Risk Management,Commercial Auto,NY,10301,9/1/2025,9/30/2025,0.3816,43966.34,2882.66,4608.94,4360.28,2,1,1,0,0,3,2,1,0.6665,0.9108,0.1837,0.940923971,1,,0.5,0.3333
120011,Keystone Risk Consultants,Business Owners Policy,NY,14201,1/1/2026,1/31/2026,0.8599,2143.23,0.0,154.35,2049.92,4,1,2,1,0,4,3,2,0.2056,0.5279,0.5059,0.915813939,1,,0.6667,0.5
120011,Keystone Risk Consultants,Business Owners Policy,NY,14201,10/1/2025,10/31/2025,0.9701,3536.89,0.0,314.44,1739.85,1,0,1,0,0,3,2,1,0.2525,0.3721,0.5338,0.915813939,1,,0.5,0.3333
120011,Keystone Risk Consultants,Business Owners Policy,NY,14201,11/1/2025,11/30/2025,0.9927,4976.09,0.0,392.39,4741.16,0,0,1,0,0,3,2,1,0.1586,0.483,0.5518,0.915813939,1,Declined,0.5,0.3333
120011,Keystone Risk Consultants,Business Owners Policy,NY,14201,12/1/2025,12/31/2025,0.9438,3306.82,0.0,229.65,199.87,3,0,2,1,0,3,2,1,0.1652,0.551,0.5401,0.915813939,1,,0.5,0.3333
120011,Keystone Risk Consultants,Business Owners Policy,NY,14201,2/1/2026,2/28/2026,0.8844,3784.25,0.0,317.15,817.03,0,0,1,0,0,3,2,1,0.197,0.4008,0.4958,0.915813939,1,Withdrawn,0.5,0.3333
120011,Keystone Risk Consultants,Business Owners Policy,NY,14201,3/1/2026,3/31/2026,0.8898,4129.99,0.0,379.6,467.41,1,0,0,0,0,9,3,2,0.1427,0.4142,0.65,0.915813939,6,Withdrawn,0.6667,0.2222
120011,Keystone Risk Consultants,Business Owners Policy,NY,14201,4/1/2025,4/30/2025,0.9327,2613.94,0.0,232.22,4804.09,0,1,1,1,0,3,2,1,0.1391,0.4568,0.526,0.915813939,1,,0.5,0.3333
120011,Keystone Risk Consultants,Business Owners Policy,NY,14201,5/1/2025,5/31/2025,0.8132,1647.6,0.0,126.71,2837.61,2,1,2,0,0,3,2,1,0.1054,0.4724,0.5666,0.915813939,1,Withdrawn,0.5,0.3333
120011,Keystone Risk Consultants,Business Owners Policy,NY,14201,6/1/2025,6/30/2025,0.9457,4618.02,0.0,413.85,630.74,2,0,1,2,0,3,2,1,0.1616,0.521,0.5724,0.915813939,1,Withdrawn,0.5,0.3333
120011,Keystone Risk Consultants,Business Owners Policy,NY,14201,7/1/2025,7/31/2025,0.9273,3268.91,0.0,238.81,1703.48,0,1,0,0,0,3,2,1,0.212,0.3856,0.4384,0.915813939,1,,0.5,0.3333
120011,Keystone Risk Consultants,Business Owners Policy,NY,14201,8/1/2025,8/31/2025,1.0334,3741.05,0.0,270.52,1018.93,0,1,0,1,0,3,2,1,0.1958,0.3825,0.589,0.915813939,1,Withdrawn,0.5,0.3333
120011,Keystone Risk Consultants,Business Owners Policy,NY,14201,9/1/2025,9/30/2025,0.9482,2924.37,0.0,259.97,1156.35,1,1,3,0,0,6,5,4,0.114,0.4025,0.5362,0.915813939,1,,0.8,0.6667
120012,Patriot Insurance Partners,Workers Comp,NJ,7030,1/1/2026,1/31/2026,0.8663,5912.68,55.77,607.08,1222.87,0,0,0,0,0,4,3,1,0.2304,0.6274,0.3061,0.916390528,1,Withdrawn,0.3333,0.25
120012,Patriot Insurance Partners,Workers Comp,NJ,7030,10/1/2025,10/31/2025,0.7528,4875.76,157.2,390.22,2661.0,0,0,0,0,0,3,2,1,0.3443,0.5077,0.4523,0.916390528,1,,0.5,0.3333
120012,Patriot Insurance Partners,Workers Comp,NJ,7030,11/1/2025,11/30/2025,0.8172,9988.8,132.73,880.35,2544.94,3,0,3,1,0,3,2,1,0.2487,0.5738,0.4391,0.916390528,1,,0.5,0.3333
120012,Patriot Insurance Partners,Workers Comp,NJ,7030,12/1/2025,12/31/2025,0.7904,8561.99,73.13,693.74,699.67,2,1,1,0,0,3,2,1,0.2665,0.5004,0.446,0.916390528,1,Declined,0.5,0.3333
120012,Patriot Insurance Partners,Workers Comp,NJ,7030,2/1/2026,2/28/2026,0.8007,10090.85,117.22,828.03,2559.57,1,2,1,0,0,5,3,1,0.3172,0.5891,0.5031,0.916390528,2,Withdrawn,0.3333,0.2
120012,Patriot Insurance Partners,Workers Comp,NJ,7030,3/1/2026,3/31/2026,0.8343,4937.37,39.51,502.57,370.14,0,0,1,1,0,3,2,1,0.3019,0.5425,0.4069,0.916390528,1,Withdrawn,0.5,0.3333
120012,Patriot Insurance Partners,Workers Comp,NJ,7030,4/1/2025,4/30/2025,0.864,9748.98,115.1,865.49,583.95,1,0,1,0,0,3,2,1,0.2201,0.5739,0.4168,0.916390528,1,,0.5,0.3333
120012,Patriot Insurance Partners,Workers Comp,NJ,7030,5/1/2025,5/31/2025,0.8408,8210.17,38.22,634.72,2788.44,1,0,1,0,0,3,2,1,0.2652,0.7169,0.336,0.916390528,1,,0.5,0.3333
120012,Patriot Insurance Partners,Workers Comp,NJ,7030,6/1/2025,6/30/2025,0.8865,5128.69,17.53,512.56,1593.95,2,1,3,0,0,5,4,3,0.2579,0.6006,0.3784,0.916390528,1,,0.75,0.6
120012,Patriot Insurance Partners,Workers Comp,NJ,7030,7/1/2025,7/31/2025,0.9348,13010.22,92.64,1212.32,439.85,0,1,0,1,0,6,2,1,0.2988,0.5241,0.4419,0.916390528,4,Withdrawn,0.5,0.1667
120012,Patriot Insurance Partners,Workers Comp,NJ,7030,8/1/2025,8/31/2025,0.8321,8916.19,45.2,776.91,2898.7,1,1,1,0,0,8,4,3,0.3475,0.6253,0.462,0.916390528,4,Withdrawn,0.75,0.375
120012,Patriot Insurance Partners,Workers Comp,NJ,7030,9/1/2025,9/30/2025,0.7514,6242.86,76.46,609.46,4649.12,1,2,0,0,0,3,2,1,0.3402,0.5848,0.3891,0.916390528,1,Withdrawn,0.5,0.3333
120013,Meridian Insurance Partners,Commercial Auto,NJ,7102,1/1/2026,1/31/2026,0.6468,37515.76,249.77,4507.85,5398.43,0,0,1,0,0,3,2,1,0.5982,0.8127,0.2936,0.973010854,1,,0.5,0.3333
120013,Meridian Insurance Partners,Commercial Auto,NJ,7102,10/1/2025,10/31/2025,0.4763,25908.8,167.06,2525.25,4173.62,1,0,1,0,0,3,2,1,0.6145,0.8391,0.3016,0.973010854,1,,0.5,0.3333
120013,Meridian Insurance Partners,Commercial Auto,NJ,7102,11/1/2025,11/30/2025,0.5396,40756.04,70.18,4333.28,1949.63,1,0,3,0,0,8,6,5,0.478,0.7871,0.2805,0.973010854,2,Withdrawn,0.8333,0.625
120013,Meridian Insurance Partners,Commercial Auto,NJ,7102,12/1/2025,12/31/2025,0.4992,23192.21,149.28,2224.49,4045.38,0,1,1,0,0,4,3,1,0.4853,0.8109,0.2334,0.973010854,1,,0.3333,0.25
120013,Meridian Insurance Partners,Commercial Auto,NJ,7102,2/1/2026,2/28/2026,0.6485,35854.12,184.68,3966.53,2441.03,1,0,1,1,0,3,2,1,0.6626,0.7994,0.3103,0.973010854,1,Withdrawn,0.5,0.3333
120013,Meridian Insurance Partners,Commercial Auto,NJ,7102,3/1/2026,3/31/2026,0.5305,15737.63,29.41,1678.59,1685.99,2,4,2,0,0,3,2,1,0.4922,0.8194,0.2664,0.973010854,1,Declined,0.5,0.3333
120013,Meridian Insurance Partners,Commercial Auto,NJ,7102,4/1/2025,4/30/2025,0.6114,32758.03,71.58,4095.81,6358.24,1,1,1,0,0,3,2,1,0.5782,0.8615,0.3532,0.973010854,1,,0.5,0.3333
120013,Meridian Insurance Partners,Commercial Auto,NJ,7102,5/1/2025,5/31/2025,0.6012,32424.59,139.51,3140.22,5468.79,3,1,1,0,0,3,2,1,0.5406,0.8318,0.2724,0.973010854,1,,0.5,0.3333
120013,Meridian Insurance Partners,Commercial Auto,NJ,7102,6/1/2025,6/30/2025,0.4484,29439.15,343.56,3054.99,472.98,0,0,0,1,0,3,2,1,0.4948,0.7903,0.277,0.973010854,1,,0.5,0.3333
120013,Meridian Insurance Partners,Commercial Auto,NJ,7102,7/1/2025,7/31/2025,0.6335,15305.51,207.43,1492.63,1451.07,1,1,0,1,0,3,2,1,0.5198,0.8432,0.3254,0.973010854,1,Declined,0.5,0.3333
120013,Meridian Insurance Partners,Commercial Auto,NJ,7102,8/1/2025,8/31/2025,0.583,23189.06,79.94,2602.31,2078.8,1,1,0,0,0,10,8,7,0.4833,0.8232,0.2509,0.973010854,2,Withdrawn,0.875,0.7
120013,Meridian Insurance Partners,Commercial Auto,NJ,7102,9/1/2025,9/30/2025,0.5692,28509.51,46.55,3261.32,4685.14,2,0,2,0,0,3,2,1,0.5211,0.8177,0.3219,0.973010854,1,,0.5,0.3333
120014,Horizon Risk Consultants,Business Owners Policy,NJ,8401,1/1/2026,1/31/2026,0.5573,22384.07,1960.83,2544.23,1185.16,2,0,1,0,0,6,5,2,0.552,0.8215,0.2963,0.970486284,1,Declined,0.4,0.3333
120014,Horizon Risk Consultants,Business Owners Policy,NJ,8401,10/1/2025,10/31/2025,0.5102,34011.01,395.04,3445.88,1713.2,1,0,2,0,0,3,2,1,0.5362,0.811,0.3145,0.970486284,1,Withdrawn,0.5,0.3333
120014,Horizon Risk Consultants,Business Owners Policy,NJ,8401,11/1/2025,11/30/2025,0.5069,22612.08,1717.07,2579.75,4838.46,1,0,2,0,0,7,6,4,0.6124,0.8112,0.3068,0.970486284,1,Withdrawn,0.6667,0.5714
120014,Horizon Risk Consultants,Business Owners Policy,NJ,8401,12/1/2025,12/31/2025,0.5667,22120.72,1271.75,2698.11,2208.25,1,0,1,0,0,5,2,1,0.5762,0.7829,0.3467,0.970486284,3,Declined,0.5,0.2
120014,Horizon Risk Consultants,Business Owners Policy,NJ,8401,2/1/2026,2/28/2026,0.5389,35711.03,2045.49,3612.32,3796.97,3,1,1,1,0,4,3,2,0.5426,0.8213,0.2761,0.970486284,1,Withdrawn,0.6667,0.5
120014,Horizon Risk Consultants,Business Owners Policy,NJ,8401,3/1/2026,3/31/2026,0.6826,27983.33,3435.19,2742.44,4656.92,1,1,0,1,0,3,2,1,0.5657,0.7694,0.3238,0.970486284,1,,0.5,0.3333
120014,Horizon Risk Consultants,Business Owners Policy,NJ,8401,4/1/2025,4/30/2025,0.5018,32551.86,1653.23,3338.11,2845.46,2,1,1,2,0,3,2,1,0.5223,0.8703,0.3292,0.970486284,1,,0.5,0.3333
120014,Horizon Risk Consultants,Business Owners Policy,NJ,8401,5/1/2025,5/31/2025,0.6477,26419.72,966.99,2922.79,4739.37,0,0,0,1,0,3,2,1,0.5207,0.7987,0.247,0.970486284,1,,0.5,0.3333
120014,Horizon Risk Consultants,Business Owners Policy,NJ,8401,6/1/2025,6/30/2025,0.564,12050.11,1403.58,1259.11,5261.99,1,1,1,1,0,5,4,1,0.5917,0.8299,0.2333,0.970486284,1,Withdrawn,0.25,0.2
120014,Horizon Risk Consultants,Business Owners Policy,NJ,8401,7/1/2025,7/31/2025,0.5724,41814.67,531.89,3992.66,2237.01,1,1,2,0,0,3,2,1,0.537,0.8784,0.3008,0.970486284,1,,0.5,0.3333
120014,Horizon Risk Consultants,Business Owners Policy,NJ,8401,8/1/2025,8/31/2025,0.5835,29354.89,2385.96,2838.33,7305.69,1,1,3,2,0,3,2,1,0.504,0.8362,0.2823,0.970486284,1,Withdrawn,0.5,0.3333
120014,Horizon Risk Consultants,Business Owners Policy,NJ,8401,9/1/2025,9/30/2025,0.4652,18283.65,1270.07,2189.46,1719.58,1,0,1,1,0,3,2,1,0.6157,0.8108,0.3275,0.970486284,1,,0.5,0.3333
120015,Bridgepoint & Associates,Workers Comp,NJ,7601,1/1/2026,1/31/2026,0.4845,46554.64,365.13,4489.78,1735.5,2,0,1,1,0,9,6,1,0.5571,0.8564,0.2705,0.950669067,3,,0.1667,0.1111
120015,Bridgepoint & Associates,Workers Comp,NJ,7601,10/1/2025,10/31/2025,0.5736,32659.17,316.19,3817.48,1861.3,1,0,0,1,0,5,2,1,0.5752,0.8309,0.2642,0.950669067,3,Withdrawn,0.5,0.2
120015,Bridgepoint & Associates,Workers Comp,NJ,7601,11/1/2025,11/30/2025,0.5028,19173.07,978.9,2172.68,3787.91,0,0,0,0,0,3,2,1,0.5754,0.7649,0.2401,0.950669067,1,,0.5,0.3333
120015,Bridgepoint & Associates,Workers Comp,NJ,7601,12/1/2025,12/31/2025,0.4208,27987.6,1469.12,3403.21,2005.04,0,0,2,1,0,3,2,1,0.5626,0.8209,0.3051,0.950669067,1,,0.5,0.3333
120015,Bridgepoint & Associates,Workers Comp,NJ,7601,2/1/2026,2/28/2026,0.5549,30139.14,203.19,3603.77,980.42,1,0,2,0,0,3,2,1,0.5355,0.8476,0.277,0.950669067,1,Withdrawn,0.5,0.3333
120015,Bridgepoint & Associates,Workers Comp,NJ,7601,3/1/2026,3/31/2026,0.5693,25175.87,1279.1,2931.31,1739.24,1,1,1,0,0,3,2,1,0.4906,0.8129,0.2648,0.950669067,1,,0.5,0.3333
120015,Bridgepoint & Associates,Workers Comp,NJ,7601,4/1/2025,4/30/2025,0.5517,27799.78,1630.3,3155.45,1087.96,1,1,2,0,0,3,2,1,0.5737,0.8526,0.2797,0.950669067,1,,0.5,0.3333
120015,Bridgepoint & Associates,Workers Comp,NJ,7601,5/1/2025,5/31/2025,0.5991,28511.65,852.82,2803.56,1248.88,2,1,0,0,0,3,2,1,0.4237,0.8359,0.2605,0.950669067,1,Declined,0.5,0.3333
120015,Bridgepoint & Associates,Workers Comp,NJ,7601,6/1/2025,6/30/2025,0.5134,27436.01,2038.61,2847.58,1431.84,0,1,2,1,0,3,2,1,0.5765,0.8217,0.2744,0.950669067,1,Declined,0.5,0.3333
120015,Bridgepoint & Associates,Workers Comp,NJ,7601,7/1/2025,7/31/2025,0.5792,21653.74,1207.44,2179.0,1969.16,2,1,1,0,0,3,2,1,0.5642,0.8288,0.1934,0.950669067,1,,0.5,0.3333
120015,Bridgepoint & Associates,Workers Comp,NJ,7601,8/1/2025,8/31/2025,0.6418,29189.34,324.61,3676.73,2072.8,2,0,0,0,0,9,8,5,0.6245,0.8136,0.3166,0.950669067,1,Withdrawn,0.625,0.5556
120015,Bridgepoint & Associates,Workers Comp,NJ,7601,9/1/2025,9/30/2025,0.5298,22345.95,3335.22,2163.86,863.46,0,1,1,0,0,3,2,1,0.5316,0.8077,0.2631,0.950669067,1,Withdrawn,0.5,0.3333
120016,Crestview Insurance Services,Commercial Auto,PA,19103,1/1/2026,1/31/2026,0.5267,31495.51,0.0,3263.13,1253.09,0,0,1,0,0,4,2,1,0.5502,0.8248,0.2851,0.83026375,2,,0.5,0.25
120016,Crestview Insurance Services,Commercial Auto,PA,19103,10/1/2025,10/31/2025,0.6214,26328.32,0.0,3232.01,48.89,0,0,0,0,0,5,4,1,0.4978,0.8887,0.295,0.83026375,1,,0.25,0.2
120016,Crestview Insurance Services,Commercial Auto,PA,19103,11/1/2025,11/30/2025,0.468,32331.7,0.0,3843.82,651.04,1,0,1,1,0,4,3,1,0.4599,0.7849,0.2733,0.83026375,1,,0.3333,0.25
120016,Crestview Insurance Services,Commercial Auto,PA,19103,12/1/2025,12/31/2025,0.5955,27878.45,0.0,2845.66,1577.52,1,0,0,0,0,9,7,6,0.5304,0.8148,0.2791,0.83026375,2,,0.8571,0.6667
120016,Crestview Insurance Services,Commercial Auto,PA,19103,2/1/2026,2/28/2026,0.5172,27877.52,0.0,2707.5,552.8,2,1,0,0,0,3,2,1,0.5592,0.7756,0.2918,0.83026375,1,Withdrawn,0.5,0.3333
120016,Crestview Insurance Services,Commercial Auto,PA,19103,3/1/2026,3/31/2026,0.5848,27679.29,0.0,2884.58,1047.34,0,0,1,1,0,3,2,1,0.4903,0.8818,0.2212,0.83026375,1,,0.5,0.3333
120016,Crestview Insurance Services,Commercial Auto,PA,19103,4/1/2025,4/30/2025,0.5396,39769.36,0.0,4889.2,579.02,0,0,1,0,0,3,2,1,0.4693,0.7788,0.3314,0.83026375,1,Withdrawn,0.5,0.3333
120016,Crestview Insurance Services,Commercial Auto,PA,19103,5/1/2025,5/31/2025,0.5374,24746.22,0.0,3000.45,606.59,0,0,0,1,0,3,2,1,0.47,0.7864,0.3143,0.83026375,1,,0.5,0.3333
120016,Crestview Insurance Services,Commercial Auto,PA,19103,6/1/2025,6/30/2025,0.6794,38413.93,0.0,3676.19,432.94,1,0,0,0,0,3,2,1,0.565,0.8423,0.2618,0.83026375,1,,0.5,0.3333
120016,Crestview Insurance Services,Commercial Auto,PA,19103,7/1/2025,7/31/2025,0.6437,41777.03,0.0,4843.94,1265.84,1,0,1,0,0,3,2,1,0.5544,0.8219,0.2443,0.83026375,1,Withdrawn,0.5,0.3333
120016,Crestview Insurance Services,Commercial Auto,PA,19103,8/1/2025,8/31/2025,0.5281,37603.31,0.0,4336.61,174.48,0,1,1,0,0,3,2,1,0.5014,0.7796,0.2855,0.83026375,1,Withdrawn,0.5,0.3333
120016,Crestview Insurance Services,Commercial Auto,PA,19103,9/1/2025,9/30/2025,0.5106,22337.18,0.0,2651.97,592.98,0,0,0,0,0,3,2,1,0.5641,0.8069,0.2665,0.83026375,1,Withdrawn,0.5,0.3333
120017,Premier & Associates,Business Owners Policy,PA,15222,1/1/2026,1/31/2026,0.7697,12386.6,0.0,1281.4,1316.29,0,0,2,0,0,3,2,1,0.4951,0.6531,0.3173,0.940724231,1,Declined,0.5,0.3333
120017,Premier & Associates,Business Owners Policy,PA,15222,10/1/2025,10/31/2025,0.6824,14192.96,0.0,1618.77,499.48,0,0,0,0,0,3,2,1,0.3908,0.759,0.3593,0.940724231,1,,0.5,0.3333
120017,Premier & Associates,Business Owners Policy,PA,15222,11/1/2025,11/30/2025,0.655,21642.34,0.0,2366.66,715.84,2,1,0,0,0,6,5,4,0.4334,0.7123,0.3678,0.940724231,1,,0.8,0.6667
120017,Premier & Associates,Business Owners Policy,PA,15222,12/1/2025,12/31/2025,0.7355,12948.15,0.0,1187.84,2974.12,0,0,1,1,0,3,2,1,0.4478,0.7244,0.3144,0.940724231,1,,0.5,0.3333
120017,Premier & Associates,Business Owners Policy,PA,15222,2/1/2026,2/28/2026,0.6269,12893.73,0.0,1439.04,2720.89,1,2,1,0,0,3,2,1,0.3648,0.7922,0.281,0.940724231,1,Declined,0.5,0.3333
120017,Premier & Associates,Business Owners Policy,PA,15222,3/1/2026,3/31/2026,0.6806,15329.49,0.0,1692.31,3421.27,0,1,1,0,0,5,4,3,0.4352,0.7465,0.2998,0.940724231,1,,0.75,0.6
120017,Premier & Associates,Business Owners Policy,PA,15222,4/1/2025,4/30/2025,0.6883,16454.87,0.0,1781.95,673.98,1,1,1,0,0,3,2,1,0.5004,0.7001,0.3485,0.940724231,1,,0.5,0.3333
120017,Premier & Associates,Business Owners Policy,PA,15222,5/1/2025,5/31/2025,0.7514,14151.56,0.0,1600.85,2462.0,1,1,1,0,0,3,2,1,0.4363,0.7301,0.3088,0.940724231,1,Declined,0.5,0.3333
120017,Premier & Associates,Business Owners Policy,PA,15222,6/1/2025,6/30/2025,0.728,20191.42,0.0,2160.16,1514.1,2,0,4,0,0,4,3,1,0.4493,0.6889,0.3205,0.940724231,1,Withdrawn,0.3333,0.25
120017,Premier & Associates,Business Owners Policy,PA,15222,7/1/2025,7/31/2025,0.7015,14392.15,0.0,1467.29,2359.5,1,2,1,0,0,3,2,1,0.325,0.753,0.409,0.940724231,1,Withdrawn,0.5,0.3333
120017,Premier & Associates,Business Owners Policy,PA,15222,8/1/2025,8/31/2025,0.7527,13307.72,0.0,1134.88,5037.68,2,0,0,0,0,3,2,1,0.4537,0.7616,0.3514,0.940724231,1,Declined,0.5,0.3333
120017,Premier & Associates,Business Owners Policy,PA,15222,9/1/2025,9/30/2025,0.6143,11885.94,0.0,1083.06,1406.87,2,1,0,0,0,3,2,1,0.4844,0.6729,0.3649,0.940724231,1,,0.5,0.3333
120018,Liberty Insurance Co.,Workers Comp,PA,17101,1/1/2026,1/31/2026,0.8169,19983.16,25.41,2030.82,5014.6,0,0,2,0,0,3,2,1,0.4422,0.6622,0.3518,0.956363424,1,,0.5,0.3333
120018,Liberty Insurance Co.,Workers Comp,PA,17101,10/1/2025,10/31/2025,0.6573,9898.28,157.78,1101.67,3988.36,1,0,1,1,0,5,4,3,0.3973,0.6657,0.2965,0.956363424,1,,0.75,0.6
120018,Liberty Insurance Co.,Workers Comp,PA,17101,11/1/2025,11/30/2025,0.8209,6908.17,46.31,731.36,1542.23,1,1,2,0,0,3,2,1,0.4666,0.719,0.328,0.956363424,1,,0.5,0.3333
120018,Liberty Insurance Co.,Workers Comp,PA,17101,12/1/2025,12/31/2025,0.5767,9821.19,22.28,976.51,2213.36,0,0,1,0,0,3,2,1,0.4291,0.6871,0.375,0.956363424,1,Withdrawn,0.5,0.3333
120018,Liberty Insurance Co.,Workers Comp,PA,17101,2/1/2026,2/28/2026,0.6605,24307.52,92.94,2559.44,361.77,1,0,0,0,0,7,3,1,0.5203,0.7717,0.3455,0.956363424,4,,0.3333,0.1429
120018,Liberty Insurance Co.,Workers Comp,PA,17101,3/1/2026,3/31/2026,0.7846,20562.04,99.35,1795.31,1566.37,0,2,1,0,0,4,3,2,0.4196,0.7431,0.3213,0.956363424,1,Declined,0.6667,0.5
120018,Liberty Insurance Co.,Workers Comp,PA,17101,4/1/2025,4/30/2025,0.6881,14442.03,103.27,1418.29,4719.68,1,1,1,0,0,3,2,1,0.4678,0.7379,0.3264,0.956363424,1,Withdrawn,0.5,0.3333
120018,Liberty Insurance Co.,Workers Comp,PA,17101,5/1/2025,5/31/2025,0.8034,13323.79,86.79,1220.7,4078.27,2,0,2,1,0,3,2,1,0.3778,0.6746,0.327,0.956363424,1,,0.5,0.3333
120018,Liberty Insurance Co.,Workers Comp,PA,17101,6/1/2025,6/30/2025,0.8059,20105.17,20.84,1780.31,3424.63,1,0,0,0,0,5,2,1,0.5127,0.669,0.3589,0.956363424,3,Withdrawn,0.5,0.2
120018,Liberty Insurance Co.,Workers Comp,PA,17101,7/1/2025,7/31/2025,0.7407,4313.19,19.18,442.68,1353.63,3,0,0,0,0,3,2,1,0.4799,0.6978,0.3744,0.956363424,1,,0.5,0.3333
120018,Liberty Insurance Co.,Workers Comp,PA,17101,8/1/2025,8/31/2025,0.6658,15615.84,74.98,1448.82,1316.45,0,1,0,0,0,3,2,1,0.3316,0.7156,0.3064,0.956363424,1,,0.5,0.3333
120018,Liberty Insurance Co.,Workers Comp,PA,17101,9/1/2025,9/30/2025,0.6897,16008.86,40.35,1746.23,1559.75,1,1,1,1,0,3,2,1,0.4016,0.7022,0.371,0.956363424,1,Withdrawn,0.5,0.3333
120019,Guardian Insurance Agency,Commercial Auto,PA,18501,1/1/2026,1/31/2026,0.4798,41290.07,1618.15,4903.69,2207.79,2,1,1,0,0,3,2,1,0.6386,0.8192,0.1938,0.963794954,1,,0.5,0.3333
120019,Guardian Insurance Agency,Commercial Auto,PA,18501,10/1/2025,10/31/2025,0.5226,23412.5,1207.98,2696.64,5472.82,1,1,1,0,0,3,2,1,0.5698,0.7871,0.2906,0.963794954,1,Declined,0.5,0.3333
120019,Guardian Insurance Agency,Commercial Auto,PA,18501,11/1/2025,11/30/2025,0.544,26188.17,1851.05,2683.62,3079.29,0,1,0,0,0,3,2,1,0.5087,0.7937,0.2739,0.963794954,1,,0.5,0.3333
120019,Guardian Insurance Agency,Commercial Auto,PA,18501,12/1/2025,12/31/2025,0.572,27887.84,2410.34,2665.17,2136.85,1,0,1,0,0,3,2,1,0.5237,0.867,0.2709,0.963794954,1,Withdrawn,0.5,0.3333
120019,Guardian Insurance Agency,Commercial Auto,PA,18501,2/1/2026,2/28/2026,0.4045,28535.93,1819.03,3550.3,4547.7,2,2,1,0,0,3,2,1,0.5359,0.8421,0.3065,0.963794954,1,,0.5,0.3333
120019,Guardian Insurance Agency,Commercial Auto,PA,18501,3/1/2026,3/31/2026,0.581,20646.56,1199.4,2599.05,4370.08,0,1,0,1,0,9,8,7,0.5942,0.8019,0.2767,0.963794954,1,,0.875,0.7778
120019,Guardian Insurance Agency,Commercial Auto,PA,18501,4/1/2025,4/30/2025,0.5977,31731.44,1419.66,3604.1,670.7,1,0,1,0,0,3,2,1,0.4822,0.8288,0.2424,0.963794954,1,,0.5,0.3333
120019,Guardian Insurance Agency,Commercial Auto,PA,18501,5/1/2025,5/31/2025,0.5479,23665.32,220.6,2408.7,1938.1,1,0,1,0,0,3,2,1,0.5287,0.8105,0.2557,0.963794954,1,,0.5,0.3333
120019,Guardian Insurance Agency,Commercial Auto,PA,18501,6/1/2025,6/30/2025,0.562,31430.53,1160.66,3008.94,7741.45,1,1,1,0,0,6,4,3,0.5531,0.7895,0.3145,0.963794954,2,Declined,0.75,0.5
120019,Guardian Insurance Agency,Commercial Auto,PA,18501,7/1/2025,7/31/2025,0.5916,21367.86,547.59,2339.67,1093.9,0,0,1,0,0,3,2,1,0.5459,0.8743,0.2914,0.963794954,1,Declined,0.5,0.3333
120019,Guardian Insurance Agency,Commercial Auto,PA,18501,8/1/2025,8/31/2025,0.5762,32953.23,750.17,3148.85,999.33,0,1,1,0,0,3,2,1,0.4995,0.7491,0.3071,0.963794954,1,,0.5,0.3333
120019,Guardian Insurance Agency,Commercial Auto,PA,18501,9/1/2025,9/30/2025,0.6734,27528.95,625.03,3288.25,4819.09,1,0,1,0,0,3,2,1,0.5176,0.8217,0.3219,0.963794954,1,Withdrawn,0.5,0.3333
120020,Nexus Insurance Co.,Business Owners Policy,NY,10001,1/1/2026,1/31/2026,0.6548,14613.35,99.53,1331.95,2478.73,0,1,1,0,0,6,3,2,0.3723,0.6907,0.316,0.912658019,3,,0.6667,0.3333
120020,Nexus Insurance Co.,Business Owners Policy,NY,10001,10/1/2025,10/31/2025,0.8137,13840.41,131.45,1496.98,801.12,0,0,2,0,0,5,4,2,0.4359,0.7305,0.3292,0.912658019,1,Withdrawn,0.5,0.4
120020,Nexus Insurance Co.,Business Owners Policy,NY,10001,11/1/2025,11/30/2025,0.7618,15493.76,63.91,1699.09,430.46,0,1,1,0,0,6,3,1,0.5797,0.7028,0.3377,0.912658019,3,Withdrawn,0.3333,0.1667
120020,Nexus Insurance Co.,Business Owners Policy,NY,10001,12/1/2025,12/31/2025,0.6474,15003.26,128.07,1632.14,692.44,0,1,1,1,0,3,2,1,0.3285,0.6873,0.3793,0.912658019,1,Declined,0.5,0.3333
120020,Nexus Insurance Co.,Business Owners Policy,NY,10001,2/1/2026,2/28/2026,0.8311,14339.28,14.51,1286.79,2086.9,0,0,0,0,0,3,2,1,0.4841,0.6921,0.3724,0.912658019,1,Withdrawn,0.5,0.3333
120020,Nexus Insurance Co.,Business Owners Policy,NY,10001,3/1/2026,3/31/2026,0.7597,11861.22,45.56,1330.64,855.64,1,1,1,0,0,3,2,1,0.4617,0.7363,0.3695,0.912658019,1,Declined,0.5,0.3333
120020,Nexus Insurance Co.,Business Owners Policy,NY,10001,4/1/2025,4/30/2025,0.6766,24312.62,20.72,2127.45,876.89,1,0,0,0,0,3,2,1,0.4412,0.6718,0.3279,0.912658019,1,,0.5,0.3333
120020,Nexus Insurance Co.,Business Owners Policy,NY,10001,5/1/2025,5/31/2025,0.6253,14029.05,16.93,1368.29,1822.54,2,0,0,0,0,3,2,1,0.4461,0.7196,0.3457,0.912658019,1,,0.5,0.3333
120020,Nexus Insurance Co.,Business Owners Policy,NY,10001,6/1/2025,6/30/2025,0.6256,19936.93,54.92,2124.89,4344.92,1,0,1,0,0,3,2,1,0.4693,0.7025,0.3528,0.912658019,1,,0.5,0.3333
120020,Nexus Insurance Co.,Business Owners Policy,NY,10001,7/1/2025,7/31/2025,0.8813,15520.96,151.22,1571.09,1633.42,1,1,1,0,0,3,2,1,0.4335,0.7339,0.3158,0.912658019,1,Withdrawn,0.5,0.3333
120020,Nexus Insurance Co.,Business Owners Policy,NY,10001,8/1/2025,8/31/2025,0.6295,3390.73,21.0,338.48,2298.21,1,0,1,0,0,5,2,1,0.4141,0.7627,0.3742,0.912658019,3,Withdrawn,0.5,0.2
120020,Nexus Insurance Co.,Business Owners Policy,NY,10001,9/1/2025,9/30/2025,0.6575,9800.6,156.61,1075.9,2437.17,2,2,0,0,0,6,5,3,0.4473,0.7497,0.325,0.912658019,1,Withdrawn,0.6,0.5
120021,Highmark Risk Solutions,Workers Comp,NY,11201,1/1/2026,1/31/2026,0.3657,64384.51,0.0,8076.48,1229.84,1,0,2,0,0,3,2,1,0.6339,0.9022,0.199,0.944781964,1,Withdrawn,0.5,0.3333
120021,Highmark Risk Solutions,Workers Comp,NY,11201,10/1/2025,10/31/2025,0.3607,59701.59,0.0,8193.91,3835.3,1,0,0,1,0,3,2,1,0.6748,0.9349,0.1644,0.944781964,1,Declined,0.5,0.3333
120021,Highmark Risk Solutions,Workers Comp,NY,11201,11/1/2025,11/30/2025,0.3258,39424.59,0.0,4269.52,3999.78,2,1,2,1,0,5,2,1,0.7394,0.8864,0.2197,0.944781964,3,,0.5,0.2
120021,Highmark Risk Solutions,Workers Comp,NY,11201,12/1/2025,12/31/2025,0.3921,54330.37,0.0,6799.11,2039.76,0,1,0,0,0,4,3,1,0.6545,0.9205,0.1979,0.944781964,1,,0.3333,0.25
120021,Highmark Risk Solutions,Workers Comp,NY,11201,2/1/2026,2/28/2026,0.3876,51166.89,0.0,6823.79,1156.7,2,0,0,1,0,3,2,1,0.6461,0.89,0.2682,0.944781964,1,Withdrawn,0.5,0.3333
120021,Highmark Risk Solutions,Workers Comp,NY,11201,3/1/2026,3/31/2026,0.3908,55010.79,0.0,7407.7,571.35,0,0,0,0,0,3,2,1,0.6194,0.9233,0.2317,0.944781964,1,,0.5,0.3333
120021,Highmark Risk Solutions,Workers Comp,NY,11201,4/1/2025,4/30/2025,0.4204,58284.97,0.0,7092.08,1604.65,1,1,1,0,0,6,3,2,0.6313,0.9073,0.267,0.944781964,3,,0.6667,0.3333
120021,Highmark Risk Solutions,Workers Comp,NY,11201,5/1/2025,5/31/2025,0.3728,33689.22,0.0,3487.27,1993.38,1,0,1,0,0,4,3,1,0.6706,0.9087,0.2176,0.944781964,1,,0.3333,0.25
120021,Highmark Risk Solutions,Workers Comp,NY,11201,6/1/2025,6/30/2025,0.3999,51157.27,0.0,6606.58,563.53,1,0,2,0,0,5,4,2,0.6582,0.9242,0.2157,0.944781964,1,Withdrawn,0.5,0.4
120021,Highmark Risk Solutions,Workers Comp,NY,11201,7/1/2025,7/31/2025,0.3644,40362.28,0.0,4280.54,1168.97,0,2,0,0,0,3,2,1,0.713,0.8995,0.2367,0.944781964,1,,0.5,0.3333
120021,Highmark Risk Solutions,Workers Comp,NY,11201,8/1/2025,8/31/2025,0.402,44766.96,0.0,5051.75,1866.28,0,0,1,0,0,3,2,1,0.6625,0.9055,0.2651,0.944781964,1,Withdrawn,0.5,0.3333
120021,Highmark Risk Solutions,Workers Comp,NY,11201,9/1/2025,9/30/2025,0.3618,34632.59,0.0,3592.55,828.56,0,0,0,0,0,3,2,1,0.7325,0.9256,0.1618,0.944781964,1,Withdrawn,0.5,0.3333
120022,Vantage Insurance Services,Commercial Auto,NY,10301,1/1/2026,1/31/2026,0.607,28560.42,0.0,2730.38,2163.17,0,0,1,0,0,3,2,1,0.5416,0.8169,0.3313,0.933355748,1,,0.5,0.3333
120022,Vantage Insurance Services,Commercial Auto,NY,10301,10/1/2025,10/31/2025,0.6197,33135.44,0.0,4004.96,991.43,2,0,0,0,0,9,4,3,0.5633,0.8549,0.2904,0.933355748,5,Withdrawn,0.75,0.3333
120022,Vantage Insurance Services,Commercial Auto,NY,10301,11/1/2025,11/30/2025,0.5614,22767.39,0.0,2710.19,1608.16,0,1,0,0,0,3,2,1,0.5839,0.7389,0.31,0.933355748,1,,0.5,0.3333
120022,Vantage Insurance Services,Commercial Auto,NY,10301,12/1/2025,12/31/2025,0.4402,19095.56,0.0,2183.26,2469.03,0,0,0,1,0,3,2,1,0.6553,0.8269,0.3066,0.933355748,1,,0.5,0.3333
120022,Vantage Insurance Services,Commercial Auto,NY,10301,2/1/2026,2/28/2026,0.6484,26031.5,0.0,2852.87,1124.71,0,0,1,0,0,6,5,4,0.4699,0.8223,0.3023,0.933355748,1,Withdrawn,0.8,0.6667
120022,Vantage Insurance Services,Commercial Auto,NY,10301,3/1/2026,3/31/2026,0.4994,32889.15,0.0,3624.61,1449.54,0,2,1,0,0,3,2,1,0.624,0.8243,0.2927,0.933355748,1,,0.5,0.3333
120022,Vantage Insurance Services,Commercial Auto,NY,10301,4/1/2025,4/30/2025,0.5126,23105.85,0.0,2267.16,5507.22,1,1,1,0,0,3,2,1,0.484,0.7977,0.2858,0.933355748,1,Withdrawn,0.5,0.3333
120022,Vantage Insurance Services,Commercial Auto,NY,10301,5/1/2025,5/31/2025,0.5478,18079.52,0.0,1857.9,1057.64,1,0,0,1,0,3,2,1,0.5726,0.758,0.2734,0.933355748,1,,0.5,0.3333
120022,Vantage Insurance Services,Commercial Auto,NY,10301,6/1/2025,6/30/2025,0.5549,30553.4,0.0,3373.65,2611.28,0,0,0,0,0,3,2,1,0.5124,0.8107,0.2363,0.933355748,1,,0.5,0.3333
120022,Vantage Insurance Services,Commercial Auto,NY,10301,7/1/2025,7/31/2025,0.6304,26445.35,0.0,3011.15,1596.07,1,0,1,0,0,7,3,1,0.511,0.8146,0.2913,0.933355748,4,,0.3333,0.1429
120022,Vantage Insurance Services,Commercial Auto,NY,10301,8/1/2025,8/31/2025,0.5309,43209.53,0.0,5455.76,5152.2,1,0,2,0,0,3,2,1,0.5511,0.8523,0.2561,0.933355748,1,Withdrawn,0.5,0.3333
120022,Vantage Insurance Services,Commercial Auto,NY,10301,9/1/2025,9/30/2025,0.5464,13136.06,0.0,1406.4,2324.61,1,0,0,0,0,3,2,1,0.4811,0.8004,0.268,0.933355748,1,,0.5,0.3333
120023,Guardian Insurance Group,Business Owners Policy,NY,14201,1/1/2026,1/31/2026,0.566,24135.51,0.0,2461.85,5547.23,1,1,1,0,0,5,4,1,0.5948,0.7726,0.2953,0.961026242,1,Withdrawn,0.25,0.2
120023,Guardian Insurance Group,Business Owners Policy,NY,14201,10/1/2025,10/31/2025,0.5588,30742.52,0.0,3263.83,795.82,1,0,0,0,0,3,2,1,0.5146,0.8016,0.2843,0.961026242,1,,0.5,0.3333
120023,Guardian Insurance Group,Business Owners Policy,NY,14201,11/1/2025,11/30/2025,0.4209,26949.94,0.0,2591.13,8096.95,0,0,1,0,0,3,2,1,0.5006,0.8137,0.2584,0.961026242,1,Declined,0.5,0.3333
120023,Guardian Insurance Group,Business Owners Policy,NY,14201,12/1/2025,12/31/2025,0.5546,37256.77,0.0,3928.48,1498.04,0,0,1,0,0,3,2,1,0.6113,0.815,0.2954,0.961026242,1,Withdrawn,0.5,0.3333
120023,Guardian Insurance Group,Business Owners Policy,NY,14201,2/1/2026,2/28/2026,0.5441,35625.09,0.0,4182.07,505.95,1,2,1,0,0,3,2,1,0.5617,0.8412,0.2806,0.961026242,1,Declined,0.5,0.3333
120023,Guardian Insurance Group,Business Owners Policy,NY,14201,3/1/2026,3/31/2026,0.5672,22835.44,0.0,2501.35,3831.76,0,1,0,0,0,3,2,1,0.4651,0.7977,0.2818,0.961026242,1,,0.5,0.3333
120023,Guardian Insurance Group,Business Owners Policy,NY,14201,4/1/2025,4/30/2025,0.5171,38125.66,0.0,4385.43,1731.21,0,0,3,0,0,4,3,2,0.4986,0.8248,0.2828,0.961026242,1,Withdrawn,0.6667,0.5
120023,Guardian Insurance Group,Business Owners Policy,NY,14201,5/1/2025,5/31/2025,0.498,22036.21,0.0,2260.64,502.83,2,2,1,0,0,3,2,1,0.642,0.8454,0.2941,0.961026242,1,Withdrawn,0.5,0.3333
120023,Guardian Insurance Group,Business Owners Policy,NY,14201,6/1/2025,6/30/2025,0.61,30309.55,0.0,3750.78,699.14,3,0,1,0,0,4,3,2,0.5375,0.8618,0.2599,0.961026242,1,,0.6667,0.5
120023,Guardian Insurance Group,Business Owners Policy,NY,14201,7/1/2025,7/31/2025,0.5656,37369.97,0.0,4235.34,5180.37,0,0,0,1,0,3,2,1,0.4582,0.7992,0.2254,0.961026242,1,Declined,0.5,0.3333
120023,Guardian Insurance Group,Business Owners Policy,NY,14201,8/1/2025,8/31/2025,0.612,19154.36,0.0,2353.56,2690.92,1,0,1,0,0,3,2,1,0.5295,0.7873,0.3138,0.961026242,1,,0.5,0.3333
120023,Guardian Insurance Group,Business Owners Policy,NY,14201,9/1/2025,9/30/2025,0.5371,26709.25,0.0,3058.68,1684.16,1,0,0,0,0,6,5,3,0.5525,0.8071,0.2511,0.961026242,1,,0.6,0.5
120024,Summit Insurance Partners,Workers Comp,NJ,7030,1/1/2026,1/31/2026,0.6606,18824.26,2178.72,1805.96,668.33,1,0,1,0,0,3,2,1,0.3797,0.6427,0.3337,0.873027598,1,,0.5,0.3333
120024,Summit Insurance Partners,Workers Comp,NJ,7030,10/1/2025,10/31/2025,0.8131,8266.68,649.25,709.5,419.08,0,0,0,0,0,3,2,1,0.4177,0.6915,0.3967,0.873027598,1,Withdrawn,0.5,0.3333
120024,Summit Insurance Partners,Workers Comp,NJ,7030,11/1/2025,11/30/2025,0.7382,13558.19,526.89,1217.54,1305.74,0,0,0,1,0,3,2,1,0.4145,0.6925,0.3402,0.873027598,1,Withdrawn,0.5,0.3333
120024,Summit Insurance Partners,Workers Comp,NJ,7030,12/1/2025,12/31/2025,0.6741,15144.91,2838.12,1690.96,2161.44,0,1,1,0,0,3,2,1,0.4153,0.6958,0.2859,0.873027598,1,,0.5,0.3333
120024,Summit Insurance Partners,Workers Comp,NJ,7030,2/1/2026,2/28/2026,0.7821,6145.62,1725.88,622.2,1083.75,0,1,1,0,0,4,3,2,0.4424,0.7057,0.3511,0.873027598,1,Declined,0.6667,0.5
120024,Summit Insurance Partners,Workers Comp,NJ,7030,3/1/2026,3/31/2026,0.6211,15252.26,1753.63,1677.89,976.97,0,0,1,1,0,3,2,1,0.4986,0.6628,0.3455,0.873027598,1,,0.5,0.3333
120024,Summit Insurance Partners,Workers Comp,NJ,7030,4/1/2025,4/30/2025,0.5739,13159.28,1069.2,1225.23,2580.37,1,0,0,0,0,5,3,2,0.389,0.6785,0.3237,0.873027598,2,Withdrawn,0.6667,0.4
120024,Summit Insurance Partners,Workers Comp,NJ,7030,5/1/2025,5/31/2025,0.667,4876.38,764.76,434.86,125.47,0,1,0,0,0,3,2,1,0.4681,0.7298,0.3418,0.873027598,1,,0.5,0.3333
120024,Summit Insurance Partners,Workers Comp,NJ,7030,6/1/2025,6/30/2025,0.8452,19504.8,314.96,2021.08,2153.3,1,0,1,0,0,3,2,1,0.4057,0.6088,0.3124,0.873027598,1,Declined,0.5,0.3333
120024,Summit Insurance Partners,Workers Comp,NJ,7030,7/1/2025,7/31/2025,0.8371,11161.47,636.15,1130.55,1620.99,0,0,1,0,0,3,2,1,0.4185,0.659,0.3266,0.873027598,1,,0.5,0.3333
120024,Summit Insurance Partners,Workers Comp,NJ,7030,8/1/2025,8/31/2025,0.7178,15540.25,2364.68,1379.11,1172.71,2,0,0,0,0,3,2,1,0.4249,0.7534,0.354,0.873027598,1,Withdrawn,0.5,0.3333
120024,Summit Insurance Partners,Workers Comp,NJ,7030,9/1/2025,9/30/2025,0.6726,8137.04,895.77,931.12,308.17,1,1,0,0,0,5,4,3,0.4138,0.7449,0.32,0.873027598,1,,0.75,0.6
120025,Landmark Brokerage,Commercial Auto,NJ,7102,1/1/2026,1/31/2026,0.8876,4282.8,1795.86,415.73,3022.4,0,0,0,0,0,3,2,1,0.3505,0.4813,0.4179,0.952398492,1,Declined,0.5,0.3333
120025,Landmark Brokerage,Commercial Auto,NJ,7102,10/1/2025,10/31/2025,0.7808,6190.84,2107.07,618.28,980.47,2,1,2,0,0,3,2,1,0.4086,0.449,0.4296,0.952398492,1,,0.5,0.3333
120025,Landmark Brokerage,Commercial Auto,NJ,7102,11/1/2025,11/30/2025,0.8167,8666.81,1217.11,709.92,963.27,1,0,2,0,0,4,3,2,0.3258,0.5961,0.4314,0.952398492,1,,0.6667,0.5
120025,Landmark Brokerage,Commercial Auto,NJ,7102,12/1/2025,12/31/2025,0.8254,10010.7,288.27,903.78,3765.21,0,1,1,0,0,3,2,1,0.2946,0.5598,0.4666,0.952398492,1,,0.5,0.3333
120025,Landmark Brokerage,Commercial Auto,NJ,7102,2/1/2026,2/28/2026,0.8594,10372.34,1229.8,987.43,1933.35,0,0,0,1,0,3,2,1,0.2845,0.5691,0.4278,0.952398492,1,Withdrawn,0.5,0.3333
120025,Landmark Brokerage,Commercial Auto,NJ,7102,3/1/2026,3/31/2026,0.8769,5405.33,779.42,454.19,2670.39,1,2,0,0,0,3,2,1,0.3458,0.5326,0.4036,0.952398492,1,,0.5,0.3333
120025,Landmark Brokerage,Commercial Auto,NJ,7102,4/1/2025,4/30/2025,0.8772,5075.56,2271.64,491.53,327.01,1,0,1,0,0,4,3,1,0.3206,0.6063,0.4405,0.952398492,1,Withdrawn,0.3333,0.25
120025,Landmark Brokerage,Commercial Auto,NJ,7102,5/1/2025,5/31/2025,0.8459,8348.97,2306.26,777.02,721.38,1,1,2,0,0,4,3,1,0.3234,0.6291,0.4479,0.952398492,1,Declined,0.3333,0.25
120025,Landmark Brokerage,Commercial Auto,NJ,7102,6/1/2025,6/30/2025,0.8184,4974.47,1846.94,427.4,1117.93,1,0,1,0,0,3,2,1,0.2702,0.5618,0.3847,0.952398492,1,Withdrawn,0.5,0.3333
120025,Landmark Brokerage,Commercial Auto,NJ,7102,7/1/2025,7/31/2025,0.8113,8825.82,2728.75,746.56,93.87,1,1,1,1,0,3,2,1,0.3012,0.5633,0.4243,0.952398492,1,,0.5,0.3333
120025,Landmark Brokerage,Commercial Auto,NJ,7102,8/1/2025,8/31/2025,0.8201,2177.32,1870.16,180.23,2343.04,1,1,1,0,0,3,2,1,0.3375,0.603,0.3873,0.952398492,1,,0.5,0.3333
120025,Landmark Brokerage,Commercial Auto,NJ,7102,9/1/2025,9/30/2025,0.7742,9102.21,1570.51,919.0,2658.47,2,1,0,0,0,9,7,6,0.2938,0.5385,0.4549,0.952398492,2,Withdrawn,0.8571,0.6667
120026,Pinnacle Risk Solutions,Business Owners Policy,NJ,8401,1/1/2026,1/31/2026,0.5341,28479.46,1349.52,2999.11,2574.47,0,1,0,0,0,6,5,2,0.488,0.8391,0.2199,0.91640597,1,Withdrawn,0.4,0.3333
120026,Pinnacle Risk Solutions,Business Owners Policy,NJ,8401,10/1/2025,10/31/2025,0.5666,36029.68,573.79,3903.04,1383.43,1,0,1,0,0,4,2,1,0.5504,0.8301,0.2544,0.91640597,2,Declined,0.5,0.25
120026,Pinnacle Risk Solutions,Business Owners Policy,NJ,8401,11/1/2025,11/30/2025,0.658,34456.98,844.91,4157.02,1520.95,1,1,0,0,0,3,2,1,0.5254,0.8263,0.3172,0.91640597,1,Withdrawn,0.5,0.3333
120026,Pinnacle Risk Solutions,Business Owners Policy,NJ,8401,12/1/2025,12/31/2025,0.4916,28522.15,903.47,3396.6,669.52,2,0,2,0,0,3,2,1,0.4922,0.8611,0.2871,0.91640597,1,Declined,0.5,0.3333
120026,Pinnacle Risk Solutions,Business Owners Policy,NJ,8401,2/1/2026,2/28/2026,0.5485,23807.29,1226.59,2814.15,229.32,1,1,0,0,0,5,4,1,0.5295,0.7992,0.2269,0.91640597,1,Withdrawn,0.25,0.2
120026,Pinnacle Risk Solutions,Business Owners Policy,NJ,8401,3/1/2026,3/31/2026,0.5591,19737.05,186.0,1886.24,1712.23,2,1,1,1,0,6,5,4,0.5978,0.8205,0.2612,0.91640597,1,,0.8,0.6667
120026,Pinnacle Risk Solutions,Business Owners Policy,NJ,8401,4/1/2025,4/30/2025,0.5995,17233.03,622.95,2090.53,3322.4,0,0,1,1,0,3,2,1,0.5348,0.8003,0.254,0.91640597,1,Withdrawn,0.5,0.3333
120026,Pinnacle Risk Solutions,Business Owners Policy,NJ,8401,5/1/2025,5/31/2025,0.5008,35559.77,1328.02,4392.63,2655.52,2,1,3,0,0,3,2,1,0.542,0.8001,0.3108,0.91640597,1,,0.5,0.3333
120026,Pinnacle Risk Solutions,Business Owners Policy,NJ,8401,6/1/2025,6/30/2025,0.5734,8489.46,541.08,971.02,2395.81,0,1,1,1,0,3,2,1,0.5209,0.828,0.2769,0.91640597,1,Withdrawn,0.5,0.3333
120026,Pinnacle Risk Solutions,Business Owners Policy,NJ,8401,7/1/2025,7/31/2025,0.5419,28546.97,1293.44,3386.08,1611.68,1,1,1,0,0,3,2,1,0.5596,0.7955,0.2957,0.91640597,1,,0.5,0.3333
120026,Pinnacle Risk Solutions,Business Owners Policy,NJ,8401,8/1/2025,8/31/2025,0.5553,32926.17,332.77,3130.95,886.68,1,0,1,0,0,3,2,1,0.5342,0.8015,0.2859,0.91640597,1,,0.5,0.3333
120026,Pinnacle Risk Solutions,Business Owners Policy,NJ,8401,9/1/2025,9/30/2025,0.6222,28135.13,280.31,3055.59,3948.88,0,0,0,0,0,4,3,1,0.4084,0.8163,0.2922,0.91640597,1,Withdrawn,0.3333,0.25
120027,Guardian Insurance Partners,Workers Comp,NJ,7601,1/1/2026,1/31/2026,0.6615,11733.76,0.0,1286.79,893.53,3,1,2,0,0,3,2,1,0.4126,0.6897,0.3034,0.942543058,1,Withdrawn,0.5,0.3333
120027,Guardian Insurance Partners,Workers Comp,NJ,7601,10/1/2025,10/31/2025,0.8017,24519.03,0.0,2731.54,687.15,0,0,0,1,0,3,2,1,0.4015,0.7293,0.3281,0.942543058,1,Declined,0.5,0.3333
120027,Guardian Insurance Partners,Workers Comp,NJ,7601,11/1/2025,11/30/2025,0.7469,15882.05,0.0,1701.89,886.89,1,0,1,1,0,5,4,2,0.4609,0.6478,0.3078,0.942543058,1,,0.5,0.4
120027,Guardian Insurance Partners,Workers Comp,NJ,7601,12/1/2025,12/31/2025,0.6369,10192.96,0.0,927.32,1840.2,0,1,1,0,0,8,6,5,0.4974,0.6553,0.3723,0.942543058,2,Withdrawn,0.8333,0.625
120027,Guardian Insurance Partners,Workers Comp,NJ,7601,2/1/2026,2/28/2026,0.677,14204.6,0.0,1321.42,1536.86,0,0,1,0,0,3,2,1,0.4119,0.6882,0.3581,0.942543058,1,,0.5,0.3333
120027,Guardian Insurance Partners,Workers Comp,NJ,7601,3/1/2026,3/31/2026,0.6298,805.96,0.0,78.28,1377.22,0,1,0,0,0,3,2,1,0.4091,0.6646,0.2942,0.942543058,1,,0.5,0.3333
120027,Guardian Insurance Partners,Workers Comp,NJ,7601,4/1/2025,4/30/2025,0.8689,14112.33,0.0,1486.4,2150.55,0,0,1,0,0,3,2,1,0.4069,0.7092,0.3635,0.942543058,1,Withdrawn,0.5,0.3333
120027,Guardian Insurance Partners,Workers Comp,NJ,7601,5/1/2025,5/31/2025,0.7383,21737.85,0.0,2484.21,428.63,1,0,1,1,0,3,2,1,0.426,0.6811,0.3716,0.942543058,1,Declined,0.5,0.3333
120027,Guardian Insurance Partners,Workers Comp,NJ,7601,6/1/2025,6/30/2025,0.7471,14509.28,0.0,1384.81,1421.99,1,1,0,0,0,9,8,5,0.3913,0.6958,0.3578,0.942543058,1,,0.625,0.5556
120027,Guardian Insurance Partners,Workers Comp,NJ,7601,7/1/2025,7/31/2025,0.8084,17384.83,0.0,1716.58,1000.51,3,0,1,1,0,3,2,1,0.4535,0.6559,0.3697,0.942543058,1,Declined,0.5,0.3333
120027,Guardian Insurance Partners,Workers Comp,NJ,7601,8/1/2025,8/31/2025,0.5879,13120.73,0.0,1138.03,299.02,0,0,1,1,0,4,3,1,0.3378,0.7059,0.3151,0.942543058,1,,0.3333,0.25
120027,Guardian Insurance Partners,Workers Comp,NJ,7601,9/1/2025,9/30/2025,0.8163,10749.92,0.0,986.43,4636.83,1,0,1,0,0,3,2,1,0.4097,0.7121,0.3561,0.942543058,1,,0.5,0.3333
120028,Harbor Insurance Partners,Commercial Auto,PA,19103,1/1/2026,1/31/2026,0.6737,8442.71,96.72,923.07,698.22,1,0,0,0,1,7,6,4,0.4479,0.7613,0.3305,1.0,1,Withdrawn,0.6667,0.5714
120028,Harbor Insurance Partners,Commercial Auto,PA,19103,10/1/2025,10/31/2025,0.7173,18242.81,33.41,1739.56,5437.11,3,2,0,0,0,3,2,1,0.3615,0.7731,0.3011,1.0,1,Declined,0.5,0.3333
120028,Harbor Insurance Partners,Commercial Auto,PA,19103,11/1/2025,11/30/2025,0.6836,12400.76,145.73,1108.86,6780.5,2,1,0,0,0,3,2,1,0.4162,0.7495,0.354,1.0,1,Withdrawn,0.5,0.3333
120028,Harbor Insurance Partners,Commercial Auto,PA,19103,12/1/2025,12/31/2025,0.7106,16922.86,135.58,1561.25,13293.85,1,1,1,1,0,3,2,1,0.4219,0.7038,0.3073,1.0,1,Declined,0.5,0.3333
120028,Harbor Insurance Partners,Commercial Auto,PA,19103,2/1/2026,2/28/2026,0.8417,13098.04,110.18,1328.11,1624.64,0,1,1,0,0,8,7,6,0.4021,0.7024,0.3402,1.0,1,,0.8571,0.75
120028,Harbor Insurance Partners,Commercial Auto,PA,19103,3/1/2026,3/31/2026,0.7961,7839.29,166.58,715.54,2337.9,2,1,2,1,0,3,2,1,0.41,0.7067,0.3231,1.0,1,,0.5,0.3333
120028,Harbor Insurance Partners,Commercial Auto,PA,19103,4/1/2025,4/30/2025,0.67,24121.55,189.47,2103.22,14681.65,1,0,1,0,0,3,2,1,0.4431,0.6461,0.3577,1.0,1,,0.5,0.3333
120028,Harbor Insurance Partners,Commercial Auto,PA,19103,5/1/2025,5/31/2025,0.6046,11094.27,269.62,1245.19,542.64,0,0,2,0,0,3,2,1,0.4474,0.7117,0.3449,1.0,1,,0.5,0.3333
120028,Harbor Insurance Partners,Commercial Auto,PA,19103,6/1/2025,6/30/2025,0.7298,23021.74,108.52,2127.67,3172.24,1,0,1,0,0,3,2,1,0.4444,0.6843,0.3406,1.0,1,Withdrawn,0.5,0.3333
120028,Harbor Insurance Partners,Commercial Auto,PA,19103,7/1/2025,7/31/2025,0.6866,7984.34,164.36,863.5,7200.04,0,0,1,0,0,3,2,1,0.4316,0.757,0.3818,1.0,1,Declined,0.5,0.3333
120028,Harbor Insurance Partners,Commercial Auto,PA,19103,8/1/2025,8/31/2025,0.6781,18411.67,430.49,1967.58,1127.95,0,2,2,0,0,3,2,1,0.4502,0.66,0.34,1.0,1,Withdrawn,0.5,0.3333
120028,Harbor Insurance Partners,Commercial Auto,PA,19103,9/1/2025,9/30/2025,0.6684,11567.1,33.76,1213.08,5454.31,2,1,2,0,0,3,2,1,0.419,0.6751,0.3354,1.0,1,Withdrawn,0.5,0.3333
120029,Summit Risk Management,Business Owners Policy,PA,15222,1/1/2026,1/31/2026,0.3585,37207.52,0.0,4320.85,1692.56,1,0,2,0,0,3,2,1,0.6709,0.9249,0.1906,0.880045649,1,,0.5,0.3333
120029,Summit Risk Management,Business Owners Policy,PA,15222,10/1/2025,10/31/2025,0.4593,52052.78,0.0,5978.59,3241.56,1,0,0,0,0,3,2,1,0.685,0.913,0.2174,0.880045649,1,,0.5,0.3333
120029,Summit Risk Management,Business Owners Policy,PA,15222,11/1/2025,11/30/2025,0.3389,30465.94,0.0,3317.66,1313.91,1,1,0,1,0,7,6,3,0.7246,0.8706,0.2337,0.880045649,1,,0.5,0.4286
120029,Summit Risk Management,Business Owners Policy,PA,15222,12/1/2025,12/31/2025,0.4238,42727.04,0.0,4792.66,1760.99,0,1,0,0,0,3,2,1,0.6907,0.9107,0.1642,0.880045649,1,Withdrawn,0.5,0.3333
120029,Summit Risk Management,Business Owners Policy,PA,15222,2/1/2026,2/28/2026,0.3864,64406.55,0.0,7224.47,551.02,0,1,0,1,0,3,2,1,0.6018,0.9495,0.2275,0.880045649,1,,0.5,0.3333
120029,Summit Risk Management,Business Owners Policy,PA,15222,3/1/2026,3/31/2026,0.3863,40135.08,0.0,4782.02,507.97,0,1,1,0,0,3,2,1,0.7506,0.9042,0.2334,0.880045649,1,Withdrawn,0.5,0.3333
120029,Summit Risk Management,Business Owners Policy,PA,15222,4/1/2025,4/30/2025,0.2929,55642.65,0.0,6090.35,700.21,1,1,2,0,0,3,2,1,0.6982,0.885,0.2096,0.880045649,1,Withdrawn,0.5,0.3333
120029,Summit Risk Management,Business Owners Policy,PA,15222,5/1/2025,5/31/2025,0.3548,40574.45,0.0,5359.47,312.93,1,1,1,0,0,5,4,1,0.7433,0.9242,0.2103,0.880045649,1,Withdrawn,0.25,0.2
120029,Summit Risk Management,Business Owners Policy,PA,15222,6/1/2025,6/30/2025,0.4541,23656.95,0.0,2775.15,1735.93,1,0,2,0,0,3,2,1,0.7396,0.9236,0.1779,0.880045649,1,,0.5,0.3333
120029,Summit Risk Management,Business Owners Policy,PA,15222,7/1/2025,7/31/2025,0.3992,32721.65,0.0,3695.65,835.78,0,0,0,0,0,3,2,1,0.6434,0.8588,0.2307,0.880045649,1,,0.5,0.3333
120029,Summit Risk Management,Business Owners Policy,PA,15222,8/1/2025,8/31/2025,0.4208,24290.32,0.0,2762.07,1080.88,3,0,2,0,0,3,2,1,0.7031,0.9233,0.1755,0.880045649,1,,0.5,0.3333
120029,Summit Risk Management,Business Owners Policy,PA,15222,9/1/2025,9/30/2025,0.3393,31374.47,0.0,4218.92,1048.98,1,0,0,0,0,4,3,2,0.657,0.9216,0.2359,0.880045649,1,Declined,0.6667,0.5
120030,Nexus Agency Group,Workers Comp,PA,17101,1/1/2026,1/31/2026,0.6582,14426.59,57.15,1533.25,1695.28,1,1,1,0,0,3,2,1,0.4689,0.7796,0.3827,0.909046595,1,Withdrawn,0.5,0.3333
120030,Nexus Agency Group,Workers Comp,PA,17101,10/1/2025,10/31/2025,0.6434,14526.55,65.51,1253.24,356.71,1,0,1,1,0,3,2,1,0.4484,0.6872,0.3544,0.909046595,1,Declined,0.5,0.3333
120030,Nexus Agency Group,Workers Comp,PA,17101,11/1/2025,11/30/2025,0.7455,12080.14,39.63,1213.04,2434.51,0,1,2,0,0,3,2,1,0.3701,0.7521,0.2949,0.909046595,1,,0.5,0.3333
120030,Nexus Agency Group,Workers Comp,PA,17101,12/1/2025,12/31/2025,0.7175,18977.66,32.69,1875.97,676.38,1,0,1,0,0,3,2,1,0.4741,0.7163,0.2707,0.909046595,1,,0.5,0.3333
120030,Nexus Agency Group,Workers Comp,PA,17101,2/1/2026,2/28/2026,0.7161,18194.7,22.51,1653.12,1228.65,1,0,0,0,0,4,3,1,0.4411,0.7366,0.3549,0.909046595,1,Declined,0.3333,0.25
120030,Nexus Agency Group,Workers Comp,PA,17101,3/1/2026,3/31/2026,0.6568,18687.8,40.11,1903.58,1636.38,1,1,1,1,0,10,7,6,0.4729,0.6611,0.301,0.909046595,3,Declined,0.8571,0.6
120030,Nexus Agency Group,Workers Comp,PA,17101,4/1/2025,4/30/2025,0.6996,17477.69,103.04,1687.13,5501.25,2,1,1,0,0,4,3,2,0.4006,0.6663,0.3601,0.909046595,1,,0.6667,0.5
120030,Nexus Agency Group,Workers Comp,PA,17101,5/1/2025,5/31/2025,0.7594,8992.81,68.22,984.84,1984.63,1,0,1,0,0,4,3,1,0.4587,0.7282,0.3382,0.909046595,1,,0.3333,0.25
120030,Nexus Agency Group,Workers Comp,PA,17101,6/1/2025,6/30/2025,0.735,17494.14,127.07,1581.08,2230.46,2,0,2,0,0,3,2,1,0.387,0.7103,0.3415,0.909046595,1,Withdrawn,0.5,0.3333
120030,Nexus Agency Group,Workers Comp,PA,17101,7/1/2025,7/31/2025,0.7295,12600.63,162.28,1398.15,183.04,2,1,1,1,0,3,2,1,0.3702,0.7655,0.3473,0.909046595,1,,0.5,0.3333
120030,Nexus Agency Group,Workers Comp,PA,17101,8/1/2025,8/31/2025,0.6665,19299.68,39.55,1785.49,1959.6,1,0,1,1,0,3,2,1,0.4004,0.7377,0.3141,0.909046595,1,,0.5,0.3333
120030,Nexus Agency Group,Workers Comp,PA,17101,9/1/2025,9/30/2025,0.7432,10801.18,37.39,1011.3,1135.79,0,3,1,0,0,3,2,1,0.4235,0.7874,0.3733,0.909046595,1,,0.5,0.3333
120031,Keystone Insurance Group,Commercial Auto,PA,18501,1/1/2026,1/31/2026,0.4882,22965.89,0.0,2199.11,579.96,0,0,1,0,0,3,2,1,0.6056,0.7743,0.2394,0.82338256,1,Withdrawn,0.5,0.3333
120031,Keystone Insurance Group,Commercial Auto,PA,18501,10/1/2025,10/31/2025,0.642,22740.54,0.0,2375.73,644.1,1,0,0,0,0,7,6,4,0.6407,0.848,0.2589,0.82338256,1,,0.6667,0.5714
120031,Keystone Insurance Group,Commercial Auto,PA,18501,11/1/2025,11/30/2025,0.5406,36939.19,0.0,3696.38,300.24,0,0,1,0,0,3,2,1,0.5751,0.8248,0.2636,0.82338256,1,,0.5,0.3333
120031,Keystone Insurance Group,Commercial Auto,PA,18501,12/1/2025,12/31/2025,0.6369,23775.7,0.0,2439.83,1229.88,1,1,0,0,0,3,2,1,0.5353,0.8052,0.3256,0.82338256,1,Declined,0.5,0.3333
120031,Keystone Insurance Group,Commercial Auto,PA,18501,2/1/2026,2/28/2026,0.5706,26156.79,0.0,3082.58,262.12,1,0,1,1,0,5,4,2,0.5121,0.821,0.2785,0.82338256,1,,0.5,0.4
120031,Keystone Insurance Group,Commercial Auto,PA,18501,3/1/2026,3/31/2026,0.4945,14710.05,0.0,1503.68,949.66,1,0,0,0,0,3,2,1,0.4946,0.871,0.2607,0.82338256,1,,0.5,0.3333
120031,Keystone Insurance Group,Commercial Auto,PA,18501,4/1/2025,4/30/2025,0.545,29658.14,0.0,3363.83,796.23,0,0,0,0,0,3,2,1,0.4998,0.7923,0.2365,0.82338256,1,Declined,0.5,0.3333
120031,Keystone Insurance Group,Commercial Auto,PA,18501,5/1/2025,5/31/2025,0.5542,21498.18,0.0,2452.52,528.75,0,0,0,0,0,3,2,1,0.5599,0.8256,0.2775,0.82338256,1,,0.5,0.3333
120031,Keystone Insurance Group,Commercial Auto,PA,18501,6/1/2025,6/30/2025,0.472,34550.22,0.0,3587.21,959.95,0,0,0,0,0,3,2,1,0.4926,0.8443,0.3049,0.82338256,1,Withdrawn,0.5,0.3333
120031,Keystone Insurance Group,Commercial Auto,PA,18501,7/1/2025,7/31/2025,0.6423,30214.35,0.0,3410.91,364.41,0,0,1,0,0,6,5,3,0.5393,0.7739,0.2997,0.82338256,1,Declined,0.6,0.5
120031,Keystone Insurance Group,Commercial Auto,PA,18501,8/1/2025,8/31/2025,0.6128,15751.14,0.0,1706.77,740.62,0,1,0,0,0,3,2,1,0.5478,0.8131,0.3151,0.82338256,1,,0.5,0.3333
120031,Keystone Insurance Group,Commercial Auto,PA,18501,9/1/2025,9/30/2025,0.5809,31363.62,0.0,3628.49,1094.09,0,1,0,0,0,3,2,1,0.5307,0.8349,0.2767,0.82338256,1,,0.5,0.3333
120032,Eagle Insurance Agency,Business Owners Policy,NY,10001,1/1/2026,1/31/2026,0.3786,43422.33,1.84,4833.5,58.16,0,0,1,0,0,3,2,1,0.6615,0.9145,0.2048,0.832634357,1,,0.5,0.3333
120032,Eagle Insurance Agency,Business Owners Policy,NY,10001,10/1/2025,10/31/2025,0.4296,43958.93,17.05,5454.36,594.07,1,0,1,0,0,3,2,1,0.6808,0.9002,0.2603,0.832634357,1,,0.5,0.3333
120032,Eagle Insurance Agency,Business Owners Policy,NY,10001,11/1/2025,11/30/2025,0.3025,48530.69,33.89,6240.76,542.84,2,1,1,0,0,3,2,1,0.6932,0.8999,0.2307,0.832634357,1,,0.5,0.3333
120032,Eagle Insurance Agency,Business Owners Policy,NY,10001,12/1/2025,12/31/2025,0.3659,41390.36,15.54,5125.88,327.97,0,1,0,0,0,8,6,4,0.7653,0.8926,0.189,0.832634357,2,Withdrawn,0.6667,0.5
120032,Eagle Insurance Agency,Business Owners Policy,NY,10001,2/1/2026,2/28/2026,0.3452,45911.46,40.26,5014.0,156.03,1,1,0,0,0,3,2,1,0.7036,0.92,0.2172,0.832634357,1,Declined,0.5,0.3333
120032,Eagle Insurance Agency,Business Owners Policy,NY,10001,3/1/2026,3/31/2026,0.4246,65543.25,18.38,6846.94,1320.76,0,0,0,0,0,3,2,1,0.6877,0.9236,0.2525,0.832634357,1,,0.5,0.3333
120032,Eagle Insurance Agency,Business Owners Policy,NY,10001,4/1/2025,4/30/2025,0.421,35568.17,101.95,4774.4,448.95,0,0,1,0,0,3,2,1,0.7982,0.9315,0.2037,0.832634357,1,,0.5,0.3333
120032,Eagle Insurance Agency,Business Owners Policy,NY,10001,5/1/2025,5/31/2025,0.2971,35992.77,74.52,3993.1,1046.12,1,0,0,0,0,6,5,3,0.7871,0.9228,0.2432,0.832634357,1,Withdrawn,0.6,0.5
120032,Eagle Insurance Agency,Business Owners Policy,NY,10001,6/1/2025,6/30/2025,0.3436,38405.31,25.66,4531.1,1806.94,1,1,1,1,0,3,2,1,0.6417,0.9499,0.2616,0.832634357,1,,0.5,0.3333
120032,Eagle Insurance Agency,Business Owners Policy,NY,10001,7/1/2025,7/31/2025,0.4316,44801.57,12.2,4739.74,386.73,0,0,1,0,0,3,2,1,0.7197,0.9101,0.1893,0.832634357,1,Withdrawn,0.5,0.3333
120032,Eagle Insurance Agency,Business Owners Policy,NY,10001,8/1/2025,8/31/2025,0.3504,41652.44,87.96,4354.25,354.78,1,0,1,0,0,5,4,3,0.7207,0.8849,0.2533,0.832634357,1,,0.75,0.6
120032,Eagle Insurance Agency,Business Owners Policy,NY,10001,9/1/2025,9/30/2025,0.3632,46978.92,5.71,5950.58,1359.1,1,1,1,0,0,3,2,1,0.6868,0.8892,0.2263,0.832634357,1,,0.5,0.3333
120033,Crestview Insurance Services,Workers Comp,NY,11201,1/1/2026,1/31/2026,0.9068,7423.64,68.23,568.39,4437.45,1,1,1,0,0,3,2,1,0.147,0.3549,0.4894,0.977363563,1,,0.5,0.3333
120033,Crestview Insurance Services,Workers Comp,NY,11201,10/1/2025,10/31/2025,1.0171,4508.3,224.23,405.44,2047.55,3,1,0,1,0,3,2,1,0.1533,0.392,0.5724,0.977363563,1,Withdrawn,0.5,0.3333
120033,Crestview Insurance Services,Workers Comp,NY,11201,11/1/2025,11/30/2025,0.9212,2655.3,412.82,215.83,5928.29,2,0,1,0,0,3,2,1,0.0912,0.4252,0.5364,0.977363563,1,,0.5,0.3333
120033,Crestview Insurance Services,Workers Comp,NY,11201,12/1/2025,12/31/2025,0.8704,4270.5,237.33,376.27,4155.08,0,0,0,1,0,3,2,1,0.1967,0.4209,0.45,0.977363563,1,Withdrawn,0.5,0.3333
120033,Crestview Insurance Services,Workers Comp,NY,11201,2/1/2026,2/28/2026,0.9594,3710.45,52.11,268.27,4295.85,2,1,2,0,0,3,2,1,0.1348,0.5434,0.5503,0.977363563,1,,0.5,0.3333
120033,Crestview Insurance Services,Workers Comp,NY,11201,3/1/2026,3/31/2026,0.8652,5616.96,253.82,403.71,2107.83,2,1,2,1,0,6,5,4,0.1845,0.4646,0.4681,0.977363563,1,Declined,0.8,0.6667
120033,Crestview Insurance Services,Workers Comp,NY,11201,4/1/2025,4/30/2025,0.8803,6640.07,140.04,490.62,7214.8,1,1,1,1,0,3,2,1,0.1677,0.407,0.4571,0.977363563,1,Withdrawn,0.5,0.3333
120033,Crestview Insurance Services,Workers Comp,NY,11201,5/1/2025,5/31/2025,0.9603,1952.27,215.73,177.73,1907.65,1,1,0,0,0,5,2,1,0.1505,0.3844,0.5127,0.977363563,3,Withdrawn,0.5,0.2
120033,Crestview Insurance Services,Workers Comp,NY,11201,6/1/2025,6/30/2025,1.0015,5806.45,72.12,492.69,1632.45,0,1,3,1,0,3,2,1,0.1048,0.3248,0.6244,0.977363563,1,,0.5,0.3333
120033,Crestview Insurance Services,Workers Comp,NY,11201,7/1/2025,7/31/2025,0.9573,2638.15,230.38,219.37,1545.89,0,0,1,0,0,4,3,2,0.2206,0.3422,0.52,0.977363563,1,,0.6667,0.5
120033,Crestview Insurance Services,Workers Comp,NY,11201,8/1/2025,8/31/2025,0.859,1656.98,163.97,140.2,9010.73,1,1,2,0,0,3,2,1,0.1902,0.3645,0.5243,0.977363563,1,Declined,0.5,0.3333
120033,Crestview Insurance Services,Workers Comp,NY,11201,9/1/2025,9/30/2025,0.9014,3265.13,598.24,261.82,1559.26,0,0,0,0,0,3,2,1,0.1747,0.3429,0.4964,0.977363563,1,Withdrawn,0.5,0.3333
120034,Premier Insurance Services,Commercial Auto,NY,10301,1/1/2026,1/31/2026,0.909,5196.27,0.0,384.93,1164.49,0,1,1,0,0,3,2,1,0.1355,0.5772,0.5175,0.929651903,1,,0.5,0.3333
120034,Premier Insurance Services,Commercial Auto,NY,10301,10/1/2025,10/31/2025,0.9998,3507.52,0.0,279.35,2586.24,1,2,3,1,0,3,2,1,0.1945,0.4279,0.5822,0.929651903,1,Declined,0.5,0.3333
120034,Premier Insurance Services,Commercial Auto,NY,10301,11/1/2025,11/30/2025,1.0068,1799.94,0.0,139.15,1550.71,2,0,0,0,0,3,2,1,0.1719,0.3408,0.4887,0.929651903,1,Withdrawn,0.5,0.3333
120034,Premier Insurance Services,Commercial Auto,NY,10301,12/1/2025,12/31/2025,0.9256,3066.4,0.0,213.41,3645.57,0,0,0,0,0,4,2,1,0.1998,0.4764,0.5062,0.929651903,2,Declined,0.5,0.25
120034,Premier Insurance Services,Commercial Auto,NY,10301,2/1/2026,2/28/2026,0.8875,500.0,0.0,50.0,2832.43,2,0,0,0,0,9,7,6,0.1603,0.492,0.5306,0.929651903,2,,0.8571,0.6667
120034,Premier Insurance Services,Commercial Auto,NY,10301,3/1/2026,3/31/2026,0.9734,2073.59,0.0,164.11,1406.21,1,1,1,0,0,6,4,3,0.1725,0.3317,0.4573,0.929651903,2,Withdrawn,0.75,0.5
120034,Premier Insurance Services,Commercial Auto,NY,10301,4/1/2025,4/30/2025,0.9928,2697.76,0.0,235.54,1184.01,0,0,1,1,0,3,2,1,0.1345,0.4591,0.5837,0.929651903,1,Withdrawn,0.5,0.3333
120034,Premier Insurance Services,Commercial Auto,NY,10301,5/1/2025,5/31/2025,0.9295,3621.97,0.0,311.64,1756.67,0,1,1,1,0,9,8,6,0.2359,0.5108,0.5334,0.929651903,1,Withdrawn,0.75,0.6667
120034,Premier Insurance Services,Commercial Auto,NY,10301,6/1/2025,6/30/2025,0.9359,5105.05,0.0,367.96,3818.49,3,1,2,0,0,3,2,1,0.1456,0.4446,0.5905,0.929651903,1,,0.5,0.3333
120034,Premier Insurance Services,Commercial Auto,NY,10301,7/1/2025,7/31/2025,0.9789,3327.0,0.0,286.82,2964.0,2,0,1,0,1,4,3,1,0.1942,0.4129,0.5275,0.929651903,1,,0.3333,0.25
120034,Premier Insurance Services,Commercial Auto,NY,10301,8/1/2025,8/31/2025,1.049,1451.21,0.0,115.19,1194.44,2,1,2,0,0,4,3,2,0.2177,0.4314,0.5736,0.929651903,1,,0.6667,0.5
120034,Premier Insurance Services,Commercial Auto,NY,10301,9/1/2025,9/30/2025,0.9579,1487.92,0.0,109.8,1543.46,1,0,2,0,0,3,2,1,0.1548,0.476,0.4706,0.929651903,1,,0.5,0.3333
120035,Eagle Insurance Services,Business Owners Policy,NY,14201,1/1/2026,1/31/2026,0.7978,4276.73,0.0,422.07,2490.68,1,0,1,0,0,3,2,1,0.3361,0.5708,0.3638,0.878218022,1,,0.5,0.3333
120035,Eagle Insurance Services,Business Owners Policy,NY,14201,10/1/2025,10/31/2025,0.9112,3704.35,0.0,309.79,1496.01,1,0,1,0,0,3,2,1,0.3371,0.5998,0.4643,0.878218022,1,,0.5,0.3333
120035,Eagle Insurance Services,Business Owners Policy,NY,14201,11/1/2025,11/30/2025,0.8303,8791.68,0.0,724.48,2229.23,0,1,0,0,0,3,2,1,0.2642,0.5112,0.4421,0.878218022,1,Withdrawn,0.5,0.3333
120035,Eagle Insurance Services,Business Owners Policy,NY,14201,12/1/2025,12/31/2025,0.7631,8611.54,0.0,839.68,1381.67,1,1,0,1,0,10,6,1,0.3418,0.6009,0.359,0.878218022,4,Declined,0.1667,0.1
120035,Eagle Insurance Services,Business Owners Policy,NY,14201,2/1/2026,2/28/2026,0.7782,3974.34,0.0,307.38,925.0,0,1,0,0,0,5,4,3,0.2784,0.583,0.4433,0.878218022,1,Withdrawn,0.75,0.6
120035,Eagle Insurance Services,Business Owners Policy,NY,14201,3/1/2026,3/31/2026,0.7022,7200.75,0.0,680.51,1645.38,1,0,1,0,0,3,2,1,0.2785,0.5946,0.4067,0.878218022,1,Withdrawn,0.5,0.3333
120035,Eagle Insurance Services,Business Owners Policy,NY,14201,4/1/2025,4/30/2025,0.8607,8005.17,0.0,666.22,627.22,1,0,0,1,0,4,3,2,0.3293,0.5535,0.4079,0.878218022,1,Declined,0.6667,0.5
120035,Eagle Insurance Services,Business Owners Policy,NY,14201,5/1/2025,5/31/2025,0.839,4566.23,0.0,448.77,496.29,1,1,1,0,0,3,2,1,0.3465,0.5763,0.3917,0.878218022,1,,0.5,0.3333
120035,Eagle Insurance Services,Business Owners Policy,NY,14201,6/1/2025,6/30/2025,0.759,8001.58,0.0,679.69,637.45,0,0,0,0,0,4,3,1,0.2946,0.568,0.4102,0.878218022,1,,0.3333,0.25
120035,Eagle Insurance Services,Business Owners Policy,NY,14201,7/1/2025,7/31/2025,0.9059,8889.25,0.0,689.37,352.93,1,0,0,0,0,3,2,1,0.3534,0.6046,0.3719,0.878218022,1,,0.5,0.3333
120035,Eagle Insurance Services,Business Owners Policy,NY,14201,8/1/2025,8/31/2025,0.8432,7747.93,0.0,714.25,998.82,0,0,1,0,0,3,2,1,0.3409,0.6706,0.4636,0.878218022,1,,0.5,0.3333
120035,Eagle Insurance Services,Business Owners Policy,NY,14201,9/1/2025,9/30/2025,0.8827,5340.42,0.0,494.6,2150.67,0,0,2,1,0,3,2,1,0.2458,0.5454,0.4908,0.878218022,1,,0.5,0.3333
120036,Eagle Agency Group,Workers Comp,NJ,7030,1/1/2026,1/31/2026,0.5721,23261.15,0.0,2524.0,2271.18,0,0,0,0,0,3,2,1,0.5943,0.8388,0.217,0.918913743,1,Declined,0.5,0.3333
120036,Eagle Agency Group,Workers Comp,NJ,7030,10/1/2025,10/31/2025,0.5574,26717.03,0.0,2645.59,1070.49,0,0,1,0,0,9,6,1,0.5779,0.8551,0.3157,0.918913743,3,,0.1667,0.1111
120036,Eagle Agency Group,Workers Comp,NJ,7030,11/1/2025,11/30/2025,0.6678,22060.13,0.0,2525.58,1264.46,1,1,0,0,0,4,2,1,0.6171,0.8503,0.2801,0.918913743,2,,0.5,0.25
120036,Eagle Agency Group,Workers Comp,NJ,7030,12/1/2025,12/31/2025,0.5209,42559.59,0.0,4917.17,1789.38,2,0,1,1,0,3,2,1,0.5301,0.8312,0.2438,0.918913743,1,,0.5,0.3333
120036,Eagle Agency Group,Workers Comp,NJ,7030,2/1/2026,2/28/2026,0.5299,31318.92,0.0,3921.45,1132.44,2,0,2,0,0,3,2,1,0.5927,0.8666,0.2903,0.918913743,1,Withdrawn,0.5,0.3333
120036,Eagle Agency Group,Workers Comp,NJ,7030,3/1/2026,3/31/2026,0.5778,25499.66,0.0,2866.06,69.66,0,1,1,0,0,4,3,1,0.4948,0.9119,0.2506,0.918913743,1,,0.3333,0.25
120036,Eagle Agency Group,Workers Comp,NJ,7030,4/1/2025,4/30/2025,0.5732,24273.56,0.0,2295.01,1010.67,1,0,2,1,0,3,2,1,0.6287,0.8727,0.2739,0.918913743,1,Withdrawn,0.5,0.3333
120036,Eagle Agency Group,Workers Comp,NJ,7030,5/1/2025,5/31/2025,0.5409,30090.13,0.0,3690.14,1462.45,1,0,1,1,0,3,2,1,0.5966,0.8155,0.2558,0.918913743,1,Declined,0.5,0.3333
120036,Eagle Agency Group,Workers Comp,NJ,7030,6/1/2025,6/30/2025,0.4822,35162.84,0.0,4444.89,409.01,1,0,1,1,0,3,2,1,0.5098,0.8389,0.2987,0.918913743,1,Withdrawn,0.5,0.3333
120036,Eagle Agency Group,Workers Comp,NJ,7030,7/1/2025,7/31/2025,0.5121,27039.09,0.0,2583.83,1558.83,1,0,1,0,0,3,2,1,0.6096,0.8222,0.2887,0.918913743,1,,0.5,0.3333
120036,Eagle Agency Group,Workers Comp,NJ,7030,8/1/2025,8/31/2025,0.519,26585.81,0.0,2721.39,1000.14,1,0,0,1,0,4,3,2,0.5127,0.8138,0.2741,0.918913743,1,Withdrawn,0.6667,0.5
120036,Eagle Agency Group,Workers Comp,NJ,7030,9/1/2025,9/30/2025,0.4571,36415.16,0.0,3764.59,597.52,0,0,0,1,0,3,2,1,0.5194,0.8061,0.2289,0.918913743,1,,0.5,0.3333
120037,Clearwater Risk Consultants,Commercial Auto,NJ,7102,1/1/2026,1/31/2026,0.3508,39526.55,0.0,4331.25,1561.16,1,1,1,1,0,3,2,1,0.6152,0.8946,0.1994,1.0,1,Withdrawn,0.5,0.3333
120037,Clearwater Risk Consultants,Commercial Auto,NJ,7102,10/1/2025,10/31/2025,0.3909,40437.1,0.0,4350.11,2510.41,2,0,5,1,0,11,10,3,0.7241,0.9166,0.1986,1.0,1,Withdrawn,0.3,0.2727
120037,Clearwater Risk Consultants,Commercial Auto,NJ,7102,11/1/2025,11/30/2025,0.3781,40684.44,0.0,5000.33,5315.77,1,2,0,1,0,3,2,1,0.5907,0.9215,0.1845,1.0,1,,0.5,0.3333
120037,Clearwater Risk Consultants,Commercial Auto,NJ,7102,12/1/2025,12/31/2025,0.3981,54376.35,0.0,6501.35,7393.79,2,0,1,0,0,5,2,1,0.6087,0.9104,0.175,1.0,3,Declined,0.5,0.2
120037,Clearwater Risk Consultants,Commercial Auto,NJ,7102,2/1/2026,2/28/2026,0.3752,43598.81,0.0,5166.61,2888.29,3,2,0,0,0,4,3,1,0.6525,0.9283,0.185,1.0,1,,0.3333,0.25
120037,Clearwater Risk Consultants,Commercial Auto,NJ,7102,3/1/2026,3/31/2026,0.3419,53180.29,0.0,7075.07,5347.3,4,0,2,1,0,3,2,1,0.7365,0.9428,0.2263,1.0,1,Withdrawn,0.5,0.3333
120037,Clearwater Risk Consultants,Commercial Auto,NJ,7102,4/1/2025,4/30/2025,0.4036,44413.23,0.0,5715.94,1599.25,3,1,2,0,0,4,3,2,0.7223,0.9044,0.1522,1.0,1,,0.6667,0.5
120037,Clearwater Risk Consultants,Commercial Auto,NJ,7102,5/1/2025,5/31/2025,0.2957,57429.9,0.0,7635.46,7070.34,0,0,1,0,0,3,2,1,0.6588,0.8806,0.15,1.0,1,,0.5,0.3333
120037,Clearwater Risk Consultants,Commercial Auto,NJ,7102,6/1/2025,6/30/2025,0.2778,42079.39,0.0,5733.4,9466.81,1,2,1,0,0,9,5,4,0.6663,0.9413,0.1823,1.0,4,,0.8,0.4444
120037,Clearwater Risk Consultants,Commercial Auto,NJ,7102,7/1/2025,7/31/2025,0.362,77216.09,0.0,9668.29,7474.13,0,1,2,0,1,5,2,1,0.6624,0.8849,0.2179,1.0,3,Withdrawn,0.5,0.2
120037,Clearwater Risk Consultants,Commercial Auto,NJ,7102,8/1/2025,8/31/2025,0.3977,47601.31,0.0,5172.82,7809.21,0,1,1,1,0,4,2,1,0.6216,0.9395,0.1645,1.0,2,Declined,0.5,0.25
120037,Clearwater Risk Consultants,Commercial Auto,NJ,7102,9/1/2025,9/30/2025,0.3142,39835.37,0.0,4472.93,7512.43,1,1,2,1,0,3,2,1,0.7021,0.8957,0.1827,1.0,1,Withdrawn,0.5,0.3333
120038,Tri-State & Associates,Business Owners Policy,NJ,8401,1/1/2026,1/31/2026,0.6227,10410.41,0.0,1058.78,1565.18,1,1,1,1,0,3,2,1,0.3943,0.7587,0.3466,0.991176332,1,Withdrawn,0.5,0.3333
120038,Tri-State & Associates,Business Owners Policy,NJ,8401,10/1/2025,10/31/2025,0.6839,9110.81,0.0,834.69,10502.58,0,1,4,0,0,3,2,1,0.446,0.7287,0.352,0.991176332,1,Declined,0.5,0.3333
120038,Tri-State & Associates,Business Owners Policy,NJ,8401,11/1/2025,11/30/2025,0.7286,16674.09,0.0,1792.6,1541.11,0,1,0,0,0,3,2,1,0.3757,0.6765,0.3308,0.991176332,1,,0.5,0.3333
120038,Tri-State & Associates,Business Owners Policy,NJ,8401,12/1/2025,12/31/2025,0.786,12691.47,0.0,1263.87,4471.89,1,1,0,0,0,6,5,1,0.3843,0.6626,0.3357,0.991176332,1,,0.2,0.1667
120038,Tri-State & Associates,Business Owners Policy,NJ,8401,2/1/2026,2/28/2026,0.6344,2808.84,0.0,302.84,3601.97,1,0,0,0,0,3,2,1,0.4106,0.7217,0.32,0.991176332,1,,0.5,0.3333
120038,Tri-State & Associates,Business Owners Policy,NJ,8401,3/1/2026,3/31/2026,0.5516,6994.99,0.0,804.33,1251.87,1,0,0,0,0,8,7,5,0.517,0.6614,0.3387,0.991176332,1,,0.7143,0.625
120038,Tri-State & Associates,Business Owners Policy,NJ,8401,4/1/2025,4/30/2025,0.6632,14706.29,0.0,1521.42,559.07,2,1,1,1,0,3,2,1,0.4391,0.6946,0.3817,0.991176332,1,,0.5,0.3333
120038,Tri-State & Associates,Business Owners Policy,NJ,8401,5/1/2025,5/31/2025,0.5509,14009.23,0.0,1205.46,2728.68,1,1,2,0,0,3,2,1,0.3875,0.7455,0.3406,0.991176332,1,Declined,0.5,0.3333
120038,Tri-State & Associates,Business Owners Policy,NJ,8401,6/1/2025,6/30/2025,0.5541,13772.44,0.0,1268.78,2547.93,4,0,0,0,0,3,2,1,0.4344,0.6985,0.3917,0.991176332,1,Withdrawn,0.5,0.3333
120038,Tri-State & Associates,Business Owners Policy,NJ,8401,7/1/2025,7/31/2025,0.6703,11268.7,0.0,1086.22,1734.64,1,1,3,0,0,5,4,3,0.3793,0.6743,0.3475,0.991176332,1,Withdrawn,0.75,0.6
120038,Tri-State & Associates,Business Owners Policy,NJ,8401,8/1/2025,8/31/2025,0.6685,10345.22,0.0,1089.58,7068.65,2,2,1,0,0,3,2,1,0.4379,0.6886,0.3777,0.991176332,1,,0.5,0.3333
120038,Tri-State & Associates,Business Owners Policy,NJ,8401,9/1/2025,9/30/2025,0.7531,13168.89,0.0,1126.92,2074.44,0,0,2,0,0,10,7,6,0.388,0.7146,0.3623,0.991176332,3,,0.8571,0.6
120039,Landmark Insurance Group,Workers Comp,NJ,7601,1/1/2026,1/31/2026,0.7069,13026.51,459.12,1483.0,887.4,2,1,1,1,0,8,7,6,0.4573,0.6812,0.3789,0.916408879,1,,0.8571,0.75
120039,Landmark Insurance Group,Workers Comp,NJ,7601,10/1/2025,10/31/2025,0.6955,6688.88,327.33,704.71,2933.8,0,1,0,0,0,3,2,1,0.4548,0.7178,0.3552,0.916408879,1,Withdrawn,0.5,0.3333
120039,Landmark Insurance Group,Workers Comp,NJ,7601,11/1/2025,11/30/2025,0.7608,18380.23,558.3,2108.27,3451.64,1,1,0,1,0,3,2,1,0.4678,0.6744,0.3263,0.916408879,1,Declined,0.5,0.3333
120039,Landmark Insurance Group,Workers Comp,NJ,7601,12/1/2025,12/31/2025,0.8031,10003.26,1017.06,928.62,1150.59,0,0,1,0,0,3,2,1,0.4146,0.6588,0.3074,0.916408879,1,Declined,0.5,0.3333
120039,Landmark Insurance Group,Workers Comp,NJ,7601,2/1/2026,2/28/2026,0.7698,15620.29,938.39,1398.24,2007.84,2,1,1,0,0,3,2,1,0.4105,0.7356,0.326,0.916408879,1,,0.5,0.3333
120039,Landmark Insurance Group,Workers Comp,NJ,7601,3/1/2026,3/31/2026,0.6197,14049.4,304.01,1392.7,1867.95,1,0,2,0,0,3,2,1,0.3375,0.7294,0.3383,0.916408879,1,Declined,0.5,0.3333
120039,Landmark Insurance Group,Workers Comp,NJ,7601,4/1/2025,4/30/2025,0.7844,9255.42,159.63,898.44,1715.42,0,0,0,0,0,6,4,3,0.4961,0.7287,0.3633,0.916408879,2,Withdrawn,0.75,0.5
120039,Landmark Insurance Group,Workers Comp,NJ,7601,5/1/2025,5/31/2025,0.8223,18619.85,788.36,1689.16,1416.02,0,0,1,0,0,3,2,1,0.3648,0.7338,0.3319,0.916408879,1,,0.5,0.3333
120039,Landmark Insurance Group,Workers Comp,NJ,7601,6/1/2025,6/30/2025,0.663,15762.52,344.94,1591.13,1577.48,1,0,0,0,0,5,4,2,0.4071,0.7589,0.3083,0.916408879,1,,0.5,0.4
120039,Landmark Insurance Group,Workers Comp,NJ,7601,7/1/2025,7/31/2025,0.6601,5876.01,432.49,575.94,510.38,0,0,1,1,0,3,2,1,0.459,0.636,0.3381,0.916408879,1,,0.5,0.3333
120039,Landmark Insurance Group,Workers Comp,NJ,7601,8/1/2025,8/31/2025,0.7638,16717.4,1079.38,1832.72,4206.46,1,0,1,1,0,3,2,1,0.3777,0.7605,0.3432,0.916408879,1,Declined,0.5,0.3333
120039,Landmark Insurance Group,Workers Comp,NJ,7601,9/1/2025,9/30/2025,0.714,18296.57,82.2,1734.59,1747.28,0,0,0,0,0,3,2,1,0.4092,0.7424,0.3973,0.916408879,1,,0.5,0.3333
120040,Cornerstone Risk Advisors,Commercial Auto,PA,19103,1/1/2026,1/31/2026,0.3726,63196.73,0.0,6519.88,1196.15,2,0,1,1,0,3,2,1,0.8006,0.8874,0.2128,0.875263389,1,Declined,0.5,0.3333
120040,Cornerstone Risk Advisors,Commercial Auto,PA,19103,10/1/2025,10/31/2025,0.4161,51986.93,0.0,7058.75,109.98,0,0,1,0,0,3,2,1,0.5928,0.9516,0.2227,0.875263389,1,Withdrawn,0.5,0.3333
120040,Cornerstone Risk Advisors,Commercial Auto,PA,19103,11/1/2025,11/30/2025,0.2655,51678.64,0.0,5741.65,807.45,1,1,1,0,0,7,5,3,0.7744,0.9017,0.1842,0.875263389,2,,0.6,0.4286
120040,Cornerstone Risk Advisors,Commercial Auto,PA,19103,12/1/2025,12/31/2025,0.2999,50200.66,0.0,5983.15,2103.69,0,1,1,0,0,3,2,1,0.7015,0.9306,0.154,0.875263389,1,,0.5,0.3333
120040,Cornerstone Risk Advisors,Commercial Auto,PA,19103,2/1/2026,2/28/2026,0.3028,26767.85,0.0,3540.66,1432.6,0,0,0,1,0,6,4,3,0.7319,0.8983,0.1681,0.875263389,2,Withdrawn,0.75,0.5
120040,Cornerstone Risk Advisors,Commercial Auto,PA,19103,3/1/2026,3/31/2026,0.25,50540.0,0.0,5854.86,129.28,0,0,1,1,0,3,2,1,0.7042,0.884,0.1933,0.875263389,1,Withdrawn,0.5,0.3333
120040,Cornerstone Risk Advisors,Commercial Auto,PA,19103,4/1/2025,4/30/2025,0.2678,38882.32,0.0,4631.72,494.94,1,0,0,0,0,4,3,2,0.7025,0.9138,0.1983,0.875263389,1,Declined,0.6667,0.5
120040,Cornerstone Risk Advisors,Commercial Auto,PA,19103,5/1/2025,5/31/2025,0.3821,45639.69,0.0,5578.94,1470.8,0,0,1,0,0,3,2,1,0.688,0.9038,0.1756,0.875263389,1,,0.5,0.3333
120040,Cornerstone Risk Advisors,Commercial Auto,PA,19103,6/1/2025,6/30/2025,0.3594,52322.59,0.0,6583.44,2023.39,1,0,1,0,0,3,2,1,0.6697,0.8907,0.2151,0.875263389,1,,0.5,0.3333
120040,Cornerstone Risk Advisors,Commercial Auto,PA,19103,7/1/2025,7/31/2025,0.3894,58726.04,0.0,7752.49,727.66,1,0,0,1,0,3,2,1,0.5707,0.8974,0.2035,0.875263389,1,,0.5,0.3333
120040,Cornerstone Risk Advisors,Commercial Auto,PA,19103,8/1/2025,8/31/2025,0.4055,41537.42,0.0,4854.65,641.68,1,0,0,0,0,3,2,1,0.6445,0.8826,0.2459,0.875263389,1,Withdrawn,0.5,0.3333
120040,Cornerstone Risk Advisors,Commercial Auto,PA,19103,9/1/2025,9/30/2025,0.333,36847.39,0.0,3999.56,3348.24,1,1,1,0,0,4,3,2,0.6717,0.9357,0.2447,0.875263389,1,,0.6667,0.5
120041,Coastal Insurance Co.,Business Owners Policy,PA,15222,1/1/2026,1/31/2026,0.7222,6427.65,2318.67,643.23,2027.84,0,0,1,0,0,3,2,1,0.3935,0.7063,0.33,0.91140114,1,Withdrawn,0.5,0.3333
120041,Coastal Insurance Co.,Business Owners Policy,PA,15222,10/1/2025,10/31/2025,0.7225,21147.29,1009.3,2053.32,2172.08,1,1,2,1,0,4,3,2,0.4885,0.6998,0.3506,0.91140114,1,Declined,0.6667,0.5
120041,Coastal Insurance Co.,Business Owners Policy,PA,15222,11/1/2025,11/30/2025,0.7142,17875.78,880.57,1597.97,2136.65,3,1,2,0,0,3,2,1,0.5109,0.6807,0.389,0.91140114,1,,0.5,0.3333
120041,Coastal Insurance Co.,Business Owners Policy,PA,15222,12/1/2025,12/31/2025,0.7387,19823.07,900.51,1910.37,1120.31,0,0,1,1,0,3,2,1,0.4084,0.7602,0.3446,0.91140114,1,,0.5,0.3333
120041,Coastal Insurance Co.,Business Owners Policy,PA,15222,2/1/2026,2/28/2026,0.687,4244.49,1599.6,433.75,1314.77,2,0,2,0,0,3,2,1,0.4809,0.7077,0.3493,0.91140114,1,Withdrawn,0.5,0.3333
120041,Coastal Insurance Co.,Business Owners Policy,PA,15222,3/1/2026,3/31/2026,0.7101,10539.24,2483.05,1005.17,229.54,1,1,1,0,0,5,4,3,0.4954,0.7066,0.3332,0.91140114,1,,0.75,0.6
120041,Coastal Insurance Co.,Business Owners Policy,PA,15222,4/1/2025,4/30/2025,0.7729,10465.54,866.34,1200.5,1129.55,0,2,1,0,0,4,3,2,0.449,0.7048,0.3575,0.91140114,1,,0.6667,0.5
120041,Coastal Insurance Co.,Business Owners Policy,PA,15222,5/1/2025,5/31/2025,0.7599,19438.7,1492.91,1722.49,1865.62,2,0,0,0,0,3,2,1,0.4841,0.6965,0.3422,0.91140114,1,Declined,0.5,0.3333
120041,Coastal Insurance Co.,Business Owners Policy,PA,15222,6/1/2025,6/30/2025,0.6095,8191.08,2456.12,738.25,214.39,3,1,0,1,0,3,2,1,0.3265,0.728,0.3572,0.91140114,1,,0.5,0.3333
120041,Coastal Insurance Co.,Business Owners Policy,PA,15222,7/1/2025,7/31/2025,0.6802,12876.27,511.78,1100.89,1812.57,1,1,1,0,0,3,2,1,0.378,0.691,0.3849,0.91140114,1,,0.5,0.3333
120041,Coastal Insurance Co.,Business Owners Policy,PA,15222,8/1/2025,8/31/2025,0.7734,16456.04,842.74,1856.14,6016.36,1,0,2,0,0,3,2,1,0.3894,0.6907,0.3897,0.91140114,1,Withdrawn,0.5,0.3333
120041,Coastal Insurance Co.,Business Owners Policy,PA,15222,9/1/2025,9/30/2025,0.6749,11400.12,346.31,1103.38,461.32,0,0,1,0,0,7,6,1,0.4242,0.7058,0.3222,0.91140114,1,Withdrawn,0.1667,0.1429
120042,Patriot Agency Group,Workers Comp,PA,17101,1/1/2026,1/31/2026,0.3844,24225.58,1049.24,3320.28,402.21,1,0,1,0,0,5,4,3,0.6781,0.9082,0.1977,0.875871614,1,,0.75,0.6
120042,Patriot Agency Group,Workers Comp,PA,17101,10/1/2025,10/31/2025,0.4697,56213.13,462.71,7563.63,623.34,0,0,1,0,0,3,2,1,0.629,0.9168,0.158,0.875871614,1,Withdrawn,0.5,0.3333
120042,Patriot Agency Group,Workers Comp,PA,17101,11/1/2025,11/30/2025,0.4308,50187.16,1005.49,5524.37,1365.5,1,1,1,0,0,3,2,1,0.6499,0.908,0.15,0.875871614,1,Declined,0.5,0.3333
120042,Patriot Agency Group,Workers Comp,PA,17101,12/1/2025,12/31/2025,0.4082,37679.72,3223.4,5024.39,784.98,1,1,1,0,0,3,2,1,0.5807,0.899,0.2291,0.875871614,1,Withdrawn,0.5,0.3333
120042,Patriot Agency Group,Workers Comp,PA,17101,2/1/2026,2/28/2026,0.25,30150.88,4109.81,3696.25,1576.24,0,0,0,0,0,3,2,1,0.5984,0.8892,0.1988,0.875871614,1,,0.5,0.3333
120042,Patriot Agency Group,Workers Comp,PA,17101,3/1/2026,3/31/2026,0.3866,42963.98,3150.05,4797.11,1852.62,0,1,1,1,0,5,4,1,0.6714,0.9243,0.2283,0.875871614,1,Withdrawn,0.25,0.2
120042,Patriot Agency Group,Workers Comp,PA,17101,4/1/2025,4/30/2025,0.3107,43840.52,1393.16,5572.04,773.99,1,1,0,0,0,3,2,1,0.6879,0.9022,0.1574,0.875871614,1,,0.5,0.3333
120042,Patriot Agency Group,Workers Comp,PA,17101,5/1/2025,5/31/2025,0.355,41092.95,1922.3,5516.52,964.88,1,0,1,1,0,3,2,1,0.7062,0.8872,0.2258,0.875871614,1,Withdrawn,0.5,0.3333
120042,Patriot Agency Group,Workers Comp,PA,17101,6/1/2025,6/30/2025,0.3199,56703.75,644.78,7157.79,635.68,0,1,1,0,0,3,2,1,0.6549,0.8807,0.1874,0.875871614,1,,0.5,0.3333
120042,Patriot Agency Group,Workers Comp,PA,17101,7/1/2025,7/31/2025,0.4109,36649.66,3165.2,4213.87,577.97,2,1,1,0,0,10,6,1,0.7041,0.9336,0.1987,0.875871614,4,,0.1667,0.1
120042,Patriot Agency Group,Workers Comp,PA,17101,8/1/2025,8/31/2025,0.3082,40083.76,267.73,4763.41,572.71,1,0,2,0,0,3,2,1,0.7715,0.9279,0.2368,0.875871614,1,Declined,0.5,0.3333
120042,Patriot Agency Group,Workers Comp,PA,17101,9/1/2025,9/30/2025,0.4227,35586.11,290.86,4352.62,1397.01,2,0,0,0,0,6,4,2,0.5882,0.9453,0.1706,0.875871614,2,Declined,0.5,0.3333
120043,Liberty Insurance Agency,Commercial Auto,PA,18501,1/1/2026,1/31/2026,0.9039,3333.43,0.0,289.04,842.88,0,0,2,0,0,4,3,2,0.197,0.4311,0.5419,0.957049906,1,,0.6667,0.5
120043,Liberty Insurance Agency,Commercial Auto,PA,18501,10/1/2025,10/31/2025,1.0195,2405.81,0.0,169.53,2029.82,1,0,2,0,0,3,2,1,0.2035,0.3765,0.5532,0.957049906,1,,0.5,0.3333
120043,Liberty Insurance Agency,Commercial Auto,PA,18501,11/1/2025,11/30/2025,0.993,5500.84,0.0,464.16,2037.1,2,0,1,0,0,4,3,2,0.1329,0.491,0.5426,0.957049906,1,,0.6667,0.5
120043,Liberty Insurance Agency,Commercial Auto,PA,18501,12/1/2025,12/31/2025,1.0366,1851.21,0.0,135.94,1207.18,1,0,0,0,0,3,2,1,0.2167,0.5297,0.434,0.957049906,1,,0.5,0.3333
120043,Liberty Insurance Agency,Commercial Auto,PA,18501,2/1/2026,2/28/2026,0.8565,3425.63,0.0,302.78,6209.73,0,2,0,0,0,3,2,1,0.2078,0.5022,0.5579,0.957049906,1,Withdrawn,0.5,0.3333
120043,Liberty Insurance Agency,Commercial Auto,PA,18501,3/1/2026,3/31/2026,0.8608,3800.23,0.0,300.86,7581.46,2,0,1,1,0,7,6,1,0.1716,0.2931,0.5057,0.957049906,1,Withdrawn,0.1667,0.1429
120043,Liberty Insurance Agency,Commercial Auto,PA,18501,4/1/2025,4/30/2025,0.855,4511.17,0.0,411.27,2468.32,2,0,1,1,0,3,2,1,0.1876,0.3432,0.6156,0.957049906,1,Declined,0.5,0.3333
120043,Liberty Insurance Agency,Commercial Auto,PA,18501,5/1/2025,5/31/2025,0.8422,3000.75,0.0,210.52,2993.99,0,1,1,0,0,3,2,1,0.1491,0.5371,0.6011,0.957049906,1,,0.5,0.3333
120043,Liberty Insurance Agency,Commercial Auto,PA,18501,6/1/2025,6/30/2025,0.8132,3661.96,0.0,274.8,2134.66,1,1,0,1,0,4,3,2,0.2109,0.4096,0.5729,0.957049906,1,Declined,0.6667,0.5
120043,Liberty Insurance Agency,Commercial Auto,PA,18501,7/1/2025,7/31/2025,0.8787,3228.65,0.0,271.96,2007.94,1,0,1,0,0,3,2,1,0.1845,0.4347,0.6151,0.957049906,1,Withdrawn,0.5,0.3333
120043,Liberty Insurance Agency,Commercial Auto,PA,18501,8/1/2025,8/31/2025,0.9557,4780.1,0.0,393.13,1550.07,0,2,1,0,0,3,2,1,0.1515,0.3671,0.5274,0.957049906,1,,0.5,0.3333
120043,Liberty Insurance Agency,Commercial Auto,PA,18501,9/1/2025,9/30/2025,1.0305,4063.08,0.0,289.41,5373.08,1,1,1,0,0,3,2,1,0.1012,0.3453,0.5783,0.957049906,1,,0.5,0.3333
120044,Benchmark Brokerage,Business Owners Policy,NY,10001,1/1/2026,1/31/2026,0.5639,35051.26,3921.75,3414.04,1807.93,2,3,3,0,0,4,3,2,0.5064,0.8135,0.2994,0.966061886,1,Declined,0.6667,0.5
120044,Benchmark Brokerage,Business Owners Policy,NY,10001,10/1/2025,10/31/2025,0.5933,25596.36,6900.65,3112.21,1228.7,1,2,0,0,0,3,2,1,0.5512,0.7973,0.2411,0.966061886,1,,0.5,0.3333
120044,Benchmark Brokerage,Business Owners Policy,NY,10001,11/1/2025,11/30/2025,0.5548,10780.93,6762.72,1224.02,1477.31,2,0,1,0,0,3,2,1,0.5515,0.7941,0.2966,0.966061886,1,Withdrawn,0.5,0.3333
120044,Benchmark Brokerage,Business Owners Policy,NY,10001,12/1/2025,12/31/2025,0.6026,23047.42,5325.08,2228.44,4103.74,0,0,1,0,0,4,2,1,0.5359,0.8021,0.2383,0.966061886,2,Declined,0.5,0.25
120044,Benchmark Brokerage,Business Owners Policy,NY,10001,2/1/2026,2/28/2026,0.6351,18343.83,8349.85,1958.92,957.68,0,1,2,0,0,6,5,1,0.5669,0.8583,0.2054,0.966061886,1,Withdrawn,0.2,0.1667
120044,Benchmark Brokerage,Business Owners Policy,NY,10001,3/1/2026,3/31/2026,0.4855,24807.21,4198.15,2837.18,516.54,2,0,0,0,0,6,5,4,0.5104,0.8543,0.3162,0.966061886,1,Declined,0.8,0.6667
120044,Benchmark Brokerage,Business Owners Policy,NY,10001,4/1/2025,4/30/2025,0.563,32256.05,5710.19,3548.12,1159.65,2,3,0,0,0,3,2,1,0.6031,0.853,0.2492,0.966061886,1,Declined,0.5,0.3333
120044,Benchmark Brokerage,Business Owners Policy,NY,10001,5/1/2025,5/31/2025,0.5717,14095.11,4240.28,1604.93,2334.12,1,1,2,1,0,7,6,4,0.527,0.8632,0.3024,0.966061886,1,,0.6667,0.5714
120044,Benchmark Brokerage,Business Owners Policy,NY,10001,6/1/2025,6/30/2025,0.5283,36974.86,15684.69,3562.12,506.1,1,0,1,0,0,8,7,6,0.5009,0.8184,0.2925,0.966061886,1,Withdrawn,0.8571,0.75
120044,Benchmark Brokerage,Business Owners Policy,NY,10001,7/1/2025,7/31/2025,0.6892,17836.73,11940.07,2150.44,671.18,1,1,2,0,0,3,2,1,0.5829,0.8884,0.3154,0.966061886,1,,0.5,0.3333
120044,Benchmark Brokerage,Business Owners Policy,NY,10001,8/1/2025,8/31/2025,0.5499,35310.17,10827.99,4347.81,6395.65,1,0,1,0,0,3,2,1,0.5917,0.7872,0.2623,0.966061886,1,,0.5,0.3333
120044,Benchmark Brokerage,Business Owners Policy,NY,10001,9/1/2025,9/30/2025,0.4573,38929.24,6732.1,4463.31,1550.64,1,0,1,0,0,3,2,1,0.5099,0.8586,0.2904,0.966061886,1,Withdrawn,0.5,0.3333
120045,Summit Risk Solutions,Workers Comp,NY,11201,1/1/2026,1/31/2026,0.6044,17530.39,2342.67,1501.09,443.85,1,1,1,1,0,5,4,3,0.5098,0.7301,0.3355,0.864737632,1,Withdrawn,0.75,0.6
120045,Summit Risk Solutions,Workers Comp,NY,11201,10/1/2025,10/31/2025,0.683,19052.07,2554.5,1808.81,587.25,0,0,1,0,0,3,2,1,0.4583,0.7038,0.3288,0.864737632,1,,0.5,0.3333
120045,Summit Risk Solutions,Workers Comp,NY,11201,11/1/2025,11/30/2025,0.6325,17394.66,1339.46,1609.46,976.61,0,1,1,0,0,3,2,1,0.4995,0.6986,0.3889,0.864737632,1,,0.5,0.3333
120045,Summit Risk Solutions,Workers Comp,NY,11201,12/1/2025,12/31/2025,0.6904,15691.26,5922.7,1362.96,1726.71,1,0,0,1,0,3,2,1,0.4156,0.6708,0.3465,0.864737632,1,Withdrawn,0.5,0.3333
120045,Summit Risk Solutions,Workers Comp,NY,11201,2/1/2026,2/28/2026,0.7055,8233.34,2469.24,728.27,360.01,0,0,0,0,0,6,2,1,0.371,0.7283,0.2761,0.864737632,4,Withdrawn,0.5,0.1667
120045,Summit Risk Solutions,Workers Comp,NY,11201,3/1/2026,3/31/2026,0.5819,8411.11,4507.66,826.48,738.7,0,0,0,0,0,3,2,1,0.4992,0.7484,0.3336,0.864737632,1,,0.5,0.3333
120045,Summit Risk Solutions,Workers Comp,NY,11201,4/1/2025,4/30/2025,0.6632,13612.78,2847.14,1402.85,2014.49,0,0,1,0,0,3,2,1,0.4266,0.726,0.3453,0.864737632,1,Withdrawn,0.5,0.3333
120045,Summit Risk Solutions,Workers Comp,NY,11201,5/1/2025,5/31/2025,0.6163,12192.06,3222.55,1179.61,710.13,1,1,1,1,0,3,2,1,0.3783,0.7696,0.2861,0.864737632,1,,0.5,0.3333
120045,Summit Risk Solutions,Workers Comp,NY,11201,6/1/2025,6/30/2025,0.7354,15062.87,2034.08,1436.46,2083.99,0,0,1,0,0,3,2,1,0.4795,0.7966,0.3182,0.864737632,1,,0.5,0.3333
120045,Summit Risk Solutions,Workers Comp,NY,11201,7/1/2025,7/31/2025,0.7719,10041.45,2026.23,1127.06,1616.41,2,0,0,0,0,6,5,2,0.4262,0.7656,0.3455,0.864737632,1,,0.4,0.3333
120045,Summit Risk Solutions,Workers Comp,NY,11201,8/1/2025,8/31/2025,0.5896,23862.71,3654.32,2086.04,767.08,0,0,0,0,0,3,2,1,0.4162,0.707,0.3159,0.864737632,1,Withdrawn,0.5,0.3333
120045,Summit Risk Solutions,Workers Comp,NY,11201,9/1/2025,9/30/2025,0.603,9843.65,3656.34,1022.78,1282.63,1,0,0,0,0,3,2,1,0.4177,0.7227,0.3761,0.864737632,1,,0.5,0.3333
120046,Coastal Insurance Agency,Commercial Auto,NY,10301,1/1/2026,1/31/2026,0.5795,31487.8,1703.07,3547.46,783.37,0,0,1,0,0,3,2,1,0.5451,0.8259,0.2971,0.820441119,1,,0.5,0.3333
120046,Coastal Insurance Agency,Commercial Auto,NY,10301,10/1/2025,10/31/2025,0.3981,27332.96,1339.45,3413.0,306.69,1,0,1,0,0,4,3,2,0.619,0.8342,0.2856,0.820441119,1,,0.6667,0.5
120046,Coastal Insurance Agency,Commercial Auto,NY,10301,11/1/2025,11/30/2025,0.5095,23599.08,818.08,2673.36,505.95,1,0,0,0,0,3,2,1,0.5084,0.8797,0.2679,0.820441119,1,Withdrawn,0.5,0.3333
120046,Coastal Insurance Agency,Commercial Auto,NY,10301,12/1/2025,12/31/2025,0.5412,16404.64,2836.67,1560.02,221.76,0,0,0,1,0,3,2,1,0.5353,0.8442,0.273,0.820441119,1,,0.5,0.3333
120046,Coastal Insurance Agency,Commercial Auto,NY,10301,2/1/2026,2/28/2026,0.5756,30020.55,2546.59,3625.15,58.99,0,0,2,1,0,4,3,2,0.6032,0.7667,0.2925,0.820441119,1,Withdrawn,0.6667,0.5
120046,Coastal Insurance Agency,Commercial Auto,NY,10301,3/1/2026,3/31/2026,0.6331,41973.91,2543.32,5251.45,627.15,0,1,0,0,0,5,3,1,0.4739,0.8372,0.3172,0.820441119,2,Declined,0.3333,0.2
120046,Coastal Insurance Agency,Commercial Auto,NY,10301,4/1/2025,4/30/2025,0.6863,17693.54,4054.31,1689.14,1217.24,0,0,1,0,0,4,3,1,0.4862,0.8372,0.3067,0.820441119,1,,0.3333,0.25
120046,Coastal Insurance Agency,Commercial Auto,NY,10301,5/1/2025,5/31/2025,0.5676,29058.18,1419.42,3356.08,242.49,1,1,0,0,0,3,2,1,0.4728,0.8366,0.322,0.820441119,1,,0.5,0.3333
120046,Coastal Insurance Agency,Commercial Auto,NY,10301,6/1/2025,6/30/2025,0.5433,24178.84,3529.41,2301.53,1892.02,0,0,0,0,0,3,2,1,0.5293,0.8084,0.2559,0.820441119,1,Declined,0.5,0.3333
120046,Coastal Insurance Agency,Commercial Auto,NY,10301,7/1/2025,7/31/2025,0.4747,25290.47,1205.11,3065.0,638.23,1,0,0,0,0,3,2,1,0.4312,0.745,0.2886,0.820441119,1,Declined,0.5,0.3333
120046,Coastal Insurance Agency,Commercial Auto,NY,10301,8/1/2025,8/31/2025,0.5511,29253.55,1809.78,3661.76,675.3,1,0,0,0,0,3,2,1,0.6449,0.8709,0.2449,0.820441119,1,Withdrawn,0.5,0.3333
120046,Coastal Insurance Agency,Commercial Auto,NY,10301,9/1/2025,9/30/2025,0.6114,34567.74,1076.67,3320.13,593.81,0,0,0,0,0,4,2,1,0.5256,0.8379,0.3431,0.820441119,2,Withdrawn,0.5,0.25
120047,Crossroads Brokerage,Business Owners Policy,NY,14201,1/1/2026,1/31/2026,0.6936,10414.92,131.39,1194.44,2494.82,1,1,0,0,1,4,3,2,0.367,0.7121,0.3376,0.95621436,1,Withdrawn,0.6667,0.5
120047,Crossroads Brokerage,Business Owners Policy,NY,14201,10/1/2025,10/31/2025,0.6101,8938.63,512.94,908.54,3412.17,1,1,2,0,0,3,2,1,0.4033,0.7152,0.3496,0.95621436,1,Withdrawn,0.5,0.3333
120047,Crossroads Brokerage,Business Owners Policy,NY,14201,11/1/2025,11/30/2025,0.7808,12193.45,428.62,1159.12,3215.45,2,1,0,0,0,5,4,2,0.2898,0.6979,0.3816,0.95621436,1,,0.5,0.4
120047,Crossroads Brokerage,Business Owners Policy,NY,14201,12/1/2025,12/31/2025,0.6955,19671.47,57.64,1904.09,610.47,0,0,1,1,0,3,2,1,0.3742,0.7303,0.3433,0.95621436,1,,0.5,0.3333
120047,Crossroads Brokerage,Business Owners Policy,NY,14201,2/1/2026,2/28/2026,0.6771,16557.5,73.01,1643.38,2455.95,4,1,1,0,0,4,3,2,0.3932,0.7298,0.3336,0.95621436,1,,0.6667,0.5
120047,Crossroads Brokerage,Business Owners Policy,NY,14201,3/1/2026,3/31/2026,0.8355,12258.53,1090.02,1347.44,688.6,2,0,0,0,0,3,2,1,0.4451,0.6575,0.3131,0.95621436,1,Withdrawn,0.5,0.3333
120047,Crossroads Brokerage,Business Owners Policy,NY,14201,4/1/2025,4/30/2025,0.6649,16501.2,719.17,1568.04,2265.36,1,0,1,0,0,3,2,1,0.4169,0.7229,0.2988,0.95621436,1,Withdrawn,0.5,0.3333
120047,Crossroads Brokerage,Business Owners Policy,NY,14201,5/1/2025,5/31/2025,0.6626,15414.73,501.45,1682.13,2887.73,0,0,4,0,0,3,2,1,0.4801,0.774,0.3234,0.95621436,1,,0.5,0.3333
120047,Crossroads Brokerage,Business Owners Policy,NY,14201,6/1/2025,6/30/2025,0.6443,16513.72,373.27,1897.36,2209.43,0,0,1,0,0,5,4,3,0.3092,0.7612,0.3527,0.95621436,1,Withdrawn,0.75,0.6
120047,Crossroads Brokerage,Business Owners Policy,NY,14201,7/1/2025,7/31/2025,0.5255,12581.58,282.28,1129.35,2424.57,1,0,1,1,0,3,2,1,0.3699,0.6769,0.352,0.95621436,1,Declined,0.5,0.3333
120047,Crossroads Brokerage,Business Owners Policy,NY,14201,8/1/2025,8/31/2025,0.6593,4841.59,150.15,497.78,1440.67,0,0,0,1,0,3,2,1,0.5234,0.7021,0.3048,0.95621436,1,,0.5,0.3333
120047,Crossroads Brokerage,Business Owners Policy,NY,14201,9/1/2025,9/30/2025,0.6264,7208.94,374.59,736.09,2980.64,0,1,1,1,0,4,3,1,0.5485,0.7205,0.3046,0.95621436,1,,0.3333,0.25
120048,Pinnacle Risk Solutions,Workers Comp,NJ,7030,1/1/2026,1/31/2026,0.7475,15654.26,1156.9,1453.26,1111.17,0,1,0,0,0,3,2,1,0.412,0.708,0.3156,0.953441797,1,,0.5,0.3333
120048,Pinnacle Risk Solutions,Workers Comp,NJ,7030,10/1/2025,10/31/2025,0.8016,18140.33,1655.87,1873.95,802.79,1,2,1,0,0,6,5,4,0.4528,0.7811,0.3584,0.953441797,1,,0.8,0.6667
120048,Pinnacle Risk Solutions,Workers Comp,NJ,7030,11/1/2025,11/30/2025,0.6222,15733.55,219.46,1473.38,1809.24,1,0,0,0,0,8,5,1,0.3416,0.6887,0.3389,0.953441797,3,Declined,0.2,0.125
120048,Pinnacle Risk Solutions,Workers Comp,NJ,7030,12/1/2025,12/31/2025,0.8758,9458.97,413.88,810.81,3450.4,2,0,2,0,0,3,2,1,0.4697,0.7009,0.3399,0.953441797,1,Declined,0.5,0.3333
120048,Pinnacle Risk Solutions,Workers Comp,NJ,7030,2/1/2026,2/28/2026,0.7448,15163.93,495.2,1539.38,1257.92,1,1,2,0,0,3,2,1,0.355,0.7055,0.3437,0.953441797,1,,0.5,0.3333
120048,Pinnacle Risk Solutions,Workers Comp,NJ,7030,3/1/2026,3/31/2026,0.647,14249.01,785.65,1220.81,2856.33,0,1,2,0,0,3,2,1,0.4181,0.6096,0.3574,0.953441797,1,,0.5,0.3333
120048,Pinnacle Risk Solutions,Workers Comp,NJ,7030,4/1/2025,4/30/2025,0.716,12512.59,1934.26,1345.05,2564.48,2,1,3,1,0,3,2,1,0.4652,0.719,0.3722,0.953441797,1,,0.5,0.3333
120048,Pinnacle Risk Solutions,Workers Comp,NJ,7030,5/1/2025,5/31/2025,0.7918,10049.94,1835.13,914.14,3406.36,1,0,0,0,0,5,4,1,0.3914,0.7431,0.3443,0.953441797,1,Withdrawn,0.25,0.2
120048,Pinnacle Risk Solutions,Workers Comp,NJ,7030,6/1/2025,6/30/2025,0.6429,23601.84,1778.85,2063.92,4247.92,0,0,1,0,0,3,2,1,0.4866,0.795,0.308,0.953441797,1,Withdrawn,0.5,0.3333
120048,Pinnacle Risk Solutions,Workers Comp,NJ,7030,7/1/2025,7/31/2025,0.6144,6184.55,487.34,676.32,1206.27,1,1,0,1,0,3,2,1,0.384,0.7138,0.2953,0.953441797,1,Declined,0.5,0.3333
120048,Pinnacle Risk Solutions,Workers Comp,NJ,7030,8/1/2025,8/31/2025,0.7748,20296.17,713.21,2292.5,5221.28,2,1,1,0,0,5,4,3,0.346,0.8021,0.3581,0.953441797,1,,0.75,0.6
120048,Pinnacle Risk Solutions,Workers Comp,NJ,7030,9/1/2025,9/30/2025,0.7803,16254.46,784.02,1489.23,323.03,1,0,0,0,0,4,3,1,0.4062,0.6954,0.3595,0.953441797,1,Withdrawn,0.3333,0.25
120049,Clearwater Risk Solutions,Commercial Auto,NJ,7102,1/1/2026,1/31/2026,0.673,21761.18,0.0,2329.59,905.49,0,0,0,0,0,4,3,2,0.5105,0.8435,0.28,0.906987595,1,,0.6667,0.5
120049,Clearwater Risk Solutions,Commercial Auto,NJ,7102,10/1/2025,10/31/2025,0.6149,22395.71,0.0,2660.01,1105.02,1,1,0,0,0,4,3,1,0.6002,0.8256,0.2968,0.906987595,1,,0.3333,0.25
120049,Clearwater Risk Solutions,Commercial Auto,NJ,7102,11/1/2025,11/30/2025,0.4909,17017.12,0.0,1874.39,394.42,1,1,0,1,0,6,4,3,0.5947,0.8558,0.2715,0.906987595,2,,0.75,0.5
120049,Clearwater Risk Solutions,Commercial Auto,NJ,7102,12/1/2025,12/31/2025,0.5711,34112.84,0.0,3450.97,1413.03,1,0,1,0,0,6,5,4,0.6145,0.7666,0.2594,0.906987595,1,Withdrawn,0.8,0.6667
120049,Clearwater Risk Solutions,Commercial Auto,NJ,7102,2/1/2026,2/28/2026,0.4574,26112.24,0.0,3088.87,400.22,0,1,0,0,0,4,3,1,0.5183,0.8379,0.261,0.906987595,1,,0.3333,0.25
120049,Clearwater Risk Solutions,Commercial Auto,NJ,7102,3/1/2026,3/31/2026,0.5947,22170.58,0.0,2152.71,1081.2,0,1,1,0,0,3,2,1,0.5488,0.7853,0.2348,0.906987595,1,Withdrawn,0.5,0.3333
120049,Clearwater Risk Solutions,Commercial Auto,NJ,7102,4/1/2025,4/30/2025,0.5013,34262.99,0.0,4172.84,2234.2,0,0,1,0,0,3,2,1,0.5606,0.8278,0.2466,0.906987595,1,Withdrawn,0.5,0.3333
120049,Clearwater Risk Solutions,Commercial Auto,NJ,7102,5/1/2025,5/31/2025,0.5241,29134.13,0.0,3380.25,2321.63,1,0,1,0,0,3,2,1,0.5666,0.8327,0.2631,0.906987595,1,,0.5,0.3333
120049,Clearwater Risk Solutions,Commercial Auto,NJ,7102,6/1/2025,6/30/2025,0.5504,25119.69,0.0,3013.84,4461.44,0,0,1,0,0,3,2,1,0.6606,0.8248,0.2174,0.906987595,1,Withdrawn,0.5,0.3333
120049,Clearwater Risk Solutions,Commercial Auto,NJ,7102,7/1/2025,7/31/2025,0.5063,34203.39,0.0,4114.47,1297.53,0,0,0,0,0,3,2,1,0.6102,0.8302,0.2761,0.906987595,1,,0.5,0.3333
120049,Clearwater Risk Solutions,Commercial Auto,NJ,7102,8/1/2025,8/31/2025,0.5415,18855.85,0.0,2306.27,1427.68,0,0,0,0,0,3,2,1,0.5936,0.8509,0.2902,0.906987595,1,Withdrawn,0.5,0.3333
120049,Clearwater Risk Solutions,Commercial Auto,NJ,7102,9/1/2025,9/30/2025,0.5992,36399.95,0.0,3605.53,4123.25,1,0,0,0,0,4,2,1,0.5325,0.8742,0.2739,0.906987595,2,,0.5,0.25
120050,Vantage Risk Consultants,Business Owners Policy,NJ,8401,1/1/2026,1/31/2026,0.9425,6727.78,0.0,531.91,832.02,0,0,2,0,0,5,4,2,0.146,0.4562,0.5815,0.929546651,1,Declined,0.5,0.4
120050,Vantage Risk Consultants,Business Owners Policy,NJ,8401,10/1/2025,10/31/2025,0.9485,3472.06,0.0,306.0,3485.12,1,1,0,0,0,3,2,1,0.1563,0.4427,0.5389,0.929546651,1,,0.5,0.3333
120050,Vantage Risk Consultants,Business Owners Policy,NJ,8401,11/1/2025,11/30/2025,1.0153,2142.38,0.0,166.65,569.98,2,0,3,0,0,5,2,1,0.1674,0.4723,0.5729,0.929546651,3,,0.5,0.2
120050,Vantage Risk Consultants,Business Owners Policy,NJ,8401,12/1/2025,12/31/2025,0.9533,4189.93,0.0,309.93,1200.93,1,0,2,1,0,10,7,6,0.1246,0.4312,0.5236,0.929546651,3,,0.8571,0.6
120050,Vantage Risk Consultants,Business Owners Policy,NJ,8401,2/1/2026,2/28/2026,0.9202,3636.1,0.0,279.47,3557.0,1,1,0,0,0,3,2,1,0.2341,0.3885,0.5354,0.929546651,1,,0.5,0.3333
120050,Vantage Risk Consultants,Business Owners Policy,NJ,8401,3/1/2026,3/31/2026,0.9328,4413.82,0.0,393.35,309.76,2,0,1,0,0,4,3,2,0.0711,0.3448,0.4516,0.929546651,1,Withdrawn,0.6667,0.5
120050,Vantage Risk Consultants,Business Owners Policy,NJ,8401,4/1/2025,4/30/2025,1.157,4493.37,0.0,350.32,3890.68,0,1,0,0,0,3,2,1,0.1757,0.4091,0.6354,0.929546651,1,Withdrawn,0.5,0.3333
120050,Vantage Risk Consultants,Business Owners Policy,NJ,8401,5/1/2025,5/31/2025,1.0492,2272.81,0.0,189.94,390.52,1,0,1,0,0,3,2,1,0.2004,0.3971,0.59,0.929546651,1,Withdrawn,0.5,0.3333
120050,Vantage Risk Consultants,Business Owners Policy,NJ,8401,6/1/2025,6/30/2025,0.846,500.0,0.0,50.0,980.75,1,1,0,0,0,3,2,1,0.1469,0.4715,0.4042,0.929546651,1,,0.5,0.3333
120050,Vantage Risk Consultants,Business Owners Policy,NJ,8401,7/1/2025,7/31/2025,0.9402,3929.71,0.0,272.38,662.78,2,1,1,1,0,3,2,1,0.1709,0.4213,0.5199,0.929546651,1,,0.5,0.3333
120050,Vantage Risk Consultants,Business Owners Policy,NJ,8401,8/1/2025,8/31/2025,0.9041,3482.52,0.0,272.8,1275.55,0,1,2,1,0,5,4,3,0.2009,0.3771,0.4526,0.929546651,1,Declined,0.75,0.6
120050,Vantage Risk Consultants,Business Owners Policy,NJ,8401,9/1/2025,9/30/2025,0.9418,765.54,0.0,63.47,6395.97,1,1,0,1,0,3,2,1,0.1307,0.3575,0.5217,0.929546651,1,,0.5,0.3333
120051,Eagle & Associates,Workers Comp,NJ,7601,1/1/2026,1/31/2026,0.7848,4923.25,0.0,466.43,237.38,1,0,0,1,0,3,2,1,0.2821,0.6326,0.4332,0.843742935,1,Withdrawn,0.5,0.3333
120051,Eagle & Associates,Workers Comp,NJ,7601,10/1/2025,10/31/2025,0.7019,11512.64,0.0,1188.09,239.98,0,1,0,0,0,3,2,1,0.2915,0.5714,0.4655,0.843742935,1,,0.5,0.3333
120051,Eagle & Associates,Workers Comp,NJ,7601,11/1/2025,11/30/2025,0.8393,7677.28,0.0,765.07,845.77,0,0,1,0,0,3,2,1,0.3329,0.5293,0.4196,0.843742935,1,Declined,0.5,0.3333
120051,Eagle & Associates,Workers Comp,NJ,7601,12/1/2025,12/31/2025,0.8211,5448.59,0.0,537.28,547.28,0,0,0,0,0,3,2,1,0.2432,0.5419,0.4315,0.843742935,1,Withdrawn,0.5,0.3333
120051,Eagle & Associates,Workers Comp,NJ,7601,2/1/2026,2/28/2026,0.8801,1686.79,0.0,148.05,603.49,1,0,1,0,0,4,3,2,0.2696,0.5309,0.4001,0.843742935,1,Declined,0.6667,0.5
120051,Eagle & Associates,Workers Comp,NJ,7601,3/1/2026,3/31/2026,0.8483,9748.03,0.0,832.62,274.43,0,0,0,0,0,3,2,1,0.2994,0.5549,0.4568,0.843742935,1,Withdrawn,0.5,0.3333
120051,Eagle & Associates,Workers Comp,NJ,7601,4/1/2025,4/30/2025,0.811,8393.11,0.0,669.83,2097.82,1,0,1,0,0,7,5,4,0.2531,0.5179,0.4069,0.843742935,2,Declined,0.8,0.5714
120051,Eagle & Associates,Workers Comp,NJ,7601,5/1/2025,5/31/2025,0.787,5596.53,0.0,510.43,564.2,2,1,0,0,0,4,3,2,0.3194,0.586,0.3844,0.843742935,1,,0.6667,0.5
120051,Eagle & Associates,Workers Comp,NJ,7601,6/1/2025,6/30/2025,0.8552,7023.64,0.0,683.22,977.76,1,1,1,0,0,3,2,1,0.2904,0.5829,0.4035,0.843742935,1,,0.5,0.3333
120051,Eagle & Associates,Workers Comp,NJ,7601,7/1/2025,7/31/2025,0.8005,2611.7,0.0,227.53,1573.56,0,1,0,1,0,3,2,1,0.2659,0.5255,0.3944,0.843742935,1,,0.5,0.3333
120051,Eagle & Associates,Workers Comp,NJ,7601,8/1/2025,8/31/2025,0.747,7104.14,0.0,696.23,616.48,0,0,1,0,0,6,5,3,0.3205,0.5254,0.4264,0.843742935,1,,0.6,0.5
120051,Eagle & Associates,Workers Comp,NJ,7601,9/1/2025,9/30/2025,0.7019,3413.13,0.0,269.16,1989.32,0,0,1,0,0,3,2,1,0.3065,0.635,0.4516,0.843742935,1,,0.5,0.3333
120052,Coastal Agency Group,Commercial Auto,PA,19103,1/1/2026,1/31/2026,0.8415,2403.48,3154.72,218.11,907.27,1,0,0,0,0,3,2,1,0.1751,0.397,0.4303,0.89542216,1,,0.5,0.3333
120052,Coastal Agency Group,Commercial Auto,PA,19103,10/1/2025,10/31/2025,0.8471,2151.73,6585.75,164.01,866.03,1,0,0,0,0,4,2,1,0.2326,0.387,0.5402,0.89542216,2,Withdrawn,0.5,0.25
120052,Coastal Agency Group,Commercial Auto,PA,19103,11/1/2025,11/30/2025,0.8477,2696.21,3424.42,203.64,747.86,1,1,3,0,0,3,2,1,0.1992,0.4909,0.5444,0.89542216,1,,0.5,0.3333
120052,Coastal Agency Group,Commercial Auto,PA,19103,12/1/2025,12/31/2025,0.893,1373.44,2169.19,120.24,2117.39,1,1,0,0,0,4,3,2,0.1919,0.4992,0.4499,0.89542216,1,,0.6667,0.5
120052,Coastal Agency Group,Commercial Auto,PA,19103,2/1/2026,2/28/2026,0.8622,4468.33,997.54,368.29,1068.49,0,0,1,1,0,5,4,1,0.1516,0.3831,0.5045,0.89542216,1,,0.25,0.2
120052,Coastal Agency Group,Commercial Auto,PA,19103,3/1/2026,3/31/2026,0.834,3800.47,2834.32,301.21,683.62,1,1,0,1,0,3,2,1,0.1605,0.5043,0.4707,0.89542216,1,Withdrawn,0.5,0.3333
120052,Coastal Agency Group,Commercial Auto,PA,19103,4/1/2025,4/30/2025,0.8933,2451.74,1844.54,202.6,1703.08,1,1,1,0,0,3,2,1,0.1357,0.4978,0.5447,0.89542216,1,,0.5,0.3333
120052,Coastal Agency Group,Commercial Auto,PA,19103,5/1/2025,5/31/2025,0.9194,2603.94,1599.21,233.99,438.31,0,1,1,0,0,3,2,1,0.1586,0.337,0.4898,0.89542216,1,Declined,0.5,0.3333
120052,Coastal Agency Group,Commercial Auto,PA,19103,6/1/2025,6/30/2025,0.9295,3479.29,1958.25,310.45,2179.07,0,0,0,1,0,6,3,2,0.1509,0.3977,0.5092,0.89542216,3,Withdrawn,0.6667,0.3333
120052,Coastal Agency Group,Commercial Auto,PA,19103,7/1/2025,7/31/2025,1.0458,2356.4,1373.5,212.07,1434.01,1,0,1,0,0,7,3,2,0.1612,0.5649,0.5973,0.89542216,4,,0.6667,0.2857
120052,Coastal Agency Group,Commercial Auto,PA,19103,8/1/2025,8/31/2025,0.8532,4425.02,4653.29,306.17,717.95,1,0,2,0,0,3,2,1,0.2277,0.3756,0.4462,0.89542216,1,,0.5,0.3333
120052,Coastal Agency Group,Commercial Auto,PA,19103,9/1/2025,9/30/2025,0.947,1750.94,1106.88,157.69,1868.84,2,0,1,0,0,3,2,1,0.2098,0.3198,0.508,0.89542216,1,,0.5,0.3333
120053,Liberty Insurance Agency,Business Owners Policy,PA,15222,1/1/2026,1/31/2026,0.7094,500.0,2187.62,50.53,1346.8,0,1,3,0,0,5,4,2,0.3215,0.5668,0.3844,0.975397037,1,,0.5,0.4
120053,Liberty Insurance Agency,Business Owners Policy,PA,15222,10/1/2025,10/31/2025,0.8103,10200.61,6261.77,899.79,6083.81,2,1,1,0,0,3,2,1,0.2784,0.5899,0.4805,0.975397037,1,Declined,0.5,0.3333
120053,Liberty Insurance Agency,Business Owners Policy,PA,15222,11/1/2025,11/30/2025,0.7964,8288.02,5734.44,722.44,1783.03,1,2,2,0,0,5,4,2,0.3284,0.6397,0.4601,0.975397037,1,,0.5,0.4
120053,Liberty Insurance Agency,Business Owners Policy,PA,15222,12/1/2025,12/31/2025,0.8428,12819.97,12110.43,1239.97,304.11,1,0,1,1,0,5,3,1,0.2778,0.5415,0.415,0.975397037,2,,0.3333,0.2
120053,Liberty Insurance Agency,Business Owners Policy,PA,15222,2/1/2026,2/28/2026,0.8995,2754.2,12486.82,232.4,3507.07,1,0,0,0,0,4,3,2,0.2705,0.5993,0.3637,0.975397037,1,,0.6667,0.5
120053,Liberty Insurance Agency,Business Owners Policy,PA,15222,3/1/2026,3/31/2026,0.8331,500.0,7624.88,50.37,1591.88,1,0,0,0,0,6,5,4,0.2646,0.6532,0.4153,0.975397037,1,,0.8,0.6667
120053,Liberty Insurance Agency,Business Owners Policy,PA,15222,4/1/2025,4/30/2025,0.9313,6212.02,3530.74,475.38,4216.06,0,2,1,0,0,3,2,1,0.2355,0.5527,0.429,0.975397037,1,Declined,0.5,0.3333
120053,Liberty Insurance Agency,Business Owners Policy,PA,15222,5/1/2025,5/31/2025,0.7998,10644.92,355.16,858.35,2578.37,1,0,0,0,0,3,2,1,0.3073,0.5106,0.4501,0.975397037,1,,0.5,0.3333
120053,Liberty Insurance Agency,Business Owners Policy,PA,15222,6/1/2025,6/30/2025,0.8603,7180.26,9549.61,615.52,2664.5,1,0,0,0,0,3,2,1,0.3304,0.6144,0.4811,0.975397037,1,,0.5,0.3333
120053,Liberty Insurance Agency,Business Owners Policy,PA,15222,7/1/2025,7/31/2025,0.8433,5351.19,19802.94,495.67,1619.52,1,2,1,0,0,3,2,1,0.3403,0.5798,0.3971,0.975397037,1,Withdrawn,0.5,0.3333
120053,Liberty Insurance Agency,Business Owners Policy,PA,15222,8/1/2025,8/31/2025,0.7842,8612.89,1971.51,701.17,2345.58,2,1,2,0,0,3,2,1,0.3365,0.5494,0.3244,0.975397037,1,Declined,0.5,0.3333
120053,Liberty Insurance Agency,Business Owners Policy,PA,15222,9/1/2025,9/30/2025,0.8457,12514.3,11930.34,1172.01,3345.98,1,1,1,0,0,3,2,1,0.3126,0.5574,0.3717,0.975397037,1,Withdrawn,0.5,0.3333
120054,Keystone Insurance Agency,Workers Comp,PA,17101,1/1/2026,1/31/2026,0.6594,19584.17,0.0,2056.49,1607.52,1,0,0,0,0,3,2,1,0.408,0.7063,0.3217,0.829950794,1,Declined,0.5,0.3333
120054,Keystone Insurance Agency,Workers Comp,PA,17101,10/1/2025,10/31/2025,0.713,14849.22,0.0,1497.21,920.19,0,0,1,0,0,4,3,2,0.4367,0.7066,0.3577,0.829950794,1,,0.6667,0.5
120054,Keystone Insurance Agency,Workers Comp,PA,17101,11/1/2025,11/30/2025,0.6574,24076.38,0.0,2166.58,1068.8,0,0,1,0,0,3,2,1,0.3255,0.7224,0.3509,0.829950794,1,,0.5,0.3333
120054,Keystone Insurance Agency,Workers Comp,PA,17101,12/1/2025,12/31/2025,0.7903,14620.36,0.0,1502.26,469.25,1,0,0,0,0,6,5,3,0.4238,0.6502,0.3837,0.829950794,1,Declined,0.6,0.5
120054,Keystone Insurance Agency,Workers Comp,PA,17101,2/1/2026,2/28/2026,0.7398,29760.28,0.0,2828.22,302.27,0,0,0,0,0,3,2,1,0.502,0.7645,0.3085,0.829950794,1,Declined,0.5,0.3333
120054,Keystone Insurance Agency,Workers Comp,PA,17101,3/1/2026,3/31/2026,0.6214,16534.39,0.0,1447.57,565.69,1,0,1,0,0,3,2,1,0.3939,0.7136,0.2976,0.829950794,1,Withdrawn,0.5,0.3333
120054,Keystone Insurance Agency,Workers Comp,PA,17101,4/1/2025,4/30/2025,0.8346,4122.56,0.0,465.79,434.51,0,0,0,1,0,5,3,2,0.3964,0.6424,0.3168,0.829950794,2,,0.6667,0.4
120054,Keystone Insurance Agency,Workers Comp,PA,17101,5/1/2025,5/31/2025,0.7526,9705.94,0.0,835.69,1081.1,0,1,0,0,0,3,2,1,0.4792,0.7428,0.3401,0.829950794,1,,0.5,0.3333
120054,Keystone Insurance Agency,Workers Comp,PA,17101,6/1/2025,6/30/2025,0.5546,9682.53,0.0,1105.49,1064.33,0,0,0,0,0,4,2,1,0.438,0.7757,0.3304,0.829950794,2,,0.5,0.25
120054,Keystone Insurance Agency,Workers Comp,PA,17101,7/1/2025,7/31/2025,0.6978,6021.82,0.0,589.38,204.17,1,0,0,0,0,3,2,1,0.415,0.7251,0.4117,0.829950794,1,,0.5,0.3333
120054,Keystone Insurance Agency,Workers Comp,PA,17101,8/1/2025,8/31/2025,0.6658,9075.03,0.0,781.3,868.61,0,0,1,0,0,3,2,1,0.3497,0.7109,0.359,0.829950794,1,Declined,0.5,0.3333
120054,Keystone Insurance Agency,Workers Comp,PA,17101,9/1/2025,9/30/2025,0.7139,6096.25,0.0,525.48,174.87,0,1,0,0,0,3,2,1,0.394,0.7015,0.3753,0.829950794,1,,0.5,0.3333
120055,Nexus Risk Solutions,Commercial Auto,PA,18501,1/1/2026,1/31/2026,1.0819,1982.04,70.96,152.23,595.23,1,1,0,0,0,6,2,1,0.2113,0.3089,0.4488,0.814301168,4,,0.5,0.1667
120055,Nexus Risk Solutions,Commercial Auto,PA,18501,10/1/2025,10/31/2025,0.9077,4524.14,104.23,383.74,1960.51,0,0,0,1,0,3,2,1,0.1912,0.4004,0.5309,0.814301168,1,Withdrawn,0.5,0.3333
120055,Nexus Risk Solutions,Commercial Auto,PA,18501,11/1/2025,11/30/2025,0.9904,1785.93,160.44,135.08,1413.0,0,0,1,0,0,4,3,1,0.0664,0.3509,0.4492,0.814301168,1,Withdrawn,0.3333,0.25
120055,Nexus Risk Solutions,Commercial Auto,PA,18501,12/1/2025,12/31/2025,0.997,6306.34,55.83,466.63,514.44,0,0,0,0,0,3,2,1,0.2171,0.4182,0.5637,0.814301168,1,,0.5,0.3333
120055,Nexus Risk Solutions,Commercial Auto,PA,18501,2/1/2026,2/28/2026,0.9953,2843.49,153.25,234.52,242.44,0,0,0,0,0,3,2,1,0.2926,0.462,0.4992,0.814301168,1,Withdrawn,0.5,0.3333
120055,Nexus Risk Solutions,Commercial Auto,PA,18501,3/1/2026,3/31/2026,0.9575,4064.68,190.92,288.7,145.38,0,0,0,0,0,3,2,1,0.185,0.3876,0.5318,0.814301168,1,,0.5,0.3333
120055,Nexus Risk Solutions,Commercial Auto,PA,18501,4/1/2025,4/30/2025,1.0324,4124.85,120.99,342.21,427.39,0,0,0,0,0,7,6,4,0.1705,0.4777,0.5424,0.814301168,1,,0.6667,0.5714
120055,Nexus Risk Solutions,Commercial Auto,PA,18501,5/1/2025,5/31/2025,0.9495,4691.06,111.63,352.88,301.79,1,0,1,0,0,3,2,1,0.2105,0.3739,0.5002,0.814301168,1,,0.5,0.3333
120055,Nexus Risk Solutions,Commercial Auto,PA,18501,6/1/2025,6/30/2025,0.97,2331.08,270.0,176.76,287.41,1,1,0,0,0,3,2,1,0.1742,0.3277,0.4848,0.814301168,1,,0.5,0.3333
120055,Nexus Risk Solutions,Commercial Auto,PA,18501,7/1/2025,7/31/2025,0.9379,2457.55,29.16,212.47,715.97,0,0,0,0,0,3,2,1,0.1684,0.4137,0.4613,0.814301168,1,Declined,0.5,0.3333
120055,Nexus Risk Solutions,Commercial Auto,PA,18501,8/1/2025,8/31/2025,1.0475,4289.38,148.57,331.62,166.14,0,0,1,0,0,7,6,4,0.171,0.4987,0.4244,0.814301168,1,Withdrawn,0.6667,0.5714
120055,Nexus Risk Solutions,Commercial Auto,PA,18501,9/1/2025,9/30/2025,0.9356,3626.09,58.34,278.2,262.53,0,0,0,0,0,3,2,1,0.1867,0.4297,0.511,0.814301168,1,,0.5,0.3333
120056,Gateway Risk Advisors,Business Owners Policy,NY,10001,1/1/2026,1/31/2026,0.3732,52145.89,159.1,6705.32,2088.18,0,0,0,1,0,3,2,1,0.6284,0.9347,0.2166,0.981065775,1,,0.5,0.3333
120056,Gateway Risk Advisors,Business Owners Policy,NY,10001,10/1/2025,10/31/2025,0.3446,31927.8,1694.66,4386.44,2651.92,1,0,2,0,0,9,8,7,0.631,0.8975,0.2052,0.981065775,1,Withdrawn,0.875,0.7778
120056,Gateway Risk Advisors,Business Owners Policy,NY,10001,11/1/2025,11/30/2025,0.4611,41469.09,729.82,5527.96,7934.13,1,0,1,0,0,3,2,1,0.6922,0.9087,0.2366,0.981065775,1,,0.5,0.3333
120056,Gateway Risk Advisors,Business Owners Policy,NY,10001,12/1/2025,12/31/2025,0.4614,62018.87,956.46,7683.87,4856.16,0,1,1,0,0,5,3,1,0.6506,0.8881,0.1897,0.981065775,2,Withdrawn,0.3333,0.2
120056,Gateway Risk Advisors,Business Owners Policy,NY,10001,2/1/2026,2/28/2026,0.4778,39542.46,739.97,4602.72,2211.22,1,2,1,0,0,3,2,1,0.5855,0.9051,0.1988,0.981065775,1,,0.5,0.3333
120056,Gateway Risk Advisors,Business Owners Policy,NY,10001,3/1/2026,3/31/2026,0.3176,57000.26,1075.52,6674.51,4526.18,1,0,1,0,0,3,2,1,0.7642,0.8973,0.2136,0.981065775,1,Declined,0.5,0.3333
120056,Gateway Risk Advisors,Business Owners Policy,NY,10001,4/1/2025,4/30/2025,0.3359,57844.38,956.38,5980.09,1852.72,0,1,1,0,0,3,2,1,0.6801,0.9051,0.2597,0.981065775,1,Withdrawn,0.5,0.3333
120056,Gateway Risk Advisors,Business Owners Policy,NY,10001,5/1/2025,5/31/2025,0.4563,12441.09,679.93,1676.53,3157.51,2,1,0,1,0,7,3,2,0.6833,0.9092,0.2146,0.981065775,4,,0.6667,0.2857
120056,Gateway Risk Advisors,Business Owners Policy,NY,10001,6/1/2025,6/30/2025,0.4171,26773.07,430.66,3102.94,1585.96,0,1,1,0,0,3,2,1,0.6956,0.9176,0.2592,0.981065775,1,,0.5,0.3333
120056,Gateway Risk Advisors,Business Owners Policy,NY,10001,7/1/2025,7/31/2025,0.25,60835.63,2453.76,8127.58,4419.7,1,1,0,1,0,3,2,1,0.5701,0.9093,0.187,0.981065775,1,Withdrawn,0.5,0.3333
120056,Gateway Risk Advisors,Business Owners Policy,NY,10001,8/1/2025,8/31/2025,0.4116,45153.94,721.83,5078.53,4871.32,2,0,1,0,0,3,2,1,0.6842,0.897,0.1957,0.981065775,1,Declined,0.5,0.3333
120056,Gateway Risk Advisors,Business Owners Policy,NY,10001,9/1/2025,9/30/2025,0.4088,37753.32,870.34,4026.26,7590.07,1,0,1,0,0,3,2,1,0.6324,0.908,0.2444,0.981065775,1,,0.5,0.3333
120057,Benchmark Agency Group,Workers Comp,NY,11201,1/1/2026,1/31/2026,0.6092,24126.61,0.0,3004.19,1397.39,0,0,0,0,0,3,2,1,0.542,0.7737,0.2586,0.925970838,1,,0.5,0.3333
120057,Benchmark Agency Group,Workers Comp,NY,11201,10/1/2025,10/31/2025,0.492,35805.43,0.0,4186.34,1781.47,1,0,1,0,0,5,3,1,0.5451,0.8182,0.2401,0.925970838,2,,0.3333,0.2
120057,Benchmark Agency Group,Workers Comp,NY,11201,11/1/2025,11/30/2025,0.5667,24169.93,0.0,2632.95,2271.48,1,0,0,1,0,3,2,1,0.5208,0.7946,0.2647,0.925970838,1,Declined,0.5,0.3333
120057,Benchmark Agency Group,Workers Comp,NY,11201,12/1/2025,12/31/2025,0.5716,35492.03,0.0,3945.75,1294.69,1,0,0,0,0,3,2,1,0.542,0.878,0.2407,0.925970838,1,Declined,0.5,0.3333
120057,Benchmark Agency Group,Workers Comp,NY,11201,2/1/2026,2/28/2026,0.4068,3938.94,0.0,404.52,2598.99,1,0,0,1,1,3,2,1,0.4717,0.8529,0.2651,0.925970838,1,Declined,0.5,0.3333
120057,Benchmark Agency Group,Workers Comp,NY,11201,3/1/2026,3/31/2026,0.5843,15427.38,0.0,1950.95,959.9,0,1,1,0,0,5,3,1,0.5162,0.8381,0.2306,0.925970838,2,,0.3333,0.2
120057,Benchmark Agency Group,Workers Comp,NY,11201,4/1/2025,4/30/2025,0.5566,21145.19,0.0,2037.76,1777.05,1,0,1,0,0,4,2,1,0.4073,0.8348,0.2612,0.925970838,2,,0.5,0.25
120057,Benchmark Agency Group,Workers Comp,NY,11201,5/1/2025,5/31/2025,0.4824,29172.07,0.0,2733.54,576.8,0,0,1,1,0,4,2,1,0.5923,0.8329,0.2752,0.925970838,2,Withdrawn,0.5,0.25
120057,Benchmark Agency Group,Workers Comp,NY,11201,6/1/2025,6/30/2025,0.5527,30595.67,0.0,3399.17,3714.08,1,1,1,0,0,3,2,1,0.5259,0.8757,0.2968,0.925970838,1,Withdrawn,0.5,0.3333
120057,Benchmark Agency Group,Workers Comp,NY,11201,7/1/2025,7/31/2025,0.4418,27675.6,0.0,2795.22,1432.07,1,1,0,0,0,5,2,1,0.6756,0.8099,0.2447,0.925970838,3,,0.5,0.2
120057,Benchmark Agency Group,Workers Comp,NY,11201,8/1/2025,8/31/2025,0.6621,15432.95,0.0,1836.23,3992.04,0,0,1,0,0,3,2,1,0.5504,0.8283,0.2926,0.925970838,1,Declined,0.5,0.3333
120057,Benchmark Agency Group,Workers Comp,NY,11201,9/1/2025,9/30/2025,0.6313,12718.3,0.0,1517.28,4275.18,0,0,1,0,0,4,2,1,0.5074,0.7861,0.2681,0.925970838,2,,0.5,0.25
120058,Broadstreet Agency Group,Commercial Auto,NY,10301,1/1/2026,1/31/2026,0.4672,37921.29,0.0,4174.29,1219.69,2,0,0,1,0,5,4,1,0.7246,0.8732,0.2077,0.936832545,1,,0.25,0.2
120058,Broadstreet Agency Group,Commercial Auto,NY,10301,10/1/2025,10/31/2025,0.4219,52096.99,0.0,7127.43,351.13,1,0,1,0,0,3,2,1,0.5348,0.9106,0.1585,0.936832545,1,Withdrawn,0.5,0.3333
120058,Broadstreet Agency Group,Commercial Auto,NY,10301,11/1/2025,11/30/2025,0.4445,47806.18,0.0,6111.95,4045.98,0,0,1,1,0,4,3,2,0.6254,0.9142,0.2163,0.936832545,1,Declined,0.6667,0.5
120058,Broadstreet Agency Group,Commercial Auto,NY,10301,12/1/2025,12/31/2025,0.4421,34173.71,0.0,4552.42,546.91,1,1,1,0,0,3,2,1,0.5669,0.9052,0.1873,0.936832545,1,Declined,0.5,0.3333
120058,Broadstreet Agency Group,Commercial Auto,NY,10301,2/1/2026,2/28/2026,0.4256,48490.76,0.0,6146.67,2931.3,0,0,3,0,0,3,2,1,0.7047,0.9088,0.2012,0.936832545,1,,0.5,0.3333
120058,Broadstreet Agency Group,Commercial Auto,NY,10301,3/1/2026,3/31/2026,0.2603,30347.07,0.0,3440.23,2844.81,1,1,0,1,0,3,2,1,0.6013,0.892,0.2382,0.936832545,1,,0.5,0.3333
120058,Broadstreet Agency Group,Commercial Auto,NY,10301,4/1/2025,4/30/2025,0.2587,44182.52,0.0,5213.96,1084.69,0,1,3,0,0,5,4,2,0.6317,0.898,0.207,0.936832545,1,,0.5,0.4
120058,Broadstreet Agency Group,Commercial Auto,NY,10301,5/1/2025,5/31/2025,0.4018,31674.89,0.0,4047.27,950.77,3,1,2,0,0,7,6,2,0.719,0.9109,0.2187,0.936832545,1,Withdrawn,0.3333,0.2857
120058,Broadstreet Agency Group,Commercial Auto,NY,10301,6/1/2025,6/30/2025,0.3333,63109.57,0.0,6916.49,2166.25,1,0,0,0,0,3,2,1,0.6893,0.9008,0.2161,0.936832545,1,,0.5,0.3333
120058,Broadstreet Agency Group,Commercial Auto,NY,10301,7/1/2025,7/31/2025,0.4163,40905.91,0.0,5576.25,6724.36,1,1,1,1,0,3,2,1,0.6579,0.9341,0.2058,0.936832545,1,Declined,0.5,0.3333
120058,Broadstreet Agency Group,Commercial Auto,NY,10301,8/1/2025,8/31/2025,0.4524,33184.14,0.0,3639.89,4825.77,1,1,1,0,0,3,2,1,0.6863,0.8889,0.1642,0.936832545,1,Withdrawn,0.5,0.3333
120058,Broadstreet Agency Group,Commercial Auto,NY,10301,9/1/2025,9/30/2025,0.3324,30115.75,0.0,3495.63,1297.99,2,1,0,0,1,6,3,2,0.6507,0.8956,0.2595,0.936832545,3,Declined,0.6667,0.3333
120059,Clearwater Insurance Group,Business Owners Policy,NY,14201,1/1/2026,1/31/2026,0.5122,28354.87,0.0,3378.91,1074.91,0,0,0,0,0,4,2,1,0.5268,0.8141,0.302,0.892285677,2,,0.5,0.25
120059,Clearwater Insurance Group,Business Owners Policy,NY,14201,10/1/2025,10/31/2025,0.4453,19638.29,0.0,2038.92,695.45,1,1,1,0,0,3,2,1,0.6197,0.8232,0.2831,0.892285677,1,Declined,0.5,0.3333
120059,Clearwater Insurance Group,Business Owners Policy,NY,14201,11/1/2025,11/30/2025,0.5593,37762.26,0.0,4485.63,113.1,0,0,2,1,0,3,2,1,0.5446,0.8194,0.2699,0.892285677,1,Declined,0.5,0.3333
120059,Clearwater Insurance Group,Business Owners Policy,NY,14201,12/1/2025,12/31/2025,0.4854,13695.48,0.0,1609.1,3718.11,1,1,1,1,0,3,2,1,0.5267,0.8023,0.3081,0.892285677,1,Declined,0.5,0.3333
120059,Clearwater Insurance Group,Business Owners Policy,NY,14201,2/1/2026,2/28/2026,0.5909,31784.31,0.0,3567.88,940.24,1,0,0,0,0,5,4,2,0.56,0.8426,0.2454,0.892285677,1,,0.5,0.4
120059,Clearwater Insurance Group,Business Owners Policy,NY,14201,3/1/2026,3/31/2026,0.5113,13568.89,0.0,1666.76,267.73,1,0,2,0,0,3,2,1,0.593,0.767,0.274,0.892285677,1,Declined,0.5,0.3333
120059,Clearwater Insurance Group,Business Owners Policy,NY,14201,4/1/2025,4/30/2025,0.6669,27621.03,0.0,2865.34,1201.74,1,0,1,0,0,3,2,1,0.5514,0.8004,0.3108,0.892285677,1,,0.5,0.3333
120059,Clearwater Insurance Group,Business Owners Policy,NY,14201,5/1/2025,5/31/2025,0.4551,21238.97,0.0,2311.04,2594.76,1,1,0,0,0,3,2,1,0.4923,0.7797,0.2805,0.892285677,1,,0.5,0.3333
120059,Clearwater Insurance Group,Business Owners Policy,NY,14201,6/1/2025,6/30/2025,0.5743,32731.54,0.0,3183.5,289.48,1,0,1,0,0,3,2,1,0.5338,0.8268,0.3015,0.892285677,1,Declined,0.5,0.3333
120059,Clearwater Insurance Group,Business Owners Policy,NY,14201,7/1/2025,7/31/2025,0.5908,35857.43,0.0,3895.05,1937.82,0,1,0,0,0,4,3,1,0.6429,0.8334,0.3111,0.892285677,1,Declined,0.3333,0.25
120059,Clearwater Insurance Group,Business Owners Policy,NY,14201,8/1/2025,8/31/2025,0.5185,14062.23,0.0,1567.93,1134.96,1,0,0,0,0,4,3,2,0.5612,0.7998,0.281,0.892285677,1,,0.6667,0.5
120059,Clearwater Insurance Group,Business Owners Policy,NY,14201,9/1/2025,9/30/2025,0.5172,31508.01,0.0,3054.46,3456.71,0,0,0,1,0,5,4,3,0.525,0.7968,0.2921,0.892285677,1,,0.75,0.6
120060,Patriot Risk Consultants,Workers Comp,NJ,7030,1/1/2026,1/31/2026,0.4077,29257.02,2073.34,3339.98,3813.01,2,0,1,0,0,8,6,5,0.5112,0.8289,0.3413,0.968732832,2,Withdrawn,0.8333,0.625
120060,Patriot Risk Consultants,Workers Comp,NJ,7030,10/1/2025,10/31/2025,0.5606,26804.55,2834.85,3046.13,2157.12,1,2,3,1,0,3,2,1,0.5788,0.8015,0.2678,0.968732832,1,Withdrawn,0.5,0.3333
120060,Patriot Risk Consultants,Workers Comp,NJ,7030,11/1/2025,11/30/2025,0.5809,34717.31,586.96,3636.7,1749.71,0,0,1,0,0,3,2,1,0.5234,0.8297,0.3046,0.968732832,1,,0.5,0.3333
120060,Patriot Risk Consultants,Workers Comp,NJ,7030,12/1/2025,12/31/2025,0.4685,32090.61,1247.31,4032.39,5631.61,2,1,0,0,0,4,3,2,0.5882,0.8151,0.2896,0.968732832,1,Declined,0.6667,0.5
120060,Patriot Risk Consultants,Workers Comp,NJ,7030,2/1/2026,2/28/2026,0.5792,26998.6,753.83,2559.96,2542.87,1,2,3,0,0,5,4,3,0.5674,0.7936,0.3122,0.968732832,1,,0.75,0.6
120060,Patriot Risk Consultants,Workers Comp,NJ,7030,3/1/2026,3/31/2026,0.6008,42786.81,318.38,4078.37,3398.85,1,0,1,0,0,3,2,1,0.5314,0.8063,0.3125,0.968732832,1,,0.5,0.3333
120060,Patriot Risk Consultants,Workers Comp,NJ,7030,4/1/2025,4/30/2025,0.4865,30096.53,236.04,2879.63,4854.01,3,2,1,0,0,5,4,3,0.5804,0.826,0.2051,0.968732832,1,,0.75,0.6
120060,Patriot Risk Consultants,Workers Comp,NJ,7030,5/1/2025,5/31/2025,0.433,25319.2,1493.74,2937.61,2625.08,2,0,1,1,0,3,2,1,0.4404,0.8269,0.278,0.968732832,1,Withdrawn,0.5,0.3333
120060,Patriot Risk Consultants,Workers Comp,NJ,7030,6/1/2025,6/30/2025,0.6253,30802.96,1022.16,2920.53,5563.47,1,2,1,0,0,3,2,1,0.4934,0.793,0.3084,0.968732832,1,,0.5,0.3333
120060,Patriot Risk Consultants,Workers Comp,NJ,7030,7/1/2025,7/31/2025,0.4993,35738.49,2705.95,3883.24,5010.03,0,1,1,0,0,3,2,1,0.5437,0.8279,0.31,0.968732832,1,,0.5,0.3333
120060,Patriot Risk Consultants,Workers Comp,NJ,7030,8/1/2025,8/31/2025,0.5636,37387.54,728.84,4577.92,3875.54,1,0,0,1,0,7,6,5,0.5848,0.8034,0.2632,0.968732832,1,,0.8333,0.7143
120060,Patriot Risk Consultants,Workers Comp,NJ,7030,9/1/2025,9/30/2025,0.5336,37431.59,1108.82,3922.79,476.05,0,1,1,0,0,3,2,1,0.5394,0.7726,0.2893,0.968732832,1,Declined,0.5,0.3333
120061,Landmark Insurance Co.,Commercial Auto,NJ,7102,1/1/2026,1/31/2026,0.4973,24040.28,1395.86,2393.94,1649.73,1,1,1,0,0,3,2,1,0.6248,0.8344,0.283,0.938480609,1,Declined,0.5,0.3333
120061,Landmark Insurance Co.,Commercial Auto,NJ,7102,10/1/2025,10/31/2025,0.5201,23253.4,964.45,2803.04,2948.32,1,0,0,0,0,6,5,4,0.5548,0.8012,0.2837,0.938480609,1,Withdrawn,0.8,0.6667
120061,Landmark Insurance Co.,Commercial Auto,NJ,7102,11/1/2025,11/30/2025,0.4806,37508.77,1145.19,4425.12,877.5,1,0,2,1,0,3,2,1,0.5831,0.7735,0.24,0.938480609,1,Declined,0.5,0.3333
120061,Landmark Insurance Co.,Commercial Auto,NJ,7102,12/1/2025,12/31/2025,0.661,25256.28,970.3,2469.69,3655.21,1,1,0,0,0,4,2,1,0.5065,0.8389,0.2483,0.938480609,2,,0.5,0.25
120061,Landmark Insurance Co.,Commercial Auto,NJ,7102,2/1/2026,2/28/2026,0.601,30585.48,1152.11,3483.79,1851.34,3,1,2,0,0,4,3,1,0.5694,0.8232,0.2925,0.938480609,1,,0.3333,0.25
120061,Landmark Insurance Co.,Commercial Auto,NJ,7102,3/1/2026,3/31/2026,0.627,31599.2,2884.27,3252.9,1357.07,2,1,3,0,0,3,2,1,0.5819,0.8494,0.3012,0.938480609,1,,0.5,0.3333
120061,Landmark Insurance Co.,Commercial Auto,NJ,7102,4/1/2025,4/30/2025,0.4663,21238.77,724.9,2150.8,1076.58,0,2,0,0,0,3,2,1,0.5643,0.7842,0.3116,0.938480609,1,Declined,0.5,0.3333
120061,Landmark Insurance Co.,Commercial Auto,NJ,7102,5/1/2025,5/31/2025,0.5832,25012.56,1509.98,2965.15,1522.64,1,0,0,1,0,4,3,2,0.527,0.8196,0.3059,0.938480609,1,,0.6667,0.5
120061,Landmark Insurance Co.,Commercial Auto,NJ,7102,6/1/2025,6/30/2025,0.6029,23285.34,2169.21,2702.34,4475.69,0,1,1,0,0,6,4,3,0.5021,0.8319,0.28,0.938480609,2,,0.75,0.5
120061,Landmark Insurance Co.,Commercial Auto,NJ,7102,7/1/2025,7/31/2025,0.5225,13124.69,882.66,1402.77,1056.44,1,1,1,0,0,3,2,1,0.5246,0.8362,0.324,0.938480609,1,Withdrawn,0.5,0.3333
120061,Landmark Insurance Co.,Commercial Auto,NJ,7102,8/1/2025,8/31/2025,0.4925,26287.46,1453.59,3234.99,2571.99,1,1,1,0,0,3,2,1,0.5706,0.7725,0.2394,0.938480609,1,Declined,0.5,0.3333
120061,Landmark Insurance Co.,Commercial Auto,NJ,7102,9/1/2025,9/30/2025,0.5728,31912.67,470.87,3979.78,6116.99,1,0,2,0,0,4,3,2,0.5475,0.7977,0.2888,0.938480609,1,Declined,0.6667,0.5
120062,Harbor Insurance Agency,Business Owners Policy,NJ,8401,1/1/2026,1/31/2026,0.7488,6466.25,0.0,633.57,42.14,0,1,1,0,0,3,2,1,0.2626,0.5405,0.4623,0.859471249,1,,0.5,0.3333
120062,Harbor Insurance Agency,Business Owners Policy,NJ,8401,10/1/2025,10/31/2025,0.7652,3216.36,0.0,292.71,1589.18,1,1,1,0,0,3,2,1,0.3539,0.5971,0.3743,0.859471249,1,,0.5,0.3333
120062,Harbor Insurance Agency,Business Owners Policy,NJ,8401,11/1/2025,11/30/2025,0.8908,6840.68,0.0,687.87,394.17,0,0,1,0,0,6,5,3,0.3306,0.5006,0.4658,0.859471249,1,Withdrawn,0.6,0.5
120062,Harbor Insurance Agency,Business Owners Policy,NJ,8401,12/1/2025,12/31/2025,0.7869,10599.63,0.0,1091.32,635.89,1,0,2,0,0,3,2,1,0.3436,0.5827,0.4687,0.859471249,1,,0.5,0.3333
120062,Harbor Insurance Agency,Business Owners Policy,NJ,8401,2/1/2026,2/28/2026,0.8645,6343.4,0.0,593.28,419.49,0,1,0,0,0,3,2,1,0.2879,0.5808,0.3945,0.859471249,1,,0.5,0.3333
120062,Harbor Insurance Agency,Business Owners Policy,NJ,8401,3/1/2026,3/31/2026,0.866,4679.69,0.0,476.28,1571.28,0,0,1,1,0,3,2,1,0.3428,0.4733,0.3511,0.859471249,1,Withdrawn,0.5,0.3333
120062,Harbor Insurance Agency,Business Owners Policy,NJ,8401,4/1/2025,4/30/2025,0.8422,8231.65,0.0,770.45,419.97,0,0,0,1,0,5,4,2,0.2977,0.565,0.4434,0.859471249,1,,0.5,0.4
120062,Harbor Insurance Agency,Business Owners Policy,NJ,8401,5/1/2025,5/31/2025,0.8061,2721.63,0.0,218.94,1634.47,1,0,0,0,0,5,4,3,0.358,0.6136,0.3816,0.859471249,1,,0.75,0.6
120062,Harbor Insurance Agency,Business Owners Policy,NJ,8401,6/1/2025,6/30/2025,0.7877,4311.0,0.0,331.76,1493.6,0,0,0,1,0,3,2,1,0.3688,0.5165,0.4462,0.859471249,1,Withdrawn,0.5,0.3333
120062,Harbor Insurance Agency,Business Owners Policy,NJ,8401,7/1/2025,7/31/2025,0.8332,4469.8,0.0,421.94,561.26,1,0,0,0,0,5,4,2,0.2725,0.5917,0.4102,0.859471249,1,Declined,0.5,0.4
120062,Harbor Insurance Agency,Business Owners Policy,NJ,8401,8/1/2025,8/31/2025,0.9071,9426.76,0.0,817.44,1379.95,2,1,0,0,0,3,2,1,0.288,0.5402,0.4206,0.859471249,1,,0.5,0.3333
120062,Harbor Insurance Agency,Business Owners Policy,NJ,8401,9/1/2025,9/30/2025,0.7849,7312.68,0.0,641.59,2418.6,1,0,1,0,0,3,2,1,0.3011,0.5369,0.4098,0.859471249,1,Withdrawn,0.5,0.3333
120063,Coastal Insurance Group,Workers Comp,NJ,7601,1/1/2026,1/31/2026,0.516,27952.36,0.0,3391.1,2003.41,0,1,1,0,0,4,3,2,0.5008,0.8263,0.3049,0.910016333,1,,0.6667,0.5
120063,Coastal Insurance Group,Workers Comp,NJ,7601,10/1/2025,10/31/2025,0.597,32378.42,0.0,3413.34,1216.0,0,1,1,1,0,6,2,1,0.5115,0.8062,0.3333,0.910016333,4,Withdrawn,0.5,0.1667
120063,Coastal Insurance Group,Workers Comp,NJ,7601,11/1/2025,11/30/2025,0.5132,27935.09,0.0,3364.22,588.9,1,1,2,0,0,3,2,1,0.4414,0.8364,0.2859,0.910016333,1,,0.5,0.3333
120063,Coastal Insurance Group,Workers Comp,NJ,7601,12/1/2025,12/31/2025,0.5595,29829.3,0.0,3193.56,2637.74,1,1,0,0,0,3,2,1,0.5963,0.8105,0.3212,0.910016333,1,,0.5,0.3333
120063,Coastal Insurance Group,Workers Comp,NJ,7601,2/1/2026,2/28/2026,0.6481,25238.68,0.0,2535.98,2086.01,1,0,0,0,0,3,2,1,0.5373,0.7872,0.3194,0.910016333,1,Withdrawn,0.5,0.3333
120063,Coastal Insurance Group,Workers Comp,NJ,7601,3/1/2026,3/31/2026,0.5794,28179.6,0.0,3527.29,493.01,2,0,1,1,0,3,2,1,0.4873,0.8545,0.2537,0.910016333,1,Declined,0.5,0.3333
120063,Coastal Insurance Group,Workers Comp,NJ,7601,4/1/2025,4/30/2025,0.6365,37168.22,0.0,3484.38,3931.54,0,0,0,0,0,5,2,1,0.5345,0.8217,0.2646,0.910016333,3,,0.5,0.2
120063,Coastal Insurance Group,Workers Comp,NJ,7601,5/1/2025,5/31/2025,0.3797,24708.23,0.0,2500.22,1390.71,1,0,1,0,0,3,2,1,0.6334,0.8024,0.3296,0.910016333,1,,0.5,0.3333
120063,Coastal Insurance Group,Workers Comp,NJ,7601,6/1/2025,6/30/2025,0.5714,36768.56,0.0,3942.17,1694.56,0,0,1,1,0,4,2,1,0.5134,0.8,0.3178,0.910016333,2,Declined,0.5,0.25
120063,Coastal Insurance Group,Workers Comp,NJ,7601,7/1/2025,7/31/2025,0.5755,43585.95,0.0,4777.05,1512.47,1,1,1,0,0,3,2,1,0.5201,0.8081,0.298,0.910016333,1,Withdrawn,0.5,0.3333
120063,Coastal Insurance Group,Workers Comp,NJ,7601,8/1/2025,8/31/2025,0.5814,34511.85,0.0,4138.9,2111.05,2,1,1,0,0,3,2,1,0.4084,0.7595,0.2434,0.910016333,1,,0.5,0.3333
120063,Coastal Insurance Group,Workers Comp,NJ,7601,9/1/2025,9/30/2025,0.5577,49105.4,0.0,4903.0,1765.35,1,0,1,0,0,3,2,1,0.5383,0.8083,0.3325,0.910016333,1,,0.5,0.3333
120064,Harbor Insurance Co.,Commercial Auto,PA,19103,1/1/2026,1/31/2026,0.453,28364.51,0.0,3243.23,7279.69,0,1,2,0,0,6,3,1,0.5813,0.8125,0.2731,0.971119147,3,,0.3333,0.1667
120064,Harbor Insurance Co.,Commercial Auto,PA,19103,10/1/2025,10/31/2025,0.5874,26018.29,0.0,2967.58,322.48,2,1,1,0,0,3,2,1,0.51,0.8237,0.2478,0.971119147,1,Withdrawn,0.5,0.3333
120064,Harbor Insurance Co.,Commercial Auto,PA,19103,11/1/2025,11/30/2025,0.6389,33747.34,0.0,3946.55,1979.06,0,0,1,0,0,5,2,1,0.5264,0.803,0.2715,0.971119147,3,Declined,0.5,0.2
120064,Harbor Insurance Co.,Commercial Auto,PA,19103,12/1/2025,12/31/2025,0.5405,35660.44,0.0,4023.63,3338.24,1,0,1,1,0,3,2,1,0.4883,0.7413,0.2968,0.971119147,1,Withdrawn,0.5,0.3333
120064,Harbor Insurance Co.,Commercial Auto,PA,19103,2/1/2026,2/28/2026,0.5788,33542.15,0.0,3816.38,2319.56,2,0,1,0,0,3,2,1,0.5019,0.8447,0.2483,0.971119147,1,,0.5,0.3333
120064,Harbor Insurance Co.,Commercial Auto,PA,19103,3/1/2026,3/31/2026,0.6163,37041.76,0.0,3722.65,5077.48,1,1,0,0,0,4,3,2,0.5949,0.7963,0.2448,0.971119147,1,,0.6667,0.5
120064,Harbor Insurance Co.,Commercial Auto,PA,19103,4/1/2025,4/30/2025,0.5022,27338.28,0.0,2861.52,5277.92,0,0,3,0,0,3,2,1,0.5259,0.7767,0.2515,0.971119147,1,Withdrawn,0.5,0.3333
120064,Harbor Insurance Co.,Commercial Auto,PA,19103,5/1/2025,5/31/2025,0.5646,23931.5,0.0,2724.3,2931.24,1,0,1,0,0,3,2,1,0.5717,0.8281,0.2712,0.971119147,1,,0.5,0.3333
120064,Harbor Insurance Co.,Commercial Auto,PA,19103,6/1/2025,6/30/2025,0.5576,33330.16,0.0,3556.72,2499.84,2,1,0,1,0,3,2,1,0.4777,0.7902,0.2659,0.971119147,1,Withdrawn,0.5,0.3333
120064,Harbor Insurance Co.,Commercial Auto,PA,19103,7/1/2025,7/31/2025,0.5847,40450.46,0.0,4980.2,4452.13,1,1,1,0,0,4,2,1,0.5454,0.8376,0.2763,0.971119147,2,,0.5,0.25
120064,Harbor Insurance Co.,Commercial Auto,PA,19103,8/1/2025,8/31/2025,0.5135,28650.23,0.0,2725.94,4425.89,1,1,0,1,0,3,2,1,0.5678,0.8323,0.2978,0.971119147,1,,0.5,0.3333
120064,Harbor Insurance Co.,Commercial Auto,PA,19103,9/1/2025,9/30/2025,0.5477,35824.57,0.0,3369.66,1143.74,1,0,1,1,0,4,3,1,0.6437,0.7847,0.2838,0.971119147,1,Withdrawn,0.3333,0.25
120065,Summit Risk Advisors,Business Owners Policy,PA,15222,1/1/2026,1/31/2026,0.7506,14131.02,282.58,1395.96,2049.13,3,1,2,0,0,3,2,1,0.4459,0.7503,0.3434,0.94419927,1,,0.5,0.3333
120065,Summit Risk Advisors,Business Owners Policy,PA,15222,10/1/2025,10/31/2025,0.6788,23984.25,318.64,2589.21,1087.94,0,0,1,1,0,5,4,3,0.4217,0.7099,0.3163,0.94419927,1,,0.75,0.6
120065,Summit Risk Advisors,Business Owners Policy,PA,15222,11/1/2025,11/30/2025,0.6168,15454.74,259.74,1386.54,3459.41,2,1,3,0,0,3,2,1,0.4437,0.6682,0.3385,0.94419927,1,Declined,0.5,0.3333
120065,Summit Risk Advisors,Business Owners Policy,PA,15222,12/1/2025,12/31/2025,0.767,10744.49,484.14,994.9,311.13,0,0,1,0,0,3,2,1,0.4297,0.7323,0.3407,0.94419927,1,,0.5,0.3333
120065,Summit Risk Advisors,Business Owners Policy,PA,15222,2/1/2026,2/28/2026,0.7363,22021.7,243.04,1959.36,1301.86,1,0,0,0,0,3,2,1,0.4407,0.7101,0.3549,0.94419927,1,Withdrawn,0.5,0.3333
120065,Summit Risk Advisors,Business Owners Policy,PA,15222,3/1/2026,3/31/2026,0.68,9867.42,1144.69,1091.32,604.63,0,0,0,0,0,7,6,5,0.4117,0.7911,0.4,0.94419927,1,Withdrawn,0.8333,0.7143
120065,Summit Risk Advisors,Business Owners Policy,PA,15222,4/1/2025,4/30/2025,0.6835,6513.71,1113.21,707.83,2756.74,1,2,2,0,0,3,2,1,0.4347,0.6886,0.3278,0.94419927,1,,0.5,0.3333
120065,Summit Risk Advisors,Business Owners Policy,PA,15222,5/1/2025,5/31/2025,0.7897,9168.08,169.26,1019.59,4963.69,1,0,2,1,0,5,2,1,0.4591,0.6594,0.3598,0.94419927,3,Withdrawn,0.5,0.2
120065,Summit Risk Advisors,Business Owners Policy,PA,15222,6/1/2025,6/30/2025,0.6304,19147.07,400.13,1688.27,5518.2,1,0,0,1,1,3,2,1,0.4074,0.6627,0.3475,0.94419927,1,,0.5,0.3333
120065,Summit Risk Advisors,Business Owners Policy,PA,15222,7/1/2025,7/31/2025,0.7558,17687.56,130.74,2007.69,2292.86,0,0,1,0,0,5,4,2,0.4211,0.7111,0.3808,0.94419927,1,Withdrawn,0.5,0.4
120065,Summit Risk Advisors,Business Owners Policy,PA,15222,8/1/2025,8/31/2025,0.5376,8523.65,377.41,941.04,2824.82,2,0,1,1,0,3,2,1,0.4801,0.709,0.3635,0.94419927,1,Withdrawn,0.5,0.3333
120065,Summit Risk Advisors,Business Owners Policy,PA,15222,9/1/2025,9/30/2025,0.4776,3537.33,197.52,361.46,765.15,2,1,0,0,0,5,4,2,0.4149,0.7567,0.3298,0.94419927,1,,0.5,0.4
120066,Crestview & Associates,Workers Comp,PA,17101,1/1/2026,1/31/2026,0.4239,41812.75,206.39,5693.81,5396.23,1,1,1,1,0,3,2,1,0.6715,0.8682,0.1905,0.959263184,1,Withdrawn,0.5,0.3333
120066,Crestview & Associates,Workers Comp,PA,17101,10/1/2025,10/31/2025,0.356,40371.78,1175.23,4169.02,1381.04,0,1,2,0,0,3,2,1,0.5854,0.8996,0.1835,0.959263184,1,,0.5,0.3333
120066,Crestview & Associates,Workers Comp,PA,17101,11/1/2025,11/30/2025,0.4092,51084.24,1727.76,5904.55,2185.99,1,2,1,1,0,3,2,1,0.717,0.869,0.1515,0.959263184,1,Withdrawn,0.5,0.3333
120066,Crestview & Associates,Workers Comp,PA,17101,12/1/2025,12/31/2025,0.3766,41909.38,183.5,4585.54,2613.73,2,1,2,0,0,3,2,1,0.7591,0.8938,0.1842,0.959263184,1,Declined,0.5,0.3333
120066,Crestview & Associates,Workers Comp,PA,17101,2/1/2026,2/28/2026,0.4656,52913.41,622.41,5496.75,3056.66,1,0,0,0,0,4,3,2,0.5843,0.9251,0.1974,0.959263184,1,,0.6667,0.5
120066,Crestview & Associates,Workers Comp,PA,17101,3/1/2026,3/31/2026,0.3318,55406.32,2646.24,7092.93,2765.61,1,1,2,0,0,3,2,1,0.6629,0.9183,0.1993,0.959263184,1,,0.5,0.3333
120066,Crestview & Associates,Workers Comp,PA,17101,4/1/2025,4/30/2025,0.4177,34851.92,1494.73,3800.79,4479.72,1,1,0,0,0,3,2,1,0.6708,0.9068,0.2016,0.959263184,1,Withdrawn,0.5,0.3333
120066,Crestview & Associates,Workers Comp,PA,17101,5/1/2025,5/31/2025,0.3792,48989.62,3165.34,6235.71,4034.34,1,0,0,0,0,3,2,1,0.5946,0.906,0.2304,0.959263184,1,Withdrawn,0.5,0.3333
120066,Crestview & Associates,Workers Comp,PA,17101,6/1/2025,6/30/2025,0.4321,22064.2,2035.56,2370.7,669.11,2,1,1,0,0,5,4,1,0.711,0.9218,0.1744,0.959263184,1,Withdrawn,0.25,0.2
120066,Crestview & Associates,Workers Comp,PA,17101,7/1/2025,7/31/2025,0.3856,64215.58,558.07,6729.11,2791.45,1,1,1,0,0,6,4,1,0.6924,0.881,0.185,0.959263184,2,,0.25,0.1667
120066,Crestview & Associates,Workers Comp,PA,17101,8/1/2025,8/31/2025,0.4211,18861.46,1464.45,1997.47,2669.74,1,0,1,0,0,3,2,1,0.7065,0.9333,0.2058,0.959263184,1,Declined,0.5,0.3333
120066,Crestview & Associates,Workers Comp,PA,17101,9/1/2025,9/30/2025,0.3482,29658.96,2713.78,3545.6,5300.66,1,1,2,0,0,3,2,1,0.6824,0.9179,0.2189,0.959263184,1,,0.5,0.3333
120067,Sterling Risk Advisors,Commercial Auto,PA,18501,1/1/2026,1/31/2026,0.8519,9612.24,722.54,770.65,1603.63,1,1,1,0,0,3,2,1,0.3937,0.6291,0.426,0.883866229,1,Declined,0.5,0.3333
120067,Sterling Risk Advisors,Commercial Auto,PA,18501,10/1/2025,10/31/2025,0.8769,4513.25,807.03,390.63,756.2,0,0,1,1,0,3,2,1,0.2581,0.5834,0.409,0.883866229,1,Withdrawn,0.5,0.3333
120067,Sterling Risk Advisors,Commercial Auto,PA,18501,11/1/2025,11/30/2025,0.8154,7440.81,3439.71,580.17,889.24,0,0,1,0,0,6,5,1,0.2985,0.5795,0.3526,0.883866229,1,Withdrawn,0.2,0.1667
120067,Sterling Risk Advisors,Commercial Auto,PA,18501,12/1/2025,12/31/2025,0.7887,10412.62,662.04,844.59,1758.7,1,0,0,0,0,4,3,2,0.4038,0.6329,0.4218,0.883866229,1,,0.6667,0.5
120067,Sterling Risk Advisors,Commercial Auto,PA,18501,2/1/2026,2/28/2026,0.7835,4955.86,1348.14,397.27,277.04,1,0,0,0,0,3,2,1,0.3173,0.503,0.3794,0.883866229,1,,0.5,0.3333
120067,Sterling Risk Advisors,Commercial Auto,PA,18501,3/1/2026,3/31/2026,0.8781,8827.53,1898.06,898.75,390.05,1,0,0,0,0,3,2,1,0.3482,0.5301,0.4378,0.883866229,1,,0.5,0.3333
120067,Sterling Risk Advisors,Commercial Auto,PA,18501,4/1/2025,4/30/2025,0.7689,4684.68,3245.71,474.75,992.81,0,1,1,0,0,3,2,1,0.281,0.6016,0.439,0.883866229,1,Withdrawn,0.5,0.3333
120067,Sterling Risk Advisors,Commercial Auto,PA,18501,5/1/2025,5/31/2025,0.9166,1938.33,625.81,150.96,5360.98,1,0,1,0,0,3,2,1,0.2595,0.5827,0.3923,0.883866229,1,,0.5,0.3333
120067,Sterling Risk Advisors,Commercial Auto,PA,18501,6/1/2025,6/30/2025,0.7561,9012.73,2533.53,726.81,1541.89,0,1,0,0,0,3,2,1,0.2552,0.4856,0.4196,0.883866229,1,,0.5,0.3333
120067,Sterling Risk Advisors,Commercial Auto,PA,18501,7/1/2025,7/31/2025,0.8562,5665.16,1892.51,541.56,179.32,1,1,0,0,0,3,2,1,0.3152,0.4975,0.3649,0.883866229,1,Declined,0.5,0.3333
120067,Sterling Risk Advisors,Commercial Auto,PA,18501,8/1/2025,8/31/2025,0.7902,5445.24,383.38,501.62,778.93,0,0,0,1,0,3,2,1,0.2671,0.5834,0.3739,0.883866229,1,Withdrawn,0.5,0.3333
120067,Sterling Risk Advisors,Commercial Auto,PA,18501,9/1/2025,9/30/2025,0.8995,3606.87,1231.91,358.04,1890.08,0,0,1,0,0,5,3,1,0.2831,0.6128,0.4245,0.883866229,2,,0.3333,0.2
120068,Tri-State Insurance Group,Business Owners Policy,NY,10001,1/1/2026,1/31/2026,0.4611,52048.7,0.0,5621.49,242.73,1,0,1,0,0,3,2,1,0.6953,0.9433,0.2488,0.890796493,1,,0.5,0.3333
120068,Tri-State Insurance Group,Business Owners Policy,NY,10001,10/1/2025,10/31/2025,0.4649,34709.19,0.0,3757.73,1044.82,1,0,1,0,0,3,2,1,0.6763,0.9276,0.2296,0.890796493,1,Withdrawn,0.5,0.3333
120068,Tri-State Insurance Group,Business Owners Policy,NY,10001,11/1/2025,11/30/2025,0.4458,39482.82,0.0,4198.5,1318.36,2,0,0,0,0,3,2,1,0.7361,0.9407,0.15,0.890796493,1,Declined,0.5,0.3333
120068,Tri-State Insurance Group,Business Owners Policy,NY,10001,12/1/2025,12/31/2025,0.4126,45008.5,0.0,4748.65,451.75,0,1,1,1,0,4,3,2,0.6995,0.9138,0.2045,0.890796493,1,Withdrawn,0.6667,0.5
120068,Tri-State Insurance Group,Business Owners Policy,NY,10001,2/1/2026,2/28/2026,0.439,45993.99,0.0,5669.73,941.52,0,1,0,0,0,4,3,1,0.6697,0.9217,0.168,0.890796493,1,,0.3333,0.25
120068,Tri-State Insurance Group,Business Owners Policy,NY,10001,3/1/2026,3/31/2026,0.3363,40158.75,0.0,4378.02,2600.31,0,0,0,0,0,3,2,1,0.7312,0.9257,0.1722,0.890796493,1,,0.5,0.3333
120068,Tri-State Insurance Group,Business Owners Policy,NY,10001,4/1/2025,4/30/2025,0.3944,48922.26,0.0,6518.31,1086.2,0,0,1,0,0,6,5,3,0.7285,0.9258,0.2476,0.890796493,1,Withdrawn,0.6,0.5
120068,Tri-State Insurance Group,Business Owners Policy,NY,10001,5/1/2025,5/31/2025,0.2966,43179.19,0.0,5009.64,2970.27,0,0,0,0,0,3,2,1,0.6233,0.9086,0.2244,0.890796493,1,Declined,0.5,0.3333
120068,Tri-State Insurance Group,Business Owners Policy,NY,10001,6/1/2025,6/30/2025,0.3726,33726.44,0.0,4390.69,833.1,1,0,1,1,0,4,3,1,0.6682,0.8969,0.2193,0.890796493,1,,0.3333,0.25
120068,Tri-State Insurance Group,Business Owners Policy,NY,10001,7/1/2025,7/31/2025,0.4472,60704.6,0.0,7160.26,3393.37,0,0,0,0,0,3,2,1,0.6523,0.8534,0.1882,0.890796493,1,,0.5,0.3333
120068,Tri-State Insurance Group,Business Owners Policy,NY,10001,8/1/2025,8/31/2025,0.2917,49675.25,0.0,6266.34,1148.65,1,1,1,0,0,3,2,1,0.6858,0.9376,0.1688,0.890796493,1,,0.5,0.3333
120068,Tri-State Insurance Group,Business Owners Policy,NY,10001,9/1/2025,9/30/2025,0.25,48371.56,0.0,5939.0,1686.21,0,0,0,1,0,5,2,1,0.6872,0.8908,0.1822,0.890796493,3,Withdrawn,0.5,0.2
120069,Crossroads Risk Management,Workers Comp,NY,11201,1/1/2026,1/31/2026,0.9145,500.0,0.0,50.0,4672.47,0,0,1,0,0,3,2,1,0.2757,0.4316,0.5235,0.948111298,1,Withdrawn,0.5,0.3333
120069,Crossroads Risk Management,Workers Comp,NY,11201,10/1/2025,10/31/2025,0.9778,5673.68,0.0,455.08,624.24,0,1,1,0,0,3,2,1,0.1925,0.2757,0.4761,0.948111298,1,Declined,0.5,0.3333
120069,Crossroads Risk Management,Workers Comp,NY,11201,11/1/2025,11/30/2025,0.9866,500.0,0.0,50.0,2521.57,1,0,0,1,0,3,2,1,0.1619,0.3946,0.4776,0.948111298,1,,0.5,0.3333
120069,Crossroads Risk Management,Workers Comp,NY,11201,12/1/2025,12/31/2025,0.9069,4841.71,0.0,337.73,752.36,2,1,1,1,0,3,2,1,0.1675,0.4976,0.5872,0.948111298,1,,0.5,0.3333
120069,Crossroads Risk Management,Workers Comp,NY,11201,2/1/2026,2/28/2026,1.0419,3114.91,0.0,280.65,2192.81,0,1,2,1,0,3,2,1,0.1705,0.4205,0.5567,0.948111298,1,,0.5,0.3333
120069,Crossroads Risk Management,Workers Comp,NY,11201,3/1/2026,3/31/2026,0.8942,2906.08,0.0,244.59,1560.31,0,1,1,0,0,3,2,1,0.2067,0.4497,0.5221,0.948111298,1,Withdrawn,0.5,0.3333
120069,Crossroads Risk Management,Workers Comp,NY,11201,4/1/2025,4/30/2025,0.9259,6415.63,0.0,491.2,4293.03,1,1,2,0,0,3,2,1,0.116,0.4088,0.4832,0.948111298,1,,0.5,0.3333
120069,Crossroads Risk Management,Workers Comp,NY,11201,5/1/2025,5/31/2025,0.8436,4482.98,0.0,341.25,951.95,2,1,0,0,0,6,4,2,0.1996,0.3443,0.5207,0.948111298,2,Withdrawn,0.5,0.3333
120069,Crossroads Risk Management,Workers Comp,NY,11201,6/1/2025,6/30/2025,0.9812,6277.64,0.0,510.84,59.05,2,1,0,0,0,5,4,3,0.2758,0.4629,0.5469,0.948111298,1,Declined,0.75,0.6
120069,Crossroads Risk Management,Workers Comp,NY,11201,7/1/2025,7/31/2025,0.8819,3199.18,0.0,249.31,2919.01,0,0,1,0,0,5,4,2,0.1463,0.4778,0.4763,0.948111298,1,Withdrawn,0.5,0.4
120069,Crossroads Risk Management,Workers Comp,NY,11201,8/1/2025,8/31/2025,0.988,4682.79,0.0,395.33,4610.41,2,1,2,0,0,3,2,1,0.1791,0.2955,0.5736,0.948111298,1,,0.5,0.3333
120069,Crossroads Risk Management,Workers Comp,NY,11201,9/1/2025,9/30/2025,0.9169,4110.82,0.0,310.57,1053.9,2,0,1,0,0,3,2,1,0.167,0.4372,0.5089,0.948111298,1,,0.5,0.3333
120070,Highmark Risk Advisors,Commercial Auto,NY,10301,1/1/2026,1/31/2026,0.8626,6084.43,4276.71,498.18,180.99,0,0,1,0,0,3,2,1,0.283,0.5631,0.4208,0.875474225,1,,0.5,0.3333
120070,Highmark Risk Advisors,Commercial Auto,NY,10301,10/1/2025,10/31/2025,0.8828,7680.14,1853.49,692.27,822.87,1,0,0,0,0,3,2,1,0.3057,0.5075,0.3439,0.875474225,1,Withdrawn,0.5,0.3333
120070,Highmark Risk Advisors,Commercial Auto,NY,10301,11/1/2025,11/30/2025,0.8188,8828.58,13347.11,847.36,402.22,0,1,0,0,0,7,4,3,0.2912,0.5111,0.4316,0.875474225,3,,0.75,0.4286
120070,Highmark Risk Advisors,Commercial Auto,NY,10301,12/1/2025,12/31/2025,0.7267,13163.47,13235.37,1047.79,702.58,1,0,0,1,0,3,2,1,0.3697,0.5743,0.4817,0.875474225,1,Withdrawn,0.5,0.3333
120070,Highmark Risk Advisors,Commercial Auto,NY,10301,2/1/2026,2/28/2026,0.8251,6948.98,9904.09,543.53,910.75,2,1,0,0,0,7,6,4,0.393,0.6178,0.3772,0.875474225,1,Withdrawn,0.6667,0.5714
120070,Highmark Risk Advisors,Commercial Auto,NY,10301,3/1/2026,3/31/2026,0.8503,6168.84,11065.83,503.77,1267.3,1,1,0,0,0,3,2,1,0.3251,0.5791,0.4682,0.875474225,1,Withdrawn,0.5,0.3333
120070,Highmark Risk Advisors,Commercial Auto,NY,10301,4/1/2025,4/30/2025,0.7365,9667.46,1636.27,987.22,3253.93,0,0,1,1,0,3,2,1,0.2862,0.5642,0.4882,0.875474225,1,,0.5,0.3333
120070,Highmark Risk Advisors,Commercial Auto,NY,10301,5/1/2025,5/31/2025,0.7527,4984.4,4543.59,390.8,484.79,1,1,2,0,0,3,2,1,0.3023,0.54,0.4523,0.875474225,1,Withdrawn,0.5,0.3333
120070,Highmark Risk Advisors,Commercial Auto,NY,10301,6/1/2025,6/30/2025,0.8817,8200.71,4967.86,741.86,824.62,1,1,2,0,0,4,3,2,0.3031,0.5824,0.4401,0.875474225,1,,0.6667,0.5
120070,Highmark Risk Advisors,Commercial Auto,NY,10301,7/1/2025,7/31/2025,0.8321,4014.11,2698.13,359.37,1784.61,2,0,1,0,0,3,2,1,0.3099,0.5188,0.423,0.875474225,1,,0.5,0.3333
120070,Highmark Risk Advisors,Commercial Auto,NY,10301,8/1/2025,8/31/2025,0.8176,12020.09,11068.84,1115.49,1650.29,0,0,2,0,0,3,2,1,0.3208,0.5633,0.3638,0.875474225,1,Withdrawn,0.5,0.3333
120070,Highmark Risk Advisors,Commercial Auto,NY,10301,9/1/2025,9/30/2025,0.7846,4188.65,3591.33,323.35,1169.76,1,1,1,0,0,7,6,3,0.287,0.4872,0.3906,0.875474225,1,,0.5,0.4286
120071,Capitol Insurance Services,Business Owners Policy,NY,14201,1/1/2026,1/31/2026,0.5913,29196.78,55.63,3553.22,1325.69,1,1,1,0,0,3,2,1,0.5493,0.8118,0.2595,0.971480925,1,Declined,0.5,0.3333
120071,Capitol Insurance Services,Business Owners Policy,NY,14201,10/1/2025,10/31/2025,0.5559,31408.83,274.69,3764.97,6344.89,1,1,0,0,0,5,4,1,0.576,0.8241,0.2699,0.971480925,1,,0.25,0.2
120071,Capitol Insurance Services,Business Owners Policy,NY,14201,11/1/2025,11/30/2025,0.4551,22461.19,291.2,2687.57,6137.42,1,0,1,1,0,3,2,1,0.5864,0.8344,0.2815,0.971480925,1,,0.5,0.3333
120071,Capitol Insurance Services,Business Owners Policy,NY,14201,12/1/2025,12/31/2025,0.5105,37588.26,116.54,4632.9,3665.43,2,0,0,1,0,4,3,2,0.5596,0.8517,0.2673,0.971480925,1,,0.6667,0.5
120071,Capitol Insurance Services,Business Owners Policy,NY,14201,2/1/2026,2/28/2026,0.5425,46206.6,299.36,4607.75,838.37,1,0,2,1,0,3,2,1,0.5663,0.8424,0.2737,0.971480925,1,,0.5,0.3333
120071,Capitol Insurance Services,Business Owners Policy,NY,14201,3/1/2026,3/31/2026,0.4989,21300.26,113.63,2344.98,4301.21,1,1,2,1,0,6,3,1,0.556,0.7674,0.2788,0.971480925,3,Declined,0.3333,0.1667
120071,Capitol Insurance Services,Business Owners Policy,NY,14201,4/1/2025,4/30/2025,0.539,27264.35,243.17,3233.91,1996.95,1,0,1,1,0,3,2,1,0.4463,0.8282,0.2461,0.971480925,1,Declined,0.5,0.3333
120071,Capitol Insurance Services,Business Owners Policy,NY,14201,5/1/2025,5/31/2025,0.551,23570.44,67.44,2652.59,1721.92,1,1,0,0,0,6,4,1,0.5004,0.8621,0.2536,0.971480925,2,Declined,0.25,0.1667
120071,Capitol Insurance Services,Business Owners Policy,NY,14201,6/1/2025,6/30/2025,0.5251,17587.3,188.19,1970.65,1053.16,2,0,1,0,0,5,4,1,0.6401,0.8365,0.2501,0.971480925,1,Withdrawn,0.25,0.2
120071,Capitol Insurance Services,Business Owners Policy,NY,14201,7/1/2025,7/31/2025,0.4388,16845.15,132.25,1891.28,2621.8,1,1,2,0,0,4,3,2,0.5106,0.8268,0.2938,0.971480925,1,,0.6667,0.5
120071,Capitol Insurance Services,Business Owners Policy,NY,14201,8/1/2025,8/31/2025,0.5279,22916.72,193.63,2287.2,7995.25,0,1,0,1,0,3,2,1,0.6366,0.7925,0.2864,0.971480925,1,,0.5,0.3333
120071,Capitol Insurance Services,Business Owners Policy,NY,14201,9/1/2025,9/30/2025,0.5475,15820.68,277.93,1925.3,4972.83,0,0,2,0,0,3,2,1,0.5055,0.8632,0.2732,0.971480925,1,,0.5,0.3333
120072,Tri-State Agency Group,Workers Comp,NJ,7030,1/1/2026,1/31/2026,0.3292,46793.47,406.41,5671.62,8704.93,0,0,1,1,0,3,2,1,0.6545,0.9034,0.2378,0.934210818,1,Declined,0.5,0.3333
120072,Tri-State Agency Group,Workers Comp,NJ,7030,10/1/2025,10/31/2025,0.4262,61658.41,813.49,6548.3,2537.24,1,1,1,0,0,3,2,1,0.6853,0.9346,0.1587,0.934210818,1,,0.5,0.3333
120072,Tri-State Agency Group,Workers Comp,NJ,7030,11/1/2025,11/30/2025,0.3864,49324.72,345.4,5471.16,786.54,1,1,0,1,0,3,2,1,0.7,0.9065,0.1776,0.934210818,1,,0.5,0.3333
120072,Tri-State Agency Group,Workers Comp,NJ,7030,12/1/2025,12/31/2025,0.4103,17046.7,733.23,2183.97,950.48,0,0,1,1,0,5,4,3,0.6815,0.9228,0.1847,0.934210818,1,Declined,0.75,0.6
120072,Tri-State Agency Group,Workers Comp,NJ,7030,2/1/2026,2/28/2026,0.3665,39853.82,182.75,5224.12,709.25,0,1,2,0,0,3,2,1,0.6263,0.9687,0.1821,0.934210818,1,Withdrawn,0.5,0.3333
120072,Tri-State Agency Group,Workers Comp,NJ,7030,3/1/2026,3/31/2026,0.405,65004.15,258.89,6954.29,1671.56,1,0,1,1,0,3,2,1,0.6432,0.9467,0.2259,0.934210818,1,,0.5,0.3333
120072,Tri-State Agency Group,Workers Comp,NJ,7030,4/1/2025,4/30/2025,0.3985,47158.97,829.63,4955.2,5148.19,3,0,1,0,0,5,3,2,0.7401,0.882,0.272,0.934210818,2,Withdrawn,0.6667,0.4
120072,Tri-State Agency Group,Workers Comp,NJ,7030,5/1/2025,5/31/2025,0.4303,62475.94,914.71,8384.95,3175.33,1,0,0,0,0,3,2,1,0.6787,0.9038,0.2574,0.934210818,1,,0.5,0.3333
120072,Tri-State Agency Group,Workers Comp,NJ,7030,6/1/2025,6/30/2025,0.344,33410.61,135.24,3695.79,462.93,0,1,1,0,0,3,2,1,0.7012,0.9264,0.1632,0.934210818,1,,0.5,0.3333
120072,Tri-State Agency Group,Workers Comp,NJ,7030,7/1/2025,7/31/2025,0.3477,40189.51,251.99,4527.85,1122.21,1,0,0,1,0,6,3,1,0.6392,0.8999,0.1642,0.934210818,3,Withdrawn,0.3333,0.1667
120072,Tri-State Agency Group,Workers Comp,NJ,7030,8/1/2025,8/31/2025,0.2824,48269.06,503.8,5500.36,1398.35,1,0,1,0,0,3,2,1,0.641,0.9351,0.2707,0.934210818,1,Declined,0.5,0.3333
120072,Tri-State Agency Group,Workers Comp,NJ,7030,9/1/2025,9/30/2025,0.405,34574.68,78.4,4531.96,1873.38,1,1,1,0,0,4,3,2,0.6619,0.9192,0.1902,0.934210818,1,Withdrawn,0.6667,0.5
120073,Pinnacle Risk Solutions,Commercial Auto,NJ,7102,1/1/2026,1/31/2026,0.7398,3400.82,0.0,339.53,2734.4,0,0,1,0,0,3,2,1,0.4035,0.6345,0.449,0.899464706,1,,0.5,0.3333
120073,Pinnacle Risk Solutions,Commercial Auto,NJ,7102,10/1/2025,10/31/2025,0.8619,761.1,0.0,59.72,1830.09,0,1,1,0,0,3,2,1,0.3244,0.5153,0.4645,0.899464706,1,,0.5,0.3333
120073,Pinnacle Risk Solutions,Commercial Auto,NJ,7102,11/1/2025,11/30/2025,0.7815,11856.36,0.0,1118.89,186.82,0,1,1,0,0,3,2,1,0.324,0.6213,0.4464,0.899464706,1,,0.5,0.3333
120073,Pinnacle Risk Solutions,Commercial Auto,NJ,7102,12/1/2025,12/31/2025,0.8449,1825.25,0.0,176.37,584.67,2,0,1,0,0,3,2,1,0.3239,0.5438,0.4648,0.899464706,1,,0.5,0.3333
120073,Pinnacle Risk Solutions,Commercial Auto,NJ,7102,2/1/2026,2/28/2026,0.7302,7238.72,0.0,683.04,1245.83,2,0,0,0,0,5,4,2,0.2932,0.6361,0.3833,0.899464706,1,,0.5,0.4
120073,Pinnacle Risk Solutions,Commercial Auto,NJ,7102,3/1/2026,3/31/2026,0.8655,7772.72,0.0,681.73,2319.87,0,1,1,0,0,5,3,1,0.3114,0.521,0.4506,0.899464706,2,Withdrawn,0.3333,0.2
120073,Pinnacle Risk Solutions,Commercial Auto,NJ,7102,4/1/2025,4/30/2025,0.8123,6182.77,0.0,572.49,359.12,0,1,0,0,0,3,2,1,0.2609,0.5321,0.3859,0.899464706,1,,0.5,0.3333
120073,Pinnacle Risk Solutions,Commercial Auto,NJ,7102,5/1/2025,5/31/2025,0.894,11114.42,0.0,917.35,3262.49,1,0,1,0,0,4,3,2,0.2928,0.5372,0.4096,0.899464706,1,,0.6667,0.5
120073,Pinnacle Risk Solutions,Commercial Auto,NJ,7102,6/1/2025,6/30/2025,0.8084,10252.59,0.0,916.4,110.79,0,0,0,0,0,5,4,2,0.2521,0.5812,0.4416,0.899464706,1,Declined,0.5,0.4
120073,Pinnacle Risk Solutions,Commercial Auto,NJ,7102,7/1/2025,7/31/2025,0.8326,8610.93,0.0,678.84,749.78,2,0,1,0,0,3,2,1,0.2274,0.5351,0.3556,0.899464706,1,Declined,0.5,0.3333
120073,Pinnacle Risk Solutions,Commercial Auto,NJ,7102,8/1/2025,8/31/2025,0.8354,5462.4,0.0,534.81,1849.43,0,1,0,0,0,3,2,1,0.2801,0.5314,0.4677,0.899464706,1,,0.5,0.3333
120073,Pinnacle Risk Solutions,Commercial Auto,NJ,7102,9/1/2025,9/30/2025,0.7719,6008.87,0.0,600.83,2588.68,0,0,0,0,0,7,5,3,0.2702,0.5547,0.4374,0.899464706,2,Withdrawn,0.6,0.4286
120074,Clearwater Insurance Group,Business Owners Policy,NJ,8401,1/1/2026,1/31/2026,0.7568,6011.53,161.5,620.45,5996.49,1,0,1,0,0,3,2,1,0.2775,0.4849,0.4371,0.967008982,1,Withdrawn,0.5,0.3333
120074,Clearwater Insurance Group,Business Owners Policy,NJ,8401,10/1/2025,10/31/2025,0.9205,500.0,1218.63,50.0,952.04,1,0,1,0,1,3,2,1,0.3248,0.5457,0.4137,0.967008982,1,Declined,0.5,0.3333
120074,Clearwater Insurance Group,Business Owners Policy,NJ,8401,11/1/2025,11/30/2025,0.8568,5381.23,1746.77,469.56,8469.35,0,1,1,0,0,3,2,1,0.3465,0.5784,0.435,0.967008982,1,Withdrawn,0.5,0.3333
120074,Clearwater Insurance Group,Business Owners Policy,NJ,8401,12/1/2025,12/31/2025,0.8737,6122.11,685.94,555.42,1115.58,2,0,1,0,0,3,2,1,0.2749,0.4721,0.406,0.967008982,1,Withdrawn,0.5,0.3333
120074,Clearwater Insurance Group,Business Owners Policy,NJ,8401,2/1/2026,2/28/2026,0.8086,5533.34,336.99,473.16,6303.84,0,1,0,1,0,7,4,2,0.2879,0.6382,0.3601,0.967008982,3,,0.5,0.2857
120074,Clearwater Insurance Group,Business Owners Policy,NJ,8401,3/1/2026,3/31/2026,0.9153,11325.42,1493.29,906.42,2220.68,2,0,0,1,0,3,2,1,0.2955,0.5341,0.4629,0.967008982,1,Withdrawn,0.5,0.3333
120074,Clearwater Insurance Group,Business Owners Policy,NJ,8401,4/1/2025,4/30/2025,0.8459,8826.21,981.48,722.21,3190.85,0,0,0,0,0,3,2,1,0.21,0.6986,0.4496,0.967008982,1,,0.5,0.3333
120074,Clearwater Insurance Group,Business Owners Policy,NJ,8401,5/1/2025,5/31/2025,0.7866,6546.54,922.23,516.54,2779.74,0,1,1,0,0,9,8,3,0.3275,0.5163,0.4464,0.967008982,1,,0.375,0.3333
120074,Clearwater Insurance Group,Business Owners Policy,NJ,8401,6/1/2025,6/30/2025,0.8705,3007.88,503.15,278.75,1284.27,1,0,3,0,0,3,2,1,0.2395,0.6376,0.4209,0.967008982,1,Declined,0.5,0.3333
120074,Clearwater Insurance Group,Business Owners Policy,NJ,8401,7/1/2025,7/31/2025,0.6893,6248.32,1646.92,584.94,1540.87,2,0,1,0,0,3,2,1,0.3183,0.4962,0.4637,0.967008982,1,,0.5,0.3333
120074,Clearwater Insurance Group,Business Owners Policy,NJ,8401,8/1/2025,8/31/2025,0.7064,8603.09,1037.54,774.99,1247.04,0,0,0,1,0,3,2,1,0.2841,0.5106,0.4325,0.967008982,1,Withdrawn,0.5,0.3333
120074,Clearwater Insurance Group,Business Owners Policy,NJ,8401,9/1/2025,9/30/2025,0.8255,5776.09,1249.89,509.66,2814.65,1,1,1,1,0,3,2,1,0.3364,0.5338,0.4283,0.967008982,1,Declined,0.5,0.3333
120075,Patriot Risk Solutions,Workers Comp,NJ,7601,1/1/2026,1/31/2026,0.7884,4871.71,0.0,415.0,1828.14,1,1,0,0,0,3,2,1,0.335,0.5318,0.3991,0.904815069,1,Withdrawn,0.5,0.3333
120075,Patriot Risk Solutions,Workers Comp,NJ,7601,10/1/2025,10/31/2025,0.8587,5811.37,0.0,524.59,1040.01,1,0,0,0,0,3,2,1,0.2608,0.5673,0.4473,0.904815069,1,,0.5,0.3333
120075,Patriot Risk Solutions,Workers Comp,NJ,7601,11/1/2025,11/30/2025,0.8756,9891.72,0.0,972.17,2827.96,0,0,1,0,0,5,4,1,0.3262,0.5611,0.4164,0.904815069,1,Withdrawn,0.25,0.2
120075,Patriot Risk Solutions,Workers Comp,NJ,7601,12/1/2025,12/31/2025,0.8188,9380.05,0.0,730.83,3062.75,2,1,2,0,0,3,2,1,0.2474,0.5489,0.3617,0.904815069,1,Withdrawn,0.5,0.3333
120075,Patriot Risk Solutions,Workers Comp,NJ,7601,2/1/2026,2/28/2026,0.8613,8025.48,0.0,657.41,1128.78,1,1,1,0,0,3,2,1,0.3474,0.5671,0.3955,0.904815069,1,Withdrawn,0.5,0.3333
120075,Patriot Risk Solutions,Workers Comp,NJ,7601,3/1/2026,3/31/2026,0.8164,3621.29,0.0,366.08,393.9,0,0,1,0,0,3,2,1,0.2834,0.5223,0.3921,0.904815069,1,Withdrawn,0.5,0.3333
120075,Patriot Risk Solutions,Workers Comp,NJ,7601,4/1/2025,4/30/2025,0.739,5674.45,0.0,495.85,1177.09,1,0,1,1,0,3,2,1,0.2437,0.586,0.4907,0.904815069,1,,0.5,0.3333
120075,Patriot Risk Solutions,Workers Comp,NJ,7601,5/1/2025,5/31/2025,0.8267,10257.46,0.0,810.6,177.04,2,0,1,0,0,4,3,2,0.2436,0.6204,0.4735,0.904815069,1,,0.6667,0.5
120075,Patriot Risk Solutions,Workers Comp,NJ,7601,6/1/2025,6/30/2025,0.7578,10270.55,0.0,923.78,587.24,1,0,0,0,0,4,2,1,0.3264,0.5682,0.4119,0.904815069,2,,0.5,0.25
120075,Patriot Risk Solutions,Workers Comp,NJ,7601,7/1/2025,7/31/2025,0.7751,9478.75,0.0,737.14,2766.84,1,1,0,1,0,5,4,3,0.3156,0.5409,0.4583,0.904815069,1,Withdrawn,0.75,0.6
120075,Patriot Risk Solutions,Workers Comp,NJ,7601,8/1/2025,8/31/2025,0.9109,6490.44,0.0,574.81,1755.91,0,0,1,0,0,4,3,2,0.28,0.5513,0.4353,0.904815069,1,,0.6667,0.5
120075,Patriot Risk Solutions,Workers Comp,NJ,7601,9/1/2025,9/30/2025,0.9182,10108.47,0.0,1034.21,2622.08,0,1,2,0,0,4,2,1,0.3474,0.4635,0.4448,0.904815069,2,,0.5,0.25
120076,Liberty Risk Management,Commercial Auto,PA,19103,1/1/2026,1/31/2026,0.6769,4865.61,0.0,482.91,789.4,1,0,0,1,0,7,3,1,0.3171,0.5767,0.4498,0.844645746,4,,0.3333,0.1429
120076,Liberty Risk Management,Commercial Auto,PA,19103,10/1/2025,10/31/2025,0.7969,6589.61,0.0,611.16,487.61,0,0,0,0,0,3,2,1,0.2435,0.5096,0.4763,0.844645746,1,Withdrawn,0.5,0.3333
120076,Liberty Risk Management,Commercial Auto,PA,19103,11/1/2025,11/30/2025,0.8123,9109.43,0.0,886.56,147.23,1,1,1,0,0,4,3,2,0.364,0.4603,0.3939,0.844645746,1,,0.6667,0.5
120076,Liberty Risk Management,Commercial Auto,PA,19103,12/1/2025,12/31/2025,0.852,7867.07,0.0,666.24,903.74,1,1,1,0,0,4,3,1,0.3118,0.5731,0.4494,0.844645746,1,Withdrawn,0.3333,0.25
120076,Liberty Risk Management,Commercial Auto,PA,19103,2/1/2026,2/28/2026,0.7569,7406.69,0.0,700.01,1577.04,1,0,0,0,0,5,3,2,0.2943,0.5586,0.3187,0.844645746,2,,0.6667,0.4
120076,Liberty Risk Management,Commercial Auto,PA,19103,3/1/2026,3/31/2026,0.8637,7332.17,0.0,597.89,430.55,0,0,0,0,0,3,2,1,0.2832,0.6036,0.4099,0.844645746,1,Declined,0.5,0.3333
120076,Liberty Risk Management,Commercial Auto,PA,19103,4/1/2025,4/30/2025,0.8503,4762.17,0.0,396.51,171.74,0,0,1,0,0,3,2,1,0.2399,0.508,0.4451,0.844645746,1,Declined,0.5,0.3333
120076,Liberty Risk Management,Commercial Auto,PA,19103,5/1/2025,5/31/2025,0.7803,2831.11,0.0,282.75,516.11,0,1,0,0,0,4,3,2,0.3008,0.6131,0.3952,0.844645746,1,,0.6667,0.5
120076,Liberty Risk Management,Commercial Auto,PA,19103,6/1/2025,6/30/2025,0.8092,10946.52,0.0,1121.02,1034.1,0,0,0,0,0,3,2,1,0.27,0.6346,0.4156,0.844645746,1,,0.5,0.3333
120076,Liberty Risk Management,Commercial Auto,PA,19103,7/1/2025,7/31/2025,0.8326,6974.91,0.0,718.95,388.65,1,0,0,0,0,3,2,1,0.2769,0.635,0.4385,0.844645746,1,,0.5,0.3333
120076,Liberty Risk Management,Commercial Auto,PA,19103,8/1/2025,8/31/2025,0.7567,12067.57,0.0,1068.4,421.7,1,0,1,1,0,3,2,1,0.3381,0.5084,0.4059,0.844645746,1,,0.5,0.3333
120076,Liberty Risk Management,Commercial Auto,PA,19103,9/1/2025,9/30/2025,0.9202,500.0,0.0,50.0,164.36,0,0,2,0,0,4,3,2,0.3679,0.6065,0.3996,0.844645746,1,,0.6667,0.5
120077,Premier Insurance Partners,Business Owners Policy,PA,15222,1/1/2026,1/31/2026,0.3505,42928.45,0.0,5506.12,1961.12,0,1,2,0,0,3,2,1,0.7003,0.8905,0.2498,0.921710416,1,,0.5,0.3333
120077,Premier Insurance Partners,Business Owners Policy,PA,15222,10/1/2025,10/31/2025,0.4183,45586.43,0.0,5443.78,1485.04,1,0,0,0,0,5,3,2,0.7185,0.9093,0.2416,0.921710416,2,Withdrawn,0.6667,0.4
120077,Premier Insurance Partners,Business Owners Policy,PA,15222,11/1/2025,11/30/2025,0.3173,45377.9,0.0,5734.65,1163.31,1,1,1,0,0,4,3,1,0.7173,0.8975,0.2092,0.921710416,1,Declined,0.3333,0.25
120077,Premier Insurance Partners,Business Owners Policy,PA,15222,12/1/2025,12/31/2025,0.4214,46115.16,0.0,5529.78,1995.17,1,2,1,0,0,3,2,1,0.6586,0.9167,0.1966,0.921710416,1,Declined,0.5,0.3333
120077,Premier Insurance Partners,Business Owners Policy,PA,15222,2/1/2026,2/28/2026,0.3594,36982.28,0.0,4442.79,966.0,1,1,1,0,0,3,2,1,0.5821,0.8904,0.1988,0.921710416,1,Declined,0.5,0.3333
120077,Premier Insurance Partners,Business Owners Policy,PA,15222,3/1/2026,3/31/2026,0.3916,69433.87,0.0,8927.71,1434.06,1,0,0,0,0,5,4,2,0.722,0.8845,0.2189,0.921710416,1,,0.5,0.4
120077,Premier Insurance Partners,Business Owners Policy,PA,15222,4/1/2025,4/30/2025,0.4501,59233.75,0.0,6702.56,1639.87,0,1,1,0,0,3,2,1,0.543,0.8971,0.1883,0.921710416,1,,0.5,0.3333
120077,Premier Insurance Partners,Business Owners Policy,PA,15222,5/1/2025,5/31/2025,0.4724,34386.09,0.0,4240.81,3432.06,1,1,1,0,0,3,2,1,0.663,0.92,0.2167,0.921710416,1,,0.5,0.3333
120077,Premier Insurance Partners,Business Owners Policy,PA,15222,6/1/2025,6/30/2025,0.4046,42741.57,0.0,4403.02,2897.48,1,0,1,0,0,10,9,7,0.7029,0.9123,0.2017,0.921710416,1,Withdrawn,0.7778,0.7
120077,Premier Insurance Partners,Business Owners Policy,PA,15222,7/1/2025,7/31/2025,0.3738,37581.92,0.0,5075.75,543.82,0,0,1,0,0,3,2,1,0.761,0.9035,0.2246,0.921710416,1,Withdrawn,0.5,0.3333
120077,Premier Insurance Partners,Business Owners Policy,PA,15222,8/1/2025,8/31/2025,0.3037,52914.38,0.0,7125.91,1486.91,1,0,0,0,0,3,2,1,0.6819,0.928,0.1986,0.921710416,1,,0.5,0.3333
120077,Premier Insurance Partners,Business Owners Policy,PA,15222,9/1/2025,9/30/2025,0.486,56641.21,0.0,6760.23,5474.85,1,1,0,0,0,3,2,1,0.6685,0.889,0.2128,0.921710416,1,,0.5,0.3333
120078,Benchmark Insurance Group,Workers Comp,PA,17101,1/1/2026,1/31/2026,0.5399,25436.92,2063.41,2941.86,1306.8,1,1,0,0,0,3,2,1,0.5423,0.8317,0.2702,0.909848386,1,,0.5,0.3333
120078,Benchmark Insurance Group,Workers Comp,PA,17101,10/1/2025,10/31/2025,0.4432,31184.76,1095.93,3560.26,3579.87,1,0,1,0,0,3,2,1,0.5806,0.7825,0.2785,0.909848386,1,,0.5,0.3333
120078,Benchmark Insurance Group,Workers Comp,PA,17101,11/1/2025,11/30/2025,0.5013,29211.22,519.93,3457.9,761.46,0,1,1,0,0,3,2,1,0.5932,0.7978,0.291,0.909848386,1,,0.5,0.3333
120078,Benchmark Insurance Group,Workers Comp,PA,17101,12/1/2025,12/31/2025,0.5679,32654.99,1175.26,3165.27,915.11,0,0,2,0,0,3,2,1,0.6167,0.7761,0.2711,0.909848386,1,Declined,0.5,0.3333
120078,Benchmark Insurance Group,Workers Comp,PA,17101,2/1/2026,2/28/2026,0.5972,34084.05,1744.81,4007.82,2011.27,1,0,0,0,0,3,2,1,0.618,0.735,0.2632,0.909848386,1,Declined,0.5,0.3333
120078,Benchmark Insurance Group,Workers Comp,PA,17101,3/1/2026,3/31/2026,0.4454,36097.8,1461.24,3437.05,1092.59,1,1,0,0,0,3,2,1,0.6036,0.7833,0.3332,0.909848386,1,,0.5,0.3333
120078,Benchmark Insurance Group,Workers Comp,PA,17101,4/1/2025,4/30/2025,0.5421,36082.2,1793.75,3824.19,1117.45,1,0,0,1,0,5,2,1,0.5097,0.7937,0.3138,0.909848386,3,,0.5,0.2
120078,Benchmark Insurance Group,Workers Comp,PA,17101,5/1/2025,5/31/2025,0.5473,27902.85,108.92,3318.33,3481.1,1,0,0,0,0,3,2,1,0.5625,0.8273,0.2683,0.909848386,1,Declined,0.5,0.3333
120078,Benchmark Insurance Group,Workers Comp,PA,17101,6/1/2025,6/30/2025,0.5504,33551.39,3132.07,3389.61,1569.54,0,0,1,1,0,3,2,1,0.4782,0.8054,0.2356,0.909848386,1,,0.5,0.3333
120078,Benchmark Insurance Group,Workers Comp,PA,17101,7/1/2025,7/31/2025,0.593,8893.66,56.87,1009.14,1893.0,1,0,1,0,0,5,4,1,0.5519,0.8424,0.2849,0.909848386,1,,0.25,0.2
120078,Benchmark Insurance Group,Workers Comp,PA,17101,8/1/2025,8/31/2025,0.5115,29436.98,955.44,2879.69,988.64,0,1,0,0,0,5,3,1,0.551,0.7804,0.3647,0.909848386,2,Withdrawn,0.3333,0.2
120078,Benchmark Insurance Group,Workers Comp,PA,17101,9/1/2025,9/30/2025,0.6307,19033.5,537.75,1850.36,2577.76,0,0,1,0,0,6,5,2,0.5528,0.8353,0.2755,0.909848386,1,,0.4,0.3333
120079,Clearwater Insurance Services,Commercial Auto,PA,18501,1/1/2026,1/31/2026,0.3461,29782.36,134.35,3324.29,162.14,0,1,0,1,0,3,2,1,0.6551,0.9351,0.1652,0.814301168,1,,0.5,0.3333
120079,Clearwater Insurance Services,Commercial Auto,PA,18501,10/1/2025,10/31/2025,0.3699,69032.19,87.81,8817.43,583.46,0,0,1,0,0,3,2,1,0.739,0.9106,0.1746,0.814301168,1,Declined,0.5,0.3333
120079,Clearwater Insurance Services,Commercial Auto,PA,18501,11/1/2025,11/30/2025,0.356,44694.07,95.57,4632.92,1452.42,1,0,0,0,0,3,2,1,0.7106,0.9079,0.1876,0.814301168,1,,0.5,0.3333
120079,Clearwater Insurance Services,Commercial Auto,PA,18501,12/1/2025,12/31/2025,0.367,38375.48,89.69,5114.56,201.36,0,0,0,0,0,3,2,1,0.7976,0.921,0.15,0.814301168,1,,0.5,0.3333
120079,Clearwater Insurance Services,Commercial Auto,PA,18501,2/1/2026,2/28/2026,0.3336,55280.85,126.12,5962.84,224.14,0,0,1,1,0,3,2,1,0.6282,0.9117,0.267,0.814301168,1,Withdrawn,0.5,0.3333
120079,Clearwater Insurance Services,Commercial Auto,PA,18501,3/1/2026,3/31/2026,0.4039,49611.35,123.01,6674.83,883.29,0,0,0,0,0,6,4,2,0.6691,0.9164,0.2209,0.814301168,2,Declined,0.5,0.3333
120079,Clearwater Insurance Services,Commercial Auto,PA,18501,4/1/2025,4/30/2025,0.4134,35795.19,39.46,4514.43,712.32,0,0,0,0,0,3,2,1,0.7661,0.9013,0.1529,0.814301168,1,,0.5,0.3333
120079,Clearwater Insurance Services,Commercial Auto,PA,18501,5/1/2025,5/31/2025,0.3438,31722.31,161.5,4336.47,833.9,0,0,0,0,0,4,3,1,0.6116,0.8619,0.2004,0.814301168,1,Withdrawn,0.3333,0.25
120079,Clearwater Insurance Services,Commercial Auto,PA,18501,6/1/2025,6/30/2025,0.3713,38111.01,166.19,4927.82,298.33,1,0,1,0,0,3,2,1,0.6705,0.9305,0.2113,0.814301168,1,Declined,0.5,0.3333
120079,Clearwater Insurance Services,Commercial Auto,PA,18501,7/1/2025,7/31/2025,0.3631,51270.12,127.48,6159.93,187.98,1,0,0,0,0,8,5,1,0.6177,0.949,0.2488,0.814301168,3,Declined,0.2,0.125
120079,Clearwater Insurance Services,Commercial Auto,PA,18501,8/1/2025,8/31/2025,0.2739,44785.26,91.11,4827.21,626.25,0,0,1,0,0,3,2,1,0.6901,0.9023,0.221,0.814301168,1,,0.5,0.3333
120079,Clearwater Insurance Services,Commercial Auto,PA,18501,9/1/2025,9/30/2025,0.3214,49070.13,37.49,5765.32,866.64,1,0,0,0,0,3,2,1,0.6349,0.9058,0.15,0.814301168,1,,0.5,0.3333
120080,Summit Agency Group,Business Owners Policy,NY,10001,1/1/2026,1/31/2026,0.8542,7088.29,786.05,600.3,2705.95,0,1,1,1,0,3,2,1,0.3341,0.5441,0.4067,0.922728579,1,,0.5,0.3333
120080,Summit Agency Group,Business Owners Policy,NY,10001,10/1/2025,10/31/2025,0.851,12923.19,2256.24,1319.73,1004.6,3,1,0,1,0,7,5,4,0.2708,0.5607,0.3965,0.922728579,2,Withdrawn,0.8,0.5714
120080,Summit Agency Group,Business Owners Policy,NY,10001,11/1/2025,11/30/2025,0.8323,9092.76,319.47,742.03,1503.65,1,1,2,0,0,6,5,4,0.2934,0.6644,0.3551,0.922728579,1,,0.8,0.6667
120080,Summit Agency Group,Business Owners Policy,NY,10001,12/1/2025,12/31/2025,0.7698,7820.59,1444.85,647.7,3279.86,1,0,0,1,0,3,2,1,0.2126,0.5882,0.3636,0.922728579,1,,0.5,0.3333
120080,Summit Agency Group,Business Owners Policy,NY,10001,2/1/2026,2/28/2026,0.8474,6679.09,511.29,603.39,1828.35,1,0,1,0,0,4,2,1,0.3236,0.5631,0.5039,0.922728579,2,Declined,0.5,0.25
120080,Summit Agency Group,Business Owners Policy,NY,10001,3/1/2026,3/31/2026,0.9365,6214.9,1590.45,633.28,695.91,2,0,2,0,0,4,3,1,0.374,0.4851,0.4068,0.922728579,1,Declined,0.3333,0.25
120080,Summit Agency Group,Business Owners Policy,NY,10001,4/1/2025,4/30/2025,0.8029,8530.37,5706.21,879.42,2275.39,1,1,0,0,0,3,2,1,0.2897,0.7249,0.4158,0.922728579,1,Withdrawn,0.5,0.3333
120080,Summit Agency Group,Business Owners Policy,NY,10001,5/1/2025,5/31/2025,0.781,500.0,328.54,50.0,1362.8,1,1,1,0,0,3,2,1,0.3765,0.6048,0.4352,0.922728579,1,Withdrawn,0.5,0.3333
120080,Summit Agency Group,Business Owners Policy,NY,10001,6/1/2025,6/30/2025,0.6817,10309.65,4179.64,816.38,1498.56,0,0,2,0,0,3,2,1,0.2908,0.7052,0.4056,0.922728579,1,,0.5,0.3333
120080,Summit Agency Group,Business Owners Policy,NY,10001,7/1/2025,7/31/2025,0.9065,4537.42,4864.28,396.46,1369.38,1,0,1,0,0,4,3,2,0.3021,0.583,0.3822,0.922728579,1,,0.6667,0.5
120080,Summit Agency Group,Business Owners Policy,NY,10001,8/1/2025,8/31/2025,0.7711,7101.16,491.05,675.04,1574.65,1,1,1,0,0,3,2,1,0.2894,0.5075,0.427,0.922728579,1,Declined,0.5,0.3333
120080,Summit Agency Group,Business Owners Policy,NY,10001,9/1/2025,9/30/2025,0.8361,4161.17,2930.25,321.1,1339.16,0,1,1,0,0,3,2,1,0.3745,0.556,0.394,0.922728579,1,Withdrawn,0.5,0.3333
120081,Broadstreet Insurance Services,Workers Comp,NY,11201,1/1/2026,1/31/2026,0.7112,8484.08,0.0,737.84,4023.57,1,0,1,1,0,4,2,1,0.414,0.7005,0.3809,0.927005649,2,Declined,0.5,0.25
120081,Broadstreet Insurance Services,Workers Comp,NY,11201,10/1/2025,10/31/2025,0.7574,7985.98,0.0,730.75,1710.49,0,0,0,0,0,3,2,1,0.3341,0.7808,0.3602,0.927005649,1,,0.5,0.3333
120081,Broadstreet Insurance Services,Workers Comp,NY,11201,11/1/2025,11/30/2025,0.7251,17604.98,0.0,1752.71,3343.33,0,0,0,1,0,4,3,2,0.3138,0.6503,0.3041,0.927005649,1,,0.6667,0.5
120081,Broadstreet Insurance Services,Workers Comp,NY,11201,12/1/2025,12/31/2025,0.6618,17138.06,0.0,1811.53,2643.63,0,0,2,0,0,6,4,1,0.3755,0.7266,0.2839,0.927005649,2,Withdrawn,0.25,0.1667
120081,Broadstreet Insurance Services,Workers Comp,NY,11201,2/1/2026,2/28/2026,0.6033,12495.1,0.0,1310.89,763.88,2,1,2,0,0,6,5,4,0.3941,0.6211,0.2861,0.927005649,1,,0.8,0.6667
120081,Broadstreet Insurance Services,Workers Comp,NY,11201,3/1/2026,3/31/2026,0.6558,13105.08,0.0,1196.64,682.97,0,0,0,0,0,3,2,1,0.3512,0.7484,0.3028,0.927005649,1,,0.5,0.3333
120081,Broadstreet Insurance Services,Workers Comp,NY,11201,4/1/2025,4/30/2025,0.654,10822.29,0.0,963.47,1353.59,1,1,1,0,0,3,2,1,0.4007,0.6839,0.3191,0.927005649,1,Withdrawn,0.5,0.3333
120081,Broadstreet Insurance Services,Workers Comp,NY,11201,5/1/2025,5/31/2025,0.7146,22837.51,0.0,2116.6,1701.55,2,0,0,0,0,3,2,1,0.4444,0.7591,0.2992,0.927005649,1,,0.5,0.3333
120081,Broadstreet Insurance Services,Workers Comp,NY,11201,6/1/2025,6/30/2025,0.6428,17361.47,0.0,1929.55,3635.84,2,1,1,1,0,3,2,1,0.4896,0.6139,0.3496,0.927005649,1,,0.5,0.3333
120081,Broadstreet Insurance Services,Workers Comp,NY,11201,7/1/2025,7/31/2025,0.595,5554.44,0.0,533.33,3156.54,0,1,1,0,1,3,2,1,0.4129,0.6907,0.2983,0.927005649,1,Withdrawn,0.5,0.3333
120081,Broadstreet Insurance Services,Workers Comp,NY,11201,8/1/2025,8/31/2025,0.6841,16254.81,0.0,1681.16,1255.16,1,1,0,0,0,4,3,2,0.344,0.654,0.3615,0.927005649,1,,0.6667,0.5
120081,Broadstreet Insurance Services,Workers Comp,NY,11201,9/1/2025,9/30/2025,0.7705,15564.98,0.0,1555.18,1924.37,1,0,2,0,0,3,2,1,0.2951,0.6887,0.3707,0.927005649,1,,0.5,0.3333
120082,Patriot Insurance Services,Commercial Auto,NY,10301,1/1/2026,1/31/2026,0.5409,26590.93,420.65,2840.45,1971.1,0,1,0,0,0,3,2,1,0.5306,0.7932,0.3118,0.883988875,1,,0.5,0.3333
120082,Patriot Insurance Services,Commercial Auto,NY,10301,10/1/2025,10/31/2025,0.376,31756.63,415.7,3815.46,360.09,1,1,0,0,0,3,2,1,0.5551,0.8732,0.2565,0.883988875,1,Declined,0.5,0.3333
120082,Patriot Insurance Services,Commercial Auto,NY,10301,11/1/2025,11/30/2025,0.5359,33167.12,177.05,3695.31,452.15,1,1,0,0,0,3,2,1,0.4563,0.8439,0.2532,0.883988875,1,,0.5,0.3333
120082,Patriot Insurance Services,Commercial Auto,NY,10301,12/1/2025,12/31/2025,0.4841,32860.53,599.5,3426.99,765.26,0,0,1,0,0,3,2,1,0.5442,0.7881,0.2849,0.883988875,1,,0.5,0.3333
120082,Patriot Insurance Services,Commercial Auto,NY,10301,2/1/2026,2/28/2026,0.5903,20266.38,652.48,2421.23,442.15,0,1,0,0,0,4,3,2,0.5702,0.8554,0.285,0.883988875,1,Declined,0.6667,0.5
120082,Patriot Insurance Services,Commercial Auto,NY,10301,3/1/2026,3/31/2026,0.5022,30226.87,392.7,3553.0,2561.05,0,0,0,0,0,3,2,1,0.6946,0.8039,0.2753,0.883988875,1,,0.5,0.3333
120082,Patriot Insurance Services,Commercial Auto,NY,10301,4/1/2025,4/30/2025,0.6236,17432.97,180.42,1678.68,689.65,0,0,1,0,0,6,4,2,0.6616,0.8573,0.2326,0.883988875,2,,0.5,0.3333
120082,Patriot Insurance Services,Commercial Auto,NY,10301,5/1/2025,5/31/2025,0.5963,28005.77,159.32,3266.67,3304.82,0,1,1,0,0,4,3,2,0.612,0.8079,0.2712,0.883988875,1,,0.6667,0.5
120082,Patriot Insurance Services,Commercial Auto,NY,10301,6/1/2025,6/30/2025,0.5139,29092.78,64.17,2880.34,504.53,1,0,0,0,0,3,2,1,0.4753,0.77,0.315,0.883988875,1,,0.5,0.3333
120082,Patriot Insurance Services,Commercial Auto,NY,10301,7/1/2025,7/31/2025,0.5515,28940.65,421.29,3096.49,633.97,1,0,0,0,0,3,2,1,0.5628,0.8042,0.3011,0.883988875,1,,0.5,0.3333
120082,Patriot Insurance Services,Commercial Auto,NY,10301,8/1/2025,8/31/2025,0.5233,28279.1,87.69,3137.38,4333.07,0,0,1,0,0,5,4,3,0.6553,0.7956,0.3416,0.883988875,1,,0.75,0.6
120082,Patriot Insurance Services,Commercial Auto,NY,10301,9/1/2025,9/30/2025,0.4675,30608.36,750.17,3589.76,423.16,1,0,1,0,0,6,4,3,0.5115,0.8439,0.2981,0.883988875,2,Declined,0.75,0.5
120083,Crestview Risk Management,Business Owners Policy,NY,14201,1/1/2026,1/31/2026,0.4385,50363.78,67.0,5152.25,720.86,2,0,1,1,0,3,2,1,0.5723,0.9237,0.21,0.916532354,1,,0.5,0.3333
120083,Crestview Risk Management,Business Owners Policy,NY,14201,10/1/2025,10/31/2025,0.3417,47798.15,32.94,6089.38,3452.88,1,1,0,0,0,3,2,1,0.7027,0.886,0.2188,0.916532354,1,Withdrawn,0.5,0.3333
120083,Crestview Risk Management,Business Owners Policy,NY,14201,11/1/2025,11/30/2025,0.3201,64084.84,102.45,7740.62,891.47,0,0,0,0,0,5,4,3,0.6996,0.9498,0.2587,0.916532354,1,Withdrawn,0.75,0.6
120083,Crestview Risk Management,Business Owners Policy,NY,14201,12/1/2025,12/31/2025,0.3459,30322.33,13.43,3285.75,852.66,2,1,1,1,0,6,4,2,0.7269,0.9251,0.225,0.916532354,2,Withdrawn,0.5,0.3333
120083,Crestview Risk Management,Business Owners Policy,NY,14201,2/1/2026,2/28/2026,0.4318,50615.41,108.27,5775.84,2191.4,2,2,0,0,0,4,3,1,0.6191,0.9331,0.2151,0.916532354,1,Withdrawn,0.3333,0.25
120083,Crestview Risk Management,Business Owners Policy,NY,14201,3/1/2026,3/31/2026,0.3098,38047.75,97.15,4495.06,3981.97,1,0,1,0,0,10,9,5,0.6082,0.8895,0.1901,0.916532354,1,Withdrawn,0.5556,0.5
120083,Crestview Risk Management,Business Owners Policy,NY,14201,4/1/2025,4/30/2025,0.4484,47395.33,60.15,5102.6,1812.92,0,0,0,1,0,3,2,1,0.7023,0.9088,0.1849,0.916532354,1,Declined,0.5,0.3333
120083,Crestview Risk Management,Business Owners Policy,NY,14201,5/1/2025,5/31/2025,0.4457,48667.18,20.25,5735.7,4274.47,0,1,2,0,0,3,2,1,0.7195,0.9491,0.2141,0.916532354,1,,0.5,0.3333
120083,Crestview Risk Management,Business Owners Policy,NY,14201,6/1/2025,6/30/2025,0.395,41186.87,133.07,4685.35,1764.61,3,1,2,1,0,3,2,1,0.6662,0.9598,0.222,0.916532354,1,,0.5,0.3333
120083,Crestview Risk Management,Business Owners Policy,NY,14201,7/1/2025,7/31/2025,0.387,40023.57,38.18,4561.76,1429.04,2,0,3,1,0,3,2,1,0.6778,0.9131,0.1934,0.916532354,1,,0.5,0.3333
120083,Crestview Risk Management,Business Owners Policy,NY,14201,8/1/2025,8/31/2025,0.282,27878.08,62.99,3164.31,149.65,1,1,2,0,0,7,5,3,0.6355,0.92,0.1973,0.916532354,2,,0.6,0.4286
120083,Crestview Risk Management,Business Owners Policy,NY,14201,9/1/2025,9/30/2025,0.3842,53740.14,72.76,6938.89,1211.29,0,1,2,0,0,3,2,1,0.7094,0.9131,0.1886,0.916532354,1,Withdrawn,0.5,0.3333
120084,Pinnacle Insurance Co.,Workers Comp,NJ,7030,1/1/2026,1/31/2026,0.6072,28876.57,0.0,3441.22,941.33,1,0,2,0,0,4,3,2,0.5322,0.8861,0.3166,0.902765271,1,,0.6667,0.5
120084,Pinnacle Insurance Co.,Workers Comp,NJ,7030,10/1/2025,10/31/2025,0.525,17252.24,0.0,2007.51,1165.95,0,0,1,0,0,3,2,1,0.5931,0.8202,0.2128,0.902765271,1,Withdrawn,0.5,0.3333
120084,Pinnacle Insurance Co.,Workers Comp,NJ,7030,11/1/2025,11/30/2025,0.5282,28596.08,0.0,3162.21,231.75,2,0,1,0,0,6,5,4,0.625,0.8302,0.3056,0.902765271,1,,0.8,0.6667
120084,Pinnacle Insurance Co.,Workers Comp,NJ,7030,12/1/2025,12/31/2025,0.6115,32827.82,0.0,3592.02,1060.01,0,1,0,0,0,3,2,1,0.6661,0.8344,0.3261,0.902765271,1,,0.5,0.3333
120084,Pinnacle Insurance Co.,Workers Comp,NJ,7030,2/1/2026,2/28/2026,0.5608,34937.5,0.0,3350.08,919.78,0,1,1,0,0,5,4,3,0.6049,0.7949,0.2718,0.902765271,1,Withdrawn,0.75,0.6
120084,Pinnacle Insurance Co.,Workers Comp,NJ,7030,3/1/2026,3/31/2026,0.5202,29130.44,0.0,3375.58,1043.64,1,1,1,0,0,3,2,1,0.5831,0.836,0.2698,0.902765271,1,Declined,0.5,0.3333
120084,Pinnacle Insurance Co.,Workers Comp,NJ,7030,4/1/2025,4/30/2025,0.6524,17307.45,0.0,1646.32,1665.27,1,0,0,0,0,3,2,1,0.5052,0.7816,0.2569,0.902765271,1,,0.5,0.3333
120084,Pinnacle Insurance Co.,Workers Comp,NJ,7030,5/1/2025,5/31/2025,0.6302,40632.72,0.0,4926.55,462.57,0,0,0,0,0,3,2,1,0.5613,0.8057,0.2817,0.902765271,1,,0.5,0.3333
120084,Pinnacle Insurance Co.,Workers Comp,NJ,7030,6/1/2025,6/30/2025,0.5443,30114.04,0.0,3366.27,817.58,1,0,0,0,0,3,2,1,0.4726,0.8107,0.27,0.902765271,1,Withdrawn,0.5,0.3333
120084,Pinnacle Insurance Co.,Workers Comp,NJ,7030,7/1/2025,7/31/2025,0.5476,27021.41,0.0,3010.15,772.56,2,1,1,1,0,5,4,2,0.5852,0.8274,0.292,0.902765271,1,,0.5,0.4
120084,Pinnacle Insurance Co.,Workers Comp,NJ,7030,8/1/2025,8/31/2025,0.4814,23297.15,0.0,2642.45,1291.59,0,0,1,0,0,6,4,3,0.5141,0.827,0.2826,0.902765271,2,,0.75,0.5
120084,Pinnacle Insurance Co.,Workers Comp,NJ,7030,9/1/2025,9/30/2025,0.5638,13024.23,0.0,1475.4,340.06,0,1,0,0,0,3,2,1,0.5328,0.7982,0.2953,0.902765271,1,Withdrawn,0.5,0.3333
120085,Bridgepoint Risk Solutions,Commercial Auto,NJ,7102,1/1/2026,1/31/2026,0.5821,31844.69,81.07,3112.19,2366.56,1,0,1,1,0,3,2,1,0.4867,0.8512,0.2582,0.843316723,1,Declined,0.5,0.3333
120085,Bridgepoint Risk Solutions,Commercial Auto,NJ,7102,10/1/2025,10/31/2025,0.4976,35065.86,213.04,4298.96,558.5,2,0,1,0,0,3,2,1,0.5077,0.8064,0.234,0.843316723,1,Declined,0.5,0.3333
120085,Bridgepoint Risk Solutions,Commercial Auto,NJ,7102,11/1/2025,11/30/2025,0.5431,40242.68,290.8,4638.41,1033.03,0,1,0,0,0,4,3,2,0.5605,0.7971,0.2844,0.843316723,1,,0.6667,0.5
120085,Bridgepoint Risk Solutions,Commercial Auto,NJ,7102,12/1/2025,12/31/2025,0.5033,25976.67,158.12,3045.19,1185.78,2,1,1,0,0,3,2,1,0.5088,0.8448,0.2368,0.843316723,1,Withdrawn,0.5,0.3333
120085,Bridgepoint Risk Solutions,Commercial Auto,NJ,7102,2/1/2026,2/28/2026,0.6621,36719.24,35.82,4520.54,880.03,1,1,1,1,0,3,2,1,0.4926,0.7959,0.281,0.843316723,1,,0.5,0.3333
120085,Bridgepoint Risk Solutions,Commercial Auto,NJ,7102,3/1/2026,3/31/2026,0.5157,26832.5,23.45,3327.21,89.81,0,1,1,0,0,3,2,1,0.443,0.8548,0.195,0.843316723,1,,0.5,0.3333
120085,Bridgepoint Risk Solutions,Commercial Auto,NJ,7102,4/1/2025,4/30/2025,0.5538,43137.53,37.73,5068.46,729.1,0,0,2,0,0,3,2,1,0.5629,0.7757,0.2688,0.843316723,1,Declined,0.5,0.3333
120085,Bridgepoint Risk Solutions,Commercial Auto,NJ,7102,5/1/2025,5/31/2025,0.497,25243.31,87.34,2449.38,321.51,0,1,1,0,0,5,4,1,0.5141,0.8015,0.2653,0.843316723,1,Declined,0.25,0.2
120085,Bridgepoint Risk Solutions,Commercial Auto,NJ,7102,6/1/2025,6/30/2025,0.5935,28739.01,18.63,2927.51,696.07,0,0,0,0,0,3,2,1,0.5041,0.8152,0.2935,0.843316723,1,Declined,0.5,0.3333
120085,Bridgepoint Risk Solutions,Commercial Auto,NJ,7102,7/1/2025,7/31/2025,0.4561,13819.37,19.31,1623.92,1412.66,0,0,0,0,0,6,5,4,0.4843,0.8467,0.2218,0.843316723,1,Withdrawn,0.8,0.6667
120085,Bridgepoint Risk Solutions,Commercial Auto,NJ,7102,8/1/2025,8/31/2025,0.6182,20928.01,26.57,2095.22,733.14,1,1,0,0,0,3,2,1,0.5719,0.8151,0.2754,0.843316723,1,,0.5,0.3333
120085,Bridgepoint Risk Solutions,Commercial Auto,NJ,7102,9/1/2025,9/30/2025,0.5579,20488.37,195.46,2383.44,511.93,1,0,0,0,0,8,3,1,0.6619,0.8081,0.2397,0.843316723,5,,0.3333,0.125
120086,Highmark Brokerage,Business Owners Policy,NJ,8401,1/1/2026,1/31/2026,0.8778,6816.71,220.44,672.54,1768.36,1,0,1,0,0,3,2,1,0.3781,0.4835,0.4078,0.914910508,1,Declined,0.5,0.3333
120086,Highmark Brokerage,Business Owners Policy,NJ,8401,10/1/2025,10/31/2025,0.7751,6951.05,216.88,534.32,918.28,0,0,1,0,0,3,2,1,0.2584,0.5894,0.4649,0.914910508,1,Declined,0.5,0.3333
120086,Highmark Brokerage,Business Owners Policy,NJ,8401,11/1/2025,11/30/2025,0.885,500.0,448.2,50.0,3233.59,0,1,2,1,0,3,2,1,0.3383,0.5363,0.3769,0.914910508,1,Declined,0.5,0.3333
120086,Highmark Brokerage,Business Owners Policy,NJ,8401,12/1/2025,12/31/2025,0.811,10067.54,58.19,1034.69,1570.94,1,1,1,0,0,3,2,1,0.241,0.5511,0.3996,0.914910508,1,,0.5,0.3333
120086,Highmark Brokerage,Business Owners Policy,NJ,8401,2/1/2026,2/28/2026,0.7869,3513.8,339.56,330.21,799.29,4,0,0,0,0,4,3,1,0.3747,0.6846,0.3761,0.914910508,1,Withdrawn,0.3333,0.25
120086,Highmark Brokerage,Business Owners Policy,NJ,8401,3/1/2026,3/31/2026,0.9149,8681.96,320.86,756.55,406.58,0,0,0,0,0,3,2,1,0.2798,0.4769,0.5064,0.914910508,1,,0.5,0.3333
120086,Highmark Brokerage,Business Owners Policy,NJ,8401,4/1/2025,4/30/2025,0.7664,6203.32,503.34,556.73,652.77,2,0,0,0,0,3,2,1,0.2521,0.5706,0.3543,0.914910508,1,,0.5,0.3333
120086,Highmark Brokerage,Business Owners Policy,NJ,8401,5/1/2025,5/31/2025,0.9022,6799.08,116.52,682.58,1347.88,0,1,3,0,0,9,3,2,0.232,0.6095,0.4387,0.914910508,6,Withdrawn,0.6667,0.2222
120086,Highmark Brokerage,Business Owners Policy,NJ,8401,6/1/2025,6/30/2025,0.7344,7873.61,324.41,686.26,488.49,0,0,0,0,0,3,2,1,0.2747,0.6115,0.4358,0.914910508,1,,0.5,0.3333
120086,Highmark Brokerage,Business Owners Policy,NJ,8401,7/1/2025,7/31/2025,0.7982,500.0,392.89,50.0,692.81,1,0,0,1,0,3,2,1,0.3408,0.5689,0.4618,0.914910508,1,Withdrawn,0.5,0.3333
120086,Highmark Brokerage,Business Owners Policy,NJ,8401,8/1/2025,8/31/2025,0.7746,10997.65,58.84,894.31,1090.87,0,1,0,0,0,5,3,1,0.2624,0.5592,0.4344,0.914910508,2,,0.3333,0.2
120086,Highmark Brokerage,Business Owners Policy,NJ,8401,9/1/2025,9/30/2025,0.8757,8486.14,173.97,687.87,2609.67,0,0,1,0,0,3,2,1,0.3149,0.5477,0.4464,0.914910508,1,Withdrawn,0.5,0.3333
120087,Pinnacle Brokerage,Workers Comp,NJ,7601,1/1/2026,1/31/2026,0.7376,11151.51,908.47,1118.41,512.57,0,0,0,0,0,4,3,2,0.4703,0.6422,0.3593,0.916135322,1,Declined,0.6667,0.5
120087,Pinnacle Brokerage,Workers Comp,NJ,7601,10/1/2025,10/31/2025,0.675,11988.09,90.74,1249.52,2205.76,1,0,0,0,0,3,2,1,0.3086,0.7537,0.2859,0.916135322,1,Declined,0.5,0.3333
120087,Pinnacle Brokerage,Workers Comp,NJ,7601,11/1/2025,11/30/2025,0.6298,13210.81,347.58,1499.51,127.82,0,0,0,0,0,5,3,1,0.4587,0.7667,0.3301,0.916135322,2,Withdrawn,0.3333,0.2
120087,Pinnacle Brokerage,Workers Comp,NJ,7601,12/1/2025,12/31/2025,0.7216,15791.03,77.61,1736.18,209.55,0,1,1,0,0,6,5,3,0.5218,0.6844,0.3445,0.916135322,1,,0.6,0.5
120087,Pinnacle Brokerage,Workers Comp,NJ,7601,2/1/2026,2/28/2026,0.6746,11983.56,38.61,1117.43,955.04,1,0,0,0,0,3,2,1,0.3659,0.7063,0.3623,0.916135322,1,,0.5,0.3333
120087,Pinnacle Brokerage,Workers Comp,NJ,7601,3/1/2026,3/31/2026,0.7059,16105.42,1288.51,1806.63,255.82,0,0,0,0,0,5,4,2,0.368,0.6918,0.3377,0.916135322,1,Declined,0.5,0.4
120087,Pinnacle Brokerage,Workers Comp,NJ,7601,4/1/2025,4/30/2025,0.6154,18599.36,365.53,1692.73,768.26,0,0,1,0,0,3,2,1,0.4293,0.7145,0.3417,0.916135322,1,,0.5,0.3333
120087,Pinnacle Brokerage,Workers Comp,NJ,7601,5/1/2025,5/31/2025,0.7713,6719.44,599.12,728.79,845.27,1,0,0,1,0,3,2,1,0.4041,0.6692,0.36,0.916135322,1,,0.5,0.3333
120087,Pinnacle Brokerage,Workers Comp,NJ,7601,6/1/2025,6/30/2025,0.6831,8045.42,172.78,750.0,891.65,1,0,1,0,0,4,2,1,0.4418,0.7302,0.384,0.916135322,2,Withdrawn,0.5,0.25
120087,Pinnacle Brokerage,Workers Comp,NJ,7601,7/1/2025,7/31/2025,0.7475,10600.86,165.55,1045.88,1077.95,0,1,0,0,0,4,3,2,0.3765,0.696,0.3183,0.916135322,1,,0.6667,0.5
120087,Pinnacle Brokerage,Workers Comp,NJ,7601,8/1/2025,8/31/2025,0.7671,9947.36,132.59,1052.48,452.93,1,0,1,0,0,3,2,1,0.4689,0.6321,0.3738,0.916135322,1,,0.5,0.3333
120087,Pinnacle Brokerage,Workers Comp,NJ,7601,9/1/2025,9/30/2025,0.76,8563.8,138.02,926.32,150.88,0,1,1,0,0,3,2,1,0.4545,0.6785,0.4022,0.916135322,1,Declined,0.5,0.3333
120088,Horizon Risk Consultants,Commercial Auto,PA,19103,1/1/2026,1/31/2026,0.9595,10700.22,221.72,1050.08,2000.73,2,1,2,1,0,3,2,1,0.2958,0.6179,0.3988,0.920490353,1,,0.5,0.3333
120088,Horizon Risk Consultants,Commercial Auto,PA,19103,10/1/2025,10/31/2025,0.8195,5967.04,336.31,493.15,1008.24,0,1,2,0,0,4,3,2,0.3478,0.5464,0.363,0.920490353,1,,0.6667,0.5
120088,Horizon Risk Consultants,Commercial Auto,PA,19103,11/1/2025,11/30/2025,0.9035,5670.21,680.48,555.39,1511.34,0,1,0,0,0,3,2,1,0.2457,0.6359,0.4244,0.920490353,1,,0.5,0.3333
120088,Horizon Risk Consultants,Commercial Auto,PA,19103,12/1/2025,12/31/2025,0.8027,9789.22,310.44,1006.06,2490.13,1,1,0,0,0,6,5,2,0.2839,0.5454,0.4088,0.920490353,1,,0.4,0.3333
120088,Horizon Risk Consultants,Commercial Auto,PA,19103,2/1/2026,2/28/2026,0.7644,7095.28,758.4,696.31,2068.67,1,0,1,0,0,3,2,1,0.2934,0.5628,0.4155,0.920490353,1,Withdrawn,0.5,0.3333
120088,Horizon Risk Consultants,Commercial Auto,PA,19103,3/1/2026,3/31/2026,0.8245,2249.18,114.78,205.57,4013.88,1,0,1,1,0,4,3,2,0.2954,0.5183,0.3538,0.920490353,1,Withdrawn,0.6667,0.5
120088,Horizon Risk Consultants,Commercial Auto,PA,19103,4/1/2025,4/30/2025,0.7388,13437.47,444.12,1186.0,200.29,3,0,0,0,0,3,2,1,0.2906,0.4661,0.4494,0.920490353,1,,0.5,0.3333
120088,Horizon Risk Consultants,Commercial Auto,PA,19103,5/1/2025,5/31/2025,0.7273,8519.26,187.99,709.22,519.36,0,0,1,0,0,7,5,1,0.3363,0.5412,0.4829,0.920490353,2,Withdrawn,0.2,0.1429
120088,Horizon Risk Consultants,Commercial Auto,PA,19103,6/1/2025,6/30/2025,0.9034,4537.36,127.1,373.3,1503.53,0,0,0,0,0,3,2,1,0.2079,0.5577,0.4915,0.920490353,1,Declined,0.5,0.3333
120088,Horizon Risk Consultants,Commercial Auto,PA,19103,7/1/2025,7/31/2025,0.7944,7423.47,340.17,714.15,1153.34,0,1,1,0,0,3,2,1,0.3158,0.5361,0.4326,0.920490353,1,,0.5,0.3333
120088,Horizon Risk Consultants,Commercial Auto,PA,19103,8/1/2025,8/31/2025,0.8097,9719.63,153.01,765.34,1134.93,3,1,2,0,0,3,2,1,0.3026,0.5879,0.4639,0.920490353,1,Withdrawn,0.5,0.3333
120088,Horizon Risk Consultants,Commercial Auto,PA,19103,9/1/2025,9/30/2025,0.8243,8010.8,368.83,826.58,2156.78,1,1,2,0,0,3,2,1,0.3503,0.5031,0.4097,0.920490353,1,Withdrawn,0.5,0.3333
120089,Alliance Risk Solutions,Business Owners Policy,PA,15222,1/1/2026,1/31/2026,0.6639,13878.01,346.3,1488.68,205.81,1,0,0,0,0,3,2,1,0.4834,0.7276,0.3362,0.898359131,1,Declined,0.5,0.3333
120089,Alliance Risk Solutions,Business Owners Policy,PA,15222,10/1/2025,10/31/2025,0.6004,22637.76,63.93,2114.68,821.48,0,0,2,0,0,3,2,1,0.3715,0.7727,0.3399,0.898359131,1,,0.5,0.3333
120089,Alliance Risk Solutions,Business Owners Policy,PA,15222,11/1/2025,11/30/2025,0.6368,18400.33,182.11,1629.13,1614.72,1,0,1,1,0,5,3,2,0.3557,0.7147,0.3643,0.898359131,2,,0.6667,0.4
120089,Alliance Risk Solutions,Business Owners Policy,PA,15222,12/1/2025,12/31/2025,0.5996,10470.6,50.86,1081.16,1919.85,1,0,2,0,0,5,2,1,0.4569,0.7469,0.3013,0.898359131,3,,0.5,0.2
120089,Alliance Risk Solutions,Business Owners Policy,PA,15222,2/1/2026,2/28/2026,0.6942,16197.43,170.69,1638.68,2516.04,1,1,0,0,0,3,2,1,0.4291,0.6925,0.3492,0.898359131,1,,0.5,0.3333
120089,Alliance Risk Solutions,Business Owners Policy,PA,15222,3/1/2026,3/31/2026,0.6931,20786.62,295.0,2000.05,288.36,0,1,1,0,0,3,2,1,0.4683,0.6954,0.3204,0.898359131,1,Withdrawn,0.5,0.3333
120089,Alliance Risk Solutions,Business Owners Policy,PA,15222,4/1/2025,4/30/2025,0.7344,20512.95,172.89,1807.08,655.12,0,1,1,0,0,6,5,3,0.3789,0.6645,0.3331,0.898359131,1,Declined,0.6,0.5
120089,Alliance Risk Solutions,Business Owners Policy,PA,15222,5/1/2025,5/31/2025,0.7096,5658.28,129.5,613.92,166.47,1,0,1,0,0,3,2,1,0.3492,0.6756,0.3572,0.898359131,1,,0.5,0.3333
120089,Alliance Risk Solutions,Business Owners Policy,PA,15222,6/1/2025,6/30/2025,0.656,14675.95,103.62,1439.51,1415.18,1,1,1,0,0,3,2,1,0.353,0.6507,0.2615,0.898359131,1,,0.5,0.3333
120089,Alliance Risk Solutions,Business Owners Policy,PA,15222,7/1/2025,7/31/2025,0.6772,21073.21,19.21,1979.9,505.7,2,0,0,1,0,3,2,1,0.4168,0.69,0.3555,0.898359131,1,,0.5,0.3333
120089,Alliance Risk Solutions,Business Owners Policy,PA,15222,8/1/2025,8/31/2025,0.6032,10169.77,115.5,937.96,883.21,0,0,0,0,0,4,3,2,0.3751,0.7414,0.3671,0.898359131,1,,0.6667,0.5
120089,Alliance Risk Solutions,Business Owners Policy,PA,15222,9/1/2025,9/30/2025,0.6677,12366.01,211.45,1197.64,1612.75,1,0,0,0,0,3,2,1,0.4651,0.7394,0.341,0.898359131,1,Declined,0.5,0.3333
120090,Crossroads Insurance Co.,Workers Comp,PA,17101,1/1/2026,1/31/2026,0.3141,30816.22,437.45,3783.59,3157.53,2,0,0,0,0,3,2,1,0.6298,0.8799,0.1914,0.966011184,1,,0.5,0.3333
120090,Crossroads Insurance Co.,Workers Comp,PA,17101,10/1/2025,10/31/2025,0.4398,31421.25,107.29,3493.51,2059.12,0,1,1,0,0,3,2,1,0.7556,0.9072,0.2297,0.966011184,1,,0.5,0.3333
120090,Crossroads Insurance Co.,Workers Comp,PA,17101,11/1/2025,11/30/2025,0.329,45450.9,1519.95,5256.88,7212.51,0,1,2,1,0,3,2,1,0.6468,0.9206,0.1955,0.966011184,1,,0.5,0.3333
120090,Crossroads Insurance Co.,Workers Comp,PA,17101,12/1/2025,12/31/2025,0.3611,32585.54,1048.71,4184.06,1148.86,0,0,2,0,0,3,2,1,0.6232,0.916,0.2958,0.966011184,1,Withdrawn,0.5,0.3333
120090,Crossroads Insurance Co.,Workers Comp,PA,17101,2/1/2026,2/28/2026,0.3654,34367.52,448.37,4234.63,3089.4,0,2,2,0,0,4,2,1,0.5786,0.9239,0.2188,0.966011184,2,Declined,0.5,0.25
120090,Crossroads Insurance Co.,Workers Comp,PA,17101,3/1/2026,3/31/2026,0.36,42262.88,1131.97,5209.13,1812.52,2,1,2,0,0,8,7,4,0.7504,0.9124,0.167,0.966011184,1,,0.5714,0.5
120090,Crossroads Insurance Co.,Workers Comp,PA,17101,4/1/2025,4/30/2025,0.3865,32687.03,121.39,4169.76,1605.14,2,0,0,0,0,5,3,1,0.7132,0.9292,0.1828,0.966011184,2,Withdrawn,0.3333,0.2
120090,Crossroads Insurance Co.,Workers Comp,PA,17101,5/1/2025,5/31/2025,0.4029,52911.7,340.28,6522.5,5415.33,0,0,0,0,0,3,2,1,0.6248,0.8916,0.1577,0.966011184,1,Withdrawn,0.5,0.3333
120090,Crossroads Insurance Co.,Workers Comp,PA,17101,6/1/2025,6/30/2025,0.4439,30321.36,332.38,3760.27,2964.55,2,0,0,0,0,3,2,1,0.7046,0.9354,0.2023,0.966011184,1,,0.5,0.3333
120090,Crossroads Insurance Co.,Workers Comp,PA,17101,7/1/2025,7/31/2025,0.4655,75484.69,739.74,9716.33,3306.03,1,0,0,0,0,3,2,1,0.7095,0.9358,0.1788,0.966011184,1,,0.5,0.3333
120090,Crossroads Insurance Co.,Workers Comp,PA,17101,8/1/2025,8/31/2025,0.25,40576.57,1231.23,4997.44,1713.62,1,0,1,0,0,4,3,2,0.6763,0.903,0.2202,0.966011184,1,Withdrawn,0.6667,0.5
120090,Crossroads Insurance Co.,Workers Comp,PA,17101,9/1/2025,9/30/2025,0.4284,45133.14,282.75,5729.9,3984.9,0,2,0,1,0,3,2,1,0.7051,0.9333,0.2041,0.966011184,1,Declined,0.5,0.3333
120091,Crestview Risk Management,Commercial Auto,PA,18501,1/1/2026,1/31/2026,0.8547,4942.98,0.0,472.72,1826.78,1,1,1,0,0,3,2,1,0.3502,0.647,0.4384,0.918366971,1,,0.5,0.3333
120091,Crestview Risk Management,Commercial Auto,PA,18501,10/1/2025,10/31/2025,0.8692,1604.76,0.0,144.8,558.96,0,0,1,0,0,4,3,2,0.2638,0.5454,0.3988,0.918366971,1,Declined,0.6667,0.5
120091,Crestview Risk Management,Commercial Auto,PA,18501,11/1/2025,11/30/2025,0.7149,2261.69,0.0,225.96,975.57,2,0,1,0,0,3,2,1,0.2852,0.5741,0.4129,0.918366971,1,Withdrawn,0.5,0.3333
120091,Crestview Risk Management,Commercial Auto,PA,18501,12/1/2025,12/31/2025,0.7709,6955.07,0.0,662.8,1146.31,1,0,1,0,0,3,2,1,0.2559,0.5913,0.4447,0.918366971,1,,0.5,0.3333
120091,Crestview Risk Management,Commercial Auto,PA,18501,2/1/2026,2/28/2026,0.8032,9055.87,0.0,889.13,1418.6,0,1,0,0,0,3,2,1,0.3445,0.5646,0.3639,0.918366971,1,,0.5,0.3333
120091,Crestview Risk Management,Commercial Auto,PA,18501,3/1/2026,3/31/2026,0.9041,6822.2,0.0,611.49,959.86,0,0,1,0,0,3,2,1,0.3278,0.5531,0.4767,0.918366971,1,,0.5,0.3333
120091,Crestview Risk Management,Commercial Auto,PA,18501,4/1/2025,4/30/2025,0.9085,6600.99,0.0,677.51,820.35,1,0,0,0,0,3,2,1,0.3516,0.5809,0.4123,0.918366971,1,,0.5,0.3333
120091,Crestview Risk Management,Commercial Auto,PA,18501,5/1/2025,5/31/2025,0.7407,5467.53,0.0,513.72,3347.42,1,0,1,0,0,4,3,1,0.2986,0.5996,0.4492,0.918366971,1,Withdrawn,0.3333,0.25
120091,Crestview Risk Management,Commercial Auto,PA,18501,6/1/2025,6/30/2025,0.8295,7761.21,0.0,604.56,602.34,0,1,0,0,0,3,2,1,0.2597,0.5396,0.4662,0.918366971,1,Declined,0.5,0.3333
120091,Crestview Risk Management,Commercial Auto,PA,18501,7/1/2025,7/31/2025,0.7124,5490.27,0.0,487.21,534.34,1,1,1,1,0,4,3,2,0.2854,0.5496,0.435,0.918366971,1,,0.6667,0.5
120091,Crestview Risk Management,Commercial Auto,PA,18501,8/1/2025,8/31/2025,0.9157,4359.96,0.0,351.94,808.22,1,0,1,0,0,3,2,1,0.2896,0.6416,0.4241,0.918366971,1,,0.5,0.3333
120091,Crestview Risk Management,Commercial Auto,PA,18501,9/1/2025,9/30/2025,0.8362,11651.89,0.0,1013.48,2105.51,0,1,0,0,0,7,6,5,0.3206,0.5079,0.3386,0.918366971,1,,0.8333,0.7143
120092,Prestige Insurance Co.,Business Owners Policy,NY,10001,1/1/2026,1/31/2026,0.7897,3131.56,362.82,295.61,6730.78,0,1,2,0,0,3,2,1,0.3696,0.4817,0.3957,1.0,1,,0.5,0.3333
120092,Prestige Insurance Co.,Business Owners Policy,NY,10001,10/1/2025,10/31/2025,0.8235,6976.06,1150.25,596.44,3102.72,0,1,2,0,0,8,6,5,0.3179,0.6026,0.4021,1.0,2,Declined,0.8333,0.625
120092,Prestige Insurance Co.,Business Owners Policy,NY,10001,11/1/2025,11/30/2025,0.7714,9045.23,386.15,835.98,3734.05,2,1,1,0,0,7,6,2,0.3081,0.5306,0.4275,1.0,1,Declined,0.3333,0.2857
120092,Prestige Insurance Co.,Business Owners Policy,NY,10001,12/1/2025,12/31/2025,0.8778,8802.82,476.83,894.82,1883.98,1,1,2,0,0,3,2,1,0.2999,0.5621,0.4651,1.0,1,Withdrawn,0.5,0.3333
120092,Prestige Insurance Co.,Business Owners Policy,NY,10001,2/1/2026,2/28/2026,0.8854,500.0,1262.72,50.0,8995.23,1,1,0,0,0,5,4,3,0.291,0.4981,0.5146,1.0,1,Declined,0.75,0.6
120092,Prestige Insurance Co.,Business Owners Policy,NY,10001,3/1/2026,3/31/2026,0.8316,8232.02,387.15,663.06,13242.62,2,0,1,0,0,10,8,7,0.3606,0.5629,0.3764,1.0,2,,0.875,0.7
120092,Prestige Insurance Co.,Business Owners Policy,NY,10001,4/1/2025,4/30/2025,0.7259,4718.91,810.01,386.36,4593.49,1,1,2,0,0,7,4,3,0.2695,0.5503,0.4383,1.0,3,Declined,0.75,0.4286
120092,Prestige Insurance Co.,Business Owners Policy,NY,10001,5/1/2025,5/31/2025,0.7964,2213.3,365.58,170.64,5362.94,2,1,1,1,0,3,2,1,0.2874,0.5768,0.3931,1.0,1,Declined,0.5,0.3333
120092,Prestige Insurance Co.,Business Owners Policy,NY,10001,6/1/2025,6/30/2025,0.7541,4065.08,329.63,330.7,5880.75,0,1,1,1,0,3,2,1,0.2732,0.5273,0.4919,1.0,1,,0.5,0.3333
120092,Prestige Insurance Co.,Business Owners Policy,NY,10001,7/1/2025,7/31/2025,0.9279,10254.48,714.04,816.31,5882.22,2,1,3,0,0,3,2,1,0.3264,0.6605,0.4449,1.0,1,,0.5,0.3333
120092,Prestige Insurance Co.,Business Owners Policy,NY,10001,8/1/2025,8/31/2025,0.7873,6666.04,662.3,683.13,1147.5,1,1,0,1,0,3,2,1,0.3614,0.5065,0.4927,1.0,1,Withdrawn,0.5,0.3333
120092,Prestige Insurance Co.,Business Owners Policy,NY,10001,9/1/2025,9/30/2025,0.8379,2233.94,1829.53,202.27,5392.61,4,1,1,1,0,6,5,4,0.2838,0.5942,0.4089,1.0,1,Withdrawn,0.8,0.6667
120093,Benchmark Insurance Group,Workers Comp,NY,11201,1/1/2026,1/31/2026,0.6496,15928.75,192.78,1394.66,979.48,1,1,3,0,0,6,5,4,0.4093,0.6599,0.3123,0.926090663,1,,0.8,0.6667
120093,Benchmark Insurance Group,Workers Comp,NY,11201,10/1/2025,10/31/2025,0.7492,13576.45,133.76,1533.65,849.09,0,1,1,0,0,3,2,1,0.4272,0.7614,0.3795,0.926090663,1,Declined,0.5,0.3333
120093,Benchmark Insurance Group,Workers Comp,NY,11201,11/1/2025,11/30/2025,0.7655,10735.25,317.56,1173.46,3135.37,1,0,2,0,0,3,2,1,0.3751,0.7112,0.3633,0.926090663,1,,0.5,0.3333
120093,Benchmark Insurance Group,Workers Comp,NY,11201,12/1/2025,12/31/2025,0.6615,15054.08,303.27,1422.36,320.19,1,0,0,0,0,6,4,2,0.3575,0.6655,0.3371,0.926090663,2,Withdrawn,0.5,0.3333
120093,Benchmark Insurance Group,Workers Comp,NY,11201,2/1/2026,2/28/2026,0.5771,12810.96,317.0,1160.24,1900.67,1,1,0,2,0,3,2,1,0.3849,0.7289,0.3191,0.926090663,1,Declined,0.5,0.3333
120093,Benchmark Insurance Group,Workers Comp,NY,11201,3/1/2026,3/31/2026,0.7327,19817.63,512.29,1834.44,5591.9,1,1,1,0,0,3,2,1,0.3641,0.7474,0.3794,0.926090663,1,,0.5,0.3333
120093,Benchmark Insurance Group,Workers Comp,NY,11201,4/1/2025,4/30/2025,0.7834,12753.15,476.59,1289.63,5194.43,1,0,0,1,0,3,2,1,0.35,0.6212,0.3356,0.926090663,1,,0.5,0.3333
120093,Benchmark Insurance Group,Workers Comp,NY,11201,5/1/2025,5/31/2025,0.6186,19349.57,1190.14,2013.41,306.78,1,0,0,1,0,5,4,3,0.4542,0.6943,0.3386,0.926090663,1,Declined,0.75,0.6
120093,Benchmark Insurance Group,Workers Comp,NY,11201,6/1/2025,6/30/2025,0.8004,19242.0,196.19,1973.76,1473.18,1,0,1,0,0,3,2,1,0.443,0.6315,0.3485,0.926090663,1,Withdrawn,0.5,0.3333
120093,Benchmark Insurance Group,Workers Comp,NY,11201,7/1/2025,7/31/2025,0.6943,22305.47,481.73,2239.67,1098.2,0,0,0,0,0,3,2,1,0.3668,0.7337,0.371,0.926090663,1,Withdrawn,0.5,0.3333
120093,Benchmark Insurance Group,Workers Comp,NY,11201,8/1/2025,8/31/2025,0.6651,8775.82,840.73,852.73,2358.09,1,0,1,0,1,3,2,1,0.4088,0.6777,0.3759,0.926090663,1,,0.5,0.3333
120093,Benchmark Insurance Group,Workers Comp,NY,11201,9/1/2025,9/30/2025,0.8249,16421.1,261.82,1803.8,2483.24,2,0,2,1,0,3,2,1,0.4903,0.7178,0.3259,0.926090663,1,,0.5,0.3333
120094,Highmark Agency Group,Commercial Auto,NY,10301,1/1/2026,1/31/2026,0.8687,1868.19,138.26,162.75,1207.88,0,0,1,1,0,8,7,5,0.2589,0.7168,0.4333,0.857363301,1,,0.7143,0.625
120094,Highmark Agency Group,Commercial Auto,NY,10301,10/1/2025,10/31/2025,0.7964,5731.6,47.23,449.28,428.2,1,0,0,0,0,3,2,1,0.3264,0.5302,0.3595,0.857363301,1,Withdrawn,0.5,0.3333
120094,Highmark Agency Group,Commercial Auto,NY,10301,11/1/2025,11/30/2025,0.7627,9682.7,43.41,972.1,1302.7,1,0,1,1,0,8,6,5,0.2928,0.5447,0.4407,0.857363301,2,Declined,0.8333,0.625
120094,Highmark Agency Group,Commercial Auto,NY,10301,12/1/2025,12/31/2025,0.774,6744.87,33.49,654.9,1052.47,1,1,1,0,0,3,2,1,0.3428,0.4947,0.4121,0.857363301,1,,0.5,0.3333
120094,Highmark Agency Group,Commercial Auto,NY,10301,2/1/2026,2/28/2026,0.9439,7891.68,106.09,716.57,582.48,1,1,1,0,0,3,2,1,0.2922,0.611,0.4263,0.857363301,1,,0.5,0.3333
120094,Highmark Agency Group,Commercial Auto,NY,10301,3/1/2026,3/31/2026,0.92,12434.49,48.43,1191.0,1254.79,0,1,1,0,0,3,2,1,0.2619,0.4623,0.4316,0.857363301,1,Declined,0.5,0.3333
120094,Highmark Agency Group,Commercial Auto,NY,10301,4/1/2025,4/30/2025,0.8181,3709.37,81.98,347.89,649.24,1,0,1,0,0,3,2,1,0.2533,0.4591,0.4213,0.857363301,1,,0.5,0.3333
120094,Highmark Agency Group,Commercial Auto,NY,10301,5/1/2025,5/31/2025,0.8693,5894.65,25.86,602.2,489.38,0,0,1,0,0,3,2,1,0.29,0.6196,0.4114,0.857363301,1,Withdrawn,0.5,0.3333
120094,Highmark Agency Group,Commercial Auto,NY,10301,6/1/2025,6/30/2025,0.8921,9053.35,146.26,761.87,692.53,2,0,0,0,0,3,2,1,0.2894,0.5729,0.4204,0.857363301,1,Withdrawn,0.5,0.3333
120094,Highmark Agency Group,Commercial Auto,NY,10301,7/1/2025,7/31/2025,0.7947,4906.51,123.53,482.52,1498.26,2,0,1,0,0,3,2,1,0.2352,0.6299,0.4647,0.857363301,1,,0.5,0.3333
120094,Highmark Agency Group,Commercial Auto,NY,10301,8/1/2025,8/31/2025,0.808,6153.62,37.65,516.52,1081.45,0,0,0,1,0,3,2,1,0.3629,0.647,0.476,0.857363301,1,,0.5,0.3333
120094,Highmark Agency Group,Commercial Auto,NY,10301,9/1/2025,9/30/2025,0.8938,1716.27,27.88,135.52,1139.65,0,1,1,0,0,3,2,1,0.217,0.4848,0.4305,0.857363301,1,Declined,0.5,0.3333
120095,Alliance Risk Consultants,Business Owners Policy,NY,14201,1/1/2026,1/31/2026,0.6363,16208.31,804.83,1558.33,2658.53,0,0,1,0,0,8,7,5,0.3548,0.695,0.3609,0.967814023,1,Withdrawn,0.7143,0.625
120095,Alliance Risk Consultants,Business Owners Policy,NY,14201,10/1/2025,10/31/2025,0.5996,11979.94,89.09,1334.72,1615.46,1,1,2,0,0,7,6,5,0.3965,0.617,0.3908,0.967814023,1,Declined,0.8333,0.7143
120095,Alliance Risk Consultants,Business Owners Policy,NY,14201,11/1/2025,11/30/2025,0.5625,23960.18,132.56,2544.83,8415.95,1,1,0,1,0,6,5,4,0.3928,0.7099,0.2956,0.967814023,1,,0.8,0.6667
120095,Alliance Risk Consultants,Business Owners Policy,NY,14201,12/1/2025,12/31/2025,0.8284,8367.63,269.69,765.01,3114.2,2,0,3,0,0,4,3,2,0.4196,0.6812,0.3234,0.967814023,1,,0.6667,0.5
120095,Alliance Risk Consultants,Business Owners Policy,NY,14201,2/1/2026,2/28/2026,0.6879,8240.01,670.51,702.69,704.26,3,1,3,0,0,4,3,2,0.3825,0.7277,0.3269,0.967814023,1,,0.6667,0.5
120095,Alliance Risk Consultants,Business Owners Policy,NY,14201,3/1/2026,3/31/2026,0.7076,19301.44,1682.68,1979.64,3123.42,0,2,1,1,0,3,2,1,0.3386,0.7285,0.3255,0.967814023,1,Declined,0.5,0.3333
120095,Alliance Risk Consultants,Business Owners Policy,NY,14201,4/1/2025,4/30/2025,0.6595,23355.37,641.92,2170.05,2668.25,4,0,1,1,0,7,6,5,0.3917,0.6846,0.3323,0.967814023,1,,0.8333,0.7143
120095,Alliance Risk Consultants,Business Owners Policy,NY,14201,5/1/2025,5/31/2025,0.6404,14506.55,1202.86,1489.59,5115.23,0,1,2,0,0,4,3,1,0.4422,0.6977,0.3404,0.967814023,1,,0.3333,0.25
120095,Alliance Risk Consultants,Business Owners Policy,NY,14201,6/1/2025,6/30/2025,0.8771,14160.72,661.42,1519.75,4818.15,2,1,0,0,0,7,6,2,0.3823,0.6652,0.3102,0.967814023,1,,0.3333,0.2857
120095,Alliance Risk Consultants,Business Owners Policy,NY,14201,7/1/2025,7/31/2025,0.5792,17106.27,344.22,1602.6,1053.3,4,1,2,1,0,3,2,1,0.4625,0.7102,0.3171,0.967814023,1,Withdrawn,0.5,0.3333
120095,Alliance Risk Consultants,Business Owners Policy,NY,14201,8/1/2025,8/31/2025,0.6422,13942.42,194.9,1316.13,1984.73,0,1,3,1,0,8,5,4,0.4328,0.7873,0.3954,0.967814023,3,,0.8,0.5
120095,Alliance Risk Consultants,Business Owners Policy,NY,14201,9/1/2025,9/30/2025,0.7721,12489.84,285.6,1333.07,4967.46,1,1,0,0,0,3,2,1,0.4695,0.7384,0.3165,0.967814023,1,Withdrawn,0.5,0.3333
120096,Bridgepoint & Associates,Workers Comp,NJ,7030,1/1/2026,1/31/2026,0.6055,16755.09,1236.49,1550.89,1143.63,0,1,0,1,0,4,2,1,0.3751,0.6561,0.3263,0.852754507,2,Declined,0.5,0.25
120096,Bridgepoint & Associates,Workers Comp,NJ,7030,10/1/2025,10/31/2025,0.6487,15051.23,1288.23,1315.47,1717.46,0,1,0,0,0,4,3,1,0.4176,0.6747,0.2741,0.852754507,1,Withdrawn,0.3333,0.25
120096,Bridgepoint & Associates,Workers Comp,NJ,7030,11/1/2025,11/30/2025,0.7126,10833.64,225.74,1088.74,838.53,1,0,0,0,0,3,2,1,0.5103,0.6509,0.3156,0.852754507,1,,0.5,0.3333
120096,Bridgepoint & Associates,Workers Comp,NJ,7030,12/1/2025,12/31/2025,0.6932,9805.16,666.38,891.23,597.34,1,0,1,0,0,3,2,1,0.4315,0.7106,0.3042,0.852754507,1,,0.5,0.3333
120096,Bridgepoint & Associates,Workers Comp,NJ,7030,2/1/2026,2/28/2026,0.6505,13793.54,547.06,1180.57,1148.46,1,0,1,0,0,3,2,1,0.3637,0.6812,0.3238,0.852754507,1,,0.5,0.3333
120096,Bridgepoint & Associates,Workers Comp,NJ,7030,3/1/2026,3/31/2026,0.5968,16979.66,766.01,1508.06,1048.17,1,0,1,0,0,3,2,1,0.4486,0.7917,0.3483,0.852754507,1,,0.5,0.3333
120096,Bridgepoint & Associates,Workers Comp,NJ,7030,4/1/2025,4/30/2025,0.6185,3450.81,453.98,391.43,1701.07,0,0,1,0,0,3,2,1,0.3755,0.6756,0.3293,0.852754507,1,,0.5,0.3333
120096,Bridgepoint & Associates,Workers Comp,NJ,7030,5/1/2025,5/31/2025,0.7938,11966.66,350.28,1325.15,1000.63,1,1,1,0,0,3,2,1,0.3749,0.681,0.362,0.852754507,1,,0.5,0.3333
120096,Bridgepoint & Associates,Workers Comp,NJ,7030,6/1/2025,6/30/2025,0.7748,22754.63,333.28,1994.06,437.4,1,0,0,0,0,3,2,1,0.548,0.6665,0.3014,0.852754507,1,Withdrawn,0.5,0.3333
120096,Bridgepoint & Associates,Workers Comp,NJ,7030,7/1/2025,7/31/2025,0.6978,22570.82,876.59,2191.77,134.31,1,0,0,0,0,7,3,2,0.3952,0.7221,0.3614,0.852754507,4,Declined,0.6667,0.2857
120096,Bridgepoint & Associates,Workers Comp,NJ,7030,8/1/2025,8/31/2025,0.7015,10088.23,849.06,1003.01,546.81,1,0,2,0,0,5,4,3,0.3663,0.7073,0.3061,0.852754507,1,Withdrawn,0.75,0.6
120096,Bridgepoint & Associates,Workers Comp,NJ,7030,9/1/2025,9/30/2025,0.7597,12411.05,151.33,1204.6,587.0,0,1,1,1,0,3,2,1,0.4075,0.756,0.3314,0.852754507,1,Declined,0.5,0.3333
120097,Meridian Agency Group,Commercial Auto,NJ,7102,1/1/2026,1/31/2026,0.67,5029.04,0.0,514.53,2718.15,1,1,2,0,0,5,4,1,0.468,0.762,0.3689,1.0,1,Withdrawn,0.25,0.2
120097,Meridian Agency Group,Commercial Auto,NJ,7102,10/1/2025,10/31/2025,0.7758,7341.91,0.0,696.53,5913.44,1,0,2,0,0,5,4,2,0.4705,0.7003,0.3209,1.0,1,Withdrawn,0.5,0.4
120097,Meridian Agency Group,Commercial Auto,NJ,7102,11/1/2025,11/30/2025,0.5975,14472.64,0.0,1639.85,4368.02,0,1,0,0,0,4,3,2,0.3323,0.6701,0.3199,1.0,1,,0.6667,0.5
120097,Meridian Agency Group,Commercial Auto,NJ,7102,12/1/2025,12/31/2025,0.8264,14771.72,0.0,1277.38,4937.38,2,0,1,0,0,4,3,1,0.4585,0.6863,0.3401,1.0,1,Withdrawn,0.3333,0.25
120097,Meridian Agency Group,Commercial Auto,NJ,7102,2/1/2026,2/28/2026,0.7782,14975.38,0.0,1470.15,849.46,2,2,0,1,0,5,3,2,0.4029,0.73,0.347,1.0,2,,0.6667,0.4
120097,Meridian Agency Group,Commercial Auto,NJ,7102,3/1/2026,3/31/2026,0.7376,23773.56,0.0,2109.44,12714.66,0,1,0,1,0,3,2,1,0.4106,0.7088,0.3256,1.0,1,,0.5,0.3333
120097,Meridian Agency Group,Commercial Auto,NJ,7102,4/1/2025,4/30/2025,0.8338,15604.99,0.0,1332.4,6746.5,1,1,0,0,0,3,2,1,0.4212,0.764,0.3749,1.0,1,Declined,0.5,0.3333
120097,Meridian Agency Group,Commercial Auto,NJ,7102,5/1/2025,5/31/2025,0.7702,18263.4,0.0,1744.28,11372.45,1,1,4,0,0,3,2,1,0.517,0.7784,0.3185,1.0,1,Withdrawn,0.5,0.3333
120097,Meridian Agency Group,Commercial Auto,NJ,7102,6/1/2025,6/30/2025,0.6806,6988.15,0.0,601.16,4484.07,2,0,2,0,0,3,2,1,0.3922,0.6598,0.3198,1.0,1,,0.5,0.3333
120097,Meridian Agency Group,Commercial Auto,NJ,7102,7/1/2025,7/31/2025,0.8464,18695.79,0.0,1980.7,1020.76,1,0,1,1,0,3,2,1,0.4757,0.6869,0.3699,1.0,1,Withdrawn,0.5,0.3333
120097,Meridian Agency Group,Commercial Auto,NJ,7102,8/1/2025,8/31/2025,0.6558,13974.47,0.0,1191.9,375.24,2,1,1,0,0,5,3,2,0.3936,0.7408,0.3311,1.0,2,,0.6667,0.4
120097,Meridian Agency Group,Commercial Auto,NJ,7102,9/1/2025,9/30/2025,0.7279,14694.71,0.0,1664.92,10448.76,1,2,1,0,0,3,2,1,0.3824,0.6764,0.3275,1.0,1,Withdrawn,0.5,0.3333
120098,Cornerstone Insurance Agency,Business Owners Policy,NJ,8401,1/1/2026,1/31/2026,0.4229,64294.98,139.88,8034.82,2589.61,2,0,1,0,0,3,2,1,0.7188,0.9241,0.203,0.961965071,1,,0.5,0.3333
120098,Cornerstone Insurance Agency,Business Owners Policy,NJ,8401,10/1/2025,10/31/2025,0.4612,48906.55,195.4,5368.13,2015.54,0,0,1,0,0,4,3,1,0.7019,0.9517,0.2361,0.961965071,1,,0.3333,0.25
120098,Cornerstone Insurance Agency,Business Owners Policy,NJ,8401,11/1/2025,11/30/2025,0.3779,69584.5,489.99,8417.95,2494.08,0,1,1,0,0,6,3,1,0.6828,0.9358,0.1844,0.961965071,3,,0.3333,0.1667
120098,Cornerstone Insurance Agency,Business Owners Policy,NJ,8401,12/1/2025,12/31/2025,0.2825,48816.82,49.82,6023.8,2018.83,1,2,1,0,0,4,3,2,0.6634,0.9014,0.2132,0.961965071,1,Declined,0.6667,0.5
120098,Cornerstone Insurance Agency,Business Owners Policy,NJ,8401,2/1/2026,2/28/2026,0.3106,51011.01,39.16,6322.31,2606.27,1,1,0,1,0,4,3,2,0.6534,0.8827,0.2197,0.961965071,1,,0.6667,0.5
120098,Cornerstone Insurance Agency,Business Owners Policy,NJ,8401,3/1/2026,3/31/2026,0.3211,55366.46,239.58,6271.98,2164.39,0,0,1,1,0,3,2,1,0.6678,0.9149,0.1891,0.961965071,1,Withdrawn,0.5,0.3333
120098,Cornerstone Insurance Agency,Business Owners Policy,NJ,8401,4/1/2025,4/30/2025,0.25,50529.57,350.47,5653.43,2246.26,1,1,1,0,0,3,2,1,0.6593,0.9253,0.1865,0.961965071,1,Withdrawn,0.5,0.3333
120098,Cornerstone Insurance Agency,Business Owners Policy,NJ,8401,5/1/2025,5/31/2025,0.2887,28577.76,35.94,3790.94,1352.44,2,1,1,0,0,3,2,1,0.7359,0.9254,0.1527,0.961965071,1,Withdrawn,0.5,0.3333
120098,Cornerstone Insurance Agency,Business Owners Policy,NJ,8401,6/1/2025,6/30/2025,0.443,41755.6,168.7,5096.07,1971.69,2,0,1,0,0,4,2,1,0.5937,0.9129,0.2197,0.961965071,2,,0.5,0.25
120098,Cornerstone Insurance Agency,Business Owners Policy,NJ,8401,7/1/2025,7/31/2025,0.3784,64304.57,61.35,6713.59,7871.27,0,1,0,1,0,4,3,2,0.7043,0.9446,0.2395,0.961965071,1,Declined,0.6667,0.5
120098,Cornerstone Insurance Agency,Business Owners Policy,NJ,8401,8/1/2025,8/31/2025,0.3942,64267.44,196.32,7315.87,7435.3,2,0,1,0,0,3,2,1,0.6697,0.9023,0.1818,0.961965071,1,,0.5,0.3333
120098,Cornerstone Insurance Agency,Business Owners Policy,NJ,8401,9/1/2025,9/30/2025,0.2552,35739.48,240.74,4480.05,3944.98,0,1,2,0,0,3,2,1,0.7388,0.9368,0.2363,0.961965071,1,,0.5,0.3333
120099,Pinnacle Brokerage,Workers Comp,NJ,7601,1/1/2026,1/31/2026,0.428,49115.12,2708.02,5455.64,587.87,0,1,1,0,0,10,3,2,0.6722,0.9212,0.2718,0.907880009,7,Declined,0.6667,0.2
120099,Pinnacle Brokerage,Workers Comp,NJ,7601,10/1/2025,10/31/2025,0.4546,42415.13,1864.73,5112.61,2015.31,0,0,2,0,0,3,2,1,0.5863,0.8878,0.1921,0.907880009,1,Withdrawn,0.5,0.3333
120099,Pinnacle Brokerage,Workers Comp,NJ,7601,11/1/2025,11/30/2025,0.3832,27473.99,4044.27,3100.21,3254.21,0,0,1,0,0,3,2,1,0.7639,0.9005,0.236,0.907880009,1,Declined,0.5,0.3333
120099,Pinnacle Brokerage,Workers Comp,NJ,7601,12/1/2025,12/31/2025,0.4515,52435.96,3178.37,6041.17,1006.84,1,0,0,0,0,3,2,1,0.5969,0.9645,0.208,0.907880009,1,,0.5,0.3333
120099,Pinnacle Brokerage,Workers Comp,NJ,7601,2/1/2026,2/28/2026,0.3668,52598.7,4023.56,6283.43,1307.17,2,1,0,1,0,4,3,2,0.6651,0.9121,0.2062,0.907880009,1,,0.6667,0.5
120099,Pinnacle Brokerage,Workers Comp,NJ,7601,3/1/2026,3/31/2026,0.3567,20843.99,8721.27,2212.03,1961.66,1,1,0,0,0,3,2,1,0.7348,0.8714,0.2153,0.907880009,1,,0.5,0.3333
120099,Pinnacle Brokerage,Workers Comp,NJ,7601,4/1/2025,4/30/2025,0.4588,66038.34,6705.02,6991.37,2455.0,1,0,2,0,0,3,2,1,0.6583,0.9312,0.1815,0.907880009,1,Withdrawn,0.5,0.3333
120099,Pinnacle Brokerage,Workers Comp,NJ,7601,5/1/2025,5/31/2025,0.3581,40465.74,4648.45,4588.27,1692.6,1,0,1,0,0,3,2,1,0.6568,0.9239,0.2242,0.907880009,1,,0.5,0.3333
120099,Pinnacle Brokerage,Workers Comp,NJ,7601,6/1/2025,6/30/2025,0.3513,45276.97,2027.76,5953.37,1747.42,1,0,1,1,0,3,2,1,0.5833,0.9368,0.2087,0.907880009,1,Withdrawn,0.5,0.3333
120099,Pinnacle Brokerage,Workers Comp,NJ,7601,7/1/2025,7/31/2025,0.4175,23721.51,7217.56,3231.38,198.81,0,0,1,0,0,3,2,1,0.7162,0.9112,0.1931,0.907880009,1,Withdrawn,0.5,0.3333
120099,Pinnacle Brokerage,Workers Comp,NJ,7601,8/1/2025,8/31/2025,0.3566,38664.07,10897.25,4645.79,872.33,1,0,0,1,0,4,2,1,0.6494,0.8969,0.2255,0.907880009,2,,0.5,0.25
120099,Pinnacle Brokerage,Workers Comp,NJ,7601,9/1/2025,9/30/2025,0.4612,45064.44,3653.05,4810.41,3408.31,1,1,0,0,0,3,2,1,0.6549,0.9052,0.1604,0.907880009,1,,0.5,0.3333
120100,Benchmark Insurance Group,Commercial Auto,PA,19103,1/1/2026,1/31/2026,0.3986,61396.67,76.51,7995.73,589.13,2,0,0,0,0,8,7,6,0.5474,0.9218,0.2243,0.9318885,1,,0.8571,0.75
120100,Benchmark Insurance Group,Commercial Auto,PA,19103,10/1/2025,10/31/2025,0.3357,31782.19,189.87,3779.36,3970.63,0,0,2,1,0,4,3,2,0.6498,0.9286,0.2336,0.9318885,1,Declined,0.6667,0.5
120100,Benchmark Insurance Group,Commercial Auto,PA,19103,11/1/2025,11/30/2025,0.4501,48266.84,8.62,5315.71,2359.03,1,1,1,0,0,3,2,1,0.6598,0.8929,0.1867,0.9318885,1,,0.5,0.3333
120100,Benchmark Insurance Group,Commercial Auto,PA,19103,12/1/2025,12/31/2025,0.3766,35621.95,32.56,4533.89,1569.04,1,2,3,0,0,3,2,1,0.6789,0.9498,0.1743,0.9318885,1,,0.5,0.3333
120100,Benchmark Insurance Group,Commercial Auto,PA,19103,2/1/2026,2/28/2026,0.4451,42978.96,46.59,5275.69,1249.22,1,0,2,0,0,5,3,1,0.6677,0.9003,0.2112,0.9318885,2,,0.3333,0.2
120100,Benchmark Insurance Group,Commercial Auto,PA,19103,3/1/2026,3/31/2026,0.4162,49975.5,22.83,5621.57,1767.3,2,1,0,1,0,4,3,2,0.645,0.9312,0.1908,0.9318885,1,Declined,0.6667,0.5
120100,Benchmark Insurance Group,Commercial Auto,PA,19103,4/1/2025,4/30/2025,0.3989,45516.37,32.96,5527.56,562.39,1,1,1,0,0,3,2,1,0.6334,0.9246,0.1992,0.9318885,1,,0.5,0.3333
120100,Benchmark Insurance Group,Commercial Auto,PA,19103,5/1/2025,5/31/2025,0.4212,38104.92,28.41,5239.26,668.93,1,0,2,0,0,3,2,1,0.8013,0.9011,0.1506,0.9318885,1,Declined,0.5,0.3333
120100,Benchmark Insurance Group,Commercial Auto,PA,19103,6/1/2025,6/30/2025,0.3751,50401.87,38.28,5895.42,2637.97,1,1,1,1,0,6,4,2,0.6949,0.9249,0.2397,0.9318885,2,,0.5,0.3333
120100,Benchmark Insurance Group,Commercial Auto,PA,19103,7/1/2025,7/31/2025,0.3737,65082.32,172.84,7267.62,2113.28,1,1,0,0,0,3,2,1,0.6871,0.9252,0.2572,0.9318885,1,,0.5,0.3333
120100,Benchmark Insurance Group,Commercial Auto,PA,19103,8/1/2025,8/31/2025,0.3969,73408.97,66.76,8557.78,1603.5,0,1,1,0,0,4,3,1,0.7377,0.8846,0.2547,0.9318885,1,Withdrawn,0.3333,0.25
120100,Benchmark Insurance Group,Commercial Auto,PA,19103,9/1/2025,9/30/2025,0.3573,31956.3,23.71,3727.95,5300.91,2,0,0,1,0,3,2,1,0.5915,0.9117,0.2622,0.9318885,1,Withdrawn,0.5,0.3333
120101,Vantage Insurance Services,Business Owners Policy,PA,15222,1/1/2026,1/31/2026,0.7775,13939.78,72.27,1255.6,2615.93,2,0,0,1,0,3,2,1,0.5759,0.7018,0.2718,0.913408802,1,,0.5,0.3333
120101,Vantage Insurance Services,Business Owners Policy,PA,15222,10/1/2025,10/31/2025,0.6215,13029.1,60.39,1356.82,409.01,1,1,2,0,0,4,3,1,0.4604,0.7531,0.3892,0.913408802,1,,0.3333,0.25
120101,Vantage Insurance Services,Business Owners Policy,PA,15222,11/1/2025,11/30/2025,0.656,9334.47,34.34,869.29,1445.25,1,0,0,0,0,3,2,1,0.4339,0.6997,0.3786,0.913408802,1,,0.5,0.3333
120101,Vantage Insurance Services,Business Owners Policy,PA,15222,12/1/2025,12/31/2025,0.6302,10526.09,109.41,1146.69,1955.54,1,0,0,0,0,3,2,1,0.389,0.6959,0.3344,0.913408802,1,Withdrawn,0.5,0.3333
120101,Vantage Insurance Services,Business Owners Policy,PA,15222,2/1/2026,2/28/2026,0.6918,15681.39,15.61,1663.21,3173.52,0,1,1,0,0,8,5,4,0.3464,0.6333,0.3405,0.913408802,3,Withdrawn,0.8,0.5
120101,Vantage Insurance Services,Business Owners Policy,PA,15222,3/1/2026,3/31/2026,0.6484,16006.04,38.48,1405.31,1754.99,1,1,1,0,0,3,2,1,0.4418,0.7474,0.369,0.913408802,1,Withdrawn,0.5,0.3333
120101,Vantage Insurance Services,Business Owners Policy,PA,15222,4/1/2025,4/30/2025,0.7503,11078.0,39.56,1251.65,1756.07,1,1,1,0,0,3,2,1,0.4524,0.7067,0.3946,0.913408802,1,,0.5,0.3333
120101,Vantage Insurance Services,Business Owners Policy,PA,15222,5/1/2025,5/31/2025,0.8717,17264.21,28.33,1769.42,4370.19,0,0,1,0,0,4,2,1,0.471,0.6775,0.3401,0.913408802,2,,0.5,0.25
120101,Vantage Insurance Services,Business Owners Policy,PA,15222,6/1/2025,6/30/2025,0.6897,14914.97,28.93,1505.87,2040.8,1,0,2,0,0,4,3,2,0.4239,0.745,0.3203,0.913408802,1,Withdrawn,0.6667,0.5
120101,Vantage Insurance Services,Business Owners Policy,PA,15222,7/1/2025,7/31/2025,0.6416,17537.71,127.57,1959.12,720.34,1,1,0,0,0,3,2,1,0.4119,0.6988,0.3544,0.913408802,1,,0.5,0.3333
120101,Vantage Insurance Services,Business Owners Policy,PA,15222,8/1/2025,8/31/2025,0.8006,13587.04,55.64,1454.28,1492.4,0,0,2,1,0,5,4,3,0.4166,0.6678,0.3189,0.913408802,1,,0.75,0.6
120101,Vantage Insurance Services,Business Owners Policy,PA,15222,9/1/2025,9/30/2025,0.7539,9262.85,14.79,979.07,436.24,1,1,0,0,0,3,2,1,0.4196,0.7091,0.3376,0.913408802,1,Withdrawn,0.5,0.3333
120102,Meridian Risk Solutions,Workers Comp,PA,17101,1/1/2026,1/31/2026,0.625,34907.5,0.0,3827.38,916.87,1,0,0,0,0,3,2,1,0.6024,0.8523,0.2483,0.894649525,1,Withdrawn,0.5,0.3333
120102,Meridian Risk Solutions,Workers Comp,PA,17101,10/1/2025,10/31/2025,0.5491,27476.1,0.0,3143.45,1037.45,1,0,1,0,0,3,2,1,0.5422,0.8131,0.2383,0.894649525,1,,0.5,0.3333
120102,Meridian Risk Solutions,Workers Comp,PA,17101,11/1/2025,11/30/2025,0.5005,22711.8,0.0,2704.3,1280.14,0,0,1,0,0,3,2,1,0.6061,0.7985,0.2482,0.894649525,1,Declined,0.5,0.3333
120102,Meridian Risk Solutions,Workers Comp,PA,17101,12/1/2025,12/31/2025,0.5191,28585.59,0.0,3270.14,1660.84,0,1,0,0,0,3,2,1,0.649,0.7878,0.276,0.894649525,1,,0.5,0.3333
120102,Meridian Risk Solutions,Workers Comp,PA,17101,2/1/2026,2/28/2026,0.487,29791.41,0.0,3438.0,582.23,0,0,0,1,0,3,2,1,0.5122,0.8065,0.2508,0.894649525,1,,0.5,0.3333
120102,Meridian Risk Solutions,Workers Comp,PA,17101,3/1/2026,3/31/2026,0.4332,20177.77,0.0,2246.98,2915.61,0,0,1,1,0,3,2,1,0.4874,0.7962,0.324,0.894649525,1,Withdrawn,0.5,0.3333
120102,Meridian Risk Solutions,Workers Comp,PA,17101,4/1/2025,4/30/2025,0.5881,31797.07,0.0,3614.09,668.09,1,0,0,0,0,7,6,5,0.5622,0.8063,0.2765,0.894649525,1,,0.8333,0.7143
120102,Meridian Risk Solutions,Workers Comp,PA,17101,5/1/2025,5/31/2025,0.5925,15781.45,0.0,1761.4,1463.23,0,0,0,0,0,3,2,1,0.5533,0.8565,0.2691,0.894649525,1,Withdrawn,0.5,0.3333
120102,Meridian Risk Solutions,Workers Comp,PA,17101,6/1/2025,6/30/2025,0.6922,27707.36,0.0,3364.66,2572.29,0,0,1,1,0,4,3,2,0.5651,0.8273,0.3219,0.894649525,1,,0.6667,0.5
120102,Meridian Risk Solutions,Workers Comp,PA,17101,7/1/2025,7/31/2025,0.4457,23189.6,0.0,2728.22,700.72,0,0,0,0,0,6,3,2,0.5294,0.821,0.3302,0.894649525,3,,0.6667,0.3333
120102,Meridian Risk Solutions,Workers Comp,PA,17101,8/1/2025,8/31/2025,0.5229,20796.41,0.0,2325.53,3992.98,0,0,0,0,0,3,2,1,0.4856,0.7953,0.2495,0.894649525,1,,0.5,0.3333
120102,Meridian Risk Solutions,Workers Comp,PA,17101,9/1/2025,9/30/2025,0.6352,33442.74,0.0,4103.23,692.63,1,0,0,0,0,3,2,1,0.5062,0.7819,0.3235,0.894649525,1,,0.5,0.3333
120103,Benchmark Insurance Co.,Commercial Auto,PA,18501,1/1/2026,1/31/2026,0.6166,19297.83,164.78,2043.07,2580.93,0,0,0,1,0,4,2,1,0.4532,0.6796,0.3983,0.925635904,2,,0.5,0.25
120103,Benchmark Insurance Co.,Commercial Auto,PA,18501,10/1/2025,10/31/2025,0.6611,21492.34,48.69,1963.06,1535.65,0,1,1,0,0,3,2,1,0.3807,0.7709,0.3299,0.925635904,1,Withdrawn,0.5,0.3333
120103,Benchmark Insurance Co.,Commercial Auto,PA,18501,11/1/2025,11/30/2025,0.7146,16352.41,129.53,1803.72,1098.65,0,1,0,0,0,3,2,1,0.3245,0.6943,0.3417,0.925635904,1,,0.5,0.3333
120103,Benchmark Insurance Co.,Commercial Auto,PA,18501,12/1/2025,12/31/2025,0.8381,12289.27,222.18,1118.93,179.39,3,1,1,0,0,3,2,1,0.4623,0.746,0.3512,0.925635904,1,Withdrawn,0.5,0.3333
120103,Benchmark Insurance Co.,Commercial Auto,PA,18501,2/1/2026,2/28/2026,0.6779,20413.97,166.28,1991.94,1271.02,1,1,2,0,0,3,2,1,0.4617,0.7276,0.3494,0.925635904,1,,0.5,0.3333
120103,Benchmark Insurance Co.,Commercial Auto,PA,18501,3/1/2026,3/31/2026,0.7055,16700.12,74.94,1823.11,1052.84,2,1,1,0,0,3,2,1,0.5838,0.6747,0.3214,0.925635904,1,,0.5,0.3333
120103,Benchmark Insurance Co.,Commercial Auto,PA,18501,4/1/2025,4/30/2025,0.7267,13450.68,354.48,1423.88,2185.3,0,1,1,0,0,3,2,1,0.4487,0.6848,0.381,0.925635904,1,Withdrawn,0.5,0.3333
120103,Benchmark Insurance Co.,Commercial Auto,PA,18501,5/1/2025,5/31/2025,0.6871,5424.4,249.29,522.25,8758.49,1,0,1,0,0,7,4,3,0.4536,0.7005,0.3695,0.925635904,3,,0.75,0.4286
120103,Benchmark Insurance Co.,Commercial Auto,PA,18501,6/1/2025,6/30/2025,0.7737,25443.95,66.48,2887.21,2271.45,1,0,1,0,0,3,2,1,0.44,0.7009,0.3429,0.925635904,1,Withdrawn,0.5,0.3333
120103,Benchmark Insurance Co.,Commercial Auto,PA,18501,7/1/2025,7/31/2025,0.5766,500.0,737.91,50.0,304.02,1,0,1,0,0,4,3,2,0.3752,0.7674,0.3169,0.925635904,1,,0.6667,0.5
120103,Benchmark Insurance Co.,Commercial Auto,PA,18501,8/1/2025,8/31/2025,0.6206,12367.32,147.22,1137.4,1661.54,0,0,1,0,0,3,2,1,0.447,0.6382,0.3709,0.925635904,1,Declined,0.5,0.3333
120103,Benchmark Insurance Co.,Commercial Auto,PA,18501,9/1/2025,9/30/2025,0.618,14150.73,164.58,1487.66,1509.65,2,0,1,1,1,3,2,1,0.3586,0.7165,0.2978,0.925635904,1,Withdrawn,0.5,0.3333
120104,Landmark & Associates,Business Owners Policy,NY,10001,1/1/2026,1/31/2026,0.8984,729.25,74.64,58.82,827.03,3,0,2,1,0,5,4,3,0.1777,0.3736,0.5347,0.894892176,1,,0.75,0.6
120104,Landmark & Associates,Business Owners Policy,NY,10001,10/1/2025,10/31/2025,0.9742,4959.09,107.26,385.02,1329.45,1,1,0,0,0,3,2,1,0.2683,0.422,0.5604,0.894892176,1,,0.5,0.3333
120104,Landmark & Associates,Business Owners Policy,NY,10001,11/1/2025,11/30/2025,0.9843,2312.96,247.07,196.2,1983.56,1,0,1,1,0,3,2,1,0.1698,0.4942,0.4958,0.894892176,1,,0.5,0.3333
120104,Landmark & Associates,Business Owners Policy,NY,10001,12/1/2025,12/31/2025,0.9633,1581.42,202.42,116.26,2695.7,1,1,1,0,0,3,2,1,0.2219,0.3566,0.4689,0.894892176,1,,0.5,0.3333
120104,Landmark & Associates,Business Owners Policy,NY,10001,2/1/2026,2/28/2026,0.8868,1228.54,293.93,96.77,1186.97,0,0,0,0,0,5,3,2,0.1787,0.3837,0.4526,0.894892176,2,Declined,0.6667,0.4
120104,Landmark & Associates,Business Owners Policy,NY,10001,3/1/2026,3/31/2026,0.8494,2558.58,236.41,189.72,1251.3,0,1,0,0,0,3,2,1,0.1936,0.4416,0.4696,0.894892176,1,,0.5,0.3333
120104,Landmark & Associates,Business Owners Policy,NY,10001,4/1/2025,4/30/2025,0.9964,2856.99,291.69,250.03,491.99,1,0,1,1,0,3,2,1,0.231,0.3458,0.5047,0.894892176,1,Withdrawn,0.5,0.3333
120104,Landmark & Associates,Business Owners Policy,NY,10001,5/1/2025,5/31/2025,1.0511,500.0,630.45,50.0,969.56,1,0,0,0,0,3,2,1,0.1584,0.4736,0.5213,0.894892176,1,Withdrawn,0.5,0.3333
120104,Landmark & Associates,Business Owners Policy,NY,10001,6/1/2025,6/30/2025,0.9142,2493.28,101.0,206.29,1881.56,0,0,2,1,0,3,2,1,0.1675,0.3865,0.5348,0.894892176,1,Declined,0.5,0.3333
120104,Landmark & Associates,Business Owners Policy,NY,10001,7/1/2025,7/31/2025,0.8861,2440.89,254.73,176.48,2241.17,0,1,1,0,0,4,3,2,0.1751,0.2833,0.5211,0.894892176,1,Withdrawn,0.6667,0.5
120104,Landmark & Associates,Business Owners Policy,NY,10001,8/1/2025,8/31/2025,0.8939,5588.54,310.29,454.71,515.83,1,2,2,0,0,6,3,2,0.1728,0.2536,0.6262,0.894892176,3,Withdrawn,0.6667,0.3333
120104,Landmark & Associates,Business Owners Policy,NY,10001,9/1/2025,9/30/2025,0.9385,2884.72,365.14,238.32,3158.28,1,0,0,0,0,3,2,1,0.1452,0.459,0.5108,0.894892176,1,,0.5,0.3333
120105,Gateway Insurance Partners,Workers Comp,NY,11201,1/1/2026,1/31/2026,0.502,29737.66,1100.49,3392.61,5269.1,0,0,2,0,1,5,3,2,0.6702,0.8723,0.265,0.940986514,2,Withdrawn,0.6667,0.4
120105,Gateway Insurance Partners,Workers Comp,NY,11201,10/1/2025,10/31/2025,0.5221,42279.06,2552.65,4504.88,851.88,0,0,1,0,0,3,2,1,0.5619,0.7791,0.276,0.940986514,1,,0.5,0.3333
120105,Gateway Insurance Partners,Workers Comp,NY,11201,11/1/2025,11/30/2025,0.6091,27415.14,2312.45,3369.24,2142.09,2,1,2,0,0,5,4,3,0.5726,0.8253,0.2324,0.940986514,1,Declined,0.75,0.6
120105,Gateway Insurance Partners,Workers Comp,NY,11201,12/1/2025,12/31/2025,0.5026,37140.19,339.68,4012.93,3895.27,0,1,0,0,0,3,2,1,0.5365,0.8377,0.2744,0.940986514,1,Withdrawn,0.5,0.3333
120105,Gateway Insurance Partners,Workers Comp,NY,11201,2/1/2026,2/28/2026,0.6257,23768.01,1776.0,2495.24,2167.69,0,0,0,0,0,4,3,2,0.528,0.8226,0.2985,0.940986514,1,Withdrawn,0.6667,0.5
120105,Gateway Insurance Partners,Workers Comp,NY,11201,3/1/2026,3/31/2026,0.4855,23861.1,1935.03,2982.56,2213.76,1,0,0,0,0,3,2,1,0.5484,0.8085,0.2185,0.940986514,1,Withdrawn,0.5,0.3333
120105,Gateway Insurance Partners,Workers Comp,NY,11201,4/1/2025,4/30/2025,0.5977,28094.9,574.48,3273.17,2418.04,0,1,0,0,0,3,2,1,0.5735,0.8517,0.3205,0.940986514,1,,0.5,0.3333
120105,Gateway Insurance Partners,Workers Comp,NY,11201,5/1/2025,5/31/2025,0.4912,24260.91,1175.51,2695.94,1024.98,1,0,1,0,0,3,2,1,0.5604,0.8293,0.3155,0.940986514,1,,0.5,0.3333
120105,Gateway Insurance Partners,Workers Comp,NY,11201,6/1/2025,6/30/2025,0.4585,38510.26,5221.62,4111.78,3463.15,2,1,1,1,0,3,2,1,0.5632,0.8457,0.2454,0.940986514,1,Withdrawn,0.5,0.3333
120105,Gateway Insurance Partners,Workers Comp,NY,11201,7/1/2025,7/31/2025,0.5491,20529.97,1346.9,2422.81,2307.35,1,1,1,1,0,6,5,4,0.6125,0.8042,0.2758,0.940986514,1,,0.8,0.6667
120105,Gateway Insurance Partners,Workers Comp,NY,11201,8/1/2025,8/31/2025,0.5718,37412.27,2219.71,4127.96,2875.39,0,0,0,0,0,3,2,1,0.4888,0.8092,0.2284,0.940986514,1,,0.5,0.3333
120105,Gateway Insurance Partners,Workers Comp,NY,11201,9/1/2025,9/30/2025,0.515,22817.23,1132.41,2416.15,2116.4,2,0,1,1,0,3,2,1,0.4755,0.8023,0.2914,0.940986514,1,,0.5,0.3333
120106,Tri-State Insurance Co.,Commercial Auto,NY,10301,1/1/2026,1/31/2026,0.5493,19946.13,0.0,2182.4,2190.99,0,2,1,0,0,4,3,1,0.3486,0.6875,0.3391,0.959591099,1,,0.3333,0.25
120106,Tri-State Insurance Co.,Commercial Auto,NY,10301,10/1/2025,10/31/2025,0.7467,19287.45,0.0,1781.93,1153.7,1,0,2,0,0,3,2,1,0.4645,0.7087,0.2964,0.959591099,1,,0.5,0.3333
120106,Tri-State Insurance Co.,Commercial Auto,NY,10301,11/1/2025,11/30/2025,0.7277,10222.51,0.0,988.41,3071.23,1,1,1,0,0,3,2,1,0.4504,0.6761,0.3451,0.959591099,1,,0.5,0.3333
120106,Tri-State Insurance Co.,Commercial Auto,NY,10301,12/1/2025,12/31/2025,0.6929,5532.5,0.0,615.03,6712.57,0,1,0,0,0,4,3,1,0.4676,0.7674,0.3198,0.959591099,1,Withdrawn,0.3333,0.25
120106,Tri-State Insurance Co.,Commercial Auto,NY,10301,2/1/2026,2/28/2026,0.691,15528.33,0.0,1453.23,2052.64,0,1,0,0,0,8,6,3,0.3775,0.7294,0.3247,0.959591099,2,,0.5,0.375
120106,Tri-State Insurance Co.,Commercial Auto,NY,10301,3/1/2026,3/31/2026,0.6488,11912.46,0.0,1191.62,2610.56,1,0,1,0,0,6,2,1,0.4193,0.6964,0.3387,0.959591099,4,,0.5,0.1667
120106,Tri-State Insurance Co.,Commercial Auto,NY,10301,4/1/2025,4/30/2025,0.6435,14813.98,0.0,1521.32,4710.17,0,0,1,0,0,3,2,1,0.366,0.7702,0.3283,0.959591099,1,Withdrawn,0.5,0.3333
120106,Tri-State Insurance Co.,Commercial Auto,NY,10301,5/1/2025,5/31/2025,0.8047,10666.86,0.0,978.65,8531.76,1,0,0,0,0,3,2,1,0.3953,0.6738,0.3207,0.959591099,1,,0.5,0.3333
120106,Tri-State Insurance Co.,Commercial Auto,NY,10301,6/1/2025,6/30/2025,0.8905,5968.72,0.0,554.35,640.08,0,1,0,0,0,3,2,1,0.4446,0.7541,0.3653,0.959591099,1,,0.5,0.3333
120106,Tri-State Insurance Co.,Commercial Auto,NY,10301,7/1/2025,7/31/2025,0.7276,21378.66,0.0,2264.9,3817.29,0,0,1,0,0,3,2,1,0.4083,0.6712,0.3614,0.959591099,1,Withdrawn,0.5,0.3333
120106,Tri-State Insurance Co.,Commercial Auto,NY,10301,8/1/2025,8/31/2025,0.6232,3658.12,0.0,366.72,1515.79,3,0,0,0,0,3,2,1,0.3286,0.7674,0.3292,0.959591099,1,,0.5,0.3333
120106,Tri-State Insurance Co.,Commercial Auto,NY,10301,9/1/2025,9/30/2025,0.7063,11966.12,0.0,1124.11,245.39,0,0,0,0,0,3,2,1,0.3317,0.7619,0.3466,0.959591099,1,,0.5,0.3333
120107,Premier Risk Management,Business Owners Policy,NY,14201,1/1/2026,1/31/2026,0.8862,10250.75,1194.17,902.34,1935.29,2,0,0,0,0,4,3,1,0.3193,0.5668,0.4046,0.892637253,1,Withdrawn,0.3333,0.25
120107,Premier Risk Management,Business Owners Policy,NY,14201,10/1/2025,10/31/2025,0.8,12015.89,992.64,1181.69,1746.97,0,1,0,1,0,6,5,4,0.3088,0.5847,0.3591,0.892637253,1,Withdrawn,0.8,0.6667
120107,Premier Risk Management,Business Owners Policy,NY,14201,11/1/2025,11/30/2025,0.7796,3910.91,1475.62,299.46,1218.96,0,1,0,1,0,3,2,1,0.3257,0.6147,0.4465,0.892637253,1,,0.5,0.3333
120107,Premier Risk Management,Business Owners Policy,NY,14201,12/1/2025,12/31/2025,0.791,7702.73,431.11,768.05,1568.68,1,1,1,0,0,3,2,1,0.2468,0.5359,0.338,0.892637253,1,,0.5,0.3333
120107,Premier Risk Management,Business Owners Policy,NY,14201,2/1/2026,2/28/2026,0.7697,4896.13,958.92,396.99,496.97,0,1,3,0,0,3,2,1,0.156,0.5593,0.3903,0.892637253,1,Declined,0.5,0.3333
120107,Premier Risk Management,Business Owners Policy,NY,14201,3/1/2026,3/31/2026,0.7675,6050.99,462.71,583.14,2454.82,0,0,0,1,0,6,4,2,0.3719,0.608,0.4575,0.892637253,2,,0.5,0.3333
120107,Premier Risk Management,Business Owners Policy,NY,14201,4/1/2025,4/30/2025,0.79,8229.06,864.66,733.87,824.42,0,1,1,0,0,3,2,1,0.2922,0.5583,0.4417,0.892637253,1,,0.5,0.3333
120107,Premier Risk Management,Business Owners Policy,NY,14201,5/1/2025,5/31/2025,0.7842,9707.6,1846.79,747.44,1803.93,1,1,3,0,0,3,2,1,0.3643,0.6104,0.4482,0.892637253,1,,0.5,0.3333
120107,Premier Risk Management,Business Owners Policy,NY,14201,6/1/2025,6/30/2025,0.8819,9675.59,589.6,947.2,3993.69,2,0,1,0,0,5,2,1,0.334,0.5922,0.3636,0.892637253,3,Withdrawn,0.5,0.2
120107,Premier Risk Management,Business Owners Policy,NY,14201,7/1/2025,7/31/2025,0.7532,4065.73,419.37,395.39,384.6,1,1,1,0,0,3,2,1,0.2992,0.5973,0.4122,0.892637253,1,,0.5,0.3333
120107,Premier Risk Management,Business Owners Policy,NY,14201,8/1/2025,8/31/2025,0.7764,6257.99,307.38,585.87,553.91,1,0,0,0,0,3,2,1,0.2467,0.5866,0.3849,0.892637253,1,,0.5,0.3333
120107,Premier Risk Management,Business Owners Policy,NY,14201,9/1/2025,9/30/2025,0.84,5483.97,1798.21,481.92,1096.86,3,1,1,0,0,3,2,1,0.2593,0.537,0.442,0.892637253,1,Withdrawn,0.5,0.3333
120108,Alliance & Associates,Workers Comp,NJ,7030,1/1/2026,1/31/2026,0.5397,41097.69,2467.19,4337.99,1103.27,1,0,2,0,0,3,2,1,0.5506,0.825,0.3231,0.946891977,1,Withdrawn,0.5,0.3333
120108,Alliance & Associates,Workers Comp,NJ,7030,10/1/2025,10/31/2025,0.4641,33697.52,1824.75,4005.19,607.46,0,1,1,0,0,11,8,1,0.5534,0.7941,0.3273,0.946891977,3,Withdrawn,0.125,0.0909
120108,Alliance & Associates,Workers Comp,NJ,7030,11/1/2025,11/30/2025,0.5258,49682.65,1995.7,6163.12,2282.89,2,0,2,0,0,3,2,1,0.4664,0.8235,0.2801,0.946891977,1,,0.5,0.3333
120108,Alliance & Associates,Workers Comp,NJ,7030,12/1/2025,12/31/2025,0.5812,25746.82,6686.95,2981.53,1427.74,1,0,1,1,0,3,2,1,0.5327,0.874,0.2483,0.946891977,1,Withdrawn,0.5,0.3333
120108,Alliance & Associates,Workers Comp,NJ,7030,2/1/2026,2/28/2026,0.6351,28175.11,4800.23,2739.54,243.16,1,1,0,0,0,3,2,1,0.6196,0.8419,0.2888,0.946891977,1,,0.5,0.3333
120108,Alliance & Associates,Workers Comp,NJ,7030,3/1/2026,3/31/2026,0.569,41065.84,2435.7,4463.56,1566.3,2,1,2,0,0,11,10,8,0.5898,0.8411,0.264,0.946891977,1,,0.8,0.7273
120108,Alliance & Associates,Workers Comp,NJ,7030,4/1/2025,4/30/2025,0.4656,19792.28,3078.09,2173.22,2071.1,1,2,2,0,0,4,3,2,0.5857,0.8594,0.2411,0.946891977,1,,0.6667,0.5
120108,Alliance & Associates,Workers Comp,NJ,7030,5/1/2025,5/31/2025,0.5864,29663.04,9057.29,3420.79,1784.0,1,1,2,0,0,3,2,1,0.627,0.8638,0.2764,0.946891977,1,,0.5,0.3333
120108,Alliance & Associates,Workers Comp,NJ,7030,6/1/2025,6/30/2025,0.6035,34526.04,3195.71,4206.88,946.77,0,0,1,1,0,3,2,1,0.5722,0.8113,0.2739,0.946891977,1,Withdrawn,0.5,0.3333
120108,Alliance & Associates,Workers Comp,NJ,7030,7/1/2025,7/31/2025,0.5861,25630.01,4640.94,2707.37,548.94,1,0,1,0,0,7,6,3,0.6053,0.8304,0.2609,0.946891977,1,Withdrawn,0.5,0.4286
120108,Alliance & Associates,Workers Comp,NJ,7030,8/1/2025,8/31/2025,0.5565,28849.46,3862.66,3519.06,3122.46,1,1,0,1,0,3,2,1,0.553,0.8258,0.3582,0.946891977,1,Withdrawn,0.5,0.3333
120108,Alliance & Associates,Workers Comp,NJ,7030,9/1/2025,9/30/2025,0.5117,33507.1,1106.27,3304.24,1182.55,4,1,1,0,0,3,2,1,0.4545,0.8189,0.2553,0.946891977,1,,0.5,0.3333
120109,Bridgepoint Risk Management,Commercial Auto,NJ,7102,1/1/2026,1/31/2026,0.3844,46731.72,40.17,5209.7,3654.96,0,0,0,0,0,3,2,1,0.664,0.8832,0.2458,0.958717289,1,,0.5,0.3333
120109,Bridgepoint Risk Management,Commercial Auto,NJ,7102,10/1/2025,10/31/2025,0.27,35131.97,3367.0,4285.15,595.08,1,1,1,0,0,3,2,1,0.751,0.8835,0.2236,0.958717289,1,Declined,0.5,0.3333
120109,Bridgepoint Risk Management,Commercial Auto,NJ,7102,11/1/2025,11/30/2025,0.4784,46861.86,2200.52,6283.53,951.57,0,1,1,0,0,4,2,1,0.6711,0.9215,0.1523,0.958717289,2,Withdrawn,0.5,0.25
120109,Bridgepoint Risk Management,Commercial Auto,NJ,7102,12/1/2025,12/31/2025,0.3561,33170.27,13123.15,3484.0,3640.71,1,0,0,0,0,3,2,1,0.7324,0.9201,0.1943,0.958717289,1,,0.5,0.3333
120109,Bridgepoint Risk Management,Commercial Auto,NJ,7102,2/1/2026,2/28/2026,0.4159,56550.03,10376.82,7459.7,2185.66,1,1,1,0,0,3,2,1,0.6942,0.9001,0.2356,0.958717289,1,,0.5,0.3333
120109,Bridgepoint Risk Management,Commercial Auto,NJ,7102,3/1/2026,3/31/2026,0.4499,46374.97,5404.64,5383.82,4959.96,0,1,1,0,0,3,2,1,0.721,0.9027,0.1795,0.958717289,1,Declined,0.5,0.3333
120109,Bridgepoint Risk Management,Commercial Auto,NJ,7102,4/1/2025,4/30/2025,0.4185,53441.91,6379.45,5686.79,458.46,2,1,1,0,0,3,2,1,0.6388,0.9144,0.2019,0.958717289,1,Withdrawn,0.5,0.3333
120109,Bridgepoint Risk Management,Commercial Auto,NJ,7102,5/1/2025,5/31/2025,0.3753,56833.01,7351.91,7053.39,2663.37,0,0,1,0,0,6,5,4,0.694,0.9,0.1596,0.958717289,1,,0.8,0.6667
120109,Bridgepoint Risk Management,Commercial Auto,NJ,7102,6/1/2025,6/30/2025,0.3265,69029.13,8469.73,9214.16,5822.62,1,0,0,0,0,3,2,1,0.6637,0.897,0.2121,0.958717289,1,Withdrawn,0.5,0.3333
120109,Bridgepoint Risk Management,Commercial Auto,NJ,7102,7/1/2025,7/31/2025,0.3615,30806.21,12106.18,3441.44,7500.34,1,0,0,0,0,4,2,1,0.6394,0.9294,0.1721,0.958717289,2,,0.5,0.25
120109,Bridgepoint Risk Management,Commercial Auto,NJ,7102,8/1/2025,8/31/2025,0.25,28004.77,11786.19,3024.05,945.31,0,1,2,0,0,6,3,2,0.6874,0.9511,0.2263,0.958717289,3,Withdrawn,0.6667,0.3333
120109,Bridgepoint Risk Management,Commercial Auto,NJ,7102,9/1/2025,9/30/2025,0.3414,59090.26,4510.15,6525.04,3976.27,1,2,0,0,0,3,2,1,0.7182,0.8941,0.2482,0.958717289,1,,0.5,0.3333
120110,Highmark Brokerage,Business Owners Policy,NJ,8401,1/1/2026,1/31/2026,0.6416,50593.76,656.2,5925.12,818.24,1,0,0,0,0,3,2,1,0.5049,0.906,0.3371,0.890132948,1,Declined,0.5,0.3333
120110,Highmark Brokerage,Business Owners Policy,NJ,8401,10/1/2025,10/31/2025,0.5287,22490.21,9005.12,2241.06,981.31,0,0,1,1,0,8,5,1,0.5456,0.8061,0.2889,0.890132948,3,Withdrawn,0.2,0.125
120110,Highmark Brokerage,Business Owners Policy,NJ,8401,11/1/2025,11/30/2025,0.6271,37365.29,5480.73,3878.37,801.34,0,1,1,0,0,3,2,1,0.5738,0.8242,0.2783,0.890132948,1,,0.5,0.3333
120110,Highmark Brokerage,Business Owners Policy,NJ,8401,12/1/2025,12/31/2025,0.4507,38570.53,1836.9,4020.18,851.22,1,0,1,1,0,3,2,1,0.5396,0.8389,0.2232,0.890132948,1,,0.5,0.3333
120110,Highmark Brokerage,Business Owners Policy,NJ,8401,2/1/2026,2/28/2026,0.6298,16097.11,1203.6,1598.65,583.97,1,1,0,0,0,4,3,2,0.5257,0.7798,0.2764,0.890132948,1,,0.6667,0.5
120110,Highmark Brokerage,Business Owners Policy,NJ,8401,3/1/2026,3/31/2026,0.4825,33493.67,3305.94,3971.11,732.28,0,0,1,0,0,3,2,1,0.6128,0.8922,0.2643,0.890132948,1,,0.5,0.3333
120110,Highmark Brokerage,Business Owners Policy,NJ,8401,4/1/2025,4/30/2025,0.5701,25296.98,3679.69,2371.08,73.77,0,0,0,1,0,3,2,1,0.5771,0.8136,0.2969,0.890132948,1,Withdrawn,0.5,0.3333
120110,Highmark Brokerage,Business Owners Policy,NJ,8401,5/1/2025,5/31/2025,0.5501,23551.22,2029.56,2224.2,761.74,1,0,0,0,0,5,2,1,0.5126,0.8128,0.2689,0.890132948,3,,0.5,0.2
120110,Highmark Brokerage,Business Owners Policy,NJ,8401,6/1/2025,6/30/2025,0.5087,17947.48,2930.43,2207.37,1282.41,1,0,1,0,0,3,2,1,0.6086,0.8593,0.294,0.890132948,1,Withdrawn,0.5,0.3333
120110,Highmark Brokerage,Business Owners Policy,NJ,8401,7/1/2025,7/31/2025,0.6274,23985.19,4249.36,2684.38,899.66,1,0,2,0,0,4,2,1,0.5308,0.7676,0.2958,0.890132948,2,Declined,0.5,0.25
120110,Highmark Brokerage,Business Owners Policy,NJ,8401,8/1/2025,8/31/2025,0.5865,26482.45,2432.16,2934.86,1391.03,1,0,1,0,0,3,2,1,0.618,0.8148,0.3204,0.890132948,1,,0.5,0.3333
120110,Highmark Brokerage,Business Owners Policy,NJ,8401,9/1/2025,9/30/2025,0.601,40257.31,1818.74,4184.81,546.52,1,0,0,1,0,3,2,1,0.5575,0.7846,0.199,0.890132948,1,,0.5,0.3333
120111,Alliance Agency Group,Workers Comp,NJ,7601,1/1/2026,1/31/2026,0.4634,36967.74,0.0,4070.81,2345.75,1,1,0,0,0,3,2,1,0.5029,0.8323,0.2933,1.0,1,Declined,0.5,0.3333
120111,Alliance Agency Group,Workers Comp,NJ,7601,10/1/2025,10/31/2025,0.5983,22770.58,0.0,2461.3,3196.11,2,0,1,0,0,6,5,2,0.507,0.8546,0.2953,1.0,1,,0.4,0.3333
120111,Alliance Agency Group,Workers Comp,NJ,7601,11/1/2025,11/30/2025,0.6311,28730.52,0.0,3365.31,547.7,2,1,1,0,0,3,2,1,0.658,0.8188,0.343,1.0,1,Declined,0.5,0.3333
120111,Alliance Agency Group,Workers Comp,NJ,7601,12/1/2025,12/31/2025,0.5272,22423.64,0.0,2216.06,2365.39,0,1,1,0,0,6,3,2,0.5144,0.8055,0.3248,1.0,3,Withdrawn,0.6667,0.3333
120111,Alliance Agency Group,Workers Comp,NJ,7601,2/1/2026,2/28/2026,0.6118,40779.18,0.0,4137.45,2938.62,1,1,0,0,0,6,2,1,0.6066,0.8079,0.2686,1.0,4,,0.5,0.1667
120111,Alliance Agency Group,Workers Comp,NJ,7601,3/1/2026,3/31/2026,0.5887,19920.37,0.0,2008.89,3063.74,1,1,1,1,0,3,2,1,0.6132,0.8213,0.2855,1.0,1,,0.5,0.3333
120111,Alliance Agency Group,Workers Comp,NJ,7601,4/1/2025,4/30/2025,0.5551,27417.14,0.0,2648.77,3554.55,0,0,2,0,0,3,2,1,0.5248,0.7921,0.2285,1.0,1,,0.5,0.3333
120111,Alliance Agency Group,Workers Comp,NJ,7601,5/1/2025,5/31/2025,0.6634,25643.38,0.0,3005.7,4920.76,1,2,2,0,0,3,2,1,0.573,0.8266,0.256,1.0,1,,0.5,0.3333
120111,Alliance Agency Group,Workers Comp,NJ,7601,6/1/2025,6/30/2025,0.6226,22340.48,0.0,2117.92,3595.3,1,1,1,0,0,4,3,2,0.5954,0.8692,0.2793,1.0,1,Withdrawn,0.6667,0.5
120111,Alliance Agency Group,Workers Comp,NJ,7601,7/1/2025,7/31/2025,0.6826,28442.05,0.0,3099.81,10032.4,1,0,0,0,0,3,2,1,0.5258,0.8778,0.3061,1.0,1,Declined,0.5,0.3333
120111,Alliance Agency Group,Workers Comp,NJ,7601,8/1/2025,8/31/2025,0.5397,28813.79,0.0,3509.88,5992.37,0,1,1,0,0,3,2,1,0.5785,0.8583,0.3014,1.0,1,Withdrawn,0.5,0.3333
120111,Alliance Agency Group,Workers Comp,NJ,7601,9/1/2025,9/30/2025,0.6399,20422.38,0.0,1945.29,2731.78,2,0,2,0,0,3,2,1,0.5099,0.8125,0.3067,1.0,1,,0.5,0.3333
120112,Highmark Insurance Group,Commercial Auto,PA,19103,1/1/2026,1/31/2026,0.9036,6181.49,146.01,490.71,1090.71,1,0,0,0,0,3,2,1,0.1504,0.376,0.5872,0.972248199,1,,0.5,0.3333
120112,Highmark Insurance Group,Commercial Auto,PA,19103,10/1/2025,10/31/2025,0.9984,1487.81,371.76,113.47,3171.48,0,0,1,1,0,4,2,1,0.1712,0.4082,0.5578,0.972248199,2,Withdrawn,0.5,0.25
120112,Highmark Insurance Group,Commercial Auto,PA,19103,11/1/2025,11/30/2025,0.7103,562.32,37.43,50.0,2296.55,0,0,1,0,0,3,2,1,0.1824,0.3515,0.5132,0.972248199,1,Withdrawn,0.5,0.3333
120112,Highmark Insurance Group,Commercial Auto,PA,19103,12/1/2025,12/31/2025,0.9358,4740.6,130.04,375.89,117.92,1,0,0,0,0,4,3,2,0.2166,0.3538,0.6163,0.972248199,1,,0.6667,0.5
120112,Highmark Insurance Group,Commercial Auto,PA,19103,2/1/2026,2/28/2026,0.8213,2696.49,65.77,224.16,1078.71,1,0,1,0,0,6,5,4,0.2702,0.415,0.4498,0.972248199,1,,0.8,0.6667
120112,Highmark Insurance Group,Commercial Auto,PA,19103,3/1/2026,3/31/2026,0.9172,3523.84,122.89,304.12,1774.47,1,1,1,0,0,3,2,1,0.1871,0.4422,0.507,0.972248199,1,Withdrawn,0.5,0.3333
120112,Highmark Insurance Group,Commercial Auto,PA,19103,4/1/2025,4/30/2025,0.886,1379.39,136.56,99.08,830.78,0,0,0,0,0,7,6,5,0.1834,0.3424,0.4847,0.972248199,1,,0.8333,0.7143
120112,Highmark Insurance Group,Commercial Auto,PA,19103,5/1/2025,5/31/2025,0.8476,3091.74,242.0,234.82,222.99,1,0,0,0,0,3,2,1,0.189,0.3824,0.5507,0.972248199,1,Withdrawn,0.5,0.3333
120112,Highmark Insurance Group,Commercial Auto,PA,19103,6/1/2025,6/30/2025,0.9428,745.43,161.6,60.38,1996.81,0,1,0,0,0,3,2,1,0.186,0.4263,0.4704,0.972248199,1,,0.5,0.3333
120112,Highmark Insurance Group,Commercial Auto,PA,19103,7/1/2025,7/31/2025,0.9997,3598.9,515.32,313.0,533.32,0,0,0,0,0,3,2,1,0.2524,0.3829,0.5335,0.972248199,1,Withdrawn,0.5,0.3333
120112,Highmark Insurance Group,Commercial Auto,PA,19103,8/1/2025,8/31/2025,0.8867,2875.95,144.66,250.75,503.32,1,1,0,0,0,3,2,1,0.1862,0.2957,0.4803,0.972248199,1,Withdrawn,0.5,0.3333
120112,Highmark Insurance Group,Commercial Auto,PA,19103,9/1/2025,9/30/2025,1.0095,2262.27,34.33,168.74,806.9,0,0,2,0,0,3,2,1,0.219,0.4455,0.592,0.972248199,1,,0.5,0.3333
120113,Liberty Agency Group,Business Owners Policy,PA,15222,1/1/2026,1/31/2026,0.7325,8321.06,0.0,857.67,213.96,1,0,0,0,0,4,3,2,0.2893,0.4708,0.4294,0.837268154,1,,0.6667,0.5
120113,Liberty Agency Group,Business Owners Policy,PA,15222,10/1/2025,10/31/2025,0.7887,6476.24,0.0,583.11,1038.06,0,0,0,0,0,3,2,1,0.3013,0.5626,0.4464,0.837268154,1,Withdrawn,0.5,0.3333
120113,Liberty Agency Group,Business Owners Policy,PA,15222,11/1/2025,11/30/2025,0.8892,500.0,0.0,50.0,1152.3,0,0,1,0,0,4,3,1,0.3067,0.5918,0.4665,0.837268154,1,Withdrawn,0.3333,0.25
120113,Liberty Agency Group,Business Owners Policy,PA,15222,12/1/2025,12/31/2025,0.7793,6848.8,0.0,540.32,734.23,1,1,0,1,0,3,2,1,0.3143,0.5245,0.3333,0.837268154,1,,0.5,0.3333
120113,Liberty Agency Group,Business Owners Policy,PA,15222,2/1/2026,2/28/2026,0.8177,4109.81,0.0,359.84,1892.36,1,0,0,0,0,3,2,1,0.3166,0.6253,0.4528,0.837268154,1,Withdrawn,0.5,0.3333
120113,Liberty Agency Group,Business Owners Policy,PA,15222,3/1/2026,3/31/2026,0.7041,4188.55,0.0,331.58,402.11,0,0,1,0,0,3,2,1,0.2931,0.5602,0.4466,0.837268154,1,,0.5,0.3333
120113,Liberty Agency Group,Business Owners Policy,PA,15222,4/1/2025,4/30/2025,0.7592,10420.75,0.0,933.38,1206.36,0,1,0,0,0,3,2,1,0.3004,0.5584,0.4336,0.837268154,1,Withdrawn,0.5,0.3333
120113,Liberty Agency Group,Business Owners Policy,PA,15222,5/1/2025,5/31/2025,0.7492,7523.59,0.0,778.27,676.64,0,0,0,0,0,3,2,1,0.2919,0.5634,0.403,0.837268154,1,,0.5,0.3333
120113,Liberty Agency Group,Business Owners Policy,PA,15222,6/1/2025,6/30/2025,0.8727,6180.98,0.0,635.8,2206.5,1,0,1,0,0,8,7,6,0.3112,0.5609,0.3821,0.837268154,1,,0.8571,0.75
120113,Liberty Agency Group,Business Owners Policy,PA,15222,7/1/2025,7/31/2025,0.8551,14891.85,0.0,1229.09,150.82,0,1,1,1,0,3,2,1,0.2275,0.5593,0.424,0.837268154,1,,0.5,0.3333
120113,Liberty Agency Group,Business Owners Policy,PA,15222,8/1/2025,8/31/2025,0.7655,5109.85,0.0,448.03,66.16,1,0,0,0,0,4,3,2,0.3139,0.4891,0.4442,0.837268154,1,Withdrawn,0.6667,0.5
120113,Liberty Agency Group,Business Owners Policy,PA,15222,9/1/2025,9/30/2025,0.776,9046.66,0.0,833.73,102.61,0,0,1,0,0,5,4,2,0.3155,0.4909,0.418,0.837268154,1,,0.5,0.4
120114,Guardian Risk Advisors,Workers Comp,PA,17101,1/1/2026,1/31/2026,0.7185,11477.89,293.99,1096.3,1191.54,1,0,0,0,0,3,2,1,0.3928,0.7287,0.3232,0.889619289,1,Withdrawn,0.5,0.3333
120114,Guardian Risk Advisors,Workers Comp,PA,17101,10/1/2025,10/31/2025,0.5936,15403.19,105.07,1510.1,582.58,1,1,1,0,0,3,2,1,0.4478,0.7181,0.3067,0.889619289,1,,0.5,0.3333
120114,Guardian Risk Advisors,Workers Comp,PA,17101,11/1/2025,11/30/2025,0.7554,22729.29,92.37,2004.87,873.12,1,0,0,1,0,3,2,1,0.5696,0.6393,0.3393,0.889619289,1,Withdrawn,0.5,0.3333
120114,Guardian Risk Advisors,Workers Comp,PA,17101,12/1/2025,12/31/2025,0.7506,12755.76,41.98,1326.77,298.29,1,1,0,0,0,3,2,1,0.3796,0.761,0.3323,0.889619289,1,,0.5,0.3333
120114,Guardian Risk Advisors,Workers Comp,PA,17101,2/1/2026,2/28/2026,0.667,17785.16,47.07,1780.24,2240.63,0,1,1,1,0,6,5,4,0.4964,0.774,0.3736,0.889619289,1,,0.8,0.6667
120114,Guardian Risk Advisors,Workers Comp,PA,17101,3/1/2026,3/31/2026,0.6823,13865.8,47.44,1392.02,1006.33,1,0,1,1,0,3,2,1,0.3536,0.7097,0.343,0.889619289,1,Withdrawn,0.5,0.3333
120114,Guardian Risk Advisors,Workers Comp,PA,17101,4/1/2025,4/30/2025,0.739,17020.26,245.25,1902.92,468.99,0,0,0,0,0,8,4,2,0.4673,0.7373,0.359,0.889619289,4,,0.5,0.25
120114,Guardian Risk Advisors,Workers Comp,PA,17101,5/1/2025,5/31/2025,0.6713,16986.52,46.71,1721.77,3032.59,1,0,1,0,0,3,2,1,0.5249,0.6996,0.3306,0.889619289,1,,0.5,0.3333
120114,Guardian Risk Advisors,Workers Comp,PA,17101,6/1/2025,6/30/2025,0.8545,11298.12,133.19,1014.18,3360.03,0,0,1,0,0,3,2,1,0.4818,0.5565,0.3424,0.889619289,1,Withdrawn,0.5,0.3333
120114,Guardian Risk Advisors,Workers Comp,PA,17101,7/1/2025,7/31/2025,0.6439,21112.8,79.97,1892.11,1262.6,0,0,1,0,0,3,2,1,0.5065,0.6815,0.3258,0.889619289,1,Declined,0.5,0.3333
120114,Guardian Risk Advisors,Workers Comp,PA,17101,8/1/2025,8/31/2025,0.7436,11466.83,285.66,1118.57,642.38,1,1,1,0,0,3,2,1,0.3711,0.6785,0.3592,0.889619289,1,Withdrawn,0.5,0.3333
120114,Guardian Risk Advisors,Workers Comp,PA,17101,9/1/2025,9/30/2025,0.7168,8446.68,200.0,800.93,1435.77,2,1,2,0,0,4,2,1,0.5284,0.72,0.3004,0.889619289,2,,0.5,0.25
120115,Eagle Insurance Group,Commercial Auto,PA,18501,1/1/2026,1/31/2026,0.8527,5702.09,0.0,575.99,2025.97,1,1,0,0,0,3,2,1,0.2808,0.6161,0.438,0.942267618,1,Declined,0.5,0.3333
120115,Eagle Insurance Group,Commercial Auto,PA,18501,10/1/2025,10/31/2025,0.9511,7155.98,0.0,613.98,296.76,1,0,2,0,0,3,2,1,0.1753,0.5254,0.3645,0.942267618,1,,0.5,0.3333
120115,Eagle Insurance Group,Commercial Auto,PA,18501,11/1/2025,11/30/2025,0.8834,11847.62,0.0,1058.6,2511.06,1,0,2,0,0,4,3,2,0.2605,0.6157,0.4515,0.942267618,1,Withdrawn,0.6667,0.5
120115,Eagle Insurance Group,Commercial Auto,PA,18501,12/1/2025,12/31/2025,0.7621,6878.16,0.0,623.49,2071.54,0,0,3,0,0,3,2,1,0.294,0.5565,0.3546,0.942267618,1,,0.5,0.3333
120115,Eagle Insurance Group,Commercial Auto,PA,18501,2/1/2026,2/28/2026,1.0226,1359.13,0.0,133.28,2061.98,2,1,0,0,0,3,2,1,0.2578,0.5495,0.4471,0.942267618,1,,0.5,0.3333
120115,Eagle Insurance Group,Commercial Auto,PA,18501,3/1/2026,3/31/2026,0.7585,8182.39,0.0,655.16,112.51,1,0,1,1,0,4,3,2,0.3137,0.6134,0.5242,0.942267618,1,Declined,0.6667,0.5
120115,Eagle Insurance Group,Commercial Auto,PA,18501,4/1/2025,4/30/2025,0.7889,500.0,0.0,50.0,1467.61,0,0,0,0,0,3,2,1,0.2965,0.5605,0.4887,0.942267618,1,,0.5,0.3333
120115,Eagle Insurance Group,Commercial Auto,PA,18501,5/1/2025,5/31/2025,0.8083,8761.29,0.0,746.37,899.41,1,1,3,1,0,3,2,1,0.3069,0.6074,0.4614,0.942267618,1,Declined,0.5,0.3333
120115,Eagle Insurance Group,Commercial Auto,PA,18501,6/1/2025,6/30/2025,0.7881,14379.62,0.0,1215.76,457.63,0,1,1,1,0,3,2,1,0.3151,0.5138,0.4045,0.942267618,1,,0.5,0.3333
120115,Eagle Insurance Group,Commercial Auto,PA,18501,7/1/2025,7/31/2025,0.8669,500.0,0.0,50.0,2624.58,3,1,1,1,0,3,2,1,0.2392,0.5385,0.4611,0.942267618,1,,0.5,0.3333
120115,Eagle Insurance Group,Commercial Auto,PA,18501,8/1/2025,8/31/2025,0.7598,5099.23,0.0,479.16,3105.9,2,0,0,0,0,11,8,6,0.259,0.5776,0.4578,0.942267618,3,Declined,0.75,0.5455
120115,Eagle Insurance Group,Commercial Auto,PA,18501,9/1/2025,9/30/2025,0.7056,7921.66,0.0,757.0,2672.9,2,0,1,0,0,4,3,2,0.3667,0.5642,0.5153,0.942267618,1,Withdrawn,0.6667,0.5
120116,Crossroads Insurance Services,Business Owners Policy,NY,10001,1/1/2026,1/31/2026,0.9384,11361.52,0.0,1047.86,2637.38,1,0,0,1,0,3,2,1,0.3413,0.5606,0.4351,0.92181876,1,,0.5,0.3333
120116,Crossroads Insurance Services,Business Owners Policy,NY,10001,10/1/2025,10/31/2025,0.7912,4649.24,0.0,367.0,2511.39,1,0,1,0,0,3,2,1,0.2264,0.5404,0.4251,0.92181876,1,,0.5,0.3333
120116,Crossroads Insurance Services,Business Owners Policy,NY,10001,11/1/2025,11/30/2025,0.7658,9591.77,0.0,968.24,1156.13,1,2,1,0,0,3,2,1,0.266,0.5821,0.5279,0.92181876,1,,0.5,0.3333
120116,Crossroads Insurance Services,Business Owners Policy,NY,10001,12/1/2025,12/31/2025,0.8661,9214.58,0.0,744.54,860.69,0,0,1,0,0,6,2,1,0.2836,0.5645,0.442,0.92181876,4,,0.5,0.1667
120116,Crossroads Insurance Services,Business Owners Policy,NY,10001,2/1/2026,2/28/2026,0.6994,7197.37,0.0,570.97,1490.68,3,0,1,1,0,3,2,1,0.3657,0.6604,0.367,0.92181876,1,Withdrawn,0.5,0.3333
120116,Crossroads Insurance Services,Business Owners Policy,NY,10001,3/1/2026,3/31/2026,0.9198,8384.09,0.0,739.64,3348.81,0,1,1,0,0,4,3,2,0.3315,0.6104,0.4028,0.92181876,1,,0.6667,0.5
120116,Crossroads Insurance Services,Business Owners Policy,NY,10001,4/1/2025,4/30/2025,0.829,4089.19,0.0,412.85,2469.79,0,0,2,1,0,3,2,1,0.3155,0.6216,0.4485,0.92181876,1,Declined,0.5,0.3333
120116,Crossroads Insurance Services,Business Owners Policy,NY,10001,5/1/2025,5/31/2025,0.7388,7780.52,0.0,711.56,1088.12,3,1,0,1,0,5,3,2,0.2994,0.6307,0.4065,0.92181876,2,Declined,0.6667,0.4
120116,Crossroads Insurance Services,Business Owners Policy,NY,10001,6/1/2025,6/30/2025,0.7006,8751.65,0.0,766.18,3479.99,0,0,0,0,0,3,2,1,0.3126,0.5512,0.4333,0.92181876,1,,0.5,0.3333
120116,Crossroads Insurance Services,Business Owners Policy,NY,10001,7/1/2025,7/31/2025,0.897,12498.85,0.0,1161.87,2393.45,1,1,2,0,0,4,2,1,0.3175,0.5491,0.4445,0.92181876,2,Withdrawn,0.5,0.25
120116,Crossroads Insurance Services,Business Owners Policy,NY,10001,8/1/2025,8/31/2025,0.8166,8965.7,0.0,783.62,2611.93,1,1,1,0,0,4,3,2,0.2763,0.5418,0.3844,0.92181876,1,Withdrawn,0.6667,0.5
120116,Crossroads Insurance Services,Business Owners Policy,NY,10001,9/1/2025,9/30/2025,0.8354,8676.16,0.0,867.24,860.68,0,1,1,0,0,3,2,1,0.315,0.5121,0.4436,0.92181876,1,Declined,0.5,0.3333
120117,Crestview Insurance Agency,Workers Comp,NY,11201,1/1/2026,1/31/2026,0.6476,29996.88,0.0,3724.4,1133.07,1,0,1,0,0,3,2,1,0.5042,0.8084,0.2871,0.931061584,1,,0.5,0.3333
120117,Crestview Insurance Agency,Workers Comp,NY,11201,10/1/2025,10/31/2025,0.4036,15935.89,0.0,1964.76,2309.49,0,1,1,0,0,4,3,2,0.5914,0.788,0.2661,0.931061584,1,,0.6667,0.5
120117,Crestview Insurance Agency,Workers Comp,NY,11201,11/1/2025,11/30/2025,0.5561,28987.43,0.0,3241.31,1360.69,0,0,1,0,0,3,2,1,0.6121,0.8228,0.2892,0.931061584,1,Declined,0.5,0.3333
120117,Crestview Insurance Agency,Workers Comp,NY,11201,12/1/2025,12/31/2025,0.4625,17029.49,0.0,2131.44,208.03,0,0,0,0,0,3,2,1,0.4792,0.8415,0.2552,0.931061584,1,Declined,0.5,0.3333
120117,Crestview Insurance Agency,Workers Comp,NY,11201,2/1/2026,2/28/2026,0.6444,35402.26,0.0,3865.27,93.8,1,1,1,0,0,3,2,1,0.5948,0.7949,0.2696,0.931061584,1,Withdrawn,0.5,0.3333
120117,Crestview Insurance Agency,Workers Comp,NY,11201,3/1/2026,3/31/2026,0.5601,30500.16,0.0,3424.61,337.44,1,0,0,0,0,4,2,1,0.5665,0.8255,0.2933,0.931061584,2,,0.5,0.25
120117,Crestview Insurance Agency,Workers Comp,NY,11201,4/1/2025,4/30/2025,0.5875,44416.59,0.0,4842.59,1032.78,1,0,0,0,0,3,2,1,0.4318,0.8606,0.2749,0.931061584,1,,0.5,0.3333
120117,Crestview Insurance Agency,Workers Comp,NY,11201,5/1/2025,5/31/2025,0.4476,19862.31,0.0,1922.14,995.84,0,1,0,0,0,3,2,1,0.5909,0.7803,0.3436,0.931061584,1,,0.5,0.3333
120117,Crestview Insurance Agency,Workers Comp,NY,11201,6/1/2025,6/30/2025,0.5461,30298.18,0.0,3021.05,845.0,0,0,1,0,0,3,2,1,0.5245,0.8035,0.2828,0.931061584,1,Withdrawn,0.5,0.3333
120117,Crestview Insurance Agency,Workers Comp,NY,11201,7/1/2025,7/31/2025,0.6066,41283.41,0.0,4265.77,335.77,0,0,0,0,0,4,3,2,0.5283,0.7654,0.2739,0.931061584,1,,0.6667,0.5
120117,Crestview Insurance Agency,Workers Comp,NY,11201,8/1/2025,8/31/2025,0.504,25694.8,0.0,3212.32,1328.55,1,0,0,0,0,4,3,1,0.5871,0.8009,0.2776,0.931061584,1,,0.3333,0.25
120117,Crestview Insurance Agency,Workers Comp,NY,11201,9/1/2025,9/30/2025,0.559,26629.73,0.0,2815.65,398.56,0,0,0,0,0,3,2,1,0.6381,0.8148,0.2864,0.931061584,1,Withdrawn,0.5,0.3333
120118,Gateway Insurance Services,Commercial Auto,NY,10301,1/1/2026,1/31/2026,0.8058,8996.0,530.96,849.03,1458.19,0,0,1,0,0,3,2,1,0.266,0.5794,0.3675,0.830623413,1,,0.5,0.3333
120118,Gateway Insurance Services,Commercial Auto,NY,10301,10/1/2025,10/31/2025,0.9526,6608.92,62.11,641.57,487.77,0,0,0,0,0,3,2,1,0.3108,0.5201,0.4257,0.830623413,1,,0.5,0.3333
120118,Gateway Insurance Services,Commercial Auto,NY,10301,11/1/2025,11/30/2025,0.7669,10021.91,560.3,954.4,370.41,0,1,1,0,0,3,2,1,0.3293,0.5149,0.395,0.830623413,1,,0.5,0.3333
120118,Gateway Insurance Services,Commercial Auto,NY,10301,12/1/2025,12/31/2025,0.8214,6467.13,284.3,605.44,1197.59,1,0,0,0,0,6,5,4,0.2482,0.503,0.3551,0.830623413,1,Declined,0.8,0.6667
120118,Gateway Insurance Services,Commercial Auto,NY,10301,2/1/2026,2/28/2026,0.8793,3373.42,122.9,328.76,1272.89,0,1,1,0,0,3,2,1,0.3561,0.6002,0.4048,0.830623413,1,,0.5,0.3333
120118,Gateway Insurance Services,Commercial Auto,NY,10301,3/1/2026,3/31/2026,0.786,5725.22,146.2,558.11,908.85,2,1,0,0,0,3,2,1,0.2813,0.5662,0.3583,0.830623413,1,Withdrawn,0.5,0.3333
120118,Gateway Insurance Services,Commercial Auto,NY,10301,4/1/2025,4/30/2025,0.8292,6034.74,95.86,531.14,352.94,0,1,0,0,0,5,3,1,0.2461,0.6807,0.3579,0.830623413,2,,0.3333,0.2
120118,Gateway Insurance Services,Commercial Auto,NY,10301,5/1/2025,5/31/2025,0.8181,8274.4,489.14,777.43,956.55,1,0,1,1,0,6,4,1,0.2612,0.6747,0.4655,0.830623413,2,Withdrawn,0.25,0.1667
120118,Gateway Insurance Services,Commercial Auto,NY,10301,6/1/2025,6/30/2025,0.8543,6660.52,232.72,636.32,716.65,0,1,0,0,0,3,2,1,0.2612,0.6333,0.3911,0.830623413,1,,0.5,0.3333
120118,Gateway Insurance Services,Commercial Auto,NY,10301,7/1/2025,7/31/2025,0.7867,12360.27,112.24,1063.55,492.76,0,0,0,0,0,3,2,1,0.3479,0.5383,0.4474,0.830623413,1,Withdrawn,0.5,0.3333
120118,Gateway Insurance Services,Commercial Auto,NY,10301,8/1/2025,8/31/2025,0.9703,2882.77,398.81,237.18,624.31,1,0,1,0,0,3,2,1,0.2895,0.6648,0.4019,0.830623413,1,Withdrawn,0.5,0.3333
120118,Gateway Insurance Services,Commercial Auto,NY,10301,9/1/2025,9/30/2025,0.8017,7014.73,262.01,670.49,310.53,1,0,1,0,0,3,2,1,0.3341,0.603,0.4512,0.830623413,1,Withdrawn,0.5,0.3333
120119,Keystone Risk Consultants,Business Owners Policy,NY,14201,1/1/2026,1/31/2026,0.6697,10828.63,72.17,1186.6,2961.52,1,0,1,1,0,3,2,1,0.4844,0.6729,0.347,0.908853711,1,Declined,0.5,0.3333
120119,Keystone Risk Consultants,Business Owners Policy,NY,14201,10/1/2025,10/31/2025,0.779,5322.41,163.43,508.08,1630.83,0,0,1,0,0,3,2,1,0.3701,0.7029,0.3353,0.908853711,1,,0.5,0.3333
120119,Keystone Risk Consultants,Business Owners Policy,NY,14201,11/1/2025,11/30/2025,0.6773,9590.2,37.69,1038.54,2260.04,1,0,0,1,0,3,2,1,0.3977,0.7504,0.3464,0.908853711,1,,0.5,0.3333
120119,Keystone Risk Consultants,Business Owners Policy,NY,14201,12/1/2025,12/31/2025,0.599,15599.06,72.51,1715.84,4001.64,1,0,2,1,0,3,2,1,0.3963,0.7556,0.3914,0.908853711,1,Withdrawn,0.5,0.3333
120119,Keystone Risk Consultants,Business Owners Policy,NY,14201,2/1/2026,2/28/2026,0.7447,12396.08,183.69,1237.39,1029.29,1,0,0,0,0,3,2,1,0.4523,0.7233,0.3909,0.908853711,1,Declined,0.5,0.3333
120119,Keystone Risk Consultants,Business Owners Policy,NY,14201,3/1/2026,3/31/2026,0.6047,14030.11,28.23,1581.79,924.76,1,1,1,0,0,3,2,1,0.3971,0.6806,0.3517,0.908853711,1,,0.5,0.3333
120119,Keystone Risk Consultants,Business Owners Policy,NY,14201,4/1/2025,4/30/2025,0.7057,7354.96,58.43,736.97,1532.17,2,1,1,0,0,3,2,1,0.4044,0.6926,0.3754,0.908853711,1,Withdrawn,0.5,0.3333
120119,Keystone Risk Consultants,Business Owners Policy,NY,14201,5/1/2025,5/31/2025,0.648,17944.42,59.52,1781.12,2636.31,0,0,1,0,0,7,6,4,0.4353,0.7288,0.3423,0.908853711,1,,0.6667,0.5714
120119,Keystone Risk Consultants,Business Owners Policy,NY,14201,6/1/2025,6/30/2025,0.6934,18640.08,63.2,2108.84,2489.2,0,0,0,0,0,3,2,1,0.4555,0.694,0.3749,0.908853711,1,Declined,0.5,0.3333
120119,Keystone Risk Consultants,Business Owners Policy,NY,14201,7/1/2025,7/31/2025,0.7146,6825.92,35.19,742.71,721.29,1,1,1,0,0,5,3,2,0.4922,0.6831,0.34,0.908853711,2,,0.6667,0.4
120119,Keystone Risk Consultants,Business Owners Policy,NY,14201,8/1/2025,8/31/2025,0.7312,16051.92,61.69,1821.67,784.01,0,1,0,0,0,5,4,1,0.4406,0.6812,0.2883,0.908853711,1,,0.25,0.2
120119,Keystone Risk Consultants,Business Owners Policy,NY,14201,9/1/2025,9/30/2025,0.785,14068.08,102.39,1604.97,632.28,0,0,0,1,0,5,4,2,0.3766,0.6976,0.3174,0.908853711,1,,0.5,0.4
120120,Cornerstone Risk Management,Workers Comp,NJ,7030,1/1/2026,1/31/2026,0.6847,2142.48,410.22,216.55,4404.63,1,1,1,1,0,3,2,1,0.2753,0.5787,0.4372,0.937754288,1,Withdrawn,0.5,0.3333
120120,Cornerstone Risk Management,Workers Comp,NJ,7030,10/1/2025,10/31/2025,0.8578,7304.69,228.12,742.66,1853.91,1,0,3,1,0,3,2,1,0.2629,0.4778,0.4011,0.937754288,1,Withdrawn,0.5,0.3333
120120,Cornerstone Risk Management,Workers Comp,NJ,7030,11/1/2025,11/30/2025,0.778,12807.58,225.59,998.97,2957.38,0,0,0,1,0,3,2,1,0.2345,0.6427,0.4116,0.937754288,1,,0.5,0.3333
120120,Cornerstone Risk Management,Workers Comp,NJ,7030,12/1/2025,12/31/2025,0.8282,2262.88,335.91,182.45,796.76,0,0,1,0,0,5,3,2,0.3509,0.5414,0.4539,0.937754288,2,Declined,0.6667,0.4
120120,Cornerstone Risk Management,Workers Comp,NJ,7030,2/1/2026,2/28/2026,0.7969,8839.8,361.67,821.54,1496.56,1,0,0,1,0,5,4,1,0.3168,0.6993,0.3895,0.937754288,1,,0.25,0.2
120120,Cornerstone Risk Management,Workers Comp,NJ,7030,3/1/2026,3/31/2026,0.8883,6140.85,141.92,507.91,1393.04,2,0,1,0,0,4,3,1,0.3459,0.4453,0.3904,0.937754288,1,,0.3333,0.25
120120,Cornerstone Risk Management,Workers Comp,NJ,7030,4/1/2025,4/30/2025,0.8331,2508.3,272.86,240.43,2605.06,2,1,0,0,0,3,2,1,0.2609,0.5694,0.4133,0.937754288,1,Declined,0.5,0.3333
120120,Cornerstone Risk Management,Workers Comp,NJ,7030,5/1/2025,5/31/2025,0.8636,5602.89,218.69,492.2,3335.08,1,1,2,0,0,3,2,1,0.3218,0.6157,0.3525,0.937754288,1,Declined,0.5,0.3333
120120,Cornerstone Risk Management,Workers Comp,NJ,7030,6/1/2025,6/30/2025,0.8813,8940.71,406.75,788.51,2818.14,1,1,2,0,0,5,4,3,0.3384,0.553,0.4284,0.937754288,1,,0.75,0.6
120120,Cornerstone Risk Management,Workers Comp,NJ,7030,7/1/2025,7/31/2025,0.7789,10259.9,51.36,873.53,4011.31,0,1,0,0,0,3,2,1,0.2492,0.5604,0.422,0.937754288,1,,0.5,0.3333
120120,Cornerstone Risk Management,Workers Comp,NJ,7030,8/1/2025,8/31/2025,0.8965,11851.13,327.8,1084.86,2454.53,2,1,1,0,0,3,2,1,0.2754,0.5955,0.3746,0.937754288,1,,0.5,0.3333
120120,Cornerstone Risk Management,Workers Comp,NJ,7030,9/1/2025,9/30/2025,0.7738,15674.98,35.85,1348.92,1546.51,1,1,1,1,0,3,2,1,0.2285,0.6122,0.4023,0.937754288,1,Declined,0.5,0.3333
120121,Liberty Risk Management,Commercial Auto,NJ,7102,1/1/2026,1/31/2026,0.8348,8688.56,0.0,722.53,1308.66,0,0,0,0,0,3,2,1,0.3225,0.5156,0.375,0.827346608,1,,0.5,0.3333
120121,Liberty Risk Management,Commercial Auto,NJ,7102,10/1/2025,10/31/2025,0.8117,6748.77,0.0,650.51,217.87,0,0,0,0,0,3,2,1,0.3283,0.6119,0.4678,0.827346608,1,Withdrawn,0.5,0.3333
120121,Liberty Risk Management,Commercial Auto,NJ,7102,11/1/2025,11/30/2025,0.9584,6025.43,0.0,509.73,346.07,0,0,0,0,0,4,3,2,0.3666,0.6098,0.364,0.827346608,1,,0.6667,0.5
120121,Liberty Risk Management,Commercial Auto,NJ,7102,12/1/2025,12/31/2025,0.8716,8038.16,0.0,719.15,277.39,0,1,1,0,0,3,2,1,0.3422,0.6337,0.4658,0.827346608,1,Declined,0.5,0.3333
120121,Liberty Risk Management,Commercial Auto,NJ,7102,2/1/2026,2/28/2026,0.7995,8270.52,0.0,751.72,913.61,1,0,0,0,0,4,3,2,0.3178,0.5804,0.4561,0.827346608,1,,0.6667,0.5
120121,Liberty Risk Management,Commercial Auto,NJ,7102,3/1/2026,3/31/2026,0.7237,6592.33,0.0,673.17,1335.72,0,0,1,1,0,5,3,1,0.2869,0.5176,0.4306,0.827346608,2,Declined,0.3333,0.2
120121,Liberty Risk Management,Commercial Auto,NJ,7102,4/1/2025,4/30/2025,0.8723,13111.63,0.0,1342.98,151.14,2,1,0,0,0,5,2,1,0.3552,0.5139,0.4331,0.827346608,3,,0.5,0.2
120121,Liberty Risk Management,Commercial Auto,NJ,7102,5/1/2025,5/31/2025,0.8288,8668.73,0.0,881.13,281.63,0,0,1,0,0,3,2,1,0.3089,0.5519,0.442,0.827346608,1,,0.5,0.3333
120121,Liberty Risk Management,Commercial Auto,NJ,7102,6/1/2025,6/30/2025,0.8518,14036.87,0.0,1130.44,496.64,1,1,0,0,0,4,3,1,0.3362,0.5683,0.4152,0.827346608,1,,0.3333,0.25
120121,Liberty Risk Management,Commercial Auto,NJ,7102,7/1/2025,7/31/2025,0.736,8944.76,0.0,912.55,736.27,1,0,1,0,0,3,2,1,0.3339,0.5641,0.4709,0.827346608,1,,0.5,0.3333
120121,Liberty Risk Management,Commercial Auto,NJ,7102,8/1/2025,8/31/2025,0.7334,7614.39,0.0,658.23,1284.64,0,0,1,0,0,3,2,1,0.3265,0.6572,0.4455,0.827346608,1,Withdrawn,0.5,0.3333
120121,Liberty Risk Management,Commercial Auto,NJ,7102,9/1/2025,9/30/2025,0.8445,4357.72,0.0,427.76,444.39,0,0,0,0,0,3,2,1,0.3149,0.4847,0.3637,0.827346608,1,Withdrawn,0.5,0.3333
120122,Highmark Insurance Group,Business Owners Policy,NJ,8401,1/1/2026,1/31/2026,0.5887,25523.92,212.64,3111.91,4903.29,2,1,2,0,0,3,2,1,0.51,0.8357,0.2844,0.951967446,1,,0.5,0.3333
120122,Highmark Insurance Group,Business Owners Policy,NJ,8401,10/1/2025,10/31/2025,0.5615,29919.48,70.74,3697.53,446.2,0,0,0,0,0,3,2,1,0.4638,0.757,0.2835,0.951967446,1,,0.5,0.3333
120122,Highmark Insurance Group,Business Owners Policy,NJ,8401,11/1/2025,11/30/2025,0.5229,15444.88,75.37,1511.03,4211.72,2,1,0,0,0,3,2,1,0.456,0.8288,0.2761,0.951967446,1,,0.5,0.3333
120122,Highmark Insurance Group,Business Owners Policy,NJ,8401,12/1/2025,12/31/2025,0.5118,34363.9,263.67,3657.59,2594.81,0,1,0,1,0,3,2,1,0.6236,0.7738,0.2479,0.951967446,1,Withdrawn,0.5,0.3333
120122,Highmark Insurance Group,Business Owners Policy,NJ,8401,2/1/2026,2/28/2026,0.5579,27205.49,168.7,2966.16,928.78,0,0,2,0,0,3,2,1,0.5153,0.8815,0.3065,0.951967446,1,,0.5,0.3333
120122,Highmark Insurance Group,Business Owners Policy,NJ,8401,3/1/2026,3/31/2026,0.5337,34166.67,218.18,4310.06,3413.48,1,1,1,0,0,4,2,1,0.5773,0.7883,0.3142,0.951967446,2,Declined,0.5,0.25
120122,Highmark Insurance Group,Business Owners Policy,NJ,8401,4/1/2025,4/30/2025,0.5871,24021.46,88.77,2871.72,397.62,1,0,0,0,0,3,2,1,0.6135,0.8003,0.2687,0.951967446,1,Withdrawn,0.5,0.3333
120122,Highmark Insurance Group,Business Owners Policy,NJ,8401,5/1/2025,5/31/2025,0.5676,39010.67,108.32,3917.18,739.9,1,0,0,0,0,4,3,2,0.6126,0.8286,0.2248,0.951967446,1,,0.6667,0.5
120122,Highmark Insurance Group,Business Owners Policy,NJ,8401,6/1/2025,6/30/2025,0.5461,28419.66,165.26,3364.19,449.73,1,1,2,0,0,9,7,4,0.5594,0.8505,0.2663,0.951967446,2,Declined,0.5714,0.4444
120122,Highmark Insurance Group,Business Owners Policy,NJ,8401,7/1/2025,7/31/2025,0.5968,18277.82,238.75,2091.52,3583.21,1,2,1,0,0,3,2,1,0.5235,0.8082,0.328,0.951967446,1,,0.5,0.3333
120122,Highmark Insurance Group,Business Owners Policy,NJ,8401,8/1/2025,8/31/2025,0.5294,22122.63,372.07,2304.98,1333.34,1,1,0,0,0,3,2,1,0.5414,0.8547,0.3143,0.951967446,1,Withdrawn,0.5,0.3333
120122,Highmark Insurance Group,Business Owners Policy,NJ,8401,9/1/2025,9/30/2025,0.6074,20962.89,268.2,2582.62,2658.11,0,0,2,0,0,3,2,1,0.5253,0.8757,0.2997,0.951967446,1,,0.5,0.3333
120123,Coastal Insurance Group,Workers Comp,NJ,7601,1/1/2026,1/31/2026,0.4208,45758.79,299.76,5273.33,2845.91,1,1,0,0,0,3,2,1,0.6588,0.8677,0.1887,1.0,1,Declined,0.5,0.3333
120123,Coastal Insurance Group,Workers Comp,NJ,7601,10/1/2025,10/31/2025,0.3634,43194.36,389.18,4685.15,4353.51,1,2,1,0,0,5,4,3,0.6975,0.9039,0.2458,1.0,1,,0.75,0.6
120123,Coastal Insurance Group,Workers Comp,NJ,7601,11/1/2025,11/30/2025,0.4554,50959.62,412.48,5801.62,5077.8,2,1,2,0,0,14,13,12,0.6223,0.8937,0.2456,1.0,1,Withdrawn,0.9231,0.8571
120123,Coastal Insurance Group,Workers Comp,NJ,7601,12/1/2025,12/31/2025,0.4181,27397.13,322.1,2879.3,8080.3,3,0,2,1,0,3,2,1,0.6764,0.9111,0.1885,1.0,1,Withdrawn,0.5,0.3333
120123,Coastal Insurance Group,Workers Comp,NJ,7601,2/1/2026,2/28/2026,0.4092,46018.39,11.97,5688.23,2293.72,1,2,3,0,0,3,2,1,0.6965,0.9129,0.233,1.0,1,,0.5,0.3333
120123,Coastal Insurance Group,Workers Comp,NJ,7601,3/1/2026,3/31/2026,0.4211,55357.05,496.36,7619.73,7121.7,1,1,3,1,0,3,2,1,0.7682,0.9126,0.2112,1.0,1,,0.5,0.3333
120123,Coastal Insurance Group,Workers Comp,NJ,7601,4/1/2025,4/30/2025,0.3959,32023.04,402.8,3504.69,4411.93,0,0,0,1,0,3,2,1,0.6117,0.9277,0.1905,1.0,1,Withdrawn,0.5,0.3333
120123,Coastal Insurance Group,Workers Comp,NJ,7601,5/1/2025,5/31/2025,0.4002,38840.05,325.97,4419.04,4767.89,1,1,1,0,0,5,3,2,0.7166,0.9162,0.1817,1.0,2,,0.6667,0.4
120123,Coastal Insurance Group,Workers Comp,NJ,7601,6/1/2025,6/30/2025,0.4224,62042.22,17.43,8342.17,6674.26,1,2,1,0,0,3,2,1,0.6125,0.8991,0.2094,1.0,1,Withdrawn,0.5,0.3333
120123,Coastal Insurance Group,Workers Comp,NJ,7601,7/1/2025,7/31/2025,0.4155,41063.22,973.28,5238.6,4468.77,1,1,2,0,0,3,2,1,0.6294,0.9114,0.2114,1.0,1,,0.5,0.3333
120123,Coastal Insurance Group,Workers Comp,NJ,7601,8/1/2025,8/31/2025,0.3594,67428.8,35.94,7920.12,3471.4,1,0,0,0,0,3,2,1,0.7135,0.9,0.2136,1.0,1,,0.5,0.3333
120123,Coastal Insurance Group,Workers Comp,NJ,7601,9/1/2025,9/30/2025,0.3347,38677.25,338.74,5219.35,3523.53,3,1,1,0,0,3,2,1,0.7508,0.9081,0.1884,1.0,1,Withdrawn,0.5,0.3333
120124,Crestview Risk Consultants,Commercial Auto,PA,19103,1/1/2026,1/31/2026,0.4538,24593.46,263.5,2945.49,220.87,1,0,1,0,0,3,2,1,0.5568,0.8289,0.2256,0.93341885,1,,0.5,0.3333
120124,Crestview Risk Consultants,Commercial Auto,PA,19103,10/1/2025,10/31/2025,0.4506,31776.09,867.16,3506.08,7290.21,0,1,0,1,0,3,2,1,0.4921,0.8275,0.2534,0.93341885,1,Declined,0.5,0.3333
120124,Crestview Risk Consultants,Commercial Auto,PA,19103,11/1/2025,11/30/2025,0.6135,31706.41,957.21,3143.48,1832.42,1,0,1,1,0,3,2,1,0.535,0.767,0.2825,0.93341885,1,Withdrawn,0.5,0.3333
120124,Crestview Risk Consultants,Commercial Auto,PA,19103,12/1/2025,12/31/2025,0.53,40335.78,444.27,4238.8,278.56,1,0,1,1,0,10,7,5,0.5428,0.8108,0.2412,0.93341885,3,,0.7143,0.5
120124,Crestview Risk Consultants,Commercial Auto,PA,19103,2/1/2026,2/28/2026,0.6089,30710.07,578.28,2896.6,1734.39,0,2,1,0,0,3,2,1,0.5714,0.8721,0.2684,0.93341885,1,,0.5,0.3333
120124,Crestview Risk Consultants,Commercial Auto,PA,19103,3/1/2026,3/31/2026,0.5423,20463.02,139.17,2117.65,4139.85,1,0,2,1,0,3,2,1,0.5026,0.8123,0.3048,0.93341885,1,Withdrawn,0.5,0.3333
120124,Crestview Risk Consultants,Commercial Auto,PA,19103,4/1/2025,4/30/2025,0.4826,19539.88,527.2,2428.39,4695.3,2,0,3,0,0,3,2,1,0.5652,0.8359,0.3414,0.93341885,1,,0.5,0.3333
120124,Crestview Risk Consultants,Commercial Auto,PA,19103,5/1/2025,5/31/2025,0.5874,21170.23,456.37,2058.89,977.41,0,0,0,0,0,10,8,7,0.5566,0.8062,0.2595,0.93341885,2,Declined,0.875,0.7
120124,Crestview Risk Consultants,Commercial Auto,PA,19103,6/1/2025,6/30/2025,0.5246,32518.21,448.67,3322.12,3175.01,1,1,2,1,0,4,2,1,0.4731,0.842,0.257,0.93341885,2,,0.5,0.25
120124,Crestview Risk Consultants,Commercial Auto,PA,19103,7/1/2025,7/31/2025,0.5911,41169.85,785.24,4281.33,1444.73,3,1,1,1,0,3,2,1,0.5848,0.7615,0.2579,0.93341885,1,Withdrawn,0.5,0.3333
120124,Crestview Risk Consultants,Commercial Auto,PA,19103,8/1/2025,8/31/2025,0.651,19051.81,812.28,2053.48,950.07,2,0,1,0,0,3,2,1,0.5438,0.7874,0.2918,0.93341885,1,,0.5,0.3333
120124,Crestview Risk Consultants,Commercial Auto,PA,19103,9/1/2025,9/30/2025,0.5886,21995.62,461.62,2105.9,983.03,1,1,0,0,0,3,2,1,0.5719,0.7785,0.2867,0.93341885,1,,0.5,0.3333
120125,Nexus Insurance Agency,Business Owners Policy,PA,15222,1/1/2026,1/31/2026,0.7016,9057.35,494.88,866.66,2108.08,1,0,1,1,0,4,3,2,0.4176,0.7351,0.3104,0.905042976,1,,0.6667,0.5
120125,Nexus Insurance Agency,Business Owners Policy,PA,15222,10/1/2025,10/31/2025,0.8569,16157.3,1336.79,1396.01,1845.7,1,0,0,0,0,3,2,1,0.3469,0.7329,0.3439,0.905042976,1,Declined,0.5,0.3333
120125,Nexus Insurance Agency,Business Owners Policy,PA,15222,11/1/2025,11/30/2025,0.6898,13004.69,3183.24,1451.28,1067.04,1,1,1,0,0,3,2,1,0.4126,0.6705,0.3504,0.905042976,1,,0.5,0.3333
120125,Nexus Insurance Agency,Business Owners Policy,PA,15222,12/1/2025,12/31/2025,0.7129,17185.26,543.82,1552.64,2238.1,2,0,1,1,0,3,2,1,0.3293,0.7306,0.3175,0.905042976,1,Declined,0.5,0.3333
120125,Nexus Insurance Agency,Business Owners Policy,PA,15222,2/1/2026,2/28/2026,0.6802,18765.05,452.94,1799.45,988.38,0,0,0,0,0,3,2,1,0.4021,0.6635,0.3715,0.905042976,1,,0.5,0.3333
120125,Nexus Insurance Agency,Business Owners Policy,PA,15222,3/1/2026,3/31/2026,0.679,19067.01,1017.69,1623.2,739.5,0,1,0,0,0,7,6,4,0.405,0.698,0.3318,0.905042976,1,,0.6667,0.5714
120125,Nexus Insurance Agency,Business Owners Policy,PA,15222,4/1/2025,4/30/2025,0.7467,16668.48,315.85,1801.46,849.49,0,1,0,0,0,3,2,1,0.4348,0.6955,0.2936,0.905042976,1,,0.5,0.3333
120125,Nexus Insurance Agency,Business Owners Policy,PA,15222,5/1/2025,5/31/2025,0.8045,10654.7,1316.47,1138.67,741.86,1,1,2,0,0,3,2,1,0.3532,0.6932,0.3857,0.905042976,1,Declined,0.5,0.3333
120125,Nexus Insurance Agency,Business Owners Policy,PA,15222,6/1/2025,6/30/2025,0.7215,12463.77,356.4,1402.49,1330.31,1,0,2,0,0,3,2,1,0.4088,0.735,0.3385,0.905042976,1,,0.5,0.3333
120125,Nexus Insurance Agency,Business Owners Policy,PA,15222,7/1/2025,7/31/2025,0.7958,13066.24,162.35,1188.77,1474.55,0,0,0,1,0,3,2,1,0.3431,0.6967,0.389,0.905042976,1,Declined,0.5,0.3333
120125,Nexus Insurance Agency,Business Owners Policy,PA,15222,8/1/2025,8/31/2025,0.8067,13226.75,303.86,1141.89,2054.71,1,0,0,0,0,5,2,1,0.4646,0.774,0.3267,0.905042976,3,,0.5,0.2
120125,Nexus Insurance Agency,Business Owners Policy,PA,15222,9/1/2025,9/30/2025,0.5731,8879.09,51.02,917.76,2280.18,0,0,1,0,0,5,4,2,0.4437,0.709,0.3361,0.905042976,1,Declined,0.5,0.4
120126,Harbor Risk Management,Workers Comp,PA,17101,1/1/2026,1/31/2026,0.7789,8496.07,2456.49,683.73,1390.09,1,0,0,0,0,3,2,1,0.3429,0.6083,0.452,0.941137733,1,Withdrawn,0.5,0.3333
120126,Harbor Risk Management,Workers Comp,PA,17101,10/1/2025,10/31/2025,0.7035,6185.33,505.16,571.75,1256.28,2,1,1,0,0,3,2,1,0.3468,0.5637,0.4608,0.941137733,1,Declined,0.5,0.3333
120126,Harbor Risk Management,Workers Comp,PA,17101,11/1/2025,11/30/2025,0.8405,6358.22,491.61,498.9,1684.23,1,0,2,0,0,7,3,1,0.306,0.444,0.3681,0.941137733,4,Declined,0.3333,0.1429
120126,Harbor Risk Management,Workers Comp,PA,17101,12/1/2025,12/31/2025,0.7614,6357.57,2005.59,550.85,1681.0,1,0,1,0,0,3,2,1,0.3187,0.5264,0.4127,0.941137733,1,,0.5,0.3333
120126,Harbor Risk Management,Workers Comp,PA,17101,2/1/2026,2/28/2026,0.8313,7141.9,759.44,706.66,3792.88,1,0,1,0,0,5,3,2,0.3352,0.5182,0.4843,0.941137733,2,,0.6667,0.4
120126,Harbor Risk Management,Workers Comp,PA,17101,3/1/2026,3/31/2026,0.8617,6665.4,610.04,622.81,1715.33,0,1,0,0,0,3,2,1,0.2445,0.5568,0.3888,0.941137733,1,,0.5,0.3333
120126,Harbor Risk Management,Workers Comp,PA,17101,4/1/2025,4/30/2025,0.8182,9322.07,2238.44,937.14,1420.74,0,1,2,0,0,5,4,2,0.3539,0.5717,0.4358,0.941137733,1,Declined,0.5,0.4
120126,Harbor Risk Management,Workers Comp,PA,17101,5/1/2025,5/31/2025,0.8196,7735.64,1192.1,684.49,1170.34,1,1,0,1,0,3,2,1,0.2398,0.6184,0.3924,0.941137733,1,,0.5,0.3333
120126,Harbor Risk Management,Workers Comp,PA,17101,6/1/2025,6/30/2025,0.8967,8266.97,102.55,638.0,2177.41,2,0,0,0,0,3,2,1,0.3359,0.5603,0.4176,0.941137733,1,Declined,0.5,0.3333
120126,Harbor Risk Management,Workers Comp,PA,17101,7/1/2025,7/31/2025,0.7523,4319.04,183.44,366.22,8955.3,0,0,0,0,0,3,2,1,0.2932,0.5682,0.4268,0.941137733,1,Withdrawn,0.5,0.3333
120126,Harbor Risk Management,Workers Comp,PA,17101,8/1/2025,8/31/2025,0.809,6693.69,1210.21,536.18,2615.03,1,1,2,1,0,5,3,2,0.3461,0.4959,0.4154,0.941137733,2,,0.6667,0.4
120126,Harbor Risk Management,Workers Comp,PA,17101,9/1/2025,9/30/2025,0.8223,5267.79,776.2,428.97,2154.23,0,0,1,1,0,3,2,1,0.37,0.6034,0.3787,0.941137733,1,,0.5,0.3333
120127,Heritage Insurance Co.,Commercial Auto,PA,18501,1/1/2026,1/31/2026,0.9095,2207.14,613.22,202.08,1095.21,1,1,2,0,0,3,2,1,0.2792,0.6161,0.449,0.906567418,1,Declined,0.5,0.3333
120127,Heritage Insurance Co.,Commercial Auto,PA,18501,10/1/2025,10/31/2025,0.9094,3837.08,297.87,335.07,745.5,2,0,0,0,0,5,4,1,0.2321,0.5837,0.3722,0.906567418,1,,0.25,0.2
120127,Heritage Insurance Co.,Commercial Auto,PA,18501,11/1/2025,11/30/2025,0.8136,11126.79,99.65,1015.24,1289.04,0,0,0,0,0,3,2,1,0.3121,0.5629,0.4842,0.906567418,1,Withdrawn,0.5,0.3333
120127,Heritage Insurance Co.,Commercial Auto,PA,18501,12/1/2025,12/31/2025,0.7958,4983.47,80.37,515.7,4958.39,2,1,0,0,0,3,2,1,0.2392,0.5734,0.3939,0.906567418,1,,0.5,0.3333
120127,Heritage Insurance Co.,Commercial Auto,PA,18501,2/1/2026,2/28/2026,0.8618,10649.34,47.72,1068.67,862.77,1,1,1,1,0,5,3,1,0.3512,0.5122,0.4061,0.906567418,2,,0.3333,0.2
120127,Heritage Insurance Co.,Commercial Auto,PA,18501,3/1/2026,3/31/2026,0.8293,6666.43,10.66,617.66,181.14,0,0,1,0,0,3,2,1,0.2876,0.5216,0.4017,0.906567418,1,Declined,0.5,0.3333
120127,Heritage Insurance Co.,Commercial Auto,PA,18501,4/1/2025,4/30/2025,0.7995,4028.13,124.65,385.3,2967.62,2,0,0,0,0,3,2,1,0.3551,0.6067,0.4609,0.906567418,1,,0.5,0.3333
120127,Heritage Insurance Co.,Commercial Auto,PA,18501,5/1/2025,5/31/2025,0.7994,4812.89,60.38,466.49,2380.19,0,0,2,1,0,3,2,1,0.3048,0.6118,0.4375,0.906567418,1,Declined,0.5,0.3333
120127,Heritage Insurance Co.,Commercial Auto,PA,18501,6/1/2025,6/30/2025,0.9309,7042.86,89.07,651.75,567.63,1,0,1,1,0,3,2,1,0.2871,0.6231,0.4416,0.906567418,1,,0.5,0.3333
120127,Heritage Insurance Co.,Commercial Auto,PA,18501,7/1/2025,7/31/2025,0.8747,6316.77,194.64,565.32,2162.87,0,0,1,0,0,6,4,3,0.3075,0.5961,0.4534,0.906567418,2,Withdrawn,0.75,0.5
120127,Heritage Insurance Co.,Commercial Auto,PA,18501,8/1/2025,8/31/2025,0.6885,8816.54,130.84,717.38,2432.36,0,0,0,1,0,3,2,1,0.3006,0.6041,0.3631,0.906567418,1,Withdrawn,0.5,0.3333
120127,Heritage Insurance Co.,Commercial Auto,PA,18501,9/1/2025,9/30/2025,0.8239,11816.83,421.84,1084.19,1103.44,0,0,1,0,0,3,2,1,0.3383,0.5999,0.4533,0.906567418,1,,0.5,0.3333
120128,Keystone Insurance Partners,Business Owners Policy,NY,10001,1/1/2026,1/31/2026,0.3946,42683.02,383.59,5595.79,1132.65,2,1,1,1,0,11,10,8,0.6534,0.8795,0.2182,0.928396256,1,Withdrawn,0.8,0.7273
120128,Keystone Insurance Partners,Business Owners Policy,NY,10001,10/1/2025,10/31/2025,0.443,56234.47,128.96,6634.05,733.01,1,1,0,1,0,3,2,1,0.6388,0.9098,0.1816,0.928396256,1,,0.5,0.3333
120128,Keystone Insurance Partners,Business Owners Policy,NY,10001,11/1/2025,11/30/2025,0.3651,52903.58,164.26,6690.93,243.86,0,2,1,1,0,3,2,1,0.7008,0.8997,0.1956,0.928396256,1,Declined,0.5,0.3333
120128,Keystone Insurance Partners,Business Owners Policy,NY,10001,12/1/2025,12/31/2025,0.3939,41633.9,650.42,5318.47,1750.9,2,0,1,0,0,3,2,1,0.7022,0.9107,0.2087,0.928396256,1,,0.5,0.3333
120128,Keystone Insurance Partners,Business Owners Policy,NY,10001,2/1/2026,2/28/2026,0.4639,53052.21,285.33,6314.33,2794.08,1,0,1,0,0,9,6,1,0.6749,0.8992,0.2457,0.928396256,3,,0.1667,0.1111
120128,Keystone Insurance Partners,Business Owners Policy,NY,10001,3/1/2026,3/31/2026,0.4441,40352.26,123.15,5273.7,2332.16,1,0,1,0,0,3,2,1,0.7151,0.9241,0.2013,0.928396256,1,Declined,0.5,0.3333
120128,Keystone Insurance Partners,Business Owners Policy,NY,10001,4/1/2025,4/30/2025,0.3141,58259.97,84.56,7934.91,362.17,0,0,2,0,0,3,2,1,0.6224,0.9226,0.2113,0.928396256,1,Withdrawn,0.5,0.3333
120128,Keystone Insurance Partners,Business Owners Policy,NY,10001,5/1/2025,5/31/2025,0.3573,59023.02,85.9,6375.41,2351.95,0,0,2,1,0,3,2,1,0.6499,0.934,0.1956,0.928396256,1,,0.5,0.3333
120128,Keystone Insurance Partners,Business Owners Policy,NY,10001,6/1/2025,6/30/2025,0.3743,42945.85,209.11,5799.45,1968.14,1,0,1,1,0,3,2,1,0.6967,0.9057,0.1983,0.928396256,1,Withdrawn,0.5,0.3333
120128,Keystone Insurance Partners,Business Owners Policy,NY,10001,7/1/2025,7/31/2025,0.376,43427.76,296.88,4507.68,6675.05,1,1,0,0,0,3,2,1,0.6674,0.8877,0.2148,0.928396256,1,,0.5,0.3333
120128,Keystone Insurance Partners,Business Owners Policy,NY,10001,8/1/2025,8/31/2025,0.3746,52416.82,147.86,5949.69,3773.23,1,0,1,0,0,3,2,1,0.5896,0.8912,0.2583,0.928396256,1,Withdrawn,0.5,0.3333
120128,Keystone Insurance Partners,Business Owners Policy,NY,10001,9/1/2025,9/30/2025,0.4008,72955.41,128.96,8493.74,2657.7,1,1,0,0,0,3,2,1,0.6628,0.8795,0.2537,0.928396256,1,Withdrawn,0.5,0.3333
120129,Crossroads Agency Group,Workers Comp,NY,11201,1/1/2026,1/31/2026,0.8165,8395.52,311.01,717.78,1308.9,1,1,1,0,0,3,2,1,0.4059,0.6904,0.3257,0.932653271,1,,0.5,0.3333
120129,Crossroads Agency Group,Workers Comp,NY,11201,10/1/2025,10/31/2025,0.5807,14700.37,529.06,1326.71,915.51,0,1,1,0,0,3,2,1,0.3829,0.7545,0.3251,0.932653271,1,,0.5,0.3333
120129,Crossroads Agency Group,Workers Comp,NY,11201,11/1/2025,11/30/2025,0.7173,20065.9,841.08,2176.19,2928.42,2,1,1,1,0,3,2,1,0.3738,0.652,0.3666,0.932653271,1,,0.5,0.3333
120129,Crossroads Agency Group,Workers Comp,NY,11201,12/1/2025,12/31/2025,0.7373,18506.35,349.19,1584.79,4031.05,2,0,1,0,0,3,2,1,0.4455,0.6346,0.369,0.932653271,1,Declined,0.5,0.3333
120129,Crossroads Agency Group,Workers Comp,NY,11201,2/1/2026,2/28/2026,0.637,18694.79,236.27,1888.6,4513.2,0,0,2,0,1,3,2,1,0.4106,0.7215,0.3276,0.932653271,1,,0.5,0.3333
120129,Crossroads Agency Group,Workers Comp,NY,11201,3/1/2026,3/31/2026,0.5929,5990.12,119.97,557.89,1789.65,1,0,0,0,0,3,2,1,0.4208,0.6913,0.3233,0.932653271,1,Declined,0.5,0.3333
120129,Crossroads Agency Group,Workers Comp,NY,11201,4/1/2025,4/30/2025,0.6963,19885.0,601.92,1857.02,2976.25,2,0,0,1,0,4,3,2,0.4134,0.7128,0.3596,0.932653271,1,Withdrawn,0.6667,0.5
120129,Crossroads Agency Group,Workers Comp,NY,11201,5/1/2025,5/31/2025,0.6081,15231.41,557.61,1447.68,200.8,0,0,2,0,0,6,4,3,0.4131,0.7253,0.3841,0.932653271,2,Withdrawn,0.75,0.5
120129,Crossroads Agency Group,Workers Comp,NY,11201,6/1/2025,6/30/2025,0.7547,12501.53,1616.13,1118.28,2750.76,0,0,1,0,0,3,2,1,0.3647,0.7095,0.338,0.932653271,1,,0.5,0.3333
120129,Crossroads Agency Group,Workers Comp,NY,11201,7/1/2025,7/31/2025,0.6466,15470.84,1180.49,1369.54,3288.26,0,0,0,1,0,3,2,1,0.4729,0.7158,0.3544,0.932653271,1,Declined,0.5,0.3333
120129,Crossroads Agency Group,Workers Comp,NY,11201,8/1/2025,8/31/2025,0.6435,15095.36,1454.28,1397.56,1281.58,1,0,0,1,0,8,7,6,0.3543,0.6926,0.3903,0.932653271,1,Withdrawn,0.8571,0.75
120129,Crossroads Agency Group,Workers Comp,NY,11201,9/1/2025,9/30/2025,0.6667,19615.88,249.06,2004.05,2071.98,0,0,0,1,0,3,2,1,0.419,0.6954,0.3181,0.932653271,1,,0.5,0.3333
120130,Coastal Risk Consultants,Commercial Auto,NY,10301,1/1/2026,1/31/2026,0.5652,9334.4,31.96,879.33,1621.5,0,0,1,1,0,3,2,1,0.3817,0.7344,0.3848,0.887041704,1,,0.5,0.3333
120130,Coastal Risk Consultants,Commercial Auto,NY,10301,10/1/2025,10/31/2025,0.7471,21323.52,183.13,2224.72,890.92,0,0,1,0,0,4,2,1,0.4633,0.6581,0.2604,0.887041704,2,Withdrawn,0.5,0.25
120130,Coastal Risk Consultants,Commercial Auto,NY,10301,11/1/2025,11/30/2025,0.6299,11877.01,329.33,1011.54,690.1,0,1,1,0,0,5,4,1,0.3267,0.6839,0.371,0.887041704,1,Withdrawn,0.25,0.2
120130,Coastal Risk Consultants,Commercial Auto,NY,10301,12/1/2025,12/31/2025,0.7278,17259.29,72.54,1578.68,1900.37,1,0,0,0,0,5,4,3,0.4416,0.6697,0.3426,0.887041704,1,,0.75,0.6
120130,Coastal Risk Consultants,Commercial Auto,NY,10301,2/1/2026,2/28/2026,0.7138,14100.61,45.56,1492.24,2656.39,1,0,0,0,0,4,3,1,0.4396,0.7271,0.2644,0.887041704,1,,0.3333,0.25
120130,Coastal Risk Consultants,Commercial Auto,NY,10301,3/1/2026,3/31/2026,0.7624,6205.99,322.36,645.56,1409.53,1,1,0,0,0,3,2,1,0.3988,0.6714,0.3449,0.887041704,1,,0.5,0.3333
120130,Coastal Risk Consultants,Commercial Auto,NY,10301,4/1/2025,4/30/2025,0.6468,16106.24,118.8,1512.09,2573.86,1,0,1,0,0,3,2,1,0.3668,0.7152,0.3187,0.887041704,1,Withdrawn,0.5,0.3333
120130,Coastal Risk Consultants,Commercial Auto,NY,10301,5/1/2025,5/31/2025,0.7593,20103.91,251.05,2234.03,747.19,1,0,1,1,0,5,3,2,0.4646,0.7298,0.3918,0.887041704,2,Declined,0.6667,0.4
120130,Coastal Risk Consultants,Commercial Auto,NY,10301,6/1/2025,6/30/2025,0.7154,19390.63,171.75,1779.11,199.39,0,0,0,0,0,3,2,1,0.3723,0.7869,0.371,0.887041704,1,,0.5,0.3333
120130,Coastal Risk Consultants,Commercial Auto,NY,10301,7/1/2025,7/31/2025,0.694,12076.88,263.52,1158.28,343.21,0,1,0,0,0,3,2,1,0.3608,0.7072,0.3069,0.887041704,1,Declined,0.5,0.3333
120130,Coastal Risk Consultants,Commercial Auto,NY,10301,8/1/2025,8/31/2025,0.6686,6772.41,227.6,729.38,2448.72,0,0,1,0,0,4,2,1,0.3393,0.7139,0.3278,0.887041704,2,,0.5,0.25
120130,Coastal Risk Consultants,Commercial Auto,NY,10301,9/1/2025,9/30/2025,0.7253,23645.46,113.57,2570.2,704.76,1,0,0,0,0,3,2,1,0.3808,0.7009,0.3551,0.887041704,1,,0.5,0.3333
120131,Capitol Risk Solutions,Business Owners Policy,NY,14201,1/1/2026,1/31/2026,0.5155,39131.66,0.0,4655.3,1238.51,2,2,1,1,0,3,2,1,0.5406,0.8353,0.3062,0.851928806,1,,0.5,0.3333
120131,Capitol Risk Solutions,Business Owners Policy,NY,14201,10/1/2025,10/31/2025,0.5373,21026.48,0.0,2506.08,365.18,0,0,1,0,0,4,3,2,0.5597,0.8448,0.282,0.851928806,1,,0.6667,0.5
120131,Capitol Risk Solutions,Business Owners Policy,NY,14201,11/1/2025,11/30/2025,0.5519,32873.91,0.0,4029.18,2198.25,1,0,0,0,0,3,2,1,0.5875,0.8299,0.2751,0.851928806,1,Withdrawn,0.5,0.3333
120131,Capitol Risk Solutions,Business Owners Policy,NY,14201,12/1/2025,12/31/2025,0.5301,19701.37,0.0,2074.05,290.99,2,0,2,0,0,3,2,1,0.5544,0.8664,0.2914,0.851928806,1,,0.5,0.3333
120131,Capitol Risk Solutions,Business Owners Policy,NY,14201,2/1/2026,2/28/2026,0.5896,39391.63,0.0,4966.03,270.74,0,1,2,0,0,4,3,1,0.5655,0.8081,0.3024,0.851928806,1,,0.3333,0.25
120131,Capitol Risk Solutions,Business Owners Policy,NY,14201,3/1/2026,3/31/2026,0.6348,31430.41,0.0,3910.37,1934.89,1,0,1,0,0,3,2,1,0.6061,0.7899,0.2304,0.851928806,1,Withdrawn,0.5,0.3333
120131,Capitol Risk Solutions,Business Owners Policy,NY,14201,4/1/2025,4/30/2025,0.5306,15953.34,0.0,1580.99,1005.61,0,1,2,0,0,8,6,5,0.5685,0.8493,0.3201,0.851928806,2,Declined,0.8333,0.625
120131,Capitol Risk Solutions,Business Owners Policy,NY,14201,5/1/2025,5/31/2025,0.547,13758.32,0.0,1467.09,1245.79,0,1,0,0,0,3,2,1,0.5766,0.8066,0.2712,0.851928806,1,,0.5,0.3333
120131,Capitol Risk Solutions,Business Owners Policy,NY,14201,6/1/2025,6/30/2025,0.526,17927.48,0.0,1715.87,533.89,1,0,1,0,0,5,3,2,0.4966,0.8199,0.2847,0.851928806,2,,0.6667,0.4
120131,Capitol Risk Solutions,Business Owners Policy,NY,14201,7/1/2025,7/31/2025,0.4897,22478.87,0.0,2662.82,322.86,2,0,0,0,0,3,2,1,0.6343,0.8393,0.2894,0.851928806,1,Withdrawn,0.5,0.3333
120131,Capitol Risk Solutions,Business Owners Policy,NY,14201,8/1/2025,8/31/2025,0.5428,29359.8,0.0,2941.97,94.08,0,1,0,0,0,3,2,1,0.5484,0.8135,0.3254,0.851928806,1,,0.5,0.3333
120131,Capitol Risk Solutions,Business Owners Policy,NY,14201,9/1/2025,9/30/2025,0.5921,26361.95,0.0,3316.88,1088.68,1,1,0,0,0,3,2,1,0.5347,0.8307,0.2901,0.851928806,1,Withdrawn,0.5,0.3333
120132,Premier Insurance Agency,Workers Comp,NJ,7030,1/1/2026,1/31/2026,0.4229,52482.31,701.64,5499.59,229.05,1,1,1,0,0,3,2,1,0.6696,0.8783,0.1982,0.902769327,1,Declined,0.5,0.3333
120132,Premier Insurance Agency,Workers Comp,NJ,7030,10/1/2025,10/31/2025,0.4883,38132.55,1460.87,4460.69,641.16,0,1,1,0,0,3,2,1,0.7066,0.8878,0.199,0.902769327,1,,0.5,0.3333
120132,Premier Insurance Agency,Workers Comp,NJ,7030,11/1/2025,11/30/2025,0.3779,30307.35,901.76,3690.51,663.39,0,1,2,1,0,5,4,3,0.6598,0.9212,0.1828,0.902769327,1,,0.75,0.6
120132,Premier Insurance Agency,Workers Comp,NJ,7030,12/1/2025,12/31/2025,0.3264,55654.93,1774.91,7588.25,3717.88,1,1,1,0,0,3,2,1,0.7029,0.9203,0.2365,0.902769327,1,,0.5,0.3333
120132,Premier Insurance Agency,Workers Comp,NJ,7030,2/1/2026,2/28/2026,0.4321,21251.78,5207.07,2839.22,923.94,1,0,2,1,0,8,7,1,0.6494,0.8904,0.2107,0.902769327,1,Declined,0.1429,0.125
120132,Premier Insurance Agency,Workers Comp,NJ,7030,3/1/2026,3/31/2026,0.5016,47755.62,1222.43,5422.53,561.81,2,0,0,0,0,3,2,1,0.6615,0.9011,0.202,0.902769327,1,Withdrawn,0.5,0.3333
120132,Premier Insurance Agency,Workers Comp,NJ,7030,4/1/2025,4/30/2025,0.4726,54922.06,2080.88,6527.12,175.32,1,1,0,0,0,3,2,1,0.6746,0.9123,0.1674,0.902769327,1,Declined,0.5,0.3333
120132,Premier Insurance Agency,Workers Comp,NJ,7030,5/1/2025,5/31/2025,0.3738,43236.28,1042.27,4576.89,1667.87,1,0,2,0,0,3,2,1,0.6805,0.9013,0.1892,0.902769327,1,,0.5,0.3333
120132,Premier Insurance Agency,Workers Comp,NJ,7030,6/1/2025,6/30/2025,0.4661,40420.43,2686.3,5488.66,1784.98,1,1,0,0,0,5,4,3,0.6524,0.894,0.1578,0.902769327,1,,0.75,0.6
120132,Premier Insurance Agency,Workers Comp,NJ,7030,7/1/2025,7/31/2025,0.4244,42521.44,2808.94,5521.51,2086.18,3,0,1,0,0,3,2,1,0.6737,0.8838,0.2432,0.902769327,1,,0.5,0.3333
120132,Premier Insurance Agency,Workers Comp,NJ,7030,8/1/2025,8/31/2025,0.4269,49574.94,3180.58,6769.66,2983.82,0,0,1,0,0,3,2,1,0.6699,0.9309,0.2116,0.902769327,1,Withdrawn,0.5,0.3333
120132,Premier Insurance Agency,Workers Comp,NJ,7030,9/1/2025,9/30/2025,0.3776,50843.53,3872.89,6328.72,2892.49,0,1,0,0,0,4,3,1,0.6597,0.9033,0.2326,0.902769327,1,Withdrawn,0.3333,0.25
120133,Keystone & Associates,Commercial Auto,NJ,7102,1/1/2026,1/31/2026,0.636,31298.85,231.21,3389.05,1185.0,1,1,0,1,0,5,2,1,0.5453,0.7995,0.2242,0.993766295,3,Declined,0.5,0.2
120133,Keystone & Associates,Commercial Auto,NJ,7102,10/1/2025,10/31/2025,0.6446,21988.89,1514.8,2450.63,1088.09,3,0,1,0,0,10,9,8,0.6099,0.7611,0.2807,0.993766295,1,Withdrawn,0.8889,0.8
120133,Keystone & Associates,Commercial Auto,NJ,7102,11/1/2025,11/30/2025,0.5572,16728.31,740.19,1908.3,3887.93,2,0,1,1,0,3,2,1,0.5282,0.8375,0.3113,0.993766295,1,Withdrawn,0.5,0.3333
120133,Keystone & Associates,Commercial Auto,NJ,7102,12/1/2025,12/31/2025,0.5665,25161.76,383.1,2431.95,11121.21,2,1,2,1,0,8,7,2,0.636,0.8076,0.3101,0.993766295,1,,0.2857,0.25
120133,Keystone & Associates,Commercial Auto,NJ,7102,2/1/2026,2/28/2026,0.5626,20590.69,1361.71,2367.15,1473.46,4,2,1,0,0,7,6,4,0.5696,0.807,0.2786,0.993766295,1,Withdrawn,0.6667,0.5714
120133,Keystone & Associates,Commercial Auto,NJ,7102,3/1/2026,3/31/2026,0.4774,28350.09,726.9,3059.64,5828.0,0,0,2,0,0,10,7,2,0.6189,0.8449,0.3041,0.993766295,3,,0.2857,0.2
120133,Keystone & Associates,Commercial Auto,NJ,7102,4/1/2025,4/30/2025,0.5605,27031.83,657.11,2823.1,3152.32,0,0,6,1,0,3,2,1,0.5995,0.8754,0.2493,0.993766295,1,Withdrawn,0.5,0.3333
120133,Keystone & Associates,Commercial Auto,NJ,7102,5/1/2025,5/31/2025,0.5936,25852.38,268.5,3234.34,8912.66,1,1,2,1,0,3,2,1,0.4945,0.7607,0.2679,0.993766295,1,,0.5,0.3333
120133,Keystone & Associates,Commercial Auto,NJ,7102,6/1/2025,6/30/2025,0.6088,42782.94,180.41,4073.23,4388.32,2,0,2,1,0,5,4,3,0.4827,0.8262,0.2725,0.993766295,1,,0.75,0.6
120133,Keystone & Associates,Commercial Auto,NJ,7102,7/1/2025,7/31/2025,0.6214,37432.25,1433.71,4178.39,5874.36,1,1,0,1,0,3,2,1,0.6499,0.7768,0.3061,0.993766295,1,,0.5,0.3333
120133,Keystone & Associates,Commercial Auto,NJ,7102,8/1/2025,8/31/2025,0.4947,29404.83,1697.08,3470.07,2791.36,1,0,1,1,0,5,3,2,0.5721,0.7843,0.2554,0.993766295,2,,0.6667,0.4
120133,Keystone & Associates,Commercial Auto,NJ,7102,9/1/2025,9/30/2025,0.5409,35717.39,326.1,4338.58,1218.44,2,2,1,0,0,3,2,1,0.5178,0.8717,0.2498,0.993766295,1,,0.5,0.3333
120134,Horizon Insurance Group,Business Owners Policy,NJ,8401,1/1/2026,1/31/2026,0.8741,3492.97,0.0,259.95,1428.88,2,0,1,0,0,7,6,2,0.1679,0.3426,0.5709,0.93212192,1,Declined,0.3333,0.2857
120134,Horizon Insurance Group,Business Owners Policy,NJ,8401,10/1/2025,10/31/2025,0.8898,3917.43,0.0,337.84,892.9,1,1,2,0,0,3,2,1,0.2034,0.3715,0.5174,0.93212192,1,Declined,0.5,0.3333
120134,Horizon Insurance Group,Business Owners Policy,NJ,8401,11/1/2025,11/30/2025,0.8861,3833.74,0.0,285.48,675.96,0,0,0,0,0,3,2,1,0.1829,0.4416,0.4173,0.93212192,1,,0.5,0.3333
120134,Horizon Insurance Group,Business Owners Policy,NJ,8401,12/1/2025,12/31/2025,0.9141,1580.37,0.0,111.77,423.79,0,0,0,0,0,6,2,1,0.1424,0.376,0.634,0.93212192,4,,0.5,0.1667
120134,Horizon Insurance Group,Business Owners Policy,NJ,8401,2/1/2026,2/28/2026,0.9078,3705.02,0.0,311.53,429.39,0,1,1,1,0,3,2,1,0.2356,0.4543,0.4798,0.93212192,1,,0.5,0.3333
120134,Horizon Insurance Group,Business Owners Policy,NJ,8401,3/1/2026,3/31/2026,0.9372,3094.25,0.0,211.52,1914.07,1,1,0,0,0,3,2,1,0.172,0.3417,0.5147,0.93212192,1,,0.5,0.3333
120134,Horizon Insurance Group,Business Owners Policy,NJ,8401,4/1/2025,4/30/2025,0.9037,3607.55,0.0,296.93,284.54,0,1,1,0,0,3,2,1,0.0702,0.3906,0.4919,0.93212192,1,,0.5,0.3333
120134,Horizon Insurance Group,Business Owners Policy,NJ,8401,5/1/2025,5/31/2025,0.8708,1430.38,0.0,118.83,256.23,1,1,2,0,0,3,2,1,0.1651,0.377,0.5108,0.93212192,1,,0.5,0.3333
120134,Horizon Insurance Group,Business Owners Policy,NJ,8401,6/1/2025,6/30/2025,0.8227,3611.53,0.0,293.55,346.77,0,0,1,1,0,3,2,1,0.117,0.489,0.5335,0.93212192,1,Declined,0.5,0.3333
120134,Horizon Insurance Group,Business Owners Policy,NJ,8401,7/1/2025,7/31/2025,0.9707,3095.11,0.0,255.45,3060.44,2,0,1,0,0,3,2,1,0.1735,0.3363,0.4517,0.93212192,1,,0.5,0.3333
120134,Horizon Insurance Group,Business Owners Policy,NJ,8401,8/1/2025,8/31/2025,0.8619,500.0,0.0,50.0,1238.75,3,0,1,0,0,3,2,1,0.167,0.4542,0.5181,0.93212192,1,Withdrawn,0.5,0.3333
120134,Horizon Insurance Group,Business Owners Policy,NJ,8401,9/1/2025,9/30/2025,1.0188,6627.59,0.0,519.67,1480.56,0,0,0,0,0,4,3,1,0.1887,0.4833,0.57,0.93212192,1,Withdrawn,0.3333,0.25
120135,Benchmark & Associates,Workers Comp,NJ,7601,1/1/2026,1/31/2026,0.4644,24006.02,0.0,2882.83,1346.27,0,0,1,0,0,3,2,1,0.5818,0.8238,0.295,0.925905711,1,Withdrawn,0.5,0.3333
120135,Benchmark & Associates,Workers Comp,NJ,7601,10/1/2025,10/31/2025,0.4376,37090.74,0.0,4438.0,1690.69,0,1,0,0,0,3,2,1,0.4916,0.7954,0.2649,0.925905711,1,Declined,0.5,0.3333
120135,Benchmark & Associates,Workers Comp,NJ,7601,11/1/2025,11/30/2025,0.5717,18183.89,0.0,2070.37,1739.31,1,0,3,1,0,3,2,1,0.5946,0.8255,0.2647,0.925905711,1,,0.5,0.3333
120135,Benchmark & Associates,Workers Comp,NJ,7601,12/1/2025,12/31/2025,0.5092,4776.58,0.0,554.19,942.38,1,0,0,0,0,3,2,1,0.5275,0.8201,0.2878,0.925905711,1,Withdrawn,0.5,0.3333
120135,Benchmark & Associates,Workers Comp,NJ,7601,2/1/2026,2/28/2026,0.5321,27390.09,0.0,2864.2,971.37,1,1,1,1,0,4,3,2,0.4797,0.818,0.2592,0.925905711,1,,0.6667,0.5
120135,Benchmark & Associates,Workers Comp,NJ,7601,3/1/2026,3/31/2026,0.6398,16302.17,0.0,2049.95,765.23,0,0,1,1,0,5,4,3,0.5867,0.7952,0.283,0.925905711,1,,0.75,0.6
120135,Benchmark & Associates,Workers Comp,NJ,7601,4/1/2025,4/30/2025,0.537,30519.77,0.0,3189.7,1971.89,2,0,1,1,0,3,2,1,0.5486,0.8351,0.2712,0.925905711,1,Declined,0.5,0.3333
120135,Benchmark & Associates,Workers Comp,NJ,7601,5/1/2025,5/31/2025,0.5629,28622.14,0.0,3411.54,1084.3,1,0,1,0,0,4,2,1,0.5514,0.8134,0.2751,0.925905711,2,Declined,0.5,0.25
120135,Benchmark & Associates,Workers Comp,NJ,7601,6/1/2025,6/30/2025,0.5616,32855.54,0.0,3650.44,7079.24,0,0,0,1,0,3,2,1,0.6152,0.8326,0.3256,0.925905711,1,Withdrawn,0.5,0.3333
120135,Benchmark & Associates,Workers Comp,NJ,7601,7/1/2025,7/31/2025,0.4395,25834.99,0.0,2732.22,364.83,1,0,1,0,0,3,2,1,0.5594,0.8053,0.3236,0.925905711,1,,0.5,0.3333
120135,Benchmark & Associates,Workers Comp,NJ,7601,8/1/2025,8/31/2025,0.5432,29496.86,0.0,3078.9,670.5,1,1,0,0,0,3,2,1,0.5634,0.7923,0.2685,0.925905711,1,Declined,0.5,0.3333
120135,Benchmark & Associates,Workers Comp,NJ,7601,9/1/2025,9/30/2025,0.5733,35807.06,0.0,3807.81,2879.66,1,0,0,0,0,7,6,4,0.6325,0.8002,0.3236,0.925905711,1,,0.6667,0.5714
120136,Clearwater Risk Consultants,Commercial Auto,PA,19103,1/1/2026,1/31/2026,0.7199,18938.64,584.13,2043.87,750.34,1,0,0,0,0,3,2,1,0.3508,0.6941,0.3398,0.900457098,1,,0.5,0.3333
120136,Clearwater Risk Consultants,Commercial Auto,PA,19103,10/1/2025,10/31/2025,0.6457,12906.31,647.14,1255.91,1982.29,2,0,1,0,0,3,2,1,0.4184,0.7007,0.326,0.900457098,1,Declined,0.5,0.3333
120136,Clearwater Risk Consultants,Commercial Auto,PA,19103,11/1/2025,11/30/2025,0.6987,26651.85,590.95,2341.9,2506.73,0,0,0,0,0,3,2,1,0.4049,0.7294,0.3488,0.900457098,1,Declined,0.5,0.3333
120136,Clearwater Risk Consultants,Commercial Auto,PA,19103,12/1/2025,12/31/2025,0.684,19050.35,478.16,1976.85,1146.62,0,0,3,1,0,3,2,1,0.3323,0.7041,0.3569,0.900457098,1,,0.5,0.3333
120136,Clearwater Risk Consultants,Commercial Auto,PA,19103,2/1/2026,2/28/2026,0.6828,16712.12,856.13,1728.61,170.41,1,1,0,1,0,3,2,1,0.4203,0.7335,0.3534,0.900457098,1,,0.5,0.3333
120136,Clearwater Risk Consultants,Commercial Auto,PA,19103,3/1/2026,3/31/2026,0.6434,8284.02,225.18,757.71,1063.41,0,1,1,0,0,5,4,3,0.4766,0.7638,0.3066,0.900457098,1,,0.75,0.6
120136,Clearwater Risk Consultants,Commercial Auto,PA,19103,4/1/2025,4/30/2025,0.6101,15294.44,368.53,1392.24,906.21,3,1,0,0,0,3,2,1,0.4167,0.7282,0.3301,0.900457098,1,Withdrawn,0.5,0.3333
120136,Clearwater Risk Consultants,Commercial Auto,PA,19103,5/1/2025,5/31/2025,0.6254,7857.55,17.72,900.23,1915.64,0,0,2,0,0,4,3,2,0.4427,0.7361,0.3592,0.900457098,1,Declined,0.6667,0.5
120136,Clearwater Risk Consultants,Commercial Auto,PA,19103,6/1/2025,6/30/2025,0.6475,11687.34,1175.17,1224.74,1494.45,1,1,1,0,0,4,3,1,0.3512,0.7101,0.331,0.900457098,1,Declined,0.3333,0.25
120136,Clearwater Risk Consultants,Commercial Auto,PA,19103,7/1/2025,7/31/2025,0.7271,24310.26,287.45,2658.59,937.69,2,0,1,1,0,3,2,1,0.399,0.6587,0.3054,0.900457098,1,,0.5,0.3333
120136,Clearwater Risk Consultants,Commercial Auto,PA,19103,8/1/2025,8/31/2025,0.7293,9929.23,1459.09,1003.98,2657.94,1,0,1,1,0,4,3,1,0.4403,0.7469,0.3251,0.900457098,1,Withdrawn,0.3333,0.25
120136,Clearwater Risk Consultants,Commercial Auto,PA,19103,9/1/2025,9/30/2025,0.6184,16024.33,1406.55,1585.04,3351.95,0,0,1,1,0,5,4,2,0.3938,0.688,0.3578,0.900457098,1,,0.5,0.4
120137,Clearwater Insurance Agency,Business Owners Policy,PA,15222,1/1/2026,1/31/2026,0.7791,3773.05,39.01,373.25,916.18,1,0,2,0,0,3,2,1,0.3057,0.5458,0.4661,0.900459132,1,,0.5,0.3333
120137,Clearwater Insurance Agency,Business Owners Policy,PA,15222,10/1/2025,10/31/2025,0.8402,3079.3,44.43,259.24,480.56,1,0,0,0,0,3,2,1,0.2343,0.5256,0.3664,0.900459132,1,Declined,0.5,0.3333
120137,Clearwater Insurance Agency,Business Owners Policy,PA,15222,11/1/2025,11/30/2025,0.8319,9799.2,10.03,832.44,1366.85,0,1,0,0,0,3,2,1,0.2879,0.5774,0.433,0.900459132,1,,0.5,0.3333
120137,Clearwater Insurance Agency,Business Owners Policy,PA,15222,12/1/2025,12/31/2025,0.8238,4847.01,20.84,397.71,1935.43,1,1,0,1,0,3,2,1,0.1793,0.7081,0.4211,0.900459132,1,,0.5,0.3333
120137,Clearwater Insurance Agency,Business Owners Policy,PA,15222,2/1/2026,2/28/2026,0.8019,9510.97,19.35,940.08,1352.73,1,1,0,1,0,3,2,1,0.3066,0.59,0.4835,0.900459132,1,Declined,0.5,0.3333
120137,Clearwater Insurance Agency,Business Owners Policy,PA,15222,3/1/2026,3/31/2026,0.8421,3372.56,15.31,278.98,2329.9,0,0,2,0,0,3,2,1,0.305,0.486,0.4681,0.900459132,1,,0.5,0.3333
120137,Clearwater Insurance Agency,Business Owners Policy,PA,15222,4/1/2025,4/30/2025,0.8316,9468.05,11.1,779.0,1326.9,1,1,1,0,0,3,2,1,0.276,0.4918,0.4871,0.900459132,1,,0.5,0.3333
120137,Clearwater Insurance Agency,Business Owners Policy,PA,15222,5/1/2025,5/31/2025,0.8401,6858.19,18.23,605.09,1080.03,1,1,0,0,0,4,3,1,0.3068,0.5886,0.4771,0.900459132,1,,0.3333,0.25
120137,Clearwater Insurance Agency,Business Owners Policy,PA,15222,6/1/2025,6/30/2025,0.8131,13916.91,6.91,1165.1,1286.49,1,0,0,0,0,5,4,2,0.3201,0.6167,0.3727,0.900459132,1,Declined,0.5,0.4
120137,Clearwater Insurance Agency,Business Owners Policy,PA,15222,7/1/2025,7/31/2025,0.7591,8837.2,24.45,755.19,2339.78,0,0,1,0,0,4,2,1,0.2991,0.59,0.3564,0.900459132,2,,0.5,0.25
120137,Clearwater Insurance Agency,Business Owners Policy,PA,15222,8/1/2025,8/31/2025,0.7862,6600.16,25.84,526.5,1233.68,0,0,1,0,0,6,5,3,0.3448,0.5893,0.3919,0.900459132,1,Declined,0.6,0.5
120137,Clearwater Insurance Agency,Business Owners Policy,PA,15222,9/1/2025,9/30/2025,0.8323,5886.16,14.46,574.53,1052.24,1,0,1,0,0,4,2,1,0.3292,0.559,0.4201,0.900459132,2,Withdrawn,0.5,0.25
120138,Broadstreet Risk Advisors,Workers Comp,PA,17101,1/1/2026,1/31/2026,0.5016,14495.73,201.78,1437.73,5656.43,4,0,2,0,0,13,10,8,0.4733,0.8147,0.2662,0.975640398,3,Withdrawn,0.8,0.6154
120138,Broadstreet Risk Advisors,Workers Comp,PA,17101,10/1/2025,10/31/2025,0.514,22394.99,15.63,2194.95,4693.02,3,0,4,0,0,3,2,1,0.5112,0.8495,0.2583,0.975640398,1,Declined,0.5,0.3333
120138,Broadstreet Risk Advisors,Workers Comp,PA,17101,11/1/2025,11/30/2025,0.6799,20009.43,34.63,2320.89,1909.97,1,0,2,0,0,3,2,1,0.6084,0.8507,0.3116,0.975640398,1,Withdrawn,0.5,0.3333
120138,Broadstreet Risk Advisors,Workers Comp,PA,17101,12/1/2025,12/31/2025,0.4767,21757.69,150.88,2097.75,4877.97,1,0,0,1,0,5,2,1,0.4792,0.8017,0.245,0.975640398,3,Declined,0.5,0.2
120138,Broadstreet Risk Advisors,Workers Comp,PA,17101,2/1/2026,2/28/2026,0.5661,22886.45,121.22,2310.77,2524.68,0,1,2,0,0,3,2,1,0.5843,0.7952,0.2875,0.975640398,1,Withdrawn,0.5,0.3333
120138,Broadstreet Risk Advisors,Workers Comp,PA,17101,3/1/2026,3/31/2026,0.5406,19190.76,396.9,1879.35,2397.07,0,1,2,0,0,3,2,1,0.5192,0.8371,0.2978,0.975640398,1,,0.5,0.3333
120138,Broadstreet Risk Advisors,Workers Comp,PA,17101,4/1/2025,4/30/2025,0.5833,32246.41,542.98,3414.9,5986.32,0,2,2,2,0,8,6,4,0.5736,0.8382,0.3416,0.975640398,2,,0.6667,0.5
120138,Broadstreet Risk Advisors,Workers Comp,PA,17101,5/1/2025,5/31/2025,0.4856,28651.01,323.51,3087.93,2299.05,4,1,2,1,0,4,2,1,0.6229,0.8447,0.2679,0.975640398,2,,0.5,0.25
120138,Broadstreet Risk Advisors,Workers Comp,PA,17101,6/1/2025,6/30/2025,0.5691,19124.36,267.53,1798.33,3781.57,2,2,2,2,0,3,2,1,0.482,0.8769,0.2794,0.975640398,1,,0.5,0.3333
120138,Broadstreet Risk Advisors,Workers Comp,PA,17101,7/1/2025,7/31/2025,0.6528,23856.28,165.65,2744.85,1853.12,2,1,0,0,0,7,3,1,0.5243,0.821,0.2746,0.975640398,4,Declined,0.3333,0.1429
120138,Broadstreet Risk Advisors,Workers Comp,PA,17101,8/1/2025,8/31/2025,0.5416,38015.58,282.04,3874.65,694.94,2,1,1,0,0,6,4,3,0.494,0.8277,0.2699,0.975640398,2,Withdrawn,0.75,0.5
120138,Broadstreet Risk Advisors,Workers Comp,PA,17101,9/1/2025,9/30/2025,0.6049,21427.89,199.23,2074.85,966.96,0,0,0,1,0,6,5,4,0.5146,0.8169,0.2988,0.975640398,1,Withdrawn,0.8,0.6667
120139,Harbor Insurance Partners,Commercial Auto,PA,18501,1/1/2026,1/31/2026,1.0429,1324.01,912.12,99.23,1458.87,2,1,4,0,0,3,2,1,0.1948,0.4761,0.5673,0.961198981,1,,0.5,0.3333
120139,Harbor Insurance Partners,Commercial Auto,PA,18501,10/1/2025,10/31/2025,0.9271,3498.98,559.96,291.46,2143.01,2,0,1,0,0,3,2,1,0.2585,0.5148,0.575,0.961198981,1,Withdrawn,0.5,0.3333
120139,Harbor Insurance Partners,Commercial Auto,PA,18501,11/1/2025,11/30/2025,0.9453,3981.58,654.22,307.61,1270.12,0,1,0,1,0,3,2,1,0.2118,0.3769,0.5684,0.961198981,1,,0.5,0.3333
120139,Harbor Insurance Partners,Commercial Auto,PA,18501,12/1/2025,12/31/2025,0.9503,2021.97,819.55,143.81,3943.52,0,0,1,1,0,5,4,3,0.1848,0.4739,0.5562,0.961198981,1,Withdrawn,0.75,0.6
120139,Harbor Insurance Partners,Commercial Auto,PA,18501,2/1/2026,2/28/2026,0.8097,1748.44,676.94,152.54,2373.38,1,1,0,0,0,9,5,3,0.1592,0.4228,0.5723,0.961198981,4,Withdrawn,0.6,0.3333
120139,Harbor Insurance Partners,Commercial Auto,PA,18501,3/1/2026,3/31/2026,0.9136,3879.38,133.61,288.34,3931.05,1,1,1,0,0,3,2,1,0.1594,0.4359,0.5282,0.961198981,1,Declined,0.5,0.3333
120139,Harbor Insurance Partners,Commercial Auto,PA,18501,4/1/2025,4/30/2025,0.976,3468.09,103.35,268.1,8273.95,1,0,1,0,0,5,3,2,0.185,0.4236,0.4839,0.961198981,2,,0.6667,0.4
120139,Harbor Insurance Partners,Commercial Auto,PA,18501,5/1/2025,5/31/2025,0.9901,500.0,413.98,50.0,5596.65,1,0,2,0,0,4,3,1,0.2499,0.412,0.4821,0.961198981,1,,0.3333,0.25
120139,Harbor Insurance Partners,Commercial Auto,PA,18501,6/1/2025,6/30/2025,0.9165,2702.89,432.2,222.95,1424.86,1,1,1,0,0,3,2,1,0.1554,0.2794,0.4309,0.961198981,1,,0.5,0.3333
120139,Harbor Insurance Partners,Commercial Auto,PA,18501,7/1/2025,7/31/2025,1.021,2617.65,99.86,218.79,2651.96,2,1,2,0,0,3,2,1,0.1989,0.4524,0.5041,0.961198981,1,,0.5,0.3333
120139,Harbor Insurance Partners,Commercial Auto,PA,18501,8/1/2025,8/31/2025,0.9574,1394.0,123.49,106.79,2269.61,2,0,1,1,0,3,2,1,0.197,0.459,0.4683,0.961198981,1,Declined,0.5,0.3333
120139,Harbor Insurance Partners,Commercial Auto,PA,18501,9/1/2025,9/30/2025,0.8751,5579.65,295.77,383.28,2189.49,1,1,0,1,0,3,2,1,0.1771,0.4688,0.5274,0.961198981,1,,0.5,0.3333
120140,Guardian Insurance Partners,Business Owners Policy,NY,10001,1/1/2026,1/31/2026,0.9344,4267.91,363.92,332.41,1834.14,1,1,0,0,0,3,2,1,0.2081,0.3652,0.4836,0.924162016,1,Withdrawn,0.5,0.3333
120140,Guardian Insurance Partners,Business Owners Policy,NY,10001,10/1/2025,10/31/2025,0.9723,4127.44,329.02,378.92,1884.3,0,0,1,1,0,4,2,1,0.2245,0.5092,0.491,0.924162016,2,,0.5,0.25
120140,Guardian Insurance Partners,Business Owners Policy,NY,10001,11/1/2025,11/30/2025,0.8591,3788.91,640.55,293.53,2224.48,2,0,0,0,0,5,4,1,0.1599,0.3933,0.432,0.924162016,1,,0.25,0.2
120140,Guardian Insurance Partners,Business Owners Policy,NY,10001,12/1/2025,12/31/2025,0.9471,2420.05,438.59,178.13,1025.98,0,0,3,0,0,3,2,1,0.108,0.3692,0.4916,0.924162016,1,,0.5,0.3333
120140,Guardian Insurance Partners,Business Owners Policy,NY,10001,2/1/2026,2/28/2026,1.0304,4791.32,227.04,377.08,3909.07,1,2,0,0,0,3,2,1,0.1201,0.4597,0.5296,0.924162016,1,Declined,0.5,0.3333
120140,Guardian Insurance Partners,Business Owners Policy,NY,10001,3/1/2026,3/31/2026,1.0211,4681.56,249.38,329.92,417.2,0,1,1,0,0,3,2,1,0.149,0.3926,0.5701,0.924162016,1,Declined,0.5,0.3333
120140,Guardian Insurance Partners,Business Owners Policy,NY,10001,4/1/2025,4/30/2025,0.8882,4501.23,541.05,386.62,3450.42,1,1,1,0,0,5,3,1,0.1492,0.4918,0.5255,0.924162016,2,Withdrawn,0.3333,0.2
120140,Guardian Insurance Partners,Business Owners Policy,NY,10001,5/1/2025,5/31/2025,0.8753,5187.99,89.11,378.98,2245.99,1,0,1,0,0,9,8,4,0.1559,0.365,0.5612,0.924162016,1,Withdrawn,0.5,0.4444
120140,Guardian Insurance Partners,Business Owners Policy,NY,10001,6/1/2025,6/30/2025,0.9876,1927.79,121.32,158.46,1899.78,0,1,1,0,0,3,2,1,0.1983,0.3556,0.5221,0.924162016,1,,0.5,0.3333
120140,Guardian Insurance Partners,Business Owners Policy,NY,10001,7/1/2025,7/31/2025,1.0556,4254.33,262.76,352.1,2579.91,1,0,0,1,0,3,2,1,0.2037,0.5242,0.5255,0.924162016,1,Withdrawn,0.5,0.3333
120140,Guardian Insurance Partners,Business Owners Policy,NY,10001,8/1/2025,8/31/2025,0.9472,4235.13,224.41,302.31,832.32,1,0,0,1,0,3,2,1,0.1767,0.3177,0.5072,0.924162016,1,,0.5,0.3333
120140,Guardian Insurance Partners,Business Owners Policy,NY,10001,9/1/2025,9/30/2025,0.9962,5119.59,93.08,388.47,3254.77,2,0,2,1,0,3,2,1,0.1718,0.4302,0.5128,0.924162016,1,Declined,0.5,0.3333
120141,Vantage & Associates,Workers Comp,NY,11201,1/1/2026,1/31/2026,0.5317,28988.23,246.05,3391.39,4182.7,1,2,1,1,0,3,2,1,0.6493,0.8386,0.2706,0.953855625,1,Declined,0.5,0.3333
120141,Vantage & Associates,Workers Comp,NY,11201,10/1/2025,10/31/2025,0.537,32529.11,343.15,4035.7,1705.06,2,0,1,0,0,3,2,1,0.5638,0.7998,0.2828,0.953855625,1,,0.5,0.3333
120141,Vantage & Associates,Workers Comp,NY,11201,11/1/2025,11/30/2025,0.5775,22631.88,9.81,2585.47,2185.85,3,0,1,0,0,3,2,1,0.5818,0.7668,0.293,0.953855625,1,Withdrawn,0.5,0.3333
120141,Vantage & Associates,Workers Comp,NY,11201,12/1/2025,12/31/2025,0.4842,26502.81,40.21,2992.84,1363.13,1,0,1,1,0,3,2,1,0.4718,0.7981,0.2638,0.953855625,1,,0.5,0.3333
120141,Vantage & Associates,Workers Comp,NY,11201,2/1/2026,2/28/2026,0.5584,17082.59,242.42,2101.59,3642.73,1,1,2,0,0,4,3,1,0.6391,0.8466,0.2872,0.953855625,1,Withdrawn,0.3333,0.25
120141,Vantage & Associates,Workers Comp,NY,11201,3/1/2026,3/31/2026,0.5469,32363.12,306.12,3423.13,3051.43,1,0,1,0,1,3,2,1,0.5146,0.8136,0.2696,0.953855625,1,,0.5,0.3333
120141,Vantage & Associates,Workers Comp,NY,11201,4/1/2025,4/30/2025,0.6093,22745.32,58.58,2239.83,3811.0,2,1,1,1,0,3,2,1,0.5345,0.8475,0.2938,0.953855625,1,Withdrawn,0.5,0.3333
120141,Vantage & Associates,Workers Comp,NY,11201,5/1/2025,5/31/2025,0.4853,32763.67,242.33,3653.42,3261.64,1,0,1,0,0,6,4,3,0.6188,0.8756,0.243,0.953855625,2,Declined,0.75,0.5
120141,Vantage & Associates,Workers Comp,NY,11201,6/1/2025,6/30/2025,0.5859,34160.4,50.53,3395.26,1384.28,0,1,0,1,0,5,3,2,0.4809,0.7909,0.2853,0.953855625,2,Declined,0.6667,0.4
120141,Vantage & Associates,Workers Comp,NY,11201,7/1/2025,7/31/2025,0.6404,25508.61,40.1,3163.23,6137.13,0,1,1,1,0,3,2,1,0.4879,0.7522,0.2624,0.953855625,1,Withdrawn,0.5,0.3333
120141,Vantage & Associates,Workers Comp,NY,11201,8/1/2025,8/31/2025,0.5432,24799.04,127.39,2762.84,2759.23,0,0,3,0,0,5,2,1,0.5653,0.8402,0.328,0.953855625,3,,0.5,0.2
120141,Vantage & Associates,Workers Comp,NY,11201,9/1/2025,9/30/2025,0.515,20528.06,335.02,2037.49,1772.93,1,0,0,0,0,3,2,1,0.4812,0.83,0.2791,0.953855625,1,Withdrawn,0.5,0.3333
120142,Broadstreet Insurance Group,Commercial Auto,NY,10301,1/1/2026,1/31/2026,0.7394,10517.69,1839.96,1070.3,3821.42,1,0,0,0,0,3,2,1,0.4857,0.7069,0.3368,0.963452936,1,Withdrawn,0.5,0.3333
120142,Broadstreet Insurance Group,Commercial Auto,NY,10301,10/1/2025,10/31/2025,0.8305,17290.34,1074.94,1637.57,6517.2,0,1,1,0,0,3,2,1,0.3934,0.6966,0.3445,0.963452936,1,Declined,0.5,0.3333
120142,Broadstreet Insurance Group,Commercial Auto,NY,10301,11/1/2025,11/30/2025,0.8752,12601.94,476.26,1072.12,1743.06,1,1,2,0,0,3,2,1,0.3396,0.738,0.3255,0.963452936,1,,0.5,0.3333
120142,Broadstreet Insurance Group,Commercial Auto,NY,10301,12/1/2025,12/31/2025,0.6911,16573.79,323.03,1663.69,2442.08,2,1,0,0,0,3,2,1,0.4159,0.7032,0.3437,0.963452936,1,,0.5,0.3333
120142,Broadstreet Insurance Group,Commercial Auto,NY,10301,2/1/2026,2/28/2026,0.7116,9722.59,1081.19,929.23,2448.94,0,0,0,0,0,3,2,1,0.3682,0.723,0.3055,0.963452936,1,Withdrawn,0.5,0.3333
120142,Broadstreet Insurance Group,Commercial Auto,NY,10301,3/1/2026,3/31/2026,0.6808,10496.42,2977.5,1098.96,812.45,0,1,0,0,0,3,2,1,0.3353,0.6655,0.327,0.963452936,1,,0.5,0.3333
120142,Broadstreet Insurance Group,Commercial Auto,NY,10301,4/1/2025,4/30/2025,0.6875,15131.19,56.97,1492.7,438.45,0,0,1,0,0,3,2,1,0.3787,0.6854,0.3626,0.963452936,1,Withdrawn,0.5,0.3333
120142,Broadstreet Insurance Group,Commercial Auto,NY,10301,5/1/2025,5/31/2025,0.7783,13571.98,2023.09,1513.58,5195.03,1,1,1,0,0,7,4,1,0.4286,0.6635,0.335,0.963452936,3,,0.25,0.1429
120142,Broadstreet Insurance Group,Commercial Auto,NY,10301,6/1/2025,6/30/2025,0.7024,14385.39,1439.5,1366.99,1334.21,0,0,1,1,0,7,5,4,0.3496,0.6917,0.3144,0.963452936,2,,0.8,0.5714
120142,Broadstreet Insurance Group,Commercial Auto,NY,10301,7/1/2025,7/31/2025,0.7739,25289.28,898.94,2314.59,1859.8,1,0,0,0,0,3,2,1,0.391,0.6865,0.3581,0.963452936,1,,0.5,0.3333
120142,Broadstreet Insurance Group,Commercial Auto,NY,10301,8/1/2025,8/31/2025,0.7198,21596.68,3178.08,2056.07,2448.38,1,0,1,0,0,6,5,3,0.4451,0.6109,0.3369,0.963452936,1,Declined,0.6,0.5
120142,Broadstreet Insurance Group,Commercial Auto,NY,10301,9/1/2025,9/30/2025,0.7082,18824.49,1641.24,2098.17,639.41,1,0,1,0,0,3,2,1,0.4821,0.6606,0.3498,0.963452936,1,,0.5,0.3333
120143,Alliance Insurance Group,Business Owners Policy,NY,14201,1/1/2026,1/31/2026,0.5103,40071.35,206.36,4469.36,935.81,0,1,0,0,0,3,2,1,0.5775,0.8177,0.274,0.877567513,1,,0.5,0.3333
120143,Alliance Insurance Group,Business Owners Policy,NY,14201,10/1/2025,10/31/2025,0.6171,38959.07,126.31,4270.79,2893.52,2,1,0,1,0,3,2,1,0.5619,0.7974,0.2996,0.877567513,1,,0.5,0.3333
120143,Alliance Insurance Group,Business Owners Policy,NY,14201,11/1/2025,11/30/2025,0.4734,21310.44,170.92,2339.79,897.61,2,1,0,1,0,3,2,1,0.6558,0.827,0.2475,0.877567513,1,Declined,0.5,0.3333
120143,Alliance Insurance Group,Business Owners Policy,NY,14201,12/1/2025,12/31/2025,0.5341,32784.81,147.74,4028.38,249.11,0,0,2,0,0,3,2,1,0.5773,0.8764,0.3236,0.877567513,1,,0.5,0.3333
120143,Alliance Insurance Group,Business Owners Policy,NY,14201,2/1/2026,2/28/2026,0.5793,40128.93,204.22,3826.17,1153.97,1,0,1,0,0,3,2,1,0.6098,0.82,0.2817,0.877567513,1,Declined,0.5,0.3333
120143,Alliance Insurance Group,Business Owners Policy,NY,14201,3/1/2026,3/31/2026,0.4595,16773.83,167.39,2088.39,1352.95,2,1,1,0,0,3,2,1,0.532,0.8206,0.3128,0.877567513,1,Declined,0.5,0.3333
120143,Alliance Insurance Group,Business Owners Policy,NY,14201,4/1/2025,4/30/2025,0.4352,37499.42,166.53,4065.66,58.89,1,1,1,1,0,3,2,1,0.413,0.8469,0.251,0.877567513,1,,0.5,0.3333
120143,Alliance Insurance Group,Business Owners Policy,NY,14201,5/1/2025,5/31/2025,0.5813,17803.83,181.27,2086.34,2831.8,0,1,1,0,0,10,8,4,0.6123,0.86,0.2842,0.877567513,2,,0.5,0.4
120143,Alliance Insurance Group,Business Owners Policy,NY,14201,6/1/2025,6/30/2025,0.5102,35643.11,165.57,3354.21,671.01,1,0,1,0,0,6,5,4,0.509,0.804,0.2826,0.877567513,1,Withdrawn,0.8,0.6667
120143,Alliance Insurance Group,Business Owners Policy,NY,14201,7/1/2025,7/31/2025,0.4781,12513.82,274.53,1259.21,2476.25,0,0,1,0,0,3,2,1,0.5642,0.8467,0.2555,0.877567513,1,Declined,0.5,0.3333
120143,Alliance Insurance Group,Business Owners Policy,NY,14201,8/1/2025,8/31/2025,0.6197,41485.61,201.73,5211.32,406.03,0,0,1,0,0,7,6,1,0.592,0.7748,0.2745,0.877567513,1,Declined,0.1667,0.1429
120143,Alliance Insurance Group,Business Owners Policy,NY,14201,9/1/2025,9/30/2025,0.5112,16019.61,272.69,1884.05,1080.34,1,0,1,0,0,3,2,1,0.5289,0.8427,0.2709,0.877567513,1,Declined,0.5,0.3333
120144,Broadstreet Risk Solutions,Workers Comp,NJ,7030,1/1/2026,1/31/2026,0.4701,23534.93,276.67,2963.39,4044.91,0,1,1,0,0,3,2,1,0.5503,0.844,0.2989,0.933792829,1,,0.5,0.3333
120144,Broadstreet Risk Solutions,Workers Comp,NJ,7030,10/1/2025,10/31/2025,0.6097,32666.98,492.86,3605.75,6847.41,1,1,2,0,0,3,2,1,0.5095,0.8245,0.2705,0.933792829,1,,0.5,0.3333
120144,Broadstreet Risk Solutions,Workers Comp,NJ,7030,11/1/2025,11/30/2025,0.5912,28322.46,850.97,2718.2,1927.22,0,1,0,0,0,3,2,1,0.5484,0.8069,0.2721,0.933792829,1,,0.5,0.3333
120144,Broadstreet Risk Solutions,Workers Comp,NJ,7030,12/1/2025,12/31/2025,0.6037,30911.77,720.93,3775.3,1521.81,2,0,0,0,0,3,2,1,0.558,0.7939,0.2722,0.933792829,1,,0.5,0.3333
120144,Broadstreet Risk Solutions,Workers Comp,NJ,7030,2/1/2026,2/28/2026,0.5244,25063.82,582.13,2811.23,2270.99,2,1,0,1,0,6,3,2,0.5753,0.8156,0.2763,0.933792829,3,Withdrawn,0.6667,0.3333
120144,Broadstreet Risk Solutions,Workers Comp,NJ,7030,3/1/2026,3/31/2026,0.5266,31204.02,1449.23,3473.7,833.51,0,0,0,0,1,4,3,2,0.6001,0.843,0.3201,0.933792829,1,,0.6667,0.5
120144,Broadstreet Risk Solutions,Workers Comp,NJ,7030,4/1/2025,4/30/2025,0.5707,28971.83,572.13,3233.69,1796.8,0,0,2,1,0,4,3,2,0.5617,0.8513,0.2781,0.933792829,1,Withdrawn,0.6667,0.5
120144,Broadstreet Risk Solutions,Workers Comp,NJ,7030,5/1/2025,5/31/2025,0.5688,19440.46,750.17,2048.68,4209.8,0,0,2,0,0,3,2,1,0.5074,0.8044,0.2636,0.933792829,1,Withdrawn,0.5,0.3333
120144,Broadstreet Risk Solutions,Workers Comp,NJ,7030,6/1/2025,6/30/2025,0.4972,9154.37,363.07,1047.59,1071.97,1,0,1,1,0,3,2,1,0.5364,0.8231,0.2748,0.933792829,1,Withdrawn,0.5,0.3333
120144,Broadstreet Risk Solutions,Workers Comp,NJ,7030,7/1/2025,7/31/2025,0.6445,29076.13,373.34,3524.25,684.18,1,0,2,1,0,8,6,2,0.5716,0.857,0.2718,0.933792829,2,Withdrawn,0.3333,0.25
120144,Broadstreet Risk Solutions,Workers Comp,NJ,7030,8/1/2025,8/31/2025,0.6633,28117.55,868.17,3489.73,1271.88,3,0,1,0,0,3,2,1,0.4863,0.8272,0.251,0.933792829,1,,0.5,0.3333
120144,Broadstreet Risk Solutions,Workers Comp,NJ,7030,9/1/2025,9/30/2025,0.5732,32901.72,574.92,3111.58,1181.31,2,0,1,1,0,3,2,1,0.4704,0.8228,0.264,0.933792829,1,,0.5,0.3333
120145,Guardian Agency Group,Commercial Auto,NJ,7102,1/1/2026,1/31/2026,0.346,59672.54,575.87,7396.97,220.46,0,0,0,0,0,3,2,1,0.7258,0.8969,0.2343,0.838697672,1,,0.5,0.3333
120145,Guardian Agency Group,Commercial Auto,NJ,7102,10/1/2025,10/31/2025,0.2799,65155.65,1070.74,8668.68,1489.46,0,0,0,0,0,5,4,3,0.6337,0.9124,0.2349,0.838697672,1,,0.75,0.6
120145,Guardian Agency Group,Commercial Auto,NJ,7102,11/1/2025,11/30/2025,0.3909,51193.96,214.76,6768.73,614.54,1,0,1,1,0,5,3,1,0.7049,0.9128,0.1706,0.838697672,2,Withdrawn,0.3333,0.2
120145,Guardian Agency Group,Commercial Auto,NJ,7102,12/1/2025,12/31/2025,0.4439,29588.57,132.25,3765.65,734.76,0,0,1,0,0,4,2,1,0.6769,0.9115,0.2089,0.838697672,2,,0.5,0.25
120145,Guardian Agency Group,Commercial Auto,NJ,7102,2/1/2026,2/28/2026,0.392,38667.58,712.78,4180.52,1201.01,1,1,0,0,0,3,2,1,0.7612,0.8936,0.208,0.838697672,1,Declined,0.5,0.3333
120145,Guardian Agency Group,Commercial Auto,NJ,7102,3/1/2026,3/31/2026,0.3124,42773.63,910.89,4827.06,829.48,0,0,1,0,0,3,2,1,0.6086,0.9019,0.2053,0.838697672,1,Declined,0.5,0.3333
120145,Guardian Agency Group,Commercial Auto,NJ,7102,4/1/2025,4/30/2025,0.417,54374.1,1248.65,7443.99,249.51,0,0,1,0,0,3,2,1,0.7499,0.9278,0.1898,0.838697672,1,,0.5,0.3333
120145,Guardian Agency Group,Commercial Auto,NJ,7102,5/1/2025,5/31/2025,0.3671,45670.94,108.22,5376.02,323.76,0,1,0,0,0,5,3,2,0.6354,0.898,0.1947,0.838697672,2,,0.6667,0.4
120145,Guardian Agency Group,Commercial Auto,NJ,7102,6/1/2025,6/30/2025,0.4217,40665.24,782.44,4245.08,443.44,1,1,0,0,0,3,2,1,0.5804,0.92,0.2872,0.838697672,1,,0.5,0.3333
120145,Guardian Agency Group,Commercial Auto,NJ,7102,7/1/2025,7/31/2025,0.3873,51728.17,1097.31,5653.33,1722.75,1,0,0,0,0,3,2,1,0.7679,0.9125,0.1817,0.838697672,1,Declined,0.5,0.3333
120145,Guardian Agency Group,Commercial Auto,NJ,7102,8/1/2025,8/31/2025,0.3191,35708.76,748.48,3786.62,1085.13,1,0,0,0,0,3,2,1,0.7682,0.8826,0.2261,0.838697672,1,,0.5,0.3333
120145,Guardian Agency Group,Commercial Auto,NJ,7102,9/1/2025,9/30/2025,0.3666,54316.98,3217.87,7030.3,669.86,0,0,1,0,0,3,2,1,0.7557,0.9109,0.2126,0.838697672,1,Declined,0.5,0.3333
120146,Liberty Risk Consultants,Business Owners Policy,NJ,8401,1/1/2026,1/31/2026,0.688,9390.88,0.0,888.04,512.28,2,1,1,0,0,3,2,1,0.4675,0.804,0.3356,0.862531899,1,Declined,0.5,0.3333
120146,Liberty Risk Consultants,Business Owners Policy,NJ,8401,10/1/2025,10/31/2025,0.707,7387.98,0.0,781.53,2859.29,1,0,1,0,0,3,2,1,0.4331,0.6877,0.3361,0.862531899,1,,0.5,0.3333
120146,Liberty Risk Consultants,Business Owners Policy,NJ,8401,11/1/2025,11/30/2025,0.5256,17586.32,0.0,1894.48,923.23,0,0,2,1,0,5,4,3,0.402,0.7536,0.3765,0.862531899,1,,0.75,0.6
120146,Liberty Risk Consultants,Business Owners Policy,NJ,8401,12/1/2025,12/31/2025,0.6398,13674.01,0.0,1181.13,1574.97,0,0,0,1,0,3,2,1,0.375,0.683,0.2892,0.862531899,1,,0.5,0.3333
120146,Liberty Risk Consultants,Business Owners Policy,NJ,8401,2/1/2026,2/28/2026,0.6956,11892.09,0.0,1036.76,931.68,1,1,1,0,0,3,2,1,0.4207,0.7579,0.3376,0.862531899,1,Declined,0.5,0.3333
120146,Liberty Risk Consultants,Business Owners Policy,NJ,8401,3/1/2026,3/31/2026,0.7732,14569.49,0.0,1319.66,629.94,0,1,1,0,0,3,2,1,0.3119,0.7896,0.3909,0.862531899,1,,0.5,0.3333
120146,Liberty Risk Consultants,Business Owners Policy,NJ,8401,4/1/2025,4/30/2025,0.7003,18274.52,0.0,1897.67,410.91,0,0,1,0,0,4,3,2,0.4309,0.7609,0.3342,0.862531899,1,,0.6667,0.5
120146,Liberty Risk Consultants,Business Owners Policy,NJ,8401,5/1/2025,5/31/2025,0.7007,18327.79,0.0,1651.46,238.39,1,0,0,1,0,4,3,2,0.4413,0.7181,0.3337,0.862531899,1,,0.6667,0.5
120146,Liberty Risk Consultants,Business Owners Policy,NJ,8401,6/1/2025,6/30/2025,0.6972,11887.52,0.0,1162.68,584.58,2,0,0,0,0,3,2,1,0.3575,0.7543,0.3249,0.862531899,1,Declined,0.5,0.3333
120146,Liberty Risk Consultants,Business Owners Policy,NJ,8401,7/1/2025,7/31/2025,0.7719,6775.39,0.0,721.46,2023.32,1,0,1,0,0,4,3,1,0.3961,0.747,0.3357,0.862531899,1,Withdrawn,0.3333,0.25
120146,Liberty Risk Consultants,Business Owners Policy,NJ,8401,8/1/2025,8/31/2025,0.6777,16433.71,0.0,1513.67,1076.24,1,0,1,0,0,5,4,2,0.3908,0.7065,0.3238,0.862531899,1,Withdrawn,0.5,0.4
120146,Liberty Risk Consultants,Business Owners Policy,NJ,8401,9/1/2025,9/30/2025,0.7138,20253.54,0.0,1824.71,600.93,0,1,0,0,0,4,2,1,0.3612,0.7478,0.3716,0.862531899,2,,0.5,0.25
120147,Meridian Risk Advisors,Workers Comp,NJ,7601,1/1/2026,1/31/2026,0.6628,7666.84,77.91,700.32,982.21,0,0,0,0,0,3,2,1,0.5039,0.6928,0.419,0.849865515,1,Withdrawn,0.5,0.3333
120147,Meridian Risk Advisors,Workers Comp,NJ,7601,10/1/2025,10/31/2025,0.6307,13512.57,570.29,1224.14,494.25,0,0,0,0,0,3,2,1,0.4052,0.6997,0.3266,0.849865515,1,Declined,0.5,0.3333
120147,Meridian Risk Advisors,Workers Comp,NJ,7601,11/1/2025,11/30/2025,0.6426,16619.99,285.03,1423.39,1491.38,0,0,1,0,0,7,4,3,0.4675,0.759,0.3748,0.849865515,3,,0.75,0.4286
120147,Meridian Risk Advisors,Workers Comp,NJ,7601,12/1/2025,12/31/2025,0.7065,11441.09,518.33,1178.88,1103.08,1,0,0,0,0,4,3,2,0.3716,0.7177,0.3347,0.849865515,1,Withdrawn,0.6667,0.5
120147,Meridian Risk Advisors,Workers Comp,NJ,7601,2/1/2026,2/28/2026,0.6304,19532.29,265.44,2112.35,1622.71,0,0,0,0,0,4,3,2,0.4397,0.786,0.3746,0.849865515,1,,0.6667,0.5
120147,Meridian Risk Advisors,Workers Comp,NJ,7601,3/1/2026,3/31/2026,0.6828,6348.93,364.3,721.92,1120.11,1,1,1,0,0,3,2,1,0.4366,0.6855,0.3451,0.849865515,1,,0.5,0.3333
120147,Meridian Risk Advisors,Workers Comp,NJ,7601,4/1/2025,4/30/2025,0.683,8959.47,151.05,909.19,700.86,1,1,0,0,0,3,2,1,0.3813,0.6706,0.3689,0.849865515,1,,0.5,0.3333
120147,Meridian Risk Advisors,Workers Comp,NJ,7601,5/1/2025,5/31/2025,0.7059,9480.97,816.64,866.59,835.53,1,0,0,0,0,3,2,1,0.4219,0.762,0.3142,0.849865515,1,,0.5,0.3333
120147,Meridian Risk Advisors,Workers Comp,NJ,7601,6/1/2025,6/30/2025,0.7873,17888.68,92.43,2020.65,632.5,0,0,1,0,0,3,2,1,0.4867,0.7717,0.3441,0.849865515,1,,0.5,0.3333
120147,Meridian Risk Advisors,Workers Comp,NJ,7601,7/1/2025,7/31/2025,0.7052,13133.89,190.58,1367.11,852.85,0,0,1,0,0,3,2,1,0.3528,0.7151,0.2818,0.849865515,1,,0.5,0.3333
120147,Meridian Risk Advisors,Workers Comp,NJ,7601,8/1/2025,8/31/2025,0.6327,14827.46,240.8,1563.5,103.97,1,0,0,1,0,4,3,1,0.3494,0.7062,0.34,0.849865515,1,Withdrawn,0.3333,0.25
120147,Meridian Risk Advisors,Workers Comp,NJ,7601,9/1/2025,9/30/2025,0.7676,10717.71,462.44,927.27,385.73,0,0,1,0,0,4,3,1,0.5193,0.6353,0.3649,0.849865515,1,Withdrawn,0.3333,0.25
120148,Guardian Insurance Partners,Commercial Auto,PA,19103,1/1/2026,1/31/2026,0.2665,38243.03,0.0,4602.78,2409.08,1,1,1,1,0,4,3,2,0.6757,0.9146,0.2081,0.936205532,1,Declined,0.6667,0.5
120148,Guardian Insurance Partners,Commercial Auto,PA,19103,10/1/2025,10/31/2025,0.3232,50189.22,0.0,5679.44,918.93,1,1,1,1,0,3,2,1,0.7116,0.9312,0.2027,0.936205532,1,Declined,0.5,0.3333
120148,Guardian Insurance Partners,Commercial Auto,PA,19103,11/1/2025,11/30/2025,0.2826,23171.39,0.0,2813.89,2821.07,1,0,1,0,0,3,2,1,0.6214,0.9319,0.1736,0.936205532,1,,0.5,0.3333
120148,Guardian Insurance Partners,Commercial Auto,PA,19103,12/1/2025,12/31/2025,0.4921,45047.8,0.0,5017.88,5826.84,1,0,0,1,0,3,2,1,0.7269,0.8831,0.2007,0.936205532,1,,0.5,0.3333
120148,Guardian Insurance Partners,Commercial Auto,PA,19103,2/1/2026,2/28/2026,0.4013,36728.05,0.0,4217.19,3004.81,0,1,1,0,0,3,2,1,0.7156,0.9023,0.2371,0.936205532,1,,0.5,0.3333
120148,Guardian Insurance Partners,Commercial Auto,PA,19103,3/1/2026,3/31/2026,0.2954,49729.12,0.0,6586.89,2833.98,2,0,2,1,0,3,2,1,0.6254,0.8893,0.1658,0.936205532,1,Withdrawn,0.5,0.3333
120148,Guardian Insurance Partners,Commercial Auto,PA,19103,4/1/2025,4/30/2025,0.3738,45450.76,0.0,5385.22,533.1,0,0,0,0,0,3,2,1,0.7106,0.9012,0.2509,0.936205532,1,,0.5,0.3333
120148,Guardian Insurance Partners,Commercial Auto,PA,19103,5/1/2025,5/31/2025,0.3709,48475.84,0.0,6277.91,1108.73,1,1,3,0,0,4,2,1,0.6841,0.913,0.2372,0.936205532,2,,0.5,0.25
120148,Guardian Insurance Partners,Commercial Auto,PA,19103,6/1/2025,6/30/2025,0.3512,30498.21,0.0,3799.13,3767.67,1,0,1,1,0,4,3,2,0.6539,0.873,0.2589,0.936205532,1,Withdrawn,0.6667,0.5
120148,Guardian Insurance Partners,Commercial Auto,PA,19103,7/1/2025,7/31/2025,0.4047,29536.9,0.0,3524.3,1204.13,0,1,0,0,0,4,2,1,0.6897,0.8956,0.1759,0.936205532,2,Declined,0.5,0.25
120148,Guardian Insurance Partners,Commercial Auto,PA,19103,8/1/2025,8/31/2025,0.3508,54913.75,0.0,5965.21,3498.08,2,1,1,0,0,8,7,5,0.6166,0.8932,0.15,0.936205532,1,Withdrawn,0.7143,0.625
120148,Guardian Insurance Partners,Commercial Auto,PA,19103,9/1/2025,9/30/2025,0.3993,39394.31,0.0,4996.76,1246.07,2,0,1,1,0,5,3,1,0.7081,0.9085,0.1858,0.936205532,2,Declined,0.3333,0.2
120149,Landmark Insurance Co.,Business Owners Policy,PA,15222,1/1/2026,1/31/2026,0.5673,21154.06,358.8,2053.23,7913.4,1,0,1,0,0,11,7,2,0.5167,0.8557,0.2908,1.0,4,Declined,0.2857,0.1818
120149,Landmark Insurance Co.,Business Owners Policy,PA,15222,10/1/2025,10/31/2025,0.4788,31664.12,101.17,3963.64,2426.92,0,0,2,1,0,6,5,2,0.4293,0.8302,0.2751,1.0,1,Withdrawn,0.4,0.3333
120149,Landmark Insurance Co.,Business Owners Policy,PA,15222,11/1/2025,11/30/2025,0.6181,39065.09,415.38,4829.44,952.24,1,0,0,1,0,7,6,5,0.6061,0.8139,0.2598,1.0,1,,0.8333,0.7143
120149,Landmark Insurance Co.,Business Owners Policy,PA,15222,12/1/2025,12/31/2025,0.5092,35085.81,47.16,3947.7,6209.0,2,0,2,0,0,3,2,1,0.5372,0.8421,0.2563,1.0,1,,0.5,0.3333
120149,Landmark Insurance Co.,Business Owners Policy,PA,15222,2/1/2026,2/28/2026,0.5247,37585.8,88.46,3538.13,2166.71,1,1,1,1,0,3,2,1,0.6176,0.8337,0.2934,1.0,1,,0.5,0.3333
120149,Landmark Insurance Co.,Business Owners Policy,PA,15222,3/1/2026,3/31/2026,0.5329,37763.44,112.56,4255.07,5539.91,2,1,2,0,0,3,2,1,0.5881,0.7867,0.2654,1.0,1,Withdrawn,0.5,0.3333
120149,Landmark Insurance Co.,Business Owners Policy,PA,15222,4/1/2025,4/30/2025,0.6229,30484.32,451.97,3102.33,3410.02,1,1,0,0,0,3,2,1,0.4736,0.81,0.2832,1.0,1,,0.5,0.3333
120149,Landmark Insurance Co.,Business Owners Policy,PA,15222,5/1/2025,5/31/2025,0.4831,42344.91,82.06,5167.69,5488.93,0,0,2,0,0,3,2,1,0.5157,0.7584,0.2693,1.0,1,Withdrawn,0.5,0.3333
120149,Landmark Insurance Co.,Business Owners Policy,PA,15222,6/1/2025,6/30/2025,0.5027,25097.15,330.62,3055.61,966.77,2,0,0,0,0,3,2,1,0.5668,0.8789,0.2868,1.0,1,Declined,0.5,0.3333
120149,Landmark Insurance Co.,Business Owners Policy,PA,15222,7/1/2025,7/31/2025,0.4584,24381.83,401.31,2582.14,1589.33,2,1,2,1,0,3,2,1,0.638,0.7977,0.2643,1.0,1,Declined,0.5,0.3333
120149,Landmark Insurance Co.,Business Owners Policy,PA,15222,8/1/2025,8/31/2025,0.636,39234.53,445.62,4099.13,7195.88,1,1,1,1,0,3,2,1,0.4911,0.8402,0.2534,1.0,1,Withdrawn,0.5,0.3333
120149,Landmark Insurance Co.,Business Owners Policy,PA,15222,9/1/2025,9/30/2025,0.5647,47431.48,110.75,5887.14,2768.27,2,1,2,0,0,4,3,2,0.4693,0.8978,0.2758,1.0,1,,0.6667,0.5
120150,Prestige Insurance Co.,Workers Comp,PA,17101,1/1/2026,1/31/2026,0.8689,4654.04,0.0,409.31,566.03,0,1,1,0,0,5,4,3,0.1596,0.3314,0.474,0.886981378,1,Withdrawn,0.75,0.6
120150,Prestige Insurance Co.,Workers Comp,PA,17101,10/1/2025,10/31/2025,0.9424,754.52,0.0,56.79,2787.14,1,0,0,0,0,3,2,1,0.1135,0.3147,0.5392,0.886981378,1,,0.5,0.3333
120150,Prestige Insurance Co.,Workers Comp,PA,17101,11/1/2025,11/30/2025,0.8153,2233.97,0.0,177.06,2152.2,2,1,0,1,0,3,2,1,0.1598,0.4927,0.507,0.886981378,1,,0.5,0.3333
120150,Prestige Insurance Co.,Workers Comp,PA,17101,12/1/2025,12/31/2025,0.991,5630.11,0.0,457.56,684.02,1,0,1,0,0,3,2,1,0.2124,0.4397,0.5081,0.886981378,1,Withdrawn,0.5,0.3333
120150,Prestige Insurance Co.,Workers Comp,PA,17101,2/1/2026,2/28/2026,0.9665,2367.78,0.0,171.74,1614.28,1,0,1,0,0,7,4,3,0.2045,0.3865,0.4158,0.886981378,3,Withdrawn,0.75,0.4286
120150,Prestige Insurance Co.,Workers Comp,PA,17101,3/1/2026,3/31/2026,1.0191,3037.45,0.0,232.53,1150.27,0,0,1,1,0,3,2,1,0.1505,0.4315,0.5049,0.886981378,1,,0.5,0.3333
120150,Prestige Insurance Co.,Workers Comp,PA,17101,4/1/2025,4/30/2025,1.0122,2632.24,0.0,239.21,2888.13,0,0,0,0,0,8,7,5,0.1031,0.3341,0.6258,0.886981378,1,,0.7143,0.625
120150,Prestige Insurance Co.,Workers Comp,PA,17101,5/1/2025,5/31/2025,0.8237,5670.94,0.0,491.88,1717.82,0,0,1,0,0,3,2,1,0.2807,0.4243,0.5163,0.886981378,1,,0.5,0.3333
120150,Prestige Insurance Co.,Workers Comp,PA,17101,6/1/2025,6/30/2025,0.9165,3958.44,0.0,297.24,711.45,0,1,1,1,0,3,2,1,0.1829,0.4216,0.4211,0.886981378,1,,0.5,0.3333
120150,Prestige Insurance Co.,Workers Comp,PA,17101,7/1/2025,7/31/2025,0.8804,2783.5,0.0,248.01,1026.83,1,0,0,0,0,4,2,1,0.2111,0.3743,0.4816,0.886981378,2,Withdrawn,0.5,0.25
120150,Prestige Insurance Co.,Workers Comp,PA,17101,8/1/2025,8/31/2025,0.7696,2222.8,0.0,176.35,1123.84,0,0,0,0,0,3,2,1,0.1935,0.3258,0.4646,0.886981378,1,Withdrawn,0.5,0.3333
120150,Prestige Insurance Co.,Workers Comp,PA,17101,9/1/2025,9/30/2025,0.8923,1462.09,0.0,123.41,568.29,1,0,1,1,0,3,2,1,0.1658,0.4196,0.5007,0.886981378,1,Withdrawn,0.5,0.3333
120151,Nexus Brokerage,Commercial Auto,PA,18501,1/1/2026,1/31/2026,0.5253,21389.08,2299.29,2345.23,1005.28,2,0,0,0,0,3,2,1,0.5572,0.8492,0.2364,0.90713981,1,Declined,0.5,0.3333
120151,Nexus Brokerage,Commercial Auto,PA,18501,10/1/2025,10/31/2025,0.5265,27616.16,3849.07,2612.69,1180.53,0,0,0,0,0,3,2,1,0.5346,0.8291,0.2657,0.90713981,1,,0.5,0.3333
120151,Nexus Brokerage,Commercial Auto,PA,18501,11/1/2025,11/30/2025,0.4363,10012.03,13269.27,1100.41,196.5,1,1,1,0,0,4,3,2,0.605,0.8298,0.2752,0.90713981,1,,0.6667,0.5
120151,Nexus Brokerage,Commercial Auto,PA,18501,12/1/2025,12/31/2025,0.4825,33053.08,3311.23,3580.96,1067.25,1,0,0,0,0,3,2,1,0.5729,0.8575,0.3176,0.90713981,1,Withdrawn,0.5,0.3333
120151,Nexus Brokerage,Commercial Auto,PA,18501,2/1/2026,2/28/2026,0.6434,34358.07,3084.01,3942.59,1597.8,0,0,1,0,0,4,3,2,0.6289,0.7294,0.308,0.90713981,1,,0.6667,0.5
120151,Nexus Brokerage,Commercial Auto,PA,18501,3/1/2026,3/31/2026,0.6704,45675.1,8800.49,5298.28,1698.9,1,1,1,0,0,3,2,1,0.5653,0.8431,0.3249,0.90713981,1,,0.5,0.3333
120151,Nexus Brokerage,Commercial Auto,PA,18501,4/1/2025,4/30/2025,0.4557,18027.5,1915.55,1805.62,2087.77,0,1,1,0,0,4,3,2,0.5537,0.8317,0.2708,0.90713981,1,Declined,0.6667,0.5
120151,Nexus Brokerage,Commercial Auto,PA,18501,5/1/2025,5/31/2025,0.4521,43558.63,3709.38,5332.43,1339.81,1,0,0,0,0,3,2,1,0.5351,0.7772,0.2986,0.90713981,1,Declined,0.5,0.3333
120151,Nexus Brokerage,Commercial Auto,PA,18501,6/1/2025,6/30/2025,0.4455,28437.56,5490.23,3009.2,545.22,1,2,1,0,0,8,5,4,0.5251,0.8122,0.2663,0.90713981,3,Withdrawn,0.8,0.5
120151,Nexus Brokerage,Commercial Auto,PA,18501,7/1/2025,7/31/2025,0.5765,26699.52,8021.24,3244.9,916.05,1,0,1,0,0,3,2,1,0.5694,0.8495,0.2764,0.90713981,1,,0.5,0.3333
120151,Nexus Brokerage,Commercial Auto,PA,18501,8/1/2025,8/31/2025,0.5526,30320.7,2212.96,3126.11,2408.14,0,0,2,0,0,3,2,1,0.5756,0.803,0.3167,0.90713981,1,Withdrawn,0.5,0.3333
120151,Nexus Brokerage,Commercial Auto,PA,18501,9/1/2025,9/30/2025,0.5526,19351.9,12748.17,1864.11,1346.54,0,1,0,1,0,3,2,1,0.5714,0.8636,0.2786,0.90713981,1,Declined,0.5,0.3333
120152,Gateway & Associates,Business Owners Policy,NY,10001,1/1/2026,1/31/2026,0.374,46152.11,0.0,5939.77,1391.38,0,1,1,0,1,5,3,1,0.663,0.9008,0.2164,0.930266913,2,,0.3333,0.2
120152,Gateway & Associates,Business Owners Policy,NY,10001,10/1/2025,10/31/2025,0.3921,33454.28,0.0,3709.71,2086.58,2,1,1,0,0,3,2,1,0.6874,0.9084,0.15,0.930266913,1,Withdrawn,0.5,0.3333
120152,Gateway & Associates,Business Owners Policy,NY,10001,11/1/2025,11/30/2025,0.3131,38366.51,0.0,4682.56,3626.66,1,0,0,0,0,4,2,1,0.694,0.9026,0.2017,0.930266913,2,Declined,0.5,0.25
120152,Gateway & Associates,Business Owners Policy,NY,10001,12/1/2025,12/31/2025,0.3443,34801.1,0.0,4486.97,1967.63,0,0,0,0,0,4,3,2,0.6764,0.9307,0.1899,0.930266913,1,Declined,0.6667,0.5
120152,Gateway & Associates,Business Owners Policy,NY,10001,2/1/2026,2/28/2026,0.3386,29644.23,0.0,4044.51,773.04,2,0,1,0,0,5,3,2,0.6503,0.899,0.1895,0.930266913,2,Withdrawn,0.6667,0.4
120152,Gateway & Associates,Business Owners Policy,NY,10001,3/1/2026,3/31/2026,0.3125,49187.21,0.0,6559.71,4372.09,0,0,0,0,0,3,2,1,0.6621,0.9277,0.2306,0.930266913,1,,0.5,0.3333
120152,Gateway & Associates,Business Owners Policy,NY,10001,4/1/2025,4/30/2025,0.3571,41614.5,0.0,5732.04,3332.52,2,0,1,0,0,3,2,1,0.7448,0.9354,0.2038,0.930266913,1,Withdrawn,0.5,0.3333
120152,Gateway & Associates,Business Owners Policy,NY,10001,5/1/2025,5/31/2025,0.3421,34945.88,0.0,3859.55,2413.04,1,0,3,0,0,3,2,1,0.6328,0.928,0.2449,0.930266913,1,,0.5,0.3333
120152,Gateway & Associates,Business Owners Policy,NY,10001,6/1/2025,6/30/2025,0.3992,43204.37,0.0,4428.09,836.14,1,2,0,0,0,3,2,1,0.6533,0.9299,0.1705,0.930266913,1,,0.5,0.3333
120152,Gateway & Associates,Business Owners Policy,NY,10001,7/1/2025,7/31/2025,0.2998,44749.93,0.0,5518.92,321.57,0,1,1,1,0,4,3,1,0.6364,0.9094,0.1894,0.930266913,1,,0.3333,0.25
120152,Gateway & Associates,Business Owners Policy,NY,10001,8/1/2025,8/31/2025,0.3373,53264.55,0.0,7119.11,1541.53,0,0,1,1,0,3,2,1,0.6941,0.936,0.2279,0.930266913,1,Declined,0.5,0.3333
120152,Gateway & Associates,Business Owners Policy,NY,10001,9/1/2025,9/30/2025,0.4166,48966.34,0.0,6223.48,4260.89,1,1,1,0,0,3,2,1,0.7499,0.923,0.2058,0.930266913,1,,0.5,0.3333
120153,Summit Risk Solutions,Workers Comp,NY,11201,1/1/2026,1/31/2026,0.6063,11591.41,432.92,1243.16,1002.29,1,0,1,1,0,4,3,2,0.3836,0.676,0.3134,0.93429995,1,Withdrawn,0.6667,0.5
120153,Summit Risk Solutions,Workers Comp,NY,11201,10/1/2025,10/31/2025,0.717,7221.75,1550.46,778.98,837.18,1,1,1,0,0,5,4,3,0.4553,0.7433,0.3078,0.93429995,1,Declined,0.75,0.6
120153,Summit Risk Solutions,Workers Comp,NY,11201,11/1/2025,11/30/2025,0.7058,12319.67,820.5,1193.51,3679.85,1,0,0,0,0,4,3,2,0.4462,0.7088,0.3542,0.93429995,1,Declined,0.6667,0.5
120153,Summit Risk Solutions,Workers Comp,NY,11201,12/1/2025,12/31/2025,0.7188,12654.5,213.23,1079.14,361.51,0,1,1,0,0,3,2,1,0.4309,0.669,0.312,0.93429995,1,,0.5,0.3333
120153,Summit Risk Solutions,Workers Comp,NY,11201,2/1/2026,2/28/2026,0.6351,13587.43,171.01,1420.98,119.03,1,2,1,0,0,3,2,1,0.4474,0.6494,0.324,0.93429995,1,,0.5,0.3333
120153,Summit Risk Solutions,Workers Comp,NY,11201,3/1/2026,3/31/2026,0.5806,5933.3,167.62,547.33,91.11,0,0,1,0,0,3,2,1,0.4976,0.7069,0.338,0.93429995,1,,0.5,0.3333
120153,Summit Risk Solutions,Workers Comp,NY,11201,4/1/2025,4/30/2025,0.644,8881.7,979.78,938.16,467.34,1,0,1,0,0,3,2,1,0.3936,0.7086,0.3395,0.93429995,1,Withdrawn,0.5,0.3333
120153,Summit Risk Solutions,Workers Comp,NY,11201,5/1/2025,5/31/2025,0.68,20324.82,743.4,2177.29,566.08,2,0,0,0,0,3,2,1,0.413,0.7143,0.3519,0.93429995,1,,0.5,0.3333
120153,Summit Risk Solutions,Workers Comp,NY,11201,6/1/2025,6/30/2025,0.7025,8771.53,238.07,929.51,956.15,1,1,1,0,0,3,2,1,0.3949,0.6791,0.3074,0.93429995,1,Withdrawn,0.5,0.3333
120153,Summit Risk Solutions,Workers Comp,NY,11201,7/1/2025,7/31/2025,0.6854,14213.49,162.78,1249.19,210.06,1,1,1,0,0,4,2,1,0.4324,0.6126,0.392,0.93429995,2,,0.5,0.25
120153,Summit Risk Solutions,Workers Comp,NY,11201,8/1/2025,8/31/2025,0.7481,8415.3,937.18,792.5,574.99,1,0,1,0,0,3,2,1,0.453,0.6103,0.3281,0.93429995,1,,0.5,0.3333
120153,Summit Risk Solutions,Workers Comp,NY,11201,9/1/2025,9/30/2025,0.6267,17025.49,635.19,1578.49,219.43,0,1,1,0,0,4,3,1,0.4733,0.7336,0.3503,0.93429995,1,Declined,0.3333,0.25
120154,Coastal Insurance Services,Commercial Auto,NY,10301,1/1/2026,1/31/2026,0.8771,4265.69,0.0,331.24,32.13,0,0,1,0,0,5,4,3,0.221,0.3784,0.6317,0.971312698,1,,0.75,0.6
120154,Coastal Insurance Services,Commercial Auto,NY,10301,10/1/2025,10/31/2025,0.9521,1242.88,0.0,112.88,2238.91,1,0,1,0,0,3,2,1,0.2324,0.3748,0.5214,0.971312698,1,,0.5,0.3333
120154,Coastal Insurance Services,Commercial Auto,NY,10301,11/1/2025,11/30/2025,0.7219,3434.01,0.0,288.73,2434.06,0,1,1,0,0,3,2,1,0.1917,0.3751,0.4567,0.971312698,1,Withdrawn,0.5,0.3333
120154,Coastal Insurance Services,Commercial Auto,NY,10301,12/1/2025,12/31/2025,0.9181,4220.06,0.0,381.26,6681.92,1,1,0,0,0,3,2,1,0.1601,0.4654,0.5747,0.971312698,1,Withdrawn,0.5,0.3333
120154,Coastal Insurance Services,Commercial Auto,NY,10301,2/1/2026,2/28/2026,1.0582,4128.73,0.0,342.05,2885.97,2,0,1,0,0,5,3,2,0.1899,0.3619,0.5447,0.971312698,2,Withdrawn,0.6667,0.4
120154,Coastal Insurance Services,Commercial Auto,NY,10301,3/1/2026,3/31/2026,0.8888,2698.18,0.0,185.82,2172.85,1,1,1,0,0,3,2,1,0.2076,0.4949,0.5229,0.971312698,1,,0.5,0.3333
120154,Coastal Insurance Services,Commercial Auto,NY,10301,4/1/2025,4/30/2025,0.9016,5497.88,0.0,480.03,7067.08,1,1,1,1,0,3,2,1,0.1878,0.4767,0.5469,0.971312698,1,,0.5,0.3333
120154,Coastal Insurance Services,Commercial Auto,NY,10301,5/1/2025,5/31/2025,0.9175,2690.87,0.0,186.07,2018.77,2,0,2,0,0,3,2,1,0.1293,0.4296,0.5344,0.971312698,1,Withdrawn,0.5,0.3333
120154,Coastal Insurance Services,Commercial Auto,NY,10301,6/1/2025,6/30/2025,0.8884,3487.88,0.0,267.15,6487.31,1,1,1,1,0,3,2,1,0.1897,0.3413,0.4989,0.971312698,1,,0.5,0.3333
120154,Coastal Insurance Services,Commercial Auto,NY,10301,7/1/2025,7/31/2025,1.0125,1526.75,0.0,131.79,5625.03,0,0,1,1,0,4,2,1,0.2022,0.4326,0.5225,0.971312698,2,Withdrawn,0.5,0.25
120154,Coastal Insurance Services,Commercial Auto,NY,10301,8/1/2025,8/31/2025,1.0059,2916.16,0.0,215.01,1391.57,0,1,1,0,0,4,2,1,0.1505,0.392,0.5094,0.971312698,2,Declined,0.5,0.25
120154,Coastal Insurance Services,Commercial Auto,NY,10301,9/1/2025,9/30/2025,0.9245,3338.12,0.0,259.19,3373.05,2,1,0,0,0,3,2,1,0.1617,0.2714,0.5753,0.971312698,1,,0.5,0.3333
120155,Landmark Insurance Co.,Business Owners Policy,NY,14201,1/1/2026,1/31/2026,0.4701,34105.14,7818.63,4273.73,1211.11,1,0,0,1,0,3,2,1,0.4688,0.8366,0.3192,0.964839103,1,Withdrawn,0.5,0.3333
120155,Landmark Insurance Co.,Business Owners Policy,NY,14201,10/1/2025,10/31/2025,0.6053,30115.84,798.52,3705.97,707.94,1,0,1,0,0,3,2,1,0.6276,0.823,0.2367,0.964839103,1,Withdrawn,0.5,0.3333
120155,Landmark Insurance Co.,Business Owners Policy,NY,14201,11/1/2025,11/30/2025,0.5138,20975.03,2088.79,2625.61,2260.71,1,1,2,1,0,3,2,1,0.5995,0.77,0.2972,0.964839103,1,Declined,0.5,0.3333
120155,Landmark Insurance Co.,Business Owners Policy,NY,14201,12/1/2025,12/31/2025,0.4909,31026.48,3139.77,3270.84,983.22,2,0,1,0,0,3,2,1,0.487,0.8092,0.261,0.964839103,1,,0.5,0.3333
120155,Landmark Insurance Co.,Business Owners Policy,NY,14201,2/1/2026,2/28/2026,0.5365,39643.21,2241.59,3802.37,1720.98,1,1,1,0,0,9,8,7,0.593,0.8199,0.3123,0.964839103,1,Declined,0.875,0.7778
120155,Landmark Insurance Co.,Business Owners Policy,NY,14201,3/1/2026,3/31/2026,0.5147,27470.71,1931.83,3399.14,1358.48,2,0,2,1,0,3,2,1,0.6236,0.7995,0.2876,0.964839103,1,Declined,0.5,0.3333
120155,Landmark Insurance Co.,Business Owners Policy,NY,14201,4/1/2025,4/30/2025,0.6367,34611.62,1715.22,3539.41,2179.81,2,0,3,0,0,6,5,2,0.55,0.8316,0.2298,0.964839103,1,,0.4,0.3333
120155,Landmark Insurance Co.,Business Owners Policy,NY,14201,5/1/2025,5/31/2025,0.5053,17524.62,158.68,1763.91,713.7,0,1,0,0,0,3,2,1,0.5064,0.8098,0.2893,0.964839103,1,,0.5,0.3333
120155,Landmark Insurance Co.,Business Owners Policy,NY,14201,6/1/2025,6/30/2025,0.4427,25616.41,2395.19,2880.67,3022.01,2,0,1,1,0,3,2,1,0.5336,0.8581,0.3102,0.964839103,1,,0.5,0.3333
120155,Landmark Insurance Co.,Business Owners Policy,NY,14201,7/1/2025,7/31/2025,0.5772,8004.14,245.87,784.01,3112.61,1,1,1,0,0,4,3,2,0.5829,0.8491,0.2571,0.964839103,1,Declined,0.6667,0.5
120155,Landmark Insurance Co.,Business Owners Policy,NY,14201,8/1/2025,8/31/2025,0.5107,18583.75,2035.19,2150.09,1397.14,0,1,1,1,0,8,7,4,0.4971,0.8034,0.2858,0.964839103,1,Declined,0.5714,0.5
120155,Landmark Insurance Co.,Business Owners Policy,NY,14201,9/1/2025,9/30/2025,0.6437,37656.03,1100.7,4542.96,1009.32,0,0,0,0,0,3,2,1,0.5486,0.8335,0.2379,0.964839103,1,,0.5,0.3333
120156,Sterling Insurance Group,Workers Comp,NJ,7030,1/1/2026,1/31/2026,0.7155,16455.02,0.0,1874.63,2612.79,1,1,1,0,0,8,4,3,0.5002,0.5921,0.3387,0.926662514,4,Declined,0.75,0.375
120156,Sterling Insurance Group,Workers Comp,NJ,7030,10/1/2025,10/31/2025,0.7231,6776.7,0.0,612.58,672.39,1,0,0,0,0,3,2,1,0.4314,0.6855,0.3713,0.926662514,1,Declined,0.5,0.3333
120156,Sterling Insurance Group,Workers Comp,NJ,7030,11/1/2025,11/30/2025,0.7393,9170.87,0.0,869.21,781.12,1,1,0,0,0,3,2,1,0.3704,0.7248,0.334,0.926662514,1,Declined,0.5,0.3333
120156,Sterling Insurance Group,Workers Comp,NJ,7030,12/1/2025,12/31/2025,0.7166,11256.42,0.0,1110.42,358.78,2,0,1,0,0,3,2,1,0.3899,0.7206,0.3006,0.926662514,1,,0.5,0.3333
120156,Sterling Insurance Group,Workers Comp,NJ,7030,2/1/2026,2/28/2026,0.6404,13417.56,0.0,1309.61,939.67,0,1,1,0,0,4,3,1,0.4009,0.7113,0.369,0.926662514,1,Declined,0.3333,0.25
120156,Sterling Insurance Group,Workers Comp,NJ,7030,3/1/2026,3/31/2026,0.7342,17120.45,0.0,1832.8,4993.31,1,0,2,0,0,3,2,1,0.4357,0.7782,0.3546,0.926662514,1,,0.5,0.3333
120156,Sterling Insurance Group,Workers Comp,NJ,7030,4/1/2025,4/30/2025,0.6287,6118.46,0.0,670.03,1101.93,2,1,1,0,0,3,2,1,0.4688,0.682,0.3074,0.926662514,1,Declined,0.5,0.3333
120156,Sterling Insurance Group,Workers Comp,NJ,7030,5/1/2025,5/31/2025,0.7276,15712.07,0.0,1488.0,4213.99,0,2,1,0,0,5,4,3,0.3314,0.7261,0.3032,0.926662514,1,,0.75,0.6
120156,Sterling Insurance Group,Workers Comp,NJ,7030,6/1/2025,6/30/2025,0.6623,7373.59,0.0,775.79,1711.88,0,0,1,0,0,3,2,1,0.4935,0.6634,0.3345,0.926662514,1,,0.5,0.3333
120156,Sterling Insurance Group,Workers Comp,NJ,7030,7/1/2025,7/31/2025,0.7942,10045.23,0.0,938.22,3180.6,1,1,0,0,0,3,2,1,0.4361,0.7542,0.3676,0.926662514,1,,0.5,0.3333
120156,Sterling Insurance Group,Workers Comp,NJ,7030,8/1/2025,8/31/2025,0.6948,8807.3,0.0,831.92,1167.97,0,1,1,0,0,3,2,1,0.2961,0.6611,0.3277,0.926662514,1,,0.5,0.3333
120156,Sterling Insurance Group,Workers Comp,NJ,7030,9/1/2025,9/30/2025,0.7779,18322.7,0.0,1945.06,1369.88,1,0,1,0,0,7,3,1,0.324,0.6942,0.345,0.926662514,4,Withdrawn,0.3333,0.1429
120157,Heritage Risk Management,Commercial Auto,NJ,7102,1/1/2026,1/31/2026,0.7034,3188.54,0.0,256.04,944.25,1,0,1,0,0,9,8,5,0.3075,0.6834,0.5144,0.833775334,1,,0.625,0.5556
120157,Heritage Risk Management,Commercial Auto,NJ,7102,10/1/2025,10/31/2025,0.8778,10000.11,0.0,810.78,185.44,2,0,0,1,0,3,2,1,0.2903,0.5193,0.4365,0.833775334,1,,0.5,0.3333
120157,Heritage Risk Management,Commercial Auto,NJ,7102,11/1/2025,11/30/2025,0.8597,5914.85,0.0,531.76,1724.06,1,0,1,0,0,5,4,3,0.3373,0.5831,0.4404,0.833775334,1,Withdrawn,0.75,0.6
120157,Heritage Risk Management,Commercial Auto,NJ,7102,12/1/2025,12/31/2025,0.8307,7411.87,0.0,637.54,677.43,1,0,1,0,0,3,2,1,0.2951,0.556,0.3424,0.833775334,1,Withdrawn,0.5,0.3333
120157,Heritage Risk Management,Commercial Auto,NJ,7102,2/1/2026,2/28/2026,0.8802,6518.65,0.0,515.26,859.19,1,0,1,0,0,3,2,1,0.231,0.6113,0.4419,0.833775334,1,Withdrawn,0.5,0.3333
120157,Heritage Risk Management,Commercial Auto,NJ,7102,3/1/2026,3/31/2026,0.8032,1142.7,0.0,100.79,1419.45,0,1,0,0,0,4,3,2,0.3316,0.5513,0.4503,0.833775334,1,Declined,0.6667,0.5
120157,Heritage Risk Management,Commercial Auto,NJ,7102,4/1/2025,4/30/2025,0.849,5005.9,0.0,449.09,409.71,0,1,0,1,0,3,2,1,0.2419,0.6153,0.4183,0.833775334,1,,0.5,0.3333
120157,Heritage Risk Management,Commercial Auto,NJ,7102,5/1/2025,5/31/2025,0.8127,14494.6,0.0,1456.49,215.72,0,0,1,0,0,5,4,2,0.2512,0.6162,0.4513,0.833775334,1,Declined,0.5,0.4
120157,Heritage Risk Management,Commercial Auto,NJ,7102,6/1/2025,6/30/2025,0.8605,10313.43,0.0,1046.84,875.74,0,0,0,0,0,3,2,1,0.3445,0.5953,0.4431,0.833775334,1,,0.5,0.3333
120157,Heritage Risk Management,Commercial Auto,NJ,7102,7/1/2025,7/31/2025,0.8124,5043.2,0.0,452.32,1315.73,0,0,2,0,0,3,2,1,0.281,0.6179,0.4086,0.833775334,1,Declined,0.5,0.3333
120157,Heritage Risk Management,Commercial Auto,NJ,7102,8/1/2025,8/31/2025,0.8716,6216.97,0.0,475.89,240.76,0,0,0,1,0,3,2,1,0.3601,0.7057,0.3093,0.833775334,1,,0.5,0.3333
120157,Heritage Risk Management,Commercial Auto,NJ,7102,9/1/2025,9/30/2025,0.8206,1692.74,0.0,137.51,231.42,1,0,0,0,0,3,2,1,0.303,0.6028,0.3822,0.833775334,1,Withdrawn,0.5,0.3333
120158,Pinnacle Risk Solutions,Business Owners Policy,NJ,8401,1/1/2026,1/31/2026,0.5598,25170.78,11.54,2386.9,5226.48,1,1,1,0,0,8,4,2,0.6069,0.8135,0.2839,0.976225457,4,,0.5,0.25
120158,Pinnacle Risk Solutions,Business Owners Policy,NJ,8401,10/1/2025,10/31/2025,0.5636,37303.02,124.01,4506.05,2590.91,0,1,2,0,0,8,7,5,0.5467,0.866,0.2664,0.976225457,1,,0.7143,0.625
120158,Pinnacle Risk Solutions,Business Owners Policy,NJ,8401,11/1/2025,11/30/2025,0.5629,38266.84,26.83,4499.4,11393.29,2,0,1,0,0,3,2,1,0.5371,0.8571,0.2771,0.976225457,1,,0.5,0.3333
120158,Pinnacle Risk Solutions,Business Owners Policy,NJ,8401,12/1/2025,12/31/2025,0.5438,25687.96,45.54,2705.43,2335.72,1,0,2,0,0,3,2,1,0.4889,0.7619,0.28,0.976225457,1,,0.5,0.3333
120158,Pinnacle Risk Solutions,Business Owners Policy,NJ,8401,2/1/2026,2/28/2026,0.5168,30530.19,16.12,3754.48,2280.99,0,1,1,0,0,3,2,1,0.4816,0.8186,0.2628,0.976225457,1,Withdrawn,0.5,0.3333
120158,Pinnacle Risk Solutions,Business Owners Policy,NJ,8401,3/1/2026,3/31/2026,0.632,43693.04,58.41,5079.24,3993.72,1,1,1,0,0,4,3,2,0.5204,0.8506,0.3225,0.976225457,1,,0.6667,0.5
120158,Pinnacle Risk Solutions,Business Owners Policy,NJ,8401,4/1/2025,4/30/2025,0.5069,43114.26,17.32,4252.28,6616.32,0,0,0,0,0,3,2,1,0.5888,0.8412,0.3035,0.976225457,1,,0.5,0.3333
120158,Pinnacle Risk Solutions,Business Owners Policy,NJ,8401,5/1/2025,5/31/2025,0.5507,17326.71,4.68,1993.74,2314.88,2,0,1,0,0,3,2,1,0.5449,0.8271,0.2602,0.976225457,1,Withdrawn,0.5,0.3333
120158,Pinnacle Risk Solutions,Business Owners Policy,NJ,8401,6/1/2025,6/30/2025,0.5315,23810.37,12.22,2739.98,1937.12,0,0,0,1,0,3,2,1,0.5135,0.8007,0.2696,0.976225457,1,Withdrawn,0.5,0.3333
120158,Pinnacle Risk Solutions,Business Owners Policy,NJ,8401,7/1/2025,7/31/2025,0.4681,31070.59,38.81,2955.18,4212.2,1,1,0,0,0,3,2,1,0.5173,0.8101,0.3242,0.976225457,1,,0.5,0.3333
120158,Pinnacle Risk Solutions,Business Owners Policy,NJ,8401,8/1/2025,8/31/2025,0.6206,21570.21,7.65,2115.1,1101.3,1,1,0,0,0,3,2,1,0.4885,0.7669,0.335,0.976225457,1,,0.5,0.3333
120158,Pinnacle Risk Solutions,Business Owners Policy,NJ,8401,9/1/2025,9/30/2025,0.5218,32043.36,17.86,4040.37,1004.36,1,1,1,1,0,3,2,1,0.5543,0.7883,0.2564,0.976225457,1,Withdrawn,0.5,0.3333
120159,Heritage Insurance Partners,Workers Comp,NJ,7601,1/1/2026,1/31/2026,0.7766,6258.76,0.0,510.28,707.11,1,0,0,0,0,6,5,4,0.278,0.5204,0.333,0.917440053,1,,0.8,0.6667
120159,Heritage Insurance Partners,Workers Comp,NJ,7601,10/1/2025,10/31/2025,0.7522,6017.32,0.0,517.5,1440.03,1,1,1,0,0,4,2,1,0.2312,0.5533,0.3836,0.917440053,2,Withdrawn,0.5,0.25
120159,Heritage Insurance Partners,Workers Comp,NJ,7601,11/1/2025,11/30/2025,0.8108,6790.44,0.0,700.84,2015.14,0,0,0,0,0,3,2,1,0.3162,0.6153,0.3853,0.917440053,1,Declined,0.5,0.3333
120159,Heritage Insurance Partners,Workers Comp,NJ,7601,12/1/2025,12/31/2025,0.7722,9381.4,0.0,850.2,1570.29,0,0,0,0,0,4,3,1,0.34,0.5855,0.4366,0.917440053,1,Declined,0.3333,0.25
120159,Heritage Insurance Partners,Workers Comp,NJ,7601,2/1/2026,2/28/2026,0.8476,4609.66,0.0,455.88,445.4,1,0,0,1,0,3,2,1,0.327,0.5767,0.4565,0.917440053,1,,0.5,0.3333
120159,Heritage Insurance Partners,Workers Comp,NJ,7601,3/1/2026,3/31/2026,0.7925,11248.38,0.0,952.85,2080.54,1,1,1,0,0,3,2,1,0.2477,0.5909,0.4356,0.917440053,1,Withdrawn,0.5,0.3333
120159,Heritage Insurance Partners,Workers Comp,NJ,7601,4/1/2025,4/30/2025,0.8338,6765.01,0.0,529.04,1215.71,1,1,1,0,0,4,3,2,0.3206,0.7389,0.391,0.917440053,1,,0.6667,0.5
120159,Heritage Insurance Partners,Workers Comp,NJ,7601,5/1/2025,5/31/2025,0.7891,8354.47,0.0,737.87,549.79,0,0,2,0,0,3,2,1,0.3491,0.6433,0.426,0.917440053,1,,0.5,0.3333
120159,Heritage Insurance Partners,Workers Comp,NJ,7601,6/1/2025,6/30/2025,0.9031,11662.85,0.0,1123.38,1273.86,1,1,2,0,0,3,2,1,0.3215,0.5029,0.4301,0.917440053,1,,0.5,0.3333
120159,Heritage Insurance Partners,Workers Comp,NJ,7601,7/1/2025,7/31/2025,0.9022,8333.55,0.0,659.9,458.71,1,0,0,1,0,3,2,1,0.3797,0.5744,0.4337,0.917440053,1,Declined,0.5,0.3333
120159,Heritage Insurance Partners,Workers Comp,NJ,7601,8/1/2025,8/31/2025,0.8998,6320.01,0.0,606.26,1030.39,1,0,0,0,0,3,2,1,0.3039,0.5269,0.3964,0.917440053,1,,0.5,0.3333
120159,Heritage Insurance Partners,Workers Comp,NJ,7601,9/1/2025,9/30/2025,0.8589,3548.9,0.0,312.16,2223.62,1,0,2,0,0,8,7,6,0.2489,0.5333,0.4988,0.917440053,1,,0.8571,0.75
120160,Crossroads Insurance Co.,Commercial Auto,PA,19103,1/1/2026,1/31/2026,0.5643,27933.11,1670.37,3113.44,213.31,0,1,0,0,0,3,2,1,0.4659,0.7867,0.2724,0.962237882,1,,0.5,0.3333
120160,Crossroads Insurance Co.,Commercial Auto,PA,19103,10/1/2025,10/31/2025,0.6086,30379.21,1149.94,3212.96,4785.2,1,0,1,0,0,3,2,1,0.546,0.7817,0.2769,0.962237882,1,,0.5,0.3333
120160,Crossroads Insurance Co.,Commercial Auto,PA,19103,11/1/2025,11/30/2025,0.5378,32841.06,1524.04,3704.74,563.62,0,0,0,0,0,4,2,1,0.5879,0.8455,0.2752,0.962237882,2,,0.5,0.25
120160,Crossroads Insurance Co.,Commercial Auto,PA,19103,12/1/2025,12/31/2025,0.5332,36083.54,2835.48,3997.85,7709.3,0,1,3,1,0,4,3,1,0.5347,0.8133,0.2892,0.962237882,1,Withdrawn,0.3333,0.25
120160,Crossroads Insurance Co.,Commercial Auto,PA,19103,2/1/2026,2/28/2026,0.4999,27694.92,2463.44,2656.54,2660.5,0,1,0,0,0,4,3,2,0.5098,0.8236,0.2593,0.962237882,1,Withdrawn,0.6667,0.5
120160,Crossroads Insurance Co.,Commercial Auto,PA,19103,3/1/2026,3/31/2026,0.5374,32191.61,1083.41,3358.69,1397.09,0,1,1,0,0,3,2,1,0.5273,0.817,0.2653,0.962237882,1,Declined,0.5,0.3333
120160,Crossroads Insurance Co.,Commercial Auto,PA,19103,4/1/2025,4/30/2025,0.5728,25483.19,1014.63,2673.65,791.86,0,1,1,0,0,6,3,1,0.626,0.7969,0.2971,0.962237882,3,Declined,0.3333,0.1667
120160,Crossroads Insurance Co.,Commercial Auto,PA,19103,5/1/2025,5/31/2025,0.6418,28212.82,614.45,3074.0,1052.65,1,0,2,0,0,3,2,1,0.5242,0.8105,0.3286,0.962237882,1,,0.5,0.3333
120160,Crossroads Insurance Co.,Commercial Auto,PA,19103,6/1/2025,6/30/2025,0.5319,26145.05,2226.45,2784.65,4528.84,2,1,0,1,0,4,3,2,0.5805,0.8255,0.3052,0.962237882,1,Declined,0.6667,0.5
120160,Crossroads Insurance Co.,Commercial Auto,PA,19103,7/1/2025,7/31/2025,0.5295,27700.07,1097.22,2986.43,3084.71,3,0,1,0,0,3,2,1,0.5799,0.7813,0.2794,0.962237882,1,Withdrawn,0.5,0.3333
120160,Crossroads Insurance Co.,Commercial Auto,PA,19103,8/1/2025,8/31/2025,0.5339,14563.98,1289.53,1758.89,2004.43,2,0,1,1,0,3,2,1,0.5472,0.7546,0.2904,0.962237882,1,,0.5,0.3333
120160,Crossroads Insurance Co.,Commercial Auto,PA,19103,9/1/2025,9/30/2025,0.4775,27455.82,786.75,2704.08,8852.79,3,0,2,0,0,4,2,1,0.6274,0.7396,0.3198,0.962237882,2,Withdrawn,0.5,0.25
120161,Patriot Agency Group,Business Owners Policy,PA,15222,1/1/2026,1/31/2026,0.603,18805.47,357.88,1702.02,398.01,1,0,1,0,0,3,2,1,0.4613,0.6945,0.3578,0.862876835,1,Declined,0.5,0.3333
120161,Patriot Agency Group,Business Owners Policy,PA,15222,10/1/2025,10/31/2025,0.5829,3136.35,657.58,323.01,1063.41,0,1,1,0,0,3,2,1,0.4385,0.6444,0.3209,0.862876835,1,,0.5,0.3333
120161,Patriot Agency Group,Business Owners Policy,PA,15222,11/1/2025,11/30/2025,0.8342,16942.18,1485.19,1570.71,492.27,0,1,0,1,0,3,2,1,0.4009,0.6803,0.3649,0.862876835,1,Withdrawn,0.5,0.3333
120161,Patriot Agency Group,Business Owners Policy,PA,15222,12/1/2025,12/31/2025,0.7306,16165.87,136.35,1394.28,382.21,1,1,1,0,0,3,2,1,0.5237,0.6062,0.3388,0.862876835,1,Declined,0.5,0.3333
120161,Patriot Agency Group,Business Owners Policy,PA,15222,2/1/2026,2/28/2026,0.683,8186.45,1399.55,937.77,497.43,1,0,0,0,0,3,2,1,0.4138,0.7615,0.3437,0.862876835,1,Declined,0.5,0.3333
120161,Patriot Agency Group,Business Owners Policy,PA,15222,3/1/2026,3/31/2026,0.6887,12251.85,926.62,1387.43,1201.48,1,0,0,0,0,8,6,4,0.3575,0.725,0.3478,0.862876835,2,,0.6667,0.5
120161,Patriot Agency Group,Business Owners Policy,PA,15222,4/1/2025,4/30/2025,0.782,14075.62,833.61,1255.84,922.31,0,0,1,0,0,3,2,1,0.3587,0.6589,0.3432,0.862876835,1,,0.5,0.3333
120161,Patriot Agency Group,Business Owners Policy,PA,15222,5/1/2025,5/31/2025,0.7235,11086.98,146.09,1081.74,1091.17,1,1,2,1,0,6,5,1,0.4176,0.6494,0.3371,0.862876835,1,Withdrawn,0.2,0.1667
120161,Patriot Agency Group,Business Owners Policy,PA,15222,6/1/2025,6/30/2025,0.6561,15132.71,766.89,1506.34,624.61,1,0,0,0,0,3,2,1,0.429,0.6774,0.3762,0.862876835,1,Withdrawn,0.5,0.3333
120161,Patriot Agency Group,Business Owners Policy,PA,15222,7/1/2025,7/31/2025,0.7909,10157.87,66.86,1123.34,1810.37,1,0,1,1,0,3,2,1,0.4651,0.7015,0.3294,0.862876835,1,Withdrawn,0.5,0.3333
120161,Patriot Agency Group,Business Owners Policy,PA,15222,8/1/2025,8/31/2025,0.7414,19497.32,1110.71,2053.37,917.04,1,1,1,0,0,4,3,2,0.4262,0.7845,0.3778,0.862876835,1,Withdrawn,0.6667,0.5
120161,Patriot Agency Group,Business Owners Policy,PA,15222,9/1/2025,9/30/2025,0.6754,16486.1,4.2,1589.83,3638.35,0,0,0,0,0,3,2,1,0.404,0.7851,0.3502,0.862876835,1,Withdrawn,0.5,0.3333
120162,Broadstreet Risk Advisors,Workers Comp,PA,17101,1/1/2026,1/31/2026,0.6972,18219.76,0.0,1802.5,266.11,1,0,0,0,0,6,5,4,0.4593,0.6976,0.386,0.906628253,1,,0.8,0.6667
120162,Broadstreet Risk Advisors,Workers Comp,PA,17101,10/1/2025,10/31/2025,0.6801,7610.25,0.0,674.23,718.32,0,0,0,0,0,3,2,1,0.4646,0.718,0.2776,0.906628253,1,Withdrawn,0.5,0.3333
120162,Broadstreet Risk Advisors,Workers Comp,PA,17101,11/1/2025,11/30/2025,0.7203,7909.12,0.0,737.1,653.43,0,0,2,0,0,3,2,1,0.3725,0.7338,0.3518,0.906628253,1,Withdrawn,0.5,0.3333
120162,Broadstreet Risk Advisors,Workers Comp,PA,17101,12/1/2025,12/31/2025,0.7277,24915.57,0.0,2692.19,1694.27,0,1,1,0,0,3,2,1,0.4454,0.6798,0.3896,0.906628253,1,Withdrawn,0.5,0.3333
120162,Broadstreet Risk Advisors,Workers Comp,PA,17101,2/1/2026,2/28/2026,0.7438,15376.98,0.0,1686.41,1305.75,0,0,0,0,0,3,2,1,0.4755,0.6843,0.3811,0.906628253,1,Declined,0.5,0.3333
120162,Broadstreet Risk Advisors,Workers Comp,PA,17101,3/1/2026,3/31/2026,0.764,17569.56,0.0,1861.06,1215.51,0,0,1,1,0,4,3,2,0.3115,0.7197,0.2957,0.906628253,1,,0.6667,0.5
120162,Broadstreet Risk Advisors,Workers Comp,PA,17101,4/1/2025,4/30/2025,0.7877,16150.71,0.0,1532.81,635.66,1,1,0,1,0,6,3,2,0.4767,0.757,0.3373,0.906628253,3,Declined,0.6667,0.3333
120162,Broadstreet Risk Advisors,Workers Comp,PA,17101,5/1/2025,5/31/2025,0.7356,14629.05,0.0,1486.18,333.8,0,0,0,0,0,3,2,1,0.3621,0.7144,0.3064,0.906628253,1,Declined,0.5,0.3333
120162,Broadstreet Risk Advisors,Workers Comp,PA,17101,6/1/2025,6/30/2025,0.6171,14923.84,0.0,1344.98,367.83,0,0,1,0,0,3,2,1,0.4198,0.7528,0.3881,0.906628253,1,,0.5,0.3333
120162,Broadstreet Risk Advisors,Workers Comp,PA,17101,7/1/2025,7/31/2025,0.6826,19392.98,0.0,1661.35,1834.76,1,1,0,0,0,7,6,3,0.4236,0.7671,0.3247,0.906628253,1,Withdrawn,0.5,0.4286
120162,Broadstreet Risk Advisors,Workers Comp,PA,17101,8/1/2025,8/31/2025,0.6586,20080.03,0.0,2281.63,578.96,1,0,0,0,0,3,2,1,0.4434,0.6885,0.3499,0.906628253,1,,0.5,0.3333
120162,Broadstreet Risk Advisors,Workers Comp,PA,17101,9/1/2025,9/30/2025,0.6496,11371.28,0.0,1190.85,521.65,2,0,1,0,0,3,2,1,0.4461,0.6929,0.3729,0.906628253,1,,0.5,0.3333
120163,Clearwater & Associates,Commercial Auto,PA,18501,1/1/2026,1/31/2026,0.6576,16822.49,2031.23,1931.81,3128.69,1,0,2,0,0,3,2,1,0.3716,0.6977,0.3117,0.932261503,1,Withdrawn,0.5,0.3333
120163,Clearwater & Associates,Commercial Auto,PA,18501,10/1/2025,10/31/2025,0.6187,14727.6,1038.81,1475.41,922.7,4,0,1,0,0,3,2,1,0.4609,0.6985,0.3407,0.932261503,1,Withdrawn,0.5,0.3333
120163,Clearwater & Associates,Commercial Auto,PA,18501,11/1/2025,11/30/2025,0.5854,4720.33,6845.88,476.79,1765.14,1,1,0,1,0,3,2,1,0.414,0.6864,0.4157,0.932261503,1,Declined,0.5,0.3333
120163,Clearwater & Associates,Commercial Auto,PA,18501,12/1/2025,12/31/2025,0.734,10336.47,3374.86,956.47,450.05,1,0,1,0,0,4,3,2,0.4068,0.6469,0.3743,0.932261503,1,Withdrawn,0.6667,0.5
120163,Clearwater & Associates,Commercial Auto,PA,18501,2/1/2026,2/28/2026,0.7464,12164.43,685.42,1056.59,5834.93,0,1,1,0,0,3,2,1,0.3741,0.7291,0.4181,0.932261503,1,,0.5,0.3333
120163,Clearwater & Associates,Commercial Auto,PA,18501,3/1/2026,3/31/2026,0.7022,15956.55,3680.0,1560.92,1766.81,0,1,0,0,0,6,5,4,0.4839,0.6983,0.3641,0.932261503,1,Withdrawn,0.8,0.6667
120163,Clearwater & Associates,Commercial Auto,PA,18501,4/1/2025,4/30/2025,0.6883,10306.31,824.36,1038.92,8451.94,0,1,3,0,0,3,2,1,0.3288,0.7971,0.3109,0.932261503,1,,0.5,0.3333
120163,Clearwater & Associates,Commercial Auto,PA,18501,5/1/2025,5/31/2025,0.6561,21778.56,2822.47,2249.53,969.49,0,0,0,1,0,3,2,1,0.4248,0.7688,0.2686,0.932261503,1,,0.5,0.3333
120163,Clearwater & Associates,Commercial Auto,PA,18501,6/1/2025,6/30/2025,0.7684,12951.8,2555.6,1279.14,1134.49,1,1,3,1,0,4,3,2,0.4074,0.708,0.3454,0.932261503,1,,0.6667,0.5
120163,Clearwater & Associates,Commercial Auto,PA,18501,7/1/2025,7/31/2025,0.7426,14266.39,3585.12,1528.74,776.38,2,1,0,0,0,5,3,1,0.483,0.7539,0.3375,0.932261503,2,,0.3333,0.2
120163,Clearwater & Associates,Commercial Auto,PA,18501,8/1/2025,8/31/2025,0.7803,21455.83,4200.91,2299.95,2362.25,1,1,0,0,0,4,3,1,0.4693,0.7183,0.3381,0.932261503,1,Declined,0.3333,0.25
120163,Clearwater & Associates,Commercial Auto,PA,18501,9/1/2025,9/30/2025,0.679,17910.47,4596.27,1717.61,373.04,0,0,0,1,0,3,2,1,0.4159,0.7132,0.3141,0.932261503,1,,0.5,0.3333
120164,Premier Insurance Group,Business Owners Policy,NY,10001,1/1/2026,1/31/2026,0.468,34418.18,0.0,4014.21,410.44,0,1,0,0,0,3,2,1,0.6576,0.9204,0.2428,0.814301168,1,,0.5,0.3333
120164,Premier Insurance Group,Business Owners Policy,NY,10001,10/1/2025,10/31/2025,0.3445,56642.59,0.0,7756.99,372.51,0,1,0,0,0,5,3,2,0.7054,0.9197,0.1572,0.814301168,2,Withdrawn,0.6667,0.4
120164,Premier Insurance Group,Business Owners Policy,NY,10001,11/1/2025,11/30/2025,0.3741,29098.11,0.0,3435.96,1374.34,2,0,1,0,0,7,6,4,0.6804,0.8777,0.1595,0.814301168,1,Declined,0.6667,0.5714
120164,Premier Insurance Group,Business Owners Policy,NY,10001,12/1/2025,12/31/2025,0.5063,26770.74,0.0,2857.69,132.41,0,1,1,0,0,4,2,1,0.6434,0.9156,0.15,0.814301168,2,Withdrawn,0.5,0.25
120164,Premier Insurance Group,Business Owners Policy,NY,10001,2/1/2026,2/28/2026,0.4971,58366.35,0.0,7656.17,383.48,0,1,1,0,0,3,2,1,0.7053,0.9337,0.2123,0.814301168,1,Declined,0.5,0.3333
120164,Premier Insurance Group,Business Owners Policy,NY,10001,3/1/2026,3/31/2026,0.25,26347.46,0.0,3408.5,177.27,1,0,1,0,0,3,2,1,0.5822,0.8976,0.262,0.814301168,1,,0.5,0.3333
120164,Premier Insurance Group,Business Owners Policy,NY,10001,4/1/2025,4/30/2025,0.3498,50145.73,0.0,6555.76,962.53,0,0,0,0,0,6,5,4,0.6184,0.8974,0.1796,0.814301168,1,,0.8,0.6667
120164,Premier Insurance Group,Business Owners Policy,NY,10001,5/1/2025,5/31/2025,0.2926,46603.87,0.0,5423.68,339.41,0,0,0,0,0,3,2,1,0.6813,0.9344,0.1927,0.814301168,1,,0.5,0.3333
120164,Premier Insurance Group,Business Owners Policy,NY,10001,6/1/2025,6/30/2025,0.4108,58516.72,0.0,7030.51,391.82,0,0,0,0,0,3,2,1,0.7111,0.8948,0.2325,0.814301168,1,,0.5,0.3333
120164,Premier Insurance Group,Business Owners Policy,NY,10001,7/1/2025,7/31/2025,0.3741,54351.61,0.0,6669.87,261.2,0,0,1,0,0,4,3,2,0.6555,0.9442,0.2346,0.814301168,1,,0.6667,0.5
120164,Premier Insurance Group,Business Owners Policy,NY,10001,8/1/2025,8/31/2025,0.4023,42434.76,0.0,4625.07,550.48,1,0,0,0,0,3,2,1,0.7672,0.8931,0.188,0.814301168,1,,0.5,0.3333
120164,Premier Insurance Group,Business Owners Policy,NY,10001,9/1/2025,9/30/2025,0.3198,53896.73,0.0,6675.27,1676.34,1,0,0,0,0,3,2,1,0.7226,0.8836,0.1558,0.814301168,1,,0.5,0.3333
120165,Capitol Risk Management,Workers Comp,NY,11201,1/1/2026,1/31/2026,0.79,9809.14,1048.18,866.23,1448.49,1,0,0,0,0,4,3,2,0.3978,0.5185,0.4413,0.919898091,1,Withdrawn,0.6667,0.5
120165,Capitol Risk Management,Workers Comp,NY,11201,10/1/2025,10/31/2025,0.8084,6787.81,900.36,664.19,1248.69,1,1,2,0,0,3,2,1,0.2641,0.5967,0.4294,0.919898091,1,Withdrawn,0.5,0.3333
120165,Capitol Risk Management,Workers Comp,NY,11201,11/1/2025,11/30/2025,0.7465,6674.15,561.55,524.43,2494.58,1,0,1,0,0,3,2,1,0.2953,0.5691,0.4254,0.919898091,1,,0.5,0.3333
120165,Capitol Risk Management,Workers Comp,NY,11201,12/1/2025,12/31/2025,0.813,11064.97,423.88,997.81,663.3,0,0,2,0,0,3,2,1,0.2917,0.5248,0.4464,0.919898091,1,Withdrawn,0.5,0.3333
120165,Capitol Risk Management,Workers Comp,NY,11201,2/1/2026,2/28/2026,0.838,4221.28,2317.25,411.92,1174.42,0,1,0,0,0,6,5,4,0.359,0.6023,0.3538,0.919898091,1,Withdrawn,0.8,0.6667
120165,Capitol Risk Management,Workers Comp,NY,11201,3/1/2026,3/31/2026,0.8043,7279.91,611.86,735.25,7616.68,1,0,0,1,0,6,4,3,0.3686,0.5311,0.474,0.919898091,2,Withdrawn,0.75,0.5
120165,Capitol Risk Management,Workers Comp,NY,11201,4/1/2025,4/30/2025,0.8241,6789.86,500.42,542.82,165.81,1,0,1,1,0,4,2,1,0.3034,0.4831,0.4527,0.919898091,2,,0.5,0.25
120165,Capitol Risk Management,Workers Comp,NY,11201,5/1/2025,5/31/2025,0.8635,7358.79,1746.92,630.06,951.95,1,0,1,1,0,3,2,1,0.4158,0.5607,0.3786,0.919898091,1,Declined,0.5,0.3333
120165,Capitol Risk Management,Workers Comp,NY,11201,6/1/2025,6/30/2025,0.8547,2706.66,1015.63,216.15,3006.99,1,1,2,1,0,3,2,1,0.2734,0.6351,0.4387,0.919898091,1,,0.5,0.3333
120165,Capitol Risk Management,Workers Comp,NY,11201,7/1/2025,7/31/2025,0.8158,610.57,1263.51,51.66,1722.9,1,1,2,1,0,4,2,1,0.2307,0.5508,0.3841,0.919898091,2,,0.5,0.25
120165,Capitol Risk Management,Workers Comp,NY,11201,8/1/2025,8/31/2025,0.7518,11811.6,2383.8,1187.11,1711.89,3,1,1,0,0,3,2,1,0.3445,0.5372,0.4293,0.919898091,1,Withdrawn,0.5,0.3333
120165,Capitol Risk Management,Workers Comp,NY,11201,9/1/2025,9/30/2025,0.8608,500.0,2078.46,50.0,2183.44,1,2,0,0,0,3,2,1,0.3028,0.6262,0.4345,0.919898091,1,Withdrawn,0.5,0.3333
120166,Harbor Risk Consultants,Commercial Auto,NY,10301,1/1/2026,1/31/2026,0.6294,41834.41,0.0,5291.78,2481.28,1,0,2,0,0,5,4,3,0.512,0.764,0.2634,0.948551622,1,,0.75,0.6
120166,Harbor Risk Consultants,Commercial Auto,NY,10301,10/1/2025,10/31/2025,0.4605,45638.81,0.0,4576.33,4307.57,1,1,1,0,0,3,2,1,0.6335,0.8189,0.236,0.948551622,1,Withdrawn,0.5,0.3333
120166,Harbor Risk Consultants,Commercial Auto,NY,10301,11/1/2025,11/30/2025,0.6144,25726.5,0.0,3078.96,37.4,0,0,1,1,0,4,3,1,0.4874,0.7957,0.3061,0.948551622,1,Declined,0.3333,0.25
120166,Harbor Risk Consultants,Commercial Auto,NY,10301,12/1/2025,12/31/2025,0.6441,31611.51,0.0,3371.52,2458.11,2,0,0,0,0,3,2,1,0.4759,0.8544,0.3014,0.948551622,1,,0.5,0.3333
120166,Harbor Risk Consultants,Commercial Auto,NY,10301,2/1/2026,2/28/2026,0.5934,41446.13,0.0,4644.78,5263.6,1,0,1,1,0,3,2,1,0.5911,0.7865,0.3171,0.948551622,1,,0.5,0.3333
120166,Harbor Risk Consultants,Commercial Auto,NY,10301,3/1/2026,3/31/2026,0.5499,50767.02,0.0,5087.07,449.17,1,1,3,0,0,4,3,2,0.5586,0.7951,0.2586,0.948551622,1,,0.6667,0.5
120166,Harbor Risk Consultants,Commercial Auto,NY,10301,4/1/2025,4/30/2025,0.5487,32785.38,0.0,3360.13,1855.0,1,1,1,1,0,3,2,1,0.5552,0.8763,0.2903,0.948551622,1,Declined,0.5,0.3333
120166,Harbor Risk Consultants,Commercial Auto,NY,10301,5/1/2025,5/31/2025,0.4915,33589.49,0.0,3865.98,325.02,0,2,0,0,0,3,2,1,0.5321,0.826,0.2712,0.948551622,1,,0.5,0.3333
120166,Harbor Risk Consultants,Commercial Auto,NY,10301,6/1/2025,6/30/2025,0.413,37857.63,0.0,4019.26,333.26,0,0,0,0,0,5,2,1,0.5576,0.8341,0.2736,0.948551622,3,Withdrawn,0.5,0.2
120166,Harbor Risk Consultants,Commercial Auto,NY,10301,7/1/2025,7/31/2025,0.5762,8714.7,0.0,820.63,927.35,1,1,1,0,0,3,2,1,0.5991,0.8175,0.3128,0.948551622,1,Withdrawn,0.5,0.3333
120166,Harbor Risk Consultants,Commercial Auto,NY,10301,8/1/2025,8/31/2025,0.5753,26617.49,0.0,2800.64,6564.0,1,0,0,0,0,3,2,1,0.6319,0.8387,0.2495,0.948551622,1,Declined,0.5,0.3333
120166,Harbor Risk Consultants,Commercial Auto,NY,10301,9/1/2025,9/30/2025,0.4823,28361.81,0.0,3485.1,602.3,2,1,1,0,0,6,5,2,0.5466,0.8196,0.3129,0.948551622,1,Declined,0.4,0.3333
120167,Vantage Brokerage,Business Owners Policy,NY,14201,1/1/2026,1/31/2026,0.6505,25148.58,0.0,2365.39,945.04,2,0,0,0,0,3,2,1,0.5069,0.8323,0.2742,0.949775881,1,Withdrawn,0.5,0.3333
120167,Vantage Brokerage,Business Owners Policy,NY,14201,10/1/2025,10/31/2025,0.4585,30634.0,0.0,3819.76,1874.43,1,1,1,0,0,3,2,1,0.4998,0.8129,0.2691,0.949775881,1,,0.5,0.3333
120167,Vantage Brokerage,Business Owners Policy,NY,14201,11/1/2025,11/30/2025,0.5301,27034.86,0.0,2596.32,3097.87,1,0,0,0,0,3,2,1,0.5881,0.8212,0.2824,0.949775881,1,,0.5,0.3333
120167,Vantage Brokerage,Business Owners Policy,NY,14201,12/1/2025,12/31/2025,0.529,23210.08,0.0,2261.41,2840.03,0,1,2,0,0,3,2,1,0.4344,0.7895,0.3285,0.949775881,1,Declined,0.5,0.3333
120167,Vantage Brokerage,Business Owners Policy,NY,14201,2/1/2026,2/28/2026,0.5268,14318.6,0.0,1445.57,2368.96,1,0,2,1,0,3,2,1,0.564,0.8101,0.2726,0.949775881,1,Withdrawn,0.5,0.3333
120167,Vantage Brokerage,Business Owners Policy,NY,14201,3/1/2026,3/31/2026,0.6122,14643.78,0.0,1606.6,3139.97,0,1,1,0,0,6,5,4,0.6276,0.8836,0.2604,0.949775881,1,Declined,0.8,0.6667
120167,Vantage Brokerage,Business Owners Policy,NY,14201,4/1/2025,4/30/2025,0.5826,30029.47,0.0,3666.12,2239.45,1,1,0,0,0,10,7,5,0.5473,0.7993,0.2258,0.949775881,3,Declined,0.7143,0.5
120167,Vantage Brokerage,Business Owners Policy,NY,14201,5/1/2025,5/31/2025,0.4711,23493.62,0.0,2773.65,3796.93,1,1,0,1,0,3,2,1,0.5712,0.7694,0.332,0.949775881,1,Declined,0.5,0.3333
120167,Vantage Brokerage,Business Owners Policy,NY,14201,6/1/2025,6/30/2025,0.5845,29071.54,0.0,3264.11,2581.94,1,1,0,0,0,3,2,1,0.5655,0.8414,0.2651,0.949775881,1,,0.5,0.3333
120167,Vantage Brokerage,Business Owners Policy,NY,14201,7/1/2025,7/31/2025,0.5133,31479.09,0.0,3227.23,3225.92,0,0,1,0,0,4,2,1,0.4887,0.8037,0.2805,0.949775881,2,,0.5,0.25
120167,Vantage Brokerage,Business Owners Policy,NY,14201,8/1/2025,8/31/2025,0.5205,24992.57,0.0,2359.47,430.2,1,1,1,0,0,3,2,1,0.5953,0.808,0.3453,0.949775881,1,Declined,0.5,0.3333
120167,Vantage Brokerage,Business Owners Policy,NY,14201,9/1/2025,9/30/2025,0.5657,34910.62,0.0,4395.01,3713.84,1,0,2,0,0,3,2,1,0.5785,0.7922,0.2517,0.949775881,1,,0.5,0.3333
120168,Heritage & Associates,Workers Comp,NJ,7030,1/1/2026,1/31/2026,0.3415,54447.32,240.86,7424.31,3664.67,1,1,2,1,0,10,9,8,0.7195,0.9297,0.2598,0.969631912,1,Declined,0.8889,0.8
120168,Heritage & Associates,Workers Comp,NJ,7030,10/1/2025,10/31/2025,0.4076,54636.73,1150.36,6754.03,2528.56,0,0,2,1,0,4,3,1,0.6238,0.8804,0.2106,0.969631912,1,,0.3333,0.25
120168,Heritage & Associates,Workers Comp,NJ,7030,11/1/2025,11/30/2025,0.3305,40172.28,802.7,4529.39,9095.5,1,0,2,0,0,3,2,1,0.5524,0.9355,0.174,0.969631912,1,,0.5,0.3333
120168,Heritage & Associates,Workers Comp,NJ,7030,12/1/2025,12/31/2025,0.25,50745.89,372.04,5374.4,6009.21,1,1,1,0,0,6,5,4,0.6523,0.8837,0.2206,0.969631912,1,,0.8,0.6667
120168,Heritage & Associates,Workers Comp,NJ,7030,2/1/2026,2/28/2026,0.33,30567.94,332.42,3694.23,3218.12,1,0,0,2,0,6,4,1,0.6819,0.9104,0.242,0.969631912,2,,0.25,0.1667
120168,Heritage & Associates,Workers Comp,NJ,7030,3/1/2026,3/31/2026,0.3206,45098.34,390.05,5693.51,2169.2,1,2,3,1,0,7,5,2,0.6655,0.8977,0.2257,0.969631912,2,Declined,0.4,0.2857
120168,Heritage & Associates,Workers Comp,NJ,7030,4/1/2025,4/30/2025,0.4031,33408.35,1511.83,3706.58,1795.0,2,3,3,1,0,3,2,1,0.6075,0.9153,0.15,0.969631912,1,Withdrawn,0.5,0.3333
120168,Heritage & Associates,Workers Comp,NJ,7030,5/1/2025,5/31/2025,0.3313,53027.28,399.64,6404.94,2119.78,2,0,0,0,0,3,2,1,0.7866,0.9012,0.2448,0.969631912,1,Declined,0.5,0.3333
120168,Heritage & Associates,Workers Comp,NJ,7030,6/1/2025,6/30/2025,0.3002,52712.61,184.28,5630.97,5824.78,1,1,1,0,0,3,2,1,0.665,0.8595,0.2015,0.969631912,1,Withdrawn,0.5,0.3333
120168,Heritage & Associates,Workers Comp,NJ,7030,7/1/2025,7/31/2025,0.4232,36637.61,430.94,4448.51,2276.38,1,1,1,0,0,3,2,1,0.6821,0.9123,0.2443,0.969631912,1,Withdrawn,0.5,0.3333
120168,Heritage & Associates,Workers Comp,NJ,7030,8/1/2025,8/31/2025,0.3486,50416.17,501.25,6807.45,2710.99,2,0,1,0,0,4,3,2,0.6327,0.9019,0.1665,0.969631912,1,Declined,0.6667,0.5
120168,Heritage & Associates,Workers Comp,NJ,7030,9/1/2025,9/30/2025,0.3091,36071.52,163.85,4429.43,698.9,3,0,0,1,0,3,2,1,0.5705,0.9083,0.1815,0.969631912,1,,0.5,0.3333
120169,Harbor Brokerage,Commercial Auto,NJ,7102,1/1/2026,1/31/2026,0.6771,17052.2,0.0,1529.17,1646.97,0,0,0,1,0,3,2,1,0.429,0.7106,0.3388,0.918084085,1,,0.5,0.3333
120169,Harbor Brokerage,Commercial Auto,NJ,7102,10/1/2025,10/31/2025,0.6975,10777.43,0.0,1003.87,3039.53,0,0,1,0,0,6,4,3,0.4603,0.6892,0.3554,0.918084085,2,Declined,0.75,0.5
120169,Harbor Brokerage,Commercial Auto,NJ,7102,11/1/2025,11/30/2025,0.7013,17190.92,0.0,1865.04,2848.27,1,1,0,0,0,3,2,1,0.3836,0.7347,0.3244,0.918084085,1,Declined,0.5,0.3333
120169,Harbor Brokerage,Commercial Auto,NJ,7102,12/1/2025,12/31/2025,0.7149,19814.88,0.0,2179.0,1026.47,1,1,0,0,0,3,2,1,0.4893,0.6888,0.3549,0.918084085,1,Withdrawn,0.5,0.3333
120169,Harbor Brokerage,Commercial Auto,NJ,7102,2/1/2026,2/28/2026,0.6211,16156.42,0.0,1486.64,3568.03,0,1,1,0,0,5,4,3,0.4675,0.6539,0.4135,0.918084085,1,,0.75,0.6
120169,Harbor Brokerage,Commercial Auto,NJ,7102,3/1/2026,3/31/2026,0.6178,20793.54,0.0,2070.62,1747.72,2,0,0,0,0,3,2,1,0.3864,0.7606,0.2917,0.918084085,1,Declined,0.5,0.3333
120169,Harbor Brokerage,Commercial Auto,NJ,7102,4/1/2025,4/30/2025,0.8214,13510.0,0.0,1365.76,1043.53,0,0,1,0,0,3,2,1,0.4149,0.7231,0.3079,0.918084085,1,,0.5,0.3333
120169,Harbor Brokerage,Commercial Auto,NJ,7102,5/1/2025,5/31/2025,0.7567,16940.82,0.0,1947.12,2801.16,0,0,1,0,0,3,2,1,0.4363,0.7527,0.366,0.918084085,1,,0.5,0.3333
120169,Harbor Brokerage,Commercial Auto,NJ,7102,6/1/2025,6/30/2025,0.7712,19412.69,0.0,2174.44,3622.16,1,0,1,1,0,3,2,1,0.4755,0.753,0.3261,0.918084085,1,,0.5,0.3333
120169,Harbor Brokerage,Commercial Auto,NJ,7102,7/1/2025,7/31/2025,0.6538,13394.84,0.0,1292.01,904.41,1,0,2,0,0,6,4,2,0.3423,0.6592,0.357,0.918084085,2,Withdrawn,0.5,0.3333
120169,Harbor Brokerage,Commercial Auto,NJ,7102,8/1/2025,8/31/2025,0.6577,15733.62,0.0,1347.57,866.52,0,1,1,0,0,3,2,1,0.4281,0.7369,0.3466,0.918084085,1,,0.5,0.3333
120169,Harbor Brokerage,Commercial Auto,NJ,7102,9/1/2025,9/30/2025,0.6764,16112.52,0.0,1730.23,527.19,2,1,0,0,0,5,4,2,0.4894,0.6785,0.3628,0.918084085,1,,0.5,0.4
120170,Keystone Insurance Partners,Business Owners Policy,NJ,8401,1/1/2026,1/31/2026,0.7206,13945.3,0.0,1209.47,1129.19,2,1,1,0,0,7,4,3,0.4427,0.6682,0.2949,1.0,3,Declined,0.75,0.4286
120170,Keystone Insurance Partners,Business Owners Policy,NJ,8401,10/1/2025,10/31/2025,0.7308,23476.62,0.0,2583.42,2769.74,3,0,1,0,0,5,4,1,0.432,0.7366,0.3439,1.0,1,Withdrawn,0.25,0.2
120170,Keystone Insurance Partners,Business Owners Policy,NJ,8401,11/1/2025,11/30/2025,0.6435,17951.96,0.0,1738.67,2041.46,1,0,3,0,0,3,2,1,0.4979,0.6778,0.3383,1.0,1,,0.5,0.3333
120170,Keystone Insurance Partners,Business Owners Policy,NJ,8401,12/1/2025,12/31/2025,0.7364,13125.69,0.0,1477.24,436.07,0,1,1,0,0,3,2,1,0.531,0.724,0.2955,1.0,1,Declined,0.5,0.3333
120170,Keystone Insurance Partners,Business Owners Policy,NJ,8401,2/1/2026,2/28/2026,0.7942,5823.55,0.0,649.99,2647.13,0,1,0,1,0,3,2,1,0.4281,0.7384,0.3219,1.0,1,,0.5,0.3333
120170,Keystone Insurance Partners,Business Owners Policy,NJ,8401,3/1/2026,3/31/2026,0.6357,12056.61,0.0,1250.66,11816.93,2,1,0,0,0,3,2,1,0.3581,0.7096,0.3366,1.0,1,Declined,0.5,0.3333
120170,Keystone Insurance Partners,Business Owners Policy,NJ,8401,4/1/2025,4/30/2025,0.6902,16458.7,0.0,1808.79,2673.29,1,0,1,1,0,10,6,1,0.4036,0.7144,0.4005,1.0,4,Declined,0.1667,0.1
120170,Keystone Insurance Partners,Business Owners Policy,NJ,8401,5/1/2025,5/31/2025,0.7534,17461.17,0.0,1616.07,4482.49,1,1,0,0,0,3,2,1,0.3602,0.7034,0.3465,1.0,1,Withdrawn,0.5,0.3333
120170,Keystone Insurance Partners,Business Owners Policy,NJ,8401,6/1/2025,6/30/2025,0.7662,18493.63,0.0,2082.53,800.02,1,0,1,0,0,3,2,1,0.4047,0.7214,0.3376,1.0,1,,0.5,0.3333
120170,Keystone Insurance Partners,Business Owners Policy,NJ,8401,7/1/2025,7/31/2025,0.6575,21028.59,0.0,2219.22,732.12,0,1,2,0,0,3,2,1,0.4269,0.6688,0.2825,1.0,1,Withdrawn,0.5,0.3333
120170,Keystone Insurance Partners,Business Owners Policy,NJ,8401,8/1/2025,8/31/2025,0.627,13785.72,0.0,1475.3,571.16,1,1,3,1,0,3,2,1,0.4417,0.6947,0.3511,1.0,1,Withdrawn,0.5,0.3333
120170,Keystone Insurance Partners,Business Owners Policy,NJ,8401,9/1/2025,9/30/2025,0.7052,9827.1,0.0,999.46,3374.53,1,0,0,0,0,3,2,1,0.4744,0.6638,0.3107,1.0,1,,0.5,0.3333
120171,Nexus Insurance Co.,Workers Comp,NJ,7601,1/1/2026,1/31/2026,0.3588,41265.5,0.0,4926.33,264.48,1,0,0,0,0,3,2,1,0.7207,0.9315,0.231,0.877925527,1,Declined,0.5,0.3333
120171,Nexus Insurance Co.,Workers Comp,NJ,7601,10/1/2025,10/31/2025,0.3145,53181.4,0.0,6782.65,158.03,0,1,1,0,0,5,4,1,0.628,0.8877,0.1688,0.877925527,1,,0.25,0.2
120171,Nexus Insurance Co.,Workers Comp,NJ,7601,11/1/2025,11/30/2025,0.3864,40018.9,0.0,4968.02,571.3,0,0,1,0,0,3,2,1,0.6885,0.8968,0.2312,0.877925527,1,,0.5,0.3333
120171,Nexus Insurance Co.,Workers Comp,NJ,7601,12/1/2025,12/31/2025,0.4223,65476.56,0.0,6820.9,539.58,1,1,0,0,0,4,3,2,0.6592,0.916,0.2118,0.877925527,1,Withdrawn,0.6667,0.5
120171,Nexus Insurance Co.,Workers Comp,NJ,7601,2/1/2026,2/28/2026,0.3754,20569.17,0.0,2444.47,746.6,1,0,1,0,0,3,2,1,0.6985,0.9605,0.2124,0.877925527,1,,0.5,0.3333
120171,Nexus Insurance Co.,Workers Comp,NJ,7601,3/1/2026,3/31/2026,0.3474,21541.78,0.0,2381.77,1698.21,1,0,0,0,0,3,2,1,0.7259,0.8735,0.192,0.877925527,1,,0.5,0.3333
120171,Nexus Insurance Co.,Workers Comp,NJ,7601,4/1/2025,4/30/2025,0.38,51162.26,0.0,5530.85,419.17,0,1,0,0,0,7,5,3,0.6103,0.9079,0.2191,0.877925527,2,,0.6,0.4286
120171,Nexus Insurance Co.,Workers Comp,NJ,7601,5/1/2025,5/31/2025,0.4953,38554.09,0.0,4818.76,465.29,0,0,0,0,0,3,2,1,0.7227,0.9327,0.196,0.877925527,1,,0.5,0.3333
120171,Nexus Insurance Co.,Workers Comp,NJ,7601,6/1/2025,6/30/2025,0.3957,37098.32,0.0,4463.25,559.66,0,0,1,0,0,3,2,1,0.7053,0.9242,0.234,0.877925527,1,Withdrawn,0.5,0.3333
120171,Nexus Insurance Co.,Workers Comp,NJ,7601,7/1/2025,7/31/2025,0.3904,45743.33,0.0,4967.4,1899.18,1,0,0,0,0,5,4,2,0.7102,0.9029,0.216,0.877925527,1,,0.5,0.4
120171,Nexus Insurance Co.,Workers Comp,NJ,7601,8/1/2025,8/31/2025,0.3014,54995.35,0.0,7299.41,1707.91,0,0,0,0,0,4,3,2,0.7179,0.9396,0.2244,0.877925527,1,,0.6667,0.5
120171,Nexus Insurance Co.,Workers Comp,NJ,7601,9/1/2025,9/30/2025,0.4153,68792.22,0.0,7489.02,656.06,0,0,1,1,0,3,2,1,0.6793,0.8979,0.2033,0.877925527,1,Withdrawn,0.5,0.3333
120172,Highmark Insurance Group,Commercial Auto,PA,19103,1/1/2026,1/31/2026,0.5487,12146.15,567.43,1053.58,379.56,1,1,1,0,0,3,2,1,0.3983,0.7588,0.3769,0.918677895,1,Withdrawn,0.5,0.3333
120172,Highmark Insurance Group,Commercial Auto,PA,19103,10/1/2025,10/31/2025,0.6949,16417.22,212.97,1811.31,800.05,0,0,0,1,0,8,7,6,0.429,0.7669,0.3093,0.918677895,1,Withdrawn,0.8571,0.75
120172,Highmark Insurance Group,Commercial Auto,PA,19103,11/1/2025,11/30/2025,0.6575,18834.59,658.46,2106.07,1555.07,1,1,1,1,0,3,2,1,0.4154,0.6557,0.3801,0.918677895,1,,0.5,0.3333
120172,Highmark Insurance Group,Commercial Auto,PA,19103,12/1/2025,12/31/2025,0.6494,2871.33,310.46,296.53,3082.75,0,1,0,0,0,5,4,1,0.388,0.7802,0.3318,0.918677895,1,Withdrawn,0.25,0.2
120172,Highmark Insurance Group,Commercial Auto,PA,19103,2/1/2026,2/28/2026,0.7703,17245.47,327.96,1738.74,1734.82,1,0,1,0,0,3,2,1,0.4251,0.6665,0.3282,0.918677895,1,Withdrawn,0.5,0.3333
120172,Highmark Insurance Group,Commercial Auto,PA,19103,3/1/2026,3/31/2026,0.7644,15269.44,656.01,1340.62,1107.72,0,0,1,0,0,7,5,2,0.4535,0.7112,0.3137,0.918677895,2,Withdrawn,0.4,0.2857
120172,Highmark Insurance Group,Commercial Auto,PA,19103,4/1/2025,4/30/2025,0.7317,25841.67,1041.16,2518.88,243.05,0,0,1,0,0,3,2,1,0.3551,0.747,0.332,0.918677895,1,,0.5,0.3333
120172,Highmark Insurance Group,Commercial Auto,PA,19103,5/1/2025,5/31/2025,0.7599,18262.04,1383.14,1919.74,321.42,0,1,0,0,0,3,2,1,0.4629,0.7064,0.3339,0.918677895,1,,0.5,0.3333
120172,Highmark Insurance Group,Commercial Auto,PA,19103,6/1/2025,6/30/2025,0.6109,19560.23,853.26,2201.73,1071.62,1,0,0,0,0,3,2,1,0.4155,0.6321,0.3614,0.918677895,1,,0.5,0.3333
120172,Highmark Insurance Group,Commercial Auto,PA,19103,7/1/2025,7/31/2025,0.6614,10934.08,192.66,999.5,1342.45,1,0,1,0,0,3,2,1,0.4526,0.7459,0.3418,0.918677895,1,Withdrawn,0.5,0.3333
120172,Highmark Insurance Group,Commercial Auto,PA,19103,8/1/2025,8/31/2025,0.638,13195.48,443.47,1467.56,760.12,1,0,0,0,0,3,2,1,0.4285,0.6292,0.3168,0.918677895,1,,0.5,0.3333
120172,Highmark Insurance Group,Commercial Auto,PA,19103,9/1/2025,9/30/2025,0.6168,11834.29,1201.71,1210.26,1309.83,1,0,1,0,0,3,2,1,0.3963,0.7175,0.3702,0.918677895,1,,0.5,0.3333
120173,Coastal Risk Solutions,Business Owners Policy,PA,15222,1/1/2026,1/31/2026,0.6734,26883.24,0.0,2696.68,2789.06,0,0,1,0,0,3,2,1,0.5885,0.8397,0.2659,0.890512303,1,,0.5,0.3333
120173,Coastal Risk Solutions,Business Owners Policy,PA,15222,10/1/2025,10/31/2025,0.5864,22637.68,0.0,2412.87,3709.58,1,1,2,1,0,3,2,1,0.5036,0.8238,0.2507,0.890512303,1,Declined,0.5,0.3333
120173,Coastal Risk Solutions,Business Owners Policy,PA,15222,11/1/2025,11/30/2025,0.6176,25242.92,0.0,2468.11,400.72,2,1,0,1,0,3,2,1,0.6135,0.8493,0.3281,0.890512303,1,Declined,0.5,0.3333
120173,Coastal Risk Solutions,Business Owners Policy,PA,15222,12/1/2025,12/31/2025,0.5118,19161.04,0.0,2402.76,688.24,0,1,0,0,0,3,2,1,0.5206,0.84,0.2944,0.890512303,1,Withdrawn,0.5,0.3333
120173,Coastal Risk Solutions,Business Owners Policy,PA,15222,2/1/2026,2/28/2026,0.6277,33455.95,0.0,3879.96,926.92,3,0,1,0,0,4,3,2,0.516,0.7948,0.2921,0.890512303,1,Declined,0.6667,0.5
120173,Coastal Risk Solutions,Business Owners Policy,PA,15222,3/1/2026,3/31/2026,0.6125,35399.86,0.0,3721.99,2740.51,0,1,0,1,0,3,2,1,0.5049,0.8714,0.342,0.890512303,1,Declined,0.5,0.3333
120173,Coastal Risk Solutions,Business Owners Policy,PA,15222,4/1/2025,4/30/2025,0.5268,37349.78,0.0,4485.02,1218.3,0,0,1,0,0,3,2,1,0.5709,0.8748,0.3026,0.890512303,1,Withdrawn,0.5,0.3333
120173,Coastal Risk Solutions,Business Owners Policy,PA,15222,5/1/2025,5/31/2025,0.5353,15213.49,0.0,1862.37,1436.17,0,0,0,0,0,3,2,1,0.5994,0.8716,0.2718,0.890512303,1,,0.5,0.3333
120173,Coastal Risk Solutions,Business Owners Policy,PA,15222,6/1/2025,6/30/2025,0.4782,20928.62,0.0,2533.13,1441.48,0,0,0,1,0,3,2,1,0.5464,0.809,0.2071,0.890512303,1,Withdrawn,0.5,0.3333
120173,Coastal Risk Solutions,Business Owners Policy,PA,15222,7/1/2025,7/31/2025,0.5586,26701.19,0.0,2750.73,358.97,0,0,1,0,0,3,2,1,0.5956,0.8686,0.2724,0.890512303,1,,0.5,0.3333
120173,Coastal Risk Solutions,Business Owners Policy,PA,15222,8/1/2025,8/31/2025,0.5794,22173.37,0.0,2606.71,582.57,1,0,1,0,0,6,5,3,0.5336,0.8085,0.2942,0.890512303,1,,0.6,0.5
120173,Coastal Risk Solutions,Business Owners Policy,PA,15222,9/1/2025,9/30/2025,0.5961,20644.58,0.0,2004.95,1369.56,1,0,1,0,0,9,8,5,0.476,0.7765,0.2616,0.890512303,1,,0.625,0.5556
120174,Meridian Risk Advisors,Workers Comp,PA,17101,1/1/2026,1/31/2026,0.5342,11518.97,2161.13,1192.99,2216.56,0,1,1,0,0,4,3,2,0.4484,0.747,0.3341,0.97101932,1,Withdrawn,0.6667,0.5
120174,Meridian Risk Advisors,Workers Comp,PA,17101,10/1/2025,10/31/2025,0.7033,17063.53,3895.76,1869.83,1107.51,2,2,1,2,0,7,5,4,0.37,0.6875,0.3444,0.97101932,2,,0.8,0.5714
120174,Meridian Risk Advisors,Workers Comp,PA,17101,11/1/2025,11/30/2025,0.7525,17702.11,2373.48,1998.58,2118.57,2,1,1,0,0,7,3,2,0.4492,0.6999,0.2894,0.97101932,4,Withdrawn,0.6667,0.2857
120174,Meridian Risk Advisors,Workers Comp,PA,17101,12/1/2025,12/31/2025,0.7469,23841.22,5301.21,2086.01,1558.58,1,0,2,0,0,3,2,1,0.4365,0.6928,0.331,0.97101932,1,Withdrawn,0.5,0.3333
120174,Meridian Risk Advisors,Workers Comp,PA,17101,2/1/2026,2/28/2026,0.7121,13613.57,2008.36,1279.14,1889.86,4,0,0,0,0,5,4,1,0.4586,0.7282,0.2852,0.97101932,1,,0.25,0.2
120174,Meridian Risk Advisors,Workers Comp,PA,17101,3/1/2026,3/31/2026,0.8662,6042.51,167.23,521.64,1439.23,1,1,2,1,0,3,2,1,0.3241,0.6715,0.3331,0.97101932,1,Withdrawn,0.5,0.3333
120174,Meridian Risk Advisors,Workers Comp,PA,17101,4/1/2025,4/30/2025,0.786,10520.95,1625.54,1136.53,5673.39,2,0,3,1,0,3,2,1,0.3812,0.7634,0.4061,0.97101932,1,,0.5,0.3333
120174,Meridian Risk Advisors,Workers Comp,PA,17101,5/1/2025,5/31/2025,0.6888,21568.97,1168.19,1973.93,2059.33,2,0,0,0,0,7,6,5,0.3838,0.6839,0.3391,0.97101932,1,,0.8333,0.7143
120174,Meridian Risk Advisors,Workers Comp,PA,17101,6/1/2025,6/30/2025,0.753,2634.14,1599.32,244.22,413.79,0,0,2,0,0,3,2,1,0.4542,0.702,0.3607,0.97101932,1,Declined,0.5,0.3333
120174,Meridian Risk Advisors,Workers Comp,PA,17101,7/1/2025,7/31/2025,0.7073,6860.97,2534.59,729.87,1091.7,1,1,1,1,0,4,3,2,0.3243,0.7585,0.3168,0.97101932,1,Withdrawn,0.6667,0.5
120174,Meridian Risk Advisors,Workers Comp,PA,17101,8/1/2025,8/31/2025,0.7169,11302.85,1041.2,993.18,4816.82,1,1,3,0,0,9,8,6,0.4123,0.7705,0.3581,0.97101932,1,Declined,0.75,0.6667
120174,Meridian Risk Advisors,Workers Comp,PA,17101,9/1/2025,9/30/2025,0.7121,18638.32,884.82,1799.06,4953.61,0,1,0,1,0,3,2,1,0.3934,0.6883,0.3385,0.97101932,1,,0.5,0.3333
120175,Broadstreet Agency Group,Commercial Auto,PA,18501,1/1/2026,1/31/2026,0.4767,22272.26,187.57,2182.58,1690.7,0,1,0,0,0,3,2,1,0.5196,0.8104,0.3059,0.913514747,1,Withdrawn,0.5,0.3333
120175,Broadstreet Agency Group,Commercial Auto,PA,18501,10/1/2025,10/31/2025,0.5551,45182.28,401.3,4598.04,1086.66,2,0,1,0,0,3,2,1,0.5971,0.7862,0.294,0.913514747,1,,0.5,0.3333
120175,Broadstreet Agency Group,Commercial Auto,PA,18501,11/1/2025,11/30/2025,0.5034,29843.68,269.04,2823.08,3311.41,1,1,1,0,0,3,2,1,0.5394,0.8293,0.2726,0.913514747,1,Withdrawn,0.5,0.3333
120175,Broadstreet Agency Group,Commercial Auto,PA,18501,12/1/2025,12/31/2025,0.5904,18419.22,159.58,1987.51,1984.82,2,0,0,0,0,3,2,1,0.6309,0.8449,0.2463,0.913514747,1,Declined,0.5,0.3333
120175,Broadstreet Agency Group,Commercial Auto,PA,18501,2/1/2026,2/28/2026,0.5025,26435.25,74.32,2646.01,3618.96,0,0,1,1,0,3,2,1,0.5445,0.8296,0.2442,0.913514747,1,Withdrawn,0.5,0.3333
120175,Broadstreet Agency Group,Commercial Auto,PA,18501,3/1/2026,3/31/2026,0.6345,18266.86,148.55,2238.63,550.68,1,1,1,0,0,3,2,1,0.5218,0.8312,0.2677,0.913514747,1,Withdrawn,0.5,0.3333
120175,Broadstreet Agency Group,Commercial Auto,PA,18501,4/1/2025,4/30/2025,0.4424,20274.66,235.32,1990.05,702.68,2,0,1,0,0,3,2,1,0.6592,0.7739,0.2786,0.913514747,1,,0.5,0.3333
120175,Broadstreet Agency Group,Commercial Auto,PA,18501,5/1/2025,5/31/2025,0.5403,23482.38,506.89,2749.94,2224.41,1,0,1,0,0,4,2,1,0.5568,0.8114,0.2675,0.913514747,2,Declined,0.5,0.25
120175,Broadstreet Agency Group,Commercial Auto,PA,18501,6/1/2025,6/30/2025,0.6387,30808.73,76.17,2965.68,716.12,0,1,1,1,0,4,3,2,0.5578,0.8295,0.2486,0.913514747,1,Withdrawn,0.6667,0.5
120175,Broadstreet Agency Group,Commercial Auto,PA,18501,7/1/2025,7/31/2025,0.6326,31248.57,681.52,2996.98,1822.6,0,0,4,1,0,3,2,1,0.4691,0.7884,0.2518,0.913514747,1,,0.5,0.3333
120175,Broadstreet Agency Group,Commercial Auto,PA,18501,8/1/2025,8/31/2025,0.4948,30345.26,9.52,3740.12,2919.43,0,1,0,1,0,4,3,2,0.5432,0.7881,0.3117,0.913514747,1,,0.6667,0.5
120175,Broadstreet Agency Group,Commercial Auto,PA,18501,9/1/2025,9/30/2025,0.6312,35449.01,109.84,4406.97,1672.56,2,1,0,0,0,7,5,1,0.5591,0.8198,0.3012,0.913514747,2,,0.2,0.1429
120176,Pinnacle & Associates,Business Owners Policy,NY,10001,1/1/2026,1/31/2026,0.6237,18596.31,152.61,1664.27,279.51,1,1,1,0,0,3,2,1,0.3929,0.7143,0.297,0.869871107,1,,0.5,0.3333
120176,Pinnacle & Associates,Business Owners Policy,NY,10001,10/1/2025,10/31/2025,0.7522,16259.53,322.16,1823.1,1241.05,1,0,1,1,0,3,2,1,0.3723,0.7012,0.3016,0.869871107,1,,0.5,0.3333
120176,Pinnacle & Associates,Business Owners Policy,NY,10001,11/1/2025,11/30/2025,0.6469,13974.8,41.66,1223.3,188.8,1,1,1,0,0,4,3,2,0.4785,0.7045,0.3106,0.869871107,1,,0.6667,0.5
120176,Pinnacle & Associates,Business Owners Policy,NY,10001,12/1/2025,12/31/2025,0.669,5984.42,174.97,522.48,466.45,1,0,0,0,0,3,2,1,0.441,0.7192,0.3412,0.869871107,1,,0.5,0.3333
120176,Pinnacle & Associates,Business Owners Policy,NY,10001,2/1/2026,2/28/2026,0.6752,16428.74,107.1,1622.84,386.35,1,1,0,0,0,5,3,1,0.4171,0.7037,0.3651,0.869871107,2,Withdrawn,0.3333,0.2
120176,Pinnacle & Associates,Business Owners Policy,NY,10001,3/1/2026,3/31/2026,0.8475,10401.07,44.07,947.89,674.26,0,0,0,0,0,3,2,1,0.4482,0.7112,0.2803,0.869871107,1,Withdrawn,0.5,0.3333
120176,Pinnacle & Associates,Business Owners Policy,NY,10001,4/1/2025,4/30/2025,0.625,14001.59,191.0,1549.03,2581.72,1,1,2,0,0,3,2,1,0.421,0.7401,0.38,0.869871107,1,,0.5,0.3333
120176,Pinnacle & Associates,Business Owners Policy,NY,10001,5/1/2025,5/31/2025,0.661,9367.95,370.19,1046.63,2126.29,1,0,0,0,0,5,4,3,0.5016,0.7352,0.2922,0.869871107,1,Withdrawn,0.75,0.6
120176,Pinnacle & Associates,Business Owners Policy,NY,10001,6/1/2025,6/30/2025,0.6216,12381.59,184.5,1399.35,1019.22,0,1,0,0,0,5,4,1,0.3838,0.6756,0.318,0.869871107,1,,0.25,0.2
120176,Pinnacle & Associates,Business Owners Policy,NY,10001,7/1/2025,7/31/2025,0.6813,17359.38,252.21,1530.1,2651.03,0,0,1,0,0,4,3,1,0.4581,0.6928,0.3293,0.869871107,1,Declined,0.3333,0.25
120176,Pinnacle & Associates,Business Owners Policy,NY,10001,8/1/2025,8/31/2025,0.6779,16618.64,96.01,1856.3,1070.43,0,0,1,0,0,3,2,1,0.3405,0.7303,0.3748,0.869871107,1,,0.5,0.3333
120176,Pinnacle & Associates,Business Owners Policy,NY,10001,9/1/2025,9/30/2025,0.7424,18278.68,200.26,1755.56,1394.57,0,1,0,0,0,3,2,1,0.3998,0.7084,0.3322,0.869871107,1,,0.5,0.3333
120177,Eagle & Associates,Workers Comp,NY,11201,1/1/2026,1/31/2026,0.5447,19177.79,5175.6,1952.74,749.61,2,1,2,1,0,5,4,3,0.5458,0.8075,0.273,0.939514339,1,Declined,0.75,0.6
120177,Eagle & Associates,Workers Comp,NY,11201,10/1/2025,10/31/2025,0.5239,15366.55,8515.8,1508.83,2081.33,1,1,0,2,0,3,2,1,0.5812,0.8505,0.2748,0.939514339,1,Withdrawn,0.5,0.3333
120177,Eagle & Associates,Workers Comp,NY,11201,11/1/2025,11/30/2025,0.5691,40473.46,766.11,5050.77,1094.62,1,0,1,0,0,5,4,3,0.4944,0.8428,0.2302,0.939514339,1,,0.75,0.6
120177,Eagle & Associates,Workers Comp,NY,11201,12/1/2025,12/31/2025,0.5471,24387.27,13827.49,2932.33,3989.0,1,1,1,1,0,5,4,1,0.5064,0.7967,0.27,0.939514339,1,Withdrawn,0.25,0.2
120177,Eagle & Associates,Workers Comp,NY,11201,2/1/2026,2/28/2026,0.5442,39358.76,16207.08,4425.35,1440.11,2,0,3,0,0,3,2,1,0.553,0.799,0.3284,0.939514339,1,Withdrawn,0.5,0.3333
120177,Eagle & Associates,Workers Comp,NY,11201,3/1/2026,3/31/2026,0.5662,11093.19,5863.76,1215.7,670.4,1,2,3,0,0,5,4,2,0.5842,0.7838,0.3059,0.939514339,1,Withdrawn,0.5,0.4
120177,Eagle & Associates,Workers Comp,NY,11201,4/1/2025,4/30/2025,0.638,34269.28,12735.8,3732.42,5947.03,2,1,0,0,0,4,2,1,0.5877,0.8206,0.2561,0.939514339,2,Withdrawn,0.5,0.25
120177,Eagle & Associates,Workers Comp,NY,11201,5/1/2025,5/31/2025,0.5765,20225.86,5651.86,2471.9,2664.13,2,0,3,1,0,5,4,1,0.5724,0.8317,0.2688,0.939514339,1,,0.25,0.2
120177,Eagle & Associates,Workers Comp,NY,11201,6/1/2025,6/30/2025,0.5675,29748.55,9345.27,3378.87,820.13,0,1,1,0,0,5,2,1,0.5655,0.7585,0.3039,0.939514339,3,Withdrawn,0.5,0.2
120177,Eagle & Associates,Workers Comp,NY,11201,7/1/2025,7/31/2025,0.6501,28894.28,10212.33,2708.85,313.63,1,1,2,0,0,10,4,2,0.5841,0.8171,0.2927,0.939514339,6,Declined,0.5,0.2
120177,Eagle & Associates,Workers Comp,NY,11201,8/1/2025,8/31/2025,0.6506,24132.17,6505.18,3032.44,2420.01,3,1,1,0,0,3,2,1,0.5621,0.832,0.2968,0.939514339,1,,0.5,0.3333
120177,Eagle & Associates,Workers Comp,NY,11201,9/1/2025,9/30/2025,0.5483,22256.99,582.62,2360.1,3937.89,1,0,0,1,0,3,2,1,0.5518,0.7744,0.2755,0.939514339,1,,0.5,0.3333
120178,Vantage Insurance Co.,Commercial Auto,NY,10301,1/1/2026,1/31/2026,0.9215,5893.9,1197.1,416.41,6545.03,1,0,2,1,0,5,3,1,0.1227,0.4332,0.5032,0.984381272,2,,0.3333,0.2
120178,Vantage Insurance Co.,Commercial Auto,NY,10301,10/1/2025,10/31/2025,0.9228,3074.99,1069.85,264.14,3230.75,0,0,0,0,0,6,3,1,0.256,0.4047,0.5869,0.984381272,3,,0.3333,0.1667
120178,Vantage Insurance Co.,Commercial Auto,NY,10301,11/1/2025,11/30/2025,0.9682,2646.19,803.29,227.59,4692.11,2,0,4,0,0,3,2,1,0.172,0.333,0.5021,0.984381272,1,Withdrawn,0.5,0.3333
120178,Vantage Insurance Co.,Commercial Auto,NY,10301,12/1/2025,12/31/2025,1.0034,4925.58,34.39,381.11,1119.28,2,2,0,1,0,3,2,1,0.194,0.4728,0.4117,0.984381272,1,,0.5,0.3333
120178,Vantage Insurance Co.,Commercial Auto,NY,10301,2/1/2026,2/28/2026,1.0252,3241.03,1123.37,268.99,1331.18,0,1,0,1,0,3,2,1,0.1953,0.5106,0.4517,0.984381272,1,Withdrawn,0.5,0.3333
120178,Vantage Insurance Co.,Commercial Auto,NY,10301,3/1/2026,3/31/2026,1.043,4874.1,1846.97,448.03,3215.74,2,0,1,0,0,3,2,1,0.1521,0.4487,0.5516,0.984381272,1,Withdrawn,0.5,0.3333
120178,Vantage Insurance Co.,Commercial Auto,NY,10301,4/1/2025,4/30/2025,0.902,2450.05,1307.14,169.74,2845.04,0,0,0,1,0,3,2,1,0.1667,0.3659,0.5172,0.984381272,1,Withdrawn,0.5,0.3333
120178,Vantage Insurance Co.,Commercial Auto,NY,10301,5/1/2025,5/31/2025,0.8855,2727.44,542.33,222.9,2934.62,1,1,1,1,0,9,6,1,0.1761,0.4329,0.4957,0.984381272,3,Withdrawn,0.1667,0.1111
120178,Vantage Insurance Co.,Commercial Auto,NY,10301,6/1/2025,6/30/2025,0.9221,622.13,329.41,50.0,998.88,2,0,2,0,0,3,2,1,0.1731,0.4014,0.5266,0.984381272,1,Withdrawn,0.5,0.3333
120178,Vantage Insurance Co.,Commercial Auto,NY,10301,7/1/2025,7/31/2025,0.955,4330.23,1229.31,392.79,3507.72,1,0,2,0,0,6,5,3,0.1939,0.4916,0.5327,0.984381272,1,Declined,0.6,0.5
120178,Vantage Insurance Co.,Commercial Auto,NY,10301,8/1/2025,8/31/2025,0.9781,500.0,1016.86,50.0,2583.12,2,1,0,1,0,3,2,1,0.2435,0.3664,0.4411,0.984381272,1,,0.5,0.3333
120178,Vantage Insurance Co.,Commercial Auto,NY,10301,9/1/2025,9/30/2025,0.9202,2106.14,659.84,144.09,2835.61,0,0,1,0,0,3,2,1,0.1822,0.4777,0.5398,0.984381272,1,,0.5,0.3333
120179,Meridian Insurance Services,Business Owners Policy,NY,14201,1/1/2026,1/31/2026,0.339,28362.13,429.71,3237.95,5214.05,1,0,2,1,0,6,5,4,0.6733,0.9385,0.2433,0.9505036,1,,0.8,0.6667
120179,Meridian Insurance Services,Business Owners Policy,NY,14201,10/1/2025,10/31/2025,0.3486,38882.52,332.82,4917.23,1657.16,1,1,1,0,0,3,2,1,0.7116,0.8899,0.1716,0.9505036,1,,0.5,0.3333
120179,Meridian Insurance Services,Business Owners Policy,NY,14201,11/1/2025,11/30/2025,0.3427,41795.95,206.21,5630.2,3164.77,1,0,1,0,0,4,3,2,0.7192,0.9757,0.17,0.9505036,1,Declined,0.6667,0.5
120179,Meridian Insurance Services,Business Owners Policy,NY,14201,12/1/2025,12/31/2025,0.4321,34327.56,47.72,4293.42,5713.39,1,0,1,1,0,3,2,1,0.5482,0.9024,0.2581,0.9505036,1,,0.5,0.3333
120179,Meridian Insurance Services,Business Owners Policy,NY,14201,2/1/2026,2/28/2026,0.2984,53253.17,310.93,6111.77,5027.74,1,1,0,0,0,3,2,1,0.6774,0.8908,0.2036,0.9505036,1,Withdrawn,0.5,0.3333
120179,Meridian Insurance Services,Business Owners Policy,NY,14201,3/1/2026,3/31/2026,0.4397,24899.03,411.37,2933.78,546.01,1,0,0,1,0,3,2,1,0.715,0.9449,0.2694,0.9505036,1,,0.5,0.3333
120179,Meridian Insurance Services,Business Owners Policy,NY,14201,4/1/2025,4/30/2025,0.3557,72289.12,512.44,8957.24,406.46,1,1,2,0,0,4,3,1,0.6485,0.8946,0.2045,0.9505036,1,,0.3333,0.25
120179,Meridian Insurance Services,Business Owners Policy,NY,14201,5/1/2025,5/31/2025,0.4364,60145.09,132.9,8273.55,3461.73,2,1,0,0,0,3,2,1,0.6755,0.8728,0.1707,0.9505036,1,Declined,0.5,0.3333
120179,Meridian Insurance Services,Business Owners Policy,NY,14201,6/1/2025,6/30/2025,0.4984,27803.52,66.53,3400.3,3005.91,1,1,1,0,0,4,2,1,0.6586,0.9129,0.1861,0.9505036,2,Withdrawn,0.5,0.25
120179,Meridian Insurance Services,Business Owners Policy,NY,14201,7/1/2025,7/31/2025,0.5115,55437.91,134.35,6214.34,485.33,1,1,2,1,0,7,6,5,0.6747,0.907,0.2147,0.9505036,1,Withdrawn,0.8333,0.7143
120179,Meridian Insurance Services,Business Owners Policy,NY,14201,8/1/2025,8/31/2025,0.4053,58920.99,324.92,7196.52,2039.27,1,0,2,0,0,5,4,2,0.6665,0.9217,0.1853,0.9505036,1,,0.5,0.4
120179,Meridian Insurance Services,Business Owners Policy,NY,14201,9/1/2025,9/30/2025,0.4617,38614.3,95.4,5001.61,1855.39,2,1,2,0,0,3,2,1,0.6879,0.9165,0.2645,0.9505036,1,Withdrawn,0.5,0.3333
120180,Liberty Insurance Group,Workers Comp,NJ,7030,1/1/2026,1/31/2026,0.5921,19318.61,759.97,2423.25,300.03,2,2,3,1,0,11,10,8,0.5659,0.8154,0.3017,1.0,1,,0.8,0.7273
120180,Liberty Insurance Group,Workers Comp,NJ,7030,10/1/2025,10/31/2025,0.6261,21956.67,408.5,2520.68,6538.42,2,1,3,0,0,6,4,3,0.4587,0.7914,0.2798,1.0,2,Declined,0.75,0.5
120180,Liberty Insurance Group,Workers Comp,NJ,7030,11/1/2025,11/30/2025,0.574,29584.46,1670.45,2810.79,6912.25,2,1,0,0,0,8,3,1,0.5973,0.8089,0.2596,1.0,5,Declined,0.3333,0.125
120180,Liberty Insurance Group,Workers Comp,NJ,7030,12/1/2025,12/31/2025,0.4279,20005.65,3130.3,2236.99,11501.14,2,2,0,0,0,5,3,2,0.5988,0.8293,0.2699,1.0,2,Withdrawn,0.6667,0.4
120180,Liberty Insurance Group,Workers Comp,NJ,7030,2/1/2026,2/28/2026,0.651,20298.65,188.74,2261.37,5159.29,2,0,2,0,0,3,2,1,0.5512,0.8951,0.2697,1.0,1,Withdrawn,0.5,0.3333
120180,Liberty Insurance Group,Workers Comp,NJ,7030,3/1/2026,3/31/2026,0.512,36761.85,922.97,3492.94,2203.48,2,1,2,1,0,3,2,1,0.6105,0.7862,0.218,1.0,1,,0.5,0.3333
120180,Liberty Insurance Group,Workers Comp,NJ,7030,4/1/2025,4/30/2025,0.4924,24892.71,182.59,2344.1,4792.43,0,1,2,0,0,4,2,1,0.5339,0.8137,0.2273,1.0,2,,0.5,0.25
120180,Liberty Insurance Group,Workers Comp,NJ,7030,5/1/2025,5/31/2025,0.5634,31139.5,645.51,3715.33,782.01,2,2,0,1,0,3,2,1,0.4882,0.8713,0.2658,1.0,1,,0.5,0.3333
120180,Liberty Insurance Group,Workers Comp,NJ,7030,6/1/2025,6/30/2025,0.5558,39452.71,801.05,4896.73,1041.36,2,3,1,0,0,6,3,2,0.6132,0.7861,0.2964,1.0,3,Withdrawn,0.6667,0.3333
120180,Liberty Insurance Group,Workers Comp,NJ,7030,7/1/2025,7/31/2025,0.5066,23578.28,1048.67,2618.54,12402.92,0,0,3,0,0,3,2,1,0.5258,0.8365,0.317,1.0,1,Withdrawn,0.5,0.3333
120180,Liberty Insurance Group,Workers Comp,NJ,7030,8/1/2025,8/31/2025,0.5775,26709.72,1557.61,2656.73,2632.19,2,1,2,0,0,4,3,2,0.5164,0.8482,0.247,1.0,1,,0.6667,0.5
120180,Liberty Insurance Group,Workers Comp,NJ,7030,9/1/2025,9/30/2025,0.6323,23891.22,705.65,2899.88,1811.78,1,0,1,1,0,6,5,2,0.5764,0.8231,0.2683,1.0,1,Withdrawn,0.4,0.3333
120181,Vantage Risk Solutions,Commercial Auto,NJ,7102,1/1/2026,1/31/2026,0.3294,70886.59,1143.73,8290.71,1511.08,1,1,0,0,0,3,2,1,0.6709,0.9156,0.175,0.997704885,1,Withdrawn,0.5,0.3333
120181,Vantage Risk Solutions,Commercial Auto,NJ,7102,10/1/2025,10/31/2025,0.3822,27838.78,680.08,3431.92,2872.9,1,1,0,1,0,5,4,2,0.74,0.941,0.1695,0.997704885,1,Declined,0.5,0.4
120181,Vantage Risk Solutions,Commercial Auto,NJ,7102,11/1/2025,11/30/2025,0.3331,53620.94,389.63,5539.19,10444.27,0,0,4,1,0,4,3,1,0.5894,0.8866,0.1962,0.997704885,1,,0.3333,0.25
120181,Vantage Risk Solutions,Commercial Auto,NJ,7102,12/1/2025,12/31/2025,0.3934,46096.41,284.38,5911.65,3924.33,2,0,1,0,0,3,2,1,0.54,0.8978,0.1882,0.997704885,1,Declined,0.5,0.3333
120181,Vantage Risk Solutions,Commercial Auto,NJ,7102,2/1/2026,2/28/2026,0.412,48924.9,218.65,5319.59,4468.41,0,1,0,1,0,4,3,2,0.6946,0.9062,0.1664,0.997704885,1,,0.6667,0.5
120181,Vantage Risk Solutions,Commercial Auto,NJ,7102,3/1/2026,3/31/2026,0.3893,52200.78,933.13,7147.88,4165.51,2,0,1,1,0,3,2,1,0.6903,0.9247,0.2497,0.997704885,1,,0.5,0.3333
120181,Vantage Risk Solutions,Commercial Auto,NJ,7102,4/1/2025,4/30/2025,0.3036,54931.89,197.56,6285.35,611.86,1,0,1,0,0,4,2,1,0.7209,0.8657,0.1705,0.997704885,2,Withdrawn,0.5,0.25
120181,Vantage Risk Solutions,Commercial Auto,NJ,7102,5/1/2025,5/31/2025,0.4306,41286.35,362.45,4395.15,5004.79,1,0,0,0,0,3,2,1,0.682,0.9171,0.15,0.997704885,1,,0.5,0.3333
120181,Vantage Risk Solutions,Commercial Auto,NJ,7102,6/1/2025,6/30/2025,0.3881,46449.25,1718.15,5321.96,5129.26,0,1,1,0,0,4,3,2,0.6806,0.9174,0.2033,0.997704885,1,,0.6667,0.5
120181,Vantage Risk Solutions,Commercial Auto,NJ,7102,7/1/2025,7/31/2025,0.3417,39827.16,818.38,4599.54,1919.78,0,0,0,1,0,3,2,1,0.7122,0.9303,0.1977,0.997704885,1,Declined,0.5,0.3333
120181,Vantage Risk Solutions,Commercial Auto,NJ,7102,8/1/2025,8/31/2025,0.3775,37176.57,614.65,4579.09,9071.87,3,0,2,2,0,3,2,1,0.7193,0.885,0.2044,0.997704885,1,Withdrawn,0.5,0.3333
120181,Vantage Risk Solutions,Commercial Auto,NJ,7102,9/1/2025,9/30/2025,0.374,43085.74,1384.37,4707.97,8193.27,0,0,1,0,0,3,2,1,0.6388,0.9397,0.1949,0.997704885,1,,0.5,0.3333
120182,Liberty Insurance Agency,Business Owners Policy,NJ,8401,1/1/2026,1/31/2026,0.9255,3248.08,0.0,261.91,6905.65,1,0,0,1,0,3,2,1,0.1817,0.4589,0.4594,1.0,1,Withdrawn,0.5,0.3333
120182,Liberty Insurance Agency,Business Owners Policy,NJ,8401,10/1/2025,10/31/2025,0.8805,4957.16,0.0,339.18,5175.0,2,0,0,0,0,3,2,1,0.1331,0.4228,0.574,1.0,1,Withdrawn,0.5,0.3333
120182,Liberty Insurance Agency,Business Owners Policy,NJ,8401,11/1/2025,11/30/2025,0.8718,2220.49,0.0,175.47,1726.68,0,0,1,1,0,5,3,1,0.1962,0.3519,0.4658,1.0,2,Withdrawn,0.3333,0.2
120182,Liberty Insurance Agency,Business Owners Policy,NJ,8401,12/1/2025,12/31/2025,0.7495,5061.19,0.0,399.29,8979.93,1,0,1,0,0,6,5,4,0.1671,0.4548,0.5253,1.0,1,,0.8,0.6667
120182,Liberty Insurance Agency,Business Owners Policy,NJ,8401,2/1/2026,2/28/2026,0.8796,4700.53,0.0,399.52,6828.18,0,1,1,0,0,4,3,1,0.1796,0.4766,0.4887,1.0,1,Declined,0.3333,0.25
120182,Liberty Insurance Agency,Business Owners Policy,NJ,8401,3/1/2026,3/31/2026,0.8373,2867.17,0.0,237.03,4588.6,0,1,2,0,0,4,3,2,0.197,0.5074,0.5367,1.0,1,,0.6667,0.5
120182,Liberty Insurance Agency,Business Owners Policy,NJ,8401,4/1/2025,4/30/2025,0.8695,4230.91,0.0,340.65,2385.78,1,1,0,0,0,3,2,1,0.2133,0.3488,0.5838,1.0,1,,0.5,0.3333
120182,Liberty Insurance Agency,Business Owners Policy,NJ,8401,5/1/2025,5/31/2025,0.8618,6176.28,0.0,508.47,6052.9,1,0,0,0,0,3,2,1,0.1319,0.4743,0.4631,1.0,1,,0.5,0.3333
120182,Liberty Insurance Agency,Business Owners Policy,NJ,8401,6/1/2025,6/30/2025,1.0017,4541.33,0.0,384.62,3430.72,0,1,2,0,1,4,2,1,0.2116,0.3829,0.4703,1.0,2,Withdrawn,0.5,0.25
120182,Liberty Insurance Agency,Business Owners Policy,NJ,8401,7/1/2025,7/31/2025,0.841,651.04,0.0,50.0,3335.62,1,1,1,0,0,3,2,1,0.1186,0.4894,0.5717,1.0,1,,0.5,0.3333
120182,Liberty Insurance Agency,Business Owners Policy,NJ,8401,8/1/2025,8/31/2025,0.9635,2719.39,0.0,240.18,4429.77,1,0,0,0,0,3,2,1,0.1896,0.4358,0.4773,1.0,1,Withdrawn,0.5,0.3333
120182,Liberty Insurance Agency,Business Owners Policy,NJ,8401,9/1/2025,9/30/2025,0.9883,3160.99,0.0,278.51,779.33,2,0,2,0,0,3,2,1,0.1687,0.4688,0.4792,1.0,1,,0.5,0.3333
120183,Heritage Brokerage,Workers Comp,NJ,7601,1/1/2026,1/31/2026,0.8515,4287.11,1401.35,367.61,3826.2,0,1,1,0,0,3,2,1,0.2971,0.5059,0.3849,0.925808493,1,,0.5,0.3333
120183,Heritage Brokerage,Workers Comp,NJ,7601,10/1/2025,10/31/2025,0.8674,5648.2,771.77,459.42,1756.77,2,0,1,0,0,3,2,1,0.3466,0.5967,0.3519,0.925808493,1,Declined,0.5,0.3333
120183,Heritage Brokerage,Workers Comp,NJ,7601,11/1/2025,11/30/2025,0.8055,10710.62,936.28,830.73,814.05,0,0,1,0,0,4,3,1,0.2078,0.635,0.3964,0.925808493,1,,0.3333,0.25
120183,Heritage Brokerage,Workers Comp,NJ,7601,12/1/2025,12/31/2025,0.7873,7269.12,1135.54,656.26,1395.58,1,0,1,1,0,5,4,1,0.3113,0.5128,0.341,0.925808493,1,Withdrawn,0.25,0.2
120183,Heritage Brokerage,Workers Comp,NJ,7601,2/1/2026,2/28/2026,0.7233,4553.22,300.32,384.73,2106.07,0,2,0,0,0,5,2,1,0.2645,0.5626,0.3832,0.925808493,3,,0.5,0.2
120183,Heritage Brokerage,Workers Comp,NJ,7601,3/1/2026,3/31/2026,0.799,11534.06,424.5,1015.39,3061.79,1,0,1,0,0,3,2,1,0.3317,0.6034,0.4063,0.925808493,1,Withdrawn,0.5,0.3333
120183,Heritage Brokerage,Workers Comp,NJ,7601,4/1/2025,4/30/2025,0.7805,5976.09,280.99,599.12,4148.62,0,1,0,0,0,4,3,1,0.343,0.4829,0.3676,0.925808493,1,,0.3333,0.25
120183,Heritage Brokerage,Workers Comp,NJ,7601,5/1/2025,5/31/2025,0.8048,6916.31,1387.84,631.23,654.93,1,0,1,0,0,4,3,2,0.3434,0.5213,0.5018,0.925808493,1,Declined,0.6667,0.5
120183,Heritage Brokerage,Workers Comp,NJ,7601,6/1/2025,6/30/2025,0.8683,8530.3,696.05,845.08,477.68,1,0,0,0,0,3,2,1,0.3133,0.5407,0.4185,0.925808493,1,,0.5,0.3333
120183,Heritage Brokerage,Workers Comp,NJ,7601,7/1/2025,7/31/2025,0.7856,13056.17,116.26,1238.58,3424.92,1,1,1,0,0,3,2,1,0.2627,0.6593,0.5061,0.925808493,1,,0.5,0.3333
120183,Heritage Brokerage,Workers Comp,NJ,7601,8/1/2025,8/31/2025,0.8621,12213.71,291.75,1143.33,3075.51,0,1,1,1,0,6,3,2,0.2806,0.5252,0.4735,0.925808493,3,,0.6667,0.3333
120183,Heritage Brokerage,Workers Comp,NJ,7601,9/1/2025,9/30/2025,0.7615,6098.45,64.48,556.46,1282.58,1,0,0,0,0,3,2,1,0.3629,0.4939,0.4788,0.925808493,1,Withdrawn,0.5,0.3333
120184,Sterling Risk Advisors,Commercial Auto,PA,19103,1/1/2026,1/31/2026,0.5643,25015.53,120.12,2467.35,667.86,1,0,0,0,0,3,2,1,0.549,0.7931,0.345,0.88751025,1,Withdrawn,0.5,0.3333
120184,Sterling Risk Advisors,Commercial Auto,PA,19103,10/1/2025,10/31/2025,0.4849,29147.12,18.05,3328.77,499.59,0,0,2,1,0,4,2,1,0.617,0.7781,0.3157,0.88751025,2,Withdrawn,0.5,0.25
120184,Sterling Risk Advisors,Commercial Auto,PA,19103,11/1/2025,11/30/2025,0.554,20058.73,99.57,2468.5,84.71,0,0,1,0,0,3,2,1,0.5766,0.892,0.3303,0.88751025,1,Declined,0.5,0.3333
120184,Sterling Risk Advisors,Commercial Auto,PA,19103,12/1/2025,12/31/2025,0.5171,28383.86,33.47,3162.45,1196.18,1,0,1,0,0,3,2,1,0.646,0.8286,0.2661,0.88751025,1,,0.5,0.3333
120184,Sterling Risk Advisors,Commercial Auto,PA,19103,2/1/2026,2/28/2026,0.6112,23933.88,101.56,2272.05,1365.35,0,1,0,0,0,3,2,1,0.5314,0.8509,0.296,0.88751025,1,Declined,0.5,0.3333
120184,Sterling Risk Advisors,Commercial Auto,PA,19103,3/1/2026,3/31/2026,0.5051,36829.83,4.47,3974.38,1534.68,2,0,1,0,0,3,2,1,0.5777,0.7747,0.2399,0.88751025,1,Declined,0.5,0.3333
120184,Sterling Risk Advisors,Commercial Auto,PA,19103,4/1/2025,4/30/2025,0.5229,37883.87,64.19,4045.96,1174.75,1,1,0,1,0,4,3,2,0.4932,0.8335,0.2846,0.88751025,1,,0.6667,0.5
120184,Sterling Risk Advisors,Commercial Auto,PA,19103,5/1/2025,5/31/2025,0.5882,36805.29,82.62,4654.23,2602.23,1,0,2,1,0,3,2,1,0.6584,0.8543,0.3083,0.88751025,1,Withdrawn,0.5,0.3333
120184,Sterling Risk Advisors,Commercial Auto,PA,19103,6/1/2025,6/30/2025,0.5567,13187.31,85.76,1312.19,826.62,1,1,0,1,0,3,2,1,0.4436,0.8308,0.2372,0.88751025,1,Withdrawn,0.5,0.3333
120184,Sterling Risk Advisors,Commercial Auto,PA,19103,7/1/2025,7/31/2025,0.5991,32682.01,51.37,3934.5,3769.39,1,1,0,0,0,4,3,2,0.5553,0.816,0.2699,0.88751025,1,,0.6667,0.5
120184,Sterling Risk Advisors,Commercial Auto,PA,19103,8/1/2025,8/31/2025,0.6023,41955.96,31.0,4707.44,1695.11,1,0,2,1,0,3,2,1,0.5198,0.9004,0.275,0.88751025,1,,0.5,0.3333
120184,Sterling Risk Advisors,Commercial Auto,PA,19103,9/1/2025,9/30/2025,0.5463,47784.0,15.65,4619.15,955.89,1,0,1,0,0,3,2,1,0.5374,0.8066,0.2592,0.88751025,1,Withdrawn,0.5,0.3333
120185,Horizon Agency Group,Business Owners Policy,PA,15222,1/1/2026,1/31/2026,0.7245,7341.26,0.0,810.18,469.25,0,1,1,0,0,3,2,1,0.3953,0.7521,0.2659,0.859735329,1,,0.5,0.3333
120185,Horizon Agency Group,Business Owners Policy,PA,15222,10/1/2025,10/31/2025,0.7659,12139.33,0.0,1150.44,208.52,1,1,0,0,0,4,2,1,0.3727,0.5492,0.3104,0.859735329,2,Withdrawn,0.5,0.25
120185,Horizon Agency Group,Business Owners Policy,PA,15222,11/1/2025,11/30/2025,0.7427,13430.62,0.0,1228.43,1012.19,1,1,1,0,0,5,3,2,0.4745,0.7113,0.3357,0.859735329,2,,0.6667,0.4
120185,Horizon Agency Group,Business Owners Policy,PA,15222,12/1/2025,12/31/2025,0.7011,8750.45,0.0,980.27,2792.06,0,0,1,0,0,3,2,1,0.4396,0.7362,0.3029,0.859735329,1,,0.5,0.3333
120185,Horizon Agency Group,Business Owners Policy,PA,15222,2/1/2026,2/28/2026,0.6366,7673.94,0.0,794.59,926.21,0,0,0,0,0,4,3,2,0.4592,0.6421,0.3792,0.859735329,1,Declined,0.6667,0.5
120185,Horizon Agency Group,Business Owners Policy,PA,15222,3/1/2026,3/31/2026,0.832,13176.85,0.0,1367.61,862.21,0,0,1,0,0,3,2,1,0.4538,0.708,0.3356,0.859735329,1,,0.5,0.3333
120185,Horizon Agency Group,Business Owners Policy,PA,15222,4/1/2025,4/30/2025,0.6367,11078.85,0.0,1180.19,805.0,0,1,0,0,0,4,3,2,0.3346,0.736,0.3155,0.859735329,1,Withdrawn,0.6667,0.5
120185,Horizon Agency Group,Business Owners Policy,PA,15222,5/1/2025,5/31/2025,0.9128,11080.99,0.0,1162.55,1321.49,0,0,0,0,0,3,2,1,0.4454,0.6825,0.3717,0.859735329,1,,0.5,0.3333
120185,Horizon Agency Group,Business Owners Policy,PA,15222,6/1/2025,6/30/2025,0.686,15226.38,0.0,1632.0,1090.46,1,0,1,0,0,5,4,3,0.4317,0.6864,0.3997,0.859735329,1,,0.75,0.6
120185,Horizon Agency Group,Business Owners Policy,PA,15222,7/1/2025,7/31/2025,0.6215,13340.32,0.0,1265.34,1745.02,0,0,0,0,0,8,7,2,0.5049,0.7235,0.3423,0.859735329,1,Withdrawn,0.2857,0.25
120185,Horizon Agency Group,Business Owners Policy,PA,15222,8/1/2025,8/31/2025,0.76,11410.16,0.0,1077.4,182.7,1,0,0,0,0,3,2,1,0.3816,0.6754,0.3396,0.859735329,1,,0.5,0.3333
120185,Horizon Agency Group,Business Owners Policy,PA,15222,9/1/2025,9/30/2025,0.575,18396.73,0.0,2013.2,1181.37,1,1,0,0,0,3,2,1,0.4595,0.6507,0.3826,0.859735329,1,Withdrawn,0.5,0.3333
120186,Pinnacle Insurance Group,Workers Comp,PA,17101,1/1/2026,1/31/2026,0.83,9241.18,0.0,921.33,3159.0,0,1,1,0,0,3,2,1,0.3043,0.5395,0.4784,0.906011671,1,,0.5,0.3333
120186,Pinnacle Insurance Group,Workers Comp,PA,17101,10/1/2025,10/31/2025,0.7407,7511.49,0.0,683.66,1630.42,1,1,1,0,0,3,2,1,0.3499,0.6126,0.42,0.906011671,1,Withdrawn,0.5,0.3333
120186,Pinnacle Insurance Group,Workers Comp,PA,17101,11/1/2025,11/30/2025,0.8749,5330.6,0.0,524.1,1830.33,0,0,1,0,0,4,3,2,0.2398,0.5765,0.4215,0.906011671,1,,0.6667,0.5
120186,Pinnacle Insurance Group,Workers Comp,PA,17101,12/1/2025,12/31/2025,0.851,6130.17,0.0,573.87,2825.24,1,0,1,0,0,8,4,2,0.3792,0.5924,0.371,0.906011671,4,,0.5,0.25
120186,Pinnacle Insurance Group,Workers Comp,PA,17101,2/1/2026,2/28/2026,0.8739,7345.46,0.0,721.3,1132.43,0,0,1,0,0,3,2,1,0.4372,0.6222,0.4135,0.906011671,1,,0.5,0.3333
120186,Pinnacle Insurance Group,Workers Comp,PA,17101,3/1/2026,3/31/2026,0.7413,4642.35,0.0,425.88,960.38,1,0,0,0,0,3,2,1,0.3315,0.4956,0.4257,0.906011671,1,Withdrawn,0.5,0.3333
120186,Pinnacle Insurance Group,Workers Comp,PA,17101,4/1/2025,4/30/2025,0.8986,9116.54,0.0,799.98,1510.32,0,0,1,0,0,7,5,2,0.3368,0.4619,0.4546,0.906011671,2,,0.4,0.2857
120186,Pinnacle Insurance Group,Workers Comp,PA,17101,5/1/2025,5/31/2025,0.8354,6654.5,0.0,598.63,1002.03,2,1,0,0,0,3,2,1,0.2696,0.4916,0.3823,0.906011671,1,Withdrawn,0.5,0.3333
120186,Pinnacle Insurance Group,Workers Comp,PA,17101,6/1/2025,6/30/2025,0.9775,5409.73,0.0,555.41,1796.7,0,1,1,1,0,3,2,1,0.2372,0.6347,0.4132,0.906011671,1,Withdrawn,0.5,0.3333
120186,Pinnacle Insurance Group,Workers Comp,PA,17101,7/1/2025,7/31/2025,0.8258,9752.8,0.0,930.41,3694.64,0,0,0,0,0,3,2,1,0.3037,0.6326,0.3801,0.906011671,1,,0.5,0.3333
120186,Pinnacle Insurance Group,Workers Comp,PA,17101,8/1/2025,8/31/2025,0.8488,6037.76,0.0,573.03,698.67,1,0,0,1,0,3,2,1,0.2967,0.6006,0.4416,0.906011671,1,Withdrawn,0.5,0.3333
120186,Pinnacle Insurance Group,Workers Comp,PA,17101,9/1/2025,9/30/2025,0.83,1568.75,0.0,120.53,699.32,1,1,0,0,0,3,2,1,0.3484,0.584,0.4444,0.906011671,1,,0.5,0.3333
120187,Bridgepoint Agency Group,Commercial Auto,PA,18501,1/1/2026,1/31/2026,0.6669,14676.41,749.54,1337.32,2026.53,1,1,1,0,0,3,2,1,0.4246,0.7637,0.3346,0.84533189,1,,0.5,0.3333
120187,Bridgepoint Agency Group,Commercial Auto,PA,18501,10/1/2025,10/31/2025,0.5987,10192.23,306.14,875.92,400.27,0,0,1,1,0,3,2,1,0.4279,0.668,0.3409,0.84533189,1,Declined,0.5,0.3333
120187,Bridgepoint Agency Group,Commercial Auto,PA,18501,11/1/2025,11/30/2025,0.7085,19921.5,228.15,2125.02,291.38,0,0,1,0,0,3,2,1,0.4239,0.6941,0.3113,0.84533189,1,,0.5,0.3333
120187,Bridgepoint Agency Group,Commercial Auto,PA,18501,12/1/2025,12/31/2025,0.718,14390.07,310.26,1592.41,1067.37,0,0,0,1,0,8,7,2,0.4095,0.6694,0.3476,0.84533189,1,Declined,0.2857,0.25
120187,Bridgepoint Agency Group,Commercial Auto,PA,18501,2/1/2026,2/28/2026,0.7383,16833.8,966.25,1596.38,867.44,0,0,0,0,0,4,2,1,0.4738,0.7676,0.3618,0.84533189,2,,0.5,0.25
120187,Bridgepoint Agency Group,Commercial Auto,PA,18501,3/1/2026,3/31/2026,0.7748,14327.9,416.81,1645.09,487.92,0,0,0,0,0,5,4,2,0.4215,0.6998,0.3646,0.84533189,1,Declined,0.5,0.4
120187,Bridgepoint Agency Group,Commercial Auto,PA,18501,4/1/2025,4/30/2025,0.6619,11575.22,577.84,1115.42,813.36,0,0,0,0,0,3,2,1,0.3933,0.6355,0.3648,0.84533189,1,,0.5,0.3333
120187,Bridgepoint Agency Group,Commercial Auto,PA,18501,5/1/2025,5/31/2025,0.5855,10558.88,73.65,1108.76,2066.27,0,0,0,0,0,3,2,1,0.3715,0.7294,0.3742,0.84533189,1,,0.5,0.3333
120187,Bridgepoint Agency Group,Commercial Auto,PA,18501,6/1/2025,6/30/2025,0.7478,13293.79,216.12,1220.62,923.75,1,0,0,0,0,3,2,1,0.4402,0.8033,0.3487,0.84533189,1,,0.5,0.3333
120187,Bridgepoint Agency Group,Commercial Auto,PA,18501,7/1/2025,7/31/2025,0.64,17801.01,176.67,1828.7,932.51,1,0,0,0,0,3,2,1,0.4497,0.6426,0.3408,0.84533189,1,,0.5,0.3333
120187,Bridgepoint Agency Group,Commercial Auto,PA,18501,8/1/2025,8/31/2025,0.5349,9857.98,281.17,1018.73,560.42,1,0,1,1,0,3,2,1,0.4418,0.7122,0.3784,0.84533189,1,Withdrawn,0.5,0.3333
120187,Bridgepoint Agency Group,Commercial Auto,PA,18501,9/1/2025,9/30/2025,0.6471,18281.21,205.46,1916.87,316.28,0,0,0,0,0,4,2,1,0.4465,0.7104,0.3328,0.84533189,2,,0.5,0.25
120188,Prestige Risk Solutions,Business Owners Policy,NY,10001,1/1/2026,1/31/2026,0.6866,3736.09,0.0,394.03,641.59,0,1,1,0,0,3,2,1,0.3956,0.6788,0.322,0.84803174,1,,0.5,0.3333
120188,Prestige Risk Solutions,Business Owners Policy,NY,10001,10/1/2025,10/31/2025,0.6493,14848.08,0.0,1351.02,1089.44,0,0,0,0,0,5,3,1,0.4428,0.7229,0.3372,0.84803174,2,,0.3333,0.2
120188,Prestige Risk Solutions,Business Owners Policy,NY,10001,11/1/2025,11/30/2025,0.699,9137.75,0.0,978.01,288.86,0,1,1,0,0,4,3,2,0.3912,0.6315,0.3226,0.84803174,1,,0.6667,0.5
120188,Prestige Risk Solutions,Business Owners Policy,NY,10001,12/1/2025,12/31/2025,0.7326,13522.96,0.0,1472.16,1710.72,1,0,0,0,0,3,2,1,0.411,0.7753,0.3238,0.84803174,1,,0.5,0.3333
120188,Prestige Risk Solutions,Business Owners Policy,NY,10001,2/1/2026,2/28/2026,0.5945,9867.54,0.0,1097.93,1327.83,0,0,0,1,0,3,2,1,0.3577,0.703,0.3698,0.84803174,1,Declined,0.5,0.3333
120188,Prestige Risk Solutions,Business Owners Policy,NY,10001,3/1/2026,3/31/2026,0.6393,12239.32,0.0,1216.28,614.61,1,0,0,0,0,3,2,1,0.4149,0.7146,0.3928,0.84803174,1,Withdrawn,0.5,0.3333
120188,Prestige Risk Solutions,Business Owners Policy,NY,10001,4/1/2025,4/30/2025,0.6868,15087.2,0.0,1725.17,604.29,0,0,1,0,0,4,3,2,0.3886,0.701,0.3353,0.84803174,1,Withdrawn,0.6667,0.5
120188,Prestige Risk Solutions,Business Owners Policy,NY,10001,5/1/2025,5/31/2025,0.7046,13156.54,0.0,1478.14,1445.03,2,1,0,1,0,3,2,1,0.431,0.7058,0.3027,0.84803174,1,Withdrawn,0.5,0.3333
120188,Prestige Risk Solutions,Business Owners Policy,NY,10001,6/1/2025,6/30/2025,0.7966,16629.72,0.0,1679.94,1875.22,0,0,0,0,0,3,2,1,0.4813,0.7431,0.3568,0.84803174,1,Declined,0.5,0.3333
120188,Prestige Risk Solutions,Business Owners Policy,NY,10001,7/1/2025,7/31/2025,0.765,12794.24,0.0,1395.32,335.55,1,0,2,0,0,3,2,1,0.3268,0.6762,0.3635,0.84803174,1,Withdrawn,0.5,0.3333
120188,Prestige Risk Solutions,Business Owners Policy,NY,10001,8/1/2025,8/31/2025,0.7261,15800.08,0.0,1390.17,931.68,1,0,1,0,0,3,2,1,0.3691,0.7282,0.345,0.84803174,1,,0.5,0.3333
120188,Prestige Risk Solutions,Business Owners Policy,NY,10001,9/1/2025,9/30/2025,0.684,13335.95,0.0,1473.91,212.31,0,0,0,1,0,4,3,2,0.4408,0.7343,0.374,0.84803174,1,Withdrawn,0.6667,0.5
120189,Horizon Brokerage,Workers Comp,NY,11201,1/1/2026,1/31/2026,0.4869,20919.77,0.0,2216.61,916.29,1,0,0,0,0,4,3,2,0.5114,0.8185,0.2507,0.908890248,1,,0.6667,0.5
120189,Horizon Brokerage,Workers Comp,NY,11201,10/1/2025,10/31/2025,0.5563,36043.6,0.0,3532.74,1252.94,1,0,1,1,0,3,2,1,0.6135,0.7615,0.2915,0.908890248,1,,0.5,0.3333
120189,Horizon Brokerage,Workers Comp,NY,11201,11/1/2025,11/30/2025,0.584,11692.43,0.0,1453.17,1053.31,0,1,1,0,0,3,2,1,0.5988,0.8162,0.3098,0.908890248,1,Declined,0.5,0.3333
120189,Horizon Brokerage,Workers Comp,NY,11201,12/1/2025,12/31/2025,0.4866,38155.61,0.0,3713.42,2616.65,1,1,1,0,0,3,2,1,0.5734,0.8255,0.291,0.908890248,1,,0.5,0.3333
120189,Horizon Brokerage,Workers Comp,NY,11201,2/1/2026,2/28/2026,0.5126,20023.52,0.0,2182.03,1022.63,1,1,2,0,0,3,2,1,0.5954,0.8507,0.2717,0.908890248,1,Withdrawn,0.5,0.3333
120189,Horizon Brokerage,Workers Comp,NY,11201,3/1/2026,3/31/2026,0.4866,36667.53,0.0,3821.52,2570.73,0,1,2,0,0,3,2,1,0.5789,0.8069,0.3054,0.908890248,1,Withdrawn,0.5,0.3333
120189,Horizon Brokerage,Workers Comp,NY,11201,4/1/2025,4/30/2025,0.3808,38183.28,0.0,3702.72,3650.9,1,1,0,0,0,3,2,1,0.5284,0.848,0.305,0.908890248,1,Declined,0.5,0.3333
120189,Horizon Brokerage,Workers Comp,NY,11201,5/1/2025,5/31/2025,0.5462,28970.33,0.0,3395.82,1048.71,3,1,1,0,0,3,2,1,0.4754,0.8985,0.2887,0.908890248,1,,0.5,0.3333
120189,Horizon Brokerage,Workers Comp,NY,11201,6/1/2025,6/30/2025,0.5586,19003.83,0.0,2136.05,1824.5,0,2,2,1,0,6,5,2,0.557,0.8447,0.2556,0.908890248,1,Withdrawn,0.4,0.3333
120189,Horizon Brokerage,Workers Comp,NY,11201,7/1/2025,7/31/2025,0.5549,21183.3,0.0,2632.81,3204.6,1,0,0,0,0,3,2,1,0.5469,0.8048,0.2804,0.908890248,1,,0.5,0.3333
120189,Horizon Brokerage,Workers Comp,NY,11201,8/1/2025,8/31/2025,0.5265,30085.25,0.0,3355.14,1358.95,1,1,1,0,0,3,2,1,0.4946,0.8409,0.2861,0.908890248,1,,0.5,0.3333
120189,Horizon Brokerage,Workers Comp,NY,11201,9/1/2025,9/30/2025,0.6291,35968.98,0.0,3744.81,1091.8,1,0,0,0,0,7,6,4,0.6557,0.8491,0.2679,0.908890248,1,,0.6667,0.5714
120190,Vantage Risk Advisors,Commercial Auto,NY,10301,1/1/2026,1/31/2026,0.2897,49195.8,607.08,5828.61,161.33,0,0,0,0,0,8,6,3,0.6302,0.903,0.222,0.932790714,2,Withdrawn,0.5,0.375
120190,Vantage Risk Advisors,Commercial Auto,NY,10301,10/1/2025,10/31/2025,0.3921,55525.32,634.6,7223.41,2141.94,1,0,1,1,0,3,2,1,0.6874,0.9156,0.1867,0.932790714,1,Withdrawn,0.5,0.3333
120190,Vantage Risk Advisors,Commercial Auto,NY,10301,11/1/2025,11/30/2025,0.3403,48195.54,164.07,6585.51,3764.35,4,0,1,0,0,3,2,1,0.6818,0.9213,0.234,0.932790714,1,,0.5,0.3333
120190,Vantage Risk Advisors,Commercial Auto,NY,10301,12/1/2025,12/31/2025,0.3442,45880.33,541.97,5061.88,1898.81,0,1,0,0,0,3,2,1,0.6821,0.9015,0.233,0.932790714,1,,0.5,0.3333
120190,Vantage Risk Advisors,Commercial Auto,NY,10301,2/1/2026,2/28/2026,0.3666,27848.08,628.39,2917.51,1927.99,0,0,0,0,0,3,2,1,0.6933,0.9156,0.2076,0.932790714,1,,0.5,0.3333
120190,Vantage Risk Advisors,Commercial Auto,NY,10301,3/1/2026,3/31/2026,0.4572,49970.42,944.26,6587.75,3891.67,1,1,0,0,0,6,5,4,0.6916,0.9285,0.2349,0.932790714,1,,0.8,0.6667
120190,Vantage Risk Advisors,Commercial Auto,NY,10301,4/1/2025,4/30/2025,0.4231,31525.19,3029.13,3310.3,3864.07,0,0,1,1,0,3,2,1,0.672,0.9277,0.2505,0.932790714,1,,0.5,0.3333
120190,Vantage Risk Advisors,Commercial Auto,NY,10301,5/1/2025,5/31/2025,0.4801,36296.57,424.17,4391.38,1386.75,0,1,1,0,0,3,2,1,0.6349,0.8739,0.2213,0.932790714,1,,0.5,0.3333
120190,Vantage Risk Advisors,Commercial Auto,NY,10301,6/1/2025,6/30/2025,0.4072,39777.68,183.66,4644.57,252.5,0,0,2,0,0,3,2,1,0.6515,0.9638,0.1951,0.932790714,1,,0.5,0.3333
120190,Vantage Risk Advisors,Commercial Auto,NY,10301,7/1/2025,7/31/2025,0.3275,29202.05,2320.19,3234.55,743.12,2,1,0,1,0,7,4,2,0.7076,0.9234,0.2276,0.932790714,3,Declined,0.5,0.2857
120190,Vantage Risk Advisors,Commercial Auto,NY,10301,8/1/2025,8/31/2025,0.4869,65516.5,136.94,8685.76,1913.21,1,0,2,0,0,3,2,1,0.7235,0.9228,0.227,0.932790714,1,,0.5,0.3333
120190,Vantage Risk Advisors,Commercial Auto,NY,10301,9/1/2025,9/30/2025,0.4526,29328.0,295.82,3146.98,2053.17,1,1,2,1,0,4,3,1,0.6484,0.9275,0.246,0.932790714,1,Withdrawn,0.3333,0.25
120191,Capitol Risk Consultants,Business Owners Policy,NY,14201,1/1/2026,1/31/2026,0.635,8170.58,190.38,778.81,2790.4,2,0,2,0,0,3,2,1,0.3444,0.5378,0.4361,0.925000449,1,Declined,0.5,0.3333
120191,Capitol Risk Consultants,Business Owners Policy,NY,14201,10/1/2025,10/31/2025,0.8874,12320.01,377.68,1246.91,1522.44,1,1,1,0,0,3,2,1,0.3471,0.4797,0.4371,0.925000449,1,Declined,0.5,0.3333
120191,Capitol Risk Consultants,Business Owners Policy,NY,14201,11/1/2025,11/30/2025,0.7885,1686.83,452.58,163.73,1769.11,1,1,2,0,0,3,2,1,0.2833,0.4947,0.4504,0.925000449,1,,0.5,0.3333
120191,Capitol Risk Consultants,Business Owners Policy,NY,14201,12/1/2025,12/31/2025,0.7778,4853.72,37.34,399.21,3762.97,0,0,1,0,0,8,7,6,0.2592,0.6768,0.3969,0.925000449,1,,0.8571,0.75
120191,Capitol Risk Consultants,Business Owners Policy,NY,14201,2/1/2026,2/28/2026,0.856,6117.63,381.36,485.04,2362.94,1,1,0,0,0,3,2,1,0.2165,0.5398,0.3856,0.925000449,1,,0.5,0.3333
120191,Capitol Risk Consultants,Business Owners Policy,NY,14201,3/1/2026,3/31/2026,0.7547,11206.55,216.94,1076.36,1829.29,1,0,1,0,0,4,3,1,0.3129,0.5738,0.3831,0.925000449,1,,0.3333,0.25
120191,Capitol Risk Consultants,Business Owners Policy,NY,14201,4/1/2025,4/30/2025,0.7096,500.0,253.1,50.0,951.77,0,1,0,1,0,7,5,1,0.2628,0.5728,0.3694,0.925000449,2,,0.2,0.1429
120191,Capitol Risk Consultants,Business Owners Policy,NY,14201,5/1/2025,5/31/2025,0.901,3976.46,213.66,312.82,1991.61,0,1,0,0,0,3,2,1,0.3138,0.6041,0.4406,0.925000449,1,,0.5,0.3333
120191,Capitol Risk Consultants,Business Owners Policy,NY,14201,6/1/2025,6/30/2025,0.7648,7116.75,514.44,721.83,805.25,0,0,0,1,0,3,2,1,0.3493,0.4915,0.4807,0.925000449,1,Withdrawn,0.5,0.3333
120191,Capitol Risk Consultants,Business Owners Policy,NY,14201,7/1/2025,7/31/2025,0.7906,3762.93,51.3,368.95,2854.02,2,0,1,1,0,3,2,1,0.3081,0.5739,0.4353,0.925000449,1,,0.5,0.3333
120191,Capitol Risk Consultants,Business Owners Policy,NY,14201,8/1/2025,8/31/2025,0.7666,9726.29,168.39,946.47,4226.04,0,0,1,0,0,3,2,1,0.3539,0.6608,0.4222,0.925000449,1,Withdrawn,0.5,0.3333
120191,Capitol Risk Consultants,Business Owners Policy,NY,14201,9/1/2025,9/30/2025,0.8677,5559.39,401.45,568.41,928.94,2,2,1,0,0,3,2,1,0.3554,0.6024,0.3749,0.925000449,1,Declined,0.5,0.3333
120192,Sterling Risk Solutions,Workers Comp,NJ,7030,1/1/2026,1/31/2026,0.9348,6727.97,644.82,459.08,565.42,2,0,0,0,0,3,2,1,0.1512,0.3567,0.4791,0.87043041,1,Declined,0.5,0.3333
120192,Sterling Risk Solutions,Workers Comp,NJ,7030,10/1/2025,10/31/2025,0.9395,5833.96,1044.34,443.59,360.66,2,0,1,1,0,4,2,1,0.1214,0.4518,0.5503,0.87043041,2,,0.5,0.25
120192,Sterling Risk Solutions,Workers Comp,NJ,7030,11/1/2025,11/30/2025,1.0307,2112.98,1108.26,181.8,139.1,0,0,0,0,0,4,3,2,0.2095,0.4559,0.5367,0.87043041,1,Withdrawn,0.6667,0.5
120192,Sterling Risk Solutions,Workers Comp,NJ,7030,12/1/2025,12/31/2025,1.0272,1702.49,478.44,138.3,1845.62,1,0,2,0,0,6,5,1,0.1577,0.4058,0.5617,0.87043041,1,Withdrawn,0.2,0.1667
120192,Sterling Risk Solutions,Workers Comp,NJ,7030,2/1/2026,2/28/2026,0.8776,500.0,1083.79,50.0,849.27,1,1,2,0,0,3,2,1,0.179,0.4898,0.4308,0.87043041,1,Declined,0.5,0.3333
120192,Sterling Risk Solutions,Workers Comp,NJ,7030,3/1/2026,3/31/2026,0.9563,3519.91,563.21,258.07,2037.78,0,0,3,1,0,3,2,1,0.1587,0.2665,0.542,0.87043041,1,Declined,0.5,0.3333
120192,Sterling Risk Solutions,Workers Comp,NJ,7030,4/1/2025,4/30/2025,0.8241,3033.1,242.44,251.67,1039.7,2,0,0,0,0,4,3,2,0.161,0.4971,0.4548,0.87043041,1,,0.6667,0.5
120192,Sterling Risk Solutions,Workers Comp,NJ,7030,5/1/2025,5/31/2025,0.7869,5777.41,567.96,505.15,1164.54,1,1,2,1,0,3,2,1,0.0963,0.3636,0.5584,0.87043041,1,Declined,0.5,0.3333
120192,Sterling Risk Solutions,Workers Comp,NJ,7030,6/1/2025,6/30/2025,0.9631,3254.53,2051.65,268.3,1398.53,1,1,1,1,0,3,2,1,0.226,0.5433,0.5042,0.87043041,1,Withdrawn,0.5,0.3333
120192,Sterling Risk Solutions,Workers Comp,NJ,7030,7/1/2025,7/31/2025,0.944,3114.87,661.93,218.53,1566.82,1,0,1,1,0,3,2,1,0.1517,0.5133,0.4995,0.87043041,1,,0.5,0.3333
120192,Sterling Risk Solutions,Workers Comp,NJ,7030,8/1/2025,8/31/2025,0.9623,3049.25,1356.91,244.63,809.48,0,0,0,1,0,3,2,1,0.2419,0.5254,0.4942,0.87043041,1,Withdrawn,0.5,0.3333
120192,Sterling Risk Solutions,Workers Comp,NJ,7030,9/1/2025,9/30/2025,1.0375,3346.66,1181.78,259.82,1522.83,1,1,0,0,0,3,2,1,0.2139,0.5271,0.5195,0.87043041,1,Withdrawn,0.5,0.3333
120193,Vantage Insurance Services,Commercial Auto,NJ,7102,1/1/2026,1/31/2026,0.6752,5524.91,1641.28,599.92,935.06,2,1,2,0,0,3,2,1,0.421,0.7664,0.3426,0.949741721,1,Withdrawn,0.5,0.3333
120193,Vantage Insurance Services,Commercial Auto,NJ,7102,10/1/2025,10/31/2025,0.7257,15908.19,3418.12,1784.17,1247.86,1,1,3,1,0,3,2,1,0.3629,0.6734,0.3677,0.949741721,1,,0.5,0.3333
120193,Vantage Insurance Services,Commercial Auto,NJ,7102,11/1/2025,11/30/2025,0.7635,23842.26,1659.99,2341.14,2710.44,0,1,0,0,0,7,4,3,0.4602,0.6832,0.3727,0.949741721,3,Withdrawn,0.75,0.4286
120193,Vantage Insurance Services,Commercial Auto,NJ,7102,12/1/2025,12/31/2025,0.6518,12244.76,820.63,1305.54,2557.64,0,1,0,0,0,5,4,3,0.4328,0.7669,0.369,0.949741721,1,,0.75,0.6
120193,Vantage Insurance Services,Commercial Auto,NJ,7102,2/1/2026,2/28/2026,0.6327,9356.32,1291.57,1021.34,842.84,1,0,1,0,0,3,2,1,0.3456,0.6826,0.353,0.949741721,1,Withdrawn,0.5,0.3333
120193,Vantage Insurance Services,Commercial Auto,NJ,7102,3/1/2026,3/31/2026,0.6474,13918.65,2348.33,1262.92,6445.87,0,0,1,0,0,3,2,1,0.4212,0.7887,0.368,0.949741721,1,Withdrawn,0.5,0.3333
120193,Vantage Insurance Services,Commercial Auto,NJ,7102,4/1/2025,4/30/2025,0.6176,17998.32,1773.41,1723.79,7381.96,2,1,1,0,0,3,2,1,0.3674,0.6851,0.3589,0.949741721,1,Declined,0.5,0.3333
120193,Vantage Insurance Services,Commercial Auto,NJ,7102,5/1/2025,5/31/2025,0.6589,9282.69,1500.58,999.31,4583.1,1,1,0,0,0,3,2,1,0.4605,0.7091,0.3559,0.949741721,1,,0.5,0.3333
120193,Vantage Insurance Services,Commercial Auto,NJ,7102,6/1/2025,6/30/2025,0.7004,11733.23,398.11,1271.66,1783.48,1,0,1,0,0,3,2,1,0.3867,0.7584,0.2942,0.949741721,1,,0.5,0.3333
120193,Vantage Insurance Services,Commercial Auto,NJ,7102,7/1/2025,7/31/2025,0.8618,20838.3,601.62,2385.03,464.56,1,1,0,0,0,5,4,2,0.3978,0.6778,0.3631,0.949741721,1,Declined,0.5,0.4
120193,Vantage Insurance Services,Commercial Auto,NJ,7102,8/1/2025,8/31/2025,0.8058,17492.0,548.64,1640.0,2694.49,1,0,2,1,0,5,4,2,0.4611,0.7509,0.3006,0.949741721,1,Declined,0.5,0.4
120193,Vantage Insurance Services,Commercial Auto,NJ,7102,9/1/2025,9/30/2025,0.7782,13102.66,530.55,1250.95,1685.85,2,2,1,0,0,3,2,1,0.3391,0.7089,0.3101,0.949741721,1,,0.5,0.3333
120194,Harbor & Associates,Business Owners Policy,NJ,8401,1/1/2026,1/31/2026,0.5214,45762.57,85.43,5670.99,2186.0,1,1,2,0,0,8,7,4,0.585,0.7487,0.2621,0.9716739,1,,0.5714,0.5
120194,Harbor & Associates,Business Owners Policy,NJ,8401,10/1/2025,10/31/2025,0.5864,29844.78,110.47,2812.71,6192.82,2,0,1,1,0,3,2,1,0.5469,0.7936,0.2632,0.9716739,1,,0.5,0.3333
120194,Harbor & Associates,Business Owners Policy,NJ,8401,11/1/2025,11/30/2025,0.5247,41463.11,38.88,4477.27,3858.33,2,0,2,0,0,4,3,2,0.5079,0.8189,0.2827,0.9716739,1,Declined,0.6667,0.5
120194,Harbor & Associates,Business Owners Policy,NJ,8401,12/1/2025,12/31/2025,0.4608,30482.63,96.63,2997.87,4183.7,2,2,1,1,0,3,2,1,0.5818,0.8422,0.2818,0.9716739,1,Withdrawn,0.5,0.3333
120194,Harbor & Associates,Business Owners Policy,NJ,8401,2/1/2026,2/28/2026,0.5284,21865.04,293.27,2753.29,1385.57,0,1,2,0,0,5,3,1,0.4929,0.8212,0.2726,0.9716739,2,Withdrawn,0.3333,0.2
120194,Harbor & Associates,Business Owners Policy,NJ,8401,3/1/2026,3/31/2026,0.4429,22801.17,110.84,2528.84,6639.01,0,1,2,0,0,3,2,1,0.5353,0.7838,0.2843,0.9716739,1,Withdrawn,0.5,0.3333
120194,Harbor & Associates,Business Owners Policy,NJ,8401,4/1/2025,4/30/2025,0.5418,24702.71,557.13,2813.56,4775.95,1,1,0,0,0,3,2,1,0.5183,0.8151,0.2969,0.9716739,1,,0.5,0.3333
120194,Harbor & Associates,Business Owners Policy,NJ,8401,5/1/2025,5/31/2025,0.5176,42922.35,344.25,4040.33,2237.29,3,2,2,2,0,3,2,1,0.4834,0.7975,0.2782,0.9716739,1,Withdrawn,0.5,0.3333
120194,Harbor & Associates,Business Owners Policy,NJ,8401,6/1/2025,6/30/2025,0.5088,34546.51,118.37,4017.17,4706.95,1,0,1,0,0,3,2,1,0.5234,0.7489,0.3129,0.9716739,1,Withdrawn,0.5,0.3333
120194,Harbor & Associates,Business Owners Policy,NJ,8401,7/1/2025,7/31/2025,0.5324,33082.81,215.84,3255.57,1441.88,0,1,1,0,0,3,2,1,0.5662,0.7876,0.2883,0.9716739,1,,0.5,0.3333
120194,Harbor & Associates,Business Owners Policy,NJ,8401,8/1/2025,8/31/2025,0.5259,28888.54,172.97,3158.6,2254.05,1,1,0,0,0,5,3,1,0.4197,0.8645,0.3024,0.9716739,2,,0.3333,0.2
120194,Harbor & Associates,Business Owners Policy,NJ,8401,9/1/2025,9/30/2025,0.4459,26378.56,490.3,2533.2,3204.54,1,0,0,0,0,3,2,1,0.5689,0.8932,0.2656,0.9716739,1,Declined,0.5,0.3333
120195,Nexus Risk Management,Workers Comp,NJ,7601,1/1/2026,1/31/2026,0.6451,30303.36,239.31,2973.39,1046.47,1,1,1,1,0,4,3,2,0.5528,0.8783,0.3087,0.881586778,1,Declined,0.6667,0.5
120195,Nexus Risk Management,Workers Comp,NJ,7601,10/1/2025,10/31/2025,0.534,32211.69,489.68,4012.3,2303.73,1,1,0,1,0,3,2,1,0.6488,0.815,0.2584,0.881586778,1,,0.5,0.3333
120195,Nexus Risk Management,Workers Comp,NJ,7601,11/1/2025,11/30/2025,0.5673,44412.08,632.38,4753.39,206.67,1,1,1,0,0,4,3,2,0.5878,0.8189,0.3303,0.881586778,1,Withdrawn,0.6667,0.5
120195,Nexus Risk Management,Workers Comp,NJ,7601,12/1/2025,12/31/2025,0.6284,31388.47,631.09,3871.18,848.99,1,0,1,0,0,4,3,1,0.6358,0.8323,0.2686,0.881586778,1,Withdrawn,0.3333,0.25
120195,Nexus Risk Management,Workers Comp,NJ,7601,2/1/2026,2/28/2026,0.5514,35214.12,798.55,4374.06,394.56,1,0,1,0,0,4,3,1,0.6317,0.7838,0.3108,0.881586778,1,Withdrawn,0.3333,0.25
120195,Nexus Risk Management,Workers Comp,NJ,7601,3/1/2026,3/31/2026,0.5458,39676.31,386.95,5010.52,386.68,0,1,1,0,0,3,2,1,0.5662,0.7529,0.289,0.881586778,1,,0.5,0.3333
120195,Nexus Risk Management,Workers Comp,NJ,7601,4/1/2025,4/30/2025,0.6569,29176.09,450.51,3124.31,1023.95,0,0,1,0,0,6,2,1,0.6232,0.8191,0.2689,0.881586778,4,,0.5,0.1667
120195,Nexus Risk Management,Workers Comp,NJ,7601,5/1/2025,5/31/2025,0.6182,29492.33,1168.22,3002.48,2897.03,1,0,0,0,0,3,2,1,0.5668,0.7936,0.2728,0.881586778,1,,0.5,0.3333
120195,Nexus Risk Management,Workers Comp,NJ,7601,6/1/2025,6/30/2025,0.4907,38242.82,249.16,4274.21,497.04,2,0,0,1,0,3,2,1,0.5523,0.8234,0.2676,0.881586778,1,,0.5,0.3333
120195,Nexus Risk Management,Workers Comp,NJ,7601,7/1/2025,7/31/2025,0.6425,36384.74,373.35,4481.17,2536.44,0,0,1,0,0,3,2,1,0.6329,0.8072,0.2871,0.881586778,1,,0.5,0.3333
120195,Nexus Risk Management,Workers Comp,NJ,7601,8/1/2025,8/31/2025,0.59,39673.29,140.25,3745.75,3305.35,0,0,0,0,0,3,2,1,0.5596,0.7922,0.3002,0.881586778,1,Declined,0.5,0.3333
120195,Nexus Risk Management,Workers Comp,NJ,7601,9/1/2025,9/30/2025,0.5376,25829.83,996.69,3039.24,566.04,0,1,1,0,0,3,2,1,0.5092,0.8727,0.2803,0.881586778,1,Withdrawn,0.5,0.3333
120196,Keystone Risk Management,Commercial Auto,PA,19103,1/1/2026,1/31/2026,0.7507,11147.3,502.02,934.4,626.82,1,1,1,0,0,3,2,1,0.3789,0.6082,0.3848,0.932503106,1,,0.5,0.3333
120196,Keystone Risk Management,Commercial Auto,PA,19103,10/1/2025,10/31/2025,0.7393,5390.64,1413.17,515.42,2326.2,0,0,1,1,0,3,2,1,0.3178,0.6047,0.3945,0.932503106,1,Withdrawn,0.5,0.3333
120196,Keystone Risk Management,Commercial Auto,PA,19103,11/1/2025,11/30/2025,0.8141,10528.68,1035.65,840.74,2692.09,1,0,1,0,0,3,2,1,0.3227,0.5932,0.4168,0.932503106,1,,0.5,0.3333
120196,Keystone Risk Management,Commercial Auto,PA,19103,12/1/2025,12/31/2025,0.7429,6464.18,94.11,577.44,283.04,1,0,1,0,0,3,2,1,0.272,0.5703,0.4044,0.932503106,1,,0.5,0.3333
120196,Keystone Risk Management,Commercial Auto,PA,19103,2/1/2026,2/28/2026,0.7308,4972.19,427.35,476.38,627.3,2,1,0,1,0,3,2,1,0.2828,0.5634,0.3362,0.932503106,1,,0.5,0.3333
120196,Keystone Risk Management,Commercial Auto,PA,19103,3/1/2026,3/31/2026,0.8994,7258.07,791.5,576.58,2132.01,1,0,2,0,0,3,2,1,0.3243,0.4758,0.3757,0.932503106,1,,0.5,0.3333
120196,Keystone Risk Management,Commercial Auto,PA,19103,4/1/2025,4/30/2025,0.8255,9324.81,100.91,872.99,1828.27,2,1,1,0,0,7,5,1,0.2422,0.4244,0.404,0.932503106,2,,0.2,0.1429
120196,Keystone Risk Management,Commercial Auto,PA,19103,5/1/2025,5/31/2025,0.9412,6215.01,633.06,582.78,1833.53,1,0,1,0,0,4,3,2,0.1722,0.5977,0.4346,0.932503106,1,Withdrawn,0.6667,0.5
120196,Keystone Risk Management,Commercial Auto,PA,19103,6/1/2025,6/30/2025,0.7,7549.73,161.31,647.87,741.15,2,0,1,0,0,8,2,1,0.2981,0.6361,0.3361,0.932503106,6,Declined,0.5,0.125
120196,Keystone Risk Management,Commercial Auto,PA,19103,7/1/2025,7/31/2025,0.7126,2440.7,1252.12,241.75,123.95,0,0,2,0,0,3,2,1,0.3158,0.635,0.3839,0.932503106,1,Declined,0.5,0.3333
120196,Keystone Risk Management,Commercial Auto,PA,19103,8/1/2025,8/31/2025,0.8567,4400.29,219.06,396.76,98.36,0,1,1,0,0,3,2,1,0.2791,0.4223,0.384,0.932503106,1,,0.5,0.3333
120196,Keystone Risk Management,Commercial Auto,PA,19103,9/1/2025,9/30/2025,0.8409,7143.1,480.44,683.62,2447.38,1,1,0,0,0,3,2,1,0.2868,0.7181,0.4787,0.932503106,1,Declined,0.5,0.3333
120197,Cornerstone Insurance Agency,Business Owners Policy,PA,15222,1/1/2026,1/31/2026,0.7822,5273.99,257.6,492.67,500.22,1,0,1,1,0,3,2,1,0.3732,0.659,0.4339,0.985501467,1,Declined,0.5,0.3333
120197,Cornerstone Insurance Agency,Business Owners Policy,PA,15222,10/1/2025,10/31/2025,0.8352,9954.2,270.65,793.45,2040.64,0,2,0,0,0,4,3,2,0.3296,0.4793,0.4223,0.985501467,1,,0.6667,0.5
120197,Cornerstone Insurance Agency,Business Owners Policy,PA,15222,11/1/2025,11/30/2025,0.845,9987.86,181.27,840.11,242.7,1,0,1,1,0,3,2,1,0.293,0.5789,0.4232,0.985501467,1,Withdrawn,0.5,0.3333
120197,Cornerstone Insurance Agency,Business Owners Policy,PA,15222,12/1/2025,12/31/2025,0.8642,6463.38,117.45,599.26,1543.61,3,1,2,0,0,5,3,1,0.2777,0.5563,0.441,0.985501467,2,,0.3333,0.2
120197,Cornerstone Insurance Agency,Business Owners Policy,PA,15222,2/1/2026,2/28/2026,0.8357,6054.17,102.7,525.43,2010.43,1,1,2,0,0,3,2,1,0.3133,0.614,0.4068,0.985501467,1,,0.5,0.3333
120197,Cornerstone Insurance Agency,Business Owners Policy,PA,15222,3/1/2026,3/31/2026,0.8339,8222.19,167.85,748.07,352.84,2,0,3,0,0,7,5,2,0.3254,0.6414,0.4028,0.985501467,2,Declined,0.4,0.2857
120197,Cornerstone Insurance Agency,Business Owners Policy,PA,15222,4/1/2025,4/30/2025,0.7638,8785.97,201.81,885.72,1832.55,2,0,1,0,0,3,2,1,0.2532,0.5054,0.3668,0.985501467,1,Withdrawn,0.5,0.3333
120197,Cornerstone Insurance Agency,Business Owners Policy,PA,15222,5/1/2025,5/31/2025,0.7356,9093.42,139.56,924.19,1858.21,0,0,0,0,0,4,2,1,0.3199,0.541,0.3823,0.985501467,2,Withdrawn,0.5,0.25
120197,Cornerstone Insurance Agency,Business Owners Policy,PA,15222,6/1/2025,6/30/2025,0.8065,14441.95,519.84,1175.15,1369.7,2,1,1,0,0,6,5,4,0.3324,0.6818,0.4116,0.985501467,1,Withdrawn,0.8,0.6667
120197,Cornerstone Insurance Agency,Business Owners Policy,PA,15222,7/1/2025,7/31/2025,0.7902,4936.95,32.42,437.82,2557.45,1,0,1,1,0,6,3,1,0.3734,0.5563,0.5048,0.985501467,3,,0.3333,0.1667
120197,Cornerstone Insurance Agency,Business Owners Policy,PA,15222,8/1/2025,8/31/2025,0.7454,9769.26,257.26,840.89,2917.76,1,0,1,1,0,5,4,2,0.2975,0.5529,0.3779,0.985501467,1,,0.5,0.4
120197,Cornerstone Insurance Agency,Business Owners Policy,PA,15222,9/1/2025,9/30/2025,0.847,4755.19,160.61,401.51,2725.77,0,1,1,1,0,3,2,1,0.3548,0.5512,0.3962,0.985501467,1,Withdrawn,0.5,0.3333
120198,Broadstreet Insurance Co.,Workers Comp,PA,17101,1/1/2026,1/31/2026,0.7103,9219.28,0.0,735.09,1958.17,1,0,2,0,0,3,2,1,0.2691,0.5529,0.4847,0.912571873,1,,0.5,0.3333
120198,Broadstreet Insurance Co.,Workers Comp,PA,17101,10/1/2025,10/31/2025,0.9091,10259.98,0.0,949.8,2087.67,1,0,0,1,0,7,5,4,0.2791,0.5182,0.4373,0.912571873,2,Withdrawn,0.8,0.5714
120198,Broadstreet Insurance Co.,Workers Comp,PA,17101,11/1/2025,11/30/2025,0.7887,9536.22,0.0,803.07,1486.88,0,0,1,0,0,3,2,1,0.2847,0.6312,0.3836,0.912571873,1,Declined,0.5,0.3333
120198,Broadstreet Insurance Co.,Workers Comp,PA,17101,12/1/2025,12/31/2025,0.8522,7487.82,0.0,687.52,461.14,2,1,0,0,0,3,2,1,0.2887,0.596,0.4519,0.912571873,1,,0.5,0.3333
120198,Broadstreet Insurance Co.,Workers Comp,PA,17101,2/1/2026,2/28/2026,0.8012,7858.82,0.0,652.63,759.99,0,0,0,0,0,3,2,1,0.2616,0.5309,0.4182,0.912571873,1,,0.5,0.3333
120198,Broadstreet Insurance Co.,Workers Comp,PA,17101,3/1/2026,3/31/2026,0.7693,4865.33,0.0,467.29,1867.04,0,1,2,1,0,6,5,4,0.2066,0.5552,0.4412,0.912571873,1,Withdrawn,0.8,0.6667
120198,Broadstreet Insurance Co.,Workers Comp,PA,17101,4/1/2025,4/30/2025,0.949,4387.23,0.0,449.04,1582.36,3,1,0,0,0,6,5,2,0.2711,0.6242,0.3798,0.912571873,1,Withdrawn,0.4,0.3333
120198,Broadstreet Insurance Co.,Workers Comp,PA,17101,5/1/2025,5/31/2025,0.7753,9981.07,0.0,835.57,1025.75,0,1,2,0,0,3,2,1,0.2586,0.5598,0.3624,0.912571873,1,Declined,0.5,0.3333
120198,Broadstreet Insurance Co.,Workers Comp,PA,17101,6/1/2025,6/30/2025,0.8133,13787.71,0.0,1370.72,2303.75,0,0,1,0,0,3,2,1,0.3108,0.5225,0.4116,0.912571873,1,,0.5,0.3333
120198,Broadstreet Insurance Co.,Workers Comp,PA,17101,7/1/2025,7/31/2025,0.7897,3649.06,0.0,321.58,3040.98,0,0,0,0,0,3,2,1,0.3298,0.5423,0.446,0.912571873,1,,0.5,0.3333
120198,Broadstreet Insurance Co.,Workers Comp,PA,17101,8/1/2025,8/31/2025,0.8407,11118.25,0.0,920.79,688.41,0,1,0,0,0,3,2,1,0.2794,0.5406,0.3952,0.912571873,1,,0.5,0.3333
120198,Broadstreet Insurance Co.,Workers Comp,PA,17101,9/1/2025,9/30/2025,0.7439,5966.91,0.0,571.71,446.62,1,0,0,0,0,3,2,1,0.3561,0.5194,0.3182,0.912571873,1,Withdrawn,0.5,0.3333
120199,Alliance Insurance Agency,Commercial Auto,PA,18501,1/1/2026,1/31/2026,0.8153,10014.47,0.0,967.93,954.14,0,0,1,1,0,3,2,1,0.2832,0.4619,0.4292,0.911472102,1,Declined,0.5,0.3333
120199,Alliance Insurance Agency,Commercial Auto,PA,18501,10/1/2025,10/31/2025,0.7946,7234.59,0.0,690.27,891.5,1,0,2,0,0,4,3,2,0.3003,0.5661,0.3848,0.911472102,1,,0.6667,0.5
120199,Alliance Insurance Agency,Commercial Auto,PA,18501,11/1/2025,11/30/2025,0.8883,6292.06,0.0,568.7,730.41,1,0,2,0,0,4,3,2,0.2812,0.5306,0.331,0.911472102,1,Withdrawn,0.6667,0.5
120199,Alliance Insurance Agency,Commercial Auto,PA,18501,12/1/2025,12/31/2025,0.7906,4233.03,0.0,389.95,357.75,0,0,0,1,0,3,2,1,0.3387,0.5645,0.3988,0.911472102,1,,0.5,0.3333
120199,Alliance Insurance Agency,Commercial Auto,PA,18501,2/1/2026,2/28/2026,0.7727,9703.34,0.0,868.44,3440.46,2,0,1,1,0,3,2,1,0.2883,0.436,0.3852,0.911472102,1,Declined,0.5,0.3333
120199,Alliance Insurance Agency,Commercial Auto,PA,18501,3/1/2026,3/31/2026,0.7833,8082.88,0.0,733.22,6697.43,1,0,0,0,0,6,2,1,0.2216,0.5969,0.3768,0.911472102,4,,0.5,0.1667
120199,Alliance Insurance Agency,Commercial Auto,PA,18501,4/1/2025,4/30/2025,0.8616,7481.69,0.0,602.33,1169.67,0,0,0,1,0,4,3,2,0.2592,0.638,0.449,0.911472102,1,Declined,0.6667,0.5
120199,Alliance Insurance Agency,Commercial Auto,PA,18501,5/1/2025,5/31/2025,0.8538,10252.35,0.0,890.92,1116.38,0,0,1,0,0,3,2,1,0.3019,0.5856,0.3926,0.911472102,1,,0.5,0.3333
120199,Alliance Insurance Agency,Commercial Auto,PA,18501,6/1/2025,6/30/2025,0.8109,3042.41,0.0,280.27,856.78,0,1,0,0,0,3,2,1,0.2982,0.6082,0.3973,0.911472102,1,,0.5,0.3333
120199,Alliance Insurance Agency,Commercial Auto,PA,18501,7/1/2025,7/31/2025,0.7041,6347.04,0.0,643.35,4132.28,3,0,1,1,0,3,2,1,0.302,0.5629,0.3694,0.911472102,1,Declined,0.5,0.3333
120199,Alliance Insurance Agency,Commercial Auto,PA,18501,8/1/2025,8/31/2025,0.8091,8730.76,0.0,680.86,250.12,1,0,1,0,0,3,2,1,0.2804,0.6284,0.4101,0.911472102,1,,0.5,0.3333
120199,Alliance Insurance Agency,Commercial Auto,PA,18501,9/1/2025,9/30/2025,0.7991,11332.43,0.0,1106.2,838.1,1,1,1,1,0,3,2,1,0.2519,0.6038,0.4237,0.911472102,1,Withdrawn,0.5,0.3333
120200,Benchmark Insurance Agency,Business Owners Policy,NY,10001,1/1/2026,1/31/2026,0.7741,8786.12,577.51,968.41,29.82,1,0,1,0,0,3,2,1,0.5018,0.7144,0.3306,0.902726147,1,,0.5,0.3333
120200,Benchmark Insurance Agency,Business Owners Policy,NY,10001,10/1/2025,10/31/2025,0.7142,13806.43,100.05,1537.63,2272.45,1,1,3,1,0,3,2,1,0.4466,0.7558,0.3587,0.902726147,1,,0.5,0.3333
120200,Benchmark Insurance Agency,Business Owners Policy,NY,10001,11/1/2025,11/30/2025,0.6094,6058.86,177.62,588.98,1470.16,2,0,1,1,0,3,2,1,0.515,0.7586,0.3838,0.902726147,1,,0.5,0.3333
120200,Benchmark Insurance Agency,Business Owners Policy,NY,10001,12/1/2025,12/31/2025,0.6392,10024.54,49.48,1011.92,2139.28,0,0,0,0,0,3,2,1,0.4639,0.7821,0.2874,0.902726147,1,,0.5,0.3333
120200,Benchmark Insurance Agency,Business Owners Policy,NY,10001,2/1/2026,2/28/2026,0.687,16206.2,122.56,1414.77,2314.62,0,0,0,0,0,3,2,1,0.4435,0.7225,0.3218,0.902726147,1,,0.5,0.3333
120200,Benchmark Insurance Agency,Business Owners Policy,NY,10001,3/1/2026,3/31/2026,0.6875,3318.34,153.17,361.38,367.3,1,1,0,0,0,3,2,1,0.4496,0.7023,0.3392,0.902726147,1,Declined,0.5,0.3333
120200,Benchmark Insurance Agency,Business Owners Policy,NY,10001,4/1/2025,4/30/2025,0.6774,14688.79,685.25,1276.94,452.07,1,1,1,1,0,3,2,1,0.4087,0.6648,0.3735,0.902726147,1,Withdrawn,0.5,0.3333
120200,Benchmark Insurance Agency,Business Owners Policy,NY,10001,5/1/2025,5/31/2025,0.6691,7005.87,339.76,633.96,2359.98,1,0,2,0,0,3,2,1,0.4292,0.7782,0.3485,0.902726147,1,,0.5,0.3333
120200,Benchmark Insurance Agency,Business Owners Policy,NY,10001,6/1/2025,6/30/2025,0.7962,9840.14,107.08,1054.44,430.32,1,0,1,0,0,3,2,1,0.4137,0.6631,0.3316,0.902726147,1,Declined,0.5,0.3333
120200,Benchmark Insurance Agency,Business Owners Policy,NY,10001,7/1/2025,7/31/2025,0.7416,17861.68,222.29,1535.88,2787.51,0,0,0,0,0,3,2,1,0.4429,0.6607,0.2571,0.902726147,1,Withdrawn,0.5,0.3333
120200,Benchmark Insurance Agency,Business Owners Policy,NY,10001,8/1/2025,8/31/2025,0.7501,17832.28,449.58,1922.6,620.36,0,0,0,0,0,5,2,1,0.4019,0.7114,0.3282,0.902726147,3,Withdrawn,0.5,0.2
120200,Benchmark Insurance Agency,Business Owners Policy,NY,10001,9/1/2025,9/30/2025,0.8003,19374.24,321.32,1880.71,4182.26,1,1,0,1,0,5,4,1,0.4444,0.7541,0.3681,0.902726147,1,Withdrawn,0.25,0.2
120201,Premier Insurance Services,Workers Comp,NY,11201,1/1/2026,1/31/2026,0.4883,51609.75,0.0,6339.04,1300.06,0,0,0,0,0,4,3,2,0.7106,0.9026,0.203,0.878974292,1,Withdrawn,0.6667,0.5
120201,Premier Insurance Services,Workers Comp,NY,11201,10/1/2025,10/31/2025,0.3679,53033.82,0.0,7082.19,302.85,1,0,0,0,0,4,2,1,0.6402,0.8896,0.2256,0.878974292,2,,0.5,0.25
120201,Premier Insurance Services,Workers Comp,NY,11201,11/1/2025,11/30/2025,0.4396,24048.37,0.0,3072.14,750.53,1,1,0,0,0,3,2,1,0.671,0.9007,0.212,0.878974292,1,Declined,0.5,0.3333
120201,Premier Insurance Services,Workers Comp,NY,11201,12/1/2025,12/31/2025,0.3691,56889.59,0.0,7383.08,1604.21,1,0,1,1,0,3,2,1,0.674,0.9135,0.2122,0.878974292,1,Withdrawn,0.5,0.3333
120201,Premier Insurance Services,Workers Comp,NY,11201,2/1/2026,2/28/2026,0.4092,32469.75,0.0,4258.24,822.69,0,1,0,0,0,3,2,1,0.6872,0.9569,0.2338,0.878974292,1,,0.5,0.3333
120201,Premier Insurance Services,Workers Comp,NY,11201,3/1/2026,3/31/2026,0.4309,55704.57,0.0,7009.91,746.51,0,0,1,1,0,4,3,2,0.7326,0.9227,0.2085,0.878974292,1,,0.6667,0.5
120201,Premier Insurance Services,Workers Comp,NY,11201,4/1/2025,4/30/2025,0.441,50503.21,0.0,6695.38,517.9,1,0,2,0,0,7,2,1,0.6759,0.896,0.2138,0.878974292,5,,0.5,0.1429
120201,Premier Insurance Services,Workers Comp,NY,11201,5/1/2025,5/31/2025,0.4345,49810.33,0.0,6277.41,682.95,0,0,1,0,0,4,2,1,0.6446,0.9192,0.2244,0.878974292,2,,0.5,0.25
120201,Premier Insurance Services,Workers Comp,NY,11201,6/1/2025,6/30/2025,0.3691,63096.99,0.0,6896.26,261.5,1,0,1,0,0,3,2,1,0.5753,0.8823,0.2384,0.878974292,1,,0.5,0.3333
120201,Premier Insurance Services,Workers Comp,NY,11201,7/1/2025,7/31/2025,0.4107,58009.93,0.0,6711.52,379.25,1,1,0,0,0,3,2,1,0.6968,0.9367,0.2458,0.878974292,1,,0.5,0.3333
120201,Premier Insurance Services,Workers Comp,NY,11201,8/1/2025,8/31/2025,0.3895,52120.04,0.0,6865.03,706.81,1,1,1,0,0,3,2,1,0.5792,0.9024,0.1981,0.878974292,1,,0.5,0.3333
120201,Premier Insurance Services,Workers Comp,NY,11201,9/1/2025,9/30/2025,0.3957,29085.57,0.0,3083.0,84.93,1,0,1,0,0,3,2,1,0.6475,0.8909,0.15,0.878974292,1,Declined,0.5,0.3333
120202,Gateway Insurance Agency,Commercial Auto,NY,10301,1/1/2026,1/31/2026,0.554,41488.06,275.25,3927.74,3183.3,2,0,0,0,0,4,3,2,0.5061,0.8096,0.2929,0.88458275,1,Declined,0.6667,0.5
120202,Gateway Insurance Agency,Commercial Auto,NY,10301,10/1/2025,10/31/2025,0.6947,24411.28,257.0,2784.13,1582.55,1,1,0,0,0,3,2,1,0.5441,0.8271,0.248,0.88458275,1,Declined,0.5,0.3333
120202,Gateway Insurance Agency,Commercial Auto,NY,10301,11/1/2025,11/30/2025,0.5299,21086.62,138.35,2003.97,737.38,0,0,0,0,0,3,2,1,0.536,0.7852,0.2591,0.88458275,1,Declined,0.5,0.3333
120202,Gateway Insurance Agency,Commercial Auto,NY,10301,12/1/2025,12/31/2025,0.5508,21069.31,423.95,2606.27,429.5,2,2,2,0,0,3,2,1,0.5419,0.8239,0.2306,0.88458275,1,Declined,0.5,0.3333
120202,Gateway Insurance Agency,Commercial Auto,NY,10301,2/1/2026,2/28/2026,0.5995,19044.87,402.85,2212.25,257.96,0,0,2,0,0,3,2,1,0.6194,0.8371,0.2976,0.88458275,1,Withdrawn,0.5,0.3333
120202,Gateway Insurance Agency,Commercial Auto,NY,10301,3/1/2026,3/31/2026,0.5216,42344.49,504.9,4562.78,3249.24,0,1,2,0,0,4,3,2,0.548,0.8253,0.2796,0.88458275,1,,0.6667,0.5
120202,Gateway Insurance Agency,Commercial Auto,NY,10301,4/1/2025,4/30/2025,0.5581,30628.5,29.08,3208.98,1240.89,1,0,1,1,0,3,2,1,0.5143,0.86,0.2015,0.88458275,1,Declined,0.5,0.3333
120202,Gateway Insurance Agency,Commercial Auto,NY,10301,5/1/2025,5/31/2025,0.5364,26994.68,385.7,2856.83,981.66,1,0,1,0,0,3,2,1,0.5356,0.7921,0.3132,0.88458275,1,,0.5,0.3333
120202,Gateway Insurance Agency,Commercial Auto,NY,10301,6/1/2025,6/30/2025,0.4939,31939.5,279.6,3442.27,730.37,1,0,0,1,0,3,2,1,0.6092,0.8639,0.3159,0.88458275,1,,0.5,0.3333
120202,Gateway Insurance Agency,Commercial Auto,NY,10301,7/1/2025,7/31/2025,0.5674,23670.55,263.8,2223.45,885.39,1,0,0,0,0,5,4,2,0.6353,0.7923,0.265,0.88458275,1,,0.5,0.4
120202,Gateway Insurance Agency,Commercial Auto,NY,10301,8/1/2025,8/31/2025,0.6134,32453.74,201.6,3765.03,2529.97,1,1,1,1,0,5,4,1,0.5941,0.8559,0.2591,0.88458275,1,,0.25,0.2
120202,Gateway Insurance Agency,Commercial Auto,NY,10301,9/1/2025,9/30/2025,0.5868,30545.01,425.02,3151.11,157.26,0,1,1,0,0,3,2,1,0.4816,0.8188,0.2895,0.88458275,1,Withdrawn,0.5,0.3333
120203,Cornerstone Risk Management,Business Owners Policy,NY,14201,1/1/2026,1/31/2026,0.8486,3190.23,107.76,319.61,1399.3,1,1,1,0,0,3,2,1,0.2425,0.5305,0.4287,1.0,1,Withdrawn,0.5,0.3333
120203,Cornerstone Risk Management,Business Owners Policy,NY,14201,10/1/2025,10/31/2025,0.8918,8497.32,280.19,859.72,6465.34,1,0,1,0,0,3,2,1,0.2738,0.5241,0.3931,1.0,1,Declined,0.5,0.3333
120203,Cornerstone Risk Management,Business Owners Policy,NY,14201,11/1/2025,11/30/2025,0.907,11854.21,37.95,1152.89,7300.46,2,0,0,1,0,5,4,3,0.2692,0.5337,0.3751,1.0,1,,0.75,0.6
120203,Cornerstone Risk Management,Business Owners Policy,NY,14201,12/1/2025,12/31/2025,0.9396,6621.69,109.62,617.87,9420.78,0,1,1,0,0,8,4,3,0.3387,0.6278,0.4506,1.0,4,,0.75,0.375
120203,Cornerstone Risk Management,Business Owners Policy,NY,14201,2/1/2026,2/28/2026,0.8137,11354.13,100.4,955.24,4923.85,1,1,1,0,0,3,2,1,0.3216,0.6532,0.4093,1.0,1,,0.5,0.3333
120203,Cornerstone Risk Management,Business Owners Policy,NY,14201,3/1/2026,3/31/2026,0.8353,2291.58,143.47,178.53,6084.2,0,0,1,0,0,3,2,1,0.341,0.6045,0.4909,1.0,1,Declined,0.5,0.3333
120203,Cornerstone Risk Management,Business Owners Policy,NY,14201,4/1/2025,4/30/2025,0.8378,7784.88,15.73,631.73,1714.49,2,0,0,0,0,3,2,1,0.2553,0.6425,0.3965,1.0,1,Declined,0.5,0.3333
120203,Cornerstone Risk Management,Business Owners Policy,NY,14201,5/1/2025,5/31/2025,0.8348,9018.94,83.96,745.51,8084.05,0,0,1,0,0,7,3,1,0.328,0.5649,0.4895,1.0,4,,0.3333,0.1429
120203,Cornerstone Risk Management,Business Owners Policy,NY,14201,6/1/2025,6/30/2025,0.8425,7928.25,150.11,670.67,850.63,1,1,1,0,0,3,2,1,0.3455,0.5273,0.3688,1.0,1,,0.5,0.3333
120203,Cornerstone Risk Management,Business Owners Policy,NY,14201,7/1/2025,7/31/2025,0.7861,1961.72,85.7,169.05,3498.58,0,1,0,0,0,4,3,2,0.3336,0.5581,0.4099,1.0,1,Withdrawn,0.6667,0.5
120203,Cornerstone Risk Management,Business Owners Policy,NY,14201,8/1/2025,8/31/2025,0.8782,6215.3,162.65,504.37,3708.65,1,1,1,0,0,5,2,1,0.2639,0.5768,0.3691,1.0,3,Declined,0.5,0.2
120203,Cornerstone Risk Management,Business Owners Policy,NY,14201,9/1/2025,9/30/2025,0.7993,6579.8,112.48,520.92,6387.84,0,2,1,0,0,3,2,1,0.3507,0.5451,0.4279,1.0,1,,0.5,0.3333
120204,Broadstreet Insurance Co.,Workers Comp,NJ,7030,1/1/2026,1/31/2026,0.6692,5739.49,8757.63,501.67,3606.21,1,1,2,0,0,7,3,2,0.4722,0.6795,0.3158,0.98287264,4,,0.6667,0.2857
120204,Broadstreet Insurance Co.,Workers Comp,NJ,7030,10/1/2025,10/31/2025,0.6466,19678.21,1630.07,1976.24,7274.66,2,0,0,0,0,3,2,1,0.4512,0.7379,0.3423,0.98287264,1,Withdrawn,0.5,0.3333
120204,Broadstreet Insurance Co.,Workers Comp,NJ,7030,11/1/2025,11/30/2025,0.7172,20279.69,841.64,2140.55,1927.87,0,0,0,0,0,3,2,1,0.3632,0.6987,0.3188,0.98287264,1,Withdrawn,0.5,0.3333
120204,Broadstreet Insurance Co.,Workers Comp,NJ,7030,12/1/2025,12/31/2025,0.7402,13394.17,12014.52,1427.61,1586.18,0,3,2,0,0,4,3,2,0.402,0.7275,0.3132,0.98287264,1,Declined,0.6667,0.5
120204,Broadstreet Insurance Co.,Workers Comp,NJ,7030,2/1/2026,2/28/2026,0.6964,13159.3,21498.18,1482.45,7202.5,1,3,1,0,0,7,6,4,0.4766,0.7166,0.3138,0.98287264,1,,0.6667,0.5714
120204,Broadstreet Insurance Co.,Workers Comp,NJ,7030,3/1/2026,3/31/2026,0.7105,13273.27,5702.68,1390.83,2320.72,1,1,1,0,0,3,2,1,0.4824,0.6773,0.2763,0.98287264,1,,0.5,0.3333
120204,Broadstreet Insurance Co.,Workers Comp,NJ,7030,4/1/2025,4/30/2025,0.7312,14707.39,10163.72,1435.31,4596.75,2,0,3,1,0,5,2,1,0.4447,0.6646,0.3208,0.98287264,3,Withdrawn,0.5,0.2
120204,Broadstreet Insurance Co.,Workers Comp,NJ,7030,5/1/2025,5/31/2025,0.6912,22817.43,8326.81,2136.2,3734.35,3,0,1,0,0,3,2,1,0.4119,0.7966,0.3417,0.98287264,1,,0.5,0.3333
120204,Broadstreet Insurance Co.,Workers Comp,NJ,7030,6/1/2025,6/30/2025,0.7672,9714.14,3109.79,894.82,5682.42,2,1,1,0,0,3,2,1,0.4118,0.651,0.329,0.98287264,1,,0.5,0.3333
120204,Broadstreet Insurance Co.,Workers Comp,NJ,7030,7/1/2025,7/31/2025,0.7344,9745.57,4711.1,918.17,4293.08,1,1,2,0,0,3,2,1,0.3804,0.7382,0.3708,0.98287264,1,,0.5,0.3333
120204,Broadstreet Insurance Co.,Workers Comp,NJ,7030,8/1/2025,8/31/2025,0.6175,14025.43,3621.63,1345.25,601.07,2,1,0,0,0,3,2,1,0.3858,0.7224,0.3506,0.98287264,1,Declined,0.5,0.3333
120204,Broadstreet Insurance Co.,Workers Comp,NJ,7030,9/1/2025,9/30/2025,0.8069,7661.06,10032.56,776.22,5016.3,0,0,2,1,0,8,7,6,0.3949,0.6618,0.2806,0.98287264,1,Withdrawn,0.8571,0.75
120205,Tri-State Agency Group,Commercial Auto,NJ,7102,1/1/2026,1/31/2026,0.3408,59074.73,0.0,7622.96,3313.47,0,1,0,0,0,3,2,1,0.7138,0.9217,0.2795,0.973280697,1,,0.5,0.3333
120205,Tri-State Agency Group,Commercial Auto,NJ,7102,10/1/2025,10/31/2025,0.381,49475.63,0.0,6696.81,1959.39,1,0,2,0,0,3,2,1,0.6931,0.8917,0.1827,0.973280697,1,Withdrawn,0.5,0.3333
120205,Tri-State Agency Group,Commercial Auto,NJ,7102,11/1/2025,11/30/2025,0.3903,35512.51,0.0,4035.01,8123.7,1,0,2,1,0,3,2,1,0.6216,0.9103,0.1923,0.973280697,1,Declined,0.5,0.3333
120205,Tri-State Agency Group,Commercial Auto,NJ,7102,12/1/2025,12/31/2025,0.3631,57045.62,0.0,7277.09,5227.85,1,0,0,0,0,3,2,1,0.7018,0.8852,0.1756,0.973280697,1,Declined,0.5,0.3333
120205,Tri-State Agency Group,Commercial Auto,NJ,7102,2/1/2026,2/28/2026,0.4102,59682.96,0.0,6213.13,2363.95,0,1,1,1,0,3,2,1,0.7394,0.9164,0.2146,0.973280697,1,,0.5,0.3333
120205,Tri-State Agency Group,Commercial Auto,NJ,7102,3/1/2026,3/31/2026,0.4601,64142.74,0.0,6572.95,3083.24,2,0,1,1,0,3,2,1,0.6875,0.9228,0.15,0.973280697,1,,0.5,0.3333
120205,Tri-State Agency Group,Commercial Auto,NJ,7102,4/1/2025,4/30/2025,0.434,47954.21,0.0,5539.49,677.99,2,1,1,0,0,8,7,4,0.6046,0.9054,0.2375,0.973280697,1,,0.5714,0.5
120205,Tri-State Agency Group,Commercial Auto,NJ,7102,5/1/2025,5/31/2025,0.3249,45461.83,0.0,5601.8,4448.98,0,0,1,0,0,3,2,1,0.6931,0.9005,0.2416,0.973280697,1,,0.5,0.3333
120205,Tri-State Agency Group,Commercial Auto,NJ,7102,6/1/2025,6/30/2025,0.451,51792.69,0.0,6604.54,3794.16,2,1,1,0,0,3,2,1,0.6794,0.9204,0.1637,0.973280697,1,Declined,0.5,0.3333
120205,Tri-State Agency Group,Commercial Auto,NJ,7102,7/1/2025,7/31/2025,0.351,35657.01,0.0,4518.35,6012.43,1,0,1,1,0,3,2,1,0.6891,0.9201,0.2123,0.973280697,1,Withdrawn,0.5,0.3333
120205,Tri-State Agency Group,Commercial Auto,NJ,7102,8/1/2025,8/31/2025,0.3495,33539.01,0.0,4556.84,2320.86,1,1,1,0,0,5,4,2,0.7458,0.8764,0.1698,0.973280697,1,Withdrawn,0.5,0.4
120205,Tri-State Agency Group,Commercial Auto,NJ,7102,9/1/2025,9/30/2025,0.3605,71469.44,0.0,9291.56,1182.58,1,1,1,0,0,5,4,3,0.6312,0.9272,0.2333,0.973280697,1,,0.75,0.6
120206,Clearwater Risk Management,Business Owners Policy,NJ,8401,1/1/2026,1/31/2026,0.3111,37222.41,0.0,4054.28,1406.87,1,0,1,1,0,3,2,1,0.702,0.8955,0.2026,0.845776605,1,Withdrawn,0.5,0.3333
120206,Clearwater Risk Management,Business Owners Policy,NJ,8401,10/1/2025,10/31/2025,0.2653,53360.26,0.0,5562.68,321.16,0,0,2,1,0,3,2,1,0.7766,0.9065,0.174,0.845776605,1,Withdrawn,0.5,0.3333
120206,Clearwater Risk Management,Business Owners Policy,NJ,8401,11/1/2025,11/30/2025,0.3673,44227.23,0.0,4715.22,1046.43,0,0,0,0,0,4,3,2,0.6221,0.9236,0.2175,0.845776605,1,Declined,0.6667,0.5
120206,Clearwater Risk Management,Business Owners Policy,NJ,8401,12/1/2025,12/31/2025,0.25,33447.89,0.0,4387.52,977.25,1,1,1,1,0,3,2,1,0.6634,0.9343,0.224,0.845776605,1,,0.5,0.3333
120206,Clearwater Risk Management,Business Owners Policy,NJ,8401,2/1/2026,2/28/2026,0.3233,59668.83,0.0,7023.36,2106.06,1,0,0,0,0,3,2,1,0.647,0.8833,0.215,0.845776605,1,Withdrawn,0.5,0.3333
120206,Clearwater Risk Management,Business Owners Policy,NJ,8401,3/1/2026,3/31/2026,0.3837,67918.5,0.0,7568.07,1803.15,1,0,0,0,0,3,2,1,0.763,0.9071,0.2362,0.845776605,1,,0.5,0.3333
120206,Clearwater Risk Management,Business Owners Policy,NJ,8401,4/1/2025,4/30/2025,0.4598,19401.79,0.0,2108.13,556.04,1,0,0,1,0,3,2,1,0.7053,0.9166,0.2666,0.845776605,1,,0.5,0.3333
120206,Clearwater Risk Management,Business Owners Policy,NJ,8401,5/1/2025,5/31/2025,0.506,43526.65,0.0,4671.49,190.73,1,0,1,0,0,6,4,3,0.7307,0.8954,0.2409,0.845776605,2,,0.75,0.5
120206,Clearwater Risk Management,Business Owners Policy,NJ,8401,6/1/2025,6/30/2025,0.5125,32546.45,0.0,4178.94,901.92,0,0,0,0,0,3,2,1,0.6822,0.93,0.2138,0.845776605,1,Withdrawn,0.5,0.3333
120206,Clearwater Risk Management,Business Owners Policy,NJ,8401,7/1/2025,7/31/2025,0.4686,63315.75,0.0,7687.93,559.94,1,0,0,1,0,6,5,4,0.6936,0.8845,0.2616,0.845776605,1,,0.8,0.6667
120206,Clearwater Risk Management,Business Owners Policy,NJ,8401,8/1/2025,8/31/2025,0.3695,39723.82,0.0,5077.61,611.47,0,1,1,0,0,3,2,1,0.7922,0.8727,0.1857,0.845776605,1,Withdrawn,0.5,0.3333
120206,Clearwater Risk Management,Business Owners Policy,NJ,8401,9/1/2025,9/30/2025,0.4481,42522.17,0.0,4845.15,325.13,0,0,1,0,0,4,3,1,0.6518,0.8991,0.1684,0.845776605,1,,0.3333,0.25
120207,Liberty Risk Advisors,Workers Comp,NJ,7601,1/1/2026,1/31/2026,0.7417,10674.46,122.67,1073.53,4865.87,1,0,0,1,0,3,2,1,0.4054,0.7351,0.3385,0.949735264,1,,0.5,0.3333
120207,Liberty Risk Advisors,Workers Comp,NJ,7601,10/1/2025,10/31/2025,0.6592,6536.05,226.88,620.47,8717.96,0,1,1,0,0,3,2,1,0.4081,0.7146,0.331,0.949735264,1,,0.5,0.3333
120207,Liberty Risk Advisors,Workers Comp,NJ,7601,11/1/2025,11/30/2025,0.7068,26091.78,196.94,2479.93,1240.81,1,0,0,1,0,3,2,1,0.3739,0.7511,0.3954,0.949735264,1,,0.5,0.3333
120207,Liberty Risk Advisors,Workers Comp,NJ,7601,12/1/2025,12/31/2025,0.6978,13013.57,103.84,1125.74,5053.41,1,0,1,0,0,3,2,1,0.4762,0.7888,0.3279,0.949735264,1,Declined,0.5,0.3333
120207,Liberty Risk Advisors,Workers Comp,NJ,7601,2/1/2026,2/28/2026,0.4725,16263.12,304.12,1763.02,734.9,0,0,1,0,0,8,4,2,0.3738,0.7186,0.4034,0.949735264,4,,0.5,0.25
120207,Liberty Risk Advisors,Workers Comp,NJ,7601,3/1/2026,3/31/2026,0.7133,12292.67,48.03,1369.85,520.93,1,0,0,0,0,3,2,1,0.3712,0.7226,0.3149,0.949735264,1,,0.5,0.3333
120207,Liberty Risk Advisors,Workers Comp,NJ,7601,4/1/2025,4/30/2025,0.7579,11810.89,563.04,1052.44,549.14,0,0,1,0,0,3,2,1,0.5289,0.714,0.3641,0.949735264,1,,0.5,0.3333
120207,Liberty Risk Advisors,Workers Comp,NJ,7601,5/1/2025,5/31/2025,0.637,19535.07,222.54,1929.66,2378.87,0,0,1,0,0,7,3,1,0.4727,0.73,0.3174,0.949735264,4,Withdrawn,0.3333,0.1429
120207,Liberty Risk Advisors,Workers Comp,NJ,7601,6/1/2025,6/30/2025,0.6716,10535.28,236.7,1122.8,2383.05,0,1,0,1,0,3,2,1,0.3674,0.7568,0.316,0.949735264,1,,0.5,0.3333
120207,Liberty Risk Advisors,Workers Comp,NJ,7601,7/1/2025,7/31/2025,0.7404,12125.4,213.34,1116.68,1366.2,1,1,0,0,0,3,2,1,0.3994,0.7421,0.3755,0.949735264,1,,0.5,0.3333
120207,Liberty Risk Advisors,Workers Comp,NJ,7601,8/1/2025,8/31/2025,0.7842,8646.23,1127.47,821.59,2061.92,0,0,1,0,0,5,4,3,0.4278,0.7211,0.3235,0.949735264,1,,0.75,0.6
120207,Liberty Risk Advisors,Workers Comp,NJ,7601,9/1/2025,9/30/2025,0.7676,19639.05,112.42,2042.1,3972.53,1,0,0,0,0,3,2,1,0.3509,0.7144,0.3119,0.949735264,1,Withdrawn,0.5,0.3333
120208,Benchmark Brokerage,Commercial Auto,PA,19103,1/1/2026,1/31/2026,0.3586,26778.94,0.0,3477.83,1557.21,0,3,0,1,0,5,4,3,0.7181,0.9111,0.2209,0.948558272,1,,0.75,0.6
120208,Benchmark Brokerage,Commercial Auto,PA,19103,10/1/2025,10/31/2025,0.4791,53872.82,0.0,5921.66,1374.0,2,0,0,0,0,3,2,1,0.669,0.9597,0.2061,0.948558272,1,,0.5,0.3333
120208,Benchmark Brokerage,Commercial Auto,PA,19103,11/1/2025,11/30/2025,0.4754,42447.72,0.0,5820.46,3093.41,0,0,4,0,0,3,2,1,0.5391,0.8976,0.2516,0.948558272,1,,0.5,0.3333
120208,Benchmark Brokerage,Commercial Auto,PA,19103,12/1/2025,12/31/2025,0.3627,34597.7,0.0,4418.27,3629.3,1,1,0,0,0,3,2,1,0.7334,0.9145,0.2225,0.948558272,1,,0.5,0.3333
120208,Benchmark Brokerage,Commercial Auto,PA,19103,2/1/2026,2/28/2026,0.4067,49490.6,0.0,6563.52,1792.31,2,1,1,0,0,3,2,1,0.7952,0.9032,0.156,0.948558272,1,Withdrawn,0.5,0.3333
120208,Benchmark Brokerage,Commercial Auto,PA,19103,3/1/2026,3/31/2026,0.4021,40209.19,0.0,4810.92,1877.95,1,0,1,1,0,4,3,1,0.7358,0.9382,0.2083,0.948558272,1,,0.3333,0.25
120208,Benchmark Brokerage,Commercial Auto,PA,19103,4/1/2025,4/30/2025,0.3829,30398.57,0.0,4147.41,1026.51,1,0,1,0,0,3,2,1,0.6398,0.9186,0.1606,0.948558272,1,Withdrawn,0.5,0.3333
120208,Benchmark Brokerage,Commercial Auto,PA,19103,5/1/2025,5/31/2025,0.33,49693.29,0.0,6426.83,4082.77,1,1,1,0,0,8,3,2,0.7336,0.9232,0.2305,0.948558272,5,,0.6667,0.25
120208,Benchmark Brokerage,Commercial Auto,PA,19103,6/1/2025,6/30/2025,0.4084,46333.06,0.0,5745.46,282.38,1,1,1,0,0,4,3,1,0.5591,0.9239,0.213,0.948558272,1,Declined,0.3333,0.25
120208,Benchmark Brokerage,Commercial Auto,PA,19103,7/1/2025,7/31/2025,0.3173,47780.41,0.0,6338.84,3524.63,1,1,1,0,0,3,2,1,0.679,0.9153,0.2074,0.948558272,1,Withdrawn,0.5,0.3333
120208,Benchmark Brokerage,Commercial Auto,PA,19103,8/1/2025,8/31/2025,0.3819,51683.37,0.0,6421.65,5100.45,0,0,1,0,0,3,2,1,0.7114,0.9303,0.1648,0.948558272,1,Withdrawn,0.5,0.3333
120208,Benchmark Brokerage,Commercial Auto,PA,19103,9/1/2025,9/30/2025,0.3312,31284.43,0.0,3593.06,1712.63,1,0,0,0,0,3,2,1,0.6749,0.8989,0.2196,0.948558272,1,Withdrawn,0.5,0.3333
120209,Eagle Risk Management,Business Owners Policy,PA,15222,1/1/2026,1/31/2026,0.6578,9312.37,2049.16,1135.58,432.48,0,0,0,1,0,3,2,1,0.6493,0.825,0.2932,0.867711879,1,Withdrawn,0.5,0.3333
120209,Eagle Risk Management,Business Owners Policy,PA,15222,10/1/2025,10/31/2025,0.5011,38528.45,116.68,4679.32,1443.42,0,0,1,0,0,3,2,1,0.5121,0.7949,0.2442,0.867711879,1,Withdrawn,0.5,0.3333
120209,Eagle Risk Management,Business Owners Policy,PA,15222,11/1/2025,11/30/2025,0.6227,36448.24,88.81,4571.08,551.7,1,1,0,0,0,3,2,1,0.5255,0.8163,0.249,0.867711879,1,,0.5,0.3333
120209,Eagle Risk Management,Business Owners Policy,PA,15222,12/1/2025,12/31/2025,0.5186,42450.86,1050.44,3992.18,922.53,0,0,1,1,0,3,2,1,0.565,0.8153,0.3188,0.867711879,1,Withdrawn,0.5,0.3333
120209,Eagle Risk Management,Business Owners Policy,PA,15222,2/1/2026,2/28/2026,0.565,33338.84,1626.86,3667.34,1791.81,1,0,0,1,0,3,2,1,0.4741,0.8206,0.2756,0.867711879,1,Declined,0.5,0.3333
120209,Eagle Risk Management,Business Owners Policy,PA,15222,3/1/2026,3/31/2026,0.5609,26196.77,1045.15,2784.77,736.25,0,0,1,0,0,3,2,1,0.5711,0.8494,0.2765,0.867711879,1,,0.5,0.3333
120209,Eagle Risk Management,Business Owners Policy,PA,15222,4/1/2025,4/30/2025,0.4258,28597.02,290.98,2952.14,789.57,1,1,2,0,0,4,3,1,0.5169,0.8354,0.2812,0.867711879,1,Declined,0.3333,0.25
120209,Eagle Risk Management,Business Owners Policy,PA,15222,5/1/2025,5/31/2025,0.5124,22452.83,128.3,2303.16,862.75,0,0,0,1,0,5,3,2,0.5161,0.8054,0.2908,0.867711879,2,,0.6667,0.4
120209,Eagle Risk Management,Business Owners Policy,PA,15222,6/1/2025,6/30/2025,0.6561,29939.7,994.84,3417.75,1737.45,1,0,1,0,0,6,5,4,0.5118,0.7642,0.3088,0.867711879,1,,0.8,0.6667
120209,Eagle Risk Management,Business Owners Policy,PA,15222,7/1/2025,7/31/2025,0.5694,36971.15,229.91,4413.88,1859.49,1,0,1,0,0,3,2,1,0.5655,0.7893,0.318,0.867711879,1,,0.5,0.3333
120209,Eagle Risk Management,Business Owners Policy,PA,15222,8/1/2025,8/31/2025,0.5769,33065.56,865.46,3969.52,833.33,1,0,1,1,0,3,2,1,0.5079,0.853,0.3267,0.867711879,1,,0.5,0.3333
120209,Eagle Risk Management,Business Owners Policy,PA,15222,9/1/2025,9/30/2025,0.5101,30572.13,1241.13,3515.11,1415.23,2,0,0,0,0,8,7,4,0.5755,0.8595,0.2767,0.867711879,1,,0.5714,0.5
120210,Crossroads Risk Advisors,Workers Comp,PA,17101,1/1/2026,1/31/2026,0.6979,15004.12,197.74,1586.81,2561.09,2,2,0,0,0,3,2,1,0.4437,0.7653,0.3467,0.936938781,1,Declined,0.5,0.3333
120210,Crossroads Risk Advisors,Workers Comp,PA,17101,10/1/2025,10/31/2025,0.6329,20096.29,159.59,1962.79,905.2,1,0,1,0,0,3,2,1,0.4066,0.7269,0.3403,0.936938781,1,,0.5,0.3333
120210,Crossroads Risk Advisors,Workers Comp,PA,17101,11/1/2025,11/30/2025,0.7515,13165.8,252.99,1313.6,1580.42,2,1,1,0,0,3,2,1,0.4257,0.7275,0.3229,0.936938781,1,Declined,0.5,0.3333
120210,Crossroads Risk Advisors,Workers Comp,PA,17101,12/1/2025,12/31/2025,0.6933,11824.11,111.19,1042.7,6506.39,2,0,3,0,0,5,3,1,0.404,0.6953,0.3337,0.936938781,2,,0.3333,0.2
120210,Crossroads Risk Advisors,Workers Comp,PA,17101,2/1/2026,2/28/2026,0.7646,18274.72,279.43,2034.53,1175.48,0,2,0,0,0,3,2,1,0.4969,0.7509,0.3361,0.936938781,1,,0.5,0.3333
120210,Crossroads Risk Advisors,Workers Comp,PA,17101,3/1/2026,3/31/2026,0.7374,15400.71,321.16,1715.67,600.2,1,0,1,1,0,3,2,1,0.3319,0.7218,0.3643,0.936938781,1,Declined,0.5,0.3333
120210,Crossroads Risk Advisors,Workers Comp,PA,17101,4/1/2025,4/30/2025,0.7627,14830.09,195.21,1548.38,1744.42,1,1,2,0,0,3,2,1,0.3962,0.7058,0.3427,0.936938781,1,Declined,0.5,0.3333
120210,Crossroads Risk Advisors,Workers Comp,PA,17101,5/1/2025,5/31/2025,0.7698,14082.52,232.08,1486.7,1660.53,1,1,0,0,0,8,3,1,0.4231,0.7282,0.3502,0.936938781,5,,0.3333,0.125
120210,Crossroads Risk Advisors,Workers Comp,PA,17101,6/1/2025,6/30/2025,0.6895,10548.31,184.26,983.55,1596.85,0,0,1,1,0,3,2,1,0.3935,0.762,0.3065,0.936938781,1,Withdrawn,0.5,0.3333
120210,Crossroads Risk Advisors,Workers Comp,PA,17101,7/1/2025,7/31/2025,0.5743,10770.94,233.64,975.79,1249.5,0,0,1,0,0,3,2,1,0.4427,0.7147,0.3205,0.936938781,1,Declined,0.5,0.3333
120210,Crossroads Risk Advisors,Workers Comp,PA,17101,8/1/2025,8/31/2025,0.7505,11258.02,222.16,1256.96,686.35,1,1,1,0,0,7,2,1,0.3764,0.7046,0.3204,0.936938781,5,,0.5,0.1429
120210,Crossroads Risk Advisors,Workers Comp,PA,17101,9/1/2025,9/30/2025,0.7186,11621.02,510.02,1237.62,784.48,1,0,1,0,0,3,2,1,0.4677,0.6606,0.3925,0.936938781,1,,0.5,0.3333
120211,Cornerstone & Associates,Commercial Auto,PA,18501,1/1/2026,1/31/2026,0.7903,29702.11,2844.61,2792.56,3202.51,0,0,1,0,0,3,2,1,0.3253,0.6957,0.3152,0.904567506,1,,0.5,0.3333
120211,Cornerstone & Associates,Commercial Auto,PA,18501,10/1/2025,10/31/2025,0.6895,14964.11,6508.69,1486.07,489.38,1,0,2,1,0,5,3,1,0.3722,0.7645,0.3755,0.904567506,2,Withdrawn,0.3333,0.2
120211,Cornerstone & Associates,Commercial Auto,PA,18501,11/1/2025,11/30/2025,0.6903,13821.21,3374.19,1515.07,1801.85,0,1,0,0,0,3,2,1,0.461,0.7085,0.2732,0.904567506,1,,0.5,0.3333
120211,Cornerstone & Associates,Commercial Auto,PA,18501,12/1/2025,12/31/2025,0.6801,5817.38,3750.17,592.86,2181.37,1,0,1,0,0,3,2,1,0.4086,0.7708,0.3422,0.904567506,1,Withdrawn,0.5,0.3333
120211,Cornerstone & Associates,Commercial Auto,PA,18501,2/1/2026,2/28/2026,0.694,15030.68,2208.49,1483.73,189.21,3,1,0,0,0,3,2,1,0.3943,0.7542,0.3983,0.904567506,1,,0.5,0.3333
120211,Cornerstone & Associates,Commercial Auto,PA,18501,3/1/2026,3/31/2026,0.6999,10038.66,2782.9,1002.13,1319.69,1,0,2,0,0,3,2,1,0.4849,0.6914,0.3459,0.904567506,1,,0.5,0.3333
120211,Cornerstone & Associates,Commercial Auto,PA,18501,4/1/2025,4/30/2025,0.7058,23340.16,6093.76,2137.17,414.55,0,0,0,0,0,3,2,1,0.4121,0.7402,0.3301,0.904567506,1,Declined,0.5,0.3333
120211,Cornerstone & Associates,Commercial Auto,PA,18501,5/1/2025,5/31/2025,0.6997,11208.82,10036.33,984.75,680.09,1,0,0,0,0,4,3,2,0.5152,0.7476,0.3639,0.904567506,1,,0.6667,0.5
120211,Cornerstone & Associates,Commercial Auto,PA,18501,6/1/2025,6/30/2025,0.744,14492.63,6172.61,1484.49,1330.78,0,1,1,0,0,3,2,1,0.4181,0.7215,0.3362,0.904567506,1,,0.5,0.3333
120211,Cornerstone & Associates,Commercial Auto,PA,18501,7/1/2025,7/31/2025,0.686,18331.6,9725.34,2054.06,1683.53,1,1,1,0,0,7,3,2,0.3654,0.71,0.3547,0.904567506,4,,0.6667,0.2857
120211,Cornerstone & Associates,Commercial Auto,PA,18501,8/1/2025,8/31/2025,0.7906,9200.14,8323.5,961.32,1083.94,1,0,0,0,0,3,2,1,0.4033,0.7522,0.3313,0.904567506,1,Withdrawn,0.5,0.3333
120211,Cornerstone & Associates,Commercial Auto,PA,18501,9/1/2025,9/30/2025,0.7256,6686.83,8805.3,664.98,2080.27,0,1,1,1,0,3,2,1,0.4292,0.6588,0.329,0.904567506,1,Withdrawn,0.5,0.3333
120212,Gateway Risk Consultants,Business Owners Policy,NY,10001,1/1/2026,1/31/2026,0.5842,18256.71,1939.03,1904.55,1887.14,4,1,1,1,0,3,2,1,0.4718,0.7557,0.3403,0.940688046,1,Declined,0.5,0.3333
120212,Gateway Risk Consultants,Business Owners Policy,NY,10001,10/1/2025,10/31/2025,0.6778,14588.12,440.92,1403.71,981.47,0,0,2,0,0,5,4,3,0.4131,0.7485,0.3098,0.940688046,1,Withdrawn,0.75,0.6
120212,Gateway Risk Consultants,Business Owners Policy,NY,10001,11/1/2025,11/30/2025,0.7866,13282.88,286.67,1486.99,2297.49,1,0,2,1,0,3,2,1,0.4123,0.6746,0.3794,0.940688046,1,Withdrawn,0.5,0.3333
120212,Gateway Risk Consultants,Business Owners Policy,NY,10001,12/1/2025,12/31/2025,0.6977,6811.99,791.85,743.09,2197.69,1,0,2,0,0,6,5,4,0.3862,0.7137,0.3756,0.940688046,1,Withdrawn,0.8,0.6667
120212,Gateway Risk Consultants,Business Owners Policy,NY,10001,2/1/2026,2/28/2026,0.6116,18624.13,2043.85,1658.68,1503.41,1,1,1,1,0,4,3,2,0.4977,0.6968,0.3254,0.940688046,1,,0.6667,0.5
120212,Gateway Risk Consultants,Business Owners Policy,NY,10001,3/1/2026,3/31/2026,0.7803,21235.35,1568.78,1854.33,8945.0,1,0,1,0,0,3,2,1,0.3801,0.6865,0.3526,0.940688046,1,,0.5,0.3333
120212,Gateway Risk Consultants,Business Owners Policy,NY,10001,4/1/2025,4/30/2025,0.6307,20557.4,793.21,1873.62,3365.07,1,1,1,0,0,6,4,1,0.4267,0.7374,0.3337,0.940688046,2,Declined,0.25,0.1667
120212,Gateway Risk Consultants,Business Owners Policy,NY,10001,5/1/2025,5/31/2025,0.6201,14493.52,1810.37,1377.1,492.98,1,1,1,1,0,4,2,1,0.4584,0.7222,0.3113,0.940688046,2,,0.5,0.25
120212,Gateway Risk Consultants,Business Owners Policy,NY,10001,6/1/2025,6/30/2025,0.6328,9019.78,1214.84,815.45,3593.38,2,0,2,1,0,3,2,1,0.5072,0.7323,0.2901,0.940688046,1,Withdrawn,0.5,0.3333
120212,Gateway Risk Consultants,Business Owners Policy,NY,10001,7/1/2025,7/31/2025,0.7856,12068.11,967.62,1173.56,1247.72,0,0,1,0,0,5,4,3,0.4041,0.8496,0.391,0.940688046,1,,0.75,0.6
120212,Gateway Risk Consultants,Business Owners Policy,NY,10001,8/1/2025,8/31/2025,0.5814,11493.81,1824.87,1017.56,914.98,1,1,0,0,0,3,2,1,0.4197,0.7178,0.3146,0.940688046,1,,0.5,0.3333
120212,Gateway Risk Consultants,Business Owners Policy,NY,10001,9/1/2025,9/30/2025,0.7141,13646.04,1975.12,1236.99,1872.02,2,1,1,1,0,7,4,2,0.3893,0.7383,0.3466,0.940688046,3,,0.5,0.2857
120213,Prestige Risk Consultants,Workers Comp,NY,11201,1/1/2026,1/31/2026,0.4924,24641.01,204.27,2652.92,8494.93,2,0,1,1,0,8,7,2,0.4882,0.814,0.2733,0.966713037,1,,0.2857,0.25
120213,Prestige Risk Consultants,Workers Comp,NY,11201,10/1/2025,10/31/2025,0.4255,37444.21,297.98,4448.05,235.99,1,0,1,0,0,3,2,1,0.5511,0.8254,0.2964,0.966713037,1,Withdrawn,0.5,0.3333
120213,Prestige Risk Consultants,Workers Comp,NY,11201,11/1/2025,11/30/2025,0.5839,33316.42,245.9,3155.47,2660.61,0,0,1,0,0,4,2,1,0.5825,0.8262,0.2653,0.966713037,2,Withdrawn,0.5,0.25
120213,Prestige Risk Consultants,Workers Comp,NY,11201,12/1/2025,12/31/2025,0.5965,16554.78,383.96,1692.63,2280.23,2,0,2,0,0,5,4,3,0.5699,0.8296,0.2684,0.966713037,1,,0.75,0.6
120213,Prestige Risk Consultants,Workers Comp,NY,11201,2/1/2026,2/28/2026,0.6149,14423.23,169.93,1567.33,1771.6,0,1,0,0,0,5,4,3,0.5117,0.8292,0.3285,0.966713037,1,,0.75,0.6
120213,Prestige Risk Consultants,Workers Comp,NY,11201,3/1/2026,3/31/2026,0.6125,46849.03,546.74,4973.62,1413.69,0,1,1,0,0,3,2,1,0.5507,0.7798,0.2524,0.966713037,1,,0.5,0.3333
120213,Prestige Risk Consultants,Workers Comp,NY,11201,4/1/2025,4/30/2025,0.4162,21486.36,332.95,2403.64,5349.4,0,0,0,1,0,3,2,1,0.4421,0.8033,0.302,0.966713037,1,Declined,0.5,0.3333
120213,Prestige Risk Consultants,Workers Comp,NY,11201,5/1/2025,5/31/2025,0.5158,29248.84,126.8,3164.56,4700.43,1,0,0,1,0,3,2,1,0.5849,0.8266,0.2733,0.966713037,1,,0.5,0.3333
120213,Prestige Risk Consultants,Workers Comp,NY,11201,6/1/2025,6/30/2025,0.591,35338.93,151.37,3625.76,5092.72,1,1,0,0,0,3,2,1,0.479,0.8642,0.2414,0.966713037,1,Withdrawn,0.5,0.3333
120213,Prestige Risk Consultants,Workers Comp,NY,11201,7/1/2025,7/31/2025,0.459,29314.23,188.39,2923.94,1590.84,1,0,4,0,0,3,2,1,0.4979,0.8546,0.3092,0.966713037,1,Withdrawn,0.5,0.3333
120213,Prestige Risk Consultants,Workers Comp,NY,11201,8/1/2025,8/31/2025,0.5866,25438.64,429.5,3183.17,4661.43,2,2,0,0,0,3,2,1,0.5596,0.8745,0.2701,0.966713037,1,Withdrawn,0.5,0.3333
120213,Prestige Risk Consultants,Workers Comp,NY,11201,9/1/2025,9/30/2025,0.5176,25884.21,621.3,2619.42,1553.64,0,0,0,0,0,3,2,1,0.5338,0.7887,0.2528,0.966713037,1,Withdrawn,0.5,0.3333
120214,Pinnacle Insurance Co.,Commercial Auto,NY,10301,1/1/2026,1/31/2026,0.7805,8777.56,218.47,676.6,704.74,1,0,0,0,0,3,2,1,0.3059,0.5185,0.504,0.838430166,1,,0.5,0.3333
120214,Pinnacle Insurance Co.,Commercial Auto,NY,10301,10/1/2025,10/31/2025,0.8578,9482.54,587.08,956.35,1822.23,1,0,1,0,0,4,3,1,0.3269,0.5612,0.3941,0.838430166,1,Withdrawn,0.3333,0.25
120214,Pinnacle Insurance Co.,Commercial Auto,NY,10301,11/1/2025,11/30/2025,0.8045,4998.52,228.96,478.87,1809.99,1,0,1,0,0,3,2,1,0.2541,0.5466,0.3575,0.838430166,1,Withdrawn,0.5,0.3333
120214,Pinnacle Insurance Co.,Commercial Auto,NY,10301,12/1/2025,12/31/2025,0.822,6185.47,996.3,639.98,513.11,0,0,1,0,0,4,3,1,0.3192,0.5784,0.4708,0.838430166,1,Declined,0.3333,0.25
120214,Pinnacle Insurance Co.,Commercial Auto,NY,10301,2/1/2026,2/28/2026,0.8384,1830.86,299.59,173.86,42.04,0,0,2,0,0,3,2,1,0.2597,0.5988,0.4718,0.838430166,1,,0.5,0.3333
120214,Pinnacle Insurance Co.,Commercial Auto,NY,10301,3/1/2026,3/31/2026,0.8387,5845.73,159.05,454.06,876.51,2,1,0,1,0,3,2,1,0.3345,0.4715,0.439,0.838430166,1,,0.5,0.3333
120214,Pinnacle Insurance Co.,Commercial Auto,NY,10301,4/1/2025,4/30/2025,0.9105,3131.85,122.35,282.49,73.63,1,1,2,0,0,9,8,4,0.2959,0.5995,0.4037,0.838430166,1,,0.5,0.4444
120214,Pinnacle Insurance Co.,Commercial Auto,NY,10301,5/1/2025,5/31/2025,0.8641,5528.93,82.38,571.04,835.26,0,1,0,0,0,3,2,1,0.2831,0.4964,0.4722,0.838430166,1,,0.5,0.3333
120214,Pinnacle Insurance Co.,Commercial Auto,NY,10301,6/1/2025,6/30/2025,0.7696,8651.67,621.73,746.36,724.14,0,1,0,0,0,3,2,1,0.3837,0.3882,0.3996,0.838430166,1,,0.5,0.3333
120214,Pinnacle Insurance Co.,Commercial Auto,NY,10301,7/1/2025,7/31/2025,0.774,8409.81,78.51,752.77,157.66,0,0,0,0,0,5,3,2,0.3669,0.5186,0.398,0.838430166,2,,0.6667,0.4
120214,Pinnacle Insurance Co.,Commercial Auto,NY,10301,8/1/2025,8/31/2025,0.752,7377.77,241.21,723.94,696.33,0,0,0,0,0,3,2,1,0.3253,0.6802,0.4232,0.838430166,1,Withdrawn,0.5,0.3333
120214,Pinnacle Insurance Co.,Commercial Auto,NY,10301,9/1/2025,9/30/2025,0.8504,6636.53,111.25,571.68,1397.98,1,1,0,0,0,3,2,1,0.2534,0.5265,0.3524,0.838430166,1,Declined,0.5,0.3333
120215,Capitol Risk Consultants,Business Owners Policy,NY,14201,1/1/2026,1/31/2026,0.5331,30106.12,451.49,2858.48,926.81,1,0,0,1,0,5,4,2,0.5848,0.8559,0.2722,0.926057031,1,Withdrawn,0.5,0.4
120215,Capitol Risk Consultants,Business Owners Policy,NY,14201,10/1/2025,10/31/2025,0.5498,27233.03,311.17,3049.56,2074.44,3,0,0,1,0,3,2,1,0.5902,0.7781,0.2637,0.926057031,1,,0.5,0.3333
120215,Capitol Risk Consultants,Business Owners Policy,NY,14201,11/1/2025,11/30/2025,0.5435,41485.95,147.45,4855.41,1401.57,0,0,3,1,0,8,3,2,0.5458,0.8339,0.264,0.926057031,5,,0.6667,0.25
120215,Capitol Risk Consultants,Business Owners Policy,NY,14201,12/1/2025,12/31/2025,0.624,25246.39,352.67,2970.49,1145.28,0,0,0,1,0,3,2,1,0.5745,0.8581,0.2991,0.926057031,1,,0.5,0.3333
120215,Capitol Risk Consultants,Business Owners Policy,NY,14201,2/1/2026,2/28/2026,0.5796,35490.7,330.84,4211.32,3079.36,1,1,0,1,0,3,2,1,0.5462,0.901,0.2936,0.926057031,1,,0.5,0.3333
120215,Capitol Risk Consultants,Business Owners Policy,NY,14201,3/1/2026,3/31/2026,0.5217,32126.84,779.26,3174.11,1380.95,1,0,2,1,0,5,4,3,0.4562,0.793,0.3064,0.926057031,1,Withdrawn,0.75,0.6
120215,Capitol Risk Consultants,Business Owners Policy,NY,14201,4/1/2025,4/30/2025,0.5627,22706.48,643.64,2408.95,3069.8,0,0,0,0,0,3,2,1,0.6143,0.8254,0.3064,0.926057031,1,Declined,0.5,0.3333
120215,Capitol Risk Consultants,Business Owners Policy,NY,14201,5/1/2025,5/31/2025,0.4816,31505.09,891.0,2973.06,920.1,3,0,0,0,0,3,2,1,0.5451,0.8249,0.2798,0.926057031,1,Withdrawn,0.5,0.3333
120215,Capitol Risk Consultants,Business Owners Policy,NY,14201,6/1/2025,6/30/2025,0.5517,34853.32,202.49,4050.5,2724.44,0,0,2,0,0,3,2,1,0.5298,0.8139,0.2709,0.926057031,1,Withdrawn,0.5,0.3333
120215,Capitol Risk Consultants,Business Owners Policy,NY,14201,7/1/2025,7/31/2025,0.5616,43033.5,407.44,4711.33,1515.51,1,1,1,1,0,6,5,4,0.6017,0.8346,0.2803,0.926057031,1,,0.8,0.6667
120215,Capitol Risk Consultants,Business Owners Policy,NY,14201,8/1/2025,8/31/2025,0.5748,32285.23,312.16,3231.38,1275.88,1,0,1,0,0,3,2,1,0.5812,0.8378,0.3097,0.926057031,1,Withdrawn,0.5,0.3333
120215,Capitol Risk Consultants,Business Owners Policy,NY,14201,9/1/2025,9/30/2025,0.4839,24974.45,610.66,3030.75,1365.24,0,1,2,0,0,3,2,1,0.6098,0.8447,0.3326,0.926057031,1,,0.5,0.3333
120216,Broadstreet Insurance Partners,Workers Comp,NJ,7030,1/1/2026,1/31/2026,0.5789,35363.17,0.0,3702.85,2595.64,1,1,1,0,0,3,2,1,0.5369,0.8018,0.2886,0.924832403,1,Withdrawn,0.5,0.3333
120216,Broadstreet Insurance Partners,Workers Comp,NJ,7030,10/1/2025,10/31/2025,0.6141,27689.39,0.0,3267.48,1372.37,1,1,2,0,0,9,4,1,0.5453,0.8165,0.2935,0.924832403,5,,0.25,0.1111
120216,Broadstreet Insurance Partners,Workers Comp,NJ,7030,11/1/2025,11/30/2025,0.6229,31322.49,0.0,3224.93,3031.63,0,0,1,0,0,3,2,1,0.6417,0.8292,0.2523,0.924832403,1,,0.5,0.3333
120216,Broadstreet Insurance Partners,Workers Comp,NJ,7030,12/1/2025,12/31/2025,0.6353,29071.87,0.0,3565.09,2005.46,0,1,2,0,0,3,2,1,0.6041,0.8666,0.2977,0.924832403,1,Withdrawn,0.5,0.3333
120216,Broadstreet Insurance Partners,Workers Comp,NJ,7030,2/1/2026,2/28/2026,0.5745,29402.92,0.0,2871.94,1346.49,2,1,1,0,0,3,2,1,0.4406,0.7806,0.1919,0.924832403,1,,0.5,0.3333
120216,Broadstreet Insurance Partners,Workers Comp,NJ,7030,3/1/2026,3/31/2026,0.5644,37735.86,0.0,3991.36,4950.68,0,1,1,1,0,3,2,1,0.5161,0.8335,0.3205,0.924832403,1,Withdrawn,0.5,0.3333
120216,Broadstreet Insurance Partners,Workers Comp,NJ,7030,4/1/2025,4/30/2025,0.55,22160.03,0.0,2179.31,1266.04,2,0,0,1,0,3,2,1,0.5782,0.871,0.3338,0.924832403,1,Declined,0.5,0.3333
120216,Broadstreet Insurance Partners,Workers Comp,NJ,7030,5/1/2025,5/31/2025,0.6032,12834.03,0.0,1222.63,1052.29,1,1,2,0,0,3,2,1,0.591,0.7639,0.282,0.924832403,1,Withdrawn,0.5,0.3333
120216,Broadstreet Insurance Partners,Workers Comp,NJ,7030,6/1/2025,6/30/2025,0.412,32175.13,0.0,3204.55,2800.13,0,0,0,0,0,3,2,1,0.6044,0.7471,0.2851,0.924832403,1,,0.5,0.3333
120216,Broadstreet Insurance Partners,Workers Comp,NJ,7030,7/1/2025,7/31/2025,0.5333,28863.2,0.0,2817.63,3373.61,2,1,1,0,0,3,2,1,0.6025,0.8266,0.2956,0.924832403,1,,0.5,0.3333
120216,Broadstreet Insurance Partners,Workers Comp,NJ,7030,8/1/2025,8/31/2025,0.3643,39656.81,0.0,4935.88,178.75,1,0,0,0,0,3,2,1,0.5402,0.8193,0.2666,0.924832403,1,,0.5,0.3333
120216,Broadstreet Insurance Partners,Workers Comp,NJ,7030,9/1/2025,9/30/2025,0.4826,10596.95,0.0,1261.77,1246.91,1,1,0,0,0,3,2,1,0.4629,0.8018,0.2724,0.924832403,1,,0.5,0.3333
120217,Landmark Insurance Agency,Commercial Auto,NJ,7102,1/1/2026,1/31/2026,0.7937,14943.65,266.15,1208.93,1213.59,1,0,1,0,0,4,3,2,0.3139,0.6018,0.4179,0.896630825,1,,0.6667,0.5
120217,Landmark Insurance Agency,Commercial Auto,NJ,7102,10/1/2025,10/31/2025,0.8472,6638.66,1134.71,601.38,1879.58,1,0,0,0,0,3,2,1,0.3298,0.5329,0.3919,0.896630825,1,,0.5,0.3333
120217,Landmark Insurance Agency,Commercial Auto,NJ,7102,11/1/2025,11/30/2025,0.7832,796.54,222.14,73.08,944.83,1,1,0,0,0,3,2,1,0.2429,0.6458,0.3877,0.896630825,1,Withdrawn,0.5,0.3333
120217,Landmark Insurance Agency,Commercial Auto,NJ,7102,12/1/2025,12/31/2025,0.7508,5008.33,272.46,487.66,1980.43,0,1,1,0,0,5,3,2,0.2894,0.5642,0.4125,0.896630825,2,Declined,0.6667,0.4
120217,Landmark Insurance Agency,Commercial Auto,NJ,7102,2/1/2026,2/28/2026,0.8665,6274.55,283.27,547.92,1636.22,0,2,1,0,0,4,2,1,0.3295,0.5472,0.4805,0.896630825,2,,0.5,0.25
120217,Landmark Insurance Agency,Commercial Auto,NJ,7102,3/1/2026,3/31/2026,0.8754,3610.39,237.7,283.47,1235.39,1,1,0,0,0,3,2,1,0.2487,0.56,0.3859,0.896630825,1,,0.5,0.3333
120217,Landmark Insurance Agency,Commercial Auto,NJ,7102,4/1/2025,4/30/2025,0.8632,4692.56,301.82,482.11,2168.42,1,0,0,0,0,4,3,2,0.2859,0.5288,0.4037,0.896630825,1,,0.6667,0.5
120217,Landmark Insurance Agency,Commercial Auto,NJ,7102,5/1/2025,5/31/2025,0.764,2028.47,141.47,168.45,765.52,0,0,1,0,0,3,2,1,0.2655,0.5036,0.4219,0.896630825,1,Withdrawn,0.5,0.3333
120217,Landmark Insurance Agency,Commercial Auto,NJ,7102,6/1/2025,6/30/2025,0.9288,2954.72,1068.38,254.56,3267.89,1,0,1,0,0,3,2,1,0.2514,0.5582,0.3824,0.896630825,1,Withdrawn,0.5,0.3333
120217,Landmark Insurance Agency,Commercial Auto,NJ,7102,7/1/2025,7/31/2025,0.9128,9534.72,349.61,905.08,850.59,0,0,0,0,0,4,3,1,0.3682,0.6573,0.4355,0.896630825,1,Withdrawn,0.3333,0.25
120217,Landmark Insurance Agency,Commercial Auto,NJ,7102,8/1/2025,8/31/2025,0.8601,1616.67,454.4,155.89,917.94,0,1,1,0,0,3,2,1,0.3267,0.5857,0.3748,0.896630825,1,,0.5,0.3333
120217,Landmark Insurance Agency,Commercial Auto,NJ,7102,9/1/2025,9/30/2025,0.7527,6383.93,247.73,583.5,2029.26,1,1,1,0,0,3,2,1,0.3167,0.6431,0.4459,0.896630825,1,Declined,0.5,0.3333
120218,Nexus Brokerage,Business Owners Policy,NJ,8401,1/1/2026,1/31/2026,0.6556,14088.76,33.23,1401.14,2571.98,0,1,1,0,0,3,2,1,0.4024,0.7438,0.3594,0.975878466,1,Withdrawn,0.5,0.3333
120218,Nexus Brokerage,Business Owners Policy,NJ,8401,10/1/2025,10/31/2025,0.6546,14834.8,38.53,1346.87,46.62,1,2,1,0,0,4,2,1,0.374,0.7486,0.3149,0.975878466,2,Withdrawn,0.5,0.25
120218,Nexus Brokerage,Business Owners Policy,NJ,8401,11/1/2025,11/30/2025,0.6065,13514.05,12.44,1505.38,1284.17,2,0,1,0,0,4,3,2,0.4433,0.7223,0.3954,0.975878466,1,,0.6667,0.5
120218,Nexus Brokerage,Business Owners Policy,NJ,8401,12/1/2025,12/31/2025,0.7013,13776.74,40.73,1199.66,2687.37,0,1,2,1,0,3,2,1,0.5172,0.7062,0.3622,0.975878466,1,Withdrawn,0.5,0.3333
120218,Nexus Brokerage,Business Owners Policy,NJ,8401,2/1/2026,2/28/2026,0.6437,12425.2,11.68,1178.48,9185.37,1,0,0,0,0,3,2,1,0.4038,0.6767,0.3765,0.975878466,1,,0.5,0.3333
120218,Nexus Brokerage,Business Owners Policy,NJ,8401,3/1/2026,3/31/2026,0.6752,15099.81,45.89,1551.25,1850.05,0,0,2,0,0,3,2,1,0.3995,0.743,0.3317,0.975878466,1,Withdrawn,0.5,0.3333
120218,Nexus Brokerage,Business Owners Policy,NJ,8401,4/1/2025,4/30/2025,0.7295,10728.29,29.9,1092.89,432.57,0,1,0,0,0,3,2,1,0.4794,0.7038,0.3395,0.975878466,1,Withdrawn,0.5,0.3333
120218,Nexus Brokerage,Business Owners Policy,NJ,8401,5/1/2025,5/31/2025,0.7411,9348.44,10.73,932.07,2698.92,0,0,0,0,0,4,3,2,0.4571,0.686,0.3336,0.975878466,1,Declined,0.6667,0.5
120218,Nexus Brokerage,Business Owners Policy,NJ,8401,6/1/2025,6/30/2025,0.7071,21696.78,26.72,2333.73,3820.76,3,1,1,0,0,5,4,3,0.4006,0.7188,0.3896,0.975878466,1,,0.75,0.6
120218,Nexus Brokerage,Business Owners Policy,NJ,8401,7/1/2025,7/31/2025,0.7306,11529.68,13.34,1143.8,11002.23,1,1,0,0,0,4,3,2,0.4096,0.6987,0.3317,0.975878466,1,Declined,0.6667,0.5
120218,Nexus Brokerage,Business Owners Policy,NJ,8401,8/1/2025,8/31/2025,0.7655,12756.38,33.79,1348.12,1607.23,3,0,3,0,0,3,2,1,0.4411,0.7835,0.3728,0.975878466,1,Declined,0.5,0.3333
120218,Nexus Brokerage,Business Owners Policy,NJ,8401,9/1/2025,9/30/2025,0.7584,10432.49,23.54,940.83,3165.5,0,0,0,0,0,3,2,1,0.4879,0.7151,0.3226,0.975878466,1,,0.5,0.3333
120219,Bridgepoint Insurance Co.,Workers Comp,NJ,7601,1/1/2026,1/31/2026,0.7271,7414.68,119.87,624.19,4804.26,1,0,1,0,0,6,2,1,0.3234,0.5994,0.451,0.927586796,4,,0.5,0.1667
120219,Bridgepoint Insurance Co.,Workers Comp,NJ,7601,10/1/2025,10/31/2025,0.912,5255.7,198.19,497.73,1084.34,0,0,2,1,0,4,3,1,0.265,0.5949,0.3998,0.927586796,1,Withdrawn,0.3333,0.25
120219,Bridgepoint Insurance Co.,Workers Comp,NJ,7601,11/1/2025,11/30/2025,0.885,7049.86,149.76,616.78,409.78,0,0,0,0,0,3,2,1,0.2926,0.526,0.4729,0.927586796,1,,0.5,0.3333
120219,Bridgepoint Insurance Co.,Workers Comp,NJ,7601,12/1/2025,12/31/2025,0.873,3947.08,293.29,326.17,2994.61,2,0,1,1,0,5,4,3,0.2895,0.5886,0.3686,0.927586796,1,,0.75,0.6
120219,Bridgepoint Insurance Co.,Workers Comp,NJ,7601,2/1/2026,2/28/2026,0.8457,7798.53,58.7,620.21,1443.43,2,1,1,0,0,3,2,1,0.415,0.4928,0.4089,0.927586796,1,Withdrawn,0.5,0.3333
120219,Bridgepoint Insurance Co.,Workers Comp,NJ,7601,3/1/2026,3/31/2026,0.8267,4650.75,75.84,416.35,1763.85,0,1,1,0,0,3,2,1,0.282,0.6293,0.432,0.927586796,1,Declined,0.5,0.3333
120219,Bridgepoint Insurance Co.,Workers Comp,NJ,7601,4/1/2025,4/30/2025,0.7558,10309.25,40.66,1030.67,2480.47,0,2,1,0,0,3,2,1,0.3147,0.6672,0.4518,0.927586796,1,Withdrawn,0.5,0.3333
120219,Bridgepoint Insurance Co.,Workers Comp,NJ,7601,5/1/2025,5/31/2025,0.8107,2064.71,182.24,193.03,1504.98,1,0,0,1,0,3,2,1,0.3557,0.5686,0.4385,0.927586796,1,Withdrawn,0.5,0.3333
120219,Bridgepoint Insurance Co.,Workers Comp,NJ,7601,6/1/2025,6/30/2025,0.756,8163.57,282.82,770.92,1257.89,0,2,1,0,0,3,2,1,0.2896,0.5839,0.4173,0.927586796,1,,0.5,0.3333
120219,Bridgepoint Insurance Co.,Workers Comp,NJ,7601,7/1/2025,7/31/2025,0.8692,5070.75,133.13,461.47,2483.33,0,0,1,0,0,3,2,1,0.3702,0.5914,0.3679,0.927586796,1,Declined,0.5,0.3333
120219,Bridgepoint Insurance Co.,Workers Comp,NJ,7601,8/1/2025,8/31/2025,0.7914,7020.77,81.62,623.58,2615.87,1,0,1,0,0,3,2,1,0.3077,0.6048,0.4475,0.927586796,1,,0.5,0.3333
120219,Bridgepoint Insurance Co.,Workers Comp,NJ,7601,9/1/2025,9/30/2025,0.7646,6499.1,149.76,508.73,3695.13,3,1,0,0,0,4,2,1,0.2756,0.5544,0.4666,0.927586796,2,,0.5,0.25
120220,Eagle Risk Consultants,Commercial Auto,PA,19103,1/1/2026,1/31/2026,0.6928,20791.79,476.39,1926.49,1598.97,1,1,0,0,0,3,2,1,0.4528,0.6744,0.3244,0.983538852,1,,0.5,0.3333
120220,Eagle Risk Consultants,Commercial Auto,PA,19103,10/1/2025,10/31/2025,0.7744,11900.28,691.88,1232.57,3887.66,2,1,2,1,0,4,3,1,0.3173,0.7456,0.389,0.983538852,1,Withdrawn,0.3333,0.25
120220,Eagle Risk Consultants,Commercial Auto,PA,19103,11/1/2025,11/30/2025,0.6961,14494.12,1022.85,1374.93,6833.42,0,1,0,0,0,4,2,1,0.3045,0.6795,0.3509,0.983538852,2,,0.5,0.25
120220,Eagle Risk Consultants,Commercial Auto,PA,19103,12/1/2025,12/31/2025,0.6449,6799.89,298.86,634.69,6065.41,1,1,1,0,0,4,2,1,0.4297,0.6683,0.3372,0.983538852,2,Withdrawn,0.5,0.25
120220,Eagle Risk Consultants,Commercial Auto,PA,19103,2/1/2026,2/28/2026,0.5001,17582.15,193.07,1757.44,2404.46,2,0,2,0,0,3,2,1,0.367,0.7468,0.3313,0.983538852,1,Declined,0.5,0.3333
120220,Eagle Risk Consultants,Commercial Auto,PA,19103,3/1/2026,3/31/2026,0.7809,8019.37,653.76,801.86,5250.42,1,2,1,0,0,3,2,1,0.3183,0.578,0.332,0.983538852,1,Withdrawn,0.5,0.3333
120220,Eagle Risk Consultants,Commercial Auto,PA,19103,4/1/2025,4/30/2025,0.8347,5021.93,642.99,507.7,3612.51,1,0,1,0,0,3,2,1,0.4933,0.676,0.3486,0.983538852,1,Withdrawn,0.5,0.3333
120220,Eagle Risk Consultants,Commercial Auto,PA,19103,5/1/2025,5/31/2025,0.614,15517.21,972.41,1649.08,2870.69,0,0,2,0,0,4,2,1,0.4508,0.7053,0.3693,0.983538852,2,,0.5,0.25
120220,Eagle Risk Consultants,Commercial Auto,PA,19103,6/1/2025,6/30/2025,0.7055,13766.88,602.14,1257.76,3174.1,1,0,0,1,0,5,3,2,0.3896,0.7143,0.3481,0.983538852,2,Declined,0.6667,0.4
120220,Eagle Risk Consultants,Commercial Auto,PA,19103,7/1/2025,7/31/2025,0.7192,9084.28,1238.39,1037.91,4632.43,1,0,1,0,0,7,6,4,0.4771,0.7226,0.4051,0.983538852,1,Withdrawn,0.6667,0.5714
120220,Eagle Risk Consultants,Commercial Auto,PA,19103,8/1/2025,8/31/2025,0.6785,9782.02,706.09,1055.08,3241.71,2,0,1,1,0,3,2,1,0.3463,0.6663,0.3575,0.983538852,1,Withdrawn,0.5,0.3333
120220,Eagle Risk Consultants,Commercial Auto,PA,19103,9/1/2025,9/30/2025,0.6844,16218.08,226.33,1630.82,4707.24,1,2,2,0,0,3,2,1,0.2998,0.6976,0.3663,0.983538852,1,,0.5,0.3333
120221,Harbor Risk Management,Business Owners Policy,PA,15222,1/1/2026,1/31/2026,0.7739,24713.56,3179.4,2416.91,1183.02,2,1,1,0,0,3,2,1,0.3813,0.7192,0.2947,0.894930935,1,,0.5,0.3333
120221,Harbor Risk Management,Business Owners Policy,PA,15222,10/1/2025,10/31/2025,0.8008,32887.45,1291.26,2855.03,706.04,1,1,1,0,0,3,2,1,0.3726,0.7205,0.3128,0.894930935,1,Withdrawn,0.5,0.3333
120221,Harbor Risk Management,Business Owners Policy,PA,15222,11/1/2025,11/30/2025,0.7864,12065.08,2359.02,1368.12,2580.52,0,0,0,0,0,3,2,1,0.4524,0.6791,0.3528,0.894930935,1,Withdrawn,0.5,0.3333
120221,Harbor Risk Management,Business Owners Policy,PA,15222,12/1/2025,12/31/2025,0.7623,16816.24,2061.74,1818.53,2736.0,0,0,0,1,0,12,11,4,0.3468,0.6786,0.3392,0.894930935,1,,0.3636,0.3333
120221,Harbor Risk Management,Business Owners Policy,PA,15222,2/1/2026,2/28/2026,0.6921,12467.03,1685.86,1262.06,1937.75,2,0,1,1,0,3,2,1,0.5432,0.7023,0.3409,0.894930935,1,Withdrawn,0.5,0.3333
120221,Harbor Risk Management,Business Owners Policy,PA,15222,3/1/2026,3/31/2026,0.7411,16988.85,2613.22,1854.63,1294.86,1,0,2,0,0,5,4,3,0.4102,0.6815,0.3721,0.894930935,1,,0.75,0.6
120221,Harbor Risk Management,Business Owners Policy,PA,15222,4/1/2025,4/30/2025,0.5243,24054.52,1912.6,2233.15,1635.42,2,0,0,0,0,4,2,1,0.4562,0.7107,0.3388,0.894930935,2,Withdrawn,0.5,0.25
120221,Harbor Risk Management,Business Owners Policy,PA,15222,5/1/2025,5/31/2025,0.6734,16605.2,1301.56,1546.5,453.39,1,1,0,0,0,3,2,1,0.4677,0.702,0.3547,0.894930935,1,Declined,0.5,0.3333
120221,Harbor Risk Management,Business Owners Policy,PA,15222,6/1/2025,6/30/2025,0.7326,1851.22,1022.58,166.22,961.2,1,0,1,0,0,3,2,1,0.3959,0.6739,0.3413,0.894930935,1,Withdrawn,0.5,0.3333
120221,Harbor Risk Management,Business Owners Policy,PA,15222,7/1/2025,7/31/2025,0.7165,17852.13,4271.49,1541.08,253.44,0,0,1,0,0,3,2,1,0.4416,0.7246,0.3839,0.894930935,1,,0.5,0.3333
120221,Harbor Risk Management,Business Owners Policy,PA,15222,8/1/2025,8/31/2025,0.6017,18300.75,1013.66,1559.99,2062.48,0,1,2,1,0,7,5,3,0.3832,0.712,0.3225,0.894930935,2,,0.6,0.4286
120221,Harbor Risk Management,Business Owners Policy,PA,15222,9/1/2025,9/30/2025,0.6539,20777.48,1076.34,2106.28,1892.27,0,0,1,1,0,3,2,1,0.3784,0.7465,0.3696,0.894930935,1,Withdrawn,0.5,0.3333
120222,Premier Brokerage,Workers Comp,PA,17101,1/1/2026,1/31/2026,0.4516,34310.02,0.0,3821.54,1591.93,0,0,1,0,0,3,2,1,0.6918,0.9004,0.2558,0.969596074,1,Withdrawn,0.5,0.3333
120222,Premier Brokerage,Workers Comp,PA,17101,10/1/2025,10/31/2025,0.2631,17475.63,0.0,1822.13,832.55,0,1,1,1,0,3,2,1,0.6744,0.9057,0.2029,0.969596074,1,Declined,0.5,0.3333
120222,Premier Brokerage,Workers Comp,PA,17101,11/1/2025,11/30/2025,0.3338,58508.16,0.0,6294.51,3255.99,0,2,0,0,0,3,2,1,0.799,0.9236,0.2263,0.969596074,1,Declined,0.5,0.3333
120222,Premier Brokerage,Workers Comp,PA,17101,12/1/2025,12/31/2025,0.3946,47598.73,0.0,5397.37,5396.91,2,0,1,0,0,5,3,1,0.7151,0.9284,0.1841,0.969596074,2,,0.3333,0.2
120222,Premier Brokerage,Workers Comp,PA,17101,2/1/2026,2/28/2026,0.3627,59086.81,0.0,7877.97,5188.45,0,1,0,0,0,3,2,1,0.6382,0.9072,0.2038,0.969596074,1,Withdrawn,0.5,0.3333
120222,Premier Brokerage,Workers Comp,PA,17101,3/1/2026,3/31/2026,0.3189,38074.14,0.0,4380.88,1791.42,0,0,2,0,0,3,2,1,0.6952,0.9397,0.2148,0.969596074,1,Withdrawn,0.5,0.3333
120222,Premier Brokerage,Workers Comp,PA,17101,4/1/2025,4/30/2025,0.3117,64094.58,0.0,6683.36,9056.24,0,0,2,1,0,7,6,5,0.6121,0.8855,0.1904,0.969596074,1,Withdrawn,0.8333,0.7143
120222,Premier Brokerage,Workers Comp,PA,17101,5/1/2025,5/31/2025,0.4126,42156.49,0.0,5741.97,3557.33,2,0,0,0,0,7,6,3,0.7004,0.9123,0.2264,0.969596074,1,,0.5,0.4286
120222,Premier Brokerage,Workers Comp,PA,17101,6/1/2025,6/30/2025,0.4345,37265.91,0.0,4761.51,1767.74,2,1,0,0,0,4,3,2,0.6364,0.9259,0.1853,0.969596074,1,,0.6667,0.5
120222,Premier Brokerage,Workers Comp,PA,17101,7/1/2025,7/31/2025,0.4255,45674.01,0.0,6011.9,5063.09,1,0,1,1,0,3,2,1,0.6978,0.9324,0.1948,0.969596074,1,,0.5,0.3333
120222,Premier Brokerage,Workers Comp,PA,17101,8/1/2025,8/31/2025,0.4623,10872.68,0.0,1313.3,2293.13,0,0,0,0,0,3,2,1,0.6545,0.8944,0.15,0.969596074,1,Withdrawn,0.5,0.3333
120222,Premier Brokerage,Workers Comp,PA,17101,9/1/2025,9/30/2025,0.2962,48327.12,0.0,6663.03,783.45,2,0,1,0,0,4,3,1,0.6312,0.9206,0.2136,0.969596074,1,,0.3333,0.25
120223,Horizon Insurance Partners,Commercial Auto,PA,18501,1/1/2026,1/31/2026,0.576,16843.52,5361.69,1958.11,3346.47,0,1,1,0,0,3,2,1,0.4172,0.822,0.2894,0.955360428,1,,0.5,0.3333
120223,Horizon Insurance Partners,Commercial Auto,PA,18501,10/1/2025,10/31/2025,0.556,16591.69,1824.67,1932.27,361.06,1,1,1,0,0,4,3,2,0.5889,0.8088,0.2864,0.955360428,1,,0.6667,0.5
120223,Horizon Insurance Partners,Commercial Auto,PA,18501,11/1/2025,11/30/2025,0.6094,32092.44,5186.73,3022.0,5938.31,1,1,1,1,0,3,2,1,0.5573,0.8523,0.2632,0.955360428,1,Declined,0.5,0.3333
120223,Horizon Insurance Partners,Commercial Auto,PA,18501,12/1/2025,12/31/2025,0.5719,26854.12,17757.38,2925.19,2184.7,0,0,1,0,0,4,2,1,0.5982,0.8142,0.2707,0.955360428,2,Withdrawn,0.5,0.25
120223,Horizon Insurance Partners,Commercial Auto,PA,18501,2/1/2026,2/28/2026,0.5235,39110.4,986.85,3962.24,1817.62,1,0,0,0,0,3,2,1,0.5351,0.8421,0.3068,0.955360428,1,,0.5,0.3333
120223,Horizon Insurance Partners,Commercial Auto,PA,18501,3/1/2026,3/31/2026,0.5287,29464.08,5831.05,3233.92,1420.45,3,0,0,0,0,3,2,1,0.5355,0.8382,0.283,0.955360428,1,Declined,0.5,0.3333
120223,Horizon Insurance Partners,Commercial Auto,PA,18501,4/1/2025,4/30/2025,0.5447,21569.57,5490.05,2263.49,2696.32,0,1,0,0,0,3,2,1,0.5391,0.7823,0.2739,0.955360428,1,Withdrawn,0.5,0.3333
120223,Horizon Insurance Partners,Commercial Auto,PA,18501,5/1/2025,5/31/2025,0.5852,22846.89,11243.72,2309.85,3259.44,0,2,2,0,0,3,2,1,0.5676,0.8829,0.2731,0.955360428,1,Declined,0.5,0.3333
120223,Horizon Insurance Partners,Commercial Auto,PA,18501,6/1/2025,6/30/2025,0.5232,33791.98,15088.87,3986.77,1930.86,1,0,0,1,0,3,2,1,0.5092,0.8079,0.2775,0.955360428,1,,0.5,0.3333
120223,Horizon Insurance Partners,Commercial Auto,PA,18501,7/1/2025,7/31/2025,0.5328,18813.79,5703.78,1957.66,1782.17,1,0,2,1,0,6,5,4,0.5117,0.8311,0.2823,0.955360428,1,,0.8,0.6667
120223,Horizon Insurance Partners,Commercial Auto,PA,18501,8/1/2025,8/31/2025,0.6216,25569.09,10982.14,3053.45,2543.67,2,0,1,0,0,4,3,2,0.5811,0.7505,0.2441,0.955360428,1,Declined,0.6667,0.5
120223,Horizon Insurance Partners,Commercial Auto,PA,18501,9/1/2025,9/30/2025,0.5369,26541.28,9931.97,3193.45,8721.26,0,1,1,0,0,4,3,2,0.516,0.8027,0.29,0.955360428,1,Withdrawn,0.6667,0.5
120224,Prestige Brokerage,Business Owners Policy,NY,10001,1/1/2026,1/31/2026,0.4614,19810.12,780.88,1892.79,1650.72,2,1,0,0,0,3,2,1,0.512,0.8393,0.2933,0.94325187,1,,0.5,0.3333
120224,Prestige Brokerage,Business Owners Policy,NY,10001,10/1/2025,10/31/2025,0.611,16755.85,1146.54,2069.98,2143.23,0,0,2,0,0,4,2,1,0.5537,0.8446,0.2672,0.94325187,2,,0.5,0.25
120224,Prestige Brokerage,Business Owners Policy,NY,10001,11/1/2025,11/30/2025,0.4422,30046.27,188.03,3243.6,1027.78,3,0,1,0,0,5,2,1,0.5299,0.8041,0.3324,0.94325187,3,,0.5,0.2
120224,Prestige Brokerage,Business Owners Policy,NY,10001,12/1/2025,12/31/2025,0.5875,23149.44,193.14,2653.13,772.15,0,0,1,0,0,5,4,2,0.4644,0.834,0.327,0.94325187,1,Declined,0.5,0.4
120224,Prestige Brokerage,Business Owners Policy,NY,10001,2/1/2026,2/28/2026,0.655,43399.52,1753.38,5202.58,3911.64,1,0,0,0,0,6,5,4,0.5369,0.7859,0.2332,0.94325187,1,Declined,0.8,0.6667
120224,Prestige Brokerage,Business Owners Policy,NY,10001,3/1/2026,3/31/2026,0.5315,24720.77,1858.01,2648.2,3095.95,1,1,0,0,0,3,2,1,0.6188,0.8192,0.242,0.94325187,1,,0.5,0.3333
120224,Prestige Brokerage,Business Owners Policy,NY,10001,4/1/2025,4/30/2025,0.5543,28408.61,505.93,2852.04,1159.67,0,2,2,0,0,3,2,1,0.5178,0.8421,0.3379,0.94325187,1,,0.5,0.3333
120224,Prestige Brokerage,Business Owners Policy,NY,10001,5/1/2025,5/31/2025,0.4988,27968.19,377.34,3302.39,754.0,1,1,2,0,0,3,2,1,0.6439,0.7972,0.2802,0.94325187,1,Declined,0.5,0.3333
120224,Prestige Brokerage,Business Owners Policy,NY,10001,6/1/2025,6/30/2025,0.5126,42664.91,304.71,5322.84,1173.22,2,0,1,0,0,6,5,3,0.6441,0.853,0.3271,0.94325187,1,,0.6,0.5
120224,Prestige Brokerage,Business Owners Policy,NY,10001,7/1/2025,7/31/2025,0.4613,16449.84,779.92,1609.29,1307.11,1,1,2,0,0,3,2,1,0.5931,0.8107,0.276,0.94325187,1,Withdrawn,0.5,0.3333
120224,Prestige Brokerage,Business Owners Policy,NY,10001,8/1/2025,8/31/2025,0.516,43642.61,813.36,4557.26,1466.81,1,1,1,1,0,6,5,4,0.5497,0.8771,0.3422,0.94325187,1,,0.8,0.6667
120224,Prestige Brokerage,Business Owners Policy,NY,10001,9/1/2025,9/30/2025,0.6393,19981.18,22.24,2496.77,5182.59,2,1,2,1,0,5,2,1,0.6188,0.8178,0.2557,0.94325187,3,,0.5,0.2
120225,Benchmark Insurance Partners,Workers Comp,NY,11201,1/1/2026,1/31/2026,0.5538,24483.07,0.0,2519.18,611.23,0,0,1,1,0,9,8,2,0.5706,0.7836,0.2957,0.824720768,1,,0.25,0.2222
120225,Benchmark Insurance Partners,Workers Comp,NY,11201,10/1/2025,10/31/2025,0.562,26595.62,0.0,2552.33,1591.87,1,1,1,0,0,4,3,2,0.5298,0.8528,0.243,0.824720768,1,,0.6667,0.5
120225,Benchmark Insurance Partners,Workers Comp,NY,11201,11/1/2025,11/30/2025,0.5068,24060.45,0.0,2641.0,369.29,0,0,1,0,0,3,2,1,0.6046,0.7987,0.2633,0.824720768,1,,0.5,0.3333
120225,Benchmark Insurance Partners,Workers Comp,NY,11201,12/1/2025,12/31/2025,0.5776,29363.31,0.0,2966.91,272.72,0,1,1,0,0,6,2,1,0.5858,0.8598,0.3121,0.824720768,4,Withdrawn,0.5,0.1667
120225,Benchmark Insurance Partners,Workers Comp,NY,11201,2/1/2026,2/28/2026,0.6116,21759.65,0.0,2363.98,778.41,1,0,0,0,0,3,2,1,0.4856,0.8393,0.2795,0.824720768,1,,0.5,0.3333
120225,Benchmark Insurance Partners,Workers Comp,NY,11201,3/1/2026,3/31/2026,0.5137,15728.65,0.0,1961.51,754.91,0,0,0,0,0,3,2,1,0.5937,0.839,0.2378,0.824720768,1,,0.5,0.3333
120225,Benchmark Insurance Partners,Workers Comp,NY,11201,4/1/2025,4/30/2025,0.6152,38922.63,0.0,4225.36,692.79,0,1,1,0,0,3,2,1,0.5096,0.7786,0.3001,0.824720768,1,Withdrawn,0.5,0.3333
120225,Benchmark Insurance Partners,Workers Comp,NY,11201,5/1/2025,5/31/2025,0.5378,30067.21,0.0,3776.05,1285.25,0,0,0,0,0,3,2,1,0.5814,0.7886,0.2696,0.824720768,1,,0.5,0.3333
120225,Benchmark Insurance Partners,Workers Comp,NY,11201,6/1/2025,6/30/2025,0.4546,29061.48,0.0,3333.0,312.1,1,0,0,0,0,3,2,1,0.5176,0.8024,0.2795,0.824720768,1,,0.5,0.3333
120225,Benchmark Insurance Partners,Workers Comp,NY,11201,7/1/2025,7/31/2025,0.517,39078.3,0.0,3789.83,565.1,1,0,0,0,0,3,2,1,0.5576,0.8643,0.2457,0.824720768,1,Declined,0.5,0.3333
120225,Benchmark Insurance Partners,Workers Comp,NY,11201,8/1/2025,8/31/2025,0.541,24767.44,0.0,2955.73,638.14,1,1,1,0,0,3,2,1,0.5479,0.7847,0.2617,0.824720768,1,Declined,0.5,0.3333
120225,Benchmark Insurance Partners,Workers Comp,NY,11201,9/1/2025,9/30/2025,0.5913,22907.06,0.0,2177.6,193.79,1,0,0,0,0,3,2,1,0.5211,0.8702,0.3088,0.824720768,1,,0.5,0.3333
120226,Premier Insurance Partners,Commercial Auto,NY,10301,1/1/2026,1/31/2026,0.8791,2441.52,0.0,212.01,3109.97,0,0,1,0,0,3,2,1,0.2227,0.3943,0.459,0.939114003,1,Withdrawn,0.5,0.3333
120226,Premier Insurance Partners,Commercial Auto,NY,10301,10/1/2025,10/31/2025,1.0396,4605.99,0.0,360.07,774.13,1,0,2,0,0,3,2,1,0.2005,0.4789,0.5365,0.939114003,1,,0.5,0.3333
120226,Premier Insurance Partners,Commercial Auto,NY,10301,11/1/2025,11/30/2025,0.9482,3775.91,0.0,282.28,1468.29,1,0,0,0,0,3,2,1,0.2272,0.3687,0.5209,0.939114003,1,Withdrawn,0.5,0.3333
120226,Premier Insurance Partners,Commercial Auto,NY,10301,12/1/2025,12/31/2025,0.974,5015.73,0.0,370.28,2141.49,2,1,0,1,0,3,2,1,0.2003,0.3602,0.4677,0.939114003,1,Withdrawn,0.5,0.3333
120226,Premier Insurance Partners,Commercial Auto,NY,10301,2/1/2026,2/28/2026,0.8199,2410.73,0.0,211.61,381.48,1,0,2,0,0,5,4,3,0.2287,0.3932,0.5276,0.939114003,1,,0.75,0.6
120226,Premier Insurance Partners,Commercial Auto,NY,10301,3/1/2026,3/31/2026,1.0075,3265.91,0.0,296.4,2984.29,1,1,0,0,0,3,2,1,0.1536,0.3049,0.4856,0.939114003,1,,0.5,0.3333
120226,Premier Insurance Partners,Commercial Auto,NY,10301,4/1/2025,4/30/2025,0.9504,4182.75,0.0,290.93,2856.46,0,1,1,0,0,4,2,1,0.1825,0.424,0.65,0.939114003,2,Withdrawn,0.5,0.25
120226,Premier Insurance Partners,Commercial Auto,NY,10301,5/1/2025,5/31/2025,0.9329,500.0,0.0,50.0,4829.07,1,1,1,1,0,4,3,1,0.1591,0.3646,0.5316,0.939114003,1,Withdrawn,0.3333,0.25
120226,Premier Insurance Partners,Commercial Auto,NY,10301,6/1/2025,6/30/2025,1.0145,1723.33,0.0,152.06,1170.38,1,0,0,0,0,3,2,1,0.2152,0.3784,0.5022,0.939114003,1,Declined,0.5,0.3333
120226,Premier Insurance Partners,Commercial Auto,NY,10301,7/1/2025,7/31/2025,0.8444,1967.01,0.0,174.48,1058.43,1,0,2,1,0,3,2,1,0.1517,0.4646,0.5328,0.939114003,1,,0.5,0.3333
120226,Premier Insurance Partners,Commercial Auto,NY,10301,8/1/2025,8/31/2025,0.9096,3982.03,0.0,320.32,5946.94,0,0,0,0,0,3,2,1,0.1687,0.4914,0.5435,0.939114003,1,Withdrawn,0.5,0.3333
120226,Premier Insurance Partners,Commercial Auto,NY,10301,9/1/2025,9/30/2025,0.9696,1801.33,0.0,145.81,2898.66,0,1,0,0,0,6,4,3,0.1994,0.4571,0.5069,0.939114003,2,,0.75,0.5
120227,Heritage & Associates,Business Owners Policy,NY,14201,1/1/2026,1/31/2026,0.521,40123.17,0.0,4239.77,1535.7,1,1,1,0,0,3,2,1,0.5555,0.8102,0.3041,0.949294747,1,,0.5,0.3333
120227,Heritage & Associates,Business Owners Policy,NY,14201,10/1/2025,10/31/2025,0.5959,35512.42,0.0,3616.28,739.91,1,2,0,0,0,7,5,2,0.5251,0.7757,0.2859,0.949294747,2,Withdrawn,0.4,0.2857
120227,Heritage & Associates,Business Owners Policy,NY,14201,11/1/2025,11/30/2025,0.5922,34593.22,0.0,3512.97,3361.22,1,0,0,0,0,5,4,3,0.6738,0.8205,0.3098,0.949294747,1,,0.75,0.6
120227,Heritage & Associates,Business Owners Policy,NY,14201,12/1/2025,12/31/2025,0.5354,39565.74,0.0,4494.64,4081.41,0,1,1,0,0,3,2,1,0.5767,0.8089,0.2604,0.949294747,1,Declined,0.5,0.3333
120227,Heritage & Associates,Business Owners Policy,NY,14201,2/1/2026,2/28/2026,0.588,23495.47,0.0,2784.65,1885.48,1,0,1,0,0,3,2,1,0.6128,0.7998,0.2446,0.949294747,1,Withdrawn,0.5,0.3333
120227,Heritage & Associates,Business Owners Policy,NY,14201,3/1/2026,3/31/2026,0.6173,14229.17,0.0,1360.0,1247.93,1,0,1,0,0,3,2,1,0.5269,0.8049,0.2817,0.949294747,1,,0.5,0.3333
120227,Heritage & Associates,Business Owners Policy,NY,14201,4/1/2025,4/30/2025,0.5614,28358.59,0.0,2916.3,3373.73,1,0,1,0,0,3,2,1,0.5369,0.7934,0.311,0.949294747,1,Withdrawn,0.5,0.3333
120227,Heritage & Associates,Business Owners Policy,NY,14201,5/1/2025,5/31/2025,0.5898,29296.27,0.0,3567.43,2998.08,0,0,0,0,0,3,2,1,0.5842,0.7945,0.241,0.949294747,1,Declined,0.5,0.3333
120227,Heritage & Associates,Business Owners Policy,NY,14201,6/1/2025,6/30/2025,0.6271,31032.99,0.0,3859.94,1732.56,1,0,0,0,0,3,2,1,0.526,0.7736,0.2753,0.949294747,1,,0.5,0.3333
120227,Heritage & Associates,Business Owners Policy,NY,14201,7/1/2025,7/31/2025,0.518,25791.16,0.0,2765.69,3187.61,0,1,1,0,0,3,2,1,0.5071,0.8201,0.2759,0.949294747,1,Withdrawn,0.5,0.3333
120227,Heritage & Associates,Business Owners Policy,NY,14201,8/1/2025,8/31/2025,0.5321,36728.22,0.0,3807.83,3475.99,0,0,0,0,0,9,6,3,0.449,0.8706,0.3224,0.949294747,3,,0.5,0.3333
120227,Heritage & Associates,Business Owners Policy,NY,14201,9/1/2025,9/30/2025,0.565,19656.25,0.0,2072.11,6062.63,0,1,1,1,0,3,2,1,0.4964,0.8581,0.2878,0.949294747,1,Withdrawn,0.5,0.3333
120228,Cornerstone Insurance Agency,Workers Comp,NJ,7030,1/1/2026,1/31/2026,0.7409,9007.23,0.0,697.96,2052.74,2,1,1,1,0,3,2,1,0.3313,0.577,0.444,0.986731039,1,,0.5,0.3333
120228,Cornerstone Insurance Agency,Workers Comp,NJ,7030,10/1/2025,10/31/2025,0.7947,6142.2,0.0,573.21,1748.05,1,0,2,0,0,3,2,1,0.3466,0.5617,0.3802,0.986731039,1,,0.5,0.3333
120228,Cornerstone Insurance Agency,Workers Comp,NJ,7030,11/1/2025,11/30/2025,0.771,1901.71,0.0,192.65,3246.79,0,1,1,0,0,6,5,3,0.3096,0.5757,0.4713,0.986731039,1,Declined,0.6,0.5
120228,Cornerstone Insurance Agency,Workers Comp,NJ,7030,12/1/2025,12/31/2025,0.7116,5720.43,0.0,549.37,4023.07,1,1,1,1,0,7,4,2,0.2432,0.6015,0.488,0.986731039,3,Withdrawn,0.5,0.2857
120228,Cornerstone Insurance Agency,Workers Comp,NJ,7030,2/1/2026,2/28/2026,0.8219,6031.77,0.0,527.55,3364.69,0,1,1,0,0,3,2,1,0.3211,0.5079,0.5191,0.986731039,1,,0.5,0.3333
120228,Cornerstone Insurance Agency,Workers Comp,NJ,7030,3/1/2026,3/31/2026,0.8624,7261.41,0.0,660.59,1131.17,2,0,1,0,0,6,4,2,0.331,0.6332,0.4356,0.986731039,2,Declined,0.5,0.3333
120228,Cornerstone Insurance Agency,Workers Comp,NJ,7030,4/1/2025,4/30/2025,0.7846,10614.03,0.0,986.57,2903.24,1,0,1,0,0,3,2,1,0.3319,0.5612,0.4208,0.986731039,1,Declined,0.5,0.3333
120228,Cornerstone Insurance Agency,Workers Comp,NJ,7030,5/1/2025,5/31/2025,0.8134,8010.53,0.0,624.3,1078.99,2,1,2,1,0,5,4,3,0.2865,0.6116,0.3581,0.986731039,1,Declined,0.75,0.6
120228,Cornerstone Insurance Agency,Workers Comp,NJ,7030,6/1/2025,6/30/2025,0.7833,9030.51,0.0,713.05,4418.91,0,0,0,0,0,3,2,1,0.2515,0.6175,0.3875,0.986731039,1,,0.5,0.3333
120228,Cornerstone Insurance Agency,Workers Comp,NJ,7030,7/1/2025,7/31/2025,0.7551,7711.01,0.0,730.6,3913.64,0,1,1,0,0,4,3,2,0.303,0.511,0.4212,0.986731039,1,Withdrawn,0.6667,0.5
120228,Cornerstone Insurance Agency,Workers Comp,NJ,7030,8/1/2025,8/31/2025,0.9061,3842.43,0.0,348.27,3283.41,2,2,1,0,0,3,2,1,0.2536,0.5772,0.4784,0.986731039,1,,0.5,0.3333
120228,Cornerstone Insurance Agency,Workers Comp,NJ,7030,9/1/2025,9/30/2025,0.6948,5380.21,0.0,541.06,10719.61,2,0,1,0,0,3,2,1,0.2863,0.5251,0.4064,0.986731039,1,Withdrawn,0.5,0.3333
120229,Prestige Insurance Co.,Commercial Auto,NJ,7102,1/1/2026,1/31/2026,0.6215,20713.88,2360.4,2124.81,1497.34,0,0,1,0,0,7,6,5,0.4065,0.6741,0.3384,0.917670708,1,Declined,0.8333,0.7143
120229,Prestige Insurance Co.,Commercial Auto,NJ,7102,10/1/2025,10/31/2025,0.6811,11830.22,1902.84,1036.75,393.66,1,0,0,1,0,3,2,1,0.468,0.728,0.3019,0.917670708,1,Declined,0.5,0.3333
120229,Prestige Insurance Co.,Commercial Auto,NJ,7102,11/1/2025,11/30/2025,0.6963,20042.2,459.67,2175.58,475.94,1,0,2,0,0,3,2,1,0.4654,0.6904,0.3746,0.917670708,1,,0.5,0.3333
120229,Prestige Insurance Co.,Commercial Auto,NJ,7102,12/1/2025,12/31/2025,0.6458,16411.54,528.79,1407.43,834.45,0,0,0,0,0,3,2,1,0.415,0.7368,0.3869,0.917670708,1,Withdrawn,0.5,0.3333
120229,Prestige Insurance Co.,Commercial Auto,NJ,7102,2/1/2026,2/28/2026,0.5905,13880.65,897.98,1357.38,3374.86,0,0,0,1,0,5,4,2,0.2808,0.6909,0.363,0.917670708,1,Withdrawn,0.5,0.4
120229,Prestige Insurance Co.,Commercial Auto,NJ,7102,3/1/2026,3/31/2026,0.6481,11175.0,1174.05,1034.03,266.38,0,1,1,0,0,3,2,1,0.3936,0.7637,0.3676,0.917670708,1,,0.5,0.3333
120229,Prestige Insurance Co.,Commercial Auto,NJ,7102,4/1/2025,4/30/2025,0.7357,16897.49,926.18,1927.5,864.4,1,1,1,1,0,3,2,1,0.5063,0.6517,0.3088,0.917670708,1,,0.5,0.3333
120229,Prestige Insurance Co.,Commercial Auto,NJ,7102,5/1/2025,5/31/2025,0.6815,15794.6,971.01,1705.31,1071.49,1,0,1,0,0,5,4,3,0.3956,0.7089,0.2841,0.917670708,1,,0.75,0.6
120229,Prestige Insurance Co.,Commercial Auto,NJ,7102,6/1/2025,6/30/2025,0.6868,16435.43,1285.06,1604.07,1092.06,2,1,1,0,0,3,2,1,0.4568,0.7097,0.3448,0.917670708,1,Declined,0.5,0.3333
120229,Prestige Insurance Co.,Commercial Auto,NJ,7102,7/1/2025,7/31/2025,0.5944,15039.41,1206.03,1428.78,384.75,1,0,0,0,0,3,2,1,0.3928,0.6553,0.3294,0.917670708,1,Withdrawn,0.5,0.3333
120229,Prestige Insurance Co.,Commercial Auto,NJ,7102,8/1/2025,8/31/2025,0.6612,9982.35,1630.08,861.94,513.24,2,1,1,1,0,3,2,1,0.4428,0.766,0.3453,0.917670708,1,Withdrawn,0.5,0.3333
120229,Prestige Insurance Co.,Commercial Auto,NJ,7102,9/1/2025,9/30/2025,0.8927,20977.82,295.09,2213.32,492.26,0,0,1,0,0,5,4,3,0.3954,0.7656,0.279,0.917670708,1,,0.75,0.6
120230,Sterling Risk Advisors,Business Owners Policy,NJ,8401,1/1/2026,1/31/2026,0.9058,3602.18,269.77,310.77,3877.14,0,1,1,1,0,3,2,1,0.3761,0.6346,0.428,0.906035194,1,,0.5,0.3333
120230,Sterling Risk Advisors,Business Owners Policy,NJ,8401,10/1/2025,10/31/2025,0.8965,7401.82,59.47,688.03,226.26,2,0,2,0,0,5,4,3,0.3246,0.5201,0.4656,0.906035194,1,Withdrawn,0.75,0.6
120230,Sterling Risk Advisors,Business Owners Policy,NJ,8401,11/1/2025,11/30/2025,0.8601,5436.73,122.4,465.25,492.81,1,0,0,0,0,3,2,1,0.2991,0.661,0.4638,0.906035194,1,Declined,0.5,0.3333
120230,Sterling Risk Advisors,Business Owners Policy,NJ,8401,12/1/2025,12/31/2025,0.8568,9402.86,33.77,814.39,2795.17,1,0,1,1,0,5,4,3,0.2871,0.4951,0.4096,0.906035194,1,,0.75,0.6
120230,Sterling Risk Advisors,Business Owners Policy,NJ,8401,2/1/2026,2/28/2026,0.8229,13026.73,89.64,1026.67,5716.64,3,1,1,0,0,3,2,1,0.3044,0.6264,0.4657,0.906035194,1,Withdrawn,0.5,0.3333
120230,Sterling Risk Advisors,Business Owners Policy,NJ,8401,3/1/2026,3/31/2026,0.8137,6982.29,150.44,717.13,884.39,0,2,1,0,0,3,2,1,0.3213,0.5094,0.4056,0.906035194,1,,0.5,0.3333
120230,Sterling Risk Advisors,Business Owners Policy,NJ,8401,4/1/2025,4/30/2025,0.7932,8386.76,54.21,724.06,473.79,0,0,0,1,0,7,5,3,0.2668,0.6482,0.4541,0.906035194,2,Declined,0.6,0.4286
120230,Sterling Risk Advisors,Business Owners Policy,NJ,8401,5/1/2025,5/31/2025,0.8828,11976.79,163.22,955.14,1721.72,1,0,2,0,0,3,2,1,0.2486,0.5701,0.4567,0.906035194,1,,0.5,0.3333
120230,Sterling Risk Advisors,Business Owners Policy,NJ,8401,6/1/2025,6/30/2025,0.7507,11793.02,26.73,1026.16,728.69,2,0,0,0,0,3,2,1,0.2999,0.6214,0.3172,0.906035194,1,,0.5,0.3333
120230,Sterling Risk Advisors,Business Owners Policy,NJ,8401,7/1/2025,7/31/2025,0.8714,7836.61,115.05,682.28,956.99,0,1,2,1,0,6,3,2,0.2594,0.5934,0.455,0.906035194,3,,0.6667,0.3333
120230,Sterling Risk Advisors,Business Owners Policy,NJ,8401,8/1/2025,8/31/2025,0.8161,8342.16,95.38,652.46,722.44,1,1,1,0,0,4,3,1,0.2465,0.5099,0.4282,0.906035194,1,,0.3333,0.25
120230,Sterling Risk Advisors,Business Owners Policy,NJ,8401,9/1/2025,9/30/2025,0.7956,11438.38,123.89,939.36,2118.27,0,0,0,0,0,3,2,1,0.2487,0.6451,0.457,0.906035194,1,,0.5,0.3333
120231,Cornerstone Insurance Co.,Workers Comp,NJ,7601,1/1/2026,1/31/2026,0.7595,10587.3,0.0,1133.16,4056.46,1,1,1,0,0,3,2,1,0.3631,0.7083,0.3581,0.930138785,1,,0.5,0.3333
120231,Cornerstone Insurance Co.,Workers Comp,NJ,7601,10/1/2025,10/31/2025,0.6638,10433.84,0.0,1004.81,3093.87,0,1,0,0,0,4,3,2,0.5304,0.7179,0.2956,0.930138785,1,,0.6667,0.5
120231,Cornerstone Insurance Co.,Workers Comp,NJ,7601,11/1/2025,11/30/2025,0.688,13144.14,0.0,1262.02,1140.35,0,1,0,1,0,3,2,1,0.4553,0.646,0.318,0.930138785,1,Declined,0.5,0.3333
120231,Cornerstone Insurance Co.,Workers Comp,NJ,7601,12/1/2025,12/31/2025,0.7119,1672.53,0.0,169.45,3192.29,2,0,0,0,0,3,2,1,0.3929,0.6707,0.3325,0.930138785,1,Withdrawn,0.5,0.3333
120231,Cornerstone Insurance Co.,Workers Comp,NJ,7601,2/1/2026,2/28/2026,0.7127,14871.84,0.0,1412.35,911.13,0,0,2,1,0,3,2,1,0.4249,0.6301,0.2868,0.930138785,1,Declined,0.5,0.3333
120231,Cornerstone Insurance Co.,Workers Comp,NJ,7601,3/1/2026,3/31/2026,0.7883,15471.03,0.0,1467.78,2159.97,0,0,2,0,1,12,9,6,0.4643,0.6777,0.2964,0.930138785,3,Withdrawn,0.6667,0.5
120231,Cornerstone Insurance Co.,Workers Comp,NJ,7601,4/1/2025,4/30/2025,0.7582,18664.19,0.0,1895.34,2766.49,0,1,0,0,0,3,2,1,0.4949,0.6988,0.3343,0.930138785,1,Withdrawn,0.5,0.3333
120231,Cornerstone Insurance Co.,Workers Comp,NJ,7601,5/1/2025,5/31/2025,0.7051,14187.08,0.0,1522.46,1640.28,2,1,0,0,0,3,2,1,0.3738,0.6461,0.3274,0.930138785,1,Declined,0.5,0.3333
120231,Cornerstone Insurance Co.,Workers Comp,NJ,7601,6/1/2025,6/30/2025,0.6845,11768.01,0.0,1338.36,1474.29,1,0,0,0,0,3,2,1,0.4896,0.7041,0.3128,0.930138785,1,,0.5,0.3333
120231,Cornerstone Insurance Co.,Workers Comp,NJ,7601,7/1/2025,7/31/2025,0.7676,14016.22,0.0,1403.74,3746.39,2,0,2,0,0,3,2,1,0.4521,0.7315,0.3509,0.930138785,1,Withdrawn,0.5,0.3333
120231,Cornerstone Insurance Co.,Workers Comp,NJ,7601,8/1/2025,8/31/2025,0.5203,11347.1,0.0,1053.16,1181.77,1,1,1,0,0,3,2,1,0.3178,0.7267,0.2974,0.930138785,1,,0.5,0.3333
120231,Cornerstone Insurance Co.,Workers Comp,NJ,7601,9/1/2025,9/30/2025,0.6962,16660.14,0.0,1894.34,1928.92,0,0,1,0,0,4,3,2,0.4909,0.697,0.3525,0.930138785,1,,0.6667,0.5
120232,Alliance Risk Advisors,Commercial Auto,PA,19103,1/1/2026,1/31/2026,0.6329,14708.56,0.0,1379.15,1271.96,1,0,2,1,0,6,5,2,0.2989,0.6807,0.3227,0.860879975,1,,0.4,0.3333
120232,Alliance Risk Advisors,Commercial Auto,PA,19103,10/1/2025,10/31/2025,0.7654,8094.72,0.0,909.38,1286.02,0,1,1,0,0,3,2,1,0.4334,0.778,0.3412,0.860879975,1,Withdrawn,0.5,0.3333
120232,Alliance Risk Advisors,Commercial Auto,PA,19103,11/1/2025,11/30/2025,0.7203,22173.03,0.0,2124.36,210.86,1,0,0,0,0,6,5,4,0.409,0.6804,0.3743,0.860879975,1,,0.8,0.6667
120232,Alliance Risk Advisors,Commercial Auto,PA,19103,12/1/2025,12/31/2025,0.6862,9816.89,0.0,868.47,1693.4,0,1,0,0,0,3,2,1,0.4323,0.7539,0.3542,0.860879975,1,,0.5,0.3333
120232,Alliance Risk Advisors,Commercial Auto,PA,19103,2/1/2026,2/28/2026,0.6485,16588.79,0.0,1752.88,2738.07,0,1,1,0,0,3,2,1,0.4274,0.7223,0.2763,0.860879975,1,,0.5,0.3333
120232,Alliance Risk Advisors,Commercial Auto,PA,19103,3/1/2026,3/31/2026,0.6529,17385.92,0.0,1932.25,411.57,1,1,0,1,0,3,2,1,0.3861,0.6655,0.3402,0.860879975,1,Declined,0.5,0.3333
120232,Alliance Risk Advisors,Commercial Auto,PA,19103,4/1/2025,4/30/2025,0.5919,13090.27,0.0,1382.08,313.46,1,0,1,0,0,6,5,1,0.4555,0.7463,0.369,0.860879975,1,,0.2,0.1667
120232,Alliance Risk Advisors,Commercial Auto,PA,19103,5/1/2025,5/31/2025,0.7418,5106.09,0.0,461.33,1371.5,0,0,0,0,0,3,2,1,0.4356,0.8069,0.3578,0.860879975,1,,0.5,0.3333
120232,Alliance Risk Advisors,Commercial Auto,PA,19103,6/1/2025,6/30/2025,0.718,24504.94,0.0,2084.94,428.73,1,0,1,0,0,3,2,1,0.4152,0.7642,0.3613,0.860879975,1,,0.5,0.3333
120232,Alliance Risk Advisors,Commercial Auto,PA,19103,7/1/2025,7/31/2025,0.5768,23754.57,0.0,2234.18,1266.83,0,0,0,0,0,3,2,1,0.4092,0.6958,0.3113,0.860879975,1,Withdrawn,0.5,0.3333
120232,Alliance Risk Advisors,Commercial Auto,PA,19103,8/1/2025,8/31/2025,0.598,6462.07,0.0,736.68,520.16,1,0,0,0,0,3,2,1,0.4759,0.7114,0.3352,0.860879975,1,,0.5,0.3333
120232,Alliance Risk Advisors,Commercial Auto,PA,19103,9/1/2025,9/30/2025,0.7636,14095.48,0.0,1494.7,1243.27,1,1,1,0,0,3,2,1,0.4329,0.6457,0.3596,0.860879975,1,Withdrawn,0.5,0.3333
120233,Sterling Insurance Services,Business Owners Policy,PA,15222,1/1/2026,1/31/2026,0.6698,16389.07,1680.86,1411.8,721.3,1,0,1,0,0,3,2,1,0.3554,0.6613,0.3,0.853183212,1,,0.5,0.3333
120233,Sterling Insurance Services,Business Owners Policy,PA,15222,10/1/2025,10/31/2025,0.8034,6466.78,313.32,593.19,828.33,1,0,0,0,0,3,2,1,0.4288,0.7376,0.3288,0.853183212,1,Declined,0.5,0.3333
120233,Sterling Insurance Services,Business Owners Policy,PA,15222,11/1/2025,11/30/2025,0.7468,500.0,562.41,55.73,332.04,1,0,1,0,0,3,2,1,0.4558,0.7018,0.2966,0.853183212,1,Withdrawn,0.5,0.3333
120233,Sterling Insurance Services,Business Owners Policy,PA,15222,12/1/2025,12/31/2025,0.7935,6121.38,558.62,696.49,919.37,0,1,0,0,0,3,2,1,0.3147,0.7481,0.3064,0.853183212,1,Withdrawn,0.5,0.3333
120233,Sterling Insurance Services,Business Owners Policy,PA,15222,2/1/2026,2/28/2026,0.7022,14769.27,908.46,1261.42,1926.02,0,1,1,1,0,3,2,1,0.5161,0.7405,0.3726,0.853183212,1,,0.5,0.3333
120233,Sterling Insurance Services,Business Owners Policy,PA,15222,3/1/2026,3/31/2026,0.6516,13209.88,318.49,1221.97,733.15,1,1,0,0,0,7,5,4,0.4377,0.7021,0.3547,0.853183212,2,,0.8,0.5714
120233,Sterling Insurance Services,Business Owners Policy,PA,15222,4/1/2025,4/30/2025,0.7711,12798.96,1364.2,1407.66,1289.85,0,1,1,0,0,3,2,1,0.5005,0.7103,0.296,0.853183212,1,Withdrawn,0.5,0.3333
120233,Sterling Insurance Services,Business Owners Policy,PA,15222,5/1/2025,5/31/2025,0.7652,15249.59,148.1,1407.91,1648.1,0,0,0,0,0,3,2,1,0.4124,0.7309,0.3105,0.853183212,1,,0.5,0.3333
120233,Sterling Insurance Services,Business Owners Policy,PA,15222,6/1/2025,6/30/2025,0.7014,22923.18,744.0,2540.3,271.1,1,1,0,0,0,3,2,1,0.4326,0.6992,0.294,0.853183212,1,Withdrawn,0.5,0.3333
120233,Sterling Insurance Services,Business Owners Policy,PA,15222,7/1/2025,7/31/2025,0.7282,10881.95,2449.57,1249.05,373.25,1,0,0,0,0,7,3,2,0.4369,0.7869,0.3149,0.853183212,4,Withdrawn,0.6667,0.2857
120233,Sterling Insurance Services,Business Owners Policy,PA,15222,8/1/2025,8/31/2025,0.8698,6609.43,1235.95,748.62,1024.88,1,0,3,0,0,3,2,1,0.4682,0.7547,0.3376,0.853183212,1,Declined,0.5,0.3333
120233,Sterling Insurance Services,Business Owners Policy,PA,15222,9/1/2025,9/30/2025,0.7217,12847.74,1090.54,1434.12,1416.77,0,0,0,0,0,3,2,1,0.4474,0.741,0.3089,0.853183212,1,Withdrawn,0.5,0.3333
120234,Prestige Risk Advisors,Workers Comp,PA,17101,1/1/2026,1/31/2026,0.5214,39172.78,0.0,3687.26,6647.96,1,1,1,0,0,6,4,1,0.6409,0.8555,0.2771,0.956616304,2,Withdrawn,0.25,0.1667
120234,Prestige Risk Advisors,Workers Comp,PA,17101,10/1/2025,10/31/2025,0.6016,31971.21,0.0,3783.37,2853.32,2,0,0,1,0,5,4,3,0.6055,0.7963,0.2716,0.956616304,1,,0.75,0.6
120234,Prestige Risk Advisors,Workers Comp,PA,17101,11/1/2025,11/30/2025,0.5822,22434.84,0.0,2819.74,1258.72,0,0,1,0,0,3,2,1,0.5966,0.7929,0.3108,0.956616304,1,,0.5,0.3333
120234,Prestige Risk Advisors,Workers Comp,PA,17101,12/1/2025,12/31/2025,0.4935,30904.98,0.0,3230.02,1987.9,0,0,0,0,0,4,3,1,0.5425,0.8887,0.2907,0.956616304,1,Withdrawn,0.3333,0.25
120234,Prestige Risk Advisors,Workers Comp,PA,17101,2/1/2026,2/28/2026,0.5453,26276.19,0.0,3077.64,878.73,1,0,2,0,0,3,2,1,0.5838,0.8203,0.2824,0.956616304,1,Declined,0.5,0.3333
120234,Prestige Risk Advisors,Workers Comp,PA,17101,3/1/2026,3/31/2026,0.5838,28039.05,0.0,3262.05,1615.37,1,0,1,0,0,3,2,1,0.5761,0.8106,0.3494,0.956616304,1,,0.5,0.3333
120234,Prestige Risk Advisors,Workers Comp,PA,17101,4/1/2025,4/30/2025,0.5711,20068.46,0.0,2485.85,1894.09,1,1,1,1,0,3,2,1,0.4779,0.793,0.2736,0.956616304,1,,0.5,0.3333
120234,Prestige Risk Advisors,Workers Comp,PA,17101,5/1/2025,5/31/2025,0.4972,29031.39,0.0,2789.65,5150.35,0,1,2,0,0,3,2,1,0.5599,0.8294,0.2689,0.956616304,1,Declined,0.5,0.3333
120234,Prestige Risk Advisors,Workers Comp,PA,17101,6/1/2025,6/30/2025,0.5612,18593.51,0.0,2243.83,1695.18,0,1,0,0,0,3,2,1,0.654,0.8174,0.3185,0.956616304,1,,0.5,0.3333
120234,Prestige Risk Advisors,Workers Comp,PA,17101,7/1/2025,7/31/2025,0.541,24933.88,0.0,2727.21,4636.45,2,0,0,0,0,3,2,1,0.6233,0.763,0.266,0.956616304,1,Declined,0.5,0.3333
120234,Prestige Risk Advisors,Workers Comp,PA,17101,8/1/2025,8/31/2025,0.5636,23030.92,0.0,2629.72,678.41,1,1,0,0,0,3,2,1,0.6336,0.7841,0.2395,0.956616304,1,Withdrawn,0.5,0.3333
120234,Prestige Risk Advisors,Workers Comp,PA,17101,9/1/2025,9/30/2025,0.4934,31654.91,0.0,3704.72,638.84,0,1,1,0,0,3,2,1,0.5418,0.8312,0.2574,0.956616304,1,Withdrawn,0.5,0.3333
120235,Horizon Risk Advisors,Commercial Auto,PA,18501,1/1/2026,1/31/2026,0.7285,11434.55,0.0,954.34,985.9,0,1,0,0,0,3,2,1,0.3146,0.5868,0.4253,0.877224253,1,,0.5,0.3333
120235,Horizon Risk Advisors,Commercial Auto,PA,18501,10/1/2025,10/31/2025,0.716,8578.71,0.0,659.7,1750.15,0,1,1,0,0,3,2,1,0.2827,0.6255,0.3754,0.877224253,1,,0.5,0.3333
120235,Horizon Risk Advisors,Commercial Auto,PA,18501,11/1/2025,11/30/2025,0.7712,4681.98,0.0,447.54,402.27,1,1,0,0,0,3,2,1,0.3016,0.4977,0.3956,0.877224253,1,Withdrawn,0.5,0.3333
120235,Horizon Risk Advisors,Commercial Auto,PA,18501,12/1/2025,12/31/2025,0.8672,11139.25,0.0,1078.71,2232.19,0,0,0,0,0,6,5,3,0.2759,0.572,0.4297,0.877224253,1,Declined,0.6,0.5
120235,Horizon Risk Advisors,Commercial Auto,PA,18501,2/1/2026,2/28/2026,0.7307,11366.49,0.0,1164.19,1320.71,1,0,1,0,0,3,2,1,0.3982,0.4989,0.428,0.877224253,1,,0.5,0.3333
120235,Horizon Risk Advisors,Commercial Auto,PA,18501,3/1/2026,3/31/2026,0.9498,1426.07,0.0,127.21,933.3,2,0,0,0,0,3,2,1,0.2745,0.5789,0.4672,0.877224253,1,Withdrawn,0.5,0.3333
120235,Horizon Risk Advisors,Commercial Auto,PA,18501,4/1/2025,4/30/2025,0.7726,2791.21,0.0,237.33,1455.23,0,0,0,1,0,4,3,2,0.3726,0.6439,0.3618,0.877224253,1,,0.6667,0.5
120235,Horizon Risk Advisors,Commercial Auto,PA,18501,5/1/2025,5/31/2025,0.8975,6719.12,0.0,517.56,275.99,1,0,1,1,0,4,2,1,0.2978,0.585,0.3806,0.877224253,2,Declined,0.5,0.25
120235,Horizon Risk Advisors,Commercial Auto,PA,18501,6/1/2025,6/30/2025,0.8649,8420.02,0.0,719.07,785.91,0,0,1,0,0,3,2,1,0.2726,0.5651,0.3708,0.877224253,1,,0.5,0.3333
120235,Horizon Risk Advisors,Commercial Auto,PA,18501,7/1/2025,7/31/2025,0.807,10594.9,0.0,866.14,1366.64,0,0,1,1,0,3,2,1,0.3493,0.6243,0.416,0.877224253,1,Withdrawn,0.5,0.3333
120235,Horizon Risk Advisors,Commercial Auto,PA,18501,8/1/2025,8/31/2025,0.8114,5866.39,0.0,515.08,2034.83,1,0,1,0,0,5,4,2,0.2859,0.6816,0.3634,0.877224253,1,Withdrawn,0.5,0.4
120235,Horizon Risk Advisors,Commercial Auto,PA,18501,9/1/2025,9/30/2025,0.8296,4412.73,0.0,399.72,1720.73,1,0,1,1,0,3,2,1,0.3155,0.5767,0.3924,0.877224253,1,,0.5,0.3333
120236,Coastal Risk Management,Business Owners Policy,NY,10001,1/1/2026,1/31/2026,0.5577,38646.43,332.73,3972.81,822.09,2,1,0,0,0,3,2,1,0.5603,0.8014,0.2429,0.896517619,1,,0.5,0.3333
120236,Coastal Risk Management,Business Owners Policy,NY,10001,10/1/2025,10/31/2025,0.5296,15309.32,821.52,1834.31,1002.2,0,0,2,1,0,4,3,2,0.5543,0.8732,0.2424,0.896517619,1,,0.6667,0.5
120236,Coastal Risk Management,Business Owners Policy,NY,10001,11/1/2025,11/30/2025,0.5674,33506.28,1086.09,4181.47,1288.43,1,1,1,0,0,3,2,1,0.5195,0.8533,0.2883,0.896517619,1,,0.5,0.3333
120236,Coastal Risk Management,Business Owners Policy,NY,10001,12/1/2025,12/31/2025,0.5001,35868.37,226.53,3562.12,903.38,1,0,1,0,0,3,2,1,0.6171,0.8115,0.279,0.896517619,1,Declined,0.5,0.3333
120236,Coastal Risk Management,Business Owners Policy,NY,10001,2/1/2026,2/28/2026,0.5548,40906.87,367.03,4356.01,896.2,2,0,0,0,0,4,3,2,0.4955,0.8268,0.2898,0.896517619,1,Withdrawn,0.6667,0.5
120236,Coastal Risk Management,Business Owners Policy,NY,10001,3/1/2026,3/31/2026,0.6036,31821.3,632.9,3690.53,779.81,1,1,1,0,0,3,2,1,0.5604,0.7885,0.3079,0.896517619,1,Withdrawn,0.5,0.3333
120236,Coastal Risk Management,Business Owners Policy,NY,10001,4/1/2025,4/30/2025,0.5616,23132.5,397.36,2638.05,5695.38,0,0,0,0,0,6,5,3,0.5778,0.8734,0.2345,0.896517619,1,Declined,0.6,0.5
120236,Coastal Risk Management,Business Owners Policy,NY,10001,5/1/2025,5/31/2025,0.5744,25299.99,564.44,2854.93,1221.12,0,1,1,1,0,3,2,1,0.5717,0.7611,0.2657,0.896517619,1,Withdrawn,0.5,0.3333
120236,Coastal Risk Management,Business Owners Policy,NY,10001,6/1/2025,6/30/2025,0.5564,28683.82,391.72,3072.09,940.73,1,0,1,0,0,3,2,1,0.5484,0.8192,0.299,0.896517619,1,,0.5,0.3333
120236,Coastal Risk Management,Business Owners Policy,NY,10001,7/1/2025,7/31/2025,0.5387,19198.2,52.22,1896.97,1971.31,1,0,1,0,0,7,4,1,0.4993,0.8059,0.2547,0.896517619,3,Withdrawn,0.25,0.1429
120236,Coastal Risk Management,Business Owners Policy,NY,10001,8/1/2025,8/31/2025,0.5316,19762.76,289.44,2156.4,1730.93,0,0,0,1,0,3,2,1,0.541,0.8318,0.2802,0.896517619,1,Withdrawn,0.5,0.3333
120236,Coastal Risk Management,Business Owners Policy,NY,10001,9/1/2025,9/30/2025,0.4661,26143.5,443.81,3097.98,1614.61,0,1,1,1,0,3,2,1,0.5639,0.828,0.32,0.896517619,1,,0.5,0.3333
120237,Heritage Risk Consultants,Workers Comp,NY,11201,1/1/2026,1/31/2026,0.3534,47944.92,591.87,5258.43,1170.66,0,0,0,0,0,4,2,1,0.6644,0.9112,0.2172,0.871039944,2,Declined,0.5,0.25
120237,Heritage Risk Consultants,Workers Comp,NY,11201,10/1/2025,10/31/2025,0.4433,51516.46,456.71,5306.96,837.19,0,0,2,0,0,3,2,1,0.6399,0.899,0.218,0.871039944,1,,0.5,0.3333
120237,Heritage Risk Consultants,Workers Comp,NY,11201,11/1/2025,11/30/2025,0.475,34372.17,180.05,4350.59,180.18,1,0,1,0,0,4,3,2,0.7101,0.9281,0.1573,0.871039944,1,Withdrawn,0.6667,0.5
120237,Heritage Risk Consultants,Workers Comp,NY,11201,12/1/2025,12/31/2025,0.3951,50355.76,525.82,6365.96,732.86,0,0,0,0,0,3,2,1,0.7112,0.9246,0.1983,0.871039944,1,,0.5,0.3333
120237,Heritage Risk Consultants,Workers Comp,NY,11201,2/1/2026,2/28/2026,0.3157,34450.16,692.03,4432.12,1730.61,0,1,1,1,0,3,2,1,0.6402,0.916,0.2057,0.871039944,1,Declined,0.5,0.3333
120237,Heritage Risk Consultants,Workers Comp,NY,11201,3/1/2026,3/31/2026,0.3719,33062.35,492.93,3385.12,504.89,1,1,1,0,0,3,2,1,0.7117,0.9272,0.2294,0.871039944,1,Declined,0.5,0.3333
120237,Heritage Risk Consultants,Workers Comp,NY,11201,4/1/2025,4/30/2025,0.3298,52871.53,1034.9,7184.04,1261.65,0,1,1,0,0,8,4,3,0.7361,0.9027,0.1617,0.871039944,4,,0.75,0.375
120237,Heritage Risk Consultants,Workers Comp,NY,11201,5/1/2025,5/31/2025,0.3799,38700.04,724.23,3955.79,289.14,1,0,0,0,0,3,2,1,0.7025,0.9006,0.1961,0.871039944,1,,0.5,0.3333
120237,Heritage Risk Consultants,Workers Comp,NY,11201,6/1/2025,6/30/2025,0.3865,28787.11,1315.62,3465.96,3694.26,1,0,0,0,0,3,2,1,0.6692,0.903,0.1779,0.871039944,1,,0.5,0.3333
120237,Heritage Risk Consultants,Workers Comp,NY,11201,7/1/2025,7/31/2025,0.3297,56433.6,1115.95,7176.23,941.24,1,0,0,0,0,3,2,1,0.6666,0.9063,0.2286,0.871039944,1,,0.5,0.3333
120237,Heritage Risk Consultants,Workers Comp,NY,11201,8/1/2025,8/31/2025,0.3951,28556.92,472.62,3564.37,1825.67,1,0,0,1,0,3,2,1,0.7029,0.9107,0.1954,0.871039944,1,,0.5,0.3333
120237,Heritage Risk Consultants,Workers Comp,NY,11201,9/1/2025,9/30/2025,0.3796,39752.07,618.97,4906.11,927.63,0,0,0,0,0,4,2,1,0.6822,0.9309,0.2626,0.871039944,2,,0.5,0.25
120238,Horizon & Associates,Commercial Auto,NY,10301,1/1/2026,1/31/2026,0.6568,19438.63,426.47,1824.7,810.19,0,1,0,0,0,3,2,1,0.3694,0.7483,0.3214,0.967253997,1,,0.5,0.3333
120238,Horizon & Associates,Commercial Auto,NY,10301,10/1/2025,10/31/2025,0.7234,12938.26,3781.53,1199.5,437.18,0,1,1,1,0,3,2,1,0.3791,0.7244,0.3464,0.967253997,1,,0.5,0.3333
120238,Horizon & Associates,Commercial Auto,NY,10301,11/1/2025,11/30/2025,0.6944,10909.84,656.21,1035.43,1967.98,2,1,0,1,0,3,2,1,0.3918,0.6688,0.3458,0.967253997,1,Declined,0.5,0.3333
120238,Horizon & Associates,Commercial Auto,NY,10301,12/1/2025,12/31/2025,0.7592,862.88,36.39,94.43,7473.24,0,1,0,0,0,4,2,1,0.4255,0.6317,0.2946,0.967253997,2,,0.5,0.25
120238,Horizon & Associates,Commercial Auto,NY,10301,2/1/2026,2/28/2026,0.7351,19222.63,2404.28,2204.47,3126.19,2,0,1,0,0,7,5,3,0.4163,0.7122,0.3561,0.967253997,2,Declined,0.6,0.4286
120238,Horizon & Associates,Commercial Auto,NY,10301,3/1/2026,3/31/2026,0.7102,17788.63,1320.02,1601.22,1065.57,1,1,2,0,0,3,2,1,0.3801,0.7701,0.386,0.967253997,1,,0.5,0.3333
120238,Horizon & Associates,Commercial Auto,NY,10301,4/1/2025,4/30/2025,0.6491,15598.89,462.49,1652.53,4259.93,1,0,1,1,0,5,3,2,0.3801,0.6938,0.3765,0.967253997,2,Withdrawn,0.6667,0.4
120238,Horizon & Associates,Commercial Auto,NY,10301,5/1/2025,5/31/2025,0.6932,18633.48,1959.32,2090.13,1533.37,1,0,1,0,0,6,4,2,0.4214,0.7113,0.3549,0.967253997,2,Declined,0.5,0.3333
120238,Horizon & Associates,Commercial Auto,NY,10301,6/1/2025,6/30/2025,0.6014,24704.85,2246.68,2608.39,2086.95,1,0,0,1,0,3,2,1,0.3614,0.7384,0.325,0.967253997,1,,0.5,0.3333
120238,Horizon & Associates,Commercial Auto,NY,10301,7/1/2025,7/31/2025,0.701,24426.64,295.94,2505.51,2895.74,2,0,1,1,0,3,2,1,0.4611,0.7158,0.2988,0.967253997,1,Withdrawn,0.5,0.3333
120238,Horizon & Associates,Commercial Auto,NY,10301,8/1/2025,8/31/2025,0.7689,16965.53,315.64,1919.3,11005.66,0,0,2,0,0,3,2,1,0.4805,0.7182,0.2983,0.967253997,1,Declined,0.5,0.3333
120238,Horizon & Associates,Commercial Auto,NY,10301,9/1/2025,9/30/2025,0.6299,10618.17,67.64,1032.05,3793.54,2,0,3,1,0,3,2,1,0.4428,0.6776,0.3195,0.967253997,1,Declined,0.5,0.3333
120239,Guardian Risk Solutions,Business Owners Policy,NY,14201,1/1/2026,1/31/2026,0.4347,11922.13,0.0,1330.3,132.38,1,0,1,0,0,3,2,1,0.5019,0.7812,0.2997,0.893831613,1,,0.5,0.3333
120239,Guardian Risk Solutions,Business Owners Policy,NY,14201,10/1/2025,10/31/2025,0.5171,13141.45,0.0,1593.06,1972.27,0,1,2,0,0,11,9,8,0.563,0.8533,0.3012,0.893831613,2,Declined,0.8889,0.7273
120239,Guardian Risk Solutions,Business Owners Policy,NY,14201,11/1/2025,11/30/2025,0.6721,33019.19,0.0,3271.39,1127.7,0,2,0,1,0,3,2,1,0.5098,0.8405,0.3046,0.893831613,1,Withdrawn,0.5,0.3333
120239,Guardian Risk Solutions,Business Owners Policy,NY,14201,12/1/2025,12/31/2025,0.563,44762.31,0.0,4758.98,707.34,0,0,1,0,0,3,2,1,0.6333,0.8252,0.2715,0.893831613,1,,0.5,0.3333
120239,Guardian Risk Solutions,Business Owners Policy,NY,14201,2/1/2026,2/28/2026,0.4599,25735.37,0.0,2941.64,2673.66,2,1,1,0,0,3,2,1,0.5663,0.83,0.2832,0.893831613,1,,0.5,0.3333
120239,Guardian Risk Solutions,Business Owners Policy,NY,14201,3/1/2026,3/31/2026,0.5663,30077.9,0.0,3337.01,2314.66,0,0,0,0,0,3,2,1,0.5272,0.8731,0.2874,0.893831613,1,Withdrawn,0.5,0.3333
120239,Guardian Risk Solutions,Business Owners Policy,NY,14201,4/1/2025,4/30/2025,0.5762,25659.87,0.0,3019.71,3077.59,2,0,1,0,0,3,2,1,0.5772,0.8142,0.3,0.893831613,1,Withdrawn,0.5,0.3333
120239,Guardian Risk Solutions,Business Owners Policy,NY,14201,5/1/2025,5/31/2025,0.5903,16545.6,0.0,1878.67,1258.06,1,1,2,1,0,6,3,1,0.5464,0.8264,0.3233,0.893831613,3,,0.3333,0.1667
120239,Guardian Risk Solutions,Business Owners Policy,NY,14201,6/1/2025,6/30/2025,0.5774,11340.22,0.0,1404.71,895.6,1,0,1,0,0,3,2,1,0.5162,0.7908,0.2633,0.893831613,1,,0.5,0.3333
120239,Guardian Risk Solutions,Business Owners Policy,NY,14201,7/1/2025,7/31/2025,0.6312,19002.92,0.0,1944.56,2744.85,1,0,1,0,0,7,4,2,0.4803,0.8513,0.2786,0.893831613,3,,0.5,0.2857
120239,Guardian Risk Solutions,Business Owners Policy,NY,14201,8/1/2025,8/31/2025,0.6326,21876.15,0.0,2551.68,382.26,1,1,0,1,0,3,2,1,0.5205,0.791,0.286,0.893831613,1,Declined,0.5,0.3333
120239,Guardian Risk Solutions,Business Owners Policy,NY,14201,9/1/2025,9/30/2025,0.5474,25732.3,0.0,2482.81,1031.43,1,1,0,0,0,3,2,1,0.5787,0.9267,0.2589,0.893831613,1,,0.5,0.3333
120240,Summit Brokerage,Workers Comp,NJ,7030,1/1/2026,1/31/2026,0.9079,3517.63,1079.21,295.14,4348.6,0,1,1,0,0,3,2,1,0.2036,0.4413,0.5673,0.934539612,1,Declined,0.5,0.3333
120240,Summit Brokerage,Workers Comp,NJ,7030,10/1/2025,10/31/2025,0.8648,4064.74,857.14,332.5,1328.64,0,1,1,0,0,3,2,1,0.2274,0.4776,0.5628,0.934539612,1,,0.5,0.3333
120240,Summit Brokerage,Workers Comp,NJ,7030,11/1/2025,11/30/2025,0.9564,2220.91,854.3,152.35,3121.69,1,1,1,0,0,3,2,1,0.179,0.4196,0.509,0.934539612,1,,0.5,0.3333
120240,Summit Brokerage,Workers Comp,NJ,7030,12/1/2025,12/31/2025,1.0442,3769.88,2728.98,302.2,2658.79,0,0,1,0,0,3,2,1,0.1823,0.3867,0.5295,0.934539612,1,,0.5,0.3333
120240,Summit Brokerage,Workers Comp,NJ,7030,2/1/2026,2/28/2026,0.8508,3368.28,957.26,301.36,2801.14,1,1,0,0,0,3,2,1,0.1707,0.3372,0.4777,0.934539612,1,,0.5,0.3333
120240,Summit Brokerage,Workers Comp,NJ,7030,3/1/2026,3/31/2026,0.8974,1893.15,1454.23,164.15,2862.6,2,1,1,0,0,3,2,1,0.1928,0.4566,0.5282,0.934539612,1,Declined,0.5,0.3333
120240,Summit Brokerage,Workers Comp,NJ,7030,4/1/2025,4/30/2025,0.9917,1841.62,1285.1,161.77,3885.25,0,0,0,0,0,11,10,1,0.1737,0.437,0.5743,0.934539612,1,,0.1,0.0909
120240,Summit Brokerage,Workers Comp,NJ,7030,5/1/2025,5/31/2025,0.9026,4867.1,1402.77,373.64,984.22,0,0,0,0,0,3,2,1,0.2232,0.4,0.547,0.934539612,1,,0.5,0.3333
120240,Summit Brokerage,Workers Comp,NJ,7030,6/1/2025,6/30/2025,0.9001,2418.42,304.27,171.61,2518.74,0,0,0,0,0,4,3,1,0.2794,0.3936,0.465,0.934539612,1,Withdrawn,0.3333,0.25
120240,Summit Brokerage,Workers Comp,NJ,7030,7/1/2025,7/31/2025,0.9072,1888.56,1211.26,166.98,340.64,1,0,0,0,0,3,2,1,0.1872,0.3635,0.5293,0.934539612,1,Withdrawn,0.5,0.3333
120240,Summit Brokerage,Workers Comp,NJ,7030,8/1/2025,8/31/2025,0.8522,4995.68,400.5,426.78,1889.79,1,0,1,0,0,4,3,1,0.1821,0.3869,0.5028,0.934539612,1,Withdrawn,0.3333,0.25
120240,Summit Brokerage,Workers Comp,NJ,7030,9/1/2025,9/30/2025,0.9196,4185.59,474.34,366.78,1903.53,1,2,1,0,0,5,4,2,0.199,0.4179,0.5772,0.934539612,1,,0.5,0.4
120241,Sterling Insurance Partners,Commercial Auto,NJ,7102,1/1/2026,1/31/2026,1.0671,611.99,593.5,50.0,1757.06,0,1,0,0,0,3,2,1,0.2133,0.3008,0.5445,0.928544549,1,Declined,0.5,0.3333
120241,Sterling Insurance Partners,Commercial Auto,NJ,7102,10/1/2025,10/31/2025,0.9616,2340.52,1266.1,180.56,4598.77,1,2,0,0,0,5,4,3,0.2147,0.3977,0.4881,0.928544549,1,,0.75,0.6
120241,Sterling Insurance Partners,Commercial Auto,NJ,7102,11/1/2025,11/30/2025,0.88,3485.76,330.3,287.85,3580.94,1,1,0,0,0,3,2,1,0.1724,0.3621,0.5473,0.928544549,1,Declined,0.5,0.3333
120241,Sterling Insurance Partners,Commercial Auto,NJ,7102,12/1/2025,12/31/2025,0.8602,3348.23,589.47,229.22,1276.34,2,1,1,1,0,6,5,3,0.1717,0.3312,0.5134,0.928544549,1,,0.6,0.5
120241,Sterling Insurance Partners,Commercial Auto,NJ,7102,2/1/2026,2/28/2026,0.898,500.0,143.07,50.0,3838.05,2,0,2,0,0,5,4,3,0.1897,0.4233,0.5278,0.928544549,1,Declined,0.75,0.6
120241,Sterling Insurance Partners,Commercial Auto,NJ,7102,3/1/2026,3/31/2026,0.8552,3274.36,329.93,224.04,2102.92,1,0,2,0,0,3,2,1,0.1371,0.4475,0.4623,0.928544549,1,Declined,0.5,0.3333
120241,Sterling Insurance Partners,Commercial Auto,NJ,7102,4/1/2025,4/30/2025,1.0313,2106.86,58.46,174.07,802.25,0,1,1,0,0,3,2,1,0.1933,0.3445,0.5836,0.928544549,1,,0.5,0.3333
120241,Sterling Insurance Partners,Commercial Auto,NJ,7102,5/1/2025,5/31/2025,0.9397,3974.41,415.23,277.45,843.87,0,0,0,0,0,5,4,2,0.1961,0.4616,0.6196,0.928544549,1,Withdrawn,0.5,0.4
120241,Sterling Insurance Partners,Commercial Auto,NJ,7102,6/1/2025,6/30/2025,1.0252,3769.57,474.48,264.27,2413.88,1,0,1,0,0,3,2,1,0.1152,0.3668,0.5178,0.928544549,1,Declined,0.5,0.3333
120241,Sterling Insurance Partners,Commercial Auto,NJ,7102,7/1/2025,7/31/2025,0.9473,946.53,779.12,65.42,1544.73,0,0,1,0,0,3,2,1,0.137,0.445,0.5369,0.928544549,1,,0.5,0.3333
120241,Sterling Insurance Partners,Commercial Auto,NJ,7102,8/1/2025,8/31/2025,0.9288,1286.28,162.97,113.05,725.77,1,1,1,1,0,3,2,1,0.2261,0.4342,0.5025,0.928544549,1,Declined,0.5,0.3333
120241,Sterling Insurance Partners,Commercial Auto,NJ,7102,9/1/2025,9/30/2025,0.9642,4363.8,1124.65,307.78,2920.72,1,0,1,0,0,3,2,1,0.2168,0.4861,0.5235,0.928544549,1,,0.5,0.3333
120242,Bridgepoint Brokerage,Business Owners Policy,NJ,8401,1/1/2026,1/31/2026,0.9124,3122.47,290.37,230.11,1869.38,0,0,1,0,0,3,2,1,0.1988,0.4007,0.5134,0.970228796,1,Withdrawn,0.5,0.3333
120242,Bridgepoint Brokerage,Business Owners Policy,NJ,8401,10/1/2025,10/31/2025,0.9576,3333.7,1688.33,280.35,1398.49,2,1,0,0,0,3,2,1,0.1632,0.4191,0.4441,0.970228796,1,,0.5,0.3333
120242,Bridgepoint Brokerage,Business Owners Policy,NJ,8401,11/1/2025,11/30/2025,0.8463,2577.81,1714.04,235.22,1058.2,1,0,0,0,0,3,2,1,0.1868,0.4036,0.5512,0.970228796,1,,0.5,0.3333
120242,Bridgepoint Brokerage,Business Owners Policy,NJ,8401,12/1/2025,12/31/2025,0.9296,2318.39,1451.47,200.31,2049.96,0,0,1,0,0,5,4,3,0.141,0.4489,0.4873,0.970228796,1,,0.75,0.6
120242,Bridgepoint Brokerage,Business Owners Policy,NJ,8401,2/1/2026,2/28/2026,0.9415,6639.13,599.43,558.0,2000.44,2,0,0,0,0,3,2,1,0.1318,0.3848,0.5405,0.970228796,1,,0.5,0.3333
120242,Bridgepoint Brokerage,Business Owners Policy,NJ,8401,3/1/2026,3/31/2026,0.8931,2720.31,1266.77,188.96,1685.43,0,0,1,0,0,3,2,1,0.2409,0.4641,0.4192,0.970228796,1,Declined,0.5,0.3333
120242,Bridgepoint Brokerage,Business Owners Policy,NJ,8401,4/1/2025,4/30/2025,0.9917,1018.15,1069.53,91.95,127.36,0,1,1,0,0,3,2,1,0.1383,0.3891,0.5483,0.970228796,1,Withdrawn,0.5,0.3333
120242,Bridgepoint Brokerage,Business Owners Policy,NJ,8401,5/1/2025,5/31/2025,0.9991,2261.59,700.41,206.5,2906.38,0,1,0,0,0,8,7,4,0.1311,0.4791,0.4759,0.970228796,1,Declined,0.5714,0.5
120242,Bridgepoint Brokerage,Business Owners Policy,NJ,8401,6/1/2025,6/30/2025,0.9974,2644.77,1303.56,229.02,1104.35,0,1,1,0,0,5,4,1,0.1646,0.4744,0.5221,0.970228796,1,,0.25,0.2
120242,Bridgepoint Brokerage,Business Owners Policy,NJ,8401,7/1/2025,7/31/2025,0.9799,500.0,1125.51,50.0,4944.95,1,0,0,0,0,4,3,1,0.1664,0.4348,0.5396,0.970228796,1,Declined,0.3333,0.25
120242,Bridgepoint Brokerage,Business Owners Policy,NJ,8401,8/1/2025,8/31/2025,0.8941,2912.37,1390.17,229.48,1934.14,0,1,0,0,0,3,2,1,0.2052,0.3807,0.5871,0.970228796,1,Withdrawn,0.5,0.3333
120242,Bridgepoint Brokerage,Business Owners Policy,NJ,8401,9/1/2025,9/30/2025,0.8011,2227.97,349.39,192.59,935.47,1,0,2,0,0,5,2,1,0.1403,0.4963,0.65,0.970228796,3,Withdrawn,0.5,0.2
120243,Tri-State & Associates,Workers Comp,NJ,7601,1/1/2026,1/31/2026,0.5589,27634.86,8737.75,3348.58,1691.51,0,0,1,0,0,3,2,1,0.5625,0.8412,0.2041,0.961737861,1,,0.5,0.3333
120243,Tri-State & Associates,Workers Comp,NJ,7601,10/1/2025,10/31/2025,0.5513,31823.76,3953.62,3458.2,2235.63,1,1,2,1,0,3,2,1,0.5524,0.8285,0.2795,0.961737861,1,,0.5,0.3333
120243,Tri-State & Associates,Workers Comp,NJ,7601,11/1/2025,11/30/2025,0.622,36630.8,2701.96,3778.86,1013.8,1,1,1,0,0,3,2,1,0.5382,0.8096,0.2415,0.961737861,1,Declined,0.5,0.3333
120243,Tri-State & Associates,Workers Comp,NJ,7601,12/1/2025,12/31/2025,0.4204,31001.46,792.88,3098.86,867.19,2,1,0,0,0,3,2,1,0.6291,0.8159,0.2521,0.961737861,1,Declined,0.5,0.3333
120243,Tri-State & Associates,Workers Comp,NJ,7601,2/1/2026,2/28/2026,0.5773,27049.18,2806.17,2998.8,6998.13,1,1,1,0,0,3,2,1,0.5214,0.8147,0.2965,0.961737861,1,Declined,0.5,0.3333
120243,Tri-State & Associates,Workers Comp,NJ,7601,3/1/2026,3/31/2026,0.5801,39119.88,2198.32,4296.0,685.23,1,0,1,0,0,8,7,5,0.5258,0.7686,0.3141,0.961737861,1,,0.7143,0.625
120243,Tri-State & Associates,Workers Comp,NJ,7601,4/1/2025,4/30/2025,0.5236,28135.25,936.26,2800.02,1780.96,1,1,1,0,0,4,3,2,0.5346,0.8204,0.3337,0.961737861,1,Declined,0.6667,0.5
120243,Tri-State & Associates,Workers Comp,NJ,7601,5/1/2025,5/31/2025,0.5713,38699.41,2648.2,4306.73,855.85,1,1,1,0,0,3,2,1,0.6543,0.8182,0.2795,0.961737861,1,,0.5,0.3333
120243,Tri-State & Associates,Workers Comp,NJ,7601,6/1/2025,6/30/2025,0.5106,33859.81,2497.35,4175.72,6091.22,0,0,0,0,0,3,2,1,0.5677,0.7963,0.3303,0.961737861,1,,0.5,0.3333
120243,Tri-State & Associates,Workers Comp,NJ,7601,7/1/2025,7/31/2025,0.5194,31447.93,3158.02,3370.05,4356.47,1,1,1,0,0,4,3,1,0.5602,0.8212,0.2651,0.961737861,1,Withdrawn,0.3333,0.25
120243,Tri-State & Associates,Workers Comp,NJ,7601,8/1/2025,8/31/2025,0.4669,24778.65,1176.59,2325.99,1370.31,2,0,1,0,0,6,5,4,0.5455,0.85,0.3382,0.961737861,1,,0.8,0.6667
120243,Tri-State & Associates,Workers Comp,NJ,7601,9/1/2025,9/30/2025,0.5196,24906.51,573.86,2796.26,2026.18,0,0,1,1,0,3,2,1,0.5545,0.7858,0.259,0.961737861,1,,0.5,0.3333
120244,Eagle Insurance Agency,Commercial Auto,PA,19103,1/1/2026,1/31/2026,0.392,32638.53,841.53,3943.94,278.29,1,0,1,0,0,4,2,1,0.6708,0.8991,0.1846,0.898631776,2,Withdrawn,0.5,0.25
120244,Eagle Insurance Agency,Commercial Auto,PA,19103,10/1/2025,10/31/2025,0.3093,31432.12,3586.4,3555.03,2755.95,1,1,0,0,0,3,2,1,0.6403,0.9257,0.2464,0.898631776,1,,0.5,0.3333
120244,Eagle Insurance Agency,Commercial Auto,PA,19103,11/1/2025,11/30/2025,0.3318,59520.79,540.7,7067.5,249.75,1,0,0,1,0,3,2,1,0.5579,0.9049,0.2596,0.898631776,1,,0.5,0.3333
120244,Eagle Insurance Agency,Commercial Auto,PA,19103,12/1/2025,12/31/2025,0.3616,58237.11,450.36,7340.27,470.66,0,0,0,0,0,3,2,1,0.6676,0.8953,0.2396,0.898631776,1,Declined,0.5,0.3333
120244,Eagle Insurance Agency,Commercial Auto,PA,19103,2/1/2026,2/28/2026,0.3828,50559.23,878.32,5410.75,2421.64,1,0,1,1,0,3,2,1,0.7243,0.8792,0.189,0.898631776,1,Declined,0.5,0.3333
120244,Eagle Insurance Agency,Commercial Auto,PA,19103,3/1/2026,3/31/2026,0.397,35441.74,2149.6,4392.68,2633.84,0,0,1,1,0,3,2,1,0.6956,0.9457,0.2135,0.898631776,1,,0.5,0.3333
120244,Eagle Insurance Agency,Commercial Auto,PA,19103,4/1/2025,4/30/2025,0.4277,32688.68,434.92,3887.89,2496.63,0,0,0,0,0,6,5,3,0.6806,0.9154,0.2109,0.898631776,1,Declined,0.6,0.5
120244,Eagle Insurance Agency,Commercial Auto,PA,19103,5/1/2025,5/31/2025,0.3815,67940.39,3667.92,7168.89,1678.48,0,0,1,0,0,3,2,1,0.6644,0.8855,0.2212,0.898631776,1,,0.5,0.3333
120244,Eagle Insurance Agency,Commercial Auto,PA,19103,6/1/2025,6/30/2025,0.3299,74809.73,800.15,10114.96,1081.17,0,0,0,0,0,7,4,2,0.7127,0.9308,0.2081,0.898631776,3,Withdrawn,0.5,0.2857
120244,Eagle Insurance Agency,Commercial Auto,PA,19103,7/1/2025,7/31/2025,0.4515,35449.51,827.33,4509.54,1655.07,0,1,0,0,0,3,2,1,0.7768,0.9172,0.1799,0.898631776,1,Withdrawn,0.5,0.3333
120244,Eagle Insurance Agency,Commercial Auto,PA,19103,8/1/2025,8/31/2025,0.3655,27442.78,1988.79,3649.0,2917.91,1,0,1,0,0,3,2,1,0.7223,0.9348,0.2182,0.898631776,1,,0.5,0.3333
120244,Eagle Insurance Agency,Commercial Auto,PA,19103,9/1/2025,9/30/2025,0.3946,58444.99,962.75,6473.02,669.96,0,0,0,0,0,7,4,2,0.614,0.8998,0.2649,0.898631776,3,Withdrawn,0.5,0.2857
120245,Bridgepoint Insurance Services,Business Owners Policy,PA,15222,1/1/2026,1/31/2026,1.008,2179.17,228.92,186.43,675.31,0,0,0,0,0,4,3,2,0.2013,0.3287,0.4904,0.879014369,1,Declined,0.6667,0.5
120245,Bridgepoint Insurance Services,Business Owners Policy,PA,15222,10/1/2025,10/31/2025,1.0553,2710.62,215.81,236.78,1129.7,0,0,0,0,0,4,3,1,0.1336,0.4302,0.5249,0.879014369,1,,0.3333,0.25
120245,Bridgepoint Insurance Services,Business Owners Policy,PA,15222,11/1/2025,11/30/2025,0.8744,500.0,296.4,50.0,2815.55,0,0,1,0,0,4,3,2,0.2212,0.3613,0.5163,0.879014369,1,,0.6667,0.5
120245,Bridgepoint Insurance Services,Business Owners Policy,PA,15222,12/1/2025,12/31/2025,0.9202,789.05,1509.25,55.35,425.98,0,0,0,0,0,3,2,1,0.1779,0.4651,0.5734,0.879014369,1,,0.5,0.3333
120245,Bridgepoint Insurance Services,Business Owners Policy,PA,15222,2/1/2026,2/28/2026,0.9756,3130.04,105.65,259.44,683.84,1,0,0,0,0,3,2,1,0.2279,0.3795,0.5431,0.879014369,1,,0.5,0.3333
120245,Bridgepoint Insurance Services,Business Owners Policy,PA,15222,3/1/2026,3/31/2026,0.982,4550.47,416.16,408.57,1592.43,0,0,0,0,0,4,3,2,0.1927,0.535,0.5557,0.879014369,1,,0.6667,0.5
120245,Bridgepoint Insurance Services,Business Owners Policy,PA,15222,4/1/2025,4/30/2025,0.8453,2808.0,669.21,207.06,1689.52,1,1,1,0,0,3,2,1,0.2033,0.4354,0.5351,0.879014369,1,,0.5,0.3333
120245,Bridgepoint Insurance Services,Business Owners Policy,PA,15222,5/1/2025,5/31/2025,0.8767,3761.48,696.72,326.76,574.65,1,0,0,0,0,3,2,1,0.178,0.4499,0.5786,0.879014369,1,Withdrawn,0.5,0.3333
120245,Bridgepoint Insurance Services,Business Owners Policy,PA,15222,6/1/2025,6/30/2025,0.9472,4236.13,395.15,308.43,1995.42,0,0,0,1,0,3,2,1,0.1236,0.4554,0.5479,0.879014369,1,Withdrawn,0.5,0.3333
120245,Bridgepoint Insurance Services,Business Owners Policy,PA,15222,7/1/2025,7/31/2025,0.9512,620.21,316.66,51.16,820.58,0,0,0,0,0,3,2,1,0.2516,0.4006,0.5063,0.879014369,1,Declined,0.5,0.3333
120245,Bridgepoint Insurance Services,Business Owners Policy,PA,15222,8/1/2025,8/31/2025,0.9616,5636.74,500.57,472.99,1885.98,0,0,0,0,0,4,3,2,0.2103,0.4082,0.5088,0.879014369,1,,0.6667,0.5
120245,Bridgepoint Insurance Services,Business Owners Policy,PA,15222,9/1/2025,9/30/2025,0.8901,1950.14,373.47,154.05,1277.94,0,1,1,0,0,3,2,1,0.1312,0.3123,0.4546,0.879014369,1,,0.5,0.3333
120246,Tri-State Insurance Partners,Workers Comp,PA,17101,1/1/2026,1/31/2026,0.7779,21246.46,58.45,2207.54,3612.83,2,0,0,0,0,3,2,1,0.484,0.687,0.3657,0.981203295,1,,0.5,0.3333
120246,Tri-State Insurance Partners,Workers Comp,PA,17101,10/1/2025,10/31/2025,0.6921,18333.59,111.48,1998.24,815.01,2,1,2,1,0,3,2,1,0.4271,0.6944,0.4054,0.981203295,1,Declined,0.5,0.3333
120246,Tri-State Insurance Partners,Workers Comp,PA,17101,11/1/2025,11/30/2025,0.6646,12559.85,66.29,1429.33,4471.11,1,0,2,0,0,3,2,1,0.3204,0.7515,0.3424,0.981203295,1,,0.5,0.3333
120246,Tri-State Insurance Partners,Workers Comp,PA,17101,12/1/2025,12/31/2025,0.7968,758.81,85.08,82.77,4896.41,2,1,2,0,0,6,2,1,0.3971,0.6754,0.3678,0.981203295,4,Withdrawn,0.5,0.1667
120246,Tri-State Insurance Partners,Workers Comp,PA,17101,2/1/2026,2/28/2026,0.6602,14626.95,15.42,1542.24,3700.3,1,1,1,0,1,4,3,2,0.5137,0.8166,0.3314,0.981203295,1,,0.6667,0.5
120246,Tri-State Insurance Partners,Workers Comp,PA,17101,3/1/2026,3/31/2026,0.6574,8525.55,105.22,874.33,715.09,2,0,0,1,0,3,2,1,0.4013,0.7834,0.3456,0.981203295,1,Withdrawn,0.5,0.3333
120246,Tri-State Insurance Partners,Workers Comp,PA,17101,4/1/2025,4/30/2025,0.7579,10548.31,26.3,948.06,3321.53,1,0,1,2,0,6,5,4,0.5047,0.6876,0.3812,0.981203295,1,,0.8,0.6667
120246,Tri-State Insurance Partners,Workers Comp,PA,17101,5/1/2025,5/31/2025,0.7309,17955.38,47.49,1639.39,3653.65,0,0,2,1,0,12,6,2,0.4282,0.6473,0.3344,0.981203295,6,Withdrawn,0.3333,0.1667
120246,Tri-State Insurance Partners,Workers Comp,PA,17101,6/1/2025,6/30/2025,0.7295,2913.58,39.95,267.17,3579.9,1,1,4,0,0,3,2,1,0.3418,0.7847,0.3335,0.981203295,1,,0.5,0.3333
120246,Tri-State Insurance Partners,Workers Comp,PA,17101,7/1/2025,7/31/2025,0.6488,10572.82,76.99,1169.74,5577.95,0,0,0,1,0,3,2,1,0.464,0.7487,0.374,0.981203295,1,Declined,0.5,0.3333
120246,Tri-State Insurance Partners,Workers Comp,PA,17101,8/1/2025,8/31/2025,0.7547,7275.57,48.21,803.57,2545.47,1,0,0,0,0,4,3,1,0.4605,0.6948,0.3272,0.981203295,1,,0.3333,0.25
120246,Tri-State Insurance Partners,Workers Comp,PA,17101,9/1/2025,9/30/2025,0.55,25630.95,12.68,2429.0,2723.29,2,2,1,0,0,3,2,1,0.4471,0.6976,0.3624,0.981203295,1,Withdrawn,0.5,0.3333
120247,Horizon Risk Consultants,Commercial Auto,PA,18501,1/1/2026,1/31/2026,0.9758,7607.01,270.92,593.36,846.3,1,1,1,0,0,3,2,1,0.1755,0.4717,0.4525,0.897045739,1,Declined,0.5,0.3333
120247,Horizon Risk Consultants,Commercial Auto,PA,18501,10/1/2025,10/31/2025,0.7776,2370.43,763.07,195.14,2073.38,2,0,1,0,0,8,7,4,0.2064,0.5033,0.502,0.897045739,1,Withdrawn,0.5714,0.5
120247,Horizon Risk Consultants,Commercial Auto,PA,18501,11/1/2025,11/30/2025,1.0505,3586.93,1129.99,251.0,1114.34,1,1,2,0,0,3,2,1,0.2252,0.3621,0.5911,0.897045739,1,,0.5,0.3333
120247,Horizon Risk Consultants,Commercial Auto,PA,18501,12/1/2025,12/31/2025,0.8842,3466.41,285.7,249.98,1587.61,1,0,1,1,0,3,2,1,0.2657,0.4098,0.4903,0.897045739,1,,0.5,0.3333
120247,Horizon Risk Consultants,Commercial Auto,PA,18501,2/1/2026,2/28/2026,0.974,2545.84,73.19,231.93,895.82,0,1,1,0,0,4,2,1,0.1696,0.5021,0.5106,0.897045739,2,,0.5,0.25
120247,Horizon Risk Consultants,Commercial Auto,PA,18501,3/1/2026,3/31/2026,0.9762,4097.89,412.41,286.67,1861.3,2,1,1,1,0,3,2,1,0.2082,0.4437,0.5413,0.897045739,1,,0.5,0.3333
120247,Horizon Risk Consultants,Commercial Auto,PA,18501,4/1/2025,4/30/2025,0.7536,997.02,715.31,72.82,975.06,0,1,1,0,0,6,4,2,0.1312,0.3104,0.5208,0.897045739,2,Declined,0.5,0.3333
120247,Horizon Risk Consultants,Commercial Auto,PA,18501,5/1/2025,5/31/2025,0.857,4256.76,467.19,319.9,2739.85,1,0,0,0,0,4,3,2,0.1807,0.3557,0.543,0.897045739,1,,0.6667,0.5
120247,Horizon Risk Consultants,Commercial Auto,PA,18501,6/1/2025,6/30/2025,0.9523,4146.9,801.83,359.15,1299.72,2,0,0,1,0,3,2,1,0.1876,0.4163,0.5036,0.897045739,1,Withdrawn,0.5,0.3333
120247,Horizon Risk Consultants,Commercial Auto,PA,18501,7/1/2025,7/31/2025,0.8198,1906.77,330.55,155.86,964.41,0,0,0,0,0,3,2,1,0.2403,0.3758,0.6275,0.897045739,1,Declined,0.5,0.3333
120247,Horizon Risk Consultants,Commercial Auto,PA,18501,8/1/2025,8/31/2025,1.0642,7645.04,428.3,556.91,1698.87,0,0,2,0,0,3,2,1,0.1692,0.3618,0.5135,0.897045739,1,,0.5,0.3333
120247,Horizon Risk Consultants,Commercial Auto,PA,18501,9/1/2025,9/30/2025,0.8201,3531.62,689.21,281.62,2100.79,0,0,0,0,0,3,2,1,0.1038,0.4023,0.4638,0.897045739,1,,0.5,0.3333
120248,Patriot Risk Consultants,Business Owners Policy,NY,10001,1/1/2026,1/31/2026,0.9732,2754.89,465.07,248.87,1095.86,3,0,1,0,0,3,2,1,0.1746,0.397,0.5811,0.923651901,1,Declined,0.5,0.3333
120248,Patriot Risk Consultants,Business Owners Policy,NY,10001,10/1/2025,10/31/2025,0.9427,3538.33,60.89,272.09,2417.26,1,1,0,0,0,3,2,1,0.2024,0.403,0.4145,0.923651901,1,,0.5,0.3333
120248,Patriot Risk Consultants,Business Owners Policy,NY,10001,11/1/2025,11/30/2025,0.8305,1916.55,70.06,140.92,1724.9,2,1,1,0,0,6,3,2,0.1999,0.4336,0.4215,0.923651901,3,,0.6667,0.3333
120248,Patriot Risk Consultants,Business Owners Policy,NY,10001,12/1/2025,12/31/2025,0.8895,3492.46,135.46,269.96,3011.58,1,1,1,0,0,3,2,1,0.1482,0.3744,0.4767,0.923651901,1,Withdrawn,0.5,0.3333
120248,Patriot Risk Consultants,Business Owners Policy,NY,10001,2/1/2026,2/28/2026,0.8281,737.89,79.5,60.41,1901.83,1,3,2,0,0,3,2,1,0.1875,0.3888,0.5635,0.923651901,1,,0.5,0.3333
120248,Patriot Risk Consultants,Business Owners Policy,NY,10001,3/1/2026,3/31/2026,0.8781,2379.41,190.21,204.19,742.94,0,0,1,1,0,11,9,4,0.1477,0.5754,0.4128,0.923651901,2,,0.4444,0.3636
120248,Patriot Risk Consultants,Business Owners Policy,NY,10001,4/1/2025,4/30/2025,0.9895,4829.15,67.56,428.44,1659.19,1,1,0,0,0,3,2,1,0.1591,0.4292,0.4767,0.923651901,1,Withdrawn,0.5,0.3333
120248,Patriot Risk Consultants,Business Owners Policy,NY,10001,5/1/2025,5/31/2025,0.8827,1550.14,123.89,118.83,3235.94,0,0,2,0,0,3,2,1,0.1716,0.2861,0.5411,0.923651901,1,,0.5,0.3333
120248,Patriot Risk Consultants,Business Owners Policy,NY,10001,6/1/2025,6/30/2025,0.9567,2131.22,172.99,192.1,3175.69,0,0,0,1,0,3,2,1,0.1997,0.3873,0.4705,0.923651901,1,,0.5,0.3333
120248,Patriot Risk Consultants,Business Owners Policy,NY,10001,7/1/2025,7/31/2025,0.9876,1798.06,73.55,157.7,2528.89,0,2,0,0,0,3,2,1,0.1864,0.4617,0.5675,0.923651901,1,Withdrawn,0.5,0.3333
120248,Patriot Risk Consultants,Business Owners Policy,NY,10001,8/1/2025,8/31/2025,1.0377,3395.8,150.36,300.12,3440.76,0,0,2,0,0,3,2,1,0.2317,0.3886,0.5656,0.923651901,1,Withdrawn,0.5,0.3333
120248,Patriot Risk Consultants,Business Owners Policy,NY,10001,9/1/2025,9/30/2025,0.9024,4013.39,297.46,351.24,480.74,2,0,1,0,0,3,2,1,0.2613,0.4379,0.4621,0.923651901,1,,0.5,0.3333
120249,Nexus Brokerage,Workers Comp,NY,11201,1/1/2026,1/31/2026,0.7584,8912.0,0.0,905.93,109.91,1,1,1,0,0,3,2,1,0.3279,0.5736,0.4128,0.904670919,1,,0.5,0.3333
120249,Nexus Brokerage,Workers Comp,NY,11201,10/1/2025,10/31/2025,0.8302,808.18,0.0,70.9,983.89,1,1,2,0,0,3,2,1,0.354,0.6008,0.3507,0.904670919,1,,0.5,0.3333
120249,Nexus Brokerage,Workers Comp,NY,11201,11/1/2025,11/30/2025,0.8173,8662.76,0.0,862.65,2172.16,0,1,2,0,0,4,3,2,0.3138,0.5882,0.4601,0.904670919,1,Withdrawn,0.6667,0.5
120249,Nexus Brokerage,Workers Comp,NY,11201,12/1/2025,12/31/2025,0.8685,10691.07,0.0,854.64,4021.02,0,0,0,0,0,3,2,1,0.2997,0.5568,0.384,0.904670919,1,Withdrawn,0.5,0.3333
120249,Nexus Brokerage,Workers Comp,NY,11201,2/1/2026,2/28/2026,0.8702,9690.12,0.0,869.18,961.07,1,1,0,0,0,3,2,1,0.2843,0.593,0.4598,0.904670919,1,,0.5,0.3333
120249,Nexus Brokerage,Workers Comp,NY,11201,3/1/2026,3/31/2026,0.7798,5678.81,0.0,439.84,4164.58,1,0,1,1,0,3,2,1,0.3393,0.6419,0.3905,0.904670919,1,,0.5,0.3333
120249,Nexus Brokerage,Workers Comp,NY,11201,4/1/2025,4/30/2025,0.8226,7118.39,0.0,733.89,2066.39,1,1,1,1,0,3,2,1,0.2585,0.6685,0.4256,0.904670919,1,Declined,0.5,0.3333
120249,Nexus Brokerage,Workers Comp,NY,11201,5/1/2025,5/31/2025,0.7564,4526.44,0.0,371.31,705.59,2,1,1,0,0,3,2,1,0.3773,0.5235,0.4513,0.904670919,1,Withdrawn,0.5,0.3333
120249,Nexus Brokerage,Workers Comp,NY,11201,6/1/2025,6/30/2025,0.8436,11968.97,0.0,1114.41,1372.28,1,0,0,0,0,4,3,2,0.2536,0.596,0.419,0.904670919,1,,0.6667,0.5
120249,Nexus Brokerage,Workers Comp,NY,11201,7/1/2025,7/31/2025,0.9355,3360.55,0.0,327.0,413.69,1,1,0,0,0,3,2,1,0.2871,0.5701,0.4052,0.904670919,1,,0.5,0.3333
120249,Nexus Brokerage,Workers Comp,NY,11201,8/1/2025,8/31/2025,0.7371,6442.79,0.0,541.93,2096.84,0,0,0,0,0,3,2,1,0.2788,0.673,0.3555,0.904670919,1,,0.5,0.3333
120249,Nexus Brokerage,Workers Comp,NY,11201,9/1/2025,9/30/2025,0.7532,8200.66,0.0,651.04,1566.0,0,0,1,0,0,11,10,6,0.3094,0.5829,0.4047,0.904670919,1,,0.6,0.5455
120250,Crossroads Risk Solutions,Commercial Auto,NY,10301,1/1/2026,1/31/2026,0.4862,29044.34,0.0,3362.13,1970.89,0,0,0,1,0,3,2,1,0.5714,0.8621,0.2746,0.871052968,1,Withdrawn,0.5,0.3333
120250,Crossroads Risk Solutions,Commercial Auto,NY,10301,10/1/2025,10/31/2025,0.5629,28426.62,0.0,3520.83,1157.4,0,1,0,0,0,3,2,1,0.522,0.7974,0.3501,0.871052968,1,Withdrawn,0.5,0.3333
120250,Crossroads Risk Solutions,Commercial Auto,NY,10301,11/1/2025,11/30/2025,0.6162,9822.87,0.0,975.21,768.37,0,1,1,0,0,4,3,1,0.5664,0.8287,0.279,0.871052968,1,,0.3333,0.25
120250,Crossroads Risk Solutions,Commercial Auto,NY,10301,12/1/2025,12/31/2025,0.4547,39572.61,0.0,3913.38,379.88,1,0,0,1,0,5,3,1,0.373,0.788,0.2966,0.871052968,2,Withdrawn,0.3333,0.2
120250,Crossroads Risk Solutions,Commercial Auto,NY,10301,2/1/2026,2/28/2026,0.3924,15487.19,0.0,1601.97,1500.77,2,0,1,1,0,4,3,1,0.5621,0.8219,0.2751,0.871052968,1,,0.3333,0.25
120250,Crossroads Risk Solutions,Commercial Auto,NY,10301,3/1/2026,3/31/2026,0.5635,28809.23,0.0,3194.23,103.01,2,0,2,0,0,5,3,1,0.5101,0.7825,0.3021,0.871052968,2,Withdrawn,0.3333,0.2
120250,Crossroads Risk Solutions,Commercial Auto,NY,10301,4/1/2025,4/30/2025,0.5613,22277.3,0.0,2098.33,2479.54,0,0,1,0,0,3,2,1,0.6872,0.8386,0.3082,0.871052968,1,Withdrawn,0.5,0.3333
120250,Crossroads Risk Solutions,Commercial Auto,NY,10301,5/1/2025,5/31/2025,0.5651,47453.38,0.0,4917.27,989.73,1,1,1,0,0,3,2,1,0.5496,0.8037,0.284,0.871052968,1,Withdrawn,0.5,0.3333
120250,Crossroads Risk Solutions,Commercial Auto,NY,10301,6/1/2025,6/30/2025,0.6391,19926.37,0.0,2009.47,1330.78,0,0,1,1,0,3,2,1,0.5316,0.8411,0.3667,0.871052968,1,Withdrawn,0.5,0.3333
120250,Crossroads Risk Solutions,Commercial Auto,NY,10301,7/1/2025,7/31/2025,0.6831,23744.84,0.0,2765.69,2182.57,2,0,1,1,0,3,2,1,0.5174,0.8277,0.293,0.871052968,1,,0.5,0.3333
120250,Crossroads Risk Solutions,Commercial Auto,NY,10301,8/1/2025,8/31/2025,0.5131,31730.57,0.0,3254.72,157.21,1,0,2,0,0,3,2,1,0.5329,0.8512,0.2304,0.871052968,1,Withdrawn,0.5,0.3333
120250,Crossroads Risk Solutions,Commercial Auto,NY,10301,9/1/2025,9/30/2025,0.6353,31403.77,0.0,3787.27,515.35,2,1,1,0,0,8,4,3,0.5536,0.8355,0.2854,0.871052968,4,Declined,0.75,0.375
120251,Alliance Brokerage,Business Owners Policy,NY,14201,1/1/2026,1/31/2026,0.5173,40262.27,0.0,4915.37,716.71,1,0,0,0,0,4,3,2,0.4831,0.8569,0.3114,0.814301168,1,,0.6667,0.5
120251,Alliance Brokerage,Business Owners Policy,NY,14201,10/1/2025,10/31/2025,0.5719,22133.35,0.0,2384.03,1102.32,0,0,0,0,0,3,2,1,0.497,0.8319,0.3165,0.814301168,1,Withdrawn,0.5,0.3333
120251,Alliance Brokerage,Business Owners Policy,NY,14201,11/1/2025,11/30/2025,0.4901,37514.27,0.0,4672.43,866.31,0,0,1,0,0,3,2,1,0.6305,0.7916,0.297,0.814301168,1,,0.5,0.3333
120251,Alliance Brokerage,Business Owners Policy,NY,14201,12/1/2025,12/31/2025,0.63,33211.09,0.0,3423.24,1158.14,0,0,0,0,0,3,2,1,0.5641,0.8397,0.3073,0.814301168,1,,0.5,0.3333
120251,Alliance Brokerage,Business Owners Policy,NY,14201,2/1/2026,2/28/2026,0.5728,26990.87,0.0,2899.25,257.97,0,1,0,0,0,3,2,1,0.5197,0.8706,0.297,0.814301168,1,,0.5,0.3333
120251,Alliance Brokerage,Business Owners Policy,NY,14201,3/1/2026,3/31/2026,0.5696,34822.85,0.0,3969.05,867.47,1,0,1,0,0,3,2,1,0.5345,0.8064,0.2712,0.814301168,1,Declined,0.5,0.3333
120251,Alliance Brokerage,Business Owners Policy,NY,14201,4/1/2025,4/30/2025,0.6174,11357.74,0.0,1430.35,431.88,0,0,1,1,0,3,2,1,0.5038,0.8029,0.2998,0.814301168,1,Withdrawn,0.5,0.3333
120251,Alliance Brokerage,Business Owners Policy,NY,14201,5/1/2025,5/31/2025,0.5023,34665.8,0.0,4140.22,176.27,1,0,0,0,0,6,3,2,0.5333,0.8578,0.2777,0.814301168,3,,0.6667,0.3333
120251,Alliance Brokerage,Business Owners Policy,NY,14201,6/1/2025,6/30/2025,0.5924,22680.27,0.0,2681.41,226.66,0,0,0,0,0,5,3,1,0.5446,0.791,0.2585,0.814301168,2,Declined,0.3333,0.2
120251,Alliance Brokerage,Business Owners Policy,NY,14201,7/1/2025,7/31/2025,0.4574,38375.04,0.0,4551.36,611.42,0,0,0,0,0,3,2,1,0.5962,0.8029,0.2864,0.814301168,1,,0.5,0.3333
120251,Alliance Brokerage,Business Owners Policy,NY,14201,8/1/2025,8/31/2025,0.57,39659.5,0.0,4144.25,933.08,0,1,1,1,0,10,3,2,0.5798,0.8245,0.2431,0.814301168,7,,0.6667,0.2
120251,Alliance Brokerage,Business Owners Policy,NY,14201,9/1/2025,9/30/2025,0.5912,16141.67,0.0,1963.27,299.64,1,0,0,0,0,3,2,1,0.5384,0.8273,0.2952,0.814301168,1,Withdrawn,0.5,0.3333
120252,Cornerstone Risk Management,Workers Comp,NJ,7030,1/1/2026,1/31/2026,0.8151,4362.59,1189.29,421.27,4675.15,3,0,1,0,0,5,4,2,0.3643,0.5137,0.4475,0.959129619,1,Withdrawn,0.5,0.4
120252,Cornerstone Risk Management,Workers Comp,NJ,7030,10/1/2025,10/31/2025,0.7049,13003.95,315.01,1155.13,2261.94,2,1,3,0,0,5,3,2,0.261,0.5703,0.4746,0.959129619,2,,0.6667,0.4
120252,Cornerstone Risk Management,Workers Comp,NJ,7030,11/1/2025,11/30/2025,0.8318,11751.15,265.26,911.13,1799.6,2,0,1,1,0,3,2,1,0.3249,0.5872,0.4725,0.959129619,1,,0.5,0.3333
120252,Cornerstone Risk Management,Workers Comp,NJ,7030,12/1/2025,12/31/2025,0.8397,8003.48,437.46,755.41,1560.37,0,2,2,1,0,5,3,2,0.3012,0.5521,0.3592,0.959129619,2,,0.6667,0.4
120252,Cornerstone Risk Management,Workers Comp,NJ,7030,2/1/2026,2/28/2026,0.7634,12561.5,250.84,1161.74,1180.86,2,1,2,1,0,3,2,1,0.2585,0.6327,0.3732,0.959129619,1,,0.5,0.3333
120252,Cornerstone Risk Management,Workers Comp,NJ,7030,3/1/2026,3/31/2026,0.6546,11399.2,1625.69,1077.97,1704.28,2,1,1,0,0,5,4,3,0.3134,0.5778,0.4105,0.959129619,1,Declined,0.75,0.6
120252,Cornerstone Risk Management,Workers Comp,NJ,7030,4/1/2025,4/30/2025,0.7658,2440.4,160.85,220.13,2191.31,1,1,1,0,0,3,2,1,0.3,0.5789,0.3512,0.959129619,1,Withdrawn,0.5,0.3333
120252,Cornerstone Risk Management,Workers Comp,NJ,7030,5/1/2025,5/31/2025,0.8167,12541.2,1109.27,1296.91,4874.62,3,0,3,2,0,3,2,1,0.3537,0.6106,0.443,0.959129619,1,,0.5,0.3333
120252,Cornerstone Risk Management,Workers Comp,NJ,7030,6/1/2025,6/30/2025,0.8745,3003.61,906.41,270.62,6652.26,2,2,2,0,0,5,4,3,0.3025,0.5884,0.3911,0.959129619,1,,0.75,0.6
120252,Cornerstone Risk Management,Workers Comp,NJ,7030,7/1/2025,7/31/2025,0.8439,6813.15,214.3,564.48,2450.42,0,1,0,1,0,9,8,2,0.3,0.607,0.4584,0.959129619,1,Withdrawn,0.25,0.2222
120252,Cornerstone Risk Management,Workers Comp,NJ,7030,8/1/2025,8/31/2025,0.7472,6006.51,279.92,470.73,4575.9,1,0,0,2,0,10,5,3,0.2932,0.5962,0.4545,0.959129619,5,Declined,0.6,0.3
120252,Cornerstone Risk Management,Workers Comp,NJ,7030,9/1/2025,9/30/2025,0.8073,3709.65,1953.97,289.9,3113.42,1,0,3,0,0,3,2,1,0.3483,0.5737,0.5098,0.959129619,1,,0.5,0.3333
120253,Prestige Agency Group,Commercial Auto,NJ,7102,1/1/2026,1/31/2026,0.5671,23290.46,0.0,2419.01,2322.25,0,0,1,0,0,3,2,1,0.4662,0.7848,0.2897,0.925203521,1,Withdrawn,0.5,0.3333
120253,Prestige Agency Group,Commercial Auto,NJ,7102,10/1/2025,10/31/2025,0.5737,30069.43,0.0,2837.92,427.51,1,1,1,0,0,5,4,1,0.4782,0.7894,0.2764,0.925203521,1,,0.25,0.2
120253,Prestige Agency Group,Commercial Auto,NJ,7102,11/1/2025,11/30/2025,0.5047,37350.15,0.0,4394.9,2363.91,2,0,0,0,0,3,2,1,0.5147,0.8187,0.3369,0.925203521,1,Declined,0.5,0.3333
120253,Prestige Agency Group,Commercial Auto,NJ,7102,12/1/2025,12/31/2025,0.5533,27762.93,0.0,3067.31,1274.44,0,0,0,0,0,9,7,2,0.5666,0.8095,0.2586,0.925203521,2,,0.2857,0.2222
120253,Prestige Agency Group,Commercial Auto,NJ,7102,2/1/2026,2/28/2026,0.6012,31940.19,0.0,3167.18,581.97,2,1,2,0,0,3,2,1,0.575,0.8078,0.3138,0.925203521,1,,0.5,0.3333
120253,Prestige Agency Group,Commercial Auto,NJ,7102,3/1/2026,3/31/2026,0.5697,35400.14,0.0,3968.71,3727.9,0,1,1,0,0,6,2,1,0.5142,0.818,0.286,0.925203521,4,Declined,0.5,0.1667
120253,Prestige Agency Group,Commercial Auto,NJ,7102,4/1/2025,4/30/2025,0.5339,36773.79,0.0,4498.93,2829.17,0,1,0,1,0,3,2,1,0.5061,0.7799,0.2034,0.925203521,1,,0.5,0.3333
120253,Prestige Agency Group,Commercial Auto,NJ,7102,5/1/2025,5/31/2025,0.5913,15439.0,0.0,1902.82,2260.64,0,1,1,0,0,3,2,1,0.5267,0.8095,0.2898,0.925203521,1,,0.5,0.3333
120253,Prestige Agency Group,Commercial Auto,NJ,7102,6/1/2025,6/30/2025,0.4669,30936.37,0.0,3656.01,1544.1,1,1,1,0,0,5,4,2,0.4884,0.8171,0.2738,0.925203521,1,Withdrawn,0.5,0.4
120253,Prestige Agency Group,Commercial Auto,NJ,7102,7/1/2025,7/31/2025,0.5668,35228.57,0.0,4452.82,2096.35,0,0,1,0,0,3,2,1,0.5995,0.8404,0.2751,0.925203521,1,Withdrawn,0.5,0.3333
120253,Prestige Agency Group,Commercial Auto,NJ,7102,8/1/2025,8/31/2025,0.5149,23035.67,0.0,2322.6,3481.24,1,1,0,1,0,3,2,1,0.5938,0.7587,0.3201,0.925203521,1,Declined,0.5,0.3333
120253,Prestige Agency Group,Commercial Auto,NJ,7102,9/1/2025,9/30/2025,0.505,26195.5,0.0,2669.77,2942.89,2,0,1,0,0,3,2,1,0.5432,0.8232,0.3067,0.925203521,1,Declined,0.5,0.3333
120254,Cornerstone Insurance Services,Business Owners Policy,NJ,8401,1/1/2026,1/31/2026,0.5367,11824.05,0.0,1381.2,6862.15,2,1,2,0,0,3,2,1,0.6399,0.868,0.2559,0.94184805,1,Withdrawn,0.5,0.3333
120254,Cornerstone Insurance Services,Business Owners Policy,NJ,8401,10/1/2025,10/31/2025,0.5827,23951.92,0.0,2348.08,1989.62,0,0,1,1,0,5,4,3,0.5376,0.851,0.2654,0.94184805,1,Declined,0.75,0.6
120254,Cornerstone Insurance Services,Business Owners Policy,NJ,8401,11/1/2025,11/30/2025,0.4774,18011.35,0.0,1684.65,4563.38,3,1,0,0,0,10,7,6,0.54,0.7749,0.2766,0.94184805,3,,0.8571,0.6
120254,Cornerstone Insurance Services,Business Owners Policy,NJ,8401,12/1/2025,12/31/2025,0.5624,22397.48,0.0,2546.24,3350.06,1,0,1,1,0,5,3,1,0.5643,0.8447,0.2915,0.94184805,2,Declined,0.3333,0.2
120254,Cornerstone Insurance Services,Business Owners Policy,NJ,8401,2/1/2026,2/28/2026,0.3983,14797.16,0.0,1760.12,1536.11,1,0,1,0,0,3,2,1,0.573,0.8109,0.255,0.94184805,1,Declined,0.5,0.3333
120254,Cornerstone Insurance Services,Business Owners Policy,NJ,8401,3/1/2026,3/31/2026,0.4911,34070.71,0.0,4217.56,1150.89,0,1,1,0,0,3,2,1,0.6176,0.8448,0.3116,0.94184805,1,,0.5,0.3333
120254,Cornerstone Insurance Services,Business Owners Policy,NJ,8401,4/1/2025,4/30/2025,0.5533,10364.14,0.0,1282.93,87.93,1,1,1,0,0,3,2,1,0.6272,0.7528,0.2999,0.94184805,1,Withdrawn,0.5,0.3333
120254,Cornerstone Insurance Services,Business Owners Policy,NJ,8401,5/1/2025,5/31/2025,0.4853,35436.23,0.0,3835.94,2005.62,1,2,1,0,0,3,2,1,0.5499,0.8086,0.3088,0.94184805,1,,0.5,0.3333
120254,Cornerstone Insurance Services,Business Owners Policy,NJ,8401,6/1/2025,6/30/2025,0.5975,23070.81,0.0,2381.51,432.6,1,0,1,0,0,3,2,1,0.535,0.7991,0.3098,0.94184805,1,,0.5,0.3333
120254,Cornerstone Insurance Services,Business Owners Policy,NJ,8401,7/1/2025,7/31/2025,0.5264,29997.67,0.0,3722.09,1709.55,0,0,2,0,0,5,3,2,0.5551,0.7799,0.3032,0.94184805,2,,0.6667,0.4
120254,Cornerstone Insurance Services,Business Owners Policy,NJ,8401,8/1/2025,8/31/2025,0.5923,26148.99,0.0,3128.82,1922.85,0,0,0,0,0,3,2,1,0.5073,0.7677,0.3063,0.94184805,1,,0.5,0.3333
120254,Cornerstone Insurance Services,Business Owners Policy,NJ,8401,9/1/2025,9/30/2025,0.5486,30023.07,0.0,3343.33,4670.42,1,1,0,0,0,3,2,1,0.5783,0.862,0.2824,0.94184805,1,,0.5,0.3333
120255,Guardian Brokerage,Workers Comp,NJ,7601,1/1/2026,1/31/2026,0.5694,7867.2,0.0,691.02,6944.97,0,0,1,0,0,3,2,1,0.3878,0.7492,0.3409,0.968699414,1,,0.5,0.3333
120255,Guardian Brokerage,Workers Comp,NJ,7601,10/1/2025,10/31/2025,0.687,24600.8,0.0,2196.96,1691.06,2,1,1,1,0,3,2,1,0.4,0.6338,0.2661,0.968699414,1,,0.5,0.3333
120255,Guardian Brokerage,Workers Comp,NJ,7601,11/1/2025,11/30/2025,0.7636,21438.44,0.0,1919.13,4273.79,0,2,1,0,0,4,3,1,0.3764,0.7294,0.3405,0.968699414,1,Withdrawn,0.3333,0.25
120255,Guardian Brokerage,Workers Comp,NJ,7601,12/1/2025,12/31/2025,0.7393,17143.16,0.0,1837.44,3094.28,1,2,2,1,0,3,2,1,0.3971,0.7329,0.3447,0.968699414,1,Withdrawn,0.5,0.3333
120255,Guardian Brokerage,Workers Comp,NJ,7601,2/1/2026,2/28/2026,0.6656,15248.68,0.0,1315.76,1169.77,1,0,2,0,0,4,3,2,0.3626,0.7724,0.3804,0.968699414,1,Withdrawn,0.6667,0.5
120255,Guardian Brokerage,Workers Comp,NJ,7601,3/1/2026,3/31/2026,0.6698,18728.65,0.0,2052.13,4075.86,1,0,1,1,0,5,2,1,0.4362,0.6678,0.3568,0.968699414,3,,0.5,0.2
120255,Guardian Brokerage,Workers Comp,NJ,7601,4/1/2025,4/30/2025,0.6776,20982.33,0.0,2232.87,7126.43,2,2,1,0,0,7,6,4,0.4406,0.6956,0.3554,0.968699414,1,Declined,0.6667,0.5714
120255,Guardian Brokerage,Workers Comp,NJ,7601,5/1/2025,5/31/2025,0.5546,19971.47,0.0,1838.02,308.79,2,2,1,1,0,10,8,2,0.4529,0.7591,0.2916,0.968699414,2,,0.25,0.2
120255,Guardian Brokerage,Workers Comp,NJ,7601,6/1/2025,6/30/2025,0.7255,7979.57,0.0,704.15,2702.55,2,0,0,0,0,3,2,1,0.4106,0.6599,0.31,0.968699414,1,Declined,0.5,0.3333
120255,Guardian Brokerage,Workers Comp,NJ,7601,7/1/2025,7/31/2025,0.6257,15426.52,0.0,1370.29,1574.07,0,0,1,0,0,3,2,1,0.4817,0.7211,0.3867,0.968699414,1,,0.5,0.3333
120255,Guardian Brokerage,Workers Comp,NJ,7601,8/1/2025,8/31/2025,0.8413,18271.59,0.0,1604.74,1163.56,0,1,2,0,0,4,2,1,0.4735,0.7576,0.3044,0.968699414,2,,0.5,0.25
120255,Guardian Brokerage,Workers Comp,NJ,7601,9/1/2025,9/30/2025,0.7904,23874.93,0.0,2651.02,6740.44,4,0,2,0,0,3,2,1,0.4278,0.7478,0.3726,0.968699414,1,,0.5,0.3333
120256,Heritage Risk Advisors,Commercial Auto,PA,19103,1/1/2026,1/31/2026,0.8799,2355.49,0.0,197.13,553.26,2,0,1,0,0,3,2,1,0.221,0.4765,0.5296,0.951423232,1,,0.5,0.3333
120256,Heritage Risk Advisors,Commercial Auto,PA,19103,10/1/2025,10/31/2025,0.9521,1354.52,0.0,101.7,3820.39,0,1,0,0,0,3,2,1,0.2111,0.3724,0.5705,0.951423232,1,Withdrawn,0.5,0.3333
120256,Heritage Risk Advisors,Commercial Auto,PA,19103,11/1/2025,11/30/2025,0.9525,4124.33,0.0,358.4,2354.96,0,1,0,0,0,4,3,2,0.1564,0.4615,0.4809,0.951423232,1,,0.6667,0.5
120256,Heritage Risk Advisors,Commercial Auto,PA,19103,12/1/2025,12/31/2025,0.9108,2035.93,0.0,158.49,1343.51,0,0,1,1,0,3,2,1,0.2251,0.3766,0.5121,0.951423232,1,Withdrawn,0.5,0.3333
120256,Heritage Risk Advisors,Commercial Auto,PA,19103,2/1/2026,2/28/2026,0.9931,2717.27,0.0,205.66,3864.58,0,0,2,0,0,3,2,1,0.1586,0.5192,0.6012,0.951423232,1,,0.5,0.3333
120256,Heritage Risk Advisors,Commercial Auto,PA,19103,3/1/2026,3/31/2026,0.9012,2926.24,0.0,233.91,5133.36,1,1,0,0,0,4,2,1,0.2646,0.4054,0.4584,0.951423232,2,Declined,0.5,0.25
120256,Heritage Risk Advisors,Commercial Auto,PA,19103,4/1/2025,4/30/2025,0.8943,3438.73,0.0,243.67,2459.15,1,1,1,0,0,3,2,1,0.1912,0.4744,0.5297,0.951423232,1,Withdrawn,0.5,0.3333
120256,Heritage Risk Advisors,Commercial Auto,PA,19103,5/1/2025,5/31/2025,0.9046,4087.86,0.0,340.5,2140.36,1,0,1,0,0,3,2,1,0.1127,0.3667,0.4349,0.951423232,1,Withdrawn,0.5,0.3333
120256,Heritage Risk Advisors,Commercial Auto,PA,19103,6/1/2025,6/30/2025,0.9974,4393.15,0.0,339.48,3905.56,0,1,1,0,0,4,3,2,0.2032,0.3461,0.5023,0.951423232,1,,0.6667,0.5
120256,Heritage Risk Advisors,Commercial Auto,PA,19103,7/1/2025,7/31/2025,0.8993,1542.15,0.0,122.46,3934.58,2,0,1,1,0,3,2,1,0.1274,0.4505,0.6258,0.951423232,1,Withdrawn,0.5,0.3333
120256,Heritage Risk Advisors,Commercial Auto,PA,19103,8/1/2025,8/31/2025,0.8811,3268.4,0.0,268.51,3812.52,0,1,0,0,0,4,3,2,0.1652,0.41,0.4738,0.951423232,1,,0.6667,0.5
120256,Heritage Risk Advisors,Commercial Auto,PA,19103,9/1/2025,9/30/2025,0.9251,500.0,0.0,50.0,1156.61,1,0,0,0,0,9,5,3,0.2179,0.4484,0.4608,0.951423232,4,,0.6,0.3333
120257,Landmark & Associates,Business Owners Policy,PA,15222,1/1/2026,1/31/2026,0.7098,18923.28,19569.88,2022.75,254.15,0,0,1,0,0,3,2,1,0.4623,0.6853,0.321,0.838211418,1,,0.5,0.3333
120257,Landmark & Associates,Business Owners Policy,PA,15222,10/1/2025,10/31/2025,0.7549,10912.46,5518.08,1195.97,241.98,2,0,0,0,0,3,2,1,0.4131,0.7412,0.3205,0.838211418,1,,0.5,0.3333
120257,Landmark & Associates,Business Owners Policy,PA,15222,11/1/2025,11/30/2025,0.7259,9980.31,20635.98,1004.99,249.45,2,0,1,0,0,3,2,1,0.4082,0.6836,0.3159,0.838211418,1,Withdrawn,0.5,0.3333
120257,Landmark & Associates,Business Owners Policy,PA,15222,12/1/2025,12/31/2025,0.7558,14589.47,4641.16,1281.53,585.74,1,1,1,0,0,10,9,7,0.5066,0.6762,0.3225,0.838211418,1,,0.7778,0.7
120257,Landmark & Associates,Business Owners Policy,PA,15222,2/1/2026,2/28/2026,0.73,14068.26,6825.7,1317.37,913.81,0,0,2,0,0,3,2,1,0.4145,0.7371,0.3339,0.838211418,1,,0.5,0.3333
120257,Landmark & Associates,Business Owners Policy,PA,15222,3/1/2026,3/31/2026,0.7176,10522.4,4136.21,1031.29,437.24,0,0,0,1,0,6,5,4,0.46,0.7272,0.3249,0.838211418,1,Withdrawn,0.8,0.6667
120257,Landmark & Associates,Business Owners Policy,PA,15222,4/1/2025,4/30/2025,0.7401,9467.46,3894.94,912.62,1949.23,1,0,0,0,0,3,2,1,0.4386,0.686,0.3061,0.838211418,1,Withdrawn,0.5,0.3333
120257,Landmark & Associates,Business Owners Policy,PA,15222,5/1/2025,5/31/2025,0.6492,11496.59,3966.44,1071.01,166.2,0,0,0,0,0,3,2,1,0.4006,0.7487,0.3635,0.838211418,1,,0.5,0.3333
120257,Landmark & Associates,Business Owners Policy,PA,15222,6/1/2025,6/30/2025,0.6807,15802.9,2904.86,1385.77,1777.3,1,1,0,0,0,3,2,1,0.4097,0.7148,0.3073,0.838211418,1,Withdrawn,0.5,0.3333
120257,Landmark & Associates,Business Owners Policy,PA,15222,7/1/2025,7/31/2025,0.7978,20068.23,8199.77,1900.46,888.78,1,1,0,0,0,9,7,1,0.4271,0.6724,0.3594,0.838211418,2,Withdrawn,0.1429,0.1111
120257,Landmark & Associates,Business Owners Policy,PA,15222,8/1/2025,8/31/2025,0.8206,9751.02,10622.6,1000.13,629.37,0,1,1,0,0,3,2,1,0.412,0.7376,0.2497,0.838211418,1,Declined,0.5,0.3333
120257,Landmark & Associates,Business Owners Policy,PA,15222,9/1/2025,9/30/2025,0.7561,12715.57,4473.28,1297.18,773.38,1,1,3,0,0,3,2,1,0.4568,0.7269,0.3158,0.838211418,1,,0.5,0.3333
120258,Summit Insurance Agency,Workers Comp,PA,17101,1/1/2026,1/31/2026,0.6729,19750.64,0.0,1719.5,345.03,0,0,1,1,0,3,2,1,0.4739,0.8229,0.3313,0.835921244,1,Withdrawn,0.5,0.3333
120258,Summit Insurance Agency,Workers Comp,PA,17101,10/1/2025,10/31/2025,0.5978,9701.06,0.0,938.44,1180.47,1,0,0,0,0,3,2,1,0.4409,0.6641,0.3445,0.835921244,1,,0.5,0.3333
120258,Summit Insurance Agency,Workers Comp,PA,17101,11/1/2025,11/30/2025,0.7987,26946.95,0.0,2905.46,798.48,3,0,1,1,0,3,2,1,0.4198,0.7814,0.324,0.835921244,1,Withdrawn,0.5,0.3333
120258,Summit Insurance Agency,Workers Comp,PA,17101,12/1/2025,12/31/2025,0.7101,4578.35,0.0,401.01,418.87,0,0,0,0,0,6,5,3,0.4789,0.7685,0.3872,0.835921244,1,Withdrawn,0.6,0.5
120258,Summit Insurance Agency,Workers Comp,PA,17101,2/1/2026,2/28/2026,0.6223,18629.02,0.0,1708.83,1119.84,1,0,0,1,0,3,2,1,0.4831,0.712,0.2866,0.835921244,1,Declined,0.5,0.3333
120258,Summit Insurance Agency,Workers Comp,PA,17101,3/1/2026,3/31/2026,0.6943,23105.1,0.0,2282.77,384.13,0,0,0,0,0,3,2,1,0.3997,0.6914,0.338,0.835921244,1,,0.5,0.3333
120258,Summit Insurance Agency,Workers Comp,PA,17101,4/1/2025,4/30/2025,0.6173,22231.42,0.0,2442.14,958.65,1,0,2,0,0,3,2,1,0.443,0.6846,0.3645,0.835921244,1,,0.5,0.3333
120258,Summit Insurance Agency,Workers Comp,PA,17101,5/1/2025,5/31/2025,0.623,12377.91,0.0,1132.64,1471.38,0,0,1,1,0,4,2,1,0.3765,0.7455,0.3603,0.835921244,2,Withdrawn,0.5,0.25
120258,Summit Insurance Agency,Workers Comp,PA,17101,6/1/2025,6/30/2025,0.8478,10747.63,0.0,971.4,198.24,1,1,1,0,0,6,3,1,0.4877,0.747,0.3557,0.835921244,3,,0.3333,0.1667
120258,Summit Insurance Agency,Workers Comp,PA,17101,7/1/2025,7/31/2025,0.7875,6636.2,0.0,742.15,483.02,1,1,1,1,0,3,2,1,0.4729,0.6997,0.3189,0.835921244,1,,0.5,0.3333
120258,Summit Insurance Agency,Workers Comp,PA,17101,8/1/2025,8/31/2025,0.6656,14243.42,0.0,1288.67,354.3,0,0,1,0,0,5,3,2,0.4036,0.699,0.3602,0.835921244,2,,0.6667,0.4
120258,Summit Insurance Agency,Workers Comp,PA,17101,9/1/2025,9/30/2025,0.7324,16294.71,0.0,1577.27,1326.94,1,0,1,0,0,3,2,1,0.4062,0.7545,0.3297,0.835921244,1,Withdrawn,0.5,0.3333
120259,Crestview Agency Group,Commercial Auto,PA,18501,1/1/2026,1/31/2026,0.439,39271.13,0.0,5384.97,925.5,0,0,0,0,0,3,2,1,0.7323,0.9142,0.2104,0.873559207,1,Declined,0.5,0.3333
120259,Crestview Agency Group,Commercial Auto,PA,18501,10/1/2025,10/31/2025,0.2975,15483.99,0.0,1818.48,912.65,1,1,0,0,0,6,5,4,0.7585,0.9202,0.2499,0.873559207,1,,0.8,0.6667
120259,Crestview Agency Group,Commercial Auto,PA,18501,11/1/2025,11/30/2025,0.4275,32682.79,0.0,4438.75,488.02,1,1,1,0,0,6,4,1,0.7442,0.8433,0.2237,0.873559207,2,,0.25,0.1667
120259,Crestview Agency Group,Commercial Auto,PA,18501,12/1/2025,12/31/2025,0.3495,53116.58,0.0,7209.18,352.89,1,0,0,0,0,3,2,1,0.7257,0.8977,0.2403,0.873559207,1,,0.5,0.3333
120259,Crestview Agency Group,Commercial Auto,PA,18501,2/1/2026,2/28/2026,0.429,35987.68,0.0,4630.43,2663.64,1,1,2,0,0,3,2,1,0.6255,0.9183,0.2176,0.873559207,1,Declined,0.5,0.3333
120259,Crestview Agency Group,Commercial Auto,PA,18501,3/1/2026,3/31/2026,0.4337,31104.05,0.0,3513.3,248.76,0,1,1,1,0,3,2,1,0.7362,0.9198,0.2275,0.873559207,1,Withdrawn,0.5,0.3333
120259,Crestview Agency Group,Commercial Auto,PA,18501,4/1/2025,4/30/2025,0.3643,40662.43,0.0,4261.12,2148.8,1,0,1,0,0,4,2,1,0.7682,0.8796,0.2605,0.873559207,2,,0.5,0.25
120259,Crestview Agency Group,Commercial Auto,PA,18501,5/1/2025,5/31/2025,0.3572,41394.04,0.0,4457.21,610.99,1,1,0,0,0,3,2,1,0.764,0.9171,0.2415,0.873559207,1,Withdrawn,0.5,0.3333
120259,Crestview Agency Group,Commercial Auto,PA,18501,6/1/2025,6/30/2025,0.3259,60739.22,0.0,7531.44,2318.12,1,2,1,0,0,3,2,1,0.6548,0.8825,0.187,0.873559207,1,Withdrawn,0.5,0.3333
120259,Crestview Agency Group,Commercial Auto,PA,18501,7/1/2025,7/31/2025,0.3292,44528.88,0.0,5005.71,933.5,0,0,1,0,0,3,2,1,0.7172,0.8965,0.2166,0.873559207,1,,0.5,0.3333
120259,Crestview Agency Group,Commercial Auto,PA,18501,8/1/2025,8/31/2025,0.4366,69288.34,0.0,7431.23,1676.47,0,0,0,0,0,4,3,2,0.6719,0.9147,0.2377,0.873559207,1,,0.6667,0.5
120259,Crestview Agency Group,Commercial Auto,PA,18501,9/1/2025,9/30/2025,0.374,20805.7,0.0,2402.31,1382.33,1,0,1,0,0,3,2,1,0.6798,0.8793,0.2264,0.873559207,1,,0.5,0.3333
120260,Crestview Insurance Agency,Business Owners Policy,NY,10001,1/1/2026,1/31/2026,0.6857,13319.52,1719.47,1221.58,1590.46,1,0,1,1,0,6,5,3,0.3749,0.6367,0.4072,0.955878334,1,,0.6,0.5
120260,Crestview Insurance Agency,Business Owners Policy,NY,10001,10/1/2025,10/31/2025,0.6862,10207.36,822.67,924.77,3605.12,1,2,2,1,0,5,4,3,0.428,0.7381,0.3367,0.955878334,1,Declined,0.75,0.6
120260,Crestview Insurance Agency,Business Owners Policy,NY,10001,11/1/2025,11/30/2025,0.5375,22776.56,1537.52,2232.11,2471.39,1,1,2,0,0,5,4,3,0.4708,0.686,0.3392,0.955878334,1,Withdrawn,0.75,0.6
120260,Crestview Insurance Agency,Business Owners Policy,NY,10001,12/1/2025,12/31/2025,0.6768,899.21,2289.94,102.52,2011.52,2,2,0,0,0,3,2,1,0.4258,0.7544,0.3583,0.955878334,1,Declined,0.5,0.3333
120260,Crestview Insurance Agency,Business Owners Policy,NY,10001,2/1/2026,2/28/2026,0.7481,12647.32,1835.93,1442.17,7054.64,0,2,0,1,0,3,2,1,0.3537,0.7072,0.3482,0.955878334,1,,0.5,0.3333
120260,Crestview Insurance Agency,Business Owners Policy,NY,10001,3/1/2026,3/31/2026,0.7436,16618.22,756.6,1423.64,1981.38,2,1,0,0,0,5,3,2,0.4029,0.706,0.3168,0.955878334,2,Withdrawn,0.6667,0.4
120260,Crestview Insurance Agency,Business Owners Policy,NY,10001,4/1/2025,4/30/2025,0.7269,11378.86,807.27,1049.08,1086.91,3,1,0,0,0,6,5,2,0.4121,0.6572,0.3137,0.955878334,1,Withdrawn,0.4,0.3333
120260,Crestview Insurance Agency,Business Owners Policy,NY,10001,5/1/2025,5/31/2025,0.7235,19402.2,166.67,1683.09,2336.31,1,1,2,1,0,3,2,1,0.4216,0.6551,0.3471,0.955878334,1,,0.5,0.3333
120260,Crestview Insurance Agency,Business Owners Policy,NY,10001,6/1/2025,6/30/2025,0.7965,19132.1,906.44,1769.42,4532.78,1,1,2,0,0,10,9,3,0.3824,0.7337,0.3488,0.955878334,1,,0.3333,0.3
120260,Crestview Insurance Agency,Business Owners Policy,NY,10001,7/1/2025,7/31/2025,0.8623,12852.32,424.9,1316.28,2041.28,2,1,4,0,0,4,3,2,0.4378,0.7073,0.3456,0.955878334,1,Withdrawn,0.6667,0.5
120260,Crestview Insurance Agency,Business Owners Policy,NY,10001,8/1/2025,8/31/2025,0.6936,11964.84,758.46,1221.94,1927.12,2,0,0,0,0,4,3,1,0.4499,0.7057,0.3084,0.955878334,1,Declined,0.3333,0.25
120260,Crestview Insurance Agency,Business Owners Policy,NY,10001,9/1/2025,9/30/2025,0.7425,12671.24,968.79,1183.38,5568.77,0,0,3,0,0,3,2,1,0.3956,0.7009,0.4073,0.955878334,1,Withdrawn,0.5,0.3333
120261,Meridian Risk Advisors,Workers Comp,NY,11201,1/1/2026,1/31/2026,0.8738,3137.58,97.16,220.88,1347.98,1,1,1,1,0,3,2,1,0.1659,0.5503,0.6115,0.932511428,1,Declined,0.5,0.3333
120261,Meridian Risk Advisors,Workers Comp,NY,11201,10/1/2025,10/31/2025,0.9169,3727.71,523.17,312.12,1341.92,1,0,0,0,0,3,2,1,0.1883,0.4114,0.5132,0.932511428,1,Withdrawn,0.5,0.3333
120261,Meridian Risk Advisors,Workers Comp,NY,11201,11/1/2025,11/30/2025,0.8056,3660.37,122.16,260.29,2457.03,0,0,1,0,0,4,3,2,0.2503,0.3416,0.5438,0.932511428,1,Withdrawn,0.6667,0.5
120261,Meridian Risk Advisors,Workers Comp,NY,11201,12/1/2025,12/31/2025,0.8724,5181.3,37.44,404.33,1233.36,0,1,1,0,0,5,3,2,0.2276,0.391,0.5448,0.932511428,2,Withdrawn,0.6667,0.4
120261,Meridian Risk Advisors,Workers Comp,NY,11201,2/1/2026,2/28/2026,1.0424,4849.38,223.56,392.99,508.4,0,0,0,0,0,5,3,2,0.2484,0.4244,0.4762,0.932511428,2,,0.6667,0.4
120261,Meridian Risk Advisors,Workers Comp,NY,11201,3/1/2026,3/31/2026,0.9064,3246.63,282.01,281.56,901.39,1,0,2,0,0,3,2,1,0.2156,0.4211,0.4859,0.932511428,1,,0.5,0.3333
120261,Meridian Risk Advisors,Workers Comp,NY,11201,4/1/2025,4/30/2025,0.8933,4137.37,373.17,317.56,2423.44,1,0,0,0,0,5,4,2,0.1534,0.3447,0.5421,0.932511428,1,Withdrawn,0.5,0.4
120261,Meridian Risk Advisors,Workers Comp,NY,11201,5/1/2025,5/31/2025,0.8072,2582.47,235.67,230.88,2965.48,0,0,1,0,0,3,2,1,0.1589,0.5317,0.4257,0.932511428,1,,0.5,0.3333
120261,Meridian Risk Advisors,Workers Comp,NY,11201,6/1/2025,6/30/2025,0.9501,3869.37,525.44,277.52,2832.34,1,0,0,0,0,3,2,1,0.1701,0.4235,0.5863,0.932511428,1,,0.5,0.3333
120261,Meridian Risk Advisors,Workers Comp,NY,11201,7/1/2025,7/31/2025,0.869,5176.96,471.0,362.74,2106.98,2,1,0,1,0,4,2,1,0.1985,0.4247,0.4788,0.932511428,2,Declined,0.5,0.25
120261,Meridian Risk Advisors,Workers Comp,NY,11201,8/1/2025,8/31/2025,0.9411,1859.61,256.4,158.91,9221.8,0,2,0,0,0,5,4,3,0.177,0.3237,0.5788,0.932511428,1,,0.75,0.6
120261,Meridian Risk Advisors,Workers Comp,NY,11201,9/1/2025,9/30/2025,0.9909,686.43,480.75,53.49,672.57,0,0,1,0,0,3,2,1,0.1531,0.4525,0.5428,0.932511428,1,Declined,0.5,0.3333
120262,Highmark Risk Advisors,Commercial Auto,NY,10301,1/1/2026,1/31/2026,0.3034,60872.91,0.0,7342.74,2666.28,1,0,1,0,0,3,2,1,0.5312,0.9235,0.209,0.922342963,1,Declined,0.5,0.3333
120262,Highmark Risk Advisors,Commercial Auto,NY,10301,10/1/2025,10/31/2025,0.3879,57353.6,0.0,7182.45,2745.24,3,1,1,0,0,3,2,1,0.6487,0.8867,0.2312,0.922342963,1,,0.5,0.3333
120262,Highmark Risk Advisors,Commercial Auto,NY,10301,11/1/2025,11/30/2025,0.3552,79164.12,0.0,9259.28,857.42,0,1,1,0,0,3,2,1,0.712,0.9444,0.1823,0.922342963,1,Declined,0.5,0.3333
120262,Highmark Risk Advisors,Commercial Auto,NY,10301,12/1/2025,12/31/2025,0.3519,51857.16,0.0,6955.37,1520.01,1,0,0,0,0,4,3,1,0.71,0.8953,0.206,0.922342963,1,Withdrawn,0.3333,0.25
120262,Highmark Risk Advisors,Commercial Auto,NY,10301,2/1/2026,2/28/2026,0.3824,44909.22,0.0,5807.1,1603.24,2,0,0,0,0,4,3,1,0.671,0.9073,0.1904,0.922342963,1,Declined,0.3333,0.25
120262,Highmark Risk Advisors,Commercial Auto,NY,10301,3/1/2026,3/31/2026,0.4366,49704.51,0.0,5652.87,1701.05,1,0,3,0,0,6,5,3,0.6388,0.8964,0.2061,0.922342963,1,,0.6,0.5
120262,Highmark Risk Advisors,Commercial Auto,NY,10301,4/1/2025,4/30/2025,0.3912,14690.02,0.0,1931.02,3113.9,1,1,1,0,0,3,2,1,0.7352,0.9148,0.1938,0.922342963,1,Withdrawn,0.5,0.3333
120262,Highmark Risk Advisors,Commercial Auto,NY,10301,5/1/2025,5/31/2025,0.4095,53482.6,0.0,6939.49,779.6,1,1,1,1,0,3,2,1,0.6517,0.8889,0.2465,0.922342963,1,,0.5,0.3333
120262,Highmark Risk Advisors,Commercial Auto,NY,10301,6/1/2025,6/30/2025,0.3428,41116.91,0.0,4864.8,1353.5,0,2,1,0,0,3,2,1,0.7523,0.8946,0.2326,0.922342963,1,,0.5,0.3333
120262,Highmark Risk Advisors,Commercial Auto,NY,10301,7/1/2025,7/31/2025,0.4101,50340.22,0.0,6705.95,4488.3,1,1,2,1,0,4,3,1,0.5657,0.9164,0.2363,0.922342963,1,,0.3333,0.25
120262,Highmark Risk Advisors,Commercial Auto,NY,10301,8/1/2025,8/31/2025,0.349,45937.39,0.0,5668.71,1939.87,1,1,0,1,0,3,2,1,0.666,0.939,0.203,0.922342963,1,Withdrawn,0.5,0.3333
120262,Highmark Risk Advisors,Commercial Auto,NY,10301,9/1/2025,9/30/2025,0.3544,24522.13,0.0,2816.34,1669.67,0,0,1,0,0,3,2,1,0.657,0.9175,0.2044,0.922342963,1,,0.5,0.3333
120263,Heritage Risk Consultants,Business Owners Policy,NY,14201,1/1/2026,1/31/2026,0.7556,13367.37,436.72,1531.11,3930.47,1,1,1,0,0,3,2,1,0.4477,0.7374,0.3797,0.919962397,1,Withdrawn,0.5,0.3333
120263,Heritage Risk Consultants,Business Owners Policy,NY,14201,10/1/2025,10/31/2025,0.7542,14716.04,1560.12,1461.35,1067.23,2,1,1,0,0,3,2,1,0.4867,0.6728,0.361,0.919962397,1,,0.5,0.3333
120263,Heritage Risk Consultants,Business Owners Policy,NY,14201,11/1/2025,11/30/2025,0.7612,13362.46,359.36,1335.81,3797.34,1,0,1,0,0,3,2,1,0.4665,0.6295,0.3621,0.919962397,1,,0.5,0.3333
120263,Heritage Risk Consultants,Business Owners Policy,NY,14201,12/1/2025,12/31/2025,0.6689,15292.35,397.6,1409.92,1148.4,1,0,1,1,0,3,2,1,0.5519,0.6904,0.3234,0.919962397,1,Withdrawn,0.5,0.3333
120263,Heritage Risk Consultants,Business Owners Policy,NY,14201,2/1/2026,2/28/2026,0.761,13728.24,34.02,1409.11,1572.44,1,0,1,0,1,3,2,1,0.4157,0.756,0.3457,0.919962397,1,Declined,0.5,0.3333
120263,Heritage Risk Consultants,Business Owners Policy,NY,14201,3/1/2026,3/31/2026,0.6358,10190.11,111.27,1170.69,2327.89,1,1,1,0,0,7,3,2,0.3814,0.679,0.2855,0.919962397,4,Withdrawn,0.6667,0.2857
120263,Heritage Risk Consultants,Business Owners Policy,NY,14201,4/1/2025,4/30/2025,0.7267,13213.87,651.16,1350.46,2194.78,1,1,1,0,0,3,2,1,0.414,0.7261,0.3645,0.919962397,1,,0.5,0.3333
120263,Heritage Risk Consultants,Business Owners Policy,NY,14201,5/1/2025,5/31/2025,0.7656,6724.03,524.51,604.79,1206.13,1,1,0,0,0,3,2,1,0.3729,0.7032,0.3753,0.919962397,1,,0.5,0.3333
120263,Heritage Risk Consultants,Business Owners Policy,NY,14201,6/1/2025,6/30/2025,0.7428,5517.71,382.15,632.44,1824.36,0,1,1,0,0,6,5,3,0.4232,0.6471,0.306,0.919962397,1,,0.6,0.5
120263,Heritage Risk Consultants,Business Owners Policy,NY,14201,7/1/2025,7/31/2025,0.6091,17257.39,125.94,1812.66,1780.01,0,0,2,0,0,6,5,4,0.4076,0.7517,0.3301,0.919962397,1,,0.8,0.6667
120263,Heritage Risk Consultants,Business Owners Policy,NY,14201,8/1/2025,8/31/2025,0.6934,16553.39,237.32,1893.34,1468.17,2,0,0,0,0,3,2,1,0.4716,0.6632,0.352,0.919962397,1,Withdrawn,0.5,0.3333
120263,Heritage Risk Consultants,Business Owners Policy,NY,14201,9/1/2025,9/30/2025,0.5873,15645.78,143.78,1518.49,1479.67,1,1,2,1,0,3,2,1,0.4102,0.707,0.3613,0.919962397,1,Withdrawn,0.5,0.3333
120264,Horizon Insurance Partners,Workers Comp,NJ,7030,1/1/2026,1/31/2026,0.8367,4743.13,241.05,426.28,729.98,1,0,1,0,0,3,2,1,0.3628,0.5507,0.5084,0.913666996,1,Withdrawn,0.5,0.3333
120264,Horizon Insurance Partners,Workers Comp,NJ,7030,10/1/2025,10/31/2025,0.8329,10835.03,298.3,847.86,2326.47,1,0,0,1,0,5,4,3,0.2586,0.4668,0.4359,0.913666996,1,,0.75,0.6
120264,Horizon Insurance Partners,Workers Comp,NJ,7030,11/1/2025,11/30/2025,0.9712,1522.3,278.79,127.81,160.31,1,0,2,0,0,4,2,1,0.2542,0.5403,0.4254,0.913666996,2,,0.5,0.25
120264,Horizon Insurance Partners,Workers Comp,NJ,7030,12/1/2025,12/31/2025,0.8418,9487.42,445.48,836.25,394.18,0,1,0,1,0,3,2,1,0.3576,0.5697,0.4452,0.913666996,1,,0.5,0.3333
120264,Horizon Insurance Partners,Workers Comp,NJ,7030,2/1/2026,2/28/2026,0.7698,6434.57,189.02,572.35,368.58,1,1,1,0,0,3,2,1,0.2969,0.6124,0.4313,0.913666996,1,Declined,0.5,0.3333
120264,Horizon Insurance Partners,Workers Comp,NJ,7030,3/1/2026,3/31/2026,0.7343,10904.46,192.53,855.4,1851.55,0,0,0,0,0,5,4,3,0.273,0.5926,0.4389,0.913666996,1,Withdrawn,0.75,0.6
120264,Horizon Insurance Partners,Workers Comp,NJ,7030,4/1/2025,4/30/2025,0.9001,3461.45,684.5,307.9,1615.37,0,0,1,0,0,5,4,2,0.2702,0.6764,0.3753,0.913666996,1,Withdrawn,0.5,0.4
120264,Horizon Insurance Partners,Workers Comp,NJ,7030,5/1/2025,5/31/2025,0.8279,6906.33,83.82,629.46,4449.77,1,1,2,1,0,3,2,1,0.3045,0.5731,0.445,0.913666996,1,Withdrawn,0.5,0.3333
120264,Horizon Insurance Partners,Workers Comp,NJ,7030,6/1/2025,6/30/2025,0.7769,6865.94,1422.89,708.48,2602.21,1,0,1,1,0,4,3,2,0.2548,0.5626,0.396,0.913666996,1,,0.6667,0.5
120264,Horizon Insurance Partners,Workers Comp,NJ,7030,7/1/2025,7/31/2025,0.7967,3893.87,637.18,327.97,3412.7,1,0,0,0,0,3,2,1,0.2971,0.6078,0.4662,0.913666996,1,,0.5,0.3333
120264,Horizon Insurance Partners,Workers Comp,NJ,7030,8/1/2025,8/31/2025,0.959,5191.13,406.67,508.14,1583.47,0,1,0,0,0,3,2,1,0.3022,0.6343,0.3766,0.913666996,1,Withdrawn,0.5,0.3333
120264,Horizon Insurance Partners,Workers Comp,NJ,7030,9/1/2025,9/30/2025,0.7408,7934.0,301.69,790.44,3281.42,1,0,0,0,0,3,2,1,0.3032,0.6048,0.323,0.913666996,1,Withdrawn,0.5,0.3333
120265,Gateway Insurance Co.,Commercial Auto,NJ,7102,1/1/2026,1/31/2026,0.7257,500.0,2417.96,50.0,2951.81,0,1,2,0,0,3,2,1,0.2985,0.6456,0.424,0.946418147,1,Declined,0.5,0.3333
120265,Gateway Insurance Co.,Commercial Auto,NJ,7102,10/1/2025,10/31/2025,0.8433,4947.37,773.22,415.41,1593.09,0,1,0,1,0,3,2,1,0.255,0.5667,0.4631,0.946418147,1,Withdrawn,0.5,0.3333
120265,Gateway Insurance Co.,Commercial Auto,NJ,7102,11/1/2025,11/30/2025,0.8179,3400.01,615.03,310.12,877.79,1,1,1,0,0,3,2,1,0.2919,0.575,0.3942,0.946418147,1,Withdrawn,0.5,0.3333
120265,Gateway Insurance Co.,Commercial Auto,NJ,7102,12/1/2025,12/31/2025,0.7893,7920.22,1385.8,649.66,513.27,2,1,1,0,0,4,2,1,0.3202,0.5677,0.4814,0.946418147,2,,0.5,0.25
120265,Gateway Insurance Co.,Commercial Auto,NJ,7102,2/1/2026,2/28/2026,0.7941,7481.83,1756.33,671.05,6614.82,1,1,1,0,0,6,3,2,0.3089,0.5645,0.4511,0.946418147,3,,0.6667,0.3333
120265,Gateway Insurance Co.,Commercial Auto,NJ,7102,3/1/2026,3/31/2026,0.8189,3955.97,1009.24,313.06,3340.47,1,0,1,0,0,3,2,1,0.271,0.594,0.494,0.946418147,1,Declined,0.5,0.3333
120265,Gateway Insurance Co.,Commercial Auto,NJ,7102,4/1/2025,4/30/2025,0.7548,9144.45,1107.56,797.71,4817.02,1,0,1,1,0,5,4,3,0.2874,0.5952,0.4397,0.946418147,1,,0.75,0.6
120265,Gateway Insurance Co.,Commercial Auto,NJ,7102,5/1/2025,5/31/2025,0.7085,6381.25,842.64,544.07,373.98,0,0,0,1,0,3,2,1,0.3355,0.5383,0.4118,0.946418147,1,,0.5,0.3333
120265,Gateway Insurance Co.,Commercial Auto,NJ,7102,6/1/2025,6/30/2025,0.8969,10655.82,281.69,961.52,459.77,1,0,0,0,0,3,2,1,0.3255,0.6067,0.3981,0.946418147,1,Withdrawn,0.5,0.3333
120265,Gateway Insurance Co.,Commercial Auto,NJ,7102,7/1/2025,7/31/2025,0.799,5801.31,666.87,472.7,3163.56,0,0,0,1,0,3,2,1,0.2795,0.516,0.3817,0.946418147,1,Withdrawn,0.5,0.3333
120265,Gateway Insurance Co.,Commercial Auto,NJ,7102,8/1/2025,8/31/2025,0.8285,7044.45,789.01,551.68,4051.65,2,0,2,0,0,3,2,1,0.3158,0.5516,0.4481,0.946418147,1,Withdrawn,0.5,0.3333
120265,Gateway Insurance Co.,Commercial Auto,NJ,7102,9/1/2025,9/30/2025,0.8761,6427.43,1544.53,502.1,3599.33,1,0,1,0,0,3,2,1,0.2968,0.5298,0.4029,0.946418147,1,Declined,0.5,0.3333
120266,Summit Insurance Agency,Business Owners Policy,NJ,8401,1/1/2026,1/31/2026,0.6452,12404.41,423.45,1380.22,485.61,1,0,0,0,0,4,2,1,0.3658,0.741,0.3135,0.920924644,2,Withdrawn,0.5,0.25
120266,Summit Insurance Agency,Business Owners Policy,NJ,8401,10/1/2025,10/31/2025,0.7711,5997.98,252.9,575.89,1479.84,0,1,1,0,0,3,2,1,0.4714,0.687,0.3074,0.920924644,1,,0.5,0.3333
120266,Summit Insurance Agency,Business Owners Policy,NJ,8401,11/1/2025,11/30/2025,0.6204,25033.91,1885.83,2643.25,1865.15,1,0,0,0,0,4,3,2,0.4859,0.67,0.3624,0.920924644,1,Declined,0.6667,0.5
120266,Summit Insurance Agency,Business Owners Policy,NJ,8401,12/1/2025,12/31/2025,0.5819,17882.65,279.72,2043.08,1317.92,0,0,1,0,0,4,2,1,0.3735,0.6903,0.359,0.920924644,2,,0.5,0.25
120266,Summit Insurance Agency,Business Owners Policy,NJ,8401,2/1/2026,2/28/2026,0.6598,12734.26,640.37,1238.55,2222.26,0,0,1,1,1,3,2,1,0.3592,0.7147,0.3996,0.920924644,1,Withdrawn,0.5,0.3333
120266,Summit Insurance Agency,Business Owners Policy,NJ,8401,3/1/2026,3/31/2026,0.6158,18917.99,102.03,1860.01,2030.18,1,0,1,1,0,4,3,2,0.3934,0.7346,0.3142,0.920924644,1,Withdrawn,0.6667,0.5
120266,Summit Insurance Agency,Business Owners Policy,NJ,8401,4/1/2025,4/30/2025,0.7419,18016.58,353.07,1711.19,1295.84,1,1,2,0,0,6,5,4,0.3427,0.6734,0.379,0.920924644,1,,0.8,0.6667
120266,Summit Insurance Agency,Business Owners Policy,NJ,8401,5/1/2025,5/31/2025,0.5848,9880.12,939.77,905.45,5027.03,0,1,1,1,0,3,2,1,0.3979,0.7747,0.3572,0.920924644,1,Declined,0.5,0.3333
120266,Summit Insurance Agency,Business Owners Policy,NJ,8401,6/1/2025,6/30/2025,0.7248,7535.17,2851.62,795.38,1068.18,2,0,1,0,0,3,2,1,0.4222,0.7757,0.2671,0.920924644,1,Withdrawn,0.5,0.3333
120266,Summit Insurance Agency,Business Owners Policy,NJ,8401,7/1/2025,7/31/2025,0.6288,15636.6,3382.55,1688.82,2239.9,2,0,1,0,0,4,3,1,0.4454,0.7581,0.3256,0.920924644,1,,0.3333,0.25
120266,Summit Insurance Agency,Business Owners Policy,NJ,8401,8/1/2025,8/31/2025,0.7487,10949.25,855.84,1027.34,1406.81,0,0,1,0,0,3,2,1,0.4143,0.6813,0.3738,0.920924644,1,,0.5,0.3333
120266,Summit Insurance Agency,Business Owners Policy,NJ,8401,9/1/2025,9/30/2025,0.6963,16719.04,650.86,1632.0,2759.56,2,1,0,0,0,3,2,1,0.4672,0.741,0.2891,0.920924644,1,Withdrawn,0.5,0.3333
120267,Prestige Risk Solutions,Workers Comp,NJ,7601,1/1/2026,1/31/2026,0.8397,9823.77,2761.7,972.11,3202.41,2,2,1,1,0,8,6,2,0.2582,0.511,0.4336,1.0,2,Declined,0.3333,0.25
120267,Prestige Risk Solutions,Workers Comp,NJ,7601,10/1/2025,10/31/2025,0.7847,3608.9,2310.37,373.4,608.02,0,1,0,0,0,3,2,1,0.2961,0.4845,0.4572,1.0,1,,0.5,0.3333
120267,Prestige Risk Solutions,Workers Comp,NJ,7601,11/1/2025,11/30/2025,0.7889,4995.55,55.97,400.37,2045.57,1,0,2,0,0,3,2,1,0.3193,0.5161,0.3968,1.0,1,Declined,0.5,0.3333
120267,Prestige Risk Solutions,Workers Comp,NJ,7601,12/1/2025,12/31/2025,0.8781,2855.05,519.68,284.08,2358.0,2,1,2,1,0,3,2,1,0.27,0.562,0.3864,1.0,1,,0.5,0.3333
120267,Prestige Risk Solutions,Workers Comp,NJ,7601,2/1/2026,2/28/2026,0.8034,10777.14,525.12,1023.34,2238.97,2,1,2,0,0,3,2,1,0.3665,0.5954,0.4765,1.0,1,Withdrawn,0.5,0.3333
120267,Prestige Risk Solutions,Workers Comp,NJ,7601,3/1/2026,3/31/2026,0.7668,11644.23,1990.69,1164.02,5443.16,0,0,0,0,0,10,4,3,0.2609,0.6443,0.4789,1.0,6,,0.75,0.3
120267,Prestige Risk Solutions,Workers Comp,NJ,7601,4/1/2025,4/30/2025,0.7698,6150.12,413.67,581.5,1246.56,0,1,1,0,0,3,2,1,0.3537,0.4868,0.4059,1.0,1,,0.5,0.3333
120267,Prestige Risk Solutions,Workers Comp,NJ,7601,5/1/2025,5/31/2025,0.8975,2298.4,747.26,216.6,2591.92,2,1,2,0,0,3,2,1,0.3598,0.5369,0.3798,1.0,1,Withdrawn,0.5,0.3333
120267,Prestige Risk Solutions,Workers Comp,NJ,7601,6/1/2025,6/30/2025,0.8327,4623.17,2298.37,419.31,1276.97,1,0,1,1,0,3,2,1,0.3078,0.592,0.4214,1.0,1,Declined,0.5,0.3333
120267,Prestige Risk Solutions,Workers Comp,NJ,7601,7/1/2025,7/31/2025,0.7953,4578.44,192.6,372.11,9351.76,1,1,1,1,0,3,2,1,0.2512,0.6035,0.5259,1.0,1,Declined,0.5,0.3333
120267,Prestige Risk Solutions,Workers Comp,NJ,7601,8/1/2025,8/31/2025,0.9491,9679.17,203.35,876.44,2873.33,0,0,1,0,0,4,3,2,0.2616,0.6073,0.4923,1.0,1,,0.6667,0.5
120267,Prestige Risk Solutions,Workers Comp,NJ,7601,9/1/2025,9/30/2025,0.8057,6273.28,932.16,618.33,361.41,4,0,2,1,0,9,6,4,0.2849,0.5311,0.3697,1.0,3,Withdrawn,0.6667,0.4444
120268,Patriot Risk Consultants,Commercial Auto,PA,19103,1/1/2026,1/31/2026,0.535,12993.53,0.0,1335.93,1519.11,0,1,0,0,0,3,2,1,0.5459,0.819,0.2651,0.885894427,1,Withdrawn,0.5,0.3333
120268,Patriot Risk Consultants,Commercial Auto,PA,19103,10/1/2025,10/31/2025,0.6412,29025.12,0.0,2751.34,495.58,1,0,3,0,0,3,2,1,0.5479,0.8004,0.3059,0.885894427,1,Declined,0.5,0.3333
120268,Patriot Risk Consultants,Commercial Auto,PA,19103,11/1/2025,11/30/2025,0.6375,29851.69,0.0,3259.24,372.65,0,1,0,0,0,5,4,3,0.5637,0.837,0.2881,0.885894427,1,,0.75,0.6
120268,Patriot Risk Consultants,Commercial Auto,PA,19103,12/1/2025,12/31/2025,0.5686,28369.46,0.0,2826.77,1733.21,1,1,1,0,0,4,3,2,0.6729,0.7613,0.2821,0.885894427,1,Withdrawn,0.6667,0.5
120268,Patriot Risk Consultants,Commercial Auto,PA,19103,2/1/2026,2/28/2026,0.5157,16742.31,0.0,2049.01,1430.32,1,0,1,1,0,4,3,2,0.5812,0.7794,0.3414,0.885894427,1,,0.6667,0.5
120268,Patriot Risk Consultants,Commercial Auto,PA,19103,3/1/2026,3/31/2026,0.5309,26020.19,0.0,2617.2,1019.26,0,1,0,0,0,7,3,2,0.5547,0.818,0.2337,0.885894427,4,Declined,0.6667,0.2857
120268,Patriot Risk Consultants,Commercial Auto,PA,19103,4/1/2025,4/30/2025,0.5511,34484.76,0.0,3575.1,824.22,2,0,0,0,0,3,2,1,0.4859,0.8487,0.2882,0.885894427,1,,0.5,0.3333
120268,Patriot Risk Consultants,Commercial Auto,PA,19103,5/1/2025,5/31/2025,0.5159,21477.88,0.0,2472.47,692.68,1,0,1,0,0,3,2,1,0.6138,0.822,0.2804,0.885894427,1,,0.5,0.3333
120268,Patriot Risk Consultants,Commercial Auto,PA,19103,6/1/2025,6/30/2025,0.518,17555.9,0.0,1761.62,1662.26,1,0,1,0,0,3,2,1,0.4776,0.8408,0.246,0.885894427,1,,0.5,0.3333
120268,Patriot Risk Consultants,Commercial Auto,PA,19103,7/1/2025,7/31/2025,0.4862,34607.82,0.0,3667.38,2399.08,0,0,0,1,0,3,2,1,0.5429,0.8084,0.2413,0.885894427,1,Declined,0.5,0.3333
120268,Patriot Risk Consultants,Commercial Auto,PA,19103,8/1/2025,8/31/2025,0.5885,27606.61,0.0,3140.27,899.06,1,1,1,0,0,3,2,1,0.6473,0.8098,0.2419,0.885894427,1,,0.5,0.3333
120268,Patriot Risk Consultants,Commercial Auto,PA,19103,9/1/2025,9/30/2025,0.5706,21582.44,0.0,2600.83,2918.54,1,0,1,0,0,3,2,1,0.5458,0.8039,0.2224,0.885894427,1,,0.5,0.3333
120269,Patriot Agency Group,Business Owners Policy,PA,15222,1/1/2026,1/31/2026,0.5529,32423.55,4171.56,3304.54,3873.45,0,0,0,0,0,3,2,1,0.5685,0.8118,0.2715,0.905299069,1,,0.5,0.3333
120269,Patriot Agency Group,Business Owners Policy,PA,15222,10/1/2025,10/31/2025,0.5114,25788.78,674.28,2937.56,845.66,0,0,2,0,0,3,2,1,0.5981,0.7842,0.2658,0.905299069,1,Withdrawn,0.5,0.3333
120269,Patriot Agency Group,Business Owners Policy,PA,15222,11/1/2025,11/30/2025,0.6023,29149.9,2272.7,2800.06,3652.16,2,2,2,0,0,3,2,1,0.4949,0.8126,0.2085,0.905299069,1,Withdrawn,0.5,0.3333
120269,Patriot Agency Group,Business Owners Policy,PA,15222,12/1/2025,12/31/2025,0.5249,32343.51,1747.92,3404.6,209.42,0,2,1,0,0,5,3,1,0.5457,0.799,0.2793,0.905299069,2,Withdrawn,0.3333,0.2
120269,Patriot Agency Group,Business Owners Policy,PA,15222,2/1/2026,2/28/2026,0.5503,28449.96,153.39,3072.09,1213.08,1,1,1,0,0,3,2,1,0.4732,0.7778,0.2827,0.905299069,1,,0.5,0.3333
120269,Patriot Agency Group,Business Owners Policy,PA,15222,3/1/2026,3/31/2026,0.4658,12233.59,2015.47,1167.39,2318.95,0,1,1,0,0,3,2,1,0.5545,0.805,0.2578,0.905299069,1,,0.5,0.3333
120269,Patriot Agency Group,Business Owners Policy,PA,15222,4/1/2025,4/30/2025,0.5068,35025.64,6938.89,4027.44,1278.31,2,1,1,0,0,3,2,1,0.5584,0.8086,0.2821,0.905299069,1,,0.5,0.3333
120269,Patriot Agency Group,Business Owners Policy,PA,15222,5/1/2025,5/31/2025,0.6004,31333.66,2710.19,3280.75,1078.4,2,1,0,0,0,3,2,1,0.5166,0.8269,0.2677,0.905299069,1,,0.5,0.3333
120269,Patriot Agency Group,Business Owners Policy,PA,15222,6/1/2025,6/30/2025,0.5503,22581.1,1933.36,2242.01,1035.3,2,0,1,0,0,4,3,1,0.5481,0.7982,0.3009,0.905299069,1,Withdrawn,0.3333,0.25
120269,Patriot Agency Group,Business Owners Policy,PA,15222,7/1/2025,7/31/2025,0.5626,25915.01,2138.82,2535.86,207.17,1,1,0,0,0,3,2,1,0.5634,0.7947,0.3061,0.905299069,1,,0.5,0.3333
120269,Patriot Agency Group,Business Owners Policy,PA,15222,8/1/2025,8/31/2025,0.5442,37012.14,147.24,3704.93,160.9,0,0,1,0,0,6,4,2,0.5293,0.8278,0.2671,0.905299069,2,,0.5,0.3333
120269,Patriot Agency Group,Business Owners Policy,PA,15222,9/1/2025,9/30/2025,0.4916,25796.41,2864.7,3060.65,1587.4,1,0,1,0,0,8,4,2,0.6265,0.8113,0.229,0.905299069,4,,0.5,0.25
120270,Bridgepoint Brokerage,Workers Comp,PA,17101,1/1/2026,1/31/2026,0.8671,11590.52,173.32,901.24,4745.08,3,1,2,1,0,3,2,1,0.268,0.526,0.4212,0.984171659,1,,0.5,0.3333
120270,Bridgepoint Brokerage,Workers Comp,PA,17101,10/1/2025,10/31/2025,0.9061,8822.45,2583.7,806.44,788.45,5,1,3,1,0,4,2,1,0.3303,0.6385,0.3562,0.984171659,2,,0.5,0.25
120270,Bridgepoint Brokerage,Workers Comp,PA,17101,11/1/2025,11/30/2025,0.7698,4019.7,1367.11,330.39,2688.26,1,0,1,0,0,10,9,8,0.2984,0.596,0.4532,0.984171659,1,Declined,0.8889,0.8
120270,Bridgepoint Brokerage,Workers Comp,PA,17101,12/1/2025,12/31/2025,0.7765,9595.4,298.82,899.49,475.66,2,0,0,0,0,3,2,1,0.2374,0.574,0.4448,0.984171659,1,Withdrawn,0.5,0.3333
120270,Bridgepoint Brokerage,Workers Comp,PA,17101,2/1/2026,2/28/2026,0.899,6015.67,1048.56,547.87,3589.29,0,1,1,2,0,4,3,2,0.2585,0.5905,0.4878,0.984171659,1,Declined,0.6667,0.5
120270,Bridgepoint Brokerage,Workers Comp,PA,17101,3/1/2026,3/31/2026,0.8171,2055.83,136.64,190.17,7167.35,1,0,1,0,0,3,2,1,0.3206,0.5867,0.3978,0.984171659,1,,0.5,0.3333
120270,Bridgepoint Brokerage,Workers Comp,PA,17101,4/1/2025,4/30/2025,0.8533,2483.29,1841.26,200.82,6031.62,0,2,0,0,0,7,6,5,0.3073,0.6099,0.473,0.984171659,1,Declined,0.8333,0.7143
120270,Bridgepoint Brokerage,Workers Comp,PA,17101,5/1/2025,5/31/2025,0.8043,4276.73,784.3,355.21,2578.78,1,0,2,1,0,3,2,1,0.3079,0.533,0.4829,0.984171659,1,Withdrawn,0.5,0.3333
120270,Bridgepoint Brokerage,Workers Comp,PA,17101,6/1/2025,6/30/2025,0.8395,4366.91,912.73,444.33,1136.06,1,0,0,1,0,5,4,1,0.3464,0.5327,0.3733,0.984171659,1,,0.25,0.2
120270,Bridgepoint Brokerage,Workers Comp,PA,17101,7/1/2025,7/31/2025,0.8302,14219.58,601.11,1287.05,5744.11,2,1,3,0,0,3,2,1,0.3197,0.5509,0.4214,0.984171659,1,,0.5,0.3333
120270,Bridgepoint Brokerage,Workers Comp,PA,17101,8/1/2025,8/31/2025,0.7816,10183.13,1965.94,1016.23,1953.02,0,1,2,0,0,3,2,1,0.3075,0.5998,0.3273,0.984171659,1,,0.5,0.3333
120270,Bridgepoint Brokerage,Workers Comp,PA,17101,9/1/2025,9/30/2025,0.8371,13143.31,548.61,1034.36,3991.45,1,0,2,1,0,8,6,5,0.2682,0.5833,0.3338,0.984171659,2,,0.8333,0.625
120271,Crossroads Brokerage,Commercial Auto,PA,18501,1/1/2026,1/31/2026,0.8259,12168.13,978.95,1071.92,4191.75,0,0,1,0,0,5,4,2,0.3398,0.5917,0.411,0.991714712,1,,0.5,0.4
120271,Crossroads Brokerage,Commercial Auto,PA,18501,10/1/2025,10/31/2025,0.8547,7141.67,680.31,730.05,1482.75,2,1,0,0,0,5,4,3,0.2731,0.5316,0.4951,0.991714712,1,,0.75,0.6
120271,Crossroads Brokerage,Commercial Auto,PA,18501,11/1/2025,11/30/2025,0.7923,7435.45,484.16,583.6,2174.09,0,1,1,0,0,3,2,1,0.2766,0.6877,0.4354,0.991714712,1,Withdrawn,0.5,0.3333
120271,Crossroads Brokerage,Commercial Auto,PA,18501,12/1/2025,12/31/2025,0.7633,8889.31,791.13,739.93,1711.27,2,1,1,0,0,3,2,1,0.3151,0.6612,0.5057,0.991714712,1,Withdrawn,0.5,0.3333
120271,Crossroads Brokerage,Commercial Auto,PA,18501,2/1/2026,2/28/2026,0.8308,9320.03,272.87,836.01,4970.45,1,1,0,0,0,4,2,1,0.3148,0.5126,0.4581,0.991714712,2,,0.5,0.25
120271,Crossroads Brokerage,Commercial Auto,PA,18501,3/1/2026,3/31/2026,0.7946,9972.4,222.55,770.29,229.24,2,1,3,0,0,4,3,2,0.2541,0.5223,0.4392,0.991714712,1,Withdrawn,0.6667,0.5
120271,Crossroads Brokerage,Commercial Auto,PA,18501,4/1/2025,4/30/2025,0.7943,8339.34,582.26,810.04,1810.45,1,0,2,2,0,3,2,1,0.2813,0.5484,0.3687,0.991714712,1,Withdrawn,0.5,0.3333
120271,Crossroads Brokerage,Commercial Auto,PA,18501,5/1/2025,5/31/2025,0.8137,13255.56,1768.5,1181.66,1373.4,2,0,0,1,0,4,3,2,0.2745,0.5638,0.4324,0.991714712,1,Declined,0.6667,0.5
120271,Crossroads Brokerage,Commercial Auto,PA,18501,6/1/2025,6/30/2025,0.7337,11778.56,438.03,1015.16,1446.44,1,0,1,1,0,7,5,3,0.2063,0.5988,0.4008,0.991714712,2,Declined,0.6,0.4286
120271,Crossroads Brokerage,Commercial Auto,PA,18501,7/1/2025,7/31/2025,0.8302,8294.83,523.31,836.39,1506.45,1,0,1,0,0,3,2,1,0.2957,0.6528,0.4439,0.991714712,1,,0.5,0.3333
120271,Crossroads Brokerage,Commercial Auto,PA,18501,8/1/2025,8/31/2025,0.8484,1336.41,105.24,117.75,5088.23,0,0,0,0,0,3,2,1,0.3097,0.5374,0.4641,0.991714712,1,Withdrawn,0.5,0.3333
120271,Crossroads Brokerage,Commercial Auto,PA,18501,9/1/2025,9/30/2025,0.8622,6924.5,920.72,640.56,1904.8,0,1,2,0,0,3,2,1,0.3116,0.5806,0.4515,0.991714712,1,,0.5,0.3333
120272,Gateway Brokerage,Business Owners Policy,NY,10001,1/1/2026,1/31/2026,0.7965,3455.68,178.34,304.78,905.61,1,0,0,0,0,3,2,1,0.3017,0.5657,0.4029,0.932604737,1,,0.5,0.3333
120272,Gateway Brokerage,Business Owners Policy,NY,10001,10/1/2025,10/31/2025,0.816,4957.25,380.05,428.42,2082.09,1,1,0,0,0,3,2,1,0.2799,0.6514,0.4093,0.932604737,1,Declined,0.5,0.3333
120272,Gateway Brokerage,Business Owners Policy,NY,10001,11/1/2025,11/30/2025,0.8284,2400.48,40.13,205.27,4466.73,0,0,0,0,0,3,2,1,0.3061,0.5388,0.3916,0.932604737,1,,0.5,0.3333
120272,Gateway Brokerage,Business Owners Policy,NY,10001,12/1/2025,12/31/2025,0.7155,5874.31,232.55,475.1,1109.23,0,1,2,0,0,3,2,1,0.3534,0.607,0.341,0.932604737,1,,0.5,0.3333
120272,Gateway Brokerage,Business Owners Policy,NY,10001,2/1/2026,2/28/2026,0.8267,3408.83,101.25,322.23,2648.64,2,1,1,0,0,3,2,1,0.2628,0.6243,0.5157,0.932604737,1,,0.5,0.3333
120272,Gateway Brokerage,Business Owners Policy,NY,10001,3/1/2026,3/31/2026,0.9824,6887.57,63.89,566.82,3042.45,0,0,1,0,0,3,2,1,0.3001,0.5858,0.4565,0.932604737,1,Withdrawn,0.5,0.3333
120272,Gateway Brokerage,Business Owners Policy,NY,10001,4/1/2025,4/30/2025,0.8243,6624.48,537.12,584.95,544.05,0,0,2,0,1,4,2,1,0.3606,0.5431,0.3838,0.932604737,2,,0.5,0.25
120272,Gateway Brokerage,Business Owners Policy,NY,10001,5/1/2025,5/31/2025,0.9443,2990.82,51.82,238.17,2347.96,0,1,1,0,0,3,2,1,0.352,0.4953,0.3866,0.932604737,1,Declined,0.5,0.3333
120272,Gateway Brokerage,Business Owners Policy,NY,10001,6/1/2025,6/30/2025,0.836,6142.71,67.26,600.9,1004.0,1,0,0,0,0,3,2,1,0.3591,0.4586,0.3928,0.932604737,1,,0.5,0.3333
120272,Gateway Brokerage,Business Owners Policy,NY,10001,7/1/2025,7/31/2025,0.753,5655.06,107.3,469.41,1395.79,1,1,1,0,0,6,4,3,0.3069,0.602,0.4333,0.932604737,2,,0.75,0.5
120272,Gateway Brokerage,Business Owners Policy,NY,10001,8/1/2025,8/31/2025,0.7602,11757.32,85.01,974.6,2591.75,2,1,1,0,0,7,6,5,0.3482,0.6024,0.3958,0.932604737,1,Withdrawn,0.8333,0.7143
120272,Gateway Brokerage,Business Owners Policy,NY,10001,9/1/2025,9/30/2025,0.8833,8685.79,84.32,731.79,2417.24,1,1,0,0,0,3,2,1,0.348,0.5272,0.5024,0.932604737,1,,0.5,0.3333
120273,Capitol Insurance Partners,Workers Comp,NY,11201,1/1/2026,1/31/2026,0.9067,4179.18,34.91,301.51,1753.79,2,1,0,0,0,3,2,1,0.2591,0.3891,0.5951,0.899971641,1,,0.5,0.3333
120273,Capitol Insurance Partners,Workers Comp,NY,11201,10/1/2025,10/31/2025,1.0558,757.98,104.59,61.26,2105.01,0,0,2,0,0,3,2,1,0.2018,0.3959,0.5016,0.899971641,1,,0.5,0.3333
120273,Capitol Insurance Partners,Workers Comp,NY,11201,11/1/2025,11/30/2025,0.9637,2430.16,110.96,169.27,3609.36,0,0,1,0,0,4,3,2,0.2017,0.3918,0.5562,0.899971641,1,Withdrawn,0.6667,0.5
120273,Capitol Insurance Partners,Workers Comp,NY,11201,12/1/2025,12/31/2025,0.9381,2812.07,53.71,239.4,969.43,1,0,0,0,0,3,2,1,0.161,0.4364,0.5782,0.899971641,1,,0.5,0.3333
120273,Capitol Insurance Partners,Workers Comp,NY,11201,2/1/2026,2/28/2026,0.9423,3795.64,67.03,300.59,1200.34,0,0,0,1,0,4,2,1,0.1969,0.3326,0.5374,0.899971641,2,Declined,0.5,0.25
120273,Capitol Insurance Partners,Workers Comp,NY,11201,3/1/2026,3/31/2026,0.9021,4824.1,150.13,436.69,976.19,1,0,0,0,0,3,2,1,0.2048,0.4318,0.6013,0.899971641,1,,0.5,0.3333
120273,Capitol Insurance Partners,Workers Comp,NY,11201,4/1/2025,4/30/2025,0.9685,2725.02,96.64,194.89,1881.41,1,1,1,0,0,3,2,1,0.192,0.3764,0.5634,0.899971641,1,,0.5,0.3333
120273,Capitol Insurance Partners,Workers Comp,NY,11201,5/1/2025,5/31/2025,0.8534,3777.39,123.21,342.57,946.93,1,1,1,0,1,3,2,1,0.1997,0.4114,0.5158,0.899971641,1,,0.5,0.3333
120273,Capitol Insurance Partners,Workers Comp,NY,11201,6/1/2025,6/30/2025,0.8251,3229.79,51.25,281.17,1786.35,0,0,1,0,0,5,4,3,0.2211,0.3721,0.493,0.899971641,1,,0.75,0.6
120273,Capitol Insurance Partners,Workers Comp,NY,11201,7/1/2025,7/31/2025,1.0268,3142.59,120.42,233.8,922.01,2,1,1,0,0,6,5,3,0.2063,0.3126,0.5232,0.899971641,1,,0.6,0.5
120273,Capitol Insurance Partners,Workers Comp,NY,11201,8/1/2025,8/31/2025,0.9903,3459.68,121.57,295.47,1436.62,0,0,1,0,0,4,3,2,0.2034,0.3347,0.5547,0.899971641,1,Declined,0.6667,0.5
120273,Capitol Insurance Partners,Workers Comp,NY,11201,9/1/2025,9/30/2025,0.9118,2722.82,285.97,219.91,2008.14,0,1,0,1,0,3,2,1,0.1319,0.3427,0.5458,0.899971641,1,Withdrawn,0.5,0.3333
120274,Crestview Risk Solutions,Commercial Auto,NY,10301,1/1/2026,1/31/2026,0.664,13418.91,8.72,1244.33,249.73,1,0,1,0,0,3,2,1,0.3758,0.8065,0.3317,0.850947039,1,Withdrawn,0.5,0.3333
120274,Crestview Risk Solutions,Commercial Auto,NY,10301,10/1/2025,10/31/2025,0.6624,20795.27,21.73,1859.36,180.89,0,2,0,0,0,3,2,1,0.4064,0.698,0.3321,0.850947039,1,Withdrawn,0.5,0.3333
120274,Crestview Risk Solutions,Commercial Auto,NY,10301,11/1/2025,11/30/2025,0.679,12401.3,55.1,1260.71,430.75,1,0,1,0,0,3,2,1,0.4792,0.6884,0.3222,0.850947039,1,Declined,0.5,0.3333
120274,Crestview Risk Solutions,Commercial Auto,NY,10301,12/1/2025,12/31/2025,0.6206,18905.74,129.73,1963.65,1714.18,0,2,0,1,0,3,2,1,0.4799,0.6977,0.3425,0.850947039,1,,0.5,0.3333
120274,Crestview Risk Solutions,Commercial Auto,NY,10301,2/1/2026,2/28/2026,0.7274,10089.07,160.43,1052.22,1143.31,2,0,0,0,0,4,2,1,0.3768,0.7714,0.2772,0.850947039,2,,0.5,0.25
120274,Crestview Risk Solutions,Commercial Auto,NY,10301,3/1/2026,3/31/2026,0.7109,11757.62,86.14,1286.55,92.85,1,0,1,0,0,3,2,1,0.5049,0.7684,0.3097,0.850947039,1,,0.5,0.3333
120274,Crestview Risk Solutions,Commercial Auto,NY,10301,4/1/2025,4/30/2025,0.5232,10228.38,94.52,1133.14,2116.6,1,0,0,0,0,6,4,3,0.4284,0.7056,0.3438,0.850947039,2,,0.75,0.5
120274,Crestview Risk Solutions,Commercial Auto,NY,10301,5/1/2025,5/31/2025,0.6073,15947.2,12.42,1358.9,1478.43,0,0,0,0,0,7,6,3,0.424,0.7345,0.3278,0.850947039,1,Withdrawn,0.5,0.4286
120274,Crestview Risk Solutions,Commercial Auto,NY,10301,6/1/2025,6/30/2025,0.7402,15484.14,167.89,1626.37,1851.13,1,1,0,0,0,3,2,1,0.4701,0.7666,0.3199,0.850947039,1,Declined,0.5,0.3333
120274,Crestview Risk Solutions,Commercial Auto,NY,10301,7/1/2025,7/31/2025,0.6851,19688.77,96.76,2059.03,833.24,0,1,2,0,0,3,2,1,0.329,0.7214,0.3504,0.850947039,1,Withdrawn,0.5,0.3333
120274,Crestview Risk Solutions,Commercial Auto,NY,10301,8/1/2025,8/31/2025,0.6265,17000.58,108.52,1873.35,391.93,2,0,1,0,0,3,2,1,0.4169,0.6499,0.3166,0.850947039,1,Withdrawn,0.5,0.3333
120274,Crestview Risk Solutions,Commercial Auto,NY,10301,9/1/2025,9/30/2025,0.6985,17304.24,29.42,1491.48,733.83,0,1,3,0,0,5,4,2,0.3679,0.6894,0.3732,0.850947039,1,,0.5,0.4
120275,Patriot Risk Advisors,Business Owners Policy,NY,14201,1/1/2026,1/31/2026,0.7808,23989.74,316.03,2162.57,909.78,1,0,1,1,0,3,2,1,0.3976,0.7924,0.3363,0.958036849,1,,0.5,0.3333
120275,Patriot Risk Advisors,Business Owners Policy,NY,14201,10/1/2025,10/31/2025,0.6318,19091.1,155.55,2078.29,1590.29,3,1,0,1,0,10,9,7,0.3615,0.7613,0.3203,0.958036849,1,Withdrawn,0.7778,0.7
120275,Patriot Risk Advisors,Business Owners Policy,NY,14201,11/1/2025,11/30/2025,0.8178,11041.78,55.58,1002.3,4490.75,0,0,2,0,0,5,3,2,0.4676,0.6562,0.3101,0.958036849,2,Declined,0.6667,0.4
120275,Patriot Risk Advisors,Business Owners Policy,NY,14201,12/1/2025,12/31/2025,0.6995,10986.54,163.02,1221.84,1514.97,2,1,0,0,0,3,2,1,0.548,0.6992,0.376,0.958036849,1,Declined,0.5,0.3333
120275,Patriot Risk Advisors,Business Owners Policy,NY,14201,2/1/2026,2/28/2026,0.7779,13347.93,818.14,1293.84,1959.52,1,0,0,0,0,7,6,3,0.4398,0.697,0.3082,0.958036849,1,,0.5,0.4286
120275,Patriot Risk Advisors,Business Owners Policy,NY,14201,3/1/2026,3/31/2026,0.6827,17462.25,338.53,1929.57,2462.12,0,1,3,0,0,4,3,2,0.4053,0.669,0.4019,0.958036849,1,Withdrawn,0.6667,0.5
120275,Patriot Risk Advisors,Business Owners Policy,NY,14201,4/1/2025,4/30/2025,0.6501,18008.93,746.57,1694.12,1232.21,1,1,3,0,0,3,2,1,0.4084,0.7442,0.3402,0.958036849,1,,0.5,0.3333
120275,Patriot Risk Advisors,Business Owners Policy,NY,14201,5/1/2025,5/31/2025,0.6296,19837.25,405.8,2053.53,2980.77,0,1,0,1,0,5,3,2,0.4042,0.6867,0.3422,0.958036849,2,,0.6667,0.4
120275,Patriot Risk Advisors,Business Owners Policy,NY,14201,6/1/2025,6/30/2025,0.7091,22422.23,105.82,2238.53,4557.86,2,0,0,2,0,3,2,1,0.3793,0.7348,0.3454,0.958036849,1,,0.5,0.3333
120275,Patriot Risk Advisors,Business Owners Policy,NY,14201,7/1/2025,7/31/2025,0.7009,6765.21,1164.12,753.42,5799.19,2,2,2,1,0,3,2,1,0.5848,0.6685,0.3458,0.958036849,1,,0.5,0.3333
120275,Patriot Risk Advisors,Business Owners Policy,NY,14201,8/1/2025,8/31/2025,0.6922,17214.97,265.05,1798.65,4925.81,0,0,3,1,0,3,2,1,0.2744,0.75,0.3685,0.958036849,1,,0.5,0.3333
120275,Patriot Risk Advisors,Business Owners Policy,NY,14201,9/1/2025,9/30/2025,0.702,20639.3,768.61,2116.72,4482.89,4,1,2,0,0,4,2,1,0.4929,0.6392,0.3475,0.958036849,2,Declined,0.5,0.25
120276,Meridian Risk Consultants,Workers Comp,NJ,7030,1/1/2026,1/31/2026,0.7702,2877.48,1637.71,292.96,6551.09,3,0,1,1,0,3,2,1,0.2901,0.6028,0.3457,0.974425099,1,,0.5,0.3333
120276,Meridian Risk Consultants,Workers Comp,NJ,7030,10/1/2025,10/31/2025,0.8153,9031.27,428.29,713.6,2010.63,2,0,1,0,0,3,2,1,0.2927,0.5629,0.419,0.974425099,1,Withdrawn,0.5,0.3333
120276,Meridian Risk Consultants,Workers Comp,NJ,7030,11/1/2025,11/30/2025,0.8188,8977.08,384.33,774.24,2085.44,1,1,2,1,0,3,2,1,0.2462,0.5629,0.3428,0.974425099,1,,0.5,0.3333
120276,Meridian Risk Consultants,Workers Comp,NJ,7030,12/1/2025,12/31/2025,0.7263,4583.93,96.67,364.66,998.28,0,0,1,0,0,3,2,1,0.31,0.6085,0.4394,0.974425099,1,Withdrawn,0.5,0.3333
120276,Meridian Risk Consultants,Workers Comp,NJ,7030,2/1/2026,2/28/2026,0.7761,3206.99,120.94,331.07,925.08,1,1,2,0,0,3,2,1,0.2545,0.5903,0.3977,0.974425099,1,,0.5,0.3333
120276,Meridian Risk Consultants,Workers Comp,NJ,7030,3/1/2026,3/31/2026,0.8349,4058.64,326.49,417.78,2270.45,1,1,0,0,0,4,3,1,0.3087,0.5615,0.3851,0.974425099,1,Declined,0.3333,0.25
120276,Meridian Risk Consultants,Workers Comp,NJ,7030,4/1/2025,4/30/2025,0.8565,12783.85,3616.46,1104.85,13150.92,0,0,0,0,0,3,2,1,0.2301,0.4696,0.4239,0.974425099,1,Withdrawn,0.5,0.3333
120276,Meridian Risk Consultants,Workers Comp,NJ,7030,5/1/2025,5/31/2025,0.82,9165.46,1169.68,806.95,4503.53,0,0,1,0,0,12,10,5,0.2396,0.4274,0.4408,0.974425099,2,,0.5,0.4167
120276,Meridian Risk Consultants,Workers Comp,NJ,7030,6/1/2025,6/30/2025,0.9384,5611.51,145.36,458.84,1514.67,0,1,0,0,0,3,2,1,0.3342,0.6072,0.4135,0.974425099,1,,0.5,0.3333
120276,Meridian Risk Consultants,Workers Comp,NJ,7030,7/1/2025,7/31/2025,0.8603,8560.32,576.71,851.61,5146.85,0,0,1,0,0,6,4,2,0.3165,0.4752,0.4006,0.974425099,2,Declined,0.5,0.3333
120276,Meridian Risk Consultants,Workers Comp,NJ,7030,8/1/2025,8/31/2025,0.8583,4505.56,668.88,425.9,1783.8,1,0,0,1,0,3,2,1,0.287,0.5407,0.3577,0.974425099,1,,0.5,0.3333
120276,Meridian Risk Consultants,Workers Comp,NJ,7030,9/1/2025,9/30/2025,0.8457,5612.88,892.98,580.82,2550.46,1,0,1,1,0,4,2,1,0.3145,0.5964,0.4642,0.974425099,2,,0.5,0.25
120277,Pinnacle Insurance Agency,Commercial Auto,NJ,7102,1/1/2026,1/31/2026,0.7312,18632.6,0.0,1936.76,1163.47,0,0,0,0,0,3,2,1,0.511,0.6749,0.3586,0.894509407,1,Withdrawn,0.5,0.3333
120277,Pinnacle Insurance Agency,Commercial Auto,NJ,7102,10/1/2025,10/31/2025,0.7667,8906.73,0.0,827.89,754.18,0,0,1,1,0,3,2,1,0.4279,0.7662,0.3327,0.894509407,1,,0.5,0.3333
120277,Pinnacle Insurance Agency,Commercial Auto,NJ,7102,11/1/2025,11/30/2025,0.6882,12739.38,0.0,1262.41,449.67,2,0,0,0,0,5,4,2,0.3972,0.7582,0.3388,0.894509407,1,,0.5,0.4
120277,Pinnacle Insurance Agency,Commercial Auto,NJ,7102,12/1/2025,12/31/2025,0.7015,13246.04,0.0,1142.28,799.91,1,0,0,1,0,4,3,2,0.4542,0.6359,0.334,0.894509407,1,,0.6667,0.5
120277,Pinnacle Insurance Agency,Commercial Auto,NJ,7102,2/1/2026,2/28/2026,0.7599,8625.05,0.0,949.94,311.95,1,0,1,0,0,3,2,1,0.422,0.6862,0.3534,0.894509407,1,Withdrawn,0.5,0.3333
120277,Pinnacle Insurance Agency,Commercial Auto,NJ,7102,3/1/2026,3/31/2026,0.6998,14107.03,0.0,1476.29,538.08,0,0,0,1,0,7,6,2,0.4439,0.6694,0.341,0.894509407,1,Withdrawn,0.3333,0.2857
120277,Pinnacle Insurance Agency,Commercial Auto,NJ,7102,4/1/2025,4/30/2025,0.6314,18520.75,0.0,1596.96,904.63,0,1,2,0,0,3,2,1,0.3938,0.7245,0.3159,0.894509407,1,,0.5,0.3333
120277,Pinnacle Insurance Agency,Commercial Auto,NJ,7102,5/1/2025,5/31/2025,0.8099,16358.68,0.0,1539.66,1938.83,0,0,0,1,0,3,2,1,0.4244,0.7605,0.3605,0.894509407,1,,0.5,0.3333
120277,Pinnacle Insurance Agency,Commercial Auto,NJ,7102,6/1/2025,6/30/2025,0.6199,11667.46,0.0,1018.69,1220.29,0,0,1,0,0,3,2,1,0.4715,0.7484,0.3275,0.894509407,1,Withdrawn,0.5,0.3333
120277,Pinnacle Insurance Agency,Commercial Auto,NJ,7102,7/1/2025,7/31/2025,0.6714,9444.64,0.0,919.99,1097.41,2,1,1,0,0,3,2,1,0.3558,0.7191,0.3356,0.894509407,1,Declined,0.5,0.3333
120277,Pinnacle Insurance Agency,Commercial Auto,NJ,7102,8/1/2025,8/31/2025,0.7478,8024.65,0.0,692.81,615.65,1,0,1,0,0,5,4,3,0.3723,0.7324,0.3518,0.894509407,1,Withdrawn,0.75,0.6
120277,Pinnacle Insurance Agency,Commercial Auto,NJ,7102,9/1/2025,9/30/2025,0.7037,11814.84,0.0,1195.04,329.76,1,0,1,0,0,3,2,1,0.5183,0.7465,0.372,0.894509407,1,Withdrawn,0.5,0.3333
120278,Eagle Risk Management,Business Owners Policy,NJ,8401,1/1/2026,1/31/2026,0.8961,5704.7,38.99,505.13,1586.3,0,0,1,0,0,6,5,4,0.3237,0.5163,0.4881,0.913370305,1,,0.8,0.6667
120278,Eagle Risk Management,Business Owners Policy,NJ,8401,10/1/2025,10/31/2025,0.7202,4970.72,24.78,409.08,1225.69,0,0,0,0,0,3,2,1,0.2801,0.6334,0.3955,0.913370305,1,,0.5,0.3333
120278,Eagle Risk Management,Business Owners Policy,NJ,8401,11/1/2025,11/30/2025,0.8067,9546.51,12.84,861.23,2704.23,0,0,0,0,0,3,2,1,0.3664,0.5367,0.4892,0.913370305,1,,0.5,0.3333
120278,Eagle Risk Management,Business Owners Policy,NJ,8401,12/1/2025,12/31/2025,0.8438,3102.91,19.48,312.27,636.26,0,0,1,0,0,3,2,1,0.2687,0.6447,0.4292,0.913370305,1,,0.5,0.3333
120278,Eagle Risk Management,Business Owners Policy,NJ,8401,2/1/2026,2/28/2026,0.8276,2388.8,31.96,213.41,1875.67,0,1,0,0,0,4,3,2,0.238,0.5011,0.3955,0.913370305,1,,0.6667,0.5
120278,Eagle Risk Management,Business Owners Policy,NJ,8401,3/1/2026,3/31/2026,0.8601,4175.13,12.1,353.42,1697.36,0,0,1,0,0,3,2,1,0.3041,0.5153,0.3501,0.913370305,1,Declined,0.5,0.3333
120278,Eagle Risk Management,Business Owners Policy,NJ,8401,4/1/2025,4/30/2025,0.7436,7011.32,19.94,540.95,3149.07,1,1,1,0,0,3,2,1,0.2962,0.5389,0.4653,0.913370305,1,Withdrawn,0.5,0.3333
120278,Eagle Risk Management,Business Owners Policy,NJ,8401,5/1/2025,5/31/2025,0.8347,10015.34,21.21,803.89,2307.43,1,0,1,0,0,6,5,1,0.3296,0.576,0.4631,0.913370305,1,Withdrawn,0.2,0.1667
120278,Eagle Risk Management,Business Owners Policy,NJ,8401,6/1/2025,6/30/2025,0.8915,4191.55,97.25,419.06,1806.22,0,1,1,1,0,5,3,1,0.3069,0.6166,0.4482,0.913370305,2,Declined,0.3333,0.2
120278,Eagle Risk Management,Business Owners Policy,NJ,8401,7/1/2025,7/31/2025,0.7714,6281.88,34.9,633.46,1164.89,2,0,0,0,0,3,2,1,0.3181,0.5508,0.4575,0.913370305,1,Withdrawn,0.5,0.3333
120278,Eagle Risk Management,Business Owners Policy,NJ,8401,8/1/2025,8/31/2025,0.9872,13835.55,42.99,1097.15,3582.49,1,1,0,1,0,4,3,2,0.2693,0.5115,0.4593,0.913370305,1,Withdrawn,0.6667,0.5
120278,Eagle Risk Management,Business Owners Policy,NJ,8401,9/1/2025,9/30/2025,0.8071,9327.39,41.83,787.42,966.31,1,0,0,0,0,3,2,1,0.2661,0.6032,0.525,0.913370305,1,,0.5,0.3333
120279,Gateway Insurance Group,Workers Comp,NJ,7601,1/1/2026,1/31/2026,0.8384,6206.56,67.56,484.48,395.77,1,1,0,0,0,3,2,1,0.3219,0.6116,0.4218,0.944563214,1,,0.5,0.3333
120279,Gateway Insurance Group,Workers Comp,NJ,7601,10/1/2025,10/31/2025,0.7874,4194.57,24.25,321.57,5800.87,0,0,0,1,0,3,2,1,0.3059,0.5684,0.4247,0.944563214,1,Withdrawn,0.5,0.3333
120279,Gateway Insurance Group,Workers Comp,NJ,7601,11/1/2025,11/30/2025,0.7661,5945.18,206.95,491.7,4283.91,1,1,2,0,0,3,2,1,0.2663,0.5515,0.4452,0.944563214,1,Withdrawn,0.5,0.3333
120279,Gateway Insurance Group,Workers Comp,NJ,7601,12/1/2025,12/31/2025,0.8345,8192.34,149.54,758.31,338.75,0,1,0,0,0,3,2,1,0.2627,0.6033,0.4835,0.944563214,1,Declined,0.5,0.3333
120279,Gateway Insurance Group,Workers Comp,NJ,7601,2/1/2026,2/28/2026,0.8039,8950.93,29.52,704.52,3534.62,1,0,1,0,0,5,4,2,0.3795,0.6548,0.3798,0.944563214,1,,0.5,0.4
120279,Gateway Insurance Group,Workers Comp,NJ,7601,3/1/2026,3/31/2026,0.8715,2995.51,76.02,238.49,1496.15,1,0,0,0,0,3,2,1,0.3249,0.486,0.4167,0.944563214,1,Withdrawn,0.5,0.3333
120279,Gateway Insurance Group,Workers Comp,NJ,7601,4/1/2025,4/30/2025,0.8164,6199.18,116.26,639.0,2105.42,0,0,0,1,0,3,2,1,0.3114,0.6158,0.4979,0.944563214,1,Declined,0.5,0.3333
120279,Gateway Insurance Group,Workers Comp,NJ,7601,5/1/2025,5/31/2025,0.9206,8462.67,11.34,762.45,3142.26,1,1,1,0,0,6,5,2,0.2254,0.5644,0.3804,0.944563214,1,,0.4,0.3333
120279,Gateway Insurance Group,Workers Comp,NJ,7601,6/1/2025,6/30/2025,0.7271,4838.89,54.23,405.22,1847.39,2,0,1,0,0,3,2,1,0.3139,0.6484,0.434,0.944563214,1,Withdrawn,0.5,0.3333
120279,Gateway Insurance Group,Workers Comp,NJ,7601,7/1/2025,7/31/2025,0.7334,7368.09,106.16,578.3,446.09,1,0,3,0,0,5,4,3,0.2956,0.6105,0.4427,0.944563214,1,,0.75,0.6
120279,Gateway Insurance Group,Workers Comp,NJ,7601,8/1/2025,8/31/2025,0.8487,5094.08,66.36,457.22,2342.33,2,1,3,1,0,3,2,1,0.2952,0.5892,0.4213,0.944563214,1,,0.5,0.3333
120279,Gateway Insurance Group,Workers Comp,NJ,7601,9/1/2025,9/30/2025,0.7622,7965.37,68.97,764.52,5967.85,1,2,0,0,0,5,4,3,0.3029,0.5153,0.4814,0.944563214,1,,0.75,0.6
120280,Guardian Insurance Group,Commercial Auto,PA,19103,1/1/2026,1/31/2026,0.8337,11724.8,652.06,969.17,3220.97,1,1,0,0,0,3,2,1,0.2952,0.6199,0.3906,0.924568508,1,Withdrawn,0.5,0.3333
120280,Guardian Insurance Group,Commercial Auto,PA,19103,10/1/2025,10/31/2025,0.7611,4456.27,767.14,346.88,809.05,1,1,2,0,0,3,2,1,0.2574,0.5003,0.3913,0.924568508,1,Withdrawn,0.5,0.3333
120280,Guardian Insurance Group,Commercial Auto,PA,19103,11/1/2025,11/30/2025,0.8262,1947.72,88.3,183.86,3105.55,1,1,2,0,0,3,2,1,0.343,0.3772,0.3915,0.924568508,1,Declined,0.5,0.3333
120280,Guardian Insurance Group,Commercial Auto,PA,19103,12/1/2025,12/31/2025,0.8554,9349.77,229.91,814.62,1062.03,0,1,0,0,0,3,2,1,0.3219,0.5715,0.3358,0.924568508,1,,0.5,0.3333
120280,Guardian Insurance Group,Commercial Auto,PA,19103,2/1/2026,2/28/2026,0.7314,8060.54,1475.75,755.33,953.94,1,0,0,0,0,3,2,1,0.2863,0.5634,0.4276,0.924568508,1,,0.5,0.3333
120280,Guardian Insurance Group,Commercial Auto,PA,19103,3/1/2026,3/31/2026,0.8314,8589.19,691.52,669.02,3944.71,0,2,2,0,0,4,3,2,0.3001,0.5389,0.4259,0.924568508,1,Declined,0.6667,0.5
120280,Guardian Insurance Group,Commercial Auto,PA,19103,4/1/2025,4/30/2025,0.7771,7105.68,2025.67,672.3,2065.34,0,1,1,0,0,3,2,1,0.2952,0.5532,0.3888,0.924568508,1,,0.5,0.3333
120280,Guardian Insurance Group,Commercial Auto,PA,19103,5/1/2025,5/31/2025,0.875,7237.54,1822.06,712.15,1794.09,0,0,1,0,0,5,2,1,0.342,0.5805,0.4575,0.924568508,3,,0.5,0.2
120280,Guardian Insurance Group,Commercial Auto,PA,19103,6/1/2025,6/30/2025,0.7777,9580.55,273.45,759.67,2170.76,1,0,1,1,0,7,6,4,0.2333,0.5376,0.4988,0.924568508,1,Withdrawn,0.6667,0.5714
120280,Guardian Insurance Group,Commercial Auto,PA,19103,7/1/2025,7/31/2025,0.8131,11323.56,1092.59,1154.15,1523.35,2,1,1,0,0,4,3,2,0.338,0.4815,0.4321,0.924568508,1,Withdrawn,0.6667,0.5
120280,Guardian Insurance Group,Commercial Auto,PA,19103,8/1/2025,8/31/2025,0.8362,9604.16,2641.73,983.59,2198.04,1,0,1,0,0,3,2,1,0.2417,0.5575,0.4759,0.924568508,1,,0.5,0.3333
120280,Guardian Insurance Group,Commercial Auto,PA,19103,9/1/2025,9/30/2025,0.8498,3942.15,765.54,369.41,2230.41,3,1,0,0,0,5,4,3,0.2329,0.6896,0.4444,0.924568508,1,,0.75,0.6
120281,Sterling Risk Consultants,Business Owners Policy,PA,15222,1/1/2026,1/31/2026,0.6917,26651.63,0.0,2942.82,238.68,1,1,0,0,0,3,2,1,0.5388,0.7667,0.3063,0.913173834,1,,0.5,0.3333
120281,Sterling Risk Consultants,Business Owners Policy,PA,15222,10/1/2025,10/31/2025,0.5735,14726.64,0.0,1512.36,1848.01,1,1,0,0,0,4,3,2,0.5724,0.8061,0.3277,0.913173834,1,Withdrawn,0.6667,0.5
120281,Sterling Risk Consultants,Business Owners Policy,PA,15222,11/1/2025,11/30/2025,0.5979,22361.19,0.0,2794.81,577.65,1,0,0,0,0,3,2,1,0.6082,0.8216,0.2734,0.913173834,1,,0.5,0.3333
120281,Sterling Risk Consultants,Business Owners Policy,PA,15222,12/1/2025,12/31/2025,0.5139,17791.15,0.0,2037.73,1681.46,0,0,0,0,0,3,2,1,0.4781,0.8036,0.297,0.913173834,1,Declined,0.5,0.3333
120281,Sterling Risk Consultants,Business Owners Policy,PA,15222,2/1/2026,2/28/2026,0.6104,27645.92,0.0,3150.4,1656.67,0,0,1,0,0,3,2,1,0.5693,0.8666,0.3046,0.913173834,1,,0.5,0.3333
120281,Sterling Risk Consultants,Business Owners Policy,PA,15222,3/1/2026,3/31/2026,0.6187,34438.71,0.0,3456.62,541.03,0,0,0,0,0,3,2,1,0.5351,0.8627,0.3515,0.913173834,1,,0.5,0.3333
120281,Sterling Risk Consultants,Business Owners Policy,PA,15222,4/1/2025,4/30/2025,0.4638,36173.8,0.0,3580.64,2590.54,1,0,1,0,0,7,6,4,0.5498,0.8478,0.2735,0.913173834,1,,0.6667,0.5714
120281,Sterling Risk Consultants,Business Owners Policy,PA,15222,5/1/2025,5/31/2025,0.5703,25482.19,0.0,3182.63,5490.16,0,1,0,0,0,4,3,2,0.5545,0.8453,0.2864,0.913173834,1,,0.6667,0.5
120281,Sterling Risk Consultants,Business Owners Policy,PA,15222,6/1/2025,6/30/2025,0.559,37827.73,0.0,3602.68,1215.19,0,1,0,0,0,3,2,1,0.6629,0.807,0.2569,0.913173834,1,Withdrawn,0.5,0.3333
120281,Sterling Risk Consultants,Business Owners Policy,PA,15222,7/1/2025,7/31/2025,0.4616,20377.12,0.0,2463.95,2910.31,0,1,1,0,0,3,2,1,0.4754,0.7615,0.2812,0.913173834,1,,0.5,0.3333
120281,Sterling Risk Consultants,Business Owners Policy,PA,15222,8/1/2025,8/31/2025,0.6113,23744.99,0.0,2595.57,1816.81,1,0,1,0,0,4,3,2,0.5878,0.8151,0.2818,0.913173834,1,,0.6667,0.5
120281,Sterling Risk Consultants,Business Owners Policy,PA,15222,9/1/2025,9/30/2025,0.5328,30620.67,0.0,3008.06,2086.48,0,0,1,0,0,5,2,1,0.5122,0.8392,0.2826,0.913173834,3,Declined,0.5,0.2
120282,Summit Insurance Partners,Workers Comp,PA,17101,1/1/2026,1/31/2026,0.5877,30259.02,0.0,3428.96,521.91,1,0,2,1,0,5,3,2,0.5339,0.8462,0.2785,0.88815381,2,,0.6667,0.4
120282,Summit Insurance Partners,Workers Comp,PA,17101,10/1/2025,10/31/2025,0.495,23658.42,0.0,2624.72,3247.77,2,1,1,0,0,3,2,1,0.552,0.8012,0.263,0.88815381,1,Declined,0.5,0.3333
120282,Summit Insurance Partners,Workers Comp,PA,17101,11/1/2025,11/30/2025,0.5958,29682.28,0.0,3180.91,633.02,1,0,0,0,0,5,3,2,0.5952,0.7916,0.2821,0.88815381,2,Withdrawn,0.6667,0.4
120282,Summit Insurance Partners,Workers Comp,PA,17101,12/1/2025,12/31/2025,0.5823,23187.33,0.0,2798.59,222.94,1,1,0,0,0,3,2,1,0.5671,0.8696,0.2528,0.88815381,1,Withdrawn,0.5,0.3333
120282,Summit Insurance Partners,Workers Comp,PA,17101,2/1/2026,2/28/2026,0.4963,27076.34,0.0,3088.4,871.86,1,0,1,2,0,3,2,1,0.5081,0.784,0.3027,0.88815381,1,,0.5,0.3333
120282,Summit Insurance Partners,Workers Comp,PA,17101,3/1/2026,3/31/2026,0.5168,31888.14,0.0,3471.19,1640.14,1,0,2,0,0,3,2,1,0.5873,0.8613,0.2758,0.88815381,1,,0.5,0.3333
120282,Summit Insurance Partners,Workers Comp,PA,17101,4/1/2025,4/30/2025,0.5445,37420.56,0.0,3939.35,3601.35,0,0,1,0,0,5,3,1,0.4324,0.8362,0.3248,0.88815381,2,,0.3333,0.2
120282,Summit Insurance Partners,Workers Comp,PA,17101,5/1/2025,5/31/2025,0.6048,19861.96,0.0,2128.9,524.71,0,0,1,0,0,3,2,1,0.5793,0.8244,0.3053,0.88815381,1,,0.5,0.3333
120282,Summit Insurance Partners,Workers Comp,PA,17101,6/1/2025,6/30/2025,0.5493,1320.86,0.0,148.76,621.45,0,0,0,0,0,3,2,1,0.5785,0.8366,0.2789,0.88815381,1,Withdrawn,0.5,0.3333
120282,Summit Insurance Partners,Workers Comp,PA,17101,7/1/2025,7/31/2025,0.5112,25679.16,0.0,2685.78,845.89,0,0,0,0,0,3,2,1,0.5493,0.7748,0.2842,0.88815381,1,Withdrawn,0.5,0.3333
120282,Summit Insurance Partners,Workers Comp,PA,17101,8/1/2025,8/31/2025,0.6169,38075.21,0.0,3964.05,1242.71,1,0,0,0,0,3,2,1,0.4832,0.8416,0.3223,0.88815381,1,Withdrawn,0.5,0.3333
120282,Summit Insurance Partners,Workers Comp,PA,17101,9/1/2025,9/30/2025,0.5934,30532.89,0.0,3670.96,2684.12,0,1,0,1,0,7,6,2,0.5432,0.8195,0.3003,0.88815381,1,,0.3333,0.2857
120283,Capitol Insurance Partners,Commercial Auto,PA,18501,1/1/2026,1/31/2026,0.4008,44818.64,0.0,5855.23,3541.5,0,1,0,0,0,3,2,1,0.6737,0.9408,0.2121,0.996412582,1,Declined,0.5,0.3333
120283,Capitol Insurance Partners,Commercial Auto,PA,18501,10/1/2025,10/31/2025,0.4747,43702.78,0.0,5245.51,3168.14,0,0,2,0,0,3,2,1,0.712,0.9028,0.193,0.996412582,1,Declined,0.5,0.3333
120283,Capitol Insurance Partners,Commercial Auto,PA,18501,11/1/2025,11/30/2025,0.4612,41175.13,0.0,4340.82,678.19,2,1,1,0,0,4,3,2,0.6306,0.9041,0.2542,0.996412582,1,Withdrawn,0.6667,0.5
120283,Capitol Insurance Partners,Commercial Auto,PA,18501,12/1/2025,12/31/2025,0.3091,47789.14,0.0,5265.99,1298.4,1,0,1,0,0,5,4,2,0.603,0.883,0.1906,0.996412582,1,Withdrawn,0.5,0.4
120283,Capitol Insurance Partners,Commercial Auto,PA,18501,2/1/2026,2/28/2026,0.4512,57516.51,0.0,5968.88,924.36,1,0,0,0,0,3,2,1,0.6736,0.9145,0.1766,0.996412582,1,,0.5,0.3333
120283,Capitol Insurance Partners,Commercial Auto,PA,18501,3/1/2026,3/31/2026,0.4157,34286.78,0.0,4213.19,2249.71,0,0,0,1,0,3,2,1,0.6288,0.9585,0.2304,0.996412582,1,,0.5,0.3333
120283,Capitol Insurance Partners,Commercial Auto,PA,18501,4/1/2025,4/30/2025,0.306,38111.22,0.0,4381.26,1429.14,1,1,0,0,0,6,3,2,0.6305,0.9168,0.2176,0.996412582,3,Withdrawn,0.6667,0.3333
120283,Capitol Insurance Partners,Commercial Auto,PA,18501,5/1/2025,5/31/2025,0.2698,48797.55,0.0,6277.82,741.91,0,1,1,0,0,3,2,1,0.675,0.9529,0.197,0.996412582,1,,0.5,0.3333
120283,Capitol Insurance Partners,Commercial Auto,PA,18501,6/1/2025,6/30/2025,0.3837,23579.69,0.0,2410.22,1903.19,1,0,1,0,0,3,2,1,0.7098,0.8712,0.159,0.996412582,1,Declined,0.5,0.3333
120283,Capitol Insurance Partners,Commercial Auto,PA,18501,7/1/2025,7/31/2025,0.3663,56180.53,0.0,6555.68,1980.27,1,0,1,0,0,3,2,1,0.6422,0.8903,0.2308,0.996412582,1,Withdrawn,0.5,0.3333
120283,Capitol Insurance Partners,Commercial Auto,PA,18501,8/1/2025,8/31/2025,0.4106,38701.18,0.0,4413.08,2376.63,0,1,1,0,0,9,5,4,0.6398,0.8968,0.2503,0.996412582,4,,0.8,0.4444
120283,Capitol Insurance Partners,Commercial Auto,PA,18501,9/1/2025,9/30/2025,0.4143,43905.76,0.0,4825.66,1193.95,2,0,1,0,0,3,2,1,0.7266,0.9484,0.2314,0.996412582,1,,0.5,0.3333
120284,Keystone Agency Group,Business Owners Policy,NY,10001,1/1/2026,1/31/2026,0.6516,22704.29,199.7,2488.66,1709.5,0,0,1,0,0,3,2,1,0.435,0.7484,0.3547,0.883456025,1,Declined,0.5,0.3333
120284,Keystone Agency Group,Business Owners Policy,NY,10001,10/1/2025,10/31/2025,0.6771,17916.38,254.8,1622.93,1108.57,1,0,0,1,0,6,3,2,0.4271,0.6806,0.3525,0.883456025,3,Withdrawn,0.6667,0.3333
120284,Keystone Agency Group,Business Owners Policy,NY,10001,11/1/2025,11/30/2025,0.6738,8323.04,274.42,848.63,1827.99,1,0,0,0,0,3,2,1,0.3719,0.7113,0.3226,0.883456025,1,Withdrawn,0.5,0.3333
120284,Keystone Agency Group,Business Owners Policy,NY,10001,12/1/2025,12/31/2025,0.5169,13551.41,948.65,1455.18,263.9,0,1,2,0,0,4,3,1,0.3933,0.7124,0.336,0.883456025,1,,0.3333,0.25
120284,Keystone Agency Group,Business Owners Policy,NY,10001,2/1/2026,2/28/2026,0.4987,17211.46,232.17,1681.01,2151.45,2,0,1,1,0,3,2,1,0.4671,0.7386,0.3181,0.883456025,1,,0.5,0.3333
120284,Keystone Agency Group,Business Owners Policy,NY,10001,3/1/2026,3/31/2026,0.7111,17515.32,312.4,1640.8,456.89,1,1,0,1,0,6,4,1,0.395,0.7579,0.326,0.883456025,2,Withdrawn,0.25,0.1667
120284,Keystone Agency Group,Business Owners Policy,NY,10001,4/1/2025,4/30/2025,0.6255,17568.68,267.44,1848.88,1581.71,1,0,0,0,0,3,2,1,0.3683,0.6803,0.3598,0.883456025,1,Declined,0.5,0.3333
120284,Keystone Agency Group,Business Owners Policy,NY,10001,5/1/2025,5/31/2025,0.723,17039.58,243.59,1561.12,731.87,0,1,1,1,0,3,2,1,0.3238,0.761,0.3451,0.883456025,1,,0.5,0.3333
120284,Keystone Agency Group,Business Owners Policy,NY,10001,6/1/2025,6/30/2025,0.8426,18444.19,44.85,2112.89,344.89,1,0,1,0,0,3,2,1,0.3966,0.7593,0.3276,0.883456025,1,,0.5,0.3333
120284,Keystone Agency Group,Business Owners Policy,NY,10001,7/1/2025,7/31/2025,0.7632,19492.09,104.37,2118.5,1397.79,2,1,1,0,0,3,2,1,0.4323,0.6557,0.3688,0.883456025,1,,0.5,0.3333
120284,Keystone Agency Group,Business Owners Policy,NY,10001,8/1/2025,8/31/2025,0.8199,9317.4,278.92,800.65,447.79,1,1,2,0,0,3,2,1,0.4342,0.7239,0.2914,0.883456025,1,Withdrawn,0.5,0.3333
120284,Keystone Agency Group,Business Owners Policy,NY,10001,9/1/2025,9/30/2025,0.7406,5806.03,282.91,566.83,1322.72,0,0,1,0,0,3,2,1,0.4414,0.7505,0.3314,0.883456025,1,,0.5,0.3333
120285,Landmark Insurance Agency,Workers Comp,NY,11201,1/1/2026,1/31/2026,0.3661,37965.27,0.0,4469.47,1163.32,0,1,2,0,0,3,2,1,0.7024,0.9261,0.275,0.871993968,1,Withdrawn,0.5,0.3333
120285,Landmark Insurance Agency,Workers Comp,NY,11201,10/1/2025,10/31/2025,0.3172,30703.68,0.0,3595.13,430.14,1,0,0,0,0,4,3,2,0.7569,0.9175,0.2067,0.871993968,1,,0.6667,0.5
120285,Landmark Insurance Agency,Workers Comp,NY,11201,11/1/2025,11/30/2025,0.5128,33786.18,0.0,3713.39,1592.29,0,0,0,0,0,5,2,1,0.6632,0.913,0.2161,0.871993968,3,Declined,0.5,0.2
120285,Landmark Insurance Agency,Workers Comp,NY,11201,12/1/2025,12/31/2025,0.4625,45992.86,0.0,5376.86,1125.74,1,0,0,0,0,3,2,1,0.6674,0.9263,0.2057,0.871993968,1,Declined,0.5,0.3333
120285,Landmark Insurance Agency,Workers Comp,NY,11201,2/1/2026,2/28/2026,0.3548,53738.86,0.0,6577.22,1452.82,1,0,1,1,0,4,2,1,0.7033,0.8838,0.2456,0.871993968,2,,0.5,0.25
120285,Landmark Insurance Agency,Workers Comp,NY,11201,3/1/2026,3/31/2026,0.3715,65176.02,0.0,6707.91,1253.84,0,1,1,0,0,5,3,2,0.612,0.9005,0.2052,0.871993968,2,Withdrawn,0.6667,0.4
120285,Landmark Insurance Agency,Workers Comp,NY,11201,4/1/2025,4/30/2025,0.25,36517.88,0.0,4124.13,1223.08,1,0,1,0,0,3,2,1,0.7274,0.8937,0.1774,0.871993968,1,Withdrawn,0.5,0.3333
120285,Landmark Insurance Agency,Workers Comp,NY,11201,5/1/2025,5/31/2025,0.3309,27094.18,0.0,3125.4,2005.97,0,1,1,0,0,3,2,1,0.6225,0.9583,0.1892,0.871993968,1,,0.5,0.3333
120285,Landmark Insurance Agency,Workers Comp,NY,11201,6/1/2025,6/30/2025,0.4144,59893.61,0.0,6655.24,805.86,1,1,1,0,0,3,2,1,0.7354,0.9258,0.2363,0.871993968,1,,0.5,0.3333
120285,Landmark Insurance Agency,Workers Comp,NY,11201,7/1/2025,7/31/2025,0.2523,30021.34,0.0,3519.08,1284.28,1,1,1,1,0,3,2,1,0.6648,0.9264,0.2307,0.871993968,1,Declined,0.5,0.3333
120285,Landmark Insurance Agency,Workers Comp,NY,11201,8/1/2025,8/31/2025,0.418,53925.96,0.0,5787.75,744.79,1,0,0,0,0,6,4,3,0.636,0.9127,0.2246,0.871993968,2,Declined,0.75,0.5
120285,Landmark Insurance Agency,Workers Comp,NY,11201,9/1/2025,9/30/2025,0.4208,23549.36,0.0,3083.95,1329.66,1,0,0,1,0,3,2,1,0.6431,0.9116,0.2445,0.871993968,1,,0.5,0.3333
120286,Vantage Risk Management,Commercial Auto,NY,10301,1/1/2026,1/31/2026,0.6825,500.0,0.0,50.0,7886.4,0,1,2,0,0,3,2,1,0.3909,0.721,0.3351,1.0,1,,0.5,0.3333
120286,Vantage Risk Management,Commercial Auto,NY,10301,10/1/2025,10/31/2025,0.7835,13366.08,0.0,1348.38,4127.26,1,0,1,0,0,4,3,1,0.3823,0.7847,0.3261,1.0,1,,0.3333,0.25
120286,Vantage Risk Management,Commercial Auto,NY,10301,11/1/2025,11/30/2025,0.6077,9159.07,0.0,1042.83,7276.22,3,1,0,0,0,5,4,1,0.473,0.734,0.366,1.0,1,,0.25,0.2
120286,Vantage Risk Management,Commercial Auto,NY,10301,12/1/2025,12/31/2025,0.8287,9754.39,0.0,843.11,6167.74,1,1,1,0,0,3,2,1,0.4744,0.645,0.3568,1.0,1,Withdrawn,0.5,0.3333
120286,Vantage Risk Management,Commercial Auto,NY,10301,2/1/2026,2/28/2026,0.5663,11268.9,0.0,1281.78,9426.59,2,2,0,0,0,10,7,1,0.4616,0.7724,0.3163,1.0,3,,0.1429,0.1
120286,Vantage Risk Management,Commercial Auto,NY,10301,3/1/2026,3/31/2026,0.6637,21064.59,0.0,1943.21,1748.61,0,1,1,0,0,3,2,1,0.4259,0.7668,0.2878,1.0,1,,0.5,0.3333
120286,Vantage Risk Management,Commercial Auto,NY,10301,4/1/2025,4/30/2025,0.668,15532.56,0.0,1419.76,1429.28,1,0,1,0,0,3,2,1,0.4093,0.7219,0.301,1.0,1,Declined,0.5,0.3333
120286,Vantage Risk Management,Commercial Auto,NY,10301,5/1/2025,5/31/2025,0.6374,9551.72,0.0,1007.62,3537.98,0,1,2,0,0,3,2,1,0.4292,0.7677,0.2922,1.0,1,,0.5,0.3333
120286,Vantage Risk Management,Commercial Auto,NY,10301,6/1/2025,6/30/2025,0.7754,21102.0,0.0,2208.25,558.68,1,1,0,0,0,3,2,1,0.4221,0.8541,0.3825,1.0,1,Declined,0.5,0.3333
120286,Vantage Risk Management,Commercial Auto,NY,10301,7/1/2025,7/31/2025,0.7709,9885.49,0.0,1113.01,2467.11,1,1,2,0,0,3,2,1,0.3859,0.7215,0.306,1.0,1,Withdrawn,0.5,0.3333
120286,Vantage Risk Management,Commercial Auto,NY,10301,8/1/2025,8/31/2025,0.7223,14871.56,0.0,1463.35,4694.87,0,0,1,0,0,5,4,3,0.4048,0.6909,0.3869,1.0,1,,0.75,0.6
120286,Vantage Risk Management,Commercial Auto,NY,10301,9/1/2025,9/30/2025,0.684,16679.78,0.0,1454.97,5021.4,1,0,0,0,0,3,2,1,0.4856,0.6758,0.3749,1.0,1,,0.5,0.3333
120287,Capitol Risk Solutions,Business Owners Policy,NY,14201,1/1/2026,1/31/2026,0.6192,11775.15,0.0,1130.81,2027.89,1,0,2,0,0,3,2,1,0.3162,0.7112,0.3052,0.904334374,1,,0.5,0.3333
120287,Capitol Risk Solutions,Business Owners Policy,NY,14201,10/1/2025,10/31/2025,0.5785,17048.04,0.0,1615.56,250.02,1,0,1,0,0,3,2,1,0.3626,0.7697,0.3597,0.904334374,1,,0.5,0.3333
120287,Capitol Risk Solutions,Business Owners Policy,NY,14201,11/1/2025,11/30/2025,0.6865,17731.97,0.0,1567.83,2125.86,1,1,1,0,0,3,2,1,0.3812,0.7238,0.3369,0.904334374,1,,0.5,0.3333
120287,Capitol Risk Solutions,Business Owners Policy,NY,14201,12/1/2025,12/31/2025,0.7186,13095.18,0.0,1420.12,1728.96,0,1,0,0,0,4,3,2,0.4602,0.6992,0.322,0.904334374,1,Declined,0.6667,0.5
120287,Capitol Risk Solutions,Business Owners Policy,NY,14201,2/1/2026,2/28/2026,0.7183,15147.94,0.0,1414.65,831.5,1,0,0,0,0,5,4,2,0.4702,0.7047,0.393,0.904334374,1,,0.5,0.4
120287,Capitol Risk Solutions,Business Owners Policy,NY,14201,3/1/2026,3/31/2026,0.6833,9326.09,0.0,1009.17,196.04,0,0,0,0,0,6,5,4,0.4643,0.7721,0.3858,0.904334374,1,Withdrawn,0.8,0.6667
120287,Capitol Risk Solutions,Business Owners Policy,NY,14201,4/1/2025,4/30/2025,0.7108,9702.3,0.0,963.97,1138.31,0,0,0,1,0,5,2,1,0.4594,0.7385,0.363,0.904334374,3,Withdrawn,0.5,0.2
120287,Capitol Risk Solutions,Business Owners Policy,NY,14201,5/1/2025,5/31/2025,0.6232,8675.23,0.0,927.63,967.6,1,0,1,0,0,3,2,1,0.4148,0.7074,0.3106,0.904334374,1,,0.5,0.3333
120287,Capitol Risk Solutions,Business Owners Policy,NY,14201,6/1/2025,6/30/2025,0.7121,12064.41,0.0,1312.09,622.96,0,0,0,0,0,3,2,1,0.3944,0.6162,0.3773,0.904334374,1,,0.5,0.3333
120287,Capitol Risk Solutions,Business Owners Policy,NY,14201,7/1/2025,7/31/2025,0.6765,17072.6,0.0,1712.54,125.24,1,0,1,1,0,3,2,1,0.3739,0.703,0.3836,0.904334374,1,,0.5,0.3333
120287,Capitol Risk Solutions,Business Owners Policy,NY,14201,8/1/2025,8/31/2025,0.5544,12949.18,0.0,1272.34,1634.74,0,0,0,0,0,3,2,1,0.4216,0.7244,0.2941,0.904334374,1,,0.5,0.3333
120287,Capitol Risk Solutions,Business Owners Policy,NY,14201,9/1/2025,9/30/2025,0.6742,12907.02,0.0,1283.62,903.14,0,1,0,0,0,3,2,1,0.4315,0.7997,0.3404,0.904334374,1,,0.5,0.3333
120288,Capitol Insurance Partners,Workers Comp,NJ,7030,1/1/2026,1/31/2026,0.6378,28059.5,0.0,2709.92,823.46,0,1,0,0,0,3,2,1,0.5682,0.844,0.2728,0.851461136,1,,0.5,0.3333
120288,Capitol Insurance Partners,Workers Comp,NJ,7030,10/1/2025,10/31/2025,0.5623,32326.95,0.0,3530.41,837.71,1,0,0,0,0,5,3,2,0.5064,0.7918,0.2651,0.851461136,2,Withdrawn,0.6667,0.4
120288,Capitol Insurance Partners,Workers Comp,NJ,7030,11/1/2025,11/30/2025,0.5066,26910.91,0.0,3218.6,431.09,0,1,1,0,0,3,2,1,0.5519,0.8052,0.184,0.851461136,1,,0.5,0.3333
120288,Capitol Insurance Partners,Workers Comp,NJ,7030,12/1/2025,12/31/2025,0.6688,26567.41,0.0,3341.28,879.49,0,0,0,0,0,3,2,1,0.554,0.8397,0.2632,0.851461136,1,Declined,0.5,0.3333
120288,Capitol Insurance Partners,Workers Comp,NJ,7030,2/1/2026,2/28/2026,0.4514,21600.95,0.0,2486.88,136.57,0,0,0,0,0,3,2,1,0.5107,0.8054,0.2691,0.851461136,1,Declined,0.5,0.3333
120288,Capitol Insurance Partners,Workers Comp,NJ,7030,3/1/2026,3/31/2026,0.4415,27984.66,0.0,3081.66,488.97,1,0,1,0,0,7,4,2,0.577,0.8093,0.31,0.851461136,3,Withdrawn,0.5,0.2857
120288,Capitol Insurance Partners,Workers Comp,NJ,7030,4/1/2025,4/30/2025,0.4992,39438.2,0.0,4632.21,868.15,1,0,1,0,0,3,2,1,0.6446,0.8306,0.2614,0.851461136,1,,0.5,0.3333
120288,Capitol Insurance Partners,Workers Comp,NJ,7030,5/1/2025,5/31/2025,0.585,34075.31,0.0,3354.16,2310.71,1,0,0,1,0,3,2,1,0.6638,0.8411,0.21,0.851461136,1,,0.5,0.3333
120288,Capitol Insurance Partners,Workers Comp,NJ,7030,6/1/2025,6/30/2025,0.4428,25700.56,0.0,2719.54,1538.91,1,1,1,0,0,3,2,1,0.5372,0.799,0.2531,0.851461136,1,Withdrawn,0.5,0.3333
120288,Capitol Insurance Partners,Workers Comp,NJ,7030,7/1/2025,7/31/2025,0.5327,21879.28,0.0,2614.22,363.39,0,0,2,1,0,3,2,1,0.464,0.8261,0.2754,0.851461136,1,,0.5,0.3333
120288,Capitol Insurance Partners,Workers Comp,NJ,7030,8/1/2025,8/31/2025,0.4848,30067.68,0.0,3303.23,678.71,1,0,0,0,0,4,3,1,0.5237,0.797,0.2864,0.851461136,1,,0.3333,0.25
120288,Capitol Insurance Partners,Workers Comp,NJ,7030,9/1/2025,9/30/2025,0.5304,30894.67,0.0,3202.7,1939.18,1,1,1,0,0,6,5,3,0.4683,0.854,0.2363,0.851461136,1,Withdrawn,0.6,0.5
120289,Coastal Agency Group,Commercial Auto,NJ,7102,1/1/2026,1/31/2026,0.6332,12866.78,487.57,1329.33,2727.12,0,1,1,0,0,3,2,1,0.4372,0.7514,0.3525,1.0,1,Withdrawn,0.5,0.3333
120289,Coastal Agency Group,Commercial Auto,NJ,7102,10/1/2025,10/31/2025,0.6558,14463.58,425.24,1305.81,6187.53,1,1,2,1,0,6,3,2,0.4556,0.7153,0.3132,1.0,3,,0.6667,0.3333
120289,Coastal Agency Group,Commercial Auto,NJ,7102,11/1/2025,11/30/2025,0.724,15977.35,240.06,1530.83,3100.85,1,1,1,1,0,5,3,1,0.3956,0.6634,0.3627,1.0,2,,0.3333,0.2
120289,Coastal Agency Group,Commercial Auto,NJ,7102,12/1/2025,12/31/2025,0.7849,12703.52,509.82,1427.09,1173.82,2,0,0,0,0,3,2,1,0.387,0.7013,0.3779,1.0,1,,0.5,0.3333
120289,Coastal Agency Group,Commercial Auto,NJ,7102,2/1/2026,2/28/2026,0.5891,16972.33,194.8,1891.11,1519.3,0,0,1,0,0,5,4,3,0.4142,0.7162,0.3047,1.0,1,,0.75,0.6
120289,Coastal Agency Group,Commercial Auto,NJ,7102,3/1/2026,3/31/2026,0.614,9230.63,911.95,855.02,2893.86,1,0,0,0,0,3,2,1,0.4931,0.6703,0.3926,1.0,1,,0.5,0.3333
120289,Coastal Agency Group,Commercial Auto,NJ,7102,4/1/2025,4/30/2025,0.6739,13965.73,367.17,1340.5,6064.41,0,1,2,0,0,3,2,1,0.4472,0.6901,0.3057,1.0,1,Declined,0.5,0.3333
120289,Coastal Agency Group,Commercial Auto,NJ,7102,5/1/2025,5/31/2025,0.7783,9820.01,158.78,925.98,786.05,1,0,0,0,0,3,2,1,0.4839,0.7609,0.3028,1.0,1,,0.5,0.3333
120289,Coastal Agency Group,Commercial Auto,NJ,7102,6/1/2025,6/30/2025,0.7392,23540.05,378.48,2360.55,12341.66,2,1,1,1,0,4,2,1,0.4902,0.7096,0.3236,1.0,2,,0.5,0.25
120289,Coastal Agency Group,Commercial Auto,NJ,7102,7/1/2025,7/31/2025,0.7182,17524.08,623.16,1952.67,9411.83,0,0,1,1,0,3,2,1,0.4371,0.6665,0.3486,1.0,1,Withdrawn,0.5,0.3333
120289,Coastal Agency Group,Commercial Auto,NJ,7102,8/1/2025,8/31/2025,0.6136,10170.58,641.25,1095.12,6214.42,2,1,0,0,0,3,2,1,0.4733,0.6972,0.3134,1.0,1,Declined,0.5,0.3333
120289,Coastal Agency Group,Commercial Auto,NJ,7102,9/1/2025,9/30/2025,0.7319,13730.79,527.48,1172.01,6359.49,0,0,1,0,0,3,2,1,0.5165,0.7243,0.2892,1.0,1,,0.5,0.3333
120290,Harbor Brokerage,Business Owners Policy,NJ,8401,1/1/2026,1/31/2026,0.4188,32016.65,73.3,3808.82,7198.39,0,1,1,1,0,3,2,1,0.6406,0.9242,0.2741,0.947205403,1,,0.5,0.3333
120290,Harbor Brokerage,Business Owners Policy,NJ,8401,10/1/2025,10/31/2025,0.3228,32534.37,140.75,3396.97,1147.92,1,1,0,1,0,3,2,1,0.665,0.9142,0.2253,0.947205403,1,,0.5,0.3333
120290,Harbor Brokerage,Business Owners Policy,NJ,8401,11/1/2025,11/30/2025,0.361,46465.11,148.85,6317.85,2339.25,1,1,0,1,0,3,2,1,0.739,0.8897,0.257,0.947205403,1,,0.5,0.3333
120290,Harbor Brokerage,Business Owners Policy,NJ,8401,12/1/2025,12/31/2025,0.4524,61861.48,70.24,6361.52,4346.48,2,2,1,1,0,3,2,1,0.7064,0.8935,0.2108,0.947205403,1,Declined,0.5,0.3333
120290,Harbor Brokerage,Business Owners Policy,NJ,8401,2/1/2026,2/28/2026,0.3743,31042.81,29.67,3764.21,1455.21,2,1,3,0,0,3,2,1,0.6923,0.941,0.1603,0.947205403,1,Withdrawn,0.5,0.3333
120290,Harbor Brokerage,Business Owners Policy,NJ,8401,3/1/2026,3/31/2026,0.2559,58981.48,73.26,6016.53,2988.55,1,0,0,0,0,4,3,2,0.6725,0.9061,0.233,0.947205403,1,,0.6667,0.5
120290,Harbor Brokerage,Business Owners Policy,NJ,8401,4/1/2025,4/30/2025,0.3429,51558.29,397.04,5688.55,2085.37,1,0,2,0,0,3,2,1,0.6542,0.9198,0.1964,0.947205403,1,,0.5,0.3333
120290,Harbor Brokerage,Business Owners Policy,NJ,8401,5/1/2025,5/31/2025,0.3857,54362.35,44.14,5914.79,1622.19,1,1,2,0,0,5,3,2,0.7073,0.9097,0.2228,0.947205403,2,,0.6667,0.4
120290,Harbor Brokerage,Business Owners Policy,NJ,8401,6/1/2025,6/30/2025,0.3391,62913.98,150.91,7915.92,4472.22,1,0,1,0,0,3,2,1,0.7128,0.9569,0.2462,0.947205403,1,,0.5,0.3333
120290,Harbor Brokerage,Business Owners Policy,NJ,8401,7/1/2025,7/31/2025,0.4232,57097.65,60.69,6467.45,933.01,2,1,2,0,0,3,2,1,0.6173,0.895,0.2078,0.947205403,1,,0.5,0.3333
120290,Harbor Brokerage,Business Owners Policy,NJ,8401,8/1/2025,8/31/2025,0.3669,56660.72,89.29,5858.84,1635.19,0,1,1,0,0,11,10,3,0.6908,0.9435,0.1799,0.947205403,1,,0.3,0.2727
120290,Harbor Brokerage,Business Owners Policy,NJ,8401,9/1/2025,9/30/2025,0.3621,39908.98,154.39,4086.81,2694.43,1,0,0,0,0,3,2,1,0.7277,0.8928,0.197,0.947205403,1,Withdrawn,0.5,0.3333
120291,Sterling Insurance Co.,Workers Comp,NJ,7601,1/1/2026,1/31/2026,0.3255,27135.93,490.25,3387.7,6469.36,2,2,2,0,0,3,2,1,0.7102,0.9204,0.2204,0.974201006,1,Withdrawn,0.5,0.3333
120291,Sterling Insurance Co.,Workers Comp,NJ,7601,10/1/2025,10/31/2025,0.38,55905.4,1324.05,6786.21,5487.84,2,1,4,0,0,3,2,1,0.6908,0.9017,0.1988,0.974201006,1,Declined,0.5,0.3333
120291,Sterling Insurance Co.,Workers Comp,NJ,7601,11/1/2025,11/30/2025,0.4301,35871.19,2032.44,4140.73,1298.9,3,1,0,1,0,3,2,1,0.6695,0.9037,0.2051,0.974201006,1,Withdrawn,0.5,0.3333
120291,Sterling Insurance Co.,Workers Comp,NJ,7601,12/1/2025,12/31/2025,0.3951,41135.16,838.21,5095.58,7416.25,3,0,1,1,0,5,4,2,0.6323,0.8655,0.2515,0.974201006,1,,0.5,0.4
120291,Sterling Insurance Co.,Workers Comp,NJ,7601,2/1/2026,2/28/2026,0.3717,29701.78,8226.47,3463.36,1293.41,4,2,3,0,0,3,2,1,0.6115,0.923,0.2629,0.974201006,1,,0.5,0.3333
120291,Sterling Insurance Co.,Workers Comp,NJ,7601,3/1/2026,3/31/2026,0.3891,53285.7,6674.23,7140.07,2005.49,0,0,0,2,0,3,2,1,0.7032,0.9091,0.2197,0.974201006,1,Declined,0.5,0.3333
120291,Sterling Insurance Co.,Workers Comp,NJ,7601,4/1/2025,4/30/2025,0.407,51193.62,2368.82,5544.58,1608.7,2,0,2,1,0,4,3,1,0.6469,0.9087,0.2179,0.974201006,1,,0.3333,0.25
120291,Sterling Insurance Co.,Workers Comp,NJ,7601,5/1/2025,5/31/2025,0.4718,29991.11,2869.28,3614.97,2125.47,1,2,0,0,0,6,5,4,0.6389,0.8876,0.1716,0.974201006,1,Declined,0.8,0.6667
120291,Sterling Insurance Co.,Workers Comp,NJ,7601,6/1/2025,6/30/2025,0.4064,45956.17,1546.26,5313.08,4108.31,0,1,1,0,0,3,2,1,0.631,0.874,0.2293,0.974201006,1,,0.5,0.3333
120291,Sterling Insurance Co.,Workers Comp,NJ,7601,7/1/2025,7/31/2025,0.3714,55164.23,4702.23,6220.72,3707.62,0,2,3,0,0,15,6,2,0.6509,0.922,0.2068,0.974201006,9,,0.3333,0.1333
120291,Sterling Insurance Co.,Workers Comp,NJ,7601,8/1/2025,8/31/2025,0.4241,20761.8,1347.41,2261.15,2229.54,0,1,2,0,0,4,3,2,0.7107,0.9227,0.2109,0.974201006,1,,0.6667,0.5
120291,Sterling Insurance Co.,Workers Comp,NJ,7601,9/1/2025,9/30/2025,0.3116,23009.01,2591.86,3036.07,5364.63,2,0,1,0,0,11,9,4,0.6286,0.9306,0.1845,0.974201006,2,,0.4444,0.3636
120292,Prestige Risk Advisors,Commercial Auto,PA,19103,1/1/2026,1/31/2026,0.8049,9419.43,2308.09,735.99,441.23,1,0,1,0,0,3,2,1,0.3081,0.5745,0.3918,0.869001341,1,,0.5,0.3333
120292,Prestige Risk Advisors,Commercial Auto,PA,19103,10/1/2025,10/31/2025,0.8679,1680.43,501.17,164.01,958.65,1,1,1,1,0,3,2,1,0.2521,0.4978,0.4183,0.869001341,1,Withdrawn,0.5,0.3333
120292,Prestige Risk Advisors,Commercial Auto,PA,19103,11/1/2025,11/30/2025,0.8884,3702.25,3210.54,334.44,423.2,1,0,1,0,0,3,2,1,0.2545,0.5787,0.4077,0.869001341,1,,0.5,0.3333
120292,Prestige Risk Advisors,Commercial Auto,PA,19103,12/1/2025,12/31/2025,0.8635,3856.42,1189.19,356.68,891.68,0,1,1,0,0,4,2,1,0.3156,0.6141,0.421,0.869001341,2,Withdrawn,0.5,0.25
120292,Prestige Risk Advisors,Commercial Auto,PA,19103,2/1/2026,2/28/2026,0.801,9829.12,4470.01,891.8,2021.97,1,0,1,0,0,3,2,1,0.289,0.612,0.3536,0.869001341,1,Withdrawn,0.5,0.3333
120292,Prestige Risk Advisors,Commercial Auto,PA,19103,3/1/2026,3/31/2026,0.8369,8497.04,2503.06,670.95,640.95,1,1,1,0,0,5,4,2,0.281,0.5261,0.4169,0.869001341,1,,0.5,0.4
120292,Prestige Risk Advisors,Commercial Auto,PA,19103,4/1/2025,4/30/2025,0.7579,9460.0,7655.33,822.26,2160.76,1,1,0,0,0,3,2,1,0.2836,0.5314,0.3565,0.869001341,1,Withdrawn,0.5,0.3333
120292,Prestige Risk Advisors,Commercial Auto,PA,19103,5/1/2025,5/31/2025,0.7527,7939.43,2197.95,719.17,136.93,0,0,0,1,0,3,2,1,0.2358,0.6796,0.444,0.869001341,1,,0.5,0.3333
120292,Prestige Risk Advisors,Commercial Auto,PA,19103,6/1/2025,6/30/2025,0.8167,4529.07,3117.22,355.1,2902.79,1,0,1,1,0,3,2,1,0.3116,0.5063,0.4045,0.869001341,1,,0.5,0.3333
120292,Prestige Risk Advisors,Commercial Auto,PA,19103,7/1/2025,7/31/2025,0.7771,10975.29,6555.5,1121.09,1110.59,0,0,1,0,0,5,3,2,0.3514,0.4645,0.3972,0.869001341,2,,0.6667,0.4
120292,Prestige Risk Advisors,Commercial Auto,PA,19103,8/1/2025,8/31/2025,0.8412,7674.69,3696.71,607.91,1025.7,0,0,1,0,0,7,3,1,0.3107,0.6141,0.4372,0.869001341,4,Withdrawn,0.3333,0.1429
120292,Prestige Risk Advisors,Commercial Auto,PA,19103,9/1/2025,9/30/2025,0.8235,4872.58,3605.81,376.75,1231.38,2,1,0,1,0,3,2,1,0.3564,0.5675,0.4355,0.869001341,1,,0.5,0.3333
120293,Crossroads & Associates,Business Owners Policy,PA,15222,1/1/2026,1/31/2026,0.5741,23570.83,0.0,2246.33,1428.01,0,0,1,0,0,3,2,1,0.5471,0.813,0.2854,0.937961713,1,,0.5,0.3333
120293,Crossroads & Associates,Business Owners Policy,PA,15222,10/1/2025,10/31/2025,0.5688,22419.96,0.0,2673.37,1572.38,1,0,0,0,0,3,2,1,0.5318,0.8357,0.296,0.937961713,1,Withdrawn,0.5,0.3333
120293,Crossroads & Associates,Business Owners Policy,PA,15222,11/1/2025,11/30/2025,0.5858,33561.32,0.0,3579.51,4579.26,0,1,1,0,0,3,2,1,0.5392,0.8806,0.281,0.937961713,1,,0.5,0.3333
120293,Crossroads & Associates,Business Owners Policy,PA,15222,12/1/2025,12/31/2025,0.5509,37448.78,0.0,3939.25,3197.73,1,1,1,1,0,4,2,1,0.5497,0.7864,0.2584,0.937961713,2,Withdrawn,0.5,0.25
120293,Crossroads & Associates,Business Owners Policy,PA,15222,2/1/2026,2/28/2026,0.4845,40293.25,0.0,3866.71,645.57,0,1,1,0,0,3,2,1,0.5885,0.8665,0.284,0.937961713,1,,0.5,0.3333
120293,Crossroads & Associates,Business Owners Policy,PA,15222,3/1/2026,3/31/2026,0.5163,17350.73,0.0,1827.57,821.49,1,0,1,0,0,6,3,2,0.5962,0.8123,0.2369,0.937961713,3,Withdrawn,0.6667,0.3333
120293,Crossroads & Associates,Business Owners Policy,PA,15222,4/1/2025,4/30/2025,0.4245,19083.94,0.0,2298.36,7436.69,1,0,1,0,0,3,2,1,0.575,0.8574,0.3211,0.937961713,1,,0.5,0.3333
120293,Crossroads & Associates,Business Owners Policy,PA,15222,5/1/2025,5/31/2025,0.4551,28135.7,0.0,3187.45,1535.04,2,1,0,0,0,9,8,3,0.6609,0.8114,0.2682,0.937961713,1,Withdrawn,0.375,0.3333
120293,Crossroads & Associates,Business Owners Policy,PA,15222,6/1/2025,6/30/2025,0.5364,32083.52,0.0,3297.68,3748.85,1,0,1,0,0,5,2,1,0.5293,0.7747,0.2833,0.937961713,3,Declined,0.5,0.2
120293,Crossroads & Associates,Business Owners Policy,PA,15222,7/1/2025,7/31/2025,0.5713,22506.38,0.0,2504.07,720.59,0,0,1,0,0,3,2,1,0.5346,0.8082,0.2728,0.937961713,1,Withdrawn,0.5,0.3333
120293,Crossroads & Associates,Business Owners Policy,PA,15222,8/1/2025,8/31/2025,0.5455,24396.84,0.0,2894.8,429.68,1,1,0,0,0,3,2,1,0.526,0.8029,0.2905,0.937961713,1,Withdrawn,0.5,0.3333
120293,Crossroads & Associates,Business Owners Policy,PA,15222,9/1/2025,9/30/2025,0.5213,19730.41,0.0,2151.76,3086.1,1,0,1,1,0,3,2,1,0.619,0.8616,0.3611,0.937961713,1,Declined,0.5,0.3333
120294,Bridgepoint & Associates,Workers Comp,PA,17101,1/1/2026,1/31/2026,0.3085,21590.79,707.45,2269.24,1296.58,1,0,0,0,0,3,2,1,0.7007,0.9059,0.184,0.867741013,1,,0.5,0.3333
120294,Bridgepoint & Associates,Workers Comp,PA,17101,10/1/2025,10/31/2025,0.3303,64858.3,2504.28,8441.36,281.38,1,1,0,1,0,3,2,1,0.6401,0.9,0.1951,0.867741013,1,,0.5,0.3333
120294,Bridgepoint & Associates,Workers Comp,PA,17101,11/1/2025,11/30/2025,0.326,60125.15,3130.71,7733.66,428.76,0,0,1,0,0,3,2,1,0.7008,0.9422,0.2283,0.867741013,1,,0.5,0.3333
120294,Bridgepoint & Associates,Workers Comp,PA,17101,12/1/2025,12/31/2025,0.4806,25307.9,1272.42,2802.17,2173.81,0,1,2,0,0,8,7,5,0.7059,0.91,0.21,0.867741013,1,,0.7143,0.625
120294,Bridgepoint & Associates,Workers Comp,PA,17101,2/1/2026,2/28/2026,0.3757,48581.13,575.83,5215.46,1949.1,1,0,0,1,0,5,3,2,0.7085,0.9334,0.2473,0.867741013,2,,0.6667,0.4
120294,Bridgepoint & Associates,Workers Comp,PA,17101,3/1/2026,3/31/2026,0.4105,47245.77,566.75,5242.29,152.23,1,0,1,0,0,3,2,1,0.716,0.9305,0.2203,0.867741013,1,Withdrawn,0.5,0.3333
120294,Bridgepoint & Associates,Workers Comp,PA,17101,4/1/2025,4/30/2025,0.3849,36002.69,490.65,4463.4,530.05,0,1,1,0,0,5,3,2,0.76,0.9033,0.1616,0.867741013,2,Withdrawn,0.6667,0.4
120294,Bridgepoint & Associates,Workers Comp,PA,17101,5/1/2025,5/31/2025,0.5069,53136.96,826.44,6275.26,1362.11,0,0,0,0,0,3,2,1,0.7299,0.9188,0.1968,0.867741013,1,Withdrawn,0.5,0.3333
120294,Bridgepoint & Associates,Workers Comp,PA,17101,6/1/2025,6/30/2025,0.3431,67816.62,1142.99,8801.72,3674.5,2,0,0,0,0,3,2,1,0.6201,0.8825,0.2418,0.867741013,1,,0.5,0.3333
120294,Bridgepoint & Associates,Workers Comp,PA,17101,7/1/2025,7/31/2025,0.3793,57625.96,420.17,6078.29,389.86,0,1,1,0,0,3,2,1,0.6316,0.8887,0.2586,0.867741013,1,Declined,0.5,0.3333
120294,Bridgepoint & Associates,Workers Comp,PA,17101,8/1/2025,8/31/2025,0.3987,48208.7,575.05,6388.8,791.04,1,1,0,0,0,3,2,1,0.6885,0.8998,0.2308,0.867741013,1,Withdrawn,0.5,0.3333
120294,Bridgepoint & Associates,Workers Comp,PA,17101,9/1/2025,9/30/2025,0.4572,46263.4,803.83,6003.26,724.71,0,0,1,0,0,3,2,1,0.6579,0.9247,0.1962,0.867741013,1,,0.5,0.3333
120295,Tri-State Insurance Services,Commercial Auto,PA,18501,1/1/2026,1/31/2026,0.685,14507.78,0.0,1654.88,887.67,1,0,1,0,0,4,2,1,0.4662,0.7327,0.3121,0.929192919,2,Declined,0.5,0.25
120295,Tri-State Insurance Services,Commercial Auto,PA,18501,10/1/2025,10/31/2025,0.6812,13823.06,0.0,1267.87,915.17,1,1,0,0,0,3,2,1,0.4258,0.7366,0.3046,0.929192919,1,Withdrawn,0.5,0.3333
120295,Tri-State Insurance Services,Commercial Auto,PA,18501,11/1/2025,11/30/2025,0.5565,20325.99,0.0,2062.51,2215.86,0,0,1,0,0,5,3,2,0.4381,0.7299,0.378,0.929192919,2,Declined,0.6667,0.4
120295,Tri-State Insurance Services,Commercial Auto,PA,18501,12/1/2025,12/31/2025,0.6121,14667.61,0.0,1603.53,2720.18,1,2,1,0,0,6,4,2,0.3602,0.6725,0.311,0.929192919,2,Declined,0.5,0.3333
120295,Tri-State Insurance Services,Commercial Auto,PA,18501,2/1/2026,2/28/2026,0.6435,10478.53,0.0,1184.76,1672.71,0,1,0,0,0,3,2,1,0.3904,0.6123,0.33,0.929192919,1,,0.5,0.3333
120295,Tri-State Insurance Services,Commercial Auto,PA,18501,3/1/2026,3/31/2026,0.739,11059.79,0.0,1237.05,1972.89,1,0,1,0,0,5,4,3,0.3377,0.6145,0.3229,0.929192919,1,,0.75,0.6
120295,Tri-State Insurance Services,Commercial Auto,PA,18501,4/1/2025,4/30/2025,0.7592,10319.01,0.0,1088.11,1420.1,1,0,0,0,0,7,5,4,0.388,0.7392,0.2859,0.929192919,2,,0.8,0.5714
120295,Tri-State Insurance Services,Commercial Auto,PA,18501,5/1/2025,5/31/2025,0.7694,23459.78,0.0,2051.7,3089.96,3,1,1,1,0,3,2,1,0.49,0.7806,0.3562,0.929192919,1,Declined,0.5,0.3333
120295,Tri-State Insurance Services,Commercial Auto,PA,18501,6/1/2025,6/30/2025,0.6748,18389.55,0.0,1628.38,3374.65,1,1,1,0,0,3,2,1,0.4106,0.7542,0.4009,0.929192919,1,Withdrawn,0.5,0.3333
120295,Tri-State Insurance Services,Commercial Auto,PA,18501,7/1/2025,7/31/2025,0.6137,11651.82,0.0,1339.11,599.5,0,1,0,0,0,3,2,1,0.4593,0.7116,0.3458,0.929192919,1,,0.5,0.3333
120295,Tri-State Insurance Services,Commercial Auto,PA,18501,8/1/2025,8/31/2025,0.5818,13085.16,0.0,1237.54,1504.7,0,0,1,0,0,3,2,1,0.4429,0.7463,0.3635,0.929192919,1,,0.5,0.3333
120295,Tri-State Insurance Services,Commercial Auto,PA,18501,9/1/2025,9/30/2025,0.6114,9563.29,0.0,986.03,1722.24,0,0,2,0,0,3,2,1,0.3289,0.6929,0.3614,0.929192919,1,Declined,0.5,0.3333
120296,Premier Insurance Services,Business Owners Policy,NY,10001,1/1/2026,1/31/2026,0.7784,6261.52,851.78,567.05,1086.77,1,1,0,0,0,3,2,1,0.3226,0.4434,0.3912,0.936402216,1,,0.5,0.3333
120296,Premier Insurance Services,Business Owners Policy,NY,10001,10/1/2025,10/31/2025,0.8132,2760.0,233.23,274.92,647.36,1,1,1,1,0,3,2,1,0.3213,0.5858,0.434,0.936402216,1,,0.5,0.3333
120296,Premier Insurance Services,Business Owners Policy,NY,10001,11/1/2025,11/30/2025,0.8614,4740.64,526.81,387.75,3510.97,0,0,1,0,0,3,2,1,0.3045,0.5659,0.4142,0.936402216,1,,0.5,0.3333
120296,Premier Insurance Services,Business Owners Policy,NY,10001,12/1/2025,12/31/2025,0.7859,10555.94,188.3,987.57,2714.97,1,0,1,0,0,3,2,1,0.2192,0.5409,0.4249,0.936402216,1,,0.5,0.3333
120296,Premier Insurance Services,Business Owners Policy,NY,10001,2/1/2026,2/28/2026,0.7348,5233.6,387.91,447.09,1259.6,1,1,1,1,0,4,3,1,0.1877,0.5767,0.3724,0.936402216,1,,0.3333,0.25
120296,Premier Insurance Services,Business Owners Policy,NY,10001,3/1/2026,3/31/2026,0.9044,3766.4,2247.08,372.04,6032.76,1,0,0,0,0,3,2,1,0.2701,0.5842,0.4322,0.936402216,1,Withdrawn,0.5,0.3333
120296,Premier Insurance Services,Business Owners Policy,NY,10001,4/1/2025,4/30/2025,0.8059,6112.22,2039.1,592.1,2669.73,1,0,0,0,0,5,2,1,0.2912,0.5034,0.3974,0.936402216,3,Withdrawn,0.5,0.2
120296,Premier Insurance Services,Business Owners Policy,NY,10001,5/1/2025,5/31/2025,0.7444,5125.93,382.18,430.95,2099.62,0,1,1,1,0,3,2,1,0.2573,0.6499,0.4301,0.936402216,1,Withdrawn,0.5,0.3333
120296,Premier Insurance Services,Business Owners Policy,NY,10001,6/1/2025,6/30/2025,0.7446,3730.59,511.91,319.54,2640.66,1,0,1,0,0,3,2,1,0.2798,0.6489,0.409,0.936402216,1,,0.5,0.3333
120296,Premier Insurance Services,Business Owners Policy,NY,10001,7/1/2025,7/31/2025,0.8591,14681.19,391.81,1298.77,869.08,1,1,2,0,0,3,2,1,0.2355,0.5807,0.5102,0.936402216,1,Withdrawn,0.5,0.3333
120296,Premier Insurance Services,Business Owners Policy,NY,10001,8/1/2025,8/31/2025,0.6491,11175.99,379.49,1035.25,1994.86,0,0,1,0,0,4,3,2,0.3042,0.6195,0.417,0.936402216,1,Declined,0.6667,0.5
120296,Premier Insurance Services,Business Owners Policy,NY,10001,9/1/2025,9/30/2025,0.8698,5759.15,1815.57,456.92,3134.84,1,0,0,0,0,7,4,2,0.2963,0.6628,0.4607,0.936402216,3,Withdrawn,0.5,0.2857
120297,Tri-State Risk Management,Workers Comp,NY,11201,1/1/2026,1/31/2026,0.5537,20543.31,0.0,2091.12,987.17,0,0,1,0,0,4,3,1,0.5335,0.8603,0.2775,0.976160528,1,Withdrawn,0.3333,0.25
120297,Tri-State Risk Management,Workers Comp,NY,11201,10/1/2025,10/31/2025,0.4978,21169.48,0.0,2659.48,721.85,1,2,0,0,0,3,2,1,0.442,0.8331,0.3155,0.976160528,1,Declined,0.5,0.3333
120297,Tri-State Risk Management,Workers Comp,NY,11201,11/1/2025,11/30/2025,0.5478,30170.18,0.0,3632.36,3391.81,1,0,0,0,0,8,7,6,0.5402,0.7943,0.2491,0.976160528,1,Withdrawn,0.8571,0.75
120297,Tri-State Risk Management,Workers Comp,NY,11201,12/1/2025,12/31/2025,0.6069,30175.95,0.0,2912.82,618.78,1,0,0,0,0,3,2,1,0.5776,0.836,0.354,0.976160528,1,,0.5,0.3333
120297,Tri-State Risk Management,Workers Comp,NY,11201,2/1/2026,2/28/2026,0.6235,17270.32,0.0,2147.02,2456.25,0,0,1,1,0,6,4,3,0.5759,0.7855,0.2503,0.976160528,2,,0.75,0.5
120297,Tri-State Risk Management,Workers Comp,NY,11201,3/1/2026,3/31/2026,0.5326,29794.23,0.0,3118.82,621.96,1,0,1,0,0,3,2,1,0.5131,0.8045,0.289,0.976160528,1,,0.5,0.3333
120297,Tri-State Risk Management,Workers Comp,NY,11201,4/1/2025,4/30/2025,0.5692,27776.13,0.0,2833.74,2996.83,1,1,1,0,0,3,2,1,0.5496,0.8148,0.2478,0.976160528,1,Declined,0.5,0.3333
120297,Tri-State Risk Management,Workers Comp,NY,11201,5/1/2025,5/31/2025,0.5553,25964.9,0.0,2977.71,920.61,1,0,1,0,0,5,4,3,0.6,0.8064,0.2633,0.976160528,1,Withdrawn,0.75,0.6
120297,Tri-State Risk Management,Workers Comp,NY,11201,6/1/2025,6/30/2025,0.5978,33111.38,0.0,3638.39,549.88,0,2,2,0,0,3,2,1,0.5872,0.7957,0.2721,0.976160528,1,,0.5,0.3333
120297,Tri-State Risk Management,Workers Comp,NY,11201,7/1/2025,7/31/2025,0.563,16320.35,0.0,1674.36,1136.88,1,1,0,1,0,3,2,1,0.5772,0.8292,0.2608,0.976160528,1,,0.5,0.3333
120297,Tri-State Risk Management,Workers Comp,NY,11201,8/1/2025,8/31/2025,0.5437,9295.93,0.0,892.68,1938.4,1,0,2,0,0,4,3,1,0.5305,0.8753,0.2953,0.976160528,1,Withdrawn,0.3333,0.25
120297,Tri-State Risk Management,Workers Comp,NY,11201,9/1/2025,9/30/2025,0.5789,40210.46,0.0,3929.16,1872.84,1,0,0,0,0,3,2,1,0.5013,0.828,0.3104,0.976160528,1,,0.5,0.3333
120298,Keystone Insurance Services,Commercial Auto,NY,10301,1/1/2026,1/31/2026,0.8034,6590.77,1159.13,627.4,2510.63,1,1,1,1,0,4,3,2,0.2888,0.7127,0.3184,0.924101251,1,,0.6667,0.5
120298,Keystone Insurance Services,Commercial Auto,NY,10301,10/1/2025,10/31/2025,0.711,17444.56,678.93,1833.15,2145.3,0,1,1,0,0,4,2,1,0.3405,0.7125,0.3339,0.924101251,2,,0.5,0.25
120298,Keystone Insurance Services,Commercial Auto,NY,10301,11/1/2025,11/30/2025,0.7301,12741.1,399.01,1093.44,1018.28,1,1,1,0,0,4,2,1,0.4234,0.7189,0.3204,0.924101251,2,,0.5,0.25
120298,Keystone Insurance Services,Commercial Auto,NY,10301,12/1/2025,12/31/2025,0.7334,14838.62,1357.46,1664.82,1194.61,0,1,3,0,0,4,3,2,0.4608,0.7763,0.3729,0.924101251,1,Withdrawn,0.6667,0.5
120298,Keystone Insurance Services,Commercial Auto,NY,10301,2/1/2026,2/28/2026,0.6755,17853.92,343.41,1784.85,3161.5,2,0,1,1,0,3,2,1,0.3904,0.7084,0.3083,0.924101251,1,Declined,0.5,0.3333
120298,Keystone Insurance Services,Commercial Auto,NY,10301,3/1/2026,3/31/2026,0.7471,9862.46,709.11,1055.36,2105.55,4,0,0,1,0,3,2,1,0.4767,0.6782,0.333,0.924101251,1,Declined,0.5,0.3333
120298,Keystone Insurance Services,Commercial Auto,NY,10301,4/1/2025,4/30/2025,0.6854,13215.28,1448.74,1437.23,952.2,0,2,1,0,0,3,2,1,0.4864,0.5914,0.363,0.924101251,1,,0.5,0.3333
120298,Keystone Insurance Services,Commercial Auto,NY,10301,5/1/2025,5/31/2025,0.7099,11880.0,1066.96,1142.38,4145.89,2,0,2,0,0,3,2,1,0.4286,0.7078,0.3284,0.924101251,1,Declined,0.5,0.3333
120298,Keystone Insurance Services,Commercial Auto,NY,10301,6/1/2025,6/30/2025,0.7277,18652.55,887.35,1840.69,795.03,0,0,0,0,0,3,2,1,0.3546,0.6968,0.3587,0.924101251,1,Declined,0.5,0.3333
120298,Keystone Insurance Services,Commercial Auto,NY,10301,7/1/2025,7/31/2025,0.7218,709.99,1007.7,75.27,2321.01,1,1,2,1,0,3,2,1,0.4215,0.7348,0.3571,0.924101251,1,Withdrawn,0.5,0.3333
120298,Keystone Insurance Services,Commercial Auto,NY,10301,8/1/2025,8/31/2025,0.6473,12703.62,237.63,1360.48,3695.5,1,1,1,0,0,4,2,1,0.45,0.6998,0.3643,0.924101251,2,,0.5,0.25
120298,Keystone Insurance Services,Commercial Auto,NY,10301,9/1/2025,9/30/2025,0.8095,8520.04,878.95,933.85,1311.21,2,1,1,0,0,3,2,1,0.4723,0.6812,0.3255,0.924101251,1,,0.5,0.3333
120299,Alliance Risk Management,Business Owners Policy,NY,14201,1/1/2026,1/31/2026,0.3735,12716.69,0.0,1717.63,3595.72,1,0,1,0,0,3,2,1,0.7265,0.928,0.2142,0.959667435,1,Declined,0.5,0.3333
120299,Alliance Risk Management,Business Owners Policy,NY,14201,10/1/2025,10/31/2025,0.3637,44446.69,0.0,5713.39,3023.34,2,0,1,0,0,6,5,4,0.7064,0.9064,0.2267,0.959667435,1,Declined,0.8,0.6667
120299,Alliance Risk Management,Business Owners Policy,NY,14201,11/1/2025,11/30/2025,0.3153,75163.72,0.0,7880.0,5063.44,2,0,1,1,0,3,2,1,0.6063,0.928,0.2178,0.959667435,1,Declined,0.5,0.3333
120299,Alliance Risk Management,Business Owners Policy,NY,14201,12/1/2025,12/31/2025,0.4515,48307.96,0.0,5306.64,3471.71,1,1,2,2,0,18,5,3,0.7401,0.9101,0.2653,0.959667435,13,Withdrawn,0.6,0.1667
120299,Alliance Risk Management,Business Owners Policy,NY,14201,2/1/2026,2/28/2026,0.3025,35961.21,0.0,4484.04,1420.44,0,0,0,0,0,3,2,1,0.7146,0.9175,0.1976,0.959667435,1,,0.5,0.3333
120299,Alliance Risk Management,Business Owners Policy,NY,14201,3/1/2026,3/31/2026,0.3536,49672.51,0.0,5076.74,2951.37,1,1,2,0,0,3,2,1,0.6868,0.9134,0.2237,0.959667435,1,Withdrawn,0.5,0.3333
120299,Alliance Risk Management,Business Owners Policy,NY,14201,4/1/2025,4/30/2025,0.3925,41249.2,0.0,5444.56,1890.11,1,1,0,0,0,3,2,1,0.679,0.9602,0.15,0.959667435,1,,0.5,0.3333
120299,Alliance Risk Management,Business Owners Policy,NY,14201,5/1/2025,5/31/2025,0.3487,59301.01,0.0,7059.6,3417.56,1,0,2,0,0,3,2,1,0.7245,0.926,0.1934,0.959667435,1,Withdrawn,0.5,0.3333
120299,Alliance Risk Management,Business Owners Policy,NY,14201,6/1/2025,6/30/2025,0.3935,57372.22,0.0,7683.73,1185.93,2,1,2,0,0,3,2,1,0.7053,0.8912,0.2048,0.959667435,1,Withdrawn,0.5,0.3333
120299,Alliance Risk Management,Business Owners Policy,NY,14201,7/1/2025,7/31/2025,0.4325,66746.77,0.0,7949.63,3010.81,4,1,2,2,0,4,2,1,0.6333,0.8881,0.2196,0.959667435,2,Withdrawn,0.5,0.25
120299,Alliance Risk Management,Business Owners Policy,NY,14201,8/1/2025,8/31/2025,0.3978,41835.61,0.0,5445.07,1899.44,0,1,2,1,0,4,3,2,0.6796,0.8882,0.234,0.959667435,1,Withdrawn,0.6667,0.5
120299,Alliance Risk Management,Business Owners Policy,NY,14201,9/1/2025,9/30/2025,0.3863,51249.52,0.0,6444.35,2502.83,1,1,1,1,0,3,2,1,0.5959,0.9053,0.1862,0.959667435,1,,0.5,0.3333
